Date,Open,High,Low,Close,Volume
2008-12-26 00:00:00+05:30,16.83,17.44,16.83,16.98,4465
2008-12-29 00:00:00+05:30,16.94,17.32,16.83,16.87,6108
2008-12-30 00:00:00+05:30,16.98,17.52,16.98,17.48,1618
2008-12-31 00:00:00+05:30,16.98,17.52,16.98,17.36,1307
2009-01-01 00:00:00+05:30,16.83,17.44,16.83,17.21,3140
2009-01-02 00:00:00+05:30,17.29,17.75,17.1,17.29,4523
2009-01-05 00:00:00+05:30,17.59,17.59,16.9,17.29,5120
2009-01-06 00:00:00+05:30,17.36,18.05,17.36,17.55,3667
2009-01-07 00:00:00+05:30,17.06,17.9,16.83,16.9,9035
2009-01-09 00:00:00+05:30,16.83,17.06,15.57,15.99,14084
2009-01-12 00:00:00+05:30,16.06,16.6,15.3,15.3,4947
2009-01-13 00:00:00+05:30,15.3,15.68,15.14,15.3,14804
2009-01-14 00:00:00+05:30,15.68,15.68,15.3,15.68,3882
2009-01-15 00:00:00+05:30,15.3,16.41,15.3,15.3,7357
2009-01-16 00:00:00+05:30,15.3,16.45,15.3,16.33,10675
2009-01-19 00:00:00+05:30,16.06,16.41,16.06,16.06,5173
2009-01-20 00:00:00+05:30,16.1,16.37,16.06,16.06,1426
2009-01-21 00:00:00+05:30,16.06,16.45,16.06,16.25,4476
2009-01-22 00:00:00+05:30,16.1,16.56,16.06,16.33,8989
2009-01-23 00:00:00+05:30,16.25,16.25,16.06,16.14,3260
2009-01-27 00:00:00+05:30,16.06,16.25,16.06,16.06,1558
2009-01-28 00:00:00+05:30,16.1,16.45,16.06,16.41,3034
2009-01-29 00:00:00+05:30,16.14,16.71,16.06,16.06,4439
2009-01-30 00:00:00+05:30,16.06,16.22,16.06,16.06,11874
2009-02-02 00:00:00+05:30,15.45,16.02,14.72,15.03,7280
2009-02-03 00:00:00+05:30,14.92,14.92,14.3,14.46,4431
2009-02-04 00:00:00+05:30,14.23,14.92,14.0,14.19,704
2009-02-05 00:00:00+05:30,14.15,14.49,13.92,14.11,2073
2009-02-06 00:00:00+05:30,13.96,14.57,13.84,14.0,3001
2009-02-09 00:00:00+05:30,14.8,14.8,13.77,14.0,3162
2009-02-10 00:00:00+05:30,13.92,14.69,13.84,14.53,5555
2009-02-11 00:00:00+05:30,14.15,14.53,13.84,14.49,3740
2009-02-12 00:00:00+05:30,14.72,14.72,13.92,14.53,632
2009-02-13 00:00:00+05:30,14.57,14.72,13.88,14.07,6076
2009-02-16 00:00:00+05:30,14.15,14.46,14.15,14.46,754
2009-02-17 00:00:00+05:30,14.15,14.38,13.62,13.81,1547
2009-02-18 00:00:00+05:30,14.23,14.23,13.16,13.58,1606
2009-02-19 00:00:00+05:30,13.12,13.92,13.0,13.77,2996
2009-02-20 00:00:00+05:30,13.46,13.77,13.46,13.73,3254
2009-02-24 00:00:00+05:30,13.04,13.69,12.62,12.85,2006
2009-02-25 00:00:00+05:30,12.62,13.58,12.62,12.74,4988
2009-02-26 00:00:00+05:30,12.62,13.19,12.62,12.74,1882
2009-02-27 00:00:00+05:30,12.81,13.0,11.63,12.2,4229
2009-03-02 00:00:00+05:30,11.7,12.24,10.17,11.4,10294
2009-03-03 00:00:00+05:30,9.56,11.59,9.56,10.82,5953
2009-03-04 00:00:00+05:30,10.02,10.94,9.75,10.67,4297
2009-03-05 00:00:00+05:30,11.01,11.01,10.71,10.82,4733
2009-03-06 00:00:00+05:30,9.29,10.9,9.29,10.4,1261
2009-03-09 00:00:00+05:30,9.94,11.32,9.29,9.68,5747
2009-03-12 00:00:00+05:30,10.33,10.94,10.33,10.44,4292
2009-03-13 00:00:00+05:30,11.7,11.86,10.33,10.36,4901
2009-03-16 00:00:00+05:30,10.9,10.9,10.36,10.48,2399
2009-03-17 00:00:00+05:30,10.44,11.05,10.44,11.01,2366
2009-03-18 00:00:00+05:30,10.71,11.74,10.71,11.55,6641
2009-03-19 00:00:00+05:30,11.09,12.16,11.09,11.66,3324
2009-03-20 00:00:00+05:30,10.94,12.01,10.94,11.21,1364
2009-03-23 00:00:00+05:30,12.31,12.31,11.21,11.24,28041
2009-03-24 00:00:00+05:30,11.78,11.78,10.59,10.75,8087
2009-03-25 00:00:00+05:30,10.98,11.4,10.4,10.71,8309
2009-03-26 00:00:00+05:30,10.82,11.28,10.71,10.9,9840
2009-03-27 00:00:00+05:30,11.44,11.63,10.79,11.4,10363
2009-03-30 00:00:00+05:30,10.75,11.74,10.48,11.13,11774
2009-03-31 00:00:00+05:30,10.75,11.13,10.02,10.36,10838
2009-04-01 00:00:00+05:30,11.09,11.21,10.63,11.05,5468
2009-04-02 00:00:00+05:30,11.09,11.74,11.09,11.36,5364
2009-04-06 00:00:00+05:30,13.42,13.65,11.66,13.42,15672
2009-04-08 00:00:00+05:30,13.39,14.88,13.31,14.69,12259
2009-04-09 00:00:00+05:30,14.99,17.17,14.76,15.22,11715
2009-04-13 00:00:00+05:30,15.3,15.68,14.8,15.07,6912
2009-04-15 00:00:00+05:30,14.92,15.8,14.92,15.14,5887
2009-04-16 00:00:00+05:30,16.52,16.52,14.61,15.03,5860
2009-04-17 00:00:00+05:30,16.29,16.29,13.84,14.0,6598
2009-04-20 00:00:00+05:30,14.15,15.22,12.62,13.96,16610
2009-04-21 00:00:00+05:30,13.12,15.3,13.08,15.14,24552
2009-04-22 00:00:00+05:30,15.3,15.3,14.53,15.11,12545
2009-04-23 00:00:00+05:30,14.53,15.3,14.46,15.22,16967
2009-04-24 00:00:00+05:30,14.95,15.68,14.49,14.61,17075
2009-04-27 00:00:00+05:30,14.92,15.07,14.19,14.34,12264
2009-04-28 00:00:00+05:30,14.92,14.92,13.81,14.0,3808
2009-04-29 00:00:00+05:30,14.15,14.15,13.23,13.88,2707
2009-05-04 00:00:00+05:30,14.46,14.57,13.23,14.23,8088
2009-05-05 00:00:00+05:30,13.69,14.65,13.65,14.57,3127
2009-05-06 00:00:00+05:30,13.96,14.88,13.84,14.34,6831
2009-05-07 00:00:00+05:30,14.34,14.61,13.92,14.38,19624
2009-05-08 00:00:00+05:30,14.88,15.11,14.27,14.69,11968
2009-05-11 00:00:00+05:30,14.69,17.59,14.15,17.4,118512
2009-05-12 00:00:00+05:30,16.52,17.78,15.68,16.22,57917
2009-05-13 00:00:00+05:30,15.76,16.37,15.3,15.57,60540
2009-05-14 00:00:00+05:30,15.11,15.68,15.11,15.57,9554
2009-05-15 00:00:00+05:30,15.14,16.64,15.14,15.6,14337
2009-05-19 00:00:00+05:30,18.63,18.66,12.62,16.98,118710
2009-05-20 00:00:00+05:30,17.71,20.19,17.02,19.62,96723
2009-05-21 00:00:00+05:30,20.35,22.11,20.27,21.84,78766
2009-05-22 00:00:00+05:30,22.18,22.87,20.84,21.91,109626
2009-05-25 00:00:00+05:30,22.18,24.09,22.18,23.9,120240
2009-05-26 00:00:00+05:30,25.85,26.01,21.65,22.64,32426
2009-05-27 00:00:00+05:30,22.18,23.71,21.8,22.33,58736
2009-05-28 00:00:00+05:30,22.56,23.48,22.03,22.18,16607
2009-05-29 00:00:00+05:30,23.71,23.71,22.45,23.25,51260
2009-06-01 00:00:00+05:30,22.95,24.44,22.95,23.67,24324
2009-06-02 00:00:00+05:30,22.95,24.02,22.49,23.41,25500
2009-06-03 00:00:00+05:30,21.42,24.4,21.42,22.79,33696
2009-06-04 00:00:00+05:30,22.91,22.95,22.11,22.56,12788
2009-06-05 00:00:00+05:30,22.3,23.14,22.3,22.91,47128
2009-06-08 00:00:00+05:30,22.95,23.1,21.11,21.46,10398
2009-06-09 00:00:00+05:30,20.23,21.72,19.35,20.31,28413
2009-06-10 00:00:00+05:30,21.26,22.18,20.77,21.49,47851
2009-06-11 00:00:00+05:30,21.8,22.18,20.46,21.07,24892
2009-06-12 00:00:00+05:30,20.54,21.72,20.04,20.23,5747
2009-06-15 00:00:00+05:30,20.04,21.26,19.5,20.73,44117
2009-06-16 00:00:00+05:30,19.96,21.8,19.96,21.8,2685
2009-06-17 00:00:00+05:30,22.91,22.91,21.65,22.11,43870
2009-06-18 00:00:00+05:30,22.95,23.21,21.42,21.84,26716
2009-06-19 00:00:00+05:30,21.8,22.26,20.84,21.07,2860
2009-06-22 00:00:00+05:30,21.19,22.14,21.15,21.95,10749
2009-06-23 00:00:00+05:30,21.19,22.87,20.88,22.14,26401
2009-06-24 00:00:00+05:30,22.68,22.68,21.8,22.18,861
2009-06-25 00:00:00+05:30,21.84,22.49,21.26,21.61,4296
2009-06-26 00:00:00+05:30,21.26,22.49,21.26,21.72,2002
2009-06-29 00:00:00+05:30,22.18,22.18,20.92,21.26,10316
2009-06-30 00:00:00+05:30,21.42,22.14,20.31,20.46,2663
2009-07-01 00:00:00+05:30,21.3,21.3,20.5,20.65,2215
2009-07-02 00:00:00+05:30,21.19,21.19,20.38,20.88,2342
2009-07-03 00:00:00+05:30,20.23,21.42,20.23,20.69,29690
2009-07-06 00:00:00+05:30,20.31,20.65,20.31,20.46,43910
2009-07-07 00:00:00+05:30,19.96,21.3,19.47,21.3,6888
2009-07-08 00:00:00+05:30,20.27,20.88,20.27,20.27,19419
2009-07-09 00:00:00+05:30,20.27,20.27,19.28,19.81,3812
2009-07-10 00:00:00+05:30,19.73,19.85,18.82,19.5,8127
2009-07-13 00:00:00+05:30,19.43,19.43,18.55,18.78,11312
2009-07-14 00:00:00+05:30,18.74,18.89,18.13,18.89,3376
2009-07-15 00:00:00+05:30,18.51,19.39,18.4,18.93,6104
2009-07-16 00:00:00+05:30,18.36,19.62,18.36,18.89,5080
2009-07-17 00:00:00+05:30,18.74,19.12,18.4,18.93,3584
2009-07-20 00:00:00+05:30,19.81,19.89,19.05,19.89,4222
2009-07-21 00:00:00+05:30,20.84,20.84,19.35,20.04,10912
2009-07-22 00:00:00+05:30,20.69,21.07,20.69,21.07,9916
2009-07-23 00:00:00+05:30,20.81,21.42,20.77,20.77,9143
2009-07-24 00:00:00+05:30,21.34,21.72,20.81,20.92,1928
2009-07-27 00:00:00+05:30,21.03,21.42,20.84,21.15,3620
2009-07-28 00:00:00+05:30,21.19,21.42,20.31,20.69,5186
2009-07-29 00:00:00+05:30,20.08,21.42,20.08,21.42,4486
2009-07-30 00:00:00+05:30,20.58,21.26,20.35,20.46,2414
2009-07-31 00:00:00+05:30,20.12,20.65,20.08,20.65,13282
2009-08-03 00:00:00+05:30,20.65,20.96,20.27,20.35,8612
2009-08-04 00:00:00+05:30,20.96,21.26,20.65,20.84,2336
2009-08-05 00:00:00+05:30,21.23,21.23,19.89,20.46,4773
2009-08-06 00:00:00+05:30,20.88,21.23,19.93,20.92,4956
2009-08-07 00:00:00+05:30,21.3,21.3,20.42,20.42,1005
2009-08-10 00:00:00+05:30,19.54,20.38,19.54,20.38,4736
2009-08-11 00:00:00+05:30,20.65,21.03,19.93,20.58,3392
2009-08-12 00:00:00+05:30,20.31,20.81,19.73,20.08,4183
2009-08-13 00:00:00+05:30,20.04,21.11,20.04,21.11,6098
2009-08-14 00:00:00+05:30,20.5,21.03,20.27,20.65,4536
2009-08-17 00:00:00+05:30,20.31,21.65,20.27,20.88,1737
2009-08-18 00:00:00+05:30,20.81,21.76,20.81,21.57,27084
2009-08-19 00:00:00+05:30,21.26,22.56,21.26,22.56,5795
2009-08-20 00:00:00+05:30,23.18,23.71,21.88,23.71,46250
2009-08-21 00:00:00+05:30,24.9,24.9,23.06,24.9,74552
2009-08-24 00:00:00+05:30,26.01,26.16,26.01,26.16,92804
2009-08-25 00:00:00+05:30,26.01,26.69,26.01,26.69,13855
2009-08-26 00:00:00+05:30,27.92,28.03,27.34,28.03,30890
2009-08-27 00:00:00+05:30,29.07,29.45,27.69,27.92,45357
2009-08-28 00:00:00+05:30,28.61,28.84,27.92,27.92,22630
2009-08-31 00:00:00+05:30,27.34,27.8,26.58,26.89,82502
2009-09-01 00:00:00+05:30,26.77,28.26,26.01,27.5,24919
2009-09-02 00:00:00+05:30,27.15,28.68,26.77,27.08,18380
2009-09-03 00:00:00+05:30,27.54,27.54,26.04,26.12,7519
2009-09-04 00:00:00+05:30,25.7,26.39,24.94,25.93,23438
2009-09-07 00:00:00+05:30,26.69,27.23,26.04,26.39,5449
2009-09-08 00:00:00+05:30,26.77,27.08,25.62,26.24,9447
2009-09-09 00:00:00+05:30,26.01,26.39,24.97,25.28,5905
2009-09-10 00:00:00+05:30,25.24,26.27,24.09,24.78,13399
2009-09-11 00:00:00+05:30,24.55,24.97,23.67,24.59,73573
2009-09-14 00:00:00+05:30,25.2,25.55,24.25,24.86,2592
2009-09-15 00:00:00+05:30,25.36,25.51,24.48,25.13,17909
2009-09-16 00:00:00+05:30,25.59,25.59,24.71,24.9,11431
2009-09-17 00:00:00+05:30,25.55,25.85,24.63,25.32,8024
2009-09-18 00:00:00+05:30,25.28,25.43,24.59,24.94,5267
2009-09-22 00:00:00+05:30,25.62,25.89,25.05,25.17,74857
2009-09-23 00:00:00+05:30,25.85,25.89,25.13,25.39,10342
2009-09-24 00:00:00+05:30,25.89,25.89,24.71,25.24,10486
2009-09-25 00:00:00+05:30,24.78,26.01,24.71,25.82,48274
2009-09-29 00:00:00+05:30,25.39,26.39,24.67,25.85,11055
2009-09-30 00:00:00+05:30,25.85,25.93,25.24,25.39,8797
2009-10-01 00:00:00+05:30,25.17,25.59,24.78,25.17,22924
2009-10-05 00:00:00+05:30,24.02,25.09,24.02,24.29,8777
2009-10-06 00:00:00+05:30,24.13,24.86,23.75,24.48,45756
2009-10-07 00:00:00+05:30,24.09,25.39,24.09,24.36,42003
2009-10-08 00:00:00+05:30,24.48,25.2,24.48,24.94,4184
2009-10-09 00:00:00+05:30,24.86,25.24,24.13,24.13,2229
2009-10-12 00:00:00+05:30,24.59,24.97,24.09,24.32,6370
2009-10-14 00:00:00+05:30,24.13,24.86,24.13,24.55,4913
2009-10-15 00:00:00+05:30,24.78,24.78,23.79,23.9,3960
2009-10-16 00:00:00+05:30,24.09,25.13,23.41,25.09,16049
2009-10-17 00:00:00+05:30,25.24,25.62,24.78,24.94,4455
2009-10-20 00:00:00+05:30,24.9,25.17,23.83,24.63,7642
2009-10-21 00:00:00+05:30,24.4,25.43,24.02,25.09,6334
2009-10-22 00:00:00+05:30,24.25,24.9,24.25,24.67,15844
2009-10-23 00:00:00+05:30,24.4,25.17,24.29,24.63,3418
2009-10-26 00:00:00+05:30,24.48,24.86,24.09,24.21,2944
2009-10-27 00:00:00+05:30,23.83,24.67,23.64,23.9,17176
2009-10-28 00:00:00+05:30,23.6,23.6,22.72,22.72,7087
2009-10-29 00:00:00+05:30,22.18,22.18,21.61,21.88,6952
2009-10-30 00:00:00+05:30,22.76,22.99,21.42,22.07,8582
2009-11-03 00:00:00+05:30,21.61,21.61,21.0,21.0,21924
2009-11-04 00:00:00+05:30,21.84,21.84,20.46,20.92,4090
2009-11-05 00:00:00+05:30,21.19,21.19,20.65,20.81,3187
2009-11-06 00:00:00+05:30,20.65,21.88,20.65,21.3,658
2009-11-09 00:00:00+05:30,21.42,22.53,21.42,22.53,1363
2009-11-10 00:00:00+05:30,22.68,23.33,21.57,22.14,13603
2009-11-11 00:00:00+05:30,22.18,22.95,21.61,22.91,6212
2009-11-12 00:00:00+05:30,22.18,23.02,21.8,21.88,4109
2009-11-13 00:00:00+05:30,21.07,22.45,21.03,22.07,12286
2009-11-16 00:00:00+05:30,21.53,22.18,21.23,21.38,15177
2009-11-17 00:00:00+05:30,21.34,21.65,21.3,21.53,3067
2009-11-18 00:00:00+05:30,21.53,22.68,21.23,22.53,3881
2009-11-19 00:00:00+05:30,22.95,23.29,21.42,21.76,5141
2009-11-20 00:00:00+05:30,21.07,22.6,21.07,22.03,7416
2009-11-23 00:00:00+05:30,21.42,22.11,21.42,21.57,3054
2009-11-24 00:00:00+05:30,20.73,22.18,20.73,21.99,5426
2009-11-25 00:00:00+05:30,22.18,22.18,21.26,21.38,5373
2009-11-26 00:00:00+05:30,21.46,22.18,21.42,21.42,941
2009-11-27 00:00:00+05:30,20.65,21.38,20.65,21.23,4516
2009-11-30 00:00:00+05:30,22.03,22.07,21.23,21.26,4004
2009-12-01 00:00:00+05:30,21.23,21.61,20.81,21.53,3380
2009-12-02 00:00:00+05:30,21.65,22.49,20.81,21.84,1808
2009-12-03 00:00:00+05:30,21.72,22.56,21.07,22.11,15789
2009-12-04 00:00:00+05:30,21.46,22.41,21.46,22.11,2274
2009-12-07 00:00:00+05:30,22.18,22.87,22.18,22.56,10126
2009-12-08 00:00:00+05:30,22.22,22.72,22.22,22.26,2222
2009-12-09 00:00:00+05:30,22.37,22.56,22.37,22.56,1337
2009-12-10 00:00:00+05:30,22.26,22.6,22.26,22.37,1272
2009-12-11 00:00:00+05:30,22.56,23.25,22.33,22.37,3856
2009-12-14 00:00:00+05:30,22.91,22.91,21.57,21.8,2249
2009-12-15 00:00:00+05:30,22.68,23.02,21.8,22.45,5391
2009-12-16 00:00:00+05:30,21.84,24.71,21.84,24.71,35787
2009-12-17 00:00:00+05:30,25.24,26.58,22.45,23.86,63730
2009-12-18 00:00:00+05:30,24.25,26.27,24.25,24.82,93755
2009-12-21 00:00:00+05:30,25.24,25.66,24.86,25.24,12304
2009-12-22 00:00:00+05:30,24.97,25.62,24.59,25.17,7339
2009-12-23 00:00:00+05:30,25.55,25.82,25.28,25.7,20584
2009-12-24 00:00:00+05:30,25.32,25.78,25.32,25.36,9274
2009-12-29 00:00:00+05:30,25.24,27.92,25.05,27.92,133219
2009-12-30 00:00:00+05:30,28.91,30.71,26.96,29.18,162121
2009-12-31 00:00:00+05:30,29.64,29.79,27.8,28.19,25765
2010-01-04 00:00:00+05:30,28.68,30.21,27.61,28.76,25331
2010-01-05 00:00:00+05:30,28.68,30.14,28.68,29.64,56718
2010-01-06 00:00:00+05:30,29.64,30.1,29.1,29.83,42030
2010-01-07 00:00:00+05:30,29.79,32.81,29.75,31.36,98417
2010-01-08 00:00:00+05:30,31.74,31.74,30.33,30.48,44161
2010-01-11 00:00:00+05:30,32.01,32.01,29.91,30.06,36199
2010-01-12 00:00:00+05:30,29.87,30.52,28.91,28.95,22025
2010-01-13 00:00:00+05:30,29.03,30.4,28.3,30.1,51260
2010-01-14 00:00:00+05:30,31.59,31.59,29.3,29.83,33367
2010-01-15 00:00:00+05:30,30.83,30.83,28.8,29.03,31575
2010-01-18 00:00:00+05:30,30.48,30.48,30.48,30.48,42909
2010-01-19 00:00:00+05:30,32.01,32.01,30.44,31.09,131784
2010-01-20 00:00:00+05:30,31.97,31.97,30.63,30.86,20882
2010-01-21 00:00:00+05:30,31.55,31.55,30.02,30.9,32391
2010-01-22 00:00:00+05:30,29.68,31.17,29.37,30.18,25236
2010-01-25 00:00:00+05:30,29.49,29.79,28.72,28.76,12379
2010-01-27 00:00:00+05:30,30.02,30.02,27.73,28.03,10876
2010-01-28 00:00:00+05:30,28.68,29.03,26.96,27.31,17331
2010-01-29 00:00:00+05:30,27.31,28.15,26.16,27.61,19436
2010-02-01 00:00:00+05:30,27.54,27.54,27.08,27.15,10532
2010-02-02 00:00:00+05:30,28.07,28.26,27.12,27.23,7510
2010-02-03 00:00:00+05:30,27.12,27.61,26.04,26.73,22748
2010-02-04 00:00:00+05:30,26.54,26.96,26.08,26.39,5501
2010-02-05 00:00:00+05:30,25.32,26.73,25.32,25.66,19031
2010-02-06 00:00:00+05:30,25.47,26.5,25.24,26.27,1822
2010-02-08 00:00:00+05:30,25.55,26.35,25.55,25.74,1707
2010-02-09 00:00:00+05:30,25.09,26.12,25.09,25.93,22152
2010-02-10 00:00:00+05:30,26.01,26.62,25.78,26.16,5402
2010-02-11 00:00:00+05:30,26.16,26.16,25.62,25.66,3994
2010-02-15 00:00:00+05:30,26.43,26.43,25.32,25.32,4377
2010-02-16 00:00:00+05:30,25.66,25.66,24.97,25.01,2908
2010-02-17 00:00:00+05:30,25.82,25.82,25.05,25.43,3686
2010-02-18 00:00:00+05:30,25.36,25.89,25.36,25.39,1978
2010-02-19 00:00:00+05:30,25.24,25.78,24.67,25.05,9315
2010-02-22 00:00:00+05:30,25.17,25.89,24.9,24.97,10396
2010-02-23 00:00:00+05:30,25.43,25.43,24.4,24.59,2831
2010-02-24 00:00:00+05:30,24.09,24.51,23.75,23.98,3256
2010-02-25 00:00:00+05:30,23.86,24.59,23.71,24.36,2761
2010-02-26 00:00:00+05:30,24.21,25.01,23.9,24.4,2729
2010-03-02 00:00:00+05:30,24.82,25.09,24.36,24.82,7029
2010-03-03 00:00:00+05:30,24.78,25.85,24.55,25.28,15229
2010-03-04 00:00:00+05:30,24.9,26.47,24.71,25.93,15119
2010-03-05 00:00:00+05:30,25.93,27.08,25.93,26.5,29359
2010-03-08 00:00:00+05:30,27.08,27.08,26.12,26.35,23431
2010-03-09 00:00:00+05:30,28.3,28.3,25.43,25.51,7857
2010-03-10 00:00:00+05:30,25.51,25.97,25.24,25.55,4144
2010-03-11 00:00:00+05:30,25.82,26.24,24.63,24.94,13285
2010-03-12 00:00:00+05:30,24.59,25.43,24.48,24.71,4093
2010-03-15 00:00:00+05:30,25.24,25.24,23.94,24.4,21196
2010-03-16 00:00:00+05:30,24.97,24.97,24.06,24.29,1947
2010-03-17 00:00:00+05:30,24.82,25.01,23.86,24.13,9885
2010-03-18 00:00:00+05:30,25.24,26.39,24.09,25.28,109052
2010-03-19 00:00:00+05:30,25.51,26.01,25.36,25.66,31294
2010-03-22 00:00:00+05:30,25.24,26.58,24.63,24.78,13596
2010-03-23 00:00:00+05:30,24.78,25.93,24.67,24.9,26360
2010-03-25 00:00:00+05:30,24.55,25.74,23.44,24.74,10652
2010-03-26 00:00:00+05:30,24.67,25.17,24.17,24.25,7404
2010-03-29 00:00:00+05:30,25.01,25.28,24.17,24.36,12906
2010-03-30 00:00:00+05:30,25.09,25.2,24.48,24.55,3421
2010-03-31 00:00:00+05:30,24.86,24.86,23.71,23.9,13456
2010-04-01 00:00:00+05:30,24.48,25.24,24.29,24.63,6087
2010-04-05 00:00:00+05:30,24.86,25.24,24.71,25.01,15632
2010-04-06 00:00:00+05:30,26.77,26.77,24.29,24.78,20466
2010-04-07 00:00:00+05:30,25.47,25.47,24.94,25.05,8241
2010-04-08 00:00:00+05:30,25.74,25.74,24.86,25.17,8297
2010-04-09 00:00:00+05:30,25.24,25.24,24.67,25.01,14375
2010-04-12 00:00:00+05:30,26.01,27.54,25.43,27.54,176643
2010-04-13 00:00:00+05:30,28.3,29.07,27.15,27.65,120766
2010-04-15 00:00:00+05:30,28.22,29.64,26.77,28.84,210882
2010-04-16 00:00:00+05:30,28.68,29.52,27.92,28.11,106168
2010-04-19 00:00:00+05:30,27.15,28.68,26.96,28.42,35136
2010-04-20 00:00:00+05:30,28.53,29.75,28.3,28.61,40916
2010-04-21 00:00:00+05:30,29.26,29.26,28.3,28.45,20120
2010-04-22 00:00:00+05:30,28.99,28.99,28.11,28.15,20890
2010-04-23 00:00:00+05:30,27.54,28.99,27.54,27.65,16790
2010-04-26 00:00:00+05:30,27.73,28.26,27.38,27.8,13345
2010-04-27 00:00:00+05:30,27.54,28.68,26.89,27.08,7266
2010-04-28 00:00:00+05:30,26.77,27.08,26.24,26.5,8480
2010-04-29 00:00:00+05:30,26.01,26.73,25.82,26.12,29166
2010-04-30 00:00:00+05:30,25.85,27.42,25.85,26.47,13358
2010-05-03 00:00:00+05:30,26.66,27.15,26.58,26.69,13137
2010-05-04 00:00:00+05:30,27.54,27.54,26.39,26.43,21593
2010-05-05 00:00:00+05:30,26.39,26.47,25.47,25.82,6383
2010-05-06 00:00:00+05:30,27.84,27.84,23.83,25.97,25947
2010-05-07 00:00:00+05:30,26.24,26.35,25.43,25.66,7389
2010-05-10 00:00:00+05:30,26.73,26.73,25.62,25.89,18833
2010-05-11 00:00:00+05:30,26.31,26.5,24.09,24.59,32796
2010-05-12 00:00:00+05:30,25.47,26.12,24.86,25.78,12396
2010-05-13 00:00:00+05:30,26.01,26.35,25.47,26.2,22327
2010-05-14 00:00:00+05:30,25.28,26.27,24.9,25.13,13146
2010-05-17 00:00:00+05:30,24.59,25.05,24.4,24.48,5135
2010-05-18 00:00:00+05:30,24.86,25.82,24.48,25.24,10184
2010-05-19 00:00:00+05:30,25.24,25.93,24.48,24.74,7367
2010-05-20 00:00:00+05:30,25.78,25.78,24.51,24.71,4163
2010-05-21 00:00:00+05:30,23.18,24.82,23.18,24.29,6696
2010-05-24 00:00:00+05:30,27.73,27.73,24.63,24.9,3603
2010-05-25 00:00:00+05:30,24.4,25.24,23.18,23.64,15747
2010-05-26 00:00:00+05:30,23.71,24.48,23.33,23.44,4953
2010-05-27 00:00:00+05:30,23.52,24.86,23.18,23.44,16170
2010-05-28 00:00:00+05:30,23.83,23.9,23.06,23.64,31884
2010-05-31 00:00:00+05:30,23.18,23.67,22.45,23.48,37210
2010-06-01 00:00:00+05:30,23.67,24.02,22.99,23.83,9528
2010-06-02 00:00:00+05:30,23.41,23.71,22.41,22.72,7746
2010-06-03 00:00:00+05:30,23.79,24.21,23.14,23.67,17295
2010-06-04 00:00:00+05:30,23.14,24.06,23.14,23.41,4400
2010-06-07 00:00:00+05:30,23.71,23.71,22.95,23.14,2674
2010-06-08 00:00:00+05:30,23.71,24.25,22.99,23.18,5970
2010-06-09 00:00:00+05:30,22.95,23.52,22.87,22.91,2604
2010-06-10 00:00:00+05:30,22.95,23.86,22.91,23.1,8781
2010-06-11 00:00:00+05:30,22.6,23.52,22.6,23.33,8442
2010-06-14 00:00:00+05:30,23.71,24.06,23.71,23.71,7406
2010-06-15 00:00:00+05:30,23.71,24.06,23.71,24.06,6233
2010-06-16 00:00:00+05:30,23.71,26.01,23.71,24.55,49375
2010-06-17 00:00:00+05:30,24.94,25.59,23.9,24.4,21550
2010-06-18 00:00:00+05:30,24.82,25.01,23.71,23.75,7682
2010-06-21 00:00:00+05:30,23.71,24.17,23.71,23.75,4380
2010-06-22 00:00:00+05:30,23.71,24.29,23.71,23.71,11376
2010-06-23 00:00:00+05:30,24.67,24.94,23.83,24.21,9111
2010-06-24 00:00:00+05:30,25.24,25.39,24.09,24.36,4811
2010-06-25 00:00:00+05:30,24.48,24.59,23.6,23.75,6556
2010-06-28 00:00:00+05:30,24.09,24.29,23.71,24.09,5319
2010-06-29 00:00:00+05:30,24.09,24.17,23.71,23.75,8432
2010-06-30 00:00:00+05:30,23.71,24.82,23.71,23.9,42352
2010-07-01 00:00:00+05:30,24.67,24.67,23.94,24.21,4347
2010-07-02 00:00:00+05:30,24.21,24.63,23.86,24.06,5446
2010-07-05 00:00:00+05:30,24.48,24.71,23.83,24.17,6101
2010-07-06 00:00:00+05:30,24.32,24.78,24.02,24.09,5038
2010-07-07 00:00:00+05:30,23.86,24.67,23.86,24.06,53175
2010-07-08 00:00:00+05:30,24.74,24.74,23.94,24.02,25468
2010-07-09 00:00:00+05:30,24.36,24.36,23.9,23.9,12222
2010-07-12 00:00:00+05:30,24.09,24.67,24.02,24.13,7960
2010-07-13 00:00:00+05:30,24.4,24.4,23.79,23.86,15820
2010-07-14 00:00:00+05:30,23.71,24.36,23.18,23.83,8718
2010-07-15 00:00:00+05:30,24.09,24.51,24.02,24.09,13383
2010-07-16 00:00:00+05:30,24.09,24.74,23.79,24.02,17092
2010-07-19 00:00:00+05:30,24.48,25.93,23.86,23.94,11017
2010-07-20 00:00:00+05:30,24.09,24.4,23.79,23.9,11034
2010-07-21 00:00:00+05:30,24.36,24.63,23.83,23.9,6874
2010-07-22 00:00:00+05:30,24.02,24.36,23.86,23.98,7810
2010-07-23 00:00:00+05:30,24.44,24.48,24.06,24.09,6080
2010-07-26 00:00:00+05:30,22.95,24.63,22.95,23.94,10346
2010-07-27 00:00:00+05:30,24.4,24.4,23.75,23.83,8242
2010-07-28 00:00:00+05:30,24.17,24.48,23.86,23.94,5510
2010-07-29 00:00:00+05:30,24.48,24.48,23.79,23.94,4256
2010-07-30 00:00:00+05:30,23.71,24.48,22.99,23.64,10086
2010-08-02 00:00:00+05:30,24.29,24.29,23.48,23.52,5137
2010-08-03 00:00:00+05:30,22.95,26.47,22.95,25.47,108230
2010-08-04 00:00:00+05:30,23.98,28.68,23.98,25.55,386283
2010-08-05 00:00:00+05:30,26.2,26.2,25.24,25.36,20840
2010-08-06 00:00:00+05:30,25.82,26.39,24.25,24.55,52229
2010-08-09 00:00:00+05:30,25.05,25.55,24.48,25.05,35653
2010-08-10 00:00:00+05:30,24.4,25.62,24.4,24.97,25280
2010-08-11 00:00:00+05:30,24.48,25.62,24.48,24.67,30725
2010-08-12 00:00:00+05:30,24.51,25.13,24.17,24.51,25455
2010-08-13 00:00:00+05:30,24.09,25.01,24.09,24.4,18167
2010-08-16 00:00:00+05:30,24.78,25.17,24.48,24.59,20847
2010-08-17 00:00:00+05:30,24.09,25.43,24.09,24.97,36467
2010-08-18 00:00:00+05:30,25.24,25.55,24.71,24.74,20592
2010-08-19 00:00:00+05:30,24.48,25.09,23.83,24.63,19485
2010-08-20 00:00:00+05:30,24.63,25.13,24.25,24.32,16132
2010-08-23 00:00:00+05:30,25.09,25.24,24.09,24.4,15300
2010-08-24 00:00:00+05:30,24.48,24.63,23.71,24.44,7652
2010-08-25 00:00:00+05:30,23.94,26.62,23.94,25.97,100775
2010-08-26 00:00:00+05:30,27.27,27.31,24.97,25.2,149746
2010-08-27 00:00:00+05:30,24.48,26.2,24.48,24.74,31461
2010-08-30 00:00:00+05:30,25.32,27.08,25.32,26.12,226186
2010-08-31 00:00:00+05:30,24.48,26.01,24.48,25.2,75811
2010-09-01 00:00:00+05:30,25.62,25.97,25.24,25.59,12242
2010-09-02 00:00:00+05:30,24.55,26.73,24.55,25.55,14966
2010-09-03 00:00:00+05:30,27.54,27.54,24.9,25.09,18125
2010-09-06 00:00:00+05:30,25.62,25.93,24.55,25.62,18878
2010-09-07 00:00:00+05:30,24.9,25.85,24.9,25.62,14485
2010-09-08 00:00:00+05:30,25.55,25.78,25.24,25.47,18125
2010-09-09 00:00:00+05:30,27.46,27.46,25.09,25.28,18631
2010-09-13 00:00:00+05:30,25.32,28.45,25.32,26.08,1730460
2010-09-14 00:00:00+05:30,26.12,26.35,25.01,25.36,139929
2010-09-15 00:00:00+05:30,25.09,26.08,24.86,25.09,74913
2010-09-16 00:00:00+05:30,24.94,25.32,23.83,24.13,111740
2010-09-17 00:00:00+05:30,24.4,24.55,23.79,24.17,57490
2010-09-20 00:00:00+05:30,24.4,24.86,24.09,24.29,38597
2010-09-21 00:00:00+05:30,24.13,24.67,23.79,24.21,39138
2010-09-22 00:00:00+05:30,24.21,24.21,22.33,23.33,61221
2010-09-23 00:00:00+05:30,23.02,24.02,23.02,23.9,29492
2010-09-24 00:00:00+05:30,25.13,26.69,24.21,24.78,198899
2010-09-27 00:00:00+05:30,23.9,26.24,23.9,25.59,95491
2010-09-28 00:00:00+05:30,25.85,25.85,24.71,24.86,20292
2010-09-29 00:00:00+05:30,23.64,25.24,23.64,24.51,12918
2010-09-30 00:00:00+05:30,24.36,24.51,24.09,24.21,11327
2010-10-01 00:00:00+05:30,24.29,25.01,24.13,24.25,16139
2010-10-04 00:00:00+05:30,24.63,25.62,23.98,25.05,71154
2010-10-05 00:00:00+05:30,25.24,25.32,24.51,24.94,58377
2010-10-06 00:00:00+05:30,24.63,25.28,24.63,25.05,27597
2010-10-07 00:00:00+05:30,24.9,25.47,24.67,24.71,24161
2010-10-08 00:00:00+05:30,24.74,24.86,24.09,24.48,14216
2010-10-11 00:00:00+05:30,24.48,25.17,24.44,24.97,15092
2010-10-12 00:00:00+05:30,24.67,25.24,24.55,24.63,12163
2010-10-13 00:00:00+05:30,24.55,24.97,24.32,24.48,30554
2010-10-14 00:00:00+05:30,26.77,27.04,25.09,25.47,554213
2010-10-15 00:00:00+05:30,25.01,26.69,25.01,25.24,83440
2010-10-18 00:00:00+05:30,25.09,25.74,24.32,24.48,42204
2010-10-19 00:00:00+05:30,24.55,25.17,24.51,24.63,15081
2010-10-20 00:00:00+05:30,24.32,24.97,24.29,24.44,14268
2010-10-21 00:00:00+05:30,24.44,25.05,24.32,24.36,18224
2010-10-22 00:00:00+05:30,24.25,24.86,24.09,24.17,57091
2010-10-25 00:00:00+05:30,24.48,25.24,23.86,24.74,128324
2010-10-26 00:00:00+05:30,25.24,29.72,25.2,29.68,2152708
2010-10-27 00:00:00+05:30,30.18,30.83,24.55,25.36,1953096
2010-10-28 00:00:00+05:30,25.59,26.39,24.78,25.09,201802
2010-10-29 00:00:00+05:30,24.86,25.17,22.37,22.83,516285
2010-11-01 00:00:00+05:30,22.79,25.59,22.41,24.67,703742
2010-11-02 00:00:00+05:30,24.71,26.69,23.79,24.97,358603
2010-11-03 00:00:00+05:30,25.17,25.78,24.78,24.97,106881
2010-11-04 00:00:00+05:30,25.39,25.43,24.17,24.36,62999
2010-11-05 00:00:00+05:30,24.48,25.01,24.48,24.71,10400
2010-11-08 00:00:00+05:30,24.51,25.36,24.21,24.4,96848
2010-11-09 00:00:00+05:30,24.25,25.01,22.41,24.55,59197
2010-11-10 00:00:00+05:30,23.9,25.24,23.9,24.67,32524
2010-11-11 00:00:00+05:30,24.86,25.09,24.02,24.21,76785
2010-11-12 00:00:00+05:30,24.59,25.43,24.29,25.05,176008
2010-11-15 00:00:00+05:30,25.24,27.08,24.78,26.66,372758
2010-11-16 00:00:00+05:30,26.77,27.88,25.62,26.2,369197
2010-11-18 00:00:00+05:30,26.69,26.69,23.71,25.43,94577
2010-11-19 00:00:00+05:30,25.01,25.62,23.48,24.02,74028
2010-11-22 00:00:00+05:30,23.33,25.62,23.33,24.48,32148
2010-11-23 00:00:00+05:30,23.79,24.44,22.95,23.9,32846
2010-11-24 00:00:00+05:30,23.52,24.67,23.52,23.83,21940
2010-11-25 00:00:00+05:30,23.75,23.94,22.95,23.06,22210
2010-11-26 00:00:00+05:30,23.71,24.09,21.53,22.18,24463
2010-11-29 00:00:00+05:30,23.25,23.9,22.68,23.6,66305
2010-11-30 00:00:00+05:30,23.02,23.64,22.45,22.72,49517
2010-12-01 00:00:00+05:30,22.22,23.86,22.22,23.33,12302
2010-12-02 00:00:00+05:30,24.09,24.09,23.33,23.75,19071
2010-12-03 00:00:00+05:30,23.9,23.9,22.22,22.91,11872
2010-12-06 00:00:00+05:30,23.33,23.33,22.18,22.41,25800
2010-12-07 00:00:00+05:30,22.26,22.56,20.77,21.42,38749
2010-12-08 00:00:00+05:30,21.03,21.95,20.73,21.15,20374
2010-12-09 00:00:00+05:30,21.26,21.26,19.16,19.39,43947
2010-12-10 00:00:00+05:30,19.5,21.03,18.36,19.54,46011
2010-12-13 00:00:00+05:30,19.12,20.42,19.12,20.0,22129
2010-12-14 00:00:00+05:30,19.35,20.5,19.35,20.27,35421
2010-12-15 00:00:00+05:30,19.77,20.27,17.78,18.09,126117
2010-12-16 00:00:00+05:30,18.74,19.05,18.2,18.36,42208
2010-12-20 00:00:00+05:30,19.01,19.01,18.36,18.74,14812
2010-12-21 00:00:00+05:30,19.01,19.2,18.51,18.89,20473
2010-12-22 00:00:00+05:30,19.31,19.35,18.55,18.74,10436
2010-12-23 00:00:00+05:30,18.97,18.97,18.55,18.63,12056
2010-12-24 00:00:00+05:30,18.51,18.89,17.98,18.63,11060
2010-12-27 00:00:00+05:30,19.12,19.12,18.4,18.43,10376
2010-12-28 00:00:00+05:30,18.7,18.82,18.17,18.43,15765
2010-12-29 00:00:00+05:30,18.36,18.74,18.17,18.43,15900
2010-12-30 00:00:00+05:30,18.32,22.14,18.32,21.91,397789
2010-12-31 00:00:00+05:30,22.14,22.56,20.5,20.81,136967
2011-01-03 00:00:00+05:30,20.65,21.15,20.12,20.5,57330
2011-01-04 00:00:00+05:30,20.31,20.88,20.15,20.27,14038
2011-01-05 00:00:00+05:30,20.08,20.27,19.77,19.93,77975
2011-01-06 00:00:00+05:30,19.77,20.19,19.08,19.24,84326
2011-01-07 00:00:00+05:30,19.24,19.35,18.74,18.82,24744
2011-01-10 00:00:00+05:30,18.51,19.35,18.4,19.12,16735
2011-01-11 00:00:00+05:30,19.24,19.24,18.24,18.32,10802
2011-01-12 00:00:00+05:30,18.51,18.7,18.24,18.51,20716
2011-01-13 00:00:00+05:30,18.89,19.05,18.51,18.89,2720
2011-01-14 00:00:00+05:30,18.51,18.89,18.36,18.51,6676
2011-01-17 00:00:00+05:30,18.24,18.36,17.82,17.9,4281
2011-01-18 00:00:00+05:30,17.67,18.43,17.67,17.9,7829
2011-01-19 00:00:00+05:30,18.43,19.08,17.78,17.94,5735
2011-01-20 00:00:00+05:30,17.94,18.28,17.94,17.98,3340
2011-01-21 00:00:00+05:30,17.86,18.24,17.78,18.01,8266
2011-01-24 00:00:00+05:30,17.94,18.28,16.9,17.4,17493
2011-01-25 00:00:00+05:30,16.83,17.9,16.41,17.48,7780
2011-01-27 00:00:00+05:30,17.82,17.82,17.32,17.36,6080
2011-01-28 00:00:00+05:30,18.05,18.09,15.83,16.33,23030
2011-01-31 00:00:00+05:30,16.18,16.29,15.3,15.83,46941
2011-02-01 00:00:00+05:30,15.87,16.18,15.49,15.72,39861
2011-02-02 00:00:00+05:30,15.53,16.52,15.18,15.45,20979
2011-02-03 00:00:00+05:30,15.45,16.06,15.14,15.83,42733
2011-02-04 00:00:00+05:30,15.95,16.02,15.34,15.6,42221
2011-02-07 00:00:00+05:30,15.49,15.87,15.14,15.45,50596
2011-02-08 00:00:00+05:30,15.64,15.64,14.57,15.11,64806
2011-02-09 00:00:00+05:30,14.65,15.07,13.84,14.57,13684
2011-02-10 00:00:00+05:30,13.84,14.53,12.77,13.54,16318
2011-02-11 00:00:00+05:30,13.16,14.92,13.0,14.53,13662
2011-02-14 00:00:00+05:30,15.45,16.37,15.34,15.57,22559
2011-02-15 00:00:00+05:30,15.37,15.49,14.99,15.07,7216
2011-02-16 00:00:00+05:30,15.45,15.45,14.84,15.11,5585
2011-02-17 00:00:00+05:30,14.72,15.68,14.72,15.11,4158
2011-02-18 00:00:00+05:30,15.37,15.41,14.53,14.69,3800
2011-02-21 00:00:00+05:30,15.22,15.3,13.92,14.38,4465
2011-02-22 00:00:00+05:30,14.69,14.92,14.42,14.61,5834
2011-02-23 00:00:00+05:30,14.84,14.84,14.42,14.69,3166
2011-02-24 00:00:00+05:30,14.53,14.61,13.84,14.38,16466
2011-02-25 00:00:00+05:30,14.88,14.88,13.69,13.81,11691
2011-02-28 00:00:00+05:30,13.65,14.15,13.65,13.96,3901
2011-03-01 00:00:00+05:30,14.07,14.11,13.77,14.0,5766
2011-03-03 00:00:00+05:30,13.88,14.15,13.88,14.0,454
2011-03-04 00:00:00+05:30,14.15,14.38,14.0,14.27,2855
2011-03-07 00:00:00+05:30,13.84,14.23,13.77,14.07,3239
2011-03-08 00:00:00+05:30,14.04,14.15,13.0,13.62,7526
2011-03-09 00:00:00+05:30,14.07,14.07,13.62,13.62,3039
2011-03-10 00:00:00+05:30,13.62,14.07,13.46,13.65,2072
2011-03-11 00:00:00+05:30,13.73,13.73,13.0,13.46,7482
2011-03-14 00:00:00+05:30,13.62,14.46,13.39,13.77,4824
2011-03-15 00:00:00+05:30,13.12,13.54,12.12,12.89,21433
2011-03-16 00:00:00+05:30,13.58,13.58,12.43,12.66,7099
2011-03-17 00:00:00+05:30,12.62,12.85,12.28,12.35,4622
2011-03-18 00:00:00+05:30,12.51,12.85,12.51,12.74,4037
2011-03-21 00:00:00+05:30,12.93,13.23,12.85,12.93,12374
2011-03-22 00:00:00+05:30,12.96,13.35,12.93,13.12,4860
2011-03-23 00:00:00+05:30,13.31,13.54,13.12,13.12,2112
2011-03-24 00:00:00+05:30,13.58,13.73,11.89,12.93,8423
2011-03-25 00:00:00+05:30,13.35,13.35,12.7,12.81,7765
2011-03-28 00:00:00+05:30,13.0,13.23,12.62,12.74,34324
2011-03-29 00:00:00+05:30,12.74,13.16,12.74,12.93,5792
2011-03-30 00:00:00+05:30,12.7,13.08,12.7,12.93,2259
2011-03-31 00:00:00+05:30,13.0,13.0,12.85,12.85,14035
2011-04-01 00:00:00+05:30,12.85,13.08,12.62,13.08,13227
2011-04-04 00:00:00+05:30,13.46,14.07,13.08,14.07,9125
2011-04-05 00:00:00+05:30,14.3,14.38,13.92,14.27,9460
2011-04-06 00:00:00+05:30,14.34,14.61,14.15,14.38,13248
2011-04-07 00:00:00+05:30,14.27,15.22,14.27,14.88,12525
2011-04-08 00:00:00+05:30,14.72,15.22,14.69,14.99,6821
2011-04-11 00:00:00+05:30,14.53,15.14,14.42,14.61,2825
2011-04-13 00:00:00+05:30,14.92,14.92,14.27,14.53,3669
2011-04-15 00:00:00+05:30,13.84,14.84,13.84,14.3,3359
2011-04-18 00:00:00+05:30,14.3,14.65,14.15,14.3,461
2011-04-19 00:00:00+05:30,14.11,14.49,13.92,14.49,1413
2011-04-20 00:00:00+05:30,14.0,14.49,13.96,14.27,8440
2011-04-21 00:00:00+05:30,14.53,14.8,14.15,14.38,14127
2011-04-25 00:00:00+05:30,13.92,14.38,13.77,14.0,14306
2011-04-26 00:00:00+05:30,13.39,14.3,13.39,14.11,3847
2011-04-27 00:00:00+05:30,13.77,14.3,13.77,14.15,277
2011-04-28 00:00:00+05:30,13.77,13.88,13.46,13.62,1249
2011-04-29 00:00:00+05:30,14.04,14.42,13.23,13.31,20899
2011-05-02 00:00:00+05:30,13.12,13.73,13.12,13.39,13739
2011-05-03 00:00:00+05:30,13.0,13.69,12.89,13.16,3726
2011-05-04 00:00:00+05:30,12.85,13.16,12.85,13.04,1243
2011-05-05 00:00:00+05:30,12.89,13.16,12.47,12.51,10241
2011-05-06 00:00:00+05:30,12.74,12.93,12.43,12.47,13484
2011-05-09 00:00:00+05:30,12.35,12.7,12.01,12.01,14143
2011-05-10 00:00:00+05:30,12.28,12.28,11.74,11.78,6515
2011-05-11 00:00:00+05:30,11.63,12.54,11.63,12.24,8501
2011-05-12 00:00:00+05:30,12.54,12.54,12.2,12.24,1673
2011-05-13 00:00:00+05:30,12.01,12.77,12.01,12.47,3497
2011-05-16 00:00:00+05:30,12.16,12.85,12.16,12.28,10213
2011-05-17 00:00:00+05:30,12.31,12.31,11.93,12.01,5373
2011-05-18 00:00:00+05:30,11.97,12.93,11.97,12.39,2561
2011-05-19 00:00:00+05:30,12.01,12.43,11.47,11.82,5962
2011-05-20 00:00:00+05:30,11.97,12.16,11.86,12.01,4054
2011-05-23 00:00:00+05:30,11.82,12.05,11.47,11.55,6504
2011-05-24 00:00:00+05:30,11.47,11.82,11.47,11.59,4863
2011-05-25 00:00:00+05:30,11.86,11.89,11.32,11.4,8318
2011-05-26 00:00:00+05:30,11.47,11.74,11.32,11.55,3085
2011-05-27 00:00:00+05:30,11.82,11.82,11.24,11.55,2897
2011-05-30 00:00:00+05:30,11.47,11.63,11.28,11.47,4345
2011-05-31 00:00:00+05:30,11.24,11.93,10.71,11.44,1487
2011-06-01 00:00:00+05:30,10.9,11.51,10.9,11.36,3288
2011-06-02 00:00:00+05:30,10.86,11.47,10.86,11.21,5237
2011-06-03 00:00:00+05:30,10.98,11.47,10.9,10.98,19457
2011-06-06 00:00:00+05:30,10.98,11.17,10.75,11.05,2320
2011-06-07 00:00:00+05:30,10.82,11.47,10.79,11.24,8008
2011-06-08 00:00:00+05:30,11.28,11.28,10.79,10.82,14204
2011-06-09 00:00:00+05:30,11.44,12.05,11.17,11.44,39473
2011-06-10 00:00:00+05:30,11.44,11.47,10.98,11.01,7170
2011-06-13 00:00:00+05:30,10.9,11.09,10.52,10.9,4764
2011-06-14 00:00:00+05:30,10.9,11.32,10.9,11.01,5464
2011-06-15 00:00:00+05:30,10.94,11.17,10.94,11.17,9796
2011-06-16 00:00:00+05:30,11.17,11.28,10.71,11.17,7546
2011-06-17 00:00:00+05:30,10.94,11.32,10.94,11.21,3200
2011-06-20 00:00:00+05:30,10.94,10.94,10.1,10.4,10907
2011-06-21 00:00:00+05:30,10.06,10.59,9.94,10.21,16748
2011-06-22 00:00:00+05:30,10.02,10.4,9.68,9.87,9903
2011-06-23 00:00:00+05:30,9.94,10.25,9.64,9.71,7058
2011-06-24 00:00:00+05:30,9.87,9.94,9.68,9.94,2063
2011-06-27 00:00:00+05:30,9.18,10.21,9.18,10.06,3610
2011-06-28 00:00:00+05:30,9.94,10.29,9.94,10.02,1634
2011-06-29 00:00:00+05:30,9.94,10.33,9.94,10.06,3889
2011-06-30 00:00:00+05:30,10.33,10.44,10.13,10.21,2725
2011-07-01 00:00:00+05:30,10.17,10.52,10.13,10.48,2844
2011-07-04 00:00:00+05:30,10.56,10.71,10.13,10.48,3111
2011-07-05 00:00:00+05:30,10.4,10.75,10.4,10.56,2961
2011-07-06 00:00:00+05:30,10.48,10.63,10.36,10.44,1026
2011-07-07 00:00:00+05:30,9.94,12.54,9.94,10.9,8334
2011-07-08 00:00:00+05:30,11.24,11.24,10.56,10.82,4004
2011-07-11 00:00:00+05:30,10.56,10.56,10.56,10.56,261
2011-07-12 00:00:00+05:30,10.56,10.9,10.52,10.71,1727
2011-07-13 00:00:00+05:30,10.33,11.13,10.17,10.94,1890
2011-07-14 00:00:00+05:30,10.33,10.98,10.33,10.98,1642
2011-07-15 00:00:00+05:30,10.44,11.21,10.44,10.82,2868
2011-07-18 00:00:00+05:30,11.17,11.32,10.86,10.86,10892
2011-07-19 00:00:00+05:30,10.75,11.09,10.17,10.75,19970
2011-07-20 00:00:00+05:30,10.86,11.17,10.79,10.82,5339
2011-07-21 00:00:00+05:30,10.71,11.17,10.71,11.05,8633
2011-07-22 00:00:00+05:30,11.24,11.32,10.86,11.28,7173
2011-07-25 00:00:00+05:30,11.13,11.13,10.71,10.94,2880
2011-07-26 00:00:00+05:30,11.32,11.32,10.79,10.82,2038
2011-07-27 00:00:00+05:30,10.79,11.4,10.25,10.56,4851
2011-07-28 00:00:00+05:30,11.17,11.17,10.25,10.36,1345
2011-07-29 00:00:00+05:30,10.56,11.21,10.36,10.56,1933
2011-08-01 00:00:00+05:30,10.44,10.71,10.25,10.52,1830
2011-08-02 00:00:00+05:30,10.36,10.98,10.02,10.02,6310
2011-08-03 00:00:00+05:30,9.79,10.33,9.26,10.02,7491
2011-08-04 00:00:00+05:30,10.33,10.33,10.02,10.02,3336
2011-08-05 00:00:00+05:30,8.49,10.25,8.49,9.68,9275
2011-08-08 00:00:00+05:30,9.94,11.47,8.41,9.26,7774
2011-08-09 00:00:00+05:30,9.03,9.22,8.41,8.57,48269
2011-08-10 00:00:00+05:30,8.83,9.14,8.8,8.83,7914
2011-08-11 00:00:00+05:30,9.18,9.18,8.83,9.18,4371
2011-08-12 00:00:00+05:30,8.8,9.48,8.8,9.03,394
2011-08-16 00:00:00+05:30,9.33,9.33,8.8,8.87,1783
2011-08-17 00:00:00+05:30,8.49,9.06,8.41,8.49,5514
2011-08-18 00:00:00+05:30,8.41,8.76,7.92,8.07,6343
2011-08-19 00:00:00+05:30,8.41,8.76,7.73,8.34,2434
2011-08-22 00:00:00+05:30,8.41,8.87,7.76,7.84,10147
2011-08-23 00:00:00+05:30,8.61,8.61,7.88,8.26,3758
2011-08-24 00:00:00+05:30,8.34,8.95,8.03,8.03,1921
2011-08-25 00:00:00+05:30,7.88,8.11,7.65,7.73,26376
2011-08-26 00:00:00+05:30,7.8,8.72,7.27,7.57,12009
2011-08-29 00:00:00+05:30,7.65,8.18,7.65,7.8,17164
2011-08-30 00:00:00+05:30,9.14,9.14,7.57,7.76,21154
2011-09-02 00:00:00+05:30,7.8,7.88,7.65,7.69,9295
2011-09-05 00:00:00+05:30,7.76,8.03,7.65,7.99,24195
2011-09-06 00:00:00+05:30,7.8,8.61,7.65,8.57,25438
2011-09-07 00:00:00+05:30,9.03,9.18,8.41,9.06,16526
2011-09-08 00:00:00+05:30,9.37,9.56,8.91,8.91,1511
2011-09-09 00:00:00+05:30,10.25,10.25,8.72,9.06,1068
2011-09-12 00:00:00+05:30,9.06,9.79,8.68,9.41,7313
2011-09-13 00:00:00+05:30,9.18,9.87,9.03,9.45,3037
2011-09-14 00:00:00+05:30,9.18,10.1,9.14,9.79,19284
2011-09-15 00:00:00+05:30,9.18,10.06,8.72,9.98,2446
2011-09-16 00:00:00+05:30,9.48,10.48,9.48,10.48,7559
2011-09-19 00:00:00+05:30,9.98,10.86,9.98,10.48,16134
2011-09-20 00:00:00+05:30,10.79,11.01,10.52,10.86,6743
2011-09-21 00:00:00+05:30,11.01,11.44,10.63,11.4,10496
2011-09-22 00:00:00+05:30,11.44,11.97,10.98,11.74,11095
2011-09-23 00:00:00+05:30,11.28,12.24,11.28,12.16,6573
2011-09-26 00:00:00+05:30,11.63,12.51,11.63,12.35,3821
2011-09-27 00:00:00+05:30,12.81,13.0,11.93,12.96,14208
2011-09-28 00:00:00+05:30,12.77,13.62,12.77,13.58,23322
2011-09-29 00:00:00+05:30,13.58,14.27,13.39,14.27,11060
2011-09-30 00:00:00+05:30,14.95,14.99,13.81,14.95,35583
2011-10-03 00:00:00+05:30,15.3,15.68,14.23,14.49,24598
2011-10-04 00:00:00+05:30,13.77,13.81,13.77,13.81,7289
2011-10-05 00:00:00+05:30,13.54,13.54,13.12,13.12,5972
2011-10-07 00:00:00+05:30,12.62,12.62,12.47,12.47,147
2011-10-10 00:00:00+05:30,11.86,11.97,11.86,11.86,13356
2011-10-11 00:00:00+05:30,11.86,11.86,11.28,11.47,2915
2011-10-12 00:00:00+05:30,11.47,11.47,10.9,10.94,879
2011-10-13 00:00:00+05:30,11.36,11.4,10.86,11.4,1130
2011-10-14 00:00:00+05:30,11.4,11.97,11.09,11.44,939
2011-10-17 00:00:00+05:30,11.01,11.86,11.01,11.55,458
2011-10-18 00:00:00+05:30,11.86,11.86,11.01,11.13,1242
2011-10-19 00:00:00+05:30,11.13,11.7,11.13,11.59,1596
2011-10-20 00:00:00+05:30,11.86,12.2,11.44,12.05,1768
2011-10-21 00:00:00+05:30,12.66,12.66,11.78,12.66,2484
2011-10-24 00:00:00+05:30,12.81,13.19,12.31,13.19,1236
2011-10-25 00:00:00+05:30,12.54,13.19,12.54,13.19,1425
2011-10-26 00:00:00+05:30,12.54,13.19,12.54,12.81,1337
2011-10-28 00:00:00+05:30,12.31,12.62,12.24,12.28,1745
2011-10-31 00:00:00+05:30,11.66,12.89,11.66,12.31,777
2011-11-01 00:00:00+05:30,12.66,12.96,12.05,12.74,536
2011-11-02 00:00:00+05:30,12.12,12.62,12.12,12.2,2006
2011-11-03 00:00:00+05:30,12.54,12.54,12.54,12.54,393
2011-11-04 00:00:00+05:30,11.97,12.77,11.97,12.01,1058
2011-11-08 00:00:00+05:30,11.86,11.86,11.66,11.66,281
2011-11-09 00:00:00+05:30,11.86,12.01,11.51,11.59,2549
2011-11-14 00:00:00+05:30,11.47,12.12,11.09,11.55,2443
2011-11-15 00:00:00+05:30,11.17,11.17,10.98,11.01,424
2011-11-16 00:00:00+05:30,10.59,11.44,10.56,10.56,241
2011-11-17 00:00:00+05:30,10.4,10.4,10.25,10.4,666
2011-11-18 00:00:00+05:30,9.94,10.94,9.91,9.94,4833
2011-11-21 00:00:00+05:30,9.87,9.91,9.45,9.48,1895
2011-11-22 00:00:00+05:30,9.18,9.98,9.18,9.98,3189
2011-11-23 00:00:00+05:30,9.6,9.64,9.48,9.64,2955
2011-11-24 00:00:00+05:30,9.33,10.06,9.18,9.18,5945
2011-11-25 00:00:00+05:30,9.56,9.56,9.06,9.06,660
2011-11-28 00:00:00+05:30,8.91,9.18,8.87,8.99,2185
2011-11-29 00:00:00+05:30,9.41,9.41,9.1,9.1,172
2011-11-30 00:00:00+05:30,9.56,9.56,9.56,9.56,679
2011-12-01 00:00:00+05:30,9.94,10.02,9.56,10.02,437
2011-12-02 00:00:00+05:30,10.52,10.52,9.94,10.13,8235
2011-12-05 00:00:00+05:30,10.52,10.63,9.75,10.44,6226
2011-12-07 00:00:00+05:30,10.86,10.94,10.86,10.94,2396
2011-12-08 00:00:00+05:30,11.47,11.47,10.71,11.28,5643
2011-12-09 00:00:00+05:30,11.4,11.82,11.13,11.59,11555
2011-12-12 00:00:00+05:30,11.82,12.16,11.36,12.09,10826
2011-12-13 00:00:00+05:30,11.93,11.93,11.51,11.74,10526
2011-12-14 00:00:00+05:30,11.47,12.31,11.21,12.05,11340
2011-12-15 00:00:00+05:30,11.55,12.62,11.55,12.2,17219
2011-12-16 00:00:00+05:30,12.81,12.81,11.59,11.59,11180
2011-12-19 00:00:00+05:30,11.47,11.47,11.01,11.01,804
2011-12-20 00:00:00+05:30,10.71,10.71,10.48,10.48,1320
2011-12-21 00:00:00+05:30,9.98,9.98,9.98,9.98,1898
2011-12-22 00:00:00+05:30,9.48,9.48,9.48,9.48,3340
2011-12-23 00:00:00+05:30,9.18,9.91,9.03,9.22,2476
2011-12-26 00:00:00+05:30,8.76,9.64,8.76,8.83,1741
2011-12-27 00:00:00+05:30,9.18,9.18,8.57,8.57,27
2011-12-28 00:00:00+05:30,8.15,8.99,8.15,8.49,352
2011-12-29 00:00:00+05:30,8.41,8.91,8.41,8.91,2097
2011-12-30 00:00:00+05:30,8.91,9.18,8.53,9.18,980
2012-01-02 00:00:00+05:30,9.56,9.56,8.8,9.45,1202
2012-01-03 00:00:00+05:30,9.18,9.45,9.18,9.41,1503
2012-01-04 00:00:00+05:30,9.56,9.87,9.56,9.56,889
2012-01-05 00:00:00+05:30,9.1,9.41,9.1,9.41,1825
2012-01-06 00:00:00+05:30,9.18,9.87,9.18,9.87,521
2012-01-07 00:00:00+05:30,9.79,10.21,9.79,9.79,197
2012-01-09 00:00:00+05:30,10.21,10.25,10.02,10.02,1507
2012-01-10 00:00:00+05:30,9.52,10.17,9.52,9.71,1074
2012-01-11 00:00:00+05:30,9.56,10.17,9.56,10.13,1469
2012-01-12 00:00:00+05:30,10.1,10.33,9.94,10.02,945
2012-01-13 00:00:00+05:30,9.94,10.52,9.91,10.52,1107
2012-01-16 00:00:00+05:30,10.33,10.98,10.33,10.63,2001
2012-01-17 00:00:00+05:30,10.71,10.71,10.33,10.33,2860
2012-01-18 00:00:00+05:30,10.82,10.82,10.06,10.67,2648
2012-01-19 00:00:00+05:30,10.21,10.63,10.21,10.21,822
2012-01-23 00:00:00+05:30,9.71,10.25,9.71,9.87,2629
2012-01-24 00:00:00+05:30,10.36,10.36,9.68,9.68,457
2012-01-25 00:00:00+05:30,10.1,10.1,9.75,9.79,398
2012-01-27 00:00:00+05:30,9.56,10.17,9.56,10.17,100
2012-01-30 00:00:00+05:30,10.1,10.1,9.71,9.71,274
2012-01-31 00:00:00+05:30,9.75,9.75,9.75,9.75,653
2012-02-01 00:00:00+05:30,10.06,10.06,9.64,9.87,16807
2012-02-02 00:00:00+05:30,9.48,10.33,9.48,10.25,8616
2012-02-03 00:00:00+05:30,10.33,10.33,9.75,9.83,719
2012-02-06 00:00:00+05:30,10.29,10.29,9.71,9.91,393
2012-02-07 00:00:00+05:30,9.98,9.98,9.98,9.98,653
2012-02-08 00:00:00+05:30,10.02,10.1,10.02,10.02,385
2012-02-09 00:00:00+05:30,9.64,10.48,9.64,10.36,21715
2012-02-10 00:00:00+05:30,9.94,10.36,9.94,10.36,750
2012-02-13 00:00:00+05:30,9.94,10.63,9.87,9.87,1209
2012-02-15 00:00:00+05:30,9.94,10.17,9.87,9.91,2487
2012-02-16 00:00:00+05:30,10.02,10.33,9.6,9.87,1992
2012-02-17 00:00:00+05:30,9.64,10.02,9.6,9.91,23924
2012-02-21 00:00:00+05:30,9.94,9.94,9.45,9.94,8478
2012-02-22 00:00:00+05:30,9.68,10.1,9.68,9.87,1244
2012-02-23 00:00:00+05:30,10.33,10.33,9.56,10.21,2910
2012-02-24 00:00:00+05:30,9.71,9.71,9.71,9.71,2002
2012-02-27 00:00:00+05:30,9.29,9.71,9.26,9.29,12027
2012-02-28 00:00:00+05:30,8.87,9.64,8.87,9.64,2623
2012-02-29 00:00:00+05:30,9.26,9.91,9.18,9.52,6560
2012-03-01 00:00:00+05:30,9.14,9.87,9.14,9.6,1882
2012-03-02 00:00:00+05:30,9.45,9.48,9.14,9.45,4654
2012-03-03 00:00:00+05:30,9.83,9.83,9.52,9.6,601
2012-03-05 00:00:00+05:30,9.18,9.79,9.18,9.56,5049
2012-03-06 00:00:00+05:30,9.22,9.41,8.95,9.41,1533
2012-03-07 00:00:00+05:30,8.95,9.71,8.91,9.06,4361
2012-03-09 00:00:00+05:30,8.41,9.75,8.41,8.95,2648
2012-03-12 00:00:00+05:30,8.57,9.18,8.57,8.61,5178
2012-03-13 00:00:00+05:30,8.68,8.8,8.53,8.8,2742
2012-03-14 00:00:00+05:30,9.18,9.18,8.53,8.53,4458
2012-03-15 00:00:00+05:30,8.8,8.8,8.11,8.3,5382
2012-03-16 00:00:00+05:30,8.11,8.76,7.92,8.61,4209
2012-03-19 00:00:00+05:30,8.03,9.45,8.03,8.11,3131
2012-03-20 00:00:00+05:30,7.76,8.72,7.76,8.72,3413
2012-03-21 00:00:00+05:30,7.95,8.83,7.95,8.53,4188
2012-03-22 00:00:00+05:30,7.99,8.68,7.99,8.15,1231
2012-03-23 00:00:00+05:30,8.03,8.03,7.84,7.88,807
2012-03-26 00:00:00+05:30,7.84,7.84,7.65,7.76,2536
2012-03-27 00:00:00+05:30,7.65,7.65,7.65,7.65,1367
2012-03-28 00:00:00+05:30,8.11,8.11,7.5,7.53,1665
2012-03-29 00:00:00+05:30,7.88,7.88,7.57,7.57,802
2012-03-30 00:00:00+05:30,7.84,8.3,7.84,8.3,1742
2012-04-02 00:00:00+05:30,8.26,8.26,8.26,8.26,261
2012-04-03 00:00:00+05:30,7.88,8.83,7.88,8.41,3937
2012-04-04 00:00:00+05:30,8.07,8.11,7.57,8.11,1810
2012-04-09 00:00:00+05:30,8.15,8.15,7.76,7.84,1732
2012-04-10 00:00:00+05:30,7.65,8.57,7.65,8.49,637
2012-04-11 00:00:00+05:30,7.95,8.72,7.8,7.95,1639
2012-04-12 00:00:00+05:30,8.07,8.07,8.07,8.07,130
2012-04-13 00:00:00+05:30,8.22,8.87,7.65,8.41,11912
2012-04-16 00:00:00+05:30,8.49,9.1,8.22,8.83,4363
2012-04-17 00:00:00+05:30,9.06,9.06,8.57,8.72,824
2012-04-18 00:00:00+05:30,8.83,8.83,8.49,8.53,682
2012-04-19 00:00:00+05:30,8.41,9.1,8.26,8.72,2770
2012-04-20 00:00:00+05:30,8.8,9.56,8.8,9.41,15497
2012-04-23 00:00:00+05:30,9.41,9.6,8.95,9.18,2268
2012-04-24 00:00:00+05:30,8.41,9.52,8.41,9.29,279
2012-04-25 00:00:00+05:30,8.49,10.21,8.45,9.75,3012
2012-04-26 00:00:00+05:30,9.75,9.75,8.99,8.99,132
2012-04-27 00:00:00+05:30,8.91,8.91,8.91,8.91,720
2012-04-30 00:00:00+05:30,9.18,9.79,8.3,8.45,43998
2012-05-02 00:00:00+05:30,8.72,8.72,7.76,8.11,2831
2012-05-03 00:00:00+05:30,8.3,8.76,7.88,8.18,5504
2012-05-04 00:00:00+05:30,8.11,8.11,7.8,7.84,2840
2012-05-07 00:00:00+05:30,7.11,8.61,7.11,8.03,570
2012-05-08 00:00:00+05:30,7.34,8.41,6.62,7.92,2321
2012-05-09 00:00:00+05:30,7.73,8.8,7.73,8.41,1104
2012-05-10 00:00:00+05:30,8.22,8.41,7.8,7.88,1549
2012-05-11 00:00:00+05:30,7.65,8.91,7.65,7.65,4468
2012-05-14 00:00:00+05:30,7.73,7.73,7.69,7.69,522
2012-05-15 00:00:00+05:30,7.57,7.57,7.27,7.27,556
2012-05-16 00:00:00+05:30,7.38,7.65,7.27,7.65,1117
2012-05-17 00:00:00+05:30,7.73,7.73,7.69,7.69,753
2012-05-18 00:00:00+05:30,6.54,7.8,6.54,7.65,326
2012-05-21 00:00:00+05:30,7.27,7.5,7.27,7.42,2810
2012-05-22 00:00:00+05:30,7.11,7.69,7.11,7.34,1123
2012-05-23 00:00:00+05:30,7.23,7.23,7.23,7.23,35
2012-05-25 00:00:00+05:30,7.19,7.38,7.15,7.23,209
2012-05-28 00:00:00+05:30,7.3,8.3,7.27,7.5,2580
2012-05-29 00:00:00+05:30,7.15,7.34,7.15,7.27,2188
2012-05-30 00:00:00+05:30,7.34,7.38,7.34,7.34,440
2012-05-31 00:00:00+05:30,7.34,7.38,7.34,7.38,724
2012-06-04 00:00:00+05:30,7.65,7.65,6.92,7.19,7785
2012-06-05 00:00:00+05:30,7.27,7.57,6.62,6.81,26733
2012-06-06 00:00:00+05:30,7.42,7.42,6.5,6.58,15347
2012-06-07 00:00:00+05:30,6.88,7.11,6.43,6.77,8882
2012-06-08 00:00:00+05:30,6.58,7.23,6.58,6.58,1549
2012-06-11 00:00:00+05:30,7.34,7.34,6.43,6.85,821
2012-06-12 00:00:00+05:30,6.43,7.57,6.43,6.88,5502
2012-06-13 00:00:00+05:30,7.08,7.08,6.73,6.81,800
2012-06-14 00:00:00+05:30,6.73,6.77,6.58,6.69,2168
2012-06-15 00:00:00+05:30,7.46,7.46,6.5,6.85,4703
2012-06-18 00:00:00+05:30,6.88,6.88,6.88,6.88,232
2012-06-19 00:00:00+05:30,6.85,6.85,6.65,6.65,1098
2012-06-20 00:00:00+05:30,7.19,7.27,6.65,6.81,3950
2012-06-21 00:00:00+05:30,6.54,7.0,6.54,6.69,1511
2012-06-22 00:00:00+05:30,6.88,6.88,6.88,6.88,45
2012-06-25 00:00:00+05:30,6.39,7.11,6.35,7.11,1619
2012-06-26 00:00:00+05:30,6.77,7.19,6.73,6.81,2819
2012-06-27 00:00:00+05:30,6.54,7.3,6.54,6.88,3282
2012-06-28 00:00:00+05:30,6.46,7.46,6.43,7.19,2231
2012-06-29 00:00:00+05:30,7.34,7.34,6.96,6.96,1238
2012-07-02 00:00:00+05:30,6.96,7.23,6.88,6.88,2039
2012-07-03 00:00:00+05:30,6.16,7.27,6.16,6.92,2078
2012-07-04 00:00:00+05:30,7.04,7.34,7.0,7.0,512
2012-07-05 00:00:00+05:30,7.0,7.46,6.88,7.19,13830
2012-07-06 00:00:00+05:30,7.27,7.27,7.04,7.23,1600
2012-07-09 00:00:00+05:30,6.73,6.96,6.73,6.81,5165
2012-07-10 00:00:00+05:30,6.54,6.88,6.54,6.85,3523
2012-07-11 00:00:00+05:30,7.27,7.27,6.62,6.81,3796
2012-07-12 00:00:00+05:30,6.81,6.88,6.54,6.81,3544
2012-07-13 00:00:00+05:30,6.58,6.85,6.54,6.77,2091
2012-07-16 00:00:00+05:30,6.77,6.77,6.65,6.69,653
2012-07-17 00:00:00+05:30,6.69,6.77,6.58,6.73,1604
2012-07-18 00:00:00+05:30,6.88,7.04,6.54,6.54,2916
2012-07-19 00:00:00+05:30,7.15,7.15,6.69,7.0,5966
2012-07-20 00:00:00+05:30,6.54,7.08,6.5,6.81,6786
2012-07-23 00:00:00+05:30,6.73,6.88,6.58,6.88,2008
2012-07-24 00:00:00+05:30,6.73,6.73,6.73,6.73,129
2012-07-25 00:00:00+05:30,6.5,6.88,6.46,6.46,3918
2012-07-26 00:00:00+05:30,6.23,6.77,6.23,6.39,2176
2012-07-27 00:00:00+05:30,6.23,6.5,6.16,6.5,4486
2012-07-30 00:00:00+05:30,6.2,6.58,6.2,6.31,2668
2012-07-31 00:00:00+05:30,6.43,6.43,6.43,6.43,82
2012-08-01 00:00:00+05:30,6.12,6.77,6.12,6.23,666
2012-08-02 00:00:00+05:30,6.23,6.77,6.16,6.62,4769
2012-08-03 00:00:00+05:30,6.65,6.65,6.5,6.65,2621
2012-08-06 00:00:00+05:30,6.81,6.81,6.5,6.5,1947
2012-08-07 00:00:00+05:30,6.2,6.81,6.2,6.54,2136
2012-08-08 00:00:00+05:30,6.5,6.81,6.43,6.73,2857
2012-08-10 00:00:00+05:30,6.12,6.81,6.12,6.73,1366
2012-08-13 00:00:00+05:30,6.43,6.43,6.43,6.43,522
2012-08-14 00:00:00+05:30,6.77,6.77,6.65,6.65,457
2012-08-16 00:00:00+05:30,6.69,6.69,6.69,6.69,1307
2012-08-17 00:00:00+05:30,6.5,6.81,6.46,6.54,4919
2012-08-21 00:00:00+05:30,6.46,6.5,6.43,6.46,2613
2012-08-22 00:00:00+05:30,6.5,6.77,6.35,6.5,5513
2012-08-23 00:00:00+05:30,6.54,6.62,6.54,6.62,793
2012-08-24 00:00:00+05:30,6.81,6.81,6.73,6.73,2894
2012-08-27 00:00:00+05:30,7.15,7.15,6.16,6.5,3844
2012-08-28 00:00:00+05:30,6.54,6.58,6.43,6.43,1784
2012-08-29 00:00:00+05:30,6.46,6.5,6.27,6.35,4037
2012-08-30 00:00:00+05:30,6.2,6.5,6.16,6.23,5796
2012-08-31 00:00:00+05:30,6.0,6.54,5.97,6.2,1334
2012-09-03 00:00:00+05:30,6.54,6.73,6.43,6.69,3103
2012-09-04 00:00:00+05:30,6.35,6.62,6.35,6.46,656
2012-09-05 00:00:00+05:30,6.35,6.73,6.35,6.73,788
2012-09-06 00:00:00+05:30,6.69,6.73,6.5,6.54,7340
2012-09-07 00:00:00+05:30,6.12,7.27,6.12,6.62,5256
2012-09-08 00:00:00+05:30,6.88,6.88,6.69,6.69,1503
2012-09-10 00:00:00+05:30,6.54,7.19,6.54,6.88,4740
2012-09-11 00:00:00+05:30,6.88,7.15,6.88,6.88,3578
2012-09-12 00:00:00+05:30,6.88,7.27,6.88,6.88,2425
2012-09-13 00:00:00+05:30,6.92,6.96,6.88,6.96,751
2012-09-14 00:00:00+05:30,6.92,7.46,6.88,7.04,6193
2012-09-17 00:00:00+05:30,6.88,7.46,6.88,7.46,5654
2012-09-18 00:00:00+05:30,7.42,8.41,7.34,7.88,10088
2012-09-20 00:00:00+05:30,7.92,7.99,7.5,7.61,5460
2012-09-21 00:00:00+05:30,7.65,7.8,6.73,7.08,21008
2012-09-24 00:00:00+05:30,7.04,7.53,6.88,7.11,2787
2012-09-25 00:00:00+05:30,6.92,6.96,6.88,6.96,1430
2012-09-26 00:00:00+05:30,6.88,6.92,6.35,6.73,687
2012-09-27 00:00:00+05:30,7.15,7.23,6.77,6.88,5153
2012-09-28 00:00:00+05:30,6.96,6.96,6.88,6.88,881
2012-10-01 00:00:00+05:30,6.88,6.88,6.88,6.88,2327
2012-10-03 00:00:00+05:30,6.88,7.65,6.88,7.11,3858
2012-10-04 00:00:00+05:30,7.34,7.5,7.08,7.46,1371
2012-10-05 00:00:00+05:30,7.46,7.5,7.04,7.3,1192
2012-10-08 00:00:00+05:30,7.65,8.76,7.61,8.68,86840
2012-10-09 00:00:00+05:30,8.8,8.8,8.11,8.53,38160
2012-10-10 00:00:00+05:30,8.41,8.64,7.92,8.15,4175
2012-10-11 00:00:00+05:30,8.03,8.41,7.53,7.8,4909
2012-10-12 00:00:00+05:30,8.15,8.15,7.34,7.42,13673
2012-10-15 00:00:00+05:30,7.65,7.65,7.19,7.23,10499
2012-10-16 00:00:00+05:30,7.27,7.27,7.11,7.27,2251
2012-10-17 00:00:00+05:30,7.46,8.15,7.27,7.42,5387
2012-10-18 00:00:00+05:30,7.53,7.65,7.34,7.57,1984
2012-10-19 00:00:00+05:30,7.42,7.42,7.23,7.27,1818
2012-10-22 00:00:00+05:30,7.27,7.46,7.0,7.11,8965
2012-10-23 00:00:00+05:30,6.88,7.19,6.88,7.08,6406
2012-10-25 00:00:00+05:30,7.19,7.27,7.0,7.15,1976
2012-10-29 00:00:00+05:30,7.5,7.5,6.92,7.08,339
2012-10-30 00:00:00+05:30,7.08,7.08,6.73,6.77,1787
2012-10-31 00:00:00+05:30,6.69,7.15,6.69,6.88,678
2012-11-01 00:00:00+05:30,6.73,6.96,6.73,6.77,426
2012-11-02 00:00:00+05:30,7.08,7.11,6.77,7.11,7197
2012-11-05 00:00:00+05:30,7.11,7.11,6.81,7.08,2379
2012-11-06 00:00:00+05:30,6.88,7.15,6.88,7.15,282
2012-11-07 00:00:00+05:30,6.88,6.96,6.65,6.96,5756
2012-11-08 00:00:00+05:30,7.0,7.04,6.62,7.04,3091
2012-11-09 00:00:00+05:30,6.85,6.85,6.69,6.73,264
2012-11-12 00:00:00+05:30,6.92,7.04,6.92,7.04,1307
2012-11-15 00:00:00+05:30,7.11,7.11,6.88,6.88,1401
2012-11-16 00:00:00+05:30,6.62,7.3,6.62,6.81,9224
2012-11-19 00:00:00+05:30,6.65,7.15,5.85,6.81,5962
2012-11-20 00:00:00+05:30,6.88,6.88,6.65,6.73,505
2012-11-21 00:00:00+05:30,6.88,6.88,6.88,6.88,1141
2012-11-22 00:00:00+05:30,6.92,7.11,6.23,6.77,1780
2012-11-23 00:00:00+05:30,7.27,7.27,6.65,6.92,6292
2012-11-26 00:00:00+05:30,6.65,6.88,6.65,6.88,1222
2012-11-27 00:00:00+05:30,6.69,6.92,6.69,6.88,4510
2012-11-29 00:00:00+05:30,6.88,7.19,6.88,7.19,6504
2012-11-30 00:00:00+05:30,6.96,7.08,6.88,6.88,3503
2012-12-03 00:00:00+05:30,6.85,7.27,6.54,7.27,1354
2012-12-04 00:00:00+05:30,7.04,7.04,6.88,7.0,1630
2012-12-05 00:00:00+05:30,6.85,7.08,6.85,7.08,2755
2012-12-06 00:00:00+05:30,6.88,7.46,6.88,7.11,3106
2012-12-07 00:00:00+05:30,7.08,7.5,6.92,6.96,10647
2012-12-10 00:00:00+05:30,7.46,7.46,6.88,7.23,11744
2012-12-11 00:00:00+05:30,6.96,7.15,6.81,6.81,2260
2012-12-12 00:00:00+05:30,6.69,7.04,6.69,6.96,2157
2012-12-13 00:00:00+05:30,7.11,7.11,6.69,6.88,686
2012-12-14 00:00:00+05:30,7.08,7.08,6.77,6.88,2587
2012-12-17 00:00:00+05:30,6.73,6.85,6.65,6.73,2805
2012-12-18 00:00:00+05:30,6.65,6.85,6.65,6.85,1266
2012-12-19 00:00:00+05:30,6.73,6.88,6.54,6.73,10916
2012-12-20 00:00:00+05:30,6.73,6.73,6.69,6.69,517
2012-12-21 00:00:00+05:30,6.85,6.88,6.85,6.88,369
2012-12-24 00:00:00+05:30,6.73,6.73,6.58,6.58,1017
2012-12-26 00:00:00+05:30,6.62,6.62,6.46,6.58,240
2012-12-27 00:00:00+05:30,6.62,7.3,6.62,7.0,5317
2012-12-28 00:00:00+05:30,6.88,7.04,6.65,6.85,5799
2012-12-31 00:00:00+05:30,7.08,7.15,6.73,7.15,1164
2013-01-01 00:00:00+05:30,7.27,7.27,6.73,6.88,4341
2013-01-02 00:00:00+05:30,7.19,7.27,6.81,7.04,9669
2013-01-03 00:00:00+05:30,6.81,7.27,6.5,6.88,4961
2013-01-04 00:00:00+05:30,7.15,7.57,7.11,7.27,13514
2013-01-07 00:00:00+05:30,7.3,7.65,7.27,7.57,29146
2013-01-08 00:00:00+05:30,7.65,7.69,7.46,7.61,29173
2013-01-09 00:00:00+05:30,7.42,7.92,7.08,7.57,22259
2013-01-10 00:00:00+05:30,7.5,7.65,7.34,7.5,1015
2013-01-11 00:00:00+05:30,7.65,7.65,7.19,7.46,29094
2013-01-14 00:00:00+05:30,7.34,7.42,6.88,7.42,9342
2013-01-15 00:00:00+05:30,7.34,7.53,7.04,7.19,7207
2013-01-16 00:00:00+05:30,6.92,7.27,6.88,7.27,2733
2013-01-17 00:00:00+05:30,7.08,7.27,6.96,6.96,1045
2013-01-18 00:00:00+05:30,7.08,7.08,6.65,6.88,26638
2013-01-21 00:00:00+05:30,7.08,7.08,6.69,6.69,275
2013-01-22 00:00:00+05:30,6.73,7.23,6.65,7.11,27412
2013-01-23 00:00:00+05:30,7.38,7.38,6.88,7.11,1236
2013-01-24 00:00:00+05:30,6.92,7.08,6.39,6.88,15374
2013-01-25 00:00:00+05:30,6.92,7.04,6.65,6.77,1813
2013-01-28 00:00:00+05:30,6.65,7.23,6.2,6.77,1103
2013-01-29 00:00:00+05:30,6.73,7.27,6.73,7.11,35921
2013-01-30 00:00:00+05:30,6.88,7.23,6.88,6.88,28752
2013-01-31 00:00:00+05:30,7.15,7.15,6.85,6.88,36455
2013-02-01 00:00:00+05:30,6.88,7.23,6.88,6.96,903
2013-02-04 00:00:00+05:30,6.85,6.88,6.85,6.88,434
2013-02-05 00:00:00+05:30,6.81,6.88,6.54,6.54,2703
2013-02-06 00:00:00+05:30,6.85,6.88,6.62,6.85,2686
2013-02-07 00:00:00+05:30,6.92,6.92,6.65,6.65,26296
2013-02-08 00:00:00+05:30,6.62,7.11,6.54,6.92,37199
2013-02-11 00:00:00+05:30,6.88,7.23,6.81,6.88,28955
2013-02-12 00:00:00+05:30,6.81,7.0,6.77,6.96,33042
2013-02-13 00:00:00+05:30,6.88,6.88,6.65,6.65,17322
2013-02-14 00:00:00+05:30,6.43,6.73,6.43,6.58,179
2013-02-15 00:00:00+05:30,6.46,6.5,6.16,6.46,2551
2013-02-18 00:00:00+05:30,6.39,6.62,6.31,6.54,27990
2013-02-19 00:00:00+05:30,6.39,6.69,6.35,6.43,16257
2013-02-20 00:00:00+05:30,6.35,6.65,6.35,6.62,1476
2013-02-21 00:00:00+05:30,6.69,6.69,6.27,6.31,1691
2013-02-22 00:00:00+05:30,6.5,6.5,6.5,6.5,26147
2013-02-25 00:00:00+05:30,6.27,6.73,6.27,6.35,34518
2013-02-26 00:00:00+05:30,6.27,6.39,6.12,6.31,30821
2013-02-27 00:00:00+05:30,6.04,6.39,5.81,5.97,28473
2013-02-28 00:00:00+05:30,6.46,6.46,5.81,6.04,6101
2013-03-01 00:00:00+05:30,5.93,6.08,5.43,6.04,556
2013-03-04 00:00:00+05:30,5.89,6.27,5.47,6.27,28182
2013-03-05 00:00:00+05:30,6.08,6.35,6.08,6.35,3646
2013-03-06 00:00:00+05:30,6.35,6.43,6.04,6.39,29930
2013-03-07 00:00:00+05:30,6.31,6.5,5.89,5.93,5702
2013-03-08 00:00:00+05:30,6.08,6.08,5.74,5.97,17882
2013-03-11 00:00:00+05:30,5.97,6.31,5.62,5.74,11740
2013-03-12 00:00:00+05:30,6.04,6.04,5.77,5.97,28126
2013-03-13 00:00:00+05:30,5.89,5.89,5.89,5.89,653
2013-03-14 00:00:00+05:30,6.27,6.27,5.66,6.08,486
2013-03-15 00:00:00+05:30,5.81,5.81,5.58,5.74,1917
2013-03-18 00:00:00+05:30,5.85,5.85,5.7,5.85,889
2013-03-19 00:00:00+05:30,5.85,5.85,5.66,5.7,4414
2013-03-20 00:00:00+05:30,5.55,5.58,5.47,5.55,3162
2013-03-21 00:00:00+05:30,5.51,5.51,5.35,5.35,5281
2013-03-22 00:00:00+05:30,5.35,5.47,5.35,5.35,3005
2013-03-25 00:00:00+05:30,5.35,5.55,5.12,5.16,22218
2013-03-26 00:00:00+05:30,5.28,5.43,4.97,5.16,3435
2013-03-28 00:00:00+05:30,5.05,5.39,4.59,4.78,45245
2013-04-01 00:00:00+05:30,5.24,5.35,4.67,5.35,21727
2013-04-02 00:00:00+05:30,5.01,5.12,5.01,5.01,1123
2013-04-03 00:00:00+05:30,5.12,5.51,5.01,5.47,2031
2013-04-04 00:00:00+05:30,5.35,5.35,5.2,5.28,2026
2013-04-05 00:00:00+05:30,5.28,5.35,5.28,5.28,6255
2013-04-08 00:00:00+05:30,5.2,5.55,5.2,5.39,156
2013-04-09 00:00:00+05:30,5.35,5.66,5.35,5.66,2197
2013-04-10 00:00:00+05:30,5.32,5.32,5.32,5.32,66
2013-04-11 00:00:00+05:30,5.32,5.35,5.28,5.28,100
2013-04-12 00:00:00+05:30,5.28,5.28,5.28,5.28,392
2013-04-16 00:00:00+05:30,5.2,5.77,4.78,5.55,68561
2013-04-17 00:00:00+05:30,6.12,6.23,5.55,5.55,13709
2013-04-22 00:00:00+05:30,5.28,5.28,5.24,5.28,261
2013-04-23 00:00:00+05:30,5.51,5.81,5.01,5.81,921
2013-04-25 00:00:00+05:30,5.47,5.93,5.47,5.55,1574
2013-04-26 00:00:00+05:30,5.35,5.43,5.32,5.43,887
2013-04-29 00:00:00+05:30,5.35,5.81,4.97,5.81,558
2013-04-30 00:00:00+05:30,5.47,5.47,5.24,5.28,1610
2013-05-02 00:00:00+05:30,5.12,5.35,5.12,5.28,311
2013-05-03 00:00:00+05:30,5.32,5.43,5.32,5.35,653
2013-05-06 00:00:00+05:30,5.51,6.0,5.32,5.35,2444
2013-05-07 00:00:00+05:30,5.93,5.93,5.85,5.85,251
2013-05-08 00:00:00+05:30,5.51,6.08,5.16,5.35,12969
2013-05-09 00:00:00+05:30,5.39,5.74,4.67,5.32,9453
2013-05-10 00:00:00+05:30,5.32,5.51,5.32,5.43,1242
2013-05-11 00:00:00+05:30,5.32,5.32,5.32,5.32,98
2013-05-13 00:00:00+05:30,5.35,5.35,5.32,5.35,4047
2013-05-14 00:00:00+05:30,5.43,5.77,4.93,5.77,2107
2013-05-15 00:00:00+05:30,5.62,6.04,5.32,5.39,2983
2013-05-16 00:00:00+05:30,5.43,6.0,5.43,5.62,12676
2013-05-17 00:00:00+05:30,5.62,6.04,5.62,5.97,675
2013-05-20 00:00:00+05:30,6.04,6.12,5.74,5.74,6936
2013-05-21 00:00:00+05:30,5.85,5.85,5.85,5.85,132
2013-05-22 00:00:00+05:30,5.74,6.12,5.74,5.74,1859
2013-05-23 00:00:00+05:30,6.16,6.31,5.77,5.97,3567
2013-05-24 00:00:00+05:30,5.74,6.31,5.55,5.77,2252
2013-05-27 00:00:00+05:30,6.12,6.31,5.81,5.85,2672
2013-05-28 00:00:00+05:30,6.88,6.88,5.93,6.16,334
2013-05-29 00:00:00+05:30,6.12,6.12,6.12,6.12,392
2013-05-30 00:00:00+05:30,6.0,6.12,5.89,5.93,532
2013-05-31 00:00:00+05:30,5.81,6.08,5.51,6.08,2470
2013-06-03 00:00:00+05:30,5.74,5.89,5.74,5.85,328
2013-06-04 00:00:00+05:30,5.97,6.62,5.39,6.16,3793
2013-06-05 00:00:00+05:30,6.12,6.5,6.12,6.46,2861
2013-06-06 00:00:00+05:30,6.46,6.88,6.46,6.62,2155
2013-06-07 00:00:00+05:30,7.0,7.88,6.54,6.88,20793
2013-06-10 00:00:00+05:30,6.69,6.69,5.85,6.12,3711
2013-06-11 00:00:00+05:30,6.04,7.3,5.81,6.88,17646
2013-06-12 00:00:00+05:30,6.65,6.85,5.7,6.5,4935
2013-06-13 00:00:00+05:30,6.5,6.5,6.5,6.5,1307
2013-06-14 00:00:00+05:30,6.5,6.54,6.5,6.54,1937
2013-06-17 00:00:00+05:30,6.39,7.08,6.39,6.58,1614
2013-06-18 00:00:00+05:30,6.46,6.58,6.43,6.43,2948
2013-06-19 00:00:00+05:30,6.35,6.85,6.35,6.43,10393
2013-06-21 00:00:00+05:30,6.27,6.27,6.04,6.12,234
2013-06-24 00:00:00+05:30,6.04,6.5,6.04,6.5,6509
2013-06-25 00:00:00+05:30,6.35,7.76,5.89,6.35,3410
2013-06-26 00:00:00+05:30,6.35,6.65,6.12,6.31,4876
2013-06-27 00:00:00+05:30,6.16,6.58,6.0,6.58,1622
2013-06-28 00:00:00+05:30,6.35,6.54,5.97,6.08,739
2013-07-01 00:00:00+05:30,6.04,6.69,6.0,6.04,3689
2013-07-02 00:00:00+05:30,6.12,6.58,6.12,6.31,278
2013-07-03 00:00:00+05:30,7.34,7.34,5.85,6.08,4592
2013-07-04 00:00:00+05:30,6.04,6.5,5.81,6.5,9609
2013-07-05 00:00:00+05:30,6.0,6.0,6.0,6.0,1307
2013-07-12 00:00:00+05:30,6.58,6.58,6.58,6.58,6
2013-07-15 00:00:00+05:30,5.93,5.93,5.7,5.7,1869
2013-07-16 00:00:00+05:30,4.63,4.97,4.63,4.97,784
2013-07-17 00:00:00+05:30,4.97,5.97,4.97,5.97,197
2013-07-24 00:00:00+05:30,4.9,4.9,4.44,4.44,806
2013-07-25 00:00:00+05:30,5.28,5.28,5.28,5.28,69
2013-07-26 00:00:00+05:30,4.67,4.67,4.67,4.67,653
2013-07-31 00:00:00+05:30,4.59,4.59,4.59,4.59,1044
2013-08-07 00:00:00+05:30,3.98,3.98,3.82,3.82,71
2013-08-14 00:00:00+05:30,3.82,3.82,3.82,3.82,1111
2013-08-16 00:00:00+05:30,3.82,4.21,3.82,4.21,2614
2013-08-19 00:00:00+05:30,4.63,4.63,3.82,3.9,2640
2013-08-20 00:00:00+05:30,3.9,3.9,3.9,3.9,130
2013-08-21 00:00:00+05:30,3.21,3.21,3.21,3.21,13
2013-08-22 00:00:00+05:30,3.82,3.82,3.1,3.1,143
2013-08-27 00:00:00+05:30,3.4,3.4,3.4,3.4,65
2013-08-28 00:00:00+05:30,3.4,3.44,3.4,3.44,163
2013-09-02 00:00:00+05:30,3.63,3.79,3.14,3.14,262
2013-09-04 00:00:00+05:30,3.29,3.29,3.29,3.29,1500
2013-09-05 00:00:00+05:30,3.44,3.44,3.44,3.44,196
2013-09-06 00:00:00+05:30,3.6,3.6,3.6,3.6,281
2013-09-11 00:00:00+05:30,3.75,3.75,3.75,3.75,1307
2013-09-12 00:00:00+05:30,3.9,3.9,3.9,3.9,1568
2013-09-13 00:00:00+05:30,4.02,4.09,4.02,4.09,2744
2013-09-16 00:00:00+05:30,4.28,4.28,3.94,4.05,4445
2013-09-17 00:00:00+05:30,4.25,4.25,4.25,4.25,1567
2013-09-18 00:00:00+05:30,4.44,4.44,4.44,4.44,163
2013-09-19 00:00:00+05:30,4.63,4.63,4.63,4.63,195105
2013-09-20 00:00:00+05:30,4.63,4.63,4.63,4.63,6
2013-09-23 00:00:00+05:30,4.59,4.59,4.59,4.59,1307
2013-09-24 00:00:00+05:30,4.47,4.59,4.47,4.59,912
2013-09-25 00:00:00+05:30,4.82,4.82,4.82,4.82,77461
2013-09-26 00:00:00+05:30,5.05,5.05,5.05,5.05,2614
2013-10-03 00:00:00+05:30,4.93,5.28,4.93,5.28,251
2013-10-04 00:00:00+05:30,5.47,5.47,5.47,5.47,2
2013-10-08 00:00:00+05:30,5.58,5.58,5.58,5.58,4843
2013-10-09 00:00:00+05:30,5.66,5.66,5.66,5.66,4747
2013-10-10 00:00:00+05:30,5.81,5.93,5.66,5.66,26408
2013-10-11 00:00:00+05:30,5.93,5.93,5.81,5.81,15
2013-10-14 00:00:00+05:30,6.04,6.04,6.04,6.04,13
2013-10-15 00:00:00+05:30,5.97,5.97,5.77,5.77,1653
2013-10-17 00:00:00+05:30,5.97,5.97,5.97,5.97,13
2013-10-18 00:00:00+05:30,5.7,5.85,5.7,5.85,1320
2013-10-22 00:00:00+05:30,5.74,5.74,5.74,5.74,169
2013-10-23 00:00:00+05:30,5.97,5.97,5.97,5.97,13
2013-10-24 00:00:00+05:30,5.7,5.7,5.7,5.7,2693
2013-10-28 00:00:00+05:30,5.43,5.47,5.43,5.47,1346
2013-10-30 00:00:00+05:30,5.2,5.2,5.2,5.2,9386
2013-11-01 00:00:00+05:30,5.2,5.2,4.97,4.97,3268
2013-11-03 00:00:00+05:30,4.78,4.78,4.78,4.78,392
2013-11-05 00:00:00+05:30,4.74,4.74,4.74,4.74,538
2013-11-06 00:00:00+05:30,4.59,4.59,4.59,4.59,196
2013-11-08 00:00:00+05:30,4.59,4.59,4.59,4.59,98
2013-11-12 00:00:00+05:30,4.59,4.59,4.59,4.59,196
2013-11-14 00:00:00+05:30,4.82,4.82,4.82,4.82,13073
2013-11-18 00:00:00+05:30,5.05,5.05,4.82,4.82,17648
2013-11-19 00:00:00+05:30,4.97,5.01,4.97,5.01,2431
2013-11-20 00:00:00+05:30,5.01,5.01,4.82,4.82,45
2013-11-21 00:00:00+05:30,4.82,4.97,4.82,4.97,981
2013-11-22 00:00:00+05:30,4.74,5.2,4.74,5.2,13727
2013-11-25 00:00:00+05:30,4.97,5.43,4.97,5.16,28067
2013-11-27 00:00:00+05:30,4.97,5.01,4.97,5.01,653
2013-11-28 00:00:00+05:30,4.86,4.86,4.86,4.86,653
2013-12-02 00:00:00+05:30,4.82,5.09,4.82,4.97,19811
2013-12-04 00:00:00+05:30,4.97,4.97,4.97,4.97,130
2013-12-05 00:00:00+05:30,4.97,4.97,4.78,4.78,1451
2013-12-06 00:00:00+05:30,4.67,4.67,4.67,4.67,6
2013-12-10 00:00:00+05:30,4.9,4.9,4.9,4.9,197
2013-12-11 00:00:00+05:30,4.9,4.9,4.9,4.9,196
2013-12-17 00:00:00+05:30,4.9,5.12,4.9,5.12,1639
2013-12-20 00:00:00+05:30,5.35,5.35,5.35,5.35,653
2013-12-26 00:00:00+05:30,5.35,5.35,5.16,5.16,2720
2013-12-27 00:00:00+05:30,4.93,5.35,4.93,5.35,2374
2013-12-30 00:00:00+05:30,5.62,5.62,5.62,5.62,13335
2013-12-31 00:00:00+05:30,5.62,5.62,5.35,5.35,588
2014-01-01 00:00:00+05:30,5.62,5.62,5.62,5.62,543
2014-01-02 00:00:00+05:30,5.7,5.89,5.7,5.89,4161
2014-01-07 00:00:00+05:30,5.81,5.81,5.62,5.62,163
2014-01-08 00:00:00+05:30,5.62,5.89,5.62,5.89,1802
2014-01-09 00:00:00+05:30,6.16,6.16,6.16,6.16,33841
2014-01-10 00:00:00+05:30,6.46,6.46,6.46,6.46,6923
2014-01-13 00:00:00+05:30,6.77,6.77,6.73,6.77,5222
2014-01-14 00:00:00+05:30,7.08,7.08,7.08,7.08,3686
2014-01-15 00:00:00+05:30,7.42,7.42,6.88,6.96,11256
2014-01-16 00:00:00+05:30,7.23,7.3,6.96,7.3,4394
2014-01-17 00:00:00+05:30,7.3,7.65,7.3,7.65,25132
2014-01-20 00:00:00+05:30,8.03,8.03,7.42,8.03,16752
2014-01-21 00:00:00+05:30,7.73,8.34,7.73,7.88,4671
2014-01-22 00:00:00+05:30,7.92,8.22,7.65,8.11,14749
2014-01-23 00:00:00+05:30,7.84,8.3,7.73,8.03,12792
2014-01-24 00:00:00+05:30,7.65,7.65,7.65,7.65,8105
2014-01-27 00:00:00+05:30,7.95,7.99,7.42,7.42,2680
2014-01-28 00:00:00+05:30,7.08,7.73,7.08,7.69,2774
2014-01-29 00:00:00+05:30,8.07,8.07,7.65,7.65,4371
2014-01-30 00:00:00+05:30,7.65,7.65,7.27,7.27,4072
2014-01-31 00:00:00+05:30,7.04,7.04,7.04,7.04,98
2014-02-03 00:00:00+05:30,7.38,7.38,7.38,7.38,522
2014-02-04 00:00:00+05:30,7.65,7.65,7.27,7.65,7582
2014-02-05 00:00:00+05:30,7.34,7.42,7.34,7.42,4319
2014-02-06 00:00:00+05:30,7.08,7.08,7.08,7.08,196
2014-02-07 00:00:00+05:30,6.88,6.92,6.88,6.88,847
2014-02-10 00:00:00+05:30,6.96,6.96,6.96,6.96,294
2014-02-11 00:00:00+05:30,7.3,7.3,7.3,7.3,1347
2014-02-12 00:00:00+05:30,7.19,7.65,7.19,7.61,1187
2014-02-13 00:00:00+05:30,7.65,7.84,7.65,7.65,452
2014-02-14 00:00:00+05:30,7.27,7.27,7.27,7.27,2215
2014-02-17 00:00:00+05:30,7.08,7.57,7.08,7.23,2234
2014-02-18 00:00:00+05:30,6.92,7.53,6.92,7.53,6817
2014-02-19 00:00:00+05:30,7.27,7.27,7.19,7.27,3040
2014-02-20 00:00:00+05:30,6.92,7.5,6.92,7.5,4463
2014-02-21 00:00:00+05:30,7.19,7.65,7.19,7.46,8962
2014-02-24 00:00:00+05:30,7.65,7.76,7.19,7.73,4052
2014-02-26 00:00:00+05:30,7.65,7.65,7.42,7.42,13
2014-03-03 00:00:00+05:30,7.53,7.57,7.53,7.57,261
2014-03-04 00:00:00+05:30,7.42,7.92,7.38,7.92,17645
2014-03-05 00:00:00+05:30,7.92,7.99,7.53,7.99,4404
2014-03-06 00:00:00+05:30,7.65,7.65,7.65,7.65,133
2014-03-07 00:00:00+05:30,7.27,7.65,7.27,7.61,2647
2014-03-10 00:00:00+05:30,7.27,7.46,7.27,7.46,1503
2014-03-11 00:00:00+05:30,7.46,7.73,7.11,7.57,524
2014-03-12 00:00:00+05:30,7.65,7.65,7.65,7.65,1
2014-03-13 00:00:00+05:30,7.27,7.27,7.27,7.27,196
2014-03-14 00:00:00+05:30,6.92,7.11,6.92,7.11,156
2014-03-18 00:00:00+05:30,6.81,7.04,6.81,7.04,7752
2014-03-19 00:00:00+05:30,6.81,7.08,6.69,7.08,366
2014-03-20 00:00:00+05:30,7.27,7.38,6.92,7.38,24154
2014-03-21 00:00:00+05:30,7.04,7.73,7.04,7.73,14320
2014-03-22 00:00:00+05:30,7.34,7.34,7.34,7.34,13
2014-03-24 00:00:00+05:30,7.69,7.69,7.69,7.69,1
2014-03-25 00:00:00+05:30,7.3,8.07,7.3,7.99,8550
2014-03-26 00:00:00+05:30,7.8,7.8,7.8,7.8,261
2014-03-27 00:00:00+05:30,7.8,7.8,7.8,7.8,2
2014-03-28 00:00:00+05:30,7.95,7.95,7.76,7.76,1763
2014-04-01 00:00:00+05:30,7.38,7.38,7.38,7.38,6
2014-04-02 00:00:00+05:30,7.04,7.73,7.04,7.73,3493
2014-04-03 00:00:00+05:30,8.11,8.11,7.34,8.11,15446
2014-04-04 00:00:00+05:30,7.73,7.73,7.73,7.73,785
2014-04-07 00:00:00+05:30,7.42,8.03,7.34,7.34,437
2014-04-09 00:00:00+05:30,7.27,7.65,7.15,7.15,4224
2014-04-10 00:00:00+05:30,7.27,7.5,7.15,7.5,4305
2014-04-11 00:00:00+05:30,7.84,7.84,7.3,7.69,8660
2014-04-15 00:00:00+05:30,7.84,7.84,7.65,7.73,3536
2014-04-16 00:00:00+05:30,7.42,7.65,7.42,7.65,847
2014-04-21 00:00:00+05:30,7.38,7.99,7.34,7.99,1516
2014-04-22 00:00:00+05:30,7.65,7.76,7.65,7.76,562
2014-04-23 00:00:00+05:30,8.11,8.15,8.11,8.15,12647
2014-04-25 00:00:00+05:30,8.11,8.11,8.11,8.11,1307
2014-04-28 00:00:00+05:30,7.73,7.99,7.73,7.73,751
2014-04-29 00:00:00+05:30,8.03,8.03,7.65,7.65,1431
2014-04-30 00:00:00+05:30,7.3,7.3,7.3,7.3,653
2014-05-02 00:00:00+05:30,7.65,7.65,7.61,7.61,1014
2014-05-05 00:00:00+05:30,7.95,7.95,7.95,7.95,2
2014-05-06 00:00:00+05:30,7.95,7.95,7.57,7.95,330
2014-05-07 00:00:00+05:30,7.69,7.88,7.69,7.88,358
2014-05-08 00:00:00+05:30,7.65,7.65,7.65,7.65,326
2014-05-09 00:00:00+05:30,7.95,7.95,7.27,7.73,1836
2014-05-12 00:00:00+05:30,7.34,7.73,7.34,7.65,3297
2014-05-13 00:00:00+05:30,7.27,8.03,7.27,7.65,1937
2014-05-14 00:00:00+05:30,7.3,7.8,7.3,7.65,7378
2014-05-15 00:00:00+05:30,7.65,7.65,7.65,7.65,4868
2014-05-16 00:00:00+05:30,8.03,8.03,7.3,7.65,11504
2014-05-19 00:00:00+05:30,7.95,8.03,7.65,7.76,9419
2014-05-20 00:00:00+05:30,7.65,8.15,7.65,8.15,18711
2014-05-21 00:00:00+05:30,7.84,8.41,7.84,8.34,4560
2014-05-22 00:00:00+05:30,8.38,8.72,8.3,8.72,25335
2014-05-23 00:00:00+05:30,9.1,9.14,8.64,9.14,10760
2014-05-26 00:00:00+05:30,9.18,9.56,8.8,8.8,17270
2014-05-27 00:00:00+05:30,8.41,8.95,8.41,8.95,2043
2014-05-28 00:00:00+05:30,8.53,9.18,8.53,8.91,7917
2014-05-29 00:00:00+05:30,8.8,8.8,8.8,8.8,653
2014-05-30 00:00:00+05:30,8.8,8.8,8.49,8.8,3431
2014-06-02 00:00:00+05:30,9.22,9.22,9.22,9.22,555
2014-06-03 00:00:00+05:30,9.68,9.68,9.68,9.68,366
2014-06-04 00:00:00+05:30,9.98,10.13,9.37,10.13,10719
2014-06-05 00:00:00+05:30,10.33,10.63,10.33,10.48,1874
2014-06-06 00:00:00+05:30,10.36,10.98,10.33,10.98,2157
2014-06-09 00:00:00+05:30,11.51,11.51,11.51,11.51,9667
2014-06-10 00:00:00+05:30,12.09,12.09,12.09,12.09,4547
2014-06-11 00:00:00+05:30,12.66,12.66,12.66,12.66,33054
2014-06-12 00:00:00+05:30,12.77,13.0,12.66,12.96,35403
2014-06-13 00:00:00+05:30,12.39,12.96,12.39,12.39,4144
2014-06-16 00:00:00+05:30,12.39,12.39,12.39,12.39,392
2015-12-28 00:00:00+05:30,47.58,50.1,46.66,48.65,652136
2015-12-29 00:00:00+05:30,48.88,48.95,45.89,46.54,227922
2015-12-30 00:00:00+05:30,46.62,47.81,45.32,45.74,165244
2015-12-31 00:00:00+05:30,45.89,46.62,45.28,45.82,90596
2016-01-01 00:00:00+05:30,46.24,48.04,45.82,46.62,126089
2016-01-04 00:00:00+05:30,46.16,47.27,44.82,45.09,93342
2016-01-05 00:00:00+05:30,44.86,48.07,44.75,47.27,227547
2016-01-06 00:00:00+05:30,46.66,47.31,45.13,45.36,98046
2016-01-07 00:00:00+05:30,44.9,44.9,42.26,42.68,88314
2016-01-08 00:00:00+05:30,44.25,44.29,42.91,43.14,75578
2016-01-11 00:00:00+05:30,42.41,43.22,41.0,42.6,52613
2016-01-12 00:00:00+05:30,43.22,43.29,41.0,41.23,48487
2016-01-13 00:00:00+05:30,43.45,44.59,38.05,40.81,306411
2016-01-14 00:00:00+05:30,39.77,40.16,38.32,38.89,102502
2016-01-15 00:00:00+05:30,40.0,40.54,36.98,37.82,97289
2016-01-18 00:00:00+05:30,36.18,37.33,33.77,34.23,114137
2016-01-19 00:00:00+05:30,34.69,37.02,34.5,35.64,72016
2016-01-20 00:00:00+05:30,34.42,34.96,33.73,34.31,51567
2016-01-21 00:00:00+05:30,34.76,35.8,32.85,33.77,74642
2016-01-22 00:00:00+05:30,34.57,36.87,34.42,36.33,75439
2016-01-25 00:00:00+05:30,36.98,38.09,36.18,37.29,60195
2016-01-27 00:00:00+05:30,37.29,38.4,37.1,37.52,47746
2016-01-28 00:00:00+05:30,37.56,38.4,37.21,37.48,30838
2016-01-29 00:00:00+05:30,36.91,39.16,36.87,37.94,66563
2016-02-01 00:00:00+05:30,38.36,42.45,38.05,40.77,386173
2016-02-02 00:00:00+05:30,41.46,41.46,39.05,39.47,75598
2016-02-03 00:00:00+05:30,38.67,38.78,37.17,37.52,55048
2016-02-04 00:00:00+05:30,36.91,38.7,35.34,36.18,60319
2016-02-05 00:00:00+05:30,36.6,36.64,35.49,36.37,53752
2016-02-08 00:00:00+05:30,35.99,37.37,35.95,36.33,29168
2016-02-09 00:00:00+05:30,34.99,36.22,34.96,35.72,37990
2016-02-10 00:00:00+05:30,35.34,35.41,34.08,34.65,36661
2016-02-11 00:00:00+05:30,34.69,34.99,32.05,32.85,76092
2016-02-12 00:00:00+05:30,33.69,35.19,31.36,33.08,52106
2016-02-15 00:00:00+05:30,33.12,36.64,33.08,35.11,83780
2016-02-16 00:00:00+05:30,35.38,36.71,32.28,32.85,44251
2016-02-17 00:00:00+05:30,32.78,32.78,30.37,31.97,39272
2016-02-18 00:00:00+05:30,32.01,33.58,31.74,31.93,20498
2016-02-19 00:00:00+05:30,31.86,32.89,31.74,31.9,30217
2016-02-22 00:00:00+05:30,32.55,33.27,32.09,32.16,16444
2016-02-23 00:00:00+05:30,32.16,32.74,31.44,31.78,20315
2016-02-24 00:00:00+05:30,31.78,31.78,30.6,30.79,27478
2016-02-25 00:00:00+05:30,31.21,31.21,30.06,30.33,10823
2016-02-26 00:00:00+05:30,30.44,31.74,30.29,31.51,57571
2016-02-29 00:00:00+05:30,31.09,31.82,30.4,31.21,5904
2016-03-01 00:00:00+05:30,31.21,32.66,30.83,32.16,15825
2016-03-02 00:00:00+05:30,32.39,34.42,32.36,32.58,51016
2016-03-03 00:00:00+05:30,32.66,35.07,32.66,34.31,81436
2016-03-04 00:00:00+05:30,34.15,35.95,33.92,34.34,50253
2016-03-08 00:00:00+05:30,34.46,35.95,33.81,34.34,35317
2016-03-09 00:00:00+05:30,34.42,35.57,33.62,34.19,35196
2016-03-10 00:00:00+05:30,34.42,35.15,34.04,34.65,45338
2016-03-11 00:00:00+05:30,34.5,35.61,34.15,34.73,26906
2016-03-14 00:00:00+05:30,34.92,35.57,34.11,34.42,38121
2016-03-15 00:00:00+05:30,34.38,35.03,33.73,33.92,16526
2016-03-16 00:00:00+05:30,34.08,34.96,32.58,33.31,17669
2016-03-17 00:00:00+05:30,33.12,34.34,33.01,33.39,23327
2016-03-18 00:00:00+05:30,33.23,34.04,32.32,33.81,61146
2016-03-21 00:00:00+05:30,34.5,36.91,34.38,36.22,380175
2016-03-22 00:00:00+05:30,36.91,38.24,36.41,37.4,273081
2016-03-23 00:00:00+05:30,37.14,38.09,36.14,36.52,42841
2016-03-28 00:00:00+05:30,36.49,36.91,33.96,34.31,36235
2016-03-29 00:00:00+05:30,34.38,35.07,33.88,34.46,175110
2016-03-30 00:00:00+05:30,34.42,36.6,34.27,35.15,56722
2016-03-31 00:00:00+05:30,34.84,35.87,34.42,34.84,43534
2016-04-01 00:00:00+05:30,35.53,36.33,34.73,35.64,15259
2016-04-04 00:00:00+05:30,35.26,37.48,35.26,36.79,61723
2016-04-05 00:00:00+05:30,36.49,37.75,36.06,36.49,19913
2016-04-06 00:00:00+05:30,36.37,37.48,36.33,36.98,45194
2016-04-07 00:00:00+05:30,36.87,37.67,36.29,36.41,30384
2016-04-08 00:00:00+05:30,36.68,37.48,36.33,36.91,37133
2016-04-11 00:00:00+05:30,37.21,37.29,36.06,36.56,41809
2016-04-12 00:00:00+05:30,36.14,36.91,36.14,36.45,11414
2016-04-13 00:00:00+05:30,36.37,37.86,36.33,36.6,54906
2016-04-18 00:00:00+05:30,35.87,37.4,35.87,36.71,38447
2016-04-20 00:00:00+05:30,36.26,37.21,36.14,36.37,32071
2016-04-21 00:00:00+05:30,36.71,37.06,35.95,36.06,16654
2016-04-22 00:00:00+05:30,35.72,38.24,35.38,37.14,86462
2016-04-25 00:00:00+05:30,37.21,37.71,36.14,36.56,34558
2016-04-26 00:00:00+05:30,36.45,40.35,36.18,38.55,132418
2016-04-27 00:00:00+05:30,38.89,38.97,37.56,37.67,51956
2016-04-28 00:00:00+05:30,37.63,38.7,36.83,36.87,69482
2016-04-29 00:00:00+05:30,36.94,38.17,36.91,37.17,29449
2016-05-02 00:00:00+05:30,37.44,37.56,36.87,37.17,35555
2016-05-03 00:00:00+05:30,37.02,40.23,37.02,38.74,203909
2016-05-04 00:00:00+05:30,38.44,38.97,37.14,37.52,65279
2016-05-05 00:00:00+05:30,37.82,37.82,36.64,36.83,33552
2016-05-06 00:00:00+05:30,36.71,37.75,36.06,36.75,33336
2016-05-09 00:00:00+05:30,36.83,38.05,36.37,36.91,29217
2016-05-10 00:00:00+05:30,36.37,37.29,35.61,36.03,42625
2016-05-11 00:00:00+05:30,35.61,38.93,35.49,36.94,89322
2016-05-12 00:00:00+05:30,38.93,40.04,37.52,37.56,210606
2016-05-13 00:00:00+05:30,37.44,38.05,37.06,37.17,45100
2016-05-16 00:00:00+05:30,37.02,39.01,36.98,38.24,81186
2016-05-17 00:00:00+05:30,38.32,41.0,37.86,38.7,81358
2016-05-18 00:00:00+05:30,38.7,38.7,37.44,38.28,40601
2016-05-19 00:00:00+05:30,38.32,40.42,37.1,37.37,75012
2016-05-20 00:00:00+05:30,36.94,38.13,36.45,36.75,27121
2016-05-23 00:00:00+05:30,36.45,37.75,36.22,36.45,14081
2016-05-24 00:00:00+05:30,36.75,37.17,35.41,35.91,33018
2016-05-25 00:00:00+05:30,35.61,37.1,35.3,36.06,37797
2016-05-26 00:00:00+05:30,36.6,36.64,35.68,36.14,29393
2016-05-27 00:00:00+05:30,35.95,37.29,35.95,36.52,48698
2016-05-30 00:00:00+05:30,37.06,37.48,36.33,36.75,22698
2016-05-31 00:00:00+05:30,36.33,36.64,35.41,35.64,31536
2016-06-01 00:00:00+05:30,35.61,36.06,34.27,35.91,53573
2016-06-02 00:00:00+05:30,35.95,36.75,35.26,35.41,8305
2016-06-03 00:00:00+05:30,35.99,36.29,35.34,35.41,22076
2016-06-06 00:00:00+05:30,34.88,36.1,34.5,34.76,22817
2016-06-07 00:00:00+05:30,35.91,35.95,34.8,35.34,28618
2016-06-08 00:00:00+05:30,35.95,38.02,35.41,36.91,89006
2016-06-09 00:00:00+05:30,36.41,37.4,36.1,36.29,42136
2016-06-10 00:00:00+05:30,36.56,37.33,36.1,36.49,128088
2016-06-13 00:00:00+05:30,37.06,37.86,36.79,37.52,121716
2016-06-14 00:00:00+05:30,37.14,38.05,36.75,36.87,27840
2016-06-15 00:00:00+05:30,37.71,41.23,36.75,40.0,184106
2016-06-16 00:00:00+05:30,41.07,41.15,37.25,39.39,143283
2016-06-17 00:00:00+05:30,40.2,40.2,38.32,38.59,23688
2016-06-20 00:00:00+05:30,37.14,38.89,37.14,37.82,9384
2016-06-21 00:00:00+05:30,37.48,38.47,37.14,37.29,21707
2016-06-22 00:00:00+05:30,38.05,38.05,36.79,36.94,12413
2016-06-23 00:00:00+05:30,36.18,37.59,32.51,36.33,108200
2016-06-24 00:00:00+05:30,35.57,35.95,33.66,35.68,47520
2016-06-27 00:00:00+05:30,35.19,36.68,35.19,36.22,19240
2016-06-28 00:00:00+05:30,37.44,37.44,35.38,35.61,19188
2016-06-29 00:00:00+05:30,36.64,37.4,35.99,37.06,39621
2016-06-30 00:00:00+05:30,37.17,37.63,36.49,37.17,32315
2016-07-01 00:00:00+05:30,37.48,41.3,37.48,39.2,455252
2016-07-04 00:00:00+05:30,39.74,40.39,38.74,39.81,136091
2016-07-05 00:00:00+05:30,39.39,39.62,38.74,38.82,41548
2016-07-07 00:00:00+05:30,39.47,39.47,37.56,38.21,40489
2016-07-08 00:00:00+05:30,37.9,38.97,37.37,37.67,36676
2016-07-11 00:00:00+05:30,38.21,40.2,37.79,38.97,83967
2016-07-12 00:00:00+05:30,39.01,39.58,38.4,39.09,36420
2016-07-13 00:00:00+05:30,39.39,40.12,38.28,38.44,31165
2016-07-14 00:00:00+05:30,38.67,40.16,38.24,38.89,75776
2016-07-15 00:00:00+05:30,40.39,43.1,39.7,41.07,865284
2016-07-18 00:00:00+05:30,41.46,42.6,40.88,41.15,277218
2016-07-19 00:00:00+05:30,41.53,41.53,39.24,39.77,94369
2016-07-20 00:00:00+05:30,40.35,40.96,39.24,40.2,109213
2016-07-21 00:00:00+05:30,40.46,40.46,39.35,39.47,37343
2016-07-22 00:00:00+05:30,39.74,41.19,39.24,39.62,68208
2016-07-25 00:00:00+05:30,39.85,40.77,39.24,39.85,97527
2016-07-26 00:00:00+05:30,39.47,40.12,39.05,39.2,54259
2016-07-27 00:00:00+05:30,38.24,39.55,38.24,38.67,45604
2016-07-28 00:00:00+05:30,39.05,39.77,39.01,39.58,29828
2016-07-29 00:00:00+05:30,39.28,40.88,39.2,39.7,99871
2016-08-01 00:00:00+05:30,39.85,40.54,38.86,39.32,44645
2016-08-02 00:00:00+05:30,39.35,39.93,38.67,38.7,60393
2016-08-03 00:00:00+05:30,38.47,39.01,37.33,38.13,70837
2016-08-04 00:00:00+05:30,38.78,40.46,38.28,39.09,56841
2016-08-05 00:00:00+05:30,39.05,39.77,39.01,39.16,40006
2016-08-08 00:00:00+05:30,39.93,40.35,38.24,38.97,51750
2016-08-09 00:00:00+05:30,39.7,39.7,38.51,38.55,22627
2016-08-10 00:00:00+05:30,39.35,39.35,37.25,37.94,38056
2016-08-11 00:00:00+05:30,38.02,38.78,37.4,37.59,16611
2016-08-12 00:00:00+05:30,38.32,38.32,36.79,37.21,25092
2016-08-16 00:00:00+05:30,37.29,37.48,36.71,36.75,17693
2016-08-17 00:00:00+05:30,36.87,37.44,35.49,35.68,29967
2016-08-18 00:00:00+05:30,36.29,36.29,35.41,35.76,42197
2016-08-19 00:00:00+05:30,36.26,36.33,35.45,35.64,36569
2016-08-22 00:00:00+05:30,35.68,36.29,35.45,35.84,33235
2016-08-23 00:00:00+05:30,35.8,36.68,35.19,36.26,33832
2016-08-24 00:00:00+05:30,36.26,37.1,36.1,36.49,39557
2016-08-25 00:00:00+05:30,36.83,36.94,35.76,35.99,17475
2016-08-26 00:00:00+05:30,36.18,36.26,35.26,35.91,13790
2016-08-29 00:00:00+05:30,35.64,36.03,35.03,35.64,47440
2016-08-30 00:00:00+05:30,35.57,38.13,35.22,37.52,95538
2016-08-31 00:00:00+05:30,37.52,38.47,35.95,36.45,56260
2016-09-01 00:00:00+05:30,36.03,36.71,35.41,35.64,32756
2016-09-02 00:00:00+05:30,36.33,38.05,35.57,36.91,93850
2016-09-06 00:00:00+05:30,37.4,39.58,36.41,38.89,123362
2016-09-07 00:00:00+05:30,39.35,41.15,39.05,39.58,199773
2016-09-08 00:00:00+05:30,39.2,40.46,38.82,39.39,49490
2016-09-09 00:00:00+05:30,39.74,40.16,38.93,39.16,42753
2016-09-12 00:00:00+05:30,38.32,38.63,37.44,37.67,44113
2016-09-14 00:00:00+05:30,38.24,40.12,37.86,39.51,36777
2016-09-15 00:00:00+05:30,39.58,39.66,38.21,38.44,37186
2016-09-16 00:00:00+05:30,38.63,39.16,37.29,37.52,39894
2016-09-19 00:00:00+05:30,38.7,38.7,37.48,38.13,33052
2016-09-20 00:00:00+05:30,38.74,39.01,37.98,38.17,52926
2016-09-21 00:00:00+05:30,38.36,42.99,38.09,40.85,445719
2016-09-22 00:00:00+05:30,42.03,42.3,40.62,40.92,58304
2016-09-23 00:00:00+05:30,41.57,43.87,40.92,41.61,226740
2016-09-26 00:00:00+05:30,41.61,42.76,40.92,41.0,76086
2016-09-27 00:00:00+05:30,40.92,42.07,40.42,40.62,54848
2016-09-28 00:00:00+05:30,40.2,41.42,39.58,41.19,61345
2016-09-29 00:00:00+05:30,41.23,42.45,36.41,37.44,155680
2016-09-30 00:00:00+05:30,36.83,39.01,36.79,38.24,72885
2016-10-03 00:00:00+05:30,38.36,39.77,38.32,39.47,28743
2016-10-04 00:00:00+05:30,40.16,40.54,38.78,40.08,48634
2016-10-05 00:00:00+05:30,40.88,40.88,39.09,39.89,41625
2016-10-06 00:00:00+05:30,40.73,41.92,39.55,39.85,55781
2016-10-07 00:00:00+05:30,40.0,41.15,39.77,40.0,30695
2016-10-10 00:00:00+05:30,40.27,48.0,40.27,48.0,998720
2016-10-13 00:00:00+05:30,49.18,54.92,48.49,52.32,2086681
2016-10-14 00:00:00+05:30,52.66,60.35,51.55,59.05,3347732
2016-10-17 00:00:00+05:30,59.39,61.04,57.41,58.17,1063819
2016-10-18 00:00:00+05:30,58.71,59.59,56.68,56.95,355911
2016-10-19 00:00:00+05:30,56.95,57.37,55.15,56.33,217567
2016-10-20 00:00:00+05:30,56.91,59.66,55.53,58.29,456160
2016-10-21 00:00:00+05:30,58.51,58.51,55.84,56.87,200732
2016-10-24 00:00:00+05:30,56.87,58.74,55.68,56.11,155005
2016-10-25 00:00:00+05:30,56.6,56.6,54.31,54.88,113581
2016-10-26 00:00:00+05:30,54.92,57.94,53.54,55.15,178237
2016-10-27 00:00:00+05:30,55.15,56.26,52.85,54.31,102244
2016-10-28 00:00:00+05:30,54.31,56.45,53.54,55.76,128751
2016-10-30 00:00:00+05:30,56.22,56.98,54.69,55.38,49714
2016-11-01 00:00:00+05:30,53.93,55.84,52.78,53.43,181138
2016-11-02 00:00:00+05:30,52.47,53.16,51.48,51.78,124962
2016-11-03 00:00:00+05:30,52.09,54.23,50.83,51.48,67843
2016-11-04 00:00:00+05:30,52.55,52.62,47.81,48.61,148399
2016-11-07 00:00:00+05:30,49.72,57.06,49.72,52.93,1043062
2016-11-08 00:00:00+05:30,53.77,55.0,51.67,52.28,180402
2016-11-09 00:00:00+05:30,44.06,52.01,42.45,50.48,245024
2016-11-10 00:00:00+05:30,53.5,54.15,51.06,51.29,73580
2016-11-11 00:00:00+05:30,50.52,52.28,48.57,48.92,51288
2016-11-15 00:00:00+05:30,48.26,48.26,40.77,41.57,225881
2016-11-16 00:00:00+05:30,42.22,43.14,40.54,41.61,65474
2016-11-17 00:00:00+05:30,41.99,41.99,38.02,38.28,106898
2016-11-18 00:00:00+05:30,38.47,40.85,37.63,38.44,97427
2016-11-21 00:00:00+05:30,38.59,39.2,35.8,36.22,154753
2016-11-22 00:00:00+05:30,36.75,37.1,32.97,35.64,141323
2016-11-23 00:00:00+05:30,36.94,41.84,34.99,40.54,214932
2016-11-24 00:00:00+05:30,39.55,42.07,39.2,40.23,128063
2016-11-25 00:00:00+05:30,40.42,45.74,40.16,43.83,524056
2016-11-28 00:00:00+05:30,43.68,46.12,42.53,43.48,172525
2016-11-29 00:00:00+05:30,43.83,45.05,43.06,43.41,72738
2016-11-30 00:00:00+05:30,42.68,44.59,42.68,43.45,56726
2016-12-01 00:00:00+05:30,43.98,44.25,41.95,42.15,55157
2016-12-02 00:00:00+05:30,42.83,44.67,41.3,42.53,74038
2016-12-05 00:00:00+05:30,42.49,44.17,42.45,42.87,52082
2016-12-06 00:00:00+05:30,43.6,44.21,42.6,42.95,65254
2016-12-07 00:00:00+05:30,43.1,43.79,41.99,42.41,56742
2016-12-08 00:00:00+05:30,43.14,43.79,42.68,42.95,47184
2016-12-09 00:00:00+05:30,42.64,46.96,42.6,45.4,360479
2016-12-12 00:00:00+05:30,46.12,46.12,44.33,44.44,38919
2016-12-13 00:00:00+05:30,44.33,44.98,43.18,43.68,40457
2016-12-14 00:00:00+05:30,44.21,44.29,42.07,42.38,36326
2016-12-15 00:00:00+05:30,42.22,43.6,42.11,42.53,27811
2016-12-16 00:00:00+05:30,42.72,43.29,42.3,42.72,61326
2016-12-19 00:00:00+05:30,43.25,43.25,41.46,41.69,40298
2016-12-20 00:00:00+05:30,42.07,43.94,41.3,41.46,170258
2016-12-21 00:00:00+05:30,42.07,42.49,40.65,41.84,43118
2016-12-22 00:00:00+05:30,41.69,41.99,40.46,40.65,52894
2016-12-23 00:00:00+05:30,40.73,41.84,39.7,40.39,60954
2016-12-26 00:00:00+05:30,39.85,40.46,38.93,39.01,32680
2016-12-27 00:00:00+05:30,39.77,40.16,38.4,39.43,20418
2016-12-28 00:00:00+05:30,39.74,41.07,39.7,40.12,41442
2016-12-29 00:00:00+05:30,40.65,40.96,39.93,40.73,29401
2016-12-30 00:00:00+05:30,41.07,45.05,41.07,44.52,399905
2017-01-02 00:00:00+05:30,45.01,47.35,42.95,45.7,181516
2017-01-03 00:00:00+05:30,45.89,47.65,45.55,47.08,121271
2017-01-04 00:00:00+05:30,46.96,47.77,44.86,45.4,116670
2017-01-05 00:00:00+05:30,45.78,47.35,45.7,46.12,27674
2017-01-06 00:00:00+05:30,46.08,46.2,44.67,45.09,35479
2017-01-09 00:00:00+05:30,45.66,45.7,43.98,44.36,31384
2017-01-10 00:00:00+05:30,44.9,46.96,44.59,45.82,74393
2017-01-11 00:00:00+05:30,46.12,47.08,45.59,46.01,57909
2017-01-12 00:00:00+05:30,46.01,51.09,45.36,49.26,440460
2017-01-13 00:00:00+05:30,49.49,52.17,49.49,51.06,393064
2017-01-16 00:00:00+05:30,50.6,52.7,49.41,51.48,81165
2017-01-17 00:00:00+05:30,51.48,52.59,49.95,50.22,66722
2017-01-18 00:00:00+05:30,50.44,51.63,49.49,49.99,48482
2017-01-19 00:00:00+05:30,50.25,50.9,49.87,49.99,59434
2017-01-20 00:00:00+05:30,48.72,53.27,48.72,50.29,246348
2017-01-23 00:00:00+05:30,49.72,52.32,49.68,51.06,73743
2017-01-24 00:00:00+05:30,50.87,51.63,50.48,51.17,39585
2017-01-25 00:00:00+05:30,51.21,51.63,50.22,50.41,43538
2017-01-27 00:00:00+05:30,50.67,51.4,48.49,49.76,144100
2017-01-30 00:00:00+05:30,48.99,49.6,48.19,48.49,58521
2017-01-31 00:00:00+05:30,48.53,48.53,46.24,46.58,88087
2017-02-01 00:00:00+05:30,46.39,48.8,45.97,47.46,60072
2017-02-02 00:00:00+05:30,47.35,48.72,47.23,48.04,54075
2017-02-03 00:00:00+05:30,47.5,48.88,47.5,47.92,51614
2017-02-06 00:00:00+05:30,48.11,48.92,47.81,48.19,50631
2017-02-07 00:00:00+05:30,48.19,48.8,47.81,48.0,19317
2017-02-08 00:00:00+05:30,48.38,50.25,47.58,49.87,72400
2017-02-09 00:00:00+05:30,50.33,50.87,49.53,49.87,34938
2017-02-10 00:00:00+05:30,49.79,51.55,47.42,49.45,30759
2017-02-13 00:00:00+05:30,48.95,50.48,47.42,49.45,69286
2017-02-14 00:00:00+05:30,48.95,50.41,48.19,49.68,50823
2017-02-15 00:00:00+05:30,49.83,50.41,47.04,47.54,58442
2017-02-16 00:00:00+05:30,46.85,48.11,46.31,46.89,87048
2017-02-17 00:00:00+05:30,47.23,48.04,46.39,46.89,57726
2017-02-20 00:00:00+05:30,47.42,51.71,47.42,51.4,311688
2017-02-21 00:00:00+05:30,51.86,54.69,51.86,52.97,558175
2017-02-22 00:00:00+05:30,53.89,55.61,52.93,54.38,445940
2017-02-23 00:00:00+05:30,54.61,54.61,52.01,52.74,99550
2017-02-27 00:00:00+05:30,53.5,57.9,52.97,56.72,505415
2017-02-28 00:00:00+05:30,57.25,59.97,57.25,59.01,423179
2017-03-01 00:00:00+05:30,59.39,59.39,55.68,56.11,228077
2017-03-02 00:00:00+05:30,56.64,57.21,54.61,54.92,131487
2017-03-03 00:00:00+05:30,55.68,55.68,52.78,53.54,113271
2017-03-06 00:00:00+05:30,54.69,57.6,54.31,55.84,163438
2017-03-07 00:00:00+05:30,56.33,57.21,54.92,55.57,89017
2017-03-08 00:00:00+05:30,56.18,56.18,53.24,53.73,72280
2017-03-09 00:00:00+05:30,53.5,54.31,52.55,53.31,64572
2017-03-10 00:00:00+05:30,53.54,54.0,52.93,53.12,34961
2017-03-14 00:00:00+05:30,54.12,55.03,53.54,54.46,100804
2017-03-15 00:00:00+05:30,54.8,55.03,53.43,53.66,51641
2017-03-16 00:00:00+05:30,54.8,54.8,53.73,53.85,38345
2017-03-17 00:00:00+05:30,54.15,54.69,52.93,53.24,71864
2017-03-20 00:00:00+05:30,53.62,54.15,52.13,52.66,55218
2017-03-21 00:00:00+05:30,53.01,53.05,51.67,51.82,66662
2017-03-22 00:00:00+05:30,51.63,53.2,50.67,51.97,71337
2017-03-23 00:00:00+05:30,52.36,54.84,52.01,53.7,139013
2017-03-24 00:00:00+05:30,54.12,54.19,53.2,53.47,30261
2017-03-27 00:00:00+05:30,53.62,54.12,52.4,52.7,62766
2017-03-28 00:00:00+05:30,53.5,53.5,52.09,52.4,45940
2017-03-29 00:00:00+05:30,52.7,55.07,52.59,53.35,96851
2017-03-30 00:00:00+05:30,53.93,55.07,53.58,54.0,83357
2017-03-31 00:00:00+05:30,54.46,54.46,52.17,53.43,51395
2017-04-03 00:00:00+05:30,53.89,54.69,53.7,54.15,60434
2017-04-05 00:00:00+05:30,54.46,59.43,54.46,58.4,327646
2017-04-06 00:00:00+05:30,58.06,65.4,57.56,63.14,1237750
2017-04-07 00:00:00+05:30,62.64,63.07,59.66,59.93,273143
2017-04-10 00:00:00+05:30,60.43,65.28,60.27,62.07,682762
2017-04-11 00:00:00+05:30,62.38,63.37,61.19,61.42,113756
2017-04-12 00:00:00+05:30,61.92,61.96,58.9,60.31,126056
2017-04-13 00:00:00+05:30,61.04,61.04,58.48,58.94,104739
2017-04-17 00:00:00+05:30,59.28,61.5,58.71,59.93,112198
2017-04-18 00:00:00+05:30,60.16,61.19,57.25,57.75,141372
2017-04-19 00:00:00+05:30,58.59,59.43,57.06,57.56,82821
2017-04-20 00:00:00+05:30,58.59,60.77,56.83,60.2,105070
2017-04-21 00:00:00+05:30,60.96,61.65,59.39,59.97,73751
2017-04-24 00:00:00+05:30,59.97,60.24,58.32,58.78,72479
2017-04-25 00:00:00+05:30,59.66,60.96,58.21,59.85,127050
2017-04-26 00:00:00+05:30,60.35,61.0,57.86,58.48,90779
2017-04-27 00:00:00+05:30,58.48,60.43,57.67,58.06,113295
2017-04-28 00:00:00+05:30,58.29,59.51,58.17,58.97,55195
2017-05-02 00:00:00+05:30,59.28,59.89,57.75,58.09,52724
2017-05-03 00:00:00+05:30,58.67,60.35,57.63,58.29,38139
2017-05-04 00:00:00+05:30,57.75,62.57,57.63,61.31,366154
2017-05-05 00:00:00+05:30,61.57,62.03,58.97,59.43,110335
2017-05-08 00:00:00+05:30,59.62,60.39,58.9,59.32,45523
2017-05-09 00:00:00+05:30,59.05,61.5,59.05,59.51,76814
2017-05-10 00:00:00+05:30,60.62,61.12,59.89,60.16,84482
2017-05-11 00:00:00+05:30,61.08,61.08,58.74,59.28,54419
2017-05-12 00:00:00+05:30,59.32,61.19,58.55,59.78,64871
2017-05-15 00:00:00+05:30,59.85,61.27,58.44,60.73,76873
2017-05-16 00:00:00+05:30,60.39,60.89,59.62,60.04,45611
2017-05-17 00:00:00+05:30,59.78,60.58,59.36,59.55,59757
2017-05-18 00:00:00+05:30,59.13,66.32,58.51,62.87,1146512
2017-05-19 00:00:00+05:30,63.45,67.92,63.45,63.87,676104
2017-05-22 00:00:00+05:30,65.17,67.31,63.91,64.4,360744
2017-05-23 00:00:00+05:30,64.71,64.79,58.13,60.35,200792
2017-05-24 00:00:00+05:30,61.19,61.96,57.98,58.29,119656
2017-05-25 00:00:00+05:30,58.44,60.54,58.44,60.16,69048
2017-05-26 00:00:00+05:30,60.66,62.34,60.24,60.96,66728
2017-05-29 00:00:00+05:30,60.43,65.78,58.25,59.66,93374
2017-05-30 00:00:00+05:30,60.73,61.12,58.13,60.16,67845
2017-05-31 00:00:00+05:30,60.43,60.43,57.06,57.98,92224
2017-06-01 00:00:00+05:30,57.71,59.66,57.25,58.09,84292
2017-06-02 00:00:00+05:30,58.82,61.19,58.82,60.5,114970
2017-06-05 00:00:00+05:30,62.19,62.19,60.01,60.39,53623
2017-06-06 00:00:00+05:30,61.12,61.38,59.47,59.62,32241
2017-06-07 00:00:00+05:30,59.09,61.19,59.09,60.89,70658
2017-06-08 00:00:00+05:30,60.43,61.12,59.28,59.7,31295
2017-06-09 00:00:00+05:30,60.62,61.0,59.28,60.58,63593
2017-06-12 00:00:00+05:30,60.39,61.12,58.82,60.54,46599
2017-06-13 00:00:00+05:30,61.12,61.12,58.94,59.24,57525
2017-06-14 00:00:00+05:30,60.58,60.58,58.94,60.12,60791
2017-06-15 00:00:00+05:30,60.43,72.13,59.7,72.13,2274419
2017-06-16 00:00:00+05:30,74.96,76.26,70.37,71.44,1764868
2017-06-19 00:00:00+05:30,72.01,73.2,68.84,69.64,277996
2017-06-20 00:00:00+05:30,69.91,73.97,68.84,73.2,473101
2017-06-21 00:00:00+05:30,72.67,73.97,71.02,71.63,169414
2017-06-22 00:00:00+05:30,71.9,72.97,68.99,69.3,97184
2017-06-23 00:00:00+05:30,69.61,69.61,66.24,67.35,107179
2017-06-27 00:00:00+05:30,68.84,69.61,65.48,66.35,131046
2017-06-28 00:00:00+05:30,65.7,67.65,64.14,65.78,92250
2017-06-29 00:00:00+05:30,66.35,70.52,66.35,67.54,205080
2017-06-30 00:00:00+05:30,67.16,67.69,65.82,67.35,53229
2017-07-03 00:00:00+05:30,68.46,75.88,68.42,73.2,495298
2017-07-04 00:00:00+05:30,73.7,75.34,71.75,73.2,266735
2017-07-05 00:00:00+05:30,73.93,87.81,73.01,86.47,3164690
2017-07-06 00:00:00+05:30,86.39,90.49,82.0,82.95,1069499
2017-07-07 00:00:00+05:30,83.37,86.28,81.23,83.99,377328
2017-07-10 00:00:00+05:30,89.38,89.38,82.99,83.79,52612
2017-07-11 00:00:00+05:30,84.79,86.97,78.48,79.93,210470
2017-07-12 00:00:00+05:30,79.93,83.22,77.94,78.98,194522
2017-07-13 00:00:00+05:30,80.05,81.19,78.82,79.97,126410
2017-07-14 00:00:00+05:30,82.34,82.61,77.33,77.9,150146
2017-07-17 00:00:00+05:30,78.59,83.3,76.34,80.2,426283
2017-07-18 00:00:00+05:30,79.93,83.26,79.09,80.96,188743
2017-07-19 00:00:00+05:30,81.92,86.82,81.92,83.72,707511
2017-07-20 00:00:00+05:30,84.1,84.25,80.7,81.5,124197
2017-07-21 00:00:00+05:30,82.15,82.53,79.32,79.63,111500
2017-07-24 00:00:00+05:30,79.89,83.76,79.4,80.89,168787
2017-07-25 00:00:00+05:30,81.27,81.46,79.55,79.93,68979
2017-07-26 00:00:00+05:30,81.04,84.83,80.73,81.0,223050
2017-07-27 00:00:00+05:30,81.61,82.23,78.78,79.13,66494
2017-07-28 00:00:00+05:30,81.69,81.69,78.4,79.4,80930
2017-07-31 00:00:00+05:30,79.78,82.07,78.21,78.94,107306
2017-08-01 00:00:00+05:30,79.63,79.93,76.8,77.48,111650
2017-08-02 00:00:00+05:30,77.48,80.77,75.5,76.15,187769
2017-08-03 00:00:00+05:30,76.49,77.48,74.5,75.84,124703
2017-08-04 00:00:00+05:30,75.88,76.53,74.23,74.65,75358
2017-08-07 00:00:00+05:30,75.3,75.72,73.81,74.16,53608
2017-08-08 00:00:00+05:30,76.11,78.59,74.27,74.77,151844
2017-08-09 00:00:00+05:30,74.58,74.88,72.13,72.47,74840
2017-08-10 00:00:00+05:30,73.77,73.77,61.61,64.79,165060
2017-08-11 00:00:00+05:30,63.1,68.88,61.69,65.59,252927
2017-08-14 00:00:00+05:30,67.31,71.14,65.55,66.05,147562
2017-08-16 00:00:00+05:30,66.51,69.99,66.16,69.11,158615
2017-08-17 00:00:00+05:30,69.91,71.79,68.53,69.07,104499
2017-08-18 00:00:00+05:30,68.5,68.84,66.78,68.11,71745
2017-08-21 00:00:00+05:30,68.11,69.49,66.7,66.93,40829
2017-08-22 00:00:00+05:30,67.62,71.02,67.58,69.07,190224
2017-08-23 00:00:00+05:30,70.33,72.05,69.72,70.52,227118
2017-08-24 00:00:00+05:30,70.87,71.82,69.76,70.79,127936
2017-08-28 00:00:00+05:30,71.36,71.52,69.61,69.83,39570
2017-08-29 00:00:00+05:30,69.83,69.87,68.11,68.38,50128
2017-08-30 00:00:00+05:30,68.99,70.52,67.35,69.34,85505
2017-08-31 00:00:00+05:30,70.14,71.52,69.03,69.87,63318
2017-09-01 00:00:00+05:30,69.72,71.4,69.68,70.37,86241
2017-09-04 00:00:00+05:30,70.71,71.06,67.69,69.15,53340
2017-09-05 00:00:00+05:30,69.61,71.71,68.99,69.87,75152
2017-09-06 00:00:00+05:30,69.57,71.14,69.03,69.91,56806
2017-09-07 00:00:00+05:30,70.52,76.37,70.52,74.54,529327
2017-09-08 00:00:00+05:30,75.19,78.02,73.89,76.34,286461
2017-09-11 00:00:00+05:30,76.3,77.6,74.04,74.77,141361
2017-09-12 00:00:00+05:30,74.88,75.46,72.01,72.47,124308
2017-09-13 00:00:00+05:30,73.28,73.77,69.57,70.41,72204
2017-09-14 00:00:00+05:30,70.91,71.21,69.99,70.37,102283
2017-09-15 00:00:00+05:30,70.1,72.24,69.68,70.22,104977
2017-09-18 00:00:00+05:30,70.71,75.72,70.6,74.0,276828
2017-09-19 00:00:00+05:30,73.2,74.73,71.9,72.21,84147
2017-09-20 00:00:00+05:30,72.55,73.16,71.14,71.52,71241
2017-09-21 00:00:00+05:30,71.29,72.17,69.99,70.56,49746
2017-09-22 00:00:00+05:30,70.14,70.37,66.93,67.88,74782
2017-09-25 00:00:00+05:30,68.23,69.61,64.25,67.35,77448
2017-09-26 00:00:00+05:30,67.35,70.06,67.35,69.18,45045
2017-09-27 00:00:00+05:30,69.3,70.49,64.56,67.65,83917
2017-09-28 00:00:00+05:30,67.62,68.73,66.58,67.65,24479
2017-09-29 00:00:00+05:30,68.15,69.61,67.31,67.46,37894
2017-10-03 00:00:00+05:30,68.04,69.34,66.62,67.2,40520
2017-10-04 00:00:00+05:30,68.42,72.44,67.43,71.98,231854
2017-10-05 00:00:00+05:30,72.36,73.58,69.8,70.33,280404
2017-10-06 00:00:00+05:30,71.48,73.35,71.48,72.13,155924
2017-10-09 00:00:00+05:30,71.9,73.05,70.45,70.79,62772
2017-10-10 00:00:00+05:30,71.52,72.13,70.22,70.45,38343
2017-10-11 00:00:00+05:30,70.75,72.28,68.11,68.65,129641
2017-10-12 00:00:00+05:30,68.8,70.94,68.8,70.06,60101
2017-10-13 00:00:00+05:30,70.14,70.71,68.84,68.96,49183
2017-10-16 00:00:00+05:30,69.18,69.61,67.5,68.31,34015
2017-10-17 00:00:00+05:30,68.38,69.41,67.77,68.34,38878
2017-10-18 00:00:00+05:30,72.67,73.28,70.52,72.24,298626
2017-10-19 00:00:00+05:30,73.74,73.74,69.83,71.79,54573
2017-10-23 00:00:00+05:30,72.05,73.81,70.87,72.17,71702
2017-10-24 00:00:00+05:30,72.55,76.34,71.14,75.65,503079
2017-10-25 00:00:00+05:30,76.49,86.82,75.04,82.65,1946589
2017-10-26 00:00:00+05:30,82.15,82.23,78.33,78.67,234426
2017-10-27 00:00:00+05:30,79.17,80.39,78.17,78.98,96950
2017-10-30 00:00:00+05:30,79.17,80.24,76.57,77.64,93000
2017-10-31 00:00:00+05:30,77.79,78.33,75.8,77.1,64006
2017-11-01 00:00:00+05:30,77.1,81.61,77.1,78.63,193737
2017-11-02 00:00:00+05:30,78.4,81.38,78.4,79.47,58332
2017-11-03 00:00:00+05:30,79.74,81.0,77.45,78.33,64682
2017-11-06 00:00:00+05:30,78.59,79.7,78.4,78.86,41434
2017-11-07 00:00:00+05:30,79.17,79.63,74.58,75.19,61846
2017-11-08 00:00:00+05:30,75.3,77.14,71.02,72.7,107657
2017-11-09 00:00:00+05:30,73.62,79.36,73.62,78.4,193837
2017-11-10 00:00:00+05:30,78.48,80.51,75.88,77.45,213000
2017-11-13 00:00:00+05:30,77.98,80.31,76.53,76.83,87368
2017-11-14 00:00:00+05:30,77.14,78.36,75.04,75.69,36089
2017-11-15 00:00:00+05:30,76.8,76.8,73.43,73.81,44630
2017-11-16 00:00:00+05:30,73.93,75.72,73.93,74.77,49389
2017-11-17 00:00:00+05:30,76.37,77.18,72.74,74.12,48815
2017-11-20 00:00:00+05:30,73.62,74.54,73.01,73.66,50742
2017-11-21 00:00:00+05:30,74.08,76.37,73.97,74.65,57668
2017-11-22 00:00:00+05:30,75.34,77.1,74.96,75.15,53745
2017-11-23 00:00:00+05:30,75.72,75.72,73.97,74.77,37358
2017-11-24 00:00:00+05:30,75.0,75.65,74.69,75.53,114205
2017-11-27 00:00:00+05:30,76.34,77.9,75.0,76.72,124254
2017-11-28 00:00:00+05:30,76.34,84.14,74.88,78.67,871254
2017-11-29 00:00:00+05:30,79.17,80.85,76.87,77.22,249818
2017-11-30 00:00:00+05:30,77.29,77.75,76.11,76.53,52530
2017-12-01 00:00:00+05:30,76.72,78.78,74.16,75.19,130766
2017-12-04 00:00:00+05:30,76.49,77.75,74.04,74.73,101644
2017-12-05 00:00:00+05:30,74.73,75.34,72.86,73.77,43196
2017-12-06 00:00:00+05:30,73.7,77.79,72.74,73.62,86538
2017-12-07 00:00:00+05:30,73.62,75.72,73.43,74.27,65491
2017-12-08 00:00:00+05:30,74.19,79.86,74.19,78.59,422506
2017-12-11 00:00:00+05:30,79.78,85.25,79.55,82.15,1065415
2017-12-12 00:00:00+05:30,82.57,84.83,79.17,79.89,426933
2017-12-13 00:00:00+05:30,79.55,80.77,76.87,77.22,157913
2017-12-14 00:00:00+05:30,77.52,81.42,77.25,79.55,228403
2017-12-15 00:00:00+05:30,80.31,82.53,79.51,80.2,161090
2017-12-18 00:00:00+05:30,78.78,81.92,74.81,79.55,146125
2017-12-19 00:00:00+05:30,79.93,81.46,79.55,80.24,124664
2017-12-20 00:00:00+05:30,80.31,88.88,80.24,86.62,1420775
2017-12-21 00:00:00+05:30,87.35,94.85,87.31,92.9,1378262
2017-12-22 00:00:00+05:30,93.55,94.39,88.31,92.51,631550
2017-12-26 00:00:00+05:30,92.55,96.38,90.26,93.28,423110
2017-12-27 00:00:00+05:30,93.2,93.2,88.35,89.3,250684
2017-12-28 00:00:00+05:30,89.57,90.64,85.94,86.43,177345
2017-12-29 00:00:00+05:30,86.7,89.34,86.24,87.01,163568
2018-01-01 00:00:00+05:30,87.01,91.02,85.71,89.23,229694
2018-01-02 00:00:00+05:30,90.1,90.1,86.55,87.05,121916
2018-01-03 00:00:00+05:30,87.39,89.3,86.13,87.05,130568
2018-01-04 00:00:00+05:30,87.5,89.76,87.24,88.23,112531
2018-01-05 00:00:00+05:30,88.27,92.55,88.27,89.68,216016
2018-01-08 00:00:00+05:30,89.68,91.63,89.49,90.07,150258
2018-01-09 00:00:00+05:30,89.84,90.22,87.12,88.08,65642
2018-01-10 00:00:00+05:30,87.92,89.07,86.43,87.12,63859
2018-01-11 00:00:00+05:30,86.47,88.73,86.47,87.58,61518
2018-01-12 00:00:00+05:30,87.2,88.35,84.14,86.55,83526
2018-01-15 00:00:00+05:30,87.16,100.01,87.16,96.34,1982928
2018-01-16 00:00:00+05:30,96.34,96.38,88.88,89.42,457677
2018-01-17 00:00:00+05:30,88.88,89.07,84.9,88.0,168059
2018-01-18 00:00:00+05:30,88.0,89.42,81.92,82.91,160011
2018-01-19 00:00:00+05:30,83.95,85.52,80.66,83.72,179590
2018-01-22 00:00:00+05:30,83.72,84.37,82.46,83.34,71399
2018-01-23 00:00:00+05:30,84.29,84.75,82.03,82.46,73130
2018-01-24 00:00:00+05:30,82.07,83.11,79.55,80.7,93957
2018-01-25 00:00:00+05:30,80.7,82.53,80.31,81.0,56296
2018-01-29 00:00:00+05:30,81.77,87.05,81.0,82.15,348991
2018-01-30 00:00:00+05:30,80.81,81.42,79.55,79.93,76552
2018-01-31 00:00:00+05:30,79.55,81.35,76.53,78.63,93525
2018-02-01 00:00:00+05:30,79.55,80.31,77.29,77.94,74369
2018-02-02 00:00:00+05:30,76.49,77.06,72.67,74.42,126340
2018-02-05 00:00:00+05:30,70.37,73.43,69.61,73.05,99658
2018-02-06 00:00:00+05:30,70.37,71.17,67.31,69.91,174084
2018-02-07 00:00:00+05:30,70.45,75.04,70.45,72.55,96387
2018-02-08 00:00:00+05:30,72.97,75.53,72.67,74.0,76215
2018-02-09 00:00:00+05:30,71.9,75.27,69.61,74.23,71813
2018-02-12 00:00:00+05:30,76.49,77.25,75.27,76.37,63113
2018-02-14 00:00:00+05:30,77.64,78.48,73.43,76.18,78847
2018-02-15 00:00:00+05:30,75.88,80.08,74.27,74.77,133635
2018-02-16 00:00:00+05:30,74.19,77.18,72.89,73.54,47883
2018-02-19 00:00:00+05:30,74.58,74.58,71.82,72.36,39776
2018-02-20 00:00:00+05:30,72.21,73.28,71.33,72.13,36142
2018-02-21 00:00:00+05:30,72.97,72.97,69.26,70.29,63185
2018-02-22 00:00:00+05:30,69.64,70.37,68.99,69.68,32091
2018-02-23 00:00:00+05:30,70.37,71.82,69.61,70.37,43557
2018-02-26 00:00:00+05:30,70.37,72.28,70.26,70.45,32180
2018-02-27 00:00:00+05:30,71.14,74.58,70.64,73.97,222779
2018-02-28 00:00:00+05:30,73.43,74.58,72.67,73.12,190352
2018-03-01 00:00:00+05:30,73.12,73.81,71.29,71.52,37405
2018-03-05 00:00:00+05:30,72.13,72.13,69.99,70.91,30928
2018-03-06 00:00:00+05:30,71.4,72.47,68.46,69.87,65517
2018-03-07 00:00:00+05:30,68.96,70.14,67.31,67.85,45342
2018-03-08 00:00:00+05:30,68.76,68.84,65.02,66.78,56201
2018-03-09 00:00:00+05:30,67.16,67.43,64.44,64.94,52723
2018-03-12 00:00:00+05:30,65.55,65.55,61.96,63.14,82799
2018-03-13 00:00:00+05:30,62.26,65.02,61.57,64.25,54611
2018-03-14 00:00:00+05:30,65.7,65.82,64.33,64.67,104252
2018-03-15 00:00:00+05:30,64.37,66.55,64.37,65.82,42137
2018-03-16 00:00:00+05:30,67.23,70.14,65.86,66.51,214591
2018-03-19 00:00:00+05:30,67.0,68.0,64.4,64.79,45492
2018-03-20 00:00:00+05:30,65.78,68.0,64.25,64.94,62052
2018-03-21 00:00:00+05:30,66.51,66.55,63.95,64.29,63148
2018-03-22 00:00:00+05:30,64.33,64.98,61.57,61.88,44598
2018-03-23 00:00:00+05:30,59.81,61.23,58.51,59.32,97749
2018-03-26 00:00:00+05:30,58.25,59.59,57.9,58.51,85375
2018-03-27 00:00:00+05:30,58.9,61.19,58.74,59.05,122667
2018-03-28 00:00:00+05:30,61.12,61.12,56.64,57.14,65641
2018-04-02 00:00:00+05:30,59.09,60.43,57.29,60.16,95490
2018-04-03 00:00:00+05:30,59.81,61.57,59.55,61.46,67675
2018-04-04 00:00:00+05:30,61.12,63.49,60.12,60.66,71017
2018-04-05 00:00:00+05:30,61.27,68.08,61.27,64.94,262247
2018-04-06 00:00:00+05:30,64.94,64.94,63.68,64.02,36537
2018-04-09 00:00:00+05:30,65.63,66.7,64.56,64.9,46414
2018-04-10 00:00:00+05:30,65.09,66.05,63.98,64.25,28168
2018-04-11 00:00:00+05:30,64.4,64.44,62.95,63.6,18945
2018-04-12 00:00:00+05:30,63.6,64.17,62.72,63.1,20023
2018-04-13 00:00:00+05:30,63.45,66.13,63.45,63.87,120606
2018-04-16 00:00:00+05:30,63.26,66.35,62.91,65.9,85186
2018-04-17 00:00:00+05:30,66.58,70.83,66.58,68.84,369067
2018-04-18 00:00:00+05:30,69.11,69.41,67.0,67.35,55354
2018-04-19 00:00:00+05:30,67.62,75.72,67.27,71.75,584199
2018-04-20 00:00:00+05:30,71.14,71.14,68.76,69.76,122040
2018-04-23 00:00:00+05:30,69.68,72.21,68.5,68.88,130412
2018-04-24 00:00:00+05:30,69.34,70.71,68.88,69.26,66963
2018-04-25 00:00:00+05:30,69.41,74.73,68.88,70.79,296431
2018-04-26 00:00:00+05:30,70.83,71.9,69.61,71.44,78885
2018-04-27 00:00:00+05:30,71.52,74.39,71.52,73.2,210815
2018-04-30 00:00:00+05:30,74.77,76.72,73.43,74.27,306910
2018-05-02 00:00:00+05:30,74.58,75.69,71.52,71.94,78941
2018-05-03 00:00:00+05:30,72.09,73.51,69.87,70.18,76809
2018-05-04 00:00:00+05:30,70.18,70.75,68.15,69.07,90318
2018-05-07 00:00:00+05:30,68.69,69.99,67.16,67.54,39723
2018-05-08 00:00:00+05:30,68.19,68.69,66.2,67.81,50391
2018-05-09 00:00:00+05:30,67.04,69.8,66.66,69.11,70875
2018-05-10 00:00:00+05:30,68.5,69.3,66.85,67.46,32605
2018-05-11 00:00:00+05:30,67.43,68.73,66.28,66.7,37006
2018-05-14 00:00:00+05:30,66.43,67.46,65.17,65.67,17291
2018-05-15 00:00:00+05:30,65.09,67.0,63.87,64.52,27883
2018-05-16 00:00:00+05:30,64.17,66.55,62.72,66.05,111989
2018-05-17 00:00:00+05:30,64.75,67.23,64.75,65.7,21840
2018-05-18 00:00:00+05:30,65.25,65.78,64.25,64.82,96724
2018-05-21 00:00:00+05:30,63.87,64.29,63.49,63.87,126931
2018-05-22 00:00:00+05:30,64.29,65.78,63.45,63.72,110013
2018-05-23 00:00:00+05:30,63.75,64.75,63.41,63.72,13272
2018-05-24 00:00:00+05:30,64.1,64.82,62.91,63.33,21503
2018-05-25 00:00:00+05:30,63.6,64.63,61.65,62.49,40833
2018-05-28 00:00:00+05:30,62.76,64.29,62.26,63.91,33864
2018-05-29 00:00:00+05:30,63.56,65.7,63.56,64.29,29857
2018-05-30 00:00:00+05:30,63.56,65.4,61.96,63.22,30193
2018-05-31 00:00:00+05:30,57.63,57.75,50.87,54.96,356481
2018-06-01 00:00:00+05:30,54.0,54.19,52.01,53.05,94483
2018-06-04 00:00:00+05:30,55.0,55.0,51.09,52.7,100664
2018-06-05 00:00:00+05:30,53.54,53.89,48.72,49.57,59218
2018-06-06 00:00:00+05:30,48.15,49.95,46.96,48.69,52897
2018-06-07 00:00:00+05:30,50.29,52.7,48.15,51.4,33620
2018-06-08 00:00:00+05:30,51.9,53.39,50.71,52.89,26837
2018-06-11 00:00:00+05:30,53.24,53.54,52.47,52.66,17334
2018-06-12 00:00:00+05:30,52.7,53.39,51.36,52.43,19283
2018-06-13 00:00:00+05:30,53.12,53.12,50.56,51.9,39082
2018-06-14 00:00:00+05:30,51.63,52.62,50.87,51.13,15919
2018-06-15 00:00:00+05:30,50.71,51.9,50.67,51.44,11078
2018-06-18 00:00:00+05:30,52.01,52.01,49.72,50.33,24429
2018-06-19 00:00:00+05:30,50.87,50.87,48.72,49.6,20155
2018-06-20 00:00:00+05:30,48.76,50.48,48.69,49.68,21949
2018-06-21 00:00:00+05:30,50.48,50.48,47.96,48.42,25357
2018-06-22 00:00:00+05:30,49.3,49.3,47.58,48.3,16604
2018-06-25 00:00:00+05:30,48.84,49.07,44.98,45.43,42628
2018-06-26 00:00:00+05:30,45.21,46.08,42.83,43.33,40443
2018-06-27 00:00:00+05:30,43.22,43.37,40.92,42.03,28938
2018-06-28 00:00:00+05:30,41.38,42.38,40.35,40.96,29119
2018-06-29 00:00:00+05:30,41.3,44.25,41.3,43.25,23120
2018-07-02 00:00:00+05:30,44.21,44.75,42.83,44.02,16326
2018-07-03 00:00:00+05:30,45.51,47.19,44.33,46.24,24269
2018-07-04 00:00:00+05:30,46.62,48.49,45.21,47.19,26923
2018-07-05 00:00:00+05:30,47.42,48.07,45.55,46.16,18903
2018-07-06 00:00:00+05:30,44.44,47.0,44.44,45.55,8415
2018-07-09 00:00:00+05:30,46.43,47.23,44.75,46.89,9065
2018-07-10 00:00:00+05:30,47.39,47.61,45.93,47.16,14923
2018-07-11 00:00:00+05:30,47.16,47.42,45.89,45.93,11129
2018-07-12 00:00:00+05:30,46.7,47.19,44.36,44.63,20479
2018-07-13 00:00:00+05:30,44.4,45.51,41.92,42.64,19758
2018-07-16 00:00:00+05:30,42.41,42.41,40.16,41.27,22850
2018-07-17 00:00:00+05:30,40.62,42.6,40.16,41.76,18322
2018-07-18 00:00:00+05:30,40.54,42.53,39.01,39.47,34653
2018-07-19 00:00:00+05:30,38.32,40.85,36.87,38.32,20512
2018-07-20 00:00:00+05:30,37.1,39.7,36.91,37.4,17895
2018-07-23 00:00:00+05:30,36.91,39.85,36.91,39.24,34321
2018-07-24 00:00:00+05:30,39.24,43.48,39.24,43.1,47911
2018-07-25 00:00:00+05:30,43.68,45.13,42.95,44.48,22120
2018-07-26 00:00:00+05:30,44.75,44.75,43.22,44.02,16403
2018-07-27 00:00:00+05:30,45.36,45.59,43.87,44.59,13374
2018-07-30 00:00:00+05:30,45.13,45.89,43.37,44.98,6917
2018-07-31 00:00:00+05:30,44.48,45.4,42.91,44.86,14941
2018-08-01 00:00:00+05:30,43.75,45.13,43.75,44.48,13424
2018-08-02 00:00:00+05:30,44.25,49.45,43.83,46.81,47500
2018-08-03 00:00:00+05:30,46.96,51.94,46.08,51.13,165539
2018-08-06 00:00:00+05:30,52.01,54.73,52.01,53.58,180928
2018-08-07 00:00:00+05:30,54.27,54.27,49.91,50.41,35517
2018-08-08 00:00:00+05:30,49.76,51.25,48.95,49.03,29708
2018-08-09 00:00:00+05:30,48.95,50.02,47.81,48.15,24349
2018-08-10 00:00:00+05:30,48.53,52.01,44.36,48.07,61426
2018-08-13 00:00:00+05:30,47.92,47.92,44.1,45.93,42509
2018-08-14 00:00:00+05:30,45.78,47.42,45.13,46.62,22617
2018-08-16 00:00:00+05:30,45.89,46.05,43.68,44.4,30640
2018-08-17 00:00:00+05:30,44.44,46.43,44.44,46.12,30983
2018-08-20 00:00:00+05:30,45.89,47.04,45.89,45.97,16178
2018-08-21 00:00:00+05:30,47.04,47.04,45.21,45.66,24569
2018-08-23 00:00:00+05:30,47.35,47.35,45.21,45.7,12647
2018-08-24 00:00:00+05:30,44.44,46.28,43.75,44.33,22945
2018-08-27 00:00:00+05:30,43.68,45.09,43.68,43.98,12098
2018-08-28 00:00:00+05:30,44.59,44.75,43.75,44.33,37351
2018-08-29 00:00:00+05:30,43.98,45.89,43.94,44.59,24303
2018-08-30 00:00:00+05:30,44.75,45.4,44.59,44.75,16729
2018-08-31 00:00:00+05:30,44.36,45.93,44.21,44.44,29279
2018-09-03 00:00:00+05:30,44.06,45.66,43.98,44.36,14284
2018-09-04 00:00:00+05:30,44.36,44.75,42.11,42.6,27975
2018-09-05 00:00:00+05:30,42.6,43.29,41.3,42.15,19499
2018-09-06 00:00:00+05:30,41.73,43.14,41.3,41.88,19626
2018-09-07 00:00:00+05:30,41.3,43.41,41.3,42.95,42118
2018-09-10 00:00:00+05:30,41.53,43.14,41.53,41.84,18341
2018-09-11 00:00:00+05:30,42.99,42.99,40.04,40.96,14447
2018-09-12 00:00:00+05:30,40.69,40.69,39.39,40.39,14659
2018-09-14 00:00:00+05:30,40.65,42.64,39.01,41.0,30121
2018-09-17 00:00:00+05:30,41.3,44.36,40.62,43.1,44668
2018-09-18 00:00:00+05:30,42.83,42.83,40.73,41.53,14196
2018-09-19 00:00:00+05:30,40.92,42.45,40.62,40.73,6782
2018-09-21 00:00:00+05:30,40.65,41.3,38.24,39.05,29576
2018-09-24 00:00:00+05:30,38.32,39.74,35.95,36.22,47964
2018-09-25 00:00:00+05:30,38.17,38.17,34.73,36.1,27205
2018-09-26 00:00:00+05:30,37.1,37.1,34.96,35.19,17640
2018-09-27 00:00:00+05:30,34.99,36.71,33.85,34.5,29862
2018-09-28 00:00:00+05:30,34.5,35.11,27.92,29.07,112483
2018-10-01 00:00:00+05:30,28.03,30.6,27.65,30.33,57453
2018-10-03 00:00:00+05:30,30.6,32.62,30.02,31.48,37082
2018-10-04 00:00:00+05:30,30.63,32.13,29.83,30.52,22357
2018-10-05 00:00:00+05:30,30.6,32.05,29.98,30.44,33574
2018-10-08 00:00:00+05:30,31.74,31.74,28.3,30.1,18325
2018-10-09 00:00:00+05:30,31.32,31.32,28.34,29.26,21161
2018-10-10 00:00:00+05:30,30.44,34.27,28.84,31.36,46072
2018-10-11 00:00:00+05:30,31.55,31.55,29.83,30.21,14345
2018-10-12 00:00:00+05:30,29.75,33.58,29.75,33.39,56330
2018-10-15 00:00:00+05:30,33.96,35.61,32.89,34.42,20823
2018-10-16 00:00:00+05:30,35.11,40.62,35.11,37.94,165291
2018-10-17 00:00:00+05:30,38.59,38.93,35.68,35.91,41346
2018-10-19 00:00:00+05:30,36.49,36.49,34.04,35.07,19047
2018-10-22 00:00:00+05:30,36.33,36.33,33.73,34.0,11844
2018-10-23 00:00:00+05:30,33.12,33.66,32.36,32.85,7540
2018-10-24 00:00:00+05:30,32.85,33.58,31.59,32.47,9316
2018-10-25 00:00:00+05:30,33.08,33.54,31.4,31.97,12124
2018-10-26 00:00:00+05:30,31.36,33.46,31.13,33.04,9347
2018-10-29 00:00:00+05:30,32.89,34.15,32.7,33.23,21342
2018-10-30 00:00:00+05:30,33.04,33.04,31.17,31.51,41438
2018-10-31 00:00:00+05:30,32.51,32.89,30.67,32.39,22417
2018-11-01 00:00:00+05:30,32.39,34.38,31.44,33.46,29648
2018-11-02 00:00:00+05:30,34.19,36.6,33.27,34.84,36065
2018-11-05 00:00:00+05:30,34.84,35.11,34.0,34.34,7606
2018-11-06 00:00:00+05:30,34.42,35.11,34.04,34.65,19026
2018-11-07 00:00:00+05:30,35.38,36.94,34.5,34.84,10315
2018-11-09 00:00:00+05:30,35.34,36.83,34.57,35.87,41183
2018-11-12 00:00:00+05:30,35.99,35.99,34.76,35.07,18165
2018-11-13 00:00:00+05:30,35.19,35.72,34.42,34.84,7306
2018-11-14 00:00:00+05:30,34.54,35.84,33.73,34.31,8329
2018-11-15 00:00:00+05:30,34.08,35.45,33.12,33.46,10232
2018-11-16 00:00:00+05:30,33.16,34.23,30.1,30.79,61502
2018-11-19 00:00:00+05:30,31.74,32.97,31.28,31.93,18190
2018-11-20 00:00:00+05:30,32.55,32.55,30.86,31.36,20468
2018-11-21 00:00:00+05:30,31.02,32.13,30.44,31.13,6874
2018-11-22 00:00:00+05:30,31.59,31.82,31.02,31.44,17844
2018-11-26 00:00:00+05:30,30.29,32.13,30.29,31.13,17476
2018-11-27 00:00:00+05:30,31.36,31.82,30.21,30.44,9875
2018-11-28 00:00:00+05:30,30.48,31.36,30.44,31.13,12125
2018-11-29 00:00:00+05:30,31.67,31.74,30.14,30.48,15360
2018-11-30 00:00:00+05:30,31.02,31.02,29.07,29.91,18112
2018-12-03 00:00:00+05:30,29.07,30.52,29.07,29.98,17425
2018-12-04 00:00:00+05:30,29.52,30.44,29.3,29.56,13982
2018-12-05 00:00:00+05:30,29.49,29.83,28.3,28.68,22514
2018-12-06 00:00:00+05:30,28.45,28.68,27.34,28.07,30984
2018-12-07 00:00:00+05:30,29.03,29.37,28.0,28.68,16045
2018-12-10 00:00:00+05:30,26.92,31.28,26.85,28.68,11617
2018-12-11 00:00:00+05:30,27.15,29.68,27.15,28.57,6527
2018-12-12 00:00:00+05:30,29.83,30.21,28.68,29.91,20933
2018-12-13 00:00:00+05:30,30.56,30.6,29.07,29.6,50612
2018-12-14 00:00:00+05:30,30.33,31.05,29.3,30.1,128166
2018-12-17 00:00:00+05:30,29.87,31.4,29.45,30.06,23503
2018-12-18 00:00:00+05:30,30.56,30.94,29.83,30.18,21844
2018-12-19 00:00:00+05:30,30.86,35.03,30.86,31.25,152154
2018-12-20 00:00:00+05:30,31.78,31.82,30.29,30.9,24318
2018-12-21 00:00:00+05:30,31.32,32.43,30.71,30.86,26837
2018-12-24 00:00:00+05:30,30.86,31.59,29.83,30.06,16325
2018-12-26 00:00:00+05:30,30.67,30.67,29.14,30.56,23061
2018-12-27 00:00:00+05:30,30.33,31.93,30.29,31.74,59606
2018-12-28 00:00:00+05:30,32.74,33.62,31.86,32.97,99773
2018-12-31 00:00:00+05:30,32.24,35.19,32.24,33.01,34326
2019-01-01 00:00:00+05:30,32.85,33.58,31.82,32.43,10305
2019-01-02 00:00:00+05:30,33.27,33.27,31.36,31.51,14545
2019-01-03 00:00:00+05:30,32.13,32.81,31.48,32.09,55778
2019-01-04 00:00:00+05:30,30.83,31.82,30.83,31.51,11150
2019-01-07 00:00:00+05:30,32.51,35.38,30.83,34.15,75173
2019-01-08 00:00:00+05:30,35.19,36.71,33.2,33.85,120544
2019-01-09 00:00:00+05:30,34.19,34.73,32.55,32.78,11882
2019-01-10 00:00:00+05:30,33.62,33.88,32.28,33.73,11485
2019-01-11 00:00:00+05:30,33.77,34.27,32.01,32.74,29855
2019-01-14 00:00:00+05:30,32.62,33.2,31.67,32.28,22332
2019-01-15 00:00:00+05:30,31.9,33.01,31.63,32.51,46152
2019-01-16 00:00:00+05:30,33.66,34.31,33.01,33.27,87388
2019-01-17 00:00:00+05:30,33.27,33.62,32.13,32.55,25368
2019-01-18 00:00:00+05:30,32.85,32.89,31.9,31.97,11801
2019-01-21 00:00:00+05:30,31.55,32.13,31.51,31.82,10158
2019-01-22 00:00:00+05:30,32.16,32.16,31.05,31.44,10882
2019-01-23 00:00:00+05:30,31.48,31.82,29.41,30.67,23379
2019-01-24 00:00:00+05:30,30.63,31.36,29.98,30.6,12416
2019-01-25 00:00:00+05:30,30.6,30.86,28.61,28.99,36474
2019-01-28 00:00:00+05:30,28.84,28.84,27.69,28.03,20248
2019-01-29 00:00:00+05:30,28.22,28.38,27.54,27.88,11732
2019-01-30 00:00:00+05:30,28.07,28.3,27.46,27.54,13550
2019-01-31 00:00:00+05:30,27.73,32.47,27.73,29.45,79129
2019-02-01 00:00:00+05:30,29.83,31.74,29.07,29.41,10305
2019-02-04 00:00:00+05:30,29.45,29.64,27.27,28.07,26119
2019-02-05 00:00:00+05:30,28.99,29.07,27.34,28.15,18569
2019-02-06 00:00:00+05:30,28.3,29.07,27.69,28.57,12748
2019-02-07 00:00:00+05:30,28.65,29.22,28.26,28.34,4847
2019-02-08 00:00:00+05:30,28.65,28.68,27.92,28.38,8078
2019-02-11 00:00:00+05:30,28.3,29.37,28.0,28.38,25897
2019-02-12 00:00:00+05:30,28.53,28.53,27.46,27.54,15625
2019-02-13 00:00:00+05:30,27.69,28.34,27.15,27.73,9138
2019-02-14 00:00:00+05:30,27.96,28.45,27.65,28.11,12022
2019-02-15 00:00:00+05:30,28.3,28.3,27.54,27.92,9431
2019-02-18 00:00:00+05:30,27.73,27.88,26.81,27.04,19979
2019-02-19 00:00:00+05:30,26.96,31.67,26.96,28.95,56074
2019-02-20 00:00:00+05:30,29.07,29.64,28.0,28.45,19440
2019-02-21 00:00:00+05:30,28.26,28.3,27.15,27.96,24898
2019-02-22 00:00:00+05:30,28.3,30.52,28.19,29.72,18981
2019-02-25 00:00:00+05:30,30.18,31.21,29.26,30.71,54710
2019-02-26 00:00:00+05:30,30.6,30.6,29.22,29.83,19082
2019-02-27 00:00:00+05:30,30.52,30.94,29.07,29.26,22121
2019-02-28 00:00:00+05:30,29.91,29.91,29.07,29.64,6857
2019-03-01 00:00:00+05:30,28.53,31.55,28.53,30.75,26726
2019-03-05 00:00:00+05:30,31.09,33.39,30.6,31.97,49043
2019-03-06 00:00:00+05:30,32.74,34.99,32.24,33.81,90668
2019-03-07 00:00:00+05:30,34.92,34.92,33.2,33.39,21340
2019-03-08 00:00:00+05:30,33.62,33.62,31.93,32.2,19301
2019-03-11 00:00:00+05:30,32.89,33.2,32.13,32.2,26995
2019-03-12 00:00:00+05:30,33.5,33.66,32.32,33.04,51001
2019-03-13 00:00:00+05:30,32.89,33.08,32.24,32.43,8288
2019-03-14 00:00:00+05:30,33.35,34.88,31.67,33.27,104122
2019-03-15 00:00:00+05:30,33.46,35.11,31.82,32.13,38206
2019-03-18 00:00:00+05:30,32.51,33.66,31.78,32.05,10712
2019-03-19 00:00:00+05:30,32.74,32.74,31.02,31.67,30294
2019-03-20 00:00:00+05:30,31.36,31.67,31.05,31.32,11218
2019-03-22 00:00:00+05:30,31.63,32.13,30.98,31.05,12221
2019-03-25 00:00:00+05:30,30.9,30.98,29.95,30.29,9620
2019-03-26 00:00:00+05:30,30.37,31.21,30.37,30.6,25459
2019-03-27 00:00:00+05:30,31.28,31.28,29.45,29.98,21657
2019-03-28 00:00:00+05:30,30.52,31.36,29.83,30.56,24084
2019-03-29 00:00:00+05:30,30.02,31.9,30.02,30.6,56216
2019-04-01 00:00:00+05:30,30.21,32.05,29.98,30.18,55235
2019-04-02 00:00:00+05:30,30.21,30.83,30.18,30.56,18661
2019-04-03 00:00:00+05:30,30.63,30.63,29.87,30.25,22115
2019-04-04 00:00:00+05:30,30.21,30.25,29.64,29.64,14447
2019-04-05 00:00:00+05:30,29.87,30.44,29.45,29.83,91595
2019-04-08 00:00:00+05:30,29.22,30.75,29.22,30.29,134265
2019-04-09 00:00:00+05:30,30.6,30.98,29.83,30.02,15717
2019-04-10 00:00:00+05:30,29.79,30.21,29.52,29.64,24402
2019-04-11 00:00:00+05:30,29.49,30.33,29.45,29.91,8156
2019-04-12 00:00:00+05:30,29.26,30.29,29.26,29.87,6785
2019-04-15 00:00:00+05:30,29.6,31.74,29.56,30.37,152219
2019-04-16 00:00:00+05:30,30.67,31.25,29.45,29.6,32212
2019-04-18 00:00:00+05:30,29.95,30.33,29.3,29.68,21463
2019-04-22 00:00:00+05:30,29.64,29.64,28.84,28.99,6617
2019-04-23 00:00:00+05:30,29.07,29.22,28.68,28.8,6721
2019-04-24 00:00:00+05:30,28.76,28.99,28.11,28.76,16535
2019-04-25 00:00:00+05:30,29.07,29.45,28.3,28.49,17917
2019-04-26 00:00:00+05:30,29.18,29.22,28.3,28.34,7683
2019-04-30 00:00:00+05:30,28.34,28.49,27.31,27.5,95651
2019-05-02 00:00:00+05:30,26.66,28.57,26.66,27.31,12085
2019-05-03 00:00:00+05:30,28.0,32.43,27.5,30.56,181224
2019-05-06 00:00:00+05:30,29.83,31.17,29.33,29.52,70945
2019-05-07 00:00:00+05:30,29.83,30.44,27.92,28.45,29980
2019-05-08 00:00:00+05:30,28.07,28.84,27.0,27.61,18790
2019-05-09 00:00:00+05:30,27.34,28.0,26.85,27.19,11851
2019-05-10 00:00:00+05:30,26.89,27.96,26.85,27.57,9562
2019-05-13 00:00:00+05:30,27.12,28.07,26.92,27.0,9751
2019-05-14 00:00:00+05:30,26.96,27.34,26.01,26.5,53344
2019-05-15 00:00:00+05:30,27.19,27.23,26.62,27.04,5745
2019-05-16 00:00:00+05:30,26.5,27.15,25.82,26.47,19822
2019-05-17 00:00:00+05:30,26.58,27.04,26.08,26.47,10632
2019-05-20 00:00:00+05:30,27.12,29.14,26.81,28.38,27599
2019-05-21 00:00:00+05:30,28.03,28.26,27.08,27.19,11924
2019-05-22 00:00:00+05:30,27.19,27.92,27.15,27.84,3329
2019-05-23 00:00:00+05:30,28.38,29.37,26.43,26.85,42277
2019-05-24 00:00:00+05:30,27.12,28.68,26.92,28.34,15557
2019-05-27 00:00:00+05:30,28.07,33.96,24.94,29.37,258558
2019-05-28 00:00:00+05:30,29.91,30.44,29.68,29.83,15957
2019-05-29 00:00:00+05:30,30.52,30.52,28.53,29.1,7266
2019-05-30 00:00:00+05:30,28.53,30.44,28.53,28.84,10036
2019-05-31 00:00:00+05:30,28.72,29.91,28.3,29.75,41963
2019-06-03 00:00:00+05:30,29.52,29.95,28.53,28.95,31599
2019-06-04 00:00:00+05:30,29.41,29.45,28.68,28.72,4608
2019-06-06 00:00:00+05:30,28.72,32.43,28.11,29.1,51573
2019-06-07 00:00:00+05:30,29.37,29.68,28.53,28.72,12609
2019-06-10 00:00:00+05:30,28.38,29.37,27.54,27.8,20676
2019-06-11 00:00:00+05:30,27.65,28.0,27.15,27.61,11772
2019-06-12 00:00:00+05:30,27.88,28.53,27.61,27.73,6257
2019-06-13 00:00:00+05:30,27.69,27.8,27.15,27.27,12829
2019-06-14 00:00:00+05:30,27.27,27.57,27.15,27.31,10435
2019-06-17 00:00:00+05:30,27.12,27.54,26.92,27.34,9269
2019-06-18 00:00:00+05:30,27.31,27.34,26.58,26.69,7085
2019-06-19 00:00:00+05:30,26.66,26.96,24.48,24.63,42471
2019-06-20 00:00:00+05:30,24.09,26.01,23.83,25.78,14807
2019-06-21 00:00:00+05:30,25.28,26.27,24.78,25.28,8236
2019-06-24 00:00:00+05:30,25.36,25.39,24.63,24.74,4889
2019-06-25 00:00:00+05:30,25.09,25.17,24.4,24.71,10896
2019-06-26 00:00:00+05:30,24.59,25.51,24.09,25.13,30344
2019-06-27 00:00:00+05:30,25.17,26.24,25.17,25.32,10780
2019-06-28 00:00:00+05:30,25.28,26.16,25.24,25.47,7314
2019-07-01 00:00:00+05:30,25.43,26.35,25.24,25.82,27216
2019-07-02 00:00:00+05:30,25.82,26.39,24.48,24.97,23456
2019-07-03 00:00:00+05:30,25.39,25.39,24.55,24.82,6277
2019-07-04 00:00:00+05:30,24.9,25.24,23.41,23.86,54965
2019-07-05 00:00:00+05:30,24.36,24.67,23.64,23.83,14957
2019-07-08 00:00:00+05:30,24.44,24.44,22.95,23.44,20409
2019-07-09 00:00:00+05:30,23.02,23.33,22.49,23.21,14739
2019-07-10 00:00:00+05:30,23.02,23.67,22.72,22.99,4629
2019-07-11 00:00:00+05:30,23.21,23.21,22.56,22.79,13903
2019-07-12 00:00:00+05:30,22.72,24.4,22.64,23.79,9869
2019-07-15 00:00:00+05:30,23.41,23.41,22.6,22.64,9874
2019-07-16 00:00:00+05:30,23.25,23.25,22.18,22.45,35421
2019-07-17 00:00:00+05:30,22.18,23.48,22.18,22.53,6721
2019-07-18 00:00:00+05:30,22.53,22.95,22.3,22.53,59252
2019-07-19 00:00:00+05:30,22.37,22.37,22.18,22.18,11571
2019-07-22 00:00:00+05:30,22.07,22.41,21.42,21.8,3695
2019-07-23 00:00:00+05:30,21.84,21.84,21.42,21.42,4013
2019-07-24 00:00:00+05:30,21.91,22.11,21.23,21.38,8161
2019-07-25 00:00:00+05:30,21.3,21.53,20.65,21.0,14135
2019-07-26 00:00:00+05:30,20.69,21.38,20.15,21.15,15871
2019-07-29 00:00:00+05:30,21.07,21.07,20.27,20.46,5484
2019-07-30 00:00:00+05:30,20.31,20.65,19.7,19.85,9709
2019-07-31 00:00:00+05:30,19.62,19.85,18.63,19.73,12159
2019-08-01 00:00:00+05:30,19.16,19.66,18.63,18.97,10491
2019-08-02 00:00:00+05:30,18.66,21.03,18.36,20.84,23987
2019-08-05 00:00:00+05:30,21.0,21.03,18.43,18.7,16723
2019-08-06 00:00:00+05:30,19.85,20.65,18.4,19.73,9541
2019-08-07 00:00:00+05:30,19.47,20.96,19.12,19.47,6493
2019-08-08 00:00:00+05:30,20.27,20.46,18.7,19.47,7063
2019-08-09 00:00:00+05:30,20.61,21.42,18.43,19.7,52790
2019-08-13 00:00:00+05:30,19.7,20.08,19.28,19.7,6867
2019-08-14 00:00:00+05:30,19.5,20.27,19.2,19.89,9779
2019-08-16 00:00:00+05:30,19.28,19.85,18.82,19.24,4875
2019-08-19 00:00:00+05:30,18.93,19.7,18.55,19.5,5204
2019-08-20 00:00:00+05:30,20.42,20.42,19.12,19.16,2327
2019-08-21 00:00:00+05:30,19.2,19.54,18.82,19.08,8942
2019-08-22 00:00:00+05:30,19.16,19.2,17.94,18.09,10994
2019-08-23 00:00:00+05:30,17.98,18.36,17.13,17.9,10207
2019-08-26 00:00:00+05:30,19.08,19.5,18.05,18.51,5391
2019-08-27 00:00:00+05:30,19.08,20.61,19.08,20.27,13021
2019-08-28 00:00:00+05:30,20.0,20.38,19.28,19.58,6019
2019-08-29 00:00:00+05:30,19.16,19.43,18.51,19.24,8202
2019-08-30 00:00:00+05:30,19.43,19.66,18.59,18.74,6040
2019-09-03 00:00:00+05:30,18.63,19.12,18.4,18.7,3340
2019-09-04 00:00:00+05:30,19.05,19.31,17.36,18.17,20770
2019-09-05 00:00:00+05:30,17.98,18.74,17.78,17.94,7548
2019-09-06 00:00:00+05:30,18.36,18.97,17.78,18.82,13098
2019-09-09 00:00:00+05:30,19.01,19.89,18.82,19.43,12243
2019-09-11 00:00:00+05:30,19.31,21.42,17.98,20.77,53850
2019-09-12 00:00:00+05:30,21.26,22.72,21.26,22.26,35381
2019-09-13 00:00:00+05:30,22.18,23.71,22.18,22.87,21151
2019-09-16 00:00:00+05:30,22.99,23.64,22.3,23.41,18945
2019-09-17 00:00:00+05:30,23.83,24.09,21.72,22.33,19256
2019-09-18 00:00:00+05:30,22.53,22.91,21.42,21.8,6342
2019-09-19 00:00:00+05:30,22.11,22.18,20.42,20.54,16185
2019-09-20 00:00:00+05:30,21.34,22.76,20.61,21.76,17306
2019-09-23 00:00:00+05:30,21.57,23.71,21.49,22.53,18641
2019-09-24 00:00:00+05:30,23.29,24.32,21.84,23.1,25748
2019-09-25 00:00:00+05:30,24.29,24.29,21.68,23.33,43726
2019-09-26 00:00:00+05:30,23.86,25.93,20.08,22.49,239426
2019-09-27 00:00:00+05:30,22.22,23.52,21.8,22.53,15989
2019-09-30 00:00:00+05:30,22.37,22.37,19.85,20.46,44425
2019-10-01 00:00:00+05:30,20.69,20.81,19.73,20.0,17044
2019-10-03 00:00:00+05:30,20.04,21.26,19.96,20.65,6692
2019-10-04 00:00:00+05:30,20.77,21.03,19.93,20.46,9214
2019-10-07 00:00:00+05:30,20.5,20.61,19.5,19.62,6377
2019-10-09 00:00:00+05:30,19.39,20.96,19.01,20.0,11094
2019-10-10 00:00:00+05:30,21.03,21.03,19.39,20.31,2412
2019-10-11 00:00:00+05:30,20.54,21.19,19.89,20.23,4705
2019-10-14 00:00:00+05:30,20.46,22.76,19.89,20.88,53375
2019-10-15 00:00:00+05:30,20.77,21.11,19.5,19.81,12922
2019-10-16 00:00:00+05:30,19.81,20.81,19.81,20.42,3469
2019-10-17 00:00:00+05:30,20.31,20.46,19.5,20.08,9586
2019-10-18 00:00:00+05:30,20.12,21.11,19.7,20.61,7582
2019-10-22 00:00:00+05:30,19.81,20.73,19.66,20.19,7161
2019-10-23 00:00:00+05:30,20.19,21.26,19.96,20.96,11568
2019-10-24 00:00:00+05:30,21.76,21.76,20.73,20.88,4373
2019-10-25 00:00:00+05:30,21.26,21.8,20.04,20.19,8756
2019-10-27 00:00:00+05:30,20.31,21.42,20.31,21.03,2188
2019-10-29 00:00:00+05:30,21.42,21.42,20.19,21.3,16436
2019-10-30 00:00:00+05:30,20.69,21.38,20.69,21.07,11511
2019-10-31 00:00:00+05:30,22.53,22.53,21.19,21.53,11707
2019-11-01 00:00:00+05:30,21.42,22.18,20.27,21.65,16317
2019-11-04 00:00:00+05:30,21.57,21.8,20.65,21.26,16755
2019-11-05 00:00:00+05:30,21.15,21.34,20.65,20.92,12188
2019-11-06 00:00:00+05:30,20.96,22.37,20.5,22.07,29054
2019-11-07 00:00:00+05:30,22.11,23.56,22.07,22.41,75551
2019-11-08 00:00:00+05:30,21.8,23.14,21.34,21.68,16712
2019-11-11 00:00:00+05:30,21.88,22.83,21.15,21.38,13820
2019-11-13 00:00:00+05:30,20.73,21.99,20.73,21.34,7870
2019-11-14 00:00:00+05:30,22.56,22.56,21.0,21.46,8744
2019-11-15 00:00:00+05:30,21.26,21.65,19.77,20.69,18360
2019-11-18 00:00:00+05:30,21.8,21.8,19.89,20.42,17305
2019-11-19 00:00:00+05:30,21.11,21.11,19.81,20.04,19707
2019-11-20 00:00:00+05:30,20.69,20.69,19.5,19.96,7582
2019-11-21 00:00:00+05:30,20.0,20.19,19.31,19.5,16016
2019-11-22 00:00:00+05:30,19.7,20.58,19.43,20.42,14330
2019-11-25 00:00:00+05:30,21.68,24.29,19.31,21.91,161337
2019-11-26 00:00:00+05:30,21.91,22.18,20.84,21.19,6649
2019-11-27 00:00:00+05:30,21.19,21.8,20.65,21.19,2972
2019-11-28 00:00:00+05:30,20.69,22.18,20.69,21.61,18341
2019-11-29 00:00:00+05:30,21.88,21.88,20.96,21.46,16436
2019-12-02 00:00:00+05:30,21.46,21.46,20.69,20.88,5824
2019-12-03 00:00:00+05:30,21.38,21.57,19.89,20.0,4498
2019-12-04 00:00:00+05:30,19.89,20.96,19.35,20.23,7118
2019-12-05 00:00:00+05:30,20.0,22.18,19.89,21.15,8449
2019-12-06 00:00:00+05:30,22.11,22.11,19.93,20.08,10909
2019-12-09 00:00:00+05:30,19.96,21.03,19.96,20.42,16923
2019-12-10 00:00:00+05:30,20.35,20.84,19.62,20.08,11247
2019-12-11 00:00:00+05:30,20.0,20.58,19.12,19.73,17046
2019-12-12 00:00:00+05:30,20.19,20.65,19.58,20.42,24347
2019-12-13 00:00:00+05:30,19.93,20.58,19.85,20.19,7369
2019-12-16 00:00:00+05:30,19.58,20.58,19.58,19.85,7645
2019-12-17 00:00:00+05:30,19.77,20.46,19.73,20.08,3329
2019-12-18 00:00:00+05:30,20.0,20.31,19.73,19.93,4322
2019-12-19 00:00:00+05:30,20.31,20.5,19.5,20.27,19220
2019-12-20 00:00:00+05:30,20.15,20.58,19.77,19.93,12401
2019-12-23 00:00:00+05:30,19.93,20.0,19.5,19.85,4923
2019-12-24 00:00:00+05:30,20.23,20.5,19.5,20.04,10495
2019-12-26 00:00:00+05:30,20.27,20.35,19.58,19.85,4723
2019-12-27 00:00:00+05:30,19.96,20.5,19.81,19.93,23341
2019-12-30 00:00:00+05:30,19.89,21.65,19.89,21.38,86032
2019-12-31 00:00:00+05:30,21.95,22.11,20.69,21.0,42150
2020-01-01 00:00:00+05:30,21.0,21.76,21.0,21.42,7254
2020-01-02 00:00:00+05:30,21.03,22.87,20.61,22.03,20030
2020-01-03 00:00:00+05:30,21.46,23.6,21.15,21.68,33086
2020-01-06 00:00:00+05:30,21.8,22.18,20.42,20.73,16155
2020-01-07 00:00:00+05:30,20.96,21.72,20.77,21.34,16773
2020-01-08 00:00:00+05:30,20.27,23.18,20.27,22.18,35515
2020-01-09 00:00:00+05:30,23.25,25.17,21.42,23.64,341910
2020-01-10 00:00:00+05:30,24.36,25.24,22.99,24.02,160784
2020-01-13 00:00:00+05:30,24.02,24.4,22.99,23.37,24573
2020-01-14 00:00:00+05:30,23.67,24.32,23.33,23.41,21248
2020-01-15 00:00:00+05:30,23.02,23.56,22.83,23.02,19373
2020-01-16 00:00:00+05:30,23.29,24.09,23.02,23.6,17310
2020-01-17 00:00:00+05:30,23.41,24.32,23.33,23.94,9892
2020-01-20 00:00:00+05:30,24.74,27.69,24.09,24.21,36105
2020-01-21 00:00:00+05:30,23.67,25.39,23.25,24.51,36241
2020-01-22 00:00:00+05:30,25.28,25.39,23.56,24.06,14425
2020-01-23 00:00:00+05:30,24.4,24.67,23.86,24.29,11993
2020-01-24 00:00:00+05:30,24.32,25.01,23.75,24.09,23132
2020-01-27 00:00:00+05:30,24.21,24.21,23.71,23.79,13550
2020-01-28 00:00:00+05:30,24.25,24.36,23.41,23.67,9943
2020-01-29 00:00:00+05:30,24.32,24.78,23.37,23.52,10294
2020-01-30 00:00:00+05:30,23.18,24.09,23.02,23.94,12268
2020-01-31 00:00:00+05:30,24.09,25.24,23.37,23.79,34579
2020-02-01 00:00:00+05:30,23.48,24.29,22.6,22.68,18734
2020-02-03 00:00:00+05:30,22.95,23.71,21.72,22.45,16770
2020-02-04 00:00:00+05:30,23.02,24.02,22.26,22.64,35989
2020-02-05 00:00:00+05:30,22.95,23.71,22.03,22.33,8352
2020-02-06 00:00:00+05:30,22.95,23.21,22.18,22.33,20696
2020-02-07 00:00:00+05:30,22.95,24.48,22.37,23.48,53923
2020-02-10 00:00:00+05:30,24.29,24.32,23.56,23.83,20392
2020-02-11 00:00:00+05:30,23.44,24.32,22.99,23.29,27116
2020-02-12 00:00:00+05:30,23.75,24.06,23.29,23.75,24092
2020-02-13 00:00:00+05:30,23.75,24.6,22.6,24.35,11676
2020-02-14 00:00:00+05:30,25.2,25.2,23.15,23.15,19867
2020-02-17 00:00:00+05:30,22.35,23.0,22.0,22.0,22145
2020-02-18 00:00:00+05:30,22.0,22.0,20.9,21.0,6084
2020-02-19 00:00:00+05:30,21.0,21.0,19.95,20.1,14398
2020-02-20 00:00:00+05:30,20.1,21.1,19.5,20.9,23575
2020-02-24 00:00:00+05:30,20.9,21.6,20.0,20.35,22853
2020-02-25 00:00:00+05:30,19.5,20.75,19.5,20.5,24127
2020-02-26 00:00:00+05:30,19.6,20.3,19.6,19.85,10894
2020-02-27 00:00:00+05:30,20.0,20.0,19.45,19.5,4933
2020-02-28 00:00:00+05:30,19.0,20.6,15.85,19.65,6036
2020-03-02 00:00:00+05:30,19.5,22.5,19.0,19.65,20101
2020-03-03 00:00:00+05:30,20.0,21.45,19.7,20.8,4760
2020-03-04 00:00:00+05:30,21.0,21.0,17.5,18.75,8892
2020-03-05 00:00:00+05:30,19.0,19.75,18.05,19.0,3584
2020-03-06 00:00:00+05:30,19.0,19.0,16.85,18.1,15622
2020-03-09 00:00:00+05:30,18.05,19.55,16.35,17.25,2650
2020-03-11 00:00:00+05:30,16.95,18.8,16.0,18.0,4525
2020-03-12 00:00:00+05:30,19.0,19.0,16.0,16.95,8509
2020-03-13 00:00:00+05:30,16.0,18.0,13.6,16.2,23082
2020-03-16 00:00:00+05:30,16.0,16.6,14.45,15.0,9297
2020-03-17 00:00:00+05:30,15.1,15.95,13.6,15.65,19186
2020-03-18 00:00:00+05:30,15.0,15.0,13.95,14.2,14512
2020-03-19 00:00:00+05:30,12.05,16.5,12.05,16.1,15073
2020-03-20 00:00:00+05:30,15.2,17.5,14.6,15.2,9519
2020-03-23 00:00:00+05:30,13.65,16.65,12.4,12.9,7750
2020-03-24 00:00:00+05:30,15.45,15.45,12.0,13.65,9852
2020-03-25 00:00:00+05:30,14.85,14.95,13.15,14.6,1966
2020-03-26 00:00:00+05:30,15.45,16.5,13.4,15.4,8643
2020-03-27 00:00:00+05:30,15.45,18.25,14.55,17.65,32569
2020-03-30 00:00:00+05:30,17.7,20.0,14.6,15.6,17556
2020-03-31 00:00:00+05:30,17.9,17.9,14.5,15.4,8445
2020-04-01 00:00:00+05:30,16.0,17.0,15.2,16.8,4165
2020-04-03 00:00:00+05:30,15.55,17.45,14.85,15.3,16983
2020-04-07 00:00:00+05:30,15.6,17.65,15.6,16.75,23378
2020-04-08 00:00:00+05:30,16.55,17.0,16.45,16.85,4083
2020-04-09 00:00:00+05:30,17.85,17.9,16.4,17.0,7095
2020-04-13 00:00:00+05:30,17.05,17.05,15.65,16.7,7001
2020-04-15 00:00:00+05:30,17.0,18.4,16.5,18.0,14969
2020-04-16 00:00:00+05:30,17.5,18.5,17.2,17.7,3885
2020-04-17 00:00:00+05:30,17.6,18.55,17.5,17.85,21812
2020-04-20 00:00:00+05:30,18.5,18.5,17.3,18.35,5431
2020-04-21 00:00:00+05:30,18.0,18.0,17.0,17.75,4481
2020-04-22 00:00:00+05:30,18.4,18.45,16.45,17.35,12160
2020-04-23 00:00:00+05:30,17.1,18.15,17.0,17.25,11648
2020-04-24 00:00:00+05:30,19.05,20.7,19.05,20.7,358069
2020-04-27 00:00:00+05:30,22.65,23.7,20.95,21.6,340545
2020-04-28 00:00:00+05:30,21.5,22.3,20.25,22.15,105832
2020-04-29 00:00:00+05:30,22.15,23.9,20.85,22.55,190296
2020-04-30 00:00:00+05:30,23.2,23.2,21.3,22.0,68826
2020-05-04 00:00:00+05:30,21.9,21.95,20.1,20.25,29558
2020-05-05 00:00:00+05:30,21.1,21.95,18.9,19.1,46460
2020-05-06 00:00:00+05:30,19.25,19.25,18.2,18.6,13181
2020-05-07 00:00:00+05:30,18.4,19.25,18.4,18.95,8965
2020-05-08 00:00:00+05:30,19.25,19.25,18.1,18.45,6309
2020-05-11 00:00:00+05:30,18.7,18.9,17.4,17.7,15399
2020-05-12 00:00:00+05:30,17.3,18.8,17.3,18.25,8964
2020-05-13 00:00:00+05:30,18.8,19.65,18.05,18.95,28739
2020-05-14 00:00:00+05:30,19.75,20.8,19.15,19.45,49522
2020-05-15 00:00:00+05:30,19.4,20.2,19.35,19.4,5047
2020-05-18 00:00:00+05:30,19.95,19.95,17.4,18.05,11838
2020-05-19 00:00:00+05:30,18.1,18.85,18.05,18.5,4686
2020-05-20 00:00:00+05:30,18.4,19.0,17.6,18.5,5216
2020-05-21 00:00:00+05:30,19.5,19.5,17.7,18.5,6551
2020-05-22 00:00:00+05:30,18.05,18.95,18.0,18.5,6922
2020-05-26 00:00:00+05:30,18.45,18.6,17.9,18.1,3594
2020-05-27 00:00:00+05:30,18.0,18.95,17.75,18.75,9377
2020-05-28 00:00:00+05:30,19.4,19.4,18.15,18.6,3028
2020-05-29 00:00:00+05:30,18.6,18.95,18.25,18.7,14169
2020-06-01 00:00:00+05:30,18.25,20.0,18.0,19.6,22936
2020-06-02 00:00:00+05:30,19.9,20.45,18.6,20.0,14532
2020-06-03 00:00:00+05:30,20.8,23.5,19.5,21.7,121085
2020-06-04 00:00:00+05:30,21.35,21.65,20.2,20.4,34564
2020-06-05 00:00:00+05:30,21.0,22.0,20.2,21.8,27116
2020-06-08 00:00:00+05:30,21.85,23.4,21.0,21.7,34581
2020-06-09 00:00:00+05:30,21.75,22.5,20.4,21.0,23866
2020-06-10 00:00:00+05:30,21.0,21.85,20.05,21.0,8215
2020-06-11 00:00:00+05:30,20.65,21.4,20.25,20.45,5053
2020-06-12 00:00:00+05:30,19.8,24.0,19.05,21.05,20400
2020-06-15 00:00:00+05:30,20.2,22.35,20.05,20.8,34106
2020-06-16 00:00:00+05:30,20.9,21.65,19.4,20.3,10927
2020-06-17 00:00:00+05:30,20.5,20.95,20.1,20.2,10110
2020-06-18 00:00:00+05:30,20.25,21.95,20.1,21.35,48312
2020-06-19 00:00:00+05:30,22.45,22.7,21.4,22.15,56032
2020-06-22 00:00:00+05:30,22.6,23.2,21.4,22.45,30226
2020-06-23 00:00:00+05:30,22.5,26.9,22.45,26.9,351616
2020-06-24 00:00:00+05:30,29.6,29.95,25.9,26.3,294764
2020-06-25 00:00:00+05:30,25.2,27.3,25.2,26.0,53693
2020-06-26 00:00:00+05:30,26.9,26.9,25.4,25.7,26742
2020-06-29 00:00:00+05:30,25.75,26.75,24.3,24.55,30868
2020-06-30 00:00:00+05:30,24.4,24.6,23.05,23.35,32884
2020-07-01 00:00:00+05:30,23.35,23.6,22.45,22.55,24511
2020-07-02 00:00:00+05:30,22.6,27.0,22.6,25.8,215377
2020-07-03 00:00:00+05:30,25.9,26.35,23.05,24.15,103141
2020-07-06 00:00:00+05:30,23.9,26.3,23.15,24.5,69357
2020-07-07 00:00:00+05:30,24.5,24.9,23.65,24.55,19039
2020-07-08 00:00:00+05:30,24.95,29.45,24.05,27.95,687986
2020-07-09 00:00:00+05:30,27.95,32.7,25.8,30.2,953011
2020-07-10 00:00:00+05:30,30.2,31.3,28.15,28.45,160992
2020-07-13 00:00:00+05:30,29.0,29.65,26.5,27.1,90968
2020-07-14 00:00:00+05:30,27.45,30.9,25.45,29.35,213258
2020-07-15 00:00:00+05:30,29.65,30.15,27.35,27.85,78049
2020-07-16 00:00:00+05:30,27.8,27.95,26.0,26.9,56054
2020-07-17 00:00:00+05:30,26.95,27.45,26.4,26.6,25642
2020-07-20 00:00:00+05:30,26.6,27.5,25.3,25.95,50437
2020-07-21 00:00:00+05:30,26.05,30.7,26.05,28.75,530358
2020-07-22 00:00:00+05:30,29.6,29.6,28.05,28.65,84769
2020-07-23 00:00:00+05:30,29.0,32.35,28.5,31.9,778468
2020-07-24 00:00:00+05:30,31.7,32.45,28.45,28.65,505347
2020-07-27 00:00:00+05:30,29.3,29.75,27.3,27.55,116327
2020-07-28 00:00:00+05:30,27.95,28.9,27.0,27.6,71042
2020-07-29 00:00:00+05:30,27.65,28.15,27.2,27.55,22657
2020-07-30 00:00:00+05:30,27.55,28.0,27.0,27.1,20269
2020-07-31 00:00:00+05:30,27.55,27.55,26.5,26.65,45596
2020-08-03 00:00:00+05:30,27.0,27.05,26.0,26.4,29499
2020-08-04 00:00:00+05:30,26.55,27.8,26.1,27.55,49056
2020-08-05 00:00:00+05:30,27.55,28.8,27.2,27.55,44063
2020-08-06 00:00:00+05:30,27.45,30.0,27.25,28.15,88160
2020-08-07 00:00:00+05:30,28.2,29.35,27.65,28.0,50346
2020-08-10 00:00:00+05:30,28.1,29.25,28.0,28.15,53484
2020-08-11 00:00:00+05:30,28.2,28.75,27.15,27.75,25394
2020-08-12 00:00:00+05:30,27.5,28.6,27.1,27.65,44756
2020-08-13 00:00:00+05:30,27.65,28.2,26.75,27.2,32965
2020-08-14 00:00:00+05:30,27.25,30.05,27.15,27.85,291447
2020-08-17 00:00:00+05:30,27.9,28.75,27.55,28.1,17293
2020-08-18 00:00:00+05:30,28.6,28.65,27.55,27.8,14598
2020-08-19 00:00:00+05:30,28.0,29.0,27.55,28.2,32199
2020-08-20 00:00:00+05:30,28.25,28.9,27.6,27.85,39625
2020-08-21 00:00:00+05:30,28.0,29.35,27.85,28.4,56699
2020-08-24 00:00:00+05:30,29.0,30.5,28.25,29.3,148983
2020-08-25 00:00:00+05:30,29.85,30.25,28.7,29.9,82915
2020-08-26 00:00:00+05:30,31.0,32.25,30.5,31.4,377160
2020-08-27 00:00:00+05:30,31.95,32.0,29.5,29.9,155325
2020-08-28 00:00:00+05:30,30.8,32.5,29.6,30.95,273519
2020-08-31 00:00:00+05:30,31.0,31.2,27.1,27.55,150465
2020-09-01 00:00:00+05:30,28.4,28.4,26.15,27.2,64954
2020-09-02 00:00:00+05:30,27.5,30.95,26.85,27.95,152299
2020-09-03 00:00:00+05:30,27.65,28.8,27.65,27.9,38140
2020-09-04 00:00:00+05:30,27.0,28.5,26.95,27.35,71055
2020-09-07 00:00:00+05:30,27.95,28.0,27.0,27.15,28849
2020-09-08 00:00:00+05:30,27.15,27.7,27.0,27.2,6348
2020-09-09 00:00:00+05:30,26.25,27.1,25.6,26.7,18705
2020-09-10 00:00:00+05:30,26.95,27.8,26.55,27.3,19773
2020-09-11 00:00:00+05:30,27.1,27.45,26.7,27.2,8440
2020-09-14 00:00:00+05:30,27.2,28.35,27.05,27.6,75942
2020-09-15 00:00:00+05:30,28.0,28.3,27.1,27.25,27303
2020-09-16 00:00:00+05:30,27.35,27.8,26.65,27.35,26158
2020-09-17 00:00:00+05:30,27.1,27.6,26.8,27.05,12489
2020-09-18 00:00:00+05:30,27.45,27.5,27.0,27.05,6488
2020-09-21 00:00:00+05:30,27.0,27.45,25.5,26.1,17587
2020-09-22 00:00:00+05:30,26.1,26.15,24.15,25.15,35754
2020-09-23 00:00:00+05:30,25.95,26.05,24.25,24.6,31985
2020-09-24 00:00:00+05:30,24.95,24.95,23.75,23.95,12588
2020-09-25 00:00:00+05:30,24.55,25.0,24.1,24.85,9132
2020-09-28 00:00:00+05:30,24.35,25.8,24.35,24.8,42939
2020-09-29 00:00:00+05:30,25.3,25.45,23.95,24.3,15275
2020-09-30 00:00:00+05:30,24.5,25.0,24.35,24.9,7127
2020-10-01 00:00:00+05:30,25.25,25.4,24.75,24.8,7104
2020-10-05 00:00:00+05:30,24.85,25.75,24.55,24.65,4825
2020-10-06 00:00:00+05:30,24.95,27.7,24.85,26.4,94453
2020-10-07 00:00:00+05:30,27.0,27.4,26.0,26.7,9156
2020-10-08 00:00:00+05:30,26.5,26.75,25.9,26.0,9157
2020-10-09 00:00:00+05:30,26.5,26.55,25.1,25.15,25952
2020-10-12 00:00:00+05:30,26.0,26.0,25.1,25.2,5343
2020-10-13 00:00:00+05:30,25.05,25.45,25.0,25.1,4791
2020-10-14 00:00:00+05:30,24.95,27.25,24.5,25.75,98488
2020-10-15 00:00:00+05:30,25.75,25.95,25.0,25.25,18815
2020-10-16 00:00:00+05:30,24.95,25.8,24.65,25.4,48724
2020-10-19 00:00:00+05:30,24.6,25.15,24.6,24.65,5157
2020-10-20 00:00:00+05:30,24.5,24.9,24.1,24.3,13145
2020-10-21 00:00:00+05:30,24.3,25.25,24.3,24.65,19932
2020-10-22 00:00:00+05:30,24.4,25.1,23.55,24.05,25916
2020-10-23 00:00:00+05:30,24.15,24.8,23.75,24.4,16115
2020-10-26 00:00:00+05:30,24.1,25.8,23.3,23.85,48276
2020-10-27 00:00:00+05:30,24.0,24.4,23.6,23.75,6972
2020-10-28 00:00:00+05:30,23.85,24.4,23.35,23.55,6036
2020-10-29 00:00:00+05:30,23.0,23.6,23.0,23.0,9627
2020-10-30 00:00:00+05:30,23.5,23.95,22.65,23.4,16350
2020-11-02 00:00:00+05:30,23.3,26.9,23.3,26.6,203360
2020-11-03 00:00:00+05:30,27.0,27.45,25.05,25.55,166264
2020-11-04 00:00:00+05:30,25.6,27.45,24.65,26.65,108459
2020-11-05 00:00:00+05:30,26.2,27.4,26.0,27.0,81268
2020-11-06 00:00:00+05:30,26.9,28.35,25.35,25.65,209337
2020-11-09 00:00:00+05:30,26.25,26.7,25.1,25.2,69954
2020-11-10 00:00:00+05:30,25.6,26.75,25.0,25.05,72286
2020-11-11 00:00:00+05:30,26.1,26.1,24.85,25.15,14703
2020-11-12 00:00:00+05:30,25.2,25.95,24.0,25.15,23987
2020-11-13 00:00:00+05:30,25.0,25.6,23.7,24.3,45443
2020-11-17 00:00:00+05:30,24.25,29.3,24.25,28.45,338430
2020-11-18 00:00:00+05:30,28.5,28.9,26.7,27.3,146535
2020-11-19 00:00:00+05:30,27.85,27.85,25.95,26.05,108096
2020-11-20 00:00:00+05:30,26.5,28.45,26.0,27.05,108128
2020-11-23 00:00:00+05:30,27.95,28.8,27.3,28.55,172543
2020-11-24 00:00:00+05:30,27.75,29.7,27.5,29.15,168312
2020-11-25 00:00:00+05:30,29.1,30.55,27.95,28.3,148966
2020-11-26 00:00:00+05:30,28.3,28.9,27.5,28.05,63052
2020-11-27 00:00:00+05:30,28.75,29.55,27.3,27.6,113639
2020-12-01 00:00:00+05:30,28.6,28.6,27.1,27.3,42613
2020-12-02 00:00:00+05:30,27.15,28.9,27.15,27.65,40612
2020-12-03 00:00:00+05:30,28.2,30.1,27.9,28.7,131279
2020-12-04 00:00:00+05:30,29.0,30.9,28.55,30.55,178628
2020-12-07 00:00:00+05:30,30.3,32.0,29.35,29.75,121724
2020-12-08 00:00:00+05:30,30.15,30.75,28.65,29.15,86864
2020-12-09 00:00:00+05:30,29.85,29.95,28.6,29.05,37389
2020-12-10 00:00:00+05:30,29.7,29.7,27.65,28.25,40822
2020-12-11 00:00:00+05:30,28.8,30.95,28.0,29.7,228716
2020-12-14 00:00:00+05:30,30.65,32.5,29.7,30.8,253782
2020-12-15 00:00:00+05:30,30.5,31.5,30.0,30.05,128436
2020-12-16 00:00:00+05:30,30.7,31.25,29.55,30.15,50336
2020-12-17 00:00:00+05:30,30.7,30.8,29.2,29.45,58408
2020-12-18 00:00:00+05:30,29.9,29.95,28.25,28.9,79982
2020-12-21 00:00:00+05:30,28.65,29.95,25.9,26.45,212425
2020-12-22 00:00:00+05:30,26.85,27.8,25.1,27.15,64524
2020-12-23 00:00:00+05:30,27.7,28.45,27.15,27.95,27463
2020-12-24 00:00:00+05:30,29.0,29.5,28.05,28.3,26285
2020-12-28 00:00:00+05:30,28.8,31.0,28.3,29.9,158952
2020-12-29 00:00:00+05:30,30.95,31.8,30.15,30.4,114067
2020-12-30 00:00:00+05:30,30.95,31.5,30.1,30.6,80565
2020-12-31 00:00:00+05:30,34.0,36.25,33.5,35.2,1176311
2021-01-01 00:00:00+05:30,36.9,42.2,36.0,42.2,1527249
2021-01-04 00:00:00+05:30,45.6,46.4,43.1,46.4,1426444
2021-01-05 00:00:00+05:30,46.0,46.35,42.2,43.55,704874
2021-01-06 00:00:00+05:30,43.7,44.7,39.4,40.15,507944
2021-01-07 00:00:00+05:30,38.2,42.4,36.6,40.2,491407
2021-01-08 00:00:00+05:30,42.4,42.4,38.6,39.95,112537
2021-01-11 00:00:00+05:30,40.0,41.2,38.45,39.2,97587
2021-01-12 00:00:00+05:30,39.3,39.7,38.0,38.5,42088
2021-01-13 00:00:00+05:30,38.0,39.0,37.2,37.2,60993
2021-01-14 00:00:00+05:30,39.0,39.0,35.7,36.75,22616
2021-01-15 00:00:00+05:30,37.5,37.5,35.3,36.65,29220
2021-01-18 00:00:00+05:30,37.4,37.45,35.9,36.25,19913
2021-01-19 00:00:00+05:30,35.35,38.0,35.35,36.6,9820
2021-01-20 00:00:00+05:30,36.9,37.45,36.5,36.65,12567
2021-01-21 00:00:00+05:30,37.7,37.7,36.15,36.45,25559
2021-01-22 00:00:00+05:30,35.25,37.3,35.0,35.9,22769
2021-01-25 00:00:00+05:30,37.0,37.0,34.2,34.5,19694
2021-01-27 00:00:00+05:30,34.0,35.05,33.1,33.95,15352
2021-01-28 00:00:00+05:30,33.95,35.6,32.3,35.4,18933
2021-01-29 00:00:00+05:30,34.7,35.85,34.35,35.0,9945
2021-02-01 00:00:00+05:30,34.35,36.0,33.65,34.75,11371
2021-02-02 00:00:00+05:30,35.1,35.8,34.5,34.6,12304
2021-02-03 00:00:00+05:30,34.5,35.6,34.0,35.25,16440
2021-02-04 00:00:00+05:30,35.95,36.0,33.5,36.0,19293
2021-02-05 00:00:00+05:30,35.8,35.8,34.8,34.8,9189
2021-02-08 00:00:00+05:30,34.15,36.6,34.15,36.6,24118
2021-02-09 00:00:00+05:30,36.7,37.5,35.4,37.0,27405
2021-02-10 00:00:00+05:30,37.7,37.7,35.55,35.8,14207
2021-02-11 00:00:00+05:30,36.2,36.5,35.15,35.55,14277
2021-02-12 00:00:00+05:30,35.2,37.0,33.8,36.6,40086
2021-02-15 00:00:00+05:30,36.6,36.6,35.05,35.65,17701
2021-02-16 00:00:00+05:30,35.2,35.9,34.85,35.45,11753
2021-02-17 00:00:00+05:30,35.85,35.85,34.75,35.45,13289
2021-02-18 00:00:00+05:30,34.65,35.55,34.1,34.75,12731
2021-02-19 00:00:00+05:30,35.1,35.5,34.0,35.4,23007
2021-02-22 00:00:00+05:30,35.5,36.6,35.05,35.55,16380
2021-02-23 00:00:00+05:30,35.5,36.45,34.4,34.65,23141
2021-02-24 00:00:00+05:30,35.3,36.35,34.8,36.35,22780
2021-02-25 00:00:00+05:30,37.8,38.15,35.4,36.5,23504
2021-02-26 00:00:00+05:30,37.0,37.0,35.35,36.3,6880
2021-03-01 00:00:00+05:30,35.75,37.5,35.5,36.0,11192
2021-03-02 00:00:00+05:30,36.25,36.7,35.05,36.5,10954
2021-03-03 00:00:00+05:30,35.5,37.2,35.5,36.5,14266
2021-03-04 00:00:00+05:30,37.2,38.3,35.4,37.9,39234
2021-03-05 00:00:00+05:30,37.5,37.9,36.65,37.3,6156
2021-03-08 00:00:00+05:30,38.6,38.6,35.8,36.3,13258
2021-03-09 00:00:00+05:30,36.3,37.0,35.1,35.55,20407
2021-03-10 00:00:00+05:30,36.15,36.3,35.1,35.15,17015
2021-03-12 00:00:00+05:30,35.7,35.9,34.55,35.0,13346
2021-03-15 00:00:00+05:30,35.0,36.25,34.15,35.7,11043
2021-03-16 00:00:00+05:30,35.65,35.7,34.0,34.35,21738
2021-03-17 00:00:00+05:30,34.05,34.6,32.65,32.95,20216
2021-03-18 00:00:00+05:30,33.4,33.9,32.0,32.0,25290
2021-03-19 00:00:00+05:30,31.95,33.5,30.65,32.5,113255
2021-03-22 00:00:00+05:30,33.85,33.85,31.55,33.1,8264
2021-03-23 00:00:00+05:30,32.95,33.5,32.05,32.95,9191
2021-03-24 00:00:00+05:30,32.9,32.9,31.35,31.95,17920
2021-03-25 00:00:00+05:30,31.25,32.0,30.4,31.1,10799
2021-03-26 00:00:00+05:30,32.0,32.65,30.4,31.2,9604
2021-03-30 00:00:00+05:30,31.95,31.95,29.65,29.65,183691
2021-03-31 00:00:00+05:30,30.1,30.3,28.2,30.3,12403
2021-04-01 00:00:00+05:30,28.25,30.9,28.25,30.9,8950
2021-04-05 00:00:00+05:30,30.0,32.15,29.75,31.15,5105
2021-04-06 00:00:00+05:30,30.5,31.4,30.25,30.8,2948
2021-04-07 00:00:00+05:30,30.0,31.95,29.5,29.85,14329
2021-04-08 00:00:00+05:30,30.35,30.7,29.55,30.65,13323
2021-04-09 00:00:00+05:30,30.9,31.95,30.7,30.95,6665
2021-04-12 00:00:00+05:30,32.0,32.0,29.45,30.1,22783
2021-04-13 00:00:00+05:30,29.55,31.3,28.6,30.1,11193
2021-04-15 00:00:00+05:30,29.0,31.25,29.0,30.5,8300
2021-04-16 00:00:00+05:30,31.0,31.0,29.1,30.0,9843
2021-04-19 00:00:00+05:30,29.0,30.45,28.5,29.5,17717
2021-04-20 00:00:00+05:30,29.55,29.55,29.0,29.45,10054
2021-04-22 00:00:00+05:30,29.0,29.9,28.65,29.3,10233
2021-04-23 00:00:00+05:30,28.75,30.4,28.7,29.5,13956
2021-04-26 00:00:00+05:30,28.05,29.9,28.05,28.15,37509
2021-04-27 00:00:00+05:30,28.4,29.55,27.3,29.35,28275
2021-04-28 00:00:00+05:30,29.45,30.8,29.3,30.8,23010
2021-04-29 00:00:00+05:30,30.9,32.3,30.15,31.85,22728
2021-04-30 00:00:00+05:30,30.75,33.4,30.75,33.4,39020
2021-05-03 00:00:00+05:30,33.9,35.05,32.1,34.25,79274
2021-05-04 00:00:00+05:30,33.6,35.95,33.0,35.15,75682
2021-05-05 00:00:00+05:30,34.95,36.05,34.5,34.75,17399
2021-05-06 00:00:00+05:30,34.5,35.8,34.25,34.4,12427
2021-05-07 00:00:00+05:30,34.4,35.55,33.6,34.1,17166
2021-05-10 00:00:00+05:30,34.05,34.9,33.15,33.5,15244
2021-05-11 00:00:00+05:30,34.0,35.15,33.55,34.7,22053
2021-05-12 00:00:00+05:30,35.5,36.4,35.05,35.4,32525
2021-05-14 00:00:00+05:30,34.6,36.5,34.1,34.65,14927
2021-05-17 00:00:00+05:30,35.6,35.95,34.1,34.75,22541
2021-05-18 00:00:00+05:30,35.95,36.15,34.2,34.3,31822
2021-05-19 00:00:00+05:30,33.75,35.5,33.7,34.7,18773
2021-05-20 00:00:00+05:30,35.0,35.2,34.4,34.7,11199
2021-05-21 00:00:00+05:30,35.35,36.15,34.95,35.8,56875
2021-05-24 00:00:00+05:30,36.4,36.4,34.7,35.85,13493
2021-05-25 00:00:00+05:30,36.4,36.4,34.75,35.1,7049
2021-05-26 00:00:00+05:30,35.5,35.5,34.15,35.2,12507
2021-05-27 00:00:00+05:30,35.9,35.9,34.4,34.85,18274
2021-05-28 00:00:00+05:30,34.95,35.75,34.5,34.5,14283
2021-05-31 00:00:00+05:30,34.5,35.0,33.0,33.35,34502
2021-06-01 00:00:00+05:30,34.3,34.3,32.8,33.15,11973
2021-06-02 00:00:00+05:30,32.8,33.85,32.1,32.75,17533
2021-06-03 00:00:00+05:30,33.45,33.45,32.0,32.65,27850
2021-06-04 00:00:00+05:30,33.0,33.0,32.1,32.45,11471
2021-06-07 00:00:00+05:30,32.1,33.55,32.1,33.1,19698
2021-06-08 00:00:00+05:30,33.5,34.75,31.6,34.75,46890
2021-06-09 00:00:00+05:30,35.1,36.45,35.0,35.35,53048
2021-06-10 00:00:00+05:30,36.9,36.9,35.0,36.0,20490
2021-06-11 00:00:00+05:30,36.85,36.85,34.45,35.15,25614
2021-06-14 00:00:00+05:30,35.75,36.4,33.65,36.2,32418
2021-06-15 00:00:00+05:30,36.2,36.85,35.0,35.65,16868
2021-06-17 00:00:00+05:30,35.0,36.5,35.0,35.95,9614
2021-06-18 00:00:00+05:30,36.45,37.7,34.5,37.15,124704
2021-06-21 00:00:00+05:30,37.15,37.15,35.3,36.3,37037
2021-06-22 00:00:00+05:30,36.95,38.1,35.2,36.55,18821
2021-06-23 00:00:00+05:30,35.85,35.95,34.8,35.25,20240
2021-06-24 00:00:00+05:30,35.05,35.8,34.15,34.45,20497
2021-06-25 00:00:00+05:30,35.15,35.95,34.0,35.15,16880
2021-06-28 00:00:00+05:30,34.5,35.5,33.75,35.0,21141
2021-06-29 00:00:00+05:30,34.3,35.5,34.0,35.35,13396
2021-06-30 00:00:00+05:30,35.95,36.4,34.1,35.7,31857
2021-07-01 00:00:00+05:30,36.4,37.45,36.0,36.2,44436
2021-07-02 00:00:00+05:30,37.3,37.3,35.2,35.85,16860
2021-07-05 00:00:00+05:30,35.25,36.85,35.25,35.7,22051
2021-07-06 00:00:00+05:30,35.7,36.2,35.1,35.25,12344
2021-07-07 00:00:00+05:30,35.0,35.7,34.55,35.4,12379
2021-07-08 00:00:00+05:30,35.4,36.7,34.8,34.85,18007
2021-07-09 00:00:00+05:30,34.85,36.5,33.15,33.4,102178
2021-07-12 00:00:00+05:30,33.0,34.0,32.1,33.8,30090
2021-07-13 00:00:00+05:30,34.35,34.7,32.7,34.35,13100
2021-07-14 00:00:00+05:30,34.8,34.8,33.3,34.35,17441
2021-07-15 00:00:00+05:30,33.7,34.5,33.5,33.8,11357
2021-07-16 00:00:00+05:30,34.0,34.35,33.3,33.7,9486
2021-07-19 00:00:00+05:30,33.5,35.2,33.05,34.15,18056
2021-07-20 00:00:00+05:30,34.6,34.6,33.5,34.1,13343
2021-07-22 00:00:00+05:30,35.0,35.0,32.8,33.5,11223
2021-07-23 00:00:00+05:30,34.75,34.75,33.3,33.8,7075
2021-07-26 00:00:00+05:30,33.6,34.5,33.6,33.8,6599
2021-07-27 00:00:00+05:30,34.95,35.25,33.3,33.55,10288
2021-07-28 00:00:00+05:30,34.95,35.1,33.3,34.75,16817
2021-07-29 00:00:00+05:30,35.1,35.1,33.6,34.65,19010
2021-07-30 00:00:00+05:30,33.7,35.1,33.6,34.95,21844
2021-08-02 00:00:00+05:30,34.9,35.4,34.2,34.8,20396
2021-08-03 00:00:00+05:30,35.35,35.9,34.2,35.7,32151
2021-08-04 00:00:00+05:30,35.1,36.5,34.6,35.05,20897
2021-08-05 00:00:00+05:30,35.75,35.75,33.5,34.45,18076
2021-08-06 00:00:00+05:30,34.85,34.85,33.0,33.7,29804
2021-08-09 00:00:00+05:30,33.7,34.7,33.1,34.3,19875
2021-08-10 00:00:00+05:30,34.75,34.75,32.6,33.0,12838
2021-08-11 00:00:00+05:30,32.2,34.5,31.35,34.2,25352
2021-08-12 00:00:00+05:30,33.55,34.4,32.95,33.1,24678
2021-08-13 00:00:00+05:30,34.0,34.0,32.3,32.7,11064
2021-08-16 00:00:00+05:30,32.35,32.7,31.35,32.15,6680
2021-08-17 00:00:00+05:30,32.7,32.7,30.55,30.55,20648
2021-08-18 00:00:00+05:30,31.0,31.55,29.5,29.6,14518
2021-08-20 00:00:00+05:30,29.85,31.05,28.25,29.7,13571
2021-08-23 00:00:00+05:30,30.8,30.8,28.55,29.2,17926
2021-08-24 00:00:00+05:30,30.0,30.65,28.8,30.65,12651
2021-08-25 00:00:00+05:30,30.55,31.95,30.05,31.1,44509
2021-08-26 00:00:00+05:30,30.5,32.3,30.5,31.3,4713
2021-08-27 00:00:00+05:30,31.6,31.8,30.2,30.75,13657
2021-08-30 00:00:00+05:30,30.75,32.25,29.95,31.05,59361
2021-08-31 00:00:00+05:30,30.35,31.4,30.3,30.75,7605
2021-09-01 00:00:00+05:30,31.9,31.9,30.1,30.45,13653
2021-09-02 00:00:00+05:30,30.5,30.8,30.05,30.45,15305
2021-09-03 00:00:00+05:30,30.5,30.8,30.1,30.2,11080
2021-09-06 00:00:00+05:30,30.75,30.85,30.2,30.4,14774
2021-09-07 00:00:00+05:30,31.65,31.65,29.65,30.2,8899
2021-09-08 00:00:00+05:30,30.7,31.0,30.05,30.9,16587
2021-09-09 00:00:00+05:30,30.9,31.0,30.4,30.75,8076
2021-09-13 00:00:00+05:30,30.4,31.9,30.4,31.75,20001
2021-09-14 00:00:00+05:30,31.5,32.3,30.9,31.85,13074
2021-09-15 00:00:00+05:30,31.9,32.4,31.25,31.75,15659
2021-09-16 00:00:00+05:30,31.3,32.4,31.3,32.0,12222
2021-09-17 00:00:00+05:30,31.7,32.55,31.0,31.1,14033
2021-09-20 00:00:00+05:30,31.4,32.65,30.55,31.7,16683
2021-09-21 00:00:00+05:30,31.0,31.65,30.55,30.65,11993
2021-09-22 00:00:00+05:30,30.6,31.75,30.55,31.0,10607
2021-09-23 00:00:00+05:30,31.1,31.6,30.6,31.1,34926
2021-09-24 00:00:00+05:30,31.5,31.7,30.9,31.3,13527
2021-09-27 00:00:00+05:30,31.15,31.2,30.3,30.7,10707
2021-09-28 00:00:00+05:30,30.65,31.4,30.65,31.05,15892
2021-09-29 00:00:00+05:30,31.0,31.2,31.0,31.15,6670
2021-09-30 00:00:00+05:30,31.15,31.5,30.75,30.9,11912
2021-10-01 00:00:00+05:30,30.85,32.4,30.7,31.9,26610
2021-10-04 00:00:00+05:30,32.0,33.15,31.7,32.85,23119
2021-10-05 00:00:00+05:30,32.8,33.35,32.25,32.85,9857
2021-10-06 00:00:00+05:30,33.35,34.45,32.1,33.05,30194
2021-10-07 00:00:00+05:30,32.65,34.35,32.65,33.75,15242
2021-10-08 00:00:00+05:30,34.5,34.5,31.95,32.5,30699
2021-10-11 00:00:00+05:30,33.5,35.45,32.5,34.05,42840
2021-10-12 00:00:00+05:30,34.8,34.8,32.9,33.2,7167
2021-10-13 00:00:00+05:30,33.0,33.5,32.5,33.4,12066
2021-10-14 00:00:00+05:30,33.7,33.75,32.6,32.95,11688
2021-10-18 00:00:00+05:30,33.0,33.3,32.2,33.15,30831
2021-10-19 00:00:00+05:30,32.45,33.55,32.45,32.6,15472
2021-10-20 00:00:00+05:30,33.25,33.25,31.3,32.45,20868
2021-10-21 00:00:00+05:30,32.45,33.0,31.6,31.95,10995
2021-10-22 00:00:00+05:30,33.0,33.1,30.2,30.5,23289
2021-10-25 00:00:00+05:30,31.5,32.5,30.3,31.05,5422
2021-10-26 00:00:00+05:30,31.1,32.0,31.0,31.8,11643
2021-10-27 00:00:00+05:30,32.5,32.5,31.2,31.75,11316
2021-10-28 00:00:00+05:30,31.8,32.35,31.0,31.35,7433
2021-10-29 00:00:00+05:30,31.0,32.2,30.5,31.35,29051
2021-11-01 00:00:00+05:30,34.45,34.45,34.45,34.45,32251
2021-11-02 00:00:00+05:30,37.85,37.85,35.55,37.85,139449
2021-11-03 00:00:00+05:30,38.7,40.5,36.0,39.1,349790
2021-11-04 00:00:00+05:30,39.5,41.0,39.2,40.25,54477
2021-11-08 00:00:00+05:30,41.2,41.25,38.25,38.25,73840
2021-11-09 00:00:00+05:30,37.5,38.0,36.75,37.0,29515
2021-11-10 00:00:00+05:30,36.9,38.85,36.75,37.25,41979
2021-11-11 00:00:00+05:30,36.75,39.1,36.75,39.1,71163
2021-11-12 00:00:00+05:30,41.05,41.05,41.05,41.05,61610
2021-11-15 00:00:00+05:30,43.1,43.1,41.0,41.9,175807
2021-11-16 00:00:00+05:30,42.6,42.95,41.0,42.7,61421
2021-11-17 00:00:00+05:30,41.65,42.4,40.6,40.9,38988
2021-11-18 00:00:00+05:30,40.0,41.6,38.9,41.3,71540
2021-11-22 00:00:00+05:30,42.2,43.35,39.55,43.3,162029
2021-11-23 00:00:00+05:30,42.25,44.35,41.15,42.55,112730
2021-11-24 00:00:00+05:30,42.1,44.65,42.1,44.65,54105
2021-11-25 00:00:00+05:30,45.25,46.85,43.05,46.85,74984
2021-11-26 00:00:00+05:30,47.3,48.95,45.65,46.15,129607
2021-11-29 00:00:00+05:30,46.75,48.4,43.85,43.85,92636
2021-11-30 00:00:00+05:30,44.0,45.95,42.45,43.0,76750
2021-12-01 00:00:00+05:30,43.85,45.15,42.2,45.15,86152
2021-12-02 00:00:00+05:30,46.7,47.0,43.2,44.0,154248
2021-12-03 00:00:00+05:30,44.9,44.9,41.8,41.95,94874
2021-12-06 00:00:00+05:30,43.25,43.25,40.95,41.6,56815
2021-12-07 00:00:00+05:30,41.35,42.7,39.7,40.2,62421
2021-12-08 00:00:00+05:30,40.1,42.2,40.1,41.75,36104
2021-12-09 00:00:00+05:30,42.2,43.1,41.1,42.6,36905
2021-12-10 00:00:00+05:30,43.25,43.25,39.8,41.75,49536
2021-12-13 00:00:00+05:30,42.0,43.1,41.0,41.65,45608
2021-12-14 00:00:00+05:30,41.2,42.7,40.55,42.5,24348
2021-12-15 00:00:00+05:30,42.05,42.55,40.25,40.95,25125
2021-12-16 00:00:00+05:30,40.6,41.25,38.65,39.5,67391
2021-12-17 00:00:00+05:30,39.85,41.9,39.85,41.0,26882
2021-12-20 00:00:00+05:30,40.9,42.5,38.4,39.6,91412
2021-12-21 00:00:00+05:30,39.8,41.35,39.7,40.0,33802
2021-12-22 00:00:00+05:30,40.0,40.95,39.7,40.7,10036
2021-12-23 00:00:00+05:30,40.7,41.0,39.55,40.05,8778
2021-12-24 00:00:00+05:30,40.95,40.95,38.5,39.4,24520
2021-12-27 00:00:00+05:30,40.35,40.35,38.55,38.95,26560
2021-12-28 00:00:00+05:30,39.75,40.35,38.2,39.65,32000
2021-12-29 00:00:00+05:30,40.5,42.0,39.55,41.2,46962
2021-12-30 00:00:00+05:30,41.8,43.65,40.45,42.3,94365
2021-12-31 00:00:00+05:30,43.4,43.6,41.5,42.15,44810
2022-01-03 00:00:00+05:30,43.5,43.55,42.15,42.3,29426
2022-01-04 00:00:00+05:30,43.6,43.6,41.15,42.15,23162
2022-01-05 00:00:00+05:30,41.2,46.35,41.05,46.35,237096
2022-01-06 00:00:00+05:30,48.65,50.95,45.0,50.95,434373
2022-01-07 00:00:00+05:30,56.0,56.0,53.5,56.0,187725
2022-01-10 00:00:00+05:30,58.8,58.8,58.25,58.8,140629
2022-01-11 00:00:00+05:30,61.45,61.45,55.9,55.9,307915
2022-01-12 00:00:00+05:30,56.5,58.5,53.15,53.55,124115
2022-01-13 00:00:00+05:30,53.25,55.0,51.0,51.45,66775
2022-01-14 00:00:00+05:30,50.0,54.0,49.8,54.0,86054
2022-01-17 00:00:00+05:30,55.8,56.7,54.0,56.7,66625
2022-01-18 00:00:00+05:30,59.4,59.5,56.7,58.8,234256
2022-01-19 00:00:00+05:30,58.8,58.8,55.9,56.5,106017
2022-01-20 00:00:00+05:30,57.65,58.95,55.3,57.05,46996
2022-01-21 00:00:00+05:30,59.0,59.0,55.9,57.0,60144
2022-01-24 00:00:00+05:30,59.0,59.0,54.15,54.15,48296
2022-01-25 00:00:00+05:30,51.55,54.0,51.45,53.55,82819
2022-01-27 00:00:00+05:30,53.95,54.0,51.8,52.05,24959
2022-01-28 00:00:00+05:30,51.3,54.65,51.3,52.75,44886
2022-01-31 00:00:00+05:30,53.5,53.5,50.15,50.3,42656
2022-02-01 00:00:00+05:30,51.0,52.8,48.05,51.35,49439
2022-02-02 00:00:00+05:30,51.65,53.9,51.3,53.9,31126
2022-02-03 00:00:00+05:30,56.4,56.55,52.45,56.3,69445
2022-02-04 00:00:00+05:30,57.9,57.9,54.45,55.05,27527
2022-02-07 00:00:00+05:30,55.95,56.4,54.3,54.95,18273
2022-02-08 00:00:00+05:30,54.95,54.95,52.25,52.25,43278
2022-02-09 00:00:00+05:30,50.3,52.8,50.3,50.75,59102
2022-02-10 00:00:00+05:30,51.8,53.25,50.2,53.2,32933
2022-02-11 00:00:00+05:30,50.6,53.65,50.6,51.4,25550
2022-02-14 00:00:00+05:30,51.4,52.85,48.85,49.1,38823
2022-02-15 00:00:00+05:30,50.0,50.0,46.65,46.95,56928
2022-02-16 00:00:00+05:30,46.95,49.25,46.3,49.2,27624
2022-02-17 00:00:00+05:30,49.85,51.65,48.0,48.7,31635
2022-02-18 00:00:00+05:30,48.1,49.3,46.3,46.8,30725
2022-02-21 00:00:00+05:30,46.8,48.85,45.5,46.15,28668
2022-02-22 00:00:00+05:30,44.2,46.0,44.2,44.6,29380
2022-02-23 00:00:00+05:30,45.4,46.8,42.55,43.4,23480
2022-02-24 00:00:00+05:30,42.0,43.4,41.25,41.25,19966
2022-02-25 00:00:00+05:30,41.25,43.25,40.1,41.1,34920
2022-02-28 00:00:00+05:30,39.65,41.95,39.65,40.9,25290
2022-03-02 00:00:00+05:30,41.75,42.9,40.65,42.15,13327
2022-03-03 00:00:00+05:30,43.8,43.8,41.95,42.8,16530
2022-03-04 00:00:00+05:30,42.8,43.0,41.9,42.05,12838
2022-03-07 00:00:00+05:30,41.85,41.85,39.95,40.05,17275
2022-03-08 00:00:00+05:30,40.05,41.2,39.1,39.9,9185
2022-03-09 00:00:00+05:30,41.45,41.85,40.15,41.85,7532
2022-03-10 00:00:00+05:30,43.75,43.9,42.15,42.55,25450
2022-03-11 00:00:00+05:30,43.45,44.05,42.55,43.35,12169
2022-03-14 00:00:00+05:30,44.4,44.4,41.2,41.45,37942
2022-03-15 00:00:00+05:30,41.95,42.7,41.1,41.7,10523
2022-03-16 00:00:00+05:30,41.7,43.45,41.7,42.6,16414
2022-03-17 00:00:00+05:30,44.0,44.6,40.5,40.5,53056
2022-03-21 00:00:00+05:30,40.05,41.2,38.5,38.65,121655
2022-03-22 00:00:00+05:30,39.3,40.55,39.0,40.45,38954
2022-03-23 00:00:00+05:30,40.95,42.45,40.95,41.45,44951
2022-03-24 00:00:00+05:30,41.45,41.7,40.8,41.35,10600
2022-03-25 00:00:00+05:30,41.85,41.85,39.35,39.9,54613
2022-03-28 00:00:00+05:30,41.25,41.25,38.75,39.45,16546
2022-03-29 00:00:00+05:30,41.0,41.0,38.6,39.05,27770
2022-03-30 00:00:00+05:30,38.6,40.4,38.5,39.75,22410
2022-03-31 00:00:00+05:30,39.95,40.25,38.05,38.9,58517
2022-04-01 00:00:00+05:30,39.7,40.8,38.3,40.7,20471
2022-04-04 00:00:00+05:30,42.55,42.7,41.1,42.7,19754
2022-04-05 00:00:00+05:30,44.35,44.8,43.1,44.8,78256
2022-04-06 00:00:00+05:30,44.8,47.0,43.3,47.0,49108
2022-04-07 00:00:00+05:30,47.0,51.5,45.5,48.75,89704
2022-04-08 00:00:00+05:30,50.4,52.8,49.2,50.15,33530
2022-04-11 00:00:00+05:30,50.0,51.0,45.6,46.9,41112
2022-04-12 00:00:00+05:30,47.85,48.7,43.35,44.75,30696
2022-04-13 00:00:00+05:30,44.35,49.2,44.35,47.85,30903
2022-04-18 00:00:00+05:30,46.35,48.75,45.75,48.25,25945
2022-04-19 00:00:00+05:30,50.0,50.0,47.5,48.15,38479
2022-04-20 00:00:00+05:30,49.4,49.4,46.4,46.7,34055
2022-04-21 00:00:00+05:30,47.0,51.35,47.0,51.35,314430
2022-04-22 00:00:00+05:30,50.25,56.45,50.25,56.45,263488
2022-04-25 00:00:00+05:30,58.8,60.0,53.45,55.05,262695
2022-04-26 00:00:00+05:30,54.4,55.7,52.15,53.25,53478
2022-04-27 00:00:00+05:30,54.5,55.6,51.85,53.25,58925
2022-04-28 00:00:00+05:30,55.3,55.3,52.95,53.7,36785
2022-04-29 00:00:00+05:30,55.15,59.05,53.55,57.5,359026
2022-05-02 00:00:00+05:30,58.7,60.0,54.3,56.35,154181
2022-05-04 00:00:00+05:30,55.1,57.0,50.8,51.35,93448
2022-05-05 00:00:00+05:30,52.15,54.0,51.8,52.5,35857
2022-05-06 00:00:00+05:30,51.95,51.95,47.8,49.75,56988
2022-05-09 00:00:00+05:30,47.9,49.45,45.85,46.8,37506
2022-05-10 00:00:00+05:30,48.3,48.9,45.45,46.55,27909
2022-05-11 00:00:00+05:30,47.2,47.2,45.25,46.25,46650
2022-05-12 00:00:00+05:30,44.7,46.0,44.25,45.85,37088
2022-05-13 00:00:00+05:30,46.0,50.4,45.7,49.05,80704
2022-05-16 00:00:00+05:30,48.3,49.5,47.35,48.2,24545
2022-05-17 00:00:00+05:30,48.0,51.45,47.6,50.8,20329
2022-05-18 00:00:00+05:30,51.8,54.2,50.8,53.3,98234
2022-05-19 00:00:00+05:30,51.0,52.4,50.25,50.95,28193
2022-05-20 00:00:00+05:30,52.05,56.0,51.35,55.65,316027
2022-05-23 00:00:00+05:30,59.45,59.7,55.1,55.9,168083
2022-05-24 00:00:00+05:30,55.5,55.5,52.3,52.9,59267
2022-05-25 00:00:00+05:30,52.9,52.9,47.65,47.85,117753
2022-05-26 00:00:00+05:30,48.0,52.6,45.1,50.3,176828
2022-05-27 00:00:00+05:30,50.3,53.15,49.5,52.05,88912
2022-05-30 00:00:00+05:30,52.7,53.7,50.65,51.3,22571
2022-05-31 00:00:00+05:30,50.15,53.75,50.15,52.85,36482
2022-06-01 00:00:00+05:30,53.5,53.5,49.8,50.15,40738
2022-06-02 00:00:00+05:30,50.7,52.65,48.8,51.3,36610
2022-06-03 00:00:00+05:30,51.8,52.6,50.2,50.9,40795
2022-06-06 00:00:00+05:30,50.15,55.5,50.15,53.45,57339
2022-06-07 00:00:00+05:30,55.8,61.0,55.0,55.7,434302
2022-06-08 00:00:00+05:30,55.8,58.0,53.7,54.8,100680
2022-06-09 00:00:00+05:30,54.3,57.5,52.55,54.15,116607
2022-06-10 00:00:00+05:30,54.2,55.6,54.0,54.1,39158
2022-06-13 00:00:00+05:30,53.8,53.9,49.25,50.25,67925
2022-06-14 00:00:00+05:30,51.0,52.45,49.0,50.2,26180
2022-06-15 00:00:00+05:30,50.5,52.0,48.1,50.7,64403
2022-06-16 00:00:00+05:30,51.65,52.5,47.2,47.8,46798
2022-06-17 00:00:00+05:30,47.8,49.8,46.65,47.9,20514
2022-06-20 00:00:00+05:30,47.9,49.8,42.0,44.0,47199
2022-06-21 00:00:00+05:30,44.05,46.8,44.05,46.0,25665
2022-06-22 00:00:00+05:30,46.1,49.9,45.25,47.25,26374
2022-06-23 00:00:00+05:30,48.5,48.5,45.55,46.6,17012
2022-06-24 00:00:00+05:30,47.05,48.4,46.0,47.45,17902
2022-06-27 00:00:00+05:30,49.7,52.4,48.05,51.65,54849
2022-06-28 00:00:00+05:30,52.35,54.4,49.3,52.35,54420
2022-06-29 00:00:00+05:30,52.2,53.05,51.1,52.05,22089
2022-06-30 00:00:00+05:30,52.75,52.9,50.15,50.8,19013
2022-07-01 00:00:00+05:30,50.9,52.3,50.5,51.85,20145
2022-07-04 00:00:00+05:30,51.85,52.65,50.3,50.55,13429
2022-07-05 00:00:00+05:30,51.0,55.0,51.0,52.65,28866
2022-07-06 00:00:00+05:30,53.4,53.95,51.15,51.8,12347
2022-07-07 00:00:00+05:30,52.1,53.35,52.0,52.7,13230
2022-07-08 00:00:00+05:30,52.7,59.4,52.7,55.55,354358
2022-07-11 00:00:00+05:30,56.9,56.9,54.05,55.5,42488
2022-07-12 00:00:00+05:30,55.55,56.15,54.6,54.95,19726
2022-07-13 00:00:00+05:30,55.85,58.9,54.85,55.45,79528
2022-07-14 00:00:00+05:30,55.45,57.7,54.0,54.55,25699
2022-07-15 00:00:00+05:30,54.85,56.25,50.5,52.6,60087
2022-07-18 00:00:00+05:30,53.5,54.45,53.5,54.25,11130
2022-07-19 00:00:00+05:30,55.45,56.9,52.8,53.95,16918
2022-07-20 00:00:00+05:30,55.5,55.9,51.15,52.35,34274
2022-07-21 00:00:00+05:30,52.5,53.9,52.05,53.5,16949
2022-07-22 00:00:00+05:30,53.9,55.0,53.0,53.65,23471
2022-07-25 00:00:00+05:30,54.4,54.8,53.35,54.35,32980
2022-07-26 00:00:00+05:30,55.7,65.2,55.1,65.2,1394799
2022-07-27 00:00:00+05:30,68.0,77.0,67.15,70.35,2177984
2022-07-28 00:00:00+05:30,70.0,73.2,67.0,68.65,599220
2022-07-29 00:00:00+05:30,69.7,71.8,68.5,69.3,207425
2022-08-01 00:00:00+05:30,70.0,73.55,68.55,69.85,266432
2022-08-02 00:00:00+05:30,68.4,68.65,63.8,66.35,163850
2022-08-03 00:00:00+05:30,67.25,67.45,64.5,65.45,80008
2022-08-04 00:00:00+05:30,66.05,70.8,66.05,69.15,201922
2022-08-05 00:00:00+05:30,70.0,74.25,68.05,72.45,413030
2022-08-08 00:00:00+05:30,74.8,74.8,71.0,71.75,191842
2022-08-10 00:00:00+05:30,74.2,74.2,68.5,69.3,165237
2022-08-11 00:00:00+05:30,70.0,72.0,69.0,70.6,76939
2022-08-12 00:00:00+05:30,71.0,71.0,68.05,68.7,57793
2022-08-16 00:00:00+05:30,70.0,70.0,66.6,67.9,115330
2022-08-17 00:00:00+05:30,67.9,79.15,67.65,76.35,518560
2022-08-18 00:00:00+05:30,76.35,84.7,74.8,83.3,741355
2022-08-19 00:00:00+05:30,83.8,83.95,77.25,81.7,381002
2022-08-22 00:00:00+05:30,81.7,84.0,78.9,80.7,299650
2022-08-23 00:00:00+05:30,80.65,83.5,79.0,80.55,148459
2022-08-24 00:00:00+05:30,81.0,93.9,80.65,91.3,829778
2022-08-25 00:00:00+05:30,92.4,95.0,85.55,87.85,401061
2022-08-26 00:00:00+05:30,90.0,94.8,88.25,90.45,272701
2022-08-29 00:00:00+05:30,85.0,99.2,84.55,95.5,682042
2022-08-30 00:00:00+05:30,98.0,99.1,90.65,92.25,441294
2022-09-01 00:00:00+05:30,92.75,102.5,92.25,100.7,785207
2022-09-02 00:00:00+05:30,103.8,105.2,96.2,97.75,392451
2022-09-05 00:00:00+05:30,98.4,100.9,97.4,99.1,245127
2022-09-06 00:00:00+05:30,98.15,99.8,91.35,93.15,204730
2022-09-07 00:00:00+05:30,92.75,95.95,91.9,95.0,88555
2022-09-08 00:00:00+05:30,95.7,96.45,92.3,93.4,78256
2022-09-09 00:00:00+05:30,94.75,94.75,88.85,89.8,107099
2022-09-12 00:00:00+05:30,90.9,91.95,87.25,88.0,120145
2022-09-13 00:00:00+05:30,88.15,96.9,85.6,91.8,314845
2022-09-14 00:00:00+05:30,90.9,94.1,89.25,93.55,115820
2022-09-15 00:00:00+05:30,93.55,96.45,91.35,92.65,66057
2022-09-16 00:00:00+05:30,93.0,93.6,88.6,89.2,87580
2022-09-19 00:00:00+05:30,89.2,91.3,85.1,88.5,88441
2022-09-20 00:00:00+05:30,89.0,90.85,85.3,86.5,123906
2022-09-21 00:00:00+05:30,86.5,89.5,84.55,85.4,88120
2022-09-22 00:00:00+05:30,85.4,87.85,82.45,83.7,104196
2022-09-23 00:00:00+05:30,84.65,84.7,80.55,82.3,70609
2022-09-26 00:00:00+05:30,80.15,81.6,75.5,76.95,167800
2022-09-27 00:00:00+05:30,76.95,87.5,76.6,85.15,267028
2022-09-28 00:00:00+05:30,84.2,85.7,81.25,82.15,95383
2022-09-29 00:00:00+05:30,83.2,85.55,78.6,80.3,106140
2022-09-30 00:00:00+05:30,81.0,85.15,80.3,83.5,102879
2022-10-03 00:00:00+05:30,83.75,86.0,80.7,81.25,49896
2022-10-04 00:00:00+05:30,82.25,84.15,81.6,82.55,42580
2022-10-06 00:00:00+05:30,84.45,86.8,82.55,83.5,88733
2022-10-07 00:00:00+05:30,83.0,83.1,81.25,82.55,70688
2022-10-10 00:00:00+05:30,80.0,82.4,80.0,81.0,45496
2022-10-11 00:00:00+05:30,81.75,86.4,80.85,82.8,162318
2022-10-12 00:00:00+05:30,82.8,85.7,80.25,81.1,114627
2022-10-13 00:00:00+05:30,81.0,81.75,79.35,79.65,68191
2022-10-14 00:00:00+05:30,81.1,84.3,79.35,80.5,141703
2022-10-17 00:00:00+05:30,79.7,80.95,75.85,77.7,107985
2022-10-18 00:00:00+05:30,78.1,79.9,77.75,78.5,53660
2022-10-19 00:00:00+05:30,78.0,79.35,77.1,78.45,45602
2022-10-20 00:00:00+05:30,78.25,78.55,76.1,77.0,27694
2022-10-21 00:00:00+05:30,77.4,83.5,77.4,78.0,69803
2022-10-24 00:00:00+05:30,79.4,79.6,75.1,77.85,30086
2022-10-25 00:00:00+05:30,77.9,78.9,76.55,77.25,35170
2022-10-27 00:00:00+05:30,78.8,78.8,76.25,78.2,40784
2022-10-28 00:00:00+05:30,77.35,78.4,76.25,76.4,30711
2022-10-31 00:00:00+05:30,76.65,82.4,76.65,79.45,101329
2022-11-01 00:00:00+05:30,78.65,79.9,77.05,77.4,42695
2022-11-02 00:00:00+05:30,76.6,79.0,74.25,75.15,94056
2022-11-03 00:00:00+05:30,75.7,76.1,74.35,75.3,36339
2022-11-04 00:00:00+05:30,76.35,78.8,75.45,77.65,69753
2022-11-07 00:00:00+05:30,78.9,80.8,75.0,75.85,240090
2022-11-09 00:00:00+05:30,76.0,77.0,70.75,71.55,184213
2022-11-10 00:00:00+05:30,70.3,72.4,69.0,70.25,94047
2022-11-11 00:00:00+05:30,71.15,72.0,69.15,70.0,39493
2022-11-14 00:00:00+05:30,71.0,71.1,67.55,67.95,65307
2022-11-15 00:00:00+05:30,68.0,68.45,65.2,66.05,80329
2022-11-16 00:00:00+05:30,66.8,68.9,65.75,67.3,67101
2022-11-17 00:00:00+05:30,67.0,68.25,66.5,67.45,29184
2022-11-18 00:00:00+05:30,67.0,72.0,66.85,69.25,52708
2022-11-21 00:00:00+05:30,70.0,71.25,68.75,70.1,45564
2022-11-22 00:00:00+05:30,70.95,70.95,69.2,70.3,14108
2022-11-23 00:00:00+05:30,69.3,74.5,68.85,73.75,102616
2022-11-24 00:00:00+05:30,74.7,79.8,71.7,77.6,441870
2022-11-25 00:00:00+05:30,78.1,80.0,74.55,76.85,136252
2022-11-28 00:00:00+05:30,76.85,78.6,76.85,77.65,86120
2022-11-29 00:00:00+05:30,77.65,78.6,74.35,75.65,70150
2022-11-30 00:00:00+05:30,74.65,76.5,74.25,74.75,60529
2022-12-01 00:00:00+05:30,75.05,77.95,75.05,75.5,53617
2022-12-02 00:00:00+05:30,75.55,78.0,75.3,77.55,42501
2022-12-05 00:00:00+05:30,77.55,82.5,76.8,81.5,186376
2022-12-06 00:00:00+05:30,83.0,84.0,81.1,81.8,90451
2022-12-07 00:00:00+05:30,82.45,82.5,79.0,80.1,49876
2022-12-08 00:00:00+05:30,80.2,81.0,76.5,77.5,42226
2022-12-09 00:00:00+05:30,77.55,80.85,77.25,79.95,119242
2022-12-12 00:00:00+05:30,80.0,82.55,78.45,79.1,49464
2022-12-13 00:00:00+05:30,81.55,81.55,77.0,77.65,60236
2022-12-14 00:00:00+05:30,78.3,79.8,74.1,75.2,142194
2022-12-15 00:00:00+05:30,76.75,77.6,75.2,77.15,50942
2022-12-16 00:00:00+05:30,77.95,77.95,73.05,74.05,64729
2022-12-19 00:00:00+05:30,73.5,75.4,71.9,72.65,55738
2022-12-20 00:00:00+05:30,72.65,74.35,72.15,73.3,49168
2022-12-21 00:00:00+05:30,73.0,75.8,68.85,70.15,154428
2022-12-22 00:00:00+05:30,70.05,71.65,66.35,66.85,99695
2022-12-23 00:00:00+05:30,66.5,66.6,60.7,62.5,103001
2022-12-26 00:00:00+05:30,62.25,69.9,62.25,68.95,61165
2022-12-27 00:00:00+05:30,70.7,70.9,68.1,69.65,41831
2022-12-28 00:00:00+05:30,70.3,70.9,67.5,68.85,41479
2022-12-29 00:00:00+05:30,68.05,72.25,67.55,70.0,40662
2022-12-30 00:00:00+05:30,70.9,74.7,69.65,72.7,74385
2023-01-02 00:00:00+05:30,73.5,73.95,71.0,72.15,41830
2023-01-03 00:00:00+05:30,71.4,74.75,71.4,73.25,81138
2023-01-04 00:00:00+05:30,72.05,73.2,70.6,71.1,25929
2023-01-05 00:00:00+05:30,70.95,71.8,70.0,70.7,22470
2023-01-06 00:00:00+05:30,70.0,73.5,68.45,69.15,60880
2023-01-09 00:00:00+05:30,69.35,71.3,68.1,70.4,27249
2023-01-10 00:00:00+05:30,69.2,71.1,68.8,69.25,15248
2023-01-11 00:00:00+05:30,68.55,71.05,68.55,69.4,20556
2023-01-12 00:00:00+05:30,69.9,69.9,68.05,69.1,23710
2023-01-13 00:00:00+05:30,69.9,69.9,67.8,68.15,13308
2023-01-16 00:00:00+05:30,68.0,70.0,67.85,68.95,30783
2023-01-17 00:00:00+05:30,68.95,68.95,66.5,67.15,15362
2023-01-18 00:00:00+05:30,66.85,68.5,66.85,68.15,14143
2023-01-19 00:00:00+05:30,67.0,68.9,66.25,68.25,18349
2023-01-20 00:00:00+05:30,67.25,68.8,67.25,68.0,25414
2023-01-23 00:00:00+05:30,67.4,71.55,67.25,69.75,44525
2023-01-24 00:00:00+05:30,68.1,71.35,68.1,69.75,12331
2023-01-25 00:00:00+05:30,68.65,69.4,67.1,67.65,29442
2023-01-27 00:00:00+05:30,68.75,69.35,63.85,66.5,24953
2023-01-30 00:00:00+05:30,66.5,68.0,64.5,64.9,34677
2023-01-31 00:00:00+05:30,66.8,66.8,65.15,66.2,15727
2023-02-01 00:00:00+05:30,66.5,67.45,65.0,66.15,10206
2023-02-02 00:00:00+05:30,66.1,68.0,66.0,67.2,31128
2023-02-03 00:00:00+05:30,65.55,68.85,56.2,62.3,151123
2023-02-06 00:00:00+05:30,63.95,63.95,61.0,61.55,31361
2023-02-07 00:00:00+05:30,61.55,63.55,58.25,58.95,55690
2023-02-08 00:00:00+05:30,60.25,62.5,58.4,61.25,68568
2023-02-09 00:00:00+05:30,60.65,61.0,57.0,58.55,28085
2023-02-10 00:00:00+05:30,58.55,59.75,57.2,57.6,30430
2023-02-13 00:00:00+05:30,58.1,58.45,56.25,56.65,16186
2023-02-14 00:00:00+05:30,57.9,57.9,55.0,56.6,24662
2023-02-15 00:00:00+05:30,55.95,59.9,55.5,58.75,33828
2023-02-16 00:00:00+05:30,60.0,60.8,57.55,58.0,39641
2023-02-17 00:00:00+05:30,58.25,61.9,58.25,61.0,43350
2023-02-20 00:00:00+05:30,61.0,62.0,57.15,57.7,20730
2023-02-21 00:00:00+05:30,58.0,59.2,56.5,56.5,21756
2023-02-22 00:00:00+05:30,56.75,58.25,56.45,56.75,8703
2023-02-23 00:00:00+05:30,57.0,57.5,56.2,56.7,7571
2023-02-24 00:00:00+05:30,57.35,58.5,56.35,58.15,28341
2023-02-27 00:00:00+05:30,57.25,57.75,55.0,55.2,13437
2023-02-28 00:00:00+05:30,57.85,57.9,55.25,56.1,24985
2023-03-01 00:00:00+05:30,57.45,58.9,57.45,58.75,32816
2023-03-02 00:00:00+05:30,57.35,62.5,57.35,59.0,69596
2023-03-03 00:00:00+05:30,59.1,61.4,58.15,58.9,38302
2023-03-06 00:00:00+05:30,59.85,60.0,57.85,59.1,20087
2023-03-08 00:00:00+05:30,57.95,58.3,57.35,57.9,7079
2023-03-09 00:00:00+05:30,60.0,60.45,57.65,59.0,38404
2023-03-10 00:00:00+05:30,58.25,58.95,57.55,58.25,11004
2023-03-13 00:00:00+05:30,58.75,59.9,56.1,56.75,16278
2023-03-14 00:00:00+05:30,56.0,58.85,55.1,56.9,19110
2023-03-15 00:00:00+05:30,57.9,58.7,55.2,55.45,17565
2023-03-16 00:00:00+05:30,55.7,55.95,54.0,55.15,31242
2023-03-17 00:00:00+05:30,57.85,57.85,54.1,54.7,10542
2023-03-20 00:00:00+05:30,55.0,55.15,53.4,53.8,11637
2023-03-21 00:00:00+05:30,54.15,61.4,54.0,58.25,106672
2023-03-22 00:00:00+05:30,58.0,58.85,56.0,56.3,29689
2023-03-23 00:00:00+05:30,56.4,57.3,55.0,55.7,14859
2023-03-24 00:00:00+05:30,55.75,56.55,54.45,54.95,14493
2023-03-27 00:00:00+05:30,55.55,55.75,53.05,53.25,25682
2023-03-28 00:00:00+05:30,53.45,55.0,50.0,50.4,55676
2023-03-29 00:00:00+05:30,51.45,52.7,51.05,52.4,40032
2023-03-31 00:00:00+05:30,52.4,53.45,50.05,51.1,44060
2023-04-03 00:00:00+05:30,51.25,52.8,51.25,52.25,13079
2023-04-05 00:00:00+05:30,55.1,62.7,55.1,62.7,461505
2023-04-06 00:00:00+05:30,64.7,65.8,60.8,62.25,305931
2023-04-10 00:00:00+05:30,63.15,63.15,59.0,59.75,37170
2023-04-11 00:00:00+05:30,59.85,61.0,57.9,58.95,19856
2023-04-12 00:00:00+05:30,58.95,63.65,58.05,61.5,53290
2023-04-13 00:00:00+05:30,62.9,63.5,60.5,61.4,35696
2023-04-17 00:00:00+05:30,60.55,62.8,60.45,61.5,14514
2023-04-18 00:00:00+05:30,61.9,73.85,61.5,72.2,592437
2023-04-19 00:00:00+05:30,72.2,75.45,69.65,72.9,318177
2023-04-20 00:00:00+05:30,73.0,73.35,67.45,69.65,131245
2023-04-21 00:00:00+05:30,70.0,72.0,68.85,70.45,53325
2023-04-24 00:00:00+05:30,71.85,72.8,69.15,70.55,46291
2023-04-25 00:00:00+05:30,70.1,70.55,65.25,67.1,132818
2023-04-26 00:00:00+05:30,68.1,70.95,66.0,67.15,81294
2023-04-27 00:00:00+05:30,67.9,69.05,67.4,68.05,39521
2023-04-28 00:00:00+05:30,69.0,69.2,67.25,67.95,24662
2023-05-02 00:00:00+05:30,68.75,70.9,68.0,68.6,62146
2023-05-03 00:00:00+05:30,69.25,69.25,67.55,67.9,18785
2023-05-04 00:00:00+05:30,68.8,68.8,67.6,68.05,15360
2023-05-05 00:00:00+05:30,68.05,71.95,67.15,69.05,43640
2023-05-08 00:00:00+05:30,70.2,70.95,68.25,68.75,24351
2023-05-09 00:00:00+05:30,68.5,69.95,68.0,68.45,22675
2023-05-10 00:00:00+05:30,68.45,71.8,67.65,69.6,72398
2023-05-11 00:00:00+05:30,69.25,70.9,68.85,69.8,19966
2023-05-12 00:00:00+05:30,69.7,70.5,68.4,68.9,20488
2023-05-15 00:00:00+05:30,68.9,70.9,66.2,67.65,49288
2023-05-16 00:00:00+05:30,68.0,69.75,67.35,67.95,32510
2023-05-17 00:00:00+05:30,68.95,69.45,66.55,67.9,29341
2023-05-18 00:00:00+05:30,68.5,69.45,65.6,67.0,33935
2023-05-19 00:00:00+05:30,68.5,68.6,66.9,67.7,15931
2023-05-22 00:00:00+05:30,67.7,68.9,66.95,67.5,27218
2023-05-23 00:00:00+05:30,68.0,68.4,66.0,67.05,38237
2023-05-24 00:00:00+05:30,67.95,69.6,67.0,68.0,28007
2023-05-25 00:00:00+05:30,68.0,68.7,66.45,67.15,23962
2023-05-26 00:00:00+05:30,67.55,69.4,67.1,68.75,38381
2023-05-29 00:00:00+05:30,68.75,71.0,66.8,67.25,57150
2023-05-30 00:00:00+05:30,67.3,68.25,66.2,66.6,34341
2023-05-31 00:00:00+05:30,67.35,67.35,66.45,67.05,10327
2023-06-01 00:00:00+05:30,67.1,72.45,67.1,69.9,118698
2023-06-02 00:00:00+05:30,70.85,71.9,69.2,70.35,38655
2023-06-05 00:00:00+05:30,70.4,71.7,68.35,69.25,55715
2023-06-06 00:00:00+05:30,69.3,77.6,69.0,75.8,372260
2023-06-07 00:00:00+05:30,76.75,78.5,76.0,77.15,160280
2023-06-08 00:00:00+05:30,78.5,78.5,74.0,77.6,129642
2023-06-09 00:00:00+05:30,77.7,78.1,75.05,75.85,68570
2023-06-12 00:00:00+05:30,76.95,77.45,75.4,75.95,54227
2023-06-13 00:00:00+05:30,76.0,80.8,76.0,77.85,227012
2023-06-14 00:00:00+05:30,78.6,82.95,78.0,82.0,288610
2023-06-15 00:00:00+05:30,82.0,82.0,79.0,79.75,81451
2023-06-16 00:00:00+05:30,79.75,80.8,75.6,78.6,163763
2023-06-19 00:00:00+05:30,78.1,79.5,76.0,77.3,72415
2023-06-20 00:00:00+05:30,76.85,78.05,76.1,77.1,58766
2023-06-21 00:00:00+05:30,76.85,78.2,76.4,77.7,49490
2023-06-22 00:00:00+05:30,77.8,78.35,75.3,75.9,27494
2023-06-23 00:00:00+05:30,75.75,76.05,74.15,74.6,33112
2023-06-26 00:00:00+05:30,74.3,80.0,73.05,79.65,70183
2023-06-27 00:00:00+05:30,80.0,80.5,77.95,78.95,65287
2023-06-28 00:00:00+05:30,79.9,80.4,76.25,77.05,51759
2023-06-30 00:00:00+05:30,76.4,83.3,76.4,83.0,273047
2023-07-03 00:00:00+05:30,83.9,84.0,79.1,80.4,85028
2023-07-04 00:00:00+05:30,80.2,81.5,76.2,76.2,26511
2023-07-05 00:00:00+05:30,73.1,77.0,73.1,74.0,30764
2023-07-06 00:00:00+05:30,77.3,77.3,74.3,75.1,12740
2023-07-07 00:00:00+05:30,75.25,75.9,74.2,75.0,19034
2023-07-10 00:00:00+05:30,74.0,75.15,72.1,73.0,14860
2023-07-11 00:00:00+05:30,73.0,76.0,73.0,75.3,6966
2023-07-12 00:00:00+05:30,74.5,74.5,72.0,73.2,10395
2023-07-13 00:00:00+05:30,73.2,74.5,71.3,71.3,28038
2023-07-14 00:00:00+05:30,71.35,73.0,71.0,72.1,10665
2023-07-17 00:00:00+05:30,71.7,73.5,71.7,72.8,9311
2023-07-18 00:00:00+05:30,73.4,73.4,71.0,71.65,5983
2023-07-19 00:00:00+05:30,72.95,72.95,71.25,71.5,3643
2023-07-20 00:00:00+05:30,72.95,72.95,71.0,72.5,8672
2023-07-21 00:00:00+05:30,72.35,73.4,71.2,71.3,9063
2023-07-24 00:00:00+05:30,71.55,72.0,69.1,71.0,10504
2023-07-25 00:00:00+05:30,70.0,72.0,69.0,70.0,21668
2023-07-26 00:00:00+05:30,69.95,72.35,69.0,71.5,15327
2023-07-27 00:00:00+05:30,70.1,72.1,70.1,71.5,7310
2023-07-28 00:00:00+05:30,70.15,72.75,70.15,71.15,5779
2023-07-31 00:00:00+05:30,71.5,74.9,71.5,73.8,10413
2023-08-01 00:00:00+05:30,73.0,73.95,71.7,72.65,10501
2023-08-02 00:00:00+05:30,72.5,73.7,70.75,70.75,8877
2023-08-03 00:00:00+05:30,70.95,72.0,70.05,71.0,11321
2023-08-04 00:00:00+05:30,71.0,72.6,70.5,70.9,8583
2023-08-07 00:00:00+05:30,72.0,72.95,67.95,70.95,23957
2023-08-08 00:00:00+05:30,70.0,71.75,69.0,70.0,6979
2023-08-09 00:00:00+05:30,69.65,73.1,68.25,73.1,35401
2023-08-10 00:00:00+05:30,74.3,75.0,73.0,74.1,26617
2023-08-11 00:00:00+05:30,75.25,75.3,72.0,73.65,8611
2023-08-14 00:00:00+05:30,69.25,72.0,69.0,71.35,28508
2023-08-16 00:00:00+05:30,70.0,72.5,69.35,71.55,8327
2023-08-17 00:00:00+05:30,71.6,71.6,68.8,69.05,21917
2023-08-18 00:00:00+05:30,70.4,70.95,68.7,70.3,7954
2023-08-21 00:00:00+05:30,69.75,71.75,69.75,69.85,5823
2023-08-22 00:00:00+05:30,69.85,71.2,68.0,68.55,13372
2023-08-23 00:00:00+05:30,69.75,70.5,68.0,68.75,8545
2023-08-24 00:00:00+05:30,69.1,70.0,67.9,69.45,30312
2023-08-25 00:00:00+05:30,68.5,69.3,68.0,68.5,12724
2023-08-28 00:00:00+05:30,69.0,70.1,67.0,67.5,35931
2023-08-29 00:00:00+05:30,67.0,68.0,66.25,67.3,31478
2023-08-30 00:00:00+05:30,67.25,70.0,66.55,67.5,47387
2023-08-31 00:00:00+05:30,68.9,68.9,66.2,67.0,18293
2023-09-01 00:00:00+05:30,67.4,67.95,66.0,67.15,37099
2023-09-04 00:00:00+05:30,67.3,69.95,67.3,68.55,24444
2023-09-05 00:00:00+05:30,68.95,71.75,68.0,69.75,28678
2023-09-06 00:00:00+05:30,69.85,71.5,69.05,71.5,32857
2023-09-07 00:00:00+05:30,71.5,72.25,69.5,71.9,12944
2023-09-08 00:00:00+05:30,71.75,71.75,69.35,70.7,29505
2023-09-11 00:00:00+05:30,70.5,71.0,67.05,69.1,18097
2023-09-12 00:00:00+05:30,70.9,70.95,67.0,69.0,11524
2023-09-13 00:00:00+05:30,67.0,69.0,66.65,69.0,10703
2023-09-14 00:00:00+05:30,68.4,69.9,67.15,69.9,17090
2023-09-15 00:00:00+05:30,70.0,70.0,68.0,69.8,9626
2023-09-18 00:00:00+05:30,68.5,70.2,68.15,68.3,8522
2023-09-20 00:00:00+05:30,69.0,69.35,67.0,67.05,8662
2023-09-21 00:00:00+05:30,68.4,68.8,67.05,67.05,6798
2023-09-22 00:00:00+05:30,69.6,69.6,66.5,66.65,14566
2023-09-25 00:00:00+05:30,67.75,68.0,65.05,67.0,8582
2023-09-26 00:00:00+05:30,68.0,68.0,65.65,67.0,4029
2023-09-27 00:00:00+05:30,67.2,67.2,65.15,65.8,9811
2023-09-28 00:00:00+05:30,64.0,67.2,64.0,66.0,5547
2023-09-29 00:00:00+05:30,66.1,67.15,66.1,67.15,8818
2023-10-03 00:00:00+05:30,68.0,69.3,67.0,68.55,16293
2023-10-04 00:00:00+05:30,68.7,70.0,68.1,70.0,11398
2023-10-05 00:00:00+05:30,69.3,72.7,69.3,72.7,73504
2023-10-06 00:00:00+05:30,73.75,73.75,72.7,73.1,31697
2023-10-09 00:00:00+05:30,75.2,76.5,70.4,70.5,194050
2023-10-10 00:00:00+05:30,71.95,75.0,71.9,72.55,55556
2023-10-11 00:00:00+05:30,73.0,87.15,73.0,84.1,2184788
2023-10-12 00:00:00+05:30,85.6,85.75,81.75,82.0,326011
2023-10-13 00:00:00+05:30,81.75,85.5,81.75,82.7,158365
2023-10-16 00:00:00+05:30,82.7,84.8,81.8,82.15,218833
2023-10-17 00:00:00+05:30,83.95,94.0,82.0,90.45,1205174
2023-10-18 00:00:00+05:30,91.4,99.8,91.4,95.85,1072651
2023-10-19 00:00:00+05:30,98.8,98.8,92.55,95.15,273951
2023-10-20 00:00:00+05:30,94.1,94.1,88.55,89.85,172364
2023-10-23 00:00:00+05:30,89.85,89.9,81.4,84.05,261179
2023-10-25 00:00:00+05:30,85.25,87.9,81.2,85.95,143098
2023-10-26 00:00:00+05:30,85.95,86.0,81.25,84.7,103866
2023-10-27 00:00:00+05:30,84.7,88.2,83.4,85.2,97815
2023-10-30 00:00:00+05:30,86.0,86.15,83.6,84.1,34044
2023-10-31 00:00:00+05:30,84.5,86.0,84.05,85.25,36506
2023-11-01 00:00:00+05:30,86.4,86.55,82.25,83.8,36017
2023-11-02 00:00:00+05:30,85.0,85.0,82.2,82.25,31102
2023-11-03 00:00:00+05:30,83.45,87.9,82.25,85.95,122380
2023-11-06 00:00:00+05:30,86.8,90.15,85.0,86.05,108519
2023-11-07 00:00:00+05:30,85.85,85.85,82.1,84.0,32914
2023-11-08 00:00:00+05:30,83.3,84.35,81.55,83.2,24428
2023-11-09 00:00:00+05:30,83.0,83.0,78.4,80.0,52670
2023-11-10 00:00:00+05:30,80.1,80.1,77.05,78.9,23452
2023-11-12 00:00:00+05:30,80.5,80.5,77.5,79.85,10640
2023-11-13 00:00:00+05:30,79.6,79.6,77.2,78.55,9491
2023-11-15 00:00:00+05:30,79.5,80.0,78.0,78.3,14708
2023-11-16 00:00:00+05:30,79.75,79.95,78.8,79.0,15312
2023-11-17 00:00:00+05:30,78.9,81.9,78.9,81.5,12840
2023-11-20 00:00:00+05:30,82.0,84.45,82.0,83.5,46906
2023-11-21 00:00:00+05:30,85.65,85.65,82.05,83.5,14993
2023-11-22 00:00:00+05:30,83.0,85.6,82.2,84.05,33831
2023-11-23 00:00:00+05:30,84.1,84.8,82.5,84.3,8315
2023-11-24 00:00:00+05:30,83.75,83.75,81.5,82.0,11178
2023-11-28 00:00:00+05:30,81.95,83.8,80.5,82.95,11003
2023-11-29 00:00:00+05:30,82.15,85.0,80.4,83.0,38476
2023-11-30 00:00:00+05:30,82.7,83.4,80.55,83.4,7580
2023-12-01 00:00:00+05:30,81.8,82.5,80.55,82.4,8926
2023-12-04 00:00:00+05:30,81.5,84.3,79.4,80.0,24538
2023-12-05 00:00:00+05:30,80.35,81.95,78.8,80.45,25850
2023-12-06 00:00:00+05:30,81.85,81.85,77.05,78.0,25469
2023-12-07 00:00:00+05:30,77.65,82.0,77.25,81.1,30924
2023-12-08 00:00:00+05:30,81.9,81.9,79.45,80.65,6521
2023-12-11 00:00:00+05:30,79.05,81.1,79.05,79.85,10232
2023-12-12 00:00:00+05:30,79.8,82.5,78.6,82.0,18073
2023-12-13 00:00:00+05:30,81.85,84.0,79.0,81.8,14611
2023-12-14 00:00:00+05:30,79.75,82.0,79.75,81.0,26223
2023-12-15 00:00:00+05:30,82.0,84.1,80.1,84.1,73736
2023-12-18 00:00:00+05:30,83.65,87.7,81.55,87.2,61386
2023-12-19 00:00:00+05:30,91.2,91.55,86.1,91.55,141745
2023-12-20 00:00:00+05:30,96.0,96.1,90.0,91.0,206801
2023-12-21 00:00:00+05:30,87.25,95.9,87.25,93.95,79244
2023-12-22 00:00:00+05:30,95.6,95.6,91.5,93.4,34937
2023-12-26 00:00:00+05:30,93.4,94.95,88.3,92.0,46363
2023-12-27 00:00:00+05:30,92.9,92.9,89.1,91.95,29369
2023-12-28 00:00:00+05:30,91.9,95.05,90.2,95.0,121989
2023-12-29 00:00:00+05:30,97.05,99.15,97.05,99.15,174886
2024-01-01 00:00:00+05:30,103.85,103.85,100.95,103.85,169269
2024-01-02 00:00:00+05:30,103.9,106.5,98.65,99.45,108502
2024-01-03 00:00:00+05:30,100.35,102.75,94.8,96.8,60200
2024-01-04 00:00:00+05:30,96.0,99.95,93.1,98.1,62283
2024-01-05 00:00:00+05:30,98.7,100.0,97.05,97.8,36929
2024-01-08 00:00:00+05:30,97.6,98.5,95.0,96.0,41666
2024-01-09 00:00:00+05:30,96.65,99.9,94.6,97.8,32694
2024-01-10 00:00:00+05:30,98.6,101.15,98.0,99.0,74846
2024-01-11 00:00:00+05:30,101.0,104.1,99.5,103.75,90116
2024-01-12 00:00:00+05:30,103.45,103.6,99.5,101.4,53217
2024-01-15 00:00:00+05:30,97.6,99.25,95.25,97.9,36031
2024-01-16 00:00:00+05:30,97.95,97.95,94.5,94.65,40583
2024-01-17 00:00:00+05:30,95.0,97.25,94.0,94.95,29973
2024-01-18 00:00:00+05:30,94.95,97.0,92.5,95.45,18879
2024-01-19 00:00:00+05:30,95.7,97.8,95.25,97.5,20735
2024-01-20 00:00:00+05:30,97.95,99.0,95.0,97.75,25610
2024-01-23 00:00:00+05:30,97.9,97.9,93.0,93.3,25583
2024-01-24 00:00:00+05:30,93.6,95.0,90.0,93.0,25111
2024-01-25 00:00:00+05:30,92.9,94.0,91.2,91.75,11748
2024-01-29 00:00:00+05:30,87.4,93.15,87.4,89.35,72509
2024-01-30 00:00:00+05:30,88.8,94.5,88.8,93.95,27795
2024-01-31 00:00:00+05:30,93.95,93.95,90.1,91.55,34079
2024-02-01 00:00:00+05:30,91.85,92.45,88.2,91.45,24336
2024-02-02 00:00:00+05:30,91.3,92.05,87.65,89.9,60769
2024-02-05 00:00:00+05:30,89.45,93.5,87.65,93.5,127087
2024-02-06 00:00:00+05:30,95.0,98.15,93.75,98.15,86563
2024-02-07 00:00:00+05:30,101.0,104.0,98.45,101.5,168901
2024-02-08 00:00:00+05:30,110.0,110.0,99.05,102.3,82470
2024-02-09 00:00:00+05:30,103.4,103.6,96.0,101.85,52913
2024-02-12 00:00:00+05:30,100.0,103.0,94.5,95.45,33905
2024-02-13 00:00:00+05:30,96.9,96.9,90.0,93.0,25078
2024-02-14 00:00:00+05:30,91.3,97.0,91.15,95.2,17708
2024-02-15 00:00:00+05:30,96.65,100.95,94.3,97.0,49260
2024-02-16 00:00:00+05:30,97.1,99.9,94.0,95.15,22263
2024-02-19 00:00:00+05:30,95.0,102.8,94.5,98.7,85880
2024-02-20 00:00:00+05:30,99.0,102.0,97.0,98.3,101986
2024-02-21 00:00:00+05:30,97.95,101.0,95.0,95.7,56635
2024-02-22 00:00:00+05:30,98.85,98.85,94.0,97.75,52282
2024-02-23 00:00:00+05:30,97.75,99.3,95.4,96.05,31302
2024-02-26 00:00:00+05:30,98.0,98.0,94.0,94.7,29218
2024-02-27 00:00:00+05:30,95.65,95.65,92.85,93.35,15470
2024-02-28 00:00:00+05:30,93.35,94.5,89.35,90.3,42740
2024-02-29 00:00:00+05:30,90.3,96.8,88.65,89.3,100423
2024-03-01 00:00:00+05:30,92.8,92.8,90.0,92.1,25582
2024-03-02 00:00:00+05:30,90.6,92.8,88.55,90.7,5898
2024-03-04 00:00:00+05:30,91.15,97.95,89.25,93.15,110075
2024-03-05 00:00:00+05:30,93.8,93.8,90.3,91.1,23317
2024-03-06 00:00:00+05:30,91.95,91.95,87.55,88.55,45767
2024-03-07 00:00:00+05:30,90.0,90.75,88.6,89.85,20286
2024-03-11 00:00:00+05:30,88.6,89.9,84.1,85.55,28745
2024-03-12 00:00:00+05:30,87.5,87.5,82.45,84.6,26839
2024-03-13 00:00:00+05:30,84.6,84.95,76.15,76.15,55501
2024-03-14 00:00:00+05:30,79.15,81.35,76.25,79.4,22142
2024-03-15 00:00:00+05:30,79.0,87.3,77.2,87.3,48289
2024-03-18 00:00:00+05:30,89.8,89.8,82.8,83.75,40617
2024-03-19 00:00:00+05:30,84.1,84.4,80.0,81.3,19119
2024-03-20 00:00:00+05:30,82.85,85.5,82.0,84.65,18550
2024-03-21 00:00:00+05:30,84.85,87.35,84.85,86.05,67350
2024-03-22 00:00:00+05:30,87.1,87.85,86.4,86.65,7711
2024-03-26 00:00:00+05:30,88.1,88.1,80.3,81.4,47721
2024-03-27 00:00:00+05:30,81.45,84.8,81.0,82.15,43029
2024-03-28 00:00:00+05:30,83.4,88.0,81.05,82.85,35093
2024-04-01 00:00:00+05:30,85.7,86.5,85.05,86.15,24027
2024-04-02 00:00:00+05:30,86.0,91.0,85.05,88.15,19254
2024-04-03 00:00:00+05:30,88.0,96.95,85.45,96.95,103874
2024-04-04 00:00:00+05:30,103.85,104.8,100.05,101.3,281282
2024-04-05 00:00:00+05:30,101.1,108.8,98.3,103.1,187889
2024-04-08 00:00:00+05:30,105.0,123.7,104.3,123.7,1570323
2024-04-09 00:00:00+05:30,124.6,126.35,117.3,121.7,670439
2024-04-10 00:00:00+05:30,119.0,120.0,113.75,115.55,201948
2024-04-12 00:00:00+05:30,116.95,122.0,116.05,117.9,388267
2024-04-15 00:00:00+05:30,117.0,117.0,110.0,113.5,165816
2024-04-16 00:00:00+05:30,112.0,119.85,111.65,117.3,144047
2024-04-18 00:00:00+05:30,119.05,119.05,111.0,111.65,106652
2024-04-19 00:00:00+05:30,111.5,114.2,106.8,113.25,108043
2024-04-22 00:00:00+05:30,115.2,115.9,110.5,114.3,42114
2024-04-23 00:00:00+05:30,114.55,125.7,113.6,121.8,434717
2024-04-24 00:00:00+05:30,122.4,129.0,118.1,119.6,334311
2024-04-25 00:00:00+05:30,119.0,122.75,116.1,117.5,101030
2024-04-26 00:00:00+05:30,117.8,120.0,115.95,118.4,56651
2024-04-29 00:00:00+05:30,120.95,142.05,118.35,141.0,714819
2024-04-30 00:00:00+05:30,142.0,142.8,132.0,134.3,507284
2024-05-02 00:00:00+05:30,136.8,148.4,136.2,137.25,495735
2024-05-03 00:00:00+05:30,136.95,136.95,130.4,130.4,60754
2024-05-06 00:00:00+05:30,126.6,129.0,123.9,123.9,16354
2024-05-07 00:00:00+05:30,118.05,121.4,117.7,117.7,46073
2024-05-08 00:00:00+05:30,115.0,123.55,112.25,123.55,49794
2024-05-09 00:00:00+05:30,124.8,128.0,119.05,120.35,16844
2024-05-10 00:00:00+05:30,116.1,118.9,115.35,117.2,16571
2024-05-13 00:00:00+05:30,117.2,120.5,112.6,115.6,18441
2024-05-14 00:00:00+05:30,114.0,118.4,112.0,114.35,32066
2024-05-15 00:00:00+05:30,115.8,120.05,112.1,120.05,30023
2024-05-16 00:00:00+05:30,121.0,123.95,115.6,116.7,11820
2024-05-17 00:00:00+05:30,116.0,122.5,115.1,122.2,47482
2024-05-18 00:00:00+05:30,125.0,125.0,120.0,120.75,8842
2024-05-21 00:00:00+05:30,114.8,118.0,114.75,114.75,56284
2024-05-22 00:00:00+05:30,112.0,113.95,110.0,110.3,37450
2024-05-23 00:00:00+05:30,110.0,113.3,108.0,108.65,24906
2024-05-24 00:00:00+05:30,109.85,109.9,104.05,105.25,41655
2024-05-27 00:00:00+05:30,105.5,105.5,101.7,103.9,31070
2024-05-28 00:00:00+05:30,104.65,106.95,101.2,102.0,20096
2024-05-29 00:00:00+05:30,100.05,104.95,100.05,103.6,12419
2024-05-30 00:00:00+05:30,106.0,106.3,101.5,102.05,26977
2024-05-31 00:00:00+05:30,102.05,104.85,101.1,102.1,18488
2024-06-03 00:00:00+05:30,105.0,105.0,101.0,101.45,30437
2024-06-04 00:00:00+05:30,100.1,102.0,96.4,96.6,48244
2024-06-05 00:00:00+05:30,98.55,100.85,95.4,100.2,16596
2024-06-06 00:00:00+05:30,100.5,105.2,100.1,103.65,22071
2024-06-07 00:00:00+05:30,103.65,108.8,101.35,108.2,27447
2024-06-10 00:00:00+05:30,108.2,113.5,108.2,111.52,46394
2024-06-11 00:00:00+05:30,114.0,116.0,110.25,115.43,34111
2024-06-12 00:00:00+05:30,116.8,116.8,112.01,113.02,24975
2024-06-13 00:00:00+05:30,110.75,110.75,110.75,110.75,3369
2024-06-14 00:00:00+05:30,108.53,108.53,108.53,108.53,7306
2024-06-18 00:00:00+05:30,106.37,106.5,106.35,106.5,21452
2024-06-19 00:00:00+05:30,106.5,106.55,106.0,106.5,11729
2024-06-20 00:00:00+05:30,105.99,106.0,104.45,104.75,10329
2024-06-21 00:00:00+05:30,104.75,104.75,103.55,104.0,17203
2024-06-24 00:00:00+05:30,104.0,104.5,103.1,104.5,8181
2024-06-25 00:00:00+05:30,106.5,106.5,104.5,104.5,11889
2024-06-26 00:00:00+05:30,102.6,104.0,102.6,104.0,7694
2024-06-27 00:00:00+05:30,103.0,103.6,102.2,102.2,8909
2024-06-28 00:00:00+05:30,102.2,102.7,100.15,100.15,7319
2024-07-01 00:00:00+05:30,100.15,100.15,98.16,98.16,11150
2024-07-02 00:00:00+05:30,98.16,99.9,98.16,99.5,9296
2024-07-03 00:00:00+05:30,99.5,99.5,99.0,99.5,16935
2024-07-04 00:00:00+05:30,99.0,100.6,99.0,100.2,9941
2024-07-05 00:00:00+05:30,100.0,100.0,98.51,98.56,17837
2024-07-08 00:00:00+05:30,99.1,99.15,98.56,98.56,12964
2024-07-09 00:00:00+05:30,98.0,98.0,97.2,97.2,11649
2024-07-10 00:00:00+05:30,97.4,98.0,97.25,97.3,13269
2024-07-11 00:00:00+05:30,97.3,98.0,97.3,98.0,10535
2024-07-12 00:00:00+05:30,98.5,99.96,98.5,98.5,13570
2024-07-15 00:00:00+05:30,97.0,98.51,97.0,98.0,16611
2024-07-16 00:00:00+05:30,98.0,99.74,98.0,98.99,18705
2024-07-18 00:00:00+05:30,98.5,98.99,98.05,98.5,9565
2024-07-19 00:00:00+05:30,97.0,97.15,97.0,97.15,7419
2024-07-22 00:00:00+05:30,97.0,98.0,95.0,95.51,13704
2024-07-23 00:00:00+05:30,95.9,95.9,90.8,94.44,19356
2024-07-24 00:00:00+05:30,95.0,95.0,92.5,93.54,8935
2024-07-25 00:00:00+05:30,93.5,96.89,92.12,95.08,19258
2024-07-26 00:00:00+05:30,95.3,96.69,94.33,95.3,14367
2024-07-29 00:00:00+05:30,95.3,98.89,94.75,98.42,15883
2024-07-30 00:00:00+05:30,101.85,103.34,100.0,103.34,55041
2024-07-31 00:00:00+05:30,103.5,106.0,102.0,103.39,39609
2024-08-01 00:00:00+05:30,103.99,103.99,101.0,101.89,25360
2024-08-02 00:00:00+05:30,100.6,103.0,99.0,101.49,34263
2024-08-05 00:00:00+05:30,105.0,121.78,102.6,121.41,1478752
2024-08-06 00:00:00+05:30,118.99,145.69,114.32,140.67,1368718
2024-08-07 00:00:00+05:30,141.6,147.0,128.03,136.73,746452
2024-08-08 00:00:00+05:30,136.5,150.95,133.53,139.28,497662
2024-08-09 00:00:00+05:30,142.5,148.38,136.42,139.82,428172
2024-08-12 00:00:00+05:30,140.99,145.0,135.4,140.36,137985
2024-08-13 00:00:00+05:30,138.8,144.0,121.7,135.99,343956
2024-08-14 00:00:00+05:30,136.0,138.05,128.2,129.61,82952
2024-08-16 00:00:00+05:30,130.36,142.0,129.6,140.03,175105
2024-08-19 00:00:00+05:30,140.03,148.89,138.45,142.61,116746
2024-08-20 00:00:00+05:30,145.89,153.0,142.55,144.54,146632
2024-08-21 00:00:00+05:30,147.69,151.6,141.71,143.71,93728
2024-08-22 00:00:00+05:30,145.0,146.0,139.0,140.62,32478
2024-08-23 00:00:00+05:30,140.62,140.62,135.0,138.26,20958
2024-08-26 00:00:00+05:30,132.02,140.0,132.02,136.07,26173
2024-08-27 00:00:00+05:30,134.0,142.5,129.26,139.97,30627
2024-08-28 00:00:00+05:30,136.0,141.0,133.3,137.0,11510
2024-08-29 00:00:00+05:30,137.0,139.9,133.0,137.7,14695
2024-08-30 00:00:00+05:30,137.95,138.99,133.91,137.02,8277
2024-09-02 00:00:00+05:30,137.1,141.0,132.0,133.0,14520
2024-09-03 00:00:00+05:30,138.4,138.4,131.0,134.31,9886
2024-09-04 00:00:00+05:30,131.0,135.0,128.2,131.57,4553
2024-09-05 00:00:00+05:30,136.2,136.2,130.25,135.03,16553
2024-09-06 00:00:00+05:30,138.5,138.5,129.1,131.97,22812
2024-09-09 00:00:00+05:30,133.95,133.95,125.37,126.23,17940
2024-09-10 00:00:00+05:30,126.25,131.7,126.25,129.81,7535
2024-09-11 00:00:00+05:30,126.5,133.0,126.0,127.77,17413
2024-09-12 00:00:00+05:30,132.9,134.15,127.77,134.15,28592
2024-09-13 00:00:00+05:30,134.2,137.9,133.3,135.34,21442
2024-09-16 00:00:00+05:30,136.0,138.0,132.0,133.69,7320
2024-09-17 00:00:00+05:30,136.0,139.0,130.15,137.68,19568
2024-09-18 00:00:00+05:30,138.9,138.9,131.3,133.74,10114
2024-09-19 00:00:00+05:30,133.74,140.42,133.1,135.33,64438
2024-09-20 00:00:00+05:30,135.33,135.33,129.8,132.88,30525
2024-09-23 00:00:00+05:30,131.5,134.79,131.0,131.27,7812
2024-09-24 00:00:00+05:30,131.0,131.0,125.0,128.17,39776
2024-09-25 00:00:00+05:30,127.29,127.29,121.76,121.76,25852
2024-09-26 00:00:00+05:30,117.01,125.95,115.67,123.88,21334
2024-09-27 00:00:00+05:30,123.88,127.84,118.0,124.98,22006
2024-09-30 00:00:00+05:30,124.0,127.6,120.25,123.5,17688
2024-10-01 00:00:00+05:30,122.97,127.97,122.97,127.45,8945
2024-10-03 00:00:00+05:30,127.5,130.7,123.2,125.86,21794
2024-10-04 00:00:00+05:30,125.86,129.0,124.0,124.81,5430
2024-10-07 00:00:00+05:30,126.84,126.84,118.56,124.24,26983
2024-10-08 00:00:00+05:30,123.4,128.7,119.3,127.6,18723
2024-10-09 00:00:00+05:30,127.6,128.99,126.82,128.55,13469
2024-10-10 00:00:00+05:30,129.99,134.97,128.68,134.97,44094
2024-10-11 00:00:00+05:30,141.44,141.7,135.0,135.84,68287
2024-10-14 00:00:00+05:30,139.4,140.9,132.0,133.45,26115
2024-10-15 00:00:00+05:30,133.45,138.0,131.93,133.68,32087
2024-10-16 00:00:00+05:30,133.15,135.51,130.6,131.68,33230
2024-10-17 00:00:00+05:30,130.3,135.0,126.0,127.6,41761
2024-10-18 00:00:00+05:30,125.1,128.55,123.1,124.88,34729
2024-10-21 00:00:00+05:30,123.62,124.65,119.02,120.44,25364
2024-10-22 00:00:00+05:30,120.84,122.77,116.0,116.44,20972
2024-10-23 00:00:00+05:30,116.44,120.77,115.55,117.67,10887
2024-10-24 00:00:00+05:30,120.5,120.5,114.01,115.33,18263
2024-10-25 00:00:00+05:30,114.7,115.0,109.56,111.43,24933
2024-10-28 00:00:00+05:30,114.5,117.0,110.43,117.0,16588
2024-10-29 00:00:00+05:30,118.8,122.85,116.13,122.85,22934
2024-10-30 00:00:00+05:30,126.0,128.99,122.41,125.01,29683
2024-10-31 00:00:00+05:30,124.97,126.35,119.61,121.32,30317
2024-11-01 00:00:00+05:30,123.99,126.0,123.0,125.11,5339
2024-11-04 00:00:00+05:30,123.6,126.99,118.85,119.69,23504
2024-11-05 00:00:00+05:30,119.69,121.99,118.9,120.46,9391
2024-11-06 00:00:00+05:30,121.7,121.7,116.35,119.18,27493
2024-11-07 00:00:00+05:30,119.27,121.98,117.91,120.02,40276
2024-11-08 00:00:00+05:30,121.0,121.0,119.0,119.12,29614
2024-11-11 00:00:00+05:30,119.95,125.0,117.65,118.17,35502
2024-11-12 00:00:00+05:30,119.89,119.89,112.26,112.26,93306
2024-11-13 00:00:00+05:30,112.0,112.0,106.64,107.87,29405
2024-11-14 00:00:00+05:30,104.5,113.26,102.71,104.83,56359
2024-11-18 00:00:00+05:30,106.49,110.07,103.45,109.4,255794
2024-11-19 00:00:00+05:30,109.6,114.87,109.0,114.87,25988
2024-11-21 00:00:00+05:30,117.68,120.61,111.64,117.52,67960
2024-11-22 00:00:00+05:30,118.9,119.0,113.5,116.16,23855
2024-11-25 00:00:00+05:30,115.5,120.8,114.38,114.55,8627
2024-11-26 00:00:00+05:30,115.0,116.0,112.34,113.23,5205
2024-11-27 00:00:00+05:30,113.19,115.0,110.98,112.34,19009
2024-11-28 00:00:00+05:30,112.77,117.95,112.72,117.89,25268
2024-11-29 00:00:00+05:30,119.8,119.8,114.05,115.48,13665
2024-12-02 00:00:00+05:30,117.99,117.99,112.0,113.91,18595
2024-12-03 00:00:00+05:30,114.9,119.6,114.05,115.53,39559
2024-12-04 00:00:00+05:30,115.25,118.9,115.25,117.26,10235
2024-12-05 00:00:00+05:30,119.0,119.0,114.5,117.42,29254
2024-12-06 00:00:00+05:30,120.0,120.04,116.41,117.93,16596
2024-12-09 00:00:00+05:30,120.0,120.0,115.0,115.52,26024
2024-12-10 00:00:00+05:30,115.51,117.39,108.96,110.43,60474
2024-12-11 00:00:00+05:30,110.41,114.58,110.41,113.19,10758
2024-12-12 00:00:00+05:30,114.9,114.9,112.61,112.77,8681
2024-12-13 00:00:00+05:30,112.76,112.84,111.0,112.17,7337
2024-12-16 00:00:00+05:30,114.7,116.31,113.51,113.86,11781
2024-12-17 00:00:00+05:30,115.8,115.8,112.21,113.01,6077
2024-12-18 00:00:00+05:30,113.47,114.2,113.0,113.03,6492
2024-12-19 00:00:00+05:30,113.9,113.9,110.03,111.94,49582
2024-12-20 00:00:00+05:30,113.9,123.13,111.61,121.35,192119
2024-12-23 00:00:00+05:30,126.8,132.0,121.1,122.81,216710
2024-12-24 00:00:00+05:30,126.0,127.4,122.62,125.04,44449
2024-12-26 00:00:00+05:30,125.0,125.0,115.0,115.21,63869
2024-12-27 00:00:00+05:30,117.98,117.98,111.0,111.47,98369
2024-12-30 00:00:00+05:30,111.47,113.49,109.99,112.33,21907
2024-12-31 00:00:00+05:30,110.8,114.5,110.51,112.76,21606
2025-01-01 00:00:00+05:30,115.49,115.49,111.1,113.05,11386
2025-01-02 00:00:00+05:30,112.59,114.85,112.59,112.83,14239
2025-01-03 00:00:00+05:30,114.79,114.79,111.61,113.5,18918
2025-01-06 00:00:00+05:30,114.5,114.5,104.98,106.8,33674
2025-01-07 00:00:00+05:30,107.0,109.0,106.01,108.27,11817
2025-01-08 00:00:00+05:30,110.0,110.0,106.01,109.78,8353
2025-01-09 00:00:00+05:30,110.0,110.39,105.21,106.43,14617
2025-01-10 00:00:00+05:30,106.42,106.42,103.57,104.4,14034
2025-01-13 00:00:00+05:30,103.9,103.9,93.96,94.17,40072
2025-01-14 00:00:00+05:30,95.72,97.97,94.2,97.02,17862
2025-01-15 00:00:00+05:30,99.02,102.0,94.0,100.03,22690
2025-01-16 00:00:00+05:30,99.49,101.94,98.62,100.35,5081
2025-01-17 00:00:00+05:30,98.99,104.3,98.99,100.73,14170
2025-01-20 00:00:00+05:30,99.2,102.23,99.2,99.93,6668
2025-01-21 00:00:00+05:30,101.3,108.8,99.0,106.42,60088
2025-01-22 00:00:00+05:30,106.42,106.42,100.6,101.29,48489
2025-01-23 00:00:00+05:30,101.0,108.8,99.41,105.48,31469
2025-01-24 00:00:00+05:30,105.48,108.35,101.0,102.02,6973
2025-01-27 00:00:00+05:30,100.2,106.0,95.42,96.41,26459
2025-01-28 00:00:00+05:30,96.3,100.7,93.1,96.08,37035
2025-01-29 00:00:00+05:30,96.0,105.0,94.5,103.27,14249
2025-01-30 00:00:00+05:30,102.0,106.5,99.86,104.58,18147
2025-01-31 00:00:00+05:30,103.55,105.0,100.1,100.8,8338
2025-02-01 00:00:00+05:30,105.23,106.49,99.32,104.84,18672
2025-02-03 00:00:00+05:30,106.4,106.4,101.8,103.67,10875
2025-02-04 00:00:00+05:30,105.0,106.53,103.1,103.62,9928
2025-02-05 00:00:00+05:30,105.0,108.98,102.42,108.17,10757
2025-02-06 00:00:00+05:30,109.4,114.94,105.2,106.01,27327
2025-02-07 00:00:00+05:30,106.0,109.0,103.56,103.74,8789
2025-02-10 00:00:00+05:30,102.75,106.14,100.1,101.19,12168
2025-02-11 00:00:00+05:30,100.0,104.9,95.25,97.75,30332
2025-02-12 00:00:00+05:30,100.27,104.43,94.99,101.48,7176
2025-02-13 00:00:00+05:30,104.8,104.8,98.21,98.69,2175
2025-02-14 00:00:00+05:30,103.0,105.48,88.35,90.99,98097
2025-02-17 00:00:00+05:30,90.99,94.58,90.85,92.04,35932
2025-02-18 00:00:00+05:30,91.01,91.14,84.25,85.87,91481
2025-02-19 00:00:00+05:30,85.92,94.53,85.92,91.88,213489
2025-02-20 00:00:00+05:30,91.88,95.66,87.5,87.91,102207
2025-02-21 00:00:00+05:30,87.91,93.0,86.69,92.2,21802
2025-02-24 00:00:00+05:30,94.8,94.8,90.88,91.69,6598
2025-02-25 00:00:00+05:30,92.98,95.39,90.61,91.93,3311
2025-02-27 00:00:00+05:30,91.6,92.53,83.2,84.57,51870
2025-02-28 00:00:00+05:30,86.0,86.96,79.5,80.99,71409
2025-03-03 00:00:00+05:30,81.2,85.01,81.11,82.22,112578
2025-03-04 00:00:00+05:30,81.15,86.5,81.15,84.0,21578
2025-03-05 00:00:00+05:30,84.08,88.34,83.01,87.01,16348
2025-03-06 00:00:00+05:30,90.4,93.94,88.88,93.78,24846
2025-03-07 00:00:00+05:30,94.02,95.47,91.02,93.01,9889
2025-03-10 00:00:00+05:30,93.01,94.45,91.75,92.54,5137
2025-03-11 00:00:00+05:30,94.3,94.3,85.5,90.48,84413
2025-03-12 00:00:00+05:30,93.01,93.01,85.25,86.38,58078
2025-03-13 00:00:00+05:30,88.0,88.0,85.5,86.31,17561
2025-03-17 00:00:00+05:30,87.0,88.58,85.1,85.61,11256
2025-03-18 00:00:00+05:30,87.26,88.65,84.03,87.0,27749
2025-03-19 00:00:00+05:30,89.0,89.0,86.05,87.86,14077
2025-03-20 00:00:00+05:30,87.0,90.0,86.1,87.01,15484
2025-03-21 00:00:00+05:30,89.49,89.96,87.5,88.72,11160
2025-03-24 00:00:00+05:30,88.0,91.5,86.52,87.77,28094
2025-03-25 00:00:00+05:30,88.3,90.25,82.65,84.71,24163
2025-03-26 00:00:00+05:30,85.0,88.0,80.61,86.86,52641
2025-03-27 00:00:00+05:30,86.0,87.78,82.15,86.71,45037
2025-03-28 00:00:00+05:30,86.7,91.0,82.25,84.07,39368
2025-04-01 00:00:00+05:30,84.9,86.99,84.52,85.18,15160
2025-04-02 00:00:00+05:30,84.5,90.95,83.86,89.03,9454
2025-04-03 00:00:00+05:30,90.0,93.85,88.79,92.85,26309
2025-04-04 00:00:00+05:30,91.0,91.25,84.92,86.35,21091
2025-04-07 00:00:00+05:30,85.05,87.0,81.66,85.48,16799
2025-04-08 00:00:00+05:30,88.0,88.0,83.21,84.45,22023
2025-04-09 00:00:00+05:30,85.97,86.2,82.55,83.08,23515
2025-04-11 00:00:00+05:30,84.2,87.18,83.25,84.32,22223
2025-04-15 00:00:00+05:30,85.8,87.79,85.28,86.04,26232
2025-04-16 00:00:00+05:30,88.0,91.76,86.93,90.04,25089
2025-04-17 00:00:00+05:30,91.45,95.73,90.49,94.08,27944
2025-04-21 00:00:00+05:30,95.01,96.66,92.02,92.85,13659
2025-04-22 00:00:00+05:30,92.9,111.42,92.9,99.56,134149
2025-04-23 00:00:00+05:30,101.56,102.8,94.99,96.91,52850
2025-04-24 00:00:00+05:30,97.0,98.58,93.42,95.34,28764
2025-04-25 00:00:00+05:30,94.74,96.88,92.95,93.42,15543
2025-04-28 00:00:00+05:30,91.61,97.87,91.61,96.52,23233
2025-04-29 00:00:00+05:30,95.89,97.06,92.0,92.64,19416
2025-04-30 00:00:00+05:30,91.12,92.64,90.0,90.07,12340
2025-05-02 00:00:00+05:30,90.14,93.8,89.31,90.52,12640
2025-05-05 00:00:00+05:30,93.47,93.47,89.7,91.24,5533
2025-05-06 00:00:00+05:30,92.84,92.84,83.86,84.79,33406
2025-05-07 00:00:00+05:30,84.79,88.99,84.78,86.71,13083
2025-05-08 00:00:00+05:30,88.01,88.5,86.0,86.25,14804
2025-05-09 00:00:00+05:30,85.75,85.75,82.11,82.94,13735
2025-05-12 00:00:00+05:30,85.1,89.75,85.1,88.71,18037
2025-05-13 00:00:00+05:30,88.5,92.01,86.7,91.8,13109
2025-05-14 00:00:00+05:30,92.19,92.79,89.98,90.54,10016
2025-05-15 00:00:00+05:30,91.17,98.61,91.17,95.26,45786
2025-05-16 00:00:00+05:30,94.01,96.97,94.01,95.71,29976
2025-05-19 00:00:00+05:30,94.2,101.7,94.2,99.2,59859
2025-05-20 00:00:00+05:30,99.2,100.57,97.01,97.57,25339
2025-05-21 00:00:00+05:30,98.99,98.99,94.5,98.07,17481
2025-05-22 00:00:00+05:30,97.21,99.3,94.99,96.28,17375
2025-05-23 00:00:00+05:30,98.0,101.39,97.2,98.27,31112
2025-05-26 00:00:00+05:30,99.9,100.78,96.61,97.34,9896
2025-05-27 00:00:00+05:30,99.25,99.25,97.5,97.57,4418
2025-05-28 00:00:00+05:30,100.5,100.5,95.61,95.72,19517
2025-05-29 00:00:00+05:30,96.5,98.15,96.0,96.19,7987
2025-05-30 00:00:00+05:30,95.48,97.89,95.48,96.45,11810
2025-06-02 00:00:00+05:30,96.34,97.39,94.34,96.12,5673
2025-06-03 00:00:00+05:30,96.0,97.52,94.51,95.3,5874
2025-06-04 00:00:00+05:30,96.5,99.48,95.5,96.07,6580
2025-06-05 00:00:00+05:30,97.01,97.51,95.21,95.55,21100
2025-06-06 00:00:00+05:30,96.45,106.98,96.0,101.2,61653
2025-06-09 00:00:00+05:30,103.98,108.45,100.06,107.59,80088
2025-06-10 00:00:00+05:30,108.0,111.5,103.32,107.23,79675
2025-06-11 00:00:00+05:30,110.0,110.79,105.35,106.69,18699
2025-06-12 00:00:00+05:30,106.0,108.09,102.5,106.13,27068
2025-06-13 00:00:00+05:30,105.29,106.63,103.0,105.92,8192
2025-06-16 00:00:00+05:30,105.04,107.59,103.0,104.18,7360
2025-06-17 00:00:00+05:30,106.24,106.42,104.52,105.87,4935
2025-06-18 00:00:00+05:30,108.74,108.74,104.68,105.24,7567
2025-06-19 00:00:00+05:30,107.0,110.98,105.01,108.34,31707
2025-06-20 00:00:00+05:30,107.8,108.3,105.21,107.22,6958
2025-06-23 00:00:00+05:30,104.1,106.79,104.1,104.65,5538
2025-06-24 00:00:00+05:30,107.35,107.99,104.01,104.47,10940
2025-06-25 00:00:00+05:30,104.47,107.0,102.82,104.22,5865
2025-06-26 00:00:00+05:30,104.91,111.0,104.25,107.88,24869
2025-06-27 00:00:00+05:30,109.01,110.16,107.25,108.42,7080
2025-06-30 00:00:00+05:30,107.46,113.0,106.35,109.83,49718
2025-07-01 00:00:00+05:30,107.67,111.57,107.05,108.15,10994
2025-07-02 00:00:00+05:30,107.93,110.4,105.5,107.42,14830
2025-07-03 00:00:00+05:30,107.03,109.99,106.66,109.38,11361
2025-07-04 00:00:00+05:30,108.62,108.81,102.01,104.32,34260
2025-07-07 00:00:00+05:30,104.32,107.0,103.95,105.67,9231
2025-07-08 00:00:00+05:30,104.3,107.0,104.3,105.98,4817
2025-07-09 00:00:00+05:30,105.95,107.5,102.41,104.69,17997
2025-07-10 00:00:00+05:30,105.41,106.48,102.61,103.47,9406
2025-07-11 00:00:00+05:30,102.0,104.57,100.67,101.65,16327
2025-07-14 00:00:00+05:30,102.0,105.75,97.89,104.62,10400
2025-07-15 00:00:00+05:30,106.4,106.4,102.0,102.69,12091
2025-07-16 00:00:00+05:30,102.2,104.6,100.5,103.84,8848
2025-07-17 00:00:00+05:30,103.0,105.6,100.5,104.93,12894
2025-07-18 00:00:00+05:30,105.75,107.6,102.93,104.38,14250
2025-07-21 00:00:00+05:30,104.9,105.1,102.03,102.97,5730
2025-07-22 00:00:00+05:30,103.07,104.49,101.05,101.92,15410
2025-07-23 00:00:00+05:30,101.42,103.49,101.41,102.11,4238
2025-07-24 00:00:00+05:30,104.18,104.3,98.9,101.38,10188
2025-07-25 00:00:00+05:30,99.93,102.01,98.6,100.34,8568
2025-07-28 00:00:00+05:30,101.99,120.4,101.98,108.21,833814
2025-07-29 00:00:00+05:30,108.0,110.75,107.0,108.78,55267
2025-07-30 00:00:00+05:30,110.83,118.4,109.4,113.68,92257
2025-07-31 00:00:00+05:30,112.08,113.39,108.73,111.0,25731
2025-08-01 00:00:00+05:30,111.0,113.75,108.0,109.13,27766
2025-08-04 00:00:00+05:30,110.86,110.86,104.95,105.27,24258
2025-08-05 00:00:00+05:30,108.9,108.9,102.0,102.44,15259
2025-08-06 00:00:00+05:30,103.2,105.58,102.0,104.07,11099
2025-08-07 00:00:00+05:30,104.08,106.58,103.21,103.87,22684
2025-08-08 00:00:00+05:30,105.34,105.34,98.01,100.31,24276
2025-08-11 00:00:00+05:30,101.85,104.83,98.02,99.63,18630
2025-08-12 00:00:00+05:30,101.8,101.95,100.01,100.02,13793
2025-08-13 00:00:00+05:30,102.34,102.34,100.03,100.33,20398
2025-08-14 00:00:00+05:30,100.58,103.5,100.1,101.62,14250
2025-08-18 00:00:00+05:30,102.94,102.94,100.01,100.11,10038
2025-08-19 00:00:00+05:30,101.85,102.24,98.56,101.17,30342
2025-08-20 00:00:00+05:30,101.9,101.9,98.35,99.98,10417
2025-08-21 00:00:00+05:30,101.3,101.59,97.0,98.83,21796
2025-08-22 00:00:00+05:30,98.55,101.5,98.55,100.39,15868
2025-08-25 00:00:00+05:30,99.25,102.5,99.0,99.22,4023
2025-08-26 00:00:00+05:30,99.68,100.0,97.0,97.59,11918
2025-08-28 00:00:00+05:30,96.1,99.9,96.1,98.54,5063
2025-08-29 00:00:00+05:30,99.7,102.27,97.35,99.79,7135
2025-09-01 00:00:00+05:30,101.24,101.24,98.5,99.28,5378
2025-09-02 00:00:00+05:30,100.6,100.75,98.0,98.4,5433
2025-09-03 00:00:00+05:30,98.95,99.68,98.05,98.25,3446
2025-09-04 00:00:00+05:30,99.49,105.75,98.0,103.8,13627
2025-09-05 00:00:00+05:30,104.86,105.55,99.0,99.49,14050
2025-09-08 00:00:00+05:30,101.48,101.48,99.11,100.41,8434
2025-09-09 00:00:00+05:30,100.3,100.98,98.45,99.87,11118
2025-09-10 00:00:00+05:30,100.87,106.75,100.1,102.75,11005
2025-09-11 00:00:00+05:30,103.2,106.0,102.22,103.84,22202
2025-09-12 00:00:00+05:30,103.84,104.75,102.0,102.54,5512
2025-09-15 00:00:00+05:30,102.53,104.99,102.05,102.38,6119
2025-09-16 00:00:00+05:30,103.83,104.38,102.35,103.36,3424
2025-09-17 00:00:00+05:30,104.56,109.85,102.2,102.81,70836
2025-09-18 00:00:00+05:30,102.51,107.44,102.51,105.6,16997
2025-09-19 00:00:00+05:30,105.72,107.72,103.7,104.23,9650
2025-09-22 00:00:00+05:30,105.85,113.0,104.95,105.21,40870
2025-09-23 00:00:00+05:30,106.73,110.67,104.21,107.85,19583
2025-09-24 00:00:00+05:30,108.55,110.44,102.6,103.85,43223
2025-09-25 00:00:00+05:30,102.73,106.0,102.73,103.76,9437
2025-09-26 00:00:00+05:30,104.99,110.96,98.35,100.36,24049
2025-09-29 00:00:00+05:30,101.01,104.44,100.56,101.32,14342
2025-09-30 00:00:00+05:30,102.38,105.9,101.5,103.12,10021
2025-10-01 00:00:00+05:30,105.33,107.5,102.11,105.6,16915
2025-10-03 00:00:00+05:30,107.0,108.46,103.0,107.62,19863
2025-10-06 00:00:00+05:30,109.45,109.88,104.21,105.31,19880
2025-10-07 00:00:00+05:30,103.81,108.4,103.81,106.56,8218
2025-10-08 00:00:00+05:30,104.54,108.7,104.0,104.28,14048
2025-10-09 00:00:00+05:30,105.32,105.52,102.8,103.28,7614
2025-10-10 00:00:00+05:30,103.62,106.8,102.95,104.02,13543
2025-10-13 00:00:00+05:30,104.03,104.44,102.01,102.46,7587
2025-10-14 00:00:00+05:30,102.72,103.79,100.1,100.66,13839
2025-10-15 00:00:00+05:30,100.1,105.9,100.1,103.03,11063
2025-10-16 00:00:00+05:30,103.99,105.78,101.51,102.55,18718
2025-10-17 00:00:00+05:30,102.0,103.61,101.1,101.14,9915
2025-10-20 00:00:00+05:30,101.31,103.14,100.0,100.36,6902
2025-10-21 00:00:00+05:30,100.39,101.8,100.0,100.65,4581
2025-10-23 00:00:00+05:30,100.12,104.46,100.12,102.33,13009
2025-10-24 00:00:00+05:30,103.2,108.89,102.25,102.44,12378
2025-10-27 00:00:00+05:30,103.54,103.83,102.1,102.25,2678
2025-10-28 00:00:00+05:30,103.2,103.75,99.99,101.1,24405
2025-10-29 00:00:00+05:30,101.1,101.84,100.1,100.75,4356
2025-10-30 00:00:00+05:30,101.06,102.39,99.6,100.95,17804
2025-10-31 00:00:00+05:30,101.67,101.67,98.0,98.93,27773
2025-11-03 00:00:00+05:30,100.0,100.0,96.56,97.79,39811
2025-11-04 00:00:00+05:30,99.81,99.81,96.31,97.15,13176
2025-11-06 00:00:00+05:30,98.0,99.0,95.1,95.78,24551
2025-11-07 00:00:00+05:30,96.31,99.72,94.42,97.31,18951
2025-11-10 00:00:00+05:30,96.96,99.35,94.15,95.23,19167
2025-11-11 00:00:00+05:30,96.83,97.01,95.61,96.95,2450
2025-11-12 00:00:00+05:30,95.8,100.65,94.3,99.19,60705
2025-11-13 00:00:00+05:30,100.86,100.86,96.0,96.93,26450
2025-11-14 00:00:00+05:30,96.5,97.96,96.07,96.61,6052
2025-11-17 00:00:00+05:30,96.86,98.0,94.5,95.55,10149
2025-11-18 00:00:00+05:30,95.57,95.69,93.32,94.04,15008
2025-11-19 00:00:00+05:30,92.4,96.73,92.4,92.88,57021
2025-11-20 00:00:00+05:30,93.69,94.79,92.32,93.0,5565
2025-11-21 00:00:00+05:30,93.0,94.96,92.33,93.15,1005
2025-11-24 00:00:00+05:30,97.0,97.74,90.6,90.65,9855
2025-11-25 00:00:00+05:30,91.69,91.89,89.74,89.85,14557
2025-11-26 00:00:00+05:30,90.0,93.17,90.0,90.25,4298
2025-11-27 00:00:00+05:30,90.25,92.63,90.01,91.77,5542
2025-11-28 00:00:00+05:30,90.83,92.27,90.79,91.0,2140
2025-12-01 00:00:00+05:30,90.0,92.76,90.0,92.0,7345
2025-12-02 00:00:00+05:30,91.59,92.37,91.02,92.37,513
2025-12-03 00:00:00+05:30,87.3,92.95,87.3,91.0,2608
2025-12-04 00:00:00+05:30,91.96,92.94,89.65,92.9,4376
2025-12-05 00:00:00+05:30,93.0,95.0,87.6,88.23,6943
2025-12-08 00:00:00+05:30,90.0,90.0,87.1,87.88,6250
2025-12-09 00:00:00+05:30,87.9,92.0,87.88,90.6,7943
2025-12-10 00:00:00+05:30,93.34,93.5,91.25,92.14,7501
2025-12-11 00:00:00+05:30,91.01,93.48,86.35,88.05,14875
2025-12-12 00:00:00+05:30,88.05,93.48,87.27,92.5,18347
2025-12-15 00:00:00+05:30,92.5,96.96,90.15,94.05,62390
2025-12-16 00:00:00+05:30,96.0,96.0,92.2,95.5,7756
2025-12-17 00:00:00+05:30,95.97,95.97,91.0,91.4,31882
2025-12-18 00:00:00+05:30,91.59,94.89,89.31,89.44,11075
2025-12-19 00:00:00+05:30,89.4,92.95,88.3,91.52,7460
2025-12-22 00:00:00+05:30,91.07,93.39,90.1,91.0,13764
2025-12-23 00:00:00+05:30,90.59,94.0,89.9,90.56,8518
2025-12-24 00:00:00+05:30,89.99,91.94,88.01,90.23,15389
2025-12-26 00:00:00+05:30,89.98,91.87,88.51,90.0,13793
2025-12-29 00:00:00+05:30,90.0,90.99,88.17,89.01,36344
2025-12-30 00:00:00+05:30,90.21,90.86,88.15,88.93,1964
2025-12-31 00:00:00+05:30,89.0,90.72,89.0,89.27,4416
2026-01-01 00:00:00+05:30,90.6,91.29,89.0,90.5,8648
2026-01-02 00:00:00+05:30,91.97,91.97,88.5,89.97,15190
2026-01-05 00:00:00+05:30,89.05,91.79,88.51,88.88,11971
2026-01-06 00:00:00+05:30,88.88,92.01,88.05,92.0,13001
2026-01-07 00:00:00+05:30,91.0,92.0,89.5,90.15,3939
2026-01-08 00:00:00+05:30,91.89,91.89,88.55,88.74,2364
2026-01-09 00:00:00+05:30,90.5,90.5,85.02,86.53,8803
2026-01-12 00:00:00+05:30,87.8,88.4,85.5,86.8,3685
2026-01-13 00:00:00+05:30,88.99,88.99,85.6,85.6,2750
2026-01-14 00:00:00+05:30,84.07,88.65,84.06,86.7,2020
2026-01-16 00:00:00+05:30,88.48,88.48,85.32,85.98,1289
2026-01-19 00:00:00+05:30,84.7,87.43,84.7,85.57,3183
2026-01-20 00:00:00+05:30,88.89,88.89,83.56,84.42,9101
2026-01-21 00:00:00+05:30,82.05,86.69,82.05,84.67,5492
2026-01-22 00:00:00+05:30,88.0,88.0,82.42,83.09,2878
2026-01-23 00:00:00+05:30,87.0,87.0,83.3,85.65,10511
2026-01-27 00:00:00+05:30,85.0,86.0,82.7,83.14,3203
2026-01-28 00:00:00+05:30,86.0,86.0,82.5,83.1,2588
2026-01-29 00:00:00+05:30,86.0,90.8,82.5,89.88,33053
2026-01-30 00:00:00+05:30,91.4,94.95,84.55,86.91,63246
2026-02-01 00:00:00+05:30,86.8,86.91,83.57,85.62,12916
2026-02-02 00:00:00+05:30,85.01,85.01,82.99,83.1,8170
2026-02-03 00:00:00+05:30,85.01,93.97,83.8,89.58,31631
2026-02-04 00:00:00+05:30,93.6,96.02,87.26,93.24,40504
2026-02-05 00:00:00+05:30,90.6,94.79,90.6,91.97,14404
2026-02-06 00:00:00+05:30,91.39,93.43,89.0,90.57,5510
2026-02-09 00:00:00+05:30,92.38,93.75,89.3,93.39,16334
2026-02-10 00:00:00+05:30,93.99,93.99,91.1,92.08,4353
2026-02-11 00:00:00+05:30,92.01,93.8,87.35,88.47,9095
2026-02-12 00:00:00+05:30,86.31,90.99,86.31,88.4,5107
2026-02-13 00:00:00+05:30,88.4,89.0,87.01,87.23,5521
2026-02-16 00:00:00+05:30,86.05,87.95,84.2,87.14,15432
2026-02-17 00:00:00+05:30,90.0,90.0,85.15,86.05,4979
2026-02-18 00:00:00+05:30,86.01,88.29,84.61,85.3,7168
2026-02-19 00:00:00+05:30,87.01,87.01,85.31,85.66,2604
2026-02-20 00:00:00+05:30,86.89,86.9,83.0,83.47,9693
2026-02-23 00:00:00+05:30,84.0,86.87,83.52,84.08,2869
2026-02-24 00:00:00+05:30,84.51,84.51,81.35,82.87,4088
2026-02-25 00:00:00+05:30,82.87,84.98,81.75,82.09,13961
2026-02-26 00:00:00+05:30,84.46,84.46,82.0,82.06,2233
2026-02-27 00:00:00+05:30,84.87,84.87,80.0,80.92,17951
2026-03-02 00:00:00+05:30,78.97,80.99,77.11,79.35,6385
2026-03-04 00:00:00+05:30,79.35,79.8,77.05,77.43,128656
2026-03-05 00:00:00+05:30,77.0,81.78,77.0,78.42,4548
2026-03-06 00:00:00+05:30,80.5,81.94,78.5,79.26,32399
2026-03-09 00:00:00+05:30,76.03,79.01,73.05,73.31,90294
2026-03-10 00:00:00+05:30,74.88,87.97,73.49,80.16,11105
2026-03-11 00:00:00+05:30,80.16,81.21,75.2,76.36,2531
2026-03-12 00:00:00+05:30,78.97,78.97,72.01,73.96,112803
2026-03-13 00:00:00+05:30,75.91,75.91,72.18,73.14,73688
2026-03-16 00:00:00+05:30,75.0,75.0,70.01,71.33,80152
2026-03-17 00:00:00+05:30,74.9,75.0,68.26,69.44,50773
2026-03-18 00:00:00+05:30,69.99,73.46,69.18,71.45,104329
2026-03-19 00:00:00+05:30,72.5,72.5,68.1,70.92,75951
2026-03-20 00:00:00+05:30,72.49,72.49,69.21,69.35,87372
2026-03-23 00:00:00+05:30,69.35,70.99,66.26,67.13,42562
2026-03-24 00:00:00+05:30,68.95,70.0,66.7,68.2,44350
2026-03-25 00:00:00+05:30,70.01,71.01,68.5,69.69,48326
2026-03-27 00:00:00+05:30,70.23,71.92,67.75,68.01,41730
2026-03-30 00:00:00+05:30,69.0,70.39,60.0,63.55,70177
2026-04-01 00:00:00+05:30,63.89,70.99,63.89,68.14,32196
2026-04-02 00:00:00+05:30,69.0,69.0,66.2,68.03,37693
2026-04-06 00:00:00+05:30,67.04,71.58,67.04,70.13,39675
2026-04-07 00:00:00+05:30,72.49,72.49,68.74,71.92,19152
2026-04-08 00:00:00+05:30,73.25,76.97,73.22,76.04,23320
2026-04-09 00:00:00+05:30,79.8,80.89,75.5,80.13,30187
2026-04-10 00:00:00+05:30,78.9,82.32,77.0,77.71,39460
2026-04-13 00:00:00+05:30,77.22,80.14,77.08,79.84,14842
2026-04-15 00:00:00+05:30,80.9,81.93,79.15,81.8,3788
2026-04-16 00:00:00+05:30,82.99,83.0,79.31,80.58,9018
2026-04-17 00:00:00+05:30,81.2,82.14,76.8,77.35,28275
2026-04-20 00:00:00+05:30,77.73,80.0,74.3,75.9,50636
2026-04-21 00:00:00+05:30,75.75,84.65,75.72,80.58,66052
2026-04-22 00:00:00+05:30,83.7,83.7,79.8,81.77,12422
2026-04-23 00:00:00+05:30,83.0,83.0,79.5,79.62,4472
2026-04-24 00:00:00+05:30,80.18,80.18,74.33,75.55,23705
2026-04-27 00:00:00+05:30,75.55,79.6,74.99,77.64,6770
2026-04-28 00:00:00+05:30,77.26,82.0,76.62,80.66,64329
2026-04-29 00:00:00+05:30,79.19,93.3,79.17,85.71,136699
2026-04-30 00:00:00+05:30,89.0,89.0,83.21,84.28,10486
2026-05-04 00:00:00+05:30,86.69,86.99,84.2,85.41,11323
2026-05-05 00:00:00+05:30,87.95,87.95,85.1,86.83,6619
2026-05-06 00:00:00+05:30,84.97,87.18,84.18,85.3,21134
2026-05-07 00:00:00+05:30,87.4,92.05,85.61,90.2,36801
2026-05-08 00:00:00+05:30,92.5,97.0,88.25,89.91,58577
2026-05-11 00:00:00+05:30,91.5,91.5,88.27,89.03,9773
2026-05-12 00:00:00+05:30,87.95,92.0,85.6,85.71,14821
2026-05-13 00:00:00+05:30,85.0,87.72,84.25,86.7,4563
2026-05-14 00:00:00+05:30,89.9,89.9,82.8,83.89,15701
2026-05-15 00:00:00+05:30,86.9,86.9,82.0,82.5,7211
2026-05-18 00:00:00+05:30,82.2,83.0,78.5,79.28,14252
2026-05-19 00:00:00+05:30,78.54,81.8,78.54,79.99,6581
2026-05-20 00:00:00+05:30,76.5,81.2,76.5,80.01,6335
2026-05-21 00:00:00+05:30,84.0,84.0,78.02,79.02,11914
2026-05-22 00:00:00+05:30,80.99,80.99,77.73,78.06,7899
2026-05-25 00:00:00+05:30,79.55,81.95,78.52,81.34,18256
2026-05-26 00:00:00+05:30,83.0,86.3,81.4,83.16,20834
2026-05-27 00:00:00+05:30,81.25,84.85,79.01,81.16,31439
2026-05-29 00:00:00+05:30,81.31,81.9,78.52,79.11,18053
2026-06-01 00:00:00+05:30,78.24,79.98,77.0,77.07,15796
2026-06-02 00:00:00+05:30,77.07,78.88,75.52,77.51,7214
2026-06-03 00:00:00+05:30,77.02,80.1,76.4,76.96,9051
2026-06-04 00:00:00+05:30,79.84,79.84,75.35,76.07,20027
2026-06-05 00:00:00+05:30,76.07,78.7,76.07,77.51,5612
2026-06-08 00:00:00+05:30,77.51,79.88,77.0,77.68,4325
2026-06-09 00:00:00+05:30,76.14,79.68,76.14,78.46,2572
2026-06-10 00:00:00+05:30,78.0,80.1,76.16,78.82,8304
2026-06-11 00:00:00+05:30,78.0,84.4,76.7,80.52,95880
2026-06-12 00:00:00+05:30,80.12,83.3,80.0,82.4,18146
2026-06-15 00:00:00+05:30,83.94,84.01,80.36,81.64,4840
2026-06-16 00:00:00+05:30,80.0,84.0,80.0,81.34,9071
2026-06-17 00:00:00+05:30,83.92,84.65,81.0,84.11,8558
2026-06-18 00:00:00+05:30,84.11,85.01,81.4,82.25,8836
2026-06-19 00:00:00+05:30,84.0,84.0,81.15,81.46,1624
2026-06-22 00:00:00+05:30,81.46,84.0,81.21,81.73,3064
2026-06-23 00:00:00+05:30,83.8,84.0,81.15,81.22,8348
2026-06-24 00:00:00+05:30,81.16,83.0,80.15,80.19,5862
2026-06-25 00:00:00+05:30,80.53,81.5,80.1,80.14,3394
2026-06-29 00:00:00+05:30,81.99,83.15,79.1,80.34,2565
2026-06-30 00:00:00+05:30,79.0,86.08,79.0,81.96,2434
2026-07-01 00:00:00+05:30,81.5,81.96,80.1,80.86,907
2026-07-02 00:00:00+05:30,80.86,82.79,80.0,80.07,6229
2026-07-03 00:00:00+05:30,82.9,82.9,80.02,80.28,4625
2026-07-06 00:00:00+05:30,80.28,82.75,79.5,81.88,3283
2026-07-07 00:00:00+05:30,81.88,81.88,79.51,79.65,7748
2026-07-08 00:00:00+05:30,79.5,80.9,78.2,79.68,3459
2026-07-09 00:00:00+05:30,81.0,81.0,78.55,79.98,2990
2026-07-10 00:00:00+05:30,79.0,84.0,79.0,81.62,18466
2026-07-13 00:00:00+05:30,81.62,81.62,80.12,80.2,471
2026-07-14 00:00:00+05:30,80.95,87.0,80.95,82.22,24381
2026-07-15 00:00:00+05:30,84.75,84.75,81.05,81.82,10113
2026-07-16 00:00:00+05:30,80.25,83.7,78.55,80.54,12581
2026-07-17 00:00:00+05:30,79.1,81.0,79.1,79.8,3804
2026-07-20 00:00:00+05:30,79.01,81.58,78.51,80.91,23146
2026-07-21 00:00:00+05:30,81.4,81.4,79.11,79.77,740
2026-07-22 00:00:00+05:30,79.7,80.8,78.6,78.92,6185
2026-07-23 00:00:00+05:30,85.0,85.0,79.06,82.48,4875
2026-07-24 00:00:00+05:30,82.0,85.4,80.05,82.94,8680
2026-07-27 00:00:00+05:30,81.28,85.94,81.28,81.45,10904
2026-07-28 00:00:00+05:30,83.89,84.4,80.72,83.06,5697
2026-07-29 00:00:00+05:30,83.93,83.95,82.02,83.49,3149
2026-07-30 00:00:00+05:30,82.4,83.45,80.55,80.74,4199
2026-07-31 00:00:00+05:30,81.5,82.8,80.65,81.14,1012
2026-08-03 00:00:00+05:30,83.0,83.48,81.3,81.8,1504
2026-08-04 00:00:00+05:30,82.47,82.91,80.0,80.86,9237
2026-08-05 00:00:00+05:30,80.86,83.48,80.22,80.42,6984
2026-08-06 00:00:00+05:30,83.48,85.95,80.65,82.04,26416
2026-08-07 00:00:00+05:30,83.0,92.9,82.99,89.49,295022
2026-08-10 00:00:00+05:30,96.5,98.25,91.9,95.3,181969
2026-08-11 00:00:00+05:30,97.0,97.9,91.75,92.95,95026
2026-08-12 00:00:00+05:30,93.0,93.64,91.15,92.2,14860
2026-08-13 00:00:00+05:30,90.3,92.99,89.7,92.81,18605
2026-08-14 00:00:00+05:30,94.62,94.62,91.56,93.3,10833
2026-08-17 00:00:00+05:30,94.25,97.0,92.8,95.91,29556
2026-08-18 00:00:00+05:30,97.89,97.89,93.8,95.32,14039
2026-08-19 00:00:00+05:30,96.25,99.0,96.0,96.18,19673
2026-08-20 00:00:00+05:30,96.1,96.81,94.1,95.42,5998
2026-08-21 00:00:00+05:30,95.0,99.6,94.71,97.98,35365
2026-08-24 00:00:00+05:30,98.0,114.0,95.3,111.51,188710
2026-08-25 00:00:00+05:30,116.5,124.78,112.5,114.33,517060
2026-08-26 00:00:00+05:30,114.34,119.0,111.5,112.94,56348
2026-08-27 00:00:00+05:30,114.95,114.99,102.26,103.04,113517
2026-08-28 00:00:00+05:30,103.06,108.4,99.01,105.23,49263
2026-08-31 00:00:00+05:30,105.02,108.51,105.02,105.93,11698
2026-09-01 00:00:00+05:30,105.0,105.19,101.17,101.72,20540
2026-09-02 00:00:00+05:30,102.05,107.65,102.02,106.52,33961
2026-09-03 00:00:00+05:30,106.52,108.0,103.6,105.99,19078
2026-09-04 00:00:00+05:30,107.99,107.99,103.65,104.89,17295
2026-09-07 00:00:00+05:30,104.2,104.9,102.18,103.62,16124
2026-09-08 00:00:00+05:30,104.66,105.25,102.0,103.77,24405
2026-09-09 00:00:00+05:30,104.35,104.43,102.01,102.54,4792
2026-09-10 00:00:00+05:30,101.02,104.39,100.0,100.5,30279
2026-09-11 00:00:00+05:30,100.5,102.99,98.16,101.96,21936
2026-09-15 00:00:00+05:30,102.0,105.6,100.21,100.21,16131
2026-09-16 00:00:00+05:30,99.0,101.98,97.05,100.22,11540
2026-09-17 00:00:00+05:30,101.57,102.0,100.0,101.48,4107
2026-09-18 00:00:00+05:30,102.24,105.5,102.21,104.8,14610
2026-09-21 00:00:00+05:30,105.04,106.99,102.51,104.84,18328
2026-09-22 00:00:00+05:30,105.97,111.25,105.97,107.68,44478
2026-09-23 00:00:00+05:30,109.02,110.97,107.65,109.77,13856
2026-09-24 00:00:00+05:30,109.96,109.96,106.21,106.47,5897
2026-09-25 00:00:00+05:30,106.47,107.51,103.16,106.95,5592
