Date,Open,High,Low,Close,Volume
2004-11-01 00:00:00+05:30,26.73,26.73,26.72,26.72,374
2004-11-02 00:00:00+05:30,26.72,27.33,25.93,26.01,4769
2004-11-03 00:00:00+05:30,26.67,26.67,25.47,25.49,111149
2004-11-04 00:00:00+05:30,25.6,26.67,25.6,26.67,9074
2004-11-05 00:00:00+05:30,26.37,28.0,26.37,27.97,28004
2004-11-08 00:00:00+05:30,29.33,29.33,28.33,28.61,21329
2004-11-09 00:00:00+05:30,29.13,29.13,27.47,27.7,5174
2004-11-10 00:00:00+05:30,28.93,28.93,27.87,27.88,1979
2004-11-11 00:00:00+05:30,27.87,28.58,27.68,27.87,17024
2004-11-12 00:00:00+05:30,28.14,28.14,27.87,27.87,2249
2004-11-16 00:00:00+05:30,27.4,27.93,27.0,27.67,5099
2004-11-17 00:00:00+05:30,27.67,27.99,27.53,27.92,14609
2004-11-18 00:00:00+05:30,28.0,28.6,28.0,28.17,8159
2004-11-19 00:00:00+05:30,28.97,28.97,27.33,27.47,14594
2004-11-22 00:00:00+05:30,27.93,28.27,27.33,28.27,14789
2004-11-23 00:00:00+05:30,28.67,29.68,28.67,29.23,25589
2004-11-24 00:00:00+05:30,30.67,30.7,30.0,30.39,52619
2004-11-25 00:00:00+05:30,29.76,30.67,29.62,30.51,63329
2004-11-29 00:00:00+05:30,30.59,31.09,29.53,29.62,29429
2004-11-30 00:00:00+05:30,29.83,30.0,28.67,29.46,16889
2004-12-01 00:00:00+05:30,29.0,29.0,28.11,28.41,2339
2004-12-02 00:00:00+05:30,27.42,28.67,27.42,28.33,5714
2004-12-03 00:00:00+05:30,28.47,28.53,27.55,27.77,1994
2004-12-06 00:00:00+05:30,28.0,28.93,28.0,28.13,14189
2004-12-07 00:00:00+05:30,28.46,28.47,27.74,27.74,4574
2004-12-08 00:00:00+05:30,28.07,28.07,27.3,27.34,68129
2004-12-09 00:00:00+05:30,28.33,28.67,27.33,27.78,69479
2004-12-10 00:00:00+05:30,26.67,29.17,26.67,29.17,187904
2004-12-13 00:00:00+05:30,30.63,30.63,28.4,30.63,97574
2004-12-14 00:00:00+05:30,32.13,32.17,32.13,32.17,14354
2004-12-15 00:00:00+05:30,33.53,33.77,32.4,32.79,112619
2004-12-16 00:00:00+05:30,33.0,33.0,32.4,32.63,23924
2004-12-17 00:00:00+05:30,32.9,33.86,31.83,33.35,71669
2004-12-20 00:00:00+05:30,33.33,33.47,33.13,33.47,23984
2004-12-21 00:00:00+05:30,33.67,33.67,32.67,33.0,17174
2004-12-22 00:00:00+05:30,33.02,33.33,32.34,33.08,13409
2004-12-23 00:00:00+05:30,33.33,34.74,33.2,34.74,163904
2004-12-24 00:00:00+05:30,36.0,36.47,36.0,36.47,52094
2004-12-27 00:00:00+05:30,38.27,38.3,37.2,37.2,45629
2004-12-28 00:00:00+05:30,36.73,38.2,35.39,35.66,43229
2004-12-29 00:00:00+05:30,35.53,35.53,33.93,34.67,13124
2004-12-30 00:00:00+05:30,34.07,35.33,33.67,34.85,52724
2004-12-31 00:00:00+05:30,35.2,36.59,35.2,36.59,29414
2005-01-03 00:00:00+05:30,37.27,37.33,35.7,36.16,24314
2005-01-04 00:00:00+05:30,37.53,37.67,37.13,37.5,11024
2005-01-05 00:00:00+05:30,36.67,37.33,36.0,36.0,18464
2005-01-06 00:00:00+05:30,36.0,36.0,34.54,35.95,37889
2005-01-07 00:00:00+05:30,36.67,36.67,34.67,36.0,3749
2005-01-10 00:00:00+05:30,36.0,37.73,36.0,36.47,59849
2005-01-11 00:00:00+05:30,37.2,37.2,35.67,35.73,7229
2005-01-12 00:00:00+05:30,35.68,36.0,34.67,34.73,9989
2005-01-13 00:00:00+05:30,35.67,36.47,35.67,36.47,21689
2005-01-14 00:00:00+05:30,38.0,38.29,37.2,38.29,67079
2005-01-17 00:00:00+05:30,39.06,39.33,38.47,38.89,47474
2005-01-18 00:00:00+05:30,39.33,40.8,38.67,40.69,56864
2005-01-19 00:00:00+05:30,41.93,42.72,41.02,42.67,93524
2005-01-20 00:00:00+05:30,43.33,44.8,43.0,44.8,62099
2005-01-24 00:00:00+05:30,47.04,47.04,45.6,46.61,107624
2005-01-25 00:00:00+05:30,47.27,47.27,44.28,44.29,38444
2005-01-27 00:00:00+05:30,44.27,44.33,42.08,42.19,46604
2005-01-28 00:00:00+05:30,44.0,44.0,41.4,43.1,22214
2005-01-31 00:00:00+05:30,42.47,45.26,42.47,45.26,28634
2005-02-01 00:00:00+05:30,47.27,47.47,43.35,43.83,20324
2005-02-02 00:00:00+05:30,44.33,44.33,43.67,43.93,10094
2005-02-03 00:00:00+05:30,46.07,46.12,44.0,46.12,68984
2005-02-04 00:00:00+05:30,46.67,48.42,45.33,47.13,49844
2005-02-07 00:00:00+05:30,47.67,49.49,47.67,49.46,117374
2005-02-08 00:00:00+05:30,50.47,51.93,49.6,51.86,474479
2005-02-09 00:00:00+05:30,53.2,54.45,51.47,53.24,55469
2005-02-10 00:00:00+05:30,53.8,55.9,52.67,55.83,505859
2005-02-11 00:00:00+05:30,56.33,58.63,56.33,58.63,58469
2005-02-14 00:00:00+05:30,60.93,61.56,56.22,61.41,421694
2005-02-15 00:00:00+05:30,63.4,63.93,61.33,61.58,114194
2005-02-16 00:00:00+05:30,62.67,62.67,58.51,59.15,52799
2005-02-17 00:00:00+05:30,59.0,59.0,56.19,57.04,33929
2005-02-18 00:00:00+05:30,57.67,58.67,55.34,56.1,40469
2005-02-21 00:00:00+05:30,57.33,58.13,56.33,56.85,18344
2005-02-22 00:00:00+05:30,56.34,56.34,55.0,55.37,20879
2005-02-23 00:00:00+05:30,56.13,56.13,54.0,54.14,13859
2005-02-24 00:00:00+05:30,54.67,56.85,54.0,56.85,27374
2005-02-25 00:00:00+05:30,57.8,59.69,57.07,59.34,66284
2005-02-28 00:00:00+05:30,58.0,59.33,57.43,57.87,22814
2005-03-01 00:00:00+05:30,57.66,58.0,56.0,56.32,10244
2005-03-02 00:00:00+05:30,57.27,59.13,56.67,58.09,48644
2005-03-03 00:00:00+05:30,59.0,61.0,59.0,61.0,52679
2005-03-04 00:00:00+05:30,64.05,64.05,64.05,64.05,25784
2005-03-07 00:00:00+05:30,66.93,67.25,60.85,66.52,236234
2005-03-08 00:00:00+05:30,66.6,67.07,65.0,66.39,35069
2005-03-09 00:00:00+05:30,66.33,66.33,63.07,63.31,72434
2005-03-10 00:00:00+05:30,63.33,66.45,63.33,66.23,49409
2005-03-11 00:00:00+05:30,66.61,67.67,63.47,65.74,89384
2005-03-14 00:00:00+05:30,65.67,65.93,64.0,64.65,36314
2005-03-15 00:00:00+05:30,65.0,67.89,64.33,67.89,1354469
2005-03-16 00:00:00+05:30,70.53,71.2,68.8,69.37,118844
2005-03-17 00:00:00+05:30,72.84,72.84,71.4,72.78,156404
2005-03-18 00:00:00+05:30,74.56,74.56,69.14,69.39,67139
2005-03-21 00:00:00+05:30,72.67,72.67,70.1,70.86,29294
2005-03-22 00:00:00+05:30,70.23,71.27,68.0,68.08,41564
2005-03-23 00:00:00+05:30,68.13,69.33,65.2,67.02,44174
2005-03-24 00:00:00+05:30,67.0,68.33,65.67,67.34,55004
2005-03-28 00:00:00+05:30,66.04,68.88,66.04,68.43,20204
2005-03-29 00:00:00+05:30,67.67,67.83,66.77,67.34,55409
2005-03-30 00:00:00+05:30,68.67,70.7,68.53,70.67,41399
2005-03-31 00:00:00+05:30,73.27,73.33,72.07,72.71,46259
2005-04-01 00:00:00+05:30,72.8,73.33,72.33,72.64,63539
2005-04-04 00:00:00+05:30,73.2,73.33,72.0,73.12,87209
2005-04-05 00:00:00+05:30,73.19,73.33,71.47,73.18,129674
2005-04-06 00:00:00+05:30,73.2,76.84,73.2,76.84,167624
2005-04-07 00:00:00+05:30,80.68,80.68,80.6,80.68,23219
2005-04-08 00:00:00+05:30,84.72,84.72,81.33,84.72,215954
2005-04-11 00:00:00+05:30,88.47,88.95,86.0,88.84,98324
2005-04-12 00:00:00+05:30,89.4,93.0,89.33,92.75,85469
2005-04-13 00:00:00+05:30,94.59,95.0,88.11,88.11,147359
2005-04-15 00:00:00+05:30,87.33,90.67,83.81,86.49,75689
2005-04-18 00:00:00+05:30,83.41,90.82,83.4,90.8,110414
2005-04-19 00:00:00+05:30,92.0,92.0,86.6,86.96,52334
2005-04-20 00:00:00+05:30,88.07,88.07,83.02,84.61,31604
2005-04-21 00:00:00+05:30,84.4,87.87,84.4,86.71,36524
2005-04-22 00:00:00+05:30,89.28,89.28,85.4,86.17,45509
2005-04-25 00:00:00+05:30,87.33,87.33,85.33,86.08,27674
2005-04-26 00:00:00+05:30,87.93,88.56,85.34,85.76,49169
2005-04-27 00:00:00+05:30,86.13,86.67,81.47,82.04,87209
2005-04-28 00:00:00+05:30,81.67,82.0,77.94,78.11,71999
2005-04-29 00:00:00+05:30,76.8,79.9,74.21,76.42,67319
2005-05-02 00:00:00+05:30,78.07,80.0,74.74,79.78,44249
2005-05-03 00:00:00+05:30,80.8,81.6,79.61,79.88,20474
2005-05-04 00:00:00+05:30,80.33,81.33,79.67,80.64,22064
2005-05-05 00:00:00+05:30,82.79,82.96,81.33,82.19,38144
2005-05-06 00:00:00+05:30,81.13,83.0,80.73,81.53,21179
2005-05-09 00:00:00+05:30,81.47,82.0,79.47,80.17,28469
2005-05-10 00:00:00+05:30,81.26,81.26,79.34,80.68,17384
2005-05-11 00:00:00+05:30,80.93,83.0,79.33,80.44,10064
2005-05-12 00:00:00+05:30,81.67,84.46,81.67,84.14,76994
2005-05-13 00:00:00+05:30,85.0,88.35,85.0,88.35,62804
2005-05-16 00:00:00+05:30,90.0,91.47,89.0,89.98,32729
2005-05-17 00:00:00+05:30,87.33,90.1,86.8,88.26,42599
2005-05-18 00:00:00+05:30,87.07,91.93,87.0,91.28,29489
2005-05-19 00:00:00+05:30,92.0,92.0,87.67,89.33,25289
2005-05-20 00:00:00+05:30,88.33,90.6,88.0,89.76,10289
2005-05-23 00:00:00+05:30,88.0,90.6,87.67,88.48,23384
2005-05-24 00:00:00+05:30,88.33,88.34,87.19,87.55,18629
2005-05-25 00:00:00+05:30,87.33,88.0,87.33,87.33,3959
2005-05-26 00:00:00+05:30,87.0,88.0,86.67,87.2,59294
2005-05-27 00:00:00+05:30,88.0,88.0,86.4,87.43,35039
2005-05-30 00:00:00+05:30,89.66,89.66,83.06,83.06,31499
2005-05-31 00:00:00+05:30,83.27,85.13,83.23,83.65,17864
2005-06-01 00:00:00+05:30,83.33,84.0,81.67,82.68,114959
2005-06-02 00:00:00+05:30,80.33,82.0,78.74,80.0,38534
2005-06-03 00:00:00+05:30,81.0,83.25,80.0,82.0,17594
2005-06-04 00:00:00+05:30,82.33,82.33,80.73,81.26,1739
2005-06-06 00:00:00+05:30,78.73,83.33,78.73,81.32,149594
2005-06-07 00:00:00+05:30,79.33,85.33,78.14,83.78,100394
2005-06-08 00:00:00+05:30,85.93,87.67,84.67,85.28,28679
2005-06-09 00:00:00+05:30,85.93,87.33,84.67,85.67,258434
2005-06-10 00:00:00+05:30,86.47,86.8,85.73,85.78,49319
2005-06-13 00:00:00+05:30,84.4,90.07,84.4,90.02,102494
2005-06-14 00:00:00+05:30,91.8,91.8,88.73,89.93,32324
2005-06-15 00:00:00+05:30,91.6,94.42,89.0,92.31,114854
2005-06-16 00:00:00+05:30,92.4,93.0,87.8,88.84,46529
2005-06-17 00:00:00+05:30,87.33,90.0,86.0,88.63,74819
2005-06-20 00:00:00+05:30,88.2,89.53,86.67,88.56,22964
2005-06-21 00:00:00+05:30,87.67,90.33,87.33,89.42,18644
2005-06-22 00:00:00+05:30,91.33,93.89,90.07,91.19,41069
2005-06-23 00:00:00+05:30,87.0,94.93,87.0,91.07,196184
2005-06-24 00:00:00+05:30,90.0,95.62,90.0,94.39,121034
2005-06-27 00:00:00+05:30,94.72,94.89,91.33,92.18,44864
2005-06-28 00:00:00+05:30,92.18,92.67,90.0,90.7,16754
2005-06-29 00:00:00+05:30,90.73,92.67,90.0,91.87,14699
2005-06-30 00:00:00+05:30,91.93,94.0,90.73,93.44,23924
2005-07-01 00:00:00+05:30,92.67,98.0,92.67,97.52,57779
2005-07-04 00:00:00+05:30,97.6,100.0,96.73,98.82,166589
2005-07-05 00:00:00+05:30,96.67,101.0,96.67,98.08,33974
2005-07-06 00:00:00+05:30,99.4,102.99,98.0,102.99,157949
2005-07-07 00:00:00+05:30,104.0,108.14,99.4,100.73,431864
2005-07-08 00:00:00+05:30,103.33,105.76,102.36,103.53,139934
2005-07-11 00:00:00+05:30,106.6,108.7,106.6,108.7,41309
2005-07-12 00:00:00+05:30,114.14,114.14,105.33,113.32,255584
2005-07-13 00:00:00+05:30,113.0,113.2,107.67,110.35,41234
2005-07-14 00:00:00+05:30,110.35,115.52,110.35,115.52,123734
2005-07-15 00:00:00+05:30,121.29,121.29,121.29,121.29,23204
2005-07-18 00:00:00+05:30,127.33,127.36,116.67,126.78,478589
2005-07-19 00:00:00+05:30,130.53,133.12,127.33,133.04,455564
2005-07-20 00:00:00+05:30,138.66,139.69,136.67,139.69,280334
2005-07-21 00:00:00+05:30,142.07,146.68,141.67,146.68,649214
2005-07-22 00:00:00+05:30,152.99,154.02,148.82,154.02,836489
2005-07-25 00:00:00+05:30,161.27,161.72,158.47,161.38,837779
2005-07-26 00:00:00+05:30,166.67,168.6,153.4,153.91,557114
2005-07-27 00:00:00+05:30,155.33,160.0,149.34,152.22,165254
2005-07-29 00:00:00+05:30,152.22,156.47,148.14,151.48,82784
2005-08-01 00:00:00+05:30,153.27,153.27,148.67,150.95,47909
2005-08-02 00:00:00+05:30,152.33,158.5,150.67,154.9,251999
2005-08-03 00:00:00+05:30,152.0,157.4,149.33,151.05,87014
2005-08-04 00:00:00+05:30,152.33,155.93,151.0,154.69,46799
2005-08-05 00:00:00+05:30,151.67,155.93,151.67,153.82,129254
2005-08-08 00:00:00+05:30,158.0,158.0,152.33,154.28,257294
2005-08-09 00:00:00+05:30,156.27,162.0,153.33,158.56,249689
2005-08-10 00:00:00+05:30,158.33,166.49,158.33,162.32,780209
2005-08-11 00:00:00+05:30,163.0,165.0,160.0,160.65,162659
2005-08-12 00:00:00+05:30,161.67,166.0,160.0,164.96,142484
2005-08-16 00:00:00+05:30,166.67,173.21,165.33,173.21,546599
2005-08-17 00:00:00+05:30,179.33,181.87,175.34,181.87,719399
2005-08-18 00:00:00+05:30,186.6,190.97,173.67,175.28,377084
2005-08-19 00:00:00+05:30,175.28,182.0,175.28,178.08,108839
2005-08-22 00:00:00+05:30,180.0,183.33,173.53,174.93,108014
2005-08-23 00:00:00+05:30,177.47,177.67,167.0,167.99,110744
2005-08-24 00:00:00+05:30,171.33,171.33,160.0,163.21,109814
2005-08-25 00:00:00+05:30,166.0,166.6,156.67,158.67,117269
2005-08-26 00:00:00+05:30,161.93,164.73,160.67,162.69,82469
2005-08-29 00:00:00+05:30,163.4,164.33,158.75,161.09,99464
2005-08-30 00:00:00+05:30,166.67,166.67,161.0,166.19,89939
2005-08-31 00:00:00+05:30,170.0,170.0,162.33,163.2,68834
2005-09-01 00:00:00+05:30,164.0,169.33,160.0,161.41,71264
2005-09-02 00:00:00+05:30,164.93,164.93,158.0,160.04,85634
2005-09-05 00:00:00+05:30,165.0,168.05,162.33,168.05,41204
2005-09-06 00:00:00+05:30,172.67,176.27,166.0,167.51,120434
2005-09-08 00:00:00+05:30,172.4,175.89,166.34,175.89,234314
2005-09-09 00:00:00+05:30,179.87,181.33,168.67,170.73,164939
2005-09-12 00:00:00+05:30,172.33,173.67,168.67,173.32,78539
2005-09-13 00:00:00+05:30,176.53,181.99,171.0,181.99,172304
2005-09-14 00:00:00+05:30,186.53,191.07,181.99,187.59,504839
2005-09-15 00:00:00+05:30,187.59,196.67,185.33,194.37,277664
2005-09-16 00:00:00+05:30,199.33,199.33,190.07,192.32,181634
2005-09-19 00:00:00+05:30,196.0,196.66,191.2,192.19,169874
2005-09-20 00:00:00+05:30,190.67,191.67,185.04,190.48,147569
2005-09-21 00:00:00+05:30,191.33,192.67,180.95,181.08,224429
2005-09-22 00:00:00+05:30,181.33,181.33,172.03,172.03,201494
2005-09-23 00:00:00+05:30,169.33,169.33,163.43,163.43,179939
2005-09-26 00:00:00+05:30,156.67,170.59,155.26,166.14,434384
2005-09-27 00:00:00+05:30,169.47,174.44,166.33,174.44,164609
2005-09-28 00:00:00+05:30,181.33,181.33,165.72,168.41,306239
2005-09-29 00:00:00+05:30,167.66,169.67,161.67,167.15,237044
2005-09-30 00:00:00+05:30,172.67,172.67,158.87,167.07,456794
2005-10-03 00:00:00+05:30,171.33,175.42,167.73,175.42,112379
2005-10-04 00:00:00+05:30,182.67,184.2,180.0,184.2,129659
2005-10-05 00:00:00+05:30,189.6,191.33,175.8,177.59,255029
2005-10-06 00:00:00+05:30,177.53,178.0,168.71,169.64,474104
2005-10-07 00:00:00+05:30,176.67,178.17,174.67,178.17,197231
2005-10-10 00:00:00+05:30,185.63,185.63,172.07,173.73,241907
2005-10-11 00:00:00+05:30,173.67,175.23,165.07,165.07,124213
2005-10-13 00:00:00+05:30,165.07,165.07,156.83,156.93,271096
2005-10-14 00:00:00+05:30,156.67,156.67,149.1,149.1,170210
2005-10-17 00:00:00+05:30,143.67,146.0,141.67,141.67,211616
2005-10-18 00:00:00+05:30,137.33,148.77,134.67,136.77,212633
2005-10-19 00:00:00+05:30,136.13,136.13,129.93,129.93,111578
2005-10-20 00:00:00+05:30,131.97,134.0,123.43,125.17,201677
2005-10-21 00:00:00+05:30,126.47,131.43,122.67,131.43,139126
2005-10-24 00:00:00+05:30,133.33,133.33,125.33,126.23,101464
2005-10-25 00:00:00+05:30,129.0,129.0,122.63,125.43,81751
2005-10-26 00:00:00+05:30,124.0,127.13,122.37,124.27,54487
2005-10-27 00:00:00+05:30,124.33,129.0,119.0,120.47,62149
2005-10-28 00:00:00+05:30,120.13,122.83,116.7,118.23,61430
2005-10-31 00:00:00+05:30,122.0,124.17,122.0,124.17,12469
2005-11-01 00:00:00+05:30,130.4,130.4,130.4,130.4,8728
2005-11-02 00:00:00+05:30,136.93,136.93,126.67,130.53,133606
2005-11-07 00:00:00+05:30,132.73,137.07,132.0,136.23,92755
2005-11-08 00:00:00+05:30,137.33,143.07,136.67,143.0,142934
2005-11-09 00:00:00+05:30,146.33,150.17,143.33,150.17,246277
2005-11-10 00:00:00+05:30,151.7,157.7,151.7,157.7,303868
2005-11-11 00:00:00+05:30,157.7,164.47,154.67,162.8,601369
2005-11-14 00:00:00+05:30,163.97,165.63,155.2,156.67,106508
2005-11-16 00:00:00+05:30,160.0,160.0,149.33,150.27,117317
2005-11-17 00:00:00+05:30,150.33,152.5,142.77,143.43,137348
2005-11-18 00:00:00+05:30,146.0,149.67,139.0,148.1,256343
2005-11-21 00:00:00+05:30,149.33,151.93,141.33,143.5,132527
2005-11-22 00:00:00+05:30,144.0,145.33,136.77,138.77,113197
2005-11-23 00:00:00+05:30,138.67,145.73,138.67,141.03,296467
2005-11-24 00:00:00+05:30,143.27,144.33,140.67,141.2,104180
2005-11-25 00:00:00+05:30,143.6,145.23,139.0,139.93,94256
2005-11-26 00:00:00+05:30,142.67,142.97,139.33,142.27,53008
2005-11-28 00:00:00+05:30,145.33,149.4,143.03,144.23,223759
2005-11-29 00:00:00+05:30,141.33,143.33,139.4,141.07,45661
2005-11-30 00:00:00+05:30,141.4,143.17,134.03,135.73,128986
2005-12-01 00:00:00+05:30,136.6,139.53,136.6,137.67,91814
2005-12-02 00:00:00+05:30,138.33,141.17,134.83,135.9,96016
2005-12-05 00:00:00+05:30,138.6,138.67,135.37,136.33,85657
2005-12-06 00:00:00+05:30,136.33,141.67,129.6,136.17,425113
2005-12-07 00:00:00+05:30,138.53,138.63,132.2,133.33,168533
2005-12-08 00:00:00+05:30,134.67,138.6,133.03,134.3,208429
2005-12-09 00:00:00+05:30,135.37,139.67,135.37,136.77,223249
2005-12-12 00:00:00+05:30,139.33,143.63,137.77,143.63,396919
2005-12-13 00:00:00+05:30,145.8,146.6,141.0,142.0,328079
2005-12-14 00:00:00+05:30,143.3,143.67,135.4,138.67,223612
2005-12-15 00:00:00+05:30,141.23,143.33,138.67,140.33,199184
2005-12-16 00:00:00+05:30,141.67,146.0,140.67,144.67,334010
2005-12-19 00:00:00+05:30,145.4,147.33,144.0,145.63,149251
2005-12-20 00:00:00+05:30,146.33,152.93,145.27,150.57,335836
2005-12-21 00:00:00+05:30,154.0,155.77,147.67,150.37,391268
2005-12-22 00:00:00+05:30,152.93,154.63,147.67,149.1,170872
2005-12-23 00:00:00+05:30,149.93,151.83,145.5,146.93,109898
2005-12-26 00:00:00+05:30,143.33,146.67,139.6,139.73,127379
2005-12-27 00:00:00+05:30,138.33,146.73,138.33,146.53,147074
2005-12-28 00:00:00+05:30,148.0,149.6,145.33,147.03,176102
2005-12-29 00:00:00+05:30,149.33,149.67,146.4,146.77,94466
2005-12-30 00:00:00+05:30,147.33,150.0,146.67,147.23,88678
2006-01-02 00:00:00+05:30,152.27,152.27,145.33,146.0,50089
2006-01-03 00:00:00+05:30,149.0,149.0,146.37,147.0,82297
2006-01-04 00:00:00+05:30,148.6,148.93,142.03,145.07,126922
2006-01-05 00:00:00+05:30,145.33,146.67,140.83,142.2,107231
2006-01-06 00:00:00+05:30,143.33,144.67,138.67,140.07,95521
2006-01-09 00:00:00+05:30,140.67,141.33,137.07,138.13,145258
2006-01-10 00:00:00+05:30,138.67,140.67,134.2,137.23,98917
2006-01-12 00:00:00+05:30,137.33,138.67,132.73,133.43,150565
2006-01-13 00:00:00+05:30,134.67,136.57,134.37,134.67,67661
2006-01-16 00:00:00+05:30,136.07,137.67,132.07,132.77,40801
2006-01-17 00:00:00+05:30,134.57,134.6,127.33,128.8,98536
2006-01-18 00:00:00+05:30,128.07,128.07,124.0,126.63,82819
2006-01-19 00:00:00+05:30,127.0,132.97,125.33,132.97,60755
2006-01-20 00:00:00+05:30,136.67,139.63,136.63,139.63,106784
2006-01-23 00:00:00+05:30,140.0,146.63,140.0,146.47,315991
2006-01-24 00:00:00+05:30,148.0,150.17,144.17,148.17,432394
2006-01-25 00:00:00+05:30,149.67,149.67,141.0,142.87,173636
2006-01-27 00:00:00+05:30,142.87,146.0,136.0,136.93,98044
2006-01-30 00:00:00+05:30,137.33,142.0,136.0,136.93,141581
2006-01-31 00:00:00+05:30,137.33,140.0,136.33,136.67,236513
2006-02-01 00:00:00+05:30,137.33,138.67,130.0,130.57,565771
2006-02-02 00:00:00+05:30,132.67,134.27,130.07,132.63,155429
2006-02-03 00:00:00+05:30,130.8,133.33,130.0,131.57,137812
2006-02-06 00:00:00+05:30,126.0,132.6,126.0,129.3,122972
2006-02-07 00:00:00+05:30,128.13,130.67,125.8,128.33,167092
2006-02-08 00:00:00+05:30,127.4,129.03,125.67,126.57,115570
2006-02-10 00:00:00+05:30,126.67,129.0,126.67,127.07,94213
2006-02-13 00:00:00+05:30,128.0,129.33,126.83,127.53,58016
2006-02-14 00:00:00+05:30,127.7,140.0,126.67,134.07,261992
2006-02-15 00:00:00+05:30,136.67,136.67,128.0,132.9,123089
2006-02-16 00:00:00+05:30,134.0,134.07,130.2,131.5,61222
2006-02-17 00:00:00+05:30,133.33,138.67,127.53,128.67,200009
2006-02-20 00:00:00+05:30,128.67,128.67,125.37,127.53,117490
2006-02-21 00:00:00+05:30,128.0,130.97,126.67,126.8,70247
2006-02-22 00:00:00+05:30,130.47,130.47,125.33,126.73,95899
2006-02-23 00:00:00+05:30,127.13,127.93,125.53,126.53,66694
2006-02-24 00:00:00+05:30,126.7,126.7,124.4,125.23,65261
2006-02-27 00:00:00+05:30,125.23,128.4,125.23,127.17,42539
2006-02-28 00:00:00+05:30,128.4,128.53,126.67,126.9,53797
2006-03-01 00:00:00+05:30,128.33,132.0,127.07,127.83,76853
2006-03-02 00:00:00+05:30,128.63,137.63,126.73,134.5,338446
2006-03-03 00:00:00+05:30,135.33,140.6,133.4,133.87,232552
2006-03-06 00:00:00+05:30,135.3,139.67,132.67,136.1,211487
2006-03-07 00:00:00+05:30,136.67,136.97,133.33,133.37,106744
2006-03-08 00:00:00+05:30,135.33,137.6,132.87,134.87,205597
2006-03-09 00:00:00+05:30,135.33,136.33,132.93,134.37,231482
2006-03-10 00:00:00+05:30,135.0,140.0,133.33,137.53,238280
2006-03-13 00:00:00+05:30,136.0,148.97,134.7,144.87,703490
2006-03-14 00:00:00+05:30,145.33,145.67,138.0,138.73,143819
2006-03-16 00:00:00+05:30,138.67,144.3,136.77,137.67,114110
2006-03-17 00:00:00+05:30,138.67,141.0,134.7,135.83,109837
2006-03-20 00:00:00+05:30,136.6,138.4,131.4,135.33,139897
2006-03-21 00:00:00+05:30,137.27,137.27,131.4,132.3,65195
2006-03-22 00:00:00+05:30,132.67,133.3,127.7,129.43,79453
2006-03-23 00:00:00+05:30,130.83,135.27,128.67,130.1,71893
2006-03-24 00:00:00+05:30,130.47,132.33,129.67,130.77,38827
2006-03-27 00:00:00+05:30,130.67,135.67,130.37,132.07,67577
2006-03-28 00:00:00+05:30,133.33,134.0,128.07,129.1,50192
2006-03-29 00:00:00+05:30,129.33,131.27,127.8,130.13,47623
2006-03-30 00:00:00+05:30,130.67,139.33,130.23,133.97,106571
2006-03-31 00:00:00+05:30,134.0,135.33,129.47,130.23,55060
2006-04-03 00:00:00+05:30,132.0,141.83,130.8,137.4,138548
2006-04-04 00:00:00+05:30,138.67,140.0,135.43,136.33,59317
2006-04-05 00:00:00+05:30,137.93,142.67,136.83,138.97,168791
2006-04-07 00:00:00+05:30,140.67,142.63,133.7,136.1,221488
2006-04-10 00:00:00+05:30,137.33,140.0,130.67,134.9,109058
2006-04-12 00:00:00+05:30,133.33,135.87,130.87,131.67,88642
2006-04-13 00:00:00+05:30,131.33,133.0,126.67,126.97,85409
2006-04-17 00:00:00+05:30,129.33,131.0,126.7,127.87,56438
2006-04-18 00:00:00+05:30,128.2,129.87,124.0,125.6,122357
2006-04-19 00:00:00+05:30,127.33,128.4,124.67,125.2,52774
2006-04-20 00:00:00+05:30,126.7,129.33,119.33,123.73,167456
2006-04-21 00:00:00+05:30,128.0,128.0,112.4,113.5,406871
2006-04-24 00:00:00+05:30,116.0,117.67,110.03,115.57,276428
2006-04-25 00:00:00+05:30,117.23,122.27,114.03,119.17,156332
2006-04-26 00:00:00+05:30,117.23,122.83,117.23,120.33,110921
2006-04-27 00:00:00+05:30,122.6,125.93,122.6,123.2,138011
2006-04-28 00:00:00+05:30,114.07,124.6,113.33,122.17,106810
2006-04-29 00:00:00+05:30,122.67,127.9,122.67,126.33,108497
2006-05-02 00:00:00+05:30,129.33,130.0,123.5,125.73,113321
2006-05-03 00:00:00+05:30,126.6,127.33,124.07,125.07,69646
2006-05-04 00:00:00+05:30,126.0,127.27,122.67,123.67,81230
2006-05-05 00:00:00+05:30,124.67,127.33,124.0,125.57,193753
2006-05-08 00:00:00+05:30,125.13,131.0,125.13,128.23,451684
2006-05-09 00:00:00+05:30,132.0,138.67,128.87,135.5,542293
2006-05-10 00:00:00+05:30,136.67,142.57,136.67,139.57,363118
2006-05-11 00:00:00+05:30,140.0,166.6,139.33,153.2,2326981
2006-05-12 00:00:00+05:30,145.8,162.93,145.8,152.3,737782
2006-05-15 00:00:00+05:30,152.47,153.63,143.33,145.3,299626
2006-05-16 00:00:00+05:30,145.0,153.23,144.0,150.97,334615
2006-05-17 00:00:00+05:30,152.8,164.67,151.53,158.97,390379
2006-05-18 00:00:00+05:30,158.63,166.6,145.33,145.5,282817
2006-05-19 00:00:00+05:30,148.8,154.67,138.73,142.47,245171
2006-05-22 00:00:00+05:30,144.77,146.67,120.0,138.7,400153
2006-05-23 00:00:00+05:30,140.0,149.27,125.8,147.47,178369
2006-05-24 00:00:00+05:30,146.73,151.83,145.33,146.73,119713
2006-05-25 00:00:00+05:30,145.33,152.33,145.33,149.53,151972
2006-05-26 00:00:00+05:30,152.33,158.57,144.73,145.67,381041
2006-05-29 00:00:00+05:30,146.67,149.27,145.0,146.33,203878
2006-05-30 00:00:00+05:30,146.67,148.47,145.33,146.57,156614
2006-05-31 00:00:00+05:30,118.13,149.33,118.13,147.9,222364
2006-06-01 00:00:00+05:30,152.27,152.27,140.67,143.37,172979
2006-06-02 00:00:00+05:30,143.33,147.67,133.33,146.9,231508
2006-06-05 00:00:00+05:30,147.33,148.67,140.0,140.07,90013
2006-06-06 00:00:00+05:30,133.33,143.93,130.0,139.17,197036
2006-06-07 00:00:00+05:30,130.67,141.33,130.07,140.0,349693
2006-06-08 00:00:00+05:30,132.67,134.0,125.93,127.9,272407
2006-06-09 00:00:00+05:30,122.0,135.33,122.0,128.6,71152
2006-06-12 00:00:00+05:30,129.2,131.6,123.33,129.67,102361
2006-06-13 00:00:00+05:30,126.67,139.2,124.67,134.43,176699
2006-06-14 00:00:00+05:30,133.33,146.67,133.33,139.43,422555
2006-06-15 00:00:00+05:30,148.0,148.0,141.37,144.93,271828
2006-06-16 00:00:00+05:30,150.67,150.67,142.67,143.9,440617
2006-06-19 00:00:00+05:30,142.0,146.0,141.33,144.5,97462
2006-06-20 00:00:00+05:30,139.4,144.0,139.4,141.27,27481
2006-06-21 00:00:00+05:30,140.73,145.33,140.7,144.07,56567
2006-06-22 00:00:00+05:30,143.33,148.83,142.37,143.43,65366
2006-06-23 00:00:00+05:30,143.27,145.33,137.47,144.23,53086
2006-06-25 00:00:00+05:30,142.0,143.67,142.0,142.3,3200
2006-06-26 00:00:00+05:30,143.33,143.5,140.0,141.13,87622
2006-06-27 00:00:00+05:30,140.33,140.67,136.0,138.27,21973
2006-06-28 00:00:00+05:30,137.27,140.0,134.0,138.33,20858
2006-06-29 00:00:00+05:30,146.67,146.67,131.33,135.33,167617
2006-06-30 00:00:00+05:30,136.7,136.7,123.27,126.1,188942
2006-07-03 00:00:00+05:30,127.33,135.6,125.33,132.97,284138
2006-07-04 00:00:00+05:30,134.67,138.0,129.33,132.5,405772
2006-07-05 00:00:00+05:30,130.67,134.67,130.67,133.37,114544
2006-07-06 00:00:00+05:30,124.67,134.6,124.67,133.27,435365
2006-07-07 00:00:00+05:30,133.33,136.6,131.67,133.37,130229
2006-07-10 00:00:00+05:30,133.37,135.2,132.0,133.4,109586
2006-07-11 00:00:00+05:30,133.63,134.33,133.33,133.37,28216
2006-07-12 00:00:00+05:30,133.33,134.0,133.0,133.47,18041
2006-07-13 00:00:00+05:30,133.4,145.0,132.07,140.4,121199
2006-07-14 00:00:00+05:30,138.67,138.67,127.33,129.73,107786
2006-07-17 00:00:00+05:30,126.67,131.3,124.2,125.07,41183
2006-07-18 00:00:00+05:30,128.93,128.93,121.77,123.3,36959
2006-07-19 00:00:00+05:30,123.4,126.93,119.33,120.07,74761
2006-07-20 00:00:00+05:30,124.0,130.67,120.0,120.57,34949
2006-07-21 00:00:00+05:30,120.67,120.67,116.0,118.9,33872
2006-07-24 00:00:00+05:30,117.33,121.33,113.37,119.77,126949
2006-07-25 00:00:00+05:30,121.07,123.13,120.37,121.23,33131
2006-07-26 00:00:00+05:30,121.4,123.33,110.67,116.57,299290
2006-07-27 00:00:00+05:30,114.67,118.0,113.37,114.37,87680
2006-07-28 00:00:00+05:30,115.33,119.73,113.33,115.27,51320
2006-07-31 00:00:00+05:30,118.33,118.33,111.83,113.1,122911
2006-08-01 00:00:00+05:30,112.67,115.33,112.33,115.03,34474
2006-08-02 00:00:00+05:30,114.07,114.17,110.33,111.0,162604
2006-08-03 00:00:00+05:30,111.0,111.17,103.33,105.87,125503
2006-08-04 00:00:00+05:30,106.67,107.9,101.87,104.03,94207
2006-08-07 00:00:00+05:30,103.4,107.9,103.4,106.53,56015
2006-08-08 00:00:00+05:30,107.33,107.93,106.53,106.8,23150
2006-08-09 00:00:00+05:30,110.0,111.6,106.67,110.67,71077
2006-08-10 00:00:00+05:30,112.0,115.0,110.77,114.4,73259
2006-08-11 00:00:00+05:30,117.0,118.0,111.67,115.83,119687
2006-08-14 00:00:00+05:30,115.87,117.3,115.4,116.6,37664
2006-08-16 00:00:00+05:30,118.0,118.6,116.17,117.3,60458
2006-08-17 00:00:00+05:30,118.6,120.0,118.0,118.93,45701
2006-08-18 00:00:00+05:30,119.3,125.67,118.0,123.8,79879
2006-08-21 00:00:00+05:30,126.0,129.87,123.5,124.17,93751
2006-08-22 00:00:00+05:30,125.67,125.67,114.7,116.1,85405
2006-08-23 00:00:00+05:30,116.6,118.93,113.4,114.6,52786
2006-08-24 00:00:00+05:30,114.67,115.93,113.87,115.27,18340
2006-08-25 00:00:00+05:30,116.0,116.67,113.0,113.73,35608
2006-08-28 00:00:00+05:30,112.07,116.47,112.07,114.37,10375
2006-08-29 00:00:00+05:30,115.33,116.67,114.67,115.67,17998
2006-08-30 00:00:00+05:30,116.0,116.33,113.33,113.73,19436
2006-08-31 00:00:00+05:30,115.87,115.97,113.5,113.67,26284
2006-09-01 00:00:00+05:30,113.33,118.9,113.33,117.03,58736
2006-09-04 00:00:00+05:30,118.3,119.13,115.33,115.83,19756
2006-09-05 00:00:00+05:30,117.2,117.2,112.67,113.4,29072
2006-09-06 00:00:00+05:30,114.67,117.13,114.0,116.43,51923
2006-09-07 00:00:00+05:30,118.0,118.53,115.6,117.03,49949
2006-09-08 00:00:00+05:30,117.4,119.2,111.03,111.73,110882
2006-09-11 00:00:00+05:30,112.67,114.27,112.0,113.1,50522
2006-09-12 00:00:00+05:30,112.47,114.0,109.5,110.23,67408
2006-09-13 00:00:00+05:30,111.33,113.33,111.33,111.87,15169
2006-09-14 00:00:00+05:30,113.17,113.17,109.83,110.0,46541
2006-09-15 00:00:00+05:30,110.67,111.3,107.0,107.87,83962
2006-09-18 00:00:00+05:30,110.57,110.6,103.8,105.17,141989
2006-09-19 00:00:00+05:30,106.87,106.87,101.67,102.3,94475
2006-09-20 00:00:00+05:30,102.67,104.0,100.13,101.5,82673
2006-09-21 00:00:00+05:30,101.33,103.6,101.3,103.03,44119
2006-09-22 00:00:00+05:30,102.73,103.33,100.4,100.8,36853
2006-09-25 00:00:00+05:30,102.0,104.6,100.2,100.73,46060
2006-09-26 00:00:00+05:30,102.0,102.0,99.33,100.3,19492
2006-09-27 00:00:00+05:30,102.0,114.0,101.73,110.7,435169
2006-09-28 00:00:00+05:30,113.27,114.0,106.73,107.2,176942
2006-09-29 00:00:00+05:30,107.33,112.93,106.33,111.7,253300
2006-10-03 00:00:00+05:30,110.0,116.93,108.73,112.5,273491
2006-10-04 00:00:00+05:30,109.47,114.47,108.33,109.07,56065
2006-10-05 00:00:00+05:30,110.0,116.6,109.4,112.5,324599
2006-10-06 00:00:00+05:30,112.87,115.63,111.67,112.87,98941
2006-10-09 00:00:00+05:30,113.0,114.3,111.33,112.47,48776
2006-10-10 00:00:00+05:30,113.07,114.27,110.0,110.67,93982
2006-10-11 00:00:00+05:30,112.0,112.07,107.33,107.9,91943
2006-10-12 00:00:00+05:30,108.0,109.47,107.07,108.07,64103
2006-10-13 00:00:00+05:30,109.33,111.23,107.67,108.2,48848
2006-10-16 00:00:00+05:30,112.57,112.57,108.67,109.43,41480
2006-10-17 00:00:00+05:30,108.07,109.97,107.1,107.57,24263
2006-10-18 00:00:00+05:30,108.5,109.13,107.37,107.57,22598
2006-10-19 00:00:00+05:30,108.07,108.67,106.33,106.8,25048
2006-10-20 00:00:00+05:30,108.0,108.33,106.13,106.8,17771
2006-10-21 00:00:00+05:30,108.0,108.57,106.73,107.3,9592
2006-10-23 00:00:00+05:30,107.4,107.57,106.27,106.43,18880
2006-10-26 00:00:00+05:30,107.47,107.87,106.43,106.67,40645
2006-10-27 00:00:00+05:30,106.67,109.27,105.33,107.23,203117
2006-10-30 00:00:00+05:30,110.0,110.0,105.8,106.27,40742
2006-10-31 00:00:00+05:30,106.7,106.7,101.07,102.13,118691
2006-11-01 00:00:00+05:30,102.0,103.3,98.33,99.5,122749
2006-11-02 00:00:00+05:30,100.07,103.67,100.0,100.53,133093
2006-11-03 00:00:00+05:30,102.6,102.67,100.0,100.2,87913
2006-11-06 00:00:00+05:30,100.0,102.47,100.0,101.97,43895
2006-11-07 00:00:00+05:30,102.0,103.1,101.33,101.67,39566
2006-11-08 00:00:00+05:30,101.4,102.47,101.33,101.53,37711
2006-11-09 00:00:00+05:30,102.0,106.2,102.0,103.3,426520
2006-11-10 00:00:00+05:30,103.33,109.27,103.0,105.7,402770
2006-11-13 00:00:00+05:30,107.2,107.33,102.73,103.33,288250
2006-11-14 00:00:00+05:30,103.4,108.87,103.0,106.93,231191
2006-11-15 00:00:00+05:30,108.0,111.8,107.67,109.2,295738
2006-11-16 00:00:00+05:30,110.0,113.27,107.67,109.47,224464
2006-11-17 00:00:00+05:30,111.33,113.0,104.03,104.97,111511
2006-11-20 00:00:00+05:30,101.33,105.2,100.17,103.5,140677
2006-11-21 00:00:00+05:30,104.63,107.27,104.03,105.2,165310
2006-11-22 00:00:00+05:30,104.1,107.13,103.33,106.17,129818
2006-11-23 00:00:00+05:30,106.8,107.67,106.1,106.83,49865
2006-11-24 00:00:00+05:30,107.0,107.0,103.67,105.17,29089
2006-11-27 00:00:00+05:30,103.43,108.0,103.43,107.17,70277
2006-11-28 00:00:00+05:30,106.6,106.6,103.4,104.0,31396
2006-11-29 00:00:00+05:30,106.0,107.33,104.67,104.7,458713
2006-11-30 00:00:00+05:30,106.67,116.0,106.33,111.53,433484
2006-12-01 00:00:00+05:30,113.4,115.53,109.5,110.23,141490
2006-12-04 00:00:00+05:30,111.93,114.67,109.3,109.83,203086
2006-12-05 00:00:00+05:30,112.67,112.67,108.67,109.57,59632
2006-12-06 00:00:00+05:30,109.8,110.27,105.33,106.87,44776
2006-12-07 00:00:00+05:30,107.47,110.43,105.83,107.63,67940
2006-12-08 00:00:00+05:30,108.47,109.4,107.0,107.6,72160
2006-12-11 00:00:00+05:30,106.0,107.33,103.33,105.0,138329
2006-12-12 00:00:00+05:30,103.67,106.6,100.0,102.53,129734
2006-12-13 00:00:00+05:30,102.67,104.0,100.07,101.9,31892
2006-12-14 00:00:00+05:30,103.53,106.67,102.07,105.2,57443
2006-12-15 00:00:00+05:30,106.2,106.83,103.97,104.27,41251
2006-12-18 00:00:00+05:30,105.0,105.37,103.37,103.9,18797
2006-12-19 00:00:00+05:30,105.0,105.27,102.0,102.77,27637
2006-12-20 00:00:00+05:30,103.33,104.0,101.4,102.17,18815
2006-12-21 00:00:00+05:30,102.67,105.33,102.67,103.93,44374
2006-12-22 00:00:00+05:30,103.67,105.13,103.4,103.67,15418
2006-12-26 00:00:00+05:30,104.0,106.0,103.43,105.5,36920
2006-12-27 00:00:00+05:30,105.37,113.93,103.5,107.23,370957
2006-12-28 00:00:00+05:30,108.63,109.57,104.7,105.2,107749
2006-12-29 00:00:00+05:30,104.03,108.27,103.33,104.47,78145
2007-01-02 00:00:00+05:30,106.6,109.33,104.67,104.9,61256
2007-01-03 00:00:00+05:30,107.27,107.27,102.67,104.13,137836
2007-01-04 00:00:00+05:30,104.8,108.6,104.63,106.67,184348
2007-01-05 00:00:00+05:30,108.0,109.33,105.47,106.37,87808
2007-01-08 00:00:00+05:30,106.27,113.33,105.0,112.0,369521
2007-01-09 00:00:00+05:30,115.0,116.33,110.67,111.5,340231
2007-01-10 00:00:00+05:30,111.8,114.53,108.7,110.17,130133
2007-01-11 00:00:00+05:30,110.67,113.33,110.0,112.4,77620
2007-01-12 00:00:00+05:30,113.3,113.3,111.33,112.17,42575
2007-01-15 00:00:00+05:30,114.63,114.63,112.2,112.67,44762
2007-01-16 00:00:00+05:30,114.63,114.63,110.07,111.47,33920
2007-01-17 00:00:00+05:30,111.13,112.57,111.07,111.83,32942
2007-01-18 00:00:00+05:30,112.0,114.0,111.2,111.5,58804
2007-01-19 00:00:00+05:30,113.27,121.67,112.67,120.2,496051
2007-01-22 00:00:00+05:30,123.33,123.93,118.67,120.53,393905
2007-01-23 00:00:00+05:30,120.03,120.03,112.8,115.23,122983
2007-01-24 00:00:00+05:30,115.37,116.67,112.87,113.87,94343
2007-01-25 00:00:00+05:30,114.67,116.6,111.43,112.2,77218
2007-01-29 00:00:00+05:30,112.67,112.67,110.7,111.3,70412
2007-01-31 00:00:00+05:30,111.0,111.3,105.7,106.23,74171
2007-02-01 00:00:00+05:30,107.9,108.67,103.4,104.8,153562
2007-02-02 00:00:00+05:30,105.97,106.0,102.43,103.0,236834
2007-02-05 00:00:00+05:30,104.6,104.6,102.07,103.17,59929
2007-02-06 00:00:00+05:30,103.83,108.0,102.73,106.03,142040
2007-02-07 00:00:00+05:30,107.8,110.73,107.0,108.2,157325
2007-02-08 00:00:00+05:30,109.3,110.0,104.67,105.73,100043
2007-02-09 00:00:00+05:30,107.13,107.33,103.5,104.1,54820
2007-02-12 00:00:00+05:30,102.7,105.57,100.07,102.0,51227
2007-02-13 00:00:00+05:30,101.0,103.03,98.73,99.53,50702
2007-02-14 00:00:00+05:30,98.13,101.9,96.73,100.1,45551
2007-02-15 00:00:00+05:30,100.67,104.0,100.67,102.7,23647
2007-02-19 00:00:00+05:30,103.8,104.57,101.4,103.07,45296
2007-02-20 00:00:00+05:30,102.67,102.67,100.0,100.23,20600
2007-02-21 00:00:00+05:30,100.07,101.93,99.83,100.67,28258
2007-02-22 00:00:00+05:30,102.67,102.67,100.67,101.2,28412
2007-02-23 00:00:00+05:30,101.13,102.0,101.0,101.03,52225
2007-02-26 00:00:00+05:30,101.27,101.73,100.33,100.87,57424
2007-02-27 00:00:00+05:30,102.0,103.27,101.0,101.13,17728
2007-02-28 00:00:00+05:30,86.73,104.67,86.73,100.1,51823
2007-03-01 00:00:00+05:30,102.0,102.0,98.13,100.53,59219
2007-03-02 00:00:00+05:30,100.27,101.3,100.0,100.07,40717
2007-03-05 00:00:00+05:30,96.67,97.17,90.83,94.13,87242
2007-03-06 00:00:00+05:30,95.4,96.67,93.13,94.3,37870
2007-03-07 00:00:00+05:30,95.33,96.0,91.7,92.3,27571
2007-03-08 00:00:00+05:30,92.33,92.97,87.67,91.43,36463
2007-03-09 00:00:00+05:30,92.0,94.33,90.0,93.7,25211
2007-03-12 00:00:00+05:30,95.33,95.33,92.67,93.97,24829
2007-03-13 00:00:00+05:30,94.03,97.0,94.03,96.5,101645
2007-03-14 00:00:00+05:30,93.43,95.13,93.4,93.9,46237
2007-03-15 00:00:00+05:30,91.33,96.33,91.33,92.83,23215
2007-03-16 00:00:00+05:30,92.17,93.33,90.77,91.8,20272
2007-03-19 00:00:00+05:30,91.5,93.33,91.0,92.67,68938
2007-03-20 00:00:00+05:30,91.37,93.73,90.93,91.13,25793
2007-03-21 00:00:00+05:30,90.7,91.8,90.47,90.87,19369
2007-03-22 00:00:00+05:30,92.0,93.33,89.0,89.23,175432
2007-03-23 00:00:00+05:30,90.0,93.33,85.33,92.1,289889
2007-03-26 00:00:00+05:30,91.93,91.93,89.67,90.2,24359
2007-03-28 00:00:00+05:30,91.33,91.93,87.0,88.23,46130
2007-03-29 00:00:00+05:30,89.33,90.6,87.73,88.27,13010
2007-03-30 00:00:00+05:30,88.67,90.0,87.33,88.2,60893
2007-04-02 00:00:00+05:30,88.0,88.6,85.47,86.87,18767
2007-04-03 00:00:00+05:30,86.67,91.93,86.67,88.43,18599
2007-04-04 00:00:00+05:30,90.0,90.0,87.67,88.2,28331
2007-04-05 00:00:00+05:30,87.33,93.33,87.33,92.33,142408
2007-04-09 00:00:00+05:30,91.33,93.33,91.33,92.47,40378
2007-04-10 00:00:00+05:30,93.07,93.33,90.8,92.93,49076
2007-04-11 00:00:00+05:30,93.33,108.4,92.73,103.77,741572
2007-04-12 00:00:00+05:30,103.33,107.6,100.5,102.6,127994
2007-04-13 00:00:00+05:30,102.67,106.33,100.7,105.07,66346
2007-04-16 00:00:00+05:30,106.6,107.33,101.33,104.77,73720
2007-04-17 00:00:00+05:30,106.4,106.4,101.47,101.93,61073
2007-04-18 00:00:00+05:30,104.67,107.93,102.0,104.23,109193
2007-04-19 00:00:00+05:30,93.33,104.0,93.33,102.33,28187
2007-04-20 00:00:00+05:30,101.67,104.67,101.67,102.13,49865
2007-04-23 00:00:00+05:30,102.73,103.9,100.07,100.4,21773
2007-04-24 00:00:00+05:30,100.0,102.3,98.0,100.37,26593
2007-04-25 00:00:00+05:30,102.67,103.33,100.27,100.63,19628
2007-04-26 00:00:00+05:30,101.97,106.67,101.13,101.83,105481
2007-04-27 00:00:00+05:30,102.33,102.33,100.17,100.3,31637
2007-04-30 00:00:00+05:30,100.0,104.67,98.67,100.17,135643
2007-05-03 00:00:00+05:30,102.0,102.0,95.33,95.87,91706
2007-05-04 00:00:00+05:30,98.53,98.57,92.27,93.13,84883
2007-05-07 00:00:00+05:30,94.67,95.33,91.03,91.87,59291
2007-05-08 00:00:00+05:30,90.67,93.0,88.67,89.1,57137
2007-05-09 00:00:00+05:30,89.33,93.33,87.33,88.63,145780
2007-05-10 00:00:00+05:30,88.0,90.47,88.0,89.37,74081
2007-05-11 00:00:00+05:30,88.03,91.0,88.0,90.13,47194
2007-05-14 00:00:00+05:30,92.0,92.33,90.27,91.13,25940
2007-05-15 00:00:00+05:30,91.13,93.27,89.73,92.17,54592
2007-05-16 00:00:00+05:30,93.0,95.27,91.67,94.13,45682
2007-05-17 00:00:00+05:30,96.0,96.0,94.03,95.03,56839
2007-05-18 00:00:00+05:30,94.67,96.47,93.47,94.1,24922
2007-05-21 00:00:00+05:30,95.93,95.93,93.33,93.63,29959
2007-05-22 00:00:00+05:30,94.0,94.67,90.67,91.8,26441
2007-05-23 00:00:00+05:30,92.0,92.67,89.4,90.53,24188
2007-05-24 00:00:00+05:30,90.07,91.93,89.37,90.77,47668
2007-05-25 00:00:00+05:30,91.0,91.0,88.23,89.43,60449
2007-05-28 00:00:00+05:30,90.0,90.6,89.33,89.47,24235
2007-05-29 00:00:00+05:30,89.67,90.33,88.67,89.77,44359
2007-05-30 00:00:00+05:30,89.33,92.33,88.67,89.47,52573
2007-05-31 00:00:00+05:30,90.0,91.33,89.57,89.8,90463
2007-06-01 00:00:00+05:30,90.67,96.63,90.0,95.73,353144
2007-06-04 00:00:00+05:30,100.0,100.0,93.47,94.37,120661
2007-06-05 00:00:00+05:30,94.67,100.27,94.0,95.0,355511
2007-06-06 00:00:00+05:30,96.33,97.0,93.43,94.03,92638
2007-06-07 00:00:00+05:30,93.33,94.0,92.1,92.77,95492
2007-06-08 00:00:00+05:30,87.37,93.13,81.33,92.1,94082
2007-06-11 00:00:00+05:30,92.83,96.0,91.4,92.27,56218
2007-06-12 00:00:00+05:30,92.4,96.33,91.67,92.83,207956
2007-06-13 00:00:00+05:30,95.27,95.27,91.77,92.23,67607
2007-06-14 00:00:00+05:30,92.7,96.47,92.67,96.0,147116
2007-06-15 00:00:00+05:30,96.33,103.33,95.0,97.17,415345
2008-12-26 00:00:00+05:30,32.07,33.33,31.07,31.67,55439
2008-12-29 00:00:00+05:30,31.13,32.0,30.83,31.47,44621
2008-12-30 00:00:00+05:30,31.5,34.93,31.5,34.13,382877
2008-12-31 00:00:00+05:30,34.73,35.33,33.8,34.8,231646
2009-01-01 00:00:00+05:30,34.67,35.47,34.33,34.7,181528
2009-01-02 00:00:00+05:30,35.17,37.93,34.67,35.73,582293
2009-01-05 00:00:00+05:30,36.67,39.2,36.0,37.07,446966
2009-01-06 00:00:00+05:30,36.7,38.3,34.03,34.8,204631
2009-01-07 00:00:00+05:30,35.63,35.63,29.6,31.27,228379
2009-01-09 00:00:00+05:30,31.33,31.83,28.67,30.47,243643
2009-01-12 00:00:00+05:30,31.0,31.67,30.2,30.97,108767
2009-01-13 00:00:00+05:30,30.67,31.27,29.0,29.2,69802
2009-01-14 00:00:00+05:30,30.0,30.47,29.07,29.4,81400
2009-01-15 00:00:00+05:30,29.27,29.33,28.07,28.93,56786
2009-01-16 00:00:00+05:30,28.93,29.67,28.87,29.03,30773
2009-01-19 00:00:00+05:30,29.07,30.93,28.5,29.77,155410
2009-01-20 00:00:00+05:30,29.67,30.53,29.07,29.87,58796
2009-01-21 00:00:00+05:30,29.07,30.33,28.4,28.87,28487
2009-01-22 00:00:00+05:30,29.33,29.33,28.1,28.63,47758
2009-01-23 00:00:00+05:30,27.77,28.67,27.27,27.47,51166
2009-01-27 00:00:00+05:30,27.67,28.33,26.9,27.43,42188
2009-01-28 00:00:00+05:30,27.93,29.47,26.63,27.4,335351
2009-01-29 00:00:00+05:30,27.67,27.93,26.23,26.53,113323
2009-01-30 00:00:00+05:30,26.07,27.2,26.07,26.57,95369
2009-02-02 00:00:00+05:30,26.0,26.8,23.67,24.47,118978
2009-02-03 00:00:00+05:30,25.27,25.67,24.17,24.7,79211
2009-02-04 00:00:00+05:30,25.27,25.6,24.8,25.03,37967
2009-02-05 00:00:00+05:30,24.9,25.17,23.83,24.03,50257
2009-02-06 00:00:00+05:30,24.67,25.6,24.0,24.23,69614
2009-02-09 00:00:00+05:30,24.23,25.33,24.0,25.2,54520
2009-02-10 00:00:00+05:30,25.93,25.93,24.8,25.17,72715
2009-02-11 00:00:00+05:30,24.53,28.17,24.53,26.8,1099601
2009-02-12 00:00:00+05:30,28.0,29.33,26.13,26.47,453034
2009-02-13 00:00:00+05:30,26.67,29.2,26.67,28.53,561647
2009-02-16 00:00:00+05:30,29.0,29.2,27.9,28.87,274991
2009-02-17 00:00:00+05:30,28.67,29.33,27.8,28.93,287869
2009-02-18 00:00:00+05:30,28.53,29.63,28.33,29.23,226088
2009-02-19 00:00:00+05:30,29.63,30.33,29.37,29.97,150982
2009-02-20 00:00:00+05:30,29.5,30.67,27.6,29.3,156733
2009-02-24 00:00:00+05:30,28.67,30.47,28.1,29.93,170254
2009-02-25 00:00:00+05:30,30.53,30.53,29.67,29.77,100310
2009-02-26 00:00:00+05:30,29.67,30.07,29.67,29.97,64462
2009-02-27 00:00:00+05:30,30.27,30.27,29.43,29.83,130238
2009-03-02 00:00:00+05:30,29.5,29.87,28.07,28.8,81206
2009-03-03 00:00:00+05:30,28.67,29.67,28.03,29.13,171826
2009-03-04 00:00:00+05:30,29.33,34.93,28.67,30.7,1162751
2009-03-05 00:00:00+05:30,31.17,31.33,28.13,29.63,351361
2009-03-06 00:00:00+05:30,28.67,30.53,28.2,29.2,188890
2009-03-09 00:00:00+05:30,29.23,30.0,28.47,29.63,123667
2009-03-12 00:00:00+05:30,30.0,30.5,29.07,29.73,76265
2009-03-13 00:00:00+05:30,30.6,30.6,29.03,29.13,36541
2009-03-16 00:00:00+05:30,28.67,31.1,28.4,30.67,129050
2009-03-17 00:00:00+05:30,30.67,31.73,29.07,29.47,48695
2009-03-18 00:00:00+05:30,29.0,30.53,29.0,29.83,58961
2009-03-19 00:00:00+05:30,29.6,30.97,29.6,29.93,40012
2009-03-20 00:00:00+05:30,30.0,30.63,29.53,30.0,132269
2009-03-23 00:00:00+05:30,30.93,31.97,30.73,31.43,128201
2009-03-24 00:00:00+05:30,31.87,32.2,30.27,30.3,54701
2009-03-25 00:00:00+05:30,30.67,32.6,29.73,30.83,128594
2009-03-26 00:00:00+05:30,31.67,31.67,29.73,30.03,43469
2009-03-27 00:00:00+05:30,30.67,31.17,30.0,30.1,29438
2009-03-30 00:00:00+05:30,29.73,30.8,29.0,29.43,100691
2009-03-31 00:00:00+05:30,30.0,30.2,29.37,29.87,82751
2009-04-01 00:00:00+05:30,30.0,32.87,29.83,32.6,264599
2009-04-02 00:00:00+05:30,36.67,37.83,32.67,33.03,602215
2009-04-06 00:00:00+05:30,33.7,33.9,31.57,32.97,203026
2009-04-08 00:00:00+05:30,31.7,34.83,31.4,33.8,217879
2009-04-09 00:00:00+05:30,34.33,34.9,33.33,34.33,266951
2009-04-13 00:00:00+05:30,34.67,39.13,34.67,37.47,562700
2009-04-15 00:00:00+05:30,38.33,41.27,36.13,38.73,581644
2009-04-16 00:00:00+05:30,39.33,39.67,33.0,34.27,168181
2009-04-17 00:00:00+05:30,34.27,35.93,32.33,32.83,166690
2009-04-20 00:00:00+05:30,33.33,34.5,33.0,33.83,105985
2009-04-21 00:00:00+05:30,33.27,34.67,33.0,33.6,77717
2009-04-22 00:00:00+05:30,34.0,34.57,32.17,32.63,70034
2009-04-23 00:00:00+05:30,32.4,32.93,32.0,32.6,64766
2009-04-24 00:00:00+05:30,33.13,35.17,32.77,34.47,188557
2009-04-27 00:00:00+05:30,34.6,36.87,34.0,34.93,312167
2009-04-28 00:00:00+05:30,35.33,35.53,32.2,32.67,117770
2009-04-29 00:00:00+05:30,33.33,33.8,32.0,32.3,127376
2009-05-04 00:00:00+05:30,32.67,36.97,32.13,35.83,975823
2009-05-05 00:00:00+05:30,37.0,37.93,35.87,36.23,999280
2009-05-06 00:00:00+05:30,36.67,36.97,34.07,34.6,220858
2009-05-07 00:00:00+05:30,34.67,35.93,33.47,34.37,160204
2009-05-08 00:00:00+05:30,34.33,35.5,33.4,33.83,157525
2009-05-11 00:00:00+05:30,34.6,34.67,31.47,32.43,135856
2009-05-12 00:00:00+05:30,32.67,34.0,32.03,32.67,142459
2009-05-13 00:00:00+05:30,33.3,33.73,32.0,32.07,154259
2009-05-14 00:00:00+05:30,31.47,32.9,31.37,32.0,91073
2009-05-15 00:00:00+05:30,32.17,33.0,32.0,32.23,94018
2009-05-18 00:00:00+05:30,36.0,36.0,35.23,35.23,1049
2009-05-19 00:00:00+05:30,36.33,36.33,33.33,34.87,341503
2009-05-20 00:00:00+05:30,35.2,38.33,34.73,35.9,556774
2009-05-21 00:00:00+05:30,38.03,43.1,36.67,42.63,1332130
2009-05-22 00:00:00+05:30,45.27,51.17,45.27,51.17,2852023
2009-05-25 00:00:00+05:30,52.0,55.6,51.73,52.67,2279174
2009-05-26 00:00:00+05:30,55.33,55.33,47.67,48.67,843038
2009-05-27 00:00:00+05:30,53.27,53.53,50.03,53.53,609920
2009-05-28 00:00:00+05:30,55.33,55.53,52.4,53.13,899986
2009-05-29 00:00:00+05:30,54.0,56.43,52.53,55.83,883861
2009-06-01 00:00:00+05:30,59.0,61.4,57.53,58.03,1283962
2009-06-02 00:00:00+05:30,58.67,58.67,54.67,56.7,507307
2009-06-03 00:00:00+05:30,57.17,57.4,55.33,55.7,399755
2009-06-04 00:00:00+05:30,54.37,61.3,54.37,61.3,874394
2009-06-05 00:00:00+05:30,62.67,63.67,57.67,58.7,1166621
2009-06-08 00:00:00+05:30,59.73,60.67,53.77,54.9,427288
2009-06-09 00:00:00+05:30,54.0,56.5,50.73,55.47,296890
2009-06-10 00:00:00+05:30,56.67,61.0,53.73,59.17,572210
2009-06-11 00:00:00+05:30,60.0,63.27,58.77,59.37,1287107
2009-06-12 00:00:00+05:30,60.63,60.63,55.27,55.73,366101
2009-06-15 00:00:00+05:30,53.33,57.0,52.8,53.9,168220
2009-06-16 00:00:00+05:30,52.0,57.97,52.0,56.37,543553
2009-06-17 00:00:00+05:30,56.53,56.77,51.47,52.1,300389
2009-06-18 00:00:00+05:30,52.67,53.27,48.67,49.47,287113
2009-06-19 00:00:00+05:30,50.33,51.43,48.37,50.63,172220
2009-06-22 00:00:00+05:30,51.0,52.83,50.0,50.4,183968
2009-06-23 00:00:00+05:30,50.0,52.53,48.07,51.37,243688
2009-06-24 00:00:00+05:30,51.67,53.67,50.1,52.0,299150
2009-06-25 00:00:00+05:30,53.4,56.17,52.13,52.73,478121
2009-06-26 00:00:00+05:30,53.33,54.93,52.47,54.27,239671
2009-06-29 00:00:00+05:30,55.33,56.03,53.67,54.6,322294
2009-06-30 00:00:00+05:30,54.7,55.27,51.03,51.73,178219
2009-07-01 00:00:00+05:30,53.2,53.2,50.67,51.93,157154
2009-07-02 00:00:00+05:30,52.67,54.27,51.7,52.5,165839
2009-07-03 00:00:00+05:30,48.0,54.3,48.0,52.63,166013
2009-07-06 00:00:00+05:30,53.33,53.73,47.37,47.37,214042
2009-07-07 00:00:00+05:30,48.2,49.87,43.6,47.57,353924
2009-07-08 00:00:00+05:30,48.67,49.77,47.33,48.13,526480
2009-07-09 00:00:00+05:30,49.93,55.1,48.73,49.43,863863
2009-07-10 00:00:00+05:30,49.67,50.33,44.33,46.07,143491
2009-07-13 00:00:00+05:30,44.0,45.0,41.47,42.47,215791
2009-07-14 00:00:00+05:30,43.33,44.13,43.23,43.8,274510
2009-07-15 00:00:00+05:30,44.33,51.23,44.0,50.67,2430749
2009-07-16 00:00:00+05:30,52.67,52.97,46.53,46.87,2726305
2009-07-17 00:00:00+05:30,50.07,50.07,47.47,48.3,1405255
2009-07-20 00:00:00+05:30,48.73,49.27,46.67,47.23,851165
2009-07-21 00:00:00+05:30,47.93,48.5,46.67,47.27,876115
2009-07-22 00:00:00+05:30,48.0,50.2,47.67,48.3,1769419
2009-07-23 00:00:00+05:30,49.0,49.6,48.0,48.6,703192
2009-07-24 00:00:00+05:30,49.6,49.6,47.53,48.13,846965
2009-07-27 00:00:00+05:30,49.17,49.5,48.17,48.73,686873
2009-07-28 00:00:00+05:30,49.03,51.53,48.8,49.97,1414864
2009-07-29 00:00:00+05:30,49.97,50.6,46.6,47.9,774680
2009-07-30 00:00:00+05:30,47.83,48.63,47.27,47.8,448012
2009-07-31 00:00:00+05:30,48.63,50.53,48.33,48.73,1070221
2009-08-03 00:00:00+05:30,48.93,48.93,47.4,48.07,491273
2009-08-04 00:00:00+05:30,48.33,50.7,47.73,49.2,1142203
2009-08-05 00:00:00+05:30,49.33,50.17,48.4,48.97,386062
2009-08-06 00:00:00+05:30,48.67,51.2,47.33,47.83,1139998
2009-08-07 00:00:00+05:30,47.0,48.4,45.37,45.7,397609
2009-08-10 00:00:00+05:30,46.67,47.23,43.33,43.63,405794
2009-08-11 00:00:00+05:30,43.67,44.83,42.93,43.83,231001
2009-08-12 00:00:00+05:30,42.07,45.43,42.07,44.13,325129
2009-08-13 00:00:00+05:30,45.27,46.87,44.73,46.1,487672
2009-08-14 00:00:00+05:30,46.67,46.93,45.43,45.73,359854
2009-08-17 00:00:00+05:30,45.07,45.13,43.03,43.4,183053
2009-08-18 00:00:00+05:30,43.0,44.33,43.0,44.0,199079
2009-08-19 00:00:00+05:30,44.53,45.2,43.37,43.53,165370
2009-08-20 00:00:00+05:30,44.0,44.63,43.67,43.9,147853
2009-08-21 00:00:00+05:30,44.5,51.67,44.5,50.87,4857035
2009-08-24 00:00:00+05:30,51.87,52.9,50.0,50.63,3157457
2009-08-25 00:00:00+05:30,50.4,52.57,50.4,51.57,1777727
2009-08-26 00:00:00+05:30,52.5,54.63,51.33,52.7,3677393
2009-08-27 00:00:00+05:30,53.0,53.87,52.33,52.73,1148323
2009-08-28 00:00:00+05:30,53.33,57.67,53.0,55.63,4572043
2009-08-31 00:00:00+05:30,55.2,55.53,53.53,54.0,1272646
2009-09-01 00:00:00+05:30,54.47,54.6,49.67,51.47,1030535
2009-09-02 00:00:00+05:30,48.83,51.67,48.83,49.83,1024087
2009-09-03 00:00:00+05:30,50.6,51.1,49.17,49.53,918014
2009-09-04 00:00:00+05:30,50.0,59.47,50.0,59.1,17356184
2009-09-07 00:00:00+05:30,60.53,62.27,59.17,60.57,13777720
2009-09-08 00:00:00+05:30,61.33,61.53,57.67,58.03,2870753
2009-09-09 00:00:00+05:30,58.0,62.57,57.33,61.4,7693123
2009-09-10 00:00:00+05:30,62.53,62.7,59.3,59.73,2947135
2009-09-11 00:00:00+05:30,60.23,60.27,57.83,58.47,1471523
2009-09-14 00:00:00+05:30,58.0,58.33,56.4,57.27,833357
2009-09-15 00:00:00+05:30,58.27,59.27,57.0,57.87,809287
2009-09-16 00:00:00+05:30,58.93,61.47,57.33,59.37,2995004
2009-09-17 00:00:00+05:30,60.0,60.4,58.07,58.4,1190375
2009-09-18 00:00:00+05:30,58.0,58.87,57.67,58.03,894157
2009-09-22 00:00:00+05:30,58.33,58.4,57.2,57.47,723244
2009-09-23 00:00:00+05:30,58.0,61.6,56.47,58.67,4939991
2009-09-24 00:00:00+05:30,58.53,60.97,57.4,59.07,2271931
2009-09-25 00:00:00+05:30,58.6,60.0,58.0,58.5,1078133
2009-09-29 00:00:00+05:30,59.4,60.9,58.67,58.83,1463218
2009-09-30 00:00:00+05:30,58.83,60.6,58.67,59.03,1389845
2009-10-01 00:00:00+05:30,59.33,59.73,57.73,58.07,932893
2009-10-05 00:00:00+05:30,57.73,58.5,55.8,56.33,699038
2009-10-06 00:00:00+05:30,57.0,57.27,55.13,56.07,939997
2009-10-07 00:00:00+05:30,56.9,56.97,54.6,55.27,665482
2009-10-08 00:00:00+05:30,56.0,56.0,54.2,54.67,692387
2009-10-09 00:00:00+05:30,55.07,55.47,53.0,53.53,748327
2009-10-12 00:00:00+05:30,54.33,57.0,52.67,54.5,2928524
2009-10-14 00:00:00+05:30,50.73,54.6,50.73,51.87,1248365
2009-10-15 00:00:00+05:30,52.57,55.77,50.7,54.93,2309558
2009-10-16 00:00:00+05:30,55.83,56.27,53.43,53.8,1625984
2009-10-17 00:00:00+05:30,54.23,54.23,52.53,53.67,283472
2009-10-20 00:00:00+05:30,53.4,54.67,52.83,53.37,606352
2009-10-21 00:00:00+05:30,53.63,53.63,52.03,52.57,527281
2009-10-22 00:00:00+05:30,52.33,52.67,50.07,50.57,647969
2009-10-23 00:00:00+05:30,51.97,52.67,50.1,50.37,585991
2009-10-26 00:00:00+05:30,50.83,50.83,48.47,48.7,606908
2009-10-27 00:00:00+05:30,48.0,48.67,45.43,45.77,587959
2009-10-28 00:00:00+05:30,46.0,47.57,44.73,45.77,623045
2009-10-29 00:00:00+05:30,43.33,45.27,43.33,44.63,354871
2009-10-30 00:00:00+05:30,46.33,47.0,43.0,43.6,446231
2009-11-03 00:00:00+05:30,44.27,44.27,40.17,40.63,352301
2009-11-04 00:00:00+05:30,41.67,42.0,40.57,41.7,343831
2009-11-05 00:00:00+05:30,41.4,44.0,41.07,43.5,486023
2009-11-06 00:00:00+05:30,44.33,46.13,43.77,45.27,555119
2009-11-09 00:00:00+05:30,45.67,46.23,44.67,45.53,345470
2009-11-10 00:00:00+05:30,46.2,46.77,44.73,44.97,409298
2009-11-11 00:00:00+05:30,45.6,46.2,44.37,45.8,368935
2009-11-12 00:00:00+05:30,46.13,48.67,45.47,47.07,1013441
2009-11-13 00:00:00+05:30,47.33,48.0,46.3,46.7,339698
2009-11-16 00:00:00+05:30,47.33,48.0,46.8,47.0,259013
2009-11-17 00:00:00+05:30,47.33,48.13,46.7,46.97,298726
2009-11-18 00:00:00+05:30,47.67,48.27,46.73,46.9,344840
2009-11-19 00:00:00+05:30,47.33,49.9,46.93,47.6,957529
2009-11-20 00:00:00+05:30,47.33,48.67,46.67,47.63,460687
2009-11-23 00:00:00+05:30,48.0,48.6,46.7,47.1,408907
2009-11-24 00:00:00+05:30,47.27,47.93,46.7,46.83,265846
2009-11-25 00:00:00+05:30,47.3,47.87,45.47,45.77,331244
2009-11-26 00:00:00+05:30,46.0,46.23,44.77,45.1,212159
2009-11-27 00:00:00+05:30,45.47,45.47,41.67,43.0,869159
2009-11-30 00:00:00+05:30,44.0,44.6,43.53,44.17,266027
2009-12-01 00:00:00+05:30,44.93,45.33,43.83,45.07,394847
2009-12-02 00:00:00+05:30,45.73,45.73,44.53,44.73,387235
2009-12-03 00:00:00+05:30,45.33,46.9,44.8,45.63,447521
2009-12-04 00:00:00+05:30,45.4,46.0,44.67,45.07,297527
2009-12-07 00:00:00+05:30,45.33,48.07,44.93,46.77,1001108
2009-12-08 00:00:00+05:30,47.33,47.93,46.73,47.17,496891
2009-12-09 00:00:00+05:30,46.73,47.93,46.53,46.97,369493
2009-12-10 00:00:00+05:30,47.13,48.27,46.83,47.5,500629
2009-12-11 00:00:00+05:30,48.13,48.17,45.83,46.17,352465
2009-12-14 00:00:00+05:30,46.27,46.73,45.0,45.47,253516
2009-12-15 00:00:00+05:30,45.8,45.8,44.03,44.23,245116
2009-12-16 00:00:00+05:30,45.0,45.5,44.0,44.43,226963
2009-12-17 00:00:00+05:30,44.5,45.17,44.17,44.5,180016
2009-12-18 00:00:00+05:30,44.13,45.17,43.73,43.97,220825
2009-12-21 00:00:00+05:30,44.33,44.53,43.43,43.67,197404
2009-12-22 00:00:00+05:30,44.33,44.53,43.73,44.07,154523
2009-12-23 00:00:00+05:30,44.6,45.2,44.17,44.87,207431
2009-12-24 00:00:00+05:30,45.3,46.3,44.87,45.67,353698
2009-12-29 00:00:00+05:30,46.53,46.6,45.77,46.0,209707
2009-12-30 00:00:00+05:30,47.33,48.13,46.6,47.3,709909
2009-12-31 00:00:00+05:30,47.97,48.6,47.13,47.43,583777
2010-01-04 00:00:00+05:30,47.93,47.93,47.07,47.53,303556
2010-01-05 00:00:00+05:30,47.87,49.03,47.57,48.53,554123
2010-01-06 00:00:00+05:30,49.6,50.87,48.87,49.8,1693009
2010-01-07 00:00:00+05:30,50.07,50.07,48.1,48.3,435868
2010-01-08 00:00:00+05:30,48.9,49.27,47.83,48.0,282779
2010-01-11 00:00:00+05:30,48.67,49.73,48.07,49.1,589072
2010-01-12 00:00:00+05:30,48.57,49.33,44.87,47.4,441445
2010-01-13 00:00:00+05:30,47.2,48.17,46.67,47.83,246545
2010-01-14 00:00:00+05:30,48.07,52.87,48.07,52.37,2255231
2010-01-15 00:00:00+05:30,52.67,52.83,49.87,50.23,1251235
2010-01-18 00:00:00+05:30,50.23,51.17,49.57,50.1,457036
2010-01-19 00:00:00+05:30,50.5,53.27,49.87,51.63,1850797
2010-01-20 00:00:00+05:30,52.4,58.33,51.73,55.5,6425315
2010-01-21 00:00:00+05:30,55.77,55.83,52.0,52.43,1844705
2010-01-22 00:00:00+05:30,51.33,55.33,48.67,54.5,1745947
2010-01-25 00:00:00+05:30,53.67,56.47,53.47,53.97,991994
2010-01-27 00:00:00+05:30,53.33,55.4,49.47,50.0,1183261
2010-01-28 00:00:00+05:30,51.3,52.47,49.6,50.07,651061
2010-01-29 00:00:00+05:30,49.8,50.47,48.33,50.0,699158
2010-02-01 00:00:00+05:30,50.67,52.1,49.93,50.6,484939
2010-02-02 00:00:00+05:30,51.27,52.17,48.87,49.53,473824
2010-02-03 00:00:00+05:30,50.6,54.97,50.6,52.83,3022517
2010-02-04 00:00:00+05:30,52.83,53.0,49.5,50.1,625220
2010-02-05 00:00:00+05:30,48.1,49.13,47.43,48.6,431743
2010-02-06 00:00:00+05:30,49.33,49.93,48.93,49.33,84146
2010-02-08 00:00:00+05:30,49.9,50.93,49.33,49.8,402922
2010-02-09 00:00:00+05:30,50.2,51.43,49.33,50.27,309209
2010-02-10 00:00:00+05:30,51.23,51.63,44.4,49.77,802379
2010-02-11 00:00:00+05:30,50.17,50.97,49.7,50.07,220495
2010-02-15 00:00:00+05:30,50.67,51.0,49.53,49.73,206060
2010-02-16 00:00:00+05:30,50.47,50.47,48.47,48.97,255667
2010-02-17 00:00:00+05:30,50.0,50.0,48.67,49.0,236191
2010-02-18 00:00:00+05:30,49.17,52.5,48.73,51.53,2602567
2010-02-19 00:00:00+05:30,47.87,52.3,47.87,49.9,857201
2010-02-22 00:00:00+05:30,51.07,51.33,48.87,49.07,323416
2010-02-23 00:00:00+05:30,49.2,50.3,48.67,48.87,353824
2010-02-24 00:00:00+05:30,48.13,49.5,47.87,48.33,280246
2010-02-25 00:00:00+05:30,49.33,49.9,48.4,48.63,523049
2010-02-26 00:00:00+05:30,49.03,49.9,48.0,48.23,624584
2010-03-02 00:00:00+05:30,48.9,48.9,48.07,48.47,294607
2010-03-03 00:00:00+05:30,48.33,49.27,48.33,48.83,214498
2010-03-04 00:00:00+05:30,49.33,49.33,48.4,48.73,286666
2010-03-05 00:00:00+05:30,49.0,50.87,48.8,49.7,674306
2010-03-08 00:00:00+05:30,50.3,50.6,49.0,49.47,347951
2010-03-09 00:00:00+05:30,49.67,49.83,48.37,48.57,253613
2010-03-10 00:00:00+05:30,48.6,49.0,47.73,48.07,226496
2010-03-11 00:00:00+05:30,47.93,48.4,46.9,47.23,214541
2010-03-12 00:00:00+05:30,47.33,47.83,46.37,46.63,312259
2010-03-15 00:00:00+05:30,46.67,46.67,45.53,45.87,179783
2010-03-16 00:00:00+05:30,45.67,47.27,45.6,46.63,213611
2010-03-17 00:00:00+05:30,47.27,47.27,45.53,45.97,164708
2010-03-18 00:00:00+05:30,45.8,46.47,45.67,45.93,205577
2010-03-19 00:00:00+05:30,45.83,46.73,45.57,46.2,175874
2010-03-22 00:00:00+05:30,46.53,48.13,45.43,46.6,681940
2010-03-23 00:00:00+05:30,46.8,48.5,46.37,47.8,473407
2010-03-25 00:00:00+05:30,48.6,48.83,47.0,47.27,481679
2010-03-26 00:00:00+05:30,47.47,47.8,46.17,46.5,268126
2010-03-29 00:00:00+05:30,46.67,46.87,44.67,44.8,341374
2010-03-30 00:00:00+05:30,45.33,45.57,44.03,44.3,256834
2010-03-31 00:00:00+05:30,44.17,45.07,44.0,44.63,151667
2010-04-01 00:00:00+05:30,44.7,46.27,44.67,45.33,229490
2010-04-05 00:00:00+05:30,45.6,47.2,45.5,46.67,445012
2010-04-06 00:00:00+05:30,47.0,47.07,45.73,46.33,245548
2010-04-07 00:00:00+05:30,46.13,48.27,45.73,46.83,837971
2010-04-08 00:00:00+05:30,47.0,47.67,45.6,45.7,331294
2010-04-09 00:00:00+05:30,46.23,46.9,45.73,45.93,374473
2010-04-12 00:00:00+05:30,46.33,46.33,44.67,44.97,336044
2010-04-13 00:00:00+05:30,44.73,46.3,44.73,45.17,358753
2010-04-15 00:00:00+05:30,45.63,45.87,44.67,44.83,218969
2010-04-16 00:00:00+05:30,45.07,45.33,44.33,44.5,226469
2010-04-19 00:00:00+05:30,43.67,43.87,43.33,43.37,209303
2010-04-20 00:00:00+05:30,44.0,44.6,43.43,43.77,181583
2010-04-21 00:00:00+05:30,44.13,45.27,43.8,44.43,254741
2010-04-22 00:00:00+05:30,44.27,44.83,43.6,43.87,324293
2010-04-23 00:00:00+05:30,44.07,44.47,42.73,42.97,392546
2010-04-26 00:00:00+05:30,43.47,44.13,42.7,43.3,203497
2010-04-27 00:00:00+05:30,43.97,44.83,43.83,44.1,453163
2010-04-28 00:00:00+05:30,43.67,44.3,42.53,42.73,239626
2010-04-29 00:00:00+05:30,43.03,43.77,43.0,43.17,185924
2010-04-30 00:00:00+05:30,43.67,43.9,42.47,43.0,401015
2010-05-03 00:00:00+05:30,43.4,43.4,42.33,42.43,182990
2010-05-04 00:00:00+05:30,42.63,43.0,41.33,41.47,169544
2010-05-05 00:00:00+05:30,40.67,41.2,40.1,40.43,223867
2010-05-06 00:00:00+05:30,40.6,41.93,40.2,41.5,219115
2010-05-07 00:00:00+05:30,40.53,41.3,39.77,39.93,170488
2010-05-10 00:00:00+05:30,40.6,40.93,40.13,40.53,126116
2010-05-11 00:00:00+05:30,41.27,41.67,40.53,40.63,136576
2010-05-12 00:00:00+05:30,40.67,41.17,40.23,40.47,138803
2010-05-13 00:00:00+05:30,41.0,41.27,40.53,40.77,103355
2010-05-14 00:00:00+05:30,40.2,40.77,39.4,39.63,101779
2010-05-17 00:00:00+05:30,39.03,39.07,37.6,37.93,145201
2010-05-18 00:00:00+05:30,38.73,41.6,38.73,40.57,1206529
2010-05-19 00:00:00+05:30,40.0,40.47,38.67,38.8,250277
2010-05-20 00:00:00+05:30,39.0,39.67,38.57,39.03,117991
2010-05-21 00:00:00+05:30,38.0,38.33,36.67,37.87,112967
2010-05-24 00:00:00+05:30,39.0,40.0,37.67,38.93,158690
2010-05-25 00:00:00+05:30,38.2,39.0,37.33,37.47,122360
2010-05-26 00:00:00+05:30,38.53,38.53,37.07,37.4,103468
2010-05-27 00:00:00+05:30,37.47,38.57,37.2,37.53,134759
2010-05-28 00:00:00+05:30,38.0,39.33,38.0,38.57,146425
2010-05-31 00:00:00+05:30,38.07,39.0,38.07,38.2,76150
2010-06-01 00:00:00+05:30,38.03,39.33,37.43,37.6,88799
2010-06-02 00:00:00+05:30,38.0,38.53,37.4,37.73,71380
2010-06-03 00:00:00+05:30,38.67,38.9,38.1,38.23,103574
2010-06-04 00:00:00+05:30,38.27,38.6,38.1,38.37,68788
2010-06-07 00:00:00+05:30,37.97,37.97,36.17,37.37,83227
2010-06-08 00:00:00+05:30,37.4,38.13,37.13,37.27,64666
2010-06-09 00:00:00+05:30,37.03,38.03,37.03,37.47,71168
2010-06-10 00:00:00+05:30,37.87,37.9,37.1,37.27,57881
2010-06-11 00:00:00+05:30,37.87,38.17,37.57,37.63,83062
2010-06-14 00:00:00+05:30,38.0,39.67,37.37,38.97,278833
2010-06-15 00:00:00+05:30,39.57,39.9,38.73,39.13,96203
2010-06-16 00:00:00+05:30,39.43,41.27,39.23,40.3,344186
2010-06-17 00:00:00+05:30,40.27,41.27,39.87,40.17,90457
2010-06-18 00:00:00+05:30,40.6,40.63,39.1,39.3,80506
2010-06-21 00:00:00+05:30,39.87,40.63,39.8,40.23,112868
2010-06-22 00:00:00+05:30,39.47,40.27,39.4,39.57,52453
2010-06-23 00:00:00+05:30,39.87,40.93,39.33,40.6,195308
2010-06-24 00:00:00+05:30,41.1,41.17,40.03,40.17,91528
2010-06-25 00:00:00+05:30,40.0,42.53,39.83,41.0,400595
2010-06-28 00:00:00+05:30,41.47,42.6,41.17,41.4,231143
2010-06-29 00:00:00+05:30,41.43,41.77,40.47,40.6,153661
2010-06-30 00:00:00+05:30,40.63,45.27,40.33,44.4,1118479
2010-07-01 00:00:00+05:30,44.07,47.07,43.5,45.97,2326273
2010-07-02 00:00:00+05:30,47.07,47.87,46.0,46.53,1095263
2010-07-05 00:00:00+05:30,47.27,48.7,45.03,47.73,819194
2010-07-06 00:00:00+05:30,48.6,49.13,47.0,48.67,999847
2010-07-07 00:00:00+05:30,48.67,49.47,47.43,47.93,966602
2010-07-08 00:00:00+05:30,48.43,50.33,48.1,49.9,1910467
2010-07-09 00:00:00+05:30,50.33,50.47,48.7,48.87,517381
2010-07-12 00:00:00+05:30,49.2,49.3,47.13,47.47,433639
2010-07-13 00:00:00+05:30,47.83,48.3,46.7,47.63,448136
2010-07-14 00:00:00+05:30,47.7,48.13,45.5,46.0,328243
2010-07-15 00:00:00+05:30,45.7,47.07,45.7,46.17,376547
2010-07-16 00:00:00+05:30,46.13,46.53,45.4,45.6,197705
2010-07-19 00:00:00+05:30,45.5,46.2,45.13,45.47,299156
2010-07-20 00:00:00+05:30,45.87,46.03,44.7,44.87,149263
2010-07-21 00:00:00+05:30,45.33,45.77,44.53,44.8,132080
2010-07-22 00:00:00+05:30,44.97,45.93,44.87,45.4,173005
2010-07-23 00:00:00+05:30,45.73,45.73,44.5,44.57,132062
2010-07-26 00:00:00+05:30,44.93,44.93,43.9,44.0,117716
2010-07-27 00:00:00+05:30,44.2,44.33,43.63,43.73,90035
2010-07-28 00:00:00+05:30,44.13,44.67,42.43,42.57,451168
2010-07-29 00:00:00+05:30,42.67,43.33,41.67,42.53,213178
2010-07-30 00:00:00+05:30,42.33,44.23,42.33,42.67,192320
2010-08-02 00:00:00+05:30,42.73,43.3,42.0,42.43,113992
2010-08-03 00:00:00+05:30,42.9,44.43,42.57,43.33,241318
2010-08-04 00:00:00+05:30,43.33,43.67,42.37,42.63,139450
2010-08-05 00:00:00+05:30,42.7,43.3,41.77,42.37,187190
2010-08-06 00:00:00+05:30,42.5,43.0,42.0,42.3,101695
2010-08-09 00:00:00+05:30,42.67,43.0,42.0,42.2,205583
2010-08-10 00:00:00+05:30,42.67,43.0,41.67,42.1,123671
2010-08-11 00:00:00+05:30,42.13,42.6,41.27,41.33,140509
2010-08-12 00:00:00+05:30,40.77,41.67,40.77,41.27,93851
2010-08-13 00:00:00+05:30,41.67,44.67,41.37,43.03,576620
2010-08-16 00:00:00+05:30,43.43,43.7,41.7,41.97,296441
2010-08-17 00:00:00+05:30,42.53,42.93,41.0,41.47,155348
2010-08-18 00:00:00+05:30,41.67,43.4,41.67,42.37,333983
2010-08-19 00:00:00+05:30,42.33,43.5,42.33,42.63,225310
2010-08-20 00:00:00+05:30,42.7,43.87,42.07,42.57,253783
2010-08-23 00:00:00+05:30,42.67,43.0,42.03,42.27,158758
2010-08-24 00:00:00+05:30,42.8,45.2,42.37,44.23,561949
2010-08-25 00:00:00+05:30,45.2,45.87,44.0,44.67,657299
2010-08-26 00:00:00+05:30,45.03,45.13,43.37,44.43,200881
2010-08-27 00:00:00+05:30,45.2,45.2,42.13,42.47,270653
2010-08-30 00:00:00+05:30,43.53,43.53,41.67,42.0,186509
2010-08-31 00:00:00+05:30,42.5,42.63,41.2,41.63,116413
2010-09-01 00:00:00+05:30,41.93,41.97,41.0,41.37,205693
2010-09-02 00:00:00+05:30,41.8,42.53,41.67,41.9,119968
2010-09-03 00:00:00+05:30,42.2,42.67,41.77,41.9,118003
2010-09-06 00:00:00+05:30,42.27,42.53,41.7,41.93,197374
2010-09-07 00:00:00+05:30,42.27,44.33,41.7,43.0,484514
2010-09-08 00:00:00+05:30,42.93,44.2,42.93,43.83,593977
2010-09-09 00:00:00+05:30,44.07,44.07,43.0,43.07,245659
2010-09-13 00:00:00+05:30,43.07,44.3,43.07,43.57,235261
2010-09-14 00:00:00+05:30,42.9,44.0,42.77,43.23,123934
2010-09-15 00:00:00+05:30,43.6,43.6,42.73,42.83,94735
2010-09-16 00:00:00+05:30,42.67,43.1,42.33,42.57,101510
2010-09-17 00:00:00+05:30,43.57,44.93,42.43,43.47,655399
2010-09-20 00:00:00+05:30,42.13,43.97,42.13,43.2,170714
2010-09-21 00:00:00+05:30,43.2,43.6,42.37,42.6,159476
2010-09-22 00:00:00+05:30,42.23,43.0,41.6,41.8,157997
2010-09-23 00:00:00+05:30,42.37,42.47,41.6,41.8,92041
2010-09-24 00:00:00+05:30,42.47,42.83,41.47,42.4,128521
2010-09-27 00:00:00+05:30,42.83,43.6,42.27,42.37,101270
2010-09-28 00:00:00+05:30,42.87,42.87,41.93,42.03,72791
2010-09-29 00:00:00+05:30,42.37,42.43,41.63,41.73,78698
2010-09-30 00:00:00+05:30,41.97,44.6,41.33,42.9,330932
2010-10-01 00:00:00+05:30,43.3,43.3,42.3,42.43,122194
2010-10-04 00:00:00+05:30,42.17,43.17,42.07,42.2,95117
2010-10-05 00:00:00+05:30,42.33,43.87,42.13,42.8,360505
2010-10-06 00:00:00+05:30,43.0,43.27,42.37,42.53,127975
2010-10-07 00:00:00+05:30,42.9,44.2,42.6,42.97,398332
2010-10-08 00:00:00+05:30,43.13,43.13,42.03,42.17,100735
2010-10-11 00:00:00+05:30,42.67,42.77,41.97,42.13,82082
2010-10-12 00:00:00+05:30,42.23,42.6,41.93,42.07,59800
2010-10-13 00:00:00+05:30,42.37,42.63,41.83,42.07,92761
2010-10-14 00:00:00+05:30,42.47,43.87,42.03,42.97,406901
2010-10-15 00:00:00+05:30,42.87,43.73,41.9,42.07,129710
2010-10-18 00:00:00+05:30,42.5,42.53,41.43,42.0,66707
2010-10-19 00:00:00+05:30,42.13,42.3,41.47,41.57,85945
2010-10-20 00:00:00+05:30,41.33,41.93,41.03,41.2,77929
2010-10-21 00:00:00+05:30,41.73,41.73,41.2,41.37,73198
2010-10-22 00:00:00+05:30,42.2,43.13,41.5,41.7,300511
2010-10-25 00:00:00+05:30,42.27,42.63,41.73,41.87,138364
2010-10-26 00:00:00+05:30,42.27,43.63,42.0,42.97,477967
2010-10-27 00:00:00+05:30,42.97,45.2,42.4,44.0,2038376
2010-10-28 00:00:00+05:30,43.87,45.27,43.4,43.73,794537
2010-10-29 00:00:00+05:30,43.8,46.13,43.4,45.5,1189229
2010-11-01 00:00:00+05:30,46.13,47.33,45.47,46.7,1256000
2010-11-02 00:00:00+05:30,47.23,49.0,46.67,47.5,2444135
2010-11-03 00:00:00+05:30,48.17,48.4,44.47,45.13,662860
2010-11-04 00:00:00+05:30,45.67,46.17,43.93,45.33,513352
2010-11-05 00:00:00+05:30,46.13,46.63,45.5,46.37,147304
2010-11-08 00:00:00+05:30,47.3,48.0,45.67,46.6,366857
2010-11-09 00:00:00+05:30,47.0,47.33,46.37,47.07,363940
2010-11-10 00:00:00+05:30,47.6,51.93,47.33,49.23,6730912
2010-11-11 00:00:00+05:30,50.0,50.03,47.33,47.7,820916
2010-11-12 00:00:00+05:30,47.33,47.73,44.83,45.3,438272
2010-11-15 00:00:00+05:30,45.6,45.6,44.67,45.07,212312
2010-11-16 00:00:00+05:30,44.67,45.03,42.37,42.6,307076
2010-11-18 00:00:00+05:30,43.0,43.23,41.07,41.87,265564
2010-11-19 00:00:00+05:30,42.0,42.4,40.0,40.5,193192
2010-11-22 00:00:00+05:30,41.27,41.53,40.7,41.1,160804
2010-11-23 00:00:00+05:30,40.7,41.33,38.67,39.97,202514
2010-11-24 00:00:00+05:30,39.67,40.93,39.67,39.97,91336
2010-11-25 00:00:00+05:30,40.33,40.67,38.5,38.77,149812
2010-11-26 00:00:00+05:30,39.0,39.43,33.87,36.93,334480
2010-11-29 00:00:00+05:30,37.63,38.33,36.67,37.9,145201
2010-11-30 00:00:00+05:30,37.33,40.9,36.9,39.83,218506
2010-12-01 00:00:00+05:30,39.47,41.83,39.47,40.77,162926
2010-12-02 00:00:00+05:30,40.67,42.13,40.67,41.1,121078
2010-12-03 00:00:00+05:30,41.1,41.6,39.27,39.63,77692
2010-12-06 00:00:00+05:30,39.37,40.77,39.1,39.17,140648
2010-12-07 00:00:00+05:30,38.7,39.67,38.7,39.0,65104
2010-12-08 00:00:00+05:30,38.67,39.23,38.1,38.27,61330
2010-12-09 00:00:00+05:30,38.13,38.9,35.53,35.83,135692
2010-12-10 00:00:00+05:30,35.83,39.87,35.0,38.5,228481
2010-12-13 00:00:00+05:30,38.33,41.1,37.67,40.57,192599
2010-12-14 00:00:00+05:30,40.67,41.73,40.2,41.3,104509
2010-12-15 00:00:00+05:30,40.13,41.73,40.07,41.33,141503
2010-12-16 00:00:00+05:30,41.67,41.67,40.67,40.93,57466
2010-12-20 00:00:00+05:30,41.47,42.6,40.67,42.1,141604
2010-12-21 00:00:00+05:30,41.4,43.53,41.4,43.3,345493
2010-12-22 00:00:00+05:30,41.33,45.2,41.33,43.33,104584
2010-12-23 00:00:00+05:30,44.13,44.13,42.7,43.33,94720
2010-12-24 00:00:00+05:30,42.73,43.53,42.67,43.3,71065
2010-12-27 00:00:00+05:30,44.67,44.67,43.67,44.2,117683
2010-12-28 00:00:00+05:30,44.83,45.6,44.0,44.43,173297
2010-12-29 00:00:00+05:30,44.13,44.57,42.93,43.23,174230
2010-12-30 00:00:00+05:30,46.2,49.85,45.0,46.1,288203
2010-12-31 00:00:00+05:30,46.55,47.7,45.05,45.45,221709
2011-01-03 00:00:00+05:30,46.0,49.7,45.0,48.85,447118
2011-01-04 00:00:00+05:30,48.1,49.45,47.8,48.3,217940
2011-01-05 00:00:00+05:30,48.05,49.0,47.1,48.45,153740
2011-01-06 00:00:00+05:30,48.9,49.4,47.1,47.35,64595
2011-01-07 00:00:00+05:30,47.6,47.8,45.5,46.0,90506
2011-01-10 00:00:00+05:30,46.2,46.2,42.55,42.85,142141
2011-01-11 00:00:00+05:30,43.75,45.2,42.2,43.15,166074
2011-01-12 00:00:00+05:30,43.9,44.2,43.0,43.45,79020
2011-01-13 00:00:00+05:30,43.4,43.9,43.05,43.15,66057
2011-01-14 00:00:00+05:30,43.0,44.0,42.3,42.65,100970
2011-01-17 00:00:00+05:30,43.0,43.0,40.2,40.4,62695
2011-01-18 00:00:00+05:30,40.4,41.0,39.0,39.3,80569
2011-01-19 00:00:00+05:30,39.9,40.25,39.1,39.95,73259
2011-01-20 00:00:00+05:30,39.95,40.9,39.5,40.1,124301
2011-01-21 00:00:00+05:30,39.9,43.25,39.9,42.45,176807
2011-01-24 00:00:00+05:30,43.5,46.8,43.5,44.65,250431
2011-01-25 00:00:00+05:30,45.7,46.0,44.05,44.6,88629
2011-01-27 00:00:00+05:30,44.65,45.65,43.65,44.3,126135
2011-01-28 00:00:00+05:30,44.5,44.7,41.1,42.0,195889
2011-01-31 00:00:00+05:30,40.0,46.9,40.0,46.1,619109
2011-02-01 00:00:00+05:30,46.5,47.35,42.0,42.7,256148
2011-02-02 00:00:00+05:30,43.5,51.25,43.0,47.7,6289881
2011-02-03 00:00:00+05:30,47.7,48.0,45.4,46.55,298862
2011-02-04 00:00:00+05:30,46.1,46.6,44.35,44.65,93514
2011-02-07 00:00:00+05:30,45.0,47.2,43.7,45.05,433322
2011-02-08 00:00:00+05:30,44.5,46.0,42.3,42.5,110307
2011-02-09 00:00:00+05:30,42.0,43.85,40.05,40.5,132576
2011-02-10 00:00:00+05:30,41.2,41.45,39.6,40.15,86735
2011-02-11 00:00:00+05:30,40.1,42.2,40.0,41.45,91218
2011-02-14 00:00:00+05:30,41.95,43.5,41.65,42.5,76679
2011-02-15 00:00:00+05:30,42.6,43.35,42.0,42.5,60354
2011-02-16 00:00:00+05:30,41.5,42.85,41.5,42.2,42427
2011-02-17 00:00:00+05:30,42.55,43.4,42.1,42.4,51422
2011-02-18 00:00:00+05:30,42.0,43.2,40.8,41.0,90022
2011-02-21 00:00:00+05:30,41.8,43.0,40.65,41.7,120147
2011-02-22 00:00:00+05:30,42.0,42.8,41.55,41.9,56407
2011-02-23 00:00:00+05:30,41.5,42.15,40.65,40.8,34731
2011-02-24 00:00:00+05:30,40.5,41.25,39.55,39.95,56220
2011-02-25 00:00:00+05:30,40.0,40.95,38.8,39.15,61543
2011-02-28 00:00:00+05:30,40.5,40.5,39.0,39.35,52413
2011-03-01 00:00:00+05:30,40.5,40.5,39.2,40.05,61739
2011-03-03 00:00:00+05:30,42.8,42.8,39.65,39.9,55660
2011-03-04 00:00:00+05:30,40.0,40.75,39.2,39.45,69927
2011-03-07 00:00:00+05:30,39.9,39.9,38.35,39.1,33628
2011-03-08 00:00:00+05:30,39.0,39.7,38.1,38.75,92039
2011-03-09 00:00:00+05:30,39.85,39.85,38.5,38.9,34639
2011-03-10 00:00:00+05:30,39.8,39.8,38.2,38.6,24028
2011-03-11 00:00:00+05:30,38.2,38.85,37.7,38.25,50567
2011-03-14 00:00:00+05:30,39.5,39.5,37.2,37.65,27191
2011-03-15 00:00:00+05:30,36.65,37.45,36.4,36.75,69656
2011-03-16 00:00:00+05:30,37.2,39.3,36.6,38.15,107077
2011-03-17 00:00:00+05:30,38.0,38.7,37.3,37.65,60524
2011-03-18 00:00:00+05:30,38.45,38.5,37.0,37.0,36095
2011-03-21 00:00:00+05:30,37.2,37.2,35.85,36.05,462413
2011-03-22 00:00:00+05:30,36.0,37.25,36.0,36.5,36272
2011-03-23 00:00:00+05:30,37.0,37.0,36.0,36.5,15439
2011-03-24 00:00:00+05:30,36.5,37.2,36.5,37.05,47725
2011-03-25 00:00:00+05:30,37.1,38.3,37.1,37.85,61314
2011-03-28 00:00:00+05:30,37.75,38.9,37.6,37.95,72963
2011-03-29 00:00:00+05:30,37.95,38.7,36.4,36.6,61403
2011-03-30 00:00:00+05:30,36.6,37.7,36.6,37.15,43931
2011-03-31 00:00:00+05:30,37.1,37.75,36.85,37.05,36542
2011-04-01 00:00:00+05:30,37.05,39.8,36.9,38.65,60027
2011-04-04 00:00:00+05:30,39.4,41.0,39.0,40.15,101960
2011-04-05 00:00:00+05:30,40.8,42.5,40.8,41.8,194897
2011-04-06 00:00:00+05:30,42.45,42.9,41.5,42.5,128365
2011-04-07 00:00:00+05:30,42.4,43.05,42.0,42.55,55696
2011-04-08 00:00:00+05:30,42.4,42.9,41.25,41.65,46146
2011-04-11 00:00:00+05:30,41.5,44.4,40.5,42.4,252061
2011-04-13 00:00:00+05:30,42.8,43.4,41.5,42.55,74574
2011-04-15 00:00:00+05:30,43.0,43.0,41.35,41.6,40850
2011-04-18 00:00:00+05:30,41.7,42.35,40.4,40.55,57375
2011-04-19 00:00:00+05:30,40.55,40.9,39.9,40.3,28672
2011-04-20 00:00:00+05:30,40.6,42.25,40.6,41.7,54208
2011-04-21 00:00:00+05:30,42.25,42.25,40.6,40.8,43584
2011-04-25 00:00:00+05:30,40.85,43.95,40.6,43.5,302033
2011-04-26 00:00:00+05:30,43.7,44.2,42.6,42.8,194794
2011-04-27 00:00:00+05:30,43.85,43.85,40.5,41.0,170683
2011-04-28 00:00:00+05:30,41.7,41.7,36.4,38.5,247313
2011-04-29 00:00:00+05:30,39.9,39.9,37.1,37.35,140966
2011-05-02 00:00:00+05:30,39.4,39.4,37.0,37.7,72970
2011-05-03 00:00:00+05:30,38.6,38.6,36.65,36.8,126465
2011-05-04 00:00:00+05:30,37.45,37.45,36.05,36.45,43533
2011-05-05 00:00:00+05:30,36.7,37.2,36.3,36.45,33629
2011-05-06 00:00:00+05:30,37.0,37.0,36.2,36.4,50941
2011-05-09 00:00:00+05:30,36.1,36.9,35.45,35.6,47157
2011-05-10 00:00:00+05:30,36.45,36.45,35.05,35.5,21146
2011-05-11 00:00:00+05:30,36.1,36.3,34.6,34.8,59691
2011-05-12 00:00:00+05:30,34.95,35.5,33.55,33.8,83890
2011-05-13 00:00:00+05:30,33.2,35.5,33.2,33.9,45215
2011-05-16 00:00:00+05:30,33.9,34.0,33.0,33.45,31788
2011-05-17 00:00:00+05:30,34.0,34.0,32.35,32.8,40809
2011-05-18 00:00:00+05:30,33.6,33.75,32.0,32.2,51677
2011-05-19 00:00:00+05:30,32.9,32.95,32.2,32.35,30184
2011-05-20 00:00:00+05:30,32.5,32.8,31.9,32.0,29852
2011-05-23 00:00:00+05:30,32.0,32.0,30.25,30.9,53182
2011-05-24 00:00:00+05:30,30.45,31.3,29.65,29.95,50403
2011-05-25 00:00:00+05:30,30.9,30.9,28.5,28.95,60096
2011-05-26 00:00:00+05:30,29.9,29.9,27.6,28.35,89131
2011-05-27 00:00:00+05:30,28.9,29.6,28.0,29.3,56598
2011-05-30 00:00:00+05:30,29.8,30.25,29.5,29.9,27368
2011-05-31 00:00:00+05:30,29.65,31.45,29.6,31.15,55290
2011-06-01 00:00:00+05:30,32.3,32.3,30.6,31.4,75874
2011-06-02 00:00:00+05:30,30.75,31.0,30.05,30.15,57137
2011-06-03 00:00:00+05:30,30.8,31.6,29.8,30.05,66308
2011-06-06 00:00:00+05:30,30.0,30.3,29.2,29.5,37235
2011-06-07 00:00:00+05:30,29.9,30.25,29.2,29.95,35032
2011-06-08 00:00:00+05:30,29.6,30.5,29.55,30.05,26579
2011-06-09 00:00:00+05:30,30.45,30.75,29.7,30.5,28660
2011-06-10 00:00:00+05:30,30.5,30.75,29.55,29.8,32660
2011-06-13 00:00:00+05:30,29.85,30.3,29.05,29.95,22201
2011-06-14 00:00:00+05:30,29.8,30.3,29.6,29.95,16001
2011-06-15 00:00:00+05:30,30.0,30.0,29.6,29.8,28847
2011-06-16 00:00:00+05:30,29.5,30.0,29.5,29.85,24295
2011-06-17 00:00:00+05:30,30.0,30.1,29.05,29.3,33422
2011-06-20 00:00:00+05:30,29.5,29.9,27.75,28.05,54152
2011-06-21 00:00:00+05:30,28.05,28.65,25.35,27.65,41861
2011-06-22 00:00:00+05:30,28.0,28.0,27.0,27.2,28244
2011-06-23 00:00:00+05:30,27.4,27.7,25.1,25.9,43604
2011-06-24 00:00:00+05:30,26.0,28.0,24.75,27.45,57595
2011-06-27 00:00:00+05:30,27.45,28.65,27.0,27.1,62711
2011-06-28 00:00:00+05:30,27.6,27.75,26.4,26.55,57101
2011-06-29 00:00:00+05:30,26.2,27.05,26.2,26.8,32045
2011-06-30 00:00:00+05:30,27.0,27.8,26.1,27.0,78656
2011-07-01 00:00:00+05:30,27.0,29.5,27.0,28.6,120666
2011-07-04 00:00:00+05:30,29.0,30.9,29.0,30.55,201297
2011-07-05 00:00:00+05:30,30.5,30.9,29.95,30.1,42285
2011-07-06 00:00:00+05:30,30.0,30.9,29.55,29.7,28764
2011-07-07 00:00:00+05:30,30.2,30.4,29.4,29.55,34870
2011-07-08 00:00:00+05:30,30.45,30.45,28.75,29.0,33220
2011-07-11 00:00:00+05:30,29.0,29.55,28.35,28.7,29857
2011-07-12 00:00:00+05:30,28.05,28.9,28.0,28.55,34020
2011-07-13 00:00:00+05:30,28.65,29.4,28.35,28.6,19610
2011-07-14 00:00:00+05:30,28.4,29.2,28.4,28.75,13475
2011-07-15 00:00:00+05:30,28.75,29.25,28.35,28.5,21441
2011-07-18 00:00:00+05:30,29.0,29.45,28.3,28.85,42360
2011-07-19 00:00:00+05:30,28.55,29.25,28.5,29.15,20877
2011-07-20 00:00:00+05:30,29.0,29.2,28.8,28.9,18862
2011-07-21 00:00:00+05:30,28.6,29.6,28.6,29.25,27649
2011-07-22 00:00:00+05:30,29.25,29.7,28.9,29.1,29261
2011-07-25 00:00:00+05:30,28.3,31.5,28.3,30.35,90918
2011-07-26 00:00:00+05:30,30.0,30.4,29.5,29.8,38255
2011-07-27 00:00:00+05:30,29.15,29.75,28.9,29.1,15192
2011-07-28 00:00:00+05:30,28.8,32.35,28.6,29.8,358414
2011-07-29 00:00:00+05:30,30.1,30.85,29.0,29.3,48296
2011-08-01 00:00:00+05:30,29.3,29.9,28.75,28.85,20607
2011-08-02 00:00:00+05:30,29.0,29.1,28.0,28.05,33885
2011-08-03 00:00:00+05:30,27.55,29.0,27.45,27.9,74374
2011-08-04 00:00:00+05:30,28.0,29.65,27.5,27.8,77777
2011-08-05 00:00:00+05:30,26.55,26.9,25.25,26.4,47247
2011-08-08 00:00:00+05:30,26.4,26.7,25.0,26.0,62719
2011-08-09 00:00:00+05:30,25.8,26.5,25.0,25.95,56158
2011-08-10 00:00:00+05:30,27.0,28.4,26.05,27.0,30776
2011-08-11 00:00:00+05:30,26.5,27.0,26.0,26.5,59173
2011-08-12 00:00:00+05:30,27.0,27.05,25.9,25.95,26679
2011-08-16 00:00:00+05:30,26.0,26.95,25.8,26.0,22988
2011-08-17 00:00:00+05:30,26.0,26.3,24.35,25.0,39834
2011-08-18 00:00:00+05:30,25.05,25.7,24.05,24.75,41300
2011-08-19 00:00:00+05:30,23.9,26.0,23.65,24.3,28409
2011-08-22 00:00:00+05:30,24.6,24.9,24.0,24.2,18514
2011-08-23 00:00:00+05:30,24.5,24.95,24.15,24.2,27046
2011-08-24 00:00:00+05:30,24.65,24.8,23.8,24.0,40689
2011-08-25 00:00:00+05:30,23.85,24.55,23.85,23.95,11046
2011-08-26 00:00:00+05:30,23.15,24.0,23.0,23.2,29290
2011-08-29 00:00:00+05:30,23.2,24.4,23.2,24.2,11610
2011-08-30 00:00:00+05:30,25.0,25.0,24.0,24.1,28821
2011-09-02 00:00:00+05:30,23.7,24.2,23.7,24.0,13011
2011-09-05 00:00:00+05:30,23.25,24.9,23.25,24.5,18648
2011-09-06 00:00:00+05:30,24.0,24.5,23.6,24.4,32796
2011-09-07 00:00:00+05:30,24.1,25.0,24.1,24.85,22728
2011-09-08 00:00:00+05:30,24.8,26.0,24.8,25.5,29283
2011-09-09 00:00:00+05:30,25.05,26.0,24.85,25.25,25409
2011-09-12 00:00:00+05:30,24.5,24.95,24.0,24.4,18115
2011-09-13 00:00:00+05:30,24.0,25.0,23.5,23.7,36666
2011-09-14 00:00:00+05:30,23.75,24.4,23.75,24.2,8200
2011-09-15 00:00:00+05:30,24.0,25.2,23.9,25.05,21653
2011-09-16 00:00:00+05:30,24.55,28.3,24.35,25.35,32332
2011-09-19 00:00:00+05:30,25.0,26.2,24.0,25.85,30402
2011-09-20 00:00:00+05:30,25.0,26.8,25.0,26.35,33000
2011-09-21 00:00:00+05:30,26.15,26.75,25.3,26.0,15615
2011-09-22 00:00:00+05:30,25.8,26.0,24.75,25.15,19930
2011-09-23 00:00:00+05:30,24.0,25.0,23.5,24.2,107256
2011-09-26 00:00:00+05:30,23.6,26.4,23.6,25.95,74752
2011-09-27 00:00:00+05:30,26.0,26.7,25.4,26.1,26706
2011-09-28 00:00:00+05:30,26.0,26.0,25.05,25.65,17973
2011-09-29 00:00:00+05:30,25.0,26.6,25.0,26.35,36879
2011-09-30 00:00:00+05:30,25.6,29.35,25.6,29.0,210583
2011-10-03 00:00:00+05:30,28.95,30.0,27.8,29.5,173818
2011-10-04 00:00:00+05:30,28.5,29.5,28.25,28.6,40996
2011-10-05 00:00:00+05:30,28.9,29.7,28.1,29.4,102887
2011-10-07 00:00:00+05:30,29.5,31.2,29.35,30.95,117449
2011-10-10 00:00:00+05:30,30.0,31.35,30.0,30.5,50857
2011-10-11 00:00:00+05:30,28.4,31.95,28.4,31.65,87601
2011-10-12 00:00:00+05:30,31.5,32.0,30.75,31.3,86542
2011-10-13 00:00:00+05:30,31.0,32.2,31.0,31.9,43446
2011-10-14 00:00:00+05:30,30.25,32.1,30.25,31.7,32789
2011-10-17 00:00:00+05:30,31.0,32.5,30.75,32.35,106198
2011-10-18 00:00:00+05:30,32.5,32.5,30.8,31.65,21732
2011-10-19 00:00:00+05:30,31.6,32.35,31.2,31.9,19191
2011-10-20 00:00:00+05:30,31.2,33.2,31.2,32.4,38904
2011-10-21 00:00:00+05:30,31.1,32.65,31.1,31.95,11235
2011-10-24 00:00:00+05:30,32.0,33.05,31.25,31.95,47087
2011-10-25 00:00:00+05:30,31.8,32.6,30.65,32.05,21635
2011-10-26 00:00:00+05:30,32.0,32.55,31.65,32.05,4822
2011-10-28 00:00:00+05:30,31.5,34.5,31.5,34.2,341017
2011-10-31 00:00:00+05:30,34.2,36.95,33.55,36.3,164078
2011-11-01 00:00:00+05:30,36.0,37.7,36.0,37.5,76286
2011-11-02 00:00:00+05:30,37.0,37.65,36.6,37.2,62119
2011-11-03 00:00:00+05:30,37.05,39.05,36.8,38.8,236544
2011-11-04 00:00:00+05:30,38.85,41.0,38.55,39.35,194299
2011-11-08 00:00:00+05:30,38.6,39.85,38.25,38.8,108133
2011-11-09 00:00:00+05:30,38.15,38.8,36.75,37.0,88885
2011-11-11 00:00:00+05:30,36.5,36.5,35.2,36.1,70787
2011-11-14 00:00:00+05:30,36.45,37.0,34.8,35.85,52480
2011-11-15 00:00:00+05:30,35.55,37.2,35.55,36.6,126554
2011-11-16 00:00:00+05:30,36.0,36.5,35.0,35.95,52518
2011-11-17 00:00:00+05:30,35.5,36.8,35.3,36.05,86415
2011-11-18 00:00:00+05:30,36.6,36.6,35.2,35.75,24551
2011-11-21 00:00:00+05:30,35.25,36.95,34.0,36.5,82672
2011-11-22 00:00:00+05:30,36.15,36.9,31.65,35.2,10771
2011-11-23 00:00:00+05:30,35.0,36.3,34.5,35.95,64605
2011-11-24 00:00:00+05:30,35.0,35.75,34.6,35.3,14432
2011-11-25 00:00:00+05:30,35.0,37.0,34.6,36.55,39789
2011-11-28 00:00:00+05:30,36.75,37.2,36.1,36.6,25090
2011-11-29 00:00:00+05:30,36.2,37.1,36.0,36.0,32853
2011-11-30 00:00:00+05:30,36.5,37.15,35.1,36.95,21969
2011-12-01 00:00:00+05:30,36.15,37.65,36.1,36.85,14412
2011-12-02 00:00:00+05:30,36.3,37.15,35.8,36.5,17053
2011-12-05 00:00:00+05:30,35.6,36.75,35.6,35.75,75163
2011-12-07 00:00:00+05:30,35.45,36.75,35.45,36.05,20645
2011-12-08 00:00:00+05:30,35.3,36.5,35.3,36.0,18198
2011-12-09 00:00:00+05:30,35.25,37.25,34.5,36.8,23659
2011-12-12 00:00:00+05:30,37.95,38.25,35.8,36.2,78436
2011-12-13 00:00:00+05:30,35.0,36.85,34.35,36.45,22905
2011-12-14 00:00:00+05:30,35.2,36.5,35.2,36.3,24247
2011-12-15 00:00:00+05:30,36.0,36.45,35.7,36.2,20514
2011-12-16 00:00:00+05:30,35.55,36.4,35.5,35.85,43695
2011-12-19 00:00:00+05:30,35.25,35.9,34.95,35.2,24482
2011-12-20 00:00:00+05:30,35.2,35.35,34.7,34.95,23842
2011-12-21 00:00:00+05:30,35.0,35.4,34.8,35.05,55676
2011-12-22 00:00:00+05:30,34.5,36.9,34.5,36.15,86926
2011-12-23 00:00:00+05:30,35.35,37.0,35.35,36.05,17789
2011-12-26 00:00:00+05:30,35.2,36.45,35.2,36.15,14901
2011-12-27 00:00:00+05:30,35.4,36.1,35.4,35.6,9346
2011-12-28 00:00:00+05:30,34.95,35.75,34.35,34.6,26654
2011-12-29 00:00:00+05:30,34.55,35.7,33.9,34.35,61445
2011-12-30 00:00:00+05:30,34.35,34.75,33.5,34.5,53622
2012-01-02 00:00:00+05:30,34.65,34.95,33.7,34.05,23979
2012-01-03 00:00:00+05:30,33.8,35.2,33.8,35.05,60956
2012-01-04 00:00:00+05:30,35.05,35.4,34.0,34.15,11255
2012-01-05 00:00:00+05:30,33.6,34.8,33.6,34.45,17765
2012-01-06 00:00:00+05:30,34.5,34.95,34.3,34.7,15604
2012-01-07 00:00:00+05:30,34.0,34.9,34.0,34.25,1378
2012-01-09 00:00:00+05:30,34.05,34.95,34.0,34.55,19857
2012-01-10 00:00:00+05:30,34.3,36.5,34.3,35.8,43355
2012-01-11 00:00:00+05:30,35.1,37.4,35.1,36.55,47816
2012-01-12 00:00:00+05:30,35.1,36.9,35.1,35.75,16314
2012-01-13 00:00:00+05:30,35.25,37.3,35.25,36.8,91123
2012-01-16 00:00:00+05:30,36.0,37.65,36.0,36.8,15191
2012-01-17 00:00:00+05:30,36.15,37.2,36.15,36.85,14606
2012-01-18 00:00:00+05:30,36.2,41.0,36.2,37.05,28510
2012-01-19 00:00:00+05:30,37.15,38.0,36.55,36.85,47400
2012-01-20 00:00:00+05:30,36.2,37.0,36.2,36.35,8645
2012-01-23 00:00:00+05:30,35.1,37.7,35.1,36.85,21142
2012-01-24 00:00:00+05:30,36.25,37.2,36.05,36.15,34888
2012-01-25 00:00:00+05:30,36.2,37.25,36.1,37.0,30229
2012-01-27 00:00:00+05:30,38.75,38.75,37.1,37.85,62005
2012-01-30 00:00:00+05:30,37.85,38.2,37.25,37.8,43918
2012-01-31 00:00:00+05:30,37.35,39.25,37.3,37.9,33808
2012-02-01 00:00:00+05:30,38.2,39.0,38.2,38.55,26690
2012-02-02 00:00:00+05:30,38.35,38.5,37.6,37.75,24708
2012-02-03 00:00:00+05:30,37.2,38.0,37.1,37.3,18670
2012-02-06 00:00:00+05:30,37.15,39.0,31.0,37.35,36574
2012-02-07 00:00:00+05:30,37.9,37.9,36.5,36.55,15869
2012-02-08 00:00:00+05:30,36.5,37.0,35.6,36.05,38941
2012-02-09 00:00:00+05:30,35.7,42.45,35.7,40.15,628974
2012-02-10 00:00:00+05:30,40.6,40.9,38.25,38.9,120270
2012-02-13 00:00:00+05:30,38.5,40.4,35.35,39.6,129374
2012-02-14 00:00:00+05:30,39.8,39.9,38.65,38.95,50393
2012-02-15 00:00:00+05:30,39.1,39.95,38.0,38.3,52143
2012-02-16 00:00:00+05:30,45.25,45.25,37.5,38.1,38302
2012-02-17 00:00:00+05:30,39.5,39.5,37.3,37.65,81192
2012-02-21 00:00:00+05:30,37.6,38.5,37.35,37.65,47545
2012-02-22 00:00:00+05:30,38.2,38.5,37.55,37.7,74700
2012-02-23 00:00:00+05:30,38.25,38.25,37.5,37.6,31259
2012-02-24 00:00:00+05:30,37.1,38.25,37.1,37.2,29065
2012-02-27 00:00:00+05:30,36.65,37.3,34.6,35.5,41528
2012-02-28 00:00:00+05:30,36.5,36.7,35.4,35.9,19999
2012-02-29 00:00:00+05:30,37.2,37.7,36.2,36.6,18773
2012-03-01 00:00:00+05:30,36.0,36.95,35.9,36.45,10094
2012-03-02 00:00:00+05:30,36.2,36.9,36.0,36.1,13267
2012-03-03 00:00:00+05:30,36.5,36.65,36.0,36.3,412
2012-03-05 00:00:00+05:30,36.05,37.0,35.2,36.1,21664
2012-03-06 00:00:00+05:30,35.15,36.8,34.4,34.7,51911
2012-03-07 00:00:00+05:30,34.25,35.45,33.95,34.05,21483
2012-03-09 00:00:00+05:30,34.1,36.25,34.1,35.55,34992
2012-03-12 00:00:00+05:30,36.75,38.0,36.05,36.3,96955
2012-03-13 00:00:00+05:30,37.6,40.35,37.15,39.3,404249
2012-03-14 00:00:00+05:30,39.75,40.0,37.8,38.15,78624
2012-03-15 00:00:00+05:30,38.0,38.0,35.95,36.5,63345
2012-03-16 00:00:00+05:30,37.2,37.7,33.9,34.9,114018
2012-03-19 00:00:00+05:30,34.1,37.5,34.1,35.85,75630
2012-03-20 00:00:00+05:30,35.25,36.4,34.7,35.05,52603
2012-03-21 00:00:00+05:30,35.1,36.9,35.0,36.5,103336
2012-03-22 00:00:00+05:30,36.1,37.25,35.35,35.6,76809
2012-03-23 00:00:00+05:30,34.5,37.1,34.5,36.65,53489
2012-03-26 00:00:00+05:30,36.65,37.5,35.6,36.3,107320
2012-03-27 00:00:00+05:30,36.1,36.95,35.1,36.35,74400
2012-03-28 00:00:00+05:30,36.0,36.7,36.0,36.3,71924
2012-03-29 00:00:00+05:30,35.85,36.35,35.15,35.6,37041
2012-03-30 00:00:00+05:30,35.4,36.35,34.8,34.9,103287
2012-04-02 00:00:00+05:30,35.05,36.9,35.05,36.75,51127
2012-04-03 00:00:00+05:30,36.9,38.85,36.75,37.85,106128
2012-04-04 00:00:00+05:30,37.0,38.05,36.5,36.9,96070
2012-04-09 00:00:00+05:30,36.15,37.25,35.4,35.9,133152
2012-04-10 00:00:00+05:30,35.1,35.95,35.1,35.8,9768
2012-04-11 00:00:00+05:30,35.4,35.95,34.5,34.65,142337
2012-04-12 00:00:00+05:30,34.85,35.2,34.4,34.5,60733
2012-04-13 00:00:00+05:30,34.55,35.9,34.0,34.35,47569
2012-04-16 00:00:00+05:30,34.4,36.2,34.4,35.6,26797
2012-04-17 00:00:00+05:30,37.0,38.1,35.0,37.0,137722
2012-04-18 00:00:00+05:30,37.5,39.0,37.1,38.25,128496
2012-04-19 00:00:00+05:30,38.8,39.25,37.1,37.35,60864
2012-04-20 00:00:00+05:30,36.4,42.25,36.4,40.45,1300305
2012-04-23 00:00:00+05:30,40.7,41.7,39.5,39.85,359522
2012-04-24 00:00:00+05:30,40.0,40.8,38.55,38.95,73182
2012-04-25 00:00:00+05:30,39.0,39.6,37.45,37.85,103152
2012-04-26 00:00:00+05:30,38.0,40.5,37.6,38.55,285750
2012-04-27 00:00:00+05:30,36.05,40.45,36.05,39.25,232280
2012-04-28 00:00:00+05:30,38.95,39.4,38.5,39.0,17136
2012-04-30 00:00:00+05:30,39.45,41.7,39.0,40.2,348149
2012-05-02 00:00:00+05:30,40.5,40.6,38.95,39.45,93924
2012-05-03 00:00:00+05:30,39.25,39.5,38.45,38.7,60680
2012-05-04 00:00:00+05:30,38.2,38.75,37.2,37.35,49822
2012-05-07 00:00:00+05:30,37.25,39.4,36.2,39.05,108103
2012-05-08 00:00:00+05:30,39.0,39.85,38.3,38.5,76455
2012-05-09 00:00:00+05:30,37.25,40.55,37.25,39.9,105950
2012-05-10 00:00:00+05:30,40.1,43.0,40.1,41.95,776760
2012-05-11 00:00:00+05:30,42.0,42.0,39.05,39.75,234492
2012-05-14 00:00:00+05:30,38.8,40.8,38.2,38.6,65566
2012-05-15 00:00:00+05:30,38.6,40.45,38.6,39.95,63681
2012-05-16 00:00:00+05:30,39.0,39.9,38.65,39.4,34325
2012-05-17 00:00:00+05:30,39.2,41.4,39.2,40.3,33742
2012-05-18 00:00:00+05:30,39.0,40.0,38.9,39.2,32355
2012-05-21 00:00:00+05:30,39.0,40.1,38.5,38.8,61402
2012-05-22 00:00:00+05:30,39.0,39.45,37.9,38.2,54289
2012-05-23 00:00:00+05:30,38.0,38.2,37.15,37.45,112493
2012-05-24 00:00:00+05:30,37.5,38.65,37.2,37.75,109691
2012-05-25 00:00:00+05:30,37.85,38.95,37.5,38.55,31505
2012-05-28 00:00:00+05:30,38.6,39.1,38.0,38.85,20802
2012-05-29 00:00:00+05:30,39.9,41.55,36.25,41.05,144683
2012-05-30 00:00:00+05:30,43.5,44.85,39.4,40.1,544534
2012-05-31 00:00:00+05:30,38.55,40.0,38.25,39.3,31915
2012-06-01 00:00:00+05:30,39.0,39.75,38.5,38.65,31726
2012-06-04 00:00:00+05:30,38.0,38.85,37.55,38.2,34292
2012-06-05 00:00:00+05:30,38.2,39.0,37.95,38.1,51473
2012-06-06 00:00:00+05:30,37.8,38.8,37.8,38.2,83211
2012-06-07 00:00:00+05:30,38.5,38.85,38.0,38.05,33227
2012-06-08 00:00:00+05:30,38.0,38.85,38.0,38.35,22959
2012-06-11 00:00:00+05:30,38.0,40.2,38.0,39.0,104999
2012-06-12 00:00:00+05:30,38.85,39.5,38.5,38.85,10766
2012-06-13 00:00:00+05:30,38.45,39.4,38.45,38.7,16822
2012-06-14 00:00:00+05:30,38.45,38.95,37.85,38.15,34814
2012-06-15 00:00:00+05:30,37.9,40.0,37.9,39.75,66959
2012-06-18 00:00:00+05:30,39.9,40.1,38.55,38.7,22693
2012-06-19 00:00:00+05:30,38.4,39.65,38.15,39.0,31466
2012-06-20 00:00:00+05:30,39.15,42.25,38.8,41.65,353169
2012-06-21 00:00:00+05:30,43.0,43.0,40.65,41.2,959110
2012-06-22 00:00:00+05:30,40.8,40.9,39.5,39.9,107298
2012-06-25 00:00:00+05:30,39.75,40.8,39.4,39.5,65230
2012-06-26 00:00:00+05:30,39.15,40.2,39.15,39.5,42001
2012-06-27 00:00:00+05:30,39.55,40.0,39.0,39.6,66755
2012-06-28 00:00:00+05:30,39.6,39.9,39.35,39.45,32089
2012-06-29 00:00:00+05:30,39.9,41.0,39.5,40.45,161142
2012-07-02 00:00:00+05:30,40.3,41.45,40.25,40.4,49737
2012-07-03 00:00:00+05:30,40.4,44.8,40.4,43.45,515144
2012-07-04 00:00:00+05:30,44.0,44.25,42.65,43.4,241822
2012-07-05 00:00:00+05:30,43.4,46.2,43.05,44.85,419792
2012-07-06 00:00:00+05:30,45.0,45.4,43.05,43.5,79783
2012-07-09 00:00:00+05:30,43.0,45.25,42.75,44.15,196197
2012-07-10 00:00:00+05:30,44.15,44.9,43.5,44.2,138923
2012-07-11 00:00:00+05:30,44.0,46.5,44.0,45.05,284374
2012-07-12 00:00:00+05:30,44.05,44.85,43.5,43.7,80190
2012-07-13 00:00:00+05:30,43.75,45.25,43.75,44.2,123046
2012-07-16 00:00:00+05:30,44.3,45.45,43.5,43.85,85793
2012-07-17 00:00:00+05:30,43.6,44.85,43.55,43.65,69564
2012-07-18 00:00:00+05:30,43.0,44.15,42.65,43.45,92944
2012-07-19 00:00:00+05:30,42.7,43.9,42.7,42.8,52935
2012-07-20 00:00:00+05:30,42.55,43.0,42.25,42.5,43038
2012-07-23 00:00:00+05:30,42.5,42.5,40.5,41.0,116257
2012-07-24 00:00:00+05:30,40.0,42.0,40.0,41.7,31585
2012-07-25 00:00:00+05:30,41.25,42.6,40.55,41.05,56815
2012-07-26 00:00:00+05:30,40.15,41.0,40.0,40.25,52637
2012-07-27 00:00:00+05:30,40.6,42.35,40.15,40.65,91325
2012-07-30 00:00:00+05:30,40.35,41.75,39.1,40.0,201457
2012-07-31 00:00:00+05:30,39.5,40.0,38.5,39.75,143487
2012-08-01 00:00:00+05:30,39.35,41.0,39.35,40.8,63515
2012-08-02 00:00:00+05:30,40.3,41.5,40.0,40.45,22545
2012-08-03 00:00:00+05:30,40.0,41.8,39.7,41.0,68107
2012-08-06 00:00:00+05:30,41.1,42.3,41.0,41.55,51970
2012-08-07 00:00:00+05:30,41.1,44.75,41.1,43.6,204472
2012-08-08 00:00:00+05:30,43.05,44.7,42.7,43.0,143937
2012-08-09 00:00:00+05:30,43.35,43.35,41.3,41.4,57781
2012-08-10 00:00:00+05:30,41.0,41.9,41.0,41.3,20787
2012-08-13 00:00:00+05:30,41.5,42.5,41.0,42.1,25061
2012-08-14 00:00:00+05:30,42.0,42.5,41.45,41.9,21738
2012-08-16 00:00:00+05:30,42.5,42.5,41.5,41.8,14834
2012-08-17 00:00:00+05:30,41.0,45.75,41.0,43.05,216394
2012-08-21 00:00:00+05:30,44.0,44.2,40.45,42.95,50654
2012-08-22 00:00:00+05:30,43.0,44.2,42.6,43.85,52216
2012-08-23 00:00:00+05:30,43.0,44.65,42.55,44.0,98662
2012-08-24 00:00:00+05:30,43.9,44.0,42.55,42.9,27393
2012-08-27 00:00:00+05:30,42.5,44.4,41.5,43.25,93531
2012-08-28 00:00:00+05:30,43.5,44.0,40.95,41.6,101651
2012-08-29 00:00:00+05:30,41.25,42.5,41.1,41.6,52026
2012-08-30 00:00:00+05:30,41.0,42.15,40.6,41.3,26521
2012-08-31 00:00:00+05:30,41.15,41.85,40.5,40.65,38883
2012-09-03 00:00:00+05:30,40.65,41.6,40.1,40.3,27541
2012-09-04 00:00:00+05:30,40.15,40.9,39.15,39.95,79973
2012-09-05 00:00:00+05:30,39.55,41.9,39.1,40.1,77060
2012-09-06 00:00:00+05:30,40.0,40.95,39.85,40.65,21445
2012-09-07 00:00:00+05:30,40.1,41.5,40.1,41.25,49973
2012-09-08 00:00:00+05:30,41.4,41.45,40.5,40.7,484
2012-09-10 00:00:00+05:30,41.0,44.5,40.7,44.05,299953
2012-09-11 00:00:00+05:30,45.3,46.0,42.5,43.0,891609
2012-09-12 00:00:00+05:30,43.1,43.75,42.3,42.95,108246
2012-09-13 00:00:00+05:30,43.65,43.65,42.05,42.55,115801
2012-09-14 00:00:00+05:30,42.95,43.55,41.75,41.95,126313
2012-09-17 00:00:00+05:30,42.35,42.6,41.5,41.65,56740
2012-09-18 00:00:00+05:30,41.95,43.45,41.55,42.5,110184
2012-09-20 00:00:00+05:30,41.8,42.95,41.5,41.8,24078
2012-09-21 00:00:00+05:30,42.0,42.8,41.5,41.95,64827
2012-09-24 00:00:00+05:30,41.7,42.75,41.65,41.85,26168
2012-09-25 00:00:00+05:30,41.8,42.7,41.15,41.75,56581
2012-09-26 00:00:00+05:30,41.6,50.0,41.6,45.7,2447068
2012-09-27 00:00:00+05:30,46.2,46.2,43.6,44.15,308639
2012-09-28 00:00:00+05:30,44.7,45.0,43.05,43.25,134800
2012-10-01 00:00:00+05:30,43.9,43.9,43.2,43.55,40732
2012-10-03 00:00:00+05:30,44.2,45.55,43.65,44.55,150526
2012-10-04 00:00:00+05:30,45.2,45.5,43.55,43.75,91577
2012-10-05 00:00:00+05:30,44.7,44.7,42.5,42.85,94346
2012-10-08 00:00:00+05:30,43.7,43.7,42.4,42.75,52316
2012-10-09 00:00:00+05:30,43.0,44.5,42.9,44.3,150259
2012-10-10 00:00:00+05:30,44.0,46.0,43.5,44.25,150454
2012-10-11 00:00:00+05:30,44.0,44.35,42.25,43.75,127427
2012-10-12 00:00:00+05:30,43.2,44.4,43.2,43.55,81671
2012-10-15 00:00:00+05:30,43.95,44.0,43.35,43.65,27802
2012-10-16 00:00:00+05:30,43.35,44.15,42.75,43.0,59816
2012-10-17 00:00:00+05:30,43.25,43.8,42.6,42.75,32930
2012-10-18 00:00:00+05:30,43.8,44.1,42.75,43.6,33549
2012-10-19 00:00:00+05:30,43.25,43.95,43.25,43.35,29092
2012-10-22 00:00:00+05:30,43.8,44.1,42.3,42.65,70970
2012-10-23 00:00:00+05:30,43.8,44.25,42.6,43.85,108557
2012-10-25 00:00:00+05:30,43.4,44.45,42.9,43.15,52281
2012-10-26 00:00:00+05:30,43.1,43.65,42.45,42.65,86794
2012-10-29 00:00:00+05:30,42.6,44.45,41.55,42.0,207123
2012-10-30 00:00:00+05:30,41.8,42.0,40.35,40.55,109716
2012-10-31 00:00:00+05:30,40.65,41.25,38.75,39.1,216744
2012-11-01 00:00:00+05:30,39.7,39.95,38.95,39.4,232127
2012-11-02 00:00:00+05:30,39.95,40.95,38.15,38.45,199861
2012-11-05 00:00:00+05:30,39.0,39.55,38.5,38.95,56204
2012-11-06 00:00:00+05:30,38.0,39.4,38.0,38.8,60003
2012-11-07 00:00:00+05:30,38.6,39.75,38.6,38.8,121327
2012-11-08 00:00:00+05:30,38.0,40.05,38.0,38.7,314578
2012-11-09 00:00:00+05:30,38.8,39.4,38.4,38.55,75624
2012-11-12 00:00:00+05:30,39.0,39.45,38.15,38.35,63243
2012-11-13 00:00:00+05:30,39.95,39.95,38.9,39.05,79525
2012-11-15 00:00:00+05:30,39.1,39.45,38.3,38.45,76250
2012-11-16 00:00:00+05:30,39.0,39.0,37.15,37.5,86272
2012-11-19 00:00:00+05:30,38.0,38.45,36.25,37.0,344767
2012-11-20 00:00:00+05:30,36.95,39.6,36.45,39.1,220053
2012-11-21 00:00:00+05:30,39.25,39.6,38.25,39.3,168930
2012-11-22 00:00:00+05:30,39.45,39.45,38.45,38.85,100320
2012-11-23 00:00:00+05:30,39.0,39.2,38.4,38.6,37996
2012-11-26 00:00:00+05:30,39.5,39.5,38.4,38.55,19742
2012-11-27 00:00:00+05:30,38.65,39.0,38.5,38.55,39055
2012-11-29 00:00:00+05:30,38.95,39.4,38.25,38.85,107629
2012-11-30 00:00:00+05:30,39.0,39.5,38.85,39.05,60064
2012-12-03 00:00:00+05:30,39.5,41.55,39.1,41.0,177142
2012-12-04 00:00:00+05:30,41.45,41.85,40.7,40.9,127603
2012-12-05 00:00:00+05:30,41.45,41.7,39.85,39.9,95443
2012-12-06 00:00:00+05:30,40.6,40.6,39.2,40.05,64282
2012-12-07 00:00:00+05:30,40.0,40.85,39.2,39.35,94905
2012-12-10 00:00:00+05:30,40.8,40.8,39.2,39.5,46221
2012-12-11 00:00:00+05:30,39.6,40.55,39.45,39.95,119911
2012-12-12 00:00:00+05:30,40.5,41.0,39.75,40.0,86537
2012-12-13 00:00:00+05:30,40.4,40.7,39.2,39.55,95721
2012-12-14 00:00:00+05:30,39.45,39.65,38.85,39.05,21347
2012-12-17 00:00:00+05:30,39.5,39.5,38.5,38.7,37285
2012-12-18 00:00:00+05:30,39.0,39.2,38.55,38.6,35631
2012-12-19 00:00:00+05:30,39.25,43.15,38.0,42.45,478312
2012-12-20 00:00:00+05:30,42.4,42.5,39.55,39.75,185392
2012-12-21 00:00:00+05:30,39.5,39.7,38.4,38.55,66913
2012-12-24 00:00:00+05:30,38.85,41.7,38.85,40.7,174685
2012-12-26 00:00:00+05:30,40.5,40.65,39.65,40.2,66079
2012-12-27 00:00:00+05:30,40.2,40.2,38.75,38.95,111619
2012-12-28 00:00:00+05:30,39.85,41.6,39.2,40.2,186018
2012-12-31 00:00:00+05:30,40.25,41.35,39.75,40.55,978473
2013-01-01 00:00:00+05:30,40.65,41.7,40.5,41.0,69346
2013-01-02 00:00:00+05:30,41.8,43.0,39.85,42.4,402291
2013-01-03 00:00:00+05:30,42.7,42.85,41.0,42.5,327838
2013-01-04 00:00:00+05:30,44.5,44.9,43.35,43.55,1302347
2013-01-07 00:00:00+05:30,43.0,44.35,41.35,42.9,206893
2013-01-08 00:00:00+05:30,43.45,43.6,42.1,42.6,140983
2013-01-09 00:00:00+05:30,42.4,43.25,42.25,42.4,93972
2013-01-10 00:00:00+05:30,42.55,43.3,41.4,41.85,84623
2013-01-11 00:00:00+05:30,42.3,42.3,41.25,41.55,95352
2013-01-14 00:00:00+05:30,41.05,41.6,40.45,41.0,45874
2013-01-15 00:00:00+05:30,41.0,43.15,40.95,41.55,143225
2013-01-16 00:00:00+05:30,41.65,41.95,40.6,40.85,66317
2013-01-17 00:00:00+05:30,40.95,41.45,40.5,40.8,67240
2013-01-18 00:00:00+05:30,40.8,40.8,39.2,40.0,73328
2013-01-21 00:00:00+05:30,39.9,40.3,39.3,39.8,313871
2013-01-22 00:00:00+05:30,39.65,40.65,39.5,39.6,64346
2013-01-23 00:00:00+05:30,39.65,40.3,39.5,39.8,58116
2013-01-24 00:00:00+05:30,40.05,40.2,38.95,39.2,168716
2013-01-25 00:00:00+05:30,39.05,39.65,38.15,39.05,47666
2013-01-28 00:00:00+05:30,38.8,39.9,38.2,38.85,45061
2013-01-29 00:00:00+05:30,38.35,40.95,38.35,39.3,72983
2013-01-30 00:00:00+05:30,40.85,41.0,39.5,40.05,80742
2013-01-31 00:00:00+05:30,39.4,39.4,37.75,38.8,179220
2013-02-01 00:00:00+05:30,38.75,40.8,38.75,40.4,77581
2013-02-04 00:00:00+05:30,40.1,40.75,39.75,40.05,446180
2013-02-05 00:00:00+05:30,39.7,40.45,39.6,40.25,44568
2013-02-06 00:00:00+05:30,40.2,41.25,39.9,40.45,52915
2013-02-07 00:00:00+05:30,40.15,40.7,39.8,40.15,150215
2013-02-08 00:00:00+05:30,40.15,40.8,40.0,40.0,56252
2013-02-11 00:00:00+05:30,40.05,40.65,39.75,40.0,19904
2013-02-12 00:00:00+05:30,39.8,40.45,39.8,40.0,16600
2013-02-13 00:00:00+05:30,40.05,40.4,39.7,39.8,11455
2013-02-14 00:00:00+05:30,39.75,41.0,39.05,39.95,171375
2013-02-15 00:00:00+05:30,39.7,40.2,39.0,40.0,79781
2013-02-18 00:00:00+05:30,39.8,40.5,39.45,40.0,40314
2013-02-19 00:00:00+05:30,39.85,39.85,38.55,39.45,153044
2013-02-20 00:00:00+05:30,39.4,40.2,39.15,40.0,87359
2013-02-21 00:00:00+05:30,39.5,40.75,39.3,39.8,35040
2013-02-22 00:00:00+05:30,39.65,40.2,38.65,39.85,267692
2013-02-25 00:00:00+05:30,39.65,39.95,38.9,39.1,71955
2013-02-26 00:00:00+05:30,39.05,39.5,37.9,38.5,94877
2013-02-27 00:00:00+05:30,38.8,39.9,38.5,39.05,80489
2013-02-28 00:00:00+05:30,38.7,40.45,38.6,38.9,100189
2013-03-01 00:00:00+05:30,38.65,39.5,38.2,39.3,57176
2013-03-04 00:00:00+05:30,39.05,39.7,38.0,39.25,44888
2013-03-05 00:00:00+05:30,39.0,39.8,38.7,39.45,26803
2013-03-06 00:00:00+05:30,39.3,40.25,39.05,39.45,89056
2013-03-07 00:00:00+05:30,39.3,40.15,39.3,40.05,94124
2013-03-08 00:00:00+05:30,39.6,40.6,39.6,40.15,59618
2013-03-11 00:00:00+05:30,41.25,41.5,39.75,39.95,62539
2013-03-12 00:00:00+05:30,39.9,40.7,39.6,40.5,101485
2013-03-13 00:00:00+05:30,40.05,40.6,39.8,40.25,91325
2013-03-14 00:00:00+05:30,40.95,40.95,40.05,40.35,69483
2013-03-15 00:00:00+05:30,40.75,40.75,39.6,40.2,27156
2013-03-18 00:00:00+05:30,39.7,41.2,39.4,40.8,80066
2013-03-19 00:00:00+05:30,40.8,40.95,39.8,40.0,58062
2013-03-20 00:00:00+05:30,40.0,40.75,39.8,40.2,75564
2013-03-21 00:00:00+05:30,40.05,41.15,40.05,40.25,51217
2013-03-22 00:00:00+05:30,39.75,40.65,39.75,40.3,60421
2013-03-25 00:00:00+05:30,40.5,40.7,39.15,40.25,90618
2013-03-26 00:00:00+05:30,40.05,40.6,39.7,40.35,82028
2013-03-28 00:00:00+05:30,41.6,45.6,39.4,39.85,71273
2013-04-01 00:00:00+05:30,45.6,45.6,40.05,40.5,25897
2013-04-02 00:00:00+05:30,42.7,42.75,40.35,41.0,19920
2013-04-03 00:00:00+05:30,42.7,42.7,40.35,41.2,56340
2013-04-04 00:00:00+05:30,41.9,42.35,40.7,41.5,42700
2013-04-05 00:00:00+05:30,41.5,41.5,40.55,40.75,12992
2013-04-08 00:00:00+05:30,42.45,42.5,40.0,40.05,16433
2013-04-09 00:00:00+05:30,42.45,42.45,39.5,39.75,10436
2013-04-10 00:00:00+05:30,40.3,40.35,39.35,39.4,7907
2013-04-11 00:00:00+05:30,40.0,40.5,39.7,40.0,8513
2013-04-12 00:00:00+05:30,39.1,40.1,39.1,40.0,6847
2013-04-15 00:00:00+05:30,39.55,40.8,39.5,40.1,167549
2013-04-16 00:00:00+05:30,40.6,40.7,39.8,39.95,207655
2013-04-17 00:00:00+05:30,40.0,40.15,39.65,39.8,41119
2013-04-18 00:00:00+05:30,39.95,40.0,39.15,39.65,17141
2013-04-22 00:00:00+05:30,40.2,41.2,39.75,40.0,27905
2013-04-23 00:00:00+05:30,39.8,39.95,39.5,39.8,7492
2013-04-25 00:00:00+05:30,39.8,40.55,39.6,40.0,27787
2013-04-26 00:00:00+05:30,40.0,40.3,39.6,39.6,16194
2013-04-29 00:00:00+05:30,40.9,43.9,39.5,42.4,762118
2013-04-30 00:00:00+05:30,43.6,43.95,40.55,40.7,109356
2013-05-02 00:00:00+05:30,41.55,41.8,40.15,40.65,47856
2013-05-03 00:00:00+05:30,41.85,41.85,39.65,39.75,51317
2013-05-06 00:00:00+05:30,39.6,40.3,38.85,38.95,73062
2013-05-07 00:00:00+05:30,39.95,40.0,39.0,39.9,126064
2013-05-08 00:00:00+05:30,40.95,40.95,39.25,39.35,23713
2013-05-09 00:00:00+05:30,40.65,40.65,39.1,39.15,23156
2013-05-10 00:00:00+05:30,38.1,39.5,38.1,39.15,196125
2013-05-11 00:00:00+05:30,39.2,39.5,39.05,39.4,11128
2013-05-13 00:00:00+05:30,40.7,40.7,38.5,38.85,36535
2013-05-14 00:00:00+05:30,38.85,39.7,38.6,39.1,30165
2013-05-15 00:00:00+05:30,39.8,40.35,39.15,39.8,57834
2013-05-16 00:00:00+05:30,39.9,40.4,39.5,39.7,321926
2013-05-17 00:00:00+05:30,39.75,40.8,39.7,40.3,36914
2013-05-20 00:00:00+05:30,40.8,41.1,39.7,39.9,377133
2013-05-21 00:00:00+05:30,40.35,42.7,39.05,41.85,359914
2013-05-22 00:00:00+05:30,43.5,47.4,40.15,40.8,4292765
2013-05-23 00:00:00+05:30,40.95,42.0,39.5,41.05,620610
2013-05-24 00:00:00+05:30,42.25,42.9,40.9,41.4,136134
2013-05-27 00:00:00+05:30,42.35,42.5,39.7,40.35,359860
2013-05-28 00:00:00+05:30,41.2,41.35,40.1,40.25,195996
2013-05-29 00:00:00+05:30,40.7,41.3,40.1,40.55,139770
2013-05-30 00:00:00+05:30,40.2,40.85,40.2,40.45,47510
2013-05-31 00:00:00+05:30,40.0,40.75,40.0,40.35,121725
2013-06-03 00:00:00+05:30,40.6,42.3,40.2,40.75,306208
2013-06-04 00:00:00+05:30,40.9,41.2,40.0,40.3,50556
2013-06-05 00:00:00+05:30,40.6,41.05,40.15,40.25,52470
2013-06-06 00:00:00+05:30,40.45,40.45,39.75,40.05,40821
2013-06-07 00:00:00+05:30,40.0,40.75,39.8,40.2,54943
2013-06-10 00:00:00+05:30,40.15,40.95,39.0,39.45,55129
2013-06-11 00:00:00+05:30,40.6,40.6,38.5,38.7,423331
2013-06-12 00:00:00+05:30,38.95,39.35,38.5,38.9,408260
2013-06-13 00:00:00+05:30,39.35,39.5,38.4,38.75,422125
2013-06-14 00:00:00+05:30,39.15,39.45,38.55,38.65,24637
2013-06-17 00:00:00+05:30,40.2,40.2,38.3,38.45,46003
2013-06-18 00:00:00+05:30,38.0,39.25,38.0,38.2,33750
2013-06-19 00:00:00+05:30,38.1,39.0,37.8,38.3,58762
2013-06-20 00:00:00+05:30,38.45,38.5,37.35,38.3,198835
2013-06-21 00:00:00+05:30,37.8,39.4,37.4,38.3,97482
2013-06-24 00:00:00+05:30,38.4,38.4,35.2,36.55,41158
2013-06-25 00:00:00+05:30,36.05,36.75,35.5,35.95,29398
2013-06-26 00:00:00+05:30,36.05,36.5,35.0,35.3,25753
2013-06-27 00:00:00+05:30,35.5,36.35,35.0,36.0,57497
2013-06-28 00:00:00+05:30,36.0,36.8,35.65,35.75,38331
2013-07-01 00:00:00+05:30,36.0,38.3,36.0,37.7,66185
2013-07-02 00:00:00+05:30,37.8,38.25,37.3,37.6,26213
2013-07-03 00:00:00+05:30,37.5,38.7,37.0,38.3,138806
2013-07-04 00:00:00+05:30,38.8,38.8,38.05,38.2,21579
2013-07-05 00:00:00+05:30,38.9,38.9,37.8,37.85,30729
2013-07-08 00:00:00+05:30,37.2,38.15,37.2,37.95,13388
2013-07-09 00:00:00+05:30,38.2,38.9,37.75,38.0,15028
2013-07-10 00:00:00+05:30,37.3,38.65,37.3,37.7,34325
2013-07-11 00:00:00+05:30,37.7,38.25,37.65,37.8,17938
2013-07-12 00:00:00+05:30,37.05,37.95,37.05,37.75,12036
2013-07-15 00:00:00+05:30,38.4,38.4,37.05,37.5,48285
2013-07-16 00:00:00+05:30,38.45,38.45,37.2,37.3,16521
2013-07-17 00:00:00+05:30,38.25,43.5,38.05,39.4,723306
2013-07-18 00:00:00+05:30,39.5,39.85,37.65,37.9,122080
2013-07-19 00:00:00+05:30,38.75,38.95,37.6,38.25,58821
2013-07-22 00:00:00+05:30,39.85,39.85,38.55,38.9,40493
2013-07-23 00:00:00+05:30,39.0,41.45,39.0,40.2,314900
2013-07-24 00:00:00+05:30,40.25,41.15,38.7,38.8,254216
2013-07-25 00:00:00+05:30,38.85,38.85,38.05,38.1,53886
2013-07-26 00:00:00+05:30,39.5,39.5,35.4,36.25,149274
2013-07-29 00:00:00+05:30,36.0,36.9,35.8,36.0,60523
2013-07-30 00:00:00+05:30,36.4,36.4,35.3,35.4,34565
2013-07-31 00:00:00+05:30,34.25,35.5,34.0,34.2,26571
2013-08-01 00:00:00+05:30,36.0,36.0,32.0,33.7,59944
2013-08-02 00:00:00+05:30,33.5,33.5,32.25,33.0,53006
2013-08-05 00:00:00+05:30,35.75,35.75,32.25,32.45,50396
2013-08-06 00:00:00+05:30,32.05,32.85,30.7,31.55,71868
2013-08-07 00:00:00+05:30,32.0,32.25,30.1,31.0,85719
2013-08-08 00:00:00+05:30,35.8,35.8,30.9,31.35,29407
2013-08-12 00:00:00+05:30,32.0,35.25,31.6,34.65,125162
2013-08-13 00:00:00+05:30,34.4,35.45,33.55,33.95,38240
2013-08-14 00:00:00+05:30,33.75,34.2,32.25,32.65,24798
2013-08-16 00:00:00+05:30,32.75,34.8,32.0,33.75,54075
2013-08-19 00:00:00+05:30,34.0,34.0,31.95,32.75,69891
2013-08-20 00:00:00+05:30,32.55,33.3,31.1,32.75,89299
2013-08-21 00:00:00+05:30,33.5,34.55,31.25,31.55,182772
2013-08-22 00:00:00+05:30,31.25,32.9,31.15,32.8,38440
2013-08-23 00:00:00+05:30,33.0,35.7,33.0,34.65,75267
2013-08-26 00:00:00+05:30,36.45,36.5,35.05,35.35,522774
2013-08-27 00:00:00+05:30,35.8,36.0,34.5,34.9,120118
2013-08-28 00:00:00+05:30,35.0,35.0,32.5,33.6,45925
2013-08-29 00:00:00+05:30,34.8,35.05,33.0,33.2,42428
2013-08-30 00:00:00+05:30,33.15,35.0,33.15,34.3,42179
2013-09-02 00:00:00+05:30,35.5,36.1,33.6,35.2,86238
2013-09-03 00:00:00+05:30,35.55,35.55,34.05,34.35,33867
2013-09-04 00:00:00+05:30,33.65,36.2,33.65,34.25,23361
2013-09-05 00:00:00+05:30,34.9,35.9,34.5,34.95,25445
2013-09-06 00:00:00+05:30,35.0,35.5,34.0,35.15,29329
2013-09-10 00:00:00+05:30,34.9,35.9,34.6,35.1,30422
2013-09-11 00:00:00+05:30,35.0,35.1,34.4,34.95,22738
2013-09-12 00:00:00+05:30,34.85,35.3,34.25,34.4,24049
2013-09-13 00:00:00+05:30,34.1,35.4,34.1,35.1,33398
2013-09-16 00:00:00+05:30,36.5,36.5,34.6,34.75,16256
2013-09-17 00:00:00+05:30,35.0,36.3,34.75,35.2,21477
2013-09-18 00:00:00+05:30,35.0,35.5,34.6,34.75,16916
2013-09-19 00:00:00+05:30,35.0,36.0,34.7,35.6,64492
2013-09-20 00:00:00+05:30,35.0,37.7,34.9,36.95,275181
2013-09-23 00:00:00+05:30,36.5,36.5,35.0,35.55,28101
2013-09-24 00:00:00+05:30,35.55,35.85,35.2,35.35,33715
2013-09-25 00:00:00+05:30,35.25,36.9,35.05,35.7,72542
2013-09-26 00:00:00+05:30,35.75,36.0,35.1,35.3,22135
2013-09-27 00:00:00+05:30,34.5,35.7,34.5,34.85,38247
2013-09-30 00:00:00+05:30,35.1,35.7,33.95,34.55,33840
2013-10-01 00:00:00+05:30,35.0,35.0,33.6,34.75,4271
2013-10-03 00:00:00+05:30,35.9,35.9,34.9,35.05,23082
2013-10-04 00:00:00+05:30,35.25,35.55,34.1,34.35,27030
2013-10-07 00:00:00+05:30,34.0,35.0,34.0,34.3,11998
2013-10-08 00:00:00+05:30,35.0,35.25,34.7,35.0,26254
2013-10-09 00:00:00+05:30,34.8,35.25,34.55,35.05,16987
2013-10-10 00:00:00+05:30,35.8,35.85,35.1,35.4,26043
2013-10-11 00:00:00+05:30,35.1,39.75,35.1,39.1,324622
2013-10-14 00:00:00+05:30,39.0,39.2,35.4,36.35,413384
2013-10-15 00:00:00+05:30,36.65,36.95,35.9,36.55,59535
2013-10-17 00:00:00+05:30,36.7,37.4,35.8,36.75,47634
2013-10-18 00:00:00+05:30,37.85,38.6,37.0,38.15,141774
2013-10-21 00:00:00+05:30,38.5,39.0,38.1,38.3,46593
2013-10-22 00:00:00+05:30,38.3,38.6,37.0,38.05,24781
2013-10-23 00:00:00+05:30,38.6,40.45,38.3,39.1,386033
2013-10-24 00:00:00+05:30,39.25,40.0,38.25,38.5,124406
2013-10-25 00:00:00+05:30,39.0,39.0,37.2,37.75,21758
2013-10-28 00:00:00+05:30,37.6,39.0,37.4,38.55,20128
2013-10-29 00:00:00+05:30,39.0,39.6,38.25,39.5,40585
2013-10-30 00:00:00+05:30,40.0,46.0,39.55,42.45,1233843
2013-10-31 00:00:00+05:30,43.55,43.55,40.25,41.15,169458
2013-11-01 00:00:00+05:30,40.8,42.5,40.8,41.8,255609
2013-11-03 00:00:00+05:30,42.9,42.9,41.55,41.7,22284
2013-11-05 00:00:00+05:30,41.7,48.0,41.3,46.45,503679
2013-11-06 00:00:00+05:30,46.4,49.2,45.75,46.2,295733
2013-11-07 00:00:00+05:30,44.5,47.0,44.5,45.75,132587
2013-11-08 00:00:00+05:30,45.0,47.0,45.0,46.05,122123
2013-11-11 00:00:00+05:30,46.3,46.45,45.65,46.1,75242
2013-11-12 00:00:00+05:30,46.1,47.7,45.5,45.6,53242
2013-11-13 00:00:00+05:30,45.55,46.5,45.1,45.3,40016
2013-11-14 00:00:00+05:30,45.3,46.5,45.25,46.15,18877
2013-11-18 00:00:00+05:30,46.15,46.5,45.3,45.5,36329
2013-11-19 00:00:00+05:30,45.65,49.1,45.3,47.1,219807
2013-11-20 00:00:00+05:30,47.1,47.9,46.3,46.5,112861
2013-11-21 00:00:00+05:30,46.05,47.8,46.05,46.65,67201
2013-11-22 00:00:00+05:30,46.05,47.25,46.05,46.7,70241
2013-11-25 00:00:00+05:30,46.0,46.9,45.8,46.1,70675
2013-11-26 00:00:00+05:30,45.8,51.65,45.8,46.65,1050425
2013-11-27 00:00:00+05:30,47.25,47.75,46.35,46.6,135037
2013-11-28 00:00:00+05:30,46.1,48.5,46.1,47.85,365173
2013-11-29 00:00:00+05:30,47.1,49.95,47.1,48.45,312762
2013-12-02 00:00:00+05:30,48.5,49.7,48.2,48.35,116109
2013-12-03 00:00:00+05:30,48.5,49.0,47.5,47.65,83767
2013-12-04 00:00:00+05:30,47.0,48.5,47.0,47.85,71913
2013-12-05 00:00:00+05:30,49.0,49.4,47.65,48.0,125548
2013-12-06 00:00:00+05:30,48.0,49.2,47.5,48.05,199199
2013-12-09 00:00:00+05:30,49.5,49.5,47.55,47.75,48854
2013-12-10 00:00:00+05:30,47.05,48.5,47.05,48.15,100293
2013-12-11 00:00:00+05:30,47.15,49.65,47.15,48.1,231601
2013-12-12 00:00:00+05:30,48.85,48.85,47.6,47.8,95699
2013-12-13 00:00:00+05:30,47.3,48.0,46.5,46.75,76261
2013-12-16 00:00:00+05:30,45.6,47.65,45.6,47.4,47086
2013-12-17 00:00:00+05:30,48.0,48.4,46.85,47.45,49447
2013-12-18 00:00:00+05:30,47.0,48.2,47.0,47.65,40566
2013-12-19 00:00:00+05:30,48.0,52.7,47.1,51.7,946314
2013-12-20 00:00:00+05:30,52.3,55.5,51.5,54.2,1111193
2013-12-23 00:00:00+05:30,53.55,57.15,53.25,55.7,810441
2013-12-24 00:00:00+05:30,56.2,56.2,53.85,54.75,213799
2013-12-26 00:00:00+05:30,54.3,57.5,54.0,56.8,317194
2013-12-27 00:00:00+05:30,56.05,61.4,55.1,60.3,1426693
2013-12-30 00:00:00+05:30,60.5,63.35,58.1,62.2,1405048
2013-12-31 00:00:00+05:30,61.65,63.35,59.85,60.25,417310
2014-01-01 00:00:00+05:30,60.0,62.8,59.25,61.45,476623
2014-01-02 00:00:00+05:30,61.5,63.5,56.35,57.15,611858
2014-01-03 00:00:00+05:30,58.5,59.5,56.5,59.15,204199
2014-01-06 00:00:00+05:30,60.0,60.0,57.1,58.05,276777
2014-01-07 00:00:00+05:30,58.1,60.7,56.8,60.3,499412
2014-01-08 00:00:00+05:30,60.0,63.3,59.5,61.1,572300
2014-01-09 00:00:00+05:30,59.0,62.1,57.8,58.1,286614
2014-01-10 00:00:00+05:30,58.25,59.8,57.4,58.55,498424
2014-01-13 00:00:00+05:30,59.45,61.8,58.9,60.5,643313
2014-01-14 00:00:00+05:30,60.0,61.2,59.2,59.35,199749
2014-01-15 00:00:00+05:30,59.35,60.05,58.6,59.1,161929
2014-01-16 00:00:00+05:30,59.0,60.95,57.7,60.55,264421
2014-01-17 00:00:00+05:30,60.0,62.8,58.55,59.15,740628
2014-01-20 00:00:00+05:30,60.8,60.8,58.85,59.7,204374
2014-01-21 00:00:00+05:30,60.0,61.1,59.75,60.1,265920
2014-01-22 00:00:00+05:30,60.05,62.2,59.6,61.75,398953
2014-01-23 00:00:00+05:30,62.4,62.85,61.5,62.1,357071
2014-01-24 00:00:00+05:30,62.2,62.25,60.1,60.75,254762
2014-01-27 00:00:00+05:30,59.9,60.9,50.0,52.25,1659641
2014-01-28 00:00:00+05:30,51.0,53.85,48.55,51.15,563376
2014-01-29 00:00:00+05:30,50.5,53.4,48.55,52.0,312867
2014-01-30 00:00:00+05:30,50.0,51.5,50.0,50.9,179887
2014-01-31 00:00:00+05:30,51.35,51.5,49.1,49.4,218636
2014-02-03 00:00:00+05:30,50.7,50.7,47.8,48.25,121406
2014-02-04 00:00:00+05:30,48.0,49.4,46.15,48.0,210324
2014-02-05 00:00:00+05:30,48.2,53.3,47.65,50.55,335550
2014-02-06 00:00:00+05:30,51.45,51.85,50.1,50.5,74027
2014-02-07 00:00:00+05:30,50.45,52.4,50.45,51.3,179606
2014-02-10 00:00:00+05:30,51.5,51.7,49.75,49.95,62402
2014-02-11 00:00:00+05:30,49.15,50.9,49.15,49.95,65868
2014-02-12 00:00:00+05:30,49.25,50.85,49.1,49.55,89128
2014-02-13 00:00:00+05:30,49.0,50.35,48.8,48.9,35143
2014-02-14 00:00:00+05:30,48.7,50.2,48.1,48.45,132623
2014-02-17 00:00:00+05:30,48.6,49.7,47.25,48.75,132895
2014-02-18 00:00:00+05:30,47.9,49.6,47.9,48.25,43094
2014-02-19 00:00:00+05:30,47.6,48.8,47.6,48.45,90891
2014-02-20 00:00:00+05:30,47.55,49.0,47.55,48.85,33110
2014-02-21 00:00:00+05:30,48.4,49.85,46.7,48.8,97497
2014-02-24 00:00:00+05:30,48.5,50.4,47.8,49.55,385740
2014-02-25 00:00:00+05:30,49.45,49.8,48.05,48.4,98016
2014-02-26 00:00:00+05:30,48.1,48.9,47.75,47.9,72489
2014-02-28 00:00:00+05:30,47.35,48.45,47.35,47.55,100785
2014-03-03 00:00:00+05:30,48.6,51.5,47.8,48.3,336831
2014-03-04 00:00:00+05:30,48.5,49.0,47.65,47.85,249221
2014-03-05 00:00:00+05:30,48.0,48.75,47.65,48.2,168470
2014-03-06 00:00:00+05:30,47.95,49.5,47.95,48.25,190381
2014-03-07 00:00:00+05:30,47.8,49.5,47.8,48.65,216409
2014-03-10 00:00:00+05:30,48.75,51.5,48.5,50.25,386359
2014-03-11 00:00:00+05:30,50.25,51.35,48.55,49.05,177423
2014-03-12 00:00:00+05:30,49.0,51.15,48.85,49.1,198931
2014-03-13 00:00:00+05:30,49.95,49.95,47.3,47.55,164387
2014-03-14 00:00:00+05:30,47.1,48.5,46.8,48.2,166666
2014-03-18 00:00:00+05:30,49.45,49.45,47.4,47.6,77750
2014-03-19 00:00:00+05:30,48.0,49.35,47.55,49.0,164992
2014-03-20 00:00:00+05:30,49.0,49.5,47.6,47.75,62207
2014-03-21 00:00:00+05:30,47.85,49.5,47.85,48.35,168018
2014-03-22 00:00:00+05:30,48.65,48.8,48.25,48.65,10075
2014-03-24 00:00:00+05:30,48.5,49.5,48.5,48.95,105197
2014-03-25 00:00:00+05:30,48.5,49.0,48.2,48.4,67699
2014-03-26 00:00:00+05:30,48.5,49.25,47.75,48.0,141664
2014-03-27 00:00:00+05:30,48.75,52.5,47.95,51.0,905884
2014-03-28 00:00:00+05:30,51.9,51.9,49.75,50.1,261473
2014-03-31 00:00:00+05:30,49.6,51.95,49.6,50.65,212543
2014-04-01 00:00:00+05:30,51.4,52.1,50.05,51.7,165755
2014-04-02 00:00:00+05:30,51.5,54.95,51.5,54.4,519871
2014-04-03 00:00:00+05:30,54.5,54.7,52.5,52.8,167645
2014-04-04 00:00:00+05:30,52.55,55.5,52.0,54.8,412692
2014-04-07 00:00:00+05:30,55.8,62.2,55.8,60.45,2137809
2014-04-09 00:00:00+05:30,60.7,67.0,59.6,64.95,2397643
2014-04-10 00:00:00+05:30,64.75,64.8,61.3,62.25,444192
2014-04-11 00:00:00+05:30,62.0,63.35,60.45,62.05,203840
2014-04-15 00:00:00+05:30,62.05,62.9,59.85,60.8,219416
2014-04-16 00:00:00+05:30,60.0,62.3,58.9,59.95,287723
2014-04-17 00:00:00+05:30,59.1,61.85,59.1,61.05,145408
2014-04-21 00:00:00+05:30,61.0,62.4,60.55,61.3,295465
2014-04-22 00:00:00+05:30,60.75,64.4,60.75,62.85,625757
2014-04-23 00:00:00+05:30,63.4,64.9,62.5,63.45,599460
2014-04-25 00:00:00+05:30,63.5,64.4,61.55,62.8,406936
2014-04-28 00:00:00+05:30,62.2,64.0,61.55,63.0,378769
2014-04-29 00:00:00+05:30,64.25,65.8,62.5,62.9,1063961
2014-04-30 00:00:00+05:30,63.65,69.55,63.0,68.1,2639877
2014-05-02 00:00:00+05:30,69.0,78.95,68.6,77.95,6265970
2014-05-05 00:00:00+05:30,78.7,81.6,75.8,77.35,3305502
2014-05-06 00:00:00+05:30,77.7,79.4,75.15,75.8,1328944
2014-05-07 00:00:00+05:30,75.8,78.8,74.1,76.55,842324
2014-05-08 00:00:00+05:30,77.0,77.85,75.4,76.05,395729
2014-05-09 00:00:00+05:30,75.35,77.75,75.35,75.65,367286
2014-05-12 00:00:00+05:30,76.35,76.9,72.85,73.7,285573
2014-05-13 00:00:00+05:30,75.35,81.5,74.0,79.0,1351420
2014-05-14 00:00:00+05:30,78.95,81.5,77.1,79.65,3080291
2014-05-15 00:00:00+05:30,81.4,84.7,79.5,83.4,5515904
2014-05-16 00:00:00+05:30,85.5,88.2,83.0,86.15,2032032
2014-05-19 00:00:00+05:30,87.0,91.0,86.65,89.35,1503109
2014-05-20 00:00:00+05:30,89.7,93.9,85.5,90.85,1454704
2014-05-21 00:00:00+05:30,91.3,96.8,90.5,94.75,1838287
2014-05-22 00:00:00+05:30,95.85,98.5,94.15,96.2,1369347
2014-05-23 00:00:00+05:30,97.2,99.3,95.5,96.85,939430
2014-05-26 00:00:00+05:30,97.3,102.25,90.0,93.05,2150527
2014-05-27 00:00:00+05:30,93.2,97.5,88.75,92.9,1118986
2014-05-28 00:00:00+05:30,92.3,93.7,90.9,91.85,566679
2014-05-29 00:00:00+05:30,91.05,94.4,90.2,93.3,884915
2014-05-30 00:00:00+05:30,104.0,111.95,98.25,111.95,11194041
2014-06-02 00:00:00+05:30,115.0,115.7,106.7,108.9,2975121
2014-06-03 00:00:00+05:30,108.6,116.4,105.5,115.05,2996313
2014-06-04 00:00:00+05:30,115.8,118.7,113.15,115.0,1366635
2014-06-05 00:00:00+05:30,115.4,115.9,108.95,111.05,1071793
2014-06-06 00:00:00+05:30,109.4,114.0,105.6,107.75,1582776
2014-06-09 00:00:00+05:30,108.45,112.0,107.9,109.55,2095706
2014-06-10 00:00:00+05:30,112.0,120.7,110.0,118.1,3650174
2014-06-11 00:00:00+05:30,118.75,121.4,110.2,112.95,1435781
2014-06-12 00:00:00+05:30,113.1,116.5,110.0,114.25,795675
2014-06-13 00:00:00+05:30,114.45,115.6,108.1,110.0,653161
2014-06-16 00:00:00+05:30,110.3,114.8,105.7,113.25,575709
2015-12-28 00:00:00+05:30,150.9,150.9,141.3,142.2,1205631
2015-12-29 00:00:00+05:30,142.6,146.15,139.25,140.7,841987
2015-12-30 00:00:00+05:30,141.0,143.7,139.0,139.6,475461
2015-12-31 00:00:00+05:30,140.0,140.9,136.7,137.35,337328
2016-01-01 00:00:00+05:30,137.65,143.5,137.5,140.65,499342
2016-01-04 00:00:00+05:30,140.0,142.4,136.1,137.35,481939
2016-01-05 00:00:00+05:30,138.35,144.5,137.3,143.45,938947
2016-01-06 00:00:00+05:30,143.45,146.7,141.0,143.05,864135
2016-01-07 00:00:00+05:30,140.7,141.8,135.55,136.45,507915
2016-01-08 00:00:00+05:30,137.85,139.75,136.3,138.0,335083
2016-01-11 00:00:00+05:30,135.3,137.7,133.5,136.6,281594
2016-01-12 00:00:00+05:30,135.0,141.2,135.0,137.4,487247
2016-01-13 00:00:00+05:30,138.85,140.75,128.15,132.7,611698
2016-01-14 00:00:00+05:30,129.9,130.65,124.6,126.7,681395
2016-01-15 00:00:00+05:30,127.9,129.15,120.0,120.9,458585
2016-01-18 00:00:00+05:30,121.8,122.7,103.6,110.1,658896
2016-01-19 00:00:00+05:30,111.4,118.7,110.0,116.0,440486
2016-01-20 00:00:00+05:30,114.0,116.7,111.15,114.75,268348
2016-01-21 00:00:00+05:30,118.0,118.75,113.75,116.85,280677
2016-01-22 00:00:00+05:30,119.3,128.05,117.05,126.25,478897
2016-01-25 00:00:00+05:30,129.3,131.9,127.1,128.35,339180
2016-01-27 00:00:00+05:30,129.0,129.7,125.0,125.5,195444
2016-01-28 00:00:00+05:30,125.5,127.0,124.25,125.15,163516
2016-01-29 00:00:00+05:30,126.25,128.75,124.25,126.85,199930
2016-02-01 00:00:00+05:30,126.2,126.2,121.7,122.25,261213
2016-02-02 00:00:00+05:30,122.3,123.6,117.0,118.05,175730
2016-02-03 00:00:00+05:30,116.35,122.4,112.5,119.5,401428
2016-02-04 00:00:00+05:30,121.05,126.25,118.6,121.3,265906
2016-02-05 00:00:00+05:30,123.5,125.35,121.5,122.75,201067
2016-02-08 00:00:00+05:30,122.95,124.5,119.1,119.5,212886
2016-02-09 00:00:00+05:30,117.05,119.5,116.45,117.75,187141
2016-02-10 00:00:00+05:30,117.0,117.9,113.75,115.75,209385
2016-02-11 00:00:00+05:30,116.0,116.75,108.6,110.95,421331
2016-02-12 00:00:00+05:30,113.0,113.0,107.5,110.35,428807
2016-02-15 00:00:00+05:30,113.0,116.4,112.8,114.15,235661
2016-02-16 00:00:00+05:30,118.3,121.25,110.5,112.05,448739
2016-02-17 00:00:00+05:30,113.0,114.65,108.6,113.55,195798
2016-02-18 00:00:00+05:30,117.0,118.5,113.25,115.35,262562
2016-02-19 00:00:00+05:30,116.25,116.5,113.7,115.5,134633
2016-02-22 00:00:00+05:30,115.65,119.15,115.6,117.75,185996
2016-02-23 00:00:00+05:30,118.75,118.9,113.0,114.3,201936
2016-02-24 00:00:00+05:30,115.0,115.0,111.9,112.7,113397
2016-02-25 00:00:00+05:30,114.15,114.15,110.75,111.3,109857
2016-02-26 00:00:00+05:30,113.1,113.4,109.85,110.35,163367
2016-02-29 00:00:00+05:30,109.15,111.4,106.0,107.25,266432
2016-03-01 00:00:00+05:30,108.8,110.2,105.8,109.6,191395
2016-03-02 00:00:00+05:30,111.55,114.6,111.25,112.45,210974
2016-03-03 00:00:00+05:30,113.7,114.0,109.2,109.8,306545
2016-03-04 00:00:00+05:30,111.3,111.45,107.4,107.85,344358
2016-03-08 00:00:00+05:30,108.95,110.4,105.75,106.65,494516
2016-03-09 00:00:00+05:30,106.0,108.85,105.7,106.95,273535
2016-03-10 00:00:00+05:30,107.5,108.65,106.0,106.85,297309
2016-03-11 00:00:00+05:30,107.15,108.25,105.5,105.85,239930
2016-03-14 00:00:00+05:30,107.0,107.35,105.5,105.8,263738
2016-03-15 00:00:00+05:30,106.25,106.25,104.05,104.35,384066
2016-03-16 00:00:00+05:30,104.85,104.85,102.8,103.8,193564
2016-03-17 00:00:00+05:30,104.7,105.2,102.6,102.8,217346
2016-03-18 00:00:00+05:30,103.15,104.0,102.25,102.95,193798
2016-03-21 00:00:00+05:30,103.5,110.7,101.55,107.65,1277820
2016-03-22 00:00:00+05:30,109.4,113.65,109.4,110.35,1529721
2016-03-23 00:00:00+05:30,110.7,110.7,107.4,108.35,394045
2016-03-28 00:00:00+05:30,109.8,111.0,105.5,106.25,406311
2016-03-29 00:00:00+05:30,107.0,107.15,104.1,104.55,484325
2016-03-30 00:00:00+05:30,105.4,107.45,105.05,106.6,249017
2016-03-31 00:00:00+05:30,106.8,107.4,104.8,105.75,181598
2016-04-01 00:00:00+05:30,105.85,111.45,105.7,110.85,561023
2016-04-04 00:00:00+05:30,111.0,112.55,110.15,111.65,298114
2016-04-05 00:00:00+05:30,111.6,111.6,107.35,108.2,203897
2016-04-06 00:00:00+05:30,108.85,109.8,107.65,109.2,126758
2016-04-07 00:00:00+05:30,110.9,114.7,110.6,111.75,597437
2016-04-08 00:00:00+05:30,111.85,113.4,110.95,112.25,206307
2016-04-11 00:00:00+05:30,112.75,113.1,111.05,111.55,129567
2016-04-12 00:00:00+05:30,112.1,125.85,112.0,122.5,2442452
2016-04-13 00:00:00+05:30,124.05,125.0,120.05,120.7,623075
2016-04-18 00:00:00+05:30,120.5,121.4,117.55,120.15,220782
2016-04-20 00:00:00+05:30,120.5,127.8,119.75,121.4,735730
2016-04-21 00:00:00+05:30,123.8,125.0,120.7,123.3,680310
2016-04-22 00:00:00+05:30,123.8,124.25,120.6,120.95,356433
2016-04-25 00:00:00+05:30,122.05,123.45,120.0,120.85,474276
2016-04-26 00:00:00+05:30,120.3,123.35,119.6,122.3,491740
2016-04-27 00:00:00+05:30,123.0,125.75,121.85,124.15,590038
2016-04-28 00:00:00+05:30,124.0,127.4,121.1,122.3,646281
2016-04-29 00:00:00+05:30,123.5,126.8,119.2,122.9,691811
2016-05-02 00:00:00+05:30,127.0,129.0,124.15,124.7,1233555
2016-05-03 00:00:00+05:30,125.4,126.0,120.5,121.7,430312
2016-05-04 00:00:00+05:30,121.0,122.0,117.3,118.15,268162
2016-05-05 00:00:00+05:30,118.75,120.8,118.65,119.8,234968
2016-05-06 00:00:00+05:30,119.0,120.55,117.3,118.1,197770
2016-05-09 00:00:00+05:30,118.0,119.8,116.75,117.15,266708
2016-05-10 00:00:00+05:30,117.0,119.0,116.1,116.75,215696
2016-05-11 00:00:00+05:30,115.0,116.6,114.5,116.1,190387
2016-05-12 00:00:00+05:30,116.65,117.95,115.0,116.8,294716
2016-05-13 00:00:00+05:30,116.05,116.5,113.5,113.85,299394
2016-05-16 00:00:00+05:30,114.65,114.65,110.0,110.5,334435
2016-05-17 00:00:00+05:30,111.15,115.5,111.0,113.55,604053
2016-05-18 00:00:00+05:30,112.6,115.35,111.8,114.25,185948
2016-05-19 00:00:00+05:30,114.25,115.25,112.6,113.25,140202
2016-05-20 00:00:00+05:30,113.5,113.9,111.1,112.0,101970
2016-05-23 00:00:00+05:30,113.0,113.65,111.1,111.65,96211
2016-05-24 00:00:00+05:30,111.95,111.95,109.4,110.35,124924
2016-05-25 00:00:00+05:30,111.05,112.8,111.0,112.05,137956
2016-05-26 00:00:00+05:30,112.0,113.9,112.0,113.0,149626
2016-05-27 00:00:00+05:30,113.25,115.45,111.75,113.8,264475
2016-05-30 00:00:00+05:30,114.0,114.65,111.2,111.8,282699
2016-05-31 00:00:00+05:30,111.65,113.4,110.6,111.7,199313
2016-06-01 00:00:00+05:30,112.0,115.4,111.3,112.45,400597
2016-06-02 00:00:00+05:30,112.0,112.8,111.25,111.8,151697
2016-06-03 00:00:00+05:30,112.5,112.95,110.0,110.2,445072
2016-06-06 00:00:00+05:30,110.8,119.7,109.95,118.9,1684765
2016-06-07 00:00:00+05:30,120.0,122.8,117.75,122.15,779352
2016-06-08 00:00:00+05:30,125.0,139.3,125.0,128.75,11437342
2016-06-09 00:00:00+05:30,127.55,130.0,124.55,125.8,1492065
2016-06-10 00:00:00+05:30,125.1,127.8,123.45,124.1,781812
2016-06-13 00:00:00+05:30,121.5,122.5,118.05,120.0,711732
2016-06-14 00:00:00+05:30,120.9,124.9,120.2,122.8,1111478
2016-06-15 00:00:00+05:30,123.4,125.45,120.9,121.9,765724
2016-06-16 00:00:00+05:30,120.0,120.45,118.5,119.25,405329
2016-06-17 00:00:00+05:30,121.0,123.0,118.4,118.75,610993
2016-06-20 00:00:00+05:30,117.5,126.5,117.0,122.9,2275498
2016-06-21 00:00:00+05:30,124.0,124.0,121.0,122.0,525699
2016-06-22 00:00:00+05:30,122.4,122.7,120.55,121.7,531894
2016-06-23 00:00:00+05:30,123.65,124.35,121.0,121.4,578152
2016-06-24 00:00:00+05:30,117.0,119.35,111.5,117.7,677951
2016-06-27 00:00:00+05:30,117.0,120.4,116.75,118.8,366460
2016-06-28 00:00:00+05:30,119.15,123.85,118.5,121.85,577334
2016-06-29 00:00:00+05:30,122.7,125.75,121.65,123.05,537260
2016-06-30 00:00:00+05:30,123.7,125.0,122.1,123.05,243907
2016-07-01 00:00:00+05:30,123.9,125.9,123.0,124.0,474079
2016-07-04 00:00:00+05:30,124.85,129.2,124.1,128.25,1029635
2016-07-05 00:00:00+05:30,128.2,128.3,124.2,124.85,292254
2016-07-07 00:00:00+05:30,125.8,134.5,124.3,132.75,1390643
2016-07-08 00:00:00+05:30,132.0,132.0,127.25,128.35,421508
2016-07-11 00:00:00+05:30,129.95,129.95,125.05,125.8,360174
2016-07-12 00:00:00+05:30,126.4,127.55,125.1,125.85,277949
2016-07-13 00:00:00+05:30,126.35,129.25,125.6,126.75,290887
2016-07-14 00:00:00+05:30,126.7,127.7,125.3,126.0,351864
2016-07-15 00:00:00+05:30,126.4,126.8,122.85,123.1,268637
2016-07-18 00:00:00+05:30,123.9,127.95,123.55,125.05,508689
2016-07-19 00:00:00+05:30,125.9,129.0,125.0,126.1,374110
2016-07-20 00:00:00+05:30,126.6,127.5,125.6,126.7,205580
2016-07-21 00:00:00+05:30,127.0,128.4,125.1,125.75,179982
2016-07-22 00:00:00+05:30,126.2,127.8,125.2,125.75,208178
2016-07-25 00:00:00+05:30,126.0,128.8,125.75,126.6,387761
2016-07-26 00:00:00+05:30,126.8,128.2,125.5,125.75,172424
2016-07-27 00:00:00+05:30,127.4,128.5,126.2,126.95,258824
2016-07-28 00:00:00+05:30,132.0,133.0,127.8,129.3,726848
2016-07-29 00:00:00+05:30,129.3,130.4,125.5,126.0,411080
2016-08-01 00:00:00+05:30,120.0,122.4,115.0,120.85,2169335
2016-08-02 00:00:00+05:30,122.0,124.8,120.15,121.3,626160
2016-08-03 00:00:00+05:30,121.6,122.4,118.5,119.4,154688
2016-08-04 00:00:00+05:30,120.85,122.0,118.1,120.05,169016
2016-08-05 00:00:00+05:30,120.8,122.0,119.45,120.05,197125
2016-08-08 00:00:00+05:30,120.2,121.0,119.1,120.05,203168
2016-08-09 00:00:00+05:30,120.1,121.75,119.0,120.6,197201
2016-08-10 00:00:00+05:30,120.95,121.3,116.6,117.1,149007
2016-08-11 00:00:00+05:30,118.0,118.8,117.45,117.75,58632
2016-08-12 00:00:00+05:30,118.55,118.7,116.0,116.55,115993
2016-08-16 00:00:00+05:30,117.25,117.25,115.25,115.6,98261
2016-08-17 00:00:00+05:30,115.2,118.75,115.2,115.95,117735
2016-08-18 00:00:00+05:30,116.5,117.75,116.15,116.6,103997
2016-08-19 00:00:00+05:30,116.7,119.7,116.3,116.65,263342
2016-08-22 00:00:00+05:30,117.45,118.15,116.2,116.75,144133
2016-08-23 00:00:00+05:30,116.95,120.6,116.65,119.25,284434
2016-08-24 00:00:00+05:30,119.1,121.2,117.5,119.85,202040
2016-08-25 00:00:00+05:30,120.0,121.2,117.2,117.65,110000
2016-08-26 00:00:00+05:30,118.25,121.0,117.55,117.9,155197
2016-08-29 00:00:00+05:30,117.9,117.95,114.6,114.9,258776
2016-08-30 00:00:00+05:30,117.0,119.95,115.05,115.9,607255
2016-08-31 00:00:00+05:30,116.15,118.5,115.85,116.45,262178
2016-09-01 00:00:00+05:30,117.35,117.8,115.6,116.2,144821
2016-09-02 00:00:00+05:30,116.2,117.3,115.9,116.2,106347
2016-09-06 00:00:00+05:30,116.95,119.1,115.25,118.5,210993
2016-09-07 00:00:00+05:30,121.1,122.65,119.25,119.6,560271
2016-09-08 00:00:00+05:30,119.55,122.5,117.3,118.5,547055
2016-09-09 00:00:00+05:30,118.95,120.0,117.0,117.35,179949
2016-09-12 00:00:00+05:30,115.4,117.4,115.0,115.55,223935
2016-09-14 00:00:00+05:30,115.8,117.0,115.05,115.75,131215
2016-09-15 00:00:00+05:30,116.2,116.75,114.4,114.8,169583
2016-09-16 00:00:00+05:30,115.5,118.85,115.4,115.85,308150
2016-09-19 00:00:00+05:30,116.9,118.35,115.0,115.15,179828
2016-09-20 00:00:00+05:30,116.5,116.9,115.15,115.55,163055
2016-09-21 00:00:00+05:30,115.7,118.0,115.7,116.4,154882
2016-09-22 00:00:00+05:30,118.1,118.65,116.85,117.7,255545
2016-09-23 00:00:00+05:30,118.4,119.7,115.45,115.95,1080835
2016-09-26 00:00:00+05:30,115.95,116.85,115.0,115.7,200959
2016-09-27 00:00:00+05:30,116.25,117.4,115.65,115.95,190363
2016-09-28 00:00:00+05:30,116.25,116.65,115.6,115.8,154680
2016-09-29 00:00:00+05:30,116.4,117.25,108.5,109.25,475082
2016-09-30 00:00:00+05:30,109.3,112.0,109.0,111.2,147446
2016-10-03 00:00:00+05:30,112.2,116.5,112.05,115.75,313761
2016-10-04 00:00:00+05:30,116.0,116.7,114.0,114.9,135932
2016-10-05 00:00:00+05:30,115.45,116.5,114.0,114.85,179367
2016-10-06 00:00:00+05:30,115.05,118.2,114.55,115.2,277201
2016-10-07 00:00:00+05:30,115.25,115.7,114.5,114.7,96340
2016-10-10 00:00:00+05:30,114.75,116.45,114.75,115.3,103635
2016-10-13 00:00:00+05:30,115.0,116.25,113.0,113.4,128270
2016-10-14 00:00:00+05:30,114.35,117.35,113.6,116.55,238404
2016-10-17 00:00:00+05:30,118.0,118.45,113.5,114.0,328278
2016-10-18 00:00:00+05:30,114.6,115.65,114.0,114.25,185196
2016-10-19 00:00:00+05:30,114.8,116.3,114.1,115.3,171689
2016-10-20 00:00:00+05:30,115.7,122.5,115.05,121.1,927730
2016-10-21 00:00:00+05:30,121.5,122.75,119.0,119.6,597917
2016-10-24 00:00:00+05:30,120.0,122.7,119.7,120.2,199371
2016-10-25 00:00:00+05:30,119.7,120.7,118.0,118.4,103143
2016-10-26 00:00:00+05:30,118.75,119.4,115.65,116.1,237263
2016-10-27 00:00:00+05:30,116.0,116.35,115.0,115.25,147019
2016-10-28 00:00:00+05:30,115.6,117.95,115.5,116.0,634991
2016-10-30 00:00:00+05:30,117.0,120.0,117.0,119.65,227711
2016-11-01 00:00:00+05:30,121.0,121.65,116.1,116.45,503726
2016-11-02 00:00:00+05:30,115.0,116.6,115.0,116.1,154614
2016-11-03 00:00:00+05:30,116.9,118.55,116.1,116.6,254266
2016-11-04 00:00:00+05:30,116.9,117.35,113.1,114.5,248354
2016-11-07 00:00:00+05:30,116.2,117.65,115.05,116.4,173917
2016-11-08 00:00:00+05:30,117.5,118.2,115.15,115.8,126959
2016-11-09 00:00:00+05:30,105.0,114.4,102.75,113.05,399446
2016-11-10 00:00:00+05:30,115.5,119.4,115.0,118.1,339070
2016-11-11 00:00:00+05:30,116.85,118.5,113.85,114.2,257882
2016-11-15 00:00:00+05:30,114.35,115.85,108.1,109.0,227833
2016-11-16 00:00:00+05:30,111.0,111.0,107.15,107.9,107719
2016-11-17 00:00:00+05:30,108.35,108.7,106.85,107.45,74733
2016-11-18 00:00:00+05:30,107.5,109.7,107.1,108.25,99092
2016-11-21 00:00:00+05:30,108.5,109.2,101.5,102.9,277090
2016-11-22 00:00:00+05:30,103.95,105.75,103.1,103.85,121996
2016-11-23 00:00:00+05:30,105.4,106.5,103.8,106.2,105890
2016-11-24 00:00:00+05:30,105.9,109.9,105.0,109.25,102703
2016-11-25 00:00:00+05:30,108.1,111.0,108.1,109.7,326456
2016-11-28 00:00:00+05:30,109.7,110.55,108.7,109.05,204983
2016-11-29 00:00:00+05:30,109.1,113.25,108.55,108.8,237229
2016-11-30 00:00:00+05:30,108.9,112.2,108.65,111.1,270133
2016-12-01 00:00:00+05:30,111.15,112.0,109.45,109.8,64167
2016-12-02 00:00:00+05:30,109.5,109.5,108.35,108.75,49555
2016-12-05 00:00:00+05:30,108.6,110.0,108.1,109.15,52736
2016-12-06 00:00:00+05:30,109.2,116.4,109.2,114.3,355874
2016-12-07 00:00:00+05:30,114.3,115.5,111.05,111.6,69034
2016-12-08 00:00:00+05:30,112.25,113.8,112.25,112.8,66026
2016-12-09 00:00:00+05:30,113.5,118.8,113.5,116.05,397203
2016-12-12 00:00:00+05:30,116.0,116.9,114.2,114.7,84350
2016-12-13 00:00:00+05:30,115.5,117.9,112.0,113.05,125911
2016-12-14 00:00:00+05:30,113.85,114.8,111.2,111.65,86649
2016-12-15 00:00:00+05:30,110.05,117.5,110.0,116.7,305652
2016-12-16 00:00:00+05:30,117.0,118.7,114.4,115.15,205880
2016-12-19 00:00:00+05:30,115.1,117.65,114.7,115.65,137173
2016-12-20 00:00:00+05:30,116.0,116.75,112.5,112.85,90204
2016-12-21 00:00:00+05:30,113.6,114.65,111.2,111.6,92244
2016-12-22 00:00:00+05:30,111.9,113.05,109.2,109.9,94411
2016-12-23 00:00:00+05:30,110.75,112.7,109.05,110.6,133209
2016-12-26 00:00:00+05:30,111.0,111.25,107.1,108.45,110518
2016-12-27 00:00:00+05:30,109.0,109.9,107.55,108.75,70150
2016-12-28 00:00:00+05:30,109.75,110.8,108.1,108.35,99876
2016-12-29 00:00:00+05:30,108.65,110.55,108.6,109.25,80736
2016-12-30 00:00:00+05:30,108.8,111.0,108.8,109.65,87632
2017-01-02 00:00:00+05:30,109.95,110.85,109.15,110.45,53792
2017-01-03 00:00:00+05:30,111.0,114.3,110.65,113.1,192888
2017-01-04 00:00:00+05:30,113.65,114.8,112.45,113.1,96658
2017-01-05 00:00:00+05:30,113.5,114.6,113.5,113.9,101232
2017-01-06 00:00:00+05:30,113.9,115.7,113.4,113.8,117017
2017-01-09 00:00:00+05:30,113.8,118.8,113.3,117.95,318010
2017-01-10 00:00:00+05:30,121.0,124.6,120.25,121.85,1125139
2017-01-11 00:00:00+05:30,122.8,122.9,120.15,120.8,228939
2017-01-12 00:00:00+05:30,121.1,122.6,118.25,119.1,152882
2017-01-13 00:00:00+05:30,119.2,119.95,117.05,117.55,97290
2017-01-16 00:00:00+05:30,117.55,118.8,116.1,117.15,86535
2017-01-17 00:00:00+05:30,118.0,118.4,115.6,116.0,68248
2017-01-18 00:00:00+05:30,116.5,117.8,116.2,116.5,112120
2017-01-19 00:00:00+05:30,117.0,118.95,117.0,118.05,155406
2017-01-20 00:00:00+05:30,118.1,123.35,116.8,122.35,654194
2017-01-23 00:00:00+05:30,122.0,124.5,122.0,123.3,447252
2017-01-24 00:00:00+05:30,124.65,125.9,123.4,124.75,477128
2017-01-25 00:00:00+05:30,125.75,126.0,123.75,124.4,280920
2017-01-27 00:00:00+05:30,125.2,125.4,123.4,123.95,248354
2017-01-30 00:00:00+05:30,124.0,125.85,117.5,118.55,704957
2017-01-31 00:00:00+05:30,118.1,119.9,117.0,118.2,272999
2017-02-01 00:00:00+05:30,119.4,120.7,117.5,118.2,358702
2017-02-02 00:00:00+05:30,118.85,119.25,113.45,114.05,379922
2017-02-03 00:00:00+05:30,114.75,117.5,114.05,115.85,214746
2017-02-06 00:00:00+05:30,116.75,118.15,115.5,116.35,523894
2017-02-07 00:00:00+05:30,116.8,117.0,114.6,115.1,217858
2017-02-08 00:00:00+05:30,115.55,116.0,114.8,115.25,89354
2017-02-09 00:00:00+05:30,115.0,115.85,110.75,111.9,645926
2017-02-10 00:00:00+05:30,112.7,113.2,111.0,112.5,328365
2017-02-13 00:00:00+05:30,112.85,113.2,112.1,112.6,69596
2017-02-14 00:00:00+05:30,112.7,113.35,111.6,112.45,72673
2017-02-15 00:00:00+05:30,112.9,113.3,109.7,110.4,206249
2017-02-16 00:00:00+05:30,110.45,113.5,110.45,113.0,212517
2017-02-17 00:00:00+05:30,113.45,113.65,111.7,112.55,70511
2017-02-20 00:00:00+05:30,112.55,114.9,111.95,113.0,308829
2017-02-21 00:00:00+05:30,113.7,115.8,113.0,115.05,187945
2017-02-22 00:00:00+05:30,115.35,116.4,114.0,115.95,208764
2017-02-23 00:00:00+05:30,115.95,117.6,115.25,116.85,508521
2017-02-27 00:00:00+05:30,116.5,118.35,115.1,117.25,214563
2017-02-28 00:00:00+05:30,117.2,118.9,116.5,118.25,174953
2017-03-01 00:00:00+05:30,118.2,118.6,116.2,116.9,120552
2017-03-02 00:00:00+05:30,118.3,119.85,116.05,116.65,223879
2017-03-03 00:00:00+05:30,116.4,117.5,114.8,115.75,95442
2017-03-06 00:00:00+05:30,116.35,116.85,115.5,116.3,69496
2017-03-07 00:00:00+05:30,116.35,116.75,114.6,114.95,64613
2017-03-08 00:00:00+05:30,115.1,115.65,113.1,113.4,129829
2017-03-09 00:00:00+05:30,113.15,114.4,112.35,113.7,84548
2017-03-10 00:00:00+05:30,113.7,114.3,112.25,113.35,98222
2017-03-14 00:00:00+05:30,115.1,115.75,112.6,112.85,152178
2017-03-15 00:00:00+05:30,113.5,113.7,112.3,113.5,133881
2017-03-16 00:00:00+05:30,114.45,115.85,113.8,114.4,235707
2017-03-17 00:00:00+05:30,115.15,115.15,113.0,114.15,117010
2017-03-20 00:00:00+05:30,114.9,114.9,112.75,112.95,148032
2017-03-21 00:00:00+05:30,112.9,113.4,110.7,110.95,245223
2017-03-22 00:00:00+05:30,110.65,110.9,108.8,109.05,212264
2017-03-23 00:00:00+05:30,109.75,115.8,109.2,113.8,3655262
2017-03-24 00:00:00+05:30,114.5,116.4,114.15,114.65,302565
2017-03-27 00:00:00+05:30,114.1,115.2,112.5,112.8,190878
2017-03-28 00:00:00+05:30,113.45,114.25,111.7,112.05,159056
2017-03-29 00:00:00+05:30,112.5,112.55,110.6,111.3,215133
2017-03-30 00:00:00+05:30,111.15,112.4,110.6,111.2,268571
2017-03-31 00:00:00+05:30,111.9,113.9,110.25,111.0,410900
2017-04-03 00:00:00+05:30,112.0,113.9,112.0,112.5,299942
2017-04-05 00:00:00+05:30,112.9,114.5,112.2,112.65,446629
2017-04-06 00:00:00+05:30,112.9,118.0,112.65,115.95,1263320
2017-04-07 00:00:00+05:30,115.4,118.3,113.9,115.9,812631
2017-04-10 00:00:00+05:30,116.9,118.9,116.4,117.0,696502
2017-04-11 00:00:00+05:30,117.1,119.5,116.95,118.15,439084
2017-04-12 00:00:00+05:30,119.4,120.3,115.2,117.95,508560
2017-04-13 00:00:00+05:30,118.2,119.65,117.0,117.35,259828
2017-04-17 00:00:00+05:30,117.05,117.9,114.6,114.95,440038
2017-04-18 00:00:00+05:30,115.0,116.5,115.0,115.05,278860
2017-04-19 00:00:00+05:30,115.45,116.0,114.25,115.35,148405
2017-04-20 00:00:00+05:30,115.8,130.0,115.8,125.25,4537251
2017-04-21 00:00:00+05:30,122.8,125.8,121.0,123.15,934835
2017-04-24 00:00:00+05:30,123.15,128.3,122.7,127.7,991498
2017-04-25 00:00:00+05:30,129.5,130.65,125.25,126.7,524780
2017-04-26 00:00:00+05:30,126.55,128.1,122.0,123.5,429506
2017-04-27 00:00:00+05:30,123.7,128.75,121.6,125.75,615925
2017-04-28 00:00:00+05:30,124.85,130.0,123.0,127.55,564719
2017-05-02 00:00:00+05:30,135.0,137.2,128.5,131.15,1972519
2017-05-03 00:00:00+05:30,132.8,135.85,131.05,133.1,1122040
2017-05-04 00:00:00+05:30,134.1,137.9,133.3,133.7,956148
2017-05-05 00:00:00+05:30,134.0,135.35,127.2,130.4,681892
2017-05-08 00:00:00+05:30,131.8,135.9,130.55,134.7,622956
2017-05-09 00:00:00+05:30,137.9,141.9,133.4,140.8,2204300
2017-05-10 00:00:00+05:30,141.0,147.3,141.0,145.05,1751878
2017-05-11 00:00:00+05:30,146.6,147.1,137.35,138.65,1412100
2017-05-12 00:00:00+05:30,138.5,144.8,133.6,142.25,2129614
2017-05-15 00:00:00+05:30,142.25,144.35,138.5,139.35,700934
2017-05-16 00:00:00+05:30,140.0,141.9,135.9,136.9,579801
2017-05-17 00:00:00+05:30,136.85,142.7,135.75,139.8,882784
2017-05-18 00:00:00+05:30,137.0,138.95,133.7,134.75,485794
2017-05-19 00:00:00+05:30,135.95,137.4,132.5,134.0,404043
2017-05-22 00:00:00+05:30,137.6,139.0,130.75,131.3,607334
2017-05-23 00:00:00+05:30,131.9,133.3,126.6,128.4,423247
2017-05-24 00:00:00+05:30,129.0,129.9,125.0,127.05,386334
2017-05-25 00:00:00+05:30,130.0,133.95,129.2,133.1,558588
2017-05-26 00:00:00+05:30,132.2,136.6,131.9,135.8,340638
2017-05-29 00:00:00+05:30,135.0,135.8,130.3,131.0,178590
2017-05-30 00:00:00+05:30,131.0,132.7,128.4,130.7,193246
2017-05-31 00:00:00+05:30,131.5,133.9,129.15,132.5,187943
2017-06-01 00:00:00+05:30,132.6,134.5,131.5,131.95,136835
2017-06-02 00:00:00+05:30,132.6,133.95,131.85,133.4,203197
2017-06-05 00:00:00+05:30,133.7,142.0,132.35,140.85,858067
2017-06-06 00:00:00+05:30,142.4,142.4,137.0,137.9,308592
2017-06-07 00:00:00+05:30,138.8,143.5,137.0,142.7,661903
2017-06-08 00:00:00+05:30,143.0,143.8,139.15,142.9,643788
2017-06-09 00:00:00+05:30,142.4,149.25,141.0,145.9,1511452
2017-06-12 00:00:00+05:30,145.45,146.7,141.55,144.85,387027
2017-06-13 00:00:00+05:30,145.0,147.45,143.25,143.9,303604
2017-06-14 00:00:00+05:30,143.4,144.5,141.0,141.55,308889
2017-06-15 00:00:00+05:30,140.65,142.35,138.0,139.2,292899
2017-06-16 00:00:00+05:30,139.35,142.95,139.35,140.1,384296
2017-06-19 00:00:00+05:30,141.0,142.75,139.1,139.9,185898
2017-06-20 00:00:00+05:30,141.85,144.7,138.6,139.35,537593
2017-06-21 00:00:00+05:30,138.95,139.9,138.1,138.65,259655
2017-06-22 00:00:00+05:30,140.8,143.5,139.1,139.95,471330
2017-06-23 00:00:00+05:30,140.5,141.0,135.5,136.9,299604
2017-06-27 00:00:00+05:30,137.1,138.5,131.25,132.1,238511
2017-06-28 00:00:00+05:30,132.8,134.8,131.5,133.8,123350
2017-06-29 00:00:00+05:30,135.0,136.75,134.3,135.0,203315
2017-06-30 00:00:00+05:30,135.65,142.4,133.1,141.8,496529
2017-07-03 00:00:00+05:30,143.5,145.5,137.3,140.35,950988
2017-07-04 00:00:00+05:30,140.95,144.7,140.0,141.85,511512
2017-07-05 00:00:00+05:30,141.95,144.85,141.5,142.7,371486
2017-07-06 00:00:00+05:30,142.1,143.75,140.15,141.0,288721
2017-07-07 00:00:00+05:30,140.1,141.4,138.1,138.9,359769
2017-07-10 00:00:00+05:30,139.0,140.5,138.95,139.75,58365
2017-07-11 00:00:00+05:30,140.0,140.65,137.55,138.15,208908
2017-07-12 00:00:00+05:30,138.15,141.45,138.15,138.8,181992
2017-07-13 00:00:00+05:30,141.9,142.85,138.4,138.8,362775
2017-07-14 00:00:00+05:30,139.4,139.9,134.3,136.7,190917
2017-07-17 00:00:00+05:30,138.45,141.45,136.35,137.05,249914
2017-07-18 00:00:00+05:30,137.2,141.05,135.65,138.65,413258
2017-07-19 00:00:00+05:30,139.15,139.75,137.0,137.3,149622
2017-07-20 00:00:00+05:30,137.9,140.35,137.05,137.95,154087
2017-07-21 00:00:00+05:30,138.75,138.75,136.3,136.7,145616
2017-07-24 00:00:00+05:30,137.35,140.85,135.95,139.3,244215
2017-07-25 00:00:00+05:30,140.95,144.0,139.0,141.9,777855
2017-07-26 00:00:00+05:30,142.0,143.8,138.9,139.3,286539
2017-07-27 00:00:00+05:30,140.0,140.6,138.35,138.55,170568
2017-07-28 00:00:00+05:30,137.95,139.85,136.2,138.0,183835
2017-07-31 00:00:00+05:30,140.0,141.4,133.6,134.45,455713
2017-08-01 00:00:00+05:30,135.1,135.4,133.35,133.8,218300
2017-08-02 00:00:00+05:30,135.0,136.45,133.35,133.6,191713
2017-08-03 00:00:00+05:30,134.15,134.5,130.5,131.2,146843
2017-08-04 00:00:00+05:30,131.8,132.9,130.5,132.4,138801
2017-08-07 00:00:00+05:30,132.2,133.45,130.7,131.15,160957
2017-08-08 00:00:00+05:30,131.6,132.0,129.15,129.45,132479
2017-08-09 00:00:00+05:30,129.0,129.25,125.8,126.5,215579
2017-08-10 00:00:00+05:30,125.2,127.45,119.1,120.6,246537
2017-08-11 00:00:00+05:30,117.95,122.1,115.55,120.3,182194
2017-08-14 00:00:00+05:30,121.8,124.8,121.15,123.25,276735
2017-08-16 00:00:00+05:30,124.0,127.7,121.65,126.05,164044
2017-08-17 00:00:00+05:30,126.95,128.65,124.1,124.45,138702
2017-08-18 00:00:00+05:30,123.6,124.6,122.4,123.0,78495
2017-08-21 00:00:00+05:30,123.75,123.75,121.0,121.65,72828
2017-08-22 00:00:00+05:30,122.0,123.95,121.5,122.35,122085
2017-08-23 00:00:00+05:30,122.95,124.9,122.15,124.35,119579
2017-08-24 00:00:00+05:30,124.15,124.5,122.25,122.95,75855
2017-08-28 00:00:00+05:30,123.0,127.2,123.0,125.75,78113
2017-08-29 00:00:00+05:30,125.95,126.6,123.5,125.2,77125
2017-08-30 00:00:00+05:30,125.15,126.75,124.8,126.1,46997
2017-08-31 00:00:00+05:30,129.0,133.4,129.0,130.3,468100
2017-09-01 00:00:00+05:30,131.35,131.35,128.2,128.55,130692
2017-09-04 00:00:00+05:30,128.9,129.0,124.6,126.1,135779
2017-09-05 00:00:00+05:30,127.35,139.5,125.6,137.05,599839
2017-09-06 00:00:00+05:30,136.35,141.5,133.1,135.9,458188
2017-09-07 00:00:00+05:30,136.25,139.8,133.65,134.2,209144
2017-09-08 00:00:00+05:30,134.1,137.45,131.3,132.3,200459
2017-09-11 00:00:00+05:30,133.3,135.5,132.2,133.9,232395
2017-09-12 00:00:00+05:30,134.5,135.0,133.1,134.1,152849
2017-09-13 00:00:00+05:30,134.8,136.0,133.05,134.25,177560
2017-09-14 00:00:00+05:30,134.4,136.8,133.55,134.15,234671
2017-09-15 00:00:00+05:30,133.2,137.35,133.05,134.9,227933
2017-09-18 00:00:00+05:30,135.1,137.4,133.95,135.45,276785
2017-09-19 00:00:00+05:30,135.95,143.0,134.6,139.25,1361715
2017-09-20 00:00:00+05:30,140.0,143.9,135.6,136.1,1189947
2017-09-21 00:00:00+05:30,136.75,137.15,133.0,135.85,269740
2017-09-22 00:00:00+05:30,135.45,135.45,128.95,129.65,204287
2017-09-25 00:00:00+05:30,130.1,130.65,121.75,124.5,207907
2017-09-26 00:00:00+05:30,125.25,127.25,123.9,124.7,106315
2017-09-27 00:00:00+05:30,125.65,126.9,121.1,122.3,159108
2017-09-28 00:00:00+05:30,122.95,125.45,121.5,123.85,133456
2017-09-29 00:00:00+05:30,124.5,126.2,124.2,125.4,104252
2017-10-03 00:00:00+05:30,126.1,128.75,125.85,126.25,75645
2017-10-04 00:00:00+05:30,127.0,131.8,125.85,130.1,170277
2017-10-05 00:00:00+05:30,130.3,131.0,127.6,127.95,138388
2017-10-06 00:00:00+05:30,128.85,129.1,126.3,126.75,128538
2017-10-09 00:00:00+05:30,127.4,130.5,125.45,126.8,191681
2017-10-10 00:00:00+05:30,127.15,129.6,126.95,127.45,151893
2017-10-11 00:00:00+05:30,128.25,128.75,123.8,124.35,121202
2017-10-12 00:00:00+05:30,125.0,126.2,122.75,124.1,130852
2017-10-13 00:00:00+05:30,124.1,125.5,123.65,124.6,169925
2017-10-16 00:00:00+05:30,125.4,125.5,122.0,122.55,91150
2017-10-17 00:00:00+05:30,122.6,124.6,122.6,123.05,118601
2017-10-18 00:00:00+05:30,123.3,123.55,122.55,123.1,93054
2017-10-19 00:00:00+05:30,124.0,125.1,123.7,124.4,38410
2017-10-23 00:00:00+05:30,127.0,128.8,124.0,126.0,349018
2017-10-24 00:00:00+05:30,125.8,126.55,123.25,123.65,186240
2017-10-25 00:00:00+05:30,124.25,124.75,123.0,123.8,171542
2017-10-26 00:00:00+05:30,124.0,124.15,123.05,123.55,105545
2017-10-27 00:00:00+05:30,124.4,126.4,123.25,124.0,202197
2017-10-30 00:00:00+05:30,125.8,127.5,124.05,124.85,267132
2017-10-31 00:00:00+05:30,120.2,123.0,118.4,119.2,628931
2017-11-01 00:00:00+05:30,120.0,122.4,118.05,118.25,334210
2017-11-02 00:00:00+05:30,118.75,120.0,118.4,118.8,178781
2017-11-03 00:00:00+05:30,119.4,121.9,118.1,118.55,258294
2017-11-06 00:00:00+05:30,118.8,119.25,117.4,117.8,173093
2017-11-07 00:00:00+05:30,118.8,118.8,115.95,116.25,144942
2017-11-08 00:00:00+05:30,116.85,116.85,100.9,102.4,1385543
2017-11-09 00:00:00+05:30,102.95,109.7,102.0,108.3,1896927
2017-11-10 00:00:00+05:30,107.0,107.1,104.55,105.75,347010
2017-11-13 00:00:00+05:30,106.0,107.3,104.7,105.4,214307
2017-11-14 00:00:00+05:30,105.9,109.5,105.0,108.3,484353
2017-11-15 00:00:00+05:30,108.3,110.5,106.0,107.65,411172
2017-11-16 00:00:00+05:30,108.0,110.0,107.75,109.65,214911
2017-11-17 00:00:00+05:30,110.8,112.8,109.05,109.5,253894
2017-11-20 00:00:00+05:30,109.9,110.55,108.0,108.55,211012
2017-11-21 00:00:00+05:30,109.45,110.0,108.75,109.1,90241
2017-11-22 00:00:00+05:30,109.8,109.8,108.5,108.75,114215
2017-11-23 00:00:00+05:30,109.2,109.6,108.0,108.1,118514
2017-11-24 00:00:00+05:30,108.65,112.5,108.5,110.3,297472
2017-11-27 00:00:00+05:30,109.2,111.9,109.2,110.65,113162
2017-11-28 00:00:00+05:30,111.0,126.4,110.6,125.35,2958825
2017-11-29 00:00:00+05:30,127.8,128.5,118.0,118.7,2001287
2017-11-30 00:00:00+05:30,118.0,120.9,116.0,117.8,430968
2017-12-01 00:00:00+05:30,118.85,120.8,114.1,114.65,230599
2017-12-04 00:00:00+05:30,115.35,115.6,112.85,113.3,178957
2017-12-05 00:00:00+05:30,112.8,113.35,111.5,112.2,151545
2017-12-06 00:00:00+05:30,112.0,116.75,111.0,112.55,319144
2017-12-07 00:00:00+05:30,112.7,115.35,112.7,113.55,119518
2017-12-08 00:00:00+05:30,113.55,115.75,113.55,113.95,136979
2017-12-11 00:00:00+05:30,114.85,116.1,113.5,113.65,161714
2017-12-12 00:00:00+05:30,114.0,114.55,112.05,112.3,116252
2017-12-13 00:00:00+05:30,112.75,112.85,110.25,110.5,143506
2017-12-14 00:00:00+05:30,110.65,111.2,107.0,108.2,183549
2017-12-15 00:00:00+05:30,109.95,112.0,109.15,110.3,202362
2017-12-18 00:00:00+05:30,111.0,114.5,107.0,112.0,208531
2017-12-19 00:00:00+05:30,112.5,116.35,112.5,115.4,297982
2017-12-20 00:00:00+05:30,117.0,119.95,116.0,116.5,388341
2017-12-21 00:00:00+05:30,117.15,120.9,115.0,118.45,408260
2017-12-22 00:00:00+05:30,118.5,119.8,117.0,117.2,147517
2017-12-26 00:00:00+05:30,117.0,117.95,113.7,115.25,207491
2017-12-27 00:00:00+05:30,115.95,115.95,113.65,114.05,159832
2017-12-28 00:00:00+05:30,114.8,115.7,113.15,113.65,107439
2017-12-29 00:00:00+05:30,114.0,114.85,113.65,113.9,113862
2018-01-01 00:00:00+05:30,114.25,124.35,114.25,118.75,798949
2018-01-02 00:00:00+05:30,121.9,123.0,116.65,118.65,735931
2018-01-03 00:00:00+05:30,119.5,123.0,118.0,121.2,483586
2018-01-04 00:00:00+05:30,121.9,122.1,118.35,118.9,216016
2018-01-05 00:00:00+05:30,120.8,122.2,119.3,121.4,701986
2018-01-08 00:00:00+05:30,122.1,122.5,118.0,120.25,600175
2018-01-09 00:00:00+05:30,120.9,123.0,118.9,120.1,574523
2018-01-10 00:00:00+05:30,121.2,122.85,117.75,118.25,331667
2018-01-11 00:00:00+05:30,120.0,121.4,117.05,118.55,629690
2018-01-12 00:00:00+05:30,119.0,120.85,116.0,116.75,469331
2018-01-15 00:00:00+05:30,118.4,126.4,117.65,123.4,2542459
2018-01-16 00:00:00+05:30,126.6,128.7,121.05,121.7,2107602
2018-01-17 00:00:00+05:30,121.35,122.4,116.95,119.3,355021
2018-01-18 00:00:00+05:30,120.3,121.4,115.1,115.55,573092
2018-01-19 00:00:00+05:30,115.7,117.4,115.55,116.55,195760
2018-01-22 00:00:00+05:30,117.5,120.65,116.95,117.8,366317
2018-01-23 00:00:00+05:30,118.2,118.85,114.6,115.35,365938
2018-01-24 00:00:00+05:30,115.35,115.35,111.2,112.8,490301
2018-01-25 00:00:00+05:30,113.0,113.85,111.65,112.2,328865
2018-01-29 00:00:00+05:30,113.0,120.0,112.3,117.55,1222180
2018-01-30 00:00:00+05:30,117.6,117.6,113.3,113.7,560508
2018-01-31 00:00:00+05:30,114.6,115.0,112.5,114.05,363561
2018-02-01 00:00:00+05:30,115.1,115.5,110.1,112.3,479201
2018-02-02 00:00:00+05:30,110.0,112.0,106.0,107.95,539373
2018-02-05 00:00:00+05:30,106.25,109.6,105.5,107.9,355358
2018-02-06 00:00:00+05:30,101.9,106.65,99.0,104.35,333289
2018-02-07 00:00:00+05:30,106.0,107.9,104.5,105.3,274860
2018-02-08 00:00:00+05:30,106.8,108.95,106.1,106.65,298494
2018-02-09 00:00:00+05:30,104.0,106.95,102.9,105.55,576604
2018-02-12 00:00:00+05:30,106.9,109.3,106.4,107.25,242792
2018-02-14 00:00:00+05:30,108.2,109.7,107.25,107.65,350470
2018-02-15 00:00:00+05:30,108.85,109.0,106.1,106.55,344389
2018-02-16 00:00:00+05:30,107.0,107.7,104.0,104.95,685132
2018-02-19 00:00:00+05:30,105.2,105.95,101.7,101.95,346176
2018-02-20 00:00:00+05:30,102.4,104.75,94.0,95.35,1575748
2018-02-21 00:00:00+05:30,96.1,97.3,89.5,90.1,1416133
2018-02-22 00:00:00+05:30,89.2,94.65,87.5,91.2,1611030
2018-02-23 00:00:00+05:30,91.0,94.5,90.0,93.95,374613
2018-02-26 00:00:00+05:30,95.0,95.9,94.45,94.9,333396
2018-02-27 00:00:00+05:30,95.6,96.5,91.7,91.95,369593
2018-02-28 00:00:00+05:30,91.75,92.9,90.6,90.9,335812
2018-03-01 00:00:00+05:30,90.5,92.1,89.7,89.9,233393
2018-03-05 00:00:00+05:30,90.0,91.4,89.3,90.65,206744
2018-03-06 00:00:00+05:30,92.0,93.7,89.6,90.3,170497
2018-03-07 00:00:00+05:30,90.4,90.5,87.0,87.15,201198
2018-03-08 00:00:00+05:30,88.4,88.8,85.1,85.7,194515
2018-03-09 00:00:00+05:30,86.5,86.95,85.0,85.2,151387
2018-03-12 00:00:00+05:30,85.75,86.75,84.0,85.95,208568
2018-03-13 00:00:00+05:30,86.25,87.6,84.65,85.95,290843
2018-03-14 00:00:00+05:30,85.8,86.9,85.25,86.15,206573
2018-03-15 00:00:00+05:30,86.15,92.35,84.65,86.75,840151
2018-03-16 00:00:00+05:30,85.4,87.85,84.65,84.95,510038
2018-03-19 00:00:00+05:30,85.25,85.4,82.7,83.05,300618
2018-03-20 00:00:00+05:30,82.65,84.2,81.65,82.15,324011
2018-03-21 00:00:00+05:30,82.75,83.65,81.65,81.95,382064
2018-03-22 00:00:00+05:30,81.7,82.85,80.2,80.65,220063
2018-03-23 00:00:00+05:30,79.3,79.9,78.15,78.5,244591
2018-03-26 00:00:00+05:30,78.0,78.9,75.95,76.9,427937
2018-03-27 00:00:00+05:30,77.75,81.9,77.1,80.8,577519
2018-03-28 00:00:00+05:30,80.05,82.8,74.75,76.7,639402
2018-04-02 00:00:00+05:30,78.45,79.7,75.0,75.75,497462
2018-04-03 00:00:00+05:30,75.5,76.75,74.95,75.55,519520
2018-04-04 00:00:00+05:30,76.25,77.7,75.5,75.8,639014
2018-04-05 00:00:00+05:30,76.7,79.4,76.7,78.75,303895
2018-04-06 00:00:00+05:30,78.9,82.25,78.15,81.8,775761
2018-04-09 00:00:00+05:30,82.45,83.5,82.1,82.75,396210
2018-04-10 00:00:00+05:30,83.25,85.9,82.45,84.1,498783
2018-04-11 00:00:00+05:30,84.5,84.6,82.7,83.05,157583
2018-04-12 00:00:00+05:30,83.45,83.9,82.2,82.55,215198
2018-04-13 00:00:00+05:30,82.95,82.95,81.25,82.0,125169
2018-04-16 00:00:00+05:30,81.0,82.45,81.0,81.35,88217
2018-04-17 00:00:00+05:30,81.6,81.95,81.0,81.25,89693
2018-04-18 00:00:00+05:30,81.8,83.2,79.8,80.35,203224
2018-04-19 00:00:00+05:30,80.35,82.3,80.0,80.95,151759
2018-04-20 00:00:00+05:30,81.0,81.25,80.3,80.8,80988
2018-04-23 00:00:00+05:30,80.85,90.25,80.35,87.9,10064104
2018-04-24 00:00:00+05:30,90.5,101.95,88.5,98.0,6078825
2018-04-25 00:00:00+05:30,96.75,103.0,94.05,100.4,2481794
2018-04-26 00:00:00+05:30,100.4,104.0,98.65,101.15,1118132
2018-04-27 00:00:00+05:30,101.3,103.8,99.7,102.2,1135574
2018-04-30 00:00:00+05:30,102.8,109.7,102.2,108.3,1557980
2018-05-02 00:00:00+05:30,108.0,111.9,106.65,108.7,1426440
2018-05-03 00:00:00+05:30,109.6,110.05,105.05,106.85,534225
2018-05-04 00:00:00+05:30,106.1,109.4,101.15,102.15,588089
2018-05-07 00:00:00+05:30,102.9,103.4,99.3,100.75,288715
2018-05-08 00:00:00+05:30,101.3,104.85,101.1,101.7,237811
2018-05-09 00:00:00+05:30,102.15,102.15,99.5,100.0,167046
2018-05-10 00:00:00+05:30,101.0,101.4,97.15,97.4,268083
2018-05-11 00:00:00+05:30,97.5,100.95,96.2,96.75,359469
2018-05-14 00:00:00+05:30,97.95,99.2,94.1,94.6,142268
2018-05-15 00:00:00+05:30,95.0,99.0,93.0,95.8,313614
2018-05-16 00:00:00+05:30,95.8,98.95,93.15,96.45,228017
2018-05-17 00:00:00+05:30,98.85,98.85,93.75,94.85,269957
2018-05-18 00:00:00+05:30,94.05,96.25,85.1,90.2,329783
2018-05-21 00:00:00+05:30,90.0,92.75,89.5,90.55,210883
2018-05-22 00:00:00+05:30,90.5,98.35,88.5,95.45,391054
2018-05-23 00:00:00+05:30,92.5,96.8,92.5,92.95,292483
2018-05-24 00:00:00+05:30,93.8,94.85,92.55,93.65,152399
2018-05-25 00:00:00+05:30,94.5,95.5,93.0,95.05,153669
2018-05-28 00:00:00+05:30,95.6,100.7,95.1,98.0,852967
2018-05-29 00:00:00+05:30,97.15,103.0,97.1,102.0,535230
2018-05-30 00:00:00+05:30,100.1,112.45,100.0,108.45,1614722
2018-05-31 00:00:00+05:30,109.3,109.3,102.1,103.15,354743
2018-06-01 00:00:00+05:30,103.0,104.55,99.55,100.45,241515
2018-06-04 00:00:00+05:30,101.95,102.05,96.75,97.5,294136
2018-06-05 00:00:00+05:30,97.95,97.95,93.3,96.2,314185
2018-06-06 00:00:00+05:30,95.1,98.9,94.1,97.55,283460
2018-06-07 00:00:00+05:30,99.35,102.3,97.4,98.65,516065
2018-06-08 00:00:00+05:30,99.0,99.85,96.55,97.8,386420
2018-06-11 00:00:00+05:30,97.9,101.35,97.05,100.1,220926
2018-06-12 00:00:00+05:30,101.45,102.0,100.0,101.4,136798
2018-06-13 00:00:00+05:30,101.95,105.35,100.35,101.1,236188
2018-06-14 00:00:00+05:30,101.0,103.8,99.15,101.8,156705
2018-06-15 00:00:00+05:30,101.9,102.95,99.75,100.75,152658
2018-06-18 00:00:00+05:30,101.1,103.75,99.75,100.95,437756
2018-06-19 00:00:00+05:30,100.95,102.75,99.65,100.0,228944
2018-06-20 00:00:00+05:30,100.7,101.25,99.5,99.75,99840
2018-06-21 00:00:00+05:30,99.9,104.4,99.5,102.95,431684
2018-06-22 00:00:00+05:30,102.0,106.85,101.55,105.25,364890
2018-06-25 00:00:00+05:30,108.8,108.8,103.5,104.2,602938
2018-06-26 00:00:00+05:30,104.2,105.0,101.2,101.8,153915
2018-06-27 00:00:00+05:30,102.0,104.2,96.0,97.1,348616
2018-06-28 00:00:00+05:30,95.65,97.8,93.75,96.75,244859
2018-06-29 00:00:00+05:30,97.0,98.5,96.25,98.0,138134
2018-07-02 00:00:00+05:30,99.4,103.3,97.5,98.55,514665
2018-07-03 00:00:00+05:30,99.05,102.5,99.05,101.9,665677
2018-07-04 00:00:00+05:30,102.4,104.35,101.5,103.25,371332
2018-07-05 00:00:00+05:30,103.0,103.0,99.2,99.9,167248
2018-07-06 00:00:00+05:30,100.0,101.0,99.65,100.55,135033
2018-07-09 00:00:00+05:30,102.4,104.3,101.2,103.75,203183
2018-07-10 00:00:00+05:30,103.75,107.5,103.75,105.0,372234
2018-07-11 00:00:00+05:30,104.0,105.55,101.8,102.75,434159
2018-07-12 00:00:00+05:30,103.15,104.25,100.0,100.2,498554
2018-07-13 00:00:00+05:30,100.3,101.55,99.15,100.15,150627
2018-07-16 00:00:00+05:30,98.6,100.0,97.0,97.55,97021
2018-07-17 00:00:00+05:30,97.6,100.9,97.6,99.75,363344
2018-07-18 00:00:00+05:30,100.55,101.4,97.5,98.1,240542
2018-07-19 00:00:00+05:30,98.85,98.85,95.45,95.65,143433
2018-07-20 00:00:00+05:30,95.45,98.25,95.05,97.2,188886
2018-07-23 00:00:00+05:30,97.2,99.6,97.1,98.8,218655
2018-07-24 00:00:00+05:30,99.6,101.9,98.25,100.9,830189
2018-07-25 00:00:00+05:30,101.95,102.5,100.55,100.95,267131
2018-07-26 00:00:00+05:30,100.9,101.1,99.65,100.2,95908
2018-07-27 00:00:00+05:30,101.65,102.8,101.0,102.35,382954
2018-07-30 00:00:00+05:30,103.7,106.3,101.7,105.05,594468
2018-07-31 00:00:00+05:30,105.95,106.5,101.3,101.8,852400
2018-08-01 00:00:00+05:30,101.0,102.4,99.5,100.35,331891
2018-08-02 00:00:00+05:30,100.05,100.75,98.0,98.25,177952
2018-08-03 00:00:00+05:30,99.0,104.4,99.0,103.45,597923
2018-08-06 00:00:00+05:30,104.35,104.35,100.1,100.95,223271
2018-08-07 00:00:00+05:30,101.1,101.3,98.5,99.45,168774
2018-08-08 00:00:00+05:30,99.45,102.2,98.4,98.7,247482
2018-08-09 00:00:00+05:30,98.9,99.65,97.4,97.9,293006
2018-08-10 00:00:00+05:30,97.4,98.5,96.1,98.0,175323
2018-08-13 00:00:00+05:30,97.7,97.9,96.8,97.05,107092
2018-08-14 00:00:00+05:30,97.5,97.9,96.75,97.25,94125
2018-08-16 00:00:00+05:30,96.25,97.0,95.2,95.8,99094
2018-08-17 00:00:00+05:30,96.4,99.2,96.0,96.6,279117
2018-08-20 00:00:00+05:30,96.1,99.65,95.85,96.65,191945
2018-08-21 00:00:00+05:30,97.0,98.6,96.0,97.55,132402
2018-08-23 00:00:00+05:30,97.6,98.5,96.55,97.05,251520
2018-08-24 00:00:00+05:30,97.05,97.25,95.15,96.1,132206
2018-08-27 00:00:00+05:30,96.9,97.75,96.25,97.05,142251
2018-08-28 00:00:00+05:30,97.05,97.25,95.05,95.3,186025
2018-08-29 00:00:00+05:30,95.5,97.05,95.5,96.55,105263
2018-08-30 00:00:00+05:30,96.6,102.0,96.2,97.7,315112
2018-08-31 00:00:00+05:30,97.9,99.85,97.0,97.9,135711
2018-09-03 00:00:00+05:30,98.15,99.8,95.0,95.8,163980
2018-09-04 00:00:00+05:30,96.0,96.45,93.0,93.65,152968
2018-09-05 00:00:00+05:30,93.55,94.8,92.45,93.85,200396
2018-09-06 00:00:00+05:30,94.0,97.0,93.8,94.75,142983
2018-09-07 00:00:00+05:30,95.1,96.5,94.05,94.95,214423
2018-09-10 00:00:00+05:30,95.3,95.9,93.5,93.75,128006
2018-09-11 00:00:00+05:30,94.0,94.4,90.75,91.4,159114
2018-09-12 00:00:00+05:30,91.75,92.8,90.85,91.25,72201
2018-09-14 00:00:00+05:30,92.3,92.7,91.1,91.55,88443
2018-09-17 00:00:00+05:30,91.5,91.5,90.0,90.5,132378
2018-09-18 00:00:00+05:30,90.55,91.2,88.5,88.75,149771
2018-09-19 00:00:00+05:30,88.9,93.75,88.75,89.3,222711
2018-09-21 00:00:00+05:30,89.9,90.9,83.9,86.15,190038
2018-09-24 00:00:00+05:30,87.05,90.0,80.1,85.35,333004
2018-09-25 00:00:00+05:30,85.75,87.3,83.65,86.1,302920
2018-09-26 00:00:00+05:30,86.3,97.05,81.45,91.95,5747004
2018-09-27 00:00:00+05:30,94.0,95.5,88.1,88.75,583844
2018-09-28 00:00:00+05:30,89.1,91.0,84.6,88.55,400031
2018-10-01 00:00:00+05:30,88.5,88.5,84.35,86.5,172918
2018-10-03 00:00:00+05:30,86.55,87.9,85.8,86.75,92153
2018-10-04 00:00:00+05:30,85.85,90.0,85.2,89.25,228366
2018-10-05 00:00:00+05:30,90.3,90.3,85.1,86.1,347454
2018-10-08 00:00:00+05:30,85.0,85.5,75.0,78.4,299461
2018-10-09 00:00:00+05:30,79.5,81.4,77.5,80.2,164246
2018-10-10 00:00:00+05:30,78.65,84.0,78.65,81.3,247262
2018-10-11 00:00:00+05:30,79.8,80.7,77.8,78.05,311375
2018-10-12 00:00:00+05:30,78.7,83.5,78.7,82.65,217334
2018-10-15 00:00:00+05:30,82.5,82.5,80.9,81.6,47885
2018-10-16 00:00:00+05:30,81.6,83.5,81.6,82.25,278071
2018-10-17 00:00:00+05:30,83.0,83.75,79.75,80.2,86170
2018-10-19 00:00:00+05:30,79.8,80.3,78.1,79.7,80226
2018-10-22 00:00:00+05:30,79.65,80.95,78.3,79.05,59486
2018-10-23 00:00:00+05:30,78.5,79.5,77.75,78.0,55542
2018-10-24 00:00:00+05:30,78.2,80.4,77.2,79.0,113565
2018-10-25 00:00:00+05:30,78.0,78.75,77.2,78.15,66207
2018-10-26 00:00:00+05:30,78.15,78.2,77.0,77.25,49109
2018-10-29 00:00:00+05:30,78.0,79.7,77.3,79.35,40528
2018-10-30 00:00:00+05:30,79.95,80.2,76.7,78.2,622507
2018-10-31 00:00:00+05:30,77.8,80.1,75.35,79.7,241085
2018-11-01 00:00:00+05:30,79.45,80.1,78.5,79.15,158536
2018-11-02 00:00:00+05:30,79.6,83.05,79.0,80.35,372095
2018-11-05 00:00:00+05:30,80.25,82.75,79.7,80.75,281822
2018-11-06 00:00:00+05:30,81.45,81.45,78.75,79.25,62152
2018-11-07 00:00:00+05:30,80.0,80.75,79.1,80.0,35082
2018-11-09 00:00:00+05:30,79.9,81.3,79.45,80.4,65479
2018-11-12 00:00:00+05:30,80.05,81.3,79.85,79.9,168027
2018-11-13 00:00:00+05:30,80.0,80.5,79.65,79.95,41188
2018-11-14 00:00:00+05:30,80.3,80.5,79.45,79.9,76559
2018-11-15 00:00:00+05:30,80.0,80.0,78.05,78.65,182687
2018-11-16 00:00:00+05:30,78.95,80.0,78.45,78.95,115520
2018-11-19 00:00:00+05:30,79.5,80.45,78.65,79.85,71641
2018-11-20 00:00:00+05:30,79.4,79.75,78.25,78.65,75026
2018-11-21 00:00:00+05:30,78.95,79.3,77.45,78.05,40303
2018-11-22 00:00:00+05:30,78.5,79.25,77.1,78.3,93235
2018-11-26 00:00:00+05:30,79.0,79.8,78.3,78.8,34296
2018-11-27 00:00:00+05:30,79.25,79.25,77.2,77.55,78713
2018-11-28 00:00:00+05:30,78.45,78.7,75.75,76.5,333276
2018-11-29 00:00:00+05:30,77.0,78.4,74.7,75.05,481923
2018-11-30 00:00:00+05:30,75.95,81.7,75.1,79.85,1076422
2018-12-03 00:00:00+05:30,79.55,80.9,78.1,79.35,588959
2018-12-04 00:00:00+05:30,79.7,82.0,79.0,79.8,137027
2018-12-05 00:00:00+05:30,79.55,80.0,78.4,78.5,196478
2018-12-06 00:00:00+05:30,78.0,78.55,77.5,78.0,50953
2018-12-07 00:00:00+05:30,77.85,79.25,77.25,77.6,177202
2018-12-10 00:00:00+05:30,77.45,77.45,74.8,74.95,76227
2018-12-11 00:00:00+05:30,74.85,76.3,74.2,75.8,51533
2018-12-12 00:00:00+05:30,76.5,77.4,75.9,76.55,85485
2018-12-13 00:00:00+05:30,77.0,81.1,77.0,77.4,239972
2018-12-14 00:00:00+05:30,77.8,79.55,77.3,78.8,207870
2018-12-17 00:00:00+05:30,78.8,80.5,78.2,78.45,282945
2018-12-18 00:00:00+05:30,79.0,79.15,77.8,78.05,109600
2018-12-19 00:00:00+05:30,78.55,83.7,78.25,82.05,1133246
2018-12-20 00:00:00+05:30,80.7,86.25,78.9,79.5,1353009
2018-12-21 00:00:00+05:30,79.6,79.7,77.1,77.8,265615
2018-12-24 00:00:00+05:30,77.25,79.05,77.2,77.65,124070
2018-12-26 00:00:00+05:30,77.95,78.05,75.9,76.75,112228
2018-12-27 00:00:00+05:30,78.8,79.8,77.2,77.5,1930862
2018-12-28 00:00:00+05:30,78.65,78.65,77.5,78.1,75126
2018-12-31 00:00:00+05:30,78.5,78.55,77.5,77.75,71174
2019-01-01 00:00:00+05:30,78.05,79.8,77.3,78.8,163376
2019-01-02 00:00:00+05:30,78.85,80.7,78.05,78.9,253429
2019-01-03 00:00:00+05:30,78.9,80.85,78.9,79.95,217110
2019-01-04 00:00:00+05:30,80.25,81.5,80.05,80.4,180469
2019-01-07 00:00:00+05:30,81.2,84.5,79.55,81.25,410520
2019-01-08 00:00:00+05:30,82.25,82.25,80.1,80.35,89211
2019-01-09 00:00:00+05:30,81.2,82.75,79.5,80.0,287962
2019-01-10 00:00:00+05:30,80.3,81.2,79.7,80.85,74231
2019-01-11 00:00:00+05:30,84.7,84.9,81.0,83.85,756796
2019-01-14 00:00:00+05:30,83.8,84.6,82.1,83.65,210029
2019-01-15 00:00:00+05:30,84.0,85.8,83.65,84.6,162263
2019-01-16 00:00:00+05:30,84.55,85.35,83.5,83.65,104613
2019-01-17 00:00:00+05:30,83.9,84.2,82.9,83.5,67453
2019-01-18 00:00:00+05:30,82.9,83.9,81.3,81.85,102107
2019-01-21 00:00:00+05:30,83.0,83.5,81.1,81.2,185195
2019-01-22 00:00:00+05:30,81.3,81.35,78.75,79.05,157567
2019-01-23 00:00:00+05:30,81.1,81.85,79.0,80.4,168715
2019-01-24 00:00:00+05:30,81.0,82.0,79.5,80.25,71008
2019-01-25 00:00:00+05:30,81.0,81.1,78.3,79.5,105214
2019-01-28 00:00:00+05:30,80.9,80.9,79.3,79.85,105748
2019-01-29 00:00:00+05:30,80.0,80.5,79.2,80.35,69386
2019-01-30 00:00:00+05:30,80.65,80.7,75.55,77.35,180461
2019-01-31 00:00:00+05:30,77.8,79.15,75.6,78.4,242522
2019-02-01 00:00:00+05:30,79.4,79.7,77.0,77.55,78925
2019-02-04 00:00:00+05:30,77.55,78.4,76.9,77.05,40587
2019-02-05 00:00:00+05:30,76.7,77.5,74.7,75.1,69696
2019-02-06 00:00:00+05:30,75.35,76.3,73.0,75.6,100633
2019-02-07 00:00:00+05:30,75.35,75.85,75.0,75.2,32745
2019-02-08 00:00:00+05:30,75.0,75.25,74.1,74.35,18703
2019-02-11 00:00:00+05:30,74.15,76.3,71.8,74.75,96472
2019-02-12 00:00:00+05:30,75.0,76.95,74.4,75.85,67064
2019-02-13 00:00:00+05:30,75.45,75.9,74.25,74.3,23304
2019-02-14 00:00:00+05:30,73.9,74.1,72.9,73.5,41486
2019-02-15 00:00:00+05:30,73.25,73.55,71.65,72.15,73715
2019-02-18 00:00:00+05:30,72.2,73.9,71.3,72.9,59578
2019-02-19 00:00:00+05:30,72.9,73.95,72.0,72.25,44643
2019-02-20 00:00:00+05:30,72.2,73.75,72.15,72.6,39475
2019-02-21 00:00:00+05:30,72.55,75.5,72.55,74.95,125348
2019-02-22 00:00:00+05:30,74.95,79.9,74.65,78.8,168037
2019-02-25 00:00:00+05:30,79.2,79.5,74.55,77.95,1116716
2019-02-26 00:00:00+05:30,76.45,78.1,75.8,77.0,114760
2019-02-27 00:00:00+05:30,77.05,80.45,75.35,79.25,187523
2019-02-28 00:00:00+05:30,78.25,80.75,78.25,79.05,54343
2019-03-01 00:00:00+05:30,79.15,81.8,79.0,81.45,108461
2019-03-05 00:00:00+05:30,81.0,85.5,80.35,84.85,254543
2019-03-06 00:00:00+05:30,85.25,86.15,81.9,82.2,190517
2019-03-07 00:00:00+05:30,83.35,85.75,83.25,84.0,262291
2019-03-08 00:00:00+05:30,83.9,85.4,83.1,83.9,182501
2019-03-11 00:00:00+05:30,83.75,85.5,83.5,84.8,508150
2019-03-12 00:00:00+05:30,85.3,86.0,83.9,85.0,650147
2019-03-13 00:00:00+05:30,85.05,92.5,83.0,91.05,2150080
2019-03-14 00:00:00+05:30,91.5,99.0,89.85,98.65,2051461
2019-03-15 00:00:00+05:30,98.9,99.7,94.05,95.35,1111857
2019-03-18 00:00:00+05:30,95.6,98.0,93.2,95.4,275816
2019-03-19 00:00:00+05:30,95.3,100.0,94.1,97.55,721359
2019-03-20 00:00:00+05:30,98.15,101.95,96.3,100.15,652318
2019-03-22 00:00:00+05:30,100.2,101.5,96.9,97.7,354853
2019-03-25 00:00:00+05:30,95.5,96.55,93.05,93.2,349563
2019-03-26 00:00:00+05:30,93.4,105.0,92.05,103.6,2420352
2019-03-27 00:00:00+05:30,102.9,105.75,101.25,103.7,939091
2019-03-28 00:00:00+05:30,103.95,105.6,94.5,97.05,863015
2019-03-29 00:00:00+05:30,97.45,100.95,97.05,98.9,354365
2019-04-01 00:00:00+05:30,99.5,102.3,97.35,100.55,535724
2019-04-02 00:00:00+05:30,100.2,100.75,98.05,99.15,407828
2019-04-03 00:00:00+05:30,99.2,100.0,94.75,95.85,331378
2019-04-04 00:00:00+05:30,96.15,97.9,95.1,95.95,345716
2019-04-05 00:00:00+05:30,95.85,97.7,95.35,96.7,118961
2019-04-08 00:00:00+05:30,96.1,97.9,95.95,96.35,130196
2019-04-09 00:00:00+05:30,96.45,98.5,93.55,97.8,334668
2019-04-10 00:00:00+05:30,97.65,102.7,96.55,99.4,365683
2019-04-11 00:00:00+05:30,99.45,101.5,98.6,99.65,354967
2019-04-12 00:00:00+05:30,99.05,100.8,98.65,100.0,315012
2019-04-15 00:00:00+05:30,100.2,100.9,98.2,98.95,556321
2019-04-16 00:00:00+05:30,99.1,100.9,98.6,99.45,145740
2019-04-18 00:00:00+05:30,99.45,100.1,95.45,95.7,207276
2019-04-22 00:00:00+05:30,96.0,96.0,91.0,91.25,245942
2019-04-23 00:00:00+05:30,91.5,92.4,91.05,91.05,152026
2019-04-24 00:00:00+05:30,91.7,95.7,91.45,92.8,359950
2019-04-25 00:00:00+05:30,93.0,94.7,91.6,92.0,111978
2019-04-26 00:00:00+05:30,92.4,92.5,88.7,89.0,252007
2019-04-30 00:00:00+05:30,89.3,89.3,87.0,87.45,92524
2019-05-02 00:00:00+05:30,88.25,88.25,86.0,86.2,150543
2019-05-03 00:00:00+05:30,86.55,89.6,86.2,88.25,441717
2019-05-06 00:00:00+05:30,87.35,87.9,86.55,87.8,58202
2019-05-07 00:00:00+05:30,87.95,88.4,82.0,82.8,177186
2019-05-08 00:00:00+05:30,82.0,82.95,79.25,80.1,295467
2019-05-09 00:00:00+05:30,79.85,83.6,79.5,80.6,299414
2019-05-10 00:00:00+05:30,80.1,87.7,80.1,84.8,361091
2019-05-13 00:00:00+05:30,85.0,86.25,81.6,84.0,318955
2019-05-14 00:00:00+05:30,84.05,85.05,82.5,82.75,119962
2019-05-15 00:00:00+05:30,83.1,84.0,81.8,82.1,118632
2019-05-16 00:00:00+05:30,83.25,83.25,81.15,82.05,120249
2019-05-17 00:00:00+05:30,81.5,83.6,81.1,83.3,114074
2019-05-20 00:00:00+05:30,85.95,86.0,84.0,85.35,82201
2019-05-21 00:00:00+05:30,85.0,85.7,83.2,83.5,131040
2019-05-22 00:00:00+05:30,83.7,84.25,82.8,83.3,63257
2019-05-23 00:00:00+05:30,84.8,84.8,82.55,83.05,143151
2019-05-24 00:00:00+05:30,83.55,88.2,82.9,86.9,232214
2019-05-27 00:00:00+05:30,87.5,93.0,87.05,92.6,381795
2019-05-28 00:00:00+05:30,93.45,93.45,91.15,92.7,136967
2019-05-29 00:00:00+05:30,93.3,93.5,91.1,91.75,153926
2019-05-30 00:00:00+05:30,92.9,92.9,88.65,89.5,210422
2019-05-31 00:00:00+05:30,90.2,90.2,86.9,87.95,77321
2019-06-03 00:00:00+05:30,87.95,88.0,86.95,87.65,74220
2019-06-04 00:00:00+05:30,86.95,91.7,86.95,90.8,303363
2019-06-06 00:00:00+05:30,91.2,92.7,89.7,90.65,386457
2019-06-07 00:00:00+05:30,90.65,90.65,88.25,88.45,121198
2019-06-10 00:00:00+05:30,89.95,91.9,89.1,90.75,472007
2019-06-11 00:00:00+05:30,92.3,92.95,90.0,90.5,295941
2019-06-12 00:00:00+05:30,91.15,92.8,90.4,91.3,194480
2019-06-13 00:00:00+05:30,91.4,92.1,91.0,91.2,108561
2019-06-14 00:00:00+05:30,91.7,92.7,88.4,90.35,172086
2019-06-17 00:00:00+05:30,90.0,90.0,85.5,88.5,159426
2019-06-18 00:00:00+05:30,88.8,89.5,87.45,88.65,151058
2019-06-19 00:00:00+05:30,88.0,89.5,87.55,88.55,210548
2019-06-20 00:00:00+05:30,88.1,90.0,85.95,88.4,117016
2019-06-21 00:00:00+05:30,88.55,88.9,86.75,87.05,64233
2019-06-24 00:00:00+05:30,87.05,87.45,85.4,86.4,67781
2019-06-25 00:00:00+05:30,85.5,87.45,85.5,87.1,47205
2019-06-26 00:00:00+05:30,86.1,87.7,84.5,85.65,82861
2019-06-27 00:00:00+05:30,86.1,86.95,85.2,85.85,48058
2019-06-28 00:00:00+05:30,86.15,86.7,84.0,84.2,119882
2019-07-01 00:00:00+05:30,84.0,88.0,84.0,87.45,290480
2019-07-02 00:00:00+05:30,87.05,88.5,85.3,87.4,152961
2019-07-03 00:00:00+05:30,86.5,87.5,85.7,86.3,74361
2019-07-04 00:00:00+05:30,85.8,87.8,85.8,87.3,67791
2019-07-05 00:00:00+05:30,87.8,88.1,84.2,84.9,76041
2019-07-08 00:00:00+05:30,84.05,84.2,82.0,82.05,42364
2019-07-09 00:00:00+05:30,80.6,84.8,80.6,82.4,63071
2019-07-10 00:00:00+05:30,82.4,83.0,80.65,81.55,51692
2019-07-11 00:00:00+05:30,81.5,82.6,81.15,81.6,13193
2019-07-12 00:00:00+05:30,81.85,82.6,81.15,81.6,16999
2019-07-15 00:00:00+05:30,81.65,82.5,79.1,79.65,134487
2019-07-16 00:00:00+05:30,79.7,81.1,79.0,79.2,71792
2019-07-17 00:00:00+05:30,80.3,80.35,79.1,79.55,54237
2019-07-18 00:00:00+05:30,79.3,80.0,78.5,78.9,47672
2019-07-19 00:00:00+05:30,78.95,79.55,77.25,77.9,74149
2019-07-22 00:00:00+05:30,77.05,79.8,76.5,79.0,153719
2019-07-23 00:00:00+05:30,78.25,86.9,78.25,82.8,316421
2019-07-24 00:00:00+05:30,83.0,84.15,80.25,81.5,50190
2019-07-25 00:00:00+05:30,81.0,81.0,77.45,80.0,223351
2019-07-26 00:00:00+05:30,81.1,81.95,80.0,81.3,216945
2019-07-29 00:00:00+05:30,80.7,81.3,80.15,80.65,77164
2019-07-30 00:00:00+05:30,79.65,81.0,75.85,76.8,210366
2019-07-31 00:00:00+05:30,76.0,80.55,76.0,79.35,204470
2019-08-01 00:00:00+05:30,78.65,79.8,76.75,78.9,73677
2019-08-02 00:00:00+05:30,78.5,78.75,76.5,77.85,180934
2019-08-05 00:00:00+05:30,77.05,78.75,76.3,77.1,62729
2019-08-06 00:00:00+05:30,76.5,80.0,76.5,77.55,45941
2019-08-07 00:00:00+05:30,77.85,79.35,76.05,76.55,42783
2019-08-08 00:00:00+05:30,77.35,77.4,74.95,76.2,35583
2019-08-09 00:00:00+05:30,76.3,79.5,76.3,77.45,40673
2019-08-13 00:00:00+05:30,78.0,79.45,76.05,77.2,52499
2019-08-14 00:00:00+05:30,77.05,79.95,77.05,79.1,117565
2019-08-16 00:00:00+05:30,77.0,77.85,75.25,75.4,177407
2019-08-19 00:00:00+05:30,75.5,76.3,73.0,73.45,133277
2019-08-20 00:00:00+05:30,73.95,76.25,73.25,75.05,63665
2019-08-21 00:00:00+05:30,75.5,75.5,73.25,73.55,46858
2019-08-22 00:00:00+05:30,73.35,73.5,70.45,72.0,68093
2019-08-23 00:00:00+05:30,70.4,73.05,70.4,72.35,73534
2019-08-26 00:00:00+05:30,72.55,74.9,71.65,74.05,144292
2019-08-27 00:00:00+05:30,75.0,77.5,74.4,74.85,52236
2019-08-28 00:00:00+05:30,75.8,78.4,74.45,75.05,104962
2019-08-29 00:00:00+05:30,76.0,77.8,74.05,76.3,54172
2019-08-30 00:00:00+05:30,76.95,77.2,75.1,76.75,31053
2019-09-03 00:00:00+05:30,77.0,77.0,73.3,75.8,16479
2019-09-04 00:00:00+05:30,75.2,79.2,73.0,78.35,99430
2019-09-05 00:00:00+05:30,78.9,80.1,76.0,76.3,75905
2019-09-06 00:00:00+05:30,76.8,80.5,74.8,77.5,204055
2019-09-09 00:00:00+05:30,77.0,79.5,76.5,77.05,42678
2019-09-11 00:00:00+05:30,78.15,78.95,76.65,77.95,68274
2019-09-12 00:00:00+05:30,78.8,80.0,78.0,78.0,110152
2019-09-13 00:00:00+05:30,78.65,79.05,77.1,78.15,40351
2019-09-16 00:00:00+05:30,77.85,78.8,75.35,76.0,103062
2019-09-17 00:00:00+05:30,76.5,77.2,74.5,74.75,74936
2019-09-18 00:00:00+05:30,75.8,76.5,74.05,74.15,44350
2019-09-19 00:00:00+05:30,74.55,78.75,73.35,77.4,169939
2019-09-20 00:00:00+05:30,78.5,79.45,75.6,77.9,143018
2019-09-23 00:00:00+05:30,79.0,86.0,78.0,84.4,378659
2019-09-24 00:00:00+05:30,86.4,86.4,80.5,81.6,280977
2019-09-25 00:00:00+05:30,81.9,84.8,79.55,81.1,76714
2019-09-26 00:00:00+05:30,80.7,82.0,80.35,81.1,40389
2019-09-27 00:00:00+05:30,80.05,80.95,78.6,78.9,48857
2019-09-30 00:00:00+05:30,79.4,79.4,75.5,75.95,75869
2019-10-01 00:00:00+05:30,75.95,78.9,75.5,78.05,110033
2019-10-03 00:00:00+05:30,76.55,79.95,76.55,79.0,71395
2019-10-04 00:00:00+05:30,79.5,80.55,78.4,79.0,46657
2019-10-07 00:00:00+05:30,79.0,79.0,76.1,77.8,57953
2019-10-09 00:00:00+05:30,80.05,80.1,78.1,79.45,477898
2019-10-10 00:00:00+05:30,78.7,79.2,76.35,78.05,36726
2019-10-11 00:00:00+05:30,78.1,78.9,76.3,77.7,72088
2019-10-14 00:00:00+05:30,76.7,80.1,76.7,79.2,43127
2019-10-15 00:00:00+05:30,79.8,79.85,77.55,78.0,61642
2019-10-16 00:00:00+05:30,78.6,81.2,78.5,78.75,199756
2019-10-17 00:00:00+05:30,78.3,79.95,78.0,78.6,35438
2019-10-18 00:00:00+05:30,79.0,80.1,78.35,78.75,137448
2019-10-22 00:00:00+05:30,78.75,78.95,76.95,77.2,97047
2019-10-23 00:00:00+05:30,77.7,77.75,76.8,77.1,41819
2019-10-24 00:00:00+05:30,77.25,77.8,75.65,76.0,39381
2019-10-25 00:00:00+05:30,76.2,77.0,75.65,76.1,10372
2019-10-27 00:00:00+05:30,76.3,77.0,76.2,76.6,6176
2019-10-29 00:00:00+05:30,77.75,78.5,75.15,75.6,127525
2019-10-30 00:00:00+05:30,76.4,77.85,75.7,76.65,85442
2019-10-31 00:00:00+05:30,76.55,80.0,76.3,78.8,449999
2019-11-01 00:00:00+05:30,79.75,79.75,76.7,77.2,69454
2019-11-04 00:00:00+05:30,77.75,78.2,75.25,75.95,135248
2019-11-05 00:00:00+05:30,76.4,76.7,72.9,76.1,99072
2019-11-06 00:00:00+05:30,76.0,77.75,75.8,76.65,31107
2019-11-07 00:00:00+05:30,77.4,77.4,75.0,76.9,54031
2019-11-08 00:00:00+05:30,76.05,76.85,75.0,75.6,58342
2019-11-11 00:00:00+05:30,75.6,80.8,75.6,80.4,556128
2019-11-13 00:00:00+05:30,83.7,86.7,80.85,81.55,405560
2019-11-14 00:00:00+05:30,81.0,81.95,78.45,78.85,68717
2019-11-15 00:00:00+05:30,78.5,80.25,76.0,76.45,97329
2019-11-18 00:00:00+05:30,76.9,79.1,76.2,76.8,76162
2019-11-19 00:00:00+05:30,77.0,84.1,77.0,83.65,421914
2019-11-20 00:00:00+05:30,83.9,89.75,82.35,87.2,1093710
2019-11-21 00:00:00+05:30,86.5,92.0,86.5,89.65,1149620
2019-11-22 00:00:00+05:30,90.1,92.0,88.15,90.85,360643
2019-11-25 00:00:00+05:30,91.0,91.55,88.4,89.9,86049
2019-11-26 00:00:00+05:30,90.5,92.0,87.0,87.6,116021
2019-11-27 00:00:00+05:30,87.0,90.25,87.0,89.3,92106
2019-11-28 00:00:00+05:30,88.1,90.9,87.15,88.55,89445
2019-11-29 00:00:00+05:30,89.15,91.15,87.5,89.2,114789
2019-12-02 00:00:00+05:30,88.05,91.3,87.1,89.2,92444
2019-12-03 00:00:00+05:30,90.0,91.0,88.05,89.6,77901
2019-12-04 00:00:00+05:30,89.0,90.0,87.1,88.65,58832
2019-12-05 00:00:00+05:30,88.1,89.9,86.6,88.85,87287
2019-12-06 00:00:00+05:30,89.25,89.4,87.3,88.4,71979
2019-12-09 00:00:00+05:30,88.55,89.4,85.7,87.05,150185
2019-12-10 00:00:00+05:30,88.15,88.4,83.6,85.9,134713
2019-12-11 00:00:00+05:30,87.2,89.9,83.7,84.45,118089
2019-12-12 00:00:00+05:30,84.8,88.2,84.5,86.6,154823
2019-12-13 00:00:00+05:30,86.1,88.0,85.4,87.0,93975
2019-12-16 00:00:00+05:30,86.55,87.65,85.1,86.25,64494
2019-12-17 00:00:00+05:30,85.55,86.35,84.4,84.9,105085
2019-12-18 00:00:00+05:30,84.15,84.8,80.5,81.1,129385
2019-12-19 00:00:00+05:30,81.3,85.0,79.95,84.55,145922
2019-12-20 00:00:00+05:30,84.7,84.7,82.3,83.8,66492
2019-12-23 00:00:00+05:30,82.6,83.75,82.1,82.4,48460
2019-12-24 00:00:00+05:30,81.35,84.0,81.3,83.0,55331
2019-12-26 00:00:00+05:30,83.0,84.5,82.0,83.15,56580
2019-12-27 00:00:00+05:30,83.8,84.25,82.15,83.55,38722
2019-12-30 00:00:00+05:30,83.55,83.7,82.15,82.95,32711
2019-12-31 00:00:00+05:30,83.05,84.75,82.35,83.0,69123
2020-01-01 00:00:00+05:30,83.25,84.4,82.15,82.7,90467
2020-01-02 00:00:00+05:30,82.35,85.0,82.35,84.15,155828
2020-01-03 00:00:00+05:30,84.1,86.4,83.05,83.5,179411
2020-01-06 00:00:00+05:30,82.35,83.4,81.15,82.15,178749
2020-01-07 00:00:00+05:30,82.7,83.5,81.75,82.85,178804
2020-01-08 00:00:00+05:30,81.7,83.25,81.7,82.55,108488
2020-01-09 00:00:00+05:30,83.35,84.5,82.65,82.8,103897
2020-01-10 00:00:00+05:30,83.4,83.65,82.6,82.75,51258
2020-01-13 00:00:00+05:30,83.35,83.8,82.0,82.9,80778
2020-01-14 00:00:00+05:30,83.2,87.4,83.0,85.75,637923
2020-01-15 00:00:00+05:30,87.2,92.95,85.35,89.55,886604
2020-01-16 00:00:00+05:30,89.35,91.3,88.05,88.7,238360
2020-01-17 00:00:00+05:30,88.05,91.2,87.7,88.5,138921
2020-01-20 00:00:00+05:30,89.0,89.8,86.2,86.8,224620
2020-01-21 00:00:00+05:30,86.8,88.3,86.15,86.55,42112
2020-01-22 00:00:00+05:30,86.4,88.45,85.15,87.95,63690
2020-01-23 00:00:00+05:30,87.65,88.9,86.1,86.65,146349
2020-01-24 00:00:00+05:30,87.0,94.0,86.15,93.2,1140134
2020-01-27 00:00:00+05:30,92.25,93.2,90.25,91.05,511276
2020-01-28 00:00:00+05:30,91.9,95.2,91.05,92.45,452366
2020-01-29 00:00:00+05:30,93.95,102.0,93.0,99.65,2628737
2020-01-30 00:00:00+05:30,100.2,100.9,93.65,95.9,765660
2020-01-31 00:00:00+05:30,96.75,96.8,92.65,93.95,297627
2020-02-01 00:00:00+05:30,93.5,96.0,88.95,89.4,440328
2020-02-03 00:00:00+05:30,89.0,93.0,89.0,91.2,2228833
2020-02-04 00:00:00+05:30,93.75,98.0,93.05,96.8,889013
2020-02-05 00:00:00+05:30,98.5,98.5,95.0,96.15,345240
2020-02-06 00:00:00+05:30,96.35,97.5,93.5,94.4,157159
2020-02-07 00:00:00+05:30,94.0,97.65,92.65,95.05,440938
2020-02-10 00:00:00+05:30,94.4,100.25,94.35,98.05,510857
2020-02-11 00:00:00+05:30,98.1,100.9,97.15,98.0,368468
2020-02-12 00:00:00+05:30,97.2,101.5,96.95,99.8,714390
2020-02-13 00:00:00+05:30,103.05,109.0,96.9,97.95,4989113
2020-02-14 00:00:00+05:30,98.4,98.9,95.5,95.8,399975
2020-02-17 00:00:00+05:30,95.25,100.9,94.1,97.85,908794
2020-02-18 00:00:00+05:30,97.7,98.8,92.8,94.2,461897
2020-02-19 00:00:00+05:30,94.95,96.0,93.05,94.85,665925
2020-02-20 00:00:00+05:30,93.95,99.5,93.95,98.95,968452
2020-02-24 00:00:00+05:30,97.9,103.5,97.1,98.0,2542104
2020-02-25 00:00:00+05:30,99.0,100.45,95.5,95.9,480617
2020-02-26 00:00:00+05:30,94.2,95.75,91.85,92.65,436574
2020-02-27 00:00:00+05:30,93.0,94.0,91.1,91.7,167816
2020-02-28 00:00:00+05:30,90.9,90.9,87.1,87.5,351965
2020-03-02 00:00:00+05:30,89.0,90.7,82.7,84.05,226215
2020-03-03 00:00:00+05:30,87.85,90.0,85.5,88.45,203099
2020-03-04 00:00:00+05:30,89.85,89.85,83.85,85.25,306424
2020-03-05 00:00:00+05:30,85.1,86.5,83.8,84.75,128584
2020-03-06 00:00:00+05:30,81.6,85.0,81.0,83.7,118132
2020-03-09 00:00:00+05:30,82.5,82.5,79.6,80.7,194869
2020-03-11 00:00:00+05:30,80.7,83.45,75.0,78.75,711390
2020-03-12 00:00:00+05:30,76.4,76.4,63.0,70.05,1189821
2020-03-13 00:00:00+05:30,60.95,66.65,56.05,65.95,1316028
2020-03-16 00:00:00+05:30,63.05,66.0,53.1,57.35,1155091
2020-03-17 00:00:00+05:30,58.0,62.4,55.55,61.3,401355
2020-03-18 00:00:00+05:30,62.4,62.5,57.5,60.65,264382
2020-03-19 00:00:00+05:30,58.5,58.6,52.9,54.05,522463
2020-03-20 00:00:00+05:30,56.0,61.0,54.05,59.1,291089
2020-03-23 00:00:00+05:30,56.0,57.1,47.3,48.75,258323
2020-03-24 00:00:00+05:30,57.0,57.0,45.25,48.55,199172
2020-03-25 00:00:00+05:30,50.7,52.15,45.25,49.35,268290
2020-03-26 00:00:00+05:30,48.1,54.25,48.1,51.35,187384
2020-03-27 00:00:00+05:30,51.35,56.45,50.0,56.15,334313
2020-03-30 00:00:00+05:30,56.9,60.0,50.75,52.45,583618
2020-03-31 00:00:00+05:30,54.0,54.8,51.15,51.9,239610
2020-04-01 00:00:00+05:30,52.5,55.7,51.75,54.95,179064
2020-04-03 00:00:00+05:30,53.1,55.9,52.75,55.0,68089
2020-04-07 00:00:00+05:30,59.0,59.0,55.1,56.9,81619
2020-04-08 00:00:00+05:30,56.9,62.55,55.85,61.7,253097
2020-04-09 00:00:00+05:30,63.0,64.8,61.15,61.7,193276
2020-04-13 00:00:00+05:30,63.2,67.85,61.0,67.75,284007
2020-04-15 00:00:00+05:30,70.7,74.5,67.0,70.75,424623
2020-04-16 00:00:00+05:30,70.0,73.95,70.0,70.65,154599
2020-04-17 00:00:00+05:30,74.0,74.0,70.1,70.65,79357
2020-04-20 00:00:00+05:30,71.45,71.6,68.55,69.45,153471
2020-04-21 00:00:00+05:30,67.0,68.85,66.0,66.85,106743
2020-04-22 00:00:00+05:30,66.4,69.25,65.1,68.2,49682
2020-04-23 00:00:00+05:30,69.8,70.0,67.25,68.0,175804
2020-04-24 00:00:00+05:30,68.35,68.95,65.05,65.9,233109
2020-04-27 00:00:00+05:30,65.9,67.65,64.55,64.95,178574
2020-04-28 00:00:00+05:30,66.0,67.2,64.0,64.2,224905
2020-04-29 00:00:00+05:30,65.0,67.3,62.7,65.3,181312
2020-04-30 00:00:00+05:30,66.8,68.25,64.0,64.65,177492
2020-05-04 00:00:00+05:30,63.45,64.65,62.0,62.2,100992
2020-05-05 00:00:00+05:30,63.4,63.4,60.9,61.25,75437
2020-05-06 00:00:00+05:30,61.55,61.55,60.05,60.4,56608
2020-05-07 00:00:00+05:30,61.6,62.95,60.0,60.3,95195
2020-05-08 00:00:00+05:30,61.75,61.9,60.35,60.6,62084
2020-05-11 00:00:00+05:30,61.0,61.7,58.6,60.1,167591
2020-05-12 00:00:00+05:30,57.1,62.5,57.1,62.0,195424
2020-05-13 00:00:00+05:30,63.2,64.4,61.5,62.0,62345
2020-05-14 00:00:00+05:30,61.2,62.2,60.65,60.85,46379
2020-05-15 00:00:00+05:30,61.15,63.85,60.65,63.85,163457
2020-05-18 00:00:00+05:30,67.0,67.0,66.0,67.0,208144
2020-05-19 00:00:00+05:30,70.3,70.35,65.35,67.3,210452
2020-05-20 00:00:00+05:30,65.65,69.9,65.65,69.25,79025
2020-05-21 00:00:00+05:30,69.85,69.85,67.5,68.4,85787
2020-05-22 00:00:00+05:30,68.4,68.45,67.0,67.05,56082
2020-05-26 00:00:00+05:30,67.4,67.9,66.0,66.05,38669
2020-05-27 00:00:00+05:30,67.35,67.35,65.0,65.1,59086
2020-05-28 00:00:00+05:30,65.5,66.85,64.5,65.05,47283
2020-05-29 00:00:00+05:30,65.8,66.5,65.05,65.55,55580
2020-06-01 00:00:00+05:30,66.35,68.8,66.05,68.8,57901
2020-06-02 00:00:00+05:30,71.0,72.2,71.0,72.2,127960
2020-06-03 00:00:00+05:30,75.0,75.8,73.0,75.4,208966
2020-06-04 00:00:00+05:30,76.0,78.95,73.8,75.15,171420
2020-06-05 00:00:00+05:30,78.5,90.15,76.55,88.65,718723
2020-06-08 00:00:00+05:30,97.9,97.9,84.1,84.85,1356288
2020-06-09 00:00:00+05:30,85.2,85.2,77.8,80.05,215804
2020-06-10 00:00:00+05:30,80.05,83.5,78.3,80.95,195055
2020-06-11 00:00:00+05:30,80.0,83.45,76.1,77.05,380630
2020-06-12 00:00:00+05:30,73.1,79.5,73.1,77.05,351319
2020-06-15 00:00:00+05:30,77.7,82.15,77.7,79.7,488963
2020-06-16 00:00:00+05:30,83.1,94.4,81.55,89.95,2554145
2020-06-17 00:00:00+05:30,93.0,93.0,86.55,88.45,2085366
2020-06-18 00:00:00+05:30,90.2,96.7,88.6,94.0,2368201
2020-06-19 00:00:00+05:30,93.6,94.9,91.05,92.7,762925
2020-06-22 00:00:00+05:30,94.5,96.9,93.5,95.65,799445
2020-06-23 00:00:00+05:30,96.0,99.0,94.55,97.55,861112
2020-06-24 00:00:00+05:30,98.4,101.85,94.55,96.85,1251286
2020-06-25 00:00:00+05:30,96.5,108.7,89.3,99.0,5430755
2020-06-26 00:00:00+05:30,99.95,102.8,98.7,99.4,1074483
2020-06-29 00:00:00+05:30,98.1,99.15,94.7,97.05,1144957
2020-06-30 00:00:00+05:30,97.3,107.85,96.15,105.75,3166073
2020-07-01 00:00:00+05:30,105.0,111.3,103.3,109.1,2946119
2020-07-02 00:00:00+05:30,109.5,114.8,106.3,111.55,2725450
2020-07-03 00:00:00+05:30,112.65,113.7,107.55,109.15,2046621
2020-07-06 00:00:00+05:30,110.0,114.0,106.5,108.15,1198131
2020-07-07 00:00:00+05:30,107.05,113.6,106.15,110.5,1631171
2020-07-08 00:00:00+05:30,110.9,120.7,110.0,114.55,4348045
2020-07-09 00:00:00+05:30,117.6,119.45,115.35,117.3,1317079
2020-07-10 00:00:00+05:30,115.3,127.9,114.25,122.4,8996485
2020-07-13 00:00:00+05:30,123.0,123.45,114.1,115.2,2309700
2020-07-14 00:00:00+05:30,117.0,119.25,111.2,112.4,2434213
2020-07-15 00:00:00+05:30,115.3,115.45,105.85,107.6,1036337
2020-07-16 00:00:00+05:30,108.0,112.0,106.9,110.25,1752364
2020-07-17 00:00:00+05:30,111.0,114.5,108.7,110.9,1683075
2020-07-20 00:00:00+05:30,111.7,115.15,110.6,111.7,1016792
2020-07-21 00:00:00+05:30,112.55,113.2,107.55,108.15,1127130
2020-07-22 00:00:00+05:30,109.0,110.45,106.2,107.45,718853
2020-07-23 00:00:00+05:30,107.5,114.95,106.55,112.65,1771568
2020-07-24 00:00:00+05:30,111.7,111.7,107.55,108.9,865362
2020-07-27 00:00:00+05:30,109.5,109.55,105.0,105.55,533181
2020-07-28 00:00:00+05:30,106.4,109.35,103.35,108.05,875106
2020-07-29 00:00:00+05:30,110.4,112.35,107.1,108.55,741467
2020-07-30 00:00:00+05:30,107.5,110.05,106.5,107.15,513694
2020-07-31 00:00:00+05:30,107.5,107.5,105.55,106.3,372005
2020-08-03 00:00:00+05:30,105.95,109.5,105.0,107.55,901148
2020-08-04 00:00:00+05:30,110.0,111.25,108.6,109.6,768563
2020-08-05 00:00:00+05:30,110.1,110.65,108.2,108.6,365147
2020-08-06 00:00:00+05:30,109.0,110.5,107.7,108.55,550884
2020-08-07 00:00:00+05:30,108.0,110.45,107.5,108.35,454025
2020-08-10 00:00:00+05:30,119.0,119.0,113.1,114.45,2439663
2020-08-11 00:00:00+05:30,115.0,117.85,111.65,115.05,738373
2020-08-12 00:00:00+05:30,114.8,123.25,113.25,120.7,2644381
2020-08-13 00:00:00+05:30,121.35,130.3,120.7,127.8,4265752
2020-08-14 00:00:00+05:30,128.4,128.4,115.25,120.95,1682050
2020-08-17 00:00:00+05:30,122.0,122.6,117.0,117.5,622032
2020-08-18 00:00:00+05:30,118.4,125.4,117.75,124.35,1221534
2020-08-19 00:00:00+05:30,130.5,131.85,126.2,126.65,2052315
2020-08-20 00:00:00+05:30,124.4,127.7,122.6,125.35,837492
2020-08-21 00:00:00+05:30,126.3,127.6,124.85,126.7,808537
2020-08-24 00:00:00+05:30,126.9,130.0,125.3,126.6,1362151
2020-08-25 00:00:00+05:30,127.2,128.4,122.0,124.05,1086652
2020-08-26 00:00:00+05:30,124.4,125.2,120.8,121.3,585625
2020-08-27 00:00:00+05:30,121.85,130.9,121.1,128.8,2361650
2020-08-28 00:00:00+05:30,130.0,134.9,127.0,128.55,3070269
2020-08-31 00:00:00+05:30,129.0,130.0,119.0,124.8,1232768
2020-09-01 00:00:00+05:30,124.0,124.9,118.35,122.1,524545
2020-09-02 00:00:00+05:30,122.5,123.7,121.2,121.55,290200
2020-09-03 00:00:00+05:30,121.1,124.15,119.1,119.9,390529
2020-09-04 00:00:00+05:30,116.75,123.25,116.6,121.5,1322468
2020-09-07 00:00:00+05:30,121.95,122.8,119.0,119.55,422653
2020-09-08 00:00:00+05:30,120.0,123.6,118.1,118.85,609463
2020-09-09 00:00:00+05:30,118.0,119.25,110.8,114.7,954094
2020-09-10 00:00:00+05:30,115.0,122.5,115.0,121.95,918184
2020-09-11 00:00:00+05:30,121.65,124.0,121.05,122.2,605153
2020-09-14 00:00:00+05:30,123.55,124.5,119.25,122.0,390757
2020-09-15 00:00:00+05:30,124.5,128.4,122.55,126.85,1889961
2020-09-16 00:00:00+05:30,126.95,127.65,123.05,125.1,563367
2020-09-17 00:00:00+05:30,125.45,125.45,121.6,123.5,352962
2020-09-18 00:00:00+05:30,122.0,127.25,118.9,122.7,1036886
2020-09-21 00:00:00+05:30,122.5,125.7,120.15,121.2,675747
2020-09-22 00:00:00+05:30,121.0,121.85,113.5,119.95,623197
2020-09-23 00:00:00+05:30,121.0,123.4,116.0,118.1,307912
2020-09-24 00:00:00+05:30,116.1,117.0,114.35,115.0,291751
2020-09-25 00:00:00+05:30,116.75,118.15,114.0,116.8,234658
2020-09-28 00:00:00+05:30,119.0,121.45,117.7,120.1,247504
2020-09-29 00:00:00+05:30,122.1,124.4,117.8,118.7,343390
2020-09-30 00:00:00+05:30,119.0,119.8,116.45,116.85,291206
2020-10-01 00:00:00+05:30,117.9,118.75,113.0,114.2,743189
2020-10-05 00:00:00+05:30,114.95,116.7,112.35,112.9,291850
2020-10-06 00:00:00+05:30,113.6,116.8,112.35,115.95,768213
2020-10-07 00:00:00+05:30,116.0,116.0,112.9,113.3,214505
2020-10-08 00:00:00+05:30,114.05,119.0,113.7,116.75,346018
2020-10-09 00:00:00+05:30,116.0,116.7,113.4,114.05,153225
2020-10-12 00:00:00+05:30,113.75,114.85,111.05,111.9,147768
2020-10-13 00:00:00+05:30,111.0,117.8,111.0,116.85,541390
2020-10-14 00:00:00+05:30,117.8,117.8,111.3,112.25,389331
2020-10-15 00:00:00+05:30,112.1,113.5,109.2,109.95,137284
2020-10-16 00:00:00+05:30,110.05,112.0,108.35,109.95,120287
2020-10-19 00:00:00+05:30,110.3,112.4,109.65,111.0,125827
2020-10-20 00:00:00+05:30,110.75,111.45,110.1,110.4,68425
2020-10-21 00:00:00+05:30,111.0,112.1,107.85,108.2,258631
2020-10-22 00:00:00+05:30,108.5,110.0,107.55,108.1,119813
2020-10-23 00:00:00+05:30,108.65,109.6,106.3,107.55,124906
2020-10-26 00:00:00+05:30,108.65,108.65,105.0,106.7,265868
2020-10-27 00:00:00+05:30,107.0,110.1,105.5,107.05,352952
2020-10-28 00:00:00+05:30,107.0,107.8,105.6,106.95,237687
2020-10-29 00:00:00+05:30,105.05,107.65,105.05,106.4,126743
2020-10-30 00:00:00+05:30,106.8,107.85,106.0,107.5,110557
2020-11-02 00:00:00+05:30,108.0,108.05,105.0,105.2,95188
2020-11-03 00:00:00+05:30,106.0,106.25,103.5,104.2,152898
2020-11-04 00:00:00+05:30,104.3,105.2,104.05,104.5,62296
2020-11-05 00:00:00+05:30,105.0,109.75,105.0,108.55,269361
2020-11-06 00:00:00+05:30,109.1,111.75,108.55,110.75,300818
2020-11-09 00:00:00+05:30,111.8,112.2,108.3,109.15,128905
2020-11-10 00:00:00+05:30,109.3,109.3,107.0,107.05,121984
2020-11-11 00:00:00+05:30,107.6,109.7,107.0,108.05,1043282
2020-11-12 00:00:00+05:30,106.55,111.75,105.45,110.1,381777
2020-11-13 00:00:00+05:30,110.5,110.5,108.2,108.75,111201
2020-11-17 00:00:00+05:30,110.2,111.1,107.15,108.5,123348
2020-11-18 00:00:00+05:30,108.8,110.4,107.5,107.7,115087
2020-11-19 00:00:00+05:30,107.95,111.0,107.0,108.0,522506
2020-11-20 00:00:00+05:30,108.55,110.0,108.0,108.5,231968
2020-11-23 00:00:00+05:30,108.85,110.0,108.0,108.3,225845
2020-11-24 00:00:00+05:30,108.6,109.8,107.15,109.15,342005
2020-11-25 00:00:00+05:30,109.8,112.95,106.85,109.25,687797
2020-11-26 00:00:00+05:30,109.25,111.9,108.6,110.45,634825
2020-11-27 00:00:00+05:30,110.2,113.95,110.15,112.2,545855
2020-12-01 00:00:00+05:30,114.0,115.9,112.0,113.9,556846
2020-12-02 00:00:00+05:30,114.4,118.1,113.6,115.75,589503
2020-12-03 00:00:00+05:30,116.8,119.95,116.0,117.9,609349
2020-12-04 00:00:00+05:30,118.0,122.6,117.25,117.75,812837
2020-12-07 00:00:00+05:30,118.0,129.6,118.0,128.95,4078859
2020-12-08 00:00:00+05:30,129.95,130.85,124.0,127.65,1038205
2020-12-09 00:00:00+05:30,131.0,134.8,128.0,128.85,1823636
2020-12-10 00:00:00+05:30,128.0,128.35,125.6,127.2,363308
2020-12-11 00:00:00+05:30,127.45,128.7,124.2,126.25,491463
2020-12-14 00:00:00+05:30,124.25,127.05,122.1,125.65,516556
2020-12-15 00:00:00+05:30,128.0,129.95,125.25,127.15,500330
2020-12-16 00:00:00+05:30,128.0,129.15,124.1,124.8,524728
2020-12-17 00:00:00+05:30,125.7,127.1,123.9,124.65,429937
2020-12-18 00:00:00+05:30,128.4,128.4,124.0,124.75,571185
2020-12-21 00:00:00+05:30,124.1,125.5,115.15,118.25,472722
2020-12-22 00:00:00+05:30,117.35,118.8,113.1,116.9,267095
2020-12-23 00:00:00+05:30,117.4,123.0,117.35,121.8,224676
2020-12-24 00:00:00+05:30,121.9,125.4,118.7,119.4,235848
2020-12-28 00:00:00+05:30,119.5,121.4,117.6,118.25,271695
2020-12-29 00:00:00+05:30,118.8,122.5,118.6,119.2,568667
2020-12-30 00:00:00+05:30,119.75,127.5,118.55,123.95,635373
2020-12-31 00:00:00+05:30,125.25,127.7,123.75,124.7,907811
2021-01-01 00:00:00+05:30,124.7,125.65,124.2,124.85,209664
2021-01-04 00:00:00+05:30,125.5,130.7,123.2,126.8,914510
2021-01-05 00:00:00+05:30,126.0,126.8,124.0,126.35,346984
2021-01-06 00:00:00+05:30,126.8,127.95,123.15,123.9,408187
2021-01-07 00:00:00+05:30,124.8,125.65,121.35,122.5,240491
2021-01-08 00:00:00+05:30,123.1,131.5,123.1,128.75,1185598
2021-01-11 00:00:00+05:30,128.3,129.0,124.5,125.3,551652
2021-01-12 00:00:00+05:30,125.15,125.7,122.8,123.4,275976
2021-01-13 00:00:00+05:30,124.0,126.05,122.1,122.5,309893
2021-01-14 00:00:00+05:30,123.65,128.0,123.55,127.4,703905
2021-01-15 00:00:00+05:30,130.0,132.0,126.15,128.35,1390727
2021-01-18 00:00:00+05:30,130.0,130.85,122.55,124.2,341930
2021-01-19 00:00:00+05:30,124.6,127.65,121.25,124.55,414882
2021-01-20 00:00:00+05:30,125.5,126.85,124.0,124.25,209476
2021-01-21 00:00:00+05:30,124.2,125.2,122.2,122.6,156162
2021-01-22 00:00:00+05:30,122.7,123.55,120.05,121.15,250932
2021-01-25 00:00:00+05:30,121.45,122.2,117.5,118.7,242519
2021-01-27 00:00:00+05:30,118.7,118.85,116.8,117.25,96353
2021-01-28 00:00:00+05:30,114.75,119.5,113.8,115.45,246166
2021-01-29 00:00:00+05:30,117.0,118.4,115.5,116.5,127195
2021-02-01 00:00:00+05:30,117.2,119.6,116.75,117.75,202933
2021-02-02 00:00:00+05:30,118.95,119.6,115.55,117.6,201738
2021-02-03 00:00:00+05:30,118.8,120.7,116.75,117.5,321947
2021-02-04 00:00:00+05:30,118.2,121.9,117.5,121.0,255808
2021-02-05 00:00:00+05:30,121.0,121.9,119.0,120.8,190875
2021-02-08 00:00:00+05:30,120.1,123.55,119.9,120.65,223257
2021-02-09 00:00:00+05:30,120.1,121.75,119.0,119.35,142319
2021-02-10 00:00:00+05:30,119.8,120.0,118.25,119.4,157752
2021-02-11 00:00:00+05:30,118.85,120.9,118.15,119.85,201165
2021-02-12 00:00:00+05:30,120.45,122.15,118.95,119.3,318584
2021-02-15 00:00:00+05:30,119.9,120.0,117.55,118.05,257649
2021-02-16 00:00:00+05:30,118.1,120.0,117.45,117.75,334235
2021-02-17 00:00:00+05:30,118.0,118.65,116.5,116.9,114220
2021-02-18 00:00:00+05:30,117.75,119.0,117.15,117.8,137260
2021-02-19 00:00:00+05:30,118.2,118.6,114.7,115.65,195995
2021-02-22 00:00:00+05:30,115.0,116.9,112.2,115.0,432264
2021-02-23 00:00:00+05:30,115.5,115.5,110.0,111.05,613070
2021-02-24 00:00:00+05:30,111.7,111.8,109.0,110.5,326083
2021-02-25 00:00:00+05:30,111.4,113.75,110.6,112.55,194979
2021-02-26 00:00:00+05:30,111.0,112.5,108.35,110.3,661029
2021-03-01 00:00:00+05:30,112.05,123.65,112.05,121.25,1826322
2021-03-02 00:00:00+05:30,123.7,124.9,118.5,121.55,1031042
2021-03-03 00:00:00+05:30,121.55,142.3,119.25,135.35,4642179
2021-03-04 00:00:00+05:30,132.0,145.0,130.65,142.6,3055904
2021-03-05 00:00:00+05:30,141.0,155.7,141.0,150.3,3874436
2021-03-08 00:00:00+05:30,151.1,158.0,149.95,152.35,1511939
2021-03-09 00:00:00+05:30,153.8,154.6,144.1,145.4,655584
2021-03-10 00:00:00+05:30,147.25,147.25,136.0,140.1,598159
2021-03-12 00:00:00+05:30,141.0,144.9,137.75,139.25,374798
2021-03-15 00:00:00+05:30,139.8,140.6,129.5,134.95,502939
2021-03-16 00:00:00+05:30,135.65,137.0,130.1,131.15,343188
2021-03-17 00:00:00+05:30,132.05,145.0,131.2,133.0,1322681
2021-03-18 00:00:00+05:30,133.8,136.55,122.7,127.2,640578
2021-03-19 00:00:00+05:30,127.2,139.0,125.15,137.35,1089512
2021-03-22 00:00:00+05:30,136.5,142.8,134.0,139.35,537495
2021-03-23 00:00:00+05:30,140.9,143.9,138.0,138.85,396081
2021-03-24 00:00:00+05:30,138.0,141.05,131.25,133.3,322355
2021-03-25 00:00:00+05:30,135.7,135.8,129.5,132.25,253053
2021-03-26 00:00:00+05:30,133.05,137.5,132.1,133.5,502168
2021-03-30 00:00:00+05:30,133.0,135.05,130.35,131.0,389048
2021-03-31 00:00:00+05:30,131.25,133.1,129.0,129.65,219824
2021-04-01 00:00:00+05:30,130.4,136.2,130.4,133.75,249687
2021-04-05 00:00:00+05:30,134.8,134.8,126.0,127.8,269633
2021-04-06 00:00:00+05:30,128.9,129.95,125.2,126.15,505783
2021-04-07 00:00:00+05:30,127.2,130.25,126.0,126.5,301115
2021-04-08 00:00:00+05:30,127.6,130.0,125.1,125.35,416690
2021-04-09 00:00:00+05:30,125.0,126.75,121.3,122.55,296512
2021-04-12 00:00:00+05:30,121.25,121.35,114.0,114.9,344519
2021-04-13 00:00:00+05:30,116.8,117.25,112.9,115.95,225682
2021-04-15 00:00:00+05:30,116.85,117.0,112.0,116.3,241367
2021-04-16 00:00:00+05:30,116.85,118.75,115.1,117.8,136255
2021-04-19 00:00:00+05:30,113.0,115.25,110.35,113.4,166267
2021-04-20 00:00:00+05:30,112.25,117.75,112.0,112.6,401382
2021-04-22 00:00:00+05:30,113.45,122.3,112.75,121.05,740893
2021-04-23 00:00:00+05:30,120.0,123.0,112.2,112.6,785672
2021-04-26 00:00:00+05:30,113.9,117.2,113.8,116.0,247429
2021-04-27 00:00:00+05:30,116.9,119.7,116.5,118.25,245231
2021-04-28 00:00:00+05:30,118.25,120.0,115.45,116.2,167248
2021-04-29 00:00:00+05:30,115.9,119.65,115.1,115.65,347360
2021-04-30 00:00:00+05:30,114.8,118.7,114.25,115.55,164334
2021-05-03 00:00:00+05:30,115.0,119.45,114.5,117.8,180793
2021-05-04 00:00:00+05:30,119.4,119.9,115.1,115.75,168814
2021-05-05 00:00:00+05:30,116.4,118.5,116.4,117.35,117280
2021-05-06 00:00:00+05:30,117.95,118.5,115.5,116.7,94951
2021-05-07 00:00:00+05:30,117.0,119.15,116.35,116.95,476695
2021-05-10 00:00:00+05:30,117.9,125.8,117.85,120.5,985749
2021-05-11 00:00:00+05:30,118.95,121.0,116.85,118.9,524837
2021-05-12 00:00:00+05:30,118.7,128.0,118.7,124.6,874036
2021-05-14 00:00:00+05:30,125.9,129.7,120.1,124.65,1014260
2021-05-17 00:00:00+05:30,124.65,129.0,123.5,125.45,544947
2021-05-18 00:00:00+05:30,126.6,127.9,122.25,122.95,415287
2021-05-19 00:00:00+05:30,122.2,124.5,119.55,119.9,341770
2021-05-20 00:00:00+05:30,120.95,123.9,120.0,120.6,317619
2021-05-21 00:00:00+05:30,121.8,128.75,121.05,124.95,731380
2021-05-24 00:00:00+05:30,126.3,134.0,126.0,131.35,2373835
2021-05-25 00:00:00+05:30,132.0,137.4,131.45,133.3,991872
2021-05-26 00:00:00+05:30,134.0,146.5,134.0,139.05,3344074
2021-05-27 00:00:00+05:30,144.75,146.35,139.0,140.75,2024724
2021-05-28 00:00:00+05:30,142.0,142.35,133.1,133.25,995978
2021-05-31 00:00:00+05:30,135.0,136.0,128.4,128.7,897955
2021-06-01 00:00:00+05:30,132.0,134.85,127.7,129.05,843683
2021-06-02 00:00:00+05:30,129.3,133.0,128.55,131.0,531554
2021-06-03 00:00:00+05:30,131.95,132.75,129.6,130.15,425244
2021-06-04 00:00:00+05:30,132.0,141.9,131.6,140.75,1970528
2021-06-07 00:00:00+05:30,142.2,145.95,140.05,142.25,1292400
2021-06-08 00:00:00+05:30,143.35,166.0,142.5,162.8,7292280
2021-06-09 00:00:00+05:30,168.95,175.5,160.0,165.7,5915846
2021-06-10 00:00:00+05:30,166.7,175.0,161.0,173.6,2570640
2021-06-11 00:00:00+05:30,174.8,177.4,167.45,170.55,1829559
2021-06-14 00:00:00+05:30,172.0,176.0,161.25,169.0,1273858
2021-06-15 00:00:00+05:30,169.7,173.95,166.2,167.65,886826
2021-06-17 00:00:00+05:30,178.45,183.5,174.2,179.5,1429385
2021-06-18 00:00:00+05:30,182.0,182.65,161.9,178.35,1957022
2021-06-21 00:00:00+05:30,173.0,177.2,170.8,173.75,911434
2021-06-22 00:00:00+05:30,174.0,183.25,172.1,173.8,1039308
2021-06-23 00:00:00+05:30,175.3,178.5,170.75,171.6,730729
2021-06-24 00:00:00+05:30,171.0,177.85,170.0,172.7,651613
2021-06-25 00:00:00+05:30,174.0,175.9,171.2,172.5,651784
2021-06-28 00:00:00+05:30,172.0,175.45,162.35,170.85,1162413
2021-06-29 00:00:00+05:30,168.75,173.45,168.1,169.1,647432
2021-06-30 00:00:00+05:30,169.95,173.45,166.1,167.6,669831
2021-07-01 00:00:00+05:30,167.6,170.25,165.2,165.75,766915
2021-07-02 00:00:00+05:30,165.8,167.65,162.0,165.85,791152
2021-07-05 00:00:00+05:30,165.85,172.4,165.5,169.8,757932
2021-07-06 00:00:00+05:30,169.0,177.45,168.0,173.1,1970676
2021-07-07 00:00:00+05:30,172.05,174.9,170.3,171.5,971552
2021-07-08 00:00:00+05:30,171.5,173.95,163.35,165.6,921586
2021-07-09 00:00:00+05:30,167.7,171.7,165.95,170.25,835462
2021-07-12 00:00:00+05:30,171.95,172.3,165.5,167.9,1190331
2021-07-13 00:00:00+05:30,169.0,172.85,166.25,169.05,1442814
2021-07-14 00:00:00+05:30,170.35,184.55,168.1,178.85,3049557
2021-07-15 00:00:00+05:30,180.0,187.5,178.3,181.95,2629708
2021-07-16 00:00:00+05:30,183.4,186.45,177.5,178.35,1836398
2021-07-19 00:00:00+05:30,174.7,178.45,171.45,174.65,1280049
2021-07-20 00:00:00+05:30,173.0,174.55,167.5,170.8,902905
2021-07-22 00:00:00+05:30,173.7,176.1,173.0,174.85,1012501
2021-07-23 00:00:00+05:30,173.6,175.15,169.85,172.2,812236
2021-07-26 00:00:00+05:30,170.5,178.7,169.35,174.5,873823
2021-07-27 00:00:00+05:30,173.5,178.0,170.3,172.15,615149
2021-07-28 00:00:00+05:30,170.95,172.35,167.3,169.25,461641
2021-07-29 00:00:00+05:30,169.25,173.7,169.25,170.65,349847
2021-07-30 00:00:00+05:30,169.6,173.75,169.6,171.2,583232
2021-08-02 00:00:00+05:30,170.75,178.0,169.95,172.8,663355
2021-08-03 00:00:00+05:30,172.7,183.5,172.5,179.7,1733069
2021-08-04 00:00:00+05:30,179.0,184.8,173.0,174.75,1138402
2021-08-05 00:00:00+05:30,173.0,174.9,170.0,170.55,704651
2021-08-06 00:00:00+05:30,170.75,175.5,170.2,174.3,354036
2021-08-09 00:00:00+05:30,174.0,174.7,166.35,168.2,732090
2021-08-10 00:00:00+05:30,168.25,173.6,158.8,160.9,666158
2021-08-11 00:00:00+05:30,161.1,163.1,150.0,156.25,1119457
2021-08-12 00:00:00+05:30,154.0,161.75,154.0,158.2,391730
2021-08-13 00:00:00+05:30,157.75,168.3,157.75,166.45,716574
2021-08-16 00:00:00+05:30,166.0,166.5,158.2,159.6,347431
2021-08-17 00:00:00+05:30,159.5,160.7,154.1,155.4,411954
2021-08-18 00:00:00+05:30,156.0,157.7,151.5,153.0,346671
2021-08-20 00:00:00+05:30,150.0,155.45,149.15,152.35,311171
2021-08-23 00:00:00+05:30,152.8,154.5,146.1,148.95,316161
2021-08-24 00:00:00+05:30,150.4,159.35,149.5,157.65,415464
2021-08-25 00:00:00+05:30,159.0,159.0,153.75,154.75,284665
2021-08-26 00:00:00+05:30,155.5,161.3,153.0,153.55,334329
2021-08-27 00:00:00+05:30,153.8,156.65,152.5,153.35,321745
2021-08-30 00:00:00+05:30,154.9,157.45,152.5,153.25,284057
2021-08-31 00:00:00+05:30,153.95,154.4,151.65,152.4,217608
2021-09-01 00:00:00+05:30,152.45,156.25,151.95,153.2,284764
2021-09-02 00:00:00+05:30,154.1,161.6,153.05,157.75,649243
2021-09-03 00:00:00+05:30,158.9,162.15,158.0,158.7,363893
2021-09-06 00:00:00+05:30,161.2,168.2,160.85,166.6,891937
2021-09-07 00:00:00+05:30,166.0,172.0,165.1,168.55,860725
2021-09-08 00:00:00+05:30,166.2,172.9,165.7,167.5,565409
2021-09-09 00:00:00+05:30,166.1,174.4,166.1,172.4,816889
2021-09-13 00:00:00+05:30,172.6,177.4,172.5,173.35,850172
2021-09-14 00:00:00+05:30,174.8,174.8,169.1,170.75,466645
2021-09-15 00:00:00+05:30,170.75,182.75,170.75,181.05,2086113
2021-09-16 00:00:00+05:30,182.1,184.9,179.65,181.3,918052
2021-09-17 00:00:00+05:30,182.0,182.75,172.75,173.85,786597
2021-09-20 00:00:00+05:30,170.5,182.55,170.05,172.6,854187
2021-09-21 00:00:00+05:30,171.0,178.45,170.7,175.0,473410
2021-09-22 00:00:00+05:30,173.5,194.5,173.5,192.3,4928314
2021-09-23 00:00:00+05:30,194.85,210.0,194.2,203.4,6273973
2021-09-24 00:00:00+05:30,204.9,209.7,200.1,203.1,2417945
2021-09-27 00:00:00+05:30,204.0,204.75,196.0,197.6,811368
2021-09-28 00:00:00+05:30,198.0,198.4,190.6,191.6,600007
2021-09-29 00:00:00+05:30,189.0,199.75,189.0,197.05,1066078
2021-09-30 00:00:00+05:30,198.45,209.0,195.7,204.9,1269502
2021-10-01 00:00:00+05:30,207.0,214.0,204.0,206.1,2105708
2021-10-04 00:00:00+05:30,206.95,212.4,204.1,208.25,888618
2021-10-05 00:00:00+05:30,207.1,209.9,203.2,204.45,483487
2021-10-06 00:00:00+05:30,204.45,208.45,193.1,194.4,850613
2021-10-07 00:00:00+05:30,196.3,200.6,194.8,196.1,358067
2021-10-08 00:00:00+05:30,197.3,197.35,190.5,193.95,411288
2021-10-11 00:00:00+05:30,194.7,209.0,193.3,203.15,970323
2021-10-12 00:00:00+05:30,203.9,212.5,203.15,206.6,948575
2021-10-13 00:00:00+05:30,209.0,214.8,204.0,211.05,1121061
2021-10-14 00:00:00+05:30,212.45,213.5,205.2,206.6,688852
2021-10-18 00:00:00+05:30,207.05,211.45,203.1,205.45,572287
2021-10-19 00:00:00+05:30,206.0,209.95,200.0,202.85,702540
2021-10-20 00:00:00+05:30,202.5,202.75,191.0,193.0,678815
2021-10-21 00:00:00+05:30,195.7,198.75,192.55,193.85,438696
2021-10-22 00:00:00+05:30,194.6,197.35,191.0,191.65,311458
2021-10-25 00:00:00+05:30,193.95,199.9,191.9,193.7,673880
2021-10-26 00:00:00+05:30,197.95,207.9,197.15,206.85,1026523
2021-10-27 00:00:00+05:30,206.0,234.35,203.75,229.75,5290598
2021-10-28 00:00:00+05:30,235.0,238.3,221.7,226.4,1817230
2021-10-29 00:00:00+05:30,220.15,230.0,218.15,220.2,1183404
2021-11-01 00:00:00+05:30,222.1,242.4,221.0,240.0,2082684
2021-11-02 00:00:00+05:30,239.0,240.15,231.05,233.35,831139
2021-11-03 00:00:00+05:30,233.35,251.7,233.35,248.9,2321867
2021-11-04 00:00:00+05:30,253.7,261.75,247.45,258.6,1536436
2021-11-08 00:00:00+05:30,261.65,283.9,260.85,272.5,3829915
2021-11-09 00:00:00+05:30,267.4,274.9,264.9,273.0,1405066
2021-11-10 00:00:00+05:30,268.85,277.0,257.15,259.65,2099671
2021-11-11 00:00:00+05:30,255.0,267.35,253.0,262.9,1637480
2021-11-12 00:00:00+05:30,265.2,277.95,264.3,275.75,1709957
2021-11-15 00:00:00+05:30,278.7,289.45,263.55,285.9,2602243
2021-11-16 00:00:00+05:30,287.65,290.0,278.1,284.1,819016
2021-11-17 00:00:00+05:30,282.05,284.0,272.1,273.75,473160
2021-11-18 00:00:00+05:30,274.95,274.95,259.5,262.9,521640
2021-11-22 00:00:00+05:30,263.1,268.85,250.0,252.85,535948
2021-11-23 00:00:00+05:30,248.1,262.0,247.4,256.45,309623
2021-11-24 00:00:00+05:30,260.5,267.7,255.25,257.0,337808
2021-11-25 00:00:00+05:30,258.1,266.0,258.1,261.5,382132
2021-11-26 00:00:00+05:30,258.0,261.0,246.3,248.8,316353
2021-11-29 00:00:00+05:30,240.0,251.0,240.0,240.8,369877
2021-11-30 00:00:00+05:30,241.5,252.5,240.1,242.65,341894
2021-12-01 00:00:00+05:30,245.7,249.7,242.55,243.9,170814
2021-12-02 00:00:00+05:30,243.9,251.2,242.15,246.95,263283
2021-12-03 00:00:00+05:30,246.0,261.6,246.0,257.35,550787
2021-12-06 00:00:00+05:30,259.4,264.0,255.1,256.25,393692
2021-12-07 00:00:00+05:30,258.95,264.4,252.1,255.5,185816
2021-12-08 00:00:00+05:30,256.7,259.05,253.0,254.85,140421
2021-12-09 00:00:00+05:30,255.6,269.9,255.3,268.55,983679
2021-12-10 00:00:00+05:30,266.95,269.5,260.1,261.4,519766
2021-12-13 00:00:00+05:30,263.4,263.9,252.6,254.55,384035
2021-12-14 00:00:00+05:30,253.7,261.25,253.15,258.4,229212
2021-12-15 00:00:00+05:30,259.85,262.35,256.0,257.0,233993
2021-12-16 00:00:00+05:30,258.75,262.0,250.4,252.8,695364
2021-12-17 00:00:00+05:30,252.0,252.75,237.1,238.8,438270
2021-12-20 00:00:00+05:30,234.0,234.0,222.2,223.85,375876
2021-12-21 00:00:00+05:30,228.0,232.7,217.7,224.15,304750
2021-12-22 00:00:00+05:30,229.0,230.75,218.25,228.25,242330
2021-12-23 00:00:00+05:30,230.5,235.0,228.3,230.25,275794
2021-12-24 00:00:00+05:30,231.8,234.7,227.0,227.85,250268
2021-12-27 00:00:00+05:30,228.75,232.3,225.95,228.5,251783
2021-12-28 00:00:00+05:30,230.7,238.0,229.85,235.75,282236
2021-12-29 00:00:00+05:30,237.0,239.8,230.0,232.15,265082
2021-12-30 00:00:00+05:30,233.0,243.9,229.45,234.35,437233
2021-12-31 00:00:00+05:30,234.35,241.25,232.0,234.2,414930
2022-01-03 00:00:00+05:30,234.85,238.5,232.5,233.6,289910
2022-01-04 00:00:00+05:30,234.7,243.9,233.6,238.7,370097
2022-01-05 00:00:00+05:30,238.25,239.65,233.2,234.85,139543
2022-01-06 00:00:00+05:30,235.9,238.0,232.3,234.4,177324
2022-01-07 00:00:00+05:30,236.7,239.4,232.85,234.65,242707
2022-01-10 00:00:00+05:30,235.9,241.3,230.85,233.25,378261
2022-01-11 00:00:00+05:30,234.45,238.45,231.1,231.75,236988
2022-01-12 00:00:00+05:30,234.8,236.7,232.5,234.5,171441
2022-01-13 00:00:00+05:30,235.0,237.7,232.2,234.85,190492
2022-01-14 00:00:00+05:30,233.1,236.9,230.6,231.9,206478
2022-01-17 00:00:00+05:30,233.9,253.15,233.25,251.25,1272859
2022-01-18 00:00:00+05:30,253.0,253.0,234.5,235.85,582323
2022-01-19 00:00:00+05:30,236.0,239.3,232.65,233.3,243955
2022-01-20 00:00:00+05:30,234.45,237.35,232.5,235.9,272309
2022-01-21 00:00:00+05:30,235.9,236.9,223.65,227.6,276224
2022-01-24 00:00:00+05:30,225.65,229.3,209.5,213.3,386894
2022-01-25 00:00:00+05:30,214.9,218.1,206.3,214.45,232952
2022-01-27 00:00:00+05:30,214.9,217.85,210.1,212.15,245859
2022-01-28 00:00:00+05:30,214.0,218.95,211.35,212.6,255999
2022-01-31 00:00:00+05:30,215.0,219.25,213.0,217.65,292645
2022-02-01 00:00:00+05:30,219.25,222.9,215.0,221.4,334627
2022-02-02 00:00:00+05:30,223.65,228.95,223.05,227.5,178054
2022-02-03 00:00:00+05:30,228.8,244.3,226.3,236.35,577522
2022-02-04 00:00:00+05:30,237.5,237.5,226.15,229.95,295967
2022-02-07 00:00:00+05:30,226.1,230.0,216.45,217.3,210756
2022-02-08 00:00:00+05:30,218.95,221.9,213.75,216.8,241061
2022-02-09 00:00:00+05:30,218.4,221.75,214.5,219.85,161224
2022-02-10 00:00:00+05:30,221.45,224.7,217.55,220.15,200848
2022-02-11 00:00:00+05:30,219.0,219.4,213.05,215.1,149665
2022-02-14 00:00:00+05:30,212.15,221.5,207.2,213.25,386886
2022-02-15 00:00:00+05:30,215.0,217.0,201.7,207.9,339391
2022-02-16 00:00:00+05:30,208.95,213.5,206.0,207.7,184734
2022-02-17 00:00:00+05:30,211.0,211.0,198.6,201.3,294373
2022-02-18 00:00:00+05:30,201.4,205.6,199.7,202.85,187789
2022-02-21 00:00:00+05:30,198.5,206.75,196.0,198.35,274206
2022-02-22 00:00:00+05:30,186.65,195.4,186.65,192.05,206631
2022-02-23 00:00:00+05:30,193.65,202.0,189.0,190.45,192095
2022-02-24 00:00:00+05:30,181.1,188.7,175.0,177.0,319425
2022-02-25 00:00:00+05:30,182.5,204.35,182.5,197.2,695758
2022-02-28 00:00:00+05:30,194.0,197.75,186.15,192.9,263799
2022-03-02 00:00:00+05:30,190.0,195.7,188.85,190.3,270990
2022-03-03 00:00:00+05:30,192.15,196.05,191.5,194.35,246616
2022-03-04 00:00:00+05:30,191.0,192.35,184.2,186.3,230981
2022-03-07 00:00:00+05:30,184.75,187.85,180.25,185.75,362965
2022-03-08 00:00:00+05:30,184.05,216.6,184.05,212.45,1174143
2022-03-09 00:00:00+05:30,208.0,220.9,206.35,214.7,712751
2022-03-10 00:00:00+05:30,216.0,222.0,211.75,213.9,283085
2022-03-11 00:00:00+05:30,215.9,220.5,210.0,215.45,849730
2022-03-14 00:00:00+05:30,216.55,224.05,216.55,219.45,489407
2022-03-15 00:00:00+05:30,224.0,224.0,212.85,216.75,206841
2022-03-16 00:00:00+05:30,219.25,230.6,219.25,223.7,586709
2022-03-17 00:00:00+05:30,227.0,228.05,218.35,221.3,198335
2022-03-21 00:00:00+05:30,225.0,225.0,215.0,216.05,167017
2022-03-22 00:00:00+05:30,216.3,220.0,214.7,217.3,116235
2022-03-23 00:00:00+05:30,220.0,226.65,218.6,219.7,521822
2022-03-24 00:00:00+05:30,219.0,225.6,218.45,219.7,216407
2022-03-25 00:00:00+05:30,220.0,224.35,216.6,218.85,258204
2022-03-28 00:00:00+05:30,219.75,219.75,211.35,213.75,175734
2022-03-29 00:00:00+05:30,215.75,217.95,213.0,215.95,293449
2022-03-30 00:00:00+05:30,217.05,219.35,215.0,215.9,129520
2022-03-31 00:00:00+05:30,219.4,229.0,214.7,224.95,773671
2022-04-01 00:00:00+05:30,225.9,230.5,220.5,222.35,422521
2022-04-04 00:00:00+05:30,222.7,238.75,222.7,230.4,760164
2022-04-05 00:00:00+05:30,231.6,233.15,227.3,228.75,266523
2022-04-06 00:00:00+05:30,228.85,232.0,227.55,228.9,338612
2022-04-07 00:00:00+05:30,230.1,246.0,229.0,235.6,2309321
2022-04-08 00:00:00+05:30,237.4,248.0,232.55,244.45,1045797
2022-04-11 00:00:00+05:30,245.0,252.35,242.15,247.8,715364
2022-04-12 00:00:00+05:30,244.5,245.9,236.25,242.0,523317
2022-04-13 00:00:00+05:30,242.0,246.7,237.65,238.75,209377
2022-04-18 00:00:00+05:30,233.5,257.0,231.6,250.15,1105700
2022-04-19 00:00:00+05:30,253.0,263.4,240.35,244.6,923494
2022-04-20 00:00:00+05:30,248.0,251.85,242.35,246.2,357832
2022-04-21 00:00:00+05:30,250.0,262.4,250.0,260.3,856603
2022-04-22 00:00:00+05:30,259.5,279.95,256.35,276.75,2538861
2022-04-25 00:00:00+05:30,278.5,284.0,268.4,270.3,1324582
2022-04-26 00:00:00+05:30,274.0,275.5,265.5,268.6,489489
2022-04-27 00:00:00+05:30,267.0,273.1,260.1,261.55,514802
2022-04-28 00:00:00+05:30,262.9,264.8,255.1,257.1,437636
2022-04-29 00:00:00+05:30,258.55,261.7,252.1,252.9,296447
2022-05-02 00:00:00+05:30,251.0,275.0,244.7,273.4,1212364
2022-05-04 00:00:00+05:30,273.95,274.0,245.8,251.2,552369
2022-05-05 00:00:00+05:30,253.7,259.7,250.4,252.4,219250
2022-05-06 00:00:00+05:30,243.0,259.0,242.05,253.05,612404
2022-05-09 00:00:00+05:30,251.0,252.1,238.0,238.95,361529
2022-05-10 00:00:00+05:30,236.25,242.95,227.1,228.45,234780
2022-05-11 00:00:00+05:30,229.6,237.25,218.4,221.65,481823
2022-05-12 00:00:00+05:30,219.0,226.0,214.4,223.3,326093
2022-05-13 00:00:00+05:30,233.0,233.0,221.0,222.15,206569
2022-05-16 00:00:00+05:30,223.75,227.95,217.0,219.55,186872
2022-05-17 00:00:00+05:30,221.45,235.7,221.2,235.2,275089
2022-05-18 00:00:00+05:30,236.8,237.9,227.25,229.45,229386
2022-05-19 00:00:00+05:30,222.0,236.55,222.0,228.45,607008
2022-05-20 00:00:00+05:30,232.0,239.9,229.85,233.15,529320
2022-05-23 00:00:00+05:30,234.0,238.9,233.5,234.1,139910
2022-05-24 00:00:00+05:30,235.7,237.2,229.05,231.5,180914
2022-05-25 00:00:00+05:30,231.9,233.2,217.55,219.9,182094
2022-05-26 00:00:00+05:30,211.65,218.7,206.15,215.25,430093
2022-05-27 00:00:00+05:30,219.0,221.7,209.3,211.6,125184
2022-05-30 00:00:00+05:30,215.0,223.65,215.0,219.05,163676
2022-05-31 00:00:00+05:30,218.4,226.25,212.5,218.45,152450
2022-06-01 00:00:00+05:30,219.55,228.9,219.55,222.0,187015
2022-06-02 00:00:00+05:30,222.45,227.45,222.45,226.2,100849
2022-06-03 00:00:00+05:30,228.05,232.2,223.0,223.9,146901
2022-06-06 00:00:00+05:30,223.9,227.0,219.25,223.4,88574
2022-06-07 00:00:00+05:30,223.4,231.35,223.0,223.55,125520
2022-06-08 00:00:00+05:30,224.65,225.85,220.75,222.35,66675
2022-06-09 00:00:00+05:30,221.0,224.7,220.0,221.15,87598
2022-06-10 00:00:00+05:30,220.9,224.25,220.4,222.55,98651
2022-06-13 00:00:00+05:30,223.0,223.0,212.2,213.3,109737
2022-06-14 00:00:00+05:30,213.3,218.0,210.2,211.7,170266
2022-06-15 00:00:00+05:30,212.8,216.05,210.45,214.8,77980
2022-06-16 00:00:00+05:30,217.6,218.2,197.1,198.6,366498
2022-06-17 00:00:00+05:30,198.55,200.8,193.1,194.75,153543
2022-06-20 00:00:00+05:30,195.5,197.4,182.45,184.45,346125
2022-06-21 00:00:00+05:30,186.0,198.35,186.0,195.65,237935
2022-06-22 00:00:00+05:30,195.7,196.0,185.0,186.95,91499
2022-06-23 00:00:00+05:30,187.9,193.0,187.65,189.65,78106
2022-06-24 00:00:00+05:30,191.3,194.0,189.35,192.85,218452
2022-06-27 00:00:00+05:30,195.0,196.9,194.45,196.0,117599
2022-06-28 00:00:00+05:30,196.0,202.0,195.85,199.05,159690
2022-06-29 00:00:00+05:30,198.0,201.4,197.45,199.45,67445
2022-06-30 00:00:00+05:30,200.0,202.0,195.1,196.8,63643
2022-07-01 00:00:00+05:30,197.0,198.15,192.1,195.7,62224
2022-07-04 00:00:00+05:30,195.7,202.35,195.35,199.1,94548
2022-07-05 00:00:00+05:30,199.1,204.05,198.9,202.7,97850
2022-07-06 00:00:00+05:30,203.75,204.85,201.5,204.0,93246
2022-07-07 00:00:00+05:30,204.95,211.4,204.95,209.1,92191
2022-07-08 00:00:00+05:30,209.1,211.95,204.75,205.7,62118
2022-07-11 00:00:00+05:30,205.4,215.1,205.05,210.35,97792
2022-07-12 00:00:00+05:30,210.5,213.0,208.55,210.8,108445
2022-07-13 00:00:00+05:30,211.9,214.8,209.9,210.25,75700
2022-07-14 00:00:00+05:30,211.35,212.0,209.6,210.7,42073
2022-07-15 00:00:00+05:30,211.2,216.0,211.2,214.8,110879
2022-07-18 00:00:00+05:30,216.8,218.1,210.6,213.1,163129
2022-07-19 00:00:00+05:30,214.8,217.3,213.1,214.5,73455
2022-07-20 00:00:00+05:30,215.2,247.3,215.2,241.05,1361524
2022-07-21 00:00:00+05:30,245.0,247.1,234.5,238.3,750809
2022-07-22 00:00:00+05:30,236.95,249.0,235.0,237.7,588788
2022-07-25 00:00:00+05:30,237.65,249.8,236.35,246.3,470781
2022-07-26 00:00:00+05:30,246.5,283.0,240.0,273.6,5031993
2022-07-27 00:00:00+05:30,273.0,281.8,268.65,273.5,1070029
2022-07-28 00:00:00+05:30,277.55,294.8,272.0,284.15,2056909
2022-07-29 00:00:00+05:30,284.15,292.25,280.6,283.0,493198
2022-08-01 00:00:00+05:30,285.0,287.8,277.05,278.85,468919
2022-08-02 00:00:00+05:30,278.0,283.0,267.1,272.15,544896
2022-08-03 00:00:00+05:30,272.85,278.0,268.1,272.55,334059
2022-08-04 00:00:00+05:30,274.45,277.3,258.2,270.2,363258
2022-08-05 00:00:00+05:30,271.9,278.6,269.05,272.65,245435
2022-08-08 00:00:00+05:30,274.4,295.0,273.05,283.35,2115574
2022-08-10 00:00:00+05:30,285.5,285.5,276.8,280.7,746666
2022-08-11 00:00:00+05:30,282.95,286.95,275.3,279.2,535052
2022-08-12 00:00:00+05:30,279.2,282.0,272.1,276.0,754580
2022-08-16 00:00:00+05:30,275.55,280.0,274.0,275.7,440466
2022-08-17 00:00:00+05:30,277.7,292.0,275.95,284.9,1109531
2022-08-18 00:00:00+05:30,285.6,289.0,282.1,284.75,436017
2022-08-19 00:00:00+05:30,283.1,313.0,281.1,308.9,4820009
2022-08-22 00:00:00+05:30,309.15,319.0,298.95,302.0,3238973
2022-08-23 00:00:00+05:30,303.0,321.35,300.7,314.9,2195047
2022-08-24 00:00:00+05:30,317.4,332.0,316.0,329.95,2983600
2022-08-25 00:00:00+05:30,334.0,336.4,330.0,332.45,1542398
2022-08-26 00:00:00+05:30,332.5,374.5,328.55,356.7,5153434
2022-08-29 00:00:00+05:30,348.0,373.9,336.25,366.2,2904814
2022-08-30 00:00:00+05:30,369.0,371.75,337.2,353.7,2539353
2022-09-01 00:00:00+05:30,349.1,361.4,345.05,350.2,1149786
2022-09-02 00:00:00+05:30,350.25,358.0,344.0,354.65,1052047
2022-09-05 00:00:00+05:30,357.9,359.0,341.0,343.65,777252
2022-09-06 00:00:00+05:30,342.05,344.95,320.95,334.1,1823735
2022-09-07 00:00:00+05:30,329.9,339.5,327.2,336.6,778141
2022-09-08 00:00:00+05:30,339.95,340.0,330.1,332.1,466457
2022-09-09 00:00:00+05:30,334.0,336.35,327.0,329.55,559566
2022-09-12 00:00:00+05:30,329.0,349.55,328.8,343.35,1152644
2022-09-13 00:00:00+05:30,346.0,347.9,336.45,338.65,442328
2022-09-14 00:00:00+05:30,335.0,354.4,332.0,348.3,1336171
2022-09-15 00:00:00+05:30,356.0,356.0,341.1,344.3,912476
2022-09-16 00:00:00+05:30,343.45,356.45,333.0,343.0,1307941
2022-09-19 00:00:00+05:30,346.0,353.75,337.25,341.55,970040
2022-09-20 00:00:00+05:30,344.8,346.9,334.2,335.4,460252
2022-09-21 00:00:00+05:30,336.35,343.8,325.0,327.1,591474
2022-09-22 00:00:00+05:30,328.0,333.4,321.1,324.6,625389
2022-09-23 00:00:00+05:30,325.0,326.15,307.95,310.65,857470
2022-09-26 00:00:00+05:30,303.6,309.0,297.15,299.25,558444
2022-09-27 00:00:00+05:30,299.95,306.0,293.0,294.7,368199
2022-09-28 00:00:00+05:30,291.0,305.0,288.85,297.0,592038
2022-09-29 00:00:00+05:30,301.0,311.65,293.0,302.1,978545
2022-09-30 00:00:00+05:30,304.0,308.0,297.35,301.75,328071
2022-10-03 00:00:00+05:30,303.8,309.95,299.1,301.05,680433
2022-10-04 00:00:00+05:30,306.0,311.0,303.3,307.55,511829
2022-10-06 00:00:00+05:30,311.75,317.1,308.2,313.75,905349
2022-10-07 00:00:00+05:30,316.9,321.3,314.45,319.65,754083
2022-10-10 00:00:00+05:30,316.3,328.45,315.0,320.85,505533
2022-10-11 00:00:00+05:30,322.45,322.95,303.0,304.35,514279
2022-10-12 00:00:00+05:30,305.0,308.55,295.65,304.1,407204
2022-10-13 00:00:00+05:30,303.0,306.15,295.6,301.2,184897
2022-10-14 00:00:00+05:30,304.65,312.8,302.5,305.65,466516
2022-10-17 00:00:00+05:30,304.25,311.95,301.2,305.05,307374
2022-10-18 00:00:00+05:30,307.8,311.4,305.0,308.9,329753
2022-10-19 00:00:00+05:30,310.95,317.1,307.0,308.7,358607
2022-10-20 00:00:00+05:30,305.4,314.8,304.0,311.7,449764
2022-10-21 00:00:00+05:30,311.7,314.1,304.1,305.4,301874
2022-10-24 00:00:00+05:30,307.9,316.9,307.1,313.15,192520
2022-10-25 00:00:00+05:30,312.0,318.6,308.45,310.1,311554
2022-10-27 00:00:00+05:30,312.0,314.0,306.0,308.5,227095
2022-10-28 00:00:00+05:30,310.7,310.75,304.0,305.45,241985
2022-10-31 00:00:00+05:30,305.7,307.7,302.85,304.75,153909
2022-11-01 00:00:00+05:30,305.9,310.0,304.0,307.05,229889
2022-11-02 00:00:00+05:30,308.75,314.5,306.2,309.15,319170
2022-11-03 00:00:00+05:30,309.0,318.6,308.3,313.65,559452
2022-11-04 00:00:00+05:30,316.7,333.5,314.8,327.3,1558268
2022-11-07 00:00:00+05:30,332.2,333.9,323.1,324.65,373414
2022-11-09 00:00:00+05:30,326.0,346.9,318.65,323.0,1895238
2022-11-10 00:00:00+05:30,324.8,328.8,308.95,311.35,695860
2022-11-11 00:00:00+05:30,315.05,321.5,313.45,317.35,480527
2022-11-14 00:00:00+05:30,318.2,318.75,310.85,313.3,232791
2022-11-15 00:00:00+05:30,315.2,319.75,309.6,315.2,198474
2022-11-16 00:00:00+05:30,315.8,326.15,314.45,322.6,484180
2022-11-17 00:00:00+05:30,330.0,340.0,325.25,327.6,1029090
2022-11-18 00:00:00+05:30,329.85,331.7,320.6,322.7,282432
2022-11-21 00:00:00+05:30,322.7,336.0,319.35,328.3,599581
2022-11-22 00:00:00+05:30,329.85,330.05,322.5,325.2,324304
2022-11-23 00:00:00+05:30,326.85,327.0,319.0,321.25,167921
2022-11-24 00:00:00+05:30,322.45,323.4,312.65,314.5,275888
2022-11-25 00:00:00+05:30,316.95,317.25,310.0,312.25,228710
2022-11-28 00:00:00+05:30,311.0,317.0,302.1,308.25,483390
2022-11-29 00:00:00+05:30,309.35,312.0,306.0,307.2,188769
2022-11-30 00:00:00+05:30,308.1,311.0,306.25,309.3,187612
2022-12-01 00:00:00+05:30,311.4,313.35,305.35,306.8,274822
2022-12-02 00:00:00+05:30,307.0,311.0,306.45,308.25,226923
2022-12-05 00:00:00+05:30,308.8,311.0,304.0,306.8,354212
2022-12-06 00:00:00+05:30,316.0,329.45,310.6,321.8,2577376
2022-12-07 00:00:00+05:30,324.0,328.5,313.25,315.55,663317
2022-12-08 00:00:00+05:30,316.95,324.0,312.3,322.0,458029
2022-12-09 00:00:00+05:30,327.1,331.9,320.0,320.95,648778
2022-12-12 00:00:00+05:30,319.4,319.4,310.1,311.9,299619
2022-12-13 00:00:00+05:30,313.95,315.65,308.05,309.2,158561
2022-12-14 00:00:00+05:30,310.7,314.0,306.65,307.85,205755
2022-12-15 00:00:00+05:30,307.95,313.0,305.0,306.15,205328
2022-12-16 00:00:00+05:30,305.65,308.7,296.7,299.1,256777
2022-12-19 00:00:00+05:30,299.05,300.05,291.3,294.7,458783
2022-12-20 00:00:00+05:30,294.75,296.15,281.8,287.55,524236
2022-12-21 00:00:00+05:30,287.6,294.0,274.2,278.0,405924
2022-12-22 00:00:00+05:30,279.95,283.5,262.1,270.1,701535
2022-12-23 00:00:00+05:30,270.0,271.0,257.1,259.7,446274
2022-12-26 00:00:00+05:30,261.0,271.1,251.65,265.95,527601
2022-12-27 00:00:00+05:30,267.3,267.3,259.55,262.2,440664
2022-12-28 00:00:00+05:30,262.45,266.3,256.7,260.4,515861
2022-12-29 00:00:00+05:30,258.95,263.2,257.15,261.6,375545
2022-12-30 00:00:00+05:30,262.95,297.7,261.3,285.7,2792480
2023-01-02 00:00:00+05:30,287.0,291.95,278.4,288.95,666317
2023-01-03 00:00:00+05:30,283.35,291.4,283.35,287.3,237984
2023-01-04 00:00:00+05:30,288.45,290.25,276.55,277.95,254298
2023-01-05 00:00:00+05:30,277.0,285.0,274.85,281.7,294060
2023-01-06 00:00:00+05:30,282.5,304.0,281.85,283.6,2288111
2023-01-09 00:00:00+05:30,286.4,295.5,286.15,288.05,643905
2023-01-10 00:00:00+05:30,289.0,292.0,283.0,285.35,258190
2023-01-11 00:00:00+05:30,290.0,298.8,287.0,287.9,486191
2023-01-12 00:00:00+05:30,288.7,290.5,281.0,285.35,246224
2023-01-13 00:00:00+05:30,286.05,287.9,281.1,283.55,202423
2023-01-16 00:00:00+05:30,284.05,288.0,283.0,285.25,141596
2023-01-17 00:00:00+05:30,286.8,286.85,280.2,282.65,180049
2023-01-18 00:00:00+05:30,282.95,285.5,279.55,281.4,173103
2023-01-19 00:00:00+05:30,281.4,284.8,279.0,281.0,124903
2023-01-20 00:00:00+05:30,282.4,286.05,279.7,281.1,145628
2023-01-23 00:00:00+05:30,281.85,282.5,277.1,277.45,124077
2023-01-24 00:00:00+05:30,277.1,280.45,272.1,273.55,171090
2023-01-25 00:00:00+05:30,272.1,282.0,270.35,275.95,468469
2023-01-27 00:00:00+05:30,275.75,276.45,251.15,260.6,449903
2023-01-30 00:00:00+05:30,265.5,270.9,255.0,257.8,308695
2023-01-31 00:00:00+05:30,259.1,275.9,259.1,272.65,253967
2023-02-01 00:00:00+05:30,275.95,280.95,259.9,265.05,366645
2023-02-02 00:00:00+05:30,263.0,267.35,261.0,263.45,100213
2023-02-03 00:00:00+05:30,264.8,265.5,250.0,253.75,327327
2023-02-06 00:00:00+05:30,253.75,264.3,253.3,261.9,374953
2023-02-07 00:00:00+05:30,261.9,276.3,261.9,272.35,353852
2023-02-08 00:00:00+05:30,272.0,283.3,268.8,278.2,312772
2023-02-09 00:00:00+05:30,277.2,282.05,276.3,279.9,202998
2023-02-10 00:00:00+05:30,280.0,290.0,268.25,270.9,1257873
2023-02-13 00:00:00+05:30,274.75,275.2,263.2,265.55,373336
2023-02-14 00:00:00+05:30,266.9,268.5,259.8,265.3,275384
2023-02-15 00:00:00+05:30,264.95,267.0,260.1,263.0,195394
2023-02-16 00:00:00+05:30,265.45,280.4,264.95,276.05,490296
2023-02-17 00:00:00+05:30,274.8,284.5,271.25,278.2,614821
2023-02-20 00:00:00+05:30,279.8,282.0,273.7,280.15,414994
2023-02-21 00:00:00+05:30,279.5,280.95,273.35,275.25,246787
2023-02-22 00:00:00+05:30,274.95,277.0,260.1,261.4,658217
2023-02-23 00:00:00+05:30,261.5,265.0,257.15,261.5,246088
2023-02-24 00:00:00+05:30,262.45,271.0,258.8,269.15,326574
2023-02-27 00:00:00+05:30,269.0,269.0,259.0,261.05,238464
2023-02-28 00:00:00+05:30,262.4,266.6,258.1,260.3,403080
2023-03-01 00:00:00+05:30,259.1,267.7,259.1,266.0,452543
2023-03-02 00:00:00+05:30,266.0,268.9,262.3,263.95,229949
2023-03-03 00:00:00+05:30,265.35,269.8,262.05,262.9,253627
2023-03-06 00:00:00+05:30,263.4,267.9,261.5,263.2,379380
2023-03-08 00:00:00+05:30,260.25,265.0,260.25,263.65,189503
2023-03-09 00:00:00+05:30,265.95,268.6,259.75,260.65,254820
2023-03-10 00:00:00+05:30,258.05,261.05,256.35,257.55,198122
2023-03-13 00:00:00+05:30,257.95,258.95,242.1,244.25,461847
2023-03-14 00:00:00+05:30,244.3,255.0,244.3,253.1,592510
2023-03-15 00:00:00+05:30,254.5,255.4,245.9,247.45,295582
2023-03-16 00:00:00+05:30,246.7,247.35,237.1,240.9,333953
2023-03-17 00:00:00+05:30,241.75,247.0,237.85,240.95,376104
2023-03-20 00:00:00+05:30,240.7,243.35,233.05,236.3,289056
2023-03-21 00:00:00+05:30,238.0,240.4,236.05,238.2,200834
2023-03-22 00:00:00+05:30,239.4,240.65,236.2,237.1,172986
2023-03-23 00:00:00+05:30,237.25,239.9,235.3,236.45,188495
2023-03-24 00:00:00+05:30,236.45,237.9,225.35,228.45,201628
2023-03-27 00:00:00+05:30,228.0,229.9,218.9,221.0,378805
2023-03-28 00:00:00+05:30,221.2,223.85,213.3,218.3,552836
2023-03-29 00:00:00+05:30,218.3,224.0,217.65,222.2,466959
2023-03-31 00:00:00+05:30,229.55,229.55,222.1,225.75,429871
2023-04-03 00:00:00+05:30,227.0,241.7,226.2,238.95,413426
2023-04-05 00:00:00+05:30,240.3,249.6,240.25,246.85,495355
2023-04-06 00:00:00+05:30,246.2,252.05,244.45,248.8,328780
2023-04-10 00:00:00+05:30,250.0,253.7,245.3,249.65,226867
2023-04-11 00:00:00+05:30,250.6,253.9,247.65,249.4,157263
2023-04-12 00:00:00+05:30,249.25,252.7,247.25,249.0,137104
2023-04-13 00:00:00+05:30,249.0,264.0,249.0,261.2,674542
2023-04-17 00:00:00+05:30,257.3,263.85,257.3,262.25,277909
2023-04-18 00:00:00+05:30,262.9,264.9,260.6,261.6,199064
2023-04-19 00:00:00+05:30,262.4,264.0,255.9,258.55,130553
2023-04-20 00:00:00+05:30,258.3,261.5,256.6,257.85,102405
2023-04-21 00:00:00+05:30,258.7,258.7,252.2,256.25,136171
2023-04-24 00:00:00+05:30,256.25,265.1,254.0,258.75,190608
2023-04-25 00:00:00+05:30,259.7,265.0,258.0,263.4,269943
2023-04-26 00:00:00+05:30,266.0,295.6,266.0,293.1,3132794
2023-04-27 00:00:00+05:30,295.0,299.7,284.6,296.3,1315572
2023-04-28 00:00:00+05:30,297.8,309.8,294.95,308.0,1550470
2023-05-02 00:00:00+05:30,301.0,319.0,295.05,316.0,2366514
2023-05-03 00:00:00+05:30,313.9,318.4,310.2,316.6,688835
2023-05-04 00:00:00+05:30,316.65,325.0,316.65,322.4,919390
2023-05-05 00:00:00+05:30,322.0,324.65,313.45,318.6,434060
2023-05-08 00:00:00+05:30,319.9,324.9,315.5,319.6,392403
2023-05-09 00:00:00+05:30,320.4,321.7,309.0,311.45,347325
2023-05-10 00:00:00+05:30,310.05,321.7,304.95,319.7,550033
2023-05-11 00:00:00+05:30,320.0,324.0,317.1,321.5,420011
2023-05-12 00:00:00+05:30,322.0,323.0,317.0,320.25,320477
2023-05-15 00:00:00+05:30,317.0,328.0,317.0,322.8,300561
2023-05-16 00:00:00+05:30,322.8,327.85,318.9,321.15,362974
2023-05-17 00:00:00+05:30,321.95,338.85,318.4,334.2,1184440
2023-05-18 00:00:00+05:30,336.65,338.75,330.55,333.95,573663
2023-05-19 00:00:00+05:30,333.05,341.0,324.1,334.0,683773
2023-05-22 00:00:00+05:30,334.0,342.7,331.8,339.65,519120
2023-05-23 00:00:00+05:30,344.0,349.9,338.6,349.2,1089841
2023-05-24 00:00:00+05:30,347.9,353.0,341.25,343.7,559720
2023-05-25 00:00:00+05:30,344.95,345.6,335.0,337.25,335968
2023-05-26 00:00:00+05:30,338.0,339.0,316.2,325.35,617169
2023-05-29 00:00:00+05:30,323.85,344.9,323.0,337.75,1006436
2023-05-30 00:00:00+05:30,339.45,343.85,333.9,339.75,264019
2023-05-31 00:00:00+05:30,338.0,349.65,338.0,342.7,449842
2023-06-01 00:00:00+05:30,343.05,349.05,341.05,344.35,253250
2023-06-02 00:00:00+05:30,344.95,354.9,344.95,352.4,921359
2023-06-05 00:00:00+05:30,355.25,360.45,351.55,354.0,945863
2023-06-06 00:00:00+05:30,354.0,357.9,345.55,353.1,630133
2023-06-07 00:00:00+05:30,354.9,363.6,351.8,361.8,933323
2023-06-08 00:00:00+05:30,363.7,369.0,356.3,362.15,824889
2023-06-09 00:00:00+05:30,364.0,368.1,353.65,366.45,586179
2023-06-12 00:00:00+05:30,365.0,372.7,360.1,361.3,344815
2023-06-13 00:00:00+05:30,361.3,364.45,359.0,359.55,340186
2023-06-14 00:00:00+05:30,362.4,362.4,352.2,353.75,253272
2023-06-15 00:00:00+05:30,354.65,356.9,346.4,348.6,311221
2023-06-16 00:00:00+05:30,351.8,355.0,346.25,348.35,279503
2023-06-19 00:00:00+05:30,351.8,363.0,351.05,355.6,497374
2023-06-20 00:00:00+05:30,357.65,364.15,355.45,355.85,459274
2023-06-21 00:00:00+05:30,360.95,386.95,359.2,379.7,2357473
2023-06-22 00:00:00+05:30,380.0,389.5,376.1,384.0,1565211
2023-06-23 00:00:00+05:30,384.4,384.4,365.25,368.15,544352
2023-06-26 00:00:00+05:30,368.15,368.95,358.65,363.0,300962
2023-06-27 00:00:00+05:30,365.4,373.9,365.4,371.75,328731
2023-06-28 00:00:00+05:30,375.0,376.05,365.1,366.0,171032
2023-06-30 00:00:00+05:30,368.55,373.05,363.1,367.9,324294
2023-07-03 00:00:00+05:30,368.0,384.95,364.6,375.05,705881
2023-07-04 00:00:00+05:30,377.7,379.75,373.1,376.55,529203
2023-07-05 00:00:00+05:30,376.5,378.8,372.5,372.5,348236
2023-07-06 00:00:00+05:30,372.9,373.75,362.6,364.5,511821
2023-07-07 00:00:00+05:30,364.55,366.95,354.05,355.0,282214
2023-07-10 00:00:00+05:30,355.55,363.95,354.05,357.0,213531
2023-07-11 00:00:00+05:30,359.65,371.45,359.6,366.0,427305
2023-07-12 00:00:00+05:30,366.5,376.5,364.1,365.45,386524
2023-07-13 00:00:00+05:30,367.3,376.85,354.95,359.7,503946
2023-07-14 00:00:00+05:30,359.9,368.8,359.4,361.05,275842
2023-07-17 00:00:00+05:30,362.0,371.15,360.05,362.7,275421
2023-07-18 00:00:00+05:30,363.6,377.35,362.45,365.95,585191
2023-07-19 00:00:00+05:30,366.9,367.75,358.0,358.8,235250
2023-07-20 00:00:00+05:30,359.2,377.25,357.45,367.5,1315919
2023-07-21 00:00:00+05:30,366.0,378.0,364.1,370.0,1137518
2023-07-24 00:00:00+05:30,372.0,373.7,365.15,369.0,231068
2023-07-25 00:00:00+05:30,367.95,379.8,365.0,368.4,508557
2023-07-26 00:00:00+05:30,368.4,376.5,368.4,372.55,431158
2023-07-27 00:00:00+05:30,372.95,373.2,365.05,365.95,179655
2023-07-28 00:00:00+05:30,363.1,374.0,360.6,373.0,330738
2023-07-31 00:00:00+05:30,373.8,387.0,370.6,373.55,1252694
2023-08-01 00:00:00+05:30,375.6,379.3,364.85,367.0,590887
2023-08-02 00:00:00+05:30,369.55,370.45,361.5,363.8,731283
2023-08-03 00:00:00+05:30,364.7,367.0,355.8,363.0,588750
2023-08-04 00:00:00+05:30,363.85,368.55,354.2,358.5,580090
2023-08-07 00:00:00+05:30,359.95,366.75,359.95,364.45,641382
2023-08-08 00:00:00+05:30,366.75,375.75,364.5,370.0,668250
2023-08-09 00:00:00+05:30,370.0,386.35,370.0,383.0,1073579
2023-08-10 00:00:00+05:30,381.4,387.3,376.1,380.0,488969
2023-08-11 00:00:00+05:30,381.55,386.75,356.6,363.5,1800238
2023-08-14 00:00:00+05:30,362.9,363.2,345.2,352.8,758265
2023-08-16 00:00:00+05:30,345.1,367.0,342.3,360.0,911109
2023-08-17 00:00:00+05:30,359.9,365.45,352.05,353.0,360849
2023-08-18 00:00:00+05:30,354.9,356.85,347.1,354.1,387983
2023-08-21 00:00:00+05:30,352.0,355.9,346.35,349.65,225175
2023-08-22 00:00:00+05:30,352.1,364.95,352.1,361.5,534645
2023-08-23 00:00:00+05:30,362.0,371.7,362.0,369.05,779176
2023-08-24 00:00:00+05:30,373.5,377.4,366.8,368.0,528972
2023-08-25 00:00:00+05:30,388.0,398.25,375.1,377.25,4844315
2023-08-28 00:00:00+05:30,383.0,390.95,382.8,385.7,817671
2023-08-29 00:00:00+05:30,387.8,389.2,381.0,385.0,643038
2023-08-30 00:00:00+05:30,387.8,389.8,381.0,384.7,310717
2023-08-31 00:00:00+05:30,385.0,399.0,381.25,395.4,1368932
2023-09-01 00:00:00+05:30,398.0,405.1,390.35,392.1,783750
2023-09-04 00:00:00+05:30,395.25,398.95,382.0,383.3,703415
2023-09-05 00:00:00+05:30,384.2,388.05,381.1,385.55,412200
2023-09-06 00:00:00+05:30,384.8,389.0,383.0,386.35,279955
2023-09-07 00:00:00+05:30,388.8,434.0,386.6,423.15,5290919
2023-09-08 00:00:00+05:30,428.1,444.0,418.05,421.35,2079460
2023-09-11 00:00:00+05:30,425.0,430.0,416.75,425.55,707843
2023-09-12 00:00:00+05:30,428.5,428.5,393.1,394.95,1252623
2023-09-13 00:00:00+05:30,396.5,407.95,390.8,399.55,505173
2023-09-14 00:00:00+05:30,403.0,407.65,398.0,400.0,310981
2023-09-15 00:00:00+05:30,415.0,434.8,413.0,427.6,1824941
2023-09-18 00:00:00+05:30,429.9,434.85,420.55,423.5,508274
2023-09-20 00:00:00+05:30,423.55,423.6,408.1,410.0,480571
2023-09-21 00:00:00+05:30,408.9,417.9,405.0,412.9,452147
2023-09-22 00:00:00+05:30,411.9,419.8,408.65,411.6,357995
2023-09-25 00:00:00+05:30,414.0,419.0,405.2,415.6,297713
2023-09-26 00:00:00+05:30,418.0,437.0,415.55,433.7,974558
2023-09-27 00:00:00+05:30,435.35,435.35,427.0,430.95,292219
2023-09-28 00:00:00+05:30,432.0,434.95,420.9,422.3,359803
2023-09-29 00:00:00+05:30,423.9,435.0,422.7,427.85,374921
2023-10-03 00:00:00+05:30,425.95,446.9,424.95,435.8,1104267
2023-10-04 00:00:00+05:30,435.5,437.0,427.0,432.55,380432
2023-10-05 00:00:00+05:30,437.5,452.65,435.7,437.85,839404
2023-10-06 00:00:00+05:30,441.35,448.5,433.5,446.25,516700
2023-10-09 00:00:00+05:30,442.95,457.95,425.4,440.1,829150
2023-10-10 00:00:00+05:30,445.05,450.9,441.1,443.4,321144
2023-10-11 00:00:00+05:30,446.85,464.8,444.4,462.45,901725
2023-10-12 00:00:00+05:30,466.0,466.1,451.0,451.95,319856
2023-10-13 00:00:00+05:30,449.0,453.7,444.0,445.25,244520
2023-10-16 00:00:00+05:30,447.95,455.0,444.3,453.2,300873
2023-10-17 00:00:00+05:30,456.0,457.8,445.7,447.8,193944
2023-10-18 00:00:00+05:30,470.15,513.8,470.15,478.65,7640836
2023-10-19 00:00:00+05:30,479.0,494.8,476.6,490.4,1156283
2023-10-20 00:00:00+05:30,493.9,496.8,476.9,482.55,631064
2023-10-23 00:00:00+05:30,486.0,489.7,452.1,455.05,822355
2023-10-25 00:00:00+05:30,456.0,466.0,437.0,443.5,503735
2023-10-26 00:00:00+05:30,435.0,461.4,432.25,455.9,699908
2023-10-27 00:00:00+05:30,460.5,472.0,457.45,467.1,448306
2023-10-30 00:00:00+05:30,470.9,472.0,461.5,468.05,319746
2023-10-31 00:00:00+05:30,471.3,478.7,462.35,465.5,291808
2023-11-01 00:00:00+05:30,466.0,470.35,460.0,462.15,245391
2023-11-02 00:00:00+05:30,466.15,469.7,457.7,458.65,337033
2023-11-03 00:00:00+05:30,463.9,470.35,459.05,460.8,206791
2023-11-06 00:00:00+05:30,462.5,464.9,457.0,459.5,181688
2023-11-07 00:00:00+05:30,459.0,489.6,457.9,486.5,891638
2023-11-08 00:00:00+05:30,490.0,492.0,478.9,487.5,621602
2023-11-09 00:00:00+05:30,492.0,509.35,488.1,505.3,1100086
2023-11-10 00:00:00+05:30,508.45,521.5,506.0,516.45,951270
2023-11-12 00:00:00+05:30,520.0,527.45,516.5,522.5,353697
2023-11-13 00:00:00+05:30,524.0,538.3,521.5,536.3,670939
2023-11-15 00:00:00+05:30,542.9,554.0,532.1,544.7,1090836
2023-11-16 00:00:00+05:30,546.95,577.6,540.05,560.25,1405019
2023-11-17 00:00:00+05:30,561.45,569.4,553.0,558.1,462058
2023-11-20 00:00:00+05:30,561.0,574.0,557.0,563.5,481637
2023-11-21 00:00:00+05:30,564.2,573.0,550.65,552.15,376933
2023-11-22 00:00:00+05:30,554.45,560.0,545.45,557.35,242371
2023-11-23 00:00:00+05:30,560.0,563.0,553.2,555.9,195938
2023-11-24 00:00:00+05:30,557.5,566.55,548.65,554.0,307483
2023-11-28 00:00:00+05:30,555.8,567.0,550.9,553.35,353648
2023-11-29 00:00:00+05:30,555.0,558.0,550.1,555.7,192272
2023-11-30 00:00:00+05:30,557.7,579.55,554.1,576.7,1789279
2023-12-01 00:00:00+05:30,582.4,587.8,575.0,578.0,368172
2023-12-04 00:00:00+05:30,590.0,623.8,584.2,611.35,1392141
2023-12-05 00:00:00+05:30,620.0,620.45,595.0,608.25,498426
2023-12-06 00:00:00+05:30,610.1,621.95,602.7,617.3,431274
2023-12-07 00:00:00+05:30,618.0,619.9,604.0,609.0,296672
2023-12-08 00:00:00+05:30,609.8,619.3,601.75,607.8,393403
2023-12-11 00:00:00+05:30,609.85,612.25,599.05,602.05,243606
2023-12-12 00:00:00+05:30,604.45,614.9,602.9,604.9,299649
2023-12-13 00:00:00+05:30,604.8,618.0,603.2,617.0,287342
2023-12-14 00:00:00+05:30,619.0,619.0,604.0,606.75,248820
2023-12-15 00:00:00+05:30,609.4,611.95,603.85,605.85,114564
2023-12-18 00:00:00+05:30,608.9,614.95,602.0,604.3,201688
2023-12-19 00:00:00+05:30,608.0,627.1,596.95,622.35,729181
2023-12-20 00:00:00+05:30,629.9,631.5,588.0,597.1,625330
2023-12-21 00:00:00+05:30,589.0,613.0,585.7,609.95,271171
2023-12-22 00:00:00+05:30,611.0,624.0,605.0,608.5,260935
2023-12-26 00:00:00+05:30,614.0,623.4,609.5,613.95,285195
2023-12-27 00:00:00+05:30,615.0,615.0,601.1,607.05,199318
2023-12-28 00:00:00+05:30,609.95,617.8,606.1,608.7,212918
2023-12-29 00:00:00+05:30,615.0,618.45,600.2,603.1,225076
2024-01-01 00:00:00+05:30,603.9,616.95,603.2,605.1,219528
2024-01-02 00:00:00+05:30,605.1,610.8,590.5,599.05,303739
2024-01-03 00:00:00+05:30,600.0,604.85,588.1,589.8,276339
2024-01-04 00:00:00+05:30,592.5,606.35,592.05,599.05,268950
2024-01-05 00:00:00+05:30,603.5,609.4,599.1,606.6,219101
2024-01-08 00:00:00+05:30,609.35,617.25,597.3,601.85,325193
2024-01-09 00:00:00+05:30,605.25,609.5,594.3,602.1,298940
2024-01-10 00:00:00+05:30,601.0,606.15,596.0,602.35,207320
2024-01-11 00:00:00+05:30,605.2,614.25,600.1,609.0,399888
2024-01-12 00:00:00+05:30,611.05,612.9,595.0,597.05,284496
2024-01-15 00:00:00+05:30,596.9,602.0,595.1,598.4,159712
2024-01-16 00:00:00+05:30,594.9,598.9,583.5,590.55,212311
2024-01-17 00:00:00+05:30,588.05,589.2,571.1,573.4,298238
2024-01-18 00:00:00+05:30,578.9,578.9,555.55,568.05,255555
2024-01-19 00:00:00+05:30,575.0,583.85,571.05,577.05,249585
2024-01-20 00:00:00+05:30,577.0,577.0,549.0,552.85,388417
2024-01-23 00:00:00+05:30,555.35,565.85,541.3,546.35,253905
2024-01-24 00:00:00+05:30,547.0,554.8,537.0,546.6,234253
2024-01-25 00:00:00+05:30,548.0,578.8,548.0,565.75,479011
2024-01-29 00:00:00+05:30,569.45,571.3,550.0,551.2,469849
2024-01-30 00:00:00+05:30,554.0,578.8,548.0,551.0,705241
2024-01-31 00:00:00+05:30,554.0,579.85,554.0,576.85,413571
2024-02-01 00:00:00+05:30,575.0,603.45,572.0,600.3,721102
2024-02-02 00:00:00+05:30,603.25,618.45,596.2,610.45,617469
2024-02-05 00:00:00+05:30,625.0,649.5,620.0,644.15,1580563
2024-02-06 00:00:00+05:30,646.45,668.0,640.0,660.1,781000
2024-02-07 00:00:00+05:30,672.0,676.0,652.0,669.1,441938
2024-02-08 00:00:00+05:30,671.0,686.0,669.6,673.4,599072
2024-02-09 00:00:00+05:30,694.0,694.0,630.0,646.65,868810
2024-02-12 00:00:00+05:30,649.85,651.35,610.4,615.4,427035
2024-02-13 00:00:00+05:30,619.6,639.9,610.0,637.2,432396
2024-02-14 00:00:00+05:30,630.0,642.65,626.55,637.7,287682
2024-02-15 00:00:00+05:30,640.9,644.95,635.5,638.75,202793
2024-02-16 00:00:00+05:30,641.95,677.2,640.8,671.9,682986
2024-02-19 00:00:00+05:30,680.0,685.0,647.3,651.0,428408
2024-02-20 00:00:00+05:30,656.7,664.9,645.2,655.15,231523
2024-02-21 00:00:00+05:30,657.25,661.7,632.0,638.5,224197
2024-02-22 00:00:00+05:30,642.9,658.2,634.0,640.5,498664
2024-02-23 00:00:00+05:30,643.45,650.0,632.7,636.1,158048
2024-02-26 00:00:00+05:30,630.1,642.9,620.65,634.2,196766
2024-02-27 00:00:00+05:30,636.05,652.0,634.15,637.5,193041
2024-02-28 00:00:00+05:30,643.0,643.0,613.45,620.0,316578
2024-02-29 00:00:00+05:30,611.15,621.8,610.0,617.3,368682
2024-03-01 00:00:00+05:30,618.0,634.0,609.3,614.15,244234
2024-03-02 00:00:00+05:30,616.0,625.0,616.0,621.65,29393
2024-03-04 00:00:00+05:30,622.8,625.05,613.15,616.25,172444
2024-03-05 00:00:00+05:30,624.05,636.75,617.4,621.65,462857
2024-03-06 00:00:00+05:30,625.55,643.0,610.0,615.6,300590
2024-03-07 00:00:00+05:30,618.0,624.9,613.5,619.85,117828
2024-03-11 00:00:00+05:30,619.85,626.0,604.0,606.7,187832
2024-03-12 00:00:00+05:30,607.0,610.05,575.1,577.65,352349
2024-03-13 00:00:00+05:30,577.6,585.45,510.1,521.65,510840
2024-03-14 00:00:00+05:30,521.0,566.75,514.05,562.3,306442
2024-03-15 00:00:00+05:30,577.7,577.7,548.2,567.65,234219
2024-03-18 00:00:00+05:30,570.3,574.85,555.0,559.15,148478
2024-03-19 00:00:00+05:30,559.15,568.15,548.05,550.8,138068
2024-03-20 00:00:00+05:30,555.65,555.65,532.05,535.45,210877
2024-03-21 00:00:00+05:30,540.75,548.3,536.0,538.35,268819
2024-03-22 00:00:00+05:30,545.0,560.4,540.8,557.3,198252
2024-03-26 00:00:00+05:30,559.4,559.4,545.1,546.1,168032
2024-03-27 00:00:00+05:30,552.0,556.6,530.0,544.2,337445
2024-03-28 00:00:00+05:30,547.0,622.85,547.0,596.45,1916979
2024-04-01 00:00:00+05:30,604.7,633.7,604.7,627.85,763111
2024-04-02 00:00:00+05:30,628.55,639.5,620.05,623.3,436788
2024-04-03 00:00:00+05:30,625.0,643.6,621.4,637.55,354286
2024-04-04 00:00:00+05:30,640.0,645.0,630.0,640.75,209014
2024-04-05 00:00:00+05:30,643.85,643.85,631.05,633.35,153044
2024-04-08 00:00:00+05:30,638.05,652.95,635.0,638.4,250391
2024-04-09 00:00:00+05:30,638.4,669.9,638.4,655.4,680371
2024-04-10 00:00:00+05:30,658.9,666.2,648.05,657.55,221190
2024-04-12 00:00:00+05:30,657.55,671.95,650.6,665.7,411891
2024-04-15 00:00:00+05:30,657.0,671.15,640.15,653.1,492087
2024-04-16 00:00:00+05:30,645.0,684.0,645.0,680.15,555180
2024-04-18 00:00:00+05:30,682.45,717.75,682.0,695.05,962920
2024-04-19 00:00:00+05:30,699.7,702.0,677.15,696.45,407682
2024-04-22 00:00:00+05:30,700.9,714.75,693.0,709.2,256106
2024-04-23 00:00:00+05:30,709.65,720.2,705.1,707.8,374270
2024-04-24 00:00:00+05:30,711.75,718.0,697.15,712.6,346887
2024-04-25 00:00:00+05:30,712.9,729.25,707.0,715.2,403718
2024-04-26 00:00:00+05:30,719.8,724.2,707.1,710.5,168276
2024-04-29 00:00:00+05:30,710.5,717.45,696.0,699.1,178241
2024-04-30 00:00:00+05:30,704.4,709.0,690.1,697.1,201089
2024-05-02 00:00:00+05:30,697.0,702.85,686.15,688.6,222575
2024-05-03 00:00:00+05:30,694.35,700.6,666.0,680.85,288190
2024-05-06 00:00:00+05:30,680.9,685.05,660.05,662.9,289429
2024-05-07 00:00:00+05:30,662.85,675.15,645.85,662.05,276892
2024-05-08 00:00:00+05:30,663.0,672.1,659.2,660.7,129482
2024-05-09 00:00:00+05:30,664.95,664.95,632.1,635.1,148287
2024-05-10 00:00:00+05:30,649.0,709.0,640.0,698.9,1451837
2024-05-13 00:00:00+05:30,698.85,698.85,673.0,694.7,558042
2024-05-14 00:00:00+05:30,693.8,719.25,693.8,708.85,513446
2024-05-15 00:00:00+05:30,710.0,724.9,702.6,721.8,491700
2024-05-16 00:00:00+05:30,726.85,760.0,718.05,753.8,1296388
2024-05-17 00:00:00+05:30,750.0,766.0,740.0,745.0,663275
2024-05-18 00:00:00+05:30,749.3,768.5,747.4,761.15,145153
2024-05-21 00:00:00+05:30,766.0,779.0,756.55,762.3,456461
2024-05-22 00:00:00+05:30,762.2,784.0,756.25,776.65,665618
2024-05-23 00:00:00+05:30,779.6,793.95,770.0,772.5,310125
2024-05-24 00:00:00+05:30,772.45,805.0,771.5,800.0,1296856
2024-05-27 00:00:00+05:30,847.95,914.65,837.0,877.45,7368561
2024-05-28 00:00:00+05:30,879.5,886.8,857.05,866.9,919546
2024-05-29 00:00:00+05:30,864.9,885.0,852.7,872.85,812288
2024-05-30 00:00:00+05:30,874.6,886.65,850.5,852.5,559854
2024-05-31 00:00:00+05:30,858.9,869.7,837.15,865.75,437979
2024-06-03 00:00:00+05:30,915.0,919.0,861.5,871.8,681751
2024-06-04 00:00:00+05:30,868.0,868.0,697.45,723.9,1491737
2024-06-05 00:00:00+05:30,723.0,794.0,702.05,752.15,955605
2024-06-06 00:00:00+05:30,759.7,795.0,759.0,774.9,789218
2024-06-07 00:00:00+05:30,781.8,810.95,770.05,806.0,540126
2024-06-10 00:00:00+05:30,810.0,843.9,799.0,838.9,627620
2024-06-11 00:00:00+05:30,845.5,859.75,840.2,852.7,509343
2024-06-12 00:00:00+05:30,857.0,892.5,850.0,887.05,667341
2024-06-13 00:00:00+05:30,891.1,981.0,891.1,926.5,3551414
2024-06-14 00:00:00+05:30,932.0,976.0,921.0,965.4,1680947
2024-06-18 00:00:00+05:30,975.2,1059.0,968.5,1021.75,3183925
2024-06-19 00:00:00+05:30,1032.0,1033.4,979.95,985.2,1247517
2024-06-20 00:00:00+05:30,989.7,1014.0,965.1,987.1,919642
2024-06-21 00:00:00+05:30,988.15,994.4,960.05,967.0,566976
2024-06-24 00:00:00+05:30,965.25,977.65,952.85,963.25,305026
2024-06-25 00:00:00+05:30,963.0,983.85,951.0,955.25,407884
2024-06-26 00:00:00+05:30,963.25,989.5,960.0,975.2,682615
2024-06-27 00:00:00+05:30,980.0,980.0,955.0,961.65,338822
2024-06-28 00:00:00+05:30,968.4,969.3,944.6,949.25,209114
2024-07-01 00:00:00+05:30,948.0,976.45,947.05,965.55,935566
2024-07-02 00:00:00+05:30,970.8,973.8,938.0,947.5,667990
2024-07-03 00:00:00+05:30,953.8,967.7,929.0,948.45,1070217
2024-07-04 00:00:00+05:30,953.0,965.0,939.0,944.55,685212
2024-07-05 00:00:00+05:30,946.95,978.5,942.1,953.65,1545078
2024-07-08 00:00:00+05:30,959.0,974.8,939.0,941.8,603901
2024-07-09 00:00:00+05:30,947.0,959.85,930.0,932.8,412063
2024-07-10 00:00:00+05:30,933.8,937.8,896.0,910.3,548660
2024-07-11 00:00:00+05:30,917.7,954.75,914.4,920.2,1183621
2024-07-12 00:00:00+05:30,928.0,928.8,911.9,916.6,467817
2024-07-15 00:00:00+05:30,920.0,941.0,917.1,927.25,618801
2024-07-16 00:00:00+05:30,929.25,943.25,916.0,920.25,355480
2024-07-18 00:00:00+05:30,920.0,931.7,903.65,918.75,408814
2024-07-19 00:00:00+05:30,907.0,916.5,891.0,896.65,454541
2024-07-22 00:00:00+05:30,892.0,910.95,884.0,907.95,403749
2024-07-23 00:00:00+05:30,913.9,918.45,857.05,901.35,532664
2024-07-24 00:00:00+05:30,893.45,909.0,892.0,896.7,415645
2024-07-25 00:00:00+05:30,895.2,906.3,893.1,897.1,567615
2024-07-26 00:00:00+05:30,899.95,914.4,889.1,893.55,415603
2024-07-29 00:00:00+05:30,898.0,908.25,885.0,892.75,377203
2024-07-30 00:00:00+05:30,900.0,933.55,892.0,906.3,554348
2024-07-31 00:00:00+05:30,913.7,913.7,892.0,894.1,165231
2024-08-01 00:00:00+05:30,894.25,901.25,885.0,894.4,233545
2024-08-02 00:00:00+05:30,888.95,890.45,873.1,879.05,210384
2024-08-05 00:00:00+05:30,846.0,854.0,825.0,832.1,530747
2024-08-06 00:00:00+05:30,830.1,856.75,810.0,814.25,342952
2024-08-07 00:00:00+05:30,849.9,856.0,822.0,851.45,515549
2024-08-08 00:00:00+05:30,851.0,858.3,830.5,833.15,220478
2024-08-09 00:00:00+05:30,842.0,856.6,828.0,829.55,302287
2024-08-12 00:00:00+05:30,825.0,849.45,814.05,843.1,258048
2024-08-13 00:00:00+05:30,851.0,855.0,815.1,819.4,314631
2024-08-14 00:00:00+05:30,835.0,852.55,806.5,830.25,878475
2024-08-16 00:00:00+05:30,830.0,882.0,828.05,877.35,721614
2024-08-19 00:00:00+05:30,887.0,899.9,875.0,881.95,327977
2024-08-20 00:00:00+05:30,881.95,883.7,861.15,876.8,262773
2024-08-21 00:00:00+05:30,878.3,893.0,873.5,882.85,230840
2024-08-22 00:00:00+05:30,889.95,889.95,872.8,881.7,174025
2024-08-23 00:00:00+05:30,879.7,891.0,868.0,881.6,195302
2024-08-26 00:00:00+05:30,885.25,887.15,860.0,865.45,208187
2024-08-27 00:00:00+05:30,869.8,910.0,866.75,896.1,747430
2024-08-28 00:00:00+05:30,896.1,904.65,875.1,878.5,174368
2024-08-29 00:00:00+05:30,878.95,887.95,865.1,872.65,179451
2024-08-30 00:00:00+05:30,874.1,909.0,864.2,904.6,599370
2024-09-02 00:00:00+05:30,910.9,910.9,873.0,886.05,268123
2024-09-03 00:00:00+05:30,887.2,895.0,876.4,880.2,201522
2024-09-04 00:00:00+05:30,879.8,901.8,875.1,879.0,246550
2024-09-05 00:00:00+05:30,881.85,889.75,876.4,885.7,152142
2024-09-06 00:00:00+05:30,889.0,906.0,856.45,866.6,370886
2024-09-09 00:00:00+05:30,866.85,874.0,847.0,871.5,226483
2024-09-10 00:00:00+05:30,871.5,878.75,864.95,871.8,173728
2024-09-11 00:00:00+05:30,894.85,909.85,883.8,904.15,804235
2024-09-12 00:00:00+05:30,904.8,939.9,900.9,934.5,994992
2024-09-13 00:00:00+05:30,941.0,943.0,915.1,920.8,334872
2024-09-16 00:00:00+05:30,925.45,932.9,905.4,917.7,283541
2024-09-17 00:00:00+05:30,920.45,922.3,900.1,912.0,248979
2024-09-18 00:00:00+05:30,909.95,932.0,901.0,904.85,212548
2024-09-19 00:00:00+05:30,907.45,910.2,870.0,879.15,360855
2024-09-20 00:00:00+05:30,879.15,932.0,848.0,916.05,1923157
2024-09-23 00:00:00+05:30,921.4,929.0,906.15,912.8,147088
2024-09-24 00:00:00+05:30,907.5,911.25,890.0,895.1,197708
2024-09-25 00:00:00+05:30,895.7,898.0,876.1,882.55,129325
2024-09-26 00:00:00+05:30,882.55,882.95,865.1,869.8,162179
2024-09-27 00:00:00+05:30,874.15,879.6,832.95,847.75,315753
2024-09-30 00:00:00+05:30,842.0,849.9,827.0,843.0,198866
2024-10-01 00:00:00+05:30,844.75,844.75,821.05,826.0,159690
2024-10-03 00:00:00+05:30,820.1,884.9,815.0,862.45,558236
2024-10-04 00:00:00+05:30,853.85,858.0,823.05,843.35,296543
2024-10-07 00:00:00+05:30,844.25,850.05,790.2,803.2,367431
2024-10-08 00:00:00+05:30,803.2,844.35,787.0,834.8,231475
2024-10-09 00:00:00+05:30,841.9,855.0,831.65,839.15,178905
2024-10-10 00:00:00+05:30,845.0,874.8,844.15,856.35,158900
2024-10-11 00:00:00+05:30,855.6,865.45,847.0,860.1,108193
2024-10-14 00:00:00+05:30,861.8,883.3,841.0,848.7,100334
2024-10-15 00:00:00+05:30,846.0,858.6,841.6,845.6,63047
2024-10-16 00:00:00+05:30,842.6,847.4,830.0,832.45,120976
2024-10-17 00:00:00+05:30,834.0,835.0,815.5,818.25,130587
2024-10-18 00:00:00+05:30,796.1,818.1,795.0,802.8,242626
2024-10-21 00:00:00+05:30,802.8,805.0,757.1,760.85,580492
2024-10-22 00:00:00+05:30,760.85,775.0,735.1,737.2,480032
2024-10-23 00:00:00+05:30,737.2,757.0,718.1,741.0,215371
2024-10-24 00:00:00+05:30,741.0,756.3,732.1,735.55,155859
2024-10-25 00:00:00+05:30,735.5,741.25,721.4,729.0,238307
2024-10-28 00:00:00+05:30,720.0,753.5,718.4,749.6,188619
2024-10-29 00:00:00+05:30,746.0,762.0,740.55,759.75,110447
2024-10-30 00:00:00+05:30,757.0,783.65,754.25,776.8,154852
2024-10-31 00:00:00+05:30,788.0,795.0,773.1,791.55,153272
2024-11-01 00:00:00+05:30,810.0,817.75,786.9,801.7,51747
2024-11-04 00:00:00+05:30,802.0,802.0,761.0,769.05,142780
2024-11-05 00:00:00+05:30,765.0,786.2,761.25,774.0,135334
2024-11-06 00:00:00+05:30,783.5,823.0,771.8,816.65,409960
2024-11-07 00:00:00+05:30,816.65,819.2,790.0,791.95,150622
2024-11-08 00:00:00+05:30,795.3,795.3,765.2,770.55,134073
2024-11-11 00:00:00+05:30,770.5,799.85,760.55,784.95,195026
2024-11-12 00:00:00+05:30,790.45,814.9,776.0,782.3,282281
2024-11-13 00:00:00+05:30,770.05,775.05,733.15,737.65,412665
2024-11-14 00:00:00+05:30,749.9,774.75,741.5,752.05,156939
2024-11-18 00:00:00+05:30,747.0,760.0,736.6,741.65,139815
2024-11-19 00:00:00+05:30,740.05,767.65,739.95,757.3,153544
2024-11-21 00:00:00+05:30,752.7,760.7,740.55,746.85,160060
2024-11-22 00:00:00+05:30,755.7,755.7,742.0,748.75,82032
2024-11-25 00:00:00+05:30,752.55,773.25,752.55,763.25,224167
2024-11-26 00:00:00+05:30,768.95,771.85,754.65,760.0,183061
2024-11-27 00:00:00+05:30,765.0,776.25,761.55,767.5,170625
2024-11-28 00:00:00+05:30,774.7,781.8,765.45,775.55,127783
2024-11-29 00:00:00+05:30,781.0,804.0,770.1,799.55,238449
2024-12-02 00:00:00+05:30,800.05,810.95,785.0,801.65,269885
2024-12-03 00:00:00+05:30,809.0,830.0,801.0,813.75,188056
2024-12-04 00:00:00+05:30,812.0,819.9,792.0,797.95,400366
2024-12-05 00:00:00+05:30,798.0,803.95,786.55,794.65,167937
2024-12-06 00:00:00+05:30,795.65,801.9,791.1,796.9,102984
2024-12-09 00:00:00+05:30,797.0,807.1,793.0,795.75,132996
2024-12-10 00:00:00+05:30,800.75,806.9,790.0,800.6,128727
2024-12-11 00:00:00+05:30,806.0,820.0,797.6,810.35,240961
2024-12-12 00:00:00+05:30,816.45,825.0,806.6,815.6,386752
2024-12-13 00:00:00+05:30,811.05,868.95,810.05,832.45,1120791
2024-12-16 00:00:00+05:30,840.0,867.95,840.0,853.15,656677
2024-12-17 00:00:00+05:30,866.0,867.25,841.05,846.25,323701
2024-12-18 00:00:00+05:30,846.0,849.9,815.6,829.45,279668
2024-12-19 00:00:00+05:30,809.0,848.8,808.1,842.9,230346
2024-12-20 00:00:00+05:30,844.85,845.05,790.15,797.3,275772
2024-12-23 00:00:00+05:30,810.0,812.7,757.45,761.9,359693
2024-12-24 00:00:00+05:30,764.4,792.45,764.4,783.6,232781
2024-12-26 00:00:00+05:30,784.0,786.75,764.95,768.25,117066
2024-12-27 00:00:00+05:30,770.0,779.5,763.45,774.55,86476
2024-12-30 00:00:00+05:30,774.55,776.3,747.1,752.95,147375
2024-12-31 00:00:00+05:30,749.0,769.5,747.3,767.5,92185
2025-01-01 00:00:00+05:30,768.0,784.3,761.6,777.85,94961
2025-01-02 00:00:00+05:30,780.0,793.6,775.0,786.15,143060
2025-01-03 00:00:00+05:30,784.95,795.95,784.9,788.45,86798
2025-01-06 00:00:00+05:30,789.0,793.9,757.65,766.7,210783
2025-01-07 00:00:00+05:30,770.0,791.0,761.35,787.0,128825
2025-01-08 00:00:00+05:30,792.0,792.0,771.4,787.9,123603
2025-01-09 00:00:00+05:30,787.9,791.55,772.15,784.15,93084
2025-01-10 00:00:00+05:30,784.8,788.5,755.0,756.8,154867
2025-01-13 00:00:00+05:30,749.9,759.7,721.85,729.7,265910
2025-01-14 00:00:00+05:30,734.95,759.65,720.45,752.05,139477
2025-01-15 00:00:00+05:30,763.35,763.35,738.15,741.4,225570
2025-01-16 00:00:00+05:30,750.9,769.5,750.9,768.0,80571
2025-01-17 00:00:00+05:30,768.0,778.85,762.05,775.65,175255
2025-01-20 00:00:00+05:30,781.7,789.95,773.0,781.9,138364
2025-01-21 00:00:00+05:30,781.9,788.3,759.1,763.1,160158
2025-01-22 00:00:00+05:30,770.0,770.0,731.55,738.8,175989
2025-01-23 00:00:00+05:30,742.0,758.0,736.55,745.0,71570
2025-01-24 00:00:00+05:30,744.0,752.0,730.55,736.5,317864
2025-01-27 00:00:00+05:30,736.5,736.5,705.1,709.75,138970
2025-01-28 00:00:00+05:30,709.0,711.8,669.0,691.0,256371
2025-01-29 00:00:00+05:30,695.0,728.9,695.0,718.65,139475
2025-01-30 00:00:00+05:30,734.0,736.3,705.95,712.45,102253
2025-01-31 00:00:00+05:30,707.7,745.95,707.7,742.7,89674
2025-02-01 00:00:00+05:30,753.85,772.0,706.0,721.25,199627
2025-02-03 00:00:00+05:30,701.0,712.95,685.5,690.15,203878
2025-02-04 00:00:00+05:30,696.0,723.9,695.6,700.05,133728
2025-02-05 00:00:00+05:30,708.95,712.85,683.25,698.75,93075
2025-02-06 00:00:00+05:30,704.2,710.0,700.1,703.7,268883
2025-02-07 00:00:00+05:30,709.7,750.0,701.05,732.45,778021
2025-02-10 00:00:00+05:30,734.9,734.9,688.8,702.45,286850
2025-02-11 00:00:00+05:30,702.45,705.6,678.45,684.6,239474
2025-02-12 00:00:00+05:30,680.0,682.75,635.85,659.5,389299
2025-02-13 00:00:00+05:30,665.0,671.0,649.95,656.8,135662
2025-02-14 00:00:00+05:30,669.0,669.0,616.0,626.1,224240
2025-02-17 00:00:00+05:30,625.0,642.0,607.05,625.95,273684
2025-02-18 00:00:00+05:30,628.0,632.95,597.0,605.15,313059
2025-02-19 00:00:00+05:30,605.9,640.8,599.55,633.2,162339
2025-02-20 00:00:00+05:30,633.2,638.15,612.0,614.45,150137
2025-02-21 00:00:00+05:30,617.05,632.0,600.1,606.8,174987
2025-02-24 00:00:00+05:30,606.0,620.0,595.0,609.05,166049
2025-02-25 00:00:00+05:30,611.0,614.2,605.0,609.45,69399
2025-02-27 00:00:00+05:30,609.4,618.9,606.1,616.4,162151
2025-02-28 00:00:00+05:30,608.35,613.95,595.05,607.1,172583
2025-03-03 00:00:00+05:30,607.05,620.0,584.2,606.75,292412
2025-03-04 00:00:00+05:30,597.7,624.8,592.2,611.8,362734
2025-03-05 00:00:00+05:30,611.8,624.0,608.2,615.35,308800
2025-03-06 00:00:00+05:30,627.9,631.55,620.15,623.7,165688
2025-03-07 00:00:00+05:30,628.5,658.75,621.15,651.55,375542
2025-03-10 00:00:00+05:30,654.0,659.9,633.75,638.1,168292
2025-03-11 00:00:00+05:30,615.35,633.0,615.35,619.2,155781
2025-03-12 00:00:00+05:30,628.0,630.0,617.2,622.9,159917
2025-03-13 00:00:00+05:30,629.9,638.75,618.65,623.1,250662
2025-03-17 00:00:00+05:30,630.0,631.75,615.1,617.7,127136
2025-03-18 00:00:00+05:30,620.5,633.0,620.0,631.9,142093
2025-03-19 00:00:00+05:30,635.0,666.9,634.05,660.75,407129
2025-03-20 00:00:00+05:30,673.0,695.0,662.65,688.15,348202
2025-03-21 00:00:00+05:30,695.0,709.95,689.0,706.7,344162
2025-03-24 00:00:00+05:30,713.8,729.55,710.0,717.15,281198
2025-03-25 00:00:00+05:30,726.65,729.75,690.7,694.95,339112
2025-03-26 00:00:00+05:30,698.4,704.9,666.0,671.0,252016
2025-03-27 00:00:00+05:30,660.0,695.0,660.0,673.1,447991
2025-03-28 00:00:00+05:30,674.0,694.5,670.1,672.35,229414
2025-04-01 00:00:00+05:30,672.35,701.0,668.0,686.95,170107
2025-04-02 00:00:00+05:30,694.0,694.0,672.25,681.05,127767
2025-04-03 00:00:00+05:30,678.0,703.9,676.0,700.55,156791
2025-04-04 00:00:00+05:30,703.0,703.7,670.1,676.8,209382
2025-04-07 00:00:00+05:30,640.0,666.55,631.0,660.8,211007
2025-04-08 00:00:00+05:30,665.05,695.95,665.05,688.45,234317
2025-04-09 00:00:00+05:30,681.0,694.0,667.15,689.05,137343
2025-04-11 00:00:00+05:30,701.0,725.2,695.3,723.0,359174
2025-04-15 00:00:00+05:30,730.0,759.85,730.0,749.15,674809
2025-04-16 00:00:00+05:30,750.0,763.9,741.05,746.95,774822
2025-04-17 00:00:00+05:30,746.0,769.0,743.0,767.4,417497
2025-04-21 00:00:00+05:30,771.0,810.9,770.95,806.3,419606
2025-04-22 00:00:00+05:30,814.0,834.0,808.85,831.35,353068
2025-04-23 00:00:00+05:30,835.0,835.95,800.8,807.25,307535
2025-04-24 00:00:00+05:30,807.25,819.75,805.0,806.8,158511
2025-04-25 00:00:00+05:30,807.4,817.95,769.65,786.2,347500
2025-04-28 00:00:00+05:30,780.0,819.45,777.0,814.1,352290
2025-04-29 00:00:00+05:30,818.2,862.0,818.0,848.65,1120736
2025-04-30 00:00:00+05:30,850.0,857.5,821.0,828.65,382640
2025-05-02 00:00:00+05:30,839.0,846.95,816.25,830.1,353156
2025-05-05 00:00:00+05:30,830.1,850.4,824.3,848.25,252182
2025-05-06 00:00:00+05:30,848.0,853.35,830.05,832.4,252519
2025-05-07 00:00:00+05:30,820.1,854.95,820.1,842.05,362742
2025-05-08 00:00:00+05:30,848.9,866.0,825.25,832.15,399753
2025-05-09 00:00:00+05:30,832.15,889.5,826.35,882.05,1976317
2025-05-12 00:00:00+05:30,912.0,924.7,860.6,867.7,852806
2025-05-13 00:00:00+05:30,865.85,904.0,857.25,897.55,645977
2025-05-14 00:00:00+05:30,905.0,925.15,892.45,918.5,802574
2025-05-15 00:00:00+05:30,925.9,1034.95,920.1,1002.3,3885401
2025-05-16 00:00:00+05:30,1000.0,1099.0,1000.0,1072.8,2751729
2025-05-19 00:00:00+05:30,1099.0,1120.0,1045.4,1085.05,1690728
2025-05-20 00:00:00+05:30,1090.0,1109.95,1061.2,1083.45,1355323
2025-05-21 00:00:00+05:30,1060.0,1111.0,1032.0,1099.45,1476233
2025-05-22 00:00:00+05:30,1104.75,1129.4,1052.2,1115.45,2879887
2025-05-23 00:00:00+05:30,1140.0,1150.0,1072.0,1089.4,1743251
2025-05-26 00:00:00+05:30,1094.0,1100.0,1061.0,1065.75,494511
2025-05-27 00:00:00+05:30,1072.55,1120.0,1059.0,1091.6,1213504
2025-05-28 00:00:00+05:30,1095.0,1184.9,1082.95,1163.7,2243015
2025-05-29 00:00:00+05:30,1165.0,1177.4,1101.0,1104.15,1168214
2025-05-30 00:00:00+05:30,1111.0,1121.95,1090.0,1095.4,616158
2025-06-02 00:00:00+05:30,1097.0,1136.2,1095.0,1129.6,642680
2025-06-03 00:00:00+05:30,1138.0,1174.0,1129.0,1140.6,770445
2025-06-04 00:00:00+05:30,1149.3,1171.2,1117.6,1147.9,711540
2025-06-05 00:00:00+05:30,1150.5,1195.9,1141.5,1178.6,1123287
2025-06-06 00:00:00+05:30,1184.4,1187.8,1125.1,1132.1,600884
2025-06-09 00:00:00+05:30,1139.9,1140.2,1105.0,1130.1,575221
2025-06-10 00:00:00+05:30,1139.0,1176.9,1133.0,1173.6,1040146
2025-06-11 00:00:00+05:30,1175.0,1187.7,1151.5,1164.6,427873
2025-06-12 00:00:00+05:30,1169.0,1179.0,1123.5,1129.2,359255
2025-06-13 00:00:00+05:30,1100.0,1175.6,1100.0,1142.7,914688
2025-06-16 00:00:00+05:30,1144.6,1151.6,1114.3,1149.6,401905
2025-06-17 00:00:00+05:30,1154.9,1158.1,1114.6,1119.7,416198
2025-06-18 00:00:00+05:30,1119.6,1143.4,1115.2,1127.9,271289
2025-06-19 00:00:00+05:30,1129.0,1151.4,1100.0,1105.2,446371
2025-06-20 00:00:00+05:30,1104.8,1119.0,1072.0,1108.0,931666
2025-06-23 00:00:00+05:30,1110.0,1148.0,1110.0,1139.0,669673
2025-06-24 00:00:00+05:30,1145.0,1150.0,1067.0,1074.1,688471
2025-06-25 00:00:00+05:30,1075.9,1087.8,1054.0,1059.6,372110
2025-06-26 00:00:00+05:30,1062.0,1081.0,1055.4,1067.0,293248
2025-06-27 00:00:00+05:30,1065.0,1086.5,1041.3,1047.2,521889
2025-06-30 00:00:00+05:30,1042.0,1051.8,1019.6,1037.8,893207
2025-07-01 00:00:00+05:30,1040.0,1045.9,1009.5,1025.1,830118
2025-07-02 00:00:00+05:30,1025.2,1072.0,1025.2,1066.8,598916
2025-07-03 00:00:00+05:30,1069.0,1088.4,1053.0,1058.3,337137
2025-07-04 00:00:00+05:30,1067.4,1109.0,1061.6,1076.3,698439
2025-07-07 00:00:00+05:30,1095.4,1095.4,1033.9,1039.8,344827
2025-07-08 00:00:00+05:30,1039.0,1062.6,1026.2,1044.2,446203
2025-07-09 00:00:00+05:30,1045.9,1060.0,1042.9,1051.9,264657
2025-07-10 00:00:00+05:30,1043.0,1063.8,1008.0,1022.4,327450
2025-07-11 00:00:00+05:30,1023.0,1023.0,990.2,993.7,430416
2025-07-14 00:00:00+05:30,993.3,1010.8,970.1,994.3,332834
2025-07-15 00:00:00+05:30,1005.0,1009.3,989.6,994.5,157324
2025-07-16 00:00:00+05:30,996.0,1006.4,985.0,1001.3,228101
2025-07-17 00:00:00+05:30,1005.5,1014.0,1000.0,1000.4,160396
2025-07-18 00:00:00+05:30,1000.0,1011.0,965.7,969.1,374991
2025-07-21 00:00:00+05:30,967.6,983.9,956.0,978.5,382164
2025-07-22 00:00:00+05:30,983.4,997.1,974.1,988.5,243896
2025-07-23 00:00:00+05:30,989.5,993.8,977.0,988.4,261872
2025-07-24 00:00:00+05:30,989.8,991.3,967.2,970.3,124774
2025-07-25 00:00:00+05:30,972.5,981.8,966.3,975.2,161802
2025-07-28 00:00:00+05:30,970.0,976.9,947.7,963.4,282966
2025-07-29 00:00:00+05:30,950.0,972.4,944.9,960.2,200539
2025-07-30 00:00:00+05:30,962.2,982.2,954.5,967.1,205364
2025-07-31 00:00:00+05:30,950.0,968.0,948.0,959.6,185000
2025-08-01 00:00:00+05:30,958.6,979.3,936.2,944.9,164442
2025-08-04 00:00:00+05:30,945.0,963.25,941.65,957.55,169202
2025-08-05 00:00:00+05:30,952.85,968.0,946.0,948.9,106768
2025-08-06 00:00:00+05:30,975.0,995.05,956.0,992.0,818477
2025-08-07 00:00:00+05:30,989.0,992.0,964.5,970.8,259545
2025-08-08 00:00:00+05:30,974.5,976.85,951.0,955.05,155076
2025-08-11 00:00:00+05:30,965.0,1002.0,964.3,996.05,595610
2025-08-12 00:00:00+05:30,1003.65,1004.0,972.95,981.8,246890
2025-08-13 00:00:00+05:30,984.0,1032.0,984.0,1023.5,741536
2025-08-14 00:00:00+05:30,1035.0,1035.0,984.6,1006.4,424650
2025-08-18 00:00:00+05:30,1012.3,1017.4,995.2,1003.35,163718
2025-08-19 00:00:00+05:30,1017.9,1031.8,1004.0,1009.8,281518
2025-08-20 00:00:00+05:30,1017.0,1020.4,990.0,993.75,189737
2025-08-21 00:00:00+05:30,999.9,1010.0,985.0,989.05,172562
2025-08-22 00:00:00+05:30,985.0,1027.8,985.0,1008.75,387181
2025-08-25 00:00:00+05:30,1049.0,1073.35,1028.7,1038.45,1165980
2025-08-26 00:00:00+05:30,1038.0,1038.0,994.25,1000.25,370764
2025-08-28 00:00:00+05:30,1011.0,1036.5,998.75,1019.25,455401
2025-08-29 00:00:00+05:30,1021.95,1032.0,1008.0,1024.05,318860
2025-09-01 00:00:00+05:30,1034.3,1080.0,1028.0,1064.3,835021
2025-09-02 00:00:00+05:30,1075.3,1075.3,1010.0,1037.2,537093
2025-09-03 00:00:00+05:30,1037.2,1070.0,1035.6,1046.2,263439
2025-09-04 00:00:00+05:30,1057.9,1067.5,1008.1,1015.9,523013
2025-09-05 00:00:00+05:30,1016.8,1031.4,1000.2,1008.6,194543
2025-09-08 00:00:00+05:30,1015.0,1021.6,1001.0,1004.4,182242
2025-09-09 00:00:00+05:30,1010.9,1010.9,988.0,1005.9,240954
2025-09-10 00:00:00+05:30,1015.1,1038.5,1001.0,1031.7,283035
2025-09-11 00:00:00+05:30,1037.6,1054.8,1009.3,1013.9,260151
2025-09-12 00:00:00+05:30,1019.7,1099.0,1014.9,1085.9,1803880
2025-09-15 00:00:00+05:30,1098.3,1139.0,1095.1,1114.7,1187956
2025-09-16 00:00:00+05:30,1116.0,1116.0,1088.1,1104.3,349332
2025-09-17 00:00:00+05:30,1110.0,1124.9,1100.1,1110.0,436668
2025-09-18 00:00:00+05:30,1114.8,1116.8,1080.0,1085.0,342460
2025-09-19 00:00:00+05:30,1087.0,1145.0,1081.3,1140.8,1193123
2025-09-22 00:00:00+05:30,1147.7,1148.0,1107.0,1115.0,376909
2025-09-23 00:00:00+05:30,1115.6,1117.0,1091.0,1107.1,265167
2025-09-24 00:00:00+05:30,1109.9,1147.9,1109.9,1125.1,643294
2025-09-25 00:00:00+05:30,1125.1,1136.5,1075.6,1093.2,395236
2025-09-26 00:00:00+05:30,1090.0,1099.3,1042.0,1045.6,520104
2025-09-29 00:00:00+05:30,1050.0,1081.4,983.1,996.8,1363397
2025-09-30 00:00:00+05:30,1005.1,1012.0,973.0,983.9,410315
2025-10-01 00:00:00+05:30,988.0,1008.95,978.0,1003.5,422809
2025-10-03 00:00:00+05:30,1012.05,1136.45,1006.1,1112.65,3911606
2025-10-06 00:00:00+05:30,1119.85,1144.0,1108.15,1120.0,873697
2025-10-07 00:00:00+05:30,1124.75,1137.65,1102.05,1115.55,496566
2025-10-08 00:00:00+05:30,1119.95,1164.0,1097.9,1123.9,972799
2025-10-09 00:00:00+05:30,1132.9,1169.9,1117.15,1162.35,986203
2025-10-10 00:00:00+05:30,1169.95,1174.9,1076.05,1090.6,1296035
2025-10-13 00:00:00+05:30,1065.1,1092.0,1065.1,1085.25,365003
2025-10-14 00:00:00+05:30,1080.05,1102.4,1078.5,1089.8,304670
2025-10-15 00:00:00+05:30,1091.0,1094.0,1066.1,1069.05,742072
2025-10-16 00:00:00+05:30,1077.9,1081.85,1050.0,1053.7,336672
2025-10-17 00:00:00+05:30,1055.0,1115.05,1051.5,1081.2,634502
2025-10-20 00:00:00+05:30,1083.0,1117.0,1058.0,1104.8,611239
2025-10-21 00:00:00+05:30,1118.95,1119.0,1098.2,1104.85,94099
2025-10-23 00:00:00+05:30,1108.0,1110.6,1075.2,1080.0,320357
2025-10-24 00:00:00+05:30,1100.0,1110.0,1075.0,1076.95,366828
2025-10-27 00:00:00+05:30,1081.95,1090.1,1061.0,1064.85,210932
2025-10-28 00:00:00+05:30,1068.0,1070.9,1045.0,1052.3,365369
2025-10-29 00:00:00+05:30,1053.5,1061.9,1036.5,1040.6,238893
2025-10-30 00:00:00+05:30,1037.0,1058.0,1037.0,1056.0,133304
2025-10-31 00:00:00+05:30,1055.95,1055.95,1035.0,1042.25,137990
2025-11-03 00:00:00+05:30,1057.0,1084.0,1043.7,1076.7,391389
2025-11-04 00:00:00+05:30,1076.7,1079.9,1055.0,1063.0,126799
2025-11-06 00:00:00+05:30,1060.1,1062.7,1026.0,1036.4,180811
2025-11-07 00:00:00+05:30,1029.5,1045.5,1015.1,1042.5,175187
2025-11-10 00:00:00+05:30,1039.9,1054.9,1037.1,1047.2,145551
2025-11-11 00:00:00+05:30,1044.1,1065.7,1044.0,1049.0,181075
2025-11-12 00:00:00+05:30,1052.9,1065.0,1041.1,1046.4,304619
2025-11-13 00:00:00+05:30,1046.2,1055.0,1007.3,1015.4,403657
2025-11-14 00:00:00+05:30,1003.5,1017.1,995.1,1003.0,330558
2025-11-17 00:00:00+05:30,990.0,1014.0,990.0,1009.8,334682
2025-11-18 00:00:00+05:30,1012.7,1018.0,993.4,996.8,164688
2025-11-19 00:00:00+05:30,996.0,1004.8,966.7,971.4,559651
2025-11-20 00:00:00+05:30,975.9,999.0,970.0,993.3,184084
2025-11-21 00:00:00+05:30,991.0,991.0,971.0,976.6,103883
2025-11-24 00:00:00+05:30,974.0,974.7,936.5,939.8,270654
2025-11-25 00:00:00+05:30,941.8,963.0,935.2,943.7,259857
2025-11-26 00:00:00+05:30,944.1,953.9,938.1,945.9,119168
2025-11-27 00:00:00+05:30,953.9,961.5,938.6,945.4,272773
2025-11-28 00:00:00+05:30,945.4,950.2,928.2,932.4,170860
2025-12-01 00:00:00+05:30,934.05,954.55,932.4,941.7,157490
2025-12-02 00:00:00+05:30,943.0,945.5,921.0,929.0,203709
2025-12-03 00:00:00+05:30,923.15,931.1,901.1,902.8,333697
2025-12-04 00:00:00+05:30,900.0,915.85,882.15,885.9,291898
2025-12-05 00:00:00+05:30,889.7,914.0,876.1,908.35,288351
2025-12-08 00:00:00+05:30,908.25,913.0,875.0,880.3,261017
2025-12-09 00:00:00+05:30,870.0,903.95,865.6,899.9,210938
2025-12-10 00:00:00+05:30,899.9,906.85,881.1,886.65,87317
2025-12-11 00:00:00+05:30,886.65,910.35,885.95,904.35,158130
2025-12-12 00:00:00+05:30,912.5,923.4,905.0,907.05,293811
2025-12-15 00:00:00+05:30,914.9,916.0,902.4,906.1,201706
2025-12-16 00:00:00+05:30,901.0,902.95,884.0,886.55,85731
2025-12-17 00:00:00+05:30,885.9,903.6,882.45,891.85,163718
2025-12-18 00:00:00+05:30,892.0,894.0,876.95,879.5,139104
2025-12-19 00:00:00+05:30,894.9,913.0,885.15,908.25,186720
2025-12-22 00:00:00+05:30,917.85,938.0,909.55,936.7,207100
2025-12-23 00:00:00+05:30,940.0,951.0,931.4,949.15,232870
2025-12-24 00:00:00+05:30,949.15,975.65,945.7,970.25,245628
2025-12-26 00:00:00+05:30,980.0,993.9,971.9,979.4,461461
2025-12-29 00:00:00+05:30,987.0,999.0,975.95,980.05,303743
2025-12-30 00:00:00+05:30,980.0,987.0,952.0,954.6,227968
2025-12-31 00:00:00+05:30,960.0,989.0,960.0,981.25,297813
2026-01-01 00:00:00+05:30,978.0,995.95,975.05,983.0,163879
2026-01-02 00:00:00+05:30,982.05,985.8,957.1,963.35,188172
2026-01-05 00:00:00+05:30,965.45,1004.0,964.95,1000.0,439283
2026-01-06 00:00:00+05:30,1004.8,1006.9,990.0,995.65,315922
2026-01-07 00:00:00+05:30,995.65,995.65,980.0,987.7,128050
2026-01-08 00:00:00+05:30,987.0,1017.55,985.6,1004.8,759138
2026-01-09 00:00:00+05:30,1015.0,1028.05,981.15,986.7,917290
2026-01-12 00:00:00+05:30,979.65,988.0,952.6,974.4,270830
2026-01-13 00:00:00+05:30,974.4,993.75,974.4,986.15,138424
2026-01-14 00:00:00+05:30,986.15,988.1,960.2,965.2,167906
2026-01-16 00:00:00+05:30,965.2,968.25,931.1,937.05,232874
2026-01-19 00:00:00+05:30,937.0,937.05,900.0,906.95,223433
2026-01-20 00:00:00+05:30,901.6,913.75,886.15,889.85,279178
2026-01-21 00:00:00+05:30,885.0,894.95,864.6,885.4,285508
2026-01-22 00:00:00+05:30,894.55,919.9,893.8,917.5,131118
2026-01-23 00:00:00+05:30,917.45,924.25,897.3,909.85,150217
2026-01-27 00:00:00+05:30,906.65,943.5,890.0,921.55,184204
2026-01-28 00:00:00+05:30,925.0,969.0,925.0,961.75,575320
2026-01-29 00:00:00+05:30,969.0,981.95,952.6,965.1,193493
2026-01-30 00:00:00+05:30,962.45,985.0,952.25,982.6,283291
2026-02-01 00:00:00+05:30,990.0,1004.3,903.95,953.3,393921
2026-02-02 00:00:00+05:30,953.3,962.65,916.5,946.45,192283
2026-02-03 00:00:00+05:30,986.9,986.9,935.05,948.25,173746
2026-02-04 00:00:00+05:30,942.0,969.85,935.2,952.35,144249
2026-02-05 00:00:00+05:30,945.0,953.85,930.0,935.95,89996
2026-02-06 00:00:00+05:30,932.1,932.1,889.0,901.7,231977
2026-02-09 00:00:00+05:30,896.5,921.3,896.0,915.9,288018
2026-02-10 00:00:00+05:30,918.9,930.9,910.4,915.2,127796
2026-02-11 00:00:00+05:30,918.0,930.0,895.1,898.4,181464
2026-02-12 00:00:00+05:30,893.0,919.55,872.75,907.5,451301
2026-02-13 00:00:00+05:30,895.4,943.9,885.5,903.95,413112
2026-02-16 00:00:00+05:30,896.9,913.0,888.0,894.45,125936
2026-02-17 00:00:00+05:30,894.9,924.7,892.8,918.25,175199
2026-02-18 00:00:00+05:30,918.0,924.0,909.45,915.15,97685
2026-02-19 00:00:00+05:30,915.15,919.0,900.1,909.55,99688
2026-02-20 00:00:00+05:30,904.7,932.8,893.55,899.9,224782
2026-02-23 00:00:00+05:30,907.1,936.9,901.55,920.85,215997
2026-02-24 00:00:00+05:30,910.0,930.0,903.0,922.85,174699
2026-02-25 00:00:00+05:30,923.1,975.7,922.8,955.25,496851
2026-02-26 00:00:00+05:30,959.9,1001.15,954.85,991.3,636659
2026-02-27 00:00:00+05:30,999.8,1004.45,959.0,968.6,657109
2026-03-02 00:00:00+05:30,952.2,1017.45,943.65,982.4,834781
2026-03-04 00:00:00+05:30,992.15,1000.0,976.0,995.55,557399
2026-03-05 00:00:00+05:30,999.0,1039.0,999.0,1030.4,1218793
2026-03-06 00:00:00+05:30,1035.0,1055.0,1030.95,1038.05,634438
2026-03-09 00:00:00+05:30,1038.1,1042.05,990.9,1007.8,697917
2026-03-10 00:00:00+05:30,1021.8,1038.0,1015.7,1031.4,599504
2026-03-11 00:00:00+05:30,1040.0,1058.95,1025.0,1029.25,262988
2026-03-12 00:00:00+05:30,1025.0,1045.3,1001.5,1034.4,226990
2026-03-13 00:00:00+05:30,1040.0,1042.65,975.0,978.6,321485
2026-03-16 00:00:00+05:30,973.95,985.85,948.4,954.1,282824
2026-03-17 00:00:00+05:30,960.5,975.0,956.6,964.45,166294
2026-03-18 00:00:00+05:30,960.0,963.0,938.2,946.05,413726
2026-03-19 00:00:00+05:30,928.05,936.0,901.9,908.65,162000
2026-03-20 00:00:00+05:30,921.9,931.45,884.4,890.8,202120
2026-03-23 00:00:00+05:30,873.0,915.0,872.95,892.25,636013
2026-03-24 00:00:00+05:30,908.0,919.9,872.35,913.35,327035
2026-03-25 00:00:00+05:30,919.95,927.9,911.25,917.7,332120
2026-03-27 00:00:00+05:30,917.7,917.7,875.0,879.2,522106
2026-03-30 00:00:00+05:30,870.0,910.0,851.0,855.7,541613
2026-04-01 00:00:00+05:30,880.0,924.0,870.0,897.15,530141
2026-04-02 00:00:00+05:30,897.0,961.8,872.55,952.65,850462
2026-04-06 00:00:00+05:30,957.35,959.9,916.05,943.95,474301
2026-04-07 00:00:00+05:30,945.0,1000.0,938.0,996.9,742709
2026-04-08 00:00:00+05:30,1018.0,1040.0,999.85,1008.0,727321
2026-04-09 00:00:00+05:30,1016.5,1035.35,1006.9,1011.05,420119
2026-04-10 00:00:00+05:30,1020.0,1031.6,1011.0,1015.65,226143
2026-04-13 00:00:00+05:30,990.0,1029.0,981.2,1019.25,201091
2026-04-15 00:00:00+05:30,1034.0,1041.75,1026.4,1032.5,206003
2026-04-16 00:00:00+05:30,1039.0,1080.0,1034.35,1074.7,827283
2026-04-17 00:00:00+05:30,1083.0,1099.0,1071.0,1093.45,627157
2026-04-20 00:00:00+05:30,1089.1,1093.25,1055.8,1064.55,286258
2026-04-21 00:00:00+05:30,1064.4,1115.5,1062.0,1111.1,789726
2026-04-22 00:00:00+05:30,1119.7,1135.0,1111.5,1129.75,458961
2026-04-23 00:00:00+05:30,1131.05,1142.75,1095.0,1135.55,471977
2026-04-24 00:00:00+05:30,1145.0,1146.0,1108.2,1123.75,282589
2026-04-27 00:00:00+05:30,1134.9,1149.0,1129.65,1138.35,284124
2026-04-28 00:00:00+05:30,1140.0,1141.95,1092.0,1096.3,256845
2026-04-29 00:00:00+05:30,1103.0,1119.25,1082.7,1108.25,286873
2026-04-30 00:00:00+05:30,1102.75,1132.8,1085.05,1125.2,255563
2026-05-04 00:00:00+05:30,1134.0,1140.0,1102.9,1110.7,220861
2026-05-05 00:00:00+05:30,1111.7,1129.0,1099.5,1104.1,232560
2026-05-06 00:00:00+05:30,1096.0,1110.2,1079.7,1088.2,452109
2026-05-07 00:00:00+05:30,1092.0,1168.8,1088.4,1162.5,975489
2026-05-08 00:00:00+05:30,1170.0,1179.0,1142.2,1147.4,534180
2026-05-11 00:00:00+05:30,1145.0,1174.0,1126.0,1135.2,516039
2026-05-12 00:00:00+05:30,1130.0,1150.5,1104.5,1108.7,420897
2026-05-13 00:00:00+05:30,1101.0,1137.9,1101.0,1111.2,193465
2026-05-14 00:00:00+05:30,1124.4,1133.6,1097.0,1112.0,181464
2026-05-15 00:00:00+05:30,1118.0,1129.8,1101.0,1106.6,138749
2026-05-18 00:00:00+05:30,1106.6,1113.9,1074.0,1087.2,196833
2026-05-19 00:00:00+05:30,1087.1,1110.0,1083.0,1092.7,136976
2026-05-20 00:00:00+05:30,1084.6,1158.8,1070.1,1154.1,697656
2026-05-21 00:00:00+05:30,1160.0,1189.0,1150.0,1184.5,604898
2026-05-22 00:00:00+05:30,1187.0,1199.0,1165.0,1174.9,425536
2026-05-25 00:00:00+05:30,1190.0,1254.0,1187.2,1235.6,1924065
2026-05-26 00:00:00+05:30,1244.0,1389.7,1216.6,1357.0,10704585
2026-05-27 00:00:00+05:30,1374.0,1432.0,1360.7,1397.4,5233365
2026-05-29 00:00:00+05:30,1395.2,1433.0,1380.0,1401.7,1614132
2026-06-01 00:00:00+05:30,1415.4,1422.6,1301.0,1316.2,1418410
2026-06-02 00:00:00+05:30,1314.0,1367.5,1300.2,1323.8,762930
2026-06-03 00:00:00+05:30,1315.0,1352.7,1296.3,1323.7,511436
2026-06-04 00:00:00+05:30,1329.0,1400.0,1316.0,1377.7,1209521
2026-06-05 00:00:00+05:30,1393.4,1463.9,1385.8,1419.5,2195447
2026-06-08 00:00:00+05:30,1414.1,1478.8,1400.0,1412.2,1727769
2026-06-09 00:00:00+05:30,1424.0,1463.7,1403.0,1457.7,1067886
2026-06-10 00:00:00+05:30,1469.8,1474.9,1415.1,1424.4,866021
2026-06-11 00:00:00+05:30,1415.0,1453.0,1385.4,1396.3,711713
2026-06-12 00:00:00+05:30,1419.0,1461.0,1418.8,1443.8,573205
2026-06-15 00:00:00+05:30,1477.0,1490.0,1447.4,1458.0,807916
2026-06-16 00:00:00+05:30,1460.0,1487.4,1412.3,1480.1,661269
2026-06-17 00:00:00+05:30,1480.1,1598.4,1480.1,1574.4,2695624
2026-06-18 00:00:00+05:30,1590.0,1694.0,1575.0,1670.0,3308242
2026-06-19 00:00:00+05:30,1665.0,1735.5,1660.1,1684.1,2096101
2026-06-22 00:00:00+05:30,1697.1,1710.0,1656.3,1675.4,668341
2026-06-23 00:00:00+05:30,1680.0,1697.7,1644.0,1688.7,862188
2026-06-24 00:00:00+05:30,1686.1,1688.7,1610.0,1662.6,901498
2026-06-25 00:00:00+05:30,1669.0,1724.8,1665.0,1721.7,1269471
2026-06-29 00:00:00+05:30,1730.0,1755.0,1696.0,1727.3,1433555
2026-06-30 00:00:00+05:30,1737.9,1778.9,1725.0,1761.6,925878
2026-07-01 00:00:00+05:30,1774.0,1788.4,1736.1,1752.5,456020
2026-07-02 00:00:00+05:30,1760.8,1798.8,1747.4,1795.7,697901
2026-07-03 00:00:00+05:30,1795.7,1857.0,1737.2,1848.5,1099562
2026-07-06 00:00:00+05:30,1862.5,1869.9,1831.0,1850.0,469585
2026-07-07 00:00:00+05:30,1850.0,1871.0,1770.7,1782.2,636690
2026-07-08 00:00:00+05:30,1780.0,1859.5,1773.0,1809.3,818776
2026-07-09 00:00:00+05:30,1809.3,1846.0,1806.0,1833.1,362898
2026-07-10 00:00:00+05:30,1835.0,1849.9,1782.1,1803.7,474442
2026-07-13 00:00:00+05:30,1803.7,1803.7,1705.0,1719.7,659399
2026-07-14 00:00:00+05:30,1717.4,1749.0,1668.1,1720.0,479665
2026-07-15 00:00:00+05:30,1739.0,1800.0,1729.0,1750.9,409484
2026-07-16 00:00:00+05:30,1754.4,1757.8,1704.0,1721.7,335644
2026-07-17 00:00:00+05:30,1720.0,1730.0,1681.9,1720.8,272683
2026-07-20 00:00:00+05:30,1717.0,1758.0,1705.2,1751.0,231267
2026-07-21 00:00:00+05:30,1749.9,1767.0,1731.1,1747.1,207687
2026-07-22 00:00:00+05:30,1745.0,1778.9,1737.6,1757.1,226518
2026-07-23 00:00:00+05:30,1755.1,1799.9,1741.0,1783.1,341197
2026-07-24 00:00:00+05:30,1770.0,1818.0,1750.0,1813.4,304402
2026-07-27 00:00:00+05:30,1815.0,1840.0,1788.0,1801.8,270091
2026-07-28 00:00:00+05:30,1800.0,1860.0,1688.0,1704.1,470220
2026-07-29 00:00:00+05:30,1710.0,1793.6,1691.2,1773.8,408031
2026-07-30 00:00:00+05:30,1763.1,1769.9,1717.1,1726.0,250401
2026-07-31 00:00:00+05:30,1850.0,1960.0,1841.1,1861.6,4927414
2026-08-03 00:00:00+05:30,1878.0,1893.5,1831.0,1848.8,372847
2026-08-04 00:00:00+05:30,1855.3,1869.0,1816.8,1835.4,306406
2026-08-05 00:00:00+05:30,1838.2,1869.9,1801.0,1809.4,277043
2026-08-06 00:00:00+05:30,1822.9,1822.9,1783.0,1802.2,232224
2026-08-07 00:00:00+05:30,1793.0,1849.0,1790.0,1840.0,224632
2026-08-10 00:00:00+05:30,1839.9,1846.9,1675.0,1734.7,1481114
2026-08-11 00:00:00+05:30,1691.0,1738.9,1675.0,1703.7,724979
2026-08-12 00:00:00+05:30,1712.2,1749.3,1651.2,1665.4,531299
2026-08-13 00:00:00+05:30,1665.5,1713.0,1665.5,1700.9,384936
2026-08-14 00:00:00+05:30,1701.1,1756.0,1701.1,1739.3,361917
2026-08-17 00:00:00+05:30,1747.0,1754.9,1701.0,1707.1,251228
2026-08-18 00:00:00+05:30,1707.0,1800.0,1706.5,1767.4,312448
2026-08-19 00:00:00+05:30,1777.1,1798.4,1690.1,1701.1,416834
2026-08-20 00:00:00+05:30,1709.9,1714.7,1677.6,1684.2,313032
2026-08-21 00:00:00+05:30,1680.0,1694.0,1658.3,1662.2,373866
2026-08-24 00:00:00+05:30,1662.3,1689.4,1642.9,1664.9,256923
2026-08-25 00:00:00+05:30,1676.5,1726.9,1676.5,1708.0,429429
2026-08-26 00:00:00+05:30,1710.0,1716.8,1681.0,1698.7,212880
2026-08-27 00:00:00+05:30,1707.1,1715.0,1680.7,1687.5,128292
2026-08-28 00:00:00+05:30,1689.8,1722.4,1670.0,1706.6,242127
2026-08-31 00:00:00+05:30,1710.0,1715.0,1660.0,1666.0,240681
2026-09-01 00:00:00+05:30,1666.8,1705.0,1656.4,1686.4,292436
2026-09-02 00:00:00+05:30,1678.0,1678.0,1631.0,1641.8,220101
2026-09-03 00:00:00+05:30,1650.0,1684.0,1645.1,1665.1,162924
2026-09-04 00:00:00+05:30,1666.1,1741.0,1666.1,1729.0,502645
2026-09-07 00:00:00+05:30,1740.0,1771.6,1705.0,1711.6,471255
2026-09-08 00:00:00+05:30,1748.0,1783.3,1708.3,1757.3,793737
2026-09-09 00:00:00+05:30,1767.8,1794.0,1696.1,1706.1,550424
2026-09-10 00:00:00+05:30,1708.0,1722.9,1685.0,1696.8,258483
2026-09-11 00:00:00+05:30,1691.9,1695.0,1656.1,1680.6,200377
2026-09-15 00:00:00+05:30,1688.5,1688.5,1581.0,1593.8,496962
2026-09-16 00:00:00+05:30,1601.0,1638.8,1537.1,1621.9,418082
2026-09-17 00:00:00+05:30,1611.0,1635.0,1599.0,1607.8,186113
2026-09-18 00:00:00+05:30,1611.0,1650.6,1611.0,1631.2,199551
2026-09-21 00:00:00+05:30,1637.7,1662.1,1622.6,1657.9,197687
2026-09-22 00:00:00+05:30,1655.0,1662.3,1611.0,1616.3,180438
2026-09-23 00:00:00+05:30,1612.1,1638.2,1591.8,1602.1,206138
2026-09-24 00:00:00+05:30,1604.1,1609.0,1591.0,1596.2,225496
2026-09-25 00:00:00+05:30,1599.2,1647.0,1587.4,1622.4,267279
