Date,Open,High,Low,Close,Volume
2001-12-26 00:00:00+05:30,12.0,12.0,11.87,11.87,3149
2001-12-27 00:00:00+05:30,11.5,12.0,11.5,11.77,284
2001-12-28 00:00:00+05:30,11.83,12.07,11.5,11.93,4109
2001-12-31 00:00:00+05:30,12.02,12.7,12.02,12.7,3794
2002-01-01 00:00:00+05:30,12.67,12.67,12.33,12.33,3311
2002-01-02 00:00:00+05:30,12.42,12.67,12.35,12.4,4610
2002-01-03 00:00:00+05:30,12.65,13.28,12.47,13.17,14864
2002-01-04 00:00:00+05:30,12.5,13.17,12.5,12.8,7499
2002-01-07 00:00:00+05:30,13.33,13.55,13.03,13.12,3539
2002-01-08 00:00:00+05:30,15.32,15.32,13.03,14.67,10844
2002-01-09 00:00:00+05:30,15.08,15.33,14.17,14.38,12698
2002-01-10 00:00:00+05:30,14.0,14.33,14.0,14.15,3299
2002-01-11 00:00:00+05:30,14.17,14.17,13.75,13.98,11948
2002-01-14 00:00:00+05:30,14.22,14.33,13.9,14.2,5522
2002-01-15 00:00:00+05:30,14.17,14.67,13.67,13.75,17750
2002-01-16 00:00:00+05:30,14.33,14.67,13.85,14.03,19544
2002-01-17 00:00:00+05:30,14.3,14.83,14.08,14.23,8636
2002-01-18 00:00:00+05:30,13.72,14.17,13.67,14.15,3539
2002-01-21 00:00:00+05:30,13.93,14.13,13.93,14.08,14732
2002-01-22 00:00:00+05:30,13.92,14.33,13.92,14.15,13772
2002-01-23 00:00:00+05:30,14.13,14.63,13.9,14.38,23063
2002-01-24 00:00:00+05:30,14.5,14.62,14.2,14.42,9374
2002-01-25 00:00:00+05:30,14.17,14.48,14.17,14.48,16001
2002-01-28 00:00:00+05:30,14.25,14.67,14.0,14.42,15377
2002-01-29 00:00:00+05:30,14.82,14.82,14.05,14.27,5267
2002-01-30 00:00:00+05:30,14.4,14.4,14.3,14.3,7199
2002-01-31 00:00:00+05:30,14.58,15.0,14.38,14.95,17951
2002-02-01 00:00:00+05:30,14.72,15.03,14.72,14.85,11621
2002-02-04 00:00:00+05:30,14.93,15.12,14.5,15.1,12269
2002-02-05 00:00:00+05:30,15.1,15.33,14.88,15.03,26984
2002-02-06 00:00:00+05:30,15.03,15.67,15.03,15.17,11879
2002-02-07 00:00:00+05:30,15.2,15.4,15.0,15.03,17087
2002-02-08 00:00:00+05:30,15.17,15.25,15.0,15.0,11096
2002-02-11 00:00:00+05:30,15.3,15.3,15.0,15.03,4850
2002-02-12 00:00:00+05:30,14.87,15.27,14.87,15.0,11990
2002-02-13 00:00:00+05:30,14.72,15.33,14.72,15.07,23309
2002-02-14 00:00:00+05:30,14.85,15.33,14.85,15.23,13955
2002-02-15 00:00:00+05:30,15.02,15.5,15.02,15.28,15716
2002-02-18 00:00:00+05:30,15.08,15.65,15.08,15.35,18455
2002-02-19 00:00:00+05:30,15.2,15.5,15.2,15.33,10703
2002-02-20 00:00:00+05:30,15.33,15.42,15.33,15.35,13175
2002-02-21 00:00:00+05:30,15.17,15.67,15.15,15.33,11339
2002-02-22 00:00:00+05:30,15.33,15.5,15.22,15.23,3449
2002-02-25 00:00:00+05:30,15.03,16.13,15.03,15.5,14174
2002-02-26 00:00:00+05:30,15.67,16.0,15.5,15.63,8645
2002-02-27 00:00:00+05:30,15.83,15.97,15.22,15.5,12923
2002-02-28 00:00:00+05:30,15.33,15.33,14.58,14.58,5633
2002-03-01 00:00:00+05:30,14.7,15.37,14.7,15.3,2819
2002-03-04 00:00:00+05:30,15.3,15.57,15.22,15.37,3914
2002-03-05 00:00:00+05:30,15.18,15.33,15.0,15.33,41621
2002-03-06 00:00:00+05:30,15.33,15.6,15.33,15.37,9191
2002-03-07 00:00:00+05:30,15.48,15.48,15.18,15.33,10349
2002-03-08 00:00:00+05:30,15.67,15.92,15.35,15.63,15074
2002-03-11 00:00:00+05:30,15.33,15.42,15.33,15.33,7811
2002-03-12 00:00:00+05:30,15.33,15.67,15.2,15.48,15905
2002-03-13 00:00:00+05:30,15.33,15.67,15.33,15.55,6299
2002-03-14 00:00:00+05:30,15.42,15.83,15.4,15.5,7124
2002-03-15 00:00:00+05:30,15.42,15.5,15.33,15.33,6185
2002-03-18 00:00:00+05:30,15.0,15.4,14.93,15.28,11549
2002-03-19 00:00:00+05:30,14.95,15.42,14.95,15.18,14585
2002-03-20 00:00:00+05:30,15.67,15.67,15.17,15.3,7802
2002-03-21 00:00:00+05:30,15.25,15.27,14.52,14.83,4724
2002-03-22 00:00:00+05:30,15.33,16.0,15.33,15.45,13451
2002-03-26 00:00:00+05:30,15.2,15.63,15.2,15.5,8963
2002-03-27 00:00:00+05:30,15.37,16.02,15.37,15.92,19286
2002-03-28 00:00:00+05:30,16.4,17.47,16.08,16.62,8435
2002-04-01 00:00:00+05:30,17.33,18.0,16.67,16.78,33077
2002-04-02 00:00:00+05:30,17.15,17.92,16.67,16.95,18224
2002-04-03 00:00:00+05:30,16.67,17.5,16.67,17.47,6149
2002-04-04 00:00:00+05:30,17.63,18.83,17.63,18.67,27935
2002-04-05 00:00:00+05:30,18.67,18.77,18.33,18.57,21158
2002-04-08 00:00:00+05:30,18.37,20.0,18.37,19.25,18695
2002-04-09 00:00:00+05:30,20.5,20.5,19.35,19.95,25820
2002-04-10 00:00:00+05:30,20.15,21.5,20.15,20.78,48023
2002-04-11 00:00:00+05:30,21.0,21.73,20.53,20.97,26585
2002-04-12 00:00:00+05:30,21.0,21.0,20.03,20.35,30290
2002-04-15 00:00:00+05:30,21.33,21.33,20.05,20.08,18194
2002-04-16 00:00:00+05:30,20.17,20.17,19.42,19.63,20216
2002-04-17 00:00:00+05:30,20.0,20.33,19.33,20.03,14129
2002-04-18 00:00:00+05:30,20.0,20.82,19.93,20.58,14360
2002-04-19 00:00:00+05:30,21.33,22.17,21.0,21.63,71147
2002-04-22 00:00:00+05:30,23.0,24.0,22.68,23.22,126545
2002-04-23 00:00:00+05:30,24.9,27.87,24.07,27.87,188957
2002-04-24 00:00:00+05:30,29.33,31.67,29.33,30.0,258332
2002-04-25 00:00:00+05:30,30.5,36.0,29.33,33.7,1069943
2002-04-26 00:00:00+05:30,34.0,37.0,30.83,32.27,661964
2002-04-29 00:00:00+05:30,32.95,34.0,30.17,30.87,173303
2002-04-30 00:00:00+05:30,29.02,35.0,29.02,33.32,602501
2002-05-02 00:00:00+05:30,34.3,34.98,32.87,33.23,195911
2002-05-03 00:00:00+05:30,34.13,34.17,32.0,33.08,94397
2002-05-06 00:00:00+05:30,32.02,33.0,31.7,31.78,42908
2002-05-07 00:00:00+05:30,32.58,33.67,31.33,31.65,185267
2002-05-08 00:00:00+05:30,32.33,32.5,31.7,32.07,50930
2002-05-09 00:00:00+05:30,32.33,32.65,31.17,31.8,125213
2002-05-10 00:00:00+05:30,31.67,31.67,29.68,30.37,147011
2002-05-13 00:00:00+05:30,30.33,32.87,30.33,30.87,228791
2002-05-14 00:00:00+05:30,33.3,33.95,31.5,32.08,481532
2002-05-15 00:00:00+05:30,32.08,32.67,30.33,30.82,89027
2002-05-16 00:00:00+05:30,31.0,31.67,29.33,29.42,285194
2002-05-17 00:00:00+05:30,29.0,29.88,26.67,27.88,196550
2002-05-20 00:00:00+05:30,27.88,28.0,26.13,26.28,84023
2002-05-21 00:00:00+05:30,24.67,25.18,22.7,24.12,83078
2002-05-22 00:00:00+05:30,23.6,25.3,22.1,24.45,91580
2002-05-23 00:00:00+05:30,24.6,24.6,23.7,23.88,23192
2002-05-24 00:00:00+05:30,24.73,28.0,24.73,27.45,58400
2002-05-27 00:00:00+05:30,27.5,27.5,26.2,26.88,43949
2002-05-28 00:00:00+05:30,26.83,28.32,26.18,26.78,34166
2002-05-29 00:00:00+05:30,27.22,27.65,26.17,26.88,21578
2002-05-30 00:00:00+05:30,28.23,30.67,25.0,25.42,41900
2002-05-31 00:00:00+05:30,26.0,26.23,25.18,25.95,17132
2002-06-03 00:00:00+05:30,26.33,27.63,24.83,26.73,177848
2002-06-04 00:00:00+05:30,27.02,27.28,25.88,26.0,65564
2002-06-05 00:00:00+05:30,26.5,31.2,25.42,31.2,433583
2002-06-06 00:00:00+05:30,36.62,36.62,31.75,35.03,1934045
2002-06-07 00:00:00+05:30,34.17,37.75,32.52,33.37,1903748
2002-06-10 00:00:00+05:30,34.77,36.63,32.67,33.15,601952
2002-06-11 00:00:00+05:30,34.0,39.78,34.0,38.45,1270250
2002-06-12 00:00:00+05:30,43.67,43.67,38.02,40.25,1176026
2002-06-13 00:00:00+05:30,39.93,41.0,39.03,39.88,506747
2002-06-14 00:00:00+05:30,40.0,44.0,39.53,42.92,922148
2002-06-17 00:00:00+05:30,43.33,43.33,40.58,41.2,171863
2002-06-18 00:00:00+05:30,41.67,48.33,41.67,46.8,1777748
2002-06-19 00:00:00+05:30,46.67,49.12,41.7,45.72,2114870
2002-06-20 00:00:00+05:30,45.63,47.0,44.03,46.12,533432
2002-06-21 00:00:00+05:30,46.17,48.67,43.67,47.75,349943
2002-06-24 00:00:00+05:30,50.0,51.27,46.8,50.28,1101389
2002-06-25 00:00:00+05:30,54.7,54.7,47.68,49.25,300125
2002-06-26 00:00:00+05:30,49.0,49.0,45.67,46.17,153983
2002-06-27 00:00:00+05:30,46.67,50.0,46.0,49.38,612404
2002-06-28 00:00:00+05:30,49.0,49.25,47.17,47.83,102020
2002-07-01 00:00:00+05:30,48.32,51.0,47.7,48.35,187148
2002-07-02 00:00:00+05:30,49.0,49.3,46.33,47.2,63536
2002-07-03 00:00:00+05:30,47.23,48.67,46.37,46.85,57446
2002-07-04 00:00:00+05:30,47.33,55.0,47.28,53.68,1552730
2002-07-05 00:00:00+05:30,53.4,56.0,50.67,53.53,462905
2002-07-08 00:00:00+05:30,54.5,54.8,51.47,53.03,140447
2002-07-09 00:00:00+05:30,52.95,53.68,50.7,51.97,96323
2002-07-10 00:00:00+05:30,52.0,52.0,49.05,49.55,74183
2002-07-11 00:00:00+05:30,50.68,53.33,47.53,48.43,92477
2002-07-12 00:00:00+05:30,48.02,51.33,48.02,49.45,95318
2002-07-15 00:00:00+05:30,50.0,50.63,47.95,48.7,149624
2002-07-16 00:00:00+05:30,47.33,48.33,45.77,47.08,109373
2002-07-17 00:00:00+05:30,47.25,48.5,45.75,47.97,142034
2002-07-18 00:00:00+05:30,48.97,53.53,48.97,52.15,947840
2002-07-19 00:00:00+05:30,53.33,53.33,49.75,50.35,290453
2002-07-22 00:00:00+05:30,48.97,49.27,46.02,47.1,112184
2002-07-23 00:00:00+05:30,46.17,47.97,46.03,46.85,184817
2002-07-24 00:00:00+05:30,46.93,48.17,44.08,44.92,130127
2002-07-25 00:00:00+05:30,46.27,47.33,41.18,42.0,347477
2002-07-26 00:00:00+05:30,40.67,41.0,33.6,40.0,1478459
2002-07-29 00:00:00+05:30,40.0,40.98,37.1,39.38,341393
2002-07-30 00:00:00+05:30,40.0,40.93,37.33,38.1,121547
2002-07-31 00:00:00+05:30,35.2,40.32,35.2,39.88,252482
2002-08-01 00:00:00+05:30,40.13,43.23,40.03,40.98,268754
2002-08-02 00:00:00+05:30,38.75,41.65,38.7,41.27,68045
2002-08-05 00:00:00+05:30,41.67,43.3,41.33,42.88,163277
2002-08-06 00:00:00+05:30,42.47,43.2,41.67,42.17,41795
2002-08-07 00:00:00+05:30,42.0,47.0,41.5,45.72,394928
2002-08-08 00:00:00+05:30,46.32,46.55,43.33,43.6,124514
2002-08-09 00:00:00+05:30,43.5,46.0,43.5,44.43,73739
2002-08-12 00:00:00+05:30,45.12,46.97,43.67,45.28,451820
2002-08-13 00:00:00+05:30,45.83,45.83,44.7,45.03,24902
2002-08-14 00:00:00+05:30,45.23,45.23,42.38,43.63,35009
2002-08-16 00:00:00+05:30,44.67,45.0,44.03,44.15,44378
2002-08-19 00:00:00+05:30,44.67,45.23,43.33,43.43,29957
2002-08-20 00:00:00+05:30,44.17,46.33,43.72,45.4,45104
2002-08-21 00:00:00+05:30,45.5,46.17,44.72,45.15,116024
2002-08-22 00:00:00+05:30,45.62,46.83,43.67,46.13,206624
2002-08-23 00:00:00+05:30,46.1,46.17,45.37,45.95,86399
2002-08-26 00:00:00+05:30,46.57,46.67,45.33,45.63,55493
2002-08-27 00:00:00+05:30,46.0,46.0,45.17,45.27,19898
2002-08-28 00:00:00+05:30,45.13,45.13,43.67,43.98,49940
2002-08-29 00:00:00+05:30,45.0,45.33,44.0,44.85,14336
2002-08-30 00:00:00+05:30,44.2,46.63,44.2,45.98,137420
2002-09-02 00:00:00+05:30,46.67,48.35,46.17,46.67,235175
2002-09-03 00:00:00+05:30,47.0,47.55,45.83,46.08,83132
2002-09-04 00:00:00+05:30,46.07,46.07,45.03,45.4,57221
2002-09-05 00:00:00+05:30,45.0,46.25,45.0,46.07,86453
2002-09-06 00:00:00+05:30,45.97,46.33,45.33,45.65,80081
2002-09-09 00:00:00+05:30,45.37,46.0,45.37,45.43,61112
2002-09-11 00:00:00+05:30,45.67,46.47,45.67,45.85,71531
2002-09-12 00:00:00+05:30,46.0,47.5,45.72,46.87,202505
2002-09-13 00:00:00+05:30,46.7,49.83,45.68,48.87,349523
2002-09-16 00:00:00+05:30,50.0,50.0,46.75,47.37,172553
2002-09-17 00:00:00+05:30,48.0,49.3,47.7,47.92,78890
2002-09-18 00:00:00+05:30,48.97,48.97,46.2,46.52,94250
2002-09-19 00:00:00+05:30,46.5,46.68,45.33,45.62,123455
2002-09-20 00:00:00+05:30,45.4,46.67,45.0,45.85,63188
2002-09-23 00:00:00+05:30,46.62,46.67,46.0,46.17,56885
2002-09-24 00:00:00+05:30,45.93,45.97,44.83,45.28,62951
2002-09-25 00:00:00+05:30,45.33,45.67,44.37,44.95,76367
2002-09-26 00:00:00+05:30,45.0,49.32,44.75,48.28,534704
2002-09-27 00:00:00+05:30,49.0,49.77,48.17,49.45,444581
2002-09-30 00:00:00+05:30,48.6,49.18,46.67,47.03,207857
2002-10-01 00:00:00+05:30,47.57,48.67,45.58,45.88,114278
2002-10-03 00:00:00+05:30,45.35,46.55,44.33,45.0,139679
2002-10-04 00:00:00+05:30,45.0,47.08,44.87,45.67,336197
2002-10-07 00:00:00+05:30,46.15,47.0,45.03,45.67,295928
2002-10-08 00:00:00+05:30,45.5,46.83,44.37,44.73,200435
2002-10-09 00:00:00+05:30,46.98,46.98,44.67,44.87,110972
2002-10-10 00:00:00+05:30,48.33,48.33,44.37,45.7,92501
2002-10-11 00:00:00+05:30,46.58,46.58,45.33,45.9,81593
2002-10-14 00:00:00+05:30,46.83,48.43,46.0,47.12,852764
2002-10-16 00:00:00+05:30,48.0,48.33,47.5,48.17,429731
2002-10-17 00:00:00+05:30,48.0,49.2,47.02,47.45,599987
2002-10-18 00:00:00+05:30,49.3,49.3,46.33,46.53,261788
2002-10-21 00:00:00+05:30,47.25,47.27,45.07,45.87,305828
2002-10-22 00:00:00+05:30,46.58,46.67,43.98,44.88,530573
2002-10-23 00:00:00+05:30,45.33,45.82,44.5,44.93,156350
2002-10-24 00:00:00+05:30,45.3,45.5,44.67,44.88,132092
2002-10-25 00:00:00+05:30,45.63,46.67,44.37,44.5,116507
2002-10-28 00:00:00+05:30,45.23,45.23,44.33,44.87,101600
2002-10-29 00:00:00+05:30,45.33,45.37,44.88,45.08,83975
2002-10-30 00:00:00+05:30,45.0,45.5,44.67,44.8,117206
2002-10-31 00:00:00+05:30,45.63,45.63,44.5,44.65,81011
2002-11-01 00:00:00+05:30,45.15,45.15,44.67,44.9,68717
2002-11-04 00:00:00+05:30,45.67,45.67,44.52,44.88,47039
2002-11-05 00:00:00+05:30,44.83,46.53,44.17,46.45,219218
2002-11-07 00:00:00+05:30,46.5,47.43,45.0,45.32,221675
2002-11-08 00:00:00+05:30,46.17,46.17,45.08,45.25,61124
2002-11-11 00:00:00+05:30,45.33,46.9,44.98,46.5,257363
2002-11-12 00:00:00+05:30,46.63,46.63,45.67,46.0,53345
2002-11-13 00:00:00+05:30,45.7,46.33,45.2,45.77,58061
2002-11-14 00:00:00+05:30,46.63,46.63,45.5,45.67,39209
2002-11-15 00:00:00+05:30,45.73,45.73,45.03,45.4,57359
2002-11-18 00:00:00+05:30,45.53,46.0,45.53,45.77,72272
2002-11-20 00:00:00+05:30,46.0,46.6,45.5,46.2,217232
2002-11-21 00:00:00+05:30,46.63,46.63,45.03,45.75,38459
2002-11-22 00:00:00+05:30,45.67,46.1,44.78,45.1,38156
2002-11-25 00:00:00+05:30,46.0,46.33,44.92,45.27,30035
2002-11-26 00:00:00+05:30,45.17,46.0,45.0,45.35,42977
2002-11-27 00:00:00+05:30,45.37,45.65,43.68,44.67,56285
2002-11-28 00:00:00+05:30,45.0,45.83,44.7,44.95,20834
2002-11-29 00:00:00+05:30,43.33,45.3,43.33,45.15,73745
2002-12-02 00:00:00+05:30,45.67,48.0,45.67,47.73,250718
2002-12-03 00:00:00+05:30,47.6,48.0,45.67,45.9,61307
2002-12-04 00:00:00+05:30,46.27,46.63,45.33,46.35,85178
2002-12-05 00:00:00+05:30,46.33,50.67,46.33,48.53,1200650
2002-12-06 00:00:00+05:30,49.33,50.67,47.67,49.73,654281
2002-12-09 00:00:00+05:30,50.67,51.33,47.42,48.9,211184
2002-12-10 00:00:00+05:30,48.33,49.8,47.67,48.82,83960
2002-12-11 00:00:00+05:30,49.62,51.53,49.0,49.55,301565
2002-12-12 00:00:00+05:30,50.17,50.83,49.38,50.3,170765
2002-12-13 00:00:00+05:30,50.42,51.32,50.02,50.47,84776
2002-12-16 00:00:00+05:30,50.38,51.0,48.67,48.9,102782
2002-12-17 00:00:00+05:30,48.9,49.42,47.67,48.17,70241
2002-12-18 00:00:00+05:30,48.55,48.75,47.87,48.07,46949
2002-12-19 00:00:00+05:30,48.25,48.25,47.42,47.82,84422
2002-12-20 00:00:00+05:30,48.0,48.0,46.0,46.77,100175
2002-12-23 00:00:00+05:30,46.33,47.42,45.45,45.75,158153
2002-12-24 00:00:00+05:30,45.95,46.52,45.48,45.62,89120
2002-12-26 00:00:00+05:30,46.0,49.68,46.0,48.78,581117
2002-12-27 00:00:00+05:30,49.0,49.33,46.7,48.0,649688
2002-12-30 00:00:00+05:30,49.33,52.8,48.85,52.08,1725185
2002-12-31 00:00:00+05:30,54.0,54.0,50.75,51.15,1127522
2003-01-01 00:00:00+05:30,51.67,51.98,50.02,50.32,223007
2003-01-02 00:00:00+05:30,50.68,52.1,50.63,51.12,344843
2003-01-03 00:00:00+05:30,51.67,54.33,51.43,52.98,1285364
2003-01-06 00:00:00+05:30,54.33,54.33,50.7,51.23,748652
2003-01-07 00:00:00+05:30,51.83,53.22,51.68,51.97,450779
2003-01-08 00:00:00+05:30,52.33,52.67,51.67,51.93,251945
2003-01-09 00:00:00+05:30,51.67,52.57,51.67,52.1,160829
2003-01-10 00:00:00+05:30,52.33,52.48,50.92,51.07,255863
2003-01-13 00:00:00+05:30,52.0,52.28,49.68,50.73,257615
2003-01-14 00:00:00+05:30,51.57,52.5,45.67,47.65,1085378
2003-01-15 00:00:00+05:30,50.0,51.2,46.68,47.47,761879
2003-01-16 00:00:00+05:30,47.95,49.0,47.58,47.97,241463
2003-01-17 00:00:00+05:30,49.33,50.0,48.2,48.65,185906
2003-01-20 00:00:00+05:30,49.03,49.23,47.07,47.32,142682
2003-01-21 00:00:00+05:30,47.63,47.67,46.0,46.17,127670
2003-01-22 00:00:00+05:30,46.28,48.47,45.0,47.58,348026
2003-01-23 00:00:00+05:30,47.43,47.65,46.18,46.53,55628
2003-01-24 00:00:00+05:30,46.5,46.83,45.37,45.57,100913
2003-01-27 00:00:00+05:30,45.67,46.0,42.52,43.05,120830
2003-01-28 00:00:00+05:30,43.33,43.83,42.75,43.28,117896
2003-01-29 00:00:00+05:30,43.33,44.17,42.67,42.83,94628
2003-01-30 00:00:00+05:30,43.32,43.67,40.17,40.58,148448
2003-01-31 00:00:00+05:30,41.0,41.58,40.0,40.62,205868
2003-02-03 00:00:00+05:30,41.67,41.67,40.33,41.33,192176
2003-02-04 00:00:00+05:30,42.0,42.67,41.0,41.45,99383
2003-02-05 00:00:00+05:30,41.33,41.58,40.57,40.8,86006
2003-02-06 00:00:00+05:30,40.72,41.45,40.68,41.17,63071
2003-02-07 00:00:00+05:30,41.0,41.3,40.42,40.72,77543
2003-02-10 00:00:00+05:30,41.23,41.23,39.75,40.05,78764
2003-02-11 00:00:00+05:30,40.95,40.97,39.83,40.08,63344
2003-02-12 00:00:00+05:30,40.02,40.33,39.52,39.83,65048
2003-02-14 00:00:00+05:30,40.03,40.08,38.25,38.43,116342
2003-02-17 00:00:00+05:30,40.48,40.97,39.03,40.7,112286
2003-02-18 00:00:00+05:30,41.67,41.82,40.58,40.83,118979
2003-02-19 00:00:00+05:30,41.38,41.38,40.7,41.03,56648
2003-02-20 00:00:00+05:30,42.0,42.0,40.45,40.87,56081
2003-02-21 00:00:00+05:30,42.27,44.97,41.17,43.55,751013
2003-02-24 00:00:00+05:30,44.33,45.37,43.33,43.87,349979
2003-02-25 00:00:00+05:30,44.15,44.17,41.67,41.95,297905
2003-02-26 00:00:00+05:30,42.82,45.0,42.5,43.27,341498
2003-02-27 00:00:00+05:30,43.3,43.67,43.0,43.33,142262
2003-02-28 00:00:00+05:30,44.0,44.15,42.37,43.1,185978
2003-03-03 00:00:00+05:30,43.33,43.97,42.15,42.42,83441
2003-03-04 00:00:00+05:30,42.6,42.73,41.87,42.4,264500
2003-03-05 00:00:00+05:30,42.33,42.5,41.67,41.7,122021
2003-03-06 00:00:00+05:30,42.0,42.0,41.0,41.33,93224
2003-03-07 00:00:00+05:30,41.03,41.03,40.03,40.12,110135
2003-03-10 00:00:00+05:30,40.25,40.58,39.37,39.58,115472
2003-03-11 00:00:00+05:30,39.3,40.33,38.67,39.75,197726
2003-03-12 00:00:00+05:30,40.5,42.33,40.33,40.78,383849
2003-03-13 00:00:00+05:30,41.3,41.67,40.67,41.12,236978
2003-03-17 00:00:00+05:30,41.67,41.67,38.88,39.27,269102
2003-03-19 00:00:00+05:30,40.0,40.12,39.33,39.62,201383
2003-03-20 00:00:00+05:30,40.0,40.0,38.77,39.57,80251
2003-03-21 00:00:00+05:30,40.0,40.0,38.2,38.53,41719
2003-03-22 00:00:00+05:30,38.7,39.23,38.5,39.0,14513
2003-03-24 00:00:00+05:30,38.77,39.87,38.37,39.2,220703
2003-03-25 00:00:00+05:30,38.67,39.0,38.0,38.07,171434
2003-03-26 00:00:00+05:30,38.67,38.67,36.8,37.17,109025
2003-03-27 00:00:00+05:30,36.67,38.6,36.67,37.23,67331
2003-03-28 00:00:00+05:30,36.1,37.67,36.0,36.4,39995
2003-03-31 00:00:00+05:30,36.17,36.33,32.8,32.97,55894
2003-04-01 00:00:00+05:30,33.67,34.63,32.87,34.07,45692
2003-04-02 00:00:00+05:30,33.33,36.0,33.33,35.5,50981
2003-04-03 00:00:00+05:30,36.63,37.33,36.03,36.87,51740
2003-04-04 00:00:00+05:30,36.67,40.57,35.33,40.43,175418
2003-04-07 00:00:00+05:30,41.67,44.13,39.5,42.23,251288
2003-04-08 00:00:00+05:30,43.0,43.0,41.23,41.47,112681
2003-04-09 00:00:00+05:30,42.83,42.83,40.87,41.33,70814
2003-04-10 00:00:00+05:30,40.67,41.67,39.4,40.2,55745
2003-04-11 00:00:00+05:30,40.13,42.07,40.07,40.9,33184
2003-04-15 00:00:00+05:30,42.47,43.2,40.73,42.77,129619
2003-04-16 00:00:00+05:30,44.0,44.73,42.07,43.27,108898
2003-04-17 00:00:00+05:30,44.47,47.6,43.63,47.53,512102
2003-04-21 00:00:00+05:30,48.67,49.73,47.77,48.6,382573
2003-04-22 00:00:00+05:30,49.07,49.07,47.23,47.43,110350
2003-04-23 00:00:00+05:30,48.27,48.57,45.33,45.7,100448
2003-04-24 00:00:00+05:30,46.87,47.67,45.6,46.83,215888
2003-04-25 00:00:00+05:30,46.67,47.47,46.67,47.0,84181
2003-04-28 00:00:00+05:30,46.67,47.23,46.0,46.5,51731
2003-04-29 00:00:00+05:30,47.2,47.2,45.33,45.67,46064
2003-04-30 00:00:00+05:30,45.33,46.27,41.33,44.63,77537
2003-05-02 00:00:00+05:30,45.67,49.1,45.67,47.47,377225
2003-05-05 00:00:00+05:30,47.87,48.27,46.17,46.7,84449
2003-05-06 00:00:00+05:30,47.13,47.17,46.03,46.17,48556
2003-05-07 00:00:00+05:30,46.33,46.63,45.87,46.23,44366
2003-05-08 00:00:00+05:30,46.2,46.63,45.67,46.0,149695
2003-05-09 00:00:00+05:30,46.0,48.33,46.0,47.97,249295
2003-05-12 00:00:00+05:30,48.5,49.17,47.8,48.0,88976
2003-05-13 00:00:00+05:30,48.1,48.67,47.7,48.23,46432
2003-05-14 00:00:00+05:30,48.23,51.33,48.17,49.5,130645
2003-05-15 00:00:00+05:30,50.0,50.0,48.0,48.37,71317
2003-05-16 00:00:00+05:30,49.6,53.23,48.5,53.17,413173
2003-05-19 00:00:00+05:30,53.33,55.17,50.67,52.93,331465
2003-05-20 00:00:00+05:30,51.67,58.0,51.67,57.43,534707
2003-05-21 00:00:00+05:30,57.33,60.33,54.5,55.9,472364
2003-05-22 00:00:00+05:30,57.47,58.5,55.33,55.9,118955
2003-05-23 00:00:00+05:30,57.87,57.87,55.17,55.6,49694
2003-05-26 00:00:00+05:30,56.23,57.9,55.97,56.6,101884
2003-05-27 00:00:00+05:30,57.93,57.93,55.33,55.87,124321
2003-05-28 00:00:00+05:30,55.7,56.5,55.5,55.73,77983
2003-05-29 00:00:00+05:30,56.53,56.53,53.67,54.03,69916
2003-05-30 00:00:00+05:30,54.07,55.5,52.07,52.67,130304
2003-06-02 00:00:00+05:30,53.33,54.9,53.33,53.63,80012
2003-06-03 00:00:00+05:30,54.33,54.63,53.23,53.67,132272
2003-06-04 00:00:00+05:30,53.5,56.43,53.5,54.53,169459
2003-06-05 00:00:00+05:30,55.33,55.67,52.87,53.63,108584
2003-06-06 00:00:00+05:30,54.97,55.0,53.67,54.07,95887
2003-06-09 00:00:00+05:30,54.33,55.0,54.0,54.23,181037
2003-06-10 00:00:00+05:30,53.47,54.57,52.33,52.8,75848
2003-06-11 00:00:00+05:30,53.67,54.6,52.83,52.93,110900
2003-06-12 00:00:00+05:30,54.5,54.5,52.43,52.63,71014
2003-06-13 00:00:00+05:30,53.27,53.33,51.33,52.0,81421
2003-06-16 00:00:00+05:30,53.3,53.33,51.67,52.0,36829
2003-06-17 00:00:00+05:30,52.7,53.0,51.37,51.73,69886
2003-06-18 00:00:00+05:30,52.67,53.33,51.87,52.3,79202
2003-06-19 00:00:00+05:30,53.13,54.67,52.87,53.73,82253
2003-06-20 00:00:00+05:30,53.93,59.13,53.7,58.93,347903
2003-06-23 00:00:00+05:30,60.0,62.33,58.0,58.93,278789
2003-06-24 00:00:00+05:30,58.67,62.27,57.67,60.47,287999
2003-06-25 00:00:00+05:30,60.67,61.27,60.0,60.77,178984
2003-06-26 00:00:00+05:30,61.53,61.93,59.03,59.63,61876
2003-06-27 00:00:00+05:30,60.4,63.33,59.33,60.53,121910
2003-06-30 00:00:00+05:30,60.67,61.0,59.0,59.3,119359
2003-07-01 00:00:00+05:30,60.27,65.23,60.0,65.17,458978
2003-07-02 00:00:00+05:30,65.9,69.1,65.07,66.03,359561
2003-07-03 00:00:00+05:30,67.6,67.8,65.4,66.4,189847
2003-07-04 00:00:00+05:30,67.33,67.7,66.5,67.13,160466
2003-07-07 00:00:00+05:30,67.87,73.87,67.67,73.87,387491
2003-07-08 00:00:00+05:30,76.53,79.33,74.0,75.57,471628
2003-07-09 00:00:00+05:30,75.33,75.33,68.03,68.03,310106
2003-07-10 00:00:00+05:30,65.33,69.33,63.0,67.83,358319
2003-07-11 00:00:00+05:30,66.0,71.2,65.67,69.17,208859
2003-07-14 00:00:00+05:30,71.17,72.0,69.33,69.97,141415
2003-07-15 00:00:00+05:30,70.97,70.97,67.33,68.0,127439
2003-07-16 00:00:00+05:30,69.87,69.93,67.4,69.03,118666
2003-07-17 00:00:00+05:30,68.33,69.3,66.0,66.53,96800
2003-07-18 00:00:00+05:30,65.5,68.23,65.37,65.77,141077
2003-07-21 00:00:00+05:30,65.33,65.87,62.33,63.7,117286
2003-07-22 00:00:00+05:30,64.33,64.6,62.33,63.53,76271
2003-07-23 00:00:00+05:30,63.33,65.2,63.33,64.0,81611
2003-07-24 00:00:00+05:30,64.43,65.8,63.8,64.53,108083
2003-07-25 00:00:00+05:30,64.8,67.27,64.27,66.37,173990
2003-07-28 00:00:00+05:30,65.93,67.33,64.0,66.03,350884
2003-07-29 00:00:00+05:30,66.0,67.33,63.87,64.57,184294
2003-07-30 00:00:00+05:30,64.47,65.67,63.67,63.87,189313
2003-07-31 00:00:00+05:30,64.33,64.93,62.33,62.8,127417
2003-08-01 00:00:00+05:30,62.07,63.23,60.67,60.9,108493
2003-08-04 00:00:00+05:30,60.33,63.33,58.47,62.0,306229
2003-08-05 00:00:00+05:30,62.93,64.8,60.33,61.03,285659
2003-08-06 00:00:00+05:30,60.13,61.33,59.67,60.17,141499
2003-08-07 00:00:00+05:30,62.6,62.67,59.33,60.53,117301
2003-08-08 00:00:00+05:30,62.0,63.33,60.7,61.27,177833
2003-08-11 00:00:00+05:30,61.37,62.33,60.03,60.37,175492
2003-08-12 00:00:00+05:30,61.3,61.83,59.4,60.07,137702
2003-08-13 00:00:00+05:30,60.27,60.93,58.67,59.73,139268
2003-08-14 00:00:00+05:30,58.73,60.6,58.73,59.13,132518
2003-08-18 00:00:00+05:30,59.67,61.17,58.77,59.83,478951
2003-08-19 00:00:00+05:30,60.67,61.33,59.0,59.77,94487
2003-08-20 00:00:00+05:30,60.17,60.33,58.6,58.8,137555
2003-08-21 00:00:00+05:30,59.93,61.13,58.9,58.97,131122
2003-08-22 00:00:00+05:30,59.0,60.0,59.0,59.07,124078
2003-08-25 00:00:00+05:30,59.5,60.0,56.77,57.43,111302
2003-08-26 00:00:00+05:30,57.43,60.67,57.33,60.1,426311
2003-08-27 00:00:00+05:30,58.47,59.93,58.0,58.23,147622
2003-08-28 00:00:00+05:30,59.0,59.0,57.33,57.6,94283
2003-08-29 00:00:00+05:30,56.7,59.23,56.7,57.37,104486
2003-09-01 00:00:00+05:30,57.5,58.5,57.33,57.77,134246
2003-09-02 00:00:00+05:30,58.67,58.67,57.0,57.67,113644
2003-09-03 00:00:00+05:30,57.67,58.33,56.67,57.27,94828
2003-09-04 00:00:00+05:30,57.67,57.93,55.4,56.1,106796
2003-09-05 00:00:00+05:30,53.33,56.17,53.33,54.43,105145
2003-09-08 00:00:00+05:30,54.13,55.97,54.0,54.57,84725
2003-09-09 00:00:00+05:30,55.67,55.67,54.27,54.5,91946
2003-09-10 00:00:00+05:30,54.67,54.67,53.67,54.07,63893
2003-09-11 00:00:00+05:30,54.0,54.33,53.43,53.9,81146
2003-09-12 00:00:00+05:30,54.6,55.33,53.53,53.8,89378
2003-09-15 00:00:00+05:30,53.87,54.0,51.33,51.67,128077
2003-09-16 00:00:00+05:30,52.33,52.67,51.37,52.1,45257
2003-09-17 00:00:00+05:30,52.7,53.33,52.27,52.87,136474
2003-09-18 00:00:00+05:30,52.7,53.33,50.0,50.87,103465
2003-09-19 00:00:00+05:30,51.0,51.67,48.67,49.37,85571
2003-09-22 00:00:00+05:30,50.0,50.93,49.5,50.3,79237
2003-09-23 00:00:00+05:30,49.83,50.33,48.77,49.17,76643
2003-09-24 00:00:00+05:30,44.8,54.1,44.8,54.07,355118
2003-09-25 00:00:00+05:30,54.67,55.23,52.67,53.7,244390
2003-09-26 00:00:00+05:30,56.0,56.67,54.93,55.13,192389
2003-09-29 00:00:00+05:30,56.0,57.8,55.47,56.73,232834
2003-09-30 00:00:00+05:30,58.6,59.73,57.67,57.97,406691
2003-10-01 00:00:00+05:30,58.53,61.6,58.1,60.3,294511
2003-10-03 00:00:00+05:30,61.0,66.33,61.0,66.2,814634
2003-10-06 00:00:00+05:30,67.2,67.87,62.53,63.0,509885
2003-10-07 00:00:00+05:30,63.33,64.4,58.9,59.77,398311
2003-10-08 00:00:00+05:30,61.33,63.33,58.73,59.53,385361
2003-10-09 00:00:00+05:30,56.6,56.6,53.6,53.97,328409
2003-10-10 00:00:00+05:30,54.67,55.87,53.67,54.0,267856
2003-10-13 00:00:00+05:30,54.33,54.67,53.2,53.37,121810
2003-10-14 00:00:00+05:30,52.6,52.83,50.73,51.13,129947
2003-10-15 00:00:00+05:30,51.77,52.5,51.03,52.03,92752
2003-10-16 00:00:00+05:30,53.33,53.47,51.47,51.9,121130
2003-10-17 00:00:00+05:30,51.7,52.5,50.7,51.2,76444
2003-10-20 00:00:00+05:30,53.33,53.33,50.67,51.1,71557
2003-10-21 00:00:00+05:30,53.13,53.13,50.4,51.27,67417
2003-10-22 00:00:00+05:30,50.8,51.87,50.67,50.83,97214
2003-10-23 00:00:00+05:30,50.67,51.33,49.67,49.9,113662
2003-10-24 00:00:00+05:30,47.33,51.8,47.33,51.4,84521
2003-10-25 00:00:00+05:30,53.2,56.27,52.0,55.83,139553
2003-10-27 00:00:00+05:30,56.67,56.93,53.2,53.8,149303
2003-10-28 00:00:00+05:30,54.67,54.67,52.67,52.83,79852
2003-10-29 00:00:00+05:30,53.0,54.47,50.77,53.27,79303
2003-10-30 00:00:00+05:30,53.33,53.77,52.73,53.1,77678
2003-10-31 00:00:00+05:30,54.57,54.6,53.17,53.8,73753
2003-11-03 00:00:00+05:30,53.0,56.33,53.0,55.13,168041
2003-11-04 00:00:00+05:30,56.33,57.0,55.33,56.03,190720
2003-11-05 00:00:00+05:30,56.53,58.53,55.07,58.13,289244
2003-11-06 00:00:00+05:30,59.03,59.2,58.0,58.73,192334
2003-11-07 00:00:00+05:30,59.8,61.33,59.33,60.6,244316
2003-11-10 00:00:00+05:30,62.67,62.67,59.43,60.7,99653
2003-11-11 00:00:00+05:30,61.27,63.7,61.27,62.8,362539
2003-11-12 00:00:00+05:30,64.33,64.43,62.0,62.4,176039
2003-11-13 00:00:00+05:30,62.33,63.63,58.67,59.6,108032
2003-11-14 00:00:00+05:30,59.6,59.6,57.37,58.0,98765
2003-11-15 00:00:00+05:30,59.6,60.0,57.0,59.1,39187
2003-11-17 00:00:00+05:30,60.07,60.67,58.67,58.93,80003
2003-11-18 00:00:00+05:30,59.33,60.0,57.73,58.07,148073
2003-11-19 00:00:00+05:30,57.47,59.63,57.4,58.23,101785
2003-11-20 00:00:00+05:30,58.63,60.67,57.43,57.93,197689
2003-11-21 00:00:00+05:30,58.33,59.0,56.4,57.43,100970
2003-11-24 00:00:00+05:30,57.43,60.23,57.33,58.43,161921
2003-11-25 00:00:00+05:30,58.67,60.0,57.7,58.43,104548
2003-11-27 00:00:00+05:30,58.73,60.0,58.33,58.5,127648
2003-11-28 00:00:00+05:30,59.27,59.63,54.0,58.63,270497
2003-12-01 00:00:00+05:30,60.67,60.67,58.33,58.77,85139
2003-12-02 00:00:00+05:30,59.97,60.57,58.33,58.53,200798
2003-12-03 00:00:00+05:30,59.67,64.4,58.67,64.4,485738
2003-12-04 00:00:00+05:30,66.3,69.33,65.33,65.53,496919
2003-12-05 00:00:00+05:30,66.0,67.33,62.87,63.4,272708
2003-12-08 00:00:00+05:30,64.67,65.27,62.33,63.13,177316
2003-12-09 00:00:00+05:30,65.07,66.0,63.37,64.9,188797
2003-12-10 00:00:00+05:30,66.0,66.47,64.13,64.57,149947
2003-12-11 00:00:00+05:30,64.67,68.8,64.67,67.2,501887
2003-12-12 00:00:00+05:30,68.33,72.5,67.13,71.27,867883
2003-12-15 00:00:00+05:30,72.5,73.33,71.37,71.87,545990
2003-12-16 00:00:00+05:30,71.33,71.5,67.47,69.47,215765
2003-12-17 00:00:00+05:30,70.33,72.33,69.37,69.9,355094
2003-12-18 00:00:00+05:30,70.63,74.67,70.33,74.03,697402
2003-12-19 00:00:00+05:30,74.67,75.67,72.67,73.2,359260
2003-12-22 00:00:00+05:30,73.67,75.17,72.33,72.83,277499
2003-12-23 00:00:00+05:30,73.1,74.67,70.93,71.33,210329
2003-12-24 00:00:00+05:30,71.83,72.67,70.03,70.63,156967
2003-12-26 00:00:00+05:30,71.67,72.6,70.67,72.07,90196
2003-12-29 00:00:00+05:30,72.67,76.2,72.67,74.13,325952
2003-12-30 00:00:00+05:30,75.87,76.33,70.83,71.37,223025
2003-12-31 00:00:00+05:30,72.33,73.77,70.87,71.83,156341
2004-01-01 00:00:00+05:30,72.0,79.03,68.0,78.97,970822
2004-01-02 00:00:00+05:30,79.83,82.67,77.53,78.47,906194
2004-01-05 00:00:00+05:30,79.0,79.27,73.33,73.8,413746
2004-01-06 00:00:00+05:30,73.87,76.6,71.87,72.67,306110
2004-01-07 00:00:00+05:30,73.07,73.57,70.83,71.8,149254
2004-01-08 00:00:00+05:30,73.13,77.8,72.23,73.5,581110
2004-01-09 00:00:00+05:30,72.77,73.33,66.37,67.17,530680
2004-01-12 00:00:00+05:30,68.6,68.6,63.37,63.77,357772
2004-01-13 00:00:00+05:30,62.0,64.47,60.8,63.8,272321
2004-01-14 00:00:00+05:30,64.0,65.1,63.67,64.83,226456
2004-01-15 00:00:00+05:30,65.63,65.93,63.33,63.5,100285
2004-01-16 00:00:00+05:30,63.0,63.67,60.67,61.1,65003
2004-01-19 00:00:00+05:30,61.33,62.33,57.0,58.9,116879
2004-01-20 00:00:00+05:30,60.0,61.0,58.33,58.93,79765
2004-01-21 00:00:00+05:30,59.93,60.0,54.4,54.77,112822
2004-01-22 00:00:00+05:30,54.67,56.67,52.8,53.37,99739
2004-01-23 00:00:00+05:30,55.33,57.97,52.73,57.1,93419
2004-01-27 00:00:00+05:30,58.77,59.67,57.33,59.2,47602
2004-01-28 00:00:00+05:30,58.2,59.33,56.07,56.57,40868
2004-01-29 00:00:00+05:30,54.77,57.17,54.77,56.13,21809
2004-01-30 00:00:00+05:30,55.4,56.6,53.33,53.77,35992
2004-02-03 00:00:00+05:30,53.03,54.67,51.33,51.63,39875
2004-02-04 00:00:00+05:30,53.07,54.67,51.33,52.17,46672
2004-02-05 00:00:00+05:30,51.97,53.0,51.73,52.17,39796
2004-02-06 00:00:00+05:30,51.53,52.13,50.07,51.73,23816
2004-02-09 00:00:00+05:30,51.4,53.43,51.4,52.5,24782
2004-02-10 00:00:00+05:30,53.2,53.73,52.33,52.77,26717
2004-02-11 00:00:00+05:30,52.07,57.33,52.0,55.23,169976
2004-02-12 00:00:00+05:30,56.13,56.53,55.03,55.4,60596
2004-02-13 00:00:00+05:30,55.67,56.67,54.67,55.6,42496
2004-02-16 00:00:00+05:30,55.27,57.33,55.27,55.73,86632
2004-02-17 00:00:00+05:30,55.97,58.0,55.87,56.5,37619
2004-02-18 00:00:00+05:30,56.6,57.2,55.67,56.0,33382
2004-02-19 00:00:00+05:30,56.0,56.0,53.7,54.2,35618
2004-02-20 00:00:00+05:30,53.33,53.67,52.0,52.83,39028
2004-02-23 00:00:00+05:30,53.13,53.37,51.37,52.1,62483
2004-02-24 00:00:00+05:30,51.67,53.0,51.17,52.0,34376
2004-02-25 00:00:00+05:30,52.0,52.67,51.03,51.57,14462
2004-02-26 00:00:00+05:30,52.8,52.8,50.67,51.07,16501
2004-02-27 00:00:00+05:30,52.93,53.0,46.0,49.4,49187
2004-03-01 00:00:00+05:30,49.4,50.03,49.4,49.97,23806
2004-03-03 00:00:00+05:30,50.83,53.67,50.37,51.1,65414
2004-03-04 00:00:00+05:30,50.67,51.53,49.83,50.23,18736
2004-03-05 00:00:00+05:30,50.07,50.23,49.4,49.67,16343
2004-03-08 00:00:00+05:30,49.4,51.17,49.4,50.33,18988
2004-03-09 00:00:00+05:30,50.33,50.57,49.0,49.77,22885
2004-03-10 00:00:00+05:30,48.87,49.67,48.73,49.43,22177
2004-03-11 00:00:00+05:30,49.33,49.67,48.13,48.2,35147
2004-03-12 00:00:00+05:30,48.0,48.5,45.07,46.03,81539
2004-03-15 00:00:00+05:30,46.13,46.67,43.73,44.9,85261
2004-03-16 00:00:00+05:30,43.53,45.0,42.0,44.5,57050
2004-03-17 00:00:00+05:30,45.0,45.83,44.0,44.1,31813
2004-03-18 00:00:00+05:30,44.73,45.13,43.53,43.67,63895
2004-03-19 00:00:00+05:30,44.27,44.27,42.67,42.93,65441
2004-03-22 00:00:00+05:30,43.33,44.0,40.67,41.53,60259
2004-03-23 00:00:00+05:30,40.73,41.47,39.33,39.77,93815
2004-03-24 00:00:00+05:30,40.57,40.67,39.33,39.63,87043
2004-03-25 00:00:00+05:30,40.0,42.97,39.97,42.03,122017
2004-03-26 00:00:00+05:30,42.33,43.03,42.27,42.77,52537
2004-03-29 00:00:00+05:30,42.3,44.5,42.17,44.03,38195
2004-03-30 00:00:00+05:30,44.67,48.23,44.67,46.8,68006
2004-03-31 00:00:00+05:30,51.8,51.8,46.07,50.2,105098
2004-04-01 00:00:00+05:30,50.67,51.47,49.33,50.17,86777
2004-04-02 00:00:00+05:30,50.0,51.27,49.33,49.63,39623
2004-04-05 00:00:00+05:30,53.2,53.2,50.0,50.6,35798
2004-04-06 00:00:00+05:30,51.93,52.0,48.6,48.83,28430
2004-04-07 00:00:00+05:30,51.33,51.33,49.0,49.23,12124
2004-04-08 00:00:00+05:30,48.83,49.97,48.13,49.5,15637
2004-04-12 00:00:00+05:30,50.67,50.67,49.8,49.97,15931
2004-04-13 00:00:00+05:30,50.67,51.97,50.33,51.63,53599
2004-04-15 00:00:00+05:30,52.47,53.33,50.67,52.23,47471
2004-04-16 00:00:00+05:30,53.2,53.2,52.07,52.27,35528
2004-04-17 00:00:00+05:30,52.0,52.53,51.73,52.13,32344
2004-04-19 00:00:00+05:30,53.2,53.3,51.67,52.03,71000
2004-04-20 00:00:00+05:30,53.0,56.13,52.07,53.43,187364
2004-04-21 00:00:00+05:30,52.0,53.8,52.0,53.27,72706
2004-04-22 00:00:00+05:30,54.0,54.0,52.67,53.23,48812
2004-04-23 00:00:00+05:30,52.13,57.23,51.33,55.47,162721
2004-04-27 00:00:00+05:30,51.4,53.97,51.4,52.87,35549
2004-04-28 00:00:00+05:30,53.33,53.33,52.07,52.47,23542
2004-04-29 00:00:00+05:30,52.73,53.13,52.17,52.67,28666
2004-04-30 00:00:00+05:30,53.1,53.17,52.23,52.6,15569
2004-05-03 00:00:00+05:30,51.3,51.67,50.17,50.37,40957
2004-05-04 00:00:00+05:30,51.3,54.0,50.7,53.5,61427
2004-05-05 00:00:00+05:30,54.67,54.67,52.37,52.57,18373
2004-05-06 00:00:00+05:30,53.33,54.0,52.9,53.17,21893
2004-05-07 00:00:00+05:30,53.0,53.23,52.0,52.3,17095
2004-05-10 00:00:00+05:30,51.67,52.0,50.9,51.5,27313
2004-05-11 00:00:00+05:30,50.67,50.67,49.67,49.93,17894
2004-05-12 00:00:00+05:30,50.0,51.87,49.73,50.17,17503
2004-05-13 00:00:00+05:30,40.73,53.27,40.73,49.87,17305
2004-05-14 00:00:00+05:30,56.67,56.67,46.1,46.73,39209
2004-05-17 00:00:00+05:30,43.33,46.0,38.67,41.73,47411
2004-05-18 00:00:00+05:30,43.33,46.0,43.1,45.7,40699
2004-05-19 00:00:00+05:30,49.1,49.1,46.4,46.83,23497
2004-05-20 00:00:00+05:30,47.33,48.5,46.73,47.3,25006
2004-05-21 00:00:00+05:30,46.67,46.67,45.33,46.1,26594
2004-05-24 00:00:00+05:30,47.97,48.33,47.0,47.73,17003
2004-05-25 00:00:00+05:30,47.93,47.93,46.73,47.4,11504
2004-05-26 00:00:00+05:30,47.4,48.0,47.0,47.23,13679
2004-05-27 00:00:00+05:30,47.33,47.67,46.7,47.3,14633
2004-05-28 00:00:00+05:30,46.67,47.3,43.33,46.2,20719
2004-05-31 00:00:00+05:30,47.97,47.97,42.0,45.0,36542
2004-06-01 00:00:00+05:30,45.4,46.67,45.4,46.0,12467
2004-06-02 00:00:00+05:30,46.33,46.6,45.67,45.93,17285
2004-06-03 00:00:00+05:30,45.93,46.57,45.33,45.67,20179
2004-06-04 00:00:00+05:30,44.67,46.3,44.13,45.33,60310
2004-06-07 00:00:00+05:30,46.33,46.33,44.67,44.9,16484
2004-06-08 00:00:00+05:30,44.67,45.67,44.37,44.67,14845
2004-06-09 00:00:00+05:30,45.2,45.87,44.37,45.07,15412
2004-06-10 00:00:00+05:30,44.67,46.47,44.67,45.93,9664
2004-06-11 00:00:00+05:30,46.67,46.67,44.93,45.1,11942
2004-06-14 00:00:00+05:30,45.33,45.33,43.8,44.33,9794
2004-06-15 00:00:00+05:30,44.07,45.2,44.0,45.07,16103
2004-06-16 00:00:00+05:30,46.67,46.67,44.23,45.13,8951
2004-06-17 00:00:00+05:30,44.87,45.67,44.47,44.97,4015
2004-06-18 00:00:00+05:30,44.67,44.93,44.4,44.63,7601
2004-06-21 00:00:00+05:30,46.67,46.67,44.33,44.33,4906
2004-06-22 00:00:00+05:30,44.67,44.67,43.6,43.8,5032
2004-06-23 00:00:00+05:30,44.93,44.93,42.97,43.23,7847
2004-06-24 00:00:00+05:30,41.33,44.13,40.47,43.03,9188
2004-06-25 00:00:00+05:30,43.63,44.3,43.27,44.07,11008
2004-06-28 00:00:00+05:30,44.73,45.3,44.73,45.17,7694
2004-06-29 00:00:00+05:30,45.27,49.33,44.07,47.1,36986
2004-06-30 00:00:00+05:30,47.67,47.67,46.33,47.33,10258
2004-07-01 00:00:00+05:30,47.0,47.67,46.37,46.7,13276
2004-07-02 00:00:00+05:30,46.67,47.87,45.33,47.33,16913
2004-07-05 00:00:00+05:30,47.33,47.67,47.33,47.47,10705
2004-07-06 00:00:00+05:30,47.93,47.93,46.67,47.23,7915
2004-07-07 00:00:00+05:30,47.93,48.67,46.83,47.17,41632
2004-07-08 00:00:00+05:30,48.0,48.0,45.67,45.87,31448
2004-07-09 00:00:00+05:30,43.33,45.5,41.33,43.73,70298
2004-07-12 00:00:00+05:30,42.57,42.73,41.33,42.5,107576
2004-07-13 00:00:00+05:30,42.33,42.33,40.83,41.07,103079
2004-07-14 00:00:00+05:30,42.0,42.0,40.57,40.7,100762
2004-07-15 00:00:00+05:30,41.0,41.6,40.67,41.3,93892
2004-07-16 00:00:00+05:30,41.67,42.57,41.4,41.6,244174
2004-07-19 00:00:00+05:30,42.47,45.53,42.0,44.2,557245
2004-07-20 00:00:00+05:30,44.33,44.67,43.2,43.73,245069
2004-07-21 00:00:00+05:30,44.6,45.27,43.9,44.63,259757
2004-07-22 00:00:00+05:30,45.8,46.6,44.77,46.03,300760
2004-07-23 00:00:00+05:30,43.6,43.67,42.73,43.17,75509
2004-07-26 00:00:00+05:30,42.5,42.93,41.4,41.53,75905
2004-07-27 00:00:00+05:30,41.73,41.73,40.87,41.1,41731
2004-07-28 00:00:00+05:30,41.33,41.5,39.9,40.07,41087
2004-07-29 00:00:00+05:30,40.53,40.83,39.73,39.9,42049
2004-07-30 00:00:00+05:30,40.0,40.63,39.47,39.7,48952
2004-08-02 00:00:00+05:30,39.73,40.17,38.0,38.63,76370
2004-08-03 00:00:00+05:30,39.0,39.27,37.9,38.03,95368
2004-08-04 00:00:00+05:30,38.13,38.33,37.4,38.13,38492
2004-08-05 00:00:00+05:30,38.73,40.5,38.33,39.3,151417
2004-08-06 00:00:00+05:30,39.6,40.0,38.7,38.8,92552
2004-08-09 00:00:00+05:30,39.0,39.03,37.83,37.93,87547
2004-08-10 00:00:00+05:30,39.33,39.33,38.0,38.27,59753
2004-08-11 00:00:00+05:30,38.33,38.93,37.67,37.83,65888
2004-08-12 00:00:00+05:30,38.4,38.4,36.37,36.63,75764
2004-08-13 00:00:00+05:30,36.4,36.97,35.13,35.23,111931
2004-08-16 00:00:00+05:30,34.83,36.57,34.83,36.0,79483
2004-08-17 00:00:00+05:30,37.33,38.2,36.8,37.67,105059
2004-08-18 00:00:00+05:30,38.6,39.0,37.33,37.43,54248
2004-08-19 00:00:00+05:30,38.27,38.4,37.33,38.07,64441
2004-08-20 00:00:00+05:30,37.43,38.4,37.33,37.93,51653
2004-08-23 00:00:00+05:30,38.27,38.33,37.37,37.43,30130
2004-08-24 00:00:00+05:30,36.53,38.0,36.5,37.63,20905
2004-08-25 00:00:00+05:30,37.9,38.13,37.43,37.6,28340
2004-08-26 00:00:00+05:30,37.57,38.0,37.5,37.67,40871
2004-08-27 00:00:00+05:30,38.33,38.83,37.57,38.4,53803
2004-08-30 00:00:00+05:30,38.83,42.27,38.83,41.93,306010
2004-08-31 00:00:00+05:30,42.2,43.67,41.17,42.77,221575
2004-09-01 00:00:00+05:30,43.5,44.53,42.87,43.9,192563
2004-09-02 00:00:00+05:30,44.33,45.4,43.37,43.73,201883
2004-09-03 00:00:00+05:30,44.67,44.83,42.93,43.37,72104
2004-09-06 00:00:00+05:30,43.67,44.33,43.03,43.4,72091
2004-09-07 00:00:00+05:30,43.53,44.13,42.33,42.77,190325
2004-09-08 00:00:00+05:30,43.33,43.93,43.03,43.6,105856
2004-09-09 00:00:00+05:30,44.0,45.0,43.37,43.8,180082
2004-09-10 00:00:00+05:30,44.0,44.13,43.37,43.77,75739
2004-09-13 00:00:00+05:30,44.33,44.33,41.9,42.33,68896
2004-09-14 00:00:00+05:30,42.67,43.13,42.13,42.7,32327
2004-09-15 00:00:00+05:30,43.47,44.0,42.2,42.37,35570
2004-09-16 00:00:00+05:30,42.37,44.0,42.37,43.4,42484
2004-09-17 00:00:00+05:30,43.33,44.0,42.87,43.2,74656
2004-09-20 00:00:00+05:30,43.67,43.67,42.8,43.2,35527
2004-09-21 00:00:00+05:30,43.0,43.67,43.0,43.2,35027
2004-09-22 00:00:00+05:30,43.43,43.93,42.6,43.3,80569
2004-09-23 00:00:00+05:30,42.73,43.33,42.6,43.1,46028
2004-09-24 00:00:00+05:30,42.83,43.17,42.7,42.9,29966
2004-09-27 00:00:00+05:30,42.8,43.17,42.73,42.9,32816
2004-09-28 00:00:00+05:30,43.13,43.13,42.33,42.57,36035
2004-09-29 00:00:00+05:30,43.0,43.17,42.07,42.27,40534
2004-09-30 00:00:00+05:30,42.2,43.67,41.07,41.37,123427
2004-10-01 00:00:00+05:30,41.33,45.97,41.33,44.93,320380
2004-10-04 00:00:00+05:30,45.67,48.0,45.37,47.17,398947
2004-10-05 00:00:00+05:30,47.4,47.93,45.73,46.33,133751
2004-10-06 00:00:00+05:30,46.83,48.6,46.2,46.63,204113
2004-10-07 00:00:00+05:30,46.9,47.87,46.13,46.4,123263
2004-10-08 00:00:00+05:30,47.33,47.33,45.47,46.1,157865
2004-10-09 00:00:00+05:30,45.73,45.73,42.73,44.0,231724
2004-10-11 00:00:00+05:30,44.13,44.87,43.0,43.1,141548
2004-10-12 00:00:00+05:30,43.63,43.63,41.67,42.1,127306
2004-10-14 00:00:00+05:30,42.03,42.3,40.83,41.27,59042
2004-10-15 00:00:00+05:30,41.0,41.6,40.87,41.03,49555
2004-10-18 00:00:00+05:30,41.3,42.0,40.5,40.63,54827
2004-10-19 00:00:00+05:30,40.87,41.47,40.6,40.8,51904
2004-10-20 00:00:00+05:30,41.27,41.3,40.73,40.93,26149
2004-10-21 00:00:00+05:30,40.83,41.0,40.43,40.77,25894
2004-10-25 00:00:00+05:30,40.93,42.07,39.4,39.57,73307
2004-10-26 00:00:00+05:30,40.53,40.53,39.33,39.7,33329
2004-10-27 00:00:00+05:30,40.13,42.0,39.9,40.77,51796
2004-10-28 00:00:00+05:30,42.67,43.27,40.67,41.77,43025
2004-10-29 00:00:00+05:30,42.87,43.27,42.17,42.27,83818
2004-11-01 00:00:00+05:30,43.17,46.6,42.0,45.13,527872
2004-11-02 00:00:00+05:30,45.83,46.47,44.07,44.47,345640
2004-11-03 00:00:00+05:30,44.97,45.33,44.2,44.63,74831
2004-11-04 00:00:00+05:30,46.0,46.67,45.33,45.77,256910
2004-11-05 00:00:00+05:30,46.67,46.67,44.73,45.13,124447
2004-11-08 00:00:00+05:30,45.6,46.0,44.73,45.03,68846
2004-11-09 00:00:00+05:30,45.33,45.33,44.17,44.23,37349
2004-11-10 00:00:00+05:30,44.0,46.4,43.67,45.8,189809
2004-11-11 00:00:00+05:30,46.33,46.4,45.33,45.43,103279
2004-11-12 00:00:00+05:30,46.67,46.67,42.67,46.2,54073
2004-11-16 00:00:00+05:30,46.33,48.67,45.53,47.97,377738
2004-11-17 00:00:00+05:30,48.4,49.53,47.67,48.87,272299
2004-11-18 00:00:00+05:30,49.27,50.53,48.2,49.73,253921
2004-11-19 00:00:00+05:30,53.07,56.33,50.53,50.93,1011850
2004-11-22 00:00:00+05:30,51.03,54.67,49.67,54.0,547783
2004-11-23 00:00:00+05:30,53.33,55.33,52.37,52.83,306098
2004-11-24 00:00:00+05:30,53.5,53.5,51.33,52.43,125465
2004-11-25 00:00:00+05:30,52.93,53.2,50.8,51.33,110888
2004-11-29 00:00:00+05:30,51.8,52.6,50.83,52.17,145472
2004-11-30 00:00:00+05:30,52.33,52.63,46.7,47.73,209833
2004-12-01 00:00:00+05:30,49.13,49.6,47.47,49.1,152803
2004-12-02 00:00:00+05:30,50.0,51.33,48.67,49.33,131836
2004-12-03 00:00:00+05:30,50.0,50.0,48.67,49.07,63010
2004-12-06 00:00:00+05:30,50.0,50.63,49.0,49.53,65192
2004-12-07 00:00:00+05:30,49.17,50.3,49.0,49.13,30715
2004-12-08 00:00:00+05:30,49.0,49.73,48.43,48.6,68308
2004-12-09 00:00:00+05:30,49.0,49.67,48.67,49.2,53251
2004-12-10 00:00:00+05:30,49.97,49.97,48.03,48.7,37118
2004-12-13 00:00:00+05:30,50.0,50.0,48.0,49.87,65414
2004-12-14 00:00:00+05:30,50.67,53.87,50.67,52.5,391805
2004-12-15 00:00:00+05:30,53.27,56.0,51.7,52.27,180250
2004-12-16 00:00:00+05:30,53.27,53.27,50.67,51.07,88388
2004-12-17 00:00:00+05:30,52.67,53.2,50.07,50.43,95636
2004-12-20 00:00:00+05:30,50.07,51.83,50.0,50.43,105322
2004-12-21 00:00:00+05:30,52.0,52.0,50.4,50.73,74497
2004-12-22 00:00:00+05:30,51.67,51.67,49.93,50.1,72088
2004-12-23 00:00:00+05:30,45.37,51.33,45.37,49.83,64079
2004-12-24 00:00:00+05:30,50.0,50.67,49.4,49.57,67154
2004-12-27 00:00:00+05:30,50.0,50.0,49.33,49.57,46265
2004-12-28 00:00:00+05:30,49.57,50.67,49.0,49.83,72532
2004-12-29 00:00:00+05:30,50.33,51.4,49.2,49.43,125039
2004-12-30 00:00:00+05:30,50.67,50.67,48.33,48.7,60383
2004-12-31 00:00:00+05:30,49.67,50.2,48.8,48.97,54913
2005-01-03 00:00:00+05:30,49.4,50.13,49.23,49.43,79112
2005-01-04 00:00:00+05:30,49.6,52.13,49.6,50.8,295178
2005-01-05 00:00:00+05:30,51.33,52.33,46.67,49.13,187027
2005-01-06 00:00:00+05:30,48.03,49.33,47.37,48.33,67717
2005-01-07 00:00:00+05:30,48.93,48.93,48.17,48.53,39358
2005-01-10 00:00:00+05:30,49.77,49.77,48.43,48.83,62059
2005-01-11 00:00:00+05:30,48.73,48.93,47.4,47.5,37252
2005-01-12 00:00:00+05:30,48.0,48.13,44.07,44.93,54046
2005-01-13 00:00:00+05:30,41.27,44.0,37.67,43.5,237742
2005-01-14 00:00:00+05:30,43.53,44.0,42.67,43.03,54406
2005-01-17 00:00:00+05:30,44.97,44.97,41.33,41.83,56246
2005-01-18 00:00:00+05:30,41.83,43.2,41.5,42.6,39803
2005-01-19 00:00:00+05:30,42.03,43.27,42.03,42.27,29077
2005-01-20 00:00:00+05:30,42.03,42.63,41.07,41.6,43420
2005-01-24 00:00:00+05:30,40.47,42.6,40.47,41.13,30094
2005-01-25 00:00:00+05:30,41.33,41.73,41.03,41.6,12428
2005-01-27 00:00:00+05:30,40.73,42.93,40.7,42.47,42010
2005-01-28 00:00:00+05:30,42.33,43.13,42.1,42.43,32330
2005-01-31 00:00:00+05:30,42.53,43.3,42.53,42.6,33745
2005-02-01 00:00:00+05:30,42.6,43.4,42.27,42.57,53246
2005-02-02 00:00:00+05:30,42.7,44.33,42.33,43.17,115864
2005-02-03 00:00:00+05:30,44.0,44.67,43.0,43.33,52924
2005-02-04 00:00:00+05:30,44.0,44.5,42.67,42.97,48157
2005-02-07 00:00:00+05:30,43.6,43.8,42.73,42.97,29818
2005-02-08 00:00:00+05:30,43.0,43.93,42.33,42.8,42608
2005-02-09 00:00:00+05:30,42.83,43.83,42.83,43.43,56341
2005-02-10 00:00:00+05:30,43.97,45.53,43.43,44.37,126370
2005-02-11 00:00:00+05:30,44.33,44.97,43.17,43.6,48055
2005-02-14 00:00:00+05:30,44.33,45.0,43.0,43.4,49592
2005-02-15 00:00:00+05:30,43.67,44.0,43.17,43.43,32936
2005-02-16 00:00:00+05:30,43.33,43.83,43.33,43.53,38911
2005-02-17 00:00:00+05:30,42.8,43.63,42.57,42.77,31927
2005-02-18 00:00:00+05:30,42.8,43.3,42.67,42.7,32279
2005-02-21 00:00:00+05:30,42.13,43.27,42.13,42.57,19453
2005-02-22 00:00:00+05:30,43.13,43.13,35.33,42.13,29039
2005-02-23 00:00:00+05:30,42.33,42.53,41.27,42.03,85091
2005-02-24 00:00:00+05:30,41.67,43.13,41.67,42.2,31700
2005-02-25 00:00:00+05:30,42.17,42.37,41.33,41.67,46778
2005-02-28 00:00:00+05:30,41.47,42.93,41.47,41.97,35063
2005-03-01 00:00:00+05:30,41.83,42.23,41.33,41.47,25903
2005-03-02 00:00:00+05:30,41.5,42.33,41.43,41.53,21362
2005-03-03 00:00:00+05:30,41.93,42.2,41.6,42.03,50374
2005-03-04 00:00:00+05:30,42.07,42.6,41.53,41.7,50773
2005-03-07 00:00:00+05:30,42.0,43.63,41.6,42.23,117125
2005-03-08 00:00:00+05:30,42.3,44.73,42.07,43.6,238682
2005-03-09 00:00:00+05:30,44.27,44.27,42.13,42.37,80138
2005-03-10 00:00:00+05:30,43.2,43.2,41.73,42.13,16925
2005-03-11 00:00:00+05:30,43.33,44.0,42.07,42.13,44239
2005-03-14 00:00:00+05:30,42.17,43.2,41.67,42.07,42373
2005-03-15 00:00:00+05:30,43.67,43.67,41.7,42.27,228274
2005-03-16 00:00:00+05:30,43.33,43.33,42.03,42.3,62951
2005-03-17 00:00:00+05:30,40.73,42.3,40.73,41.7,25394
2005-03-18 00:00:00+05:30,41.73,41.83,40.53,41.03,35047
2005-03-21 00:00:00+05:30,41.37,41.37,40.37,40.6,34355
2005-03-22 00:00:00+05:30,41.33,41.33,39.67,39.77,30065
2005-03-23 00:00:00+05:30,39.0,39.5,38.47,38.63,36152
2005-03-24 00:00:00+05:30,38.8,38.83,38.13,38.4,26594
2005-03-28 00:00:00+05:30,41.8,41.8,38.0,38.1,48865
2005-03-29 00:00:00+05:30,38.97,38.97,36.67,37.33,55465
2005-03-30 00:00:00+05:30,38.3,38.3,37.37,38.03,26381
2005-03-31 00:00:00+05:30,38.6,39.6,38.5,39.27,56254
2005-04-01 00:00:00+05:30,39.5,40.73,39.03,40.47,33124
2005-04-04 00:00:00+05:30,41.0,41.0,40.2,40.63,28922
2005-04-05 00:00:00+05:30,40.57,40.57,39.43,40.07,8264
2005-04-06 00:00:00+05:30,40.2,41.2,39.07,40.73,24934
2005-04-07 00:00:00+05:30,41.2,41.33,40.37,40.5,16394
2005-04-08 00:00:00+05:30,38.73,41.0,38.73,40.33,10360
2005-04-11 00:00:00+05:30,41.83,41.83,39.9,40.23,18760
2005-04-12 00:00:00+05:30,40.67,40.67,39.5,40.23,21524
2005-04-13 00:00:00+05:30,40.67,40.93,39.7,39.87,16472
2005-04-15 00:00:00+05:30,40.0,40.0,39.33,39.73,21304
2005-04-18 00:00:00+05:30,38.33,39.47,38.17,38.8,42293
2005-04-19 00:00:00+05:30,40.2,40.6,38.33,39.2,45235
2005-04-20 00:00:00+05:30,38.87,41.33,37.0,40.9,175210
2005-04-21 00:00:00+05:30,41.0,41.87,40.23,41.67,85409
2005-04-22 00:00:00+05:30,41.8,42.4,41.5,42.2,54317
2005-04-25 00:00:00+05:30,41.53,42.93,41.53,42.27,45535
2005-04-26 00:00:00+05:30,42.07,43.2,42.03,42.57,31151
2005-04-27 00:00:00+05:30,42.57,43.53,42.0,42.37,38393
2005-04-28 00:00:00+05:30,42.8,42.93,41.7,42.33,40643
2005-04-29 00:00:00+05:30,42.07,42.77,41.87,42.2,34366
2005-05-02 00:00:00+05:30,42.3,43.33,42.07,42.4,86392
2005-05-03 00:00:00+05:30,42.37,42.9,42.07,42.23,23864
2005-05-04 00:00:00+05:30,42.0,42.63,42.0,42.07,18373
2005-05-05 00:00:00+05:30,42.0,42.7,42.0,42.3,42950
2005-05-06 00:00:00+05:30,42.2,44.53,42.2,44.1,156661
2005-05-09 00:00:00+05:30,45.8,46.3,44.3,45.23,136250
2005-05-10 00:00:00+05:30,45.4,48.87,44.67,46.63,276724
2005-05-11 00:00:00+05:30,46.33,47.8,45.67,46.53,87929
2005-05-12 00:00:00+05:30,46.07,53.33,46.07,51.87,961550
2005-05-13 00:00:00+05:30,52.47,54.6,51.33,53.33,664405
2005-05-16 00:00:00+05:30,53.83,54.87,53.17,54.2,429298
2005-05-17 00:00:00+05:30,54.67,54.83,51.17,51.4,172891
2005-05-18 00:00:00+05:30,50.67,52.97,50.67,52.4,105977
2005-05-19 00:00:00+05:30,53.33,55.33,53.33,53.63,190348
2005-05-20 00:00:00+05:30,54.27,54.6,51.53,53.7,123262
2005-05-23 00:00:00+05:30,53.4,54.5,53.4,54.03,137561
2005-05-24 00:00:00+05:30,55.4,57.33,55.07,56.53,600824
2005-05-25 00:00:00+05:30,55.33,61.33,55.33,58.67,965297
2005-05-26 00:00:00+05:30,59.27,59.27,55.7,56.33,200026
2005-05-27 00:00:00+05:30,56.67,56.67,54.07,54.7,127379
2005-05-30 00:00:00+05:30,55.17,56.27,53.8,54.23,78535
2005-05-31 00:00:00+05:30,54.0,56.33,53.33,55.33,113680
2005-06-01 00:00:00+05:30,55.5,56.17,55.13,55.43,70141
2005-06-02 00:00:00+05:30,55.7,56.23,54.17,54.4,53920
2005-06-03 00:00:00+05:30,55.0,55.67,54.17,54.83,43430
2005-06-04 00:00:00+05:30,55.97,55.97,54.33,55.0,21667
2005-06-06 00:00:00+05:30,55.67,57.0,54.7,55.17,201224
2005-06-07 00:00:00+05:30,56.0,56.0,54.67,54.97,50455
2005-06-08 00:00:00+05:30,56.27,57.6,54.93,56.67,229255
2005-06-09 00:00:00+05:30,56.83,57.33,56.13,56.33,72317
2005-06-10 00:00:00+05:30,56.6,57.23,55.43,55.73,91880
2005-06-13 00:00:00+05:30,56.67,66.0,56.67,59.47,720089
2005-06-14 00:00:00+05:30,59.97,61.57,58.53,59.17,436435
2005-06-15 00:00:00+05:30,59.93,59.93,58.17,58.47,131353
2005-06-16 00:00:00+05:30,59.1,59.1,56.0,56.6,175472
2005-06-17 00:00:00+05:30,56.87,56.93,55.33,55.53,79789
2005-06-20 00:00:00+05:30,58.67,58.67,54.43,54.8,98165
2005-06-21 00:00:00+05:30,54.0,55.6,54.0,54.9,56722
2005-06-22 00:00:00+05:30,55.67,55.93,53.4,53.83,82652
2005-06-23 00:00:00+05:30,55.0,55.0,53.03,53.43,46081
2005-06-24 00:00:00+05:30,53.67,56.33,52.87,55.47,121502
2005-06-27 00:00:00+05:30,55.67,56.33,54.0,54.17,32360
2005-06-28 00:00:00+05:30,53.73,55.8,52.4,52.97,29744
2005-06-29 00:00:00+05:30,52.83,53.33,52.33,52.97,34979
2005-06-30 00:00:00+05:30,53.33,54.33,52.43,53.43,53252
2005-07-01 00:00:00+05:30,52.67,54.33,52.53,53.57,32491
2005-07-04 00:00:00+05:30,53.6,54.93,53.6,54.23,27904
2005-07-05 00:00:00+05:30,53.37,55.23,53.37,53.87,95113
2005-07-06 00:00:00+05:30,54.0,54.67,52.17,53.0,78922
2005-07-07 00:00:00+05:30,53.0,54.4,52.5,52.73,42827
2005-07-08 00:00:00+05:30,53.33,53.93,52.33,52.6,37519
2005-07-11 00:00:00+05:30,53.93,54.0,52.27,52.73,48565
2005-07-12 00:00:00+05:30,54.0,55.27,52.87,53.43,131321
2005-07-13 00:00:00+05:30,52.63,53.07,47.33,50.67,132028
2005-07-14 00:00:00+05:30,50.83,51.33,48.73,49.53,91795
2005-07-15 00:00:00+05:30,50.0,50.33,49.17,49.77,46468
2005-07-18 00:00:00+05:30,50.37,50.5,49.67,50.0,50327
2005-07-19 00:00:00+05:30,49.67,50.67,48.33,49.93,29231
2005-07-20 00:00:00+05:30,51.33,51.93,50.33,51.27,83398
2005-07-21 00:00:00+05:30,52.0,53.33,50.43,50.8,114938
2005-07-22 00:00:00+05:30,51.0,51.87,50.33,50.67,28589
2005-07-25 00:00:00+05:30,44.6,50.0,44.6,48.67,137051
2005-07-26 00:00:00+05:30,48.2,49.07,47.47,47.83,61853
2005-07-27 00:00:00+05:30,47.03,48.43,46.93,47.07,33631
2005-07-29 00:00:00+05:30,47.33,48.57,46.23,47.37,51175
2005-08-01 00:00:00+05:30,47.6,48.87,47.17,48.37,45046
2005-08-02 00:00:00+05:30,48.33,49.33,48.0,48.87,61489
2005-08-03 00:00:00+05:30,48.57,49.97,48.37,49.77,70822
2005-08-04 00:00:00+05:30,49.4,53.33,49.4,52.07,296713
2005-08-05 00:00:00+05:30,53.0,54.4,51.47,51.93,227857
2005-08-08 00:00:00+05:30,51.37,51.9,49.13,49.4,44402
2005-08-09 00:00:00+05:30,49.37,50.63,48.67,49.1,37943
2005-08-10 00:00:00+05:30,48.67,50.33,48.67,49.27,17882
2005-08-11 00:00:00+05:30,48.73,50.33,48.73,49.43,31615
2005-08-12 00:00:00+05:30,48.83,49.57,48.83,49.0,21485
2005-08-16 00:00:00+05:30,49.0,50.0,49.0,49.8,23030
2005-08-17 00:00:00+05:30,49.97,53.67,49.27,51.47,170818
2005-08-18 00:00:00+05:30,52.0,53.0,50.0,50.6,54365
2005-08-19 00:00:00+05:30,50.67,52.6,50.07,50.47,60754
2005-08-22 00:00:00+05:30,51.0,51.6,49.73,50.17,51694
2005-08-23 00:00:00+05:30,50.0,50.43,48.7,48.9,54308
2005-08-24 00:00:00+05:30,48.77,50.0,48.13,48.83,29087
2005-08-25 00:00:00+05:30,49.0,49.93,48.4,48.6,28435
2005-08-26 00:00:00+05:30,49.63,51.27,49.07,50.47,69355
2005-08-29 00:00:00+05:30,50.0,54.67,49.5,53.57,242614
2005-08-30 00:00:00+05:30,53.83,56.27,53.43,53.97,329077
2005-08-31 00:00:00+05:30,54.93,54.93,53.47,53.7,97402
2005-09-01 00:00:00+05:30,55.97,55.97,51.37,52.43,86474
2005-09-02 00:00:00+05:30,54.3,55.83,52.2,54.67,282203
2005-09-05 00:00:00+05:30,55.33,57.67,54.67,55.57,373849
2005-09-06 00:00:00+05:30,55.57,56.53,53.47,54.73,120551
2005-09-08 00:00:00+05:30,55.07,60.93,54.7,59.0,800638
2005-09-09 00:00:00+05:30,58.53,59.9,56.07,56.7,247084
2005-09-12 00:00:00+05:30,56.93,59.73,56.67,58.17,359627
2005-09-13 00:00:00+05:30,58.33,58.77,57.37,57.6,88301
2005-09-14 00:00:00+05:30,58.0,58.77,55.67,56.83,135485
2005-09-15 00:00:00+05:30,57.03,57.8,56.67,56.9,111967
2005-09-16 00:00:00+05:30,57.33,57.73,56.8,57.5,126397
2005-09-19 00:00:00+05:30,59.6,62.0,58.27,59.87,395020
2005-09-20 00:00:00+05:30,60.33,61.07,58.73,59.13,194840
2005-09-21 00:00:00+05:30,56.77,56.77,51.5,54.33,181583
2005-09-22 00:00:00+05:30,53.8,53.93,48.67,49.33,144778
2005-09-23 00:00:00+05:30,49.33,50.6,48.03,50.13,88333
2005-09-26 00:00:00+05:30,50.57,53.33,50.5,52.6,68426
2005-09-27 00:00:00+05:30,53.63,54.33,52.03,52.17,82822
2005-09-28 00:00:00+05:30,53.2,54.57,52.33,54.07,85934
2005-09-29 00:00:00+05:30,54.07,56.47,52.7,52.93,224074
2005-09-30 00:00:00+05:30,52.83,53.8,50.27,51.23,54551
2005-10-03 00:00:00+05:30,52.0,54.67,52.0,53.7,101885
2005-10-04 00:00:00+05:30,54.0,54.47,52.73,52.93,44855
2005-10-05 00:00:00+05:30,53.33,53.73,52.5,52.8,18991
2005-10-06 00:00:00+05:30,52.33,52.83,51.67,52.13,50179
2005-10-07 00:00:00+05:30,52.1,53.33,51.5,52.13,39620
2005-10-10 00:00:00+05:30,52.57,53.6,51.03,51.7,14726
2005-10-11 00:00:00+05:30,52.07,52.33,49.37,50.17,31010
2005-10-13 00:00:00+05:30,51.27,51.5,50.0,50.53,32218
2005-10-14 00:00:00+05:30,51.6,51.63,49.07,49.43,73958
2005-10-17 00:00:00+05:30,50.17,52.33,50.0,50.2,121700
2005-10-18 00:00:00+05:30,50.67,51.0,48.67,48.87,25784
2005-10-19 00:00:00+05:30,49.27,49.27,46.67,47.3,91708
2005-10-20 00:00:00+05:30,48.2,48.67,45.4,46.17,31556
2005-10-21 00:00:00+05:30,46.17,47.63,45.73,47.17,17348
2005-10-24 00:00:00+05:30,49.93,49.93,46.73,47.3,16291
2005-10-25 00:00:00+05:30,47.83,48.0,46.57,47.1,13678
2005-10-26 00:00:00+05:30,47.67,48.53,46.67,46.83,8120
2005-10-27 00:00:00+05:30,46.93,47.27,45.4,45.73,9223
2005-10-28 00:00:00+05:30,44.53,46.6,44.53,45.07,9287
2005-10-31 00:00:00+05:30,44.67,46.47,44.67,45.5,8068
2005-11-01 00:00:00+05:30,46.67,47.67,45.4,47.2,9110
2005-11-02 00:00:00+05:30,46.67,47.33,45.47,47.13,14777
2005-11-07 00:00:00+05:30,46.07,47.9,46.07,47.63,8072
2005-11-08 00:00:00+05:30,46.33,48.53,46.33,48.3,11885
2005-11-09 00:00:00+05:30,47.13,49.2,47.13,48.07,11899
2005-11-10 00:00:00+05:30,48.1,48.1,47.0,47.47,7067
2005-11-11 00:00:00+05:30,47.97,48.0,47.33,47.93,15800
2005-11-14 00:00:00+05:30,49.33,51.0,46.07,48.0,38117
2005-11-16 00:00:00+05:30,48.6,49.2,47.87,48.23,22408
2005-11-17 00:00:00+05:30,47.93,48.3,47.4,47.6,13328
2005-11-18 00:00:00+05:30,48.2,48.6,48.0,48.3,12715
2005-11-21 00:00:00+05:30,47.57,48.27,47.33,47.57,20888
2005-11-22 00:00:00+05:30,46.67,47.53,46.67,47.27,10265
2005-11-23 00:00:00+05:30,49.33,49.33,46.93,47.27,6530
2005-11-24 00:00:00+05:30,49.33,49.33,46.73,47.03,10961
2005-11-25 00:00:00+05:30,48.0,48.0,47.03,47.5,15829
2005-11-26 00:00:00+05:30,47.4,48.27,47.4,48.0,8594
2005-11-28 00:00:00+05:30,48.0,49.4,48.0,48.5,25870
2005-11-29 00:00:00+05:30,48.0,48.33,47.33,47.7,19226
2005-11-30 00:00:00+05:30,47.7,48.67,47.7,47.87,28472
2005-12-01 00:00:00+05:30,48.47,48.53,47.53,47.67,7333
2005-12-02 00:00:00+05:30,48.0,49.0,47.53,48.03,22691
2005-12-05 00:00:00+05:30,47.93,48.0,47.2,47.47,23429
2005-12-06 00:00:00+05:30,47.93,48.27,47.33,48.1,31333
2005-12-07 00:00:00+05:30,48.27,49.33,48.17,48.4,14518
2005-12-08 00:00:00+05:30,48.67,49.0,48.03,48.77,21148
2005-12-09 00:00:00+05:30,48.67,49.0,48.0,48.63,127303
2005-12-12 00:00:00+05:30,48.8,50.3,48.8,49.37,55937
2005-12-13 00:00:00+05:30,49.67,49.93,49.33,49.47,33284
2005-12-14 00:00:00+05:30,49.4,49.7,47.8,48.2,24233
2005-12-15 00:00:00+05:30,48.1,48.4,47.67,47.7,7541
2005-12-16 00:00:00+05:30,48.3,48.3,47.4,47.8,9868
2005-12-19 00:00:00+05:30,47.8,51.0,47.47,48.67,30925
2005-12-20 00:00:00+05:30,48.67,48.97,47.33,47.53,14380
2005-12-21 00:00:00+05:30,48.0,48.17,47.43,47.6,21596
2005-12-22 00:00:00+05:30,48.0,48.0,46.33,46.7,40442
2005-12-23 00:00:00+05:30,46.8,47.9,45.33,46.23,80626
2005-12-26 00:00:00+05:30,46.7,46.77,44.8,45.33,14708
2005-12-27 00:00:00+05:30,46.67,46.83,45.0,45.4,48863
2005-12-28 00:00:00+05:30,45.6,46.6,44.7,44.87,31411
2005-12-29 00:00:00+05:30,45.07,49.5,45.0,47.93,81283
2005-12-30 00:00:00+05:30,48.83,50.93,48.0,49.77,137239
2006-01-02 00:00:00+05:30,51.97,55.0,50.13,53.6,227009
2006-01-03 00:00:00+05:30,53.2,55.53,53.2,53.8,154198
2006-01-04 00:00:00+05:30,54.33,54.97,52.0,52.67,55198
2006-01-05 00:00:00+05:30,52.67,52.67,50.67,51.47,42236
2006-01-06 00:00:00+05:30,50.33,53.83,50.33,52.43,122161
2006-01-09 00:00:00+05:30,54.0,54.33,52.0,52.4,80597
2006-01-10 00:00:00+05:30,52.67,53.6,52.23,52.37,44774
2006-01-12 00:00:00+05:30,52.47,52.57,50.77,51.17,48301
2006-01-13 00:00:00+05:30,52.5,54.3,51.03,52.57,110233
2006-01-16 00:00:00+05:30,54.33,56.6,53.33,53.5,241184
2006-01-17 00:00:00+05:30,54.0,54.33,51.4,51.7,75602
2006-01-18 00:00:00+05:30,51.13,52.63,49.33,50.2,127657
2006-01-19 00:00:00+05:30,51.13,55.27,50.67,53.6,463624
2006-01-20 00:00:00+05:30,54.33,54.67,52.03,52.57,145276
2006-01-23 00:00:00+05:30,51.93,57.07,51.7,56.07,328375
2006-01-24 00:00:00+05:30,58.0,59.2,55.67,55.93,720959
2006-01-25 00:00:00+05:30,57.2,57.2,53.03,53.63,142007
2006-01-27 00:00:00+05:30,54.77,54.77,51.73,52.3,96310
2006-01-30 00:00:00+05:30,52.13,52.73,50.67,50.93,62014
2006-01-31 00:00:00+05:30,51.2,51.67,49.57,50.03,87829
2006-02-01 00:00:00+05:30,54.67,56.1,48.13,48.63,50123
2006-02-02 00:00:00+05:30,49.6,49.6,47.37,47.73,40751
2006-02-03 00:00:00+05:30,48.0,48.63,47.33,47.6,49031
2006-02-06 00:00:00+05:30,47.33,48.9,47.0,48.0,47204
2006-02-07 00:00:00+05:30,48.0,48.67,47.67,47.87,21362
2006-02-08 00:00:00+05:30,46.73,50.0,46.67,48.03,66334
2006-02-10 00:00:00+05:30,49.0,49.0,48.0,48.27,31789
2006-02-13 00:00:00+05:30,44.4,49.23,44.4,48.2,39781
2006-02-14 00:00:00+05:30,48.33,49.1,48.17,48.43,22055
2006-02-15 00:00:00+05:30,48.67,49.1,48.27,48.37,17332
2006-02-16 00:00:00+05:30,48.37,49.23,48.33,48.73,28667
2006-02-17 00:00:00+05:30,48.73,51.2,48.73,48.93,104251
2006-02-20 00:00:00+05:30,48.7,50.33,48.03,49.8,49456
2006-02-21 00:00:00+05:30,49.4,50.2,48.43,48.8,29405
2006-02-22 00:00:00+05:30,48.37,50.9,48.37,49.33,137330
2006-02-23 00:00:00+05:30,48.47,50.17,46.87,48.83,66305
2006-02-24 00:00:00+05:30,49.9,49.93,48.23,48.6,21223
2006-02-27 00:00:00+05:30,48.77,48.87,48.0,48.13,27766
2006-02-28 00:00:00+05:30,48.07,49.0,48.0,48.07,31549
2006-03-01 00:00:00+05:30,48.33,49.27,48.0,48.1,28987
2006-03-02 00:00:00+05:30,48.93,48.97,48.0,48.1,42065
2006-03-03 00:00:00+05:30,48.03,48.83,48.0,48.2,28748
2006-03-06 00:00:00+05:30,48.47,48.5,47.87,48.0,57397
2006-03-07 00:00:00+05:30,48.67,48.67,48.0,48.27,43423
2006-03-08 00:00:00+05:30,48.0,48.47,47.9,48.13,41128
2006-03-09 00:00:00+05:30,48.23,48.33,46.8,47.53,36358
2006-03-10 00:00:00+05:30,48.33,48.33,47.23,47.43,48223
2006-03-13 00:00:00+05:30,47.33,48.93,47.33,47.97,32197
2006-03-14 00:00:00+05:30,48.67,48.67,47.33,47.5,35899
2006-03-16 00:00:00+05:30,47.8,48.6,47.67,47.97,42695
2006-03-17 00:00:00+05:30,50.0,50.67,47.67,47.77,35314
2006-03-20 00:00:00+05:30,50.6,50.6,47.0,47.33,32450
2006-03-21 00:00:00+05:30,49.33,49.33,46.67,46.87,63220
2006-03-22 00:00:00+05:30,46.93,46.93,45.3,45.37,59335
2006-03-23 00:00:00+05:30,47.87,47.93,45.27,45.6,70961
2006-03-24 00:00:00+05:30,47.0,47.0,45.33,46.1,23521
2006-03-27 00:00:00+05:30,42.67,49.67,42.67,47.9,151108
2006-03-28 00:00:00+05:30,47.9,47.9,45.43,45.8,41812
2006-03-29 00:00:00+05:30,46.33,46.4,45.67,45.93,17204
2006-03-30 00:00:00+05:30,46.0,47.33,45.3,46.03,73940
2006-03-31 00:00:00+05:30,46.0,46.67,45.47,46.2,40637
2006-04-03 00:00:00+05:30,47.93,49.0,47.33,48.47,48287
2006-04-04 00:00:00+05:30,48.47,49.1,47.67,48.4,35477
2006-04-05 00:00:00+05:30,48.4,48.6,47.0,48.17,22366
2006-04-07 00:00:00+05:30,48.77,49.27,47.03,47.57,37411
2006-04-10 00:00:00+05:30,47.27,48.87,47.0,48.63,29843
2006-04-12 00:00:00+05:30,47.47,49.53,47.47,48.3,34430
2006-04-13 00:00:00+05:30,48.2,48.4,45.33,46.63,22789
2006-04-17 00:00:00+05:30,49.93,49.93,47.03,48.0,33590
2006-04-18 00:00:00+05:30,48.0,49.27,47.87,48.7,36056
2006-04-19 00:00:00+05:30,49.33,49.6,48.33,49.1,31210
2006-04-20 00:00:00+05:30,49.33,50.5,48.37,48.77,53812
2006-04-21 00:00:00+05:30,52.0,53.27,50.77,52.37,400567
2006-04-24 00:00:00+05:30,52.4,54.93,52.4,53.4,197275
2006-04-25 00:00:00+05:30,53.97,55.57,53.93,54.33,225554
2006-04-26 00:00:00+05:30,54.2,55.67,53.33,53.53,145928
2006-04-27 00:00:00+05:30,53.47,55.97,53.47,53.87,187877
2006-04-28 00:00:00+05:30,50.73,54.43,50.73,54.1,99494
2006-04-29 00:00:00+05:30,54.37,56.47,54.37,55.37,107356
2006-05-02 00:00:00+05:30,56.53,58.67,56.13,56.7,139205
2006-05-03 00:00:00+05:30,56.87,58.0,56.17,56.33,68189
2006-05-04 00:00:00+05:30,55.4,56.43,55.23,55.37,60067
2006-05-05 00:00:00+05:30,55.83,56.97,55.33,56.07,73268
2006-05-08 00:00:00+05:30,56.53,58.33,56.0,57.1,137594
2006-05-09 00:00:00+05:30,57.33,64.93,56.4,61.33,1276024
2006-05-10 00:00:00+05:30,61.67,64.67,60.07,61.63,473428
2006-05-11 00:00:00+05:30,62.17,62.17,58.7,59.27,84223
2006-05-12 00:00:00+05:30,58.0,59.63,57.87,58.4,64937
2006-05-15 00:00:00+05:30,64.0,64.0,57.4,58.87,185566
2006-05-16 00:00:00+05:30,59.33,61.33,56.67,60.83,252344
2006-05-17 00:00:00+05:30,61.33,64.63,61.33,62.1,277516
2006-05-18 00:00:00+05:30,60.73,71.2,56.67,62.93,864011
2006-05-19 00:00:00+05:30,65.33,67.5,57.33,59.5,519842
2006-05-22 00:00:00+05:30,54.0,61.9,52.0,55.3,164270
2006-05-23 00:00:00+05:30,55.33,60.6,53.5,57.07,210329
2006-05-24 00:00:00+05:30,58.0,61.17,57.1,57.4,113960
2006-05-25 00:00:00+05:30,57.5,57.9,55.73,57.6,40226
2006-05-26 00:00:00+05:30,58.07,61.67,58.0,60.0,94627
2006-05-29 00:00:00+05:30,60.03,64.37,60.03,61.8,179021
2006-05-30 00:00:00+05:30,62.0,63.8,60.7,61.4,77855
2006-05-31 00:00:00+05:30,61.0,61.0,58.0,58.63,69169
2006-06-01 00:00:00+05:30,58.67,69.1,58.67,62.37,1119805
2006-06-02 00:00:00+05:30,62.4,66.67,58.67,64.8,562045
2006-06-05 00:00:00+05:30,66.73,72.8,66.47,66.97,1569005
2006-06-06 00:00:00+05:30,65.73,66.3,61.83,62.53,428198
2006-06-07 00:00:00+05:30,62.0,63.33,56.07,57.83,279901
2006-06-08 00:00:00+05:30,54.0,55.93,50.0,52.0,203186
2006-06-09 00:00:00+05:30,53.33,58.33,50.83,56.37,168155
2006-06-12 00:00:00+05:30,54.67,58.67,50.1,55.77,97672
2006-06-13 00:00:00+05:30,54.73,55.0,52.73,53.43,80731
2006-06-14 00:00:00+05:30,53.6,56.57,51.33,52.23,66610
2006-06-15 00:00:00+05:30,55.33,55.33,52.77,55.0,44752
2006-06-16 00:00:00+05:30,55.7,58.33,55.7,56.13,78554
2006-06-19 00:00:00+05:30,58.0,58.0,53.67,56.07,35689
2006-06-20 00:00:00+05:30,53.7,57.33,53.7,56.9,36239
2006-06-21 00:00:00+05:30,54.67,62.17,54.67,61.1,119675
2006-06-22 00:00:00+05:30,61.67,66.0,60.67,61.7,153947
2006-06-23 00:00:00+05:30,61.0,72.3,60.0,70.9,873397
2006-06-25 00:00:00+05:30,71.27,81.73,71.27,79.67,622490
2006-06-26 00:00:00+05:30,78.67,92.67,68.9,69.67,652444
2006-06-27 00:00:00+05:30,70.67,74.6,68.67,70.1,444182
2006-06-28 00:00:00+05:30,69.33,77.2,68.0,70.9,723035
2006-06-29 00:00:00+05:30,72.47,74.97,71.43,71.87,267704
2006-06-30 00:00:00+05:30,74.3,76.27,72.67,73.47,300266
2006-07-03 00:00:00+05:30,74.47,74.67,70.17,70.93,111773
2006-07-04 00:00:00+05:30,71.97,72.4,67.87,69.73,122216
2006-07-05 00:00:00+05:30,70.0,71.83,68.07,68.9,134056
2006-07-06 00:00:00+05:30,68.07,70.33,68.07,68.67,88322
2006-07-07 00:00:00+05:30,68.07,73.6,68.07,68.73,374882
2006-07-10 00:00:00+05:30,69.57,69.93,65.07,65.7,185570
2006-07-11 00:00:00+05:30,66.3,66.6,63.83,64.07,98137
2006-07-12 00:00:00+05:30,62.0,64.67,62.0,63.67,68770
2006-07-13 00:00:00+05:30,63.6,65.47,62.33,62.67,83729
2006-07-14 00:00:00+05:30,62.33,63.4,60.13,61.07,191210
2006-07-17 00:00:00+05:30,62.0,63.07,59.47,59.97,105611
2006-07-18 00:00:00+05:30,61.33,62.2,58.67,59.1,106378
2006-07-19 00:00:00+05:30,60.0,62.6,57.33,57.67,118123
2006-07-20 00:00:00+05:30,60.0,61.33,57.0,57.97,141730
2006-07-21 00:00:00+05:30,57.37,58.0,55.77,56.3,52042
2006-07-24 00:00:00+05:30,55.67,55.67,54.17,55.0,47915
2006-07-25 00:00:00+05:30,55.3,56.53,54.9,55.97,55672
2006-07-26 00:00:00+05:30,55.47,59.23,54.33,57.27,95269
2006-07-27 00:00:00+05:30,57.33,58.53,57.0,57.6,38392
2006-07-28 00:00:00+05:30,57.33,58.47,56.9,57.13,50770
2006-07-31 00:00:00+05:30,57.3,62.93,57.3,60.77,116446
2006-08-01 00:00:00+05:30,62.5,63.67,61.33,62.07,128570
2006-08-02 00:00:00+05:30,56.67,64.63,56.67,63.37,160024
2006-08-03 00:00:00+05:30,64.33,66.07,62.33,62.8,190669
2006-08-04 00:00:00+05:30,63.0,64.33,61.73,62.03,44294
2006-08-07 00:00:00+05:30,62.23,63.6,61.47,61.8,39541
2006-08-08 00:00:00+05:30,62.1,68.93,61.67,67.87,521836
2006-08-09 00:00:00+05:30,68.67,70.93,66.73,67.2,301991
2006-08-10 00:00:00+05:30,68.0,69.83,67.3,67.87,128530
2006-08-11 00:00:00+05:30,67.87,69.67,66.73,67.97,138181
2006-08-14 00:00:00+05:30,67.97,70.27,67.97,68.5,93919
2006-08-16 00:00:00+05:30,68.67,76.0,68.67,73.2,899687
2006-08-17 00:00:00+05:30,74.47,74.57,70.0,70.77,399799
2006-08-18 00:00:00+05:30,71.4,73.83,70.67,71.23,247340
2006-08-21 00:00:00+05:30,71.87,74.33,70.9,73.07,328751
2006-08-22 00:00:00+05:30,73.33,75.27,73.03,73.63,344765
2006-08-23 00:00:00+05:30,71.6,71.87,68.0,68.4,213094
2006-08-24 00:00:00+05:30,66.67,71.67,57.67,70.33,357635
2006-08-25 00:00:00+05:30,71.87,73.33,68.07,68.83,351694
2006-08-28 00:00:00+05:30,68.67,69.33,67.53,68.1,59216
2006-08-29 00:00:00+05:30,68.67,70.3,68.0,68.23,127040
2006-08-30 00:00:00+05:30,69.0,69.3,66.7,67.03,95888
2006-08-31 00:00:00+05:30,67.33,67.33,62.73,63.03,180338
2006-09-01 00:00:00+05:30,63.37,64.1,59.73,60.2,353351
2006-09-04 00:00:00+05:30,60.67,62.27,58.33,58.87,297977
2006-09-05 00:00:00+05:30,58.6,63.27,58.5,60.67,688955
2006-09-06 00:00:00+05:30,61.33,61.83,59.83,60.3,251165
2006-09-07 00:00:00+05:30,60.47,62.6,59.73,61.07,223142
2006-09-08 00:00:00+05:30,61.33,61.97,61.07,61.33,87193
2006-09-11 00:00:00+05:30,61.93,61.93,58.5,59.13,117851
2006-09-12 00:00:00+05:30,58.53,61.07,58.23,60.53,172016
2006-09-13 00:00:00+05:30,60.67,63.0,60.5,61.53,237611
2006-09-14 00:00:00+05:30,62.6,63.2,61.6,62.47,186707
2006-09-15 00:00:00+05:30,62.0,63.83,61.03,62.9,192239
2006-09-18 00:00:00+05:30,63.33,66.27,63.33,64.53,321907
2006-09-19 00:00:00+05:30,65.33,65.33,60.13,61.43,177370
2006-09-20 00:00:00+05:30,60.73,62.5,60.73,62.0,73822
2006-09-21 00:00:00+05:30,62.3,63.33,62.0,62.2,59353
2006-09-22 00:00:00+05:30,62.53,62.53,60.7,60.97,50071
2006-09-25 00:00:00+05:30,61.33,61.67,60.17,60.37,30013
2006-09-26 00:00:00+05:30,61.13,62.6,60.47,60.83,90437
2006-09-27 00:00:00+05:30,61.33,61.67,60.53,60.8,45802
2006-09-28 00:00:00+05:30,61.4,61.8,60.33,60.57,58600
2006-09-29 00:00:00+05:30,61.27,62.07,60.47,61.13,136276
2006-10-03 00:00:00+05:30,61.07,62.33,61.07,61.83,91327
2006-10-04 00:00:00+05:30,62.33,62.4,61.4,61.83,56572
2006-10-05 00:00:00+05:30,62.33,64.8,61.93,64.1,228487
2006-10-06 00:00:00+05:30,64.33,67.67,63.77,64.3,236977
2006-10-09 00:00:00+05:30,64.0,65.33,63.4,64.83,136366
2006-10-10 00:00:00+05:30,65.67,67.33,65.2,65.43,274004
2006-10-11 00:00:00+05:30,66.33,66.6,63.6,63.97,87752
2006-10-12 00:00:00+05:30,63.33,65.13,63.33,64.37,56014
2006-10-13 00:00:00+05:30,65.63,66.27,63.43,63.77,103313
2006-10-16 00:00:00+05:30,64.17,64.33,62.7,62.83,66065
2006-10-17 00:00:00+05:30,62.33,63.53,61.83,62.3,46094
2006-10-18 00:00:00+05:30,62.6,62.83,62.13,62.37,23020
2006-10-19 00:00:00+05:30,62.37,63.0,62.0,62.33,24598
2006-10-20 00:00:00+05:30,62.2,62.97,61.83,62.07,16781
2006-10-21 00:00:00+05:30,62.2,63.27,61.8,62.8,11201
2006-10-23 00:00:00+05:30,62.33,63.17,61.87,62.0,35876
2006-10-26 00:00:00+05:30,62.0,63.0,61.33,61.97,75197
2006-10-27 00:00:00+05:30,61.5,61.83,60.33,60.6,83269
2006-10-30 00:00:00+05:30,60.67,60.73,59.07,59.2,85088
2006-10-31 00:00:00+05:30,59.43,59.5,58.33,58.67,42448
2006-11-01 00:00:00+05:30,58.7,59.17,57.4,57.77,62437
2006-11-02 00:00:00+05:30,57.47,58.27,57.47,57.97,45080
2006-11-03 00:00:00+05:30,58.8,58.8,57.6,57.77,68882
2006-11-06 00:00:00+05:30,58.0,58.67,57.07,57.23,47713
2006-11-07 00:00:00+05:30,57.33,58.23,57.33,57.6,29995
2006-11-08 00:00:00+05:30,58.0,58.0,56.73,57.23,31136
2006-11-09 00:00:00+05:30,57.33,58.0,57.0,57.57,15584
2006-11-10 00:00:00+05:30,57.13,60.33,57.1,57.4,130846
2006-11-13 00:00:00+05:30,57.87,58.0,56.67,57.2,38053
2006-11-14 00:00:00+05:30,57.87,57.87,56.33,56.37,32171
2006-11-15 00:00:00+05:30,56.43,56.67,55.47,55.77,44738
2006-11-16 00:00:00+05:30,56.33,58.23,56.27,56.5,51313
2006-11-17 00:00:00+05:30,56.63,58.0,55.67,56.03,66451
2006-11-20 00:00:00+05:30,55.33,55.67,54.5,55.07,26177
2006-11-21 00:00:00+05:30,55.23,55.8,55.1,55.5,34228
2006-11-22 00:00:00+05:30,55.43,55.93,54.67,54.93,41585
2006-11-23 00:00:00+05:30,54.93,57.3,54.67,55.13,84214
2006-11-24 00:00:00+05:30,55.9,55.9,55.1,55.3,32351
2006-11-27 00:00:00+05:30,55.93,56.17,55.13,55.3,22583
2006-11-28 00:00:00+05:30,55.67,55.8,54.67,55.23,20987
2006-11-29 00:00:00+05:30,55.93,56.0,55.0,55.03,39070
2006-11-30 00:00:00+05:30,54.73,55.63,53.73,54.1,40874
2006-12-01 00:00:00+05:30,54.8,54.8,53.87,54.07,60019
2006-12-04 00:00:00+05:30,55.33,55.33,54.0,54.1,29341
2006-12-05 00:00:00+05:30,54.33,54.97,54.1,54.23,39193
2006-12-06 00:00:00+05:30,54.03,54.37,53.53,53.7,22859
2006-12-07 00:00:00+05:30,53.7,54.13,53.67,53.8,33106
2006-12-08 00:00:00+05:30,53.73,54.33,53.33,53.4,21158
2006-12-11 00:00:00+05:30,53.33,53.33,52.03,52.3,33721
2006-12-12 00:00:00+05:30,51.33,53.0,50.8,52.07,36068
2006-12-13 00:00:00+05:30,50.7,52.33,50.67,52.1,16687
2006-12-14 00:00:00+05:30,54.0,55.0,52.33,53.73,19606
2006-12-15 00:00:00+05:30,54.63,55.67,53.77,54.27,34540
2006-12-18 00:00:00+05:30,54.67,54.67,54.0,54.37,12812
2006-12-19 00:00:00+05:30,50.0,54.67,50.0,53.33,16577
2006-12-20 00:00:00+05:30,54.53,54.53,52.0,52.9,17314
2006-12-21 00:00:00+05:30,53.0,53.33,51.87,52.23,29422
2006-12-22 00:00:00+05:30,52.47,53.33,52.43,53.17,11173
2006-12-26 00:00:00+05:30,54.63,55.3,53.47,54.33,37433
2006-12-27 00:00:00+05:30,54.37,56.2,54.03,54.57,60872
2006-12-28 00:00:00+05:30,54.67,55.17,54.0,54.23,26128
2006-12-29 00:00:00+05:30,54.23,55.73,53.67,54.2,63437
2007-01-02 00:00:00+05:30,54.9,55.2,54.27,54.5,13073
2007-01-03 00:00:00+05:30,54.67,55.67,54.1,55.33,20570
2007-01-04 00:00:00+05:30,55.93,57.37,55.23,56.1,76889
2007-01-05 00:00:00+05:30,56.6,57.9,56.2,56.83,48530
2007-01-08 00:00:00+05:30,56.67,61.0,56.17,59.43,99575
2007-01-09 00:00:00+05:30,59.47,61.33,56.8,58.27,60859
2007-01-10 00:00:00+05:30,56.83,58.33,56.1,56.7,18910
2007-01-11 00:00:00+05:30,58.1,58.1,56.83,57.47,10817
2007-01-12 00:00:00+05:30,58.0,59.17,57.13,57.9,28459
2007-01-15 00:00:00+05:30,58.67,60.0,58.0,58.33,46736
2007-01-16 00:00:00+05:30,59.83,59.83,57.33,57.53,29104
2007-01-17 00:00:00+05:30,57.37,58.83,57.37,58.53,35579
2007-01-18 00:00:00+05:30,58.97,60.93,58.97,59.93,65356
2007-01-19 00:00:00+05:30,61.27,64.13,60.0,60.73,154211
2007-01-22 00:00:00+05:30,60.67,62.67,60.67,61.8,66121
2007-01-23 00:00:00+05:30,62.17,62.17,58.4,59.13,38765
2007-01-24 00:00:00+05:30,62.0,62.0,56.33,56.67,76234
2007-01-25 00:00:00+05:30,57.07,58.0,57.0,57.57,68498
2007-01-29 00:00:00+05:30,56.33,57.97,56.33,56.53,25903
2007-01-31 00:00:00+05:30,56.67,56.67,56.0,56.07,18799
2007-02-01 00:00:00+05:30,56.6,56.97,55.67,56.0,18473
2007-02-02 00:00:00+05:30,56.2,56.67,54.7,55.57,35267
2007-02-05 00:00:00+05:30,55.07,56.0,55.03,55.4,19196
2007-02-06 00:00:00+05:30,56.0,57.0,55.33,55.63,81920
2007-02-07 00:00:00+05:30,56.0,56.0,55.03,55.4,21004
2007-02-08 00:00:00+05:30,55.37,55.93,54.7,55.13,17108
2007-02-09 00:00:00+05:30,55.47,55.97,53.5,53.87,35432
2007-02-12 00:00:00+05:30,53.5,55.47,51.67,52.37,23453
2007-02-13 00:00:00+05:30,52.0,53.87,49.87,50.33,75875
2007-02-14 00:00:00+05:30,50.67,51.0,49.33,49.7,35108
2007-02-15 00:00:00+05:30,53.0,53.0,50.5,51.43,34582
2007-02-19 00:00:00+05:30,51.7,52.67,51.37,52.13,30713
2007-02-20 00:00:00+05:30,52.0,52.67,51.53,52.37,11567
2007-02-21 00:00:00+05:30,52.13,53.17,52.13,52.67,14786
2007-02-22 00:00:00+05:30,52.67,52.93,52.33,52.7,7244
2007-02-23 00:00:00+05:30,51.7,52.0,50.0,50.63,19021
2007-02-26 00:00:00+05:30,50.33,51.67,50.33,50.87,7868
2007-02-27 00:00:00+05:30,50.6,51.73,50.57,51.0,7414
2007-02-28 00:00:00+05:30,49.33,50.8,48.77,49.8,22525
2007-03-01 00:00:00+05:30,51.2,51.23,49.33,50.0,25066
2007-03-02 00:00:00+05:30,50.37,50.67,49.4,49.47,18845
2007-03-05 00:00:00+05:30,49.3,49.3,47.07,47.77,16930
2007-03-06 00:00:00+05:30,48.0,48.67,46.1,47.23,37292
2007-03-07 00:00:00+05:30,47.33,48.47,46.77,47.03,25835
2007-03-08 00:00:00+05:30,47.67,48.53,46.67,48.2,7168
2007-03-09 00:00:00+05:30,48.93,50.63,48.0,49.57,15130
2007-03-12 00:00:00+05:30,48.13,49.37,48.13,48.7,6518
2007-03-13 00:00:00+05:30,48.0,49.33,48.0,49.03,12530
2007-03-14 00:00:00+05:30,47.77,49.2,47.77,48.83,9485
2007-03-15 00:00:00+05:30,49.27,49.87,48.67,49.3,11120
2007-03-16 00:00:00+05:30,48.67,48.93,48.33,48.47,4834
2007-03-19 00:00:00+05:30,52.67,52.67,48.0,48.63,6614
2007-03-20 00:00:00+05:30,48.0,49.33,48.0,48.73,12926
2007-03-21 00:00:00+05:30,48.67,49.17,48.57,49.17,11972
2007-03-22 00:00:00+05:30,49.33,50.13,49.33,49.4,6448
2007-03-23 00:00:00+05:30,48.87,49.87,48.87,49.67,5912
2007-03-26 00:00:00+05:30,48.93,49.63,48.77,49.17,23893
2007-03-28 00:00:00+05:30,48.73,49.0,48.53,48.63,22916
2007-03-29 00:00:00+05:30,49.83,49.83,48.17,48.83,3227
2007-03-30 00:00:00+05:30,49.33,49.67,48.67,49.13,11182
2007-04-02 00:00:00+05:30,48.0,49.53,47.33,48.73,4741
2007-04-03 00:00:00+05:30,49.0,49.4,48.0,48.37,11560
2007-04-04 00:00:00+05:30,48.03,49.3,48.03,48.83,6857
2007-04-05 00:00:00+05:30,49.0,49.67,49.0,49.47,5206
2007-04-09 00:00:00+05:30,50.0,53.93,49.37,52.5,23497
2007-04-10 00:00:00+05:30,53.0,53.0,51.4,52.4,18785
2007-04-11 00:00:00+05:30,52.6,53.33,52.0,53.0,5818
2007-04-12 00:00:00+05:30,52.67,53.63,52.0,52.67,5089
2007-04-13 00:00:00+05:30,52.7,53.67,52.7,53.53,8291
2007-04-16 00:00:00+05:30,53.63,54.6,53.6,53.93,22372
2007-04-17 00:00:00+05:30,53.97,54.5,52.73,53.3,12586
2007-04-18 00:00:00+05:30,53.37,54.13,53.33,53.53,6995
2007-04-19 00:00:00+05:30,52.27,53.9,52.23,53.67,7966
2007-04-20 00:00:00+05:30,54.6,55.27,54.0,55.17,23387
2007-04-23 00:00:00+05:30,56.67,56.8,54.73,55.07,33901
2007-04-24 00:00:00+05:30,56.0,59.33,56.0,58.7,187303
2007-04-25 00:00:00+05:30,59.27,61.2,59.0,59.63,114790
2007-04-26 00:00:00+05:30,60.0,60.6,57.67,58.07,40303
2007-04-27 00:00:00+05:30,57.67,58.0,56.67,56.83,27403
2007-04-30 00:00:00+05:30,56.8,57.83,55.5,57.13,21694
2007-05-03 00:00:00+05:30,58.6,59.87,57.7,59.33,58826
2007-05-04 00:00:00+05:30,59.07,59.27,57.67,57.9,30133
2007-05-07 00:00:00+05:30,55.33,58.0,55.33,57.1,17948
2007-05-08 00:00:00+05:30,56.77,57.33,56.33,56.63,18838
2007-05-09 00:00:00+05:30,56.17,57.13,55.87,56.67,14027
2007-05-10 00:00:00+05:30,57.6,57.6,56.33,56.47,9029
2007-05-11 00:00:00+05:30,56.03,57.33,56.03,57.13,7289
2007-05-14 00:00:00+05:30,55.33,57.5,55.33,57.2,10634
2007-05-15 00:00:00+05:30,57.23,57.8,56.37,56.97,16102
2007-05-16 00:00:00+05:30,57.67,59.33,57.53,58.37,17989
2007-05-17 00:00:00+05:30,59.27,59.27,58.0,58.4,21763
2007-05-18 00:00:00+05:30,58.07,58.3,57.17,57.7,11665
2007-05-21 00:00:00+05:30,58.67,63.33,58.67,62.0,222305
2007-05-22 00:00:00+05:30,62.67,64.2,61.67,62.2,205808
2007-05-23 00:00:00+05:30,62.67,62.8,60.7,60.93,57853
2007-05-24 00:00:00+05:30,60.93,60.93,59.37,59.5,34552
2007-05-25 00:00:00+05:30,59.0,60.67,58.33,59.53,43286
2007-05-28 00:00:00+05:30,60.53,60.57,59.47,60.13,22523
2007-05-29 00:00:00+05:30,57.33,61.33,57.33,60.63,24763
2007-05-30 00:00:00+05:30,59.33,63.13,58.0,60.47,63064
2007-05-31 00:00:00+05:30,61.33,61.8,60.37,60.6,17485
2007-06-01 00:00:00+05:30,59.47,61.47,59.47,59.97,25064
2007-06-04 00:00:00+05:30,60.27,60.27,59.0,59.2,19210
2007-06-05 00:00:00+05:30,58.83,59.67,58.73,58.97,15826
2007-06-06 00:00:00+05:30,58.73,59.33,57.67,58.07,34955
2007-06-07 00:00:00+05:30,57.77,58.57,57.77,58.1,7334
2007-06-08 00:00:00+05:30,57.67,58.67,57.33,57.87,12142
2007-06-11 00:00:00+05:30,59.0,59.4,57.57,57.67,8752
2007-06-12 00:00:00+05:30,57.73,58.0,57.03,57.4,19256
2007-06-13 00:00:00+05:30,58.67,58.67,57.0,57.1,11831
2007-06-14 00:00:00+05:30,57.6,58.0,57.13,57.97,14777
2007-06-15 00:00:00+05:30,58.53,58.53,57.63,57.97,7478
2008-12-26 00:00:00+05:30,41.33,42.27,41.33,41.73,5051
2008-12-29 00:00:00+05:30,41.97,42.47,41.17,42.03,2603
2008-12-30 00:00:00+05:30,42.1,42.53,42.0,42.4,3517
2008-12-31 00:00:00+05:30,43.13,44.0,42.47,42.97,8230
2009-01-01 00:00:00+05:30,42.47,44.67,42.47,44.3,4612
2009-01-02 00:00:00+05:30,44.57,45.8,43.73,45.1,9271
2009-01-05 00:00:00+05:30,46.2,46.93,45.63,45.93,10804
2009-01-06 00:00:00+05:30,47.5,47.5,45.5,45.83,9473
2009-01-07 00:00:00+05:30,46.5,46.53,41.73,42.53,9055
2009-01-09 00:00:00+05:30,41.43,43.0,41.43,42.57,9745
2009-01-12 00:00:00+05:30,46.0,46.0,41.5,43.17,3415
2009-01-13 00:00:00+05:30,41.53,43.3,41.53,42.17,1810
2009-01-14 00:00:00+05:30,42.0,43.3,42.0,43.3,2281
2009-01-15 00:00:00+05:30,42.63,43.8,42.23,42.93,4127
2009-01-16 00:00:00+05:30,42.67,43.73,42.13,43.0,2018
2009-01-19 00:00:00+05:30,42.83,43.87,42.8,43.23,190
2009-01-20 00:00:00+05:30,42.67,43.4,42.37,42.6,4981
2009-01-21 00:00:00+05:30,43.0,44.87,42.33,42.33,3026
2009-01-22 00:00:00+05:30,42.33,42.97,41.5,41.5,4186
2009-01-23 00:00:00+05:30,40.67,41.23,40.33,40.73,5314
2009-01-27 00:00:00+05:30,38.73,41.67,38.73,41.1,3481
2009-01-28 00:00:00+05:30,40.1,41.3,40.0,41.03,12385
2009-01-29 00:00:00+05:30,40.67,41.57,40.33,40.47,5341
2009-01-30 00:00:00+05:30,41.67,42.97,41.03,41.8,9239
2009-02-02 00:00:00+05:30,43.33,43.87,41.43,41.97,6901
2009-02-03 00:00:00+05:30,42.23,42.3,41.07,41.1,4877
2009-02-04 00:00:00+05:30,42.53,42.6,41.47,41.63,6764
2009-02-05 00:00:00+05:30,41.07,43.13,40.9,41.93,28036
2009-02-06 00:00:00+05:30,41.33,45.33,41.3,42.43,81271
2009-02-09 00:00:00+05:30,42.2,42.8,41.67,42.17,5323
2009-02-10 00:00:00+05:30,41.87,42.63,41.87,42.5,3961
2009-02-11 00:00:00+05:30,42.33,44.93,41.9,42.87,24470
2009-02-12 00:00:00+05:30,43.0,46.27,42.67,44.37,78847
2009-02-13 00:00:00+05:30,44.2,45.33,43.33,43.57,9425
2009-02-16 00:00:00+05:30,43.4,44.53,42.7,43.07,9619
2009-02-17 00:00:00+05:30,41.43,43.07,41.43,42.07,5132
2009-02-18 00:00:00+05:30,42.33,43.27,42.03,42.37,5270
2009-02-19 00:00:00+05:30,42.13,42.57,41.67,41.9,2515
2009-02-20 00:00:00+05:30,41.67,41.83,41.03,41.4,10564
2009-02-24 00:00:00+05:30,40.07,41.67,40.07,41.07,3370
2009-02-25 00:00:00+05:30,42.5,42.5,40.87,41.17,5719
2009-02-26 00:00:00+05:30,40.83,48.47,40.27,41.17,10573
2009-02-27 00:00:00+05:30,41.67,42.67,41.07,41.43,1703
2009-03-02 00:00:00+05:30,40.5,42.67,40.0,40.53,5828
2009-03-03 00:00:00+05:30,40.8,41.0,40.07,40.67,4769
2009-03-04 00:00:00+05:30,40.83,42.67,40.2,41.37,4400
2009-03-05 00:00:00+05:30,40.2,41.0,39.33,39.57,8582
2009-03-06 00:00:00+05:30,39.0,40.0,38.5,39.47,2650
2009-03-09 00:00:00+05:30,38.87,39.2,38.1,38.57,2806
2009-03-12 00:00:00+05:30,38.5,39.6,36.73,38.97,7661
2009-03-13 00:00:00+05:30,38.67,40.13,38.67,39.9,4523
2009-03-16 00:00:00+05:30,39.8,41.73,39.03,41.17,2995
2009-03-17 00:00:00+05:30,40.53,41.27,39.67,40.23,4564
2009-03-18 00:00:00+05:30,41.67,41.67,40.17,40.73,3865
2009-03-19 00:00:00+05:30,40.67,41.5,40.5,41.3,10198
2009-03-20 00:00:00+05:30,38.0,42.0,34.63,40.67,3388
2009-03-23 00:00:00+05:30,40.5,41.5,40.5,41.13,4739
2009-03-24 00:00:00+05:30,41.5,41.97,41.13,41.43,5936
2009-03-25 00:00:00+05:30,41.0,41.33,40.73,41.3,1435
2009-03-26 00:00:00+05:30,41.33,41.33,40.73,41.2,4394
2009-03-27 00:00:00+05:30,41.0,41.5,40.7,41.27,3881
2009-03-30 00:00:00+05:30,41.5,41.97,40.53,40.8,4538
2009-03-31 00:00:00+05:30,39.63,41.83,39.53,41.43,7085
2009-04-01 00:00:00+05:30,41.07,42.53,41.07,42.13,1466
2009-04-02 00:00:00+05:30,42.13,44.1,42.13,43.27,20965
2009-04-06 00:00:00+05:30,43.4,44.37,43.37,44.23,5807
2009-04-08 00:00:00+05:30,45.2,45.2,43.5,45.0,20644
2009-04-09 00:00:00+05:30,45.17,46.0,44.57,45.37,11975
2009-04-13 00:00:00+05:30,47.27,47.27,45.53,46.43,18401
2009-04-15 00:00:00+05:30,46.0,49.67,46.0,48.97,21334
2009-04-16 00:00:00+05:30,50.0,51.4,46.0,46.43,11729
2009-04-17 00:00:00+05:30,46.83,47.6,46.33,46.57,10582
2009-04-20 00:00:00+05:30,47.0,47.67,46.13,46.23,7144
2009-04-21 00:00:00+05:30,45.0,46.17,45.0,46.0,5168
2009-04-22 00:00:00+05:30,46.33,47.23,45.33,45.9,9220
2009-04-23 00:00:00+05:30,45.5,46.2,45.43,46.2,5920
2009-04-24 00:00:00+05:30,45.47,53.3,45.47,49.33,94504
2009-04-27 00:00:00+05:30,50.0,50.0,48.13,48.43,14993
2009-04-28 00:00:00+05:30,48.33,48.67,47.0,47.4,12700
2009-04-29 00:00:00+05:30,47.4,49.0,46.83,47.67,5590
2009-05-04 00:00:00+05:30,48.5,48.93,47.17,47.9,10805
2009-05-05 00:00:00+05:30,48.0,48.87,47.03,47.9,11119
2009-05-06 00:00:00+05:30,48.67,50.53,47.5,48.2,7828
2009-05-07 00:00:00+05:30,48.0,49.13,47.6,48.0,4714
2009-05-08 00:00:00+05:30,48.53,48.93,47.1,47.6,6011
2009-05-11 00:00:00+05:30,48.0,49.0,47.93,48.03,3362
2009-05-12 00:00:00+05:30,47.47,53.3,47.47,50.87,151862
2009-05-13 00:00:00+05:30,51.97,52.0,49.0,49.5,18263
2009-05-14 00:00:00+05:30,49.33,50.07,48.73,49.6,4228
2009-05-15 00:00:00+05:30,49.67,50.47,48.67,49.77,6800
2009-05-18 00:00:00+05:30,54.0,54.0,54.0,54.0,299
2009-05-19 00:00:00+05:30,56.67,56.67,50.0,50.9,46204
2009-05-20 00:00:00+05:30,52.67,59.77,51.0,57.93,85912
2009-05-21 00:00:00+05:30,57.33,65.77,57.33,61.07,225847
2009-05-22 00:00:00+05:30,62.67,64.0,60.0,61.7,35195
2009-05-25 00:00:00+05:30,62.93,66.47,60.7,65.6,134825
2009-05-26 00:00:00+05:30,64.67,67.33,60.07,61.3,102943
2009-05-27 00:00:00+05:30,61.43,63.33,60.33,61.0,33574
2009-05-28 00:00:00+05:30,60.13,63.3,60.0,60.2,18589
2009-05-29 00:00:00+05:30,60.73,64.0,60.73,63.17,46823
2009-06-01 00:00:00+05:30,64.47,64.67,62.1,63.43,41990
2009-06-02 00:00:00+05:30,63.4,74.0,63.33,69.13,505303
2009-06-03 00:00:00+05:30,69.67,73.3,68.07,69.8,207397
2009-06-04 00:00:00+05:30,69.33,73.87,67.33,72.27,200705
2009-06-05 00:00:00+05:30,74.67,75.3,68.0,68.97,456379
2009-06-08 00:00:00+05:30,69.33,71.33,61.57,63.07,160351
2009-06-09 00:00:00+05:30,65.33,65.33,60.13,63.53,94970
2009-06-10 00:00:00+05:30,65.03,66.33,63.4,63.77,93017
2009-06-11 00:00:00+05:30,64.0,64.67,62.67,63.9,59863
2009-06-12 00:00:00+05:30,64.67,68.67,63.87,64.17,130786
2009-06-15 00:00:00+05:30,64.0,65.27,62.67,62.83,81617
2009-06-16 00:00:00+05:30,63.0,64.63,60.0,63.5,65950
2009-06-17 00:00:00+05:30,63.0,65.07,61.43,62.0,62965
2009-06-18 00:00:00+05:30,61.53,63.13,60.07,60.43,32333
2009-06-19 00:00:00+05:30,61.33,62.67,60.0,61.13,38185
2009-06-22 00:00:00+05:30,61.4,62.33,58.33,59.93,37877
2009-06-23 00:00:00+05:30,58.8,59.83,55.3,59.3,34747
2009-06-24 00:00:00+05:30,59.8,61.3,59.67,60.9,26480
2009-06-25 00:00:00+05:30,60.73,62.33,60.73,61.5,21941
2009-06-26 00:00:00+05:30,62.3,63.0,61.07,61.6,19717
2009-06-29 00:00:00+05:30,61.87,62.83,61.73,62.27,24487
2009-06-30 00:00:00+05:30,62.07,63.33,61.73,61.93,21758
2009-07-01 00:00:00+05:30,62.33,62.33,60.03,61.2,16745
2009-07-02 00:00:00+05:30,61.5,61.87,61.03,61.27,8440
2009-07-03 00:00:00+05:30,61.33,62.33,61.17,61.8,10331
2009-07-06 00:00:00+05:30,62.0,63.2,59.67,59.97,24283
2009-07-07 00:00:00+05:30,60.0,61.0,59.8,60.1,12851
2009-07-08 00:00:00+05:30,59.33,59.67,58.1,58.53,12527
2009-07-09 00:00:00+05:30,58.67,59.37,57.0,58.0,22016
2009-07-10 00:00:00+05:30,59.0,59.73,56.07,57.13,21287
2009-07-13 00:00:00+05:30,57.47,58.3,54.67,55.97,21805
2009-07-14 00:00:00+05:30,57.07,58.03,56.7,57.83,14695
2009-07-15 00:00:00+05:30,57.17,59.63,57.0,58.83,14659
2009-07-16 00:00:00+05:30,59.33,66.0,59.33,60.37,21709
2009-07-17 00:00:00+05:30,60.53,61.03,59.8,60.23,12230
2009-07-20 00:00:00+05:30,60.53,61.33,60.0,60.67,19934
2009-07-21 00:00:00+05:30,60.1,60.83,59.43,60.63,22052
2009-07-22 00:00:00+05:30,58.7,62.43,58.7,60.57,21682
2009-07-23 00:00:00+05:30,61.73,62.47,61.33,61.73,18385
2009-07-24 00:00:00+05:30,62.67,63.33,62.07,62.77,14536
2009-07-27 00:00:00+05:30,62.63,66.8,62.63,66.2,85069
2009-07-28 00:00:00+05:30,66.67,67.17,64.73,65.5,22844
2009-07-29 00:00:00+05:30,66.0,67.67,63.47,64.93,30718
2009-07-30 00:00:00+05:30,65.67,66.03,64.43,65.27,12271
2009-07-31 00:00:00+05:30,65.07,68.0,64.03,64.83,40207
2009-08-03 00:00:00+05:30,64.67,65.0,63.6,64.9,18281
2009-08-04 00:00:00+05:30,66.4,67.93,65.13,66.47,70862
2009-08-05 00:00:00+05:30,65.8,67.67,65.33,66.93,40129
2009-08-06 00:00:00+05:30,67.3,68.33,66.07,66.47,74549
2009-08-07 00:00:00+05:30,66.37,66.5,65.0,65.43,46657
2009-08-10 00:00:00+05:30,66.6,66.93,65.33,65.8,44141
2009-08-11 00:00:00+05:30,65.4,66.73,64.73,66.43,43856
2009-08-12 00:00:00+05:30,66.0,70.0,66.0,67.17,44885
2009-08-13 00:00:00+05:30,68.67,69.8,67.33,69.5,93184
2009-08-14 00:00:00+05:30,70.0,72.0,69.07,70.33,243031
2009-08-17 00:00:00+05:30,67.87,67.93,65.27,65.63,135247
2009-08-18 00:00:00+05:30,65.83,65.83,64.2,65.07,47900
2009-08-19 00:00:00+05:30,64.67,66.27,64.2,64.37,22235
2009-08-20 00:00:00+05:30,66.0,66.53,65.4,65.67,62171
2009-08-21 00:00:00+05:30,65.5,66.3,64.67,65.83,33571
2009-08-24 00:00:00+05:30,66.67,67.17,66.0,66.33,39089
2009-08-25 00:00:00+05:30,66.67,68.0,66.1,67.27,45274
2009-08-26 00:00:00+05:30,68.0,71.27,68.0,69.13,327998
2009-08-27 00:00:00+05:30,70.53,71.63,68.07,69.87,108208
2009-08-28 00:00:00+05:30,67.5,71.33,67.5,68.83,40378
2009-08-31 00:00:00+05:30,67.6,69.33,65.37,68.3,36827
2009-09-01 00:00:00+05:30,69.27,70.33,67.33,67.97,47609
2009-09-02 00:00:00+05:30,67.83,67.83,66.73,67.0,25324
2009-09-03 00:00:00+05:30,66.73,68.2,65.33,66.1,47452
2009-09-04 00:00:00+05:30,66.4,67.23,65.87,66.53,28663
2009-09-07 00:00:00+05:30,66.5,69.67,66.5,68.93,38812
2009-09-08 00:00:00+05:30,69.93,80.4,69.0,76.43,1248934
2009-09-09 00:00:00+05:30,76.0,77.2,72.07,72.93,224432
2009-09-10 00:00:00+05:30,73.63,75.33,69.8,70.2,95020
2009-09-11 00:00:00+05:30,72.63,72.63,69.73,70.0,66521
2009-09-14 00:00:00+05:30,70.33,76.9,61.33,74.73,281089
2009-09-15 00:00:00+05:30,76.0,78.0,74.0,74.4,107932
2009-09-16 00:00:00+05:30,74.67,75.9,72.67,73.0,37270
2009-09-17 00:00:00+05:30,73.4,75.0,72.07,72.47,100189
2009-09-18 00:00:00+05:30,72.0,73.2,71.43,72.37,30638
2009-09-22 00:00:00+05:30,70.2,77.17,70.2,74.73,163720
2009-09-23 00:00:00+05:30,74.67,75.27,72.17,72.47,40532
2009-09-24 00:00:00+05:30,70.67,74.33,70.67,73.3,42761
2009-09-25 00:00:00+05:30,71.57,76.67,71.57,74.77,116285
2009-09-29 00:00:00+05:30,76.67,77.0,74.2,74.47,50504
2009-09-30 00:00:00+05:30,74.5,76.13,73.27,73.77,58438
2009-10-01 00:00:00+05:30,75.0,75.0,72.53,72.8,23692
2009-10-05 00:00:00+05:30,72.0,72.77,70.67,71.8,31267
2009-10-06 00:00:00+05:30,72.0,72.27,70.23,70.87,37028
2009-10-07 00:00:00+05:30,74.47,74.47,71.4,72.03,24133
2009-10-08 00:00:00+05:30,72.0,72.67,71.0,71.37,18247
2009-10-09 00:00:00+05:30,72.63,72.63,70.67,71.0,19738
2009-10-12 00:00:00+05:30,72.67,72.67,71.0,71.67,22267
2009-10-14 00:00:00+05:30,72.0,72.0,70.93,71.2,27364
2009-10-15 00:00:00+05:30,71.67,72.0,70.03,70.57,41543
2009-10-16 00:00:00+05:30,70.1,76.53,70.07,74.57,220922
2009-10-17 00:00:00+05:30,76.47,76.47,74.73,75.13,24911
2009-10-20 00:00:00+05:30,76.33,76.33,74.0,74.47,40871
2009-10-21 00:00:00+05:30,74.1,74.13,73.33,73.57,28250
2009-10-22 00:00:00+05:30,73.3,74.13,71.63,72.3,27461
2009-10-23 00:00:00+05:30,75.2,76.33,71.17,71.6,23594
2009-10-26 00:00:00+05:30,71.8,72.53,70.9,71.47,11735
2009-10-27 00:00:00+05:30,70.67,70.67,68.67,69.13,32888
2009-10-28 00:00:00+05:30,68.6,70.0,68.37,69.63,12032
2009-10-29 00:00:00+05:30,69.0,70.2,68.93,69.33,19979
2009-10-30 00:00:00+05:30,69.7,71.63,69.1,69.4,15590
2009-11-03 00:00:00+05:30,68.27,69.87,65.33,65.37,36505
2009-11-04 00:00:00+05:30,68.43,68.43,65.17,65.67,20732
2009-11-05 00:00:00+05:30,65.47,66.07,65.0,65.7,19741
2009-11-06 00:00:00+05:30,69.27,69.27,66.0,67.2,14120
2009-11-09 00:00:00+05:30,67.87,67.87,66.17,66.7,18460
2009-11-10 00:00:00+05:30,67.87,68.0,66.33,66.57,20876
2009-11-11 00:00:00+05:30,66.03,68.13,66.03,67.37,16418
2009-11-12 00:00:00+05:30,67.27,67.97,66.33,67.37,7552
2009-11-13 00:00:00+05:30,67.27,68.0,66.77,66.87,7184
2009-11-16 00:00:00+05:30,67.1,68.0,66.6,66.8,14578
2009-11-17 00:00:00+05:30,66.4,67.23,66.0,66.93,15992
2009-11-18 00:00:00+05:30,67.27,67.97,66.67,66.77,15667
2009-11-19 00:00:00+05:30,67.33,67.87,66.0,66.8,16888
2009-11-20 00:00:00+05:30,66.8,67.77,66.2,67.13,17116
2009-11-23 00:00:00+05:30,67.33,68.5,66.9,67.83,16708
2009-11-24 00:00:00+05:30,67.67,70.93,67.67,69.83,46510
2009-11-25 00:00:00+05:30,71.4,72.8,68.77,69.6,170689
2009-11-26 00:00:00+05:30,69.33,70.53,67.97,68.2,29857
2009-11-27 00:00:00+05:30,67.33,67.67,65.7,66.97,23627
2009-11-30 00:00:00+05:30,67.13,68.8,67.13,68.03,11702
2009-12-01 00:00:00+05:30,68.03,69.57,68.03,68.63,15190
2009-12-02 00:00:00+05:30,68.7,69.63,68.33,69.13,12239
2009-12-03 00:00:00+05:30,70.27,72.0,69.33,69.83,39349
2009-12-04 00:00:00+05:30,69.53,70.67,68.33,69.4,11017
2009-12-07 00:00:00+05:30,69.7,71.33,68.5,68.8,22108
2009-12-08 00:00:00+05:30,68.73,70.4,68.73,69.47,11804
2009-12-09 00:00:00+05:30,70.0,73.67,69.0,70.8,36649
2009-12-10 00:00:00+05:30,71.33,72.67,70.83,71.43,35870
2009-12-11 00:00:00+05:30,72.0,72.6,69.27,69.8,16091
2009-12-14 00:00:00+05:30,70.57,71.63,69.7,70.5,18296
2009-12-15 00:00:00+05:30,70.7,73.17,69.67,70.47,67045
2009-12-16 00:00:00+05:30,70.6,70.6,69.07,69.83,19582
2009-12-17 00:00:00+05:30,69.5,70.43,69.33,69.67,6479
2009-12-18 00:00:00+05:30,70.53,70.63,69.33,69.83,15982
2009-12-21 00:00:00+05:30,70.67,71.0,69.7,70.2,21014
2009-12-22 00:00:00+05:30,71.33,71.7,70.67,71.17,22376
2009-12-23 00:00:00+05:30,70.83,75.2,70.83,72.63,94288
2009-12-24 00:00:00+05:30,74.27,74.27,71.7,72.1,18916
2009-12-29 00:00:00+05:30,73.2,73.57,72.27,72.43,16880
2009-12-30 00:00:00+05:30,72.4,73.3,72.17,72.7,21229
2009-12-31 00:00:00+05:30,73.2,75.67,72.0,72.43,137311
2010-01-04 00:00:00+05:30,74.67,78.93,73.33,77.27,300820
2010-01-05 00:00:00+05:30,78.93,80.67,77.7,79.97,335942
2010-01-06 00:00:00+05:30,81.33,84.67,80.67,81.67,314773
2010-01-07 00:00:00+05:30,82.63,83.97,81.13,82.7,127541
2010-01-08 00:00:00+05:30,82.73,85.33,80.93,82.13,186377
2010-01-11 00:00:00+05:30,82.67,83.3,80.67,81.5,63596
2010-01-12 00:00:00+05:30,83.07,83.07,76.9,78.1,74993
2010-01-13 00:00:00+05:30,76.03,78.83,74.83,77.73,40505
2010-01-14 00:00:00+05:30,77.4,80.33,76.67,78.93,37264
2010-01-15 00:00:00+05:30,79.33,89.33,79.33,82.03,204887
2010-01-18 00:00:00+05:30,82.1,83.33,80.0,80.63,38768
2010-01-19 00:00:00+05:30,80.07,82.7,80.07,80.57,45817
2010-01-20 00:00:00+05:30,80.33,81.63,79.0,79.4,35845
2010-01-21 00:00:00+05:30,79.07,86.27,79.07,80.53,468917
2010-01-22 00:00:00+05:30,78.83,79.33,76.7,78.37,68704
2010-01-25 00:00:00+05:30,77.37,78.0,74.73,77.07,37556
2010-01-27 00:00:00+05:30,77.33,77.33,72.4,72.67,45794
2010-01-28 00:00:00+05:30,72.07,75.63,72.0,72.27,38728
2010-01-29 00:00:00+05:30,71.67,76.63,70.93,75.97,68426
2010-02-01 00:00:00+05:30,76.0,79.33,75.8,78.23,55015
2010-02-02 00:00:00+05:30,78.33,79.9,76.1,76.73,44524
2010-02-03 00:00:00+05:30,77.33,79.27,77.33,78.2,46267
2010-02-04 00:00:00+05:30,79.7,82.33,78.0,79.27,97957
2010-02-05 00:00:00+05:30,77.27,78.0,75.67,76.7,36377
2010-02-06 00:00:00+05:30,79.93,79.93,77.03,77.77,3481
2010-02-08 00:00:00+05:30,78.0,79.3,76.03,78.07,22964
2010-02-09 00:00:00+05:30,77.83,79.17,77.67,78.33,16423
2010-02-10 00:00:00+05:30,78.67,79.8,77.67,78.63,22334
2010-02-11 00:00:00+05:30,79.63,79.67,78.07,78.63,8326
2010-02-15 00:00:00+05:30,80.0,80.67,78.03,78.37,10526
2010-02-16 00:00:00+05:30,78.23,79.23,76.8,77.8,20840
2010-02-17 00:00:00+05:30,78.0,78.97,76.1,76.8,22498
2010-02-18 00:00:00+05:30,76.83,80.0,76.67,77.37,15733
2010-02-19 00:00:00+05:30,77.03,78.0,76.37,77.5,22601
2010-02-22 00:00:00+05:30,77.97,77.97,75.7,76.63,43072
2010-02-23 00:00:00+05:30,76.67,76.87,75.33,75.77,18991
2010-02-24 00:00:00+05:30,75.4,75.67,74.37,74.53,24890
2010-02-25 00:00:00+05:30,75.33,76.53,73.53,73.73,9340
2010-02-26 00:00:00+05:30,73.53,76.0,73.33,74.83,28468
2010-03-02 00:00:00+05:30,76.0,84.13,75.37,79.13,97199
2010-03-03 00:00:00+05:30,78.67,80.33,78.67,79.27,18206
2010-03-04 00:00:00+05:30,80.67,81.17,78.77,79.33,30403
2010-03-05 00:00:00+05:30,78.73,80.37,78.7,79.23,26731
2010-03-08 00:00:00+05:30,79.67,81.33,79.43,80.5,22546
2010-03-09 00:00:00+05:30,80.0,80.63,78.67,79.03,15968
2010-03-10 00:00:00+05:30,78.67,80.0,78.67,79.23,13742
2010-03-11 00:00:00+05:30,78.8,79.13,78.03,78.17,10397
2010-03-12 00:00:00+05:30,78.0,78.33,76.67,76.77,15145
2010-03-15 00:00:00+05:30,77.33,78.0,76.67,77.33,12832
2010-03-16 00:00:00+05:30,78.0,78.0,76.33,76.8,26618
2010-03-17 00:00:00+05:30,78.0,78.0,76.57,76.8,29191
2010-03-18 00:00:00+05:30,77.13,77.73,77.1,77.4,11102
2010-03-19 00:00:00+05:30,77.33,77.87,77.03,77.17,7636
2010-03-22 00:00:00+05:30,77.33,77.9,76.73,77.13,9325
2010-03-23 00:00:00+05:30,77.33,78.0,76.83,77.23,20305
2010-03-25 00:00:00+05:30,77.33,79.0,77.0,78.5,32675
2010-03-26 00:00:00+05:30,78.6,80.0,77.07,77.87,23528
2010-03-29 00:00:00+05:30,79.33,82.33,79.0,80.13,124729
2010-03-30 00:00:00+05:30,80.67,82.4,77.4,80.07,26281
2010-03-31 00:00:00+05:30,80.87,81.33,78.87,79.07,19001
2010-04-01 00:00:00+05:30,79.67,82.0,79.33,81.53,50714
2010-04-05 00:00:00+05:30,83.33,83.33,82.13,83.07,110981
2010-04-06 00:00:00+05:30,83.33,83.63,82.0,82.2,74396
2010-04-07 00:00:00+05:30,83.27,88.13,82.67,86.2,628787
2010-04-08 00:00:00+05:30,86.6,87.0,83.93,84.3,148081
2010-04-09 00:00:00+05:30,85.83,85.83,82.83,83.3,78541
2010-04-12 00:00:00+05:30,85.33,85.33,82.1,82.5,42551
2010-04-13 00:00:00+05:30,83.33,83.33,82.0,82.3,89546
2010-04-15 00:00:00+05:30,82.2,83.33,81.0,81.47,60809
2010-04-16 00:00:00+05:30,82.6,82.6,80.47,80.63,21709
2010-04-19 00:00:00+05:30,80.0,80.97,79.33,80.27,25082
2010-04-20 00:00:00+05:30,80.03,81.13,79.67,79.97,20665
2010-04-21 00:00:00+05:30,80.4,82.5,79.4,80.2,88567
2010-04-22 00:00:00+05:30,81.0,81.73,80.37,80.97,32651
2010-04-23 00:00:00+05:30,81.33,82.33,80.4,81.4,30031
2010-04-26 00:00:00+05:30,83.3,83.33,81.33,81.77,64961
2010-04-27 00:00:00+05:30,82.97,84.83,80.67,83.2,386134
2010-04-28 00:00:00+05:30,84.27,84.27,79.2,79.93,180721
2010-04-29 00:00:00+05:30,80.07,82.87,80.0,81.5,110221
2010-04-30 00:00:00+05:30,82.0,83.2,80.43,80.9,95107
2010-05-03 00:00:00+05:30,80.8,82.93,79.7,80.2,79409
2010-05-04 00:00:00+05:30,81.67,83.0,78.27,78.87,111709
2010-05-05 00:00:00+05:30,78.67,78.73,76.77,78.37,51566
2010-05-06 00:00:00+05:30,78.37,79.33,77.33,78.53,33505
2010-05-07 00:00:00+05:30,76.87,77.87,75.73,76.33,50054
2010-05-10 00:00:00+05:30,76.93,80.67,76.93,80.07,39554
2010-05-11 00:00:00+05:30,80.73,81.97,78.93,80.2,31057
2010-05-12 00:00:00+05:30,81.0,81.3,79.47,79.9,27484
2010-05-13 00:00:00+05:30,80.97,80.97,77.7,78.03,41884
2010-05-14 00:00:00+05:30,77.33,79.3,76.1,76.6,28364
2010-05-17 00:00:00+05:30,79.93,79.93,75.37,76.47,56605
2010-05-18 00:00:00+05:30,76.0,78.33,76.0,77.97,21506
2010-05-19 00:00:00+05:30,76.73,78.33,75.4,75.73,25696
2010-05-20 00:00:00+05:30,78.0,78.0,75.8,76.17,15244
2010-05-21 00:00:00+05:30,75.33,75.33,73.4,74.77,29819
2010-05-24 00:00:00+05:30,75.33,77.1,72.9,73.43,67592
2010-05-25 00:00:00+05:30,72.07,74.53,71.43,72.27,46697
2010-05-26 00:00:00+05:30,74.33,74.33,72.67,73.53,12904
2010-05-27 00:00:00+05:30,75.33,75.83,73.73,75.47,15757
2010-05-28 00:00:00+05:30,76.47,77.87,75.03,76.57,40544
2010-05-31 00:00:00+05:30,76.6,77.87,75.67,77.13,60110
2010-06-01 00:00:00+05:30,77.97,79.33,77.17,77.33,67364
2010-06-02 00:00:00+05:30,78.47,78.47,77.27,77.6,42032
2010-06-03 00:00:00+05:30,79.2,79.6,77.57,78.3,106190
2010-06-04 00:00:00+05:30,78.0,78.6,77.37,77.93,43142
2010-06-07 00:00:00+05:30,75.53,77.67,73.97,77.33,38086
2010-06-08 00:00:00+05:30,77.33,78.27,77.2,77.73,29123
2010-06-09 00:00:00+05:30,78.0,78.33,77.03,77.37,20965
2010-06-10 00:00:00+05:30,77.07,77.93,77.07,77.43,13232
2010-06-11 00:00:00+05:30,77.4,80.0,77.27,77.63,46739
2010-06-14 00:00:00+05:30,78.17,78.8,77.8,78.0,26749
2010-06-15 00:00:00+05:30,77.87,79.17,77.87,78.8,23482
2010-06-16 00:00:00+05:30,79.43,79.43,78.33,78.67,11275
2010-06-17 00:00:00+05:30,78.7,79.0,77.87,78.0,17021
2010-06-18 00:00:00+05:30,78.23,78.33,77.37,77.67,8083
2010-06-21 00:00:00+05:30,77.83,79.33,77.83,79.0,27275
2010-06-22 00:00:00+05:30,78.67,79.13,78.07,78.77,9848
2010-06-23 00:00:00+05:30,78.9,82.13,78.43,80.5,34070
2010-06-24 00:00:00+05:30,80.6,82.0,80.07,80.97,19010
2010-06-25 00:00:00+05:30,81.57,81.8,80.0,80.17,26533
2010-06-28 00:00:00+05:30,80.0,81.27,79.8,79.83,10181
2010-06-29 00:00:00+05:30,80.0,80.7,79.27,80.1,35767
2010-06-30 00:00:00+05:30,79.93,85.93,79.43,81.93,1242538
2010-07-01 00:00:00+05:30,81.93,83.0,80.8,81.7,109370
2010-07-02 00:00:00+05:30,82.0,82.33,80.3,80.67,52811
2010-07-05 00:00:00+05:30,82.0,82.0,79.4,79.93,40157
2010-07-06 00:00:00+05:30,80.2,80.63,79.63,80.13,38549
2010-07-07 00:00:00+05:30,79.03,81.07,79.0,79.63,47609
2010-07-08 00:00:00+05:30,81.67,82.2,80.13,80.23,31183
2010-07-09 00:00:00+05:30,79.8,82.33,79.8,80.77,54001
2010-07-12 00:00:00+05:30,81.67,81.67,79.4,80.33,47098
2010-07-13 00:00:00+05:30,79.53,82.67,79.53,82.17,96938
2010-07-14 00:00:00+05:30,83.13,83.5,82.17,82.33,128095
2010-07-15 00:00:00+05:30,82.47,83.33,81.77,82.9,73436
2010-07-16 00:00:00+05:30,82.67,83.33,82.43,82.73,57491
2010-07-19 00:00:00+05:30,83.1,84.33,82.67,83.3,107375
2010-07-20 00:00:00+05:30,84.0,85.0,83.33,83.83,233494
2010-07-21 00:00:00+05:30,84.0,84.67,84.0,84.5,97085
2010-07-22 00:00:00+05:30,84.83,89.2,84.0,85.8,693235
2010-07-23 00:00:00+05:30,87.33,88.0,85.03,85.8,233476
2010-07-26 00:00:00+05:30,86.83,86.83,84.33,84.67,69878
2010-07-27 00:00:00+05:30,85.33,86.27,84.33,85.3,76030
2010-07-28 00:00:00+05:30,85.3,85.67,83.97,84.1,48904
2010-07-29 00:00:00+05:30,84.0,85.27,83.67,84.43,68650
2010-07-30 00:00:00+05:30,83.8,85.7,83.8,84.9,52180
2010-08-02 00:00:00+05:30,85.33,86.6,85.1,85.5,94052
2010-08-03 00:00:00+05:30,86.13,86.6,84.0,85.1,80000
2010-08-04 00:00:00+05:30,85.67,86.6,84.83,86.27,119033
2010-08-05 00:00:00+05:30,86.67,88.0,86.0,86.33,232210
2010-08-06 00:00:00+05:30,86.33,88.0,86.33,87.27,133687
2010-08-09 00:00:00+05:30,88.0,89.47,87.0,89.03,265021
2010-08-10 00:00:00+05:30,89.37,90.0,87.8,88.13,277505
2010-08-11 00:00:00+05:30,89.27,91.87,86.33,87.87,660950
2010-08-12 00:00:00+05:30,86.0,86.33,84.03,85.3,342269
2010-08-13 00:00:00+05:30,86.0,86.47,84.53,84.8,110443
2010-08-16 00:00:00+05:30,85.57,85.6,84.07,84.43,86420
2010-08-17 00:00:00+05:30,84.67,85.33,84.07,84.8,101770
2010-08-18 00:00:00+05:30,84.1,86.6,84.1,85.7,105944
2010-08-19 00:00:00+05:30,85.33,87.67,85.0,86.83,120197
2010-08-20 00:00:00+05:30,85.53,89.27,85.5,88.57,195802
2010-08-23 00:00:00+05:30,89.63,94.47,89.1,93.57,651566
2010-08-24 00:00:00+05:30,94.0,95.63,91.2,91.53,466777
2010-08-25 00:00:00+05:30,91.33,92.47,89.17,90.17,178346
2010-08-26 00:00:00+05:30,90.83,91.6,88.87,89.63,172292
2010-08-27 00:00:00+05:30,90.33,92.13,89.0,89.47,198382
2010-08-30 00:00:00+05:30,91.6,92.4,89.73,90.7,242131
2010-08-31 00:00:00+05:30,90.1,91.53,88.2,89.23,234073
2010-09-01 00:00:00+05:30,87.13,87.13,84.07,85.23,169271
2010-09-02 00:00:00+05:30,85.87,88.17,85.33,87.03,274844
2010-09-03 00:00:00+05:30,86.0,89.6,86.0,88.37,239135
2010-09-06 00:00:00+05:30,89.33,89.73,88.6,88.77,174830
2010-09-07 00:00:00+05:30,89.3,89.3,87.33,87.6,89081
2010-09-08 00:00:00+05:30,86.67,88.27,86.67,86.73,75578
2010-09-09 00:00:00+05:30,87.6,90.13,87.03,88.97,335276
2010-09-13 00:00:00+05:30,88.07,89.87,87.5,87.8,85988
2010-09-14 00:00:00+05:30,86.87,89.6,86.87,88.2,137576
2010-09-15 00:00:00+05:30,88.7,90.0,88.33,88.83,260867
2010-09-16 00:00:00+05:30,89.33,106.6,89.07,98.53,8801684
2010-09-17 00:00:00+05:30,99.87,102.93,96.2,100.03,2682730
2010-09-20 00:00:00+05:30,101.2,109.47,99.4,105.2,3135259
2010-09-21 00:00:00+05:30,105.97,106.53,98.17,99.0,691150
2010-09-22 00:00:00+05:30,99.97,100.97,93.33,95.07,774454
2010-09-23 00:00:00+05:30,95.93,98.57,93.8,95.07,315313
2010-09-24 00:00:00+05:30,95.93,99.83,94.0,99.17,594634
2010-09-27 00:00:00+05:30,100.6,100.97,95.83,97.1,290398
2010-09-28 00:00:00+05:30,97.67,97.97,94.73,95.47,199094
2010-09-29 00:00:00+05:30,96.0,96.47,93.47,94.07,110969
2010-09-30 00:00:00+05:30,94.93,97.37,93.33,95.57,271058
2010-10-01 00:00:00+05:30,96.0,97.33,95.5,95.93,152878
2010-10-04 00:00:00+05:30,96.03,97.33,93.33,93.83,145381
2010-10-05 00:00:00+05:30,94.37,95.07,93.37,93.87,118391
2010-10-06 00:00:00+05:30,95.2,96.27,93.13,93.87,278875
2010-10-07 00:00:00+05:30,94.73,98.8,93.73,95.33,679504
2010-10-08 00:00:00+05:30,95.47,97.13,94.8,95.7,164729
2010-10-11 00:00:00+05:30,98.37,102.93,97.37,101.37,1310306
2010-10-12 00:00:00+05:30,102.53,105.67,101.07,101.97,916547
2010-10-13 00:00:00+05:30,102.67,108.5,102.23,107.77,1394497
2010-10-14 00:00:00+05:30,109.07,124.9,108.83,119.33,7128026
2010-10-15 00:00:00+05:30,120.37,125.2,116.17,117.2,2350621
2010-10-18 00:00:00+05:30,117.53,118.27,109.1,113.7,926801
2010-10-19 00:00:00+05:30,115.33,117.6,110.9,112.0,903863
2010-10-20 00:00:00+05:30,111.43,113.1,107.0,107.77,485879
2010-10-21 00:00:00+05:30,109.13,110.97,107.43,108.5,317176
2010-10-22 00:00:00+05:30,109.27,113.27,108.73,109.83,534859
2010-10-25 00:00:00+05:30,110.63,116.67,109.4,115.53,1106108
2010-10-26 00:00:00+05:30,117.0,122.5,114.67,121.3,1755670
2010-10-27 00:00:00+05:30,121.93,122.17,116.77,118.87,796835
2010-10-28 00:00:00+05:30,119.47,119.87,114.0,114.83,353317
2010-10-29 00:00:00+05:30,116.33,119.67,109.37,113.17,882539
2010-11-01 00:00:00+05:30,114.07,119.27,114.0,117.1,556909
2010-11-02 00:00:00+05:30,117.33,122.2,116.37,119.9,901871
2010-11-03 00:00:00+05:30,120.67,124.5,120.33,121.0,874271
2010-11-04 00:00:00+05:30,121.83,122.6,119.43,120.43,296990
2010-11-05 00:00:00+05:30,121.4,122.33,120.67,121.33,125513
2010-11-08 00:00:00+05:30,121.83,123.3,118.77,121.9,561437
2010-11-09 00:00:00+05:30,121.9,122.67,114.4,116.33,691076
2010-11-10 00:00:00+05:30,116.27,116.27,111.63,112.43,701398
2010-11-11 00:00:00+05:30,113.33,116.13,110.7,111.53,406274
2010-11-12 00:00:00+05:30,112.0,112.53,107.33,108.37,346004
2010-11-15 00:00:00+05:30,109.0,109.83,100.67,102.83,600626
2010-11-16 00:00:00+05:30,103.0,105.87,97.33,97.77,472210
2010-11-18 00:00:00+05:30,98.33,99.1,93.0,96.17,403361
2010-11-19 00:00:00+05:30,97.57,98.63,92.23,93.3,336166
2010-11-22 00:00:00+05:30,93.9,95.97,93.67,95.03,231736
2010-11-23 00:00:00+05:30,94.4,94.93,89.0,92.33,213920
2010-11-24 00:00:00+05:30,91.33,96.47,90.77,92.2,263576
2010-11-25 00:00:00+05:30,92.17,93.3,88.83,89.77,188104
2010-11-26 00:00:00+05:30,90.0,90.7,83.0,87.93,271036
2010-11-29 00:00:00+05:30,87.67,92.67,84.43,91.77,192832
2010-11-30 00:00:00+05:30,92.0,92.67,89.47,91.67,126265
2010-12-01 00:00:00+05:30,89.4,98.53,89.4,96.7,568174
2010-12-02 00:00:00+05:30,97.63,99.2,96.13,97.13,245899
2010-12-03 00:00:00+05:30,97.7,97.7,91.0,91.57,152839
2010-12-06 00:00:00+05:30,92.53,94.27,91.77,92.67,114730
2010-12-07 00:00:00+05:30,91.07,94.33,87.7,88.57,216103
2010-12-08 00:00:00+05:30,88.53,88.53,86.0,86.57,91799
2010-12-09 00:00:00+05:30,86.67,87.27,79.27,80.17,202967
2010-12-10 00:00:00+05:30,78.0,85.13,78.0,84.37,101549
2010-12-13 00:00:00+05:30,84.4,89.67,84.4,88.77,114263
2010-12-14 00:00:00+05:30,88.73,92.07,86.0,90.93,181403
2010-12-15 00:00:00+05:30,91.13,92.07,86.83,87.93,115699
2010-12-16 00:00:00+05:30,87.97,88.47,85.13,86.63,51467
2010-12-20 00:00:00+05:30,86.0,88.53,85.33,86.03,39712
2010-12-21 00:00:00+05:30,85.53,88.33,85.53,87.23,42626
2010-12-22 00:00:00+05:30,86.77,92.6,86.77,91.1,269557
2010-12-23 00:00:00+05:30,91.67,92.4,89.4,91.03,132086
2010-12-24 00:00:00+05:30,90.47,90.47,87.37,88.1,78295
2010-12-27 00:00:00+05:30,89.3,90.0,88.33,88.93,54104
2010-12-28 00:00:00+05:30,88.33,89.67,87.67,88.03,55643
2010-12-29 00:00:00+05:30,88.03,90.57,88.03,88.43,47513
2010-12-30 00:00:00+05:30,88.67,89.9,88.0,88.6,21722
2010-12-31 00:00:00+05:30,88.2,92.93,88.2,91.17,139624
2011-01-03 00:00:00+05:30,92.6,95.13,91.4,93.2,94276
2011-01-04 00:00:00+05:30,93.5,94.67,92.13,92.63,65075
2011-01-05 00:00:00+05:30,92.33,94.0,90.07,90.83,63509
2011-01-06 00:00:00+05:30,91.0,92.1,89.37,89.9,39793
2011-01-07 00:00:00+05:30,89.53,90.53,86.93,87.23,45758
2011-01-10 00:00:00+05:30,86.67,88.27,84.73,85.2,50645
2011-01-11 00:00:00+05:30,80.4,86.67,80.4,83.5,37942
2011-01-12 00:00:00+05:30,84.0,87.13,84.0,86.57,62785
2011-01-13 00:00:00+05:30,86.2,87.2,84.73,85.4,32315
2011-01-14 00:00:00+05:30,85.33,86.47,83.47,84.1,37414
2011-01-17 00:00:00+05:30,86.1,87.13,84.0,84.8,68644
2011-01-18 00:00:00+05:30,80.4,86.13,80.4,83.67,21301
2011-01-19 00:00:00+05:30,84.0,86.0,83.87,84.37,59804
2011-01-20 00:00:00+05:30,84.33,85.53,83.63,85.07,25960
2011-01-21 00:00:00+05:30,85.93,87.33,85.33,86.17,56476
2011-01-24 00:00:00+05:30,85.4,88.23,85.4,86.93,45364
2011-01-25 00:00:00+05:30,88.6,88.6,86.0,87.0,17557
2011-01-27 00:00:00+05:30,86.67,86.67,84.37,84.63,21400
2011-01-28 00:00:00+05:30,83.6,84.63,80.73,81.53,45628
2011-01-31 00:00:00+05:30,81.53,81.53,78.23,79.0,68039
2011-02-01 00:00:00+05:30,79.33,80.6,77.37,77.5,74785
2011-02-02 00:00:00+05:30,80.0,80.0,76.33,76.7,52021
2011-02-03 00:00:00+05:30,76.7,76.7,74.43,75.03,100226
2011-02-04 00:00:00+05:30,76.07,77.43,75.33,75.6,104117
2011-02-07 00:00:00+05:30,73.3,76.47,69.6,73.13,110984
2011-02-08 00:00:00+05:30,73.0,73.0,65.6,65.97,160468
2011-02-09 00:00:00+05:30,65.33,66.0,60.07,61.5,113179
2011-02-10 00:00:00+05:30,60.73,61.53,58.37,59.07,219887
2011-02-11 00:00:00+05:30,59.67,60.57,56.67,58.3,282592
2011-02-14 00:00:00+05:30,58.7,62.93,58.7,62.37,327370
2011-02-15 00:00:00+05:30,62.4,68.53,61.0,65.07,441005
2011-02-16 00:00:00+05:30,64.93,67.33,64.03,66.03,215339
2011-02-17 00:00:00+05:30,66.9,68.47,64.73,65.27,273736
2011-02-18 00:00:00+05:30,64.73,65.97,61.7,62.13,110447
2011-02-21 00:00:00+05:30,62.4,62.93,60.73,62.57,69209
2011-02-22 00:00:00+05:30,61.4,63.13,60.83,62.0,54052
2011-02-23 00:00:00+05:30,62.5,62.6,61.47,61.7,39574
2011-02-24 00:00:00+05:30,61.33,62.0,59.33,60.17,78457
2011-02-25 00:00:00+05:30,61.0,61.0,59.8,60.17,26645
2011-02-28 00:00:00+05:30,60.73,61.63,59.6,61.27,38447
2011-03-01 00:00:00+05:30,61.13,62.97,61.03,62.77,47489
2011-03-03 00:00:00+05:30,63.27,63.9,62.13,62.9,45974
2011-03-04 00:00:00+05:30,62.53,64.93,62.53,63.27,112607
2011-03-07 00:00:00+05:30,63.47,64.6,61.33,61.93,64739
2011-03-08 00:00:00+05:30,62.5,63.17,61.33,61.67,87044
2011-03-09 00:00:00+05:30,61.83,63.13,61.4,61.67,54781
2011-03-10 00:00:00+05:30,61.4,62.33,61.27,61.7,47210
2011-03-11 00:00:00+05:30,60.67,61.67,59.4,59.93,53071
2011-03-14 00:00:00+05:30,61.33,61.33,59.33,59.57,43802
2011-03-15 00:00:00+05:30,58.67,60.0,58.0,59.1,62740
2011-03-16 00:00:00+05:30,59.33,60.0,58.67,59.07,51910
2011-03-17 00:00:00+05:30,58.33,59.63,58.33,58.9,26351
2011-03-18 00:00:00+05:30,59.67,59.67,59.0,59.17,27149
2011-03-21 00:00:00+05:30,59.67,59.67,58.67,59.0,39020
2011-03-22 00:00:00+05:30,58.67,59.6,58.67,59.33,20762
2011-03-23 00:00:00+05:30,59.33,61.7,59.33,60.27,76516
2011-03-24 00:00:00+05:30,60.33,61.17,60.0,60.4,27143
2011-03-25 00:00:00+05:30,60.0,62.27,60.0,61.13,59513
2011-03-28 00:00:00+05:30,61.33,62.4,60.73,61.33,83311
2011-03-29 00:00:00+05:30,61.33,64.77,61.33,61.87,233566
2011-03-30 00:00:00+05:30,62.03,62.93,61.33,62.5,98596
2011-03-31 00:00:00+05:30,63.27,65.3,61.73,62.23,116957
2011-04-01 00:00:00+05:30,62.57,64.43,61.97,63.97,60368
2011-04-04 00:00:00+05:30,63.97,67.87,63.97,66.43,224618
2011-04-05 00:00:00+05:30,66.7,69.0,65.07,67.53,174602
2011-04-06 00:00:00+05:30,68.27,69.53,67.73,68.63,94015
2011-04-07 00:00:00+05:30,68.77,73.43,68.77,72.63,207382
2011-04-08 00:00:00+05:30,73.97,75.27,71.03,71.37,382490
2011-04-11 00:00:00+05:30,71.3,71.67,69.87,70.2,56249
2011-04-13 00:00:00+05:30,70.1,71.97,69.5,70.73,68921
2011-04-15 00:00:00+05:30,70.4,72.97,70.1,70.97,134152
2011-04-18 00:00:00+05:30,70.67,72.1,70.33,70.57,61562
2011-04-19 00:00:00+05:30,70.57,72.47,69.5,70.73,56338
2011-04-20 00:00:00+05:30,71.33,72.5,70.33,70.63,41491
2011-04-21 00:00:00+05:30,71.0,71.67,70.4,70.6,24062
2011-04-25 00:00:00+05:30,71.5,71.5,70.7,70.9,21409
2011-04-26 00:00:00+05:30,71.33,74.07,69.53,71.77,163679
2011-04-27 00:00:00+05:30,72.13,74.6,71.5,72.6,137365
2011-04-28 00:00:00+05:30,72.67,77.53,71.67,74.83,717530
2011-04-29 00:00:00+05:30,75.33,76.6,72.7,73.3,252215
2011-05-02 00:00:00+05:30,73.9,73.9,71.0,71.17,44504
2011-05-03 00:00:00+05:30,70.73,71.33,68.1,68.47,66325
2011-05-04 00:00:00+05:30,68.73,69.27,67.1,67.77,30356
2011-05-05 00:00:00+05:30,67.37,69.6,67.0,67.07,44783
2011-05-06 00:00:00+05:30,66.33,68.87,66.33,68.0,50839
2011-05-09 00:00:00+05:30,67.33,69.3,67.13,67.63,31930
2011-05-10 00:00:00+05:30,67.87,69.0,67.17,67.47,31027
2011-05-11 00:00:00+05:30,67.53,68.87,67.27,67.7,18223
2011-05-12 00:00:00+05:30,67.23,68.67,67.23,67.53,27379
2011-05-13 00:00:00+05:30,67.67,68.67,67.67,68.2,13862
2011-05-16 00:00:00+05:30,69.93,70.0,67.83,68.03,35419
2011-05-17 00:00:00+05:30,67.47,68.7,67.47,67.63,14771
2011-05-18 00:00:00+05:30,67.43,67.83,66.4,66.9,20770
2011-05-19 00:00:00+05:30,66.33,68.0,66.07,66.23,32005
2011-05-20 00:00:00+05:30,66.43,68.6,66.0,67.33,28529
2011-05-23 00:00:00+05:30,66.8,69.73,66.17,67.87,209123
2011-05-24 00:00:00+05:30,68.67,71.13,67.43,68.17,176746
2011-05-25 00:00:00+05:30,68.67,69.33,67.77,68.43,91573
2011-05-26 00:00:00+05:30,68.6,69.23,68.2,68.63,25580
2011-05-27 00:00:00+05:30,68.9,69.6,68.0,68.63,36178
2011-05-30 00:00:00+05:30,68.67,70.67,68.1,69.67,34373
2011-05-31 00:00:00+05:30,69.23,72.0,69.23,70.83,105043
2011-06-01 00:00:00+05:30,71.0,72.17,70.87,71.33,47761
2011-06-02 00:00:00+05:30,70.67,73.0,70.0,71.83,67441
2011-06-03 00:00:00+05:30,70.33,73.13,70.33,71.57,41641
2011-06-06 00:00:00+05:30,71.8,72.0,71.33,71.6,22186
2011-06-07 00:00:00+05:30,71.67,72.4,71.33,71.4,37180
2011-06-08 00:00:00+05:30,71.57,72.27,71.57,71.97,22325
2011-06-09 00:00:00+05:30,71.73,72.27,71.33,71.67,19315
2011-06-10 00:00:00+05:30,71.4,71.87,69.47,70.1,78158
2011-06-13 00:00:00+05:30,71.23,71.27,70.33,70.7,17101
2011-06-14 00:00:00+05:30,71.0,72.23,70.67,71.67,40816
2011-06-15 00:00:00+05:30,71.1,74.0,71.1,71.57,97568
2011-06-16 00:00:00+05:30,71.33,73.03,70.73,72.17,58463
2011-06-17 00:00:00+05:30,71.87,73.0,71.17,71.3,70744
2011-06-20 00:00:00+05:30,70.8,71.8,66.8,68.37,76175
2011-06-21 00:00:00+05:30,68.33,69.67,68.33,68.5,51599
2011-06-22 00:00:00+05:30,68.47,70.33,68.47,68.83,74222
2011-06-23 00:00:00+05:30,68.0,69.3,67.7,68.63,28166
2011-06-24 00:00:00+05:30,69.63,70.77,69.07,70.4,40126
2011-06-27 00:00:00+05:30,70.67,72.0,70.33,71.23,41443
2011-06-28 00:00:00+05:30,71.8,72.03,70.97,71.47,35620
2011-06-29 00:00:00+05:30,72.0,72.8,71.67,72.5,33251
2011-06-30 00:00:00+05:30,72.33,73.9,72.27,73.13,65998
2011-07-01 00:00:00+05:30,73.33,75.17,73.33,73.93,104335
2011-07-04 00:00:00+05:30,73.33,75.1,73.33,74.57,105413
2011-07-05 00:00:00+05:30,71.33,71.33,68.27,69.13,103676
2011-07-06 00:00:00+05:30,68.0,69.27,67.67,68.63,32900
2011-07-07 00:00:00+05:30,68.6,69.23,68.6,68.9,25760
2011-07-08 00:00:00+05:30,68.07,69.0,67.87,68.03,20572
2011-07-11 00:00:00+05:30,68.47,68.47,66.73,67.2,19357
2011-07-12 00:00:00+05:30,66.67,67.17,65.07,65.33,38173
2011-07-13 00:00:00+05:30,65.7,67.6,65.57,67.2,55492
2011-07-14 00:00:00+05:30,67.67,68.97,67.07,67.57,43042
2011-07-15 00:00:00+05:30,67.03,67.87,66.67,66.87,23324
2011-07-18 00:00:00+05:30,67.3,67.67,66.77,67.03,12994
2011-07-19 00:00:00+05:30,67.17,67.77,66.27,66.5,22982
2011-07-20 00:00:00+05:30,67.93,67.93,66.07,66.37,16834
2011-07-21 00:00:00+05:30,66.37,66.8,65.47,65.63,13319
2011-07-22 00:00:00+05:30,65.5,66.53,65.2,65.63,13646
2011-07-25 00:00:00+05:30,64.97,66.57,64.77,65.03,17182
2011-07-26 00:00:00+05:30,65.33,65.87,64.5,64.7,17344
2011-07-27 00:00:00+05:30,64.5,65.33,64.0,64.1,17069
2011-07-28 00:00:00+05:30,64.33,64.33,63.07,63.3,16615
2011-07-29 00:00:00+05:30,63.57,64.0,63.0,63.13,17018
2011-08-01 00:00:00+05:30,63.8,63.93,62.07,62.37,9926
2011-08-02 00:00:00+05:30,63.03,63.33,62.07,62.2,25024
2011-08-03 00:00:00+05:30,61.87,62.0,59.67,60.43,30494
2011-08-04 00:00:00+05:30,61.1,62.93,61.1,61.43,21503
2011-08-05 00:00:00+05:30,60.83,60.83,59.33,60.03,63682
2011-08-08 00:00:00+05:30,58.67,60.6,56.8,58.63,32816
2011-08-09 00:00:00+05:30,55.37,59.17,55.37,58.37,36977
2011-08-10 00:00:00+05:30,59.0,61.17,59.0,60.1,29140
2011-08-11 00:00:00+05:30,59.33,60.63,59.0,60.43,15199
2011-08-12 00:00:00+05:30,59.53,61.0,59.53,60.1,23522
2011-08-16 00:00:00+05:30,60.77,61.0,57.37,58.63,25927
2011-08-17 00:00:00+05:30,58.0,59.3,56.97,57.3,24091
2011-08-18 00:00:00+05:30,57.5,58.27,56.7,56.83,24761
2011-08-19 00:00:00+05:30,54.27,57.33,54.27,56.47,27077
2011-08-22 00:00:00+05:30,57.8,58.0,55.97,57.3,22316
2011-08-23 00:00:00+05:30,57.33,59.97,56.67,58.57,14695
2011-08-24 00:00:00+05:30,58.97,59.67,58.07,58.23,17249
2011-08-25 00:00:00+05:30,58.33,59.27,57.07,57.43,8392
2011-08-26 00:00:00+05:30,56.77,58.53,56.03,56.3,10543
2011-08-29 00:00:00+05:30,55.37,58.13,55.37,57.8,9115
2011-08-30 00:00:00+05:30,57.8,59.33,57.8,58.57,10771
2011-09-02 00:00:00+05:30,58.6,59.1,57.67,58.43,15359
2011-09-05 00:00:00+05:30,58.13,58.9,57.73,58.5,6370
2011-09-06 00:00:00+05:30,58.53,59.07,58.1,58.8,15343
2011-09-07 00:00:00+05:30,58.93,60.13,58.93,59.5,14909
2011-09-08 00:00:00+05:30,60.0,60.83,59.73,60.0,32240
2011-09-09 00:00:00+05:30,59.93,60.97,58.67,58.97,31433
2011-09-12 00:00:00+05:30,58.67,59.13,58.13,58.77,23887
2011-09-13 00:00:00+05:30,58.87,59.9,58.67,58.83,10327
2011-09-14 00:00:00+05:30,58.93,59.33,58.67,59.23,15740
2011-09-15 00:00:00+05:30,58.8,59.63,58.8,59.53,5699
2011-09-16 00:00:00+05:30,59.1,59.87,58.33,58.6,18353
2011-09-19 00:00:00+05:30,58.7,59.6,58.67,59.33,10261
2011-09-20 00:00:00+05:30,58.77,59.67,58.7,59.13,13381
2011-09-21 00:00:00+05:30,59.0,59.57,58.33,58.6,40297
2011-09-22 00:00:00+05:30,58.67,58.9,57.33,57.57,33418
2011-09-23 00:00:00+05:30,57.33,58.6,56.67,57.47,25348
2011-09-26 00:00:00+05:30,58.0,58.4,56.73,57.03,14998
2011-09-27 00:00:00+05:30,57.47,58.33,57.47,57.67,6746
2011-09-28 00:00:00+05:30,58.0,58.33,57.67,58.0,5930
2011-09-29 00:00:00+05:30,58.07,58.07,56.87,57.17,9382
2011-09-30 00:00:00+05:30,56.0,57.4,55.73,57.07,10784
2011-10-03 00:00:00+05:30,57.33,57.33,56.13,56.47,9922
2011-10-04 00:00:00+05:30,55.87,57.27,55.67,56.53,4034
2011-10-05 00:00:00+05:30,55.4,57.13,55.4,55.97,11138
2011-10-07 00:00:00+05:30,58.2,58.2,56.67,56.7,13993
2011-10-10 00:00:00+05:30,56.73,57.8,56.67,57.47,10430
2011-10-11 00:00:00+05:30,57.67,58.0,56.77,57.63,7204
2011-10-12 00:00:00+05:30,58.0,58.13,57.07,57.77,5012
2011-10-13 00:00:00+05:30,58.63,59.03,57.67,58.63,11345
2011-10-14 00:00:00+05:30,58.33,59.33,56.0,58.2,11327
2011-10-17 00:00:00+05:30,58.67,59.33,58.0,58.47,8141
2011-10-18 00:00:00+05:30,58.1,58.57,57.4,57.83,2753
2011-10-19 00:00:00+05:30,58.83,59.27,57.77,58.1,9328
2011-10-20 00:00:00+05:30,57.33,58.4,56.77,57.67,5801
2011-10-21 00:00:00+05:30,57.2,58.4,57.13,57.8,17827
2011-10-24 00:00:00+05:30,57.93,58.6,57.73,57.93,5032
2011-10-25 00:00:00+05:30,57.67,57.67,56.77,57.2,22456
2011-10-26 00:00:00+05:30,57.2,58.67,57.2,58.0,2051
2011-10-28 00:00:00+05:30,57.63,60.0,57.63,59.4,16151
2011-10-31 00:00:00+05:30,59.67,59.67,58.6,58.8,19961
2011-11-01 00:00:00+05:30,59.2,59.33,58.47,58.73,7682
2011-11-02 00:00:00+05:30,59.33,59.33,58.3,58.83,7184
2011-11-03 00:00:00+05:30,58.97,58.97,58.2,58.2,8947
2011-11-04 00:00:00+05:30,59.0,59.17,57.87,58.07,19567
2011-11-08 00:00:00+05:30,58.8,59.23,58.3,58.67,22216
2011-11-09 00:00:00+05:30,58.33,58.67,57.67,57.93,11551
2011-11-11 00:00:00+05:30,57.33,58.27,56.67,56.83,16549
2011-11-14 00:00:00+05:30,57.53,57.53,55.7,55.97,12125
2011-11-15 00:00:00+05:30,56.03,56.03,54.33,54.67,16397
2011-11-16 00:00:00+05:30,54.37,55.13,54.0,54.13,14618
2011-11-17 00:00:00+05:30,54.87,55.23,53.4,53.6,11810
2011-11-18 00:00:00+05:30,53.1,53.97,52.0,52.5,18362
2011-11-21 00:00:00+05:30,52.33,52.7,51.87,52.17,8111
2011-11-22 00:00:00+05:30,52.07,53.4,51.7,51.87,19904
2011-11-23 00:00:00+05:30,51.4,52.47,50.73,51.6,10630
2011-11-24 00:00:00+05:30,50.67,53.3,50.07,53.07,9277
2011-11-25 00:00:00+05:30,52.0,54.0,51.6,53.03,9896
2011-11-28 00:00:00+05:30,54.0,55.2,53.53,54.67,20743
2011-11-29 00:00:00+05:30,55.57,56.57,53.0,53.87,57443
2011-11-30 00:00:00+05:30,53.33,53.33,51.33,52.1,14300
2011-12-01 00:00:00+05:30,54.63,54.63,52.8,53.27,6257
2011-12-02 00:00:00+05:30,52.33,54.0,51.67,53.17,8144
2011-12-05 00:00:00+05:30,52.8,54.27,52.8,53.13,6413
2011-12-07 00:00:00+05:30,53.0,54.0,52.33,53.67,10471
2011-12-08 00:00:00+05:30,53.47,60.0,53.1,53.83,22106
2011-12-09 00:00:00+05:30,53.0,53.0,52.07,52.53,9109
2011-12-12 00:00:00+05:30,52.67,53.33,50.67,51.4,10489
2011-12-13 00:00:00+05:30,51.4,52.17,51.03,51.87,5776
2011-12-14 00:00:00+05:30,51.87,52.33,50.73,51.3,4501
2011-12-15 00:00:00+05:30,50.77,50.8,50.07,50.43,5401
2011-12-16 00:00:00+05:30,50.1,52.0,50.0,50.37,7637
2011-12-19 00:00:00+05:30,49.33,50.0,48.0,48.9,12200
2011-12-20 00:00:00+05:30,49.33,49.33,47.4,48.0,13664
2011-12-21 00:00:00+05:30,48.67,48.93,47.0,47.87,25531
2011-12-22 00:00:00+05:30,47.0,48.8,47.0,48.13,6496
2011-12-23 00:00:00+05:30,48.4,49.67,48.4,49.37,7280
2011-12-26 00:00:00+05:30,50.63,50.63,48.4,49.37,5425
2011-12-27 00:00:00+05:30,48.9,49.8,48.33,48.5,7399
2011-12-28 00:00:00+05:30,48.53,48.93,47.87,48.17,9521
2011-12-29 00:00:00+05:30,47.33,48.63,47.33,48.37,6643
2011-12-30 00:00:00+05:30,47.57,48.93,47.57,48.7,3532
2012-01-02 00:00:00+05:30,48.97,49.3,47.07,47.6,9250
2012-01-03 00:00:00+05:30,46.8,49.97,46.8,49.17,9392
2012-01-04 00:00:00+05:30,48.8,50.73,48.8,50.4,8128
2012-01-05 00:00:00+05:30,50.0,50.67,49.9,50.23,12749
2012-01-06 00:00:00+05:30,50.27,52.0,49.4,51.23,10045
2012-01-07 00:00:00+05:30,51.33,52.0,51.3,51.67,4735
2012-01-09 00:00:00+05:30,51.97,54.37,51.43,54.1,32404
2012-01-10 00:00:00+05:30,56.47,58.0,54.77,54.97,43103
2012-01-11 00:00:00+05:30,56.63,56.67,55.0,55.77,23795
2012-01-12 00:00:00+05:30,55.67,56.57,55.33,56.33,10673
2012-01-13 00:00:00+05:30,56.67,57.67,56.0,56.7,12781
2012-01-16 00:00:00+05:30,56.37,57.27,56.0,56.5,7813
2012-01-17 00:00:00+05:30,56.9,57.1,56.17,56.67,9943
2012-01-18 00:00:00+05:30,56.23,56.67,55.83,55.9,4729
2012-01-19 00:00:00+05:30,55.43,56.5,55.43,55.63,7307
2012-01-20 00:00:00+05:30,55.33,56.57,53.83,55.23,10691
2012-01-23 00:00:00+05:30,55.9,56.0,55.33,55.77,5033
2012-01-24 00:00:00+05:30,55.33,56.5,55.33,56.33,4498
2012-01-25 00:00:00+05:30,56.33,56.7,55.5,55.63,13639
2012-01-27 00:00:00+05:30,56.6,58.0,55.9,56.73,20684
2012-01-30 00:00:00+05:30,56.5,57.73,56.13,56.73,31472
2012-01-31 00:00:00+05:30,56.03,58.97,55.53,58.33,23735
2012-02-01 00:00:00+05:30,57.67,60.23,56.67,58.8,45020
2012-02-02 00:00:00+05:30,60.33,62.27,57.67,59.2,25477
2012-02-03 00:00:00+05:30,62.23,63.97,60.67,61.17,115612
2012-02-06 00:00:00+05:30,62.1,62.33,60.73,61.33,31099
2012-02-07 00:00:00+05:30,61.27,61.67,60.0,60.17,26509
2012-02-08 00:00:00+05:30,61.67,63.0,61.33,61.53,46619
2012-02-09 00:00:00+05:30,62.03,62.9,61.73,62.2,25238
2012-02-10 00:00:00+05:30,62.07,62.83,61.33,61.4,23971
2012-02-13 00:00:00+05:30,62.33,62.33,61.33,61.9,9551
2012-02-14 00:00:00+05:30,62.67,62.67,61.0,61.67,33280
2012-02-15 00:00:00+05:30,61.7,62.27,60.73,61.77,31658
2012-02-16 00:00:00+05:30,62.5,62.53,61.53,61.87,19561
2012-02-17 00:00:00+05:30,62.0,64.33,62.0,62.43,32189
2012-02-21 00:00:00+05:30,63.27,64.0,61.73,62.97,15032
2012-02-22 00:00:00+05:30,62.53,62.67,60.8,61.17,17917
2012-02-23 00:00:00+05:30,60.73,62.0,60.0,61.13,17309
2012-02-24 00:00:00+05:30,61.33,61.57,60.17,61.27,23785
2012-02-27 00:00:00+05:30,60.67,60.67,59.0,59.3,18419
2012-02-28 00:00:00+05:30,59.07,60.0,58.77,59.67,9205
2012-02-29 00:00:00+05:30,59.67,63.0,59.67,61.03,66373
2012-03-01 00:00:00+05:30,60.67,61.33,60.2,60.6,3121
2012-03-02 00:00:00+05:30,61.9,62.0,59.67,60.03,10468
2012-03-03 00:00:00+05:30,59.33,60.33,58.67,60.13,3946
2012-03-05 00:00:00+05:30,59.6,67.33,59.6,61.97,76030
2012-03-06 00:00:00+05:30,62.0,62.87,61.33,61.37,14702
2012-03-07 00:00:00+05:30,60.67,61.17,60.03,60.7,12175
2012-03-09 00:00:00+05:30,61.03,61.67,59.4,60.63,10150
2012-03-12 00:00:00+05:30,60.33,61.33,60.3,60.47,5743
2012-03-13 00:00:00+05:30,60.2,61.33,60.07,60.7,17233
2012-03-14 00:00:00+05:30,60.87,61.03,60.0,60.13,11171
2012-03-15 00:00:00+05:30,59.47,60.13,59.0,59.37,5368
2012-03-16 00:00:00+05:30,58.93,60.6,58.93,59.5,5420
2012-03-19 00:00:00+05:30,59.1,59.7,58.77,59.13,8968
2012-03-20 00:00:00+05:30,58.67,60.0,58.5,59.13,11303
2012-03-21 00:00:00+05:30,58.67,60.33,58.67,59.03,6790
2012-03-22 00:00:00+05:30,58.93,60.0,58.57,58.93,6494
2012-03-23 00:00:00+05:30,58.53,60.43,58.2,58.6,3476
2012-03-26 00:00:00+05:30,58.53,58.53,57.67,57.67,10060
2012-03-27 00:00:00+05:30,57.63,57.63,55.83,57.27,9388
2012-03-28 00:00:00+05:30,57.33,57.33,56.17,56.4,5968
2012-03-29 00:00:00+05:30,55.5,57.5,55.4,57.13,10367
2012-03-30 00:00:00+05:30,57.93,59.0,56.8,58.27,15046
2012-04-02 00:00:00+05:30,59.6,59.6,58.03,59.0,5455
2012-04-03 00:00:00+05:30,59.93,60.4,58.97,60.07,3722
2012-04-04 00:00:00+05:30,59.33,59.93,58.43,59.4,8614
2012-04-09 00:00:00+05:30,59.0,59.33,58.73,58.97,3824
2012-04-10 00:00:00+05:30,58.87,58.87,58.17,58.3,9106
2012-04-11 00:00:00+05:30,59.33,64.47,58.07,60.23,24767
2012-04-12 00:00:00+05:30,60.63,62.13,60.63,60.9,20785
2012-04-13 00:00:00+05:30,60.67,61.13,59.33,59.43,22264
2012-04-16 00:00:00+05:30,59.83,59.87,59.2,59.37,7264
2012-04-17 00:00:00+05:30,59.53,59.6,58.4,59.0,8464
2012-04-18 00:00:00+05:30,59.63,60.5,59.33,59.5,8071
2012-04-19 00:00:00+05:30,58.13,60.4,58.13,60.03,8732
2012-04-20 00:00:00+05:30,60.0,60.6,59.5,60.23,7295
2012-04-23 00:00:00+05:30,60.0,61.6,59.13,59.37,14329
2012-04-24 00:00:00+05:30,59.57,60.0,59.57,59.6,3074
2012-04-25 00:00:00+05:30,59.7,59.93,57.33,58.27,21721
2012-04-26 00:00:00+05:30,59.0,59.0,56.9,57.47,7879
2012-04-27 00:00:00+05:30,58.0,58.67,56.67,57.37,9931
2012-04-28 00:00:00+05:30,57.6,57.6,57.37,57.5,194
2012-04-30 00:00:00+05:30,58.6,59.2,57.53,58.1,7538
2012-05-02 00:00:00+05:30,58.33,58.67,58.0,58.43,6106
2012-05-03 00:00:00+05:30,58.63,58.67,57.5,58.0,1616
2012-05-04 00:00:00+05:30,57.37,57.47,56.67,56.93,12760
2012-05-07 00:00:00+05:30,56.1,57.63,55.57,57.3,7456
2012-05-08 00:00:00+05:30,57.43,57.5,56.27,56.47,10793
2012-05-09 00:00:00+05:30,55.67,57.0,55.67,56.2,8930
2012-05-10 00:00:00+05:30,57.0,57.0,54.8,55.9,15629
2012-05-11 00:00:00+05:30,55.63,55.9,54.93,55.53,7204
2012-05-14 00:00:00+05:30,56.33,56.67,55.07,55.67,11002
2012-05-15 00:00:00+05:30,55.37,56.6,54.8,56.03,13255
2012-05-16 00:00:00+05:30,56.0,56.63,54.47,55.2,9526
2012-05-17 00:00:00+05:30,56.0,56.43,55.33,55.4,10579
2012-05-18 00:00:00+05:30,54.87,56.27,54.77,56.0,5407
2012-05-21 00:00:00+05:30,56.83,57.0,55.73,56.37,7204
2012-05-22 00:00:00+05:30,56.97,57.33,56.43,56.67,13807
2012-05-23 00:00:00+05:30,57.0,57.53,56.37,56.53,7937
2012-05-24 00:00:00+05:30,57.83,57.83,55.5,57.6,26666
2012-05-25 00:00:00+05:30,59.0,59.67,58.0,58.2,37685
2012-05-28 00:00:00+05:30,59.33,59.33,58.47,58.83,5419
2012-05-29 00:00:00+05:30,59.9,59.93,58.73,59.23,14506
2012-05-30 00:00:00+05:30,58.8,59.17,58.0,58.1,8917
2012-05-31 00:00:00+05:30,62.27,62.27,57.67,58.4,5764
2012-06-01 00:00:00+05:30,58.2,58.57,57.0,57.4,17510
2012-06-04 00:00:00+05:30,57.23,58.33,54.63,57.5,22178
2012-06-05 00:00:00+05:30,57.4,58.23,56.07,57.43,8153
2012-06-06 00:00:00+05:30,57.73,58.23,57.67,58.07,6137
2012-06-07 00:00:00+05:30,58.67,59.3,58.3,59.0,15883
2012-06-08 00:00:00+05:30,59.0,59.73,58.7,59.27,10669
2012-06-11 00:00:00+05:30,60.03,60.3,59.67,59.87,18269
2012-06-12 00:00:00+05:30,59.93,59.93,59.23,59.33,14213
2012-06-13 00:00:00+05:30,59.97,59.97,59.07,59.2,9055
2012-06-14 00:00:00+05:30,59.33,59.77,59.0,59.0,12836
2012-06-15 00:00:00+05:30,58.7,59.4,58.7,59.27,8413
2012-06-18 00:00:00+05:30,59.87,60.27,58.0,58.17,27146
2012-06-19 00:00:00+05:30,59.0,59.63,58.63,59.13,10997
2012-06-20 00:00:00+05:30,59.57,59.93,59.07,59.3,12940
2012-06-21 00:00:00+05:30,59.27,59.93,59.27,59.6,13399
2012-06-22 00:00:00+05:30,59.67,60.33,59.37,60.2,22313
2012-06-25 00:00:00+05:30,60.33,61.2,59.9,60.13,27079
2012-06-26 00:00:00+05:30,60.23,60.9,60.0,60.3,20542
2012-06-27 00:00:00+05:30,61.67,63.03,61.33,62.8,84931
2012-06-28 00:00:00+05:30,63.23,65.0,62.7,64.27,154952
2012-06-29 00:00:00+05:30,64.6,64.67,63.83,64.4,33901
2012-07-02 00:00:00+05:30,63.33,65.0,63.0,64.0,37606
2012-07-03 00:00:00+05:30,63.93,65.33,63.93,64.77,36518
2012-07-04 00:00:00+05:30,64.83,65.27,64.53,64.8,26636
2012-07-05 00:00:00+05:30,65.3,65.33,64.67,64.9,30709
2012-07-06 00:00:00+05:30,63.67,65.73,62.2,65.07,19150
2012-07-09 00:00:00+05:30,64.8,66.0,64.8,65.6,26974
2012-07-10 00:00:00+05:30,65.93,66.6,64.0,65.73,40289
2012-07-11 00:00:00+05:30,66.2,66.33,65.2,65.47,23162
2012-07-12 00:00:00+05:30,64.8,65.87,64.0,64.67,61598
2012-07-13 00:00:00+05:30,65.37,65.6,64.33,64.53,24863
2012-07-16 00:00:00+05:30,64.33,65.33,63.8,63.97,40469
2012-07-17 00:00:00+05:30,64.2,64.87,63.07,63.3,53012
2012-07-18 00:00:00+05:30,63.33,63.5,61.93,62.53,49985
2012-07-19 00:00:00+05:30,62.83,65.77,62.83,65.2,235831
2012-07-20 00:00:00+05:30,66.73,67.8,60.13,60.73,801736
2012-07-23 00:00:00+05:30,60.53,60.67,57.53,57.87,73504
2012-07-24 00:00:00+05:30,58.0,59.17,56.73,57.3,72791
2012-07-25 00:00:00+05:30,56.93,57.17,55.27,55.63,43060
2012-07-26 00:00:00+05:30,55.93,56.3,54.13,54.4,28958
2012-07-27 00:00:00+05:30,54.8,56.27,54.17,54.67,53126
2012-07-30 00:00:00+05:30,54.77,55.6,54.67,55.33,21871
2012-07-31 00:00:00+05:30,55.0,55.6,54.83,55.37,16972
2012-08-01 00:00:00+05:30,55.4,56.33,55.4,56.03,13933
2012-08-02 00:00:00+05:30,55.97,57.07,55.8,56.03,22324
2012-08-03 00:00:00+05:30,56.33,57.27,55.67,56.73,18460
2012-08-06 00:00:00+05:30,57.33,57.97,56.47,57.7,39059
2012-08-07 00:00:00+05:30,58.67,58.67,57.3,58.33,37816
2012-08-08 00:00:00+05:30,59.13,59.97,57.33,58.1,74326
2012-08-09 00:00:00+05:30,56.67,57.67,55.2,55.77,31205
2012-08-10 00:00:00+05:30,55.33,55.9,54.67,54.83,32348
2012-08-13 00:00:00+05:30,55.0,55.33,54.0,55.2,9725
2012-08-14 00:00:00+05:30,55.23,55.67,54.73,54.93,14945
2012-08-16 00:00:00+05:30,55.33,55.5,54.7,55.07,11308
2012-08-17 00:00:00+05:30,55.93,55.97,54.7,54.9,16001
2012-08-21 00:00:00+05:30,55.5,55.53,54.27,54.53,19585
2012-08-22 00:00:00+05:30,54.67,54.97,54.33,54.63,7358
2012-08-23 00:00:00+05:30,54.83,55.23,53.67,54.03,11750
2012-08-24 00:00:00+05:30,53.93,56.33,53.33,53.93,48661
2012-08-27 00:00:00+05:30,53.8,54.77,52.33,52.83,25174
2012-08-28 00:00:00+05:30,52.87,53.67,51.4,52.47,47465
2012-08-29 00:00:00+05:30,52.0,52.4,51.17,51.87,19009
2012-08-30 00:00:00+05:30,51.5,51.9,51.13,51.8,13747
2012-08-31 00:00:00+05:30,51.33,52.67,50.67,52.0,9251
2012-09-03 00:00:00+05:30,53.2,53.2,51.97,52.97,10234
2012-09-04 00:00:00+05:30,53.07,53.63,53.0,53.43,10154
2012-09-05 00:00:00+05:30,52.73,53.8,52.7,53.33,18011
2012-09-06 00:00:00+05:30,53.0,54.2,52.5,53.9,19745
2012-09-07 00:00:00+05:30,53.53,58.97,53.53,57.83,146674
2012-09-08 00:00:00+05:30,58.37,61.93,58.0,60.83,69158
2012-09-10 00:00:00+05:30,62.8,65.0,62.03,62.63,1039549
2012-09-11 00:00:00+05:30,61.87,62.67,59.87,60.17,99700
2012-09-12 00:00:00+05:30,61.03,62.43,59.57,59.83,128087
2012-09-13 00:00:00+05:30,59.67,60.93,57.9,58.23,82454
2012-09-14 00:00:00+05:30,59.2,59.33,57.67,58.1,62023
2012-09-17 00:00:00+05:30,58.57,59.27,56.77,57.63,36686
2012-09-18 00:00:00+05:30,57.67,59.23,56.97,58.73,33251
2012-09-20 00:00:00+05:30,58.57,58.67,57.4,57.87,19972
2012-09-21 00:00:00+05:30,58.0,58.67,57.73,58.27,19891
2012-09-24 00:00:00+05:30,58.67,58.87,58.17,58.43,18578
2012-09-25 00:00:00+05:30,58.2,59.43,58.0,58.6,22972
2012-09-26 00:00:00+05:30,58.33,59.27,58.0,58.63,21967
2012-09-27 00:00:00+05:30,58.6,59.27,58.17,58.3,12956
2012-09-28 00:00:00+05:30,58.33,59.3,58.13,58.47,26692
2012-10-01 00:00:00+05:30,58.47,60.87,58.3,60.57,70625
2012-10-03 00:00:00+05:30,61.2,61.73,60.0,60.7,44798
2012-10-04 00:00:00+05:30,61.23,61.27,60.07,60.33,30353
2012-10-05 00:00:00+05:30,60.2,60.97,58.67,59.2,41456
2012-10-08 00:00:00+05:30,60.6,60.6,58.7,58.83,20077
2012-10-09 00:00:00+05:30,59.77,61.33,59.33,60.73,51085
2012-10-10 00:00:00+05:30,61.53,62.87,59.43,59.9,103718
2012-10-11 00:00:00+05:30,59.9,60.97,59.03,59.73,43238
2012-10-12 00:00:00+05:30,60.07,60.5,59.23,59.47,16393
2012-10-15 00:00:00+05:30,60.33,60.4,59.07,59.3,22649
2012-10-16 00:00:00+05:30,59.8,61.57,59.03,60.57,91118
2012-10-17 00:00:00+05:30,61.2,61.2,59.57,59.73,7889
2012-10-18 00:00:00+05:30,59.5,61.0,59.47,60.23,33094
2012-10-19 00:00:00+05:30,59.53,61.13,59.5,59.6,23153
2012-10-22 00:00:00+05:30,59.5,60.3,58.17,58.9,49091
2012-10-23 00:00:00+05:30,59.97,60.27,58.77,58.8,8989
2012-10-25 00:00:00+05:30,59.8,59.8,58.1,59.27,24301
2012-10-26 00:00:00+05:30,58.73,59.57,56.93,57.77,33064
2012-10-29 00:00:00+05:30,57.63,58.47,57.6,57.8,10754
2012-10-30 00:00:00+05:30,57.87,58.6,57.4,57.9,13195
2012-10-31 00:00:00+05:30,57.67,59.8,57.33,58.97,30310
2012-11-01 00:00:00+05:30,58.67,59.2,57.27,57.47,27097
2012-11-02 00:00:00+05:30,58.43,58.47,57.47,57.67,9442
2012-11-05 00:00:00+05:30,57.73,58.83,57.33,57.6,14206
2012-11-06 00:00:00+05:30,59.87,61.53,56.53,56.7,33238
2012-11-07 00:00:00+05:30,56.7,58.0,56.03,56.57,27683
2012-11-08 00:00:00+05:30,56.87,56.87,55.47,56.1,34243
2012-11-09 00:00:00+05:30,55.33,56.67,54.67,55.4,31828
2012-11-12 00:00:00+05:30,54.67,55.33,52.67,53.4,53932
2012-11-13 00:00:00+05:30,54.0,54.0,53.53,53.83,12002
2012-11-15 00:00:00+05:30,53.9,53.93,52.67,53.43,15151
2012-11-16 00:00:00+05:30,53.27,53.87,53.03,53.3,21436
2012-11-19 00:00:00+05:30,53.27,53.67,52.8,53.37,8638
2012-11-20 00:00:00+05:30,53.03,53.8,51.67,51.83,16363
2012-11-21 00:00:00+05:30,51.63,52.6,50.67,50.97,34837
2012-11-22 00:00:00+05:30,52.0,52.03,50.67,50.9,35429
2012-11-23 00:00:00+05:30,51.17,51.3,50.73,51.0,17212
2012-11-26 00:00:00+05:30,51.0,52.0,50.67,50.83,17321
2012-11-27 00:00:00+05:30,51.0,51.17,50.87,51.1,26530
2012-11-29 00:00:00+05:30,51.17,52.6,51.03,52.07,26131
2012-11-30 00:00:00+05:30,52.5,53.0,51.83,52.7,18439
2012-12-03 00:00:00+05:30,53.0,54.07,52.67,53.73,24139
2012-12-04 00:00:00+05:30,53.53,54.3,53.33,53.53,22060
2012-12-05 00:00:00+05:30,53.87,54.0,53.33,53.77,24971
2012-12-06 00:00:00+05:30,53.73,55.27,53.33,54.7,54515
2012-12-07 00:00:00+05:30,54.73,54.73,52.17,52.9,37061
2012-12-10 00:00:00+05:30,52.93,54.23,52.7,53.33,23363
2012-12-11 00:00:00+05:30,53.33,53.73,52.3,52.57,21724
2012-12-12 00:00:00+05:30,52.63,54.0,52.47,52.93,37756
2012-12-13 00:00:00+05:30,53.17,53.87,51.8,51.9,19841
2012-12-14 00:00:00+05:30,52.0,52.5,51.73,52.2,13646
2012-12-17 00:00:00+05:30,52.37,52.97,51.67,52.3,7180
2012-12-18 00:00:00+05:30,52.67,53.2,51.8,52.73,12320
2012-12-19 00:00:00+05:30,53.2,53.23,51.83,52.0,18421
2012-12-20 00:00:00+05:30,53.2,53.23,51.83,52.17,17959
2012-12-21 00:00:00+05:30,51.83,52.27,51.67,51.83,9059
2012-12-24 00:00:00+05:30,51.67,53.23,51.47,52.8,9713
2012-12-26 00:00:00+05:30,52.4,52.67,52.13,52.43,10537
2012-12-27 00:00:00+05:30,52.3,52.67,51.8,51.9,11243
2012-12-28 00:00:00+05:30,51.8,52.33,51.7,51.9,17935
2012-12-31 00:00:00+05:30,51.67,53.1,51.4,52.43,13834
2013-01-01 00:00:00+05:30,53.2,53.23,52.5,52.77,13711
2013-01-02 00:00:00+05:30,53.0,53.63,52.77,53.13,24107
2013-01-03 00:00:00+05:30,53.07,53.63,53.03,53.43,18469
2013-01-04 00:00:00+05:30,53.67,54.13,53.27,53.37,18961
2013-01-07 00:00:00+05:30,53.33,54.37,53.33,53.97,20222
2013-01-08 00:00:00+05:30,53.73,54.23,53.47,53.63,7691
2013-01-09 00:00:00+05:30,53.53,54.07,52.73,53.13,17186
2013-01-10 00:00:00+05:30,53.33,54.03,52.47,52.7,16433
2013-01-11 00:00:00+05:30,53.2,53.2,52.2,52.37,7979
2013-01-14 00:00:00+05:30,52.27,52.97,52.27,52.37,5746
2013-01-15 00:00:00+05:30,52.13,53.3,52.13,52.73,6001
2013-01-16 00:00:00+05:30,53.0,53.0,52.2,52.43,8132
2013-01-17 00:00:00+05:30,52.27,52.77,51.77,51.97,14473
2013-01-18 00:00:00+05:30,52.57,52.57,51.8,51.93,7730
2013-01-21 00:00:00+05:30,51.9,52.33,51.8,52.1,4159
2013-01-22 00:00:00+05:30,51.83,52.33,51.43,51.8,10232
2013-01-23 00:00:00+05:30,51.8,52.03,51.33,51.37,10730
2013-01-24 00:00:00+05:30,51.43,51.97,50.67,51.3,15970
2013-01-25 00:00:00+05:30,51.0,51.27,50.3,50.8,24185
2013-01-28 00:00:00+05:30,50.07,51.57,50.07,50.87,10807
2013-01-29 00:00:00+05:30,51.33,51.87,51.2,51.6,15475
2013-01-30 00:00:00+05:30,52.0,52.6,50.77,51.77,7931
2013-01-31 00:00:00+05:30,51.4,51.63,51.13,51.27,4159
2013-02-01 00:00:00+05:30,51.6,52.27,51.23,51.33,7052
2013-02-04 00:00:00+05:30,51.37,52.0,50.13,50.77,9736
2013-02-05 00:00:00+05:30,53.2,53.2,50.2,50.33,13124
2013-02-06 00:00:00+05:30,50.0,50.43,49.2,49.3,46483
2013-02-07 00:00:00+05:30,49.4,49.4,48.33,48.53,34880
2013-02-08 00:00:00+05:30,48.67,49.33,46.33,46.63,26068
2013-02-11 00:00:00+05:30,46.47,47.3,45.93,46.1,20791
2013-02-12 00:00:00+05:30,46.57,48.5,44.8,45.2,15439
2013-02-13 00:00:00+05:30,45.2,45.5,44.8,45.03,15614
2013-02-14 00:00:00+05:30,44.87,45.87,43.53,43.7,14197
2013-02-15 00:00:00+05:30,44.33,44.37,42.67,42.93,32126
2013-02-18 00:00:00+05:30,43.33,44.67,43.33,43.77,14189
2013-02-19 00:00:00+05:30,43.83,44.1,43.73,43.97,11440
2013-02-20 00:00:00+05:30,44.6,44.6,43.67,44.37,26311
2013-02-21 00:00:00+05:30,44.0,44.67,43.67,43.93,10081
2013-02-22 00:00:00+05:30,43.73,44.57,43.17,44.07,15271
2013-02-25 00:00:00+05:30,45.0,45.27,43.97,44.3,30278
2013-02-26 00:00:00+05:30,45.4,48.27,43.33,43.77,14654
2013-02-27 00:00:00+05:30,44.0,44.93,43.03,43.3,30247
2013-02-28 00:00:00+05:30,43.33,44.27,42.07,42.57,18617
2013-03-01 00:00:00+05:30,44.07,44.07,42.33,42.37,15173
2013-03-04 00:00:00+05:30,43.33,43.67,41.33,41.5,19298
2013-03-05 00:00:00+05:30,42.03,42.6,41.53,42.4,8636
2013-03-06 00:00:00+05:30,42.23,43.3,42.23,43.13,7042
2013-03-07 00:00:00+05:30,43.03,43.73,43.03,43.33,3371
2013-03-08 00:00:00+05:30,43.77,47.7,43.5,46.5,62249
2013-03-11 00:00:00+05:30,46.0,51.73,45.0,51.13,135076
2013-03-12 00:00:00+05:30,54.5,56.57,52.47,54.8,1753046
2013-03-13 00:00:00+05:30,54.33,54.33,51.03,51.67,193484
2013-03-14 00:00:00+05:30,51.6,52.03,49.73,50.3,74044
2013-03-15 00:00:00+05:30,50.03,51.87,49.0,50.0,74477
2013-03-18 00:00:00+05:30,49.37,49.8,47.03,47.83,35072
2013-03-19 00:00:00+05:30,47.37,47.7,46.17,46.43,42914
2013-03-20 00:00:00+05:30,46.17,46.33,43.83,44.17,32804
2013-03-21 00:00:00+05:30,44.63,45.97,43.5,44.2,44828
2013-03-22 00:00:00+05:30,43.67,44.47,42.0,43.9,47515
2013-03-25 00:00:00+05:30,43.53,44.7,43.1,43.67,27259
2013-03-26 00:00:00+05:30,43.33,44.77,43.17,44.4,12962
2013-03-28 00:00:00+05:30,43.57,46.4,43.53,45.83,38384
2013-04-01 00:00:00+05:30,45.67,47.83,45.67,47.07,23027
2013-04-02 00:00:00+05:30,47.33,48.93,46.7,48.0,27931
2013-04-03 00:00:00+05:30,47.73,48.47,46.4,47.0,14293
2013-04-04 00:00:00+05:30,47.03,47.03,44.73,44.9,22877
2013-04-05 00:00:00+05:30,45.03,45.83,44.6,44.87,12448
2013-04-08 00:00:00+05:30,45.0,46.43,44.93,45.4,16492
2013-04-09 00:00:00+05:30,46.07,46.07,44.43,44.8,8008
2013-04-10 00:00:00+05:30,44.33,45.63,44.33,45.17,3758
2013-04-11 00:00:00+05:30,45.93,47.13,45.33,46.93,27493
2013-04-12 00:00:00+05:30,46.67,46.93,45.2,45.47,18610
2013-04-15 00:00:00+05:30,44.77,46.43,44.7,45.67,10919
2013-04-16 00:00:00+05:30,45.03,45.87,44.7,45.2,16031
2013-04-17 00:00:00+05:30,45.7,46.6,45.53,45.9,10925
2013-04-18 00:00:00+05:30,45.4,47.6,45.0,46.23,52505
2013-04-22 00:00:00+05:30,46.3,46.67,45.5,45.8,15650
2013-04-23 00:00:00+05:30,46.63,46.63,45.67,45.77,6815
2013-04-25 00:00:00+05:30,46.07,46.1,45.47,45.73,8623
2013-04-26 00:00:00+05:30,45.67,46.0,45.1,45.2,8146
2013-04-29 00:00:00+05:30,45.03,45.83,45.0,45.4,6086
2013-04-30 00:00:00+05:30,45.37,45.43,45.1,45.33,6425
2013-05-02 00:00:00+05:30,46.1,46.5,45.7,46.33,8611
2013-05-03 00:00:00+05:30,46.3,46.3,45.23,45.67,7826
2013-05-06 00:00:00+05:30,45.33,47.0,45.33,45.9,8017
2013-05-07 00:00:00+05:30,45.7,46.6,45.67,46.27,7684
2013-05-08 00:00:00+05:30,46.0,47.13,45.9,46.37,11515
2013-05-09 00:00:00+05:30,46.67,46.97,45.1,45.3,21758
2013-05-10 00:00:00+05:30,44.83,46.0,44.83,45.47,6991
2013-05-11 00:00:00+05:30,45.13,46.67,45.07,46.43,1699
2013-05-13 00:00:00+05:30,46.03,46.07,45.33,45.5,5282
2013-05-14 00:00:00+05:30,45.67,46.33,43.87,44.47,33625
2013-05-15 00:00:00+05:30,44.9,45.33,44.4,44.77,19763
2013-05-16 00:00:00+05:30,45.13,45.97,44.93,45.03,14945
2013-05-17 00:00:00+05:30,45.0,45.67,44.87,45.33,19379
2013-05-20 00:00:00+05:30,45.1,45.83,45.1,45.33,8888
2013-05-21 00:00:00+05:30,45.33,45.63,45.27,45.43,5264
2013-05-22 00:00:00+05:30,45.87,46.1,44.13,44.3,28547
2013-05-23 00:00:00+05:30,44.1,45.3,43.63,44.27,14362
2013-05-24 00:00:00+05:30,44.23,45.33,44.13,45.03,5026
2013-05-27 00:00:00+05:30,46.0,46.0,44.67,45.37,10790
2013-05-28 00:00:00+05:30,45.0,45.0,44.1,44.17,17197
2013-05-29 00:00:00+05:30,44.0,44.1,42.73,43.03,11374
2013-05-30 00:00:00+05:30,42.67,42.87,42.07,42.37,15938
2013-05-31 00:00:00+05:30,42.4,42.53,41.87,42.13,14776
2013-06-03 00:00:00+05:30,41.67,41.97,40.67,40.73,13361
2013-06-04 00:00:00+05:30,40.8,41.33,40.67,41.0,7393
2013-06-05 00:00:00+05:30,40.73,41.33,40.5,40.73,6950
2013-06-06 00:00:00+05:30,40.4,40.87,40.13,40.4,8725
2013-06-07 00:00:00+05:30,40.4,40.63,40.03,40.2,13384
2013-06-10 00:00:00+05:30,40.0,40.43,39.47,39.57,7891
2013-06-11 00:00:00+05:30,39.33,39.83,38.3,38.5,10069
2013-06-12 00:00:00+05:30,39.13,39.13,38.13,38.5,10000
2013-06-13 00:00:00+05:30,38.13,38.53,37.83,38.07,12496
2013-06-14 00:00:00+05:30,37.83,38.63,37.03,37.73,11621
2013-06-17 00:00:00+05:30,38.0,38.33,37.6,38.2,7675
2013-06-18 00:00:00+05:30,38.17,39.03,38.17,38.6,5518
2013-06-19 00:00:00+05:30,38.67,39.93,38.03,38.93,8981
2013-06-20 00:00:00+05:30,38.67,39.0,38.27,38.5,7871
2013-06-21 00:00:00+05:30,38.53,38.97,36.67,37.27,12152
2013-06-24 00:00:00+05:30,39.93,39.93,36.67,36.77,6403
2013-06-25 00:00:00+05:30,36.67,36.67,35.1,35.8,9007
2013-06-26 00:00:00+05:30,35.8,36.6,35.67,35.97,6095
2013-06-27 00:00:00+05:30,36.17,36.5,36.07,36.1,8446
2013-06-28 00:00:00+05:30,37.0,37.77,36.03,36.87,5674
2013-07-01 00:00:00+05:30,37.93,37.93,36.87,37.23,4123
2013-07-02 00:00:00+05:30,36.97,37.43,35.73,36.97,8585
2013-07-03 00:00:00+05:30,37.0,37.0,36.0,36.13,4792
2013-07-04 00:00:00+05:30,36.6,36.8,35.97,36.37,5951
2013-07-05 00:00:00+05:30,36.6,37.23,36.4,36.77,7381
2013-07-08 00:00:00+05:30,36.77,36.93,36.33,36.4,4897
2013-07-09 00:00:00+05:30,36.3,37.57,36.3,36.63,4237
2013-07-10 00:00:00+05:30,36.63,37.33,36.23,36.6,3667
2013-07-11 00:00:00+05:30,36.33,37.23,36.2,37.17,9608
2013-07-12 00:00:00+05:30,37.0,37.83,36.67,37.7,7163
2013-07-15 00:00:00+05:30,36.7,37.67,36.7,37.5,3238
2013-07-16 00:00:00+05:30,37.47,37.97,37.0,37.73,9332
2013-07-17 00:00:00+05:30,37.33,37.33,36.9,37.1,4486
2013-07-18 00:00:00+05:30,37.23,37.33,37.2,37.3,1405
2013-07-19 00:00:00+05:30,37.67,37.67,37.07,37.13,4013
2013-07-22 00:00:00+05:30,37.8,38.0,37.07,37.83,6298
2013-07-23 00:00:00+05:30,37.33,37.93,37.03,37.1,6542
2013-07-24 00:00:00+05:30,36.9,37.43,36.03,36.27,4291
2013-07-25 00:00:00+05:30,36.0,36.0,34.37,35.03,15182
2013-07-26 00:00:00+05:30,35.07,36.33,33.67,33.8,3898
2013-07-29 00:00:00+05:30,34.47,34.6,33.37,33.77,4222
2013-07-30 00:00:00+05:30,33.53,33.8,33.13,33.47,1547
2013-07-31 00:00:00+05:30,32.67,33.0,32.07,32.47,10705
2013-08-01 00:00:00+05:30,32.47,33.47,31.13,31.57,14521
2013-08-02 00:00:00+05:30,31.4,32.13,31.37,31.43,5623
2013-08-05 00:00:00+05:30,31.67,33.3,31.13,31.33,5561
2013-08-06 00:00:00+05:30,31.0,31.0,30.03,30.33,6547
2013-08-07 00:00:00+05:30,30.0,31.33,29.53,30.9,6946
2013-08-08 00:00:00+05:30,30.4,32.27,30.4,32.0,9037
2013-08-12 00:00:00+05:30,32.57,33.0,31.9,32.6,9407
2013-08-13 00:00:00+05:30,33.6,35.0,33.03,34.57,22243
2013-08-14 00:00:00+05:30,34.0,34.0,32.33,32.67,26780
2013-08-16 00:00:00+05:30,32.37,32.97,31.9,32.13,14932
2013-08-19 00:00:00+05:30,31.9,31.9,30.47,31.23,13633
2013-08-20 00:00:00+05:30,30.93,31.5,29.73,30.93,8648
2013-08-21 00:00:00+05:30,31.33,32.67,31.07,31.27,7913
2013-08-22 00:00:00+05:30,30.67,32.0,30.23,31.5,6113
2013-08-23 00:00:00+05:30,31.07,32.13,30.83,31.23,8135
2013-08-26 00:00:00+05:30,31.67,32.7,31.27,31.6,2498
2013-08-27 00:00:00+05:30,31.27,31.6,30.87,30.9,4577
2013-08-28 00:00:00+05:30,30.67,32.8,29.6,29.9,12286
2013-08-29 00:00:00+05:30,30.0,30.53,29.8,30.33,4447
2013-08-30 00:00:00+05:30,30.0,31.23,29.87,30.03,12724
2013-09-02 00:00:00+05:30,29.87,30.97,29.87,30.4,5195
2013-09-03 00:00:00+05:30,30.43,31.0,30.07,30.2,8621
2013-09-04 00:00:00+05:30,29.83,30.83,29.67,30.8,23407
2013-09-05 00:00:00+05:30,30.5,33.93,30.33,31.57,15889
2013-09-06 00:00:00+05:30,32.33,32.63,31.33,32.27,16424
2013-09-10 00:00:00+05:30,32.0,32.73,32.0,32.53,10573
2013-09-11 00:00:00+05:30,32.67,33.17,32.33,32.97,6845
2013-09-12 00:00:00+05:30,32.8,33.67,32.73,33.2,12203
2013-09-13 00:00:00+05:30,33.33,34.63,33.2,34.2,18017
2013-09-16 00:00:00+05:30,34.33,34.67,34.23,34.4,19442
2013-09-17 00:00:00+05:30,33.97,33.97,32.17,32.43,12314
2013-09-18 00:00:00+05:30,32.63,33.27,32.33,32.43,6211
2013-09-19 00:00:00+05:30,32.4,32.8,32.0,32.33,20819
2013-09-20 00:00:00+05:30,32.43,32.57,31.4,31.6,4163
2013-09-23 00:00:00+05:30,31.6,33.27,31.37,31.77,10528
2013-09-24 00:00:00+05:30,31.83,32.43,31.0,31.33,11749
2013-09-25 00:00:00+05:30,31.43,31.7,30.67,30.87,21371
2013-09-26 00:00:00+05:30,30.9,30.9,30.07,30.2,9106
2013-09-27 00:00:00+05:30,30.07,30.57,29.67,29.73,7667
2013-09-30 00:00:00+05:30,30.0,30.0,29.67,29.77,6512
2013-10-01 00:00:00+05:30,30.1,30.43,29.87,29.87,7633
2013-10-03 00:00:00+05:30,29.9,31.33,29.9,31.03,9568
2013-10-04 00:00:00+05:30,30.67,31.3,30.13,31.13,4562
2013-10-07 00:00:00+05:30,31.13,31.77,30.73,31.27,3254
2013-10-08 00:00:00+05:30,31.33,31.67,31.07,31.47,2761
2013-10-09 00:00:00+05:30,31.33,31.77,31.33,31.57,5329
2013-10-10 00:00:00+05:30,31.37,34.6,31.07,34.0,34307
2013-10-11 00:00:00+05:30,34.23,35.73,33.6,35.0,28496
2013-10-14 00:00:00+05:30,35.57,35.67,34.7,35.27,11587
2013-10-15 00:00:00+05:30,35.57,36.53,34.57,35.27,47890
2013-10-17 00:00:00+05:30,35.6,40.2,35.23,39.37,216520
2013-10-18 00:00:00+05:30,40.2,40.2,36.73,37.13,345175
2013-10-21 00:00:00+05:30,38.0,38.0,36.23,36.73,26773
2013-10-22 00:00:00+05:30,36.67,37.5,36.23,36.7,25877
2013-10-23 00:00:00+05:30,36.9,36.9,35.83,35.97,14141
2013-10-24 00:00:00+05:30,35.73,36.2,35.1,35.23,19342
2013-10-25 00:00:00+05:30,35.37,35.67,34.9,35.0,18985
2013-10-28 00:00:00+05:30,35.43,35.43,34.0,34.53,14936
2013-10-29 00:00:00+05:30,34.6,34.9,34.1,34.73,14662
2013-10-30 00:00:00+05:30,34.67,35.0,34.27,34.53,12736
2013-10-31 00:00:00+05:30,34.4,35.0,34.23,34.73,10049
2013-11-01 00:00:00+05:30,34.77,37.03,34.53,36.67,63515
2013-11-03 00:00:00+05:30,36.33,36.93,35.33,36.0,9922
2013-11-05 00:00:00+05:30,35.67,37.97,35.37,37.2,48392
2013-11-06 00:00:00+05:30,36.53,37.53,36.53,37.0,11819
2013-11-07 00:00:00+05:30,36.8,36.93,35.67,35.77,12383
2013-11-08 00:00:00+05:30,35.47,36.23,35.33,35.73,24275
2013-11-11 00:00:00+05:30,35.33,35.93,34.53,34.7,35627
2013-11-12 00:00:00+05:30,34.33,35.17,34.27,34.6,8569
2013-11-13 00:00:00+05:30,34.67,34.67,33.87,33.97,9565
2013-11-14 00:00:00+05:30,34.0,35.57,34.0,35.0,10694
2013-11-18 00:00:00+05:30,35.33,35.33,34.33,34.8,5432
2013-11-19 00:00:00+05:30,34.83,35.13,34.2,35.03,11023
2013-11-20 00:00:00+05:30,34.73,36.5,34.7,35.8,28706
2013-11-21 00:00:00+05:30,36.47,36.93,35.53,36.07,41267
2013-11-22 00:00:00+05:30,37.13,37.13,35.6,35.87,8251
2013-11-25 00:00:00+05:30,36.33,36.33,35.0,35.43,5876
2013-11-26 00:00:00+05:30,35.37,35.97,35.37,35.4,1840
2013-11-27 00:00:00+05:30,36.87,36.87,35.2,35.43,4649
2013-11-28 00:00:00+05:30,35.67,36.0,34.43,35.2,11114
2013-11-29 00:00:00+05:30,35.23,35.83,35.17,35.6,12050
2013-12-02 00:00:00+05:30,35.4,37.67,35.4,37.23,35617
2013-12-03 00:00:00+05:30,37.0,38.5,37.0,37.83,37979
2013-12-04 00:00:00+05:30,38.0,38.47,37.43,37.6,14263
2013-12-05 00:00:00+05:30,37.9,38.27,37.07,37.83,18901
2013-12-06 00:00:00+05:30,38.0,38.0,36.77,37.97,11623
2013-12-09 00:00:00+05:30,38.0,38.5,37.33,38.1,16102
2013-12-10 00:00:00+05:30,38.1,38.1,37.1,37.17,6430
2013-12-11 00:00:00+05:30,37.5,37.7,37.0,37.3,2824
2013-12-12 00:00:00+05:30,37.0,37.53,36.67,36.9,4532
2013-12-13 00:00:00+05:30,36.67,36.67,35.87,36.1,5314
2013-12-16 00:00:00+05:30,35.83,36.0,35.27,35.43,8729
2013-12-17 00:00:00+05:30,35.87,35.87,34.9,35.17,8564
2013-12-18 00:00:00+05:30,35.0,35.7,34.97,35.5,5006
2013-12-19 00:00:00+05:30,35.7,35.83,35.33,35.43,4612
2013-12-20 00:00:00+05:30,35.97,36.17,35.5,36.0,10048
2013-12-23 00:00:00+05:30,36.43,36.63,36.03,36.27,7589
2013-12-24 00:00:00+05:30,36.67,37.0,36.37,36.8,11077
2013-12-26 00:00:00+05:30,37.07,38.23,37.03,37.67,19426
2013-12-27 00:00:00+05:30,37.83,38.6,37.03,37.77,33508
2013-12-30 00:00:00+05:30,38.0,43.6,38.0,41.43,324664
2013-12-31 00:00:00+05:30,41.8,42.5,41.5,41.73,42127
2014-01-01 00:00:00+05:30,41.43,42.0,40.67,40.73,10738
2014-01-02 00:00:00+05:30,41.33,41.67,38.57,39.17,28276
2014-01-03 00:00:00+05:30,39.23,40.5,38.73,38.9,12380
2014-01-06 00:00:00+05:30,38.9,39.13,38.0,38.17,14699
2014-01-07 00:00:00+05:30,38.4,38.9,38.33,38.67,5249
2014-01-08 00:00:00+05:30,38.3,40.23,38.3,39.6,24058
2014-01-09 00:00:00+05:30,39.63,40.0,38.9,38.97,6331
2014-01-10 00:00:00+05:30,39.2,39.57,38.8,38.93,4912
2014-01-13 00:00:00+05:30,38.8,39.0,37.33,37.63,6565
2014-01-14 00:00:00+05:30,38.3,38.63,38.07,38.2,8902
2014-01-15 00:00:00+05:30,38.23,38.27,36.67,37.93,16604
2014-01-16 00:00:00+05:30,37.67,38.43,36.7,37.7,5807
2014-01-17 00:00:00+05:30,38.23,38.23,36.67,36.97,20876
2014-01-20 00:00:00+05:30,37.33,38.27,37.07,37.8,5531
2014-01-21 00:00:00+05:30,37.57,37.57,36.33,36.77,4646
2014-01-22 00:00:00+05:30,36.83,37.1,36.53,36.6,11626
2014-01-23 00:00:00+05:30,36.4,36.93,36.0,36.53,6617
2014-01-24 00:00:00+05:30,36.53,36.93,36.4,36.93,4369
2014-01-27 00:00:00+05:30,38.67,38.67,35.0,35.23,20641
2014-01-28 00:00:00+05:30,35.87,37.13,35.17,35.33,6754
2014-01-29 00:00:00+05:30,35.73,35.77,33.77,34.3,9889
2014-01-30 00:00:00+05:30,34.2,34.23,34.0,34.1,9670
2014-01-31 00:00:00+05:30,34.67,35.07,34.33,34.5,4001
2014-02-03 00:00:00+05:30,35.07,35.93,33.73,34.1,9665
2014-02-04 00:00:00+05:30,34.0,34.57,33.43,34.2,1879
2014-02-05 00:00:00+05:30,34.87,35.23,33.63,34.53,7966
2014-02-06 00:00:00+05:30,34.53,34.53,33.73,33.77,4442
2014-02-07 00:00:00+05:30,34.07,34.53,33.8,34.0,2264
2014-02-10 00:00:00+05:30,34.0,34.13,33.4,33.9,5131
2014-02-11 00:00:00+05:30,33.93,34.33,33.77,34.13,2276
2014-02-12 00:00:00+05:30,33.9,34.3,33.8,33.87,4919
2014-02-13 00:00:00+05:30,34.0,34.0,33.5,33.7,4895
2014-02-14 00:00:00+05:30,33.43,34.0,33.43,33.93,4991
2014-02-17 00:00:00+05:30,34.0,34.0,31.83,32.1,43456
2014-02-18 00:00:00+05:30,32.0,32.0,31.47,31.73,12044
2014-02-19 00:00:00+05:30,32.0,32.33,30.67,31.27,23770
2014-02-20 00:00:00+05:30,31.6,31.6,30.87,31.13,6545
2014-02-21 00:00:00+05:30,31.8,31.9,30.73,31.07,8551
2014-02-24 00:00:00+05:30,31.0,31.33,30.43,31.2,7744
2014-02-25 00:00:00+05:30,31.03,31.8,30.6,31.07,19207
2014-02-26 00:00:00+05:30,31.4,31.4,30.4,30.57,13213
2014-02-28 00:00:00+05:30,31.0,32.33,30.67,31.0,9745
2014-03-03 00:00:00+05:30,31.0,31.67,30.67,30.7,7093
2014-03-04 00:00:00+05:30,30.27,30.97,30.27,30.67,6065
2014-03-05 00:00:00+05:30,31.17,31.2,30.53,30.83,10358
2014-03-06 00:00:00+05:30,30.87,32.6,30.87,31.93,21347
2014-03-07 00:00:00+05:30,32.1,33.27,31.9,32.33,20470
2014-03-10 00:00:00+05:30,32.63,32.67,31.67,32.37,9212
2014-03-11 00:00:00+05:30,32.1,32.53,31.53,31.77,9221
2014-03-12 00:00:00+05:30,32.1,32.33,30.5,31.83,10025
2014-03-13 00:00:00+05:30,31.93,32.33,30.8,31.33,19688
2014-03-14 00:00:00+05:30,32.0,32.0,31.23,31.67,6403
2014-03-18 00:00:00+05:30,31.67,32.67,31.5,31.97,4396
2014-03-19 00:00:00+05:30,31.9,32.33,31.5,31.6,9140
2014-03-20 00:00:00+05:30,31.6,32.13,31.03,31.27,11047
2014-03-21 00:00:00+05:30,31.2,31.9,30.9,31.33,16217
2014-03-22 00:00:00+05:30,31.13,32.6,31.1,32.3,7051
2014-03-24 00:00:00+05:30,32.67,32.67,31.33,32.2,15398
2014-03-25 00:00:00+05:30,32.0,32.6,31.4,32.07,7883
2014-03-26 00:00:00+05:30,32.0,35.27,32.0,33.33,66757
2014-03-27 00:00:00+05:30,33.83,33.83,32.87,33.27,9295
2014-03-28 00:00:00+05:30,33.07,33.63,32.47,33.1,18431
2014-03-31 00:00:00+05:30,32.93,34.0,32.93,33.47,25229
2014-04-01 00:00:00+05:30,33.47,34.1,33.33,34.0,14495
2014-04-02 00:00:00+05:30,33.4,35.3,33.4,34.93,17840
2014-04-03 00:00:00+05:30,34.77,35.2,33.8,34.03,10241
2014-04-04 00:00:00+05:30,34.17,35.4,34.17,35.17,18397
2014-04-07 00:00:00+05:30,34.67,39.07,34.67,38.0,110524
2014-04-09 00:00:00+05:30,38.0,40.0,38.0,39.03,46225
2014-04-10 00:00:00+05:30,38.8,39.27,38.17,38.47,22316
2014-04-11 00:00:00+05:30,38.27,38.3,37.2,37.9,13739
2014-04-15 00:00:00+05:30,39.0,39.6,37.37,38.0,49847
2014-04-16 00:00:00+05:30,37.87,39.2,37.37,37.7,26171
2014-04-17 00:00:00+05:30,37.7,38.17,37.0,37.8,27422
2014-04-21 00:00:00+05:30,38.0,38.97,38.0,38.5,19007
2014-04-22 00:00:00+05:30,38.33,39.17,38.27,38.47,16150
2014-04-23 00:00:00+05:30,38.47,39.07,37.4,37.83,12949
2014-04-25 00:00:00+05:30,38.0,38.33,37.37,37.93,16168
2014-04-28 00:00:00+05:30,37.73,37.97,37.27,37.77,6317
2014-04-29 00:00:00+05:30,37.6,37.97,36.9,37.17,14905
2014-04-30 00:00:00+05:30,37.23,37.57,35.27,35.57,23357
2014-05-02 00:00:00+05:30,35.6,36.6,35.33,36.07,16642
2014-05-05 00:00:00+05:30,36.97,36.97,35.67,36.0,5641
2014-05-06 00:00:00+05:30,36.0,36.67,36.0,36.1,7655
2014-05-07 00:00:00+05:30,36.0,36.73,34.43,35.87,12307
2014-05-08 00:00:00+05:30,35.83,36.5,35.83,36.4,4798
2014-05-09 00:00:00+05:30,36.0,36.33,35.63,36.07,8338
2014-05-12 00:00:00+05:30,36.33,37.27,35.8,36.0,17251
2014-05-13 00:00:00+05:30,36.27,36.83,35.93,36.6,21295
2014-05-14 00:00:00+05:30,36.33,39.27,35.47,38.0,52708
2014-05-15 00:00:00+05:30,38.63,38.63,37.2,37.4,21571
2014-05-16 00:00:00+05:30,36.9,37.8,36.63,37.47,37387
2014-05-19 00:00:00+05:30,37.5,40.33,37.5,39.97,68827
2014-05-20 00:00:00+05:30,41.17,43.13,40.33,41.7,90911
2014-05-21 00:00:00+05:30,40.37,44.93,39.4,43.37,193208
2014-05-22 00:00:00+05:30,44.2,45.0,43.33,43.5,56542
2014-05-23 00:00:00+05:30,44.53,44.67,42.67,43.73,50597
2014-05-26 00:00:00+05:30,43.33,44.73,42.0,42.13,105023
2014-05-27 00:00:00+05:30,42.13,43.33,41.73,42.8,24536
2014-05-28 00:00:00+05:30,43.13,44.0,42.73,43.67,21799
2014-05-29 00:00:00+05:30,45.33,45.33,43.33,43.67,11587
2014-05-30 00:00:00+05:30,43.3,44.0,43.0,43.17,26989
2014-06-02 00:00:00+05:30,44.43,47.53,43.53,46.63,221483
2014-06-03 00:00:00+05:30,47.47,47.67,45.4,45.77,86771
2014-06-04 00:00:00+05:30,45.57,47.3,45.57,46.57,46343
2014-06-05 00:00:00+05:30,47.2,48.27,46.67,47.57,84562
2014-06-06 00:00:00+05:30,47.9,49.93,47.9,49.1,130190
2014-06-09 00:00:00+05:30,48.9,49.8,48.57,49.07,50500
2014-06-10 00:00:00+05:30,49.33,49.9,47.33,48.47,51788
2014-06-11 00:00:00+05:30,48.5,54.67,48.17,52.3,203453
2014-06-12 00:00:00+05:30,52.33,52.67,50.33,50.63,60514
2014-06-13 00:00:00+05:30,50.67,51.27,46.27,48.0,86033
2014-06-16 00:00:00+05:30,48.0,48.67,46.0,48.03,24691
2015-12-28 00:00:00+05:30,184.07,188.0,181.67,183.4,631916
2015-12-29 00:00:00+05:30,183.93,184.4,180.0,180.93,186643
2015-12-30 00:00:00+05:30,181.7,183.6,180.4,182.17,117833
2015-12-31 00:00:00+05:30,180.67,182.8,180.0,181.47,116030
2016-01-01 00:00:00+05:30,182.47,188.0,180.67,186.5,242849
2016-01-04 00:00:00+05:30,193.27,193.33,187.33,190.43,824672
2016-01-05 00:00:00+05:30,191.07,209.5,190.03,203.07,1757387
2016-01-06 00:00:00+05:30,203.83,212.0,200.77,207.17,816338
2016-01-07 00:00:00+05:30,204.53,204.53,193.0,194.6,325033
2016-01-08 00:00:00+05:30,195.97,204.97,195.97,199.87,329926
2016-01-11 00:00:00+05:30,198.53,207.8,194.0,204.37,439033
2016-01-12 00:00:00+05:30,205.6,208.67,198.67,200.03,244951
2016-01-13 00:00:00+05:30,201.73,204.03,170.33,185.03,608839
2016-01-14 00:00:00+05:30,179.73,186.53,170.83,178.73,337151
2016-01-15 00:00:00+05:30,180.63,182.63,165.17,167.83,350882
2016-01-18 00:00:00+05:30,164.33,168.67,148.03,151.4,240275
2016-01-19 00:00:00+05:30,153.33,178.0,152.2,175.1,706819
2016-01-20 00:00:00+05:30,170.53,171.27,158.0,165.9,406073
2016-01-21 00:00:00+05:30,169.93,179.27,169.37,177.1,787807
2016-01-22 00:00:00+05:30,181.27,188.83,180.67,185.47,545795
2016-01-25 00:00:00+05:30,189.33,203.27,188.73,195.2,2169716
2016-01-27 00:00:00+05:30,199.23,209.27,196.67,208.03,1217878
2016-01-28 00:00:00+05:30,208.6,214.6,205.67,208.47,880712
2016-01-29 00:00:00+05:30,208.67,211.33,200.8,206.63,550012
2016-02-01 00:00:00+05:30,208.47,211.97,194.17,195.57,539923
2016-02-02 00:00:00+05:30,195.93,201.33,186.07,192.63,734906
2016-02-03 00:00:00+05:30,187.07,195.27,184.07,186.1,475061
2016-02-04 00:00:00+05:30,188.67,193.0,182.53,183.63,423596
2016-02-05 00:00:00+05:30,184.0,184.0,177.0,179.9,360173
2016-02-08 00:00:00+05:30,180.0,187.27,178.0,181.03,330503
2016-02-09 00:00:00+05:30,176.67,182.57,176.03,180.47,178202
2016-02-10 00:00:00+05:30,178.7,179.33,170.43,173.0,327203
2016-02-11 00:00:00+05:30,170.83,171.97,152.17,154.3,374030
2016-02-12 00:00:00+05:30,155.33,160.93,145.33,156.8,501586
2016-02-15 00:00:00+05:30,161.47,167.33,160.07,164.13,245243
2016-02-16 00:00:00+05:30,166.4,166.4,156.13,157.03,156604
2016-02-17 00:00:00+05:30,156.17,158.4,149.03,156.03,283672
2016-02-18 00:00:00+05:30,158.63,162.0,152.03,155.43,191722
2016-02-19 00:00:00+05:30,154.67,159.3,152.07,155.8,172277
2016-02-22 00:00:00+05:30,156.27,159.5,154.67,156.2,108034
2016-02-23 00:00:00+05:30,156.67,159.67,154.7,156.1,231607
2016-02-24 00:00:00+05:30,153.77,155.77,149.67,150.37,103280
2016-02-25 00:00:00+05:30,152.6,152.8,143.77,146.27,107734
2016-02-26 00:00:00+05:30,148.37,151.33,146.0,149.37,172909
2016-02-29 00:00:00+05:30,147.67,158.53,141.73,153.1,188368
2016-03-01 00:00:00+05:30,151.67,168.6,151.67,167.33,378385
2016-03-02 00:00:00+05:30,170.33,174.5,169.4,171.13,341500
2016-03-03 00:00:00+05:30,172.6,172.67,167.33,169.37,140077
2016-03-04 00:00:00+05:30,169.97,174.1,167.33,169.83,210187
2016-03-08 00:00:00+05:30,171.27,177.13,169.27,170.0,158752
2016-03-09 00:00:00+05:30,169.67,173.93,168.0,171.27,148256
2016-03-10 00:00:00+05:30,171.97,178.6,168.5,174.63,314029
2016-03-11 00:00:00+05:30,173.9,182.0,173.9,176.33,346483
2016-03-14 00:00:00+05:30,178.67,183.67,177.97,183.03,409627
2016-03-15 00:00:00+05:30,184.67,186.27,181.83,182.97,207289
2016-03-16 00:00:00+05:30,183.33,185.73,180.97,183.73,210518
2016-03-17 00:00:00+05:30,185.77,188.0,183.33,183.87,190858
2016-03-18 00:00:00+05:30,185.13,186.63,181.77,184.53,202481
2016-03-21 00:00:00+05:30,180.0,180.33,176.83,178.5,131648
2016-03-22 00:00:00+05:30,178.67,181.33,177.7,179.73,120493
2016-03-23 00:00:00+05:30,180.0,180.0,176.0,179.2,134609
2016-03-28 00:00:00+05:30,178.67,180.93,174.13,175.2,90149
2016-03-29 00:00:00+05:30,175.2,181.57,175.2,179.9,151753
2016-03-30 00:00:00+05:30,181.3,186.63,178.77,183.53,253283
2016-03-31 00:00:00+05:30,185.33,197.27,185.3,193.77,951929
2016-04-01 00:00:00+05:30,193.87,198.67,191.2,196.77,359387
2016-04-04 00:00:00+05:30,197.3,203.93,195.87,201.97,362164
2016-04-05 00:00:00+05:30,201.03,202.17,196.7,198.03,275825
2016-04-06 00:00:00+05:30,199.2,214.0,198.33,211.1,831961
2016-04-07 00:00:00+05:30,212.0,216.6,205.53,207.73,412393
2016-04-08 00:00:00+05:30,207.93,216.47,207.07,214.7,472568
2016-04-11 00:00:00+05:30,217.13,232.67,216.13,231.67,1217444
2016-04-12 00:00:00+05:30,232.67,236.33,222.67,230.57,709613
2016-04-13 00:00:00+05:30,232.67,239.33,230.03,232.2,500452
2016-04-18 00:00:00+05:30,231.33,235.67,226.43,234.27,296161
2016-04-20 00:00:00+05:30,234.7,248.53,230.67,246.0,1111313
2016-04-21 00:00:00+05:30,246.0,252.27,242.67,245.9,550775
2016-04-22 00:00:00+05:30,244.33,251.97,241.67,249.77,507068
2016-04-25 00:00:00+05:30,250.2,258.57,248.0,255.5,567356
2016-04-26 00:00:00+05:30,254.47,255.93,249.4,251.67,272974
2016-04-27 00:00:00+05:30,253.33,259.2,251.73,256.4,335683
2016-04-28 00:00:00+05:30,256.63,261.2,252.47,253.9,279605
2016-04-29 00:00:00+05:30,254.27,256.2,243.7,250.83,223258
2016-05-02 00:00:00+05:30,250.67,251.33,246.67,249.2,155567
2016-05-03 00:00:00+05:30,249.3,259.83,249.23,254.53,282088
2016-05-04 00:00:00+05:30,254.47,255.6,247.37,250.17,150160
2016-05-05 00:00:00+05:30,251.77,257.33,238.87,246.03,332314
2016-05-06 00:00:00+05:30,236.67,253.0,236.67,246.6,468707
2016-05-09 00:00:00+05:30,249.33,251.67,247.43,249.1,169712
2016-05-10 00:00:00+05:30,251.2,265.93,250.07,263.4,927130
2016-05-11 00:00:00+05:30,260.0,272.0,235.1,241.07,2501017
2016-05-12 00:00:00+05:30,241.33,248.53,241.33,246.07,580255
2016-05-13 00:00:00+05:30,247.73,247.87,240.0,240.77,184580
2016-05-16 00:00:00+05:30,242.53,245.33,236.7,238.0,171244
2016-05-17 00:00:00+05:30,240.0,241.6,226.93,231.43,346694
2016-05-18 00:00:00+05:30,230.87,236.57,225.77,230.17,234812
2016-05-19 00:00:00+05:30,232.0,236.0,230.37,234.3,221558
2016-05-20 00:00:00+05:30,233.17,234.33,225.17,227.4,145273
2016-05-23 00:00:00+05:30,229.3,230.5,221.47,223.67,154927
2016-05-24 00:00:00+05:30,225.3,230.67,218.7,223.73,147235
2016-05-25 00:00:00+05:30,230.73,232.0,227.4,229.7,162721
2016-05-26 00:00:00+05:30,232.47,234.67,225.73,234.1,216521
2016-05-27 00:00:00+05:30,235.33,246.67,231.8,243.33,387949
2016-05-30 00:00:00+05:30,243.33,249.17,241.8,245.87,204868
2016-05-31 00:00:00+05:30,246.0,248.47,243.33,246.2,178330
2016-06-01 00:00:00+05:30,247.33,248.6,241.67,243.33,147740
2016-06-02 00:00:00+05:30,241.37,243.0,236.73,238.83,102268
2016-06-03 00:00:00+05:30,239.33,242.07,234.0,236.13,94069
2016-06-06 00:00:00+05:30,236.13,238.0,231.87,232.53,64946
2016-06-07 00:00:00+05:30,232.53,237.27,232.0,234.37,67831
2016-06-08 00:00:00+05:30,236.4,236.67,230.83,233.6,105602
2016-06-09 00:00:00+05:30,233.33,235.33,227.1,228.37,123002
2016-06-10 00:00:00+05:30,228.4,235.57,226.4,229.3,171902
2016-06-13 00:00:00+05:30,229.17,231.27,224.0,227.7,121103
2016-06-14 00:00:00+05:30,229.5,234.73,227.4,232.37,125557
2016-06-15 00:00:00+05:30,234.6,242.27,232.27,239.0,305486
2016-06-16 00:00:00+05:30,238.0,239.87,232.37,233.4,70513
2016-06-17 00:00:00+05:30,234.17,240.0,232.3,233.8,105041
2016-06-20 00:00:00+05:30,233.27,236.33,228.2,232.17,61447
2016-06-21 00:00:00+05:30,232.97,234.83,227.0,229.73,84658
2016-06-22 00:00:00+05:30,228.6,234.0,228.07,228.43,54035
2016-06-23 00:00:00+05:30,228.67,232.0,227.33,229.0,51472
2016-06-24 00:00:00+05:30,225.27,225.27,213.67,216.83,237112
2016-06-27 00:00:00+05:30,213.47,219.23,213.47,215.63,173984
2016-06-28 00:00:00+05:30,217.23,224.0,213.33,218.63,173129
2016-06-29 00:00:00+05:30,218.77,228.0,218.77,226.6,127999
2016-06-30 00:00:00+05:30,228.0,236.33,228.0,230.3,214414
2016-07-01 00:00:00+05:30,235.87,235.87,227.47,228.73,100211
2016-07-04 00:00:00+05:30,230.67,233.33,228.03,229.87,44422
2016-07-05 00:00:00+05:30,230.67,232.43,226.83,227.6,66155
2016-07-07 00:00:00+05:30,228.0,232.0,226.8,227.93,62569
2016-07-08 00:00:00+05:30,228.0,230.67,224.7,228.3,62857
2016-07-11 00:00:00+05:30,231.33,239.67,200.93,236.47,387545
2016-07-12 00:00:00+05:30,238.57,240.0,232.77,234.27,135938
2016-07-13 00:00:00+05:30,230.13,238.53,229.13,229.83,90916
2016-07-14 00:00:00+05:30,230.6,232.17,227.1,229.43,67757
2016-07-15 00:00:00+05:30,230.13,231.0,226.8,227.33,52967
2016-07-18 00:00:00+05:30,227.63,232.2,223.83,224.67,81532
2016-07-19 00:00:00+05:30,224.67,226.9,221.53,223.8,56746
2016-07-20 00:00:00+05:30,225.6,229.33,222.03,227.87,119863
2016-07-21 00:00:00+05:30,227.33,232.6,224.0,226.37,181643
2016-07-22 00:00:00+05:30,228.3,230.17,224.67,228.73,80857
2016-07-25 00:00:00+05:30,232.67,246.33,228.7,245.23,764903
2016-07-26 00:00:00+05:30,246.67,249.93,207.3,216.63,1545248
2016-07-27 00:00:00+05:30,220.67,223.97,216.67,217.9,240851
2016-07-28 00:00:00+05:30,219.33,221.6,210.5,212.33,136319
2016-07-29 00:00:00+05:30,213.33,220.93,211.37,214.27,260300
2016-08-01 00:00:00+05:30,216.0,219.33,210.2,211.87,92374
2016-08-02 00:00:00+05:30,213.1,217.93,210.1,210.9,141818
2016-08-03 00:00:00+05:30,210.67,213.3,208.0,210.2,95141
2016-08-04 00:00:00+05:30,212.6,213.0,206.27,207.8,60653
2016-08-05 00:00:00+05:30,208.67,216.67,207.7,214.43,168116
2016-08-08 00:00:00+05:30,216.57,219.0,212.03,213.87,79571
2016-08-09 00:00:00+05:30,215.97,222.67,214.67,221.4,337304
2016-08-10 00:00:00+05:30,223.3,223.3,217.33,219.27,133444
2016-08-11 00:00:00+05:30,219.8,219.8,216.0,217.97,40160
2016-08-12 00:00:00+05:30,218.67,218.67,213.5,214.8,30866
2016-08-16 00:00:00+05:30,213.33,215.7,211.27,212.73,50680
2016-08-17 00:00:00+05:30,213.33,213.93,210.13,212.4,90752
2016-08-18 00:00:00+05:30,210.67,214.67,210.13,211.53,144080
2016-08-19 00:00:00+05:30,212.67,216.63,212.17,213.33,224479
2016-08-22 00:00:00+05:30,218.0,224.0,215.33,216.97,378640
2016-08-23 00:00:00+05:30,217.33,240.83,214.97,237.8,971275
2016-08-24 00:00:00+05:30,237.93,244.67,232.67,234.23,602791
2016-08-25 00:00:00+05:30,232.77,236.37,229.87,235.37,273523
2016-08-26 00:00:00+05:30,233.2,244.33,231.67,241.63,403355
2016-08-29 00:00:00+05:30,240.47,243.3,236.87,237.8,122425
2016-08-30 00:00:00+05:30,237.33,246.0,236.37,240.6,276818
2016-08-31 00:00:00+05:30,242.77,245.17,238.67,239.77,114146
2016-09-01 00:00:00+05:30,238.67,249.93,238.67,244.97,310670
2016-09-02 00:00:00+05:30,246.53,249.33,245.0,246.9,136219
2016-09-06 00:00:00+05:30,246.67,248.57,240.8,241.73,64609
2016-09-07 00:00:00+05:30,241.03,242.77,237.4,238.57,70819
2016-09-08 00:00:00+05:30,240.0,243.33,232.0,233.13,164153
2016-09-09 00:00:00+05:30,232.67,237.07,232.67,233.83,88102
2016-09-12 00:00:00+05:30,230.67,231.5,224.2,226.17,49958
2016-09-14 00:00:00+05:30,224.67,233.33,222.87,229.13,94511
2016-09-15 00:00:00+05:30,229.2,231.93,224.33,226.57,57713
2016-09-16 00:00:00+05:30,228.0,232.87,226.0,231.17,105014
2016-09-19 00:00:00+05:30,231.33,245.8,231.33,241.87,462478
2016-09-20 00:00:00+05:30,241.33,255.1,238.53,243.43,602029
2016-09-21 00:00:00+05:30,243.23,250.63,242.07,243.9,176122
2016-09-22 00:00:00+05:30,246.67,250.0,241.5,243.13,124406
2016-09-23 00:00:00+05:30,245.9,260.23,245.6,256.2,928195
2016-09-26 00:00:00+05:30,258.67,274.27,257.43,266.3,1065053
2016-09-27 00:00:00+05:30,266.67,269.87,258.03,260.53,345866
2016-09-28 00:00:00+05:30,263.27,270.0,260.73,268.13,252203
2016-09-29 00:00:00+05:30,270.67,272.67,227.5,247.3,418982
2016-09-30 00:00:00+05:30,248.0,258.13,243.7,255.13,235727
2016-10-03 00:00:00+05:30,257.93,266.0,257.93,262.9,172486
2016-10-04 00:00:00+05:30,264.9,272.53,262.67,270.07,353630
2016-10-05 00:00:00+05:30,272.0,279.93,270.0,278.67,479509
2016-10-06 00:00:00+05:30,280.0,285.1,269.07,273.63,572615
2016-10-07 00:00:00+05:30,275.93,278.67,272.8,274.3,126700
2016-10-10 00:00:00+05:30,275.33,278.3,268.0,269.73,113245
2016-10-13 00:00:00+05:30,270.0,270.03,260.0,264.6,151613
2016-10-14 00:00:00+05:30,266.4,270.53,262.17,263.33,125099
2016-10-17 00:00:00+05:30,264.6,265.33,259.37,262.07,82720
2016-10-18 00:00:00+05:30,264.27,266.93,261.93,265.23,107645
2016-10-19 00:00:00+05:30,265.33,281.9,265.3,279.43,371330
2016-10-20 00:00:00+05:30,282.4,287.93,280.6,283.93,364169
2016-10-21 00:00:00+05:30,283.33,284.3,275.77,277.97,131584
2016-10-24 00:00:00+05:30,278.1,284.0,276.0,280.07,153410
2016-10-25 00:00:00+05:30,280.57,280.67,275.4,276.33,58225
2016-10-26 00:00:00+05:30,276.0,281.33,274.0,277.23,100262
2016-10-27 00:00:00+05:30,276.67,280.0,265.27,267.03,189511
2016-10-28 00:00:00+05:30,268.0,270.2,262.2,265.83,166172
2016-10-30 00:00:00+05:30,266.67,273.33,266.63,270.27,65495
2016-11-01 00:00:00+05:30,278.0,283.0,271.33,280.8,233821
2016-11-02 00:00:00+05:30,277.33,280.0,272.0,274.97,196597
2016-11-03 00:00:00+05:30,274.67,277.3,251.33,256.9,461996
2016-11-04 00:00:00+05:30,253.33,261.33,242.4,254.0,285665
2016-11-07 00:00:00+05:30,260.0,261.33,255.33,257.0,153082
2016-11-08 00:00:00+05:30,258.0,260.33,254.67,256.9,59552
2016-11-09 00:00:00+05:30,239.33,253.33,210.33,249.53,244649
2016-11-10 00:00:00+05:30,251.57,260.0,249.47,251.53,93703
2016-11-11 00:00:00+05:30,249.33,249.33,238.33,240.1,140995
2016-11-15 00:00:00+05:30,242.3,242.4,220.67,222.57,142912
2016-11-16 00:00:00+05:30,231.4,232.67,222.13,223.7,65165
2016-11-17 00:00:00+05:30,227.87,229.3,221.03,225.53,83158
2016-11-18 00:00:00+05:30,226.63,231.33,225.37,229.47,69650
2016-11-21 00:00:00+05:30,230.53,233.3,216.57,218.77,100580
2016-11-22 00:00:00+05:30,219.77,222.37,205.07,214.17,131315
2016-11-23 00:00:00+05:30,219.0,222.57,215.33,220.7,78932
2016-11-24 00:00:00+05:30,219.67,225.03,216.67,222.97,57824
2016-11-25 00:00:00+05:30,227.33,228.67,224.67,226.23,64775
2016-11-28 00:00:00+05:30,226.93,239.33,223.77,236.43,262346
2016-11-29 00:00:00+05:30,236.2,237.8,227.4,229.0,132646
2016-11-30 00:00:00+05:30,233.7,236.67,229.33,230.03,116501
2016-12-01 00:00:00+05:30,227.83,231.27,219.87,220.57,190874
2016-12-02 00:00:00+05:30,218.53,225.33,217.6,223.77,136010
2016-12-05 00:00:00+05:30,221.33,224.03,215.33,220.77,93001
2016-12-06 00:00:00+05:30,220.77,222.67,219.5,220.93,112094
2016-12-07 00:00:00+05:30,221.1,223.33,216.67,218.4,45680
2016-12-08 00:00:00+05:30,219.93,223.33,217.4,218.53,93619
2016-12-09 00:00:00+05:30,218.8,222.33,218.47,219.4,101233
2016-12-12 00:00:00+05:30,219.33,219.53,216.67,218.53,63941
2016-12-13 00:00:00+05:30,219.33,221.0,216.67,217.43,59951
2016-12-14 00:00:00+05:30,218.0,220.37,216.17,217.0,45094
2016-12-15 00:00:00+05:30,216.0,228.87,216.0,224.6,255823
2016-12-16 00:00:00+05:30,225.3,232.0,223.2,230.1,153392
2016-12-19 00:00:00+05:30,231.27,231.27,222.4,225.07,65404
2016-12-20 00:00:00+05:30,224.43,229.0,222.67,224.63,48713
2016-12-21 00:00:00+05:30,225.6,227.0,220.0,220.3,39424
2016-12-22 00:00:00+05:30,220.3,222.9,218.0,218.57,34660
2016-12-23 00:00:00+05:30,218.93,221.27,215.33,217.1,33991
2016-12-26 00:00:00+05:30,216.67,218.67,212.0,215.23,34129
2016-12-27 00:00:00+05:30,216.4,220.0,214.57,218.73,29242
2016-12-28 00:00:00+05:30,220.1,223.93,216.67,218.23,56108
2016-12-29 00:00:00+05:30,218.77,221.93,217.33,218.87,17089
2016-12-30 00:00:00+05:30,219.97,224.93,219.23,221.47,62521
2017-01-02 00:00:00+05:30,223.33,224.27,219.33,220.87,33766
2017-01-03 00:00:00+05:30,222.0,228.0,221.07,224.7,108659
2017-01-04 00:00:00+05:30,225.63,232.33,223.73,231.67,105143
2017-01-05 00:00:00+05:30,233.33,237.7,232.0,233.2,78790
2017-01-06 00:00:00+05:30,233.33,235.7,230.0,230.93,46769
2017-01-09 00:00:00+05:30,232.53,233.33,226.67,227.8,45437
2017-01-10 00:00:00+05:30,229.17,242.53,226.0,235.3,182521
2017-01-11 00:00:00+05:30,237.63,240.0,231.33,238.4,136885
2017-01-12 00:00:00+05:30,239.33,243.13,235.33,235.63,59230
2017-01-13 00:00:00+05:30,236.27,237.9,232.47,234.83,48526
2017-01-16 00:00:00+05:30,240.67,251.0,240.67,246.6,266293
2017-01-17 00:00:00+05:30,246.8,252.6,246.8,248.7,113699
2017-01-18 00:00:00+05:30,249.77,250.97,248.0,248.5,41026
2017-01-19 00:00:00+05:30,249.97,250.67,245.33,247.27,53102
2017-01-20 00:00:00+05:30,248.13,248.13,240.0,245.97,51446
2017-01-23 00:00:00+05:30,246.67,248.67,243.43,245.93,30416
2017-01-24 00:00:00+05:30,246.67,250.5,245.4,248.2,64346
2017-01-25 00:00:00+05:30,250.0,251.93,248.0,249.13,56632
2017-01-27 00:00:00+05:30,249.33,253.3,247.2,248.8,67286
2017-01-30 00:00:00+05:30,247.97,252.33,246.0,247.23,45137
2017-01-31 00:00:00+05:30,244.67,249.33,240.1,241.57,51796
2017-02-01 00:00:00+05:30,241.6,248.0,240.67,246.67,42680
2017-02-02 00:00:00+05:30,246.73,250.0,245.6,247.77,36943
2017-02-03 00:00:00+05:30,249.6,253.33,249.33,252.13,88361
2017-02-06 00:00:00+05:30,254.0,256.53,248.37,251.2,105974
2017-02-07 00:00:00+05:30,252.4,252.4,248.33,249.5,44503
2017-02-08 00:00:00+05:30,250.47,252.67,249.67,250.1,65069
2017-02-09 00:00:00+05:30,251.8,254.0,246.67,248.13,127502
2017-02-10 00:00:00+05:30,243.33,249.33,234.23,247.0,281737
2017-02-13 00:00:00+05:30,246.67,252.0,244.03,247.13,77006
2017-02-14 00:00:00+05:30,249.2,249.2,243.4,244.37,35983
2017-02-15 00:00:00+05:30,243.67,249.97,236.67,239.13,136471
2017-02-16 00:00:00+05:30,238.73,240.67,236.67,238.67,53128
2017-02-17 00:00:00+05:30,241.2,249.67,238.73,239.7,156745
2017-02-20 00:00:00+05:30,240.0,243.67,240.0,241.43,43973
2017-02-21 00:00:00+05:30,241.43,245.47,241.43,243.87,42731
2017-02-22 00:00:00+05:30,243.87,243.87,238.67,239.17,41657
2017-02-23 00:00:00+05:30,240.0,241.73,238.0,240.2,35210
2017-02-27 00:00:00+05:30,241.87,241.87,237.33,237.87,43847
2017-02-28 00:00:00+05:30,239.13,240.0,231.37,233.3,89909
2017-03-01 00:00:00+05:30,234.47,237.4,234.07,236.17,46796
2017-03-02 00:00:00+05:30,237.3,241.97,235.33,239.4,149081
2017-03-03 00:00:00+05:30,239.4,240.67,235.83,238.47,39266
2017-03-06 00:00:00+05:30,236.67,240.87,236.67,238.57,128146
2017-03-07 00:00:00+05:30,239.6,240.97,235.33,237.87,35828
2017-03-08 00:00:00+05:30,239.13,239.13,235.33,236.5,50182
2017-03-09 00:00:00+05:30,233.67,241.33,233.67,239.13,59503
2017-03-10 00:00:00+05:30,238.8,242.93,236.0,237.3,34762
2017-03-14 00:00:00+05:30,243.27,244.67,240.0,240.33,46247
2017-03-15 00:00:00+05:30,241.3,245.6,240.0,244.83,88034
2017-03-16 00:00:00+05:30,247.33,255.23,246.67,252.83,249446
2017-03-17 00:00:00+05:30,255.17,264.67,254.73,258.93,659243
2017-03-20 00:00:00+05:30,259.93,263.33,258.67,261.1,118046
2017-03-21 00:00:00+05:30,262.93,263.33,255.33,258.03,76816
2017-03-22 00:00:00+05:30,256.87,256.87,250.13,251.37,126289
2017-03-23 00:00:00+05:30,251.37,255.27,248.0,252.03,95651
2017-03-24 00:00:00+05:30,254.0,260.67,253.33,254.43,222526
2017-03-27 00:00:00+05:30,254.57,256.0,249.33,250.6,114748
2017-03-28 00:00:00+05:30,252.87,255.5,250.67,251.83,49586
2017-03-29 00:00:00+05:30,253.3,255.27,251.6,253.4,64220
2017-03-30 00:00:00+05:30,254.63,255.7,251.33,251.83,34213
2017-03-31 00:00:00+05:30,253.77,254.0,247.4,248.67,135859
2017-04-03 00:00:00+05:30,249.47,254.67,249.47,251.8,81256
2017-04-05 00:00:00+05:30,250.2,264.6,250.2,262.4,365096
2017-04-06 00:00:00+05:30,262.4,269.8,261.67,262.1,258121
2017-04-07 00:00:00+05:30,261.97,270.0,260.0,262.23,197252
2017-04-10 00:00:00+05:30,267.03,269.33,263.33,265.33,270764
2017-04-11 00:00:00+05:30,265.93,268.67,262.63,264.47,110765
2017-04-12 00:00:00+05:30,264.67,266.27,258.0,259.47,127576
2017-04-13 00:00:00+05:30,257.5,263.93,257.5,258.6,82400
2017-04-17 00:00:00+05:30,259.33,261.07,256.77,258.13,54536
2017-04-18 00:00:00+05:30,259.77,264.5,257.37,259.37,162524
2017-04-19 00:00:00+05:30,260.47,260.47,256.97,258.57,54745
2017-04-20 00:00:00+05:30,258.23,264.0,257.5,258.9,93611
2017-04-21 00:00:00+05:30,259.93,265.0,258.0,261.43,135748
2017-04-24 00:00:00+05:30,264.67,280.67,261.33,276.63,772756
2017-04-25 00:00:00+05:30,279.2,287.93,277.33,286.6,556511
2017-04-26 00:00:00+05:30,287.8,307.93,286.67,302.5,915619
2017-04-27 00:00:00+05:30,303.07,311.0,303.07,307.23,372133
2017-04-28 00:00:00+05:30,309.2,313.27,304.07,306.97,206696
2017-05-02 00:00:00+05:30,309.17,311.3,304.0,307.17,158453
2017-05-03 00:00:00+05:30,308.47,309.17,303.23,303.87,94123
2017-05-04 00:00:00+05:30,305.97,305.97,298.0,299.53,175361
2017-05-05 00:00:00+05:30,300.23,302.8,293.53,299.8,145363
2017-05-08 00:00:00+05:30,300.83,303.63,295.37,297.13,69751
2017-05-09 00:00:00+05:30,298.0,301.27,296.67,298.13,103969
2017-05-10 00:00:00+05:30,299.97,300.0,296.0,297.97,70058
2017-05-11 00:00:00+05:30,298.67,305.17,296.03,296.9,84452
2017-05-12 00:00:00+05:30,297.63,300.0,294.13,295.97,60592
2017-05-15 00:00:00+05:30,298.53,301.97,297.33,300.57,104221
2017-05-16 00:00:00+05:30,300.67,301.17,296.83,299.97,124523
2017-05-17 00:00:00+05:30,300.0,300.73,293.33,294.8,127286
2017-05-18 00:00:00+05:30,292.63,292.63,284.33,285.83,266206
2017-05-19 00:00:00+05:30,288.53,291.33,276.77,278.8,143056
2017-05-22 00:00:00+05:30,280.0,284.73,273.47,274.2,251263
2017-05-23 00:00:00+05:30,276.67,276.67,253.7,263.7,192713
2017-05-24 00:00:00+05:30,266.67,272.53,263.73,266.07,79702
2017-05-25 00:00:00+05:30,270.93,273.93,268.3,273.1,65483
2017-05-26 00:00:00+05:30,275.6,278.87,273.37,275.0,45814
2017-05-29 00:00:00+05:30,277.23,279.33,268.03,273.2,50404
2017-05-30 00:00:00+05:30,271.97,274.7,268.83,273.07,24331
2017-05-31 00:00:00+05:30,275.2,277.87,272.3,274.3,37829
2017-06-01 00:00:00+05:30,272.73,280.53,272.73,278.8,30341
2017-06-02 00:00:00+05:30,283.07,283.07,277.33,278.83,38749
2017-06-05 00:00:00+05:30,279.33,286.67,279.23,285.6,69169
2017-06-06 00:00:00+05:30,287.6,288.0,278.7,280.43,41590
2017-06-07 00:00:00+05:30,282.93,288.0,278.67,283.47,35180
2017-06-08 00:00:00+05:30,281.43,285.9,281.0,282.47,40429
2017-06-09 00:00:00+05:30,281.0,283.33,276.0,278.03,45955
2017-06-12 00:00:00+05:30,278.93,280.63,270.67,273.1,46273
2017-06-13 00:00:00+05:30,274.67,285.83,274.63,281.97,144944
2017-06-14 00:00:00+05:30,283.27,283.9,277.5,279.63,59120
2017-06-15 00:00:00+05:30,280.0,284.67,274.2,280.43,79810
2017-06-16 00:00:00+05:30,282.47,287.97,281.13,282.93,95395
2017-06-19 00:00:00+05:30,284.33,288.0,283.2,285.33,85918
2017-06-20 00:00:00+05:30,286.67,288.33,279.4,284.43,77786
2017-06-21 00:00:00+05:30,285.07,289.33,283.33,284.67,66532
2017-06-22 00:00:00+05:30,284.67,286.0,281.33,282.57,45718
2017-06-23 00:00:00+05:30,282.57,282.57,274.8,276.13,59504
2017-06-27 00:00:00+05:30,278.33,279.8,270.0,273.17,66679
2017-06-28 00:00:00+05:30,274.47,274.67,270.0,270.7,22474
2017-06-29 00:00:00+05:30,272.63,276.67,271.67,273.37,42548
2017-06-30 00:00:00+05:30,273.63,278.4,271.5,276.37,41956
2017-07-03 00:00:00+05:30,278.47,285.17,276.03,283.7,55571
2017-07-04 00:00:00+05:30,284.47,289.2,283.33,284.6,63994
2017-07-05 00:00:00+05:30,286.9,288.67,285.2,288.1,37837
2017-07-06 00:00:00+05:30,289.87,291.97,286.73,288.8,42965
2017-07-07 00:00:00+05:30,287.33,290.87,285.63,288.47,39179
2017-07-10 00:00:00+05:30,291.2,291.2,285.47,288.0,14003
2017-07-11 00:00:00+05:30,289.17,294.33,284.83,290.1,139804
2017-07-12 00:00:00+05:30,288.67,292.6,288.0,290.13,41729
2017-07-13 00:00:00+05:30,292.93,296.0,290.23,291.77,70219
2017-07-14 00:00:00+05:30,294.27,294.27,290.17,292.63,48350
2017-07-17 00:00:00+05:30,293.33,299.67,293.33,296.4,100060
2017-07-18 00:00:00+05:30,297.87,297.87,292.0,292.47,71132
2017-07-19 00:00:00+05:30,290.23,295.03,290.0,292.03,95990
2017-07-20 00:00:00+05:30,293.33,294.57,290.0,291.0,49324
2017-07-21 00:00:00+05:30,293.53,296.0,291.0,293.7,49915
2017-07-24 00:00:00+05:30,293.73,294.3,290.0,291.6,51833
2017-07-25 00:00:00+05:30,292.93,292.93,288.0,288.43,35209
2017-07-26 00:00:00+05:30,289.33,291.6,286.17,289.37,68869
2017-07-27 00:00:00+05:30,282.67,288.67,282.0,283.47,71146
2017-07-28 00:00:00+05:30,281.33,292.4,279.33,286.43,40249
2017-07-31 00:00:00+05:30,286.7,288.97,282.0,282.63,22981
2017-08-01 00:00:00+05:30,284.23,286.17,282.0,283.23,19364
2017-08-02 00:00:00+05:30,281.37,285.23,274.77,276.73,38432
2017-08-03 00:00:00+05:30,278.0,278.0,272.67,273.47,45608
2017-08-04 00:00:00+05:30,273.33,275.33,270.07,272.37,37187
2017-08-07 00:00:00+05:30,275.63,283.43,274.63,282.77,35681
2017-08-08 00:00:00+05:30,285.07,285.33,276.67,279.77,27937
2017-08-09 00:00:00+05:30,278.63,279.83,270.73,274.27,47116
2017-08-10 00:00:00+05:30,262.17,262.17,243.33,254.8,329005
2017-08-11 00:00:00+05:30,254.8,259.2,234.0,253.53,122818
2017-08-14 00:00:00+05:30,252.67,260.0,245.43,247.2,87869
2017-08-16 00:00:00+05:30,256.67,256.67,248.67,252.27,60812
2017-08-17 00:00:00+05:30,253.5,256.0,252.67,255.4,33898
2017-08-18 00:00:00+05:30,254.13,255.5,244.87,250.1,72310
2017-08-21 00:00:00+05:30,250.67,252.9,245.4,250.1,37462
2017-08-22 00:00:00+05:30,250.03,252.67,250.0,250.5,18074
2017-08-23 00:00:00+05:30,252.3,252.3,245.33,246.33,30628
2017-08-24 00:00:00+05:30,246.7,247.77,241.4,243.4,70462
2017-08-28 00:00:00+05:30,246.53,247.2,244.33,244.73,76870
2017-08-29 00:00:00+05:30,244.93,244.93,241.67,242.53,36521
2017-08-30 00:00:00+05:30,242.83,244.33,233.37,239.67,110785
2017-08-31 00:00:00+05:30,240.7,240.7,235.53,238.33,68917
2017-09-01 00:00:00+05:30,239.13,256.6,237.43,247.8,121589
2017-09-04 00:00:00+05:30,249.87,252.67,241.73,243.67,48769
2017-09-05 00:00:00+05:30,245.93,245.93,239.0,240.73,55754
2017-09-06 00:00:00+05:30,240.73,242.67,238.5,240.17,103853
2017-09-07 00:00:00+05:30,240.23,246.67,240.23,245.8,99334
2017-09-08 00:00:00+05:30,248.87,250.0,243.33,249.07,39526
2017-09-11 00:00:00+05:30,251.6,260.0,248.93,257.73,98027
2017-09-12 00:00:00+05:30,263.33,265.33,257.77,263.0,56233
2017-09-13 00:00:00+05:30,261.13,268.2,260.0,260.07,53326
2017-09-14 00:00:00+05:30,260.43,265.33,255.63,259.33,31057
2017-09-15 00:00:00+05:30,258.67,276.33,254.97,268.9,189512
2017-09-18 00:00:00+05:30,271.33,276.67,263.4,264.67,49870
2017-09-19 00:00:00+05:30,264.3,274.6,264.3,273.23,175900
2017-09-20 00:00:00+05:30,275.87,276.33,270.0,270.93,41224
2017-09-21 00:00:00+05:30,272.6,274.0,264.27,270.1,75362
2017-09-22 00:00:00+05:30,268.07,271.4,257.33,259.2,60730
2017-09-25 00:00:00+05:30,258.67,258.67,247.83,252.97,56234
2017-09-26 00:00:00+05:30,252.67,258.67,248.0,255.1,58612
2017-09-27 00:00:00+05:30,258.9,258.9,246.67,248.1,48799
2017-09-28 00:00:00+05:30,250.33,251.5,244.33,250.03,81419
2017-09-29 00:00:00+05:30,253.27,254.77,250.73,253.63,20026
2017-10-03 00:00:00+05:30,258.67,258.67,251.5,252.33,18062
2017-10-04 00:00:00+05:30,252.37,256.0,250.67,254.37,10714
2017-10-05 00:00:00+05:30,250.67,257.83,250.67,253.43,19933
2017-10-06 00:00:00+05:30,255.7,260.67,253.93,259.5,39070
2017-10-09 00:00:00+05:30,261.33,261.93,254.33,255.53,35723
2017-10-10 00:00:00+05:30,257.17,260.0,254.67,259.1,51971
2017-10-11 00:00:00+05:30,262.6,265.97,260.2,263.23,100607
2017-10-12 00:00:00+05:30,263.23,265.37,258.17,263.13,42304
2017-10-13 00:00:00+05:30,263.13,269.87,261.53,264.27,116197
2017-10-16 00:00:00+05:30,269.27,269.33,262.6,267.27,49099
2017-10-17 00:00:00+05:30,268.97,269.0,263.0,263.6,34117
2017-10-18 00:00:00+05:30,264.03,268.0,261.7,263.53,19456
2017-10-19 00:00:00+05:30,267.33,267.33,262.3,263.57,11519
2017-10-23 00:00:00+05:30,267.5,267.5,260.3,261.3,29575
2017-10-24 00:00:00+05:30,261.0,264.67,261.0,263.67,26917
2017-10-25 00:00:00+05:30,265.57,266.0,258.0,260.47,38603
2017-10-26 00:00:00+05:30,263.27,263.33,260.0,261.73,29044
2017-10-27 00:00:00+05:30,266.0,272.0,261.4,267.83,64801
2017-10-30 00:00:00+05:30,268.67,271.17,263.73,264.87,42794
2017-10-31 00:00:00+05:30,263.87,267.6,259.2,260.27,56986
2017-11-01 00:00:00+05:30,263.67,264.0,258.0,260.03,44297
2017-11-02 00:00:00+05:30,259.97,260.0,255.33,256.67,60100
2017-11-03 00:00:00+05:30,255.33,261.33,254.67,255.7,48523
2017-11-06 00:00:00+05:30,254.67,263.13,254.67,259.47,55825
2017-11-07 00:00:00+05:30,260.0,262.67,250.67,252.5,94360
2017-11-08 00:00:00+05:30,256.27,256.27,245.63,246.67,107846
2017-11-09 00:00:00+05:30,248.93,252.63,245.0,248.4,32744
2017-11-10 00:00:00+05:30,250.03,250.03,240.0,242.8,74729
2017-11-13 00:00:00+05:30,244.0,246.0,237.33,238.43,74423
2017-11-14 00:00:00+05:30,237.33,240.0,233.33,233.7,65090
2017-11-15 00:00:00+05:30,233.67,239.17,232.0,236.47,86528
2017-11-16 00:00:00+05:30,238.0,239.83,233.13,234.27,66248
2017-11-17 00:00:00+05:30,237.33,237.33,234.5,235.47,48263
2017-11-20 00:00:00+05:30,238.33,238.47,230.0,235.73,57718
2017-11-21 00:00:00+05:30,237.97,238.0,234.67,235.73,45602
2017-11-22 00:00:00+05:30,237.63,237.67,233.77,234.53,41767
2017-11-23 00:00:00+05:30,236.03,238.27,234.0,235.17,105713
2017-11-24 00:00:00+05:30,235.0,237.83,233.6,235.83,31391
2017-11-27 00:00:00+05:30,234.67,237.0,233.33,236.43,70714
2017-11-28 00:00:00+05:30,237.3,237.33,233.83,234.53,60805
2017-11-29 00:00:00+05:30,238.07,238.07,234.67,235.83,37115
2017-11-30 00:00:00+05:30,235.33,237.47,230.67,231.67,72946
2017-12-01 00:00:00+05:30,235.1,237.0,232.73,235.23,59077
2017-12-04 00:00:00+05:30,235.3,237.97,232.67,233.67,53272
2017-12-05 00:00:00+05:30,233.4,236.63,233.33,234.6,24526
2017-12-06 00:00:00+05:30,235.67,235.93,231.17,232.27,34630
2017-12-07 00:00:00+05:30,231.87,234.67,231.2,234.07,24023
2017-12-08 00:00:00+05:30,237.27,237.27,233.0,233.93,40181
2017-12-11 00:00:00+05:30,234.3,235.97,232.37,233.23,89663
2017-12-12 00:00:00+05:30,235.2,235.33,232.1,233.27,29332
2017-12-13 00:00:00+05:30,234.63,236.53,231.07,233.03,44215
2017-12-14 00:00:00+05:30,231.73,233.33,230.0,231.17,28277
2017-12-15 00:00:00+05:30,234.0,234.0,230.83,232.23,25151
2017-12-18 00:00:00+05:30,231.67,233.33,228.47,231.47,39628
2017-12-19 00:00:00+05:30,233.23,236.5,230.7,233.3,46088
2017-12-20 00:00:00+05:30,233.33,235.7,231.67,232.37,53857
2017-12-21 00:00:00+05:30,235.07,245.33,232.23,244.2,148235
2017-12-22 00:00:00+05:30,246.33,260.0,246.0,251.83,225410
2017-12-26 00:00:00+05:30,253.33,256.67,253.33,253.87,110633
2017-12-27 00:00:00+05:30,255.3,256.17,244.1,246.63,62381
2017-12-28 00:00:00+05:30,246.23,251.33,244.03,247.97,33640
2017-12-29 00:00:00+05:30,248.67,250.43,244.2,246.53,31621
2018-01-01 00:00:00+05:30,251.27,251.6,246.2,248.1,44342
2018-01-02 00:00:00+05:30,249.73,249.73,242.67,244.2,37100
2018-01-03 00:00:00+05:30,238.33,251.33,238.33,245.33,64246
2018-01-04 00:00:00+05:30,248.67,248.67,243.33,246.0,62230
2018-01-05 00:00:00+05:30,246.03,255.83,241.33,253.6,94010
2018-01-08 00:00:00+05:30,256.6,258.57,249.17,250.6,99118
2018-01-09 00:00:00+05:30,253.3,253.3,246.9,249.5,56455
2018-01-10 00:00:00+05:30,252.6,255.03,246.73,247.53,64165
2018-01-11 00:00:00+05:30,247.53,257.4,247.4,253.53,136895
2018-01-12 00:00:00+05:30,253.33,255.93,249.67,251.67,72488
2018-01-15 00:00:00+05:30,256.57,256.67,251.0,253.73,91153
2018-01-16 00:00:00+05:30,254.67,254.67,245.33,247.03,69592
2018-01-17 00:00:00+05:30,247.97,248.33,242.47,245.03,41291
2018-01-18 00:00:00+05:30,248.67,250.0,238.13,239.73,53393
2018-01-19 00:00:00+05:30,239.73,245.2,237.0,242.67,57311
2018-01-22 00:00:00+05:30,244.33,249.8,242.67,246.33,60386
2018-01-23 00:00:00+05:30,250.3,250.3,245.73,248.13,52573
2018-01-24 00:00:00+05:30,247.0,247.27,244.67,245.23,26965
2018-01-25 00:00:00+05:30,244.93,245.33,240.0,241.37,29426
2018-01-29 00:00:00+05:30,241.33,246.13,240.0,240.43,45902
2018-01-30 00:00:00+05:30,240.47,240.47,234.53,235.87,47968
2018-01-31 00:00:00+05:30,237.33,237.33,232.67,233.77,29174
2018-02-01 00:00:00+05:30,238.0,238.0,231.63,233.4,28043
2018-02-02 00:00:00+05:30,231.53,232.43,223.0,225.37,51413
2018-02-05 00:00:00+05:30,226.0,226.0,216.67,220.83,79883
2018-02-06 00:00:00+05:30,206.67,210.33,194.1,208.47,223072
2018-02-07 00:00:00+05:30,211.57,214.67,209.37,211.0,60341
2018-02-08 00:00:00+05:30,212.6,219.87,210.2,217.73,57680
2018-02-09 00:00:00+05:30,213.33,214.77,211.47,212.43,54532
2018-02-12 00:00:00+05:30,215.97,215.97,210.0,210.83,61304
2018-02-14 00:00:00+05:30,210.67,212.33,199.33,203.73,189445
2018-02-15 00:00:00+05:30,204.0,204.63,198.7,201.77,106778
2018-02-16 00:00:00+05:30,200.07,201.93,198.0,200.0,71084
2018-02-19 00:00:00+05:30,200.0,200.0,194.0,196.37,65752
2018-02-20 00:00:00+05:30,199.83,199.83,194.7,196.83,34643
2018-02-21 00:00:00+05:30,196.67,196.67,191.97,193.17,85376
2018-02-22 00:00:00+05:30,192.0,192.0,190.0,190.47,63292
2018-02-23 00:00:00+05:30,190.07,194.67,190.07,192.9,47483
2018-02-26 00:00:00+05:30,196.33,199.93,192.0,194.17,73798
2018-02-27 00:00:00+05:30,196.63,198.3,194.67,195.6,58369
2018-02-28 00:00:00+05:30,194.63,195.77,191.0,192.57,33350
2018-03-01 00:00:00+05:30,195.33,195.33,190.0,191.03,42331
2018-03-05 00:00:00+05:30,193.23,193.27,188.37,190.5,29569
2018-03-06 00:00:00+05:30,191.13,192.67,186.33,187.23,50666
2018-03-07 00:00:00+05:30,187.23,190.0,183.33,185.57,41420
2018-03-08 00:00:00+05:30,187.5,187.5,180.8,182.23,61661
2018-03-09 00:00:00+05:30,185.67,185.67,182.0,184.13,33947
2018-03-12 00:00:00+05:30,187.33,187.97,182.03,182.87,59593
2018-03-13 00:00:00+05:30,184.4,187.33,183.4,184.13,41212
2018-03-14 00:00:00+05:30,181.4,184.8,181.4,182.93,73492
2018-03-15 00:00:00+05:30,181.93,186.33,181.37,185.1,69461
2018-03-16 00:00:00+05:30,185.57,186.6,181.67,182.4,79244
2018-03-19 00:00:00+05:30,181.7,182.67,175.33,176.33,48767
2018-03-20 00:00:00+05:30,176.33,178.67,174.0,174.9,64202
2018-03-21 00:00:00+05:30,176.67,178.67,173.83,175.07,80165
2018-03-22 00:00:00+05:30,176.27,176.27,168.93,170.33,60550
2018-03-23 00:00:00+05:30,167.77,167.77,162.0,164.77,86788
2018-03-26 00:00:00+05:30,165.5,165.5,157.33,161.8,137117
2018-03-27 00:00:00+05:30,162.8,169.6,162.8,164.27,64831
2018-03-28 00:00:00+05:30,164.37,165.73,161.77,163.37,74203
2018-04-02 00:00:00+05:30,163.53,176.7,163.53,175.03,52285
2018-04-03 00:00:00+05:30,173.4,186.57,173.4,185.13,63008
2018-04-04 00:00:00+05:30,184.73,188.63,178.0,179.27,124816
2018-04-05 00:00:00+05:30,181.9,187.33,181.33,185.8,58201
2018-04-06 00:00:00+05:30,184.67,188.3,182.07,186.43,70766
2018-04-09 00:00:00+05:30,187.23,187.23,182.73,186.23,31081
2018-04-10 00:00:00+05:30,187.37,188.0,183.47,186.23,26293
2018-04-11 00:00:00+05:30,186.37,186.37,182.67,183.7,17509
2018-04-12 00:00:00+05:30,183.67,186.67,181.33,182.77,36896
2018-04-13 00:00:00+05:30,184.67,186.6,182.73,185.43,28414
2018-04-16 00:00:00+05:30,183.33,184.77,180.6,182.03,28355
2018-04-17 00:00:00+05:30,182.37,184.8,181.67,182.53,15862
2018-04-18 00:00:00+05:30,182.57,186.67,180.17,180.8,74783
2018-04-19 00:00:00+05:30,182.23,182.67,178.83,179.8,20458
2018-04-20 00:00:00+05:30,179.8,181.9,177.67,180.3,29068
2018-04-23 00:00:00+05:30,181.33,183.47,180.7,182.17,11282
2018-04-24 00:00:00+05:30,182.2,187.93,181.13,182.87,62825
2018-04-25 00:00:00+05:30,181.33,184.77,180.67,183.5,21952
2018-04-26 00:00:00+05:30,183.97,187.33,180.73,185.4,52771
2018-04-27 00:00:00+05:30,191.77,196.67,189.27,190.2,100343
2018-04-30 00:00:00+05:30,192.13,192.13,185.5,186.5,21961
2018-05-02 00:00:00+05:30,186.0,186.03,181.4,182.3,32573
2018-05-03 00:00:00+05:30,182.0,183.33,176.7,177.77,19829
2018-05-04 00:00:00+05:30,178.0,181.3,176.07,179.7,18433
2018-05-07 00:00:00+05:30,176.73,179.77,175.6,177.1,22321
2018-05-08 00:00:00+05:30,175.33,179.37,175.3,177.7,11872
2018-05-09 00:00:00+05:30,175.4,178.07,174.33,175.03,17053
2018-05-10 00:00:00+05:30,174.7,179.27,172.67,173.7,19235
2018-05-11 00:00:00+05:30,173.7,173.97,170.67,171.2,14902
2018-05-14 00:00:00+05:30,170.67,171.93,168.9,169.67,14351
2018-05-15 00:00:00+05:30,170.0,171.33,166.73,167.83,10699
2018-05-16 00:00:00+05:30,167.37,171.3,163.37,169.07,18514
2018-05-17 00:00:00+05:30,171.97,173.67,165.43,171.43,17764
2018-05-18 00:00:00+05:30,171.3,171.97,169.37,169.47,14357
2018-05-21 00:00:00+05:30,173.0,173.0,166.67,167.07,12029
2018-05-22 00:00:00+05:30,166.67,169.93,166.0,169.2,11836
2018-05-23 00:00:00+05:30,169.23,171.47,164.13,166.5,16991
2018-05-24 00:00:00+05:30,168.07,171.37,165.6,166.47,78079
2018-05-25 00:00:00+05:30,167.63,168.63,164.3,165.17,25333
2018-05-28 00:00:00+05:30,165.37,170.23,164.0,168.57,35962
2018-05-29 00:00:00+05:30,169.07,170.47,162.0,163.2,105031
2018-05-30 00:00:00+05:30,162.63,167.63,160.1,161.4,132701
2018-05-31 00:00:00+05:30,162.0,166.0,157.33,157.53,118172
2018-06-01 00:00:00+05:30,157.47,162.33,157.33,158.47,41917
2018-06-04 00:00:00+05:30,160.0,162.57,151.5,154.37,57869
2018-06-05 00:00:00+05:30,150.0,154.6,148.13,149.7,51008
2018-06-06 00:00:00+05:30,150.07,152.63,148.23,151.37,19918
2018-06-07 00:00:00+05:30,151.93,158.37,150.77,155.23,35458
2018-06-08 00:00:00+05:30,155.23,159.77,154.0,157.17,18922
2018-06-11 00:00:00+05:30,161.33,161.33,154.03,156.6,47303
2018-06-12 00:00:00+05:30,157.47,164.53,155.7,161.2,39088
2018-06-13 00:00:00+05:30,162.13,162.63,160.0,160.3,15535
2018-06-14 00:00:00+05:30,160.6,160.63,157.33,158.17,10976
2018-06-15 00:00:00+05:30,158.67,161.17,156.1,158.87,23740
2018-06-18 00:00:00+05:30,159.57,160.5,156.03,157.4,18092
2018-06-19 00:00:00+05:30,157.43,157.77,153.37,154.37,15460
2018-06-20 00:00:00+05:30,153.47,155.27,151.4,152.43,17360
2018-06-21 00:00:00+05:30,152.53,153.37,150.07,151.37,21841
2018-06-22 00:00:00+05:30,151.2,153.27,150.13,152.2,15991
2018-06-25 00:00:00+05:30,151.9,154.03,150.5,152.67,29713
2018-06-26 00:00:00+05:30,152.33,154.37,151.3,152.77,20989
2018-06-27 00:00:00+05:30,152.87,154.43,151.03,152.53,28799
2018-06-28 00:00:00+05:30,152.27,154.0,149.43,151.93,27967
2018-06-29 00:00:00+05:30,152.67,153.93,151.1,152.77,12955
2018-07-02 00:00:00+05:30,152.77,155.93,152.67,153.33,15755
2018-07-03 00:00:00+05:30,153.0,153.37,150.67,152.13,12952
2018-07-04 00:00:00+05:30,152.0,152.37,150.63,151.7,9128
2018-07-05 00:00:00+05:30,151.7,151.73,150.07,150.77,9868
2018-07-06 00:00:00+05:30,150.53,153.67,150.0,152.9,29756
2018-07-09 00:00:00+05:30,155.93,155.93,151.83,152.6,17519
2018-07-10 00:00:00+05:30,152.6,163.33,152.6,161.5,67318
2018-07-11 00:00:00+05:30,161.2,161.2,156.73,157.73,19828
2018-07-12 00:00:00+05:30,158.07,160.93,156.0,157.3,16682
2018-07-13 00:00:00+05:30,157.03,157.93,153.37,154.23,11869
2018-07-16 00:00:00+05:30,154.27,154.4,144.67,146.17,25069
2018-07-17 00:00:00+05:30,146.27,146.67,142.87,144.8,30947
2018-07-18 00:00:00+05:30,144.67,146.63,143.33,145.47,18464
2018-07-19 00:00:00+05:30,143.77,145.33,126.17,132.5,264674
2018-07-20 00:00:00+05:30,130.0,142.0,127.2,138.27,116581
2018-07-23 00:00:00+05:30,134.07,140.13,133.4,138.73,61051
2018-07-24 00:00:00+05:30,140.33,153.3,140.33,152.3,88739
2018-07-25 00:00:00+05:30,153.33,154.33,149.37,151.13,28241
2018-07-26 00:00:00+05:30,148.67,159.2,146.87,157.27,73139
2018-07-27 00:00:00+05:30,154.03,163.8,154.03,159.9,55108
2018-07-30 00:00:00+05:30,159.87,162.67,157.23,161.9,35765
2018-07-31 00:00:00+05:30,163.27,165.23,159.3,163.83,33058
2018-08-01 00:00:00+05:30,164.53,166.67,161.47,162.57,55205
2018-08-02 00:00:00+05:30,160.7,168.53,160.7,163.37,49388
2018-08-03 00:00:00+05:30,165.27,176.53,162.47,168.4,114287
2018-08-06 00:00:00+05:30,170.77,180.0,165.93,176.17,118198
2018-08-07 00:00:00+05:30,176.17,180.0,171.77,172.77,41288
2018-08-08 00:00:00+05:30,173.6,175.2,166.77,169.27,28097
2018-08-09 00:00:00+05:30,172.5,174.6,167.5,168.83,41179
2018-08-10 00:00:00+05:30,170.47,170.67,160.0,166.1,14254
2018-08-13 00:00:00+05:30,162.73,162.77,150.33,156.17,94922
2018-08-14 00:00:00+05:30,153.53,160.0,153.53,157.67,33676
2018-08-16 00:00:00+05:30,158.67,158.67,155.53,156.67,19424
2018-08-17 00:00:00+05:30,158.67,161.93,158.07,160.57,38047
2018-08-20 00:00:00+05:30,162.93,162.93,159.67,161.7,34582
2018-08-21 00:00:00+05:30,163.3,163.33,160.03,162.17,30290
2018-08-23 00:00:00+05:30,163.67,164.17,158.67,159.33,23639
2018-08-24 00:00:00+05:30,161.33,161.33,157.33,159.73,13349
2018-08-27 00:00:00+05:30,160.67,173.8,160.67,167.67,88250
2018-08-28 00:00:00+05:30,171.3,171.3,163.47,166.87,28256
2018-08-29 00:00:00+05:30,169.37,169.37,166.67,167.47,9349
2018-08-30 00:00:00+05:30,167.93,168.83,167.33,167.77,20839
2018-08-31 00:00:00+05:30,168.83,172.0,163.93,165.2,31480
2018-09-03 00:00:00+05:30,167.33,168.6,164.67,166.23,27521
2018-09-04 00:00:00+05:30,168.57,168.57,163.3,164.03,40723
2018-09-05 00:00:00+05:30,166.43,170.0,161.03,167.3,63608
2018-09-06 00:00:00+05:30,168.83,179.33,166.67,177.53,161968
2018-09-07 00:00:00+05:30,179.63,186.0,176.33,181.73,140957
2018-09-10 00:00:00+05:30,183.27,193.33,180.57,185.37,175043
2018-09-11 00:00:00+05:30,185.37,187.1,172.67,174.4,57154
2018-09-12 00:00:00+05:30,174.43,174.47,166.33,169.07,36224
2018-09-14 00:00:00+05:30,171.33,174.67,169.1,171.0,23662
2018-09-17 00:00:00+05:30,171.33,179.27,168.4,172.0,49591
2018-09-18 00:00:00+05:30,174.57,180.0,170.67,172.9,59456
2018-09-19 00:00:00+05:30,173.37,179.53,171.0,172.37,73219
2018-09-21 00:00:00+05:30,175.83,175.83,150.0,167.57,113063
2018-09-24 00:00:00+05:30,166.67,168.53,157.43,159.77,130793
2018-09-25 00:00:00+05:30,156.67,166.1,155.33,156.23,45146
2018-09-26 00:00:00+05:30,158.57,161.93,156.0,157.87,15341
2018-09-27 00:00:00+05:30,157.97,159.3,150.03,151.03,20539
2018-09-28 00:00:00+05:30,151.33,152.73,144.0,145.63,36908
2018-10-01 00:00:00+05:30,145.33,156.3,140.0,150.67,37937
2018-10-03 00:00:00+05:30,150.53,158.67,150.53,155.93,31112
2018-10-04 00:00:00+05:30,158.23,158.23,150.67,151.77,41126
2018-10-05 00:00:00+05:30,151.0,156.67,149.2,153.77,59168
2018-10-08 00:00:00+05:30,153.77,155.93,148.03,153.8,41851
2018-10-09 00:00:00+05:30,152.0,158.0,150.67,157.17,37673
2018-10-10 00:00:00+05:30,156.67,165.17,156.67,163.47,45058
2018-10-11 00:00:00+05:30,156.17,176.0,155.33,167.03,41974
2018-10-12 00:00:00+05:30,169.37,175.33,164.9,166.63,28075
2018-10-15 00:00:00+05:30,168.67,169.6,164.3,166.77,19481
2018-10-16 00:00:00+05:30,165.73,172.6,164.7,171.8,34859
2018-10-17 00:00:00+05:30,173.3,173.73,164.67,165.83,22439
2018-10-19 00:00:00+05:30,163.33,165.87,154.03,157.93,26243
2018-10-22 00:00:00+05:30,162.33,163.27,156.0,158.07,19358
2018-10-23 00:00:00+05:30,152.17,157.33,150.07,151.03,19375
2018-10-24 00:00:00+05:30,150.4,155.77,150.4,153.77,18799
2018-10-25 00:00:00+05:30,150.33,156.07,148.63,154.43,22643
2018-10-26 00:00:00+05:30,152.4,159.93,151.33,157.27,24257
2018-10-29 00:00:00+05:30,159.53,160.03,157.37,159.67,11515
2018-10-30 00:00:00+05:30,161.87,168.0,157.8,166.2,24040
2018-10-31 00:00:00+05:30,168.63,171.8,166.37,170.53,21823
2018-11-01 00:00:00+05:30,171.43,173.03,167.4,170.57,10574
2018-11-02 00:00:00+05:30,169.97,174.97,169.4,170.47,23342
2018-11-05 00:00:00+05:30,172.67,174.43,167.57,170.6,14386
2018-11-06 00:00:00+05:30,169.33,173.33,167.7,172.5,19985
2018-11-07 00:00:00+05:30,175.17,176.6,170.83,174.47,20438
2018-11-09 00:00:00+05:30,178.53,179.47,172.4,174.53,41894
2018-11-12 00:00:00+05:30,176.67,178.0,170.67,173.9,26359
2018-11-13 00:00:00+05:30,172.67,172.67,159.37,162.43,68467
2018-11-14 00:00:00+05:30,164.6,164.6,156.37,158.17,21353
2018-11-15 00:00:00+05:30,158.67,160.47,156.0,156.43,14818
2018-11-16 00:00:00+05:30,156.4,157.87,151.77,155.1,30029
2018-11-19 00:00:00+05:30,153.53,155.1,151.33,152.4,18899
2018-11-20 00:00:00+05:30,150.0,154.53,150.0,151.0,9763
2018-11-21 00:00:00+05:30,151.37,153.67,150.23,152.33,21287
2018-11-22 00:00:00+05:30,153.27,154.37,150.07,150.67,12553
2018-11-26 00:00:00+05:30,152.2,157.87,151.07,156.8,46102
2018-11-27 00:00:00+05:30,156.67,156.67,153.87,154.37,14432
2018-11-28 00:00:00+05:30,157.4,159.93,153.47,154.43,40834
2018-11-29 00:00:00+05:30,154.0,156.57,150.07,150.67,24553
2018-11-30 00:00:00+05:30,148.0,152.3,148.0,148.93,10586
2018-12-03 00:00:00+05:30,148.0,152.5,148.0,148.87,13597
2018-12-04 00:00:00+05:30,148.9,150.43,145.33,146.03,14261
2018-12-05 00:00:00+05:30,146.17,147.33,145.33,145.9,6905
2018-12-06 00:00:00+05:30,145.9,145.9,143.33,143.63,8012
2018-12-07 00:00:00+05:30,143.93,144.57,140.03,141.2,11429
2018-12-10 00:00:00+05:30,140.0,140.93,134.0,134.83,19822
2018-12-11 00:00:00+05:30,134.7,144.53,133.33,141.03,17278
2018-12-12 00:00:00+05:30,142.67,145.87,140.07,141.03,19895
2018-12-13 00:00:00+05:30,141.37,144.77,140.63,141.23,12739
2018-12-14 00:00:00+05:30,141.33,141.73,139.3,139.6,15187
2018-12-17 00:00:00+05:30,141.63,141.63,138.1,138.43,15526
2018-12-18 00:00:00+05:30,139.3,140.67,137.93,139.07,13291
2018-12-19 00:00:00+05:30,138.17,148.67,138.17,144.97,83897
2018-12-20 00:00:00+05:30,151.33,159.33,150.13,152.6,201802
2018-12-21 00:00:00+05:30,153.27,154.83,146.0,146.53,53494
2018-12-24 00:00:00+05:30,146.67,148.77,144.7,145.3,8207
2018-12-26 00:00:00+05:30,142.67,145.87,141.6,144.93,13415
2018-12-27 00:00:00+05:30,145.93,145.93,143.5,144.13,5518
2018-12-28 00:00:00+05:30,143.47,144.93,142.23,143.8,25010
2018-12-31 00:00:00+05:30,143.43,145.93,143.33,145.27,11026
2019-01-01 00:00:00+05:30,145.9,146.67,143.33,143.83,12379
2019-01-02 00:00:00+05:30,142.0,145.4,142.0,142.93,8221
2019-01-03 00:00:00+05:30,142.93,145.27,141.6,142.0,9544
2019-01-04 00:00:00+05:30,145.0,146.7,141.8,143.4,68614
2019-01-07 00:00:00+05:30,145.5,146.67,143.9,144.27,10649
2019-01-08 00:00:00+05:30,145.17,145.17,142.67,143.2,6701
2019-01-09 00:00:00+05:30,142.67,144.87,140.7,141.27,19306
2019-01-10 00:00:00+05:30,141.27,142.43,139.33,140.3,11597
2019-01-11 00:00:00+05:30,142.13,142.13,138.5,140.9,11216
2019-01-14 00:00:00+05:30,141.63,141.63,137.67,137.97,13796
2019-01-15 00:00:00+05:30,139.97,140.03,136.23,139.27,33907
2019-01-16 00:00:00+05:30,141.3,141.3,137.67,138.1,14884
2019-01-17 00:00:00+05:30,140.67,140.67,137.3,138.57,39475
2019-01-18 00:00:00+05:30,139.13,139.13,137.03,137.33,8699
2019-01-21 00:00:00+05:30,139.77,139.77,136.67,137.7,7961
2019-01-22 00:00:00+05:30,139.27,139.27,134.67,135.1,10046
2019-01-23 00:00:00+05:30,138.53,138.53,128.17,131.27,30062
2019-01-24 00:00:00+05:30,130.0,132.57,129.47,130.97,11651
2019-01-25 00:00:00+05:30,132.27,133.8,128.17,128.23,13765
2019-01-28 00:00:00+05:30,129.97,130.6,123.33,124.67,30764
2019-01-29 00:00:00+05:30,126.67,131.0,124.43,127.2,26114
2019-01-30 00:00:00+05:30,126.67,128.63,124.37,126.37,16024
2019-01-31 00:00:00+05:30,128.67,131.77,125.93,130.63,21128
2019-02-01 00:00:00+05:30,130.93,131.57,125.33,126.97,29936
2019-02-04 00:00:00+05:30,128.0,128.67,123.63,126.5,18215
2019-02-05 00:00:00+05:30,126.5,126.7,121.43,122.07,19118
2019-02-06 00:00:00+05:30,120.2,126.23,118.87,120.13,16160
2019-02-07 00:00:00+05:30,121.9,124.67,119.87,122.8,12667
2019-02-08 00:00:00+05:30,123.0,124.33,121.0,121.97,9917
2019-02-11 00:00:00+05:30,123.0,123.0,119.03,120.93,19340
2019-02-12 00:00:00+05:30,120.07,121.7,117.7,118.3,42077
2019-02-13 00:00:00+05:30,118.7,121.77,116.07,117.07,30721
2019-02-14 00:00:00+05:30,118.0,118.0,112.67,114.23,92266
2019-02-15 00:00:00+05:30,114.23,114.23,111.03,113.3,39200
2019-02-18 00:00:00+05:30,114.67,115.3,107.97,108.93,21631
2019-02-19 00:00:00+05:30,108.97,111.33,108.97,110.0,13756
2019-02-20 00:00:00+05:30,110.0,115.53,109.97,114.1,23567
2019-02-21 00:00:00+05:30,114.1,119.33,114.1,118.27,12662
2019-02-22 00:00:00+05:30,120.07,126.63,117.53,124.93,16381
2019-02-25 00:00:00+05:30,124.0,131.13,122.83,125.87,127021
2019-02-26 00:00:00+05:30,123.33,127.33,122.03,123.23,36781
2019-02-27 00:00:00+05:30,125.07,130.47,123.3,124.1,37856
2019-02-28 00:00:00+05:30,124.67,127.3,124.1,125.97,23950
2019-03-01 00:00:00+05:30,126.67,126.67,123.57,125.7,20048
2019-03-05 00:00:00+05:30,126.67,133.17,124.87,132.13,52294
2019-03-06 00:00:00+05:30,133.17,136.67,133.07,134.1,55610
2019-03-07 00:00:00+05:30,134.7,135.3,130.93,131.5,32554
2019-03-08 00:00:00+05:30,132.67,132.67,126.67,127.77,21424
2019-03-11 00:00:00+05:30,128.27,129.33,126.67,127.47,41179
2019-03-12 00:00:00+05:30,128.0,129.4,125.83,126.6,58571
2019-03-13 00:00:00+05:30,126.77,127.83,122.0,122.9,37700
2019-03-14 00:00:00+05:30,123.4,123.4,118.03,118.9,61453
2019-03-15 00:00:00+05:30,119.97,121.47,118.8,119.53,74749
2019-03-18 00:00:00+05:30,120.23,120.87,118.03,119.33,52846
2019-03-19 00:00:00+05:30,119.33,126.6,119.33,125.83,83827
2019-03-20 00:00:00+05:30,126.67,132.67,124.97,130.4,53977
2019-03-22 00:00:00+05:30,132.33,132.33,129.7,131.47,73534
2019-03-25 00:00:00+05:30,130.0,130.0,126.23,127.33,105938
2019-03-26 00:00:00+05:30,128.2,129.87,127.47,129.3,23540
2019-03-27 00:00:00+05:30,129.3,132.97,127.33,128.4,43781
2019-03-28 00:00:00+05:30,128.33,129.87,126.67,128.9,35666
2019-03-29 00:00:00+05:30,130.03,131.07,124.0,128.67,35239
2019-04-01 00:00:00+05:30,126.67,131.47,126.67,129.07,11759
2019-04-02 00:00:00+05:30,130.93,132.17,129.17,129.7,10181
2019-04-03 00:00:00+05:30,130.0,133.87,130.0,132.03,30820
2019-04-04 00:00:00+05:30,131.97,134.37,130.33,133.33,14387
2019-04-05 00:00:00+05:30,132.63,134.77,132.63,133.5,11423
2019-04-08 00:00:00+05:30,134.67,134.7,130.67,131.23,11362
2019-04-09 00:00:00+05:30,131.23,131.23,128.0,129.73,31598
2019-04-10 00:00:00+05:30,129.33,133.07,129.33,130.33,9541
2019-04-11 00:00:00+05:30,130.63,131.37,130.0,130.6,14483
2019-04-12 00:00:00+05:30,130.03,131.5,130.03,131.33,9973
2019-04-15 00:00:00+05:30,130.03,147.33,130.03,142.2,138557
2019-04-16 00:00:00+05:30,144.63,152.0,142.93,145.33,95371
2019-04-18 00:00:00+05:30,144.37,146.0,140.33,142.57,23959
2019-04-22 00:00:00+05:30,142.67,143.7,137.33,138.7,13781
2019-04-23 00:00:00+05:30,139.33,139.33,135.43,136.13,9575
2019-04-24 00:00:00+05:30,136.0,137.37,135.37,135.87,8897
2019-04-25 00:00:00+05:30,136.0,139.0,134.07,136.27,15998
2019-04-26 00:00:00+05:30,137.97,141.3,136.33,137.0,12989
2019-04-30 00:00:00+05:30,136.67,136.7,131.5,132.2,9400
2019-05-02 00:00:00+05:30,133.3,133.67,130.0,130.33,12335
2019-05-03 00:00:00+05:30,129.33,131.1,128.33,129.27,5936
2019-05-06 00:00:00+05:30,129.47,131.0,128.33,128.97,5492
2019-05-07 00:00:00+05:30,130.13,130.93,127.67,128.43,4639
2019-05-08 00:00:00+05:30,128.77,129.57,126.0,126.53,12952
2019-05-09 00:00:00+05:30,127.83,127.83,125.33,125.63,10423
2019-05-10 00:00:00+05:30,125.33,134.83,125.33,133.67,25190
2019-05-13 00:00:00+05:30,132.67,132.97,129.27,131.07,11953
2019-05-14 00:00:00+05:30,131.33,131.33,128.07,128.8,7274
2019-05-15 00:00:00+05:30,129.6,132.0,123.33,126.17,19144
2019-05-16 00:00:00+05:30,129.67,141.87,129.67,134.73,93611
2019-05-17 00:00:00+05:30,135.33,139.33,133.4,137.0,33613
2019-05-20 00:00:00+05:30,143.07,144.2,139.2,141.83,37147
2019-05-21 00:00:00+05:30,143.33,143.37,138.67,139.1,22550
2019-05-22 00:00:00+05:30,139.33,142.33,137.8,138.4,59572
2019-05-23 00:00:00+05:30,140.0,141.13,132.17,133.1,47300
2019-05-24 00:00:00+05:30,133.33,139.33,132.0,137.77,30215
2019-05-27 00:00:00+05:30,138.67,156.43,138.67,154.27,143894
2019-05-28 00:00:00+05:30,156.0,160.67,153.37,159.67,48154
2019-05-29 00:00:00+05:30,159.43,161.2,153.87,155.53,35840
2019-05-30 00:00:00+05:30,156.57,158.67,152.3,154.77,31472
2019-05-31 00:00:00+05:30,156.4,157.67,149.5,152.53,26147
2019-06-03 00:00:00+05:30,154.0,156.6,152.07,153.93,22247
2019-06-04 00:00:00+05:30,153.9,157.33,152.0,154.77,14381
2019-06-06 00:00:00+05:30,154.77,156.27,148.0,148.3,22324
2019-06-07 00:00:00+05:30,148.97,163.77,147.43,161.43,122645
2019-06-10 00:00:00+05:30,164.27,165.27,155.0,159.33,47402
2019-06-11 00:00:00+05:30,159.37,159.37,154.67,155.5,31577
2019-06-12 00:00:00+05:30,156.03,158.63,152.77,154.5,42433
2019-06-13 00:00:00+05:30,155.63,159.1,150.0,151.3,57404
2019-06-14 00:00:00+05:30,152.57,152.57,148.67,150.8,10103
2019-06-17 00:00:00+05:30,150.53,152.07,148.0,148.5,7525
2019-06-18 00:00:00+05:30,148.0,150.43,147.33,147.93,7642
2019-06-19 00:00:00+05:30,148.0,151.87,145.33,147.87,14048
2019-06-20 00:00:00+05:30,147.67,151.43,144.67,146.93,16300
2019-06-21 00:00:00+05:30,147.33,149.3,144.67,147.6,7894
2019-06-24 00:00:00+05:30,146.67,149.97,146.0,146.1,4793
2019-06-25 00:00:00+05:30,144.67,147.43,144.67,145.03,10541
2019-06-26 00:00:00+05:30,144.67,149.33,144.67,147.43,10642
2019-06-27 00:00:00+05:30,147.67,151.33,147.43,150.1,12791
2019-06-28 00:00:00+05:30,147.33,151.1,147.33,150.07,10700
2019-07-01 00:00:00+05:30,147.33,153.93,147.33,152.97,19286
2019-07-02 00:00:00+05:30,150.0,155.03,150.0,153.53,17161
2019-07-03 00:00:00+05:30,154.37,155.9,148.13,155.03,8635
2019-07-04 00:00:00+05:30,151.7,155.37,150.5,150.77,17222
2019-07-05 00:00:00+05:30,150.13,154.37,144.2,147.8,18608
2019-07-08 00:00:00+05:30,148.0,148.0,143.33,144.57,14017
2019-07-09 00:00:00+05:30,144.0,144.7,142.0,143.03,18299
2019-07-10 00:00:00+05:30,142.2,144.0,141.83,142.17,15908
2019-07-11 00:00:00+05:30,140.37,144.6,140.37,143.97,8599
2019-07-12 00:00:00+05:30,141.57,144.37,141.57,143.03,5720
2019-07-15 00:00:00+05:30,142.0,146.57,141.03,144.5,12211
2019-07-16 00:00:00+05:30,143.33,145.83,140.73,142.27,10343
2019-07-17 00:00:00+05:30,142.67,144.27,142.67,143.63,8555
2019-07-18 00:00:00+05:30,140.0,141.33,136.67,136.87,20875
2019-07-19 00:00:00+05:30,136.67,137.0,133.37,133.47,16763
2019-07-22 00:00:00+05:30,133.33,136.67,130.23,134.0,15967
2019-07-23 00:00:00+05:30,131.5,136.33,131.5,134.87,6722
2019-07-24 00:00:00+05:30,132.67,141.67,132.67,136.2,26483
2019-07-25 00:00:00+05:30,134.13,140.77,133.33,137.43,17531
2019-07-26 00:00:00+05:30,134.67,138.0,133.33,134.6,6770
2019-07-29 00:00:00+05:30,131.33,134.6,131.33,133.2,5309
2019-07-30 00:00:00+05:30,130.03,138.5,130.0,132.73,23032
2019-07-31 00:00:00+05:30,135.33,135.33,129.33,129.97,8540
2019-08-01 00:00:00+05:30,130.0,134.9,129.47,130.9,14017
2019-08-02 00:00:00+05:30,130.67,132.53,126.67,128.13,21592
2019-08-05 00:00:00+05:30,123.73,133.23,123.4,132.13,32059
2019-08-06 00:00:00+05:30,136.33,143.33,136.33,142.23,79922
2019-08-07 00:00:00+05:30,140.0,147.23,140.0,143.4,22676
2019-08-08 00:00:00+05:30,141.1,145.0,138.93,139.97,11125
2019-08-09 00:00:00+05:30,140.07,142.63,140.03,141.8,10049
2019-08-13 00:00:00+05:30,141.8,143.97,141.2,142.8,14990
2019-08-14 00:00:00+05:30,146.33,150.0,142.67,147.6,32509
2019-08-16 00:00:00+05:30,146.43,153.33,146.07,152.4,30268
2019-08-19 00:00:00+05:30,146.93,153.53,146.7,148.0,53269
2019-08-20 00:00:00+05:30,146.83,147.93,141.43,146.37,10579
2019-08-21 00:00:00+05:30,145.6,145.6,140.83,142.53,18947
2019-08-22 00:00:00+05:30,141.37,142.0,134.0,135.97,24992
2019-08-23 00:00:00+05:30,134.67,137.37,133.33,135.93,23599
2019-08-26 00:00:00+05:30,143.97,143.97,136.67,139.1,27716
2019-08-27 00:00:00+05:30,138.5,147.13,138.5,143.37,43601
2019-08-28 00:00:00+05:30,143.67,145.33,141.33,144.07,27374
2019-08-29 00:00:00+05:30,143.93,146.07,142.23,143.33,38216
2019-08-30 00:00:00+05:30,140.67,146.3,140.67,143.37,25595
2019-09-03 00:00:00+05:30,142.37,143.13,138.6,141.57,18836
2019-09-04 00:00:00+05:30,141.57,143.27,138.2,139.93,27773
2019-09-05 00:00:00+05:30,142.0,144.37,140.23,141.43,8588
2019-09-06 00:00:00+05:30,142.03,143.23,139.23,142.37,8390
2019-09-09 00:00:00+05:30,142.57,144.67,141.03,143.9,10496
2019-09-11 00:00:00+05:30,143.7,151.07,142.87,146.4,29329
2019-09-12 00:00:00+05:30,148.0,148.67,144.0,144.67,13217
2019-09-13 00:00:00+05:30,146.6,148.03,142.13,147.17,12166
2019-09-16 00:00:00+05:30,146.57,146.63,143.47,145.6,8774
2019-09-17 00:00:00+05:30,146.67,148.0,142.67,143.33,13240
2019-09-18 00:00:00+05:30,148.0,148.0,142.77,143.23,6860
2019-09-19 00:00:00+05:30,142.67,144.23,137.67,139.37,16051
2019-09-20 00:00:00+05:30,139.93,149.67,138.03,145.37,42688
2019-09-23 00:00:00+05:30,146.03,150.0,144.67,145.43,32780
2019-09-24 00:00:00+05:30,148.53,148.53,142.7,143.27,13795
2019-09-25 00:00:00+05:30,142.0,146.27,142.0,142.63,11374
2019-09-26 00:00:00+05:30,146.47,146.47,142.7,144.17,15140
2019-09-27 00:00:00+05:30,145.33,145.5,142.23,144.43,10019
2019-09-30 00:00:00+05:30,147.1,148.97,143.33,144.03,28907
2019-10-01 00:00:00+05:30,148.0,148.0,138.67,140.67,11329
2019-10-03 00:00:00+05:30,140.0,141.67,138.67,140.3,7378
2019-10-04 00:00:00+05:30,138.73,140.77,138.63,138.97,6472
2019-10-07 00:00:00+05:30,138.53,139.67,137.67,138.27,7508
2019-10-09 00:00:00+05:30,140.93,140.93,134.0,136.57,9823
2019-10-10 00:00:00+05:30,135.67,137.77,134.67,134.87,12941
2019-10-11 00:00:00+05:30,134.87,137.33,133.43,135.67,5804
2019-10-14 00:00:00+05:30,135.37,137.8,135.33,135.9,10372
2019-10-15 00:00:00+05:30,135.33,137.73,131.07,131.9,41957
2019-10-16 00:00:00+05:30,131.67,136.67,131.67,132.3,6205
2019-10-17 00:00:00+05:30,133.33,133.33,130.63,131.43,5111
2019-10-18 00:00:00+05:30,132.4,136.67,131.33,136.37,17104
2019-10-22 00:00:00+05:30,133.53,136.97,133.33,135.03,11348
2019-10-23 00:00:00+05:30,135.17,136.0,134.03,134.43,8729
2019-10-24 00:00:00+05:30,133.5,136.0,133.5,135.07,5635
2019-10-25 00:00:00+05:30,134.73,136.63,134.0,134.87,7600
2019-10-27 00:00:00+05:30,136.73,137.33,135.03,136.7,2869
2019-10-29 00:00:00+05:30,132.23,142.67,132.23,141.63,17216
2019-10-30 00:00:00+05:30,143.27,143.27,141.17,141.4,13820
2019-10-31 00:00:00+05:30,141.37,146.87,141.0,145.63,14023
2019-11-01 00:00:00+05:30,145.33,147.33,143.4,145.23,15713
2019-11-04 00:00:00+05:30,145.27,149.27,143.43,146.8,16927
2019-11-05 00:00:00+05:30,144.33,149.5,144.33,148.43,11140
2019-11-06 00:00:00+05:30,145.63,149.33,143.33,147.63,11653
2019-11-07 00:00:00+05:30,147.63,164.67,145.03,156.23,142741
2019-11-08 00:00:00+05:30,156.67,156.67,151.33,151.83,17399
2019-11-11 00:00:00+05:30,151.67,158.0,151.67,155.5,29069
2019-11-13 00:00:00+05:30,155.33,160.0,155.33,158.77,48745
2019-11-14 00:00:00+05:30,168.07,177.07,155.37,156.03,128500
2019-11-15 00:00:00+05:30,159.9,159.9,150.07,151.37,49345
2019-11-18 00:00:00+05:30,152.93,156.53,151.67,156.1,48160
2019-11-19 00:00:00+05:30,155.97,156.0,148.5,149.87,33379
2019-11-20 00:00:00+05:30,151.1,163.33,149.83,159.47,153976
2019-11-21 00:00:00+05:30,160.53,160.53,151.67,156.43,29182
2019-11-22 00:00:00+05:30,154.0,158.0,153.33,155.2,15074
2019-11-25 00:00:00+05:30,154.0,156.87,150.73,153.2,18794
2019-11-26 00:00:00+05:30,151.33,161.0,151.33,160.07,73786
2019-11-27 00:00:00+05:30,160.07,162.27,158.77,159.43,55474
2019-11-28 00:00:00+05:30,160.0,160.67,156.13,157.97,19705
2019-11-29 00:00:00+05:30,156.17,159.33,154.73,156.53,37174
2019-12-02 00:00:00+05:30,156.6,156.9,150.73,154.5,27911
2019-12-03 00:00:00+05:30,157.23,159.67,153.67,157.33,30076
2019-12-04 00:00:00+05:30,157.9,158.0,153.57,154.93,12083
2019-12-05 00:00:00+05:30,153.47,157.67,153.47,153.73,25553
2019-12-06 00:00:00+05:30,157.33,157.33,152.17,154.97,17644
2019-12-09 00:00:00+05:30,159.27,159.27,153.43,154.63,7949
2019-12-10 00:00:00+05:30,152.93,156.67,150.67,151.93,16829
2019-12-11 00:00:00+05:30,152.03,153.33,149.23,150.8,12620
2019-12-12 00:00:00+05:30,152.53,154.67,150.67,153.47,10790
2019-12-13 00:00:00+05:30,155.33,156.63,153.53,155.1,10198
2019-12-16 00:00:00+05:30,154.9,156.07,151.4,152.1,24196
2019-12-17 00:00:00+05:30,152.17,153.33,150.27,151.07,29042
2019-12-18 00:00:00+05:30,150.97,152.0,149.67,150.1,20551
2019-12-19 00:00:00+05:30,150.0,150.7,149.33,150.37,40306
2019-12-20 00:00:00+05:30,150.37,153.87,150.37,152.67,38102
2019-12-23 00:00:00+05:30,151.8,153.97,150.47,152.93,50060
2019-12-24 00:00:00+05:30,151.33,154.1,148.67,152.13,55111
2019-12-26 00:00:00+05:30,149.03,153.8,149.03,152.87,20744
2019-12-27 00:00:00+05:30,152.87,153.33,150.0,152.83,18250
2019-12-30 00:00:00+05:30,153.33,154.67,149.33,154.17,63595
2019-12-31 00:00:00+05:30,151.53,156.33,151.53,154.47,18347
2020-01-01 00:00:00+05:30,156.3,178.33,152.67,174.57,224924
2020-01-02 00:00:00+05:30,179.97,189.6,167.33,179.47,485140
2020-01-03 00:00:00+05:30,180.0,183.2,172.27,173.6,84416
2020-01-06 00:00:00+05:30,174.0,174.0,163.07,164.53,63683
2020-01-07 00:00:00+05:30,166.43,177.83,166.1,174.33,197971
2020-01-08 00:00:00+05:30,170.67,172.2,168.0,170.3,33281
2020-01-09 00:00:00+05:30,171.33,176.63,171.33,174.73,26426
2020-01-10 00:00:00+05:30,174.47,183.07,174.0,174.73,77353
2020-01-13 00:00:00+05:30,180.67,189.33,175.37,186.83,175796
2020-01-14 00:00:00+05:30,190.0,190.0,183.13,183.73,58958
2020-01-15 00:00:00+05:30,183.8,189.93,180.27,185.07,43475
2020-01-16 00:00:00+05:30,187.33,211.2,184.03,204.37,691745
2020-01-17 00:00:00+05:30,205.73,207.5,193.0,194.33,200839
2020-01-20 00:00:00+05:30,195.97,197.33,188.0,189.3,65386
2020-01-21 00:00:00+05:30,188.83,194.67,188.33,191.33,43220
2020-01-22 00:00:00+05:30,190.7,192.83,186.23,187.83,50072
2020-01-23 00:00:00+05:30,188.97,191.93,188.37,189.13,19564
2020-01-24 00:00:00+05:30,188.37,191.53,187.63,188.83,21742
2020-01-27 00:00:00+05:30,186.0,188.6,181.67,185.7,47173
2020-01-28 00:00:00+05:30,188.77,188.77,183.33,184.13,19469
2020-01-29 00:00:00+05:30,184.33,187.5,184.33,185.57,13250
2020-01-30 00:00:00+05:30,186.3,187.33,180.07,180.57,26101
2020-01-31 00:00:00+05:30,180.7,181.63,178.07,178.87,17015
2020-02-01 00:00:00+05:30,177.63,179.4,175.33,176.17,25121
2020-02-03 00:00:00+05:30,175.4,180.0,171.1,173.63,16477
2020-02-04 00:00:00+05:30,173.6,184.47,173.33,179.97,47819
2020-02-05 00:00:00+05:30,178.23,182.67,178.23,179.23,22582
2020-02-06 00:00:00+05:30,180.2,184.77,178.7,182.83,20741
2020-02-07 00:00:00+05:30,183.33,201.27,183.33,194.97,206408
2020-02-10 00:00:00+05:30,191.33,197.0,189.77,193.97,45085
2020-02-11 00:00:00+05:30,193.33,201.93,191.0,194.37,113428
2020-02-12 00:00:00+05:30,196.67,199.13,194.9,196.7,80753
2020-02-13 00:00:00+05:30,196.7,201.67,196.7,200.37,99304
2020-02-14 00:00:00+05:30,217.33,228.0,213.47,216.47,1016789
2020-02-17 00:00:00+05:30,220.67,224.53,216.8,219.07,280682
2020-02-18 00:00:00+05:30,218.67,220.63,212.07,213.8,139723
2020-02-19 00:00:00+05:30,217.33,221.33,215.4,217.87,188498
2020-02-20 00:00:00+05:30,208.0,208.0,203.37,206.43,146416
2020-02-24 00:00:00+05:30,204.0,213.5,196.67,203.63,167626
2020-02-25 00:00:00+05:30,205.0,213.33,204.07,210.5,122717
2020-02-26 00:00:00+05:30,213.3,237.47,210.83,224.2,1152442
2020-02-27 00:00:00+05:30,224.93,228.0,214.67,218.83,175966
2020-02-28 00:00:00+05:30,213.33,216.67,201.67,203.93,141820
2020-03-02 00:00:00+05:30,207.3,213.3,201.9,203.83,86464
2020-03-03 00:00:00+05:30,206.33,215.33,204.0,207.73,142090
2020-03-04 00:00:00+05:30,207.4,208.67,200.0,201.97,79036
2020-03-05 00:00:00+05:30,205.8,207.8,201.33,202.13,37351
2020-03-06 00:00:00+05:30,186.67,195.97,186.67,192.67,68047
2020-03-09 00:00:00+05:30,191.93,191.93,172.07,176.13,124232
2020-03-11 00:00:00+05:30,176.67,189.3,176.67,180.87,69298
2020-03-12 00:00:00+05:30,167.4,172.63,158.67,164.2,125840
2020-03-13 00:00:00+05:30,150.0,180.0,131.37,177.53,125102
2020-03-16 00:00:00+05:30,163.4,183.13,160.0,162.5,69622
2020-03-17 00:00:00+05:30,163.33,167.97,159.33,160.33,54893
2020-03-18 00:00:00+05:30,160.67,164.87,153.33,154.0,190738
2020-03-19 00:00:00+05:30,150.0,157.33,143.9,154.2,112699
2020-03-20 00:00:00+05:30,156.8,166.0,153.13,160.03,194113
2020-03-23 00:00:00+05:30,135.4,152.67,128.03,130.47,243697
2020-03-24 00:00:00+05:30,137.8,141.9,126.67,128.2,33082
2020-03-25 00:00:00+05:30,127.97,139.93,123.73,134.67,50513
2020-03-26 00:00:00+05:30,137.33,146.63,132.03,141.4,152086
2020-03-27 00:00:00+05:30,144.63,150.67,137.73,140.87,82286
2020-03-30 00:00:00+05:30,138.67,142.67,130.67,139.53,191759
2020-03-31 00:00:00+05:30,142.67,142.67,133.33,138.7,162388
2020-04-01 00:00:00+05:30,141.43,141.43,135.67,136.57,44633
2020-04-03 00:00:00+05:30,139.87,139.87,134.4,136.27,106352
2020-04-07 00:00:00+05:30,140.0,154.0,138.23,151.83,359582
2020-04-08 00:00:00+05:30,152.97,160.0,146.33,149.3,106757
2020-04-09 00:00:00+05:30,151.87,158.67,151.83,157.9,78200
2020-04-13 00:00:00+05:30,159.87,159.87,152.0,153.53,45022
2020-04-15 00:00:00+05:30,156.0,162.47,152.0,154.3,87538
2020-04-16 00:00:00+05:30,154.33,159.13,150.63,158.07,50336
2020-04-17 00:00:00+05:30,161.33,164.67,157.4,162.7,80777
2020-04-20 00:00:00+05:30,163.47,180.67,162.63,173.9,223165
2020-04-21 00:00:00+05:30,172.43,172.43,160.67,162.63,87676
2020-04-22 00:00:00+05:30,164.0,174.0,164.0,169.7,88942
2020-04-23 00:00:00+05:30,170.63,175.9,166.03,167.6,54956
2020-04-24 00:00:00+05:30,166.0,169.8,160.0,161.93,70955
2020-04-27 00:00:00+05:30,161.1,169.17,161.1,167.5,80183
2020-04-28 00:00:00+05:30,170.67,198.67,167.33,181.37,665681
2020-04-29 00:00:00+05:30,186.67,189.53,178.7,181.17,737798
2020-04-30 00:00:00+05:30,181.17,182.67,172.67,175.07,129083
2020-05-04 00:00:00+05:30,166.67,168.67,160.73,162.8,114800
2020-05-05 00:00:00+05:30,164.43,167.73,159.5,160.9,57932
2020-05-06 00:00:00+05:30,160.7,165.33,160.3,164.2,44057
2020-05-07 00:00:00+05:30,162.67,165.3,161.43,162.43,37732
2020-05-08 00:00:00+05:30,166.67,169.67,163.33,164.5,110609
2020-05-11 00:00:00+05:30,164.8,166.77,162.33,163.07,42665
2020-05-12 00:00:00+05:30,160.1,168.0,160.1,163.6,70193
2020-05-13 00:00:00+05:30,166.67,168.63,164.67,165.4,55174
2020-05-14 00:00:00+05:30,164.7,172.47,163.33,171.17,72146
2020-05-15 00:00:00+05:30,172.0,172.0,167.4,167.93,49445
2020-05-18 00:00:00+05:30,168.67,168.67,161.47,162.17,37531
2020-05-19 00:00:00+05:30,162.93,174.67,161.33,169.83,305360
2020-05-20 00:00:00+05:30,170.33,176.0,169.23,174.73,65806
2020-05-21 00:00:00+05:30,174.6,178.63,173.23,173.7,41294
2020-05-22 00:00:00+05:30,173.33,181.1,173.33,178.0,203123
2020-05-26 00:00:00+05:30,179.27,179.27,172.67,176.63,62164
2020-05-27 00:00:00+05:30,176.93,180.0,174.8,177.53,55333
2020-05-28 00:00:00+05:30,178.43,186.0,177.77,180.57,160333
2020-05-29 00:00:00+05:30,181.33,186.67,178.03,181.6,119186
2020-06-01 00:00:00+05:30,184.07,192.0,184.07,187.33,143512
2020-06-02 00:00:00+05:30,188.0,195.43,184.67,194.13,107407
2020-06-03 00:00:00+05:30,196.0,206.67,192.0,201.13,232730
2020-06-04 00:00:00+05:30,202.6,207.33,189.93,197.4,228671
2020-06-05 00:00:00+05:30,198.0,203.0,188.0,189.67,284747
2020-06-08 00:00:00+05:30,191.27,193.13,181.97,183.6,166388
2020-06-09 00:00:00+05:30,185.3,189.9,183.6,186.0,77903
2020-06-10 00:00:00+05:30,186.93,195.33,186.1,193.87,158267
2020-06-11 00:00:00+05:30,194.57,195.9,186.67,189.4,87118
2020-06-12 00:00:00+05:30,185.5,194.8,182.0,193.73,124808
2020-06-15 00:00:00+05:30,192.67,193.17,186.9,188.97,66937
2020-06-16 00:00:00+05:30,192.67,193.37,185.4,187.23,69512
2020-06-17 00:00:00+05:30,186.7,199.8,185.07,192.87,199172
2020-06-18 00:00:00+05:30,194.67,197.57,190.4,193.0,153220
2020-06-19 00:00:00+05:30,193.97,196.0,190.07,191.47,79342
2020-06-22 00:00:00+05:30,192.67,194.77,188.8,191.0,85579
2020-06-23 00:00:00+05:30,192.63,199.33,191.13,195.43,140350
2020-06-24 00:00:00+05:30,195.43,206.0,195.43,197.77,217390
2020-06-25 00:00:00+05:30,198.77,204.53,197.87,202.2,90686
2020-06-26 00:00:00+05:30,202.67,213.27,199.13,210.5,250094
2020-06-29 00:00:00+05:30,209.13,213.23,205.33,210.6,141791
2020-06-30 00:00:00+05:30,212.17,219.77,206.0,208.77,148648
2020-07-01 00:00:00+05:30,208.0,213.33,204.13,206.53,100363
2020-07-02 00:00:00+05:30,206.8,209.93,204.0,206.27,82688
2020-07-03 00:00:00+05:30,206.63,214.4,205.13,213.17,85351
2020-07-06 00:00:00+05:30,213.47,223.5,212.67,217.5,286804
2020-07-07 00:00:00+05:30,218.6,219.7,211.1,212.43,133811
2020-07-08 00:00:00+05:30,212.67,231.8,211.57,213.33,542999
2020-07-09 00:00:00+05:30,215.33,216.97,211.73,214.8,289145
2020-07-10 00:00:00+05:30,215.27,228.83,214.8,222.87,491791
2020-07-13 00:00:00+05:30,224.93,237.87,223.23,233.1,593531
2020-07-14 00:00:00+05:30,234.33,262.67,229.37,251.8,1906547
2020-07-15 00:00:00+05:30,259.3,260.53,246.73,250.2,508516
2020-07-16 00:00:00+05:30,249.6,251.37,242.67,248.47,131026
2020-07-17 00:00:00+05:30,244.83,272.6,244.83,268.2,819205
2020-07-20 00:00:00+05:30,265.53,279.0,262.7,269.67,407812
2020-07-21 00:00:00+05:30,269.33,273.97,260.0,262.47,176596
2020-07-22 00:00:00+05:30,263.23,268.0,256.6,264.17,225593
2020-07-23 00:00:00+05:30,265.33,274.67,260.33,270.43,268529
2020-07-24 00:00:00+05:30,266.67,280.97,265.07,275.93,673006
2020-07-27 00:00:00+05:30,275.67,276.67,265.0,266.23,159896
2020-07-28 00:00:00+05:30,266.6,269.33,260.2,261.83,100976
2020-07-29 00:00:00+05:30,261.83,284.53,261.83,270.27,603233
2020-07-30 00:00:00+05:30,267.93,272.33,216.23,263.97,196691
2020-07-31 00:00:00+05:30,266.0,279.33,263.43,276.83,317408
2020-08-03 00:00:00+05:30,279.03,282.33,273.67,279.83,273647
2020-08-04 00:00:00+05:30,281.23,295.33,275.37,289.3,796226
2020-08-05 00:00:00+05:30,289.2,303.0,287.83,299.7,554030
2020-08-06 00:00:00+05:30,295.57,303.33,294.4,300.0,286828
2020-08-07 00:00:00+05:30,300.0,303.27,291.67,295.43,198535
2020-08-10 00:00:00+05:30,298.67,308.33,291.53,301.8,380779
2020-08-11 00:00:00+05:30,304.47,306.67,292.67,295.03,203023
2020-08-12 00:00:00+05:30,293.33,304.67,288.67,296.53,173903
2020-08-13 00:00:00+05:30,298.03,306.67,296.67,298.1,229624
2020-08-14 00:00:00+05:30,299.47,302.97,288.0,292.5,135755
2020-08-17 00:00:00+05:30,300.63,305.2,293.33,296.47,196732
2020-08-18 00:00:00+05:30,299.0,302.73,296.87,299.17,218417
2020-08-19 00:00:00+05:30,306.67,323.27,304.0,320.57,1285586
2020-08-20 00:00:00+05:30,313.33,327.6,305.03,319.9,1898593
2020-08-21 00:00:00+05:30,324.0,325.33,303.73,305.7,670154
2020-08-24 00:00:00+05:30,308.0,308.0,292.7,294.1,558212
2020-08-25 00:00:00+05:30,300.0,300.0,286.03,287.53,285820
2020-08-26 00:00:00+05:30,287.27,292.27,281.73,284.47,393077
2020-08-27 00:00:00+05:30,286.43,296.23,283.73,288.97,445568
2020-08-28 00:00:00+05:30,291.5,291.6,272.0,274.67,341188
2020-08-31 00:00:00+05:30,278.27,278.27,256.67,259.27,363404
2020-09-01 00:00:00+05:30,256.67,262.67,250.0,253.17,172010
2020-09-02 00:00:00+05:30,255.17,268.0,254.0,265.0,233599
2020-09-03 00:00:00+05:30,270.0,272.0,261.73,263.53,161011
2020-09-04 00:00:00+05:30,262.63,270.57,253.37,267.3,250046
2020-09-07 00:00:00+05:30,266.67,269.17,256.13,257.33,189902
2020-09-08 00:00:00+05:30,258.67,268.53,255.07,256.77,188888
2020-09-09 00:00:00+05:30,255.8,263.27,252.1,261.97,138365
2020-09-10 00:00:00+05:30,265.33,265.77,260.0,261.57,117694
2020-09-11 00:00:00+05:30,263.33,264.47,259.23,260.17,77777
2020-09-14 00:00:00+05:30,263.73,270.8,260.6,266.97,174994
2020-09-15 00:00:00+05:30,269.27,275.8,267.33,274.03,123496
2020-09-16 00:00:00+05:30,275.33,282.47,274.67,280.23,153286
2020-09-17 00:00:00+05:30,278.6,283.93,276.67,278.27,75958
2020-09-18 00:00:00+05:30,281.13,282.63,278.0,279.5,97910
2020-09-21 00:00:00+05:30,281.8,285.27,260.03,266.77,174593
2020-09-22 00:00:00+05:30,268.67,270.03,253.6,261.77,140492
2020-09-23 00:00:00+05:30,262.0,265.67,255.63,261.2,64381
2020-09-24 00:00:00+05:30,258.33,261.67,253.4,259.4,77555
2020-09-25 00:00:00+05:30,261.37,274.67,257.63,272.7,136694
2020-09-28 00:00:00+05:30,275.33,280.0,274.87,276.93,54647
2020-09-29 00:00:00+05:30,279.93,282.93,274.67,277.27,88267
2020-09-30 00:00:00+05:30,280.63,280.63,270.13,273.1,40111
2020-10-01 00:00:00+05:30,275.33,278.47,273.63,275.73,23146
2020-10-05 00:00:00+05:30,277.33,279.97,273.33,276.63,38417
2020-10-06 00:00:00+05:30,273.67,277.87,271.33,273.4,54218
2020-10-07 00:00:00+05:30,275.9,279.27,263.57,270.97,96430
2020-10-08 00:00:00+05:30,268.67,273.4,264.67,266.17,67619
2020-10-09 00:00:00+05:30,269.93,278.93,263.33,275.53,146971
2020-10-12 00:00:00+05:30,280.0,280.0,275.33,276.7,87431
2020-10-13 00:00:00+05:30,277.33,279.8,273.63,277.83,58684
2020-10-14 00:00:00+05:30,279.33,279.33,274.87,277.13,23486
2020-10-15 00:00:00+05:30,279.27,289.8,275.57,283.13,439634
2020-10-16 00:00:00+05:30,283.23,288.0,281.2,284.8,96598
2020-10-19 00:00:00+05:30,287.93,311.97,287.9,306.3,1282790
2020-10-20 00:00:00+05:30,308.67,310.57,302.67,306.27,288997
2020-10-21 00:00:00+05:30,308.97,309.87,297.0,299.8,156428
2020-10-22 00:00:00+05:30,298.67,308.2,295.43,304.6,111028
2020-10-23 00:00:00+05:30,306.5,319.27,302.13,311.37,340567
2020-10-26 00:00:00+05:30,313.87,319.67,302.77,314.73,839216
2020-10-27 00:00:00+05:30,319.93,322.67,310.07,313.9,288182
2020-10-28 00:00:00+05:30,314.67,319.27,311.33,315.03,172030
2020-10-29 00:00:00+05:30,313.27,314.63,307.43,310.43,87292
2020-10-30 00:00:00+05:30,312.57,314.67,304.0,305.77,118927
2020-11-02 00:00:00+05:30,303.0,310.8,290.0,292.9,222659
2020-11-03 00:00:00+05:30,294.0,296.03,291.67,293.5,71014
2020-11-04 00:00:00+05:30,296.0,296.5,286.67,287.53,105781
2020-11-05 00:00:00+05:30,288.77,296.33,285.47,289.4,252476
2020-11-06 00:00:00+05:30,287.33,302.6,287.33,300.4,179513
2020-11-09 00:00:00+05:30,302.67,310.6,297.8,308.37,161452
2020-11-10 00:00:00+05:30,309.33,309.33,291.8,294.83,116908
2020-11-11 00:00:00+05:30,300.0,304.4,290.2,293.17,194833
2020-11-12 00:00:00+05:30,295.33,295.37,288.0,290.63,132829
2020-11-13 00:00:00+05:30,292.4,295.37,290.13,291.8,58594
2020-11-14 00:00:00+05:30,293.47,295.97,292.23,293.03,21538
2020-11-17 00:00:00+05:30,294.67,294.67,290.43,292.13,58220
2020-11-18 00:00:00+05:30,293.13,308.63,290.5,305.27,227147
2020-11-19 00:00:00+05:30,303.27,308.7,298.0,299.37,87196
2020-11-20 00:00:00+05:30,301.07,302.27,295.33,296.0,87067
2020-11-23 00:00:00+05:30,296.67,305.9,296.0,300.67,77054
2020-11-24 00:00:00+05:30,302.43,305.03,297.03,298.67,51019
2020-11-25 00:00:00+05:30,301.83,302.67,290.0,290.93,76091
2020-11-26 00:00:00+05:30,291.93,295.3,290.17,292.33,42329
2020-11-27 00:00:00+05:30,299.27,299.3,293.4,294.83,78775
2020-12-01 00:00:00+05:30,297.93,301.33,294.6,295.8,115535
2020-12-02 00:00:00+05:30,298.0,299.53,291.43,294.23,80768
2020-12-03 00:00:00+05:30,296.63,299.33,277.4,289.93,211999
2020-12-04 00:00:00+05:30,291.67,299.67,290.97,292.97,137708
2020-12-07 00:00:00+05:30,295.27,296.43,290.0,291.7,80392
2020-12-08 00:00:00+05:30,292.6,296.67,291.0,294.47,46325
2020-12-09 00:00:00+05:30,295.97,298.43,293.03,295.1,61741
2020-12-10 00:00:00+05:30,298.27,308.27,291.8,306.23,208168
2020-12-11 00:00:00+05:30,308.67,314.6,300.8,302.83,152087
2020-12-14 00:00:00+05:30,306.3,308.0,303.27,304.7,61217
2020-12-15 00:00:00+05:30,307.2,307.2,295.73,300.3,65428
2020-12-16 00:00:00+05:30,300.53,305.07,300.0,301.87,47723
2020-12-17 00:00:00+05:30,304.13,307.87,299.23,300.33,68936
2020-12-18 00:00:00+05:30,310.17,313.33,300.87,306.83,143026
2020-12-21 00:00:00+05:30,299.4,305.83,279.33,285.0,128257
2020-12-22 00:00:00+05:30,289.97,297.7,281.73,293.57,100762
2020-12-23 00:00:00+05:30,293.57,304.53,290.7,302.9,153152
2020-12-24 00:00:00+05:30,305.77,306.43,294.93,299.2,72541
2020-12-28 00:00:00+05:30,302.43,302.9,296.87,298.4,64417
2020-12-29 00:00:00+05:30,299.97,309.93,296.93,308.83,140377
2020-12-30 00:00:00+05:30,307.47,308.47,301.33,304.23,46591
2020-12-31 00:00:00+05:30,304.0,306.67,303.4,305.47,41896
2021-01-01 00:00:00+05:30,305.3,306.6,302.03,303.77,39584
2021-01-04 00:00:00+05:30,305.3,308.3,300.07,301.2,71965
2021-01-05 00:00:00+05:30,301.2,304.0,297.47,299.1,69191
2021-01-06 00:00:00+05:30,294.73,303.33,293.33,295.77,83773
2021-01-07 00:00:00+05:30,298.67,305.47,297.33,301.9,91799
2021-01-08 00:00:00+05:30,303.33,305.33,298.77,299.63,60473
2021-01-11 00:00:00+05:30,300.2,301.13,287.37,293.67,180287
2021-01-12 00:00:00+05:30,293.93,302.0,293.4,297.0,88129
2021-01-13 00:00:00+05:30,298.5,299.17,291.37,292.93,57736
2021-01-14 00:00:00+05:30,292.67,294.73,290.0,291.03,41608
2021-01-15 00:00:00+05:30,293.23,298.67,288.33,292.63,79360
2021-01-18 00:00:00+05:30,294.0,294.1,287.3,290.73,46865
2021-01-19 00:00:00+05:30,288.73,298.47,288.73,294.6,50228
2021-01-20 00:00:00+05:30,294.53,298.67,292.0,292.43,67703
2021-01-21 00:00:00+05:30,295.23,299.8,293.33,296.4,89306
2021-01-22 00:00:00+05:30,299.6,307.4,296.43,301.43,199865
2021-01-25 00:00:00+05:30,304.6,305.03,294.67,297.97,82300
2021-01-27 00:00:00+05:30,294.8,301.23,293.17,297.17,71561
2021-01-28 00:00:00+05:30,306.67,349.33,305.1,335.7,2616260
2021-01-29 00:00:00+05:30,338.67,355.87,335.7,339.5,1019875
2021-02-01 00:00:00+05:30,341.93,349.97,333.33,346.8,390035
2021-02-02 00:00:00+05:30,349.8,365.87,348.17,354.7,386588
2021-02-03 00:00:00+05:30,357.13,361.93,351.03,357.93,229765
2021-02-04 00:00:00+05:30,359.0,362.7,353.83,356.13,196819
2021-02-05 00:00:00+05:30,335.0,345.27,329.0,332.27,210910
2021-02-08 00:00:00+05:30,333.87,336.67,321.33,333.27,248677
2021-02-09 00:00:00+05:30,330.67,340.2,330.67,333.47,107408
2021-02-10 00:00:00+05:30,338.0,340.63,321.5,335.57,129619
2021-02-11 00:00:00+05:30,334.67,347.53,334.67,336.93,130657
2021-02-12 00:00:00+05:30,336.93,343.93,333.87,335.47,97940
2021-02-15 00:00:00+05:30,336.8,349.33,333.93,341.1,154313
2021-02-16 00:00:00+05:30,345.8,345.8,333.37,335.63,79403
2021-02-17 00:00:00+05:30,337.9,338.6,329.3,332.7,66050
2021-02-18 00:00:00+05:30,333.67,337.97,331.23,334.03,33700
2021-02-19 00:00:00+05:30,334.6,334.6,323.33,326.13,77828
2021-02-22 00:00:00+05:30,326.0,327.77,311.53,318.73,133922
2021-02-23 00:00:00+05:30,318.0,323.03,314.67,316.67,80434
2021-02-24 00:00:00+05:30,314.67,335.93,314.4,333.53,116033
2021-02-25 00:00:00+05:30,335.23,349.33,333.53,346.67,238756
2021-02-26 00:00:00+05:30,343.27,346.53,332.13,336.83,95069
2021-03-01 00:00:00+05:30,339.3,351.7,336.0,349.77,154114
2021-03-02 00:00:00+05:30,353.33,396.0,353.33,390.43,942242
2021-03-03 00:00:00+05:30,397.27,416.0,394.0,413.57,697820
2021-03-04 00:00:00+05:30,406.73,437.0,403.73,426.97,553184
2021-03-05 00:00:00+05:30,425.07,429.77,392.53,404.4,291220
2021-03-08 00:00:00+05:30,407.33,440.0,407.33,428.63,286507
2021-03-09 00:00:00+05:30,432.67,445.97,417.47,423.03,233516
2021-03-10 00:00:00+05:30,424.1,438.67,416.13,429.63,267160
2021-03-12 00:00:00+05:30,432.67,449.0,430.0,437.6,367243
2021-03-15 00:00:00+05:30,446.67,465.93,438.73,454.23,322400
2021-03-16 00:00:00+05:30,456.0,459.0,433.73,436.33,162074
2021-03-17 00:00:00+05:30,438.07,439.83,400.8,402.8,229553
2021-03-18 00:00:00+05:30,410.67,415.33,380.6,389.4,288449
2021-03-19 00:00:00+05:30,382.0,406.27,375.33,403.37,232951
2021-03-22 00:00:00+05:30,405.33,409.23,392.67,399.1,118751
2021-03-23 00:00:00+05:30,398.33,410.0,395.77,398.9,100010
2021-03-24 00:00:00+05:30,396.6,398.67,385.33,389.37,86930
2021-03-25 00:00:00+05:30,388.47,402.67,375.93,394.53,151169
2021-03-26 00:00:00+05:30,395.57,406.6,392.03,400.33,98557
2021-03-30 00:00:00+05:30,406.67,432.27,404.57,416.6,293221
2021-03-31 00:00:00+05:30,414.0,419.77,411.33,413.53,35734
2021-04-01 00:00:00+05:30,414.0,428.0,414.0,424.6,92861
2021-04-05 00:00:00+05:30,423.2,423.33,404.83,419.33,78940
2021-04-06 00:00:00+05:30,414.0,429.33,414.0,424.7,81571
2021-04-07 00:00:00+05:30,426.63,442.43,423.93,438.07,120626
2021-04-08 00:00:00+05:30,447.33,484.03,441.33,468.0,283742
2021-04-09 00:00:00+05:30,463.57,473.13,445.87,456.9,86569
2021-04-12 00:00:00+05:30,450.73,450.73,414.2,420.13,190652
2021-04-13 00:00:00+05:30,425.6,464.27,422.57,430.03,69665
2021-04-15 00:00:00+05:30,430.03,439.97,414.67,434.53,79288
2021-04-16 00:00:00+05:30,434.0,442.13,429.67,433.4,47318
2021-04-19 00:00:00+05:30,420.0,427.77,413.33,421.57,53714
2021-04-20 00:00:00+05:30,428.53,438.03,420.67,423.1,32026
2021-04-22 00:00:00+05:30,423.07,429.93,418.63,422.23,48764
2021-04-23 00:00:00+05:30,421.67,430.0,405.33,415.6,65686
2021-04-26 00:00:00+05:30,416.0,429.77,416.0,421.73,51674
2021-04-27 00:00:00+05:30,423.23,435.9,419.13,427.5,50741
2021-04-28 00:00:00+05:30,433.27,438.63,424.87,426.03,56566
2021-04-29 00:00:00+05:30,430.6,449.33,423.33,439.97,96601
2021-04-30 00:00:00+05:30,436.7,451.97,433.47,440.63,63961
2021-05-03 00:00:00+05:30,434.0,460.0,434.0,453.53,106976
2021-05-04 00:00:00+05:30,469.33,470.0,454.07,462.0,115145
2021-05-05 00:00:00+05:30,465.33,516.6,465.33,505.57,606229
2021-05-06 00:00:00+05:30,516.6,517.77,492.13,496.53,184643
2021-05-07 00:00:00+05:30,498.0,499.33,466.73,472.1,186929
2021-05-10 00:00:00+05:30,472.1,473.13,454.37,456.53,178807
2021-05-11 00:00:00+05:30,453.87,475.0,453.87,463.73,127792
2021-05-12 00:00:00+05:30,466.0,467.33,448.33,459.93,70007
2021-05-14 00:00:00+05:30,465.33,479.9,464.17,472.83,126550
2021-05-17 00:00:00+05:30,479.3,503.3,477.03,495.53,260038
2021-05-18 00:00:00+05:30,500.0,516.0,500.0,510.37,142685
2021-05-19 00:00:00+05:30,514.17,524.0,502.07,508.57,138097
2021-05-20 00:00:00+05:30,516.0,534.53,512.0,530.5,257987
2021-05-21 00:00:00+05:30,548.0,560.43,532.0,536.07,896513
2021-05-24 00:00:00+05:30,537.83,557.33,533.33,539.03,243532
2021-05-25 00:00:00+05:30,543.33,549.07,533.33,534.53,111218
2021-05-26 00:00:00+05:30,537.33,539.97,520.67,524.47,101866
2021-05-27 00:00:00+05:30,527.33,545.67,524.07,537.77,147476
2021-05-28 00:00:00+05:30,537.33,543.3,533.33,534.63,85237
2021-05-31 00:00:00+05:30,534.67,537.0,517.6,525.87,106280
2021-06-01 00:00:00+05:30,526.53,540.0,518.67,530.97,85622
2021-06-02 00:00:00+05:30,530.67,538.0,524.7,526.93,119903
2021-06-03 00:00:00+05:30,529.67,533.33,520.0,526.63,66109
2021-06-04 00:00:00+05:30,529.97,534.0,523.33,531.3,55859
2021-06-07 00:00:00+05:30,536.6,546.67,534.67,536.0,145132
2021-06-08 00:00:00+05:30,536.67,541.63,521.53,526.57,113522
2021-06-09 00:00:00+05:30,531.33,576.0,526.67,558.1,817864
2021-06-10 00:00:00+05:30,563.47,586.67,563.47,572.33,394627
2021-06-11 00:00:00+05:30,582.67,598.37,569.33,575.2,295928
2021-06-14 00:00:00+05:30,575.2,576.63,550.0,561.73,155945
2021-06-15 00:00:00+05:30,564.5,566.53,555.57,558.7,89621
2021-06-17 00:00:00+05:30,555.93,578.57,550.0,561.67,118067
2021-06-18 00:00:00+05:30,563.87,566.67,536.67,559.13,101959
2021-06-21 00:00:00+05:30,556.0,572.47,546.87,566.77,66163
2021-06-22 00:00:00+05:30,570.0,575.67,560.0,573.4,80228
2021-06-23 00:00:00+05:30,577.3,596.67,573.93,578.8,140522
2021-06-24 00:00:00+05:30,582.6,590.0,579.37,587.5,94540
2021-06-25 00:00:00+05:30,590.6,596.67,582.03,595.43,93665
2021-06-28 00:00:00+05:30,596.67,598.47,586.57,593.27,61595
2021-06-29 00:00:00+05:30,587.37,599.43,587.37,594.2,58730
2021-06-30 00:00:00+05:30,599.3,658.0,598.67,653.07,799603
2021-07-01 00:00:00+05:30,658.0,698.63,647.33,650.43,628424
2021-07-02 00:00:00+05:30,654.53,684.67,653.33,673.57,231850
2021-07-05 00:00:00+05:30,679.13,688.0,656.67,658.67,133790
2021-07-06 00:00:00+05:30,663.2,679.27,655.3,658.33,107833
2021-07-07 00:00:00+05:30,658.6,667.33,650.67,658.0,52439
2021-07-08 00:00:00+05:30,658.63,666.63,652.0,653.83,39698
2021-07-09 00:00:00+05:30,658.4,716.67,650.0,709.03,617098
2021-07-12 00:00:00+05:30,715.2,732.0,702.37,711.27,263747
2021-07-13 00:00:00+05:30,713.33,731.67,711.33,721.73,175379
2021-07-14 00:00:00+05:30,717.57,741.33,703.33,709.1,198640
2021-07-15 00:00:00+05:30,711.8,729.33,710.07,717.97,88694
2021-07-16 00:00:00+05:30,719.97,743.3,717.13,736.0,135968
2021-07-19 00:00:00+05:30,732.67,764.67,727.83,756.87,168814
2021-07-20 00:00:00+05:30,759.8,764.2,724.83,737.2,113689
2021-07-22 00:00:00+05:30,733.33,755.43,733.33,743.23,62786
2021-07-23 00:00:00+05:30,748.0,798.67,735.87,791.23,244066
2021-07-26 00:00:00+05:30,793.33,826.67,780.63,818.47,227962
2021-07-27 00:00:00+05:30,821.27,839.93,800.73,814.83,157145
2021-07-28 00:00:00+05:30,813.33,817.7,779.83,785.83,131182
2021-07-29 00:00:00+05:30,786.67,797.97,768.73,776.07,72119
2021-07-30 00:00:00+05:30,776.07,796.67,766.73,789.53,117713
2021-08-02 00:00:00+05:30,796.77,830.0,792.07,824.9,138218
2021-08-03 00:00:00+05:30,833.33,906.53,832.47,894.27,435511
2021-08-04 00:00:00+05:30,905.6,947.43,892.23,898.9,445559
2021-08-05 00:00:00+05:30,960.0,989.0,912.0,942.47,1167152
2021-08-06 00:00:00+05:30,949.33,956.63,926.67,936.17,197935
2021-08-09 00:00:00+05:30,940.67,943.2,900.1,905.63,124105
2021-08-10 00:00:00+05:30,903.33,932.67,793.9,817.0,478918
2021-08-11 00:00:00+05:30,824.93,916.27,750.03,886.13,795172
2021-08-12 00:00:00+05:30,880.0,963.33,869.43,946.33,378604
2021-08-13 00:00:00+05:30,953.93,956.4,906.67,916.47,223225
2021-08-16 00:00:00+05:30,913.33,914.67,887.77,891.1,128035
2021-08-17 00:00:00+05:30,889.93,924.9,882.2,893.93,160450
2021-08-18 00:00:00+05:30,895.73,898.63,876.67,881.5,75824
2021-08-20 00:00:00+05:30,873.33,883.17,849.6,855.17,106022
2021-08-23 00:00:00+05:30,880.0,884.4,806.67,818.13,184220
2021-08-24 00:00:00+05:30,800.0,856.5,800.0,850.2,186041
2021-08-25 00:00:00+05:30,850.67,866.0,833.33,838.77,82124
2021-08-26 00:00:00+05:30,843.27,859.1,828.07,834.8,117164
2021-08-27 00:00:00+05:30,840.0,852.03,836.53,845.73,55498
2021-08-30 00:00:00+05:30,856.67,922.77,853.33,902.5,313541
2021-08-31 00:00:00+05:30,912.0,912.0,880.0,885.7,105433
2021-09-01 00:00:00+05:30,892.4,914.57,884.4,894.8,98521
2021-09-02 00:00:00+05:30,898.67,939.47,888.23,896.2,124609
2021-09-03 00:00:00+05:30,906.07,916.0,890.4,896.23,60755
2021-09-06 00:00:00+05:30,903.97,920.67,883.3,887.17,76450
2021-09-07 00:00:00+05:30,888.67,894.8,847.33,861.9,138731
2021-09-08 00:00:00+05:30,853.33,899.33,846.7,877.7,140470
2021-09-09 00:00:00+05:30,879.8,884.8,866.77,869.33,38557
2021-09-13 00:00:00+05:30,876.67,912.67,868.7,905.57,154507
2021-09-14 00:00:00+05:30,918.3,1065.73,915.53,1037.5,1384820
2021-09-15 00:00:00+05:30,1046.67,1060.0,1004.0,1023.9,358036
2021-09-16 00:00:00+05:30,1026.47,1034.23,993.33,996.97,158909
2021-09-17 00:00:00+05:30,1037.43,1073.9,1000.7,1030.23,523993
2021-09-20 00:00:00+05:30,1020.67,1032.6,1004.67,1007.37,177256
2021-09-21 00:00:00+05:30,994.0,1013.2,958.4,983.77,170413
2021-09-22 00:00:00+05:30,995.93,1026.0,985.2,1006.4,152897
2021-09-23 00:00:00+05:30,1012.0,1045.3,1007.33,1013.83,154771
2021-09-24 00:00:00+05:30,1030.27,1034.0,993.33,1001.53,86516
2021-09-27 00:00:00+05:30,993.27,1005.0,982.83,987.07,66187
2021-09-28 00:00:00+05:30,993.87,997.4,941.27,949.4,149833
2021-09-29 00:00:00+05:30,941.33,1018.63,917.43,1011.43,273764
2021-09-30 00:00:00+05:30,1020.0,1026.67,990.93,995.63,80510
2021-10-01 00:00:00+05:30,988.83,993.33,974.13,980.7,71812
2021-10-04 00:00:00+05:30,980.0,988.0,960.73,966.0,105803
2021-10-05 00:00:00+05:30,966.67,994.37,960.67,984.87,74848
2021-10-06 00:00:00+05:30,985.33,995.37,969.6,973.97,53812
2021-10-07 00:00:00+05:30,983.33,1034.33,975.63,1027.2,200143
2021-10-08 00:00:00+05:30,1034.93,1047.33,1007.4,1016.4,131881
2021-10-11 00:00:00+05:30,1023.2,1028.37,1000.7,1006.27,54805
2021-10-12 00:00:00+05:30,1006.67,1047.33,1006.0,1017.67,122374
2021-10-13 00:00:00+05:30,1026.17,1040.0,1010.7,1022.47,79607
2021-10-14 00:00:00+05:30,1031.97,1099.87,1026.97,1092.23,417761
2021-10-18 00:00:00+05:30,1106.67,1119.33,1072.0,1077.9,182371
2021-10-19 00:00:00+05:30,1086.53,1086.53,934.03,1000.4,205663
2021-10-20 00:00:00+05:30,1003.33,1010.1,955.37,966.13,172988
2021-10-21 00:00:00+05:30,974.0,1046.93,965.27,1002.0,204184
2021-10-22 00:00:00+05:30,1013.33,1030.0,973.33,980.23,84010
2021-10-25 00:00:00+05:30,993.33,994.97,922.6,935.17,140002
2021-10-26 00:00:00+05:30,931.83,980.0,922.43,972.13,86317
2021-10-27 00:00:00+05:30,974.93,1012.0,969.97,983.17,74749
2021-10-28 00:00:00+05:30,1023.33,1030.0,988.2,1022.67,211192
2021-10-29 00:00:00+05:30,1022.0,1060.0,993.43,1054.4,193408
2021-11-01 00:00:00+05:30,1060.0,1063.3,1017.4,1051.27,88942
2021-11-02 00:00:00+05:30,1053.33,1078.67,1048.37,1065.17,84857
2021-11-03 00:00:00+05:30,1070.5,1119.33,1070.0,1089.83,135712
2021-11-04 00:00:00+05:30,1098.0,1099.87,1083.33,1088.33,19424
2021-11-08 00:00:00+05:30,1097.3,1097.3,1060.0,1064.8,70046
2021-11-09 00:00:00+05:30,1073.33,1086.67,1045.03,1053.67,55681
2021-11-10 00:00:00+05:30,1058.67,1072.0,1043.33,1048.77,44597
2021-11-11 00:00:00+05:30,1057.67,1073.33,1043.4,1059.23,43508
2021-11-12 00:00:00+05:30,1066.67,1088.57,1034.07,1047.27,58501
2021-11-15 00:00:00+05:30,1049.33,1050.37,1010.0,1015.1,74519
2021-11-16 00:00:00+05:30,1015.67,1079.87,1004.67,1049.07,126887
2021-11-17 00:00:00+05:30,1046.67,1046.67,1015.97,1019.47,64105
2021-11-18 00:00:00+05:30,1026.53,1034.77,987.33,1004.33,123631
2021-11-22 00:00:00+05:30,1002.67,1006.7,933.37,947.7,129365
2021-11-23 00:00:00+05:30,942.67,973.6,934.33,968.17,50086
2021-11-24 00:00:00+05:30,973.03,985.77,957.67,963.67,35588
2021-11-25 00:00:00+05:30,963.67,993.33,959.0,983.5,53230
2021-11-26 00:00:00+05:30,973.67,978.97,936.67,943.7,57137
2021-11-29 00:00:00+05:30,933.33,937.33,890.07,905.57,93053
2021-11-30 00:00:00+05:30,913.27,936.67,894.73,898.9,53437
2021-12-01 00:00:00+05:30,909.1,922.77,884.13,892.3,53492
2021-12-02 00:00:00+05:30,900.0,932.67,893.47,927.57,75430
2021-12-03 00:00:00+05:30,933.3,983.3,933.03,960.07,149473
2021-12-06 00:00:00+05:30,963.27,973.3,936.83,953.77,34484
2021-12-07 00:00:00+05:30,958.0,967.53,940.67,942.3,48602
2021-12-08 00:00:00+05:30,963.33,1022.97,950.87,1004.33,198602
2021-12-09 00:00:00+05:30,1004.33,1009.27,973.47,986.57,72217
2021-12-10 00:00:00+05:30,985.9,1013.5,974.0,982.0,93655
2021-12-13 00:00:00+05:30,992.53,1005.2,954.77,958.0,91033
2021-12-14 00:00:00+05:30,957.2,976.67,943.33,954.5,45704
2021-12-15 00:00:00+05:30,956.0,962.7,938.67,947.37,44653
2021-12-16 00:00:00+05:30,952.5,959.43,940.67,942.93,32360
2021-12-17 00:00:00+05:30,944.0,946.17,919.07,922.97,50465
2021-12-20 00:00:00+05:30,913.33,916.57,865.33,869.87,89842
2021-12-21 00:00:00+05:30,878.6,903.1,868.03,873.37,43688
2021-12-22 00:00:00+05:30,882.67,899.77,882.63,892.8,30055
2021-12-23 00:00:00+05:30,898.6,912.5,887.93,896.67,26779
2021-12-24 00:00:00+05:30,900.0,905.5,879.3,884.97,29930
2021-12-27 00:00:00+05:30,886.6,957.57,876.77,947.17,86435
2021-12-28 00:00:00+05:30,950.0,967.17,946.8,952.0,42382
2021-12-29 00:00:00+05:30,953.3,968.1,936.77,939.6,41018
2021-12-30 00:00:00+05:30,934.0,945.17,917.0,919.83,38476
2021-12-31 00:00:00+05:30,921.33,943.37,919.33,931.6,75035
2022-01-03 00:00:00+05:30,940.0,956.6,927.33,936.67,65531
2022-01-04 00:00:00+05:30,942.6,997.27,940.4,988.5,172069
2022-01-05 00:00:00+05:30,988.5,993.27,971.7,978.2,54169
2022-01-06 00:00:00+05:30,978.2,994.87,956.67,978.1,53809
2022-01-07 00:00:00+05:30,973.33,1016.53,973.33,1008.53,98056
2022-01-10 00:00:00+05:30,1010.0,1026.67,993.43,998.83,68659
2022-01-11 00:00:00+05:30,994.1,1006.57,980.17,982.9,46687
2022-01-12 00:00:00+05:30,983.27,1017.57,983.27,1007.63,94333
2022-01-13 00:00:00+05:30,1006.63,1060.0,1000.67,1045.8,149732
2022-01-14 00:00:00+05:30,1050.0,1152.67,1037.57,1145.23,502052
2022-01-17 00:00:00+05:30,1159.93,1190.73,1142.07,1162.2,284177
2022-01-18 00:00:00+05:30,1158.67,1161.23,1090.13,1101.63,121160
2022-01-19 00:00:00+05:30,1107.17,1138.27,1096.67,1125.23,69002
2022-01-20 00:00:00+05:30,1135.27,1215.8,1132.4,1205.27,351410
2022-01-21 00:00:00+05:30,1199.4,1259.33,1178.0,1216.8,451915
2022-01-24 00:00:00+05:30,1219.93,1241.93,1159.77,1170.7,217922
2022-01-25 00:00:00+05:30,1199.33,1226.67,1138.27,1199.23,147467
2022-01-27 00:00:00+05:30,1206.67,1248.1,1182.07,1221.5,230723
2022-01-28 00:00:00+05:30,1240.6,1258.33,1194.0,1200.3,93035
2022-01-31 00:00:00+05:30,1206.67,1226.53,1126.67,1142.53,149128
2022-02-01 00:00:00+05:30,1142.7,1153.33,1120.07,1135.2,55937
2022-02-02 00:00:00+05:30,1141.27,1192.0,1141.27,1185.63,84763
2022-02-03 00:00:00+05:30,1184.0,1201.93,1166.67,1175.63,58820
2022-02-04 00:00:00+05:30,1175.3,1191.43,1143.77,1152.6,68288
2022-02-07 00:00:00+05:30,1149.97,1177.4,1145.03,1156.0,38119
2022-02-08 00:00:00+05:30,1156.0,1172.97,1099.3,1105.6,128792
2022-02-09 00:00:00+05:30,1114.83,1138.67,1108.37,1131.3,58574
2022-02-10 00:00:00+05:30,1143.27,1195.33,1143.27,1181.37,162223
2022-02-11 00:00:00+05:30,1169.9,1179.0,1149.1,1158.43,86695
2022-02-14 00:00:00+05:30,1120.67,1161.33,1100.0,1110.63,89608
2022-02-15 00:00:00+05:30,1099.07,1123.73,1068.7,1105.93,89447
2022-02-16 00:00:00+05:30,1116.17,1166.67,1110.4,1143.67,93049
2022-02-17 00:00:00+05:30,1150.0,1154.0,1086.67,1098.23,82144
2022-02-18 00:00:00+05:30,1106.67,1119.33,1089.43,1098.8,54628
2022-02-21 00:00:00+05:30,1086.07,1098.67,1056.0,1065.37,60214
2022-02-22 00:00:00+05:30,974.23,1041.27,974.23,1002.27,159272
2022-02-23 00:00:00+05:30,1019.97,1042.77,1019.63,1033.3,66548
2022-02-24 00:00:00+05:30,980.0,1018.4,973.33,991.93,114112
2022-02-25 00:00:00+05:30,1009.93,1040.0,1004.17,1030.37,100576
2022-02-28 00:00:00+05:30,1016.87,1023.33,992.07,1009.1,74173
2022-03-02 00:00:00+05:30,1005.33,1026.03,1003.37,1018.57,40831
2022-03-03 00:00:00+05:30,1028.83,1082.67,1028.37,1058.73,110620
2022-03-04 00:00:00+05:30,1064.03,1084.0,1040.7,1047.0,71729
2022-03-07 00:00:00+05:30,1000.0,1034.77,999.4,1019.73,92309
2022-03-08 00:00:00+05:30,1013.4,1064.77,1013.33,1056.8,59423
2022-03-09 00:00:00+05:30,1066.0,1080.0,1050.0,1055.47,56422
2022-03-10 00:00:00+05:30,1069.5,1093.27,1046.67,1052.77,70972
2022-03-11 00:00:00+05:30,1051.7,1065.97,1026.67,1032.47,96160
2022-03-14 00:00:00+05:30,1037.63,1058.67,1027.37,1050.43,66311
2022-03-15 00:00:00+05:30,1059.0,1108.93,1051.73,1076.9,193907
2022-03-16 00:00:00+05:30,1089.33,1177.33,1089.33,1149.17,496232
2022-03-17 00:00:00+05:30,1156.67,1186.67,1137.4,1147.27,184852
2022-03-21 00:00:00+05:30,1162.67,1212.0,1158.87,1171.8,192008
2022-03-22 00:00:00+05:30,1176.6,1190.83,1159.37,1170.87,92998
2022-03-23 00:00:00+05:30,1182.67,1190.0,1136.67,1141.57,75946
2022-03-24 00:00:00+05:30,1138.73,1161.53,1133.63,1148.47,77024
2022-03-25 00:00:00+05:30,1153.33,1153.33,1123.33,1128.0,58705
2022-03-28 00:00:00+05:30,1133.33,1159.33,1117.77,1132.2,74195
2022-03-29 00:00:00+05:30,1132.2,1156.67,1127.57,1134.47,82409
2022-03-30 00:00:00+05:30,1146.0,1151.27,1128.0,1131.27,58154
2022-03-31 00:00:00+05:30,1140.67,1200.0,1140.0,1155.53,257950
2022-04-01 00:00:00+05:30,1166.67,1199.93,1156.9,1188.37,114410
2022-04-04 00:00:00+05:30,1200.0,1366.63,1198.63,1355.57,1006549
2022-04-05 00:00:00+05:30,1365.8,1385.2,1320.67,1336.4,297037
2022-04-06 00:00:00+05:30,1334.07,1376.77,1316.67,1349.93,161810
2022-04-07 00:00:00+05:30,1323.33,1349.57,1282.23,1292.03,116468
2022-04-08 00:00:00+05:30,1298.63,1410.0,1296.77,1377.67,203098
2022-04-11 00:00:00+05:30,1410.0,1428.0,1350.0,1360.4,217796
2022-04-12 00:00:00+05:30,1366.2,1368.17,1307.67,1322.07,98534
2022-04-13 00:00:00+05:30,1333.33,1352.67,1310.0,1315.27,89563
2022-04-18 00:00:00+05:30,1312.67,1321.33,1280.0,1291.9,73673
2022-04-19 00:00:00+05:30,1304.17,1310.93,1216.67,1245.77,117010
2022-04-20 00:00:00+05:30,1249.97,1294.93,1202.6,1245.47,101095
2022-04-21 00:00:00+05:30,1248.0,1279.03,1247.87,1266.3,66418
2022-04-22 00:00:00+05:30,1246.43,1317.73,1234.0,1249.33,117526
2022-04-25 00:00:00+05:30,1243.33,1247.63,1190.0,1199.83,88672
2022-04-26 00:00:00+05:30,1206.93,1249.33,1206.93,1221.77,59326
2022-04-27 00:00:00+05:30,1219.07,1286.77,1217.07,1276.67,230512
2022-04-28 00:00:00+05:30,1285.1,1296.0,1263.77,1281.27,65149
2022-04-29 00:00:00+05:30,1292.0,1300.03,1259.33,1264.43,48055
2022-05-02 00:00:00+05:30,1253.33,1259.33,1225.43,1235.7,58115
2022-05-04 00:00:00+05:30,1293.33,1410.27,1290.83,1318.97,1132945
2022-05-05 00:00:00+05:30,1336.67,1351.33,1277.37,1284.83,185107
2022-05-06 00:00:00+05:30,1259.4,1372.67,1247.33,1351.7,432365
2022-05-09 00:00:00+05:30,1338.67,1344.67,1296.67,1304.93,233758
2022-05-10 00:00:00+05:30,1288.4,1289.6,1219.43,1228.07,351772
2022-05-11 00:00:00+05:30,1246.0,1246.0,1105.97,1118.37,307399
2022-05-12 00:00:00+05:30,1106.67,1117.9,1068.37,1107.7,166055
2022-05-13 00:00:00+05:30,1133.33,1135.9,1053.33,1070.57,298568
2022-05-16 00:00:00+05:30,1089.27,1098.67,1026.67,1082.3,130853
2022-05-17 00:00:00+05:30,1093.27,1171.8,1085.83,1160.87,152342
2022-05-18 00:00:00+05:30,1166.67,1170.13,1119.73,1140.67,84500
2022-05-19 00:00:00+05:30,1106.7,1132.67,1101.5,1113.07,61160
2022-05-20 00:00:00+05:30,1133.33,1147.33,1121.6,1132.03,56972
2022-05-23 00:00:00+05:30,1132.0,1139.57,1100.0,1105.67,56842
2022-05-24 00:00:00+05:30,1112.6,1118.27,1074.73,1081.67,48701
2022-05-25 00:00:00+05:30,1074.67,1097.6,1059.97,1073.5,65965
2022-05-26 00:00:00+05:30,1075.93,1093.93,1042.0,1079.2,62290
2022-05-27 00:00:00+05:30,1089.93,1129.7,1079.1,1109.9,114442
2022-05-30 00:00:00+05:30,1126.67,1157.33,1110.67,1124.43,133715
2022-05-31 00:00:00+05:30,1120.73,1144.63,1108.67,1126.2,59782
2022-06-01 00:00:00+05:30,1136.67,1201.8,1136.63,1183.53,194471
2022-06-02 00:00:00+05:30,1190.07,1253.33,1172.73,1230.1,238487
2022-06-03 00:00:00+05:30,1243.33,1250.0,1194.8,1210.57,110290
2022-06-06 00:00:00+05:30,1213.33,1221.33,1187.33,1199.03,83248
2022-06-07 00:00:00+05:30,1198.0,1213.27,1168.13,1178.9,56831
2022-06-08 00:00:00+05:30,1181.93,1200.0,1175.43,1179.47,47906
2022-06-09 00:00:00+05:30,1178.63,1183.9,1112.73,1129.2,113606
2022-06-10 00:00:00+05:30,1113.33,1135.93,1113.33,1126.77,48001
2022-06-13 00:00:00+05:30,1116.0,1116.33,1072.0,1081.27,68236
2022-06-14 00:00:00+05:30,1074.67,1100.67,1069.33,1074.13,57706
2022-06-15 00:00:00+05:30,1079.5,1085.57,1005.77,1040.8,115222
2022-06-16 00:00:00+05:30,1089.9,1194.0,1050.0,1058.0,109306
2022-06-17 00:00:00+05:30,1017.6,1024.75,989.15,1007.95,59083
2022-06-20 00:00:00+05:30,987.0,989.3,882.05,915.15,161675
2022-06-21 00:00:00+05:30,914.0,948.75,906.5,939.65,69503
2022-06-22 00:00:00+05:30,912.5,944.15,912.5,917.5,32394
2022-06-23 00:00:00+05:30,920.1,945.0,892.15,923.55,48640
2022-06-24 00:00:00+05:30,945.0,970.15,939.2,959.65,62511
2022-06-27 00:00:00+05:30,977.0,1098.6,977.0,1046.5,336466
2022-06-28 00:00:00+05:30,1043.5,1047.45,1010.0,1034.85,73248
2022-06-29 00:00:00+05:30,1024.95,1024.95,1002.8,1007.6,56995
2022-06-30 00:00:00+05:30,1007.9,1027.55,977.05,987.85,53290
2022-07-01 00:00:00+05:30,992.0,997.8,970.5,981.3,45518
2022-07-04 00:00:00+05:30,982.9,989.0,963.3,970.1,28752
2022-07-05 00:00:00+05:30,970.0,994.0,960.0,964.3,41411
2022-07-06 00:00:00+05:30,968.9,977.4,950.0,957.25,39848
2022-07-07 00:00:00+05:30,969.0,1030.0,966.0,1000.8,115014
2022-07-08 00:00:00+05:30,1005.85,1016.8,991.35,1004.9,38241
2022-07-11 00:00:00+05:30,989.1,1039.9,989.1,1033.85,71619
2022-07-12 00:00:00+05:30,1033.85,1038.0,991.4,1000.85,53362
2022-07-13 00:00:00+05:30,1012.0,1014.0,967.0,973.65,93229
2022-07-14 00:00:00+05:30,973.65,983.2,950.3,968.65,57165
2022-07-15 00:00:00+05:30,976.4,987.0,925.65,939.15,112803
2022-07-18 00:00:00+05:30,953.25,959.85,931.1,941.95,59261
2022-07-19 00:00:00+05:30,941.95,970.0,941.0,946.35,59035
2022-07-20 00:00:00+05:30,963.0,977.5,952.1,954.8,64395
2022-07-21 00:00:00+05:30,956.0,973.05,950.25,966.8,48578
2022-07-22 00:00:00+05:30,972.85,992.5,969.4,976.0,85531
2022-07-25 00:00:00+05:30,977.0,981.05,940.15,950.8,42158
2022-07-26 00:00:00+05:30,952.4,952.5,928.05,930.25,55082
2022-07-27 00:00:00+05:30,928.7,935.0,919.15,920.95,40611
2022-07-28 00:00:00+05:30,929.0,935.0,879.0,898.1,103929
2022-07-29 00:00:00+05:30,909.0,913.55,886.8,893.45,68273
2022-08-01 00:00:00+05:30,899.9,932.85,890.0,917.1,127479
2022-08-02 00:00:00+05:30,917.0,934.3,901.5,907.5,69551
2022-08-03 00:00:00+05:30,909.95,916.9,895.1,899.05,43603
2022-08-04 00:00:00+05:30,906.0,911.95,890.0,894.5,44691
2022-08-05 00:00:00+05:30,898.0,901.5,886.5,891.45,34380
2022-08-08 00:00:00+05:30,890.0,909.0,878.0,892.85,133659
2022-08-10 00:00:00+05:30,890.0,911.4,871.25,882.45,102824
2022-08-11 00:00:00+05:30,896.25,907.0,877.55,891.2,72663
2022-08-12 00:00:00+05:30,891.2,901.9,876.0,880.0,36817
2022-08-16 00:00:00+05:30,889.25,890.25,851.1,872.3,75110
2022-08-17 00:00:00+05:30,875.0,937.0,875.0,904.85,236169
2022-08-18 00:00:00+05:30,900.95,923.25,899.1,909.35,76534
2022-08-19 00:00:00+05:30,910.55,925.0,894.0,897.2,118456
2022-08-22 00:00:00+05:30,894.0,894.5,877.0,884.5,58880
2022-08-23 00:00:00+05:30,881.0,919.0,881.0,907.55,86750
2022-08-24 00:00:00+05:30,907.55,920.3,902.0,914.4,45106
2022-08-25 00:00:00+05:30,924.95,924.95,899.0,901.85,39349
2022-08-26 00:00:00+05:30,905.6,910.45,893.0,895.65,52831
2022-08-29 00:00:00+05:30,873.0,890.0,873.0,885.05,32130
2022-08-30 00:00:00+05:30,893.0,925.0,889.85,919.3,95378
2022-09-01 00:00:00+05:30,916.1,925.0,901.0,904.7,74111
2022-09-02 00:00:00+05:30,904.7,909.6,875.0,886.1,132201
2022-09-05 00:00:00+05:30,894.25,895.0,885.0,888.35,40937
2022-09-06 00:00:00+05:30,896.25,903.85,884.5,889.5,50409
2022-09-07 00:00:00+05:30,891.0,893.45,879.95,884.2,108902
2022-09-08 00:00:00+05:30,895.5,900.0,884.5,895.6,73780
2022-09-09 00:00:00+05:30,895.6,902.95,889.25,892.7,37122
2022-09-12 00:00:00+05:30,896.95,897.65,878.0,886.55,118391
2022-09-13 00:00:00+05:30,892.7,899.0,886.0,893.35,49745
2022-09-14 00:00:00+05:30,882.0,891.1,876.05,880.45,77874
2022-09-15 00:00:00+05:30,887.0,889.25,876.95,880.15,57348
2022-09-16 00:00:00+05:30,880.15,883.25,837.0,853.1,179041
2022-09-19 00:00:00+05:30,858.0,861.8,837.95,844.3,71619
2022-09-20 00:00:00+05:30,845.05,870.0,842.3,852.75,58398
2022-09-21 00:00:00+05:30,854.8,880.0,852.05,875.4,57192
2022-09-22 00:00:00+05:30,875.4,895.5,873.05,892.5,85521
2022-09-23 00:00:00+05:30,900.0,904.0,881.0,890.95,128725
2022-09-26 00:00:00+05:30,886.25,886.25,854.55,873.6,58394
2022-09-27 00:00:00+05:30,880.0,898.55,876.1,895.75,56402
2022-09-28 00:00:00+05:30,893.0,897.35,864.4,869.85,64346
2022-09-29 00:00:00+05:30,874.0,882.0,864.45,871.45,39660
2022-09-30 00:00:00+05:30,872.0,877.4,864.0,875.0,41372
2022-10-03 00:00:00+05:30,877.3,890.2,867.0,873.1,33124
2022-10-04 00:00:00+05:30,876.15,895.55,875.55,878.75,32116
2022-10-06 00:00:00+05:30,886.15,886.15,875.55,880.9,22607
2022-10-07 00:00:00+05:30,882.9,883.2,871.9,873.85,21998
2022-10-10 00:00:00+05:30,869.95,877.45,848.0,854.4,53804
2022-10-11 00:00:00+05:30,862.25,863.0,851.0,858.75,36386
2022-10-12 00:00:00+05:30,855.25,860.95,837.05,839.15,48126
2022-10-13 00:00:00+05:30,843.0,843.0,820.2,834.35,47663
2022-10-14 00:00:00+05:30,859.95,859.95,820.0,820.7,36147
2022-10-17 00:00:00+05:30,819.0,841.3,815.0,829.65,33043
2022-10-18 00:00:00+05:30,831.4,835.0,813.25,822.2,34952
2022-10-19 00:00:00+05:30,826.9,857.65,812.0,814.05,118104
2022-10-20 00:00:00+05:30,815.8,830.45,758.45,768.6,148178
2022-10-21 00:00:00+05:30,768.0,772.55,732.8,739.5,113287
2022-10-24 00:00:00+05:30,746.05,762.2,742.0,753.65,20469
2022-10-25 00:00:00+05:30,753.25,779.0,742.05,761.05,65084
2022-10-27 00:00:00+05:30,770.05,772.0,754.55,757.9,17725
2022-10-28 00:00:00+05:30,755.0,758.65,736.5,742.65,40536
2022-10-31 00:00:00+05:30,744.9,745.05,728.8,732.75,30580
2022-11-01 00:00:00+05:30,732.45,782.8,731.85,774.55,93440
2022-11-02 00:00:00+05:30,776.0,794.45,772.9,782.95,76390
2022-11-03 00:00:00+05:30,779.35,798.0,776.2,788.35,22677
2022-11-04 00:00:00+05:30,788.35,791.8,766.0,769.75,28214
2022-11-07 00:00:00+05:30,777.25,780.9,746.0,754.45,35162
2022-11-09 00:00:00+05:30,752.25,784.0,752.25,770.8,56769
2022-11-10 00:00:00+05:30,766.95,770.95,752.05,756.6,22612
2022-11-11 00:00:00+05:30,762.25,774.0,738.0,741.2,37779
2022-11-14 00:00:00+05:30,741.0,742.0,697.8,700.95,100569
2022-11-15 00:00:00+05:30,690.0,709.5,658.1,676.2,253327
2022-11-16 00:00:00+05:30,679.0,735.0,679.0,727.35,224239
2022-11-17 00:00:00+05:30,727.0,749.0,725.0,740.65,87962
2022-11-18 00:00:00+05:30,745.25,747.7,714.0,719.95,36309
2022-11-21 00:00:00+05:30,713.25,717.55,691.0,693.4,61672
2022-11-22 00:00:00+05:30,698.25,698.25,685.0,692.15,27469
2022-11-23 00:00:00+05:30,692.1,705.8,688.0,691.2,23369
2022-11-24 00:00:00+05:30,691.2,695.55,681.8,689.15,22060
2022-11-25 00:00:00+05:30,689.15,697.45,688.85,693.9,26389
2022-11-28 00:00:00+05:30,725.0,762.3,718.05,754.4,278541
2022-11-29 00:00:00+05:30,757.05,815.0,757.05,796.95,375225
2022-11-30 00:00:00+05:30,795.0,811.0,778.3,802.8,144465
2022-12-01 00:00:00+05:30,807.8,843.8,796.0,827.8,581701
2022-12-02 00:00:00+05:30,830.0,847.7,828.0,843.4,157537
2022-12-05 00:00:00+05:30,843.4,849.0,819.05,827.25,85475
2022-12-06 00:00:00+05:30,824.0,830.95,818.5,820.45,49050
2022-12-07 00:00:00+05:30,820.45,824.9,795.85,802.1,69788
2022-12-08 00:00:00+05:30,805.4,811.95,801.0,804.55,41605
2022-12-09 00:00:00+05:30,804.55,808.8,790.0,794.05,47411
2022-12-12 00:00:00+05:30,790.1,794.9,785.05,789.5,67258
2022-12-13 00:00:00+05:30,766.0,775.0,755.35,768.7,78230
2022-12-14 00:00:00+05:30,779.95,779.95,750.0,752.35,105861
2022-12-15 00:00:00+05:30,750.0,750.05,721.1,725.35,109149
2022-12-16 00:00:00+05:30,718.8,754.35,700.8,729.85,161955
2022-12-19 00:00:00+05:30,734.0,754.5,732.0,746.4,45152
2022-12-20 00:00:00+05:30,742.95,749.95,734.1,745.9,16292
2022-12-21 00:00:00+05:30,742.05,752.05,722.45,730.35,26552
2022-12-22 00:00:00+05:30,735.5,736.7,703.65,711.35,26929
2022-12-23 00:00:00+05:30,710.0,710.4,688.7,693.5,38165
2022-12-26 00:00:00+05:30,699.0,727.05,696.9,716.7,24287
2022-12-27 00:00:00+05:30,722.0,755.0,716.0,745.95,42462
2022-12-28 00:00:00+05:30,763.95,770.0,747.0,755.7,51371
2022-12-29 00:00:00+05:30,755.0,769.0,746.0,758.0,27923
2022-12-30 00:00:00+05:30,764.8,770.95,757.75,764.0,20579
2023-01-02 00:00:00+05:30,770.0,795.0,770.0,777.15,55002
2023-01-03 00:00:00+05:30,781.95,790.0,775.55,781.55,55039
2023-01-04 00:00:00+05:30,782.0,782.4,765.0,767.95,13434
2023-01-05 00:00:00+05:30,770.0,772.05,757.0,760.8,12981
2023-01-06 00:00:00+05:30,767.95,770.95,743.2,749.0,21920
2023-01-09 00:00:00+05:30,757.0,765.95,720.0,728.5,51705
2023-01-10 00:00:00+05:30,726.05,734.85,718.5,729.85,21817
2023-01-11 00:00:00+05:30,737.15,743.9,730.55,741.4,13819
2023-01-12 00:00:00+05:30,741.4,741.4,724.2,732.55,16189
2023-01-13 00:00:00+05:30,733.8,736.8,721.55,726.55,22440
2023-01-16 00:00:00+05:30,733.0,733.0,713.0,719.05,21256
2023-01-17 00:00:00+05:30,723.25,723.7,715.1,717.05,17050
2023-01-18 00:00:00+05:30,717.05,755.0,716.05,747.55,73205
2023-01-19 00:00:00+05:30,748.0,796.9,738.0,777.8,173387
2023-01-20 00:00:00+05:30,778.0,778.0,760.0,763.5,36751
2023-01-23 00:00:00+05:30,762.6,770.45,755.0,757.5,16143
2023-01-24 00:00:00+05:30,757.5,760.95,747.0,751.05,13174
2023-01-25 00:00:00+05:30,748.85,749.75,729.9,738.85,19558
2023-01-27 00:00:00+05:30,738.85,748.8,707.1,719.05,36894
2023-01-30 00:00:00+05:30,728.0,741.0,706.7,712.45,33233
2023-01-31 00:00:00+05:30,712.75,712.75,700.1,707.25,49986
2023-02-01 00:00:00+05:30,714.0,719.75,696.1,703.6,31180
2023-02-02 00:00:00+05:30,703.05,719.75,699.7,705.0,19702
2023-02-03 00:00:00+05:30,705.05,724.0,702.0,721.0,27203
2023-02-06 00:00:00+05:30,720.85,742.8,714.0,735.45,20528
2023-02-07 00:00:00+05:30,735.5,745.5,735.5,742.3,18669
2023-02-08 00:00:00+05:30,743.95,744.35,729.0,735.0,9775
2023-02-09 00:00:00+05:30,735.05,739.0,726.05,732.3,8746
2023-02-10 00:00:00+05:30,727.0,738.8,723.6,726.75,12850
2023-02-13 00:00:00+05:30,726.75,726.75,708.05,712.05,19242
2023-02-14 00:00:00+05:30,702.05,713.5,702.0,705.0,22918
2023-02-15 00:00:00+05:30,680.0,699.0,666.4,689.35,71858
2023-02-16 00:00:00+05:30,689.35,718.4,689.35,711.25,38751
2023-02-17 00:00:00+05:30,703.3,739.4,703.3,726.1,70721
2023-02-20 00:00:00+05:30,725.0,728.95,710.0,714.1,39987
2023-02-21 00:00:00+05:30,707.3,713.95,703.35,705.55,25443
2023-02-22 00:00:00+05:30,705.65,710.0,699.5,705.1,23707
2023-02-23 00:00:00+05:30,705.0,709.25,693.95,695.45,23126
2023-02-24 00:00:00+05:30,695.45,701.65,671.25,675.05,45488
2023-02-27 00:00:00+05:30,677.0,677.0,650.55,651.8,48089
2023-02-28 00:00:00+05:30,648.05,651.95,630.0,636.1,46803
2023-03-01 00:00:00+05:30,626.2,668.75,626.2,667.1,46265
2023-03-02 00:00:00+05:30,664.0,668.0,648.0,652.8,25505
2023-03-03 00:00:00+05:30,659.9,660.0,648.0,651.95,22814
2023-03-06 00:00:00+05:30,654.85,665.85,652.1,661.5,24269
2023-03-08 00:00:00+05:30,648.0,658.95,646.0,648.05,26540
2023-03-09 00:00:00+05:30,647.5,672.05,647.5,653.55,73210
2023-03-10 00:00:00+05:30,653.1,659.0,643.85,654.05,43848
2023-03-13 00:00:00+05:30,650.9,656.65,630.25,639.85,89552
2023-03-14 00:00:00+05:30,638.4,641.95,619.1,622.1,33309
2023-03-15 00:00:00+05:30,625.05,631.5,615.25,617.15,26596
2023-03-16 00:00:00+05:30,617.15,617.65,598.0,599.3,55403
2023-03-17 00:00:00+05:30,612.0,612.0,588.2,591.7,52320
2023-03-20 00:00:00+05:30,572.2,596.6,572.2,592.2,78153
2023-03-21 00:00:00+05:30,593.0,596.8,583.4,586.3,31098
2023-03-22 00:00:00+05:30,592.15,601.95,588.7,590.95,39782
2023-03-23 00:00:00+05:30,591.0,595.35,581.05,583.55,26989
2023-03-24 00:00:00+05:30,584.75,589.5,572.0,574.95,38882
2023-03-27 00:00:00+05:30,579.0,579.0,550.05,553.0,65002
2023-03-28 00:00:00+05:30,557.0,579.95,552.05,573.15,131332
2023-03-29 00:00:00+05:30,573.2,580.0,563.65,567.9,69412
2023-03-31 00:00:00+05:30,569.5,597.0,564.1,587.45,134347
2023-04-03 00:00:00+05:30,590.05,634.9,590.05,630.75,119078
2023-04-05 00:00:00+05:30,643.95,644.0,618.1,621.4,41885
2023-04-06 00:00:00+05:30,623.95,626.2,618.0,619.5,30236
2023-04-10 00:00:00+05:30,618.95,628.25,606.0,619.8,25090
2023-04-11 00:00:00+05:30,622.05,631.0,620.0,625.1,17020
2023-04-12 00:00:00+05:30,627.0,628.3,612.0,617.65,17532
2023-04-13 00:00:00+05:30,619.35,628.8,616.95,619.15,20284
2023-04-17 00:00:00+05:30,615.0,618.95,609.85,614.0,18428
2023-04-18 00:00:00+05:30,617.0,617.0,603.0,607.45,19268
2023-04-19 00:00:00+05:30,610.5,643.9,610.2,621.0,84151
2023-04-20 00:00:00+05:30,627.95,640.0,621.0,635.1,35415
2023-04-21 00:00:00+05:30,640.0,640.0,621.05,623.05,25536
2023-04-24 00:00:00+05:30,632.4,634.25,614.5,620.55,24047
2023-04-25 00:00:00+05:30,625.3,630.0,616.05,623.75,22159
2023-04-26 00:00:00+05:30,624.85,627.0,618.2,623.3,20352
2023-04-27 00:00:00+05:30,623.0,637.1,617.1,622.8,34197
2023-04-28 00:00:00+05:30,628.75,632.0,617.5,622.35,104246
2023-05-02 00:00:00+05:30,622.35,642.0,622.35,638.3,64455
2023-05-03 00:00:00+05:30,640.0,668.2,630.95,661.35,99740
2023-05-04 00:00:00+05:30,664.95,675.0,645.95,651.4,120658
2023-05-05 00:00:00+05:30,653.95,697.0,653.0,682.45,328402
2023-05-08 00:00:00+05:30,683.0,689.9,671.2,673.65,42415
2023-05-09 00:00:00+05:30,675.2,687.55,663.0,665.2,95443
2023-05-10 00:00:00+05:30,669.0,674.45,651.0,658.2,43975
2023-05-11 00:00:00+05:30,661.5,664.75,650.0,653.3,34498
2023-05-12 00:00:00+05:30,653.0,661.9,638.0,645.0,55484
2023-05-15 00:00:00+05:30,648.0,664.65,638.0,655.2,47783
2023-05-16 00:00:00+05:30,661.75,669.1,642.0,643.8,55269
2023-05-17 00:00:00+05:30,643.8,658.0,643.05,655.0,36247
2023-05-18 00:00:00+05:30,663.0,682.0,648.5,654.5,95453
2023-05-19 00:00:00+05:30,654.5,661.95,645.7,654.05,26363
2023-05-22 00:00:00+05:30,653.0,659.95,648.0,651.3,21935
2023-05-23 00:00:00+05:30,661.95,661.95,640.15,643.8,27950
2023-05-24 00:00:00+05:30,643.0,643.0,623.0,624.45,64191
2023-05-25 00:00:00+05:30,639.0,639.0,614.05,619.85,52220
2023-05-26 00:00:00+05:30,623.0,630.0,616.25,620.45,38938
2023-05-29 00:00:00+05:30,631.85,631.9,611.9,614.35,38838
2023-05-30 00:00:00+05:30,601.0,614.3,597.5,602.05,76853
2023-05-31 00:00:00+05:30,599.05,605.45,595.8,599.2,41754
2023-06-01 00:00:00+05:30,604.45,607.0,595.55,598.0,41635
2023-06-02 00:00:00+05:30,604.0,605.15,597.0,599.75,32098
2023-06-05 00:00:00+05:30,608.75,609.0,591.1,595.45,49417
2023-06-06 00:00:00+05:30,599.0,614.0,594.3,605.4,51691
2023-06-07 00:00:00+05:30,609.65,626.65,608.3,622.1,87327
2023-06-08 00:00:00+05:30,623.25,628.95,616.9,619.7,41544
2023-06-09 00:00:00+05:30,625.9,625.9,601.15,606.6,41694
2023-06-12 00:00:00+05:30,606.6,609.45,592.95,597.25,61149
2023-06-13 00:00:00+05:30,592.0,606.55,592.0,601.0,39341
2023-06-14 00:00:00+05:30,603.8,605.25,598.0,602.15,23847
2023-06-15 00:00:00+05:30,602.15,615.0,598.5,607.05,37499
2023-06-16 00:00:00+05:30,614.2,639.0,610.0,628.0,149905
2023-06-19 00:00:00+05:30,634.7,645.55,634.2,642.0,90440
2023-06-20 00:00:00+05:30,641.0,654.7,635.8,653.0,55458
2023-06-21 00:00:00+05:30,654.85,679.7,649.0,677.0,165917
2023-06-22 00:00:00+05:30,677.55,693.4,671.0,690.05,93544
2023-06-23 00:00:00+05:30,691.75,700.0,678.65,698.0,128354
2023-06-26 00:00:00+05:30,700.0,714.25,694.5,700.8,110528
2023-06-27 00:00:00+05:30,701.0,716.45,695.0,708.0,98819
2023-06-28 00:00:00+05:30,714.85,717.2,700.7,703.75,41603
2023-06-30 00:00:00+05:30,695.05,711.6,694.0,704.95,79477
2023-07-03 00:00:00+05:30,705.35,719.0,692.0,697.0,83613
2023-07-04 00:00:00+05:30,699.95,705.05,689.0,689.0,51378
2023-07-05 00:00:00+05:30,690.3,699.3,688.1,689.95,34861
2023-07-06 00:00:00+05:30,690.0,699.9,687.85,696.45,46809
2023-07-07 00:00:00+05:30,690.0,698.3,670.95,674.8,61496
2023-07-10 00:00:00+05:30,673.5,678.1,656.05,660.9,44431
2023-07-11 00:00:00+05:30,663.5,669.6,656.85,663.5,36454
2023-07-12 00:00:00+05:30,660.0,668.15,650.0,658.1,48644
2023-07-13 00:00:00+05:30,659.55,667.4,653.6,655.9,25506
2023-07-14 00:00:00+05:30,655.0,663.2,652.0,655.0,34246
2023-07-17 00:00:00+05:30,655.9,666.9,653.25,656.0,47231
2023-07-18 00:00:00+05:30,662.35,662.35,648.0,653.0,38480
2023-07-19 00:00:00+05:30,650.0,664.25,650.0,656.95,48154
2023-07-20 00:00:00+05:30,651.0,657.9,651.0,653.0,28872
2023-07-21 00:00:00+05:30,652.25,654.15,642.3,648.05,33798
2023-07-24 00:00:00+05:30,645.0,655.15,645.0,650.0,18877
2023-07-25 00:00:00+05:30,652.0,658.8,644.05,644.95,33900
2023-07-26 00:00:00+05:30,649.05,649.05,640.0,642.95,45867
2023-07-27 00:00:00+05:30,644.9,646.6,624.0,625.05,96423
2023-07-28 00:00:00+05:30,625.3,628.95,615.25,621.0,52516
2023-07-31 00:00:00+05:30,620.5,624.9,613.75,620.1,55062
2023-08-01 00:00:00+05:30,621.0,668.35,620.4,648.65,175441
2023-08-02 00:00:00+05:30,650.35,650.35,638.0,643.0,40638
2023-08-03 00:00:00+05:30,643.0,643.0,630.05,636.75,38575
2023-08-04 00:00:00+05:30,631.0,642.0,625.85,642.0,42419
2023-08-07 00:00:00+05:30,646.9,655.0,638.05,654.5,48295
2023-08-08 00:00:00+05:30,655.0,658.95,641.25,655.0,34566
2023-08-09 00:00:00+05:30,656.5,659.0,647.2,655.5,24433
2023-08-10 00:00:00+05:30,652.85,674.35,648.1,672.2,73293
2023-08-11 00:00:00+05:30,660.5,661.25,624.95,642.0,217712
2023-08-14 00:00:00+05:30,639.3,647.85,622.55,632.0,42456
2023-08-16 00:00:00+05:30,630.0,635.9,624.25,631.0,33160
2023-08-17 00:00:00+05:30,630.0,645.0,630.0,645.0,35928
2023-08-18 00:00:00+05:30,648.0,648.0,619.7,622.9,67031
2023-08-21 00:00:00+05:30,618.95,625.95,615.15,620.2,45236
2023-08-22 00:00:00+05:30,623.8,640.0,622.65,637.9,39929
2023-08-23 00:00:00+05:30,640.0,642.0,635.05,635.1,31114
2023-08-24 00:00:00+05:30,638.05,650.5,636.0,638.8,38667
2023-08-25 00:00:00+05:30,638.5,650.95,636.1,645.0,42439
2023-08-28 00:00:00+05:30,647.05,652.5,634.2,639.9,30918
2023-08-29 00:00:00+05:30,640.1,655.7,640.1,648.05,27007
2023-08-30 00:00:00+05:30,655.5,749.8,649.65,739.0,848129
2023-08-31 00:00:00+05:30,741.65,747.0,713.85,728.0,188325
2023-09-01 00:00:00+05:30,730.0,732.8,716.8,721.65,58481
2023-09-04 00:00:00+05:30,727.5,768.75,723.4,755.25,229822
2023-09-05 00:00:00+05:30,770.0,773.05,720.0,726.55,205245
2023-09-06 00:00:00+05:30,727.95,733.95,701.6,707.5,132322
2023-09-07 00:00:00+05:30,715.0,748.55,712.7,728.3,123591
2023-09-08 00:00:00+05:30,733.0,734.7,715.0,717.05,34291
2023-09-11 00:00:00+05:30,719.95,726.9,711.9,714.95,42437
2023-09-12 00:00:00+05:30,713.0,717.85,680.0,686.1,55517
2023-09-13 00:00:00+05:30,670.1,694.2,662.95,681.9,66618
2023-09-14 00:00:00+05:30,682.0,690.95,671.75,674.4,32471
2023-09-15 00:00:00+05:30,685.0,686.5,662.5,680.35,75428
2023-09-18 00:00:00+05:30,671.0,687.45,668.0,669.7,30766
2023-09-20 00:00:00+05:30,676.0,717.25,667.0,692.2,93584
2023-09-21 00:00:00+05:30,699.75,707.5,687.0,689.8,48520
2023-09-22 00:00:00+05:30,689.8,694.65,672.95,683.0,46908
2023-09-25 00:00:00+05:30,681.75,685.2,665.0,666.2,79244
2023-09-26 00:00:00+05:30,666.4,689.8,666.4,672.45,63317
2023-09-27 00:00:00+05:30,674.65,686.0,669.15,677.3,28572
2023-09-28 00:00:00+05:30,680.0,684.3,666.0,667.5,27298
2023-09-29 00:00:00+05:30,674.0,700.0,665.45,685.75,37638
2023-10-03 00:00:00+05:30,679.6,695.0,666.15,671.4,26825
2023-10-04 00:00:00+05:30,669.0,678.45,665.0,667.85,37294
2023-10-05 00:00:00+05:30,671.0,688.0,669.3,684.75,33479
2023-10-06 00:00:00+05:30,686.05,687.0,674.1,678.0,18896
2023-10-09 00:00:00+05:30,675.0,678.1,661.05,677.0,28125
2023-10-10 00:00:00+05:30,675.0,683.0,671.0,673.2,23679
2023-10-11 00:00:00+05:30,675.3,681.95,671.25,672.85,24617
2023-10-12 00:00:00+05:30,677.5,689.2,667.95,672.0,42303
2023-10-13 00:00:00+05:30,673.35,677.95,669.8,672.05,18242
2023-10-16 00:00:00+05:30,674.0,683.75,664.0,675.45,57927
2023-10-17 00:00:00+05:30,689.0,694.65,676.1,684.3,37567
2023-10-18 00:00:00+05:30,685.0,699.7,675.1,678.3,64451
2023-10-19 00:00:00+05:30,680.85,687.0,669.85,671.95,51182
2023-10-20 00:00:00+05:30,672.0,676.8,658.6,670.0,37217
2023-10-23 00:00:00+05:30,661.4,663.2,635.0,636.9,45444
2023-10-25 00:00:00+05:30,638.05,649.0,615.0,622.7,54590
2023-10-26 00:00:00+05:30,620.0,645.0,612.2,634.2,48580
2023-10-27 00:00:00+05:30,639.75,653.25,630.0,632.35,70145
2023-10-30 00:00:00+05:30,635.5,648.0,626.2,640.7,23503
2023-10-31 00:00:00+05:30,648.0,648.0,636.0,637.0,14886
2023-11-01 00:00:00+05:30,637.1,646.6,630.65,635.0,15746
2023-11-02 00:00:00+05:30,634.0,642.15,633.4,636.5,11863
2023-11-03 00:00:00+05:30,645.0,646.1,636.55,638.0,15168
2023-11-06 00:00:00+05:30,636.95,643.85,634.7,637.6,23706
2023-11-07 00:00:00+05:30,637.6,651.95,637.6,641.0,29242
2023-11-08 00:00:00+05:30,643.95,655.05,627.25,651.85,34333
2023-11-09 00:00:00+05:30,651.85,653.5,630.0,635.25,60712
2023-11-10 00:00:00+05:30,630.5,642.1,630.5,635.5,29481
2023-11-12 00:00:00+05:30,646.15,646.9,634.9,644.7,10054
2023-11-13 00:00:00+05:30,648.9,648.9,636.1,639.6,14446
2023-11-15 00:00:00+05:30,647.9,647.9,626.0,630.8,43146
2023-11-16 00:00:00+05:30,635.0,635.0,630.0,631.25,16797
2023-11-17 00:00:00+05:30,630.0,638.9,628.6,631.0,20701
2023-11-20 00:00:00+05:30,633.0,635.8,623.0,628.0,28937
2023-11-21 00:00:00+05:30,628.0,633.4,605.35,615.95,25321
2023-11-22 00:00:00+05:30,620.0,624.95,610.0,614.0,27988
2023-11-23 00:00:00+05:30,618.0,619.0,611.55,616.55,16722
2023-11-24 00:00:00+05:30,614.0,619.95,614.0,619.8,19080
2023-11-28 00:00:00+05:30,619.95,619.95,612.55,614.7,20770
2023-11-29 00:00:00+05:30,619.9,619.9,598.5,606.15,100225
2023-11-30 00:00:00+05:30,607.4,613.0,604.1,607.25,31346
2023-12-01 00:00:00+05:30,612.75,624.4,607.3,620.15,39733
2023-12-04 00:00:00+05:30,625.0,628.9,614.0,614.5,37599
2023-12-05 00:00:00+05:30,621.0,621.15,608.8,615.25,41373
2023-12-06 00:00:00+05:30,612.8,619.45,611.05,612.45,48932
2023-12-07 00:00:00+05:30,610.15,624.5,609.4,618.0,74291
2023-12-08 00:00:00+05:30,616.2,625.0,615.0,617.4,31757
2023-12-11 00:00:00+05:30,615.4,621.6,615.05,616.15,42690
2023-12-12 00:00:00+05:30,616.15,620.0,612.5,613.45,41354
2023-12-13 00:00:00+05:30,615.0,618.05,606.05,612.85,32293
2023-12-14 00:00:00+05:30,617.0,629.4,607.9,609.7,94704
2023-12-15 00:00:00+05:30,616.0,616.0,609.7,612.7,39985
2023-12-18 00:00:00+05:30,615.0,616.9,608.05,610.7,46661
2023-12-19 00:00:00+05:30,610.7,628.0,605.3,607.5,66131
2023-12-20 00:00:00+05:30,613.0,617.0,599.5,600.95,105434
2023-12-21 00:00:00+05:30,595.0,603.0,594.0,601.1,48316
2023-12-22 00:00:00+05:30,605.0,614.95,595.05,605.6,41430
2023-12-26 00:00:00+05:30,610.5,613.0,606.0,607.05,31754
2023-12-27 00:00:00+05:30,608.15,619.95,606.0,614.9,107532
2023-12-28 00:00:00+05:30,615.9,619.0,608.95,609.85,43367
2023-12-29 00:00:00+05:30,614.2,615.2,607.0,609.9,43218
2024-01-01 00:00:00+05:30,610.15,628.15,610.15,623.15,99334
2024-01-02 00:00:00+05:30,623.85,628.9,614.0,623.9,53457
2024-01-03 00:00:00+05:30,622.0,625.2,617.05,619.15,35434
2024-01-04 00:00:00+05:30,619.15,620.6,612.0,613.3,60772
2024-01-05 00:00:00+05:30,614.0,618.9,610.4,615.85,55860
2024-01-08 00:00:00+05:30,615.65,646.95,610.7,634.55,156938
2024-01-09 00:00:00+05:30,635.2,652.0,635.2,638.4,135707
2024-01-10 00:00:00+05:30,644.7,653.8,636.2,644.5,70283
2024-01-11 00:00:00+05:30,645.0,661.0,643.0,655.4,138561
2024-01-12 00:00:00+05:30,659.95,659.95,650.0,655.0,74098
2024-01-15 00:00:00+05:30,656.05,659.4,650.9,655.2,50624
2024-01-16 00:00:00+05:30,657.0,661.95,639.6,652.45,50522
2024-01-17 00:00:00+05:30,652.45,652.45,632.0,634.8,43293
2024-01-18 00:00:00+05:30,636.0,640.35,616.1,624.3,38261
2024-01-19 00:00:00+05:30,625.0,638.9,625.0,633.1,28901
2024-01-20 00:00:00+05:30,633.1,640.0,628.0,632.55,25324
2024-01-23 00:00:00+05:30,632.55,639.95,628.0,630.0,64481
2024-01-24 00:00:00+05:30,634.8,634.8,620.2,628.85,65638
2024-01-25 00:00:00+05:30,628.85,635.0,624.0,631.6,34012
2024-01-29 00:00:00+05:30,634.95,638.9,626.15,628.25,37985
2024-01-30 00:00:00+05:30,630.0,635.45,612.1,613.8,81272
2024-01-31 00:00:00+05:30,613.8,624.95,611.05,616.6,51566
2024-02-01 00:00:00+05:30,620.25,623.9,612.75,613.65,25911
2024-02-02 00:00:00+05:30,621.0,626.15,602.9,604.55,54514
2024-02-05 00:00:00+05:30,614.95,615.0,589.4,593.9,87536
2024-02-06 00:00:00+05:30,600.0,602.0,587.55,599.05,52775
2024-02-07 00:00:00+05:30,599.1,607.0,581.9,586.3,71649
2024-02-08 00:00:00+05:30,587.0,595.6,580.05,582.55,50885
2024-02-09 00:00:00+05:30,582.05,585.1,571.35,574.1,47258
2024-02-12 00:00:00+05:30,578.75,601.9,566.0,571.2,78309
2024-02-13 00:00:00+05:30,573.65,589.7,554.8,569.6,34995
2024-02-14 00:00:00+05:30,549.0,556.7,530.9,549.65,258865
2024-02-15 00:00:00+05:30,549.95,557.0,543.3,546.45,69016
2024-02-16 00:00:00+05:30,551.9,555.9,525.05,532.05,125129
2024-02-19 00:00:00+05:30,530.0,548.1,527.0,539.7,84140
2024-02-20 00:00:00+05:30,542.0,544.6,532.3,537.65,59599
2024-02-21 00:00:00+05:30,537.0,539.35,522.65,527.9,117664
2024-02-22 00:00:00+05:30,537.0,542.0,525.2,536.25,64025
2024-02-23 00:00:00+05:30,538.95,550.9,538.8,548.9,79600
2024-02-26 00:00:00+05:30,548.9,550.0,535.0,537.5,35109
2024-02-27 00:00:00+05:30,539.1,541.0,525.0,527.55,53287
2024-02-28 00:00:00+05:30,527.55,533.95,510.0,515.6,78302
2024-02-29 00:00:00+05:30,520.7,525.0,515.1,519.7,59032
2024-03-01 00:00:00+05:30,516.0,533.0,516.0,518.95,71894
2024-03-02 00:00:00+05:30,515.1,528.5,515.1,527.05,10770
2024-03-04 00:00:00+05:30,527.7,528.0,518.05,523.2,43384
2024-03-05 00:00:00+05:30,525.0,525.95,517.0,518.7,50720
2024-03-06 00:00:00+05:30,520.1,521.5,510.0,512.1,63747
2024-03-07 00:00:00+05:30,512.1,517.0,503.8,506.55,65382
2024-03-11 00:00:00+05:30,509.85,510.3,492.1,496.9,56914
2024-03-12 00:00:00+05:30,500.0,500.0,484.0,486.65,112344
2024-03-13 00:00:00+05:30,491.45,496.25,457.0,462.55,160125
2024-03-14 00:00:00+05:30,458.0,482.0,451.5,469.7,131166
2024-03-15 00:00:00+05:30,474.9,477.9,466.0,475.25,84225
2024-03-18 00:00:00+05:30,477.45,499.0,476.55,496.35,127879
2024-03-19 00:00:00+05:30,496.5,525.0,491.9,514.05,192546
2024-03-20 00:00:00+05:30,512.2,516.9,498.95,501.45,74165
2024-03-21 00:00:00+05:30,502.65,517.05,501.5,507.5,83150
2024-03-22 00:00:00+05:30,510.0,543.8,510.0,529.2,177993
2024-03-26 00:00:00+05:30,528.0,528.9,507.05,511.25,71396
2024-03-27 00:00:00+05:30,511.25,527.9,496.0,499.2,184799
2024-03-28 00:00:00+05:30,503.0,520.1,494.0,500.75,145390
2024-04-01 00:00:00+05:30,512.0,530.95,507.05,529.05,75464
2024-04-02 00:00:00+05:30,522.0,546.35,522.0,539.0,49508
2024-04-03 00:00:00+05:30,539.0,552.0,534.0,542.95,51635
2024-04-04 00:00:00+05:30,547.0,555.0,541.1,551.15,65721
2024-04-05 00:00:00+05:30,553.8,570.0,550.0,565.85,65092
2024-04-08 00:00:00+05:30,587.7,587.7,562.75,567.4,75083
2024-04-09 00:00:00+05:30,573.05,573.05,549.05,554.3,58742
2024-04-10 00:00:00+05:30,554.3,567.0,536.55,565.05,49978
2024-04-12 00:00:00+05:30,564.0,566.0,548.15,549.15,41924
2024-04-15 00:00:00+05:30,550.0,562.8,532.2,545.2,33910
2024-04-16 00:00:00+05:30,537.0,547.15,530.25,535.15,25697
2024-04-18 00:00:00+05:30,543.2,577.65,532.1,555.0,105521
2024-04-19 00:00:00+05:30,551.05,572.95,543.55,562.65,59215
2024-04-22 00:00:00+05:30,555.8,564.5,547.15,549.45,20873
2024-04-23 00:00:00+05:30,549.45,574.05,545.5,570.4,53132
2024-04-24 00:00:00+05:30,570.5,630.0,570.5,628.5,338071
2024-04-25 00:00:00+05:30,627.9,629.0,612.05,617.2,106687
2024-04-26 00:00:00+05:30,610.2,616.8,582.65,590.15,89976
2024-04-29 00:00:00+05:30,619.8,619.8,585.85,607.2,49050
2024-04-30 00:00:00+05:30,607.2,609.6,591.55,604.7,88958
2024-05-02 00:00:00+05:30,604.7,625.0,604.25,621.35,84780
2024-05-03 00:00:00+05:30,623.5,626.9,605.25,621.3,55166
2024-05-06 00:00:00+05:30,627.6,627.6,605.8,619.55,43558
2024-05-07 00:00:00+05:30,611.05,633.9,609.05,615.95,131914
2024-05-08 00:00:00+05:30,620.0,620.0,605.35,615.45,30119
2024-05-09 00:00:00+05:30,618.0,618.0,572.0,578.5,55228
2024-05-10 00:00:00+05:30,578.5,584.65,563.0,565.75,26452
2024-05-13 00:00:00+05:30,565.75,565.75,546.15,559.75,47189
2024-05-14 00:00:00+05:30,554.9,592.65,554.9,568.45,40692
2024-05-15 00:00:00+05:30,572.0,592.8,572.0,579.6,51011
2024-05-16 00:00:00+05:30,566.35,609.6,566.0,590.1,138899
2024-05-17 00:00:00+05:30,585.0,621.6,585.0,610.05,108145
2024-05-18 00:00:00+05:30,611.35,619.95,601.0,604.15,13542
2024-05-21 00:00:00+05:30,595.1,602.4,570.95,573.35,70750
2024-05-22 00:00:00+05:30,574.9,575.25,561.0,562.8,38823
2024-05-23 00:00:00+05:30,566.55,580.0,564.7,577.4,67414
2024-05-24 00:00:00+05:30,579.7,580.0,573.0,573.35,23820
2024-05-27 00:00:00+05:30,570.5,575.95,555.1,558.1,30739
2024-05-28 00:00:00+05:30,556.1,561.9,550.55,555.65,26651
2024-05-29 00:00:00+05:30,550.0,558.8,550.0,556.65,23752
2024-05-30 00:00:00+05:30,552.0,559.5,547.0,549.35,20261
2024-05-31 00:00:00+05:30,549.4,558.95,536.05,553.25,44792
2024-06-03 00:00:00+05:30,580.0,580.9,549.3,572.55,53506
2024-06-04 00:00:00+05:30,573.0,575.0,506.6,533.1,96643
2024-06-05 00:00:00+05:30,534.0,566.0,525.1,559.45,48778
2024-06-06 00:00:00+05:30,556.0,585.0,552.0,582.15,52550
2024-06-07 00:00:00+05:30,582.15,599.1,582.05,594.7,52849
2024-06-10 00:00:00+05:30,594.9,620.0,594.9,616.35,89959
2024-06-11 00:00:00+05:30,616.7,654.5,608.55,643.25,227294
2024-06-12 00:00:00+05:30,640.9,674.9,640.05,660.7,203928
2024-06-13 00:00:00+05:30,661.0,675.0,660.0,671.7,70783
2024-06-14 00:00:00+05:30,676.0,696.0,670.0,685.4,137397
2024-06-18 00:00:00+05:30,688.0,709.8,685.3,703.8,152166
2024-06-19 00:00:00+05:30,712.0,723.95,694.1,706.5,214895
2024-06-20 00:00:00+05:30,711.0,798.15,710.0,784.85,1371369
2024-06-21 00:00:00+05:30,797.95,798.0,764.0,787.2,218487
2024-06-24 00:00:00+05:30,774.0,800.0,771.3,778.8,135819
2024-06-25 00:00:00+05:30,778.0,810.0,766.05,786.15,81240
2024-06-26 00:00:00+05:30,788.15,788.5,765.05,775.45,44877
2024-06-27 00:00:00+05:30,785.0,805.0,769.0,777.0,80134
2024-06-28 00:00:00+05:30,777.0,799.0,773.4,786.95,71153
2024-07-01 00:00:00+05:30,785.2,825.0,785.2,814.65,170659
2024-07-02 00:00:00+05:30,820.0,862.0,820.0,851.95,210797
2024-07-03 00:00:00+05:30,862.4,926.9,848.4,909.85,321324
2024-07-04 00:00:00+05:30,920.0,929.05,870.0,885.4,163012
2024-07-05 00:00:00+05:30,885.4,919.15,860.15,907.9,96406
2024-07-08 00:00:00+05:30,898.85,916.0,850.0,890.8,81633
2024-07-09 00:00:00+05:30,895.0,906.85,875.75,889.5,58200
2024-07-10 00:00:00+05:30,893.0,900.0,824.05,855.2,84777
2024-07-11 00:00:00+05:30,873.4,873.4,832.7,842.9,28181
2024-07-12 00:00:00+05:30,852.5,871.85,835.0,841.25,44939
2024-07-15 00:00:00+05:30,840.0,849.6,815.55,825.35,53948
2024-07-16 00:00:00+05:30,829.9,849.0,825.2,833.35,38048
2024-07-18 00:00:00+05:30,835.0,894.0,810.0,874.4,228043
2024-07-19 00:00:00+05:30,864.0,866.9,807.05,827.1,167184
2024-07-22 00:00:00+05:30,821.0,832.85,806.15,818.3,78157
2024-07-23 00:00:00+05:30,826.15,833.8,787.55,823.45,69993
2024-07-24 00:00:00+05:30,830.0,902.0,829.95,883.55,315685
2024-07-25 00:00:00+05:30,882.55,902.9,864.0,869.05,122939
2024-07-26 00:00:00+05:30,874.0,894.0,863.1,868.95,49432
2024-07-29 00:00:00+05:30,875.0,898.0,866.0,872.25,73842
2024-07-30 00:00:00+05:30,885.0,949.95,880.0,938.1,436119
2024-07-31 00:00:00+05:30,943.0,972.1,928.0,937.35,296699
2024-08-01 00:00:00+05:30,941.2,959.95,891.3,897.8,224965
2024-08-02 00:00:00+05:30,870.0,894.0,851.0,855.05,254661
2024-08-05 00:00:00+05:30,812.1,848.9,812.1,826.35,162192
2024-08-06 00:00:00+05:30,832.5,880.0,830.5,855.25,108722
2024-08-07 00:00:00+05:30,880.05,910.0,853.25,869.4,83850
2024-08-08 00:00:00+05:30,869.4,943.0,860.3,909.45,274288
2024-08-09 00:00:00+05:30,978.0,986.65,921.0,969.2,598821
2024-08-12 00:00:00+05:30,975.0,975.0,935.3,939.55,213805
2024-08-13 00:00:00+05:30,949.15,949.35,880.05,887.8,139027
2024-08-14 00:00:00+05:30,882.0,890.05,863.0,874.15,136828
2024-08-16 00:00:00+05:30,875.6,932.7,869.0,919.4,333574
2024-08-19 00:00:00+05:30,916.0,950.0,907.95,926.25,319162
2024-08-20 00:00:00+05:30,949.5,963.0,926.95,939.1,175904
2024-08-21 00:00:00+05:30,939.1,945.0,901.0,903.9,165434
2024-08-22 00:00:00+05:30,905.15,928.8,891.6,901.5,173799
2024-08-23 00:00:00+05:30,914.9,998.5,906.05,954.15,721845
2024-08-26 00:00:00+05:30,954.15,954.15,872.2,876.7,513769
2024-08-27 00:00:00+05:30,865.75,865.75,804.1,814.25,598318
2024-08-28 00:00:00+05:30,808.0,818.45,780.05,784.85,366525
2024-08-29 00:00:00+05:30,787.0,806.35,767.95,772.9,214832
2024-08-30 00:00:00+05:30,774.15,791.95,770.7,780.35,112764
2024-09-02 00:00:00+05:30,795.0,799.0,774.75,780.8,117644
2024-09-03 00:00:00+05:30,780.0,788.0,773.0,774.4,61233
2024-09-04 00:00:00+05:30,774.95,789.8,764.95,782.2,92862
2024-09-05 00:00:00+05:30,792.0,802.6,786.05,791.4,96863
2024-09-06 00:00:00+05:30,798.0,798.7,775.05,786.9,75949
2024-09-09 00:00:00+05:30,786.0,794.65,770.15,783.95,82265
2024-09-10 00:00:00+05:30,792.0,830.0,792.0,807.5,225041
2024-09-11 00:00:00+05:30,811.0,811.0,794.0,800.6,60780
2024-09-12 00:00:00+05:30,802.25,813.0,800.25,807.05,43099
2024-09-13 00:00:00+05:30,810.25,821.35,793.0,794.6,79580
2024-09-16 00:00:00+05:30,794.65,807.75,787.15,797.1,50197
2024-09-17 00:00:00+05:30,798.0,798.4,774.75,782.1,71744
2024-09-18 00:00:00+05:30,785.0,787.0,763.1,771.35,66715
2024-09-19 00:00:00+05:30,779.9,781.55,744.2,752.95,80055
2024-09-20 00:00:00+05:30,761.95,778.0,749.55,756.5,63365
2024-09-23 00:00:00+05:30,761.3,772.75,760.2,769.75,104374
2024-09-24 00:00:00+05:30,770.7,780.0,735.5,740.2,122481
2024-09-25 00:00:00+05:30,750.0,788.05,742.0,781.9,130877
2024-09-26 00:00:00+05:30,781.9,787.45,760.05,764.05,57734
2024-09-27 00:00:00+05:30,770.0,777.35,762.25,767.9,108535
2024-09-30 00:00:00+05:30,771.25,798.75,762.05,786.35,85744
2024-10-01 00:00:00+05:30,787.3,789.95,775.05,780.95,22747
2024-10-03 00:00:00+05:30,774.5,778.95,757.55,766.7,35891
2024-10-04 00:00:00+05:30,774.0,774.0,754.5,758.45,36607
2024-10-07 00:00:00+05:30,763.0,765.8,716.2,727.15,61403
2024-10-08 00:00:00+05:30,721.0,749.0,721.0,741.85,28393
2024-10-09 00:00:00+05:30,742.0,752.95,735.8,744.5,25783
2024-10-10 00:00:00+05:30,751.95,770.0,744.8,766.95,31305
2024-10-11 00:00:00+05:30,761.75,780.0,760.0,766.15,19304
2024-10-14 00:00:00+05:30,769.85,771.4,757.5,760.9,33691
2024-10-15 00:00:00+05:30,760.9,772.45,760.0,769.3,18249
2024-10-16 00:00:00+05:30,768.0,777.9,762.55,769.15,31107
2024-10-17 00:00:00+05:30,786.0,788.0,738.5,745.0,48642
2024-10-18 00:00:00+05:30,735.0,765.0,725.4,761.4,41573
2024-10-21 00:00:00+05:30,750.0,769.7,750.0,764.7,34608
2024-10-22 00:00:00+05:30,762.0,765.05,759.5,760.0,64160
2024-10-23 00:00:00+05:30,765.0,782.0,759.5,760.4,42418
2024-10-24 00:00:00+05:30,760.0,777.0,759.0,762.35,25346
2024-10-25 00:00:00+05:30,760.6,765.0,725.0,733.7,80330
2024-10-28 00:00:00+05:30,720.0,753.95,720.0,746.1,80362
2024-10-29 00:00:00+05:30,757.3,757.3,732.55,740.95,18854
2024-10-30 00:00:00+05:30,741.35,765.4,740.0,754.3,42330
2024-10-31 00:00:00+05:30,754.3,778.0,748.75,775.4,51199
2024-11-01 00:00:00+05:30,775.5,782.0,757.0,764.35,6372
2024-11-04 00:00:00+05:30,756.75,771.9,740.0,759.15,61447
2024-11-05 00:00:00+05:30,759.15,770.4,752.0,759.6,34817
2024-11-06 00:00:00+05:30,759.6,767.25,752.35,761.35,39856
2024-11-07 00:00:00+05:30,765.0,809.0,759.5,796.55,184319
2024-11-08 00:00:00+05:30,814.0,814.0,778.0,785.0,66974
2024-11-11 00:00:00+05:30,785.0,785.0,764.15,769.15,33069
2024-11-12 00:00:00+05:30,771.45,784.35,755.0,763.3,33242
2024-11-13 00:00:00+05:30,769.0,777.85,741.3,759.75,60969
2024-11-14 00:00:00+05:30,793.95,798.6,754.5,777.4,237997
2024-11-18 00:00:00+05:30,779.15,779.15,738.2,746.95,73996
2024-11-19 00:00:00+05:30,750.0,768.85,733.0,741.65,75355
2024-11-21 00:00:00+05:30,740.0,743.8,724.5,727.8,51746
2024-11-22 00:00:00+05:30,729.85,751.85,723.5,743.75,48051
2024-11-25 00:00:00+05:30,759.0,768.5,748.9,752.9,46086
2024-11-26 00:00:00+05:30,754.9,777.9,749.0,769.75,64354
2024-11-27 00:00:00+05:30,778.9,794.0,770.0,776.25,27403
2024-11-28 00:00:00+05:30,780.0,795.25,770.2,777.15,59209
2024-11-29 00:00:00+05:30,777.4,786.0,765.05,781.6,90270
2024-12-02 00:00:00+05:30,787.8,849.0,768.4,842.95,433034
2024-12-03 00:00:00+05:30,849.75,856.1,835.5,849.45,153349
2024-12-04 00:00:00+05:30,855.0,868.0,846.0,850.7,127030
2024-12-05 00:00:00+05:30,871.95,884.4,851.0,861.2,150169
2024-12-06 00:00:00+05:30,870.0,895.0,856.5,891.15,190279
2024-12-09 00:00:00+05:30,893.05,904.75,880.0,884.5,176071
2024-12-10 00:00:00+05:30,891.6,904.0,872.6,899.0,263763
2024-12-11 00:00:00+05:30,899.0,899.0,836.95,849.6,190297
2024-12-12 00:00:00+05:30,848.4,852.9,822.65,824.6,86884
2024-12-13 00:00:00+05:30,815.0,842.4,814.05,837.05,69256
2024-12-16 00:00:00+05:30,849.4,988.0,849.4,954.8,3877434
2024-12-17 00:00:00+05:30,941.05,965.65,921.05,958.7,460693
2024-12-18 00:00:00+05:30,961.0,1083.8,947.55,1008.6,2487850
2024-12-19 00:00:00+05:30,998.0,1021.0,980.5,986.95,537602
2024-12-20 00:00:00+05:30,1014.4,1021.4,950.05,954.05,520258
2024-12-23 00:00:00+05:30,970.5,970.5,883.6,887.7,447179
2024-12-24 00:00:00+05:30,888.0,927.55,883.1,923.25,259209
2024-12-26 00:00:00+05:30,928.0,930.45,901.1,906.35,120718
2024-12-27 00:00:00+05:30,906.35,962.0,902.0,949.9,261332
2024-12-30 00:00:00+05:30,956.9,964.5,890.8,896.35,141873
2024-12-31 00:00:00+05:30,894.6,925.0,885.3,918.75,109845
2025-01-01 00:00:00+05:30,920.0,935.0,913.05,919.7,61265
2025-01-02 00:00:00+05:30,925.0,965.0,917.3,960.55,176974
2025-01-03 00:00:00+05:30,968.0,986.15,941.45,979.35,259131
2025-01-06 00:00:00+05:30,986.95,989.85,910.0,917.45,299452
2025-01-07 00:00:00+05:30,930.0,1000.0,929.1,998.15,330334
2025-01-08 00:00:00+05:30,1010.0,1013.95,965.0,980.4,251993
2025-01-09 00:00:00+05:30,988.0,988.0,935.35,943.5,106964
2025-01-10 00:00:00+05:30,956.35,956.35,899.0,929.3,212409
2025-01-13 00:00:00+05:30,901.0,934.0,862.15,881.4,160157
2025-01-14 00:00:00+05:30,905.0,912.25,870.55,880.15,129804
2025-01-15 00:00:00+05:30,890.0,896.95,863.55,871.25,86020
2025-01-16 00:00:00+05:30,878.0,896.0,847.8,853.55,110509
2025-01-17 00:00:00+05:30,860.0,864.95,822.65,835.75,105352
2025-01-20 00:00:00+05:30,850.0,851.7,823.25,846.9,82351
2025-01-21 00:00:00+05:30,848.5,854.0,809.6,813.65,82483
2025-01-22 00:00:00+05:30,824.45,824.65,764.5,788.4,140669
2025-01-23 00:00:00+05:30,793.0,836.0,780.55,813.25,116447
2025-01-24 00:00:00+05:30,817.0,825.9,772.8,777.75,77724
2025-01-27 00:00:00+05:30,765.0,765.0,728.9,737.2,87057
2025-01-28 00:00:00+05:30,737.2,744.45,686.05,721.95,179703
2025-01-29 00:00:00+05:30,725.0,759.3,724.55,747.7,72263
2025-01-30 00:00:00+05:30,756.0,757.05,722.2,724.15,104715
2025-01-31 00:00:00+05:30,730.0,761.1,715.25,751.65,87484
2025-02-01 00:00:00+05:30,750.0,755.95,732.65,744.95,28786
2025-02-03 00:00:00+05:30,744.95,744.95,714.1,718.65,56291
2025-02-04 00:00:00+05:30,724.0,738.0,720.35,733.55,58622
2025-02-05 00:00:00+05:30,735.0,751.0,725.25,738.4,124094
2025-02-06 00:00:00+05:30,745.0,748.0,725.3,730.2,65261
2025-02-07 00:00:00+05:30,734.5,737.25,715.0,725.05,56062
2025-02-10 00:00:00+05:30,725.6,725.6,673.4,693.7,152678
2025-02-11 00:00:00+05:30,693.75,693.8,662.85,672.1,142412
2025-02-12 00:00:00+05:30,670.0,678.9,636.7,671.4,124227
2025-02-13 00:00:00+05:30,670.0,688.0,651.0,657.7,63548
2025-02-14 00:00:00+05:30,657.7,661.2,628.05,646.15,191267
2025-02-17 00:00:00+05:30,639.9,674.7,614.55,662.05,138065
2025-02-18 00:00:00+05:30,662.05,669.7,629.0,662.65,119023
2025-02-19 00:00:00+05:30,660.0,679.7,648.05,673.8,211324
2025-02-20 00:00:00+05:30,675.0,689.7,664.0,683.8,71651
2025-02-21 00:00:00+05:30,687.0,689.2,664.7,674.45,119286
2025-02-24 00:00:00+05:30,674.0,689.0,643.6,666.6,89591
2025-02-25 00:00:00+05:30,673.3,684.65,657.95,666.95,214536
2025-02-27 00:00:00+05:30,666.95,669.95,611.1,617.15,96215
2025-02-28 00:00:00+05:30,620.0,627.2,578.55,598.9,162791
2025-03-03 00:00:00+05:30,604.9,604.9,562.3,571.05,121754
2025-03-04 00:00:00+05:30,571.05,619.3,567.3,612.0,212040
2025-03-05 00:00:00+05:30,610.05,626.0,609.55,619.25,125092
2025-03-06 00:00:00+05:30,630.0,656.3,624.65,651.2,133893
2025-03-07 00:00:00+05:30,650.0,659.9,644.95,647.55,46496
2025-03-10 00:00:00+05:30,641.1,653.9,601.5,605.65,119819
2025-03-11 00:00:00+05:30,605.6,611.2,593.05,606.25,70627
2025-03-12 00:00:00+05:30,610.9,618.05,605.35,615.25,82646
2025-03-13 00:00:00+05:30,618.1,618.1,602.25,607.45,68333
2025-03-17 00:00:00+05:30,612.0,622.5,605.05,609.7,95271
2025-03-18 00:00:00+05:30,610.1,634.35,610.1,632.25,64908
2025-03-19 00:00:00+05:30,630.1,645.0,630.1,637.1,72894
2025-03-20 00:00:00+05:30,637.1,651.85,634.2,636.55,165639
2025-03-21 00:00:00+05:30,642.9,668.5,638.15,653.5,124502
2025-03-24 00:00:00+05:30,654.1,669.95,654.1,659.0,61427
2025-03-25 00:00:00+05:30,670.0,670.0,627.15,635.05,107595
2025-03-26 00:00:00+05:30,639.95,644.75,601.05,605.75,292506
2025-03-27 00:00:00+05:30,604.0,639.0,604.0,632.9,170996
2025-03-28 00:00:00+05:30,636.6,646.0,610.0,615.4,166075
2025-04-01 00:00:00+05:30,616.9,636.95,616.85,632.6,118127
2025-04-02 00:00:00+05:30,633.0,635.55,617.5,628.4,36897
2025-04-03 00:00:00+05:30,620.0,637.95,619.75,630.65,55325
2025-04-04 00:00:00+05:30,630.5,630.95,575.65,591.3,127770
2025-04-07 00:00:00+05:30,569.0,576.95,525.7,537.85,161131
2025-04-08 00:00:00+05:30,558.75,559.45,540.55,554.35,53994
2025-04-09 00:00:00+05:30,554.35,554.4,534.0,537.9,54539
2025-04-11 00:00:00+05:30,559.75,561.45,547.15,558.15,44912
2025-04-15 00:00:00+05:30,564.05,583.0,559.35,579.75,49673
2025-04-16 00:00:00+05:30,585.5,589.1,575.25,578.05,36333
2025-04-17 00:00:00+05:30,579.0,603.45,575.35,588.35,50521
2025-04-21 00:00:00+05:30,595.7,604.9,585.5,601.15,70480
2025-04-22 00:00:00+05:30,605.0,609.95,594.4,601.5,132606
2025-04-23 00:00:00+05:30,605.0,616.0,595.0,602.95,59771
2025-04-24 00:00:00+05:30,602.95,629.0,602.25,625.75,85076
2025-04-25 00:00:00+05:30,630.35,632.5,583.95,595.35,101002
2025-04-28 00:00:00+05:30,597.7,606.95,588.55,594.95,39204
2025-04-29 00:00:00+05:30,600.9,608.95,588.15,595.7,70789
2025-04-30 00:00:00+05:30,580.8,605.4,580.8,588.95,42028
2025-05-02 00:00:00+05:30,590.25,604.0,584.25,587.45,52713
2025-05-05 00:00:00+05:30,587.5,607.6,585.0,604.7,41407
2025-05-06 00:00:00+05:30,605.0,608.4,581.15,586.1,41254
2025-05-07 00:00:00+05:30,582.0,596.4,581.65,589.75,40142
2025-05-08 00:00:00+05:30,589.0,602.2,577.0,581.2,24827
2025-05-09 00:00:00+05:30,570.05,575.45,559.95,569.05,28484
2025-05-12 00:00:00+05:30,582.3,618.5,582.3,612.65,87661
2025-05-13 00:00:00+05:30,604.0,619.7,604.0,610.65,30614
2025-05-14 00:00:00+05:30,613.0,633.15,608.85,629.7,83407
2025-05-15 00:00:00+05:30,630.5,649.9,626.95,633.05,115762
2025-05-16 00:00:00+05:30,638.1,666.05,638.1,660.95,129210
2025-05-19 00:00:00+05:30,676.0,699.0,664.7,684.55,134604
2025-05-20 00:00:00+05:30,690.0,703.9,646.0,679.2,110016
2025-05-21 00:00:00+05:30,678.0,693.85,650.0,662.25,148963
2025-05-22 00:00:00+05:30,691.0,794.7,683.2,794.7,1893306
2025-05-23 00:00:00+05:30,924.0,953.6,849.15,940.7,2820068
2025-05-26 00:00:00+05:30,940.0,1034.75,921.0,1034.75,865821
2025-05-27 00:00:00+05:30,1050.0,1127.4,1050.0,1084.1,1278681
2025-05-28 00:00:00+05:30,1075.0,1098.0,1039.75,1081.05,582824
2025-05-29 00:00:00+05:30,1100.0,1133.05,1085.0,1109.65,304068
2025-05-30 00:00:00+05:30,1094.1,1220.6,1093.8,1188.6,576615
2025-06-02 00:00:00+05:30,1189.9,1248.0,1172.4,1238.5,417542
2025-06-03 00:00:00+05:30,1245.0,1263.7,1180.0,1205.5,223782
2025-06-04 00:00:00+05:30,1216.0,1216.0,1151.1,1167.8,140626
2025-06-05 00:00:00+05:30,1141.4,1184.3,1124.0,1131.7,123223
2025-06-06 00:00:00+05:30,1149.8,1149.8,1095.0,1104.5,136118
2025-06-09 00:00:00+05:30,1104.6,1159.7,1104.6,1159.7,21663
2025-06-10 00:00:00+05:30,1217.6,1217.6,1161.1,1190.5,332932
2025-06-11 00:00:00+05:30,1192.0,1250.0,1177.1,1249.8,144811
2025-06-12 00:00:00+05:30,1265.0,1288.8,1215.9,1226.8,126939
2025-06-13 00:00:00+05:30,1190.0,1235.0,1168.0,1202.6,83023
2025-06-16 00:00:00+05:30,1240.0,1262.7,1225.4,1262.7,290100
2025-06-17 00:00:00+05:30,1280.0,1289.0,1214.0,1223.2,177353
2025-06-18 00:00:00+05:30,1223.8,1253.4,1200.0,1218.6,83776
2025-06-19 00:00:00+05:30,1210.0,1251.0,1210.0,1228.6,101478
2025-06-20 00:00:00+05:30,1240.0,1281.4,1214.2,1245.0,236511
2025-06-23 00:00:00+05:30,1240.0,1307.2,1232.6,1266.2,381644
2025-06-24 00:00:00+05:30,1288.0,1288.0,1202.9,1202.9,160904
2025-06-25 00:00:00+05:30,1202.0,1213.7,1152.4,1157.1,173585
2025-06-26 00:00:00+05:30,1160.0,1214.9,1152.0,1164.0,171315
2025-06-27 00:00:00+05:30,1164.4,1172.8,1119.1,1136.1,91121
2025-06-30 00:00:00+05:30,1136.1,1183.9,1132.8,1164.0,84797
2025-07-01 00:00:00+05:30,1171.9,1181.3,1157.4,1174.8,49805
2025-07-02 00:00:00+05:30,1174.8,1191.9,1141.2,1171.9,72902
2025-07-03 00:00:00+05:30,1141.9,1165.8,1136.0,1143.8,41497
2025-07-04 00:00:00+05:30,1147.2,1157.0,1123.0,1138.2,38893
2025-07-07 00:00:00+05:30,1145.0,1155.1,1124.9,1150.6,42304
2025-07-08 00:00:00+05:30,1137.3,1149.6,1124.6,1130.2,22131
2025-07-09 00:00:00+05:30,1130.2,1186.7,1130.2,1185.2,112451
2025-07-10 00:00:00+05:30,1199.0,1215.0,1172.5,1186.0,77759
2025-07-11 00:00:00+05:30,1191.9,1198.9,1130.0,1144.0,55804
2025-07-14 00:00:00+05:30,1143.8,1143.8,1104.0,1129.4,70224
2025-07-15 00:00:00+05:30,1139.3,1150.0,1126.0,1129.6,45325
2025-07-16 00:00:00+05:30,1130.5,1165.0,1130.5,1144.3,84192
2025-07-17 00:00:00+05:30,1168.0,1178.0,1135.0,1157.9,80096
2025-07-18 00:00:00+05:30,1157.9,1159.7,1134.0,1137.0,20929
2025-07-21 00:00:00+05:30,1135.0,1147.6,1115.0,1121.0,30145
2025-07-22 00:00:00+05:30,1126.6,1133.7,1110.1,1114.7,25282
2025-07-23 00:00:00+05:30,1115.0,1121.4,1098.0,1100.5,59224
2025-07-24 00:00:00+05:30,1099.9,1105.0,1070.0,1085.1,49048
2025-07-25 00:00:00+05:30,1100.0,1104.0,1054.3,1077.5,72696
2025-07-28 00:00:00+05:30,1080.0,1088.9,1019.9,1019.9,78177
2025-07-29 00:00:00+05:30,1020.0,1023.2,972.4,1003.0,121171
2025-07-30 00:00:00+05:30,1003.0,1053.1,1002.0,1029.6,113881
2025-07-31 00:00:00+05:30,1005.0,1045.3,1005.0,1017.6,40597
2025-08-01 00:00:00+05:30,1025.1,1068.4,1010.0,1038.3,163039
2025-08-04 00:00:00+05:30,1030.0,1090.2,1030.0,1066.9,93354
2025-08-05 00:00:00+05:30,1067.5,1120.2,1067.4,1120.2,105001
2025-08-06 00:00:00+05:30,1135.0,1137.4,1064.2,1064.2,89601
2025-08-07 00:00:00+05:30,1060.0,1064.1,1003.1,1036.3,113557
2025-08-08 00:00:00+05:30,1026.2,1056.1,1012.8,1024.6,42454
2025-08-11 00:00:00+05:30,1024.0,1057.2,1015.4,1042.4,41073
2025-08-12 00:00:00+05:30,1045.0,1084.9,1036.4,1077.8,78377
2025-08-13 00:00:00+05:30,1079.0,1079.0,1028.0,1061.7,134492
2025-08-14 00:00:00+05:30,1100.0,1129.5,1003.0,1017.2,317651
2025-08-18 00:00:00+05:30,1026.0,1030.5,986.9,1021.6,171211
2025-08-19 00:00:00+05:30,1021.6,1056.0,1015.3,1048.0,68181
2025-08-20 00:00:00+05:30,1058.5,1058.5,1025.0,1029.1,31028
2025-08-21 00:00:00+05:30,1030.4,1042.4,1025.0,1025.2,24534
2025-08-22 00:00:00+05:30,1020.2,1032.9,1001.1,1020.3,59493
2025-08-25 00:00:00+05:30,1010.1,1028.3,1010.0,1025.2,27455
2025-08-26 00:00:00+05:30,1024.0,1034.9,995.5,1006.3,36846
2025-08-28 00:00:00+05:30,1005.0,1013.3,979.9,991.6,94813
2025-08-29 00:00:00+05:30,991.1,1012.4,978.2,989.0,47790
2025-09-01 00:00:00+05:30,999.4,1012.45,985.05,987.65,49265
2025-09-02 00:00:00+05:30,987.65,1005.0,982.5,988.8,71089
2025-09-03 00:00:00+05:30,991.55,1001.0,985.5,996.6,60375
2025-09-04 00:00:00+05:30,1005.0,1008.0,949.5,958.75,74481
2025-09-05 00:00:00+05:30,955.0,972.4,950.0,963.15,45745
2025-09-08 00:00:00+05:30,965.95,966.0,923.1,933.25,115086
2025-09-09 00:00:00+05:30,930.0,943.0,919.2,937.35,60002
2025-09-10 00:00:00+05:30,946.65,992.95,937.35,948.65,210818
2025-09-11 00:00:00+05:30,948.65,957.4,933.1,937.3,37330
2025-09-12 00:00:00+05:30,943.0,944.7,922.65,924.05,68320
2025-09-15 00:00:00+05:30,924.15,929.05,914.05,921.9,66915
2025-09-16 00:00:00+05:30,927.0,933.9,916.55,929.1,50683
2025-09-17 00:00:00+05:30,932.05,954.0,927.05,930.75,52739
2025-09-18 00:00:00+05:30,930.8,937.3,917.35,920.65,35865
2025-09-19 00:00:00+05:30,915.5,928.7,909.8,915.05,41334
2025-09-22 00:00:00+05:30,915.05,962.9,910.05,939.8,85149
2025-09-23 00:00:00+05:30,939.0,942.85,915.4,916.55,38387
2025-09-24 00:00:00+05:30,916.55,924.85,891.0,900.0,37806
2025-09-25 00:00:00+05:30,900.0,908.95,870.0,875.65,65871
2025-09-26 00:00:00+05:30,875.65,882.6,844.5,849.65,51757
2025-09-29 00:00:00+05:30,850.0,861.4,829.0,832.65,30715
2025-09-30 00:00:00+05:30,832.0,858.85,828.0,848.05,58547
2025-10-01 00:00:00+05:30,856.55,888.0,852.35,872.55,46665
2025-10-03 00:00:00+05:30,871.0,886.0,863.0,871.2,44182
2025-10-06 00:00:00+05:30,871.2,894.35,869.9,886.25,58146
2025-10-07 00:00:00+05:30,894.9,917.7,888.6,903.25,121799
2025-10-08 00:00:00+05:30,900.5,902.45,875.25,877.95,28804
2025-10-09 00:00:00+05:30,873.55,905.0,850.0,900.0,57121
2025-10-10 00:00:00+05:30,900.0,910.3,891.15,898.5,37122
2025-10-13 00:00:00+05:30,898.0,912.25,895.0,899.55,42364
2025-10-14 00:00:00+05:30,900.0,908.55,893.55,900.35,54435
2025-10-15 00:00:00+05:30,900.4,903.25,857.9,866.6,58739
2025-10-16 00:00:00+05:30,860.0,898.0,860.0,884.15,48638
2025-10-17 00:00:00+05:30,884.15,890.1,871.25,875.75,33911
2025-10-20 00:00:00+05:30,870.0,885.7,863.35,868.45,25197
2025-10-21 00:00:00+05:30,860.0,880.3,860.0,876.55,4820
2025-10-23 00:00:00+05:30,869.0,899.6,869.0,880.55,57311
2025-10-24 00:00:00+05:30,876.0,881.8,851.1,858.3,64560
2025-10-27 00:00:00+05:30,857.5,878.0,856.05,862.8,33728
2025-10-28 00:00:00+05:30,865.0,872.45,852.5,855.8,23529
2025-10-29 00:00:00+05:30,862.7,874.05,840.1,867.6,44603
2025-10-30 00:00:00+05:30,872.0,872.35,843.95,847.6,26916
2025-10-31 00:00:00+05:30,844.0,853.2,825.0,831.9,35378
2025-11-03 00:00:00+05:30,831.9,891.0,831.5,870.65,115629
2025-11-04 00:00:00+05:30,870.65,886.5,866.6,881.25,87802
2025-11-06 00:00:00+05:30,870.5,881.0,860.15,860.3,49893
2025-11-07 00:00:00+05:30,864.0,914.95,855.2,879.9,73626
2025-11-10 00:00:00+05:30,879.95,882.6,872.6,875.0,42803
2025-11-11 00:00:00+05:30,875.0,876.25,835.0,837.75,47177
2025-11-12 00:00:00+05:30,835.2,862.85,796.1,801.5,131693
2025-11-13 00:00:00+05:30,823.0,830.45,801.5,804.2,89585
2025-11-14 00:00:00+05:30,805.0,805.05,784.0,790.35,44257
2025-11-17 00:00:00+05:30,791.0,802.9,784.55,787.0,30828
2025-11-18 00:00:00+05:30,786.0,800.5,759.15,761.0,100370
2025-11-19 00:00:00+05:30,765.15,770.95,755.15,765.95,35409
2025-11-20 00:00:00+05:30,765.0,772.95,742.75,746.9,39480
2025-11-21 00:00:00+05:30,739.45,748.45,728.0,731.1,36141
2025-11-24 00:00:00+05:30,730.0,730.0,701.0,708.2,41135
2025-11-25 00:00:00+05:30,702.0,718.95,702.0,706.9,48985
2025-11-26 00:00:00+05:30,706.0,731.45,706.0,715.0,42506
2025-11-27 00:00:00+05:30,711.0,716.95,696.0,715.0,106291
2025-11-28 00:00:00+05:30,708.1,743.95,707.0,728.6,55320
2025-12-01 00:00:00+05:30,727.5,741.95,712.05,720.0,31536
2025-12-02 00:00:00+05:30,718.75,741.0,709.65,731.7,37672
2025-12-03 00:00:00+05:30,730.0,733.0,721.75,729.05,30062
2025-12-04 00:00:00+05:30,720.05,733.85,720.05,733.5,31224
2025-12-05 00:00:00+05:30,725.55,734.95,711.7,718.65,76387
2025-12-08 00:00:00+05:30,713.1,718.8,663.05,673.0,82839
2025-12-09 00:00:00+05:30,673.0,759.8,659.95,744.45,502448
2025-12-10 00:00:00+05:30,737.0,769.9,734.25,755.2,99388
2025-12-11 00:00:00+05:30,755.0,755.0,721.0,739.05,59380
2025-12-12 00:00:00+05:30,738.45,744.95,715.45,718.05,38445
2025-12-15 00:00:00+05:30,723.8,745.4,707.0,710.95,48947
2025-12-16 00:00:00+05:30,710.95,712.0,694.0,697.0,47739
2025-12-17 00:00:00+05:30,695.85,704.8,690.75,697.1,43913
2025-12-18 00:00:00+05:30,697.1,697.45,678.15,679.6,28543
2025-12-19 00:00:00+05:30,679.6,688.3,675.7,688.0,35787
2025-12-22 00:00:00+05:30,688.0,696.85,684.25,689.3,48376
2025-12-23 00:00:00+05:30,690.85,690.85,679.95,681.55,32917
2025-12-24 00:00:00+05:30,682.0,689.3,668.15,675.7,39545
2025-12-26 00:00:00+05:30,681.6,691.3,667.0,673.75,30796
2025-12-29 00:00:00+05:30,669.0,680.95,663.5,674.0,26236
2025-12-30 00:00:00+05:30,674.0,680.45,667.9,678.35,20139
2025-12-31 00:00:00+05:30,672.0,689.3,672.0,687.4,31184
2026-01-01 00:00:00+05:30,685.0,692.3,672.7,677.9,26590
2026-01-02 00:00:00+05:30,678.1,704.9,678.1,695.2,51756
2026-01-05 00:00:00+05:30,697.75,705.9,684.8,686.1,48833
2026-01-06 00:00:00+05:30,681.5,686.45,668.8,674.7,49346
2026-01-07 00:00:00+05:30,678.9,683.45,670.2,680.0,74639
2026-01-08 00:00:00+05:30,680.0,691.2,670.7,673.0,49175
2026-01-09 00:00:00+05:30,668.3,671.25,651.9,653.4,40392
2026-01-12 00:00:00+05:30,650.6,664.4,637.0,650.0,32083
2026-01-13 00:00:00+05:30,648.7,657.25,639.0,655.0,38116
2026-01-14 00:00:00+05:30,643.15,654.45,640.7,641.9,44963
2026-01-16 00:00:00+05:30,647.65,659.5,639.45,642.0,38998
2026-01-19 00:00:00+05:30,642.0,642.65,623.8,626.0,59324
2026-01-20 00:00:00+05:30,625.0,626.6,584.05,588.4,156398
2026-01-21 00:00:00+05:30,591.9,620.35,587.5,595.6,150745
2026-01-22 00:00:00+05:30,598.45,618.0,585.0,613.05,96247
2026-01-23 00:00:00+05:30,619.0,619.0,575.0,577.4,100488
2026-01-27 00:00:00+05:30,580.85,596.6,573.45,585.3,51284
2026-01-28 00:00:00+05:30,585.3,597.8,584.65,590.6,62033
2026-01-29 00:00:00+05:30,590.25,595.45,577.8,584.45,39165
2026-01-30 00:00:00+05:30,581.05,601.8,576.0,595.5,35486
2026-02-01 00:00:00+05:30,585.8,594.4,570.0,576.85,29411
2026-02-02 00:00:00+05:30,576.0,585.0,560.8,579.65,62291
2026-02-03 00:00:00+05:30,651.95,674.55,630.15,641.25,237264
2026-02-04 00:00:00+05:30,635.1,659.35,635.1,644.65,58661
2026-02-05 00:00:00+05:30,644.65,672.55,627.6,630.25,73379
2026-02-06 00:00:00+05:30,623.95,629.95,605.5,617.25,71189
2026-02-09 00:00:00+05:30,628.8,638.9,616.75,631.8,109432
2026-02-10 00:00:00+05:30,631.8,662.05,630.35,660.1,140235
2026-02-11 00:00:00+05:30,660.1,710.15,640.0,663.35,288623
2026-02-12 00:00:00+05:30,653.4,708.0,618.6,700.0,275691
2026-02-13 00:00:00+05:30,698.05,763.25,676.2,739.2,563194
2026-02-16 00:00:00+05:30,735.05,737.0,691.65,729.5,227723
2026-02-17 00:00:00+05:30,728.55,737.0,701.85,707.75,71932
2026-02-18 00:00:00+05:30,707.0,716.4,696.9,701.6,53611
2026-02-19 00:00:00+05:30,701.6,718.9,687.6,695.9,72715
2026-02-20 00:00:00+05:30,686.0,700.8,670.0,673.05,58027
2026-02-23 00:00:00+05:30,671.55,695.0,660.6,664.55,50036
2026-02-24 00:00:00+05:30,664.6,666.15,646.1,653.1,32721
2026-02-25 00:00:00+05:30,653.0,728.8,653.0,700.25,917241
2026-02-26 00:00:00+05:30,700.95,714.0,699.4,704.65,89828
2026-02-27 00:00:00+05:30,700.0,730.25,698.0,711.35,130455
2026-03-02 00:00:00+05:30,653.6,702.85,653.6,687.8,92419
2026-03-04 00:00:00+05:30,679.6,686.15,667.0,673.1,67957
2026-03-05 00:00:00+05:30,674.35,696.9,674.35,681.35,70214
2026-03-06 00:00:00+05:30,684.5,748.1,683.7,700.05,497046
2026-03-09 00:00:00+05:30,685.0,690.35,667.0,671.75,59692
2026-03-10 00:00:00+05:30,684.9,686.5,652.3,663.85,114109
2026-03-11 00:00:00+05:30,668.5,681.7,662.0,664.7,40240
2026-03-12 00:00:00+05:30,665.0,671.4,652.6,661.15,82200
2026-03-13 00:00:00+05:30,656.0,660.3,637.0,645.65,68114
2026-03-16 00:00:00+05:30,645.65,673.1,613.4,660.85,116727
2026-03-17 00:00:00+05:30,660.0,666.15,634.05,639.85,81517
2026-03-18 00:00:00+05:30,643.0,660.0,631.45,642.95,98958
2026-03-19 00:00:00+05:30,640.0,655.0,616.15,621.65,80345
2026-03-20 00:00:00+05:30,630.95,648.4,622.1,624.55,46997
2026-03-23 00:00:00+05:30,623.15,623.15,586.0,588.9,81615
2026-03-24 00:00:00+05:30,602.95,618.0,600.0,609.95,113755
2026-03-25 00:00:00+05:30,621.5,626.8,608.0,610.5,170598
2026-03-27 00:00:00+05:30,610.9,611.2,590.0,595.05,119284
2026-03-30 00:00:00+05:30,594.4,610.45,579.65,595.45,164737
2026-04-01 00:00:00+05:30,602.95,634.65,602.95,623.95,75010
2026-04-02 00:00:00+05:30,622.0,622.0,598.1,615.6,66252
2026-04-06 00:00:00+05:30,614.95,627.6,602.25,622.2,41101
2026-04-07 00:00:00+05:30,617.95,631.0,614.05,623.25,31238
2026-04-08 00:00:00+05:30,645.0,655.0,636.4,650.25,64966
2026-04-09 00:00:00+05:30,645.05,667.45,640.0,643.65,75413
2026-04-10 00:00:00+05:30,647.5,669.7,647.5,656.05,115223
2026-04-13 00:00:00+05:30,645.0,668.45,632.7,663.15,48218
2026-04-15 00:00:00+05:30,672.0,684.0,668.1,673.6,55904
2026-04-16 00:00:00+05:30,684.95,684.95,659.0,664.4,100094
2026-04-17 00:00:00+05:30,672.7,679.7,666.2,668.75,55861
2026-04-20 00:00:00+05:30,661.65,676.95,654.5,660.3,57065
2026-04-21 00:00:00+05:30,666.85,688.6,664.7,675.9,85496
2026-04-22 00:00:00+05:30,671.0,699.0,671.0,696.75,118196
2026-04-23 00:00:00+05:30,697.05,741.3,697.05,716.0,218731
2026-04-24 00:00:00+05:30,722.0,727.0,692.5,698.3,74048
2026-04-27 00:00:00+05:30,700.0,714.0,699.0,708.5,52924
2026-04-28 00:00:00+05:30,707.5,744.0,705.5,719.6,116787
2026-04-29 00:00:00+05:30,721.05,724.95,710.0,712.55,81201
2026-04-30 00:00:00+05:30,708.0,716.55,696.55,713.75,46545
2026-05-04 00:00:00+05:30,724.45,732.0,713.45,717.9,46919
2026-05-05 00:00:00+05:30,715.0,717.45,691.6,696.1,35698
2026-05-06 00:00:00+05:30,700.0,730.0,700.0,724.85,128489
2026-05-07 00:00:00+05:30,725.05,782.9,723.05,769.05,344798
2026-05-08 00:00:00+05:30,772.0,822.8,757.0,815.45,375599
2026-05-11 00:00:00+05:30,808.0,828.95,770.0,779.5,135540
2026-05-12 00:00:00+05:30,776.0,779.6,750.85,762.85,83404
2026-05-13 00:00:00+05:30,765.0,776.45,744.6,763.75,81210
2026-05-14 00:00:00+05:30,762.0,774.85,759.05,763.05,36591
2026-05-15 00:00:00+05:30,763.15,769.2,755.0,760.1,33409
2026-05-18 00:00:00+05:30,755.0,774.0,733.5,767.7,49981
2026-05-19 00:00:00+05:30,769.95,818.8,762.0,811.6,173891
2026-05-20 00:00:00+05:30,805.9,815.9,791.0,797.5,71820
2026-05-21 00:00:00+05:30,835.0,865.0,794.0,799.75,1082916
2026-05-22 00:00:00+05:30,808.55,814.0,766.65,771.1,182445
2026-05-25 00:00:00+05:30,776.2,792.0,761.0,768.15,119455
2026-05-26 00:00:00+05:30,768.15,787.9,762.5,771.85,108397
2026-05-27 00:00:00+05:30,775.0,776.45,740.6,748.15,114578
2026-05-29 00:00:00+05:30,749.8,753.55,724.0,727.65,86620
2026-06-01 00:00:00+05:30,739.0,760.9,712.1,716.65,132839
2026-06-02 00:00:00+05:30,707.15,748.0,706.0,734.35,111162
2026-06-03 00:00:00+05:30,741.95,746.85,722.55,739.85,45918
2026-06-04 00:00:00+05:30,743.0,749.9,724.5,726.8,56765
2026-06-05 00:00:00+05:30,728.0,758.7,719.8,742.2,55884
2026-06-08 00:00:00+05:30,737.0,740.0,711.0,718.1,37116
2026-06-09 00:00:00+05:30,712.4,744.65,712.4,741.35,25168
2026-06-10 00:00:00+05:30,746.5,774.85,737.05,747.0,94011
2026-06-11 00:00:00+05:30,746.15,747.2,708.55,719.1,81688
2026-06-12 00:00:00+05:30,726.15,736.0,720.0,726.95,56944
2026-06-15 00:00:00+05:30,741.5,752.4,723.8,731.4,65253
2026-06-16 00:00:00+05:30,737.5,759.8,733.0,752.8,76324
2026-06-17 00:00:00+05:30,758.0,767.8,745.0,747.05,49215
2026-06-18 00:00:00+05:30,755.0,775.0,748.0,766.8,96172
2026-06-19 00:00:00+05:30,766.85,790.25,760.7,780.75,91183
2026-06-22 00:00:00+05:30,780.75,790.05,771.9,774.35,33482
2026-06-23 00:00:00+05:30,774.9,836.35,764.0,816.65,924707
2026-06-24 00:00:00+05:30,821.0,832.75,808.0,816.1,116507
2026-06-25 00:00:00+05:30,816.7,823.9,800.0,803.55,95181
2026-06-29 00:00:00+05:30,803.55,811.0,787.5,792.75,55149
2026-06-30 00:00:00+05:30,799.9,807.0,781.55,788.25,52651
2026-07-01 00:00:00+05:30,795.95,807.4,788.55,794.05,38083
2026-07-02 00:00:00+05:30,794.05,816.95,788.05,804.3,90907
2026-07-03 00:00:00+05:30,809.0,861.0,808.95,853.1,384712
2026-07-06 00:00:00+05:30,861.7,874.8,851.45,856.5,185687
2026-07-07 00:00:00+05:30,856.1,866.45,850.0,852.95,106705
2026-07-08 00:00:00+05:30,847.8,847.8,805.0,811.3,133252
2026-07-09 00:00:00+05:30,815.0,839.0,811.55,817.65,72271
2026-07-10 00:00:00+05:30,836.6,839.0,822.65,831.15,43353
2026-07-13 00:00:00+05:30,830.0,848.5,823.5,828.5,74280
2026-07-14 00:00:00+05:30,830.0,830.45,813.2,817.55,38792
2026-07-15 00:00:00+05:30,828.0,830.0,819.35,827.15,23374
2026-07-16 00:00:00+05:30,827.15,858.8,822.6,846.4,108840
2026-07-17 00:00:00+05:30,846.05,851.85,824.25,835.05,90908
2026-07-20 00:00:00+05:30,835.05,843.15,818.6,832.9,94450
2026-07-21 00:00:00+05:30,828.4,849.0,822.85,829.3,63699
2026-07-22 00:00:00+05:30,829.0,872.0,816.2,865.45,263890
2026-07-23 00:00:00+05:30,868.5,907.9,866.0,877.55,376579
2026-07-24 00:00:00+05:30,877.55,886.3,862.0,881.0,98772
2026-07-27 00:00:00+05:30,881.0,919.8,870.0,909.2,162543
2026-07-28 00:00:00+05:30,910.0,924.9,882.0,890.3,98477
2026-07-29 00:00:00+05:30,900.15,905.7,872.0,889.1,84224
2026-07-30 00:00:00+05:30,888.55,904.0,879.05,883.1,43051
2026-07-31 00:00:00+05:30,881.0,910.0,881.0,892.3,133319
2026-08-03 00:00:00+05:30,896.75,914.9,894.1,910.05,102857
2026-08-04 00:00:00+05:30,910.05,934.0,907.0,922.35,100984
2026-08-05 00:00:00+05:30,930.0,943.0,911.0,915.8,76965
2026-08-06 00:00:00+05:30,916.0,919.9,862.0,871.95,176631
2026-08-07 00:00:00+05:30,884.0,937.35,872.1,892.5,687554
2026-08-10 00:00:00+05:30,899.5,954.95,897.0,927.15,351611
2026-08-11 00:00:00+05:30,939.0,947.3,923.05,930.3,130167
2026-08-12 00:00:00+05:30,939.65,944.45,902.0,909.0,70892
2026-08-13 00:00:00+05:30,902.0,923.35,902.0,913.3,73254
2026-08-14 00:00:00+05:30,919.0,950.0,917.05,938.35,153451
2026-08-17 00:00:00+05:30,952.0,971.35,936.0,964.85,208360
2026-08-18 00:00:00+05:30,962.2,981.0,957.0,961.2,94828
2026-08-19 00:00:00+05:30,969.7,969.75,923.75,930.7,62705
2026-08-20 00:00:00+05:30,947.55,951.95,927.65,938.45,56461
2026-08-21 00:00:00+05:30,938.45,946.75,920.05,922.95,34117
2026-08-24 00:00:00+05:30,928.9,943.0,905.65,907.95,45164
2026-08-25 00:00:00+05:30,905.0,935.0,905.0,930.65,78279
2026-08-26 00:00:00+05:30,940.0,978.8,920.1,924.3,108620
2026-08-27 00:00:00+05:30,921.0,945.5,915.75,942.05,76944
2026-08-28 00:00:00+05:30,942.05,949.0,931.45,938.35,48392
2026-08-31 00:00:00+05:30,938.0,948.9,925.0,929.2,41227
2026-09-01 00:00:00+05:30,934.0,996.0,933.0,949.65,458088
2026-09-02 00:00:00+05:30,950.2,966.0,938.85,952.85,136691
2026-09-03 00:00:00+05:30,960.0,962.55,935.2,940.15,79402
2026-09-04 00:00:00+05:30,938.7,943.1,916.0,919.85,66169
2026-09-07 00:00:00+05:30,919.85,932.9,918.4,926.3,55031
2026-09-08 00:00:00+05:30,935.4,935.4,905.0,909.15,40826
2026-09-09 00:00:00+05:30,909.15,914.9,899.8,906.75,48300
2026-09-10 00:00:00+05:30,903.0,914.7,877.6,880.65,56270
2026-09-11 00:00:00+05:30,878.05,884.4,858.2,874.9,51751
2026-09-15 00:00:00+05:30,875.05,884.6,858.0,861.35,54106
2026-09-16 00:00:00+05:30,860.0,898.0,842.5,878.05,56751
2026-09-17 00:00:00+05:30,873.95,888.0,870.45,879.9,36388
2026-09-18 00:00:00+05:30,883.0,884.45,866.05,871.25,34649
2026-09-21 00:00:00+05:30,866.7,883.95,865.0,866.45,33052
2026-09-22 00:00:00+05:30,865.0,879.95,856.2,862.75,28152
2026-09-23 00:00:00+05:30,861.55,883.3,860.0,867.2,39315
2026-09-24 00:00:00+05:30,867.2,871.65,850.0,857.25,29882
2026-09-25 00:00:00+05:30,857.25,859.95,844.1,849.4,32823
