Date,Open,High,Low,Close,Volume
2009-08-03 00:00:00+05:30,1.91,2.44,1.91,2.13,621943884
2009-08-04 00:00:00+05:30,2.12,2.46,2.12,2.37,277975984
2009-08-05 00:00:00+05:30,2.33,2.56,2.33,2.39,182154782
2009-08-06 00:00:00+05:30,2.25,2.39,2.18,2.22,96446431
2009-08-07 00:00:00+05:30,2.11,2.28,2.11,2.24,50009940
2009-08-10 00:00:00+05:30,2.29,2.68,2.27,2.65,212529783
2009-08-11 00:00:00+05:30,2.73,2.86,2.52,2.7,340643300
2009-08-12 00:00:00+05:30,2.66,2.79,2.26,2.3,172440677
2009-08-13 00:00:00+05:30,2.31,2.42,2.19,2.23,158575592
2009-08-14 00:00:00+05:30,2.25,2.4,2.25,2.29,90800461
2009-08-17 00:00:00+05:30,2.26,2.4,2.24,2.27,87008266
2009-08-18 00:00:00+05:30,2.31,2.36,2.27,2.35,54032985
2009-08-19 00:00:00+05:30,2.38,2.4,2.16,2.2,66458025
2009-08-20 00:00:00+05:30,2.26,2.26,2.02,2.05,123033781
2009-08-21 00:00:00+05:30,2.04,2.1,1.94,2.03,83376451
2009-08-24 00:00:00+05:30,2.07,2.13,2.04,2.05,30508965
2009-08-25 00:00:00+05:30,2.06,2.06,1.98,2.0,24717465
2009-08-26 00:00:00+05:30,2.01,2.04,1.98,2.0,21244320
2009-08-27 00:00:00+05:30,2.0,2.03,1.99,2.0,14003325
2009-08-28 00:00:00+05:30,2.0,2.02,1.98,2.0,10899585
2009-08-31 00:00:00+05:30,1.99,2.11,1.99,2.02,21249180
2009-09-01 00:00:00+05:30,2.22,2.22,1.98,2.0,24232905
2009-09-02 00:00:00+05:30,2.08,2.16,1.98,2.01,12435795
2009-09-03 00:00:00+05:30,2.07,2.07,1.99,2.0,8193105
2009-09-04 00:00:00+05:30,2.07,2.11,1.93,1.96,9095085
2009-09-07 00:00:00+05:30,2.04,2.04,1.83,1.85,50353380
2009-09-08 00:00:00+05:30,1.9,2.04,1.7,1.73,103642021
2009-09-09 00:00:00+05:30,1.72,1.75,1.62,1.67,48134970
2009-09-10 00:00:00+05:30,1.71,1.71,1.64,1.65,22809150
2009-09-11 00:00:00+05:30,1.67,1.81,1.34,1.75,302450134
2009-09-14 00:00:00+05:30,1.78,1.87,1.69,1.83,132658336
2009-09-15 00:00:00+05:30,1.83,1.9,1.76,1.78,48932235
2009-09-16 00:00:00+05:30,1.8,1.8,1.71,1.73,23343615
2009-09-17 00:00:00+05:30,1.8,1.8,1.58,1.67,20733210
2009-09-18 00:00:00+05:30,1.58,1.73,1.58,1.63,17881335
2009-09-22 00:00:00+05:30,1.68,1.68,1.56,1.62,11685285
2009-09-23 00:00:00+05:30,1.58,1.73,1.58,1.63,26902260
2009-09-24 00:00:00+05:30,1.63,1.64,1.58,1.6,10611270
2009-09-25 00:00:00+05:30,1.58,1.62,1.57,1.59,8961750
2009-09-29 00:00:00+05:30,1.59,1.71,1.59,1.68,30390615
2009-09-30 00:00:00+05:30,1.67,1.78,1.65,1.77,53472510
2009-10-01 00:00:00+05:30,1.74,1.78,1.71,1.73,13948155
2009-10-05 00:00:00+05:30,1.72,1.79,1.68,1.69,36363465
2009-10-06 00:00:00+05:30,1.73,1.73,1.66,1.71,29128455
2009-10-07 00:00:00+05:30,1.76,1.78,1.58,1.6,32996700
2009-10-08 00:00:00+05:30,1.64,1.69,1.58,1.58,17147250
2009-10-09 00:00:00+05:30,1.62,1.63,1.54,1.56,17013825
2009-10-12 00:00:00+05:30,1.6,1.63,1.54,1.55,20132955
2009-10-14 00:00:00+05:30,1.56,1.59,1.53,1.54,9308970
2009-10-15 00:00:00+05:30,1.56,1.56,1.38,1.53,10311615
2009-10-16 00:00:00+05:30,1.53,1.54,1.51,1.53,7931610
2009-10-17 00:00:00+05:30,1.52,1.55,1.51,1.53,1450710
2009-10-20 00:00:00+05:30,1.57,1.6,1.53,1.54,9777960
2009-10-21 00:00:00+05:30,1.54,1.56,1.49,1.5,5071095
2009-10-22 00:00:00+05:30,1.5,1.54,1.47,1.48,5703120
2009-10-23 00:00:00+05:30,1.51,1.52,1.47,1.47,4272435
2009-10-26 00:00:00+05:30,1.48,1.52,1.45,1.48,9334035
2009-10-27 00:00:00+05:30,1.47,1.54,1.45,1.45,21237975
2009-10-28 00:00:00+05:30,1.44,1.65,1.42,1.65,143725412
2009-10-29 00:00:00+05:30,1.64,1.7,1.52,1.56,46333980
2009-10-30 00:00:00+05:30,1.62,1.63,1.53,1.56,85908151
2009-11-03 00:00:00+05:30,1.49,1.58,1.3,1.33,36700875
2009-11-04 00:00:00+05:30,1.38,1.6,1.27,1.58,44277570
2009-11-05 00:00:00+05:30,1.58,1.84,1.47,1.5,252238008
2009-11-06 00:00:00+05:30,1.48,1.57,1.41,1.43,63610020
2009-11-09 00:00:00+05:30,1.44,1.5,1.4,1.45,15138045
2009-11-10 00:00:00+05:30,1.47,1.49,1.41,1.42,11769255
2009-11-11 00:00:00+05:30,1.44,1.45,1.4,1.42,9921960
2009-11-12 00:00:00+05:30,1.44,1.52,1.42,1.44,20517075
2009-11-13 00:00:00+05:30,1.46,1.46,1.41,1.42,8578935
2009-11-16 00:00:00+05:30,1.43,1.44,1.42,1.43,8755065
2009-11-17 00:00:00+05:30,1.44,1.44,1.4,1.41,6969015
2009-11-18 00:00:00+05:30,1.41,1.43,1.4,1.41,5287950
2009-11-19 00:00:00+05:30,1.38,1.48,1.38,1.39,13779045
2009-11-20 00:00:00+05:30,1.38,1.41,1.38,1.39,5907915
2009-11-23 00:00:00+05:30,1.4,1.41,1.38,1.38,6020865
2009-11-24 00:00:00+05:30,1.4,1.4,1.36,1.36,5306940
2009-11-25 00:00:00+05:30,1.36,1.43,1.35,1.36,10391265
2009-11-26 00:00:00+05:30,1.36,1.39,1.33,1.35,4995090
2009-11-27 00:00:00+05:30,1.38,1.44,1.29,1.31,8990505
2009-11-30 00:00:00+05:30,1.35,1.35,1.31,1.32,4963230
2009-12-01 00:00:00+05:30,1.33,1.37,1.33,1.35,8476875
2009-12-02 00:00:00+05:30,1.36,1.37,1.33,1.34,6346665
2009-12-03 00:00:00+05:30,1.36,1.42,1.35,1.37,17283015
2009-12-04 00:00:00+05:30,1.36,1.39,1.36,1.36,6173415
2009-12-07 00:00:00+05:30,1.4,1.4,1.33,1.34,4764690
2009-12-08 00:00:00+05:30,1.34,1.38,1.33,1.35,5644080
2009-12-09 00:00:00+05:30,1.34,1.4,1.33,1.36,11521485
2009-12-10 00:00:00+05:30,1.37,1.37,1.35,1.36,4169655
2009-12-11 00:00:00+05:30,1.37,1.38,1.33,1.34,5308785
2009-12-14 00:00:00+05:30,1.32,1.38,1.24,1.33,6875505
2009-12-15 00:00:00+05:30,1.34,1.36,1.3,1.32,4148505
2009-12-16 00:00:00+05:30,1.31,1.32,1.29,1.3,4505580
2009-12-17 00:00:00+05:30,1.28,1.35,1.28,1.31,6763815
2009-12-18 00:00:00+05:30,1.31,1.31,1.27,1.28,4171275
2009-12-21 00:00:00+05:30,1.28,1.3,1.27,1.27,3412620
2009-12-22 00:00:00+05:30,1.28,1.29,1.26,1.26,4556970
2009-12-23 00:00:00+05:30,1.28,1.28,1.26,1.27,3757455
2009-12-24 00:00:00+05:30,1.28,1.29,1.26,1.26,4213485
2009-12-29 00:00:00+05:30,1.28,1.28,1.26,1.27,4499775
2009-12-30 00:00:00+05:30,1.28,1.28,1.26,1.26,2598840
2009-12-31 00:00:00+05:30,1.26,1.38,1.26,1.32,16950240
2010-01-04 00:00:00+05:30,1.34,1.35,1.32,1.33,5676480
2010-01-05 00:00:00+05:30,1.33,1.38,1.31,1.35,12834675
2010-01-06 00:00:00+05:30,1.36,1.38,1.35,1.35,6376545
2010-01-07 00:00:00+05:30,1.36,1.36,1.31,1.33,3478815
2010-01-08 00:00:00+05:30,1.35,1.37,1.32,1.34,5879430
2010-01-11 00:00:00+05:30,1.37,1.44,1.36,1.37,10527075
2010-01-12 00:00:00+05:30,1.39,1.41,1.34,1.35,6186015
2010-01-13 00:00:00+05:30,1.34,1.41,1.34,1.39,13396275
2010-01-14 00:00:00+05:30,1.4,1.42,1.39,1.39,11612205
2010-01-15 00:00:00+05:30,1.41,1.44,1.39,1.39,15332400
2010-01-18 00:00:00+05:30,1.4,1.4,1.36,1.37,4074345
2010-01-19 00:00:00+05:30,1.37,1.38,1.34,1.34,3126555
2010-01-20 00:00:00+05:30,1.36,1.37,1.3,1.31,6197445
2010-01-21 00:00:00+05:30,1.31,1.33,1.28,1.28,4344750
2010-01-22 00:00:00+05:30,1.27,1.27,1.23,1.25,4916520
2010-01-25 00:00:00+05:30,1.25,1.26,1.23,1.24,3118770
2010-01-27 00:00:00+05:30,1.24,1.24,1.13,1.15,4776480
2010-01-28 00:00:00+05:30,1.18,1.2,1.13,1.15,4209570
2010-01-29 00:00:00+05:30,1.15,1.15,1.07,1.11,5017320
2010-02-01 00:00:00+05:30,1.11,1.17,1.1,1.13,3388275
2010-02-02 00:00:00+05:30,1.13,1.18,1.13,1.14,5384610
2010-02-03 00:00:00+05:30,1.14,1.16,1.12,1.13,2988270
2010-02-04 00:00:00+05:30,1.12,1.14,1.08,1.09,2737440
2010-02-05 00:00:00+05:30,1.05,1.07,1.0,1.04,3546990
2010-02-06 00:00:00+05:30,1.04,1.06,1.03,1.04,1046340
2010-02-08 00:00:00+05:30,1.06,1.06,1.03,1.05,2235105
2010-02-09 00:00:00+05:30,1.04,1.05,1.04,1.04,1056330
2010-02-10 00:00:00+05:30,1.05,1.13,1.04,1.07,5702985
2010-02-11 00:00:00+05:30,1.07,1.11,1.06,1.07,2681145
2010-02-15 00:00:00+05:30,1.07,1.09,1.05,1.06,2112660
2010-02-16 00:00:00+05:30,1.06,1.07,1.04,1.05,1780290
2010-02-17 00:00:00+05:30,1.05,1.06,1.03,1.04,1928565
2010-02-18 00:00:00+05:30,1.04,1.05,1.01,1.02,1820295
2010-02-19 00:00:00+05:30,1.02,1.02,0.99,1.0,2405295
2010-02-22 00:00:00+05:30,1.02,1.02,0.96,0.97,1894725
2010-02-23 00:00:00+05:30,0.97,0.97,0.93,0.93,2788380
2010-02-24 00:00:00+05:30,0.93,0.93,0.89,0.9,2238570
2010-02-25 00:00:00+05:30,0.9,0.92,0.89,0.9,2776410
2010-02-26 00:00:00+05:30,0.89,1.0,0.88,0.96,15007860
2010-03-02 00:00:00+05:30,1.02,1.02,0.96,0.97,2520450
2010-03-03 00:00:00+05:30,1.0,1.0,0.96,0.98,3210705
2010-03-04 00:00:00+05:30,0.98,1.0,0.97,0.99,3381615
2010-03-05 00:00:00+05:30,0.99,1.0,0.98,0.99,2243835
2010-03-08 00:00:00+05:30,1.0,1.02,1.0,1.0,2969010
2010-03-09 00:00:00+05:30,1.01,1.01,0.96,0.98,2774655
2010-03-10 00:00:00+05:30,0.99,1.0,0.97,0.97,1703970
2010-03-11 00:00:00+05:30,0.99,0.99,0.95,0.96,1661310
2010-03-12 00:00:00+05:30,0.97,0.97,0.92,0.93,1340280
2010-03-15 00:00:00+05:30,0.92,0.95,0.9,0.91,1303650
2010-03-16 00:00:00+05:30,0.92,0.93,0.9,0.92,1185885
2010-03-17 00:00:00+05:30,0.92,0.95,0.91,0.93,1750815
2010-03-18 00:00:00+05:30,0.92,0.93,0.91,0.91,1273995
2010-03-19 00:00:00+05:30,0.91,0.93,0.9,0.91,1411965
2010-03-22 00:00:00+05:30,0.91,0.93,0.86,0.9,1840050
2010-03-23 00:00:00+05:30,0.91,0.93,0.9,0.91,2068065
2010-03-25 00:00:00+05:30,0.89,0.91,0.88,0.89,961605
2010-03-26 00:00:00+05:30,0.9,0.91,0.87,0.88,1900080
2010-03-29 00:00:00+05:30,0.88,0.89,0.84,0.84,2735595
2010-03-30 00:00:00+05:30,0.69,0.86,0.69,0.83,1911240
2010-03-31 00:00:00+05:30,0.98,0.98,0.82,0.88,7735725
2010-04-01 00:00:00+05:30,0.91,0.91,0.88,0.89,2592720
2010-04-05 00:00:00+05:30,0.9,0.93,0.89,0.91,3436020
2010-04-06 00:00:00+05:30,0.93,0.93,0.88,0.89,3250665
2010-04-07 00:00:00+05:30,0.89,0.91,0.89,0.9,1483110
2010-04-08 00:00:00+05:30,0.93,1.04,0.89,0.91,2900520
2010-04-09 00:00:00+05:30,0.91,0.92,0.9,0.9,1374300
2010-04-12 00:00:00+05:30,0.92,0.92,0.88,0.9,1545210
2010-04-13 00:00:00+05:30,0.89,0.92,0.89,0.91,1675890
2010-04-15 00:00:00+05:30,0.89,1.06,0.89,1.04,38361600
2010-04-16 00:00:00+05:30,1.06,1.17,1.05,1.08,90993961
2010-04-19 00:00:00+05:30,1.06,1.06,1.02,1.03,6132645
2010-04-20 00:00:00+05:30,1.07,1.07,1.0,1.01,4053420
2010-04-21 00:00:00+05:30,1.02,1.2,1.01,1.16,60695730
2010-04-22 00:00:00+05:30,1.11,1.18,1.08,1.1,15244560
2010-04-23 00:00:00+05:30,1.12,1.13,1.07,1.09,5350095
2010-04-26 00:00:00+05:30,1.12,1.2,1.1,1.18,22208490
2010-04-27 00:00:00+05:30,1.17,1.36,1.17,1.32,113220811
2010-04-28 00:00:00+05:30,1.3,1.43,1.29,1.38,203877453
2010-04-29 00:00:00+05:30,1.39,1.41,1.29,1.3,57237075
2010-04-30 00:00:00+05:30,1.32,1.36,1.29,1.31,17427015
2010-05-03 00:00:00+05:30,1.29,1.32,1.23,1.24,8986995
2010-05-04 00:00:00+05:30,1.24,1.3,1.17,1.2,11937825
2010-05-05 00:00:00+05:30,1.16,1.18,1.12,1.14,10444365
2010-05-06 00:00:00+05:30,1.16,1.2,1.13,1.14,11393100
2010-05-07 00:00:00+05:30,1.11,1.13,1.04,1.05,8328690
2010-05-10 00:00:00+05:30,0.96,1.09,0.96,1.08,7052040
2010-05-11 00:00:00+05:30,1.08,1.14,1.07,1.08,7632495
2010-05-12 00:00:00+05:30,1.07,1.09,1.03,1.04,4210605
2010-05-13 00:00:00+05:30,1.05,1.08,1.04,1.04,4053060
2010-05-14 00:00:00+05:30,1.04,1.06,1.0,1.01,4300020
2010-05-17 00:00:00+05:30,0.97,1.0,0.96,0.97,4473630
2010-05-18 00:00:00+05:30,0.96,0.99,0.96,0.97,3054105
2010-05-19 00:00:00+05:30,0.97,0.98,0.95,0.97,3402720
2010-05-20 00:00:00+05:30,0.97,1.02,0.92,0.95,4841865
2010-05-21 00:00:00+05:30,0.9,0.94,0.86,0.93,4758840
2010-05-24 00:00:00+05:30,0.94,0.98,0.94,0.95,1972980
2010-05-25 00:00:00+05:30,0.93,0.94,0.9,0.91,2377215
2010-05-26 00:00:00+05:30,0.98,0.98,0.91,0.92,1904310
2010-05-27 00:00:00+05:30,0.91,0.91,0.89,0.91,2182095
2010-05-28 00:00:00+05:30,0.91,0.93,0.91,0.92,2440350
2010-05-31 00:00:00+05:30,0.94,0.94,0.92,0.92,1547505
2010-06-01 00:00:00+05:30,0.92,0.98,0.92,0.93,6026895
2010-06-02 00:00:00+05:30,0.98,0.98,0.93,0.96,5484645
2010-06-03 00:00:00+05:30,0.98,0.98,0.94,0.95,2069775
2010-06-04 00:00:00+05:30,0.93,0.95,0.93,0.93,1698975
2010-06-07 00:00:00+05:30,0.91,0.92,0.89,0.92,1659195
2010-06-08 00:00:00+05:30,0.91,0.93,0.89,0.9,1502055
2010-06-09 00:00:00+05:30,0.91,0.93,0.9,0.91,1672650
2010-06-10 00:00:00+05:30,0.9,0.92,0.9,0.92,1257255
2010-06-11 00:00:00+05:30,0.92,0.93,0.9,0.91,2226015
2010-06-14 00:00:00+05:30,0.92,0.93,0.9,0.91,1964385
2010-06-15 00:00:00+05:30,0.92,0.95,0.91,0.93,2534175
2010-06-16 00:00:00+05:30,0.94,0.96,0.93,0.95,3363255
2010-06-17 00:00:00+05:30,0.96,0.97,0.94,0.94,1035180
2010-06-18 00:00:00+05:30,0.93,0.94,0.92,0.93,887625
2010-06-21 00:00:00+05:30,0.93,0.97,0.93,0.94,1591425
2010-06-22 00:00:00+05:30,0.93,0.94,0.91,0.92,1584135
2010-06-23 00:00:00+05:30,0.91,1.06,0.91,1.02,33991200
2010-06-24 00:00:00+05:30,1.03,1.07,1.0,1.02,8305650
2010-06-25 00:00:00+05:30,1.02,1.02,0.98,0.98,3607785
2010-06-28 00:00:00+05:30,0.97,0.99,0.96,0.97,1515825
2010-06-29 00:00:00+05:30,0.97,0.97,0.94,0.94,3582630
2010-06-30 00:00:00+05:30,0.94,1.01,0.94,0.97,5455755
2010-07-01 00:00:00+05:30,0.96,0.98,0.95,0.95,1362600
2010-07-02 00:00:00+05:30,0.96,0.96,0.94,0.95,1426050
2010-07-05 00:00:00+05:30,0.96,0.96,0.94,0.94,932760
2010-07-06 00:00:00+05:30,0.97,0.97,0.93,0.95,1643085
2010-07-07 00:00:00+05:30,0.94,0.98,0.94,0.96,2328300
2010-07-08 00:00:00+05:30,0.96,1.1,0.96,1.05,12992175
2010-07-09 00:00:00+05:30,1.07,1.14,1.02,1.03,42097140
2010-07-12 00:00:00+05:30,1.05,1.09,1.02,1.04,4628475
2010-07-13 00:00:00+05:30,1.02,1.06,1.01,1.02,2673540
2010-07-14 00:00:00+05:30,1.04,1.04,1.0,1.0,3469455
2010-07-15 00:00:00+05:30,1.0,1.04,0.99,1.02,4230900
2010-07-16 00:00:00+05:30,1.03,1.03,1.0,1.01,2340720
2010-07-19 00:00:00+05:30,0.98,1.04,0.98,1.01,3618450
2010-07-20 00:00:00+05:30,1.0,1.07,1.0,1.04,21186135
2010-07-21 00:00:00+05:30,1.06,1.08,1.04,1.06,9657405
2010-07-22 00:00:00+05:30,1.04,1.09,1.04,1.06,11275200
2010-07-23 00:00:00+05:30,1.07,1.07,1.01,1.03,2733705
2010-07-26 00:00:00+05:30,1.0,1.04,1.0,1.0,2671650
2010-07-27 00:00:00+05:30,1.0,1.04,1.0,1.02,3999510
2010-07-28 00:00:00+05:30,1.02,1.11,1.02,1.07,27632250
2010-07-29 00:00:00+05:30,1.08,1.09,1.05,1.06,4630320
2010-07-30 00:00:00+05:30,1.05,1.06,1.03,1.03,2536245
2010-08-02 00:00:00+05:30,1.03,1.05,1.02,1.03,1475010
2010-08-03 00:00:00+05:30,1.04,1.11,1.04,1.1,11866095
2010-08-04 00:00:00+05:30,1.11,1.18,1.07,1.16,33283395
2010-08-05 00:00:00+05:30,1.21,1.27,1.12,1.13,66738285
2010-08-06 00:00:00+05:30,1.14,1.14,1.06,1.07,16634565
2010-08-09 00:00:00+05:30,1.09,1.11,1.05,1.09,12991905
2010-08-10 00:00:00+05:30,1.1,1.17,1.08,1.16,23986530
2010-08-11 00:00:00+05:30,1.19,1.21,1.1,1.11,36786015
2010-08-12 00:00:00+05:30,1.09,1.13,1.06,1.12,9415395
2010-08-13 00:00:00+05:30,1.13,1.14,1.09,1.1,4366485
2010-08-16 00:00:00+05:30,1.11,1.11,1.07,1.08,3034575
2010-08-17 00:00:00+05:30,1.08,1.13,1.06,1.07,2854935
2010-08-18 00:00:00+05:30,1.07,1.09,1.05,1.06,2640510
2010-08-19 00:00:00+05:30,1.05,1.09,1.04,1.07,2997720
2010-08-20 00:00:00+05:30,1.07,1.08,1.05,1.05,2181330
2010-08-23 00:00:00+05:30,1.05,1.09,1.04,1.06,2343015
2010-08-24 00:00:00+05:30,1.07,1.07,1.04,1.04,2771415
2010-08-25 00:00:00+05:30,1.03,1.05,1.02,1.03,2399220
2010-08-26 00:00:00+05:30,1.03,1.06,1.03,1.04,1938960
2010-08-27 00:00:00+05:30,1.02,1.05,1.0,1.01,2666925
2010-08-30 00:00:00+05:30,1.03,1.04,1.01,1.01,2168190
2010-08-31 00:00:00+05:30,1.0,1.02,0.98,0.99,2052135
2010-09-01 00:00:00+05:30,0.99,1.03,0.99,1.02,2920365
2010-09-02 00:00:00+05:30,1.02,1.03,1.0,1.01,2137050
2010-09-03 00:00:00+05:30,1.01,1.02,1.0,1.0,1966680
2010-09-06 00:00:00+05:30,1.01,1.03,1.0,1.01,2921040
2010-09-07 00:00:00+05:30,1.01,1.02,1.0,1.01,1263960
2010-09-08 00:00:00+05:30,1.0,1.06,1.0,1.04,7168725
2010-09-09 00:00:00+05:30,1.04,1.09,1.04,1.06,4716180
2010-09-13 00:00:00+05:30,1.05,1.07,0.99,1.0,4524030
2010-09-14 00:00:00+05:30,1.01,1.02,0.99,0.99,2519820
2010-09-15 00:00:00+05:30,1.01,1.02,0.97,0.98,3250755
2010-09-16 00:00:00+05:30,1.0,1.0,0.96,0.98,3992580
2010-09-17 00:00:00+05:30,1.0,1.01,0.98,0.99,1786725
2010-09-20 00:00:00+05:30,1.0,1.02,0.99,1.0,1949040
2010-09-21 00:00:00+05:30,1.0,1.05,0.99,1.02,4854060
2010-09-22 00:00:00+05:30,1.0,1.04,1.0,1.03,4256280
2010-09-23 00:00:00+05:30,1.02,1.03,1.01,1.01,1083510
2010-09-24 00:00:00+05:30,1.0,1.03,0.99,1.02,1491795
2010-09-27 00:00:00+05:30,1.06,1.09,1.02,1.03,5646375
2010-09-28 00:00:00+05:30,1.04,1.04,1.01,1.01,2415870
2010-09-29 00:00:00+05:30,1.03,1.03,1.0,1.0,1262880
2010-09-30 00:00:00+05:30,1.01,1.02,0.99,0.99,2475675
2010-10-01 00:00:00+05:30,1.01,1.05,0.99,1.01,3515940
2010-10-04 00:00:00+05:30,1.01,1.02,1.0,1.01,1446345
2010-10-05 00:00:00+05:30,1.02,1.04,1.0,1.02,1416150
2010-10-06 00:00:00+05:30,1.02,1.03,1.01,1.02,2206305
2010-10-07 00:00:00+05:30,1.03,1.03,1.01,1.02,1964205
2010-10-08 00:00:00+05:30,1.01,1.03,1.0,1.01,1748475
2010-10-11 00:00:00+05:30,1.04,1.04,1.02,1.03,2300355
2010-10-12 00:00:00+05:30,1.03,1.04,1.02,1.03,1420965
2010-10-13 00:00:00+05:30,1.01,1.05,1.01,1.04,3080295
2010-10-14 00:00:00+05:30,1.04,1.06,1.03,1.05,3047175
2010-10-15 00:00:00+05:30,1.04,1.06,1.03,1.04,2552355
2010-10-18 00:00:00+05:30,1.04,1.04,0.96,1.01,2487915
2010-10-19 00:00:00+05:30,1.01,1.03,1.0,1.03,1003140
2010-10-20 00:00:00+05:30,1.01,1.03,1.0,1.03,865935
2010-10-21 00:00:00+05:30,1.03,1.04,1.01,1.04,1353150
2010-10-22 00:00:00+05:30,1.03,1.06,1.02,1.05,3057525
2010-10-25 00:00:00+05:30,1.05,1.06,1.04,1.05,2269305
2010-10-26 00:00:00+05:30,1.04,1.08,1.04,1.07,2415600
2010-10-27 00:00:00+05:30,1.05,1.08,1.05,1.07,1967580
2010-10-28 00:00:00+05:30,1.07,1.08,1.06,1.07,1829745
2010-10-29 00:00:00+05:30,1.07,1.1,1.04,1.08,2313000
2010-11-01 00:00:00+05:30,1.11,1.11,1.07,1.08,1809000
2010-11-02 00:00:00+05:30,1.09,1.1,1.08,1.09,2041290
2010-11-03 00:00:00+05:30,1.09,1.11,1.08,1.1,1750950
2010-11-04 00:00:00+05:30,1.1,1.12,1.09,1.11,1943190
2010-11-05 00:00:00+05:30,1.08,1.13,1.08,1.12,1115010
2010-11-08 00:00:00+05:30,1.13,1.13,1.07,1.11,1820160
2010-11-09 00:00:00+05:30,1.12,1.13,1.11,1.12,1587465
2010-11-10 00:00:00+05:30,1.11,1.14,1.11,1.14,2328075
2010-11-11 00:00:00+05:30,1.15,1.18,1.13,1.15,3239280
2010-11-12 00:00:00+05:30,1.16,1.16,1.13,1.15,2374920
2010-11-15 00:00:00+05:30,1.13,1.14,1.1,1.13,2025675
2010-11-16 00:00:00+05:30,1.08,1.14,1.07,1.09,2148435
2010-11-18 00:00:00+05:30,1.09,1.11,1.02,1.09,2193435
2010-11-19 00:00:00+05:30,1.06,1.09,1.03,1.05,849465
2010-11-22 00:00:00+05:30,1.06,1.06,1.03,1.03,525735
2010-11-23 00:00:00+05:30,1.03,1.05,0.98,1.01,922770
2010-11-24 00:00:00+05:30,1.0,1.03,0.99,0.99,501300
2010-11-25 00:00:00+05:30,1.0,1.01,0.96,0.96,1081170
2010-11-26 00:00:00+05:30,0.96,0.98,0.82,0.88,2269035
2010-11-29 00:00:00+05:30,0.84,0.91,0.84,0.9,537435
2010-11-30 00:00:00+05:30,0.9,0.93,0.88,0.93,607950
2010-12-01 00:00:00+05:30,0.89,0.96,0.89,0.95,678645
2010-12-02 00:00:00+05:30,0.96,0.99,0.94,0.98,677565
2010-12-03 00:00:00+05:30,0.96,0.97,0.93,0.93,395865
2010-12-06 00:00:00+05:30,0.96,0.97,0.93,0.94,333270
2010-12-07 00:00:00+05:30,0.95,0.95,0.92,0.95,385875
2010-12-08 00:00:00+05:30,0.94,0.94,0.87,0.91,858510
2010-12-09 00:00:00+05:30,0.92,0.92,0.78,0.85,1039005
2010-12-10 00:00:00+05:30,0.82,0.89,0.82,0.86,472095
2010-12-13 00:00:00+05:30,0.89,0.89,0.87,0.88,698535
2010-12-14 00:00:00+05:30,0.88,1.05,0.87,1.04,7329645
2010-12-15 00:00:00+05:30,1.03,1.03,0.96,1.0,2325330
2010-12-16 00:00:00+05:30,1.02,1.08,0.98,1.03,6411105
2010-12-20 00:00:00+05:30,1.02,1.23,1.0,1.17,8665110
2010-12-21 00:00:00+05:30,1.16,1.21,1.02,1.08,24367275
2010-12-22 00:00:00+05:30,1.09,1.16,1.05,1.12,13240305
2010-12-23 00:00:00+05:30,1.1,1.13,1.09,1.11,2592855
2010-12-24 00:00:00+05:30,1.14,1.19,1.08,1.11,1705815
2010-12-27 00:00:00+05:30,1.13,1.14,1.09,1.13,2186730
2010-12-28 00:00:00+05:30,1.13,1.13,1.05,1.06,12811635
2010-12-29 00:00:00+05:30,1.09,1.09,1.01,1.02,2796885
2010-12-30 00:00:00+05:30,1.04,1.04,1.0,1.01,1304370
2010-12-31 00:00:00+05:30,1.04,1.04,1.0,1.01,2360880
2011-01-03 00:00:00+05:30,1.03,1.07,1.02,1.04,6642765
2011-01-04 00:00:00+05:30,1.06,1.08,1.01,1.02,16341300
2011-01-05 00:00:00+05:30,1.04,1.05,0.98,1.01,18829575
2011-01-06 00:00:00+05:30,1.01,1.02,0.98,0.98,2409120
2011-01-07 00:00:00+05:30,1.0,1.0,0.93,0.94,2639520
2011-01-10 00:00:00+05:30,0.91,0.97,0.87,0.88,5660415
2011-01-11 00:00:00+05:30,0.9,0.92,0.88,0.89,2090655
2011-01-12 00:00:00+05:30,0.87,0.92,0.87,0.91,1706850
2011-01-13 00:00:00+05:30,0.93,0.93,0.87,0.89,727065
2011-01-14 00:00:00+05:30,0.91,0.91,0.87,0.88,1289295
2011-01-17 00:00:00+05:30,0.91,0.91,0.87,0.89,2396025
2011-01-18 00:00:00+05:30,0.91,0.91,0.87,0.89,2647260
2011-01-19 00:00:00+05:30,0.9,0.91,0.87,0.89,6478290
2011-01-20 00:00:00+05:30,0.9,0.91,0.88,0.88,1851480
2011-01-21 00:00:00+05:30,0.89,0.89,0.87,0.87,1297035
2011-01-24 00:00:00+05:30,0.88,0.89,0.87,0.88,2238390
2011-01-25 00:00:00+05:30,0.88,0.96,0.88,0.9,12569535
2011-01-27 00:00:00+05:30,0.91,0.92,0.87,0.88,1502505
2011-01-28 00:00:00+05:30,0.88,0.89,0.84,0.85,1168785
2011-01-31 00:00:00+05:30,0.84,0.93,0.8,0.9,4508010
2011-02-01 00:00:00+05:30,0.88,0.91,0.84,0.87,3523365
2011-02-02 00:00:00+05:30,0.89,0.94,0.87,0.91,6774840
2011-02-03 00:00:00+05:30,0.89,0.91,0.87,0.9,1335915
2011-02-04 00:00:00+05:30,0.89,0.91,0.86,0.87,865260
2011-02-07 00:00:00+05:30,0.88,0.93,0.86,0.9,4233645
2011-02-08 00:00:00+05:30,0.88,0.89,0.82,0.83,1565865
2011-02-09 00:00:00+05:30,0.82,0.82,0.69,0.72,1759320
2011-02-10 00:00:00+05:30,0.72,0.75,0.67,0.7,3030660
2011-02-11 00:00:00+05:30,0.7,0.71,0.68,0.71,1222200
2011-02-14 00:00:00+05:30,0.73,0.81,0.72,0.74,1927575
2011-02-15 00:00:00+05:30,0.73,0.77,0.73,0.75,1183185
2011-02-16 00:00:00+05:30,0.74,0.78,0.74,0.77,1792170
2011-02-17 00:00:00+05:30,0.76,0.79,0.75,0.77,1895760
2011-02-18 00:00:00+05:30,0.78,0.78,0.71,0.73,1810440
2011-02-21 00:00:00+05:30,0.71,0.74,0.7,0.73,559350
2011-02-22 00:00:00+05:30,0.73,0.74,0.72,0.73,439695
2011-02-23 00:00:00+05:30,0.71,0.74,0.71,0.72,340875
2011-02-24 00:00:00+05:30,0.72,0.73,0.69,0.69,603585
2011-02-25 00:00:00+05:30,0.69,0.7,0.68,0.69,635175
2011-02-28 00:00:00+05:30,0.69,0.73,0.67,0.69,1376820
2011-03-01 00:00:00+05:30,0.68,0.71,0.68,0.7,1298835
2011-03-03 00:00:00+05:30,0.7,0.72,0.69,0.7,755145
2011-03-04 00:00:00+05:30,0.72,0.72,0.69,0.7,778770
2011-03-07 00:00:00+05:30,0.69,0.69,0.66,0.67,962100
2011-03-08 00:00:00+05:30,0.69,0.69,0.67,0.67,476865
2011-03-09 00:00:00+05:30,0.68,0.71,0.67,0.69,741285
2011-03-10 00:00:00+05:30,0.67,0.69,0.67,0.69,352620
2011-03-11 00:00:00+05:30,0.69,0.69,0.67,0.67,686250
2011-03-14 00:00:00+05:30,0.68,0.68,0.67,0.67,449820
2011-03-15 00:00:00+05:30,0.67,0.67,0.64,0.66,789705
2011-03-16 00:00:00+05:30,0.66,0.68,0.65,0.66,892890
2011-03-17 00:00:00+05:30,0.65,0.67,0.64,0.66,295290
2011-03-18 00:00:00+05:30,0.65,0.66,0.62,0.64,677655
2011-03-21 00:00:00+05:30,0.64,0.66,0.63,0.64,383355
2011-03-22 00:00:00+05:30,0.64,0.65,0.63,0.63,332865
2011-03-23 00:00:00+05:30,0.63,0.66,0.62,0.64,531855
2011-03-24 00:00:00+05:30,0.64,0.65,0.63,0.63,432990
2011-03-25 00:00:00+05:30,0.66,0.66,0.63,0.64,536445
2011-03-28 00:00:00+05:30,0.64,0.66,0.64,0.65,1307385
2011-03-29 00:00:00+05:30,0.65,0.71,0.64,0.67,3579300
2011-03-30 00:00:00+05:30,0.68,0.81,0.68,0.81,5366250
2011-03-31 00:00:00+05:30,0.97,0.97,0.84,0.9,31032630
2011-04-01 00:00:00+05:30,0.89,0.97,0.85,0.93,63365850
2011-04-04 00:00:00+05:30,0.93,0.99,0.87,0.97,18436320
2011-04-05 00:00:00+05:30,0.97,0.97,0.88,0.89,52243695
2011-04-06 00:00:00+05:30,0.91,0.91,0.82,0.82,41111235
2011-04-07 00:00:00+05:30,0.83,0.9,0.81,0.83,147404657
2011-04-08 00:00:00+05:30,0.83,0.87,0.82,0.82,36781875
2011-04-11 00:00:00+05:30,0.82,0.82,0.77,0.78,7956225
2011-04-13 00:00:00+05:30,0.78,0.86,0.75,0.86,20901240
2011-04-15 00:00:00+05:30,0.9,0.9,0.78,0.78,91087561
2011-04-18 00:00:00+05:30,0.78,0.8,0.78,0.78,17385570
2011-04-19 00:00:00+05:30,0.78,0.79,0.78,0.78,17541135
2011-04-20 00:00:00+05:30,0.78,0.8,0.76,0.79,28829295
2011-04-21 00:00:00+05:30,0.8,0.8,0.78,0.78,6124185
2011-04-25 00:00:00+05:30,0.79,0.79,0.71,0.74,14259825
2011-04-26 00:00:00+05:30,0.76,0.76,0.71,0.73,8278605
2011-04-27 00:00:00+05:30,0.74,0.75,0.72,0.72,2733435
2011-04-28 00:00:00+05:30,0.72,0.8,0.72,0.8,18051750
2011-04-29 00:00:00+05:30,0.78,0.87,0.76,0.79,172698572
2011-05-02 00:00:00+05:30,0.79,0.79,0.78,0.78,6598620
2011-05-03 00:00:00+05:30,0.76,0.77,0.71,0.71,29440800
2011-05-04 00:00:00+05:30,0.71,0.72,0.67,0.67,21794400
2011-05-05 00:00:00+05:30,0.66,0.7,0.64,0.67,19145430
2011-05-06 00:00:00+05:30,0.67,0.68,0.65,0.67,3927240
2011-05-09 00:00:00+05:30,0.7,0.7,0.65,0.67,4170915
2011-05-10 00:00:00+05:30,0.67,0.67,0.66,0.67,3384360
2011-05-11 00:00:00+05:30,0.67,0.68,0.66,0.67,2048850
2011-05-12 00:00:00+05:30,0.67,0.67,0.66,0.66,1394730
2011-05-13 00:00:00+05:30,0.66,0.68,0.66,0.67,3427515
2011-05-16 00:00:00+05:30,0.67,0.67,0.65,0.66,2058075
2011-05-17 00:00:00+05:30,0.66,0.66,0.64,0.65,1523430
2011-05-18 00:00:00+05:30,0.65,0.65,0.64,0.64,1204695
2011-05-19 00:00:00+05:30,0.63,0.65,0.62,0.62,1426275
2011-05-20 00:00:00+05:30,0.62,0.68,0.61,0.62,2259630
2011-05-23 00:00:00+05:30,0.62,0.63,0.6,0.6,1080315
2011-05-24 00:00:00+05:30,0.61,0.61,0.58,0.59,2561535
2011-05-25 00:00:00+05:30,0.59,0.6,0.58,0.59,1193355
2011-05-26 00:00:00+05:30,0.59,0.59,0.56,0.56,3652650
2011-05-27 00:00:00+05:30,0.58,0.59,0.57,0.58,2923515
2011-05-30 00:00:00+05:30,0.59,0.6,0.58,0.59,1324710
2011-05-31 00:00:00+05:30,0.59,0.62,0.59,0.61,1448235
2011-06-01 00:00:00+05:30,0.62,0.62,0.6,0.62,1237770
2011-06-02 00:00:00+05:30,0.61,0.62,0.6,0.6,944550
2011-06-03 00:00:00+05:30,0.61,0.62,0.6,0.61,616185
2011-06-06 00:00:00+05:30,0.6,0.61,0.59,0.59,849600
2011-06-07 00:00:00+05:30,0.59,0.61,0.59,0.59,918090
2011-06-08 00:00:00+05:30,0.61,0.61,0.59,0.59,611955
2011-06-09 00:00:00+05:30,0.59,0.6,0.59,0.6,924750
2011-06-10 00:00:00+05:30,0.6,0.6,0.58,0.59,725400
2011-06-13 00:00:00+05:30,0.6,0.6,0.58,0.59,466380
2011-06-14 00:00:00+05:30,0.59,0.6,0.58,0.58,1076670
2011-06-15 00:00:00+05:30,0.58,0.64,0.58,0.6,11312415
2011-06-16 00:00:00+05:30,0.6,0.6,0.59,0.59,716130
2011-06-17 00:00:00+05:30,0.59,0.6,0.58,0.58,1160550
2011-06-20 00:00:00+05:30,0.59,0.59,0.54,0.55,1654470
2011-06-21 00:00:00+05:30,0.56,0.57,0.54,0.54,1529370
2011-06-22 00:00:00+05:30,0.54,0.55,0.52,0.53,880650
2011-06-23 00:00:00+05:30,0.56,0.56,0.5,0.53,1238670
2011-06-24 00:00:00+05:30,0.53,0.55,0.53,0.54,1420245
2011-06-27 00:00:00+05:30,0.52,0.56,0.51,0.55,1519200
2011-06-28 00:00:00+05:30,0.56,0.61,0.54,0.56,15771510
2011-06-29 00:00:00+05:30,0.57,0.67,0.56,0.67,28670535
2011-06-30 00:00:00+05:30,0.67,0.72,0.64,0.67,29072970
2011-07-01 00:00:00+05:30,0.67,0.72,0.55,0.56,133587406
2011-07-04 00:00:00+05:30,0.56,0.58,0.56,0.56,19926630
2011-07-05 00:00:00+05:30,0.56,0.58,0.55,0.58,19114065
2011-07-06 00:00:00+05:30,0.58,0.59,0.56,0.56,21107565
2011-07-07 00:00:00+05:30,0.56,0.57,0.56,0.56,7965495
2011-07-08 00:00:00+05:30,0.56,0.56,0.56,0.56,5626440
2011-07-11 00:00:00+05:30,0.56,0.56,0.54,0.55,2093670
2011-07-12 00:00:00+05:30,0.55,0.55,0.54,0.54,2309805
2011-07-13 00:00:00+05:30,0.54,0.57,0.54,0.57,29820555
2011-07-14 00:00:00+05:30,0.56,0.57,0.55,0.57,92571301
2011-07-15 00:00:00+05:30,0.57,0.62,0.51,0.52,150366827
2011-07-18 00:00:00+05:30,0.52,0.57,0.51,0.52,145899002
2011-07-19 00:00:00+05:30,0.51,0.55,0.51,0.53,34793190
2011-07-20 00:00:00+05:30,0.54,0.54,0.44,0.45,193053917
2011-07-21 00:00:00+05:30,0.45,0.47,0.43,0.47,24985125
2011-07-22 00:00:00+05:30,0.48,0.51,0.44,0.45,78176836
2011-07-25 00:00:00+05:30,0.45,0.47,0.44,0.47,28667925
2011-07-26 00:00:00+05:30,0.47,0.47,0.45,0.45,6584445
2011-07-27 00:00:00+05:30,0.45,0.45,0.44,0.45,11049300
2011-07-28 00:00:00+05:30,0.44,0.45,0.43,0.44,3800340
2011-07-29 00:00:00+05:30,0.44,0.46,0.42,0.43,6847650
2011-08-01 00:00:00+05:30,0.43,0.43,0.41,0.41,3978360
2011-08-02 00:00:00+05:30,0.42,0.42,0.39,0.39,6039900
2011-08-03 00:00:00+05:30,0.38,0.39,0.31,0.37,7790400
2011-08-04 00:00:00+05:30,0.39,0.39,0.36,0.38,6464925
2011-08-05 00:00:00+05:30,0.35,0.37,0.34,0.35,6779070
2011-08-08 00:00:00+05:30,0.33,0.33,0.3,0.32,5137335
2011-08-09 00:00:00+05:30,0.31,0.32,0.3,0.3,4689945
2011-08-10 00:00:00+05:30,0.31,0.33,0.31,0.31,4429305
2011-08-11 00:00:00+05:30,0.31,0.34,0.31,0.33,5634405
2011-08-12 00:00:00+05:30,0.33,0.35,0.33,0.33,12570300
2011-08-16 00:00:00+05:30,0.34,0.34,0.31,0.31,25242975
2011-08-17 00:00:00+05:30,0.31,0.31,0.3,0.3,2592450
2011-08-18 00:00:00+05:30,0.29,0.31,0.29,0.29,2248515
2011-08-19 00:00:00+05:30,0.29,0.29,0.27,0.27,4683510
2011-08-22 00:00:00+05:30,0.27,0.28,0.25,0.28,1620315
2011-08-23 00:00:00+05:30,0.28,0.29,0.28,0.29,2110095
2011-08-24 00:00:00+05:30,0.28,0.3,0.28,0.29,1834785
2011-08-25 00:00:00+05:30,0.29,0.29,0.28,0.28,1079550
2011-08-26 00:00:00+05:30,0.27,0.28,0.26,0.26,1710090
2011-08-29 00:00:00+05:30,0.29,0.29,0.27,0.27,1454760
2011-08-30 00:00:00+05:30,0.29,0.29,0.27,0.27,3098430
2011-09-02 00:00:00+05:30,0.27,0.27,0.27,0.27,1867590
2011-09-05 00:00:00+05:30,0.27,0.27,0.26,0.27,2302695
2011-09-06 00:00:00+05:30,0.27,0.28,0.27,0.28,3645540
2011-09-07 00:00:00+05:30,0.29,0.29,0.27,0.28,2475180
2011-09-08 00:00:00+05:30,0.28,0.28,0.28,0.28,1757835
2011-09-09 00:00:00+05:30,0.28,0.31,0.28,0.3,6624990
2011-09-12 00:00:00+05:30,0.24,0.3,0.24,0.29,3477015
2011-09-13 00:00:00+05:30,0.3,0.3,0.29,0.29,1783215
2011-09-14 00:00:00+05:30,0.3,0.3,0.27,0.29,1478520
2011-09-15 00:00:00+05:30,0.3,0.3,0.28,0.29,1290645
2011-09-16 00:00:00+05:30,0.3,0.3,0.28,0.28,1643850
2011-09-19 00:00:00+05:30,0.29,0.3,0.29,0.29,1495350
2011-09-20 00:00:00+05:30,0.3,0.3,0.29,0.3,1316520
2011-09-21 00:00:00+05:30,0.31,0.31,0.29,0.29,1019025
2011-09-22 00:00:00+05:30,0.29,0.29,0.28,0.28,1138500
2011-09-23 00:00:00+05:30,0.28,0.29,0.26,0.27,4263975
2011-09-26 00:00:00+05:30,0.29,0.29,0.25,0.26,1271925
2011-09-27 00:00:00+05:30,0.29,0.29,0.26,0.27,967815
2011-09-28 00:00:00+05:30,0.27,0.27,0.26,0.27,6726105
2011-09-29 00:00:00+05:30,0.29,0.29,0.26,0.26,7230330
2011-09-30 00:00:00+05:30,0.26,0.27,0.25,0.26,1891395
2011-10-03 00:00:00+05:30,0.25,0.27,0.25,0.25,892080
2011-10-04 00:00:00+05:30,0.25,0.27,0.25,0.26,11888595
2011-10-05 00:00:00+05:30,0.25,0.28,0.25,0.27,6060330
2011-10-07 00:00:00+05:30,0.27,0.3,0.27,0.3,6782625
2011-10-10 00:00:00+05:30,0.35,0.35,0.29,0.31,4456215
2011-10-11 00:00:00+05:30,0.32,0.32,0.29,0.3,2757735
2011-10-12 00:00:00+05:30,0.32,0.32,0.3,0.3,2022120
2011-10-13 00:00:00+05:30,0.3,0.31,0.28,0.29,1758555
2011-10-14 00:00:00+05:30,0.29,0.3,0.28,0.29,13767255
2011-10-17 00:00:00+05:30,0.31,0.31,0.29,0.3,24760710
2011-10-18 00:00:00+05:30,0.29,0.3,0.28,0.29,945405
2011-10-19 00:00:00+05:30,0.29,0.3,0.29,0.29,3413115
2011-10-20 00:00:00+05:30,0.29,0.29,0.28,0.29,1166220
2011-10-21 00:00:00+05:30,0.29,0.29,0.28,0.28,1300815
2011-10-24 00:00:00+05:30,0.29,0.29,0.28,0.28,1608525
2011-10-25 00:00:00+05:30,0.28,0.28,0.27,0.28,1398915
2011-10-26 00:00:00+05:30,0.27,0.3,0.27,0.29,651375
2011-10-28 00:00:00+05:30,0.29,0.29,0.28,0.29,1154700
2011-10-31 00:00:00+05:30,0.29,0.29,0.28,0.29,939645
2011-11-01 00:00:00+05:30,0.29,0.29,0.28,0.28,1295460
2011-11-02 00:00:00+05:30,0.27,0.28,0.27,0.28,1180845
2011-11-03 00:00:00+05:30,0.28,0.29,0.27,0.27,1458045
2011-11-04 00:00:00+05:30,0.28,0.28,0.27,0.28,1559475
2011-11-08 00:00:00+05:30,0.28,0.28,0.28,0.28,688725
2011-11-09 00:00:00+05:30,0.28,0.28,0.27,0.27,1023930
2011-11-11 00:00:00+05:30,0.27,0.28,0.26,0.27,1207980
2011-11-14 00:00:00+05:30,0.27,0.29,0.26,0.26,1253070
2011-11-15 00:00:00+05:30,0.26,0.26,0.24,0.25,1494135
2011-11-16 00:00:00+05:30,0.27,0.27,0.23,0.23,1764495
2011-11-17 00:00:00+05:30,0.24,0.24,0.22,0.22,2779245
2011-11-18 00:00:00+05:30,0.24,0.24,0.21,0.22,2503260
2011-11-21 00:00:00+05:30,0.24,0.24,0.22,0.22,1816335
2011-11-22 00:00:00+05:30,0.23,0.23,0.22,0.22,866610
2011-11-23 00:00:00+05:30,0.23,0.23,0.22,0.22,2737845
2011-11-24 00:00:00+05:30,0.22,0.23,0.22,0.22,1337580
2011-11-25 00:00:00+05:30,0.23,0.23,0.22,0.23,5584860
2011-11-28 00:00:00+05:30,0.24,0.24,0.23,0.23,1300590
2011-11-29 00:00:00+05:30,0.23,0.23,0.22,0.23,5155965
2011-11-30 00:00:00+05:30,0.22,0.23,0.22,0.22,2329830
2011-12-01 00:00:00+05:30,0.22,0.24,0.18,0.23,2767815
2011-12-02 00:00:00+05:30,0.22,0.23,0.22,0.22,5793075
2011-12-05 00:00:00+05:30,0.23,0.23,0.21,0.22,17488080
2011-12-07 00:00:00+05:30,0.21,0.23,0.21,0.23,15715620
2011-12-08 00:00:00+05:30,0.24,0.24,0.22,0.23,4957335
2011-12-09 00:00:00+05:30,0.22,0.26,0.22,0.25,7768530
2011-12-12 00:00:00+05:30,0.26,0.26,0.24,0.25,3840435
2011-12-13 00:00:00+05:30,0.25,0.26,0.24,0.26,4275495
2011-12-14 00:00:00+05:30,0.28,0.28,0.24,0.27,7522920
2011-12-15 00:00:00+05:30,0.26,0.28,0.25,0.27,6715710
2011-12-16 00:00:00+05:30,0.27,0.28,0.26,0.26,2608695
2011-12-19 00:00:00+05:30,0.25,0.3,0.25,0.28,9545490
2011-12-20 00:00:00+05:30,0.28,0.3,0.27,0.28,8880885
2011-12-21 00:00:00+05:30,0.29,0.31,0.29,0.31,6592095
2011-12-22 00:00:00+05:30,0.3,0.33,0.29,0.32,4250835
2011-12-23 00:00:00+05:30,0.32,0.33,0.31,0.32,2819385
2011-12-26 00:00:00+05:30,0.32,0.34,0.31,0.33,4362390
2011-12-27 00:00:00+05:30,0.37,0.37,0.33,0.35,3153915
2011-12-28 00:00:00+05:30,0.36,0.36,0.33,0.35,2691360
2011-12-29 00:00:00+05:30,0.35,0.36,0.34,0.36,2329380
2011-12-30 00:00:00+05:30,0.36,0.39,0.34,0.38,4632840
2012-01-02 00:00:00+05:30,0.39,0.41,0.38,0.4,3715785
2012-01-03 00:00:00+05:30,0.42,0.43,0.4,0.42,3272355
2012-01-04 00:00:00+05:30,0.43,0.43,0.41,0.42,3283830
2012-01-05 00:00:00+05:30,0.43,0.43,0.38,0.4,4942710
2012-01-06 00:00:00+05:30,0.41,0.42,0.38,0.42,5345820
2012-01-07 00:00:00+05:30,0.43,0.43,0.41,0.42,669690
2012-01-09 00:00:00+05:30,0.43,0.43,0.41,0.42,3407085
2012-01-10 00:00:00+05:30,0.43,0.43,0.39,0.4,5401080
2012-01-11 00:00:00+05:30,0.4,0.41,0.36,0.37,5562270
2012-01-12 00:00:00+05:30,0.38,0.38,0.35,0.35,2357910
2012-01-13 00:00:00+05:30,0.37,0.38,0.35,0.38,4111155
2012-01-16 00:00:00+05:30,0.4,0.4,0.36,0.39,2270745
2012-01-17 00:00:00+05:30,0.4,0.41,0.35,0.41,4928985
2012-01-18 00:00:00+05:30,0.41,0.41,0.39,0.4,3517920
2012-01-19 00:00:00+05:30,0.42,0.43,0.39,0.42,6788700
2012-01-20 00:00:00+05:30,0.43,0.43,0.4,0.43,4752900
2012-01-23 00:00:00+05:30,0.44,0.44,0.41,0.42,2853270
2012-01-24 00:00:00+05:30,0.44,0.45,0.42,0.44,4117050
2012-01-25 00:00:00+05:30,0.46,0.46,0.43,0.45,3587895
2012-01-27 00:00:00+05:30,0.48,0.48,0.44,0.45,3274515
2012-01-30 00:00:00+05:30,0.45,0.46,0.43,0.44,2092320
2012-01-31 00:00:00+05:30,0.46,0.47,0.44,0.46,3510810
2012-02-01 00:00:00+05:30,0.48,0.48,0.42,0.45,3409515
2012-02-02 00:00:00+05:30,0.46,0.46,0.43,0.44,1697940
2012-02-03 00:00:00+05:30,0.45,0.45,0.39,0.42,9297180
2012-02-06 00:00:00+05:30,0.42,0.43,0.41,0.42,1692450
2012-02-07 00:00:00+05:30,0.42,0.43,0.39,0.4,4204440
2012-02-08 00:00:00+05:30,0.4,0.42,0.4,0.4,2078145
2012-02-09 00:00:00+05:30,0.4,0.44,0.4,0.43,4270500
2012-02-10 00:00:00+05:30,0.44,0.45,0.43,0.44,4190535
2012-02-13 00:00:00+05:30,0.43,0.43,0.42,0.42,2924550
2012-02-14 00:00:00+05:30,0.43,0.44,0.41,0.43,3227040
2012-02-15 00:00:00+05:30,0.44,0.45,0.42,0.44,5494770
2012-02-16 00:00:00+05:30,0.44,0.47,0.43,0.46,3388635
2012-02-17 00:00:00+05:30,0.48,0.49,0.45,0.48,5039415
2012-02-21 00:00:00+05:30,0.5,0.5,0.45,0.49,7807410
2012-02-22 00:00:00+05:30,0.5,0.52,0.49,0.51,8173575
2012-02-23 00:00:00+05:30,0.53,0.53,0.48,0.5,3769875
2012-02-24 00:00:00+05:30,0.52,0.52,0.48,0.49,5003955
2012-02-27 00:00:00+05:30,0.51,0.51,0.44,0.44,2915775
2012-02-28 00:00:00+05:30,0.47,0.47,0.44,0.46,2723445
2012-02-29 00:00:00+05:30,0.48,0.48,0.45,0.46,1587915
2012-03-01 00:00:00+05:30,0.46,0.46,0.45,0.46,1685115
2012-03-02 00:00:00+05:30,0.49,0.49,0.46,0.46,2704545
2012-03-03 00:00:00+05:30,0.47,0.47,0.46,0.46,622485
2012-03-05 00:00:00+05:30,0.47,0.48,0.45,0.46,1323000
2012-03-06 00:00:00+05:30,0.44,0.49,0.44,0.47,4430160
2012-03-07 00:00:00+05:30,0.49,0.5,0.45,0.48,3704985
2012-03-09 00:00:00+05:30,0.51,0.51,0.47,0.5,3170475
2012-03-12 00:00:00+05:30,0.5,0.5,0.48,0.49,2757555
2012-03-13 00:00:00+05:30,0.51,0.51,0.48,0.49,5690160
2012-03-14 00:00:00+05:30,0.5,0.5,0.47,0.49,4564350
2012-03-15 00:00:00+05:30,0.51,0.51,0.47,0.48,3939255
2012-03-16 00:00:00+05:30,0.49,0.49,0.46,0.48,1875555
2012-03-19 00:00:00+05:30,0.49,0.49,0.47,0.47,4121370
2012-03-20 00:00:00+05:30,0.48,0.48,0.45,0.46,5102055
2012-03-21 00:00:00+05:30,0.46,0.47,0.45,0.46,2874150
2012-03-22 00:00:00+05:30,0.47,0.47,0.44,0.45,1141965
2012-03-23 00:00:00+05:30,0.44,0.46,0.43,0.45,4434120
2012-03-26 00:00:00+05:30,0.45,0.45,0.42,0.43,10785465
2012-03-27 00:00:00+05:30,0.45,0.45,0.39,0.41,13559445
2012-03-28 00:00:00+05:30,0.44,0.44,0.4,0.42,11814480
2012-03-29 00:00:00+05:30,0.42,0.42,0.4,0.42,5252580
2012-03-30 00:00:00+05:30,0.44,0.5,0.41,0.48,13835880
2012-04-02 00:00:00+05:30,0.48,0.51,0.47,0.51,7271955
2012-04-03 00:00:00+05:30,0.51,0.53,0.47,0.52,13687695
2012-04-04 00:00:00+05:30,0.53,0.54,0.51,0.52,6577965
2012-04-09 00:00:00+05:30,0.5,0.53,0.49,0.52,1202220
2012-04-10 00:00:00+05:30,0.53,0.54,0.5,0.54,11272275
2012-04-11 00:00:00+05:30,0.54,0.57,0.53,0.55,11731860
2012-04-12 00:00:00+05:30,0.55,0.66,0.55,0.65,39480120
2012-04-13 00:00:00+05:30,0.64,0.7,0.61,0.62,30270825
2012-04-16 00:00:00+05:30,0.62,0.64,0.57,0.62,9860670
2012-04-17 00:00:00+05:30,0.61,0.62,0.59,0.6,4009635
2012-04-18 00:00:00+05:30,0.61,0.61,0.55,0.56,10150830
2012-04-19 00:00:00+05:30,0.56,0.57,0.53,0.54,5478075
2012-04-20 00:00:00+05:30,0.53,0.55,0.43,0.48,18601110
2012-04-23 00:00:00+05:30,0.49,0.52,0.49,0.51,4084740
2012-04-24 00:00:00+05:30,0.49,0.53,0.49,0.51,8797500
2012-04-25 00:00:00+05:30,0.52,0.52,0.48,0.49,12286845
2012-04-26 00:00:00+05:30,0.51,0.52,0.49,0.51,3838140
2012-04-27 00:00:00+05:30,0.5,0.53,0.5,0.52,8358975
2012-04-28 00:00:00+05:30,0.5,0.53,0.5,0.52,5904585
2012-04-30 00:00:00+05:30,0.53,0.54,0.51,0.53,7869015
2012-05-02 00:00:00+05:30,0.51,0.54,0.51,0.53,6215760
2012-05-03 00:00:00+05:30,0.62,0.64,0.52,0.54,9163305
2012-05-04 00:00:00+05:30,0.54,0.54,0.5,0.52,3548520
2012-05-07 00:00:00+05:30,0.51,0.53,0.47,0.52,11143980
2012-05-08 00:00:00+05:30,0.51,0.51,0.5,0.51,6280020
2012-05-09 00:00:00+05:30,0.5,0.51,0.49,0.5,6584940
2012-05-10 00:00:00+05:30,0.51,0.53,0.49,0.49,3710880
2012-05-11 00:00:00+05:30,0.51,0.51,0.45,0.47,9553500
2012-05-14 00:00:00+05:30,0.48,0.48,0.44,0.46,10724490
2012-05-15 00:00:00+05:30,0.46,0.48,0.45,0.45,8369550
2012-05-16 00:00:00+05:30,0.48,0.48,0.43,0.45,5231430
2012-05-17 00:00:00+05:30,0.47,0.47,0.45,0.46,9974115
2012-05-18 00:00:00+05:30,0.46,0.46,0.43,0.44,9383760
2012-05-21 00:00:00+05:30,0.46,0.46,0.44,0.45,6804405
2012-05-22 00:00:00+05:30,0.46,0.46,0.44,0.44,2841480
2012-05-23 00:00:00+05:30,0.46,0.46,0.43,0.44,2184840
2012-05-24 00:00:00+05:30,0.45,0.45,0.42,0.43,8965080
2012-05-25 00:00:00+05:30,0.42,0.43,0.41,0.42,9328590
2012-05-28 00:00:00+05:30,0.46,0.46,0.42,0.43,5436000
2012-05-29 00:00:00+05:30,0.43,0.45,0.42,0.44,2864565
2012-05-30 00:00:00+05:30,0.44,0.49,0.44,0.47,12774645
2012-05-31 00:00:00+05:30,0.47,0.49,0.47,0.49,2915325
2012-06-01 00:00:00+05:30,0.49,0.5,0.47,0.5,7647300
2012-06-04 00:00:00+05:30,0.53,0.53,0.49,0.52,3125790
2012-06-05 00:00:00+05:30,0.57,0.57,0.5,0.54,11007000
2012-06-06 00:00:00+05:30,0.58,0.58,0.53,0.56,3647025
2012-06-07 00:00:00+05:30,0.57,0.57,0.54,0.55,2897865
2012-06-08 00:00:00+05:30,0.55,0.58,0.55,0.55,3755745
2012-06-11 00:00:00+05:30,0.54,0.57,0.54,0.56,7847505
2012-06-12 00:00:00+05:30,0.58,0.58,0.55,0.57,5849010
2012-06-13 00:00:00+05:30,0.58,0.59,0.56,0.58,1768365
2012-06-14 00:00:00+05:30,0.58,0.58,0.56,0.57,1414575
2012-06-15 00:00:00+05:30,0.64,0.64,0.57,0.59,7860600
2012-06-18 00:00:00+05:30,0.6,0.61,0.56,0.57,3307050
2012-06-19 00:00:00+05:30,0.58,0.59,0.54,0.58,1754685
2012-06-20 00:00:00+05:30,0.61,0.61,0.57,0.6,1401660
2012-06-21 00:00:00+05:30,0.61,0.61,0.58,0.6,4622175
2012-06-22 00:00:00+05:30,0.6,0.6,0.59,0.6,2371590
2012-06-25 00:00:00+05:30,0.62,0.62,0.59,0.61,5600295
2012-06-26 00:00:00+05:30,0.62,0.62,0.59,0.6,3987540
2012-06-27 00:00:00+05:30,0.61,0.61,0.58,0.6,5520465
2012-06-28 00:00:00+05:30,0.61,0.61,0.58,0.59,4319640
2012-06-29 00:00:00+05:30,0.58,0.61,0.58,0.6,3818160
2012-07-02 00:00:00+05:30,0.58,0.61,0.58,0.59,2810295
2012-07-03 00:00:00+05:30,0.62,0.62,0.58,0.59,2673405
2012-07-04 00:00:00+05:30,0.6,0.61,0.59,0.6,5274765
2012-07-05 00:00:00+05:30,0.61,0.61,0.59,0.59,2284290
2012-07-06 00:00:00+05:30,0.61,0.61,0.59,0.59,4652325
2012-07-09 00:00:00+05:30,0.6,0.6,0.58,0.59,3505050
2012-07-10 00:00:00+05:30,0.59,0.59,0.58,0.58,6599655
2012-07-11 00:00:00+05:30,0.6,0.6,0.54,0.55,3286530
2012-07-12 00:00:00+05:30,0.54,0.57,0.54,0.56,2569860
2012-07-13 00:00:00+05:30,0.57,0.58,0.55,0.58,2766825
2012-07-16 00:00:00+05:30,0.61,0.61,0.56,0.58,7155495
2012-07-17 00:00:00+05:30,0.59,0.59,0.56,0.57,3077820
2012-07-18 00:00:00+05:30,0.56,0.58,0.55,0.56,4811040
2012-07-19 00:00:00+05:30,0.58,0.59,0.56,0.56,3856860
2012-07-20 00:00:00+05:30,0.58,0.58,0.55,0.56,4199670
2012-07-23 00:00:00+05:30,0.58,0.58,0.54,0.55,2916765
2012-07-24 00:00:00+05:30,0.57,0.61,0.54,0.6,6475185
2012-07-25 00:00:00+05:30,0.61,0.62,0.57,0.61,8525070
2012-07-26 00:00:00+05:30,0.61,0.63,0.55,0.61,11331090
2012-07-27 00:00:00+05:30,0.63,0.63,0.58,0.61,2448810
2012-07-30 00:00:00+05:30,0.62,0.62,0.58,0.6,2661030
2012-07-31 00:00:00+05:30,0.62,0.62,0.58,0.6,2518650
2012-08-01 00:00:00+05:30,0.62,0.62,0.59,0.6,1912995
2012-08-02 00:00:00+05:30,0.59,0.59,0.48,0.57,9390510
2012-08-03 00:00:00+05:30,0.58,0.58,0.56,0.57,1469790
2012-08-06 00:00:00+05:30,0.59,0.59,0.57,0.57,1676025
2012-08-07 00:00:00+05:30,0.59,0.59,0.56,0.57,4525155
2012-08-08 00:00:00+05:30,0.59,0.59,0.56,0.57,902295
2012-08-09 00:00:00+05:30,0.58,0.58,0.55,0.56,1054170
2012-08-10 00:00:00+05:30,0.57,0.67,0.54,0.55,1486800
2012-08-13 00:00:00+05:30,0.59,0.59,0.55,0.55,1039905
2012-08-14 00:00:00+05:30,0.57,0.57,0.53,0.54,1379340
2012-08-16 00:00:00+05:30,0.55,0.55,0.53,0.53,4696830
2012-08-17 00:00:00+05:30,0.55,0.55,0.52,0.53,4007520
2012-08-21 00:00:00+05:30,0.54,0.54,0.51,0.54,1761300
2012-08-22 00:00:00+05:30,0.54,0.56,0.52,0.53,1795635
2012-08-23 00:00:00+05:30,0.55,0.56,0.52,0.53,2129490
2012-08-24 00:00:00+05:30,0.55,0.55,0.51,0.52,2025675
2012-08-27 00:00:00+05:30,0.53,0.53,0.5,0.51,3565350
2012-08-28 00:00:00+05:30,0.6,0.6,0.49,0.51,6498450
2012-08-29 00:00:00+05:30,0.52,0.53,0.49,0.51,4396005
2012-08-30 00:00:00+05:30,0.52,0.53,0.49,0.52,2810925
2012-08-31 00:00:00+05:30,0.55,0.55,0.5,0.52,2161080
2012-09-03 00:00:00+05:30,0.52,0.6,0.51,0.58,6962535
2012-09-04 00:00:00+05:30,0.59,0.6,0.56,0.6,6998265
2012-09-05 00:00:00+05:30,0.6,0.62,0.58,0.61,3341205
2012-09-06 00:00:00+05:30,0.62,0.63,0.58,0.63,2883015
2012-09-07 00:00:00+05:30,0.67,0.67,0.62,0.63,3100455
2012-09-08 00:00:00+05:30,0.64,0.64,0.62,0.62,46305
2012-09-10 00:00:00+05:30,0.64,0.64,0.63,0.63,3248460
2012-09-11 00:00:00+05:30,0.63,0.64,0.59,0.59,3930615
2012-09-12 00:00:00+05:30,0.6,0.6,0.56,0.56,1507995
2012-09-13 00:00:00+05:30,0.56,0.57,0.53,0.54,3256830
2012-09-14 00:00:00+05:30,0.57,0.57,0.53,0.54,240300
2012-09-17 00:00:00+05:30,0.56,0.57,0.52,0.56,372060
2012-09-18 00:00:00+05:30,0.58,0.58,0.53,0.58,816750
2012-09-20 00:00:00+05:30,0.56,0.6,0.55,0.58,1167480
2012-09-21 00:00:00+05:30,0.58,0.6,0.58,0.6,1526670
2012-09-24 00:00:00+05:30,0.58,0.61,0.58,0.59,1113075
2012-09-25 00:00:00+05:30,0.61,0.61,0.57,0.59,1792890
2012-09-26 00:00:00+05:30,0.58,0.61,0.58,0.6,880065
2012-09-27 00:00:00+05:30,0.6,0.62,0.59,0.59,323910
2012-09-28 00:00:00+05:30,0.58,0.62,0.58,0.62,808380
2012-10-01 00:00:00+05:30,0.62,0.64,0.62,0.63,708120
2012-10-03 00:00:00+05:30,0.61,0.65,0.61,0.64,419355
2012-10-04 00:00:00+05:30,0.62,0.65,0.61,0.62,925380
2012-10-05 00:00:00+05:30,0.64,0.65,0.63,0.64,399510
2012-10-08 00:00:00+05:30,0.61,0.66,0.61,0.63,1509120
2012-10-09 00:00:00+05:30,0.6,0.66,0.6,0.64,1310940
2012-10-10 00:00:00+05:30,0.62,0.65,0.62,0.64,291330
2012-10-11 00:00:00+05:30,0.64,0.65,0.63,0.63,225090
2012-10-12 00:00:00+05:30,0.63,0.65,0.63,0.63,244935
2012-10-15 00:00:00+05:30,0.62,0.65,0.61,0.64,491715
2012-10-16 00:00:00+05:30,0.64,0.65,0.63,0.64,373770
2012-10-17 00:00:00+05:30,0.64,0.65,0.61,0.62,205560
2012-10-18 00:00:00+05:30,0.61,0.63,0.6,0.62,89055
2012-10-19 00:00:00+05:30,0.61,0.63,0.6,0.63,194040
2012-10-22 00:00:00+05:30,0.6,0.63,0.6,0.61,151965
2012-10-23 00:00:00+05:30,0.6,0.62,0.6,0.62,140085
2012-10-25 00:00:00+05:30,0.6,0.65,0.6,0.64,628290
2012-10-26 00:00:00+05:30,0.62,0.64,0.61,0.62,256815
2012-10-29 00:00:00+05:30,0.63,0.65,0.59,0.65,997650
2012-10-30 00:00:00+05:30,0.62,0.66,0.62,0.66,491760
2012-10-31 00:00:00+05:30,0.64,0.64,0.63,0.64,192960
2012-11-01 00:00:00+05:30,0.62,0.64,0.62,0.63,99810
2012-11-02 00:00:00+05:30,0.61,0.64,0.61,0.63,109485
2012-11-05 00:00:00+05:30,0.62,0.65,0.62,0.63,60525
2012-11-06 00:00:00+05:30,0.63,0.63,0.62,0.63,226710
2012-11-07 00:00:00+05:30,0.62,0.63,0.61,0.63,107550
2012-11-08 00:00:00+05:30,0.61,0.63,0.61,0.62,65070
2012-11-09 00:00:00+05:30,0.6,0.62,0.6,0.61,128880
2012-11-12 00:00:00+05:30,0.64,0.64,0.6,0.61,74700
2012-11-13 00:00:00+05:30,0.61,0.61,0.61,0.61,13500
2012-11-15 00:00:00+05:30,0.58,0.61,0.58,0.6,136935
2012-11-16 00:00:00+05:30,0.58,0.62,0.58,0.61,54810
2012-11-19 00:00:00+05:30,0.59,0.62,0.59,0.6,75915
2012-11-20 00:00:00+05:30,0.58,0.61,0.58,0.59,30105
2012-11-21 00:00:00+05:30,0.58,0.59,0.57,0.58,204345
2012-11-22 00:00:00+05:30,0.56,0.6,0.56,0.58,111015
2012-11-23 00:00:00+05:30,0.56,0.6,0.56,0.58,75555
2012-11-26 00:00:00+05:30,0.56,0.59,0.56,0.58,81900
2012-11-27 00:00:00+05:30,0.6,0.6,0.57,0.57,87345
2012-11-29 00:00:00+05:30,0.58,0.59,0.58,0.58,134235
2012-11-30 00:00:00+05:30,0.57,0.61,0.56,0.56,491130
2012-12-03 00:00:00+05:30,0.54,0.58,0.54,0.57,248445
2012-12-04 00:00:00+05:30,0.55,0.59,0.55,0.58,274635
2012-12-05 00:00:00+05:30,0.57,0.59,0.57,0.57,182835
2012-12-06 00:00:00+05:30,0.56,0.57,0.55,0.57,256140
2012-12-07 00:00:00+05:30,0.57,0.58,0.56,0.57,46665
2012-12-10 00:00:00+05:30,0.56,0.58,0.56,0.57,32490
2012-12-11 00:00:00+05:30,0.58,0.58,0.56,0.56,155700
2012-12-12 00:00:00+05:30,0.55,0.57,0.55,0.56,526500
2012-12-13 00:00:00+05:30,0.54,0.57,0.54,0.56,3013290
2012-12-14 00:00:00+05:30,0.57,0.57,0.55,0.56,4826025
2012-12-17 00:00:00+05:30,0.56,0.59,0.56,0.58,4044780
2012-12-18 00:00:00+05:30,0.57,0.59,0.57,0.58,806400
2012-12-19 00:00:00+05:30,0.56,0.58,0.56,0.56,126990
2012-12-20 00:00:00+05:30,0.56,0.57,0.55,0.56,75825
2012-12-21 00:00:00+05:30,0.55,0.57,0.55,0.56,344250
2012-12-24 00:00:00+05:30,0.58,0.58,0.56,0.57,78795
2012-12-26 00:00:00+05:30,0.57,0.58,0.55,0.57,423990
2012-12-27 00:00:00+05:30,0.56,0.6,0.56,0.56,362025
2012-12-28 00:00:00+05:30,0.56,0.58,0.56,0.56,103860
2012-12-31 00:00:00+05:30,0.54,0.58,0.54,0.57,175455
2013-01-01 00:00:00+05:30,0.56,0.58,0.56,0.58,80370
2013-01-02 00:00:00+05:30,0.57,0.57,0.56,0.57,414540
2013-01-03 00:00:00+05:30,0.55,0.58,0.55,0.56,250470
2013-01-04 00:00:00+05:30,0.55,0.57,0.54,0.56,506295
2013-01-07 00:00:00+05:30,0.55,0.57,0.54,0.56,275625
2013-01-08 00:00:00+05:30,0.54,0.57,0.54,0.56,156735
2013-01-09 00:00:00+05:30,0.56,0.56,0.55,0.55,271755
2013-01-10 00:00:00+05:30,0.55,0.57,0.55,0.56,148500
2013-01-11 00:00:00+05:30,0.57,0.57,0.55,0.55,146655
2013-01-14 00:00:00+05:30,0.55,0.61,0.55,0.61,1864845
2013-01-15 00:00:00+05:30,0.61,0.66,0.58,0.65,1992060
2013-01-16 00:00:00+05:30,0.59,0.68,0.59,0.67,3241890
2013-01-17 00:00:00+05:30,0.63,0.65,0.63,0.63,279945
2013-01-18 00:00:00+05:30,0.62,0.67,0.61,0.67,1424790
2013-01-21 00:00:00+05:30,0.65,0.69,0.64,0.66,530370
2013-01-22 00:00:00+05:30,0.65,0.67,0.65,0.67,1119870
2013-01-23 00:00:00+05:30,0.69,0.69,0.64,0.65,564345
2013-01-24 00:00:00+05:30,0.64,0.67,0.62,0.67,1275705
2013-01-25 00:00:00+05:30,0.67,0.67,0.64,0.65,229725
2013-01-28 00:00:00+05:30,0.65,0.66,0.63,0.65,599445
2013-01-29 00:00:00+05:30,0.66,0.66,0.63,0.64,246195
2013-01-30 00:00:00+05:30,0.63,0.65,0.62,0.63,289845
2013-01-31 00:00:00+05:30,0.62,0.69,0.61,0.69,2017575
2013-02-01 00:00:00+05:30,0.69,0.69,0.65,0.66,1733715
2013-02-04 00:00:00+05:30,0.69,0.69,0.65,0.66,212040
2013-02-05 00:00:00+05:30,0.65,0.65,0.64,0.64,147105
2013-02-06 00:00:00+05:30,0.63,0.64,0.62,0.62,217395
2013-02-07 00:00:00+05:30,0.66,0.66,0.61,0.62,152685
2013-02-08 00:00:00+05:30,0.66,0.66,0.61,0.61,287370
2013-02-11 00:00:00+05:30,0.64,0.64,0.59,0.61,92745
2013-02-12 00:00:00+05:30,0.59,0.64,0.58,0.61,265455
2013-02-13 00:00:00+05:30,0.61,0.63,0.6,0.62,357750
2013-02-14 00:00:00+05:30,0.62,0.63,0.6,0.62,467370
2013-02-15 00:00:00+05:30,0.6,0.62,0.58,0.6,199530
2013-02-18 00:00:00+05:30,0.64,0.64,0.58,0.6,79875
2013-02-19 00:00:00+05:30,0.62,0.62,0.58,0.61,97965
2013-02-20 00:00:00+05:30,0.64,0.64,0.58,0.59,101745
2013-02-21 00:00:00+05:30,0.6,0.61,0.59,0.6,87300
2013-02-22 00:00:00+05:30,0.6,0.63,0.58,0.6,131895
2013-02-25 00:00:00+05:30,0.6,0.61,0.57,0.58,97560
2013-02-26 00:00:00+05:30,0.6,0.61,0.52,0.56,591300
2013-02-27 00:00:00+05:30,0.55,0.59,0.53,0.55,108045
2013-02-28 00:00:00+05:30,0.56,0.57,0.54,0.56,293625
2013-03-01 00:00:00+05:30,0.61,0.61,0.54,0.55,147915
2013-03-04 00:00:00+05:30,0.53,0.58,0.53,0.55,108900
2013-03-05 00:00:00+05:30,0.53,0.55,0.53,0.54,109620
2013-03-06 00:00:00+05:30,0.51,0.54,0.51,0.54,1339110
2013-03-07 00:00:00+05:30,0.53,0.56,0.51,0.54,752040
2013-03-08 00:00:00+05:30,0.53,0.55,0.53,0.55,225405
2013-03-11 00:00:00+05:30,0.53,0.6,0.48,0.56,366930
2013-03-12 00:00:00+05:30,0.53,0.57,0.53,0.55,481005
2013-03-13 00:00:00+05:30,0.54,0.58,0.54,0.56,563310
2013-03-14 00:00:00+05:30,0.58,0.58,0.54,0.57,689625
2013-03-15 00:00:00+05:30,0.56,0.56,0.54,0.54,122940
2013-03-18 00:00:00+05:30,0.54,0.54,0.52,0.53,67770
2013-03-19 00:00:00+05:30,0.51,0.54,0.51,0.53,432585
2013-03-20 00:00:00+05:30,0.57,0.6,0.47,0.5,824220
2013-03-21 00:00:00+05:30,0.52,0.54,0.47,0.53,1527705
2013-03-22 00:00:00+05:30,0.54,0.56,0.48,0.54,1372905
2013-03-25 00:00:00+05:30,0.58,0.64,0.52,0.6,34434900
2013-03-26 00:00:00+05:30,0.6,0.68,0.6,0.66,6710580
2013-03-28 00:00:00+05:30,0.67,0.67,0.56,0.66,2543985
2013-04-01 00:00:00+05:30,0.71,0.71,0.62,0.64,1260675
2013-04-02 00:00:00+05:30,0.65,0.66,0.64,0.66,2881035
2013-04-03 00:00:00+05:30,0.67,0.69,0.64,0.64,1065015
2013-04-04 00:00:00+05:30,0.65,0.67,0.64,0.66,2782170
2013-04-05 00:00:00+05:30,0.65,0.67,0.64,0.65,2820960
2013-04-08 00:00:00+05:30,0.65,0.66,0.64,0.65,1488330
2013-04-09 00:00:00+05:30,0.65,0.65,0.65,0.65,515250
2013-04-10 00:00:00+05:30,0.65,0.67,0.64,0.66,4613220
2013-04-11 00:00:00+05:30,0.65,0.67,0.65,0.67,910215
2013-04-12 00:00:00+05:30,0.67,0.69,0.66,0.68,822690
2013-04-15 00:00:00+05:30,0.65,0.68,0.65,0.65,366300
2013-04-16 00:00:00+05:30,0.62,0.64,0.62,0.62,527940
2013-04-17 00:00:00+05:30,0.62,0.62,0.59,0.59,36630
2013-04-18 00:00:00+05:30,0.56,0.62,0.56,0.57,1377495
2013-04-22 00:00:00+05:30,0.58,0.58,0.55,0.56,377865
2013-04-23 00:00:00+05:30,0.55,0.59,0.54,0.59,563535
2013-04-25 00:00:00+05:30,0.6,0.62,0.6,0.61,859275
2013-04-26 00:00:00+05:30,0.64,0.64,0.62,0.64,566685
2013-04-29 00:00:00+05:30,0.63,0.67,0.63,0.65,164790
2013-04-30 00:00:00+05:30,0.62,0.64,0.62,0.64,79695
2013-05-02 00:00:00+05:30,0.63,0.63,0.62,0.62,202320
2013-05-03 00:00:00+05:30,0.61,0.62,0.6,0.62,187020
2013-05-06 00:00:00+05:30,0.64,0.64,0.62,0.64,806400
2013-05-07 00:00:00+05:30,0.66,0.67,0.63,0.64,294390
2013-05-08 00:00:00+05:30,0.65,0.65,0.63,0.63,293715
2013-05-09 00:00:00+05:30,0.64,0.64,0.61,0.64,71550
2013-05-10 00:00:00+05:30,0.62,0.64,0.62,0.62,277515
2013-05-11 00:00:00+05:30,0.62,0.62,0.62,0.62,1350
2013-05-13 00:00:00+05:30,0.62,0.63,0.62,0.63,133065
2013-05-14 00:00:00+05:30,0.65,0.65,0.62,0.63,98955
2013-05-15 00:00:00+05:30,0.62,0.65,0.62,0.63,195885
2013-05-16 00:00:00+05:30,0.63,0.64,0.63,0.63,103140
2013-05-17 00:00:00+05:30,0.6,0.65,0.6,0.62,174780
2013-05-20 00:00:00+05:30,0.64,0.64,0.6,0.6,147960
2013-05-21 00:00:00+05:30,0.61,0.61,0.57,0.59,744975
2013-05-22 00:00:00+05:30,0.59,0.59,0.57,0.58,295065
2013-05-23 00:00:00+05:30,0.58,0.58,0.55,0.55,586665
2013-05-24 00:00:00+05:30,0.56,0.58,0.55,0.56,328365
2013-05-27 00:00:00+05:30,0.58,0.58,0.53,0.58,18720
2013-05-28 00:00:00+05:30,0.6,0.6,0.55,0.55,592245
2013-05-29 00:00:00+05:30,0.52,0.55,0.52,0.54,185535
2013-05-30 00:00:00+05:30,0.55,0.55,0.52,0.52,193005
2013-05-31 00:00:00+05:30,0.54,0.55,0.53,0.54,333225
2013-06-03 00:00:00+05:30,0.52,0.55,0.52,0.52,507555
2013-06-04 00:00:00+05:30,0.51,0.54,0.51,0.51,97875
2013-06-05 00:00:00+05:30,0.51,0.52,0.51,0.52,126225
2013-06-06 00:00:00+05:30,0.51,0.52,0.51,0.51,323640
2013-06-07 00:00:00+05:30,0.53,0.53,0.49,0.51,140310
2013-06-10 00:00:00+05:30,0.54,0.54,0.49,0.49,18495
2013-06-11 00:00:00+05:30,0.51,0.51,0.48,0.51,88020
2013-06-12 00:00:00+05:30,0.51,0.52,0.51,0.52,206595
2013-06-13 00:00:00+05:30,0.51,0.53,0.5,0.52,283590
2013-06-14 00:00:00+05:30,0.55,0.55,0.53,0.55,219600
2013-06-17 00:00:00+05:30,0.54,0.55,0.52,0.54,126855
2013-06-18 00:00:00+05:30,0.54,0.55,0.53,0.54,146925
2013-06-19 00:00:00+05:30,0.52,0.56,0.52,0.55,746865
2013-06-20 00:00:00+05:30,0.53,0.55,0.52,0.54,554175
2013-06-21 00:00:00+05:30,0.54,0.55,0.52,0.54,288405
2013-06-24 00:00:00+05:30,0.54,0.55,0.51,0.52,386685
2013-06-25 00:00:00+05:30,0.53,0.54,0.52,0.53,316980
2013-06-26 00:00:00+05:30,0.53,0.53,0.5,0.51,509625
2013-06-27 00:00:00+05:30,0.49,0.53,0.49,0.52,424620
2013-06-28 00:00:00+05:30,0.52,0.52,0.51,0.51,244755
2013-07-01 00:00:00+05:30,0.49,0.52,0.49,0.5,369900
2013-07-02 00:00:00+05:30,0.5,0.52,0.5,0.51,267390
2013-07-03 00:00:00+05:30,0.51,0.53,0.5,0.51,334350
2013-07-04 00:00:00+05:30,0.53,0.54,0.51,0.54,417150
2013-07-05 00:00:00+05:30,0.51,0.58,0.51,0.58,978120
2013-07-08 00:00:00+05:30,0.56,0.64,0.55,0.64,1830690
2013-07-09 00:00:00+05:30,0.66,0.67,0.58,0.62,671130
2013-07-10 00:00:00+05:30,0.63,0.63,0.6,0.62,350685
2013-07-11 00:00:00+05:30,0.62,0.63,0.57,0.59,878040
2013-07-12 00:00:00+05:30,0.6,0.63,0.59,0.61,1789425
2013-07-15 00:00:00+05:30,0.6,0.61,0.59,0.59,275535
2013-07-16 00:00:00+05:30,0.6,0.6,0.58,0.6,31635
2013-07-17 00:00:00+05:30,0.59,0.6,0.57,0.57,100575
2013-07-18 00:00:00+05:30,0.56,0.58,0.56,0.57,67860
2013-07-19 00:00:00+05:30,0.56,0.57,0.56,0.56,584055
2013-07-22 00:00:00+05:30,0.56,0.56,0.56,0.56,42435
2013-07-23 00:00:00+05:30,0.55,0.55,0.53,0.54,113400
2013-07-24 00:00:00+05:30,0.52,0.55,0.52,0.53,460440
2013-07-25 00:00:00+05:30,0.53,0.54,0.52,0.53,102015
2013-07-26 00:00:00+05:30,0.53,0.57,0.52,0.56,702720
2013-07-29 00:00:00+05:30,0.56,0.59,0.55,0.58,369450
2013-07-30 00:00:00+05:30,0.56,0.57,0.54,0.56,87975
2013-07-31 00:00:00+05:30,0.54,0.54,0.51,0.52,99720
2013-08-01 00:00:00+05:30,0.52,0.52,0.5,0.5,153045
2013-08-02 00:00:00+05:30,0.48,0.51,0.48,0.49,102735
2013-08-05 00:00:00+05:30,0.49,0.5,0.45,0.46,149220
2013-08-06 00:00:00+05:30,0.44,0.46,0.42,0.45,394290
2013-08-07 00:00:00+05:30,0.41,0.46,0.41,0.43,311625
2013-08-08 00:00:00+05:30,0.42,0.45,0.42,0.45,18495
2013-08-12 00:00:00+05:30,0.43,0.45,0.43,0.43,78525
2013-08-13 00:00:00+05:30,0.43,0.45,0.43,0.44,60165
2013-08-14 00:00:00+05:30,0.43,0.44,0.42,0.43,662445
2013-08-16 00:00:00+05:30,0.41,0.42,0.41,0.42,65655
2013-08-19 00:00:00+05:30,0.4,0.43,0.4,0.41,489645
2013-08-20 00:00:00+05:30,0.4,0.42,0.39,0.4,791595
2013-08-21 00:00:00+05:30,0.39,0.43,0.36,0.41,726030
2013-08-22 00:00:00+05:30,0.38,0.43,0.38,0.43,514710
2013-08-23 00:00:00+05:30,0.43,0.43,0.4,0.41,366300
2013-08-26 00:00:00+05:30,0.4,0.42,0.4,0.4,632565
2013-08-27 00:00:00+05:30,0.38,0.43,0.38,0.42,441000
2013-08-28 00:00:00+05:30,0.4,0.41,0.39,0.4,517815
2013-08-29 00:00:00+05:30,0.39,0.42,0.39,0.4,470970
2013-08-30 00:00:00+05:30,0.39,0.39,0.39,0.39,30105
2013-09-02 00:00:00+05:30,0.38,0.4,0.38,0.38,495315
2013-09-03 00:00:00+05:30,0.39,0.4,0.38,0.38,479025
2013-09-04 00:00:00+05:30,0.38,0.41,0.36,0.4,623610
2013-09-05 00:00:00+05:30,0.39,0.41,0.38,0.4,5706945
2013-09-06 00:00:00+05:30,0.39,0.47,0.39,0.39,18060345
2013-09-10 00:00:00+05:30,0.4,0.41,0.38,0.4,451485
2013-09-11 00:00:00+05:30,0.4,0.4,0.38,0.39,1195785
2013-09-12 00:00:00+05:30,0.38,0.4,0.38,0.39,380025
2013-09-13 00:00:00+05:30,0.44,0.44,0.39,0.41,1860300
2013-09-16 00:00:00+05:30,0.41,0.44,0.4,0.41,1264185
2013-09-17 00:00:00+05:30,0.4,0.41,0.39,0.39,963135
2013-09-18 00:00:00+05:30,0.4,0.4,0.38,0.39,1010835
2013-09-19 00:00:00+05:30,0.38,0.4,0.38,0.39,548775
2013-09-20 00:00:00+05:30,0.38,0.39,0.38,0.38,1004715
2013-09-23 00:00:00+05:30,0.38,0.39,0.38,0.38,186705
2013-09-24 00:00:00+05:30,0.37,0.4,0.37,0.4,1003635
2013-09-25 00:00:00+05:30,0.41,0.41,0.39,0.4,400095
2013-09-26 00:00:00+05:30,0.41,0.41,0.39,0.4,605880
2013-09-27 00:00:00+05:30,0.41,0.46,0.41,0.42,226170
2013-09-30 00:00:00+05:30,0.42,0.42,0.4,0.41,475830
2013-10-01 00:00:00+05:30,0.4,0.42,0.39,0.4,503685
2013-10-03 00:00:00+05:30,0.39,0.41,0.39,0.39,853560
2013-10-04 00:00:00+05:30,0.41,0.41,0.39,0.4,520560
2013-10-07 00:00:00+05:30,0.39,0.4,0.39,0.4,534870
2013-10-08 00:00:00+05:30,0.39,0.4,0.36,0.39,538380
2013-10-09 00:00:00+05:30,0.39,0.39,0.39,0.39,505530
2013-10-10 00:00:00+05:30,0.39,0.4,0.39,0.4,35505
2013-10-11 00:00:00+05:30,0.43,0.43,0.38,0.39,144990
2013-10-14 00:00:00+05:30,0.39,0.4,0.38,0.39,61110
2013-10-15 00:00:00+05:30,0.4,0.4,0.39,0.39,450630
2013-10-17 00:00:00+05:30,0.39,0.4,0.38,0.38,35100
2013-10-18 00:00:00+05:30,0.41,0.42,0.39,0.39,333045
2013-10-21 00:00:00+05:30,0.39,0.4,0.38,0.39,116865
2013-10-22 00:00:00+05:30,0.38,0.4,0.38,0.39,320310
2013-10-23 00:00:00+05:30,0.39,0.4,0.39,0.39,44505
2013-10-24 00:00:00+05:30,0.39,0.4,0.39,0.39,29835
2013-10-25 00:00:00+05:30,0.38,0.4,0.37,0.37,442845
2013-10-28 00:00:00+05:30,0.37,0.39,0.36,0.39,422640
2013-10-29 00:00:00+05:30,0.42,0.44,0.37,0.38,87030
2013-10-30 00:00:00+05:30,0.38,0.38,0.36,0.36,482400
2013-10-31 00:00:00+05:30,0.38,0.4,0.36,0.36,459495
2013-11-01 00:00:00+05:30,0.36,0.38,0.36,0.36,467010
2013-11-03 00:00:00+05:30,0.43,0.43,0.35,0.37,41805
2013-11-05 00:00:00+05:30,0.37,0.38,0.36,0.38,396810
2013-11-06 00:00:00+05:30,0.38,0.38,0.36,0.37,374715
2013-11-07 00:00:00+05:30,0.36,0.38,0.34,0.37,515340
2013-11-08 00:00:00+05:30,0.36,0.37,0.36,0.37,136935
2013-11-11 00:00:00+05:30,0.36,0.37,0.35,0.35,221625
2013-11-12 00:00:00+05:30,0.36,0.37,0.36,0.36,99090
2013-11-13 00:00:00+05:30,0.36,0.38,0.36,0.37,776430
2013-11-14 00:00:00+05:30,0.4,0.4,0.35,0.36,557775
2013-11-18 00:00:00+05:30,0.38,0.38,0.35,0.36,743040
2013-11-19 00:00:00+05:30,0.35,0.36,0.34,0.36,270135
2013-11-20 00:00:00+05:30,0.36,0.37,0.35,0.35,171315
2013-11-21 00:00:00+05:30,0.41,0.42,0.39,0.4,16637355
2013-11-22 00:00:00+05:30,0.42,0.42,0.38,0.39,2074230
2013-11-25 00:00:00+05:30,0.4,0.4,0.37,0.39,656235
2013-11-26 00:00:00+05:30,0.38,0.41,0.38,0.39,887985
2013-11-27 00:00:00+05:30,0.39,0.4,0.38,0.38,456795
2013-11-28 00:00:00+05:30,0.38,0.39,0.37,0.38,601155
2013-11-29 00:00:00+05:30,0.38,0.4,0.38,0.38,910575
2013-12-02 00:00:00+05:30,0.38,0.4,0.37,0.38,516240
2013-12-03 00:00:00+05:30,0.38,0.39,0.37,0.37,684090
2013-12-04 00:00:00+05:30,0.36,0.38,0.36,0.38,486675
2013-12-05 00:00:00+05:30,0.38,0.38,0.37,0.38,355095
2013-12-06 00:00:00+05:30,0.38,0.38,0.37,0.38,71820
2013-12-09 00:00:00+05:30,0.38,0.38,0.37,0.37,93060
2013-12-10 00:00:00+05:30,0.38,0.38,0.36,0.37,96255
2013-12-11 00:00:00+05:30,0.37,0.39,0.36,0.39,1114965
2013-12-12 00:00:00+05:30,0.4,0.42,0.36,0.37,10168560
2013-12-13 00:00:00+05:30,0.38,0.38,0.36,0.37,2581110
2013-12-16 00:00:00+05:30,0.36,0.38,0.36,0.36,390330
2013-12-17 00:00:00+05:30,0.37,0.38,0.37,0.37,263295
2013-12-18 00:00:00+05:30,0.37,0.38,0.36,0.38,268065
2013-12-19 00:00:00+05:30,0.37,0.38,0.36,0.37,328095
2013-12-20 00:00:00+05:30,0.37,0.41,0.36,0.4,6247485
2013-12-23 00:00:00+05:30,0.42,0.48,0.41,0.48,15634800
2013-12-24 00:00:00+05:30,0.52,0.52,0.42,0.43,20267370
2013-12-26 00:00:00+05:30,0.45,0.48,0.43,0.47,10105020
2013-12-27 00:00:00+05:30,0.48,0.48,0.42,0.43,20750895
2013-12-30 00:00:00+05:30,0.46,0.46,0.44,0.44,2523780
2013-12-31 00:00:00+05:30,0.44,0.46,0.43,0.44,1779120
2014-01-01 00:00:00+05:30,0.44,0.45,0.43,0.44,3679740
2014-01-02 00:00:00+05:30,0.44,0.47,0.44,0.45,9398610
2014-01-03 00:00:00+05:30,0.44,0.47,0.43,0.46,5768640
2014-01-06 00:00:00+05:30,0.45,0.56,0.45,0.56,39773115
2014-01-07 00:00:00+05:30,0.56,0.57,0.52,0.53,8624520
2014-01-08 00:00:00+05:30,0.52,0.57,0.51,0.52,1345545
2014-01-09 00:00:00+05:30,0.52,0.54,0.5,0.5,1199160
2014-01-10 00:00:00+05:30,0.5,0.52,0.49,0.49,5125410
2014-01-13 00:00:00+05:30,0.49,0.51,0.49,0.5,2188890
2014-01-14 00:00:00+05:30,0.5,0.52,0.5,0.5,3784230
2014-01-15 00:00:00+05:30,0.53,0.53,0.49,0.49,316710
2014-01-16 00:00:00+05:30,0.52,0.52,0.48,0.5,1101960
2014-01-17 00:00:00+05:30,0.5,0.51,0.47,0.47,1019250
2014-01-20 00:00:00+05:30,0.47,0.55,0.46,0.52,6386670
2014-01-21 00:00:00+05:30,0.52,0.62,0.49,0.59,26705790
2014-01-22 00:00:00+05:30,0.6,0.6,0.57,0.59,12999915
2014-01-23 00:00:00+05:30,0.58,0.6,0.57,0.58,2099970
2014-01-24 00:00:00+05:30,0.58,0.58,0.54,0.55,691110
2014-01-27 00:00:00+05:30,0.57,0.57,0.49,0.51,2164725
2014-01-28 00:00:00+05:30,0.52,0.53,0.5,0.51,818010
2014-01-29 00:00:00+05:30,0.52,0.53,0.51,0.52,577755
2014-01-30 00:00:00+05:30,0.52,0.52,0.49,0.51,1954845
2014-01-31 00:00:00+05:30,0.5,0.53,0.5,0.52,2618235
2014-02-03 00:00:00+05:30,0.51,0.52,0.49,0.49,4248225
2014-02-04 00:00:00+05:30,0.51,0.51,0.49,0.49,425475
2014-02-05 00:00:00+05:30,0.5,0.5,0.48,0.49,447435
2014-02-06 00:00:00+05:30,0.48,0.5,0.48,0.49,512010
2014-02-07 00:00:00+05:30,0.49,0.5,0.49,0.49,494415
2014-02-10 00:00:00+05:30,0.48,0.5,0.48,0.49,117360
2014-02-11 00:00:00+05:30,0.49,0.49,0.49,0.49,211050
2014-02-12 00:00:00+05:30,0.48,0.5,0.47,0.48,478800
2014-02-13 00:00:00+05:30,0.48,0.48,0.47,0.47,458100
2014-02-14 00:00:00+05:30,0.47,0.55,0.45,0.47,565875
2014-02-17 00:00:00+05:30,0.47,0.53,0.45,0.46,2648430
2014-02-18 00:00:00+05:30,0.46,0.47,0.46,0.46,124380
2014-02-19 00:00:00+05:30,0.46,0.47,0.45,0.46,424800
2014-02-20 00:00:00+05:30,0.44,0.45,0.42,0.43,1861380
2014-02-21 00:00:00+05:30,0.44,0.44,0.42,0.42,389430
2014-02-24 00:00:00+05:30,0.41,0.51,0.41,0.51,9099945
2014-02-25 00:00:00+05:30,0.53,0.56,0.52,0.54,17140005
2014-02-26 00:00:00+05:30,0.56,0.58,0.51,0.54,3090105
2014-02-28 00:00:00+05:30,0.53,0.54,0.51,0.53,4378230
2014-03-03 00:00:00+05:30,0.53,0.54,0.5,0.51,5317920
2014-03-04 00:00:00+05:30,0.51,0.55,0.49,0.54,2528685
2014-03-05 00:00:00+05:30,0.56,0.56,0.52,0.52,299385
2014-03-06 00:00:00+05:30,0.57,0.57,0.52,0.53,894825
2014-03-07 00:00:00+05:30,0.53,0.56,0.52,0.55,2878965
2014-03-10 00:00:00+05:30,0.54,0.54,0.52,0.53,606285
2014-03-11 00:00:00+05:30,0.53,0.54,0.52,0.52,7583040
2014-03-12 00:00:00+05:30,0.52,0.53,0.51,0.52,227385
2014-03-13 00:00:00+05:30,0.53,0.53,0.5,0.51,374580
2014-03-14 00:00:00+05:30,0.52,0.52,0.49,0.49,261900
2014-03-18 00:00:00+05:30,0.51,0.51,0.47,0.48,251775
2014-03-19 00:00:00+05:30,0.5,0.5,0.47,0.47,363015
2014-03-20 00:00:00+05:30,0.47,0.47,0.45,0.45,297045
2014-03-21 00:00:00+05:30,0.45,0.47,0.43,0.44,288180
2014-03-22 00:00:00+05:30,0.44,0.44,0.43,0.43,43650
2014-03-24 00:00:00+05:30,0.45,0.45,0.42,0.44,349920
2014-03-25 00:00:00+05:30,0.44,0.44,0.43,0.44,1198350
2014-03-26 00:00:00+05:30,0.44,0.46,0.43,0.43,542880
2014-03-27 00:00:00+05:30,0.43,0.44,0.42,0.44,852255
2014-03-28 00:00:00+05:30,0.44,0.45,0.43,0.44,426240
2014-03-31 00:00:00+05:30,0.45,0.45,0.44,0.44,242370
2014-04-01 00:00:00+05:30,0.45,0.47,0.44,0.45,180405
2014-04-02 00:00:00+05:30,0.44,0.47,0.44,0.47,151245
2014-04-03 00:00:00+05:30,0.48,0.48,0.47,0.47,173250
2014-04-04 00:00:00+05:30,0.47,0.49,0.47,0.47,159795
2014-04-07 00:00:00+05:30,0.48,0.48,0.45,0.46,46665
2014-04-09 00:00:00+05:30,0.45,0.48,0.45,0.48,658485
2014-04-10 00:00:00+05:30,0.5,0.5,0.46,0.49,387135
2014-04-11 00:00:00+05:30,0.47,0.51,0.47,0.5,397845
2014-04-15 00:00:00+05:30,0.5,0.52,0.48,0.51,368145
2014-04-16 00:00:00+05:30,0.49,0.51,0.49,0.51,198990
2014-04-17 00:00:00+05:30,0.48,0.5,0.48,0.49,177750
2014-04-21 00:00:00+05:30,0.49,0.49,0.48,0.48,109620
2014-04-22 00:00:00+05:30,0.49,0.5,0.48,0.49,91125
2014-04-23 00:00:00+05:30,0.48,0.5,0.48,0.49,56700
2014-04-25 00:00:00+05:30,0.47,0.5,0.47,0.49,78750
2014-04-28 00:00:00+05:30,0.48,0.5,0.47,0.49,148500
2014-04-29 00:00:00+05:30,0.47,0.49,0.47,0.48,74835
2014-04-30 00:00:00+05:30,0.48,0.49,0.48,0.49,42705
2014-05-02 00:00:00+05:30,0.47,0.5,0.47,0.48,182340
2014-05-05 00:00:00+05:30,0.49,0.5,0.49,0.49,392355
2014-05-06 00:00:00+05:30,0.48,0.5,0.48,0.5,719685
2014-05-07 00:00:00+05:30,0.48,0.5,0.48,0.48,123615
2014-05-08 00:00:00+05:30,0.48,0.5,0.47,0.48,131265
2014-05-09 00:00:00+05:30,0.5,0.5,0.47,0.5,241785
2014-05-12 00:00:00+05:30,0.47,0.52,0.47,0.48,145800
2014-05-13 00:00:00+05:30,0.5,0.5,0.47,0.49,462870
2014-05-14 00:00:00+05:30,0.48,0.5,0.47,0.5,163575
2014-05-15 00:00:00+05:30,0.48,0.5,0.48,0.49,196470
2014-05-16 00:00:00+05:30,0.5,0.51,0.46,0.48,741375
2014-05-19 00:00:00+05:30,0.46,0.51,0.46,0.49,334845
2014-05-20 00:00:00+05:30,0.49,0.51,0.47,0.49,288630
2014-05-21 00:00:00+05:30,0.49,0.49,0.48,0.49,155790
2014-05-22 00:00:00+05:30,0.46,0.49,0.46,0.49,825975
2014-05-23 00:00:00+05:30,0.51,0.51,0.48,0.49,277425
2014-05-26 00:00:00+05:30,0.52,0.52,0.47,0.49,408375
2014-05-27 00:00:00+05:30,0.48,0.49,0.48,0.49,74205
2014-05-28 00:00:00+05:30,0.49,0.49,0.47,0.48,114525
2014-05-29 00:00:00+05:30,0.48,0.49,0.48,0.48,22725
2014-05-30 00:00:00+05:30,0.47,0.5,0.47,0.49,26685
2014-06-02 00:00:00+05:30,0.51,0.51,0.48,0.48,65430
2014-06-03 00:00:00+05:30,0.51,0.51,0.48,0.48,468765
2014-06-04 00:00:00+05:30,0.47,0.49,0.47,0.47,792765
2014-06-05 00:00:00+05:30,0.47,0.49,0.47,0.49,38430
2014-06-06 00:00:00+05:30,0.47,0.49,0.47,0.48,147870
2014-06-09 00:00:00+05:30,0.49,0.49,0.46,0.47,255015
2014-06-10 00:00:00+05:30,0.48,0.49,0.47,0.48,376110
2014-06-11 00:00:00+05:30,0.5,0.5,0.48,0.48,334800
2014-06-12 00:00:00+05:30,0.46,0.49,0.46,0.47,304425
2014-06-13 00:00:00+05:30,0.49,0.49,0.45,0.48,588375
2014-06-16 00:00:00+05:30,0.48,0.48,0.46,0.46,86490
2015-12-28 00:00:00+05:30,0.62,0.71,0.62,0.71,4432860
2015-12-29 00:00:00+05:30,0.79,0.83,0.74,0.77,17210025
2015-12-30 00:00:00+05:30,0.76,0.76,0.67,0.69,52899660
2015-12-31 00:00:00+05:30,0.69,0.82,0.68,0.79,15946875
2016-01-01 00:00:00+05:30,0.79,0.82,0.76,0.78,6554385
2016-01-04 00:00:00+05:30,0.78,0.86,0.78,0.83,33248700
2016-01-05 00:00:00+05:30,0.83,0.86,0.83,0.85,2314440
2016-01-06 00:00:00+05:30,0.83,0.84,0.78,0.8,1386900
2016-01-07 00:00:00+05:30,0.78,0.8,0.76,0.79,7922160
2016-01-08 00:00:00+05:30,0.77,0.82,0.77,0.78,3358845
2016-01-11 00:00:00+05:30,0.78,0.84,0.78,0.83,4682160
2016-01-12 00:00:00+05:30,0.83,0.91,0.79,0.81,3195855
2016-01-13 00:00:00+05:30,0.84,0.84,0.7,0.76,2933955
2016-01-14 00:00:00+05:30,0.79,0.8,0.72,0.76,211230
2016-01-15 00:00:00+05:30,0.73,0.8,0.73,0.74,2486520
2016-01-18 00:00:00+05:30,0.71,0.73,0.61,0.64,3845205
2016-01-19 00:00:00+05:30,0.69,0.7,0.62,0.64,1264005
2016-01-20 00:00:00+05:30,0.62,0.65,0.54,0.56,1543005
2016-01-21 00:00:00+05:30,0.56,0.58,0.52,0.54,864450
2016-01-22 00:00:00+05:30,0.55,0.63,0.54,0.62,916740
2016-01-25 00:00:00+05:30,0.64,0.74,0.64,0.74,3342600
2016-01-27 00:00:00+05:30,0.76,0.78,0.72,0.76,1789335
2016-01-28 00:00:00+05:30,0.73,0.77,0.72,0.75,707985
2016-01-29 00:00:00+05:30,0.73,0.77,0.71,0.72,2597715
2016-02-01 00:00:00+05:30,0.75,0.79,0.74,0.75,1130085
2016-02-02 00:00:00+05:30,0.75,0.9,0.75,0.89,8212545
2016-02-03 00:00:00+05:30,0.89,0.92,0.81,0.84,7003800
2016-02-04 00:00:00+05:30,0.89,0.89,0.76,0.81,8572680
2016-02-05 00:00:00+05:30,0.83,0.85,0.8,0.84,841365
2016-02-08 00:00:00+05:30,0.85,0.86,0.78,0.83,377730
2016-02-09 00:00:00+05:30,0.8,0.81,0.76,0.78,276390
2016-02-10 00:00:00+05:30,0.75,0.76,0.74,0.75,136620
2016-02-11 00:00:00+05:30,0.74,0.78,0.67,0.69,1419750
2016-02-12 00:00:00+05:30,0.69,0.71,0.62,0.65,476550
2016-02-15 00:00:00+05:30,0.67,0.7,0.66,0.67,89415
2016-02-16 00:00:00+05:30,0.67,0.71,0.62,0.62,26505
2016-02-17 00:00:00+05:30,0.61,0.63,0.58,0.62,189225
2016-02-18 00:00:00+05:30,0.62,0.67,0.62,0.62,129735
2016-02-19 00:00:00+05:30,0.67,0.71,0.6,0.64,4930650
2016-02-22 00:00:00+05:30,0.61,0.65,0.61,0.63,161055
2016-02-23 00:00:00+05:30,0.62,0.63,0.61,0.61,121950
2016-02-24 00:00:00+05:30,0.6,0.62,0.59,0.62,86670
2016-02-25 00:00:00+05:30,0.6,0.62,0.58,0.58,129960
2016-02-26 00:00:00+05:30,0.58,0.62,0.58,0.59,6527250
2016-02-29 00:00:00+05:30,0.57,0.61,0.54,0.57,627345
2016-03-01 00:00:00+05:30,0.57,0.67,0.57,0.61,10014750
2016-03-02 00:00:00+05:30,0.6,0.66,0.6,0.65,193005
2016-03-03 00:00:00+05:30,0.64,0.64,0.62,0.63,47250
2016-03-04 00:00:00+05:30,0.6,0.62,0.56,0.62,48870
2016-03-08 00:00:00+05:30,0.62,0.64,0.59,0.6,458055
2016-03-09 00:00:00+05:30,0.62,0.62,0.58,0.59,18765
2016-03-10 00:00:00+05:30,0.62,0.62,0.59,0.6,73125
2016-03-11 00:00:00+05:30,0.58,0.62,0.58,0.6,1840725
2016-03-14 00:00:00+05:30,0.61,0.61,0.58,0.59,51480
2016-03-15 00:00:00+05:30,0.58,0.62,0.58,0.59,2338290
2016-03-16 00:00:00+05:30,0.58,0.6,0.58,0.6,983250
2016-03-17 00:00:00+05:30,0.63,0.63,0.57,0.59,1094535
2016-03-18 00:00:00+05:30,0.61,0.61,0.57,0.57,549810
2016-03-21 00:00:00+05:30,0.57,0.59,0.56,0.57,162315
2016-03-22 00:00:00+05:30,0.59,0.6,0.56,0.59,1467675
2016-03-23 00:00:00+05:30,0.61,0.61,0.56,0.58,95220
2016-03-28 00:00:00+05:30,0.56,0.6,0.54,0.57,4861350
2016-03-29 00:00:00+05:30,0.59,0.63,0.55,0.61,9765180
2016-03-30 00:00:00+05:30,0.62,0.66,0.59,0.63,1681830
2016-03-31 00:00:00+05:30,0.64,0.64,0.59,0.59,519615
2016-04-01 00:00:00+05:30,0.61,0.64,0.59,0.64,134955
2016-04-04 00:00:00+05:30,0.64,0.66,0.6,0.63,43965
2016-04-05 00:00:00+05:30,0.63,0.73,0.6,0.67,21923325
2016-04-06 00:00:00+05:30,0.71,0.77,0.68,0.74,8720325
2016-04-07 00:00:00+05:30,0.73,0.76,0.72,0.74,1364940
2016-04-08 00:00:00+05:30,0.74,0.77,0.71,0.72,1203390
2016-04-11 00:00:00+05:30,0.74,0.75,0.73,0.73,1030770
2016-04-12 00:00:00+05:30,0.7,0.74,0.68,0.7,2030580
2016-04-13 00:00:00+05:30,0.73,0.84,0.72,0.84,10120185
2016-04-18 00:00:00+05:30,0.86,0.9,0.8,0.83,8336205
2016-04-20 00:00:00+05:30,0.83,0.88,0.81,0.85,899820
2016-04-21 00:00:00+05:30,0.84,0.88,0.8,0.82,878490
2016-04-22 00:00:00+05:30,0.84,0.84,0.8,0.82,596385
2016-04-25 00:00:00+05:30,0.8,0.97,0.8,0.95,10022715
2016-04-26 00:00:00+05:30,0.96,0.96,0.88,0.92,3165840
2016-04-27 00:00:00+05:30,0.93,0.93,0.88,0.89,1281960
2016-04-28 00:00:00+05:30,0.9,0.91,0.86,0.87,490500
2016-04-29 00:00:00+05:30,0.89,0.89,0.87,0.88,566055
2016-05-02 00:00:00+05:30,0.9,0.9,0.88,0.89,258030
2016-05-03 00:00:00+05:30,0.88,0.9,0.87,0.87,630495
2016-05-04 00:00:00+05:30,0.87,0.93,0.87,0.87,4117500
2016-05-05 00:00:00+05:30,0.91,0.93,0.88,0.9,3666870
2016-05-06 00:00:00+05:30,0.92,0.93,0.89,0.92,831285
2016-05-09 00:00:00+05:30,0.93,0.99,0.93,0.97,1186785
2016-05-10 00:00:00+05:30,0.95,0.96,0.92,0.94,527265
2016-05-11 00:00:00+05:30,0.91,0.93,0.9,0.91,701415
2016-05-12 00:00:00+05:30,0.91,0.97,0.91,0.93,840690
2016-05-13 00:00:00+05:30,0.94,0.99,0.94,0.94,994455
2016-05-16 00:00:00+05:30,0.96,0.98,0.96,0.96,984195
2016-05-17 00:00:00+05:30,0.96,0.98,0.96,0.97,971685
2016-05-18 00:00:00+05:30,0.96,0.97,0.95,0.96,230760
2016-05-19 00:00:00+05:30,0.95,1.0,0.94,0.98,380520
2016-05-20 00:00:00+05:30,0.98,0.98,0.95,0.97,132435
2016-05-23 00:00:00+05:30,0.95,0.95,0.9,0.91,2377710
2016-05-24 00:00:00+05:30,0.89,0.92,0.88,0.91,1485765
2016-05-25 00:00:00+05:30,0.94,0.94,0.9,0.92,3886515
2016-05-26 00:00:00+05:30,0.91,0.94,0.89,0.9,353475
2016-05-27 00:00:00+05:30,0.93,0.93,0.84,0.87,655875
2016-05-30 00:00:00+05:30,0.85,0.88,0.77,0.86,247770
2016-05-31 00:00:00+05:30,0.87,0.87,0.79,0.81,940545
2016-06-01 00:00:00+05:30,0.83,0.83,0.8,0.8,1758690
2016-06-02 00:00:00+05:30,0.78,0.86,0.78,0.84,412110
2016-06-03 00:00:00+05:30,0.83,0.84,0.82,0.83,103545
2016-06-06 00:00:00+05:30,0.85,0.86,0.83,0.85,212400
2016-06-07 00:00:00+05:30,0.83,0.88,0.83,0.85,920250
2016-06-08 00:00:00+05:30,0.87,0.89,0.84,0.85,8346285
2016-06-09 00:00:00+05:30,0.83,0.84,0.82,0.82,164475
2016-06-10 00:00:00+05:30,0.84,0.9,0.81,0.87,1060695
2016-06-13 00:00:00+05:30,0.86,0.88,0.85,0.87,199035
2016-06-14 00:00:00+05:30,0.85,0.89,0.79,0.87,472635
2016-06-15 00:00:00+05:30,0.89,0.91,0.86,0.89,588195
2016-06-16 00:00:00+05:30,0.87,0.89,0.85,0.85,124695
2016-06-17 00:00:00+05:30,0.88,0.91,0.84,0.84,160470
2016-06-20 00:00:00+05:30,0.84,0.88,0.84,0.86,988245
2016-06-21 00:00:00+05:30,0.88,0.88,0.85,0.87,592020
2016-06-22 00:00:00+05:30,0.86,0.89,0.85,0.86,982395
2016-06-23 00:00:00+05:30,0.87,0.87,0.83,0.85,850500
2016-06-24 00:00:00+05:30,0.87,0.88,0.79,0.86,661950
2016-06-27 00:00:00+05:30,0.85,0.87,0.85,0.86,148995
2016-06-28 00:00:00+05:30,0.87,0.87,0.85,0.86,144000
2016-06-29 00:00:00+05:30,0.85,0.89,0.85,0.86,472905
2016-06-30 00:00:00+05:30,0.85,1.02,0.85,0.95,8281800
2016-07-01 00:00:00+05:30,0.96,0.98,0.91,0.93,1370700
2016-07-04 00:00:00+05:30,0.92,0.96,0.92,0.93,735030
2016-07-05 00:00:00+05:30,0.92,0.94,0.9,0.93,399330
2016-07-07 00:00:00+05:30,0.91,1.0,0.89,0.96,5490000
2016-07-08 00:00:00+05:30,0.98,1.09,0.96,1.07,8630910
2016-07-11 00:00:00+05:30,1.11,1.19,0.96,0.99,35223795
2016-07-12 00:00:00+05:30,1.0,1.02,0.88,0.89,23993055
2016-07-13 00:00:00+05:30,0.92,1.07,0.92,1.07,36031005
2016-07-14 00:00:00+05:30,1.1,1.1,1.02,1.04,34280325
2016-07-15 00:00:00+05:30,1.04,1.07,0.98,1.01,8311860
2016-07-18 00:00:00+05:30,1.03,1.09,1.0,1.06,10644390
2016-07-19 00:00:00+05:30,1.1,1.1,1.04,1.04,8642745
2016-07-20 00:00:00+05:30,1.03,1.06,1.02,1.03,922950
2016-07-21 00:00:00+05:30,1.04,1.06,0.97,0.99,15100515
2016-07-22 00:00:00+05:30,1.04,1.04,0.91,0.92,6871005
2016-07-25 00:00:00+05:30,0.91,0.96,0.91,0.92,3144690
2016-07-26 00:00:00+05:30,0.92,0.96,0.81,0.86,5362740
2016-07-27 00:00:00+05:30,0.88,0.91,0.85,0.86,11826945
2016-07-28 00:00:00+05:30,0.88,0.93,0.86,0.87,1875870
2016-07-29 00:00:00+05:30,0.88,0.9,0.86,0.87,2508120
2016-08-01 00:00:00+05:30,0.87,0.89,0.85,0.86,1554480
2016-08-02 00:00:00+05:30,0.86,0.87,0.8,0.82,1716570
2016-08-03 00:00:00+05:30,0.81,0.83,0.78,0.79,1778850
2016-08-04 00:00:00+05:30,0.81,0.83,0.78,0.81,2036835
2016-08-05 00:00:00+05:30,0.8,0.9,0.76,0.88,7760700
2016-08-08 00:00:00+05:30,0.88,0.91,0.82,0.88,720180
2016-08-09 00:00:00+05:30,0.89,0.89,0.82,0.83,528165
2016-08-10 00:00:00+05:30,0.86,0.9,0.81,0.82,399060
2016-08-11 00:00:00+05:30,0.83,0.86,0.8,0.82,253530
2016-08-12 00:00:00+05:30,0.85,0.87,0.83,0.83,828720
2016-08-16 00:00:00+05:30,0.83,0.86,0.82,0.84,718650
2016-08-17 00:00:00+05:30,0.84,0.85,0.78,0.79,2285865
2016-08-18 00:00:00+05:30,0.81,0.81,0.79,0.8,228555
2016-08-19 00:00:00+05:30,0.8,0.82,0.79,0.8,1427760
2016-08-22 00:00:00+05:30,0.79,0.81,0.78,0.79,803700
2016-08-23 00:00:00+05:30,0.78,0.8,0.77,0.78,1069785
2016-08-24 00:00:00+05:30,0.77,0.8,0.77,0.8,491805
2016-08-25 00:00:00+05:30,0.79,0.82,0.76,0.78,7506450
2016-08-26 00:00:00+05:30,0.78,0.78,0.77,0.77,679005
2016-08-29 00:00:00+05:30,0.77,0.78,0.76,0.77,5550885
2016-08-30 00:00:00+05:30,0.77,0.79,0.76,0.78,3987810
2016-08-31 00:00:00+05:30,0.77,0.84,0.76,0.82,3263580
2016-09-01 00:00:00+05:30,0.84,0.84,0.8,0.8,10315035
2016-09-02 00:00:00+05:30,0.83,0.83,0.77,0.77,361935
2016-09-06 00:00:00+05:30,0.77,0.78,0.76,0.77,5747490
2016-09-07 00:00:00+05:30,0.76,0.79,0.76,0.77,8064855
2016-09-08 00:00:00+05:30,0.76,0.78,0.76,0.76,6260130
2016-09-09 00:00:00+05:30,0.78,0.78,0.76,0.76,919530
2016-09-12 00:00:00+05:30,0.75,0.76,0.74,0.74,122445
2016-09-14 00:00:00+05:30,0.76,0.76,0.71,0.72,932625
2016-09-15 00:00:00+05:30,0.71,0.71,0.69,0.69,1013490
2016-09-16 00:00:00+05:30,0.72,0.76,0.67,0.71,7038270
2016-09-19 00:00:00+05:30,0.77,0.77,0.7,0.7,565470
2016-09-20 00:00:00+05:30,0.73,0.73,0.66,0.71,1747530
2016-09-21 00:00:00+05:30,0.71,0.72,0.69,0.71,10469385
2016-09-22 00:00:00+05:30,0.71,0.73,0.69,0.7,201105
2016-09-23 00:00:00+05:30,0.73,0.73,0.68,0.69,370665
2016-09-26 00:00:00+05:30,0.69,0.69,0.66,0.67,1823895
2016-09-27 00:00:00+05:30,0.7,0.81,0.66,0.76,16029675
2016-09-28 00:00:00+05:30,0.72,0.75,0.7,0.72,3094065
2016-09-29 00:00:00+05:30,0.74,0.85,0.72,0.73,30511125
2016-09-30 00:00:00+05:30,0.73,0.79,0.71,0.75,1263690
2016-10-03 00:00:00+05:30,0.76,0.86,0.76,0.84,25032915
2016-10-04 00:00:00+05:30,0.82,0.91,0.82,0.87,22335345
2016-10-05 00:00:00+05:30,0.9,1.0,0.89,0.99,71143741
2016-10-06 00:00:00+05:30,1.01,1.06,0.98,0.99,21400560
2016-10-07 00:00:00+05:30,1.01,1.05,0.98,1.02,34278210
2016-10-10 00:00:00+05:30,1.04,1.1,1.03,1.04,34080840
2016-10-13 00:00:00+05:30,1.05,1.06,0.99,1.01,4760595
2016-10-14 00:00:00+05:30,1.03,1.09,0.99,1.01,12054780
2016-10-17 00:00:00+05:30,1.02,1.05,0.99,1.0,7421310
2016-10-18 00:00:00+05:30,1.01,1.05,0.98,1.02,26331840
2016-10-19 00:00:00+05:30,1.02,1.05,0.99,1.0,46278180
2016-10-20 00:00:00+05:30,1.02,1.15,1.02,1.13,62629470
2016-10-21 00:00:00+05:30,1.14,1.24,1.14,1.15,90423901
2016-10-24 00:00:00+05:30,1.16,1.21,1.13,1.13,68075146
2016-10-25 00:00:00+05:30,1.14,1.18,1.12,1.15,25322085
2016-10-26 00:00:00+05:30,1.16,1.17,1.08,1.12,11261205
2016-10-27 00:00:00+05:30,1.12,1.15,1.11,1.13,6690015
2016-10-28 00:00:00+05:30,1.12,1.16,1.1,1.11,5498100
2016-10-30 00:00:00+05:30,1.13,1.13,1.1,1.11,3101310
2016-11-01 00:00:00+05:30,1.1,1.23,1.1,1.19,29932920
2016-11-02 00:00:00+05:30,1.18,1.19,1.13,1.14,8666010
2016-11-03 00:00:00+05:30,1.14,1.15,1.11,1.12,3367845
2016-11-04 00:00:00+05:30,1.11,1.12,1.02,1.03,5797170
2016-11-07 00:00:00+05:30,1.03,1.08,1.03,1.03,2925765
2016-11-08 00:00:00+05:30,1.04,1.08,1.02,1.07,7554960
2016-11-09 00:00:00+05:30,0.89,0.95,0.86,0.92,10212165
2016-11-10 00:00:00+05:30,0.97,1.01,0.94,0.99,4760190
2016-11-11 00:00:00+05:30,0.98,0.99,0.89,0.91,2897460
2016-11-15 00:00:00+05:30,0.96,0.96,0.77,0.78,3309165
2016-11-16 00:00:00+05:30,0.82,0.84,0.74,0.77,7817220
2016-11-17 00:00:00+05:30,0.76,0.8,0.74,0.74,6134040
2016-11-18 00:00:00+05:30,0.76,0.76,0.67,0.74,6388020
2016-11-21 00:00:00+05:30,0.73,0.74,0.71,0.71,1709955
2016-11-22 00:00:00+05:30,0.74,0.74,0.68,0.7,861795
2016-11-23 00:00:00+05:30,0.71,0.82,0.71,0.8,9067185
2016-11-24 00:00:00+05:30,0.78,0.83,0.77,0.82,1522440
2016-11-25 00:00:00+05:30,0.84,0.86,0.82,0.84,2060640
2016-11-28 00:00:00+05:30,0.85,0.87,0.83,0.86,1331010
2016-11-29 00:00:00+05:30,0.85,0.9,0.85,0.89,1789200
2016-11-30 00:00:00+05:30,0.91,0.92,0.87,0.9,1009350
2016-12-01 00:00:00+05:30,0.88,0.91,0.87,0.88,852390
2016-12-02 00:00:00+05:30,0.86,0.88,0.84,0.86,2987145
2016-12-05 00:00:00+05:30,0.87,0.89,0.86,0.87,1416150
2016-12-06 00:00:00+05:30,0.86,0.89,0.86,0.86,914670
2016-12-07 00:00:00+05:30,0.88,0.89,0.85,0.86,13241160
2016-12-08 00:00:00+05:30,0.87,0.88,0.87,0.88,1410075
2016-12-09 00:00:00+05:30,0.88,0.88,0.87,0.87,758565
2016-12-12 00:00:00+05:30,0.87,0.87,0.83,0.83,633330
2016-12-13 00:00:00+05:30,0.84,0.84,0.81,0.82,750825
2016-12-14 00:00:00+05:30,0.82,0.86,0.81,0.82,1401885
2016-12-15 00:00:00+05:30,0.82,0.84,0.81,0.81,359595
2016-12-16 00:00:00+05:30,0.81,0.83,0.8,0.82,304740
2016-12-19 00:00:00+05:30,0.84,0.84,0.78,0.78,2497320
2016-12-20 00:00:00+05:30,0.81,0.84,0.79,0.81,2621205
2016-12-21 00:00:00+05:30,0.82,0.82,0.78,0.79,968445
2016-12-22 00:00:00+05:30,0.78,0.8,0.78,0.78,4949010
2016-12-23 00:00:00+05:30,0.79,0.8,0.78,0.78,1826595
2016-12-26 00:00:00+05:30,0.78,0.79,0.78,0.78,945990
2016-12-27 00:00:00+05:30,0.78,0.8,0.78,0.78,1286370
2016-12-28 00:00:00+05:30,0.78,0.84,0.78,0.8,1977885
2016-12-29 00:00:00+05:30,0.79,0.8,0.78,0.78,1072980
2016-12-30 00:00:00+05:30,0.8,0.81,0.78,0.8,939915
2017-01-02 00:00:00+05:30,0.81,0.81,0.79,0.81,588105
2017-01-03 00:00:00+05:30,0.82,0.84,0.79,0.83,2485485
2017-01-04 00:00:00+05:30,0.84,0.84,0.82,0.83,1394415
2017-01-05 00:00:00+05:30,0.82,0.85,0.82,0.85,2228670
2017-01-06 00:00:00+05:30,0.84,0.93,0.83,0.9,7738785
2017-01-09 00:00:00+05:30,0.96,0.98,0.91,0.97,4130280
2017-01-10 00:00:00+05:30,0.96,0.97,0.93,0.94,3620070
2017-01-11 00:00:00+05:30,0.93,0.96,0.91,0.93,8564400
2017-01-12 00:00:00+05:30,0.92,0.95,0.89,0.9,2390355
2017-01-13 00:00:00+05:30,0.9,0.91,0.87,0.88,2241855
2017-01-16 00:00:00+05:30,0.89,0.91,0.87,0.9,688275
2017-01-17 00:00:00+05:30,0.92,0.92,0.87,0.89,559170
2017-01-18 00:00:00+05:30,0.91,0.91,0.89,0.91,759600
2017-01-19 00:00:00+05:30,0.9,0.93,0.89,0.9,637290
2017-01-20 00:00:00+05:30,0.89,0.89,0.87,0.87,975330
2017-01-23 00:00:00+05:30,0.89,0.9,0.87,0.88,716580
2017-01-24 00:00:00+05:30,0.89,0.9,0.87,0.88,407970
2017-01-25 00:00:00+05:30,0.9,0.92,0.88,0.9,1780335
2017-01-27 00:00:00+05:30,0.9,0.92,0.9,0.91,1079370
2017-01-30 00:00:00+05:30,0.92,0.92,0.87,0.88,2209815
2017-01-31 00:00:00+05:30,0.87,0.87,0.84,0.85,1607895
2017-02-01 00:00:00+05:30,0.87,0.88,0.84,0.87,999630
2017-02-02 00:00:00+05:30,0.86,0.88,0.78,0.81,8751690
2017-02-03 00:00:00+05:30,0.81,0.84,0.78,0.81,2924460
2017-02-06 00:00:00+05:30,0.79,0.84,0.78,0.79,3993120
2017-02-07 00:00:00+05:30,0.81,0.9,0.8,0.89,130206466
2017-02-08 00:00:00+05:30,0.9,0.94,0.87,0.89,35223435
2017-02-09 00:00:00+05:30,0.88,0.89,0.84,0.85,2135205
2017-02-10 00:00:00+05:30,0.85,0.91,0.85,0.88,1883565
2017-02-13 00:00:00+05:30,0.87,0.9,0.87,0.88,1714410
2017-02-14 00:00:00+05:30,0.88,0.89,0.84,0.85,2062890
2017-02-15 00:00:00+05:30,0.81,0.86,0.81,0.83,654840
2017-02-16 00:00:00+05:30,0.82,0.86,0.82,0.85,533565
2017-02-17 00:00:00+05:30,0.85,0.93,0.85,0.89,11450880
2017-02-20 00:00:00+05:30,0.9,0.94,0.89,0.9,21498660
2017-02-21 00:00:00+05:30,0.91,0.92,0.89,0.9,1003500
2017-02-22 00:00:00+05:30,0.89,0.91,0.88,0.88,1973655
2017-02-23 00:00:00+05:30,0.88,0.92,0.88,0.89,2012850
2017-02-27 00:00:00+05:30,0.87,0.93,0.87,0.89,7213455
2017-02-28 00:00:00+05:30,0.9,0.92,0.88,0.89,36992070
2017-03-01 00:00:00+05:30,0.91,0.96,0.9,0.91,13675455
2017-03-02 00:00:00+05:30,0.91,0.91,0.87,0.89,17180145
2017-03-03 00:00:00+05:30,0.89,0.9,0.87,0.89,4404195
2017-03-06 00:00:00+05:30,0.88,0.91,0.87,0.88,2046420
2017-03-07 00:00:00+05:30,0.9,0.94,0.88,0.89,21097620
2017-03-08 00:00:00+05:30,0.9,0.93,0.88,0.88,4927725
2017-03-09 00:00:00+05:30,0.89,1.01,0.89,0.96,75968461
2017-03-10 00:00:00+05:30,0.94,0.96,0.88,0.89,6888465
2017-03-14 00:00:00+05:30,0.93,0.93,0.88,0.88,2977155
2017-03-15 00:00:00+05:30,0.89,0.9,0.85,0.86,4750425
2017-03-16 00:00:00+05:30,0.87,0.88,0.85,0.85,39359385
2017-03-17 00:00:00+05:30,0.87,0.87,0.83,0.84,2484720
2017-03-20 00:00:00+05:30,0.84,0.87,0.84,0.86,1939275
2017-03-21 00:00:00+05:30,0.84,0.85,0.84,0.85,1039140
2017-03-22 00:00:00+05:30,0.84,0.84,0.81,0.82,9437355
2017-03-23 00:00:00+05:30,0.82,0.83,0.78,0.81,12810015
2017-03-24 00:00:00+05:30,0.83,0.86,0.8,0.81,10024470
2017-03-27 00:00:00+05:30,0.81,0.83,0.79,0.8,2746575
2017-03-28 00:00:00+05:30,0.82,0.82,0.78,0.79,6097275
2017-03-29 00:00:00+05:30,0.81,0.83,0.79,0.81,3134790
2017-03-30 00:00:00+05:30,0.82,0.83,0.8,0.83,2191815
2017-03-31 00:00:00+05:30,0.82,0.83,0.8,0.81,2776860
2017-04-03 00:00:00+05:30,0.8,0.82,0.8,0.81,6254100
2017-04-05 00:00:00+05:30,0.81,0.83,0.81,0.83,1292445
2017-04-06 00:00:00+05:30,0.82,0.83,0.81,0.81,6447870
2017-04-07 00:00:00+05:30,0.82,0.84,0.81,0.82,8944155
2017-04-10 00:00:00+05:30,0.83,0.83,0.81,0.82,3335895
2017-04-11 00:00:00+05:30,0.82,0.87,0.81,0.84,10128465
2017-04-12 00:00:00+05:30,0.83,0.98,0.83,0.97,68722741
2017-04-13 00:00:00+05:30,0.97,1.02,0.82,0.83,98610481
2017-04-17 00:00:00+05:30,0.84,0.88,0.83,0.86,25359435
2017-04-18 00:00:00+05:30,0.86,0.87,0.83,0.83,5776605
2017-04-19 00:00:00+05:30,0.83,0.84,0.82,0.82,14992245
2017-04-20 00:00:00+05:30,0.83,0.84,0.82,0.82,4606020
2017-04-21 00:00:00+05:30,0.83,0.85,0.79,0.8,8865270
2017-04-24 00:00:00+05:30,0.81,0.87,0.81,0.83,41071005
2017-04-25 00:00:00+05:30,0.84,0.84,0.78,0.78,34373250
2017-04-26 00:00:00+05:30,0.78,0.81,0.76,0.77,21738555
2017-04-27 00:00:00+05:30,0.77,0.78,0.75,0.77,1432665
2017-04-28 00:00:00+05:30,0.78,0.78,0.75,0.76,7014015
2017-05-02 00:00:00+05:30,0.76,0.79,0.74,0.75,45313650
2017-05-03 00:00:00+05:30,0.76,0.77,0.68,0.74,28899765
2017-05-04 00:00:00+05:30,0.73,0.87,0.73,0.86,39269160
2017-05-05 00:00:00+05:30,0.87,0.87,0.8,0.81,8247780
2017-05-08 00:00:00+05:30,0.82,0.82,0.77,0.81,4929885
2017-05-09 00:00:00+05:30,0.82,0.91,0.82,0.89,45963135
2017-05-10 00:00:00+05:30,0.9,0.93,0.88,0.92,33907095
2017-05-11 00:00:00+05:30,0.9,0.9,0.85,0.89,18536625
2017-05-12 00:00:00+05:30,0.92,0.94,0.89,0.91,27454590
2017-05-15 00:00:00+05:30,0.9,0.91,0.87,0.88,1555290
2017-05-16 00:00:00+05:30,0.87,0.9,0.87,0.88,4557510
2017-05-17 00:00:00+05:30,0.89,0.94,0.84,0.89,10655820
2017-05-18 00:00:00+05:30,0.9,0.9,0.86,0.86,2210625
2017-05-19 00:00:00+05:30,0.89,0.89,0.82,0.85,3098430
2017-05-22 00:00:00+05:30,0.85,0.86,0.83,0.84,661050
2017-05-23 00:00:00+05:30,0.86,0.87,0.81,0.83,2555280
2017-05-24 00:00:00+05:30,0.82,0.86,0.81,0.83,12979035
2017-05-25 00:00:00+05:30,0.82,0.86,0.82,0.85,1371015
2017-05-26 00:00:00+05:30,0.85,0.87,0.82,0.84,4345470
2017-05-29 00:00:00+05:30,0.84,0.86,0.81,0.82,2136780
2017-05-30 00:00:00+05:30,0.81,0.84,0.8,0.81,2244465
2017-05-31 00:00:00+05:30,0.81,0.86,0.8,0.81,2522565
2017-06-01 00:00:00+05:30,0.83,0.83,0.8,0.82,17042985
2017-06-02 00:00:00+05:30,0.81,0.89,0.81,0.88,35607600
2017-06-05 00:00:00+05:30,0.88,0.89,0.86,0.87,3814020
2017-06-06 00:00:00+05:30,0.84,0.88,0.84,0.87,872640
2017-06-07 00:00:00+05:30,0.87,0.94,0.87,0.94,20978955
2017-06-08 00:00:00+05:30,0.93,1.05,0.93,0.98,42038550
2017-06-09 00:00:00+05:30,0.99,0.99,0.95,0.96,9938475
2017-06-12 00:00:00+05:30,0.94,0.98,0.93,0.94,6371460
2017-06-13 00:00:00+05:30,0.97,0.98,0.93,0.95,16601040
2017-06-14 00:00:00+05:30,0.94,0.95,0.91,0.93,2756700
2017-06-15 00:00:00+05:30,0.94,1.01,0.93,0.94,5363370
2017-06-16 00:00:00+05:30,0.95,0.97,0.92,0.93,8837415
2017-06-19 00:00:00+05:30,0.95,0.98,0.85,0.95,4206915
2017-06-20 00:00:00+05:30,0.96,1.05,0.92,1.02,31571280
2017-06-21 00:00:00+05:30,1.03,1.09,0.97,1.04,29804580
2017-06-22 00:00:00+05:30,1.07,1.08,1.04,1.05,5955120
2017-06-23 00:00:00+05:30,1.04,1.08,0.97,1.0,9021870
2017-06-27 00:00:00+05:30,1.02,1.19,1.0,1.19,72246466
2017-06-28 00:00:00+05:30,1.22,1.24,1.11,1.14,21410280
2017-06-29 00:00:00+05:30,1.11,1.2,1.11,1.14,6299865
2017-06-30 00:00:00+05:30,1.14,1.17,1.12,1.13,7554195
2017-07-03 00:00:00+05:30,1.12,1.36,1.12,1.36,73629496
2017-07-04 00:00:00+05:30,1.42,1.44,1.32,1.35,81014041
2017-07-05 00:00:00+05:30,1.37,1.41,1.31,1.38,17473455
2017-07-06 00:00:00+05:30,1.39,1.39,1.33,1.35,7171965
2017-07-07 00:00:00+05:30,1.33,1.39,1.33,1.35,5305905
2017-07-10 00:00:00+05:30,1.36,1.41,1.33,1.38,1472310
2017-07-11 00:00:00+05:30,1.37,1.42,1.34,1.36,10602180
2017-07-12 00:00:00+05:30,1.35,1.37,1.33,1.34,2758950
2017-07-13 00:00:00+05:30,1.34,1.4,1.31,1.33,8359830
2017-07-14 00:00:00+05:30,1.33,1.36,1.3,1.31,2443995
2017-07-17 00:00:00+05:30,1.32,1.35,1.31,1.33,2285505
2017-07-18 00:00:00+05:30,1.33,1.37,1.27,1.29,6406065
2017-07-19 00:00:00+05:30,1.27,1.35,1.27,1.31,3136500
2017-07-20 00:00:00+05:30,1.31,1.33,1.27,1.28,3037545
2017-07-21 00:00:00+05:30,1.29,1.29,1.19,1.24,3080970
2017-07-24 00:00:00+05:30,1.22,1.41,1.22,1.27,28795095
2017-07-25 00:00:00+05:30,1.28,1.33,1.27,1.3,9039015
2017-07-26 00:00:00+05:30,1.29,1.33,1.27,1.28,1569195
2017-07-27 00:00:00+05:30,1.28,1.31,1.23,1.24,2238885
2017-07-28 00:00:00+05:30,1.23,1.26,1.22,1.23,3896100
2017-07-31 00:00:00+05:30,1.26,1.29,1.22,1.24,3127770
2017-08-01 00:00:00+05:30,1.21,1.29,1.2,1.21,20746575
2017-08-02 00:00:00+05:30,1.22,1.25,1.2,1.21,4991310
2017-08-03 00:00:00+05:30,1.22,1.27,1.22,1.25,3891645
2017-08-04 00:00:00+05:30,1.25,1.32,1.24,1.25,7183575
2017-08-07 00:00:00+05:30,1.26,1.44,1.26,1.42,29774970
2017-08-08 00:00:00+05:30,1.43,1.46,1.38,1.42,52040250
2017-08-09 00:00:00+05:30,1.41,1.41,1.29,1.33,13417785
2017-08-10 00:00:00+05:30,1.31,1.32,1.19,1.21,5661630
2017-08-11 00:00:00+05:30,1.16,1.19,1.07,1.1,6254460
2017-08-14 00:00:00+05:30,1.1,1.17,1.1,1.15,3920580
2017-08-16 00:00:00+05:30,1.19,1.25,1.16,1.2,7986375
2017-08-17 00:00:00+05:30,1.21,1.26,1.19,1.22,3288015
2017-08-18 00:00:00+05:30,1.2,1.21,1.18,1.19,2898000
2017-08-21 00:00:00+05:30,1.2,1.2,1.15,1.16,3288015
2017-08-22 00:00:00+05:30,1.18,1.18,1.1,1.11,1974645
2017-08-23 00:00:00+05:30,1.12,1.16,1.11,1.15,765810
2017-08-24 00:00:00+05:30,1.16,1.18,1.13,1.14,2185110
2017-08-28 00:00:00+05:30,1.11,1.22,1.11,1.21,6758235
2017-08-29 00:00:00+05:30,1.18,1.26,1.16,1.19,4920165
2017-08-30 00:00:00+05:30,1.2,1.28,1.2,1.27,6561855
2017-08-31 00:00:00+05:30,1.29,1.34,1.23,1.33,12430575
2017-09-01 00:00:00+05:30,1.35,1.42,1.32,1.39,9198405
2017-09-04 00:00:00+05:30,1.41,1.42,1.31,1.36,3549150
2017-09-05 00:00:00+05:30,1.38,1.46,1.37,1.39,13089645
2017-09-06 00:00:00+05:30,1.38,1.46,1.34,1.42,13738095
2017-09-07 00:00:00+05:30,1.43,1.51,1.41,1.43,6375870
2017-09-08 00:00:00+05:30,1.44,1.46,1.37,1.4,8984835
2017-09-11 00:00:00+05:30,1.38,1.62,1.38,1.55,44790705
2017-09-12 00:00:00+05:30,1.57,1.63,1.54,1.58,21980745
2017-09-13 00:00:00+05:30,1.59,1.69,1.56,1.66,25796160
2017-09-14 00:00:00+05:30,1.66,1.69,1.55,1.67,29043630
2017-09-15 00:00:00+05:30,1.64,1.67,1.59,1.6,5150565
2017-09-18 00:00:00+05:30,1.61,1.68,1.59,1.61,6265125
2017-09-19 00:00:00+05:30,1.62,1.64,1.58,1.59,4823190
2017-09-20 00:00:00+05:30,1.6,1.63,1.56,1.59,3171825
2017-09-21 00:00:00+05:30,1.58,1.66,1.52,1.56,6570585
2017-09-22 00:00:00+05:30,1.55,1.56,1.5,1.54,5350815
2017-09-25 00:00:00+05:30,1.55,1.55,1.46,1.47,3087450
2017-09-26 00:00:00+05:30,1.49,1.62,1.47,1.6,15100605
2017-09-27 00:00:00+05:30,1.6,1.65,1.48,1.5,13236525
2017-09-28 00:00:00+05:30,1.51,1.56,1.51,1.54,1991115
2017-09-29 00:00:00+05:30,1.55,1.56,1.52,1.53,2808090
2017-10-03 00:00:00+05:30,1.58,1.58,1.49,1.51,1071450
2017-10-04 00:00:00+05:30,1.52,1.54,1.5,1.51,1097775
2017-10-05 00:00:00+05:30,1.55,1.55,1.51,1.52,2642580
2017-10-06 00:00:00+05:30,1.54,1.58,1.49,1.57,5950395
2017-10-09 00:00:00+05:30,1.56,1.57,1.54,1.55,2367675
2017-10-10 00:00:00+05:30,1.58,1.75,1.55,1.74,32268240
2017-10-11 00:00:00+05:30,1.81,1.81,1.7,1.71,10849320
2017-10-12 00:00:00+05:30,1.72,1.82,1.72,1.75,9514080
2017-10-13 00:00:00+05:30,1.76,1.82,1.74,1.79,15998850
2017-10-16 00:00:00+05:30,1.82,1.86,1.74,1.76,6844860
2017-10-17 00:00:00+05:30,1.75,1.76,1.7,1.72,1538910
2017-10-18 00:00:00+05:30,1.67,2.06,1.67,2.06,62828730
2017-10-19 00:00:00+05:30,2.22,2.22,1.91,1.94,43213815
2017-10-23 00:00:00+05:30,1.96,2.21,1.91,2.1,57438315
2017-10-24 00:00:00+05:30,2.09,2.16,2.0,2.05,47233530
2017-10-25 00:00:00+05:30,2.09,2.13,2.02,2.04,47924505
2017-10-26 00:00:00+05:30,2.05,2.09,1.64,1.68,36773010
2017-10-27 00:00:00+05:30,1.67,1.81,1.67,1.74,19524060
2017-10-30 00:00:00+05:30,1.75,1.87,1.75,1.83,25644735
2017-10-31 00:00:00+05:30,1.83,1.9,1.79,1.85,22857165
2017-11-01 00:00:00+05:30,1.86,2.04,1.85,1.95,53099415
2017-11-02 00:00:00+05:30,1.95,2.03,1.92,1.99,22353975
2017-11-03 00:00:00+05:30,1.99,2.01,1.74,1.82,52776405
2017-11-06 00:00:00+05:30,1.84,1.85,1.71,1.75,9538290
2017-11-07 00:00:00+05:30,1.77,1.87,1.73,1.81,20770740
2017-11-08 00:00:00+05:30,1.83,1.92,1.82,1.87,44115885
2017-11-09 00:00:00+05:30,1.88,2.08,1.87,2.0,93769651
2017-11-10 00:00:00+05:30,2.02,2.15,1.96,1.97,103828816
2017-11-13 00:00:00+05:30,1.99,2.36,1.99,2.36,143924807
2017-11-14 00:00:00+05:30,2.42,2.5,2.26,2.4,145530632
2017-11-15 00:00:00+05:30,2.35,2.48,2.25,2.32,76814326
2017-11-16 00:00:00+05:30,2.33,2.39,2.29,2.32,41936085
2017-11-17 00:00:00+05:30,2.35,2.42,2.26,2.27,54491715
2017-11-20 00:00:00+05:30,2.28,2.56,2.27,2.47,130847311
2017-11-21 00:00:00+05:30,2.47,2.68,2.44,2.61,169335677
2017-11-22 00:00:00+05:30,2.61,2.77,2.61,2.72,114453541
2017-11-23 00:00:00+05:30,2.72,2.8,2.69,2.76,74147311
2017-11-24 00:00:00+05:30,2.77,2.94,2.7,2.9,118781551
2017-11-27 00:00:00+05:30,2.91,3.02,2.76,2.8,127771966
2017-11-28 00:00:00+05:30,2.8,2.89,2.78,2.78,60599745
2017-11-29 00:00:00+05:30,2.81,2.98,2.69,2.84,55950210
2017-11-30 00:00:00+05:30,2.83,3.0,2.81,2.86,67928581
2017-12-01 00:00:00+05:30,2.92,2.92,2.76,2.79,65003895
2017-12-04 00:00:00+05:30,2.78,2.91,2.72,2.79,53710695
2017-12-05 00:00:00+05:30,2.62,2.83,2.54,2.67,93649186
2017-12-06 00:00:00+05:30,2.66,2.7,2.25,2.42,102062791
2017-12-07 00:00:00+05:30,2.3,2.33,2.3,2.3,452835
2017-12-08 00:00:00+05:30,2.22,2.22,2.18,2.18,156195
2017-12-11 00:00:00+05:30,2.07,2.29,2.07,2.29,9699705
2017-12-12 00:00:00+05:30,2.31,2.4,2.18,2.29,1663920
2017-12-13 00:00:00+05:30,2.35,2.35,2.21,2.23,684495
2017-12-14 00:00:00+05:30,2.29,2.29,2.13,2.22,4639320
2017-12-15 00:00:00+05:30,2.29,2.29,2.18,2.2,3627855
2017-12-18 00:00:00+05:30,2.27,2.29,2.16,2.24,2490615
2017-12-19 00:00:00+05:30,2.22,2.33,2.22,2.26,704520
2017-12-20 00:00:00+05:30,2.27,2.29,2.15,2.18,1610235
2017-12-21 00:00:00+05:30,2.26,2.26,2.17,2.18,260955
2017-12-22 00:00:00+05:30,2.19,2.22,2.07,2.16,502380
2017-12-26 00:00:00+05:30,2.16,2.27,2.13,2.17,607410
2017-12-27 00:00:00+05:30,2.16,2.22,2.07,2.22,5267655
2017-12-28 00:00:00+05:30,2.24,2.24,2.12,2.15,3772575
2017-12-29 00:00:00+05:30,2.23,2.24,2.07,2.16,1101870
2018-01-01 00:00:00+05:30,2.09,2.17,2.08,2.1,3631185
2018-01-02 00:00:00+05:30,2.09,2.15,2.0,2.04,3909825
2018-01-03 00:00:00+05:30,2.05,2.15,1.96,2.14,1881675
2018-01-04 00:00:00+05:30,2.11,2.18,2.05,2.09,736650
2018-01-05 00:00:00+05:30,2.18,2.19,2.04,2.19,4704885
2018-01-08 00:00:00+05:30,2.18,2.28,2.18,2.24,997515
2018-01-09 00:00:00+05:30,2.27,2.29,2.2,2.24,404910
2018-01-10 00:00:00+05:30,2.27,2.27,2.18,2.22,3568545
2018-01-11 00:00:00+05:30,2.31,2.31,2.21,2.25,3508605
2018-01-12 00:00:00+05:30,2.31,2.36,2.29,2.36,1777455
2018-01-15 00:00:00+05:30,2.48,2.48,2.48,2.48,513585
2018-01-16 00:00:00+05:30,2.6,2.6,2.36,2.55,3443130
2018-01-17 00:00:00+05:30,2.55,2.61,2.47,2.6,1308645
2018-01-18 00:00:00+05:30,2.62,2.66,2.47,2.47,1072710
2018-01-19 00:00:00+05:30,2.53,2.53,2.35,2.42,1273365
2018-01-22 00:00:00+05:30,2.46,2.51,2.4,2.44,2143125
2018-01-23 00:00:00+05:30,2.52,2.56,2.51,2.56,139784
2018-01-24 00:00:00+05:30,2.69,2.69,2.61,2.65,1329119
2018-01-25 00:00:00+05:30,2.63,2.63,2.52,2.52,1599089
2018-01-29 00:00:00+05:30,2.47,2.57,2.4,2.49,618299
2018-01-30 00:00:00+05:30,2.55,2.55,2.36,2.38,528134
2018-01-31 00:00:00+05:30,2.27,2.4,2.26,2.26,1728659
2018-02-01 00:00:00+05:30,2.26,2.27,2.15,2.15,375734
2018-02-02 00:00:00+05:30,2.05,2.25,2.05,2.2,2942459
2018-02-05 00:00:00+05:30,2.09,2.09,2.09,2.09,81194
2018-02-06 00:00:00+05:30,1.99,1.99,1.99,1.99,80804
2018-02-07 00:00:00+05:30,1.89,2.03,1.89,1.91,3586184
2018-02-08 00:00:00+05:30,1.83,2.0,1.83,2.0,593729
2018-02-09 00:00:00+05:30,1.9,2.1,1.9,2.1,7083119
2018-02-12 00:00:00+05:30,2.2,2.2,2.14,2.2,558359
2018-02-14 00:00:00+05:30,2.31,2.31,2.2,2.24,8011409
2018-02-15 00:00:00+05:30,2.26,2.26,2.14,2.2,1214294
2018-02-16 00:00:00+05:30,2.27,2.27,2.09,2.09,277889
2018-02-19 00:00:00+05:30,2.09,2.09,1.99,2.0,528194
2018-02-20 00:00:00+05:30,1.91,2.1,1.91,2.04,2354429
2018-02-21 00:00:00+05:30,2.03,2.1,1.94,1.95,6367634
2018-02-22 00:00:00+05:30,1.87,1.95,1.85,1.86,556904
2018-02-23 00:00:00+05:30,1.77,1.83,1.77,1.79,989099
2018-02-26 00:00:00+05:30,1.87,1.87,1.7,1.71,3951854
2018-02-27 00:00:00+05:30,1.71,1.79,1.64,1.79,7153199
2018-02-28 00:00:00+05:30,1.79,1.88,1.73,1.88,1447814
2018-03-01 00:00:00+05:30,1.82,1.96,1.82,1.9,5070359
2018-03-05 00:00:00+05:30,1.96,1.96,1.81,1.81,2312069
2018-03-06 00:00:00+05:30,1.75,1.83,1.75,1.78,227189
2018-03-07 00:00:00+05:30,1.73,1.74,1.69,1.69,2276219
2018-03-08 00:00:00+05:30,1.68,1.78,1.61,1.78,1640909
2018-03-09 00:00:00+05:30,1.8,1.86,1.73,1.85,3209264
2018-03-12 00:00:00+05:30,1.87,1.94,1.81,1.94,4758479
2018-03-13 00:00:00+05:30,1.9,1.99,1.87,1.9,1211039
2018-03-14 00:00:00+05:30,1.87,1.97,1.85,1.88,13200659
2018-03-15 00:00:00+05:30,1.9,1.94,1.84,1.88,1310174
2018-03-16 00:00:00+05:30,1.87,1.87,1.8,1.82,199409
2018-03-19 00:00:00+05:30,1.81,1.82,1.73,1.8,480119
2018-03-20 00:00:00+05:30,1.74,1.82,1.71,1.73,8026544
2018-03-21 00:00:00+05:30,1.8,1.8,1.65,1.67,867794
2018-03-22 00:00:00+05:30,1.65,1.69,1.58,1.59,879884
2018-03-23 00:00:00+05:30,1.51,1.58,1.51,1.54,510374
2018-03-26 00:00:00+05:30,1.46,1.5,1.46,1.47,847964
2018-03-27 00:00:00+05:30,1.47,1.53,1.4,1.42,1288934
2018-03-28 00:00:00+05:30,1.4,1.4,1.35,1.35,461609
2018-04-02 00:00:00+05:30,1.35,1.39,1.28,1.28,954689
2018-04-03 00:00:00+05:30,1.24,1.27,1.22,1.22,947159
2018-04-04 00:00:00+05:30,1.18,1.28,1.18,1.27,1108724
2018-04-05 00:00:00+05:30,1.32,1.34,1.27,1.32,1470884
2018-04-06 00:00:00+05:30,1.37,1.37,1.31,1.33,1219454
2018-04-09 00:00:00+05:30,1.28,1.36,1.28,1.32,442319
2018-04-10 00:00:00+05:30,1.33,1.36,1.26,1.28,997889
2018-04-11 00:00:00+05:30,1.29,1.31,1.23,1.25,708074
2018-04-12 00:00:00+05:30,1.24,1.31,1.24,1.31,2062724
2018-04-13 00:00:00+05:30,1.32,1.38,1.26,1.38,1382819
2018-04-16 00:00:00+05:30,1.37,1.44,1.32,1.44,12765749
2018-04-17 00:00:00+05:30,1.5,1.5,1.41,1.45,24205978
2018-04-18 00:00:00+05:30,1.42,1.46,1.38,1.39,7670819
2018-04-19 00:00:00+05:30,1.4,1.4,1.33,1.33,1008839
2018-04-20 00:00:00+05:30,1.27,1.39,1.26,1.39,5708144
2018-04-23 00:00:00+05:30,1.38,1.46,1.35,1.41,15793844
2018-04-24 00:00:00+05:30,1.41,1.45,1.36,1.38,3145724
2018-04-25 00:00:00+05:30,1.38,1.39,1.33,1.34,394829
2018-04-26 00:00:00+05:30,1.34,1.4,1.3,1.35,3986564
2018-04-27 00:00:00+05:30,1.34,1.38,1.32,1.32,230384
2018-04-30 00:00:00+05:30,1.29,1.35,1.26,1.27,1319729
2018-05-02 00:00:00+05:30,1.26,1.29,1.21,1.21,801944
2018-05-03 00:00:00+05:30,1.19,1.22,1.15,1.15,2566319
2018-05-04 00:00:00+05:30,1.15,1.2,1.09,1.17,15553919
2018-05-07 00:00:00+05:30,1.18,1.18,1.12,1.13,1606094
2018-05-08 00:00:00+05:30,1.1,1.17,1.1,1.16,2444684
2018-05-09 00:00:00+05:30,1.18,1.18,1.11,1.13,6887279
2018-05-10 00:00:00+05:30,1.11,1.13,1.09,1.11,223559
2018-05-11 00:00:00+05:30,1.14,1.14,1.06,1.08,1109159
2018-05-14 00:00:00+05:30,1.07,1.13,1.03,1.05,3451409
2018-05-15 00:00:00+05:30,1.07,1.07,1.0,1.0,2804159
2018-05-16 00:00:00+05:30,0.96,1.03,0.95,0.98,1648919
2018-05-17 00:00:00+05:30,0.95,1.01,0.95,0.99,2003354
2018-05-18 00:00:00+05:30,1.02,1.02,0.95,0.97,721724
2018-05-21 00:00:00+05:30,0.95,0.97,0.92,0.92,1812944
2018-05-22 00:00:00+05:30,0.89,0.96,0.88,0.89,2173514
2018-05-23 00:00:00+05:30,0.89,0.89,0.84,0.85,39719758
2018-05-24 00:00:00+05:30,0.86,0.88,0.81,0.81,2348729
2018-05-25 00:00:00+05:30,0.81,0.82,0.77,0.77,2319239
2018-05-28 00:00:00+05:30,0.76,0.81,0.75,0.81,1025444
2018-05-29 00:00:00+05:30,0.85,0.85,0.78,0.8,3483074
2018-05-30 00:00:00+05:30,0.81,0.83,0.77,0.79,1306634
2018-05-31 00:00:00+05:30,0.78,0.79,0.75,0.75,822809
2018-06-01 00:00:00+05:30,0.77,0.78,0.71,0.76,1380704
2018-06-04 00:00:00+05:30,0.73,0.79,0.72,0.72,1052009
2018-06-05 00:00:00+05:30,0.73,0.73,0.69,0.69,473474
2018-06-06 00:00:00+05:30,0.65,0.68,0.65,0.65,527669
2018-06-07 00:00:00+05:30,0.66,0.68,0.62,0.62,499919
2018-06-08 00:00:00+05:30,0.59,0.6,0.59,0.6,2212574
2018-06-11 00:00:00+05:30,0.6,0.6,0.57,0.57,500234
2018-06-12 00:00:00+05:30,0.55,0.59,0.54,0.54,559874
2018-06-13 00:00:00+05:30,0.52,0.57,0.52,0.57,5419259
2018-06-14 00:00:00+05:30,0.55,0.6,0.55,0.6,12932339
2018-06-15 00:00:00+05:30,0.62,0.62,0.58,0.62,1964924
2018-06-18 00:00:00+05:30,0.62,0.63,0.59,0.59,1025129
2018-06-19 00:00:00+05:30,0.57,0.59,0.57,0.58,885989
2018-06-20 00:00:00+05:30,0.58,0.6,0.55,0.57,275579
2018-06-21 00:00:00+05:30,0.57,0.57,0.55,0.55,73424
2018-06-22 00:00:00+05:30,0.55,0.57,0.54,0.54,383174
2018-06-25 00:00:00+05:30,0.53,0.57,0.52,0.54,604574
2018-06-26 00:00:00+05:30,0.52,0.55,0.51,0.53,246344
2018-06-27 00:00:00+05:30,0.52,0.53,0.51,0.52,441644
2018-06-28 00:00:00+05:30,0.52,0.54,0.5,0.5,285494
2018-06-29 00:00:00+05:30,0.52,0.52,0.48,0.48,536084
2018-07-02 00:00:00+05:30,0.47,0.5,0.46,0.5,412394
2018-07-03 00:00:00+05:30,0.5,0.5,0.47,0.48,741404
2018-07-04 00:00:00+05:30,0.48,0.48,0.46,0.47,741599
2018-07-05 00:00:00+05:30,0.47,0.47,0.45,0.45,613109
2018-07-06 00:00:00+05:30,0.43,0.45,0.43,0.43,278594
2018-07-09 00:00:00+05:30,0.43,0.43,0.41,0.41,752474
2018-07-10 00:00:00+05:30,0.41,0.43,0.4,0.43,852194
2018-07-11 00:00:00+05:30,0.45,0.45,0.45,0.45,137744
2018-07-12 00:00:00+05:30,0.47,0.47,0.44,0.47,555629
2018-07-13 00:00:00+05:30,0.47,0.49,0.45,0.46,706799
2018-07-16 00:00:00+05:30,0.46,0.46,0.44,0.44,378719
2018-07-17 00:00:00+05:30,0.42,0.43,0.42,0.42,251894
2018-07-18 00:00:00+05:30,0.43,0.43,0.4,0.4,504149
2018-07-19 00:00:00+05:30,0.4,0.4,0.38,0.38,214784
2018-07-20 00:00:00+05:30,0.36,0.39,0.36,0.36,263429
2018-07-23 00:00:00+05:30,0.37,0.37,0.35,0.35,1279409
2018-07-24 00:00:00+05:30,0.33,0.35,0.33,0.33,3493019
2018-07-25 00:00:00+05:30,0.34,0.34,0.32,0.34,670304
2018-07-26 00:00:00+05:30,0.36,0.36,0.36,0.36,6934124
2018-07-27 00:00:00+05:30,0.35,0.38,0.35,0.38,152054
2018-07-30 00:00:00+05:30,0.39,0.39,0.38,0.39,495104
2018-07-31 00:00:00+05:30,0.41,0.41,0.41,0.41,4477499
2018-08-01 00:00:00+05:30,0.43,0.43,0.43,0.43,64724
2018-08-02 00:00:00+05:30,0.45,0.45,0.43,0.45,168809
2018-08-03 00:00:00+05:30,0.47,0.47,0.47,0.47,134519
2018-08-06 00:00:00+05:30,0.49,0.49,0.45,0.47,3499814
2018-08-07 00:00:00+05:30,0.47,0.49,0.46,0.49,1376429
2018-08-08 00:00:00+05:30,0.5,0.5,0.47,0.48,475709
2018-08-09 00:00:00+05:30,0.48,0.5,0.47,0.48,261824
2018-08-10 00:00:00+05:30,0.48,0.5,0.47,0.49,1042769
2018-08-13 00:00:00+05:30,0.47,0.48,0.47,0.47,584354
2018-08-14 00:00:00+05:30,0.47,0.48,0.44,0.46,978854
2018-08-16 00:00:00+05:30,0.45,0.48,0.45,0.48,565784
2018-08-17 00:00:00+05:30,0.47,0.48,0.47,0.47,187694
2018-08-20 00:00:00+05:30,0.46,0.48,0.45,0.47,300389
2018-08-21 00:00:00+05:30,0.49,0.49,0.45,0.47,406859
2018-08-23 00:00:00+05:30,0.47,0.48,0.45,0.47,126269
2018-08-24 00:00:00+05:30,0.46,0.48,0.45,0.47,305789
2018-08-27 00:00:00+05:30,0.48,0.48,0.45,0.46,406064
2018-08-28 00:00:00+05:30,0.47,0.47,0.45,0.47,405059
2018-08-29 00:00:00+05:30,0.45,0.48,0.45,0.47,318194
2018-08-30 00:00:00+05:30,0.48,0.48,0.46,0.46,250829
2018-08-31 00:00:00+05:30,0.46,0.47,0.45,0.46,130964
2018-09-03 00:00:00+05:30,0.47,0.47,0.46,0.47,310949
2018-09-04 00:00:00+05:30,0.46,0.47,0.45,0.47,193319
2018-09-05 00:00:00+05:30,0.47,0.48,0.46,0.47,437309
2018-09-06 00:00:00+05:30,0.45,0.48,0.45,0.48,311294
2018-09-07 00:00:00+05:30,0.49,0.49,0.46,0.46,298079
2018-09-10 00:00:00+05:30,0.47,0.47,0.45,0.45,114989
2018-09-11 00:00:00+05:30,0.45,0.46,0.45,0.46,36689
2018-09-12 00:00:00+05:30,0.45,0.47,0.45,0.47,192299
2018-09-14 00:00:00+05:30,0.46,0.47,0.45,0.46,71594
2018-09-17 00:00:00+05:30,0.45,0.47,0.45,0.45,197489
2018-09-18 00:00:00+05:30,0.45,0.46,0.44,0.45,132119
2018-09-19 00:00:00+05:30,0.45,0.45,0.43,0.43,394229
2018-09-21 00:00:00+05:30,0.41,0.43,0.41,0.41,465899
2018-09-24 00:00:00+05:30,0.39,0.42,0.39,0.4,213404
2018-09-25 00:00:00+05:30,0.39,0.42,0.38,0.4,6497999
2018-09-26 00:00:00+05:30,0.4,0.41,0.39,0.4,287909
2018-09-27 00:00:00+05:30,0.39,0.42,0.38,0.38,536279
2018-09-28 00:00:00+05:30,0.38,0.4,0.37,0.37,416624
2018-10-01 00:00:00+05:30,0.35,0.37,0.35,0.35,103334
2018-10-03 00:00:00+05:30,0.34,0.37,0.34,0.36,183569
2018-10-04 00:00:00+05:30,0.37,0.37,0.34,0.34,288734
2018-10-05 00:00:00+05:30,0.33,0.36,0.33,0.33,281174
2018-10-08 00:00:00+05:30,0.33,0.34,0.31,0.32,360374
2018-10-09 00:00:00+05:30,0.32,0.33,0.31,0.31,360194
2018-10-10 00:00:00+05:30,0.32,0.33,0.3,0.3,1014719
2018-10-11 00:00:00+05:30,0.3,0.3,0.29,0.3,456239
2018-10-12 00:00:00+05:30,0.3,0.3,0.28,0.29,467054
2018-10-15 00:00:00+05:30,0.28,0.3,0.28,0.29,260624
2018-10-16 00:00:00+05:30,0.3,0.3,0.28,0.3,433199
2018-10-17 00:00:00+05:30,0.31,0.31,0.3,0.31,293264
2018-10-19 00:00:00+05:30,0.33,0.33,0.31,0.32,878144
2018-10-22 00:00:00+05:30,0.33,0.33,0.31,0.33,172034
2018-10-23 00:00:00+05:30,0.31,0.33,0.31,0.32,252599
2018-10-24 00:00:00+05:30,0.32,0.33,0.31,0.33,43049
2018-10-25 00:00:00+05:30,0.33,0.33,0.31,0.31,63494
2018-10-26 00:00:00+05:30,0.31,0.33,0.3,0.31,1777784
2018-10-29 00:00:00+05:30,0.32,0.32,0.3,0.32,3877619
2018-10-30 00:00:00+05:30,0.33,0.33,0.31,0.31,1753964
2018-10-31 00:00:00+05:30,0.31,0.31,0.29,0.29,237884
2018-11-01 00:00:00+05:30,0.29,0.3,0.28,0.3,277769
2018-11-02 00:00:00+05:30,0.3,0.31,0.29,0.29,982109
2018-11-05 00:00:00+05:30,0.29,0.3,0.28,0.28,6423314
2018-11-06 00:00:00+05:30,0.29,0.29,0.27,0.27,831149
2018-11-07 00:00:00+05:30,0.28,0.28,0.28,0.28,63569
2018-11-09 00:00:00+05:30,0.29,0.29,0.27,0.28,405134
2018-11-12 00:00:00+05:30,0.29,0.29,0.28,0.29,670859
2018-11-13 00:00:00+05:30,0.3,0.3,0.28,0.28,371024
2018-11-14 00:00:00+05:30,0.29,0.3,0.28,0.29,664229
2018-11-15 00:00:00+05:30,0.31,0.31,0.28,0.28,436394
2018-11-16 00:00:00+05:30,0.27,0.28,0.27,0.28,451109
2018-11-19 00:00:00+05:30,0.29,0.29,0.27,0.28,615809
2018-11-20 00:00:00+05:30,0.29,0.29,0.27,0.27,1039004
2018-11-21 00:00:00+05:30,0.27,0.27,0.26,0.27,409079
2018-11-22 00:00:00+05:30,0.26,0.27,0.26,0.27,203819
2018-11-26 00:00:00+05:30,0.28,0.28,0.26,0.26,656864
2018-11-27 00:00:00+05:30,0.25,0.26,0.25,0.26,22976908
2018-11-28 00:00:00+05:30,0.26,0.26,0.25,0.25,8878934
2018-11-29 00:00:00+05:30,0.25,0.25,0.24,0.24,960674
2018-11-30 00:00:00+05:30,0.23,0.24,0.23,0.23,2462279
2018-12-03 00:00:00+05:30,0.24,0.24,0.22,0.22,11039924
2018-12-04 00:00:00+05:30,0.23,0.23,0.21,0.21,9552449
2018-12-05 00:00:00+05:30,0.21,0.22,0.2,0.2,2583584
2018-12-06 00:00:00+05:30,0.19,0.21,0.19,0.2,5144114
2018-12-07 00:00:00+05:30,0.2,0.2,0.2,0.2,465524
2018-12-10 00:00:00+05:30,0.21,0.21,0.19,0.2,444389
2018-12-11 00:00:00+05:30,0.2,0.21,0.19,0.21,822134
2018-12-12 00:00:00+05:30,0.22,0.22,0.2,0.2,4706579
2018-12-13 00:00:00+05:30,0.2,0.2,0.19,0.2,1203149
2018-12-14 00:00:00+05:30,0.2,0.2,0.19,0.19,1800959
2018-12-17 00:00:00+05:30,0.19,0.19,0.18,0.18,2119019
2018-12-18 00:00:00+05:30,0.19,0.19,0.18,0.18,1453259
2018-12-19 00:00:00+05:30,0.19,0.19,0.18,0.19,7594199
2018-12-20 00:00:00+05:30,0.19,0.19,0.19,0.19,423254
2018-12-21 00:00:00+05:30,0.19,0.2,0.19,0.2,1112189
2018-12-24 00:00:00+05:30,0.21,0.21,0.19,0.2,10374074
2018-12-26 00:00:00+05:30,0.2,0.2,0.19,0.2,5802179
2018-12-27 00:00:00+05:30,0.2,0.2,0.19,0.19,682904
2018-12-28 00:00:00+05:30,0.2,0.2,0.19,0.19,1516304
2018-12-31 00:00:00+05:30,0.18,0.19,0.18,0.19,4820609
2019-01-01 00:00:00+05:30,0.19,0.2,0.19,0.19,1078589
2019-01-02 00:00:00+05:30,0.19,0.2,0.19,0.2,10962644
2019-01-03 00:00:00+05:30,0.19,0.21,0.19,0.21,6057464
2019-01-04 00:00:00+05:30,0.2,0.21,0.2,0.2,726179
2019-01-07 00:00:00+05:30,0.2,0.2,0.19,0.19,1475564
2019-01-08 00:00:00+05:30,0.2,0.2,0.19,0.2,907289
2019-01-09 00:00:00+05:30,0.21,0.21,0.19,0.19,2263154
2019-01-10 00:00:00+05:30,0.2,0.2,0.2,0.2,1058459
2019-01-11 00:00:00+05:30,0.21,0.21,0.2,0.2,2236994
2019-01-14 00:00:00+05:30,0.2,0.2,0.19,0.2,944594
2019-01-15 00:00:00+05:30,0.2,0.2,0.19,0.2,383249
2019-01-16 00:00:00+05:30,0.19,0.2,0.19,0.19,1398764
2019-01-17 00:00:00+05:30,0.19,0.2,0.19,0.19,966059
2019-01-18 00:00:00+05:30,0.19,0.19,0.18,0.19,421814
2019-01-21 00:00:00+05:30,0.18,0.19,0.18,0.18,3018089
2019-01-22 00:00:00+05:30,0.18,0.19,0.17,0.17,2022539
2019-01-23 00:00:00+05:30,0.17,0.18,0.17,0.17,2363444
2019-01-24 00:00:00+05:30,0.16,0.16,0.16,0.16,2064464
2019-01-25 00:00:00+05:30,0.15,0.17,0.15,0.17,949094
2019-01-28 00:00:00+05:30,0.17,0.17,0.16,0.16,449669
2019-01-29 00:00:00+05:30,0.15,0.15,0.15,0.15,912119
2019-01-30 00:00:00+05:30,0.15,0.15,0.15,0.15,556709
2019-01-31 00:00:00+05:30,0.15,0.15,0.14,0.15,3153794
2019-02-01 00:00:00+05:30,0.14,0.16,0.14,0.15,5499284
2019-02-04 00:00:00+05:30,0.16,0.16,0.15,0.15,753179
2019-02-05 00:00:00+05:30,0.15,0.15,0.14,0.14,259544
2019-02-06 00:00:00+05:30,0.13,0.15,0.13,0.15,1141244
2019-02-07 00:00:00+05:30,0.15,0.15,0.14,0.14,339374
2019-02-08 00:00:00+05:30,0.14,0.14,0.13,0.13,767924
2019-02-11 00:00:00+05:30,0.13,0.13,0.13,0.13,641594
2019-02-12 00:00:00+05:30,0.13,0.13,0.12,0.12,2225504
2019-02-13 00:00:00+05:30,0.12,0.12,0.12,0.12,552464
2019-02-14 00:00:00+05:30,0.12,0.12,0.12,0.12,186314
2019-02-15 00:00:00+05:30,0.12,0.12,0.11,0.11,2056679
2019-02-18 00:00:00+05:30,0.11,0.12,0.11,0.11,368204
2019-02-19 00:00:00+05:30,0.11,0.11,0.11,0.11,803399
2019-02-20 00:00:00+05:30,0.1,0.11,0.1,0.11,522179
2019-02-21 00:00:00+05:30,0.11,0.11,0.11,0.11,1042064
2019-02-22 00:00:00+05:30,0.11,0.12,0.11,0.12,1394384
2019-02-25 00:00:00+05:30,0.12,0.12,0.11,0.11,1252559
2019-02-26 00:00:00+05:30,0.11,0.12,0.11,0.12,782234
2019-02-27 00:00:00+05:30,0.12,0.12,0.11,0.11,1941749
2019-02-28 00:00:00+05:30,0.11,0.12,0.11,0.11,1942439
2019-03-01 00:00:00+05:30,0.11,0.11,0.11,0.11,876029
2019-03-05 00:00:00+05:30,0.12,0.12,0.11,0.12,1377254
2019-03-06 00:00:00+05:30,0.12,0.12,0.11,0.12,5098769
2019-03-07 00:00:00+05:30,0.12,0.12,0.11,0.12,2724914
2019-03-08 00:00:00+05:30,0.12,0.12,0.12,0.12,4018589
2019-03-11 00:00:00+05:30,0.12,0.12,0.12,0.12,4301279
2019-03-12 00:00:00+05:30,0.12,0.12,0.11,0.11,4167719
2019-03-13 00:00:00+05:30,0.12,0.12,0.11,0.11,3411269
2019-03-14 00:00:00+05:30,0.11,0.11,0.11,0.11,2122784
2019-03-15 00:00:00+05:30,0.12,0.12,0.11,0.11,5749079
2019-03-18 00:00:00+05:30,0.11,0.12,0.11,0.11,1130729
2019-03-19 00:00:00+05:30,0.11,0.11,0.11,0.11,1045604
2019-03-20 00:00:00+05:30,0.11,0.11,0.1,0.1,2340584
2019-03-22 00:00:00+05:30,0.1,0.1,0.1,0.1,3476504
2019-03-25 00:00:00+05:30,0.1,0.1,0.1,0.1,1206299
2019-03-26 00:00:00+05:30,0.09,0.09,0.09,0.09,725969
2019-03-27 00:00:00+05:30,0.09,0.09,0.09,0.09,742514
2019-03-28 00:00:00+05:30,0.09,0.09,0.09,0.09,3577604
2019-03-29 00:00:00+05:30,0.09,0.1,0.09,0.1,1114514
2019-04-01 00:00:00+05:30,0.1,0.1,0.09,0.1,947864
2019-04-02 00:00:00+05:30,0.09,0.09,0.09,0.09,484949
2019-04-03 00:00:00+05:30,0.09,0.09,0.09,0.09,5720999
2019-04-04 00:00:00+05:30,0.09,0.09,0.09,0.09,3150389
2019-04-05 00:00:00+05:30,0.08,0.09,0.08,0.09,4030139
2019-04-08 00:00:00+05:30,0.09,0.09,0.09,0.09,5617169
2019-04-09 00:00:00+05:30,0.1,0.1,0.09,0.1,1389539
2019-04-10 00:00:00+05:30,0.1,0.1,0.1,0.1,898709
2019-04-11 00:00:00+05:30,0.1,0.1,0.1,0.1,1268429
2019-04-12 00:00:00+05:30,0.11,0.11,0.11,0.11,247499
2019-04-15 00:00:00+05:30,0.11,0.11,0.11,0.11,3828269
2019-04-16 00:00:00+05:30,0.11,0.11,0.11,0.11,675824
2019-04-18 00:00:00+05:30,0.12,0.12,0.11,0.11,2853584
2019-04-22 00:00:00+05:30,0.11,0.11,0.11,0.11,271169
2019-04-23 00:00:00+05:30,0.1,0.1,0.1,0.1,110009
2019-04-24 00:00:00+05:30,0.1,0.1,0.1,0.1,69779
2019-04-25 00:00:00+05:30,0.1,0.1,0.1,0.1,173279
2019-04-26 00:00:00+05:30,0.09,0.09,0.09,0.09,173159
2019-04-30 00:00:00+05:30,0.09,0.09,0.09,0.09,173489
2019-05-02 00:00:00+05:30,0.09,0.09,0.09,0.09,886544
2019-05-03 00:00:00+05:30,0.08,0.08,0.08,0.08,551129
2019-05-06 00:00:00+05:30,0.08,0.08,0.08,0.08,419099
2019-05-07 00:00:00+05:30,0.08,0.08,0.08,0.08,4075484
2019-05-08 00:00:00+05:30,0.08,0.08,0.07,0.07,674249
2019-05-09 00:00:00+05:30,0.07,0.07,0.07,0.07,9233429
2019-05-10 00:00:00+05:30,0.07,0.07,0.07,0.07,5195144
2019-05-13 00:00:00+05:30,0.07,0.08,0.07,0.07,994064
2019-05-14 00:00:00+05:30,0.07,0.07,0.07,0.07,944924
2019-05-15 00:00:00+05:30,0.07,0.07,0.06,0.06,1818389
2019-05-16 00:00:00+05:30,0.06,0.07,0.06,0.07,16539239
2019-05-17 00:00:00+05:30,0.07,0.07,0.06,0.06,10193399
2019-05-20 00:00:00+05:30,0.06,0.07,0.06,0.06,5209874
2019-05-21 00:00:00+05:30,0.06,0.07,0.06,0.06,10651244
2019-05-22 00:00:00+05:30,0.07,0.07,0.06,0.06,2827784
2019-05-23 00:00:00+05:30,0.06,0.06,0.06,0.06,3661004
2019-05-24 00:00:00+05:30,0.07,0.07,0.06,0.06,307229
2019-05-27 00:00:00+05:30,0.06,0.07,0.06,0.06,1262384
2019-05-28 00:00:00+05:30,0.07,0.07,0.06,0.07,806774
2019-05-29 00:00:00+05:30,0.07,0.07,0.06,0.06,802244
2019-05-30 00:00:00+05:30,0.07,0.07,0.06,0.06,170234
2019-05-31 00:00:00+05:30,0.06,0.07,0.06,0.06,1405904
2019-06-03 00:00:00+05:30,0.06,0.07,0.06,0.07,181604
2019-06-04 00:00:00+05:30,0.07,0.07,0.06,0.07,1213589
2019-06-06 00:00:00+05:30,0.06,0.07,0.06,0.07,842714
2019-06-07 00:00:00+05:30,0.07,0.07,0.06,0.07,5114849
2019-06-10 00:00:00+05:30,0.06,0.07,0.06,0.07,1316849
2019-06-11 00:00:00+05:30,0.06,0.07,0.06,0.07,1031654
2019-06-12 00:00:00+05:30,0.07,0.07,0.07,0.07,203204
2019-06-13 00:00:00+05:30,0.07,0.07,0.07,0.07,294179
2019-06-14 00:00:00+05:30,0.07,0.07,0.06,0.07,802934
2019-06-17 00:00:00+05:30,0.07,0.07,0.07,0.07,1055969
2019-06-18 00:00:00+05:30,0.08,0.08,0.07,0.08,1598429
2019-06-19 00:00:00+05:30,0.07,0.08,0.07,0.08,1501934
2019-06-20 00:00:00+05:30,0.08,0.08,0.08,0.08,1174979
2019-06-21 00:00:00+05:30,0.09,0.09,0.09,0.09,664904
2019-06-24 00:00:00+05:30,0.09,0.09,0.08,0.09,2203844
2019-06-25 00:00:00+05:30,0.09,0.09,0.08,0.09,2138399
2019-06-26 00:00:00+05:30,0.09,0.09,0.09,0.09,9344714
2019-06-27 00:00:00+05:30,0.09,0.09,0.08,0.09,7666619
2019-06-28 00:00:00+05:30,0.08,0.09,0.08,0.09,7583294
2019-07-01 00:00:00+05:30,0.09,0.09,0.09,0.09,1926869
2019-07-02 00:00:00+05:30,0.1,0.1,0.1,0.1,160169
2019-07-03 00:00:00+05:30,0.1,0.1,0.1,0.1,374159
2019-07-04 00:00:00+05:30,0.1,0.1,0.1,0.1,408254
2019-07-05 00:00:00+05:30,0.11,0.11,0.1,0.11,2557199
2019-07-08 00:00:00+05:30,0.11,0.11,0.11,0.11,986954
2019-07-09 00:00:00+05:30,0.11,0.11,0.11,0.11,285494
2019-07-10 00:00:00+05:30,0.12,0.12,0.12,0.12,988394
2019-07-11 00:00:00+05:30,0.12,0.12,0.12,0.12,584249
2019-07-12 00:00:00+05:30,0.12,0.12,0.12,0.12,1541594
2019-07-15 00:00:00+05:30,0.13,0.13,0.12,0.12,1295804
2019-07-16 00:00:00+05:30,0.12,0.12,0.12,0.12,472229
2019-07-17 00:00:00+05:30,0.11,0.11,0.11,0.11,55094
2019-07-18 00:00:00+05:30,0.11,0.11,0.11,0.11,80849
2019-07-19 00:00:00+05:30,0.11,0.11,0.11,0.11,21464
2019-07-22 00:00:00+05:30,0.1,0.1,0.1,0.1,4889
2019-07-23 00:00:00+05:30,0.1,0.1,0.1,0.1,31829
2019-07-24 00:00:00+05:30,0.1,0.1,0.1,0.1,90599
2019-07-25 00:00:00+05:30,0.09,0.09,0.09,0.09,7724
2019-07-26 00:00:00+05:30,0.09,0.09,0.09,0.09,22184
2019-07-29 00:00:00+05:30,0.09,0.09,0.09,0.09,100244
2019-07-30 00:00:00+05:30,0.08,0.08,0.08,0.08,40454
2019-07-31 00:00:00+05:30,0.08,0.08,0.08,0.08,307829
2019-08-01 00:00:00+05:30,0.08,0.09,0.08,0.08,81164
2019-08-02 00:00:00+05:30,0.08,0.08,0.08,0.08,1551569
2019-08-05 00:00:00+05:30,0.08,0.08,0.08,0.08,164969
2019-08-06 00:00:00+05:30,0.08,0.08,0.08,0.08,343004
2019-08-07 00:00:00+05:30,0.08,0.08,0.08,0.08,622304
2019-08-08 00:00:00+05:30,0.08,0.08,0.07,0.07,75929
2019-08-09 00:00:00+05:30,0.07,0.07,0.07,0.07,68684
2019-08-13 00:00:00+05:30,0.07,0.07,0.07,0.07,3138854
2019-08-14 00:00:00+05:30,0.06,0.07,0.06,0.06,2900189
2019-08-16 00:00:00+05:30,0.06,0.06,0.06,0.06,1198664
2019-08-19 00:00:00+05:30,0.06,0.06,0.06,0.06,4995419
2019-08-20 00:00:00+05:30,0.06,0.06,0.06,0.06,8747474
2019-08-21 00:00:00+05:30,0.06,0.06,0.06,0.06,3409244
2019-08-22 00:00:00+05:30,0.06,0.06,0.06,0.06,490919
2019-08-23 00:00:00+05:30,0.06,0.06,0.06,0.06,631979
2019-08-26 00:00:00+05:30,0.06,0.06,0.06,0.06,268484
2019-08-27 00:00:00+05:30,0.07,0.07,0.07,0.07,548789
2019-08-28 00:00:00+05:30,0.07,0.07,0.07,0.07,1040954
2019-08-29 00:00:00+05:30,0.07,0.07,0.07,0.07,449639
2019-08-30 00:00:00+05:30,0.08,0.08,0.08,0.08,29324
2019-09-03 00:00:00+05:30,0.07,0.08,0.07,0.08,310844
2019-09-04 00:00:00+05:30,0.08,0.08,0.08,0.08,336989
2019-09-05 00:00:00+05:30,0.09,0.09,0.09,0.09,161204
2019-09-06 00:00:00+05:30,0.09,0.09,0.09,0.09,715574
2019-09-09 00:00:00+05:30,0.09,0.09,0.09,0.09,23054
2019-09-11 00:00:00+05:30,0.09,0.1,0.09,0.09,2789234
2019-09-12 00:00:00+05:30,0.09,0.09,0.09,0.09,548069
2019-09-13 00:00:00+05:30,0.09,0.09,0.09,0.09,55994
2019-09-16 00:00:00+05:30,0.09,0.09,0.08,0.08,4743179
2019-09-17 00:00:00+05:30,0.08,0.09,0.08,0.08,68459
2019-09-18 00:00:00+05:30,0.09,0.09,0.08,0.08,301874
2019-09-19 00:00:00+05:30,0.08,0.08,0.08,0.08,45584
2019-09-20 00:00:00+05:30,0.07,0.07,0.07,0.07,13124
2019-09-23 00:00:00+05:30,0.07,0.08,0.07,0.07,61154
2019-09-24 00:00:00+05:30,0.07,0.07,0.07,0.07,17264
2019-09-25 00:00:00+05:30,0.06,0.06,0.06,0.06,55334
2019-09-26 00:00:00+05:30,0.06,0.06,0.06,0.06,216344
2019-09-27 00:00:00+05:30,0.06,0.07,0.06,0.06,401444
2019-09-30 00:00:00+05:30,0.06,0.06,0.06,0.06,319979
2019-10-01 00:00:00+05:30,0.06,0.06,0.06,0.06,539579
2019-10-03 00:00:00+05:30,0.06,0.06,0.05,0.06,350039
2019-10-04 00:00:00+05:30,0.06,0.06,0.06,0.06,441869
2019-10-07 00:00:00+05:30,0.07,0.07,0.07,0.07,99914
2019-10-09 00:00:00+05:30,0.07,0.07,0.07,0.07,147449
2019-10-10 00:00:00+05:30,0.07,0.07,0.07,0.07,118559
2019-10-11 00:00:00+05:30,0.07,0.07,0.06,0.07,879569
2019-10-14 00:00:00+05:30,0.07,0.07,0.06,0.06,16409
2019-10-15 00:00:00+05:30,0.06,0.06,0.06,0.06,12854
2019-10-16 00:00:00+05:30,0.06,0.06,0.06,0.06,169364
2019-10-17 00:00:00+05:30,0.06,0.06,0.06,0.06,2154209
2019-10-18 00:00:00+05:30,0.06,0.07,0.06,0.07,437279
2019-10-22 00:00:00+05:30,0.07,0.07,0.06,0.06,1532744
2019-10-23 00:00:00+05:30,0.07,0.07,0.06,0.07,676109
2019-10-24 00:00:00+05:30,0.07,0.07,0.07,0.07,219134
2019-10-25 00:00:00+05:30,0.07,0.07,0.07,0.07,201779
2019-10-27 00:00:00+05:30,0.07,0.07,0.07,0.07,46739
2019-10-29 00:00:00+05:30,0.07,0.07,0.07,0.07,715214
2019-10-30 00:00:00+05:30,0.07,0.07,0.06,0.06,588974
2019-10-31 00:00:00+05:30,0.06,0.07,0.06,0.07,3930944
2019-11-01 00:00:00+05:30,0.07,0.07,0.06,0.06,698894
2019-11-04 00:00:00+05:30,0.06,0.07,0.06,0.07,3296324
2019-11-05 00:00:00+05:30,0.07,0.07,0.06,0.07,1501004
2019-11-06 00:00:00+05:30,0.07,0.07,0.07,0.07,1205669
2019-11-07 00:00:00+05:30,0.07,0.07,0.07,0.07,394844
2019-11-08 00:00:00+05:30,0.07,0.08,0.07,0.07,17864
2019-11-11 00:00:00+05:30,0.07,0.07,0.07,0.07,19184
2019-11-13 00:00:00+05:30,0.07,0.07,0.07,0.07,28349
2019-11-14 00:00:00+05:30,0.07,0.07,0.07,0.07,412229
2019-11-15 00:00:00+05:30,0.07,0.07,0.06,0.07,1090349
2019-11-18 00:00:00+05:30,0.07,0.07,0.06,0.07,695954
2019-11-19 00:00:00+05:30,0.06,0.07,0.06,0.07,939749
2019-11-20 00:00:00+05:30,0.07,0.07,0.06,0.06,433724
2019-11-21 00:00:00+05:30,0.06,0.07,0.06,0.07,329009
2019-11-22 00:00:00+05:30,0.07,0.07,0.06,0.07,334889
2019-11-25 00:00:00+05:30,0.07,0.07,0.06,0.07,1030979
2019-11-26 00:00:00+05:30,0.06,0.07,0.06,0.07,524354
2019-11-27 00:00:00+05:30,0.06,0.07,0.06,0.06,9494
2019-11-28 00:00:00+05:30,0.07,0.07,0.06,0.07,218999
2019-11-29 00:00:00+05:30,0.06,0.07,0.06,0.07,144539
2019-12-02 00:00:00+05:30,0.07,0.07,0.06,0.07,363689
2019-12-03 00:00:00+05:30,0.06,0.07,0.06,0.07,69464
2019-12-04 00:00:00+05:30,0.07,0.07,0.06,0.07,1740464
2019-12-05 00:00:00+05:30,0.06,0.07,0.06,0.07,1663424
2019-12-06 00:00:00+05:30,0.07,0.07,0.06,0.07,1862249
2019-12-09 00:00:00+05:30,0.06,0.07,0.06,0.07,940769
2019-12-10 00:00:00+05:30,0.06,0.07,0.06,0.06,1338824
2019-12-11 00:00:00+05:30,0.07,0.07,0.06,0.06,528449
2019-12-12 00:00:00+05:30,0.06,0.07,0.06,0.06,571664
2019-12-13 00:00:00+05:30,0.06,0.06,0.06,0.06,391379
2019-12-16 00:00:00+05:30,0.06,0.06,0.06,0.06,369839
2019-12-17 00:00:00+05:30,0.06,0.06,0.06,0.06,172724
2019-12-18 00:00:00+05:30,0.06,0.06,0.06,0.06,480704
2019-12-19 00:00:00+05:30,0.06,0.07,0.06,0.07,892499
2019-12-20 00:00:00+05:30,0.06,0.07,0.06,0.07,190949
2019-12-23 00:00:00+05:30,0.07,0.07,0.06,0.07,698594
2019-12-24 00:00:00+05:30,0.06,0.07,0.06,0.07,212099
2019-12-26 00:00:00+05:30,0.07,0.07,0.06,0.07,359894
2019-12-27 00:00:00+05:30,0.07,0.07,0.07,0.07,68294
2019-12-30 00:00:00+05:30,0.08,0.08,0.08,0.08,50864
2019-12-31 00:00:00+05:30,0.08,0.08,0.07,0.08,1496009
2020-01-01 00:00:00+05:30,0.08,0.08,0.08,0.08,694409
2020-01-02 00:00:00+05:30,0.07,0.08,0.07,0.08,184274
2020-01-03 00:00:00+05:30,0.08,0.08,0.08,0.08,749339
2020-01-06 00:00:00+05:30,0.08,0.08,0.08,0.08,501089
2020-01-07 00:00:00+05:30,0.08,0.08,0.08,0.08,78194
2020-01-08 00:00:00+05:30,0.08,0.08,0.07,0.07,414179
2020-01-09 00:00:00+05:30,0.08,0.08,0.07,0.07,71999
2020-01-10 00:00:00+05:30,0.07,0.08,0.07,0.07,325589
2020-01-13 00:00:00+05:30,0.07,0.07,0.07,0.07,355484
2020-01-14 00:00:00+05:30,0.07,0.07,0.07,0.07,361289
2020-01-15 00:00:00+05:30,0.07,0.07,0.06,0.07,444314
2020-01-16 00:00:00+05:30,0.06,0.07,0.06,0.06,75194
2020-01-17 00:00:00+05:30,0.06,0.07,0.06,0.07,209159
2020-01-20 00:00:00+05:30,0.07,0.07,0.06,0.07,83699
2020-01-21 00:00:00+05:30,0.07,0.07,0.06,0.07,453239
2020-01-22 00:00:00+05:30,0.07,0.07,0.07,0.07,333509
2020-01-23 00:00:00+05:30,0.07,0.08,0.07,0.07,171029
2020-01-24 00:00:00+05:30,0.08,0.08,0.07,0.08,64649
2020-01-27 00:00:00+05:30,0.08,0.08,0.08,0.08,1514
2020-01-28 00:00:00+05:30,0.08,0.08,0.07,0.07,75284
2020-01-29 00:00:00+05:30,0.08,0.08,0.07,0.07,232874
2020-01-30 00:00:00+05:30,0.07,0.08,0.07,0.08,297824
2020-01-31 00:00:00+05:30,0.08,0.08,0.07,0.07,152639
2020-02-01 00:00:00+05:30,0.07,0.08,0.07,0.08,156689
2020-02-03 00:00:00+05:30,0.08,0.08,0.07,0.07,215459
2020-02-04 00:00:00+05:30,0.07,0.08,0.07,0.07,166184
2020-02-05 00:00:00+05:30,0.07,0.08,0.07,0.07,189719
2020-02-06 00:00:00+05:30,0.07,0.07,0.07,0.07,345284
2020-02-07 00:00:00+05:30,0.07,0.07,0.07,0.07,498839
2020-02-10 00:00:00+05:30,0.07,0.08,0.07,0.07,69794
2020-02-11 00:00:00+05:30,0.07,0.07,0.07,0.07,236999
2020-02-12 00:00:00+05:30,0.07,0.07,0.07,0.07,792524
2020-02-13 00:00:00+05:30,0.07,0.07,0.07,0.07,161999
2020-02-14 00:00:00+05:30,0.07,0.08,0.07,0.07,1290494
2020-02-17 00:00:00+05:30,0.07,0.08,0.07,0.07,897869
2020-02-18 00:00:00+05:30,0.08,0.08,0.07,0.07,490469
2020-02-19 00:00:00+05:30,0.07,0.08,0.07,0.07,939014
2020-02-20 00:00:00+05:30,0.08,0.08,0.07,0.07,768569
2020-02-24 00:00:00+05:30,0.07,0.08,0.07,0.07,496379
2020-02-25 00:00:00+05:30,0.08,0.08,0.07,0.07,350339
2020-02-26 00:00:00+05:30,0.07,0.08,0.07,0.07,1348994
2020-02-27 00:00:00+05:30,0.07,0.08,0.07,0.08,92309
2020-02-28 00:00:00+05:30,0.08,0.08,0.07,0.07,862664
2020-03-02 00:00:00+05:30,0.07,0.07,0.07,0.07,16949
2020-03-03 00:00:00+05:30,0.07,0.07,0.07,0.07,218984
2020-03-04 00:00:00+05:30,0.07,0.08,0.07,0.07,44804
2020-03-05 00:00:00+05:30,0.07,0.07,0.07,0.07,201314
2020-03-06 00:00:00+05:30,0.06,0.07,0.06,0.06,129239
2020-03-09 00:00:00+05:30,0.06,0.07,0.06,0.06,183674
2020-03-11 00:00:00+05:30,0.06,0.07,0.06,0.07,395489
2020-03-12 00:00:00+05:30,0.06,0.07,0.06,0.06,1151999
2020-03-13 00:00:00+05:30,0.06,0.07,0.06,0.06,377294
2020-03-16 00:00:00+05:30,0.07,0.07,0.06,0.06,1612424
2020-03-17 00:00:00+05:30,0.06,0.07,0.06,0.06,1290224
2020-03-18 00:00:00+05:30,0.07,0.07,0.06,0.07,28214
2020-03-19 00:00:00+05:30,0.06,0.07,0.06,0.06,607919
2020-03-20 00:00:00+05:30,0.07,0.07,0.06,0.06,216179
2020-03-23 00:00:00+05:30,0.06,0.07,0.06,0.06,1047464
2020-03-24 00:00:00+05:30,0.06,0.07,0.06,0.07,50414
2020-03-25 00:00:00+05:30,0.07,0.07,0.06,0.06,388184
2020-03-26 00:00:00+05:30,0.06,0.07,0.06,0.06,116594
2020-03-27 00:00:00+05:30,0.06,0.06,0.06,0.06,240044
2020-03-30 00:00:00+05:30,0.06,0.06,0.06,0.06,309584
2020-03-31 00:00:00+05:30,0.06,0.06,0.06,0.06,49214
2020-04-01 00:00:00+05:30,0.06,0.06,0.06,0.06,92504
2020-04-03 00:00:00+05:30,0.06,0.07,0.06,0.07,58109
2020-04-07 00:00:00+05:30,0.07,0.07,0.06,0.07,407924
2020-04-08 00:00:00+05:30,0.06,0.07,0.06,0.07,127964
2020-04-09 00:00:00+05:30,0.06,0.07,0.06,0.07,465194
2020-04-13 00:00:00+05:30,0.07,0.07,0.06,0.06,5099
2020-04-15 00:00:00+05:30,0.06,0.07,0.06,0.07,29
2020-04-16 00:00:00+05:30,0.07,0.07,0.06,0.06,42749
2020-04-17 00:00:00+05:30,0.06,0.06,0.06,0.06,74399
2020-04-20 00:00:00+05:30,0.07,0.07,0.07,0.07,3494
2020-04-21 00:00:00+05:30,0.07,0.07,0.07,0.07,16694
2020-04-22 00:00:00+05:30,0.07,0.07,0.07,0.07,22799
2020-04-23 00:00:00+05:30,0.07,0.07,0.06,0.06,14399
2020-04-24 00:00:00+05:30,0.06,0.07,0.06,0.07,10154
2020-04-27 00:00:00+05:30,0.07,0.07,0.07,0.07,31514
2020-04-28 00:00:00+05:30,0.07,0.07,0.07,0.07,116264
2020-04-29 00:00:00+05:30,0.07,0.07,0.07,0.07,46514
2020-04-30 00:00:00+05:30,0.07,0.07,0.06,0.06,42824
2020-05-04 00:00:00+05:30,0.06,0.06,0.06,0.06,15764
2020-05-05 00:00:00+05:30,0.06,0.06,0.06,0.06,38699
2020-05-06 00:00:00+05:30,0.06,0.06,0.06,0.06,749
2020-05-08 00:00:00+05:30,0.06,0.06,0.06,0.06,20249
2020-05-11 00:00:00+05:30,0.06,0.06,0.06,0.06,4514
2020-05-13 00:00:00+05:30,0.06,0.06,0.06,0.06,41924
2020-05-14 00:00:00+05:30,0.06,0.06,0.06,0.06,7274
2020-05-15 00:00:00+05:30,0.06,0.06,0.06,0.06,1694
2020-05-18 00:00:00+05:30,0.06,0.06,0.06,0.06,138629
2020-05-19 00:00:00+05:30,0.06,0.06,0.06,0.06,28994
2020-05-20 00:00:00+05:30,0.06,0.06,0.06,0.06,15374
2020-05-21 00:00:00+05:30,0.06,0.06,0.06,0.06,7514
2020-05-22 00:00:00+05:30,0.06,0.06,0.06,0.06,52589
2020-05-26 00:00:00+05:30,0.06,0.06,0.05,0.05,52649
2020-05-27 00:00:00+05:30,0.05,0.06,0.05,0.06,44339
2020-05-28 00:00:00+05:30,0.06,0.06,0.06,0.06,2849
2020-05-29 00:00:00+05:30,0.06,0.06,0.06,0.06,237734
2020-06-01 00:00:00+05:30,0.06,0.06,0.06,0.06,96764
2020-06-02 00:00:00+05:30,0.07,0.07,0.06,0.07,344354
2020-06-03 00:00:00+05:30,0.07,0.07,0.07,0.07,700349
2020-06-04 00:00:00+05:30,0.08,0.08,0.07,0.08,259874
2020-06-05 00:00:00+05:30,0.08,0.08,0.08,0.08,187364
2020-06-08 00:00:00+05:30,0.08,0.08,0.08,0.08,214649
2020-06-09 00:00:00+05:30,0.09,0.09,0.08,0.08,140894
2020-06-10 00:00:00+05:30,0.08,0.08,0.08,0.08,91919
2020-06-11 00:00:00+05:30,0.08,0.08,0.08,0.08,77054
2020-06-12 00:00:00+05:30,0.08,0.08,0.08,0.08,167249
2020-06-15 00:00:00+05:30,0.08,0.08,0.08,0.08,117839
2020-06-16 00:00:00+05:30,0.08,0.08,0.08,0.08,32999
2020-06-17 00:00:00+05:30,0.08,0.08,0.08,0.08,6869
2020-06-18 00:00:00+05:30,0.08,0.08,0.08,0.08,7514
2020-06-19 00:00:00+05:30,0.08,0.08,0.08,0.08,123944
2020-06-22 00:00:00+05:30,0.08,0.08,0.08,0.08,527924
2020-06-23 00:00:00+05:30,0.08,0.08,0.07,0.08,611789
2020-06-24 00:00:00+05:30,0.08,0.08,0.07,0.08,334304
2020-06-25 00:00:00+05:30,0.08,0.08,0.08,0.08,227534
2020-06-26 00:00:00+05:30,0.07,0.07,0.07,0.07,490874
2020-06-29 00:00:00+05:30,0.07,0.07,0.07,0.07,283049
2020-06-30 00:00:00+05:30,0.07,0.07,0.07,0.07,334589
2020-07-01 00:00:00+05:30,0.07,0.07,0.07,0.07,490724
2020-07-02 00:00:00+05:30,0.07,0.07,0.07,0.07,518714
2020-07-03 00:00:00+05:30,0.08,0.08,0.07,0.07,55499
2020-07-06 00:00:00+05:30,0.07,0.07,0.07,0.07,158264
2020-07-07 00:00:00+05:30,0.07,0.07,0.07,0.07,116564
2020-07-08 00:00:00+05:30,0.07,0.07,0.07,0.07,1724
2020-07-09 00:00:00+05:30,0.07,0.07,0.07,0.07,14999
2020-07-10 00:00:00+05:30,0.07,0.07,0.07,0.07,101159
2020-07-13 00:00:00+05:30,0.07,0.07,0.07,0.07,41039
2020-07-14 00:00:00+05:30,0.07,0.07,0.07,0.07,132749
2020-07-15 00:00:00+05:30,0.07,0.07,0.07,0.07,58799
2020-07-16 00:00:00+05:30,0.07,0.07,0.07,0.07,86804
2020-07-17 00:00:00+05:30,0.07,0.07,0.07,0.07,60149
2020-07-20 00:00:00+05:30,0.07,0.07,0.07,0.07,3224
2020-07-21 00:00:00+05:30,0.07,0.07,0.07,0.07,318689
2020-07-22 00:00:00+05:30,0.07,0.07,0.07,0.07,17744
2020-07-23 00:00:00+05:30,0.07,0.07,0.07,0.07,117779
2020-07-24 00:00:00+05:30,0.07,0.07,0.07,0.07,206954
2020-07-27 00:00:00+05:30,0.07,0.07,0.07,0.07,158399
2020-07-28 00:00:00+05:30,0.07,0.07,0.07,0.07,78554
2020-07-29 00:00:00+05:30,0.07,0.07,0.07,0.07,14129
2020-07-30 00:00:00+05:30,0.07,0.07,0.07,0.07,24764
2020-07-31 00:00:00+05:30,0.06,0.07,0.06,0.07,14999
2020-08-03 00:00:00+05:30,0.06,0.07,0.06,0.07,23084
2020-08-04 00:00:00+05:30,0.06,0.07,0.06,0.06,49649
2020-08-05 00:00:00+05:30,0.07,0.07,0.06,0.06,47339
2020-08-06 00:00:00+05:30,0.06,0.06,0.06,0.06,29999
2020-08-07 00:00:00+05:30,0.06,0.07,0.06,0.07,122519
2020-08-10 00:00:00+05:30,0.07,0.07,0.06,0.06,45239
2020-08-11 00:00:00+05:30,0.06,0.06,0.06,0.06,11774
2020-08-12 00:00:00+05:30,0.06,0.06,0.06,0.06,180749
2020-08-13 00:00:00+05:30,0.06,0.06,0.06,0.06,5101409
2020-08-14 00:00:00+05:30,0.06,0.06,0.06,0.06,268964
2020-08-17 00:00:00+05:30,0.06,0.06,0.06,0.06,28814
2020-08-18 00:00:00+05:30,0.07,0.07,0.07,0.07,105524
2020-08-19 00:00:00+05:30,0.07,0.07,0.07,0.07,100514
2020-08-20 00:00:00+05:30,0.08,0.08,0.08,0.08,49499
2020-08-21 00:00:00+05:30,0.08,0.08,0.08,0.08,171374
2020-08-24 00:00:00+05:30,0.08,0.08,0.08,0.08,787139
2020-08-25 00:00:00+05:30,0.08,0.09,0.08,0.09,199949
2020-08-26 00:00:00+05:30,0.09,0.09,0.09,0.09,519404
2020-08-27 00:00:00+05:30,0.09,0.09,0.09,0.09,752129
2020-08-28 00:00:00+05:30,0.09,0.09,0.09,0.09,694499
2020-08-31 00:00:00+05:30,0.09,0.09,0.09,0.09,265724
2020-09-01 00:00:00+05:30,0.09,0.09,0.08,0.08,776849
2020-09-02 00:00:00+05:30,0.08,0.08,0.08,0.08,493574
2020-09-03 00:00:00+05:30,0.09,0.09,0.09,0.09,134849
2020-09-04 00:00:00+05:30,0.09,0.09,0.08,0.09,992294
2020-09-07 00:00:00+05:30,0.09,0.09,0.09,0.09,177239
2020-09-08 00:00:00+05:30,0.09,0.09,0.09,0.09,387989
2020-09-09 00:00:00+05:30,0.09,0.09,0.09,0.09,890729
2020-09-10 00:00:00+05:30,0.09,0.09,0.09,0.09,1061339
2020-09-11 00:00:00+05:30,0.08,0.09,0.08,0.08,2301089
2020-09-14 00:00:00+05:30,0.08,0.08,0.08,0.08,765539
2020-09-15 00:00:00+05:30,0.08,0.08,0.08,0.08,4163534
2020-09-16 00:00:00+05:30,0.08,0.08,0.08,0.08,3384749
2020-09-17 00:00:00+05:30,0.07,0.08,0.07,0.08,866474
2020-09-18 00:00:00+05:30,0.08,0.08,0.08,0.08,1109309
2020-09-21 00:00:00+05:30,0.08,0.08,0.08,0.08,29939
2020-09-22 00:00:00+05:30,0.08,0.08,0.07,0.07,4499
2020-09-23 00:00:00+05:30,0.08,0.08,0.08,0.08,749
2020-09-24 00:00:00+05:30,0.08,0.08,0.07,0.08,48899
2020-09-25 00:00:00+05:30,0.08,0.08,0.08,0.08,955229
2020-09-28 00:00:00+05:30,0.08,0.08,0.08,0.08,164
2020-09-29 00:00:00+05:30,0.08,0.08,0.08,0.08,9749
2020-09-30 00:00:00+05:30,0.08,0.08,0.08,0.08,74999
2020-10-01 00:00:00+05:30,0.08,0.08,0.08,0.08,3749
2020-10-05 00:00:00+05:30,0.08,0.08,0.08,0.08,14999
2020-10-06 00:00:00+05:30,0.08,0.08,0.08,0.08,4499
2020-10-07 00:00:00+05:30,0.07,0.07,0.07,0.07,15014
2020-10-08 00:00:00+05:30,0.07,0.07,0.07,0.07,26999
2020-10-09 00:00:00+05:30,0.07,0.08,0.07,0.08,3164
2020-10-12 00:00:00+05:30,0.07,0.07,0.07,0.07,42299
2020-10-13 00:00:00+05:30,0.08,0.08,0.07,0.07,844049
2020-10-14 00:00:00+05:30,0.07,0.08,0.07,0.08,200009
2020-10-15 00:00:00+05:30,0.08,0.08,0.07,0.08,1315694
2020-10-16 00:00:00+05:30,0.08,0.08,0.08,0.08,699089
2020-10-19 00:00:00+05:30,0.08,0.08,0.07,0.07,76814
2020-10-20 00:00:00+05:30,0.07,0.08,0.07,0.08,43364
2020-10-21 00:00:00+05:30,0.08,0.08,0.07,0.07,110714
2020-10-22 00:00:00+05:30,0.08,0.08,0.07,0.07,114269
2020-10-23 00:00:00+05:30,0.08,0.08,0.07,0.08,611069
2020-10-26 00:00:00+05:30,0.08,0.08,0.07,0.07,379034
2020-10-27 00:00:00+05:30,0.07,0.08,0.07,0.07,274484
2020-10-28 00:00:00+05:30,0.08,0.08,0.07,0.08,278009
2020-10-29 00:00:00+05:30,0.08,0.08,0.07,0.07,350954
2020-10-30 00:00:00+05:30,0.08,0.08,0.07,0.07,462164
2020-11-02 00:00:00+05:30,0.08,0.08,0.07,0.08,480824
2020-11-03 00:00:00+05:30,0.08,0.08,0.07,0.07,433739
2020-11-04 00:00:00+05:30,0.07,0.08,0.07,0.08,375659
2020-11-05 00:00:00+05:30,0.07,0.08,0.07,0.08,613619
2020-11-06 00:00:00+05:30,0.08,0.08,0.07,0.07,2447579
2020-11-09 00:00:00+05:30,0.08,0.08,0.07,0.07,184244
2020-11-10 00:00:00+05:30,0.08,0.08,0.07,0.08,44234
2020-11-11 00:00:00+05:30,0.08,0.08,0.07,0.08,19349
2020-11-12 00:00:00+05:30,0.08,0.08,0.07,0.08,144719
2020-11-13 00:00:00+05:30,0.08,0.08,0.07,0.07,321164
2020-11-14 00:00:00+05:30,0.07,0.07,0.07,0.07,634304
2020-11-17 00:00:00+05:30,0.08,0.08,0.07,0.08,441569
2020-11-18 00:00:00+05:30,0.08,0.08,0.07,0.07,1256234
2020-11-19 00:00:00+05:30,0.08,0.08,0.07,0.08,413654
2020-11-20 00:00:00+05:30,0.07,0.08,0.07,0.08,2925584
2020-11-23 00:00:00+05:30,0.08,0.08,0.08,0.08,731504
2020-11-24 00:00:00+05:30,0.08,0.08,0.08,0.08,1843949
2020-11-25 00:00:00+05:30,0.09,0.09,0.08,0.09,564224
2020-11-26 00:00:00+05:30,0.09,0.09,0.09,0.09,1362614
2020-11-27 00:00:00+05:30,0.09,0.09,0.09,0.09,929834
2020-12-01 00:00:00+05:30,0.1,0.1,0.09,0.1,244679
2020-12-02 00:00:00+05:30,0.1,0.1,0.1,0.1,1111199
2020-12-03 00:00:00+05:30,0.1,0.1,0.1,0.1,400844
2020-12-04 00:00:00+05:30,0.1,0.11,0.1,0.11,784559
2020-12-07 00:00:00+05:30,0.11,0.11,0.1,0.11,191939
2020-12-08 00:00:00+05:30,0.11,0.11,0.11,0.11,699299
2020-12-09 00:00:00+05:30,0.12,0.12,0.12,0.12,231254
2020-12-10 00:00:00+05:30,0.12,0.12,0.12,0.12,705149
2020-12-11 00:00:00+05:30,0.12,0.12,0.12,0.12,501749
2020-12-14 00:00:00+05:30,0.13,0.13,0.13,0.13,919994
2020-12-15 00:00:00+05:30,0.13,0.13,0.13,0.13,432629
2020-12-16 00:00:00+05:30,0.13,0.13,0.13,0.13,276164
2020-12-17 00:00:00+05:30,0.14,0.14,0.14,0.14,1253699
2020-12-18 00:00:00+05:30,0.15,0.15,0.13,0.14,4347494
2020-12-21 00:00:00+05:30,0.15,0.15,0.14,0.15,2371019
2020-12-22 00:00:00+05:30,0.15,0.15,0.15,0.15,2463929
2020-12-23 00:00:00+05:30,0.16,0.16,0.16,0.16,310439
2020-12-24 00:00:00+05:30,0.17,0.17,0.17,0.17,107429
2020-12-28 00:00:00+05:30,0.17,0.17,0.17,0.17,508394
2020-12-29 00:00:00+05:30,0.18,0.18,0.18,0.18,282524
2020-12-30 00:00:00+05:30,0.19,0.19,0.19,0.19,99884
2020-12-31 00:00:00+05:30,0.19,0.19,0.19,0.19,178754
2021-01-01 00:00:00+05:30,0.2,0.2,0.2,0.2,511949
2021-01-04 00:00:00+05:30,0.21,0.21,0.19,0.21,6276629
2021-01-05 00:00:00+05:30,0.22,0.22,0.21,0.21,3207839
2021-01-06 00:00:00+05:30,0.22,0.22,0.2,0.2,3544409
2021-01-07 00:00:00+05:30,0.19,0.19,0.19,0.19,1062059
2021-01-08 00:00:00+05:30,0.19,0.19,0.19,0.19,1947104
2021-01-11 00:00:00+05:30,0.18,0.18,0.18,0.18,457349
2021-01-12 00:00:00+05:30,0.17,0.17,0.17,0.17,2409164
2021-01-13 00:00:00+05:30,0.17,0.17,0.17,0.17,1744844
2021-01-14 00:00:00+05:30,0.16,0.16,0.16,0.16,1397279
2021-01-15 00:00:00+05:30,0.15,0.17,0.15,0.17,1577069
2021-01-18 00:00:00+05:30,0.17,0.17,0.17,0.17,2198834
2021-01-19 00:00:00+05:30,0.18,0.18,0.16,0.16,2451089
2021-01-20 00:00:00+05:30,0.16,0.17,0.16,0.16,410834
2021-01-21 00:00:00+05:30,0.15,0.15,0.15,0.15,550559
2021-01-22 00:00:00+05:30,0.14,0.14,0.14,0.14,407984
2021-01-25 00:00:00+05:30,0.14,0.15,0.14,0.15,1732049
2021-01-27 00:00:00+05:30,0.16,0.16,0.15,0.15,1541864
2021-01-28 00:00:00+05:30,0.16,0.16,0.15,0.15,821864
2021-01-29 00:00:00+05:30,0.16,0.16,0.16,0.16,133769
2021-02-01 00:00:00+05:30,0.16,0.17,0.16,0.17,269909
2021-02-02 00:00:00+05:30,0.17,0.17,0.17,0.17,1405709
2021-02-03 00:00:00+05:30,0.18,0.18,0.18,0.18,146474
2021-02-04 00:00:00+05:30,0.18,0.18,0.18,0.18,713954
2021-02-05 00:00:00+05:30,0.19,0.19,0.18,0.19,1760534
2021-02-08 00:00:00+05:30,0.2,0.2,0.2,0.2,571529
2021-02-09 00:00:00+05:30,0.2,0.2,0.2,0.2,679304
2021-02-10 00:00:00+05:30,0.21,0.21,0.21,0.21,1535039
2021-02-11 00:00:00+05:30,0.22,0.22,0.22,0.22,336119
2021-02-12 00:00:00+05:30,0.23,0.23,0.23,0.23,404009
2021-02-15 00:00:00+05:30,0.24,0.24,0.22,0.22,3049274
2021-02-16 00:00:00+05:30,0.21,0.21,0.21,0.21,307124
2021-02-17 00:00:00+05:30,0.2,0.2,0.2,0.2,133664
2021-02-18 00:00:00+05:30,0.19,0.21,0.19,0.21,7813094
2021-02-19 00:00:00+05:30,0.22,0.22,0.2,0.2,2422499
2021-02-22 00:00:00+05:30,0.2,0.21,0.19,0.19,2561249
2021-02-23 00:00:00+05:30,0.19,0.2,0.19,0.19,2641604
2021-02-24 00:00:00+05:30,0.18,0.19,0.18,0.18,704069
2021-02-25 00:00:00+05:30,0.18,0.18,0.17,0.17,1015859
2021-02-26 00:00:00+05:30,0.17,0.18,0.17,0.18,1129169
2021-03-01 00:00:00+05:30,0.18,0.18,0.17,0.18,866789
2021-03-02 00:00:00+05:30,0.19,0.19,0.18,0.19,626294
2021-03-03 00:00:00+05:30,0.2,0.2,0.19,0.2,931649
2021-03-04 00:00:00+05:30,0.2,0.2,0.19,0.19,853964
2021-03-05 00:00:00+05:30,0.19,0.2,0.19,0.2,2540279
2021-03-08 00:00:00+05:30,0.2,0.2,0.19,0.19,1091144
2021-03-09 00:00:00+05:30,0.19,0.19,0.19,0.19,591509
2021-03-10 00:00:00+05:30,0.19,0.19,0.18,0.19,1279664
2021-03-12 00:00:00+05:30,0.19,0.19,0.18,0.19,1524854
2021-03-15 00:00:00+05:30,0.19,0.19,0.18,0.18,566069
2021-03-16 00:00:00+05:30,0.19,0.19,0.18,0.18,652214
2021-03-17 00:00:00+05:30,0.18,0.19,0.17,0.17,650504
2021-03-18 00:00:00+05:30,0.18,0.18,0.17,0.17,571469
2021-03-19 00:00:00+05:30,0.17,0.18,0.17,0.17,685379
2021-03-22 00:00:00+05:30,0.17,0.18,0.16,0.16,4252604
2021-03-23 00:00:00+05:30,0.17,0.17,0.16,0.17,246074
2021-03-24 00:00:00+05:30,0.17,0.18,0.16,0.17,500189
2021-03-25 00:00:00+05:30,0.17,0.18,0.16,0.16,623129
2021-03-26 00:00:00+05:30,0.17,0.17,0.16,0.16,607514
2021-03-30 00:00:00+05:30,0.16,0.16,0.15,0.15,2635544
2021-03-31 00:00:00+05:30,0.16,0.16,0.15,0.16,666659
2021-04-01 00:00:00+05:30,0.16,0.16,0.15,0.16,601829
2021-04-05 00:00:00+05:30,0.17,0.17,0.16,0.17,723839
2021-04-06 00:00:00+05:30,0.17,0.17,0.16,0.17,376364
2021-04-07 00:00:00+05:30,0.17,0.17,0.16,0.17,340484
2021-04-08 00:00:00+05:30,0.17,0.18,0.17,0.17,599069
2021-04-09 00:00:00+05:30,0.17,0.18,0.17,0.18,1133429
2021-04-12 00:00:00+05:30,0.18,0.18,0.17,0.17,1250879
2021-04-13 00:00:00+05:30,0.17,0.18,0.16,0.18,711164
2021-04-15 00:00:00+05:30,0.18,0.18,0.17,0.17,302639
2021-04-16 00:00:00+05:30,0.18,0.18,0.17,0.17,1426139
2021-04-19 00:00:00+05:30,0.17,0.17,0.16,0.16,385454
2021-04-20 00:00:00+05:30,0.15,0.15,0.15,0.15,432779
2021-04-22 00:00:00+05:30,0.15,0.15,0.15,0.15,2706299
2021-04-23 00:00:00+05:30,0.14,0.14,0.14,0.14,252224
2021-04-26 00:00:00+05:30,0.13,0.13,0.13,0.13,518894
2021-04-27 00:00:00+05:30,0.13,0.13,0.13,0.13,920234
2021-04-28 00:00:00+05:30,0.12,0.12,0.12,0.12,684929
2021-04-29 00:00:00+05:30,0.12,0.13,0.12,0.13,770954
2021-04-30 00:00:00+05:30,0.13,0.13,0.13,0.13,149879
2021-05-03 00:00:00+05:30,0.13,0.13,0.13,0.13,219209
2021-05-04 00:00:00+05:30,0.14,0.14,0.14,0.14,515324
2021-05-05 00:00:00+05:30,0.14,0.15,0.14,0.15,1955579
2021-05-06 00:00:00+05:30,0.15,0.15,0.15,0.15,1064834
2021-05-07 00:00:00+05:30,0.15,0.15,0.15,0.15,648044
2021-05-10 00:00:00+05:30,0.15,0.16,0.15,0.16,196139
2021-05-11 00:00:00+05:30,0.17,0.17,0.16,0.17,477554
2021-05-12 00:00:00+05:30,0.17,0.17,0.17,0.17,343559
2021-05-14 00:00:00+05:30,0.18,0.18,0.17,0.17,2320454
2021-05-17 00:00:00+05:30,0.17,0.17,0.16,0.17,1525484
2021-05-18 00:00:00+05:30,0.18,0.18,0.18,0.18,454169
2021-05-19 00:00:00+05:30,0.19,0.19,0.17,0.17,1485719
2021-05-20 00:00:00+05:30,0.17,0.17,0.17,0.17,1945484
2021-05-21 00:00:00+05:30,0.17,0.17,0.16,0.16,1811894
2021-05-24 00:00:00+05:30,0.16,0.16,0.15,0.15,3399779
2021-05-25 00:00:00+05:30,0.16,0.16,0.15,0.15,1326734
2021-05-26 00:00:00+05:30,0.15,0.16,0.15,0.15,3576944
2021-05-27 00:00:00+05:30,0.16,0.16,0.15,0.15,3391064
2021-05-28 00:00:00+05:30,0.16,0.16,0.14,0.15,3277304
2021-05-31 00:00:00+05:30,0.15,0.15,0.15,0.15,1139354
2021-06-01 00:00:00+05:30,0.16,0.16,0.15,0.16,1316609
2021-06-02 00:00:00+05:30,0.16,0.16,0.15,0.16,1654259
2021-06-03 00:00:00+05:30,0.16,0.16,0.15,0.16,1014764
2021-06-04 00:00:00+05:30,0.16,0.16,0.16,0.16,1208639
2021-06-07 00:00:00+05:30,0.16,0.17,0.16,0.16,785804
2021-06-08 00:00:00+05:30,0.17,0.17,0.16,0.17,1740374
2021-06-09 00:00:00+05:30,0.18,0.18,0.18,0.18,4215164
2021-06-10 00:00:00+05:30,0.18,0.18,0.18,0.18,1253819
2021-06-11 00:00:00+05:30,0.19,0.19,0.19,0.19,908789
2021-06-14 00:00:00+05:30,0.2,0.2,0.2,0.2,286394
2021-06-15 00:00:00+05:30,0.2,0.2,0.2,0.2,533444
2021-06-17 00:00:00+05:30,0.22,0.22,0.22,0.22,664844
2021-06-18 00:00:00+05:30,0.23,0.23,0.21,0.22,5595419
2021-06-21 00:00:00+05:30,0.23,0.23,0.22,0.23,1429679
2021-06-22 00:00:00+05:30,0.24,0.24,0.24,0.24,529019
2021-06-23 00:00:00+05:30,0.25,0.25,0.24,0.25,3277619
2021-06-24 00:00:00+05:30,0.26,0.26,0.24,0.25,2668994
2021-06-25 00:00:00+05:30,0.26,0.26,0.24,0.24,1903214
2021-06-28 00:00:00+05:30,0.23,0.23,0.23,0.23,391829
2021-06-29 00:00:00+05:30,0.22,0.24,0.22,0.23,2668454
2021-06-30 00:00:00+05:30,0.24,0.24,0.23,0.24,2777759
2021-07-01 00:00:00+05:30,0.24,0.25,0.23,0.23,1648514
2021-07-02 00:00:00+05:30,0.24,0.24,0.22,0.23,1420184
2021-07-05 00:00:00+05:30,0.23,0.24,0.22,0.24,2184269
2021-07-06 00:00:00+05:30,0.25,0.25,0.23,0.25,4950584
2021-07-07 00:00:00+05:30,0.26,0.26,0.24,0.26,8376269
2021-07-08 00:00:00+05:30,0.27,0.27,0.26,0.27,4057229
2021-07-09 00:00:00+05:30,0.28,0.28,0.27,0.28,4265039
2021-07-12 00:00:00+05:30,0.29,0.29,0.27,0.28,5574719
2021-07-13 00:00:00+05:30,0.29,0.29,0.27,0.27,4772429
2021-07-14 00:00:00+05:30,0.25,0.27,0.25,0.25,3289004
2021-07-15 00:00:00+05:30,0.26,0.26,0.24,0.25,1515149
2021-07-16 00:00:00+05:30,0.26,0.26,0.24,0.24,1889474
2021-07-19 00:00:00+05:30,0.25,0.25,0.23,0.25,1964864
2021-07-20 00:00:00+05:30,0.25,0.25,0.24,0.24,1637219
2021-07-22 00:00:00+05:30,0.24,0.24,0.23,0.24,1127594
2021-07-23 00:00:00+05:30,0.25,0.25,0.23,0.24,747059
2021-07-26 00:00:00+05:30,0.24,0.25,0.23,0.25,1809344
2021-07-27 00:00:00+05:30,0.26,0.26,0.25,0.26,1588334
2021-07-28 00:00:00+05:30,0.27,0.27,0.25,0.25,3500969
2021-07-29 00:00:00+05:30,0.24,0.26,0.24,0.25,943514
2021-07-30 00:00:00+05:30,0.24,0.24,0.24,0.24,1382954
2021-08-02 00:00:00+05:30,0.24,0.25,0.23,0.25,565004
2021-08-03 00:00:00+05:30,0.25,0.26,0.24,0.25,1124954
2021-08-04 00:00:00+05:30,0.25,0.26,0.24,0.24,1086554
2021-08-05 00:00:00+05:30,0.24,0.24,0.23,0.23,542594
2021-08-06 00:00:00+05:30,0.23,0.24,0.22,0.23,742769
2021-08-09 00:00:00+05:30,0.24,0.24,0.22,0.24,911129
2021-08-10 00:00:00+05:30,0.24,0.24,0.23,0.23,398594
2021-08-11 00:00:00+05:30,0.23,0.23,0.22,0.22,797069
2021-08-12 00:00:00+05:30,0.21,0.22,0.21,0.22,600404
2021-08-13 00:00:00+05:30,0.22,0.23,0.21,0.21,637904
2021-08-16 00:00:00+05:30,0.21,0.22,0.2,0.21,1148864
2021-08-17 00:00:00+05:30,0.2,0.21,0.2,0.2,422729
2021-08-18 00:00:00+05:30,0.19,0.2,0.19,0.19,577994
2021-08-20 00:00:00+05:30,0.19,0.19,0.18,0.18,404504
2021-08-23 00:00:00+05:30,0.19,0.19,0.18,0.18,579359
2021-08-24 00:00:00+05:30,0.17,0.18,0.17,0.17,757349
2021-08-25 00:00:00+05:30,0.17,0.18,0.17,0.18,987929
2021-08-26 00:00:00+05:30,0.18,0.19,0.18,0.19,387344
2021-08-27 00:00:00+05:30,0.19,0.19,0.19,0.19,433289
2021-08-30 00:00:00+05:30,0.19,0.2,0.19,0.2,976544
2021-08-31 00:00:00+05:30,0.21,0.21,0.19,0.2,642959
2021-09-01 00:00:00+05:30,0.2,0.2,0.19,0.2,1102484
2021-09-02 00:00:00+05:30,0.21,0.21,0.19,0.21,601754
2021-09-03 00:00:00+05:30,0.22,0.22,0.2,0.22,1796264
2021-09-06 00:00:00+05:30,0.23,0.23,0.22,0.23,2759624
2021-09-07 00:00:00+05:30,0.24,0.24,0.22,0.23,985724
2021-09-08 00:00:00+05:30,0.24,0.24,0.22,0.23,800819
2021-09-09 00:00:00+05:30,0.24,0.24,0.22,0.22,540929
2021-09-13 00:00:00+05:30,0.23,0.23,0.21,0.23,3183914
2021-09-14 00:00:00+05:30,0.23,0.23,0.22,0.23,1096154
2021-09-15 00:00:00+05:30,0.22,0.23,0.22,0.23,1204934
2021-09-16 00:00:00+05:30,0.22,0.23,0.22,0.22,965504
2021-09-17 00:00:00+05:30,0.23,0.23,0.21,0.22,604559
2021-09-20 00:00:00+05:30,0.22,0.22,0.21,0.21,613964
2021-09-21 00:00:00+05:30,0.21,0.22,0.2,0.21,875114
2021-09-22 00:00:00+05:30,0.21,0.22,0.2,0.21,705209
2021-09-23 00:00:00+05:30,0.21,0.22,0.21,0.22,1109579
2021-09-24 00:00:00+05:30,0.22,0.22,0.21,0.21,674354
2021-09-27 00:00:00+05:30,0.22,0.22,0.21,0.21,422774
2021-09-28 00:00:00+05:30,0.21,0.21,0.2,0.2,876224
2021-09-29 00:00:00+05:30,0.2,0.21,0.19,0.21,190964
2021-09-30 00:00:00+05:30,0.21,0.21,0.2,0.2,366974
2021-10-01 00:00:00+05:30,0.2,0.21,0.2,0.2,283034
2021-10-04 00:00:00+05:30,0.2,0.2,0.2,0.2,347684
2021-10-05 00:00:00+05:30,0.21,0.21,0.2,0.21,751919
2021-10-06 00:00:00+05:30,0.21,0.21,0.2,0.2,1741259
2021-10-07 00:00:00+05:30,0.21,0.21,0.2,0.2,1576754
2021-10-08 00:00:00+05:30,0.21,0.21,0.2,0.21,459779
2021-10-11 00:00:00+05:30,0.21,0.21,0.21,0.21,1876004
2021-10-12 00:00:00+05:30,0.22,0.22,0.21,0.22,3210764
2021-10-13 00:00:00+05:30,0.23,0.23,0.21,0.22,1780049
2021-10-14 00:00:00+05:30,0.22,0.22,0.21,0.21,1628714
2021-10-18 00:00:00+05:30,0.21,0.21,0.2,0.21,1433534
2021-10-19 00:00:00+05:30,0.22,0.22,0.2,0.2,2809049
2021-10-20 00:00:00+05:30,0.2,0.2,0.19,0.2,1377179
2021-10-21 00:00:00+05:30,0.2,0.2,0.2,0.2,768764
2021-10-22 00:00:00+05:30,0.21,0.21,0.19,0.2,668279
2021-10-25 00:00:00+05:30,0.2,0.2,0.2,0.2,1133519
2021-10-26 00:00:00+05:30,0.21,0.21,0.21,0.21,1672979
2021-10-27 00:00:00+05:30,0.22,0.22,0.21,0.21,2074799
2021-10-28 00:00:00+05:30,0.2,0.21,0.2,0.2,739589
2021-10-29 00:00:00+05:30,0.21,0.21,0.19,0.19,2966849
2021-11-01 00:00:00+05:30,0.19,0.2,0.19,0.2,1724819
2021-11-02 00:00:00+05:30,0.21,0.21,0.2,0.2,1183139
2021-11-03 00:00:00+05:30,0.21,0.21,0.2,0.2,188849
2021-11-04 00:00:00+05:30,0.21,0.21,0.2,0.2,375554
2021-11-08 00:00:00+05:30,0.21,0.21,0.2,0.2,985619
2021-11-09 00:00:00+05:30,0.2,0.2,0.2,0.2,769094
2021-11-10 00:00:00+05:30,0.2,0.2,0.19,0.2,844859
2021-11-11 00:00:00+05:30,0.2,0.2,0.19,0.2,1486169
2021-11-12 00:00:00+05:30,0.2,0.2,0.2,0.2,2363159
2021-11-15 00:00:00+05:30,0.21,0.21,0.2,0.2,3709844
2021-11-16 00:00:00+05:30,0.21,0.21,0.2,0.2,613499
2021-11-17 00:00:00+05:30,0.2,0.2,0.2,0.2,1231034
2021-11-18 00:00:00+05:30,0.2,0.21,0.2,0.21,8145989
2021-11-22 00:00:00+05:30,0.22,0.22,0.22,0.22,4431389
2021-11-23 00:00:00+05:30,0.23,0.23,0.23,0.23,871304
2021-11-24 00:00:00+05:30,0.24,0.24,0.24,0.24,479384
2021-11-25 00:00:00+05:30,0.25,0.25,0.25,0.25,583169
2021-11-26 00:00:00+05:30,0.26,0.26,0.26,0.26,371309
2021-11-29 00:00:00+05:30,0.27,0.27,0.27,0.27,1940384
2021-11-30 00:00:00+05:30,0.28,0.28,0.28,0.28,1413974
2021-12-01 00:00:00+05:30,0.3,0.3,0.3,0.3,1220984
2021-12-02 00:00:00+05:30,0.31,0.31,0.31,0.31,267824
2021-12-03 00:00:00+05:30,0.32,0.32,0.32,0.32,692669
2021-12-06 00:00:00+05:30,0.34,0.34,0.34,0.34,632549
2021-12-07 00:00:00+05:30,0.35,0.35,0.35,0.35,338234
2021-12-08 00:00:00+05:30,0.37,0.37,0.34,0.34,12577304
2021-12-09 00:00:00+05:30,0.36,0.36,0.35,0.36,2954669
2021-12-10 00:00:00+05:30,0.37,0.37,0.37,0.37,4231289
2021-12-13 00:00:00+05:30,0.39,0.39,0.39,0.39,757619
2021-12-14 00:00:00+05:30,0.41,0.41,0.41,0.41,1406189
2021-12-15 00:00:00+05:30,0.43,0.43,0.43,0.43,2016689
2021-12-16 00:00:00+05:30,0.45,0.45,0.45,0.45,4855394
2021-12-17 00:00:00+05:30,0.47,0.47,0.43,0.47,22237304
2021-12-20 00:00:00+05:30,0.49,0.49,0.49,0.49,8710199
2021-12-21 00:00:00+05:30,0.51,0.51,0.51,0.51,4011089
2021-12-22 00:00:00+05:30,0.54,0.54,0.54,0.54,6070679
2021-12-23 00:00:00+05:30,0.56,0.56,0.56,0.56,2832224
2021-12-24 00:00:00+05:30,0.59,0.59,0.59,0.59,2144054
2021-12-27 00:00:00+05:30,0.62,0.62,0.62,0.62,12952304
2021-12-28 00:00:00+05:30,0.65,0.65,0.59,0.64,45615582
2021-12-29 00:00:00+05:30,0.67,0.67,0.65,0.66,21758039
2021-12-30 00:00:00+05:30,0.69,0.69,0.63,0.64,15894389
2021-12-31 00:00:00+05:30,0.62,0.63,0.61,0.61,8306219
2022-01-03 00:00:00+05:30,0.59,0.64,0.58,0.64,32300668
2022-01-04 00:00:00+05:30,0.67,0.67,0.65,0.67,11843774
2022-01-05 00:00:00+05:30,0.7,0.7,0.7,0.7,7685069
2022-01-06 00:00:00+05:30,0.73,0.73,0.71,0.73,14818649
2022-01-07 00:00:00+05:30,0.77,0.77,0.77,0.77,4686419
2022-01-10 00:00:00+05:30,0.81,0.81,0.81,0.81,1642079
2022-01-11 00:00:00+05:30,0.85,0.85,0.85,0.85,2307614
2022-01-12 00:00:00+05:30,0.89,0.89,0.81,0.81,16518134
2022-01-13 00:00:00+05:30,0.77,0.77,0.77,0.77,2499479
2022-01-14 00:00:00+05:30,0.73,0.73,0.73,0.73,3529649
2022-01-17 00:00:00+05:30,0.7,0.76,0.7,0.76,18377969
2022-01-18 00:00:00+05:30,0.8,0.8,0.73,0.73,11345309
2022-01-19 00:00:00+05:30,0.69,0.69,0.69,0.69,1610219
2022-01-20 00:00:00+05:30,0.66,0.73,0.66,0.72,26497963
2022-01-21 00:00:00+05:30,0.72,0.76,0.69,0.69,7361519
2022-01-24 00:00:00+05:30,0.67,0.73,0.66,0.66,11964239
2022-01-25 00:00:00+05:30,0.63,0.69,0.63,0.65,7628279
2022-01-27 00:00:00+05:30,0.63,0.66,0.62,0.62,3364964
2022-01-28 00:00:00+05:30,0.6,0.65,0.59,0.63,7019474
2022-01-31 00:00:00+05:30,0.64,0.64,0.6,0.61,4482959
2022-02-01 00:00:00+05:30,0.61,0.64,0.58,0.64,7217729
2022-02-02 00:00:00+05:30,0.67,0.67,0.62,0.66,3602399
2022-02-03 00:00:00+05:30,0.64,0.69,0.63,0.69,4433939
2022-02-04 00:00:00+05:30,0.71,0.71,0.66,0.66,4860929
2022-02-07 00:00:00+05:30,0.69,0.69,0.64,0.65,2108294
2022-02-08 00:00:00+05:30,0.64,0.67,0.62,0.62,2274269
2022-02-09 00:00:00+05:30,0.6,0.63,0.59,0.6,3883259
2022-02-10 00:00:00+05:30,0.63,0.63,0.58,0.6,1497989
2022-02-11 00:00:00+05:30,0.59,0.61,0.57,0.57,2483084
2022-02-14 00:00:00+05:30,0.55,0.56,0.55,0.55,1098194
2022-02-15 00:00:00+05:30,0.52,0.57,0.52,0.55,2975999
2022-02-16 00:00:00+05:30,0.56,0.58,0.53,0.58,2064599
2022-02-17 00:00:00+05:30,0.59,0.6,0.55,0.6,2684039
2022-02-18 00:00:00+05:30,0.61,0.62,0.57,0.6,1991894
2022-02-21 00:00:00+05:30,0.58,0.63,0.57,0.61,4436174
2022-02-22 00:00:00+05:30,0.59,0.63,0.58,0.58,1575824
2022-02-23 00:00:00+05:30,0.56,0.61,0.55,0.56,1992044
2022-02-24 00:00:00+05:30,0.53,0.55,0.53,0.53,956114
2022-02-25 00:00:00+05:30,0.51,0.55,0.51,0.51,3327704
2022-02-28 00:00:00+05:30,0.48,0.52,0.48,0.5,2332244
2022-03-02 00:00:00+05:30,0.5,0.51,0.47,0.48,1646909
2022-03-03 00:00:00+05:30,0.47,0.49,0.47,0.48,1533329
2022-03-04 00:00:00+05:30,0.49,0.49,0.45,0.47,3036644
2022-03-07 00:00:00+05:30,0.47,0.47,0.45,0.45,1602269
2022-03-08 00:00:00+05:30,0.45,0.47,0.44,0.45,1548299
2022-03-09 00:00:00+05:30,0.47,0.47,0.44,0.47,2711384
2022-03-10 00:00:00+05:30,0.48,0.49,0.48,0.49,733784
2022-03-11 00:00:00+05:30,0.5,0.52,0.49,0.52,685949
2022-03-14 00:00:00+05:30,0.54,0.54,0.5,0.53,2414864
2022-03-15 00:00:00+05:30,0.54,0.54,0.51,0.51,2481884
2022-03-16 00:00:00+05:30,0.51,0.53,0.49,0.51,1582469
2022-03-17 00:00:00+05:30,0.53,0.53,0.49,0.52,1012229
2022-03-21 00:00:00+05:30,0.52,0.53,0.5,0.51,1306499
2022-03-22 00:00:00+05:30,0.52,0.52,0.49,0.49,2517764
2022-03-23 00:00:00+05:30,0.49,0.5,0.47,0.47,1622294
2022-03-24 00:00:00+05:30,0.47,0.48,0.45,0.46,2132699
2022-03-25 00:00:00+05:30,0.46,0.48,0.44,0.47,3467669
2022-03-28 00:00:00+05:30,0.48,0.49,0.47,0.48,2053319
2022-03-29 00:00:00+05:30,0.49,0.49,0.45,0.46,3139079
2022-03-30 00:00:00+05:30,0.47,0.47,0.45,0.46,1660979
2022-03-31 00:00:00+05:30,0.47,0.48,0.44,0.45,2983394
2022-04-01 00:00:00+05:30,0.45,0.45,0.43,0.44,4166294
2022-04-04 00:00:00+05:30,0.45,0.46,0.43,0.46,2899724
2022-04-05 00:00:00+05:30,0.47,0.48,0.46,0.48,1942829
2022-04-06 00:00:00+05:30,0.5,0.5,0.5,0.5,482324
2022-04-07 00:00:00+05:30,0.55,0.55,0.55,0.55,751769
2022-04-08 00:00:00+05:30,0.6,0.6,0.57,0.6,5241224
2022-04-11 00:00:00+05:30,0.66,0.66,0.61,0.66,14819099
2022-04-12 00:00:00+05:30,0.66,0.67,0.63,0.63,10716254
2022-04-13 00:00:00+05:30,0.62,0.63,0.6,0.6,3402389
2022-04-18 00:00:00+05:30,0.57,0.57,0.57,0.57,801374
2022-04-19 00:00:00+05:30,0.55,0.56,0.55,0.55,4905359
2022-04-20 00:00:00+05:30,0.52,0.55,0.52,0.52,7828094
2022-04-21 00:00:00+05:30,0.51,0.55,0.51,0.55,3798614
2022-04-22 00:00:00+05:30,0.56,0.56,0.52,0.53,3220829
2022-04-25 00:00:00+05:30,0.53,0.53,0.5,0.51,1528859
2022-04-26 00:00:00+05:30,0.51,0.52,0.48,0.49,1774109
2022-04-27 00:00:00+05:30,0.47,0.5,0.46,0.46,2760659
2022-04-28 00:00:00+05:30,0.44,0.47,0.44,0.45,3110129
2022-04-29 00:00:00+05:30,0.46,0.46,0.43,0.46,1413389
2022-05-02 00:00:00+05:30,0.46,0.47,0.44,0.45,793829
2022-05-04 00:00:00+05:30,0.45,0.46,0.43,0.44,1177859
2022-05-05 00:00:00+05:30,0.44,0.45,0.42,0.45,1822214
2022-05-06 00:00:00+05:30,0.45,0.45,0.43,0.43,1109084
2022-05-09 00:00:00+05:30,0.41,0.42,0.41,0.41,852329
2022-05-10 00:00:00+05:30,0.41,0.41,0.39,0.39,788894
2022-05-11 00:00:00+05:30,0.38,0.4,0.37,0.37,558404
2022-05-12 00:00:00+05:30,0.36,0.36,0.36,0.36,652034
2022-05-13 00:00:00+05:30,0.34,0.37,0.34,0.37,1600694
2022-05-16 00:00:00+05:30,0.38,0.39,0.37,0.39,604319
2022-05-17 00:00:00+05:30,0.39,0.4,0.39,0.4,191714
2022-05-18 00:00:00+05:30,0.42,0.42,0.42,0.42,309974
2022-05-19 00:00:00+05:30,0.44,0.44,0.4,0.41,1097939
2022-05-20 00:00:00+05:30,0.41,0.43,0.4,0.42,801434
2022-05-23 00:00:00+05:30,0.42,0.42,0.4,0.41,600794
2022-05-24 00:00:00+05:30,0.41,0.42,0.39,0.41,402479
2022-05-25 00:00:00+05:30,0.41,0.43,0.39,0.4,1672934
2022-05-26 00:00:00+05:30,0.4,0.42,0.4,0.42,1954934
2022-05-27 00:00:00+05:30,0.41,0.42,0.41,0.41,516824
2022-05-30 00:00:00+05:30,0.42,0.42,0.39,0.4,1036724
2022-05-31 00:00:00+05:30,0.39,0.42,0.38,0.4,2752469
2022-06-01 00:00:00+05:30,0.4,0.41,0.38,0.38,764339
2022-06-02 00:00:00+05:30,0.39,0.4,0.37,0.4,691919
2022-06-03 00:00:00+05:30,0.41,0.41,0.39,0.4,416924
2022-06-06 00:00:00+05:30,0.38,0.41,0.38,0.41,1018034
2022-06-07 00:00:00+05:30,0.42,0.42,0.39,0.4,981164
2022-06-08 00:00:00+05:30,0.42,0.42,0.4,0.41,1403759
2022-06-09 00:00:00+05:30,0.41,0.42,0.39,0.41,311684
2022-06-10 00:00:00+05:30,0.41,0.41,0.39,0.39,560444
2022-06-13 00:00:00+05:30,0.39,0.4,0.38,0.39,1772474
2022-06-14 00:00:00+05:30,0.4,0.4,0.37,0.37,692399
2022-06-15 00:00:00+05:30,0.38,0.38,0.36,0.36,881849
2022-06-16 00:00:00+05:30,0.35,0.38,0.35,0.35,1082954
2022-06-17 00:00:00+05:30,0.34,0.35,0.33,0.34,496754
2022-06-20 00:00:00+05:30,0.35,0.36,0.35,0.36,1685039
2022-06-21 00:00:00+05:30,0.35,0.37,0.35,0.37,2328719
2022-06-22 00:00:00+05:30,0.37,0.38,0.36,0.38,953069
2022-06-23 00:00:00+05:30,0.4,0.4,0.38,0.4,876929
2022-06-24 00:00:00+05:30,0.42,0.42,0.4,0.41,3076229
2022-06-27 00:00:00+05:30,0.41,0.43,0.41,0.43,1001384
2022-06-28 00:00:00+05:30,0.45,0.45,0.44,0.45,3307919
2022-06-29 00:00:00+05:30,0.47,0.47,0.43,0.47,13232864
2022-06-30 00:00:00+05:30,0.48,0.49,0.48,0.49,12962534
2022-07-01 00:00:00+05:30,0.51,0.51,0.5,0.51,12588659
2022-07-04 00:00:00+05:30,0.52,0.53,0.49,0.53,21418349
2022-07-05 00:00:00+05:30,0.53,0.54,0.51,0.53,8009099
2022-07-06 00:00:00+05:30,0.53,0.53,0.52,0.52,6622934
2022-07-07 00:00:00+05:30,0.52,0.53,0.5,0.5,2987579
2022-07-08 00:00:00+05:30,0.48,0.52,0.48,0.52,9531809
2022-07-11 00:00:00+05:30,0.54,0.55,0.51,0.55,5134409
2022-07-12 00:00:00+05:30,0.55,0.57,0.54,0.57,7769264
2022-07-13 00:00:00+05:30,0.6,0.6,0.6,0.6,1767884
2022-07-14 00:00:00+05:30,0.63,0.63,0.58,0.62,43886443
2022-07-15 00:00:00+05:30,0.63,0.63,0.59,0.6,18730769
2022-07-18 00:00:00+05:30,0.59,0.59,0.57,0.58,16334399
2022-07-19 00:00:00+05:30,0.61,0.61,0.6,0.61,8241239
2022-07-20 00:00:00+05:30,0.62,0.64,0.58,0.62,15482504
2022-07-21 00:00:00+05:30,0.62,0.63,0.59,0.59,6747269
2022-07-22 00:00:00+05:30,0.6,0.62,0.58,0.59,5421509
2022-07-25 00:00:00+05:30,0.59,0.6,0.56,0.57,7828619
2022-07-26 00:00:00+05:30,0.57,0.58,0.55,0.55,4895849
2022-07-27 00:00:00+05:30,0.55,0.57,0.53,0.55,4746434
2022-07-28 00:00:00+05:30,0.56,0.56,0.53,0.54,7506974
2022-07-29 00:00:00+05:30,0.55,0.55,0.53,0.54,1141424
2022-08-01 00:00:00+05:30,0.54,0.55,0.51,0.54,3478409
2022-08-02 00:00:00+05:30,0.55,0.57,0.54,0.55,8406164
2022-08-03 00:00:00+05:30,0.54,0.56,0.54,0.55,2206544
2022-08-04 00:00:00+05:30,0.56,0.57,0.54,0.57,9385154
2022-08-05 00:00:00+05:30,0.6,0.6,0.58,0.6,13040954
2022-08-08 00:00:00+05:30,0.62,0.62,0.61,0.62,10210919
2022-08-10 00:00:00+05:30,0.65,0.65,0.59,0.59,10785839
2022-08-11 00:00:00+05:30,0.57,0.58,0.57,0.57,3041624
2022-08-12 00:00:00+05:30,0.54,0.59,0.54,0.59,5447954
2022-08-16 00:00:00+05:30,0.59,0.62,0.59,0.6,5232014
2022-08-17 00:00:00+05:30,0.62,0.62,0.59,0.59,3295349
2022-08-18 00:00:00+05:30,0.61,0.61,0.58,0.59,4839914
2022-08-19 00:00:00+05:30,0.6,0.6,0.57,0.59,3413009
2022-08-22 00:00:00+05:30,0.6,0.61,0.58,0.58,1927349
2022-08-23 00:00:00+05:30,0.58,0.59,0.56,0.57,2971739
2022-08-24 00:00:00+05:30,0.58,0.6,0.56,0.59,5444264
2022-08-25 00:00:00+05:30,0.6,0.61,0.58,0.59,3330254
2022-08-26 00:00:00+05:30,0.6,0.6,0.58,0.59,3562334
2022-08-29 00:00:00+05:30,0.59,0.59,0.57,0.57,2485034
2022-08-30 00:00:00+05:30,0.58,0.59,0.57,0.57,2036009
2022-09-01 00:00:00+05:30,0.58,0.58,0.56,0.57,13416412
2022-09-02 00:00:00+05:30,0.58,0.58,0.56,0.57,12290598
2022-09-05 00:00:00+05:30,0.57,0.59,0.55,0.56,75395357
2022-09-06 00:00:00+05:30,0.57,0.57,0.54,0.54,108975157
2022-09-07 00:00:00+05:30,0.52,0.53,0.51,0.51,101961430
2022-09-08 00:00:00+05:30,0.51,0.52,0.49,0.49,180240290
2022-09-09 00:00:00+05:30,0.5,0.51,0.46,0.46,273060870
2022-09-12 00:00:00+05:30,0.48,0.48,0.48,0.48,85232898
2022-09-13 00:00:00+05:30,0.51,0.51,0.51,0.51,6269207
2022-09-14 00:00:00+05:30,0.53,0.53,0.53,0.53,2533523
2022-09-15 00:00:00+05:30,0.55,0.55,0.55,0.55,5242442
2022-09-16 00:00:00+05:30,0.57,0.58,0.55,0.58,443329049
2022-09-19 00:00:00+05:30,0.61,0.61,0.61,0.61,42118880
2022-09-20 00:00:00+05:30,0.64,0.64,0.64,0.64,11885736
2022-09-21 00:00:00+05:30,0.67,0.67,0.61,0.61,6519788044
2022-09-22 00:00:00+05:30,0.58,0.58,0.58,0.58,554298576
2022-09-23 00:00:00+05:30,0.58,0.6,0.58,0.6,361011812
2022-09-26 00:00:00+05:30,0.61,0.63,0.58,0.6,2038049605
2022-09-27 00:00:00+05:30,0.61,0.61,0.57,0.59,1058406527
2022-09-28 00:00:00+05:30,0.65,0.65,0.65,0.65,61874
2022-09-29 00:00:00+05:30,0.7,0.7,0.6,0.65,35693197
2022-09-30 00:00:00+05:30,0.65,0.65,0.6,0.65,12934595
2022-10-03 00:00:00+05:30,0.65,0.7,0.6,0.7,16152751
2022-10-04 00:00:00+05:30,0.7,0.75,0.65,0.65,11995973
2022-10-06 00:00:00+05:30,0.65,0.7,0.6,0.6,7234665
2022-10-07 00:00:00+05:30,0.65,0.65,0.55,0.6,9772993
2022-10-10 00:00:00+05:30,0.6,0.6,0.55,0.55,5752193
2022-10-11 00:00:00+05:30,0.55,0.6,0.5,0.6,17300714
2022-10-12 00:00:00+05:30,0.65,0.65,0.6,0.65,9135021
2022-10-13 00:00:00+05:30,0.65,0.7,0.6,0.65,23236296
2022-10-14 00:00:00+05:30,0.65,0.7,0.6,0.6,25094141
2022-10-17 00:00:00+05:30,0.55,0.65,0.55,0.55,25078308
2022-10-18 00:00:00+05:30,0.55,0.6,0.5,0.5,39924341
2022-10-19 00:00:00+05:30,0.5,0.55,0.45,0.5,20395514
2022-10-20 00:00:00+05:30,0.5,0.5,0.45,0.5,9210144
2022-10-21 00:00:00+05:30,0.45,0.55,0.45,0.5,21762807
2022-10-24 00:00:00+05:30,0.5,0.55,0.5,0.5,3610075
2022-10-25 00:00:00+05:30,0.55,0.55,0.45,0.5,8714679
2022-10-27 00:00:00+05:30,0.45,0.5,0.45,0.5,6600373
2022-10-28 00:00:00+05:30,0.5,0.5,0.45,0.5,5340683
2022-10-31 00:00:00+05:30,0.5,0.5,0.45,0.5,5247962
2022-11-01 00:00:00+05:30,0.45,0.5,0.45,0.45,31691281
2022-11-02 00:00:00+05:30,0.45,0.45,0.4,0.4,18734817
2022-11-03 00:00:00+05:30,0.35,0.45,0.35,0.4,39291939
2022-11-04 00:00:00+05:30,0.4,0.45,0.35,0.4,29566846
2022-11-07 00:00:00+05:30,0.4,0.4,0.35,0.4,15190724
2022-11-09 00:00:00+05:30,0.4,0.4,0.35,0.35,32697731
2022-11-10 00:00:00+05:30,0.35,0.35,0.3,0.35,17117382
2022-11-11 00:00:00+05:30,0.35,0.35,0.3,0.35,10415933
2022-11-14 00:00:00+05:30,0.35,0.35,0.3,0.35,8378624
2022-11-15 00:00:00+05:30,0.35,0.35,0.3,0.35,9387516
2022-11-16 00:00:00+05:30,0.35,0.35,0.3,0.35,10241498
2022-11-17 00:00:00+05:30,0.35,0.35,0.3,0.35,3878978
2022-11-18 00:00:00+05:30,0.3,0.35,0.3,0.3,105128251
2022-11-21 00:00:00+05:30,0.3,0.3,0.25,0.3,20865421
2022-11-22 00:00:00+05:30,0.3,0.3,0.25,0.3,11135508
2022-11-23 00:00:00+05:30,0.3,0.3,0.25,0.3,7701291
2022-11-24 00:00:00+05:30,0.3,0.3,0.25,0.25,85793378
2022-11-25 00:00:00+05:30,0.25,0.3,0.2,0.3,79588346
2022-11-28 00:00:00+05:30,0.35,0.35,0.3,0.35,22170646
2022-11-29 00:00:00+05:30,0.4,0.4,0.4,0.4,7809900
2022-11-30 00:00:00+05:30,0.45,0.45,0.4,0.45,131273450
2022-12-01 00:00:00+05:30,0.5,0.5,0.45,0.5,49308017
2022-12-02 00:00:00+05:30,0.55,0.55,0.5,0.55,101670372
2022-12-05 00:00:00+05:30,0.6,0.6,0.55,0.6,88616520
2022-12-06 00:00:00+05:30,0.65,0.65,0.6,0.65,31159476
2022-12-07 00:00:00+05:30,0.7,0.7,0.6,0.6,101850658
2022-12-08 00:00:00+05:30,0.55,0.55,0.55,0.55,8505561
2022-12-09 00:00:00+05:30,0.55,0.6,0.5,0.6,56629076
2022-12-12 00:00:00+05:30,0.55,0.6,0.55,0.55,71515400
2022-12-13 00:00:00+05:30,0.55,0.6,0.5,0.55,29346004
2022-12-14 00:00:00+05:30,0.55,0.6,0.5,0.55,24754590
2022-12-15 00:00:00+05:30,0.55,0.6,0.5,0.55,18098495
2022-12-16 00:00:00+05:30,0.5,0.55,0.5,0.55,8264629
2022-12-19 00:00:00+05:30,0.55,0.55,0.5,0.55,8364537
2022-12-20 00:00:00+05:30,0.55,0.55,0.5,0.55,8595954
2022-12-21 00:00:00+05:30,0.55,0.6,0.5,0.55,15905957
2022-12-22 00:00:00+05:30,0.55,0.55,0.5,0.5,16623576
2022-12-23 00:00:00+05:30,0.45,0.5,0.45,0.45,9417735
2022-12-26 00:00:00+05:30,0.45,0.5,0.45,0.5,5861796
2022-12-27 00:00:00+05:30,0.5,0.55,0.5,0.55,13651252
2022-12-28 00:00:00+05:30,0.6,0.6,0.55,0.55,10986393
2022-12-29 00:00:00+05:30,0.55,0.6,0.5,0.55,7221574
2022-12-30 00:00:00+05:30,0.55,0.55,0.5,0.55,5422025
2023-01-02 00:00:00+05:30,0.55,0.55,0.5,0.55,4671936
2023-01-03 00:00:00+05:30,0.55,0.55,0.5,0.5,4406272
2023-01-04 00:00:00+05:30,0.5,0.55,0.45,0.55,10968481
2023-01-05 00:00:00+05:30,0.5,0.55,0.5,0.5,3617387
2023-01-06 00:00:00+05:30,0.55,0.55,0.5,0.5,3615383
2023-01-09 00:00:00+05:30,0.5,0.55,0.5,0.55,3377875
2023-01-10 00:00:00+05:30,0.55,0.55,0.5,0.55,4259559
2023-01-11 00:00:00+05:30,0.55,0.55,0.5,0.5,5377433
2023-01-12 00:00:00+05:30,0.5,0.55,0.5,0.55,4383197
2023-01-13 00:00:00+05:30,0.55,0.55,0.5,0.5,4777813
2023-01-16 00:00:00+05:30,0.55,0.55,0.5,0.5,4119997
2023-01-17 00:00:00+05:30,0.55,0.55,0.5,0.5,2246399
2023-01-18 00:00:00+05:30,0.55,0.55,0.5,0.5,3474622
2023-01-19 00:00:00+05:30,0.5,0.55,0.5,0.5,6241393
2023-01-20 00:00:00+05:30,0.5,0.55,0.5,0.55,4032712
2023-01-23 00:00:00+05:30,0.5,0.55,0.5,0.5,4256047
2023-01-24 00:00:00+05:30,0.5,0.55,0.45,0.5,5129750
2023-01-25 00:00:00+05:30,0.5,0.55,0.45,0.5,4212794
2023-01-27 00:00:00+05:30,0.5,0.5,0.45,0.45,3073861
2023-01-30 00:00:00+05:30,0.45,0.5,0.45,0.45,3200062
2023-01-31 00:00:00+05:30,0.5,0.5,0.45,0.45,2077860
2023-02-01 00:00:00+05:30,0.5,0.5,0.45,0.45,2093865
2023-02-02 00:00:00+05:30,0.45,0.5,0.45,0.5,3293212
2023-02-03 00:00:00+05:30,0.5,0.5,0.45,0.45,3137343
2023-02-06 00:00:00+05:30,0.5,0.5,0.4,0.45,10645784
2023-02-07 00:00:00+05:30,0.45,0.5,0.4,0.45,5656754
2023-02-08 00:00:00+05:30,0.4,0.45,0.4,0.4,8514629
2023-02-09 00:00:00+05:30,0.4,0.45,0.35,0.45,8402262
2023-02-10 00:00:00+05:30,0.4,0.5,0.4,0.5,14812635
2023-02-13 00:00:00+05:30,0.5,0.5,0.45,0.45,22851773
2023-02-14 00:00:00+05:30,0.45,0.45,0.4,0.4,27827927
2023-02-15 00:00:00+05:30,0.45,0.45,0.35,0.4,9291435
2023-02-16 00:00:00+05:30,0.45,0.45,0.4,0.45,3418624
2023-02-17 00:00:00+05:30,0.4,0.45,0.4,0.4,5139902
2023-02-20 00:00:00+05:30,0.45,0.45,0.4,0.45,2445619
2023-02-21 00:00:00+05:30,0.45,0.45,0.4,0.4,2141987
2023-02-22 00:00:00+05:30,0.4,0.45,0.35,0.4,8730619
2023-02-23 00:00:00+05:30,0.4,0.45,0.35,0.35,3182066
2023-02-24 00:00:00+05:30,0.4,0.45,0.35,0.4,2609196
2023-02-27 00:00:00+05:30,0.45,0.45,0.35,0.4,6086322
2023-02-28 00:00:00+05:30,0.4,0.45,0.35,0.4,6105262
2023-03-01 00:00:00+05:30,0.4,0.45,0.35,0.45,23869648
2023-03-02 00:00:00+05:30,0.45,0.5,0.4,0.45,13505548
2023-03-03 00:00:00+05:30,0.45,0.45,0.4,0.4,4395972
2023-03-06 00:00:00+05:30,0.45,0.45,0.4,0.45,3355498
2023-03-08 00:00:00+05:30,0.4,0.45,0.4,0.4,2695716
2023-03-09 00:00:00+05:30,0.45,0.45,0.4,0.4,2995723
2023-03-10 00:00:00+05:30,0.4,0.45,0.35,0.4,10017148
2023-03-13 00:00:00+05:30,0.4,0.45,0.35,0.4,5139809
2023-03-14 00:00:00+05:30,0.35,0.4,0.35,0.4,4596351
2023-03-15 00:00:00+05:30,0.4,0.45,0.35,0.4,9527244
2023-03-16 00:00:00+05:30,0.4,0.45,0.4,0.4,5617458
2023-03-17 00:00:00+05:30,0.4,0.45,0.35,0.45,4471199
2023-03-20 00:00:00+05:30,0.45,0.45,0.4,0.4,16759373
2023-03-21 00:00:00+05:30,0.45,0.45,0.4,0.4,4055153
2023-03-22 00:00:00+05:30,0.4,0.45,0.4,0.4,4625747
2023-03-23 00:00:00+05:30,0.4,0.45,0.35,0.4,5483710
2023-03-24 00:00:00+05:30,0.4,0.45,0.35,0.4,5800649
2023-03-27 00:00:00+05:30,0.4,0.4,0.35,0.35,2331445
2023-03-28 00:00:00+05:30,0.35,0.4,0.35,0.4,2686416
2023-03-29 00:00:00+05:30,0.4,0.4,0.35,0.4,2493581
2023-03-31 00:00:00+05:30,0.4,0.4,0.35,0.4,2891032
2023-04-03 00:00:00+05:30,0.4,0.4,0.35,0.4,3985104
2023-04-05 00:00:00+05:30,0.4,0.45,0.35,0.4,13096337
2023-04-06 00:00:00+05:30,0.45,0.45,0.4,0.45,2953019
2023-04-10 00:00:00+05:30,0.45,0.45,0.4,0.4,3556327
2023-04-11 00:00:00+05:30,0.45,0.45,0.4,0.4,2182276
2023-04-12 00:00:00+05:30,0.4,0.45,0.4,0.4,3160532
2023-04-13 00:00:00+05:30,0.45,0.45,0.4,0.4,4167906
2023-04-17 00:00:00+05:30,0.4,0.45,0.4,0.45,3715887
2023-04-18 00:00:00+05:30,0.4,0.45,0.4,0.45,2903556
2023-04-19 00:00:00+05:30,0.4,0.45,0.4,0.4,3042516
2023-04-20 00:00:00+05:30,0.4,0.45,0.4,0.45,2941001
2023-04-21 00:00:00+05:30,0.4,0.45,0.4,0.4,2861358
2023-04-24 00:00:00+05:30,0.45,0.45,0.4,0.4,2729739
2023-04-25 00:00:00+05:30,0.45,0.45,0.4,0.45,7231091
2023-04-26 00:00:00+05:30,0.4,0.45,0.4,0.4,3358722
2023-04-27 00:00:00+05:30,0.45,0.45,0.4,0.4,4165395
2023-04-28 00:00:00+05:30,0.4,0.45,0.4,0.45,5197991
2023-05-02 00:00:00+05:30,0.45,0.45,0.4,0.4,5171623
2023-05-03 00:00:00+05:30,0.45,0.45,0.4,0.45,3452743
2023-05-04 00:00:00+05:30,0.45,0.45,0.4,0.45,4014013
2023-05-05 00:00:00+05:30,0.45,0.45,0.4,0.4,3082834
2023-05-08 00:00:00+05:30,0.45,0.45,0.4,0.4,5399040
2023-05-09 00:00:00+05:30,0.45,0.45,0.4,0.45,3434155
2023-05-10 00:00:00+05:30,0.45,0.45,0.4,0.4,3262074
2023-05-11 00:00:00+05:30,0.4,0.45,0.4,0.4,2153988
2023-05-12 00:00:00+05:30,0.45,0.45,0.4,0.4,2860636
2023-05-15 00:00:00+05:30,0.4,0.45,0.4,0.4,5153345
2023-05-16 00:00:00+05:30,0.45,0.45,0.4,0.45,3992867
2023-05-17 00:00:00+05:30,0.45,0.45,0.4,0.4,2164057
2023-05-18 00:00:00+05:30,0.4,0.45,0.35,0.4,11677014
2023-05-19 00:00:00+05:30,0.4,0.45,0.35,0.4,8357507
2023-05-22 00:00:00+05:30,0.4,0.45,0.4,0.4,3758259
2023-05-23 00:00:00+05:30,0.4,0.45,0.35,0.4,9453949
2023-05-24 00:00:00+05:30,0.35,0.45,0.35,0.4,6290795
2023-05-25 00:00:00+05:30,0.4,0.45,0.35,0.4,3736965
2023-05-26 00:00:00+05:30,0.4,0.4,0.35,0.4,2890864
2023-05-29 00:00:00+05:30,0.35,0.45,0.35,0.4,7720215
2023-05-30 00:00:00+05:30,0.4,0.45,0.35,0.4,4700885
2023-05-31 00:00:00+05:30,0.4,0.4,0.35,0.35,1226097
2023-06-01 00:00:00+05:30,0.4,0.4,0.35,0.4,2664849
2023-06-02 00:00:00+05:30,0.4,0.4,0.35,0.4,2384779
2023-06-05 00:00:00+05:30,0.4,0.45,0.35,0.4,7258826
2023-06-06 00:00:00+05:30,0.4,0.45,0.35,0.35,3476080
2023-06-07 00:00:00+05:30,0.4,0.4,0.35,0.4,4281702
2023-06-08 00:00:00+05:30,0.4,0.45,0.4,0.45,9328344
2023-06-09 00:00:00+05:30,0.45,0.45,0.4,0.4,4214325
2023-06-12 00:00:00+05:30,0.4,0.45,0.35,0.4,7728988
2023-06-13 00:00:00+05:30,0.4,0.45,0.35,0.4,5462025
2023-06-14 00:00:00+05:30,0.4,0.45,0.4,0.4,3605938
2023-06-15 00:00:00+05:30,0.4,0.45,0.35,0.4,7954119
2023-06-16 00:00:00+05:30,0.4,0.45,0.35,0.45,4089929
2023-06-19 00:00:00+05:30,0.4,0.45,0.4,0.45,3964004
2023-06-20 00:00:00+05:30,0.4,0.45,0.35,0.4,4769016
2023-06-21 00:00:00+05:30,0.4,0.45,0.35,0.4,3897445
2023-06-22 00:00:00+05:30,0.4,0.4,0.35,0.4,2355518
2023-06-23 00:00:00+05:30,0.35,0.4,0.35,0.4,2373721
2023-06-26 00:00:00+05:30,0.4,0.4,0.35,0.4,1549113
2023-06-27 00:00:00+05:30,0.4,0.4,0.35,0.4,1643985
2023-06-28 00:00:00+05:30,0.4,0.4,0.35,0.4,2204492
2023-06-30 00:00:00+05:30,0.35,0.4,0.35,0.4,1645175
2023-07-03 00:00:00+05:30,0.35,0.4,0.35,0.4,1764251
2023-07-04 00:00:00+05:30,0.4,0.4,0.35,0.35,1461006
2023-07-05 00:00:00+05:30,0.35,0.4,0.35,0.4,2384084
2023-07-06 00:00:00+05:30,0.35,0.4,0.35,0.4,1381285
2023-07-07 00:00:00+05:30,0.4,0.4,0.35,0.4,2627149
2023-07-10 00:00:00+05:30,0.4,0.4,0.35,0.4,1846063
2023-07-11 00:00:00+05:30,0.4,0.4,0.35,0.35,1381927
2023-07-12 00:00:00+05:30,0.4,0.4,0.35,0.4,1502724
2023-07-13 00:00:00+05:30,0.4,0.4,0.35,0.4,1482213
2023-07-14 00:00:00+05:30,0.35,0.4,0.35,0.4,2420285
2023-07-17 00:00:00+05:30,0.4,0.4,0.35,0.4,2036543
2023-07-18 00:00:00+05:30,0.35,0.4,0.35,0.4,1975453
2023-07-19 00:00:00+05:30,0.35,0.4,0.35,0.35,2625539
2023-07-20 00:00:00+05:30,0.4,0.4,0.35,0.35,2035180
2023-07-21 00:00:00+05:30,0.35,0.4,0.35,0.35,1253501
2023-07-24 00:00:00+05:30,0.35,0.4,0.35,0.35,2108170
2023-07-25 00:00:00+05:30,0.4,0.4,0.35,0.4,1378114
2023-07-26 00:00:00+05:30,0.4,0.4,0.35,0.4,1610877
2023-07-27 00:00:00+05:30,0.4,0.4,0.35,0.4,2126725
2023-07-28 00:00:00+05:30,0.35,0.4,0.35,0.4,1237945
2023-07-31 00:00:00+05:30,0.35,0.4,0.35,0.35,15558229
2023-08-01 00:00:00+05:30,0.35,0.4,0.3,0.35,4187560
2023-08-02 00:00:00+05:30,0.35,0.4,0.3,0.4,4321109
2023-08-03 00:00:00+05:30,0.4,0.4,0.35,0.4,2038885
2023-08-04 00:00:00+05:30,0.35,0.4,0.3,0.4,2776039
2023-08-07 00:00:00+05:30,0.35,0.4,0.35,0.4,3049094
2023-08-08 00:00:00+05:30,0.35,0.4,0.35,0.35,1871381
2023-08-09 00:00:00+05:30,0.4,0.4,0.35,0.4,2775988
2023-08-10 00:00:00+05:30,0.35,0.4,0.35,0.35,2092352
2023-08-11 00:00:00+05:30,0.4,0.4,0.35,0.4,2205879
2023-08-14 00:00:00+05:30,0.4,0.4,0.3,0.4,4130363
2023-08-16 00:00:00+05:30,0.35,0.4,0.35,0.4,3875398
2023-08-17 00:00:00+05:30,0.4,0.4,0.35,0.4,2319610
2023-08-18 00:00:00+05:30,0.4,0.4,0.35,0.4,3226231
2023-08-21 00:00:00+05:30,0.35,0.4,0.35,0.4,2850623
2023-08-22 00:00:00+05:30,0.35,0.4,0.35,0.4,3796662
2023-08-23 00:00:00+05:30,0.4,0.4,0.35,0.4,4306162
2023-08-24 00:00:00+05:30,0.35,0.4,0.35,0.4,4122949
2023-08-25 00:00:00+05:30,0.4,0.4,0.35,0.4,2427634
2023-08-28 00:00:00+05:30,0.35,0.4,0.35,0.4,4854476
2023-08-29 00:00:00+05:30,0.35,0.4,0.35,0.4,8265741
2023-08-30 00:00:00+05:30,0.35,0.4,0.35,0.4,8031172
2023-08-31 00:00:00+05:30,0.35,0.4,0.35,0.4,3127282
2023-09-01 00:00:00+05:30,0.35,0.4,0.35,0.4,3158755
2023-09-04 00:00:00+05:30,0.4,0.4,0.35,0.35,5824575
2023-09-05 00:00:00+05:30,0.35,0.4,0.35,0.4,4400636
2023-09-06 00:00:00+05:30,0.4,0.4,0.35,0.4,2744273
2023-09-07 00:00:00+05:30,0.4,0.4,0.35,0.4,4041182
2023-09-08 00:00:00+05:30,0.4,0.45,0.35,0.4,19211255
2023-09-11 00:00:00+05:30,0.4,0.45,0.4,0.45,13014739
2023-09-12 00:00:00+05:30,0.45,0.45,0.4,0.45,8211506
2023-09-13 00:00:00+05:30,0.4,0.4,0.4,0.4,141257
2023-09-14 00:00:00+05:30,0.4,0.4,0.35,0.35,75708
2023-09-15 00:00:00+05:30,0.4,0.4,0.35,0.35,125117
2023-09-18 00:00:00+05:30,0.35,0.4,0.35,0.35,159146
2023-09-20 00:00:00+05:30,0.4,0.4,0.35,0.4,227679
2023-09-21 00:00:00+05:30,0.35,0.4,0.35,0.35,91418
2023-09-22 00:00:00+05:30,0.35,0.4,0.35,0.4,260146
2023-09-25 00:00:00+05:30,0.35,0.4,0.35,0.35,257659
2023-09-26 00:00:00+05:30,0.35,0.4,0.35,0.35,194083
2023-09-27 00:00:00+05:30,0.35,0.35,0.35,0.35,235012
2023-09-28 00:00:00+05:30,0.35,0.35,0.35,0.35,91199
2023-09-29 00:00:00+05:30,0.35,0.4,0.35,0.35,240684
2023-10-03 00:00:00+05:30,0.35,0.35,0.35,0.35,424467
2023-10-04 00:00:00+05:30,0.35,0.4,0.35,0.35,254700
2023-10-05 00:00:00+05:30,0.35,0.35,0.35,0.35,223934
2023-10-06 00:00:00+05:30,0.35,0.35,0.35,0.35,228209
2023-10-09 00:00:00+05:30,0.35,0.4,0.35,0.35,63125
2023-10-10 00:00:00+05:30,0.35,0.35,0.35,0.35,365858
2023-10-11 00:00:00+05:30,0.35,0.35,0.35,0.35,265144
2023-10-12 00:00:00+05:30,0.35,0.35,0.35,0.35,177382
2023-10-13 00:00:00+05:30,0.35,0.4,0.35,0.4,271370
2023-10-16 00:00:00+05:30,0.4,0.4,0.35,0.35,3250426
2023-10-17 00:00:00+05:30,0.35,0.4,0.3,0.35,12416813
2023-10-18 00:00:00+05:30,0.4,0.4,0.3,0.35,42231791
2023-10-19 00:00:00+05:30,0.35,0.35,0.3,0.35,6109284
2023-10-20 00:00:00+05:30,0.35,0.4,0.3,0.4,28680446
2023-10-23 00:00:00+05:30,0.4,0.45,0.35,0.45,36462705
2023-10-25 00:00:00+05:30,0.4,0.45,0.4,0.4,11045234
2023-10-26 00:00:00+05:30,0.35,0.35,0.35,0.35,2199501
2023-10-27 00:00:00+05:30,0.35,0.35,0.35,0.35,324301
2023-10-30 00:00:00+05:30,0.35,0.4,0.35,0.35,2039432
2023-10-31 00:00:00+05:30,0.35,0.35,0.35,0.35,8312537
2023-11-01 00:00:00+05:30,0.35,0.35,0.35,0.35,4301278
2023-11-02 00:00:00+05:30,0.35,0.35,0.3,0.35,1480111
2023-11-03 00:00:00+05:30,0.35,0.35,0.35,0.35,11269970
2023-11-06 00:00:00+05:30,0.35,0.35,0.35,0.35,2614335
2023-11-07 00:00:00+05:30,0.35,0.35,0.35,0.35,970661
2023-11-08 00:00:00+05:30,0.35,0.35,0.35,0.35,1624697
2023-11-09 00:00:00+05:30,0.35,0.35,0.35,0.35,847293
2023-11-10 00:00:00+05:30,0.35,0.35,0.35,0.35,1507946
2023-11-12 00:00:00+05:30,0.35,0.35,0.35,0.35,221339
2023-11-13 00:00:00+05:30,0.35,0.4,0.35,0.35,870842
2023-11-15 00:00:00+05:30,0.35,0.35,0.35,0.35,1988170
2023-11-16 00:00:00+05:30,0.35,0.35,0.35,0.35,3483850
2023-11-17 00:00:00+05:30,0.35,0.35,0.35,0.35,1101407
2023-11-20 00:00:00+05:30,0.35,0.35,0.3,0.35,2545258
2023-11-21 00:00:00+05:30,0.35,0.35,0.35,0.35,1247996
2023-11-22 00:00:00+05:30,0.35,0.35,0.3,0.35,8031997
2023-11-23 00:00:00+05:30,0.35,0.35,0.35,0.35,1151776
2023-11-24 00:00:00+05:30,0.35,0.35,0.35,0.35,763659
2023-11-28 00:00:00+05:30,0.35,0.35,0.3,0.35,3001608
2023-11-29 00:00:00+05:30,0.35,0.35,0.35,0.35,899164
2023-11-30 00:00:00+05:30,0.35,0.35,0.3,0.35,12874353
2023-12-01 00:00:00+05:30,0.35,0.35,0.3,0.35,4728399
2023-12-04 00:00:00+05:30,0.35,0.4,0.35,0.35,7181642
2023-12-05 00:00:00+05:30,0.35,0.4,0.3,0.35,20943354
2023-12-06 00:00:00+05:30,0.35,0.4,0.35,0.4,13840140
2023-12-07 00:00:00+05:30,0.4,0.4,0.35,0.4,10354793
2023-12-08 00:00:00+05:30,0.4,0.45,0.35,0.45,32941401
2023-12-11 00:00:00+05:30,0.4,0.45,0.4,0.45,19462007
2023-12-12 00:00:00+05:30,0.45,0.5,0.4,0.45,51637251
2023-12-13 00:00:00+05:30,0.4,0.45,0.4,0.4,22511658
2023-12-14 00:00:00+05:30,0.4,0.4,0.4,0.4,5771536
2023-12-15 00:00:00+05:30,0.4,0.4,0.4,0.4,2102578
2023-12-18 00:00:00+05:30,0.4,0.4,0.4,0.4,4843868
2023-12-19 00:00:00+05:30,0.4,0.4,0.4,0.4,2358911
2023-12-20 00:00:00+05:30,0.4,0.45,0.4,0.4,3544493
2023-12-21 00:00:00+05:30,0.4,0.4,0.4,0.4,3035075
2023-12-22 00:00:00+05:30,0.4,0.4,0.4,0.4,2869716
2023-12-26 00:00:00+05:30,0.4,0.4,0.4,0.4,1935802
2023-12-27 00:00:00+05:30,0.4,0.4,0.35,0.4,1476324
2023-12-28 00:00:00+05:30,0.4,0.4,0.4,0.4,2872171
2023-12-29 00:00:00+05:30,0.4,0.4,0.4,0.4,1244457
2024-01-01 00:00:00+05:30,0.4,0.45,0.4,0.4,1543939
2024-01-02 00:00:00+05:30,0.4,0.4,0.4,0.4,1404919
2024-01-03 00:00:00+05:30,0.45,0.45,0.4,0.45,14647106
2024-01-04 00:00:00+05:30,0.5,0.5,0.45,0.5,6764279
2024-01-05 00:00:00+05:30,0.5,0.5,0.5,0.5,4729908
2024-01-08 00:00:00+05:30,0.5,0.5,0.5,0.5,6567665
2024-01-09 00:00:00+05:30,0.5,0.5,0.5,0.5,12098183
2024-01-10 00:00:00+05:30,0.45,0.45,0.45,0.45,10483226
2024-01-11 00:00:00+05:30,0.5,0.5,0.45,0.5,12864495
2024-01-12 00:00:00+05:30,0.55,0.55,0.55,0.55,23417875
2024-01-15 00:00:00+05:30,0.55,0.55,0.5,0.55,8417662
2024-01-16 00:00:00+05:30,0.5,0.5,0.5,0.5,9629052
2024-01-17 00:00:00+05:30,0.5,0.5,0.5,0.5,4098689
2024-01-18 00:00:00+05:30,0.5,0.5,0.45,0.5,2175818
2024-01-19 00:00:00+05:30,0.55,0.55,0.5,0.55,7621964
2024-01-20 00:00:00+05:30,0.55,0.55,0.55,0.55,4272250
2024-01-23 00:00:00+05:30,0.5,0.55,0.5,0.5,6798440
2024-01-24 00:00:00+05:30,0.55,0.55,0.5,0.55,4971931
2024-01-25 00:00:00+05:30,0.55,0.55,0.5,0.55,3824860
2024-01-29 00:00:00+05:30,0.5,0.55,0.5,0.5,2490355
2024-01-30 00:00:00+05:30,0.5,0.55,0.5,0.5,6940684
2024-01-31 00:00:00+05:30,0.5,0.5,0.5,0.5,4564066
2024-02-01 00:00:00+05:30,0.5,0.5,0.5,0.5,1546032
2024-02-02 00:00:00+05:30,0.55,0.55,0.5,0.55,3433494
2024-02-05 00:00:00+05:30,0.55,0.55,0.55,0.55,4072561
2024-02-06 00:00:00+05:30,0.55,0.55,0.55,0.55,2999816
2024-02-07 00:00:00+05:30,0.55,0.55,0.55,0.55,18320844
2024-02-08 00:00:00+05:30,0.6,0.6,0.6,0.6,15081274
2024-02-09 00:00:00+05:30,0.6,0.6,0.55,0.6,7871959
2024-02-12 00:00:00+05:30,0.55,0.55,0.55,0.55,6313337
2024-02-13 00:00:00+05:30,0.55,0.55,0.5,0.55,2512095
2024-02-14 00:00:00+05:30,0.55,0.55,0.55,0.55,1674841
2024-02-15 00:00:00+05:30,0.55,0.55,0.5,0.55,2733455
2024-02-16 00:00:00+05:30,0.55,0.55,0.55,0.55,1365418
2024-02-19 00:00:00+05:30,0.55,0.6,0.55,0.6,6602135
2024-02-20 00:00:00+05:30,0.6,0.6,0.6,0.6,14457551
2024-02-21 00:00:00+05:30,0.6,0.6,0.6,0.6,4484914
2024-02-22 00:00:00+05:30,0.55,0.55,0.55,0.55,8484784
2024-02-23 00:00:00+05:30,0.55,0.55,0.5,0.5,6460766
2024-02-26 00:00:00+05:30,0.5,0.5,0.5,0.5,6616221
2024-02-27 00:00:00+05:30,0.5,0.5,0.5,0.5,3594443
2024-02-28 00:00:00+05:30,0.5,0.5,0.5,0.5,2115174
2024-02-29 00:00:00+05:30,0.5,0.5,0.45,0.5,1658852
2024-03-01 00:00:00+05:30,0.5,0.5,0.5,0.5,1704057
2024-03-02 00:00:00+05:30,0.55,0.55,0.5,0.55,6955197
2024-03-04 00:00:00+05:30,0.6,0.6,0.55,0.6,19663548
2024-03-05 00:00:00+05:30,0.6,0.6,0.55,0.6,9055074
2024-03-06 00:00:00+05:30,0.55,0.6,0.55,0.55,14494027
2024-03-07 00:00:00+05:30,0.55,0.55,0.5,0.55,11953126
2024-03-11 00:00:00+05:30,0.55,0.55,0.5,0.5,5251814
2024-03-12 00:00:00+05:30,0.55,0.55,0.5,0.55,5395827
2024-03-13 00:00:00+05:30,0.5,0.55,0.5,0.5,5818480
2024-03-14 00:00:00+05:30,0.5,0.5,0.45,0.5,5611350
2024-03-15 00:00:00+05:30,0.5,0.5,0.45,0.5,2653086
2024-03-18 00:00:00+05:30,0.5,0.55,0.45,0.5,4947875
2024-03-19 00:00:00+05:30,0.5,0.55,0.45,0.5,3492303
2024-03-20 00:00:00+05:30,0.5,0.5,0.45,0.45,3544675
2024-03-21 00:00:00+05:30,0.45,0.5,0.45,0.5,3453552
2024-03-22 00:00:00+05:30,0.5,0.5,0.45,0.5,2138227
2024-03-26 00:00:00+05:30,0.55,0.55,0.45,0.5,4784927
2024-03-27 00:00:00+05:30,0.5,0.55,0.45,0.5,4985315
2024-04-01 00:00:00+05:30,0.5,0.55,0.45,0.5,4642909
2024-04-02 00:00:00+05:30,0.5,0.55,0.5,0.55,5881670
2024-04-03 00:00:00+05:30,0.55,0.55,0.5,0.55,5365838
2024-04-04 00:00:00+05:30,0.55,0.55,0.5,0.55,4306926
2024-04-05 00:00:00+05:30,0.55,0.55,0.5,0.5,3745356
2024-04-08 00:00:00+05:30,0.55,0.55,0.5,0.55,4314257
2024-04-09 00:00:00+05:30,0.5,0.55,0.5,0.5,4843742
2024-04-10 00:00:00+05:30,0.55,0.55,0.5,0.55,5055171
2024-04-12 00:00:00+05:30,0.55,0.55,0.5,0.5,4949641
2024-04-15 00:00:00+05:30,0.5,0.55,0.5,0.5,6279194
2024-04-16 00:00:00+05:30,0.5,0.55,0.5,0.55,5373240
2024-04-18 00:00:00+05:30,0.55,0.55,0.5,0.55,3981392
2024-04-19 00:00:00+05:30,0.55,0.55,0.5,0.5,3139019
2024-04-22 00:00:00+05:30,0.55,0.55,0.5,0.55,3920319
2024-04-23 00:00:00+05:30,0.55,0.55,0.5,0.5,9029365
2024-04-24 00:00:00+05:30,0.55,0.55,0.5,0.55,5304194
2024-04-25 00:00:00+05:30,0.55,0.55,0.5,0.5,5382751
2024-04-26 00:00:00+05:30,0.5,0.55,0.5,0.55,4826603
2024-04-29 00:00:00+05:30,0.55,0.55,0.5,0.5,5312890
2024-04-30 00:00:00+05:30,0.5,0.55,0.5,0.5,4583944
2024-05-02 00:00:00+05:30,0.55,0.55,0.5,0.55,7558186
2024-05-03 00:00:00+05:30,0.5,0.55,0.5,0.55,6844911
2024-05-06 00:00:00+05:30,0.55,0.55,0.5,0.55,5082708
2024-05-07 00:00:00+05:30,0.55,0.55,0.5,0.5,4167473
2024-05-08 00:00:00+05:30,0.5,0.55,0.5,0.55,4359744
2024-05-09 00:00:00+05:30,0.5,0.55,0.5,0.5,5098321
2024-05-10 00:00:00+05:30,0.55,0.55,0.5,0.5,4098368
2024-05-13 00:00:00+05:30,0.55,0.55,0.5,0.5,4766378
2024-05-14 00:00:00+05:30,0.5,0.55,0.5,0.55,4239690
2024-05-15 00:00:00+05:30,0.5,0.55,0.5,0.55,9199784
2024-05-16 00:00:00+05:30,0.55,0.55,0.5,0.5,4925269
2024-05-17 00:00:00+05:30,0.55,0.55,0.5,0.5,7213396
2024-05-18 00:00:00+05:30,0.55,0.55,0.5,0.55,2790598
2024-05-21 00:00:00+05:30,0.55,0.55,0.5,0.5,10737694
2024-05-22 00:00:00+05:30,0.55,0.55,0.5,0.55,8473427
2024-05-23 00:00:00+05:30,0.55,0.6,0.5,0.6,33366077
2024-05-24 00:00:00+05:30,0.6,0.6,0.55,0.6,15316164
2024-05-27 00:00:00+05:30,0.65,0.65,0.6,0.65,36468382
2024-05-28 00:00:00+05:30,0.7,0.7,0.65,0.7,31694137
2024-05-29 00:00:00+05:30,0.75,0.75,0.7,0.75,30296857
2024-05-30 00:00:00+05:30,0.8,0.8,0.75,0.8,54699451
2024-05-31 00:00:00+05:30,0.85,0.85,0.75,0.8,89912618
2024-06-03 00:00:00+05:30,0.85,0.85,0.8,0.85,25873019
2024-06-04 00:00:00+05:30,0.85,0.9,0.8,0.8,41145039
2024-06-05 00:00:00+05:30,0.8,0.85,0.8,0.85,19254379
2024-06-06 00:00:00+05:30,0.9,0.9,0.85,0.9,8892362
2024-06-07 00:00:00+05:30,0.95,0.95,0.85,0.9,31119639
2024-06-10 00:00:00+05:30,0.9,0.93,0.85,0.89,22935511
2024-06-11 00:00:00+05:30,0.9,0.9,0.84,0.84,16715686
2024-06-12 00:00:00+05:30,0.82,0.82,0.82,0.82,3319568
2024-06-13 00:00:00+05:30,0.8,0.8,0.8,0.8,1744402
2024-06-14 00:00:00+05:30,0.78,0.78,0.78,0.78,2104551
2024-06-18 00:00:00+05:30,0.76,0.76,0.76,0.76,2428584
2024-06-19 00:00:00+05:30,0.74,0.74,0.74,0.74,2219849
2024-06-20 00:00:00+05:30,0.72,0.72,0.72,0.72,3109886
2024-06-21 00:00:00+05:30,0.7,0.7,0.7,0.7,4439707
2024-06-24 00:00:00+05:30,0.69,0.69,0.69,0.69,4329759
2024-06-25 00:00:00+05:30,0.69,0.69,0.68,0.68,3313959
2024-06-26 00:00:00+05:30,0.69,0.69,0.69,0.69,4786091
2024-06-27 00:00:00+05:30,0.7,0.7,0.7,0.7,4709103
2024-06-28 00:00:00+05:30,0.71,0.71,0.71,0.71,2627834
2024-07-01 00:00:00+05:30,0.71,0.71,0.71,0.71,3927004
2024-07-02 00:00:00+05:30,0.71,0.71,0.7,0.7,2394712
2024-07-03 00:00:00+05:30,0.7,0.7,0.69,0.69,3641213
2024-07-04 00:00:00+05:30,0.69,0.7,0.69,0.7,4055289
2024-07-05 00:00:00+05:30,0.7,0.7,0.69,0.69,3358789
2024-07-08 00:00:00+05:30,0.69,0.69,0.69,0.69,2295473
2024-07-09 00:00:00+05:30,0.68,0.68,0.67,0.67,4299641
2024-07-10 00:00:00+05:30,0.66,0.66,0.65,0.65,2551485
2024-07-11 00:00:00+05:30,0.65,0.65,0.65,0.65,2327422
2024-07-12 00:00:00+05:30,0.66,0.66,0.66,0.66,2636514
2024-07-15 00:00:00+05:30,0.67,0.67,0.67,0.67,1209146
2024-07-16 00:00:00+05:30,0.68,0.68,0.68,0.68,923012
2024-07-18 00:00:00+05:30,0.69,0.69,0.69,0.69,2504857
2024-07-19 00:00:00+05:30,0.7,0.7,0.7,0.7,1257702
2024-07-22 00:00:00+05:30,0.73,0.73,0.71,0.73,12141097
2024-07-23 00:00:00+05:30,0.74,0.76,0.73,0.76,12916539
2024-07-24 00:00:00+05:30,0.77,0.79,0.76,0.79,4269461
2024-07-25 00:00:00+05:30,0.82,0.82,0.81,0.82,3785937
2024-07-26 00:00:00+05:30,0.86,0.86,0.86,0.86,3377449
2024-07-29 00:00:00+05:30,0.9,0.9,0.81,0.81,31446352
2024-07-30 00:00:00+05:30,0.8,0.8,0.76,0.76,13919926
2024-07-31 00:00:00+05:30,0.78,0.79,0.76,0.79,4596225
2024-08-01 00:00:00+05:30,0.82,0.82,0.82,0.82,3769124
2024-08-02 00:00:00+05:30,0.85,0.85,0.79,0.84,10648329
2024-08-05 00:00:00+05:30,0.85,0.85,0.79,0.79,10144324
2024-08-06 00:00:00+05:30,0.79,0.82,0.78,0.81,6578290
2024-08-07 00:00:00+05:30,0.81,0.84,0.8,0.81,6157503
2024-08-08 00:00:00+05:30,0.83,0.84,0.8,0.82,5258486
2024-08-09 00:00:00+05:30,0.83,0.83,0.79,0.8,5660714
2024-08-12 00:00:00+05:30,0.81,0.82,0.79,0.8,6610760
2024-08-13 00:00:00+05:30,0.82,0.82,0.79,0.79,4941939
2024-08-14 00:00:00+05:30,0.81,0.81,0.77,0.79,3819689
2024-08-16 00:00:00+05:30,0.8,0.8,0.77,0.78,5427341
2024-08-19 00:00:00+05:30,0.79,0.79,0.77,0.78,5729151
2024-08-20 00:00:00+05:30,0.8,0.8,0.77,0.78,4856658
2024-08-21 00:00:00+05:30,0.8,0.81,0.77,0.81,6463553
2024-08-22 00:00:00+05:30,0.85,0.85,0.82,0.85,11606000
2024-08-23 00:00:00+05:30,0.87,0.87,0.81,0.82,6811936
2024-08-26 00:00:00+05:30,0.82,0.82,0.78,0.8,7122022
2024-08-27 00:00:00+05:30,0.8,0.8,0.78,0.79,4364831
2024-08-28 00:00:00+05:30,0.79,0.81,0.78,0.79,6540553
2024-08-29 00:00:00+05:30,0.8,0.81,0.78,0.78,4289726
2024-08-30 00:00:00+05:30,0.8,0.8,0.78,0.79,4353649
2024-09-02 00:00:00+05:30,0.8,0.8,0.77,0.78,7444996
2024-09-03 00:00:00+05:30,0.79,0.8,0.78,0.79,4134850
2024-09-04 00:00:00+05:30,0.79,0.79,0.78,0.78,4797987
2024-09-05 00:00:00+05:30,0.78,0.79,0.77,0.77,3780760
2024-09-06 00:00:00+05:30,0.78,0.8,0.77,0.77,11014808
2024-09-09 00:00:00+05:30,0.79,0.8,0.76,0.76,7900306
2024-09-10 00:00:00+05:30,0.77,0.78,0.75,0.77,11027311
2024-09-11 00:00:00+05:30,0.78,0.79,0.77,0.78,9843260
2024-09-12 00:00:00+05:30,0.79,0.79,0.75,0.76,9200647
2024-09-13 00:00:00+05:30,0.77,0.77,0.75,0.76,10326264
2024-09-16 00:00:00+05:30,0.77,0.79,0.75,0.78,14144275
2024-09-17 00:00:00+05:30,0.8,0.81,0.78,0.78,10637638
2024-09-18 00:00:00+05:30,0.79,0.79,0.74,0.75,10816155
2024-09-19 00:00:00+05:30,0.76,0.76,0.73,0.74,11183359
2024-09-20 00:00:00+05:30,0.75,0.75,0.73,0.73,9154653
2024-09-23 00:00:00+05:30,0.74,0.76,0.73,0.76,10073755
2024-09-24 00:00:00+05:30,0.77,0.79,0.76,0.79,10523530
2024-09-25 00:00:00+05:30,0.81,0.82,0.76,0.76,36508535
2024-09-26 00:00:00+05:30,0.76,0.78,0.75,0.77,14087314
2024-09-27 00:00:00+05:30,0.78,0.78,0.76,0.76,7504878
2024-09-30 00:00:00+05:30,0.76,0.77,0.74,0.75,11249537
2024-10-01 00:00:00+05:30,0.75,0.77,0.74,0.75,8199826
2024-10-03 00:00:00+05:30,0.75,0.76,0.74,0.74,11375045
2024-10-04 00:00:00+05:30,0.75,0.76,0.74,0.74,5160537
2024-10-07 00:00:00+05:30,0.74,0.75,0.73,0.73,8651275
2024-10-08 00:00:00+05:30,0.73,0.77,0.72,0.76,12537870
2024-10-09 00:00:00+05:30,0.76,0.77,0.73,0.73,13331069
2024-10-10 00:00:00+05:30,0.74,0.75,0.73,0.73,10392305
2024-10-11 00:00:00+05:30,0.75,0.76,0.74,0.75,7857406
2024-10-14 00:00:00+05:30,0.75,0.81,0.75,0.78,15579144
2024-10-15 00:00:00+05:30,0.8,0.82,0.78,0.79,14169069
2024-10-16 00:00:00+05:30,0.79,0.81,0.78,0.78,9591480
2024-10-17 00:00:00+05:30,0.8,0.81,0.77,0.78,12007757
2024-10-18 00:00:00+05:30,0.79,0.79,0.75,0.75,10450161
2024-10-21 00:00:00+05:30,0.76,0.76,0.73,0.74,9192484
2024-10-22 00:00:00+05:30,0.74,0.75,0.71,0.71,6628113
2024-10-23 00:00:00+05:30,0.72,0.78,0.71,0.77,11725495
2024-10-24 00:00:00+05:30,0.8,0.8,0.74,0.74,6950456
2024-10-25 00:00:00+05:30,0.75,0.75,0.71,0.72,9375944
2024-10-28 00:00:00+05:30,0.74,0.76,0.72,0.74,8910926
2024-10-29 00:00:00+05:30,0.76,0.76,0.74,0.74,5523504
2024-10-30 00:00:00+05:30,0.76,0.81,0.75,0.81,21479566
2024-10-31 00:00:00+05:30,0.83,0.89,0.82,0.89,14849008
2024-11-01 00:00:00+05:30,0.94,0.97,0.93,0.96,16000295
2024-11-04 00:00:00+05:30,1.0,1.0,0.91,0.94,56655392
2024-11-05 00:00:00+05:30,0.96,0.98,0.95,0.98,13443906
2024-11-06 00:00:00+05:30,1.01,1.02,1.01,1.02,7230195
2024-11-07 00:00:00+05:30,1.07,1.07,1.07,1.07,1834137
2024-11-08 00:00:00+05:30,1.12,1.12,1.12,1.12,3567034
2024-11-11 00:00:00+05:30,1.17,1.17,1.17,1.17,6131332
2024-11-12 00:00:00+05:30,1.18,1.22,1.11,1.22,68952821
2024-11-13 00:00:00+05:30,1.28,1.28,1.28,1.28,3077673
2024-11-14 00:00:00+05:30,1.34,1.34,1.29,1.34,13072450
2024-11-18 00:00:00+05:30,1.38,1.4,1.38,1.4,5658566
2024-11-19 00:00:00+05:30,1.47,1.47,1.47,1.47,3072583
2024-11-21 00:00:00+05:30,1.54,1.54,1.54,1.54,2033958
2024-11-22 00:00:00+05:30,1.6,1.61,1.59,1.61,6264145
2024-11-25 00:00:00+05:30,1.69,1.69,1.69,1.69,1535086
2024-11-26 00:00:00+05:30,1.77,1.77,1.77,1.77,1604327
2024-11-27 00:00:00+05:30,1.85,1.85,1.85,1.85,1832825
2024-11-28 00:00:00+05:30,1.81,1.81,1.81,1.81,13331939
2024-11-29 00:00:00+05:30,1.77,1.77,1.77,1.77,2862994
2024-12-02 00:00:00+05:30,1.73,1.73,1.73,1.73,2475645
2024-12-03 00:00:00+05:30,1.69,1.69,1.69,1.69,1549170
2024-12-04 00:00:00+05:30,1.65,1.65,1.65,1.65,1760804
2024-12-05 00:00:00+05:30,1.61,1.61,1.61,1.61,1365130
2024-12-06 00:00:00+05:30,1.57,1.57,1.57,1.57,1071782
2024-12-09 00:00:00+05:30,1.53,1.53,1.53,1.53,1266774
2024-12-10 00:00:00+05:30,1.49,1.49,1.49,1.49,1075251
2024-12-11 00:00:00+05:30,1.46,1.46,1.46,1.46,909819
2024-12-12 00:00:00+05:30,1.43,1.43,1.43,1.43,1156609
2024-12-13 00:00:00+05:30,1.4,1.4,1.4,1.4,852953
2024-12-16 00:00:00+05:30,1.37,1.37,1.37,1.37,941263
2024-12-17 00:00:00+05:30,1.34,1.34,1.34,1.34,708769
2024-12-18 00:00:00+05:30,1.31,1.31,1.31,1.31,946795
2024-12-19 00:00:00+05:30,1.28,1.28,1.28,1.28,1116424
2024-12-20 00:00:00+05:30,1.25,1.25,1.25,1.25,596654
2024-12-23 00:00:00+05:30,1.22,1.22,1.22,1.22,980882
2024-12-24 00:00:00+05:30,1.19,1.19,1.19,1.19,1236829
2024-12-26 00:00:00+05:30,1.16,1.16,1.16,1.16,728368
2024-12-27 00:00:00+05:30,1.13,1.13,1.13,1.13,930909
2024-12-30 00:00:00+05:30,1.1,1.1,1.1,1.1,779218
2024-12-31 00:00:00+05:30,1.07,1.07,1.07,1.07,687372
2025-01-01 00:00:00+05:30,1.09,1.09,1.09,1.09,13152688
2025-01-02 00:00:00+05:30,1.11,1.11,1.11,1.11,5833042
2025-01-03 00:00:00+05:30,1.13,1.13,1.08,1.1,21482430
2025-01-06 00:00:00+05:30,1.15,1.15,1.04,1.04,17916947
2025-01-07 00:00:00+05:30,0.98,0.98,0.98,0.98,3942595
2025-01-08 00:00:00+05:30,0.93,0.96,0.93,0.93,12030389
2025-01-09 00:00:00+05:30,0.89,0.97,0.88,0.92,28547947
2025-01-10 00:00:00+05:30,0.9,0.93,0.87,0.87,13600345
2025-01-13 00:00:00+05:30,0.86,0.86,0.82,0.82,3556778
2025-01-14 00:00:00+05:30,0.77,0.86,0.77,0.86,13200746
2025-01-15 00:00:00+05:30,0.9,0.9,0.9,0.9,1389234
2025-01-16 00:00:00+05:30,0.94,0.94,0.94,0.94,1104535
2025-01-17 00:00:00+05:30,0.98,0.98,0.9,0.98,18434762
2025-01-20 00:00:00+05:30,1.01,1.02,0.93,0.93,15019041
2025-01-21 00:00:00+05:30,0.94,0.94,0.88,0.88,7710837
2025-01-22 00:00:00+05:30,0.85,0.92,0.83,0.91,8345556
2025-01-23 00:00:00+05:30,0.91,0.92,0.87,0.88,3146301
2025-01-24 00:00:00+05:30,0.88,0.89,0.83,0.87,5970145
2025-01-27 00:00:00+05:30,0.87,0.88,0.82,0.82,6075356
2025-01-28 00:00:00+05:30,0.82,0.83,0.78,0.81,3938873
2025-01-29 00:00:00+05:30,0.81,0.85,0.8,0.85,2866287
2025-01-30 00:00:00+05:30,0.87,0.89,0.87,0.89,2098278
2025-01-31 00:00:00+05:30,0.9,0.93,0.85,0.91,6634166
2025-02-01 00:00:00+05:30,0.93,0.95,0.91,0.93,4794129
2025-02-03 00:00:00+05:30,0.94,0.95,0.88,0.91,3140887
2025-02-04 00:00:00+05:30,0.91,0.92,0.89,0.9,2916973
2025-02-05 00:00:00+05:30,0.92,0.92,0.87,0.89,3617782
2025-02-06 00:00:00+05:30,0.88,0.92,0.88,0.9,2961323
2025-02-07 00:00:00+05:30,0.92,0.92,0.88,0.88,2217067
2025-02-10 00:00:00+05:30,0.9,0.9,0.85,0.86,3076581
2025-02-11 00:00:00+05:30,0.86,0.86,0.82,0.83,2503758
2025-02-12 00:00:00+05:30,0.84,0.87,0.79,0.86,3651472
2025-02-13 00:00:00+05:30,0.88,0.88,0.84,0.85,1897701
2025-02-14 00:00:00+05:30,0.85,0.87,0.82,0.82,2232325
2025-02-17 00:00:00+05:30,0.82,0.82,0.77,0.78,3328046
2025-02-18 00:00:00+05:30,0.78,0.81,0.77,0.79,3017239
2025-02-19 00:00:00+05:30,0.8,0.82,0.78,0.82,1951826
2025-02-20 00:00:00+05:30,0.85,0.86,0.83,0.86,2063860
2025-02-21 00:00:00+05:30,0.88,0.9,0.86,0.87,3216907
2025-02-24 00:00:00+05:30,0.87,0.87,0.82,0.83,2636138
2025-02-25 00:00:00+05:30,0.83,0.83,0.79,0.81,4056697
2025-02-27 00:00:00+05:30,0.81,0.82,0.78,0.79,2763079
2025-02-28 00:00:00+05:30,0.79,0.79,0.75,0.76,3373095
2025-03-03 00:00:00+05:30,0.75,0.79,0.75,0.78,3405564
2025-03-04 00:00:00+05:30,0.78,0.78,0.76,0.77,1851126
2025-03-05 00:00:00+05:30,0.77,0.8,0.77,0.8,1957425
2025-03-06 00:00:00+05:30,0.83,0.84,0.8,0.83,3026874
2025-03-07 00:00:00+05:30,0.85,0.87,0.83,0.85,2741732
2025-03-10 00:00:00+05:30,0.87,0.88,0.84,0.85,2745712
2025-03-11 00:00:00+05:30,0.85,0.85,0.81,0.82,1753261
2025-03-12 00:00:00+05:30,0.82,0.83,0.8,0.81,1436452
2025-03-13 00:00:00+05:30,0.81,0.81,0.78,0.79,1882298
2025-03-17 00:00:00+05:30,0.8,0.82,0.79,0.81,2644099
2025-03-18 00:00:00+05:30,0.84,0.84,0.81,0.81,1655151
2025-03-19 00:00:00+05:30,0.81,0.83,0.8,0.81,2330322
2025-03-20 00:00:00+05:30,0.81,0.83,0.8,0.81,2329849
2025-03-21 00:00:00+05:30,0.81,0.82,0.8,0.81,1845378
2025-03-24 00:00:00+05:30,0.82,0.82,0.8,0.8,1999174
2025-03-25 00:00:00+05:30,0.8,0.81,0.76,0.76,7690192
2025-03-26 00:00:00+05:30,0.76,0.77,0.73,0.74,3436369
2025-03-27 00:00:00+05:30,0.74,0.75,0.72,0.73,1898610
2025-03-28 00:00:00+05:30,0.73,0.76,0.72,0.74,1894963
2025-04-01 00:00:00+05:30,0.77,0.77,0.72,0.76,1788023
2025-04-02 00:00:00+05:30,0.75,0.78,0.75,0.76,1402602
2025-04-03 00:00:00+05:30,0.76,0.76,0.74,0.75,1774776
2025-04-04 00:00:00+05:30,0.75,0.76,0.74,0.74,1574351
2025-04-07 00:00:00+05:30,0.72,0.73,0.7,0.71,6571218
2025-04-08 00:00:00+05:30,0.71,0.74,0.71,0.74,1922308
2025-04-09 00:00:00+05:30,0.77,0.77,0.75,0.75,6224835
2025-04-11 00:00:00+05:30,0.76,0.78,0.75,0.76,5489394
2025-04-15 00:00:00+05:30,0.77,0.79,0.76,0.78,4131888
2025-04-16 00:00:00+05:30,0.8,0.8,0.77,0.79,3990782
2025-04-17 00:00:00+05:30,0.79,0.8,0.77,0.77,4708767
2025-04-21 00:00:00+05:30,0.78,0.78,0.76,0.76,4357304
2025-04-22 00:00:00+05:30,0.76,0.78,0.74,0.76,10803091
2025-04-23 00:00:00+05:30,0.78,0.78,0.74,0.75,4120018
2025-04-24 00:00:00+05:30,0.75,0.78,0.74,0.76,5542511
2025-04-25 00:00:00+05:30,0.76,0.78,0.74,0.74,4567801
2025-04-28 00:00:00+05:30,0.74,0.75,0.74,0.74,2426041
2025-04-29 00:00:00+05:30,0.74,0.75,0.73,0.73,2228595
2025-04-30 00:00:00+05:30,0.73,0.75,0.71,0.72,5558001
2025-05-02 00:00:00+05:30,0.72,0.75,0.68,0.69,11050394
2025-05-05 00:00:00+05:30,0.7,0.72,0.69,0.72,4115404
2025-05-06 00:00:00+05:30,0.73,0.75,0.72,0.72,6009115
2025-05-07 00:00:00+05:30,0.71,0.72,0.68,0.69,8586143
2025-05-08 00:00:00+05:30,0.7,0.71,0.67,0.68,7181243
2025-05-09 00:00:00+05:30,0.68,0.69,0.65,0.66,7111330
2025-05-12 00:00:00+05:30,0.67,0.69,0.66,0.69,5701915
2025-05-13 00:00:00+05:30,0.71,0.72,0.7,0.72,2440385
2025-05-14 00:00:00+05:30,0.73,0.75,0.73,0.75,2893131
2025-05-15 00:00:00+05:30,0.77,0.77,0.71,0.71,12551287
2025-05-16 00:00:00+05:30,0.71,0.74,0.71,0.74,7158642
2025-05-19 00:00:00+05:30,0.75,0.77,0.74,0.75,6396460
2025-05-20 00:00:00+05:30,0.78,0.78,0.75,0.75,3899215
2025-05-21 00:00:00+05:30,0.74,0.75,0.72,0.73,5270788
2025-05-22 00:00:00+05:30,0.73,0.75,0.71,0.72,11527380
2025-05-23 00:00:00+05:30,0.73,0.74,0.72,0.72,2509032
2025-05-26 00:00:00+05:30,0.72,0.74,0.72,0.72,4927406
2025-05-27 00:00:00+05:30,0.72,0.73,0.71,0.72,4463189
2025-05-28 00:00:00+05:30,0.72,0.74,0.71,0.72,6469127
2025-05-29 00:00:00+05:30,0.73,0.74,0.71,0.71,7268107
2025-05-30 00:00:00+05:30,0.72,0.73,0.71,0.72,2840353
2025-06-02 00:00:00+05:30,0.72,0.73,0.72,0.72,3074572
2025-06-03 00:00:00+05:30,0.72,0.73,0.71,0.71,3524375
2025-06-04 00:00:00+05:30,0.71,0.73,0.71,0.71,3080942
2025-06-05 00:00:00+05:30,0.72,0.73,0.71,0.71,2770176
2025-06-06 00:00:00+05:30,0.71,0.73,0.7,0.71,5424786
2025-06-09 00:00:00+05:30,0.71,0.72,0.71,0.71,4197337
2025-06-10 00:00:00+05:30,0.72,0.72,0.71,0.71,2952045
2025-06-11 00:00:00+05:30,0.71,0.72,0.65,0.7,9702248
2025-06-12 00:00:00+05:30,0.71,0.73,0.7,0.71,7851486
2025-06-13 00:00:00+05:30,0.72,0.78,0.7,0.78,22947552
2025-06-16 00:00:00+05:30,0.79,0.83,0.75,0.79,21590838
2025-06-17 00:00:00+05:30,0.8,0.86,0.78,0.86,11770696
2025-06-18 00:00:00+05:30,0.89,0.94,0.87,0.94,18541782
2025-06-19 00:00:00+05:30,0.97,0.98,0.89,0.89,31917262
2025-06-20 00:00:00+05:30,0.85,0.86,0.84,0.84,19882078
2025-06-23 00:00:00+05:30,0.8,0.87,0.79,0.8,10527544
2025-06-24 00:00:00+05:30,0.81,0.84,0.81,0.84,5748595
2025-06-25 00:00:00+05:30,0.86,0.88,0.86,0.88,3539849
2025-06-26 00:00:00+05:30,0.88,0.9,0.85,0.85,7714609
2025-06-27 00:00:00+05:30,0.86,0.89,0.85,0.88,8261189
2025-06-30 00:00:00+05:30,0.88,0.92,0.85,0.9,14789885
2025-07-01 00:00:00+05:30,0.9,0.92,0.88,0.89,5541710
2025-07-02 00:00:00+05:30,0.9,0.92,0.88,0.9,7543508
2025-07-03 00:00:00+05:30,0.9,0.92,0.89,0.9,8124327
2025-07-04 00:00:00+05:30,0.91,0.91,0.9,0.9,3991450
2025-07-07 00:00:00+05:30,0.9,0.91,0.89,0.9,7306104
2025-07-08 00:00:00+05:30,0.9,0.91,0.89,0.89,4115061
2025-07-09 00:00:00+05:30,0.89,0.92,0.89,0.9,7576730
2025-07-10 00:00:00+05:30,0.91,0.94,0.9,0.93,10584817
2025-07-11 00:00:00+05:30,0.94,0.97,0.93,0.96,10835847
2025-07-14 00:00:00+05:30,0.99,1.0,0.98,1.0,5113056
2025-07-15 00:00:00+05:30,1.05,1.05,1.05,1.05,1949953
2025-07-16 00:00:00+05:30,1.1,1.1,1.1,1.1,1027761
2025-07-17 00:00:00+05:30,1.15,1.15,1.15,1.15,1169319
2025-07-18 00:00:00+05:30,1.17,1.2,1.15,1.2,26038641
2025-07-21 00:00:00+05:30,1.2,1.26,1.14,1.14,30445538
2025-07-22 00:00:00+05:30,1.08,1.08,1.08,1.08,3880969
2025-07-23 00:00:00+05:30,1.02,1.02,1.02,1.02,2965425
2025-07-24 00:00:00+05:30,0.97,1.07,0.96,1.07,11584406
2025-07-25 00:00:00+05:30,1.12,1.12,1.12,1.12,2563887
2025-07-28 00:00:00+05:30,1.17,1.17,1.17,1.17,2364130
2025-07-29 00:00:00+05:30,1.22,1.22,1.22,1.22,2180671
2025-07-30 00:00:00+05:30,1.27,1.28,1.15,1.15,14281977
2025-07-31 00:00:00+05:30,1.09,1.2,1.09,1.19,7711254
2025-08-01 00:00:00+05:30,1.22,1.24,1.16,1.2,6725098
2025-08-04 00:00:00+05:30,1.15,1.22,1.15,1.18,5048439
2025-08-05 00:00:00+05:30,1.15,1.22,1.14,1.18,5459276
2025-08-06 00:00:00+05:30,1.19,1.21,1.16,1.17,3222441
2025-08-07 00:00:00+05:30,1.18,1.18,1.14,1.14,2746084
2025-08-08 00:00:00+05:30,1.16,1.16,1.08,1.08,3010734
2025-08-11 00:00:00+05:30,1.06,1.12,1.03,1.08,2422703
2025-08-12 00:00:00+05:30,1.08,1.13,1.06,1.13,3447077
2025-08-13 00:00:00+05:30,1.13,1.16,1.1,1.13,2764353
2025-08-14 00:00:00+05:30,1.16,1.16,1.11,1.12,2317047
2025-08-18 00:00:00+05:30,1.16,1.17,1.13,1.17,5017558
2025-08-19 00:00:00+05:30,1.22,1.22,1.18,1.22,2443004
2025-08-20 00:00:00+05:30,1.28,1.28,1.28,1.28,2239692
2025-08-21 00:00:00+05:30,1.3,1.3,1.3,1.3,2535408
2025-08-22 00:00:00+05:30,1.32,1.32,1.32,1.32,5700245
2025-08-25 00:00:00+05:30,1.34,1.34,1.34,1.34,4025842
2025-08-26 00:00:00+05:30,1.36,1.36,1.36,1.36,2012864
2025-08-28 00:00:00+05:30,1.38,1.38,1.38,1.38,1120748
2025-08-29 00:00:00+05:30,1.4,1.4,1.4,1.4,1484501
2025-09-01 00:00:00+05:30,1.42,1.42,1.42,1.42,1742452
2025-09-02 00:00:00+05:30,1.44,1.44,1.44,1.44,979466
2025-09-03 00:00:00+05:30,1.46,1.46,1.46,1.46,2805727
2025-09-04 00:00:00+05:30,1.48,1.48,1.48,1.48,5791081
2025-09-05 00:00:00+05:30,1.5,1.5,1.5,1.5,476397
2025-09-08 00:00:00+05:30,1.53,1.53,1.53,1.53,1299846
2025-09-09 00:00:00+05:30,1.56,1.56,1.56,1.56,1423983
2025-09-10 00:00:00+05:30,1.59,1.59,1.59,1.59,785539
2025-09-11 00:00:00+05:30,1.62,1.62,1.62,1.62,948273
2025-09-12 00:00:00+05:30,1.65,1.65,1.65,1.65,1107044
2025-09-15 00:00:00+05:30,1.68,1.68,1.68,1.68,1060191
2025-09-16 00:00:00+05:30,1.71,1.71,1.71,1.71,785211
2025-09-17 00:00:00+05:30,1.74,1.74,1.67,1.67,9958642
2025-09-18 00:00:00+05:30,1.63,1.63,1.63,1.63,4190248
2025-09-19 00:00:00+05:30,1.59,1.59,1.59,1.59,6767666
2025-09-22 00:00:00+05:30,1.55,1.55,1.55,1.55,3186964
2025-09-23 00:00:00+05:30,1.51,1.51,1.51,1.51,16293359
2025-09-24 00:00:00+05:30,1.54,1.54,1.54,1.54,6420072
2025-09-25 00:00:00+05:30,1.57,1.57,1.57,1.57,1447138
2025-09-26 00:00:00+05:30,1.6,1.6,1.6,1.6,1294136
2025-09-29 00:00:00+05:30,1.63,1.63,1.63,1.63,2612876
2025-09-30 00:00:00+05:30,1.66,1.66,1.66,1.66,1615622
2025-10-01 00:00:00+05:30,1.69,1.69,1.69,1.69,1341597
2025-10-03 00:00:00+05:30,1.72,1.72,1.72,1.72,1992915
2025-10-06 00:00:00+05:30,1.68,1.68,1.68,1.68,5116284
2025-10-07 00:00:00+05:30,1.64,1.64,1.64,1.64,1978565
2025-10-08 00:00:00+05:30,1.6,1.6,1.6,1.6,2430513
2025-10-09 00:00:00+05:30,1.6,1.63,1.6,1.63,4204395
2025-10-10 00:00:00+05:30,1.66,1.66,1.66,1.66,1168860
2025-10-13 00:00:00+05:30,1.66,1.68,1.57,1.57,13953338
2025-10-14 00:00:00+05:30,1.51,1.53,1.49,1.49,2336732
2025-10-15 00:00:00+05:30,1.41,1.41,1.41,1.41,2052138
2025-10-16 00:00:00+05:30,1.33,1.48,1.33,1.48,8444367
2025-10-17 00:00:00+05:30,1.55,1.55,1.48,1.55,6732586
2025-10-20 00:00:00+05:30,1.55,1.61,1.48,1.49,5365915
2025-10-21 00:00:00+05:30,1.47,1.56,1.44,1.55,1868591
2025-10-23 00:00:00+05:30,1.55,1.62,1.55,1.59,4792340
2025-10-24 00:00:00+05:30,1.59,1.65,1.53,1.6,4505460
2025-10-27 00:00:00+05:30,1.58,1.63,1.55,1.57,3017428
2025-10-28 00:00:00+05:30,1.57,1.61,1.52,1.57,4330216
2025-10-29 00:00:00+05:30,1.56,1.59,1.49,1.51,5313814
2025-10-30 00:00:00+05:30,1.5,1.55,1.46,1.53,3298433
2025-10-31 00:00:00+05:30,1.55,1.55,1.48,1.49,2382356
2025-11-03 00:00:00+05:30,1.48,1.48,1.41,1.41,4656095
2025-11-04 00:00:00+05:30,1.39,1.46,1.34,1.45,3694802
2025-11-06 00:00:00+05:30,1.46,1.52,1.45,1.52,4089802
2025-11-07 00:00:00+05:30,1.56,1.59,1.45,1.58,5150456
2025-11-10 00:00:00+05:30,1.61,1.65,1.57,1.62,3800353
2025-11-11 00:00:00+05:30,1.62,1.64,1.55,1.58,2006573
2025-11-12 00:00:00+05:30,1.55,1.6,1.52,1.57,2478684
2025-11-13 00:00:00+05:30,1.57,1.6,1.54,1.56,2646936
2025-11-14 00:00:00+05:30,1.55,1.62,1.5,1.54,3284699
2025-11-17 00:00:00+05:30,1.54,1.56,1.47,1.52,2342003
2025-11-18 00:00:00+05:30,1.51,1.51,1.46,1.46,2400720
2025-11-19 00:00:00+05:30,1.5,1.5,1.44,1.48,1685172
2025-11-20 00:00:00+05:30,1.51,1.55,1.48,1.5,2712413
2025-11-21 00:00:00+05:30,1.52,1.52,1.48,1.48,1323676
2025-11-24 00:00:00+05:30,1.47,1.49,1.44,1.45,2699410
2025-11-25 00:00:00+05:30,1.42,1.5,1.42,1.44,1389714
2025-11-26 00:00:00+05:30,1.42,1.47,1.42,1.45,1330413
2025-11-27 00:00:00+05:30,1.45,1.47,1.43,1.44,1735955
2025-11-28 00:00:00+05:30,1.42,1.51,1.42,1.45,2056759
2025-12-01 00:00:00+05:30,1.48,1.5,1.44,1.44,1962500
2025-12-02 00:00:00+05:30,1.37,1.46,1.36,1.36,4518658
2025-12-03 00:00:00+05:30,1.34,1.34,1.29,1.29,5156312
2025-12-04 00:00:00+05:30,1.29,1.29,1.22,1.22,3610590
2025-12-05 00:00:00+05:30,1.21,1.28,1.18,1.27,2898919
2025-12-08 00:00:00+05:30,1.29,1.32,1.21,1.21,3010738
2025-12-09 00:00:00+05:30,1.18,1.24,1.15,1.15,15637580
2025-12-10 00:00:00+05:30,1.14,1.2,1.11,1.15,10263530
2025-12-11 00:00:00+05:30,1.15,1.18,1.14,1.14,3178684
2025-12-12 00:00:00+05:30,1.14,1.17,1.12,1.14,4159701
2025-12-15 00:00:00+05:30,1.14,1.19,1.14,1.19,2804157
2025-12-16 00:00:00+05:30,1.24,1.24,1.21,1.24,2132057
2025-12-17 00:00:00+05:30,1.29,1.3,1.28,1.3,2093850
2025-12-18 00:00:00+05:30,1.36,1.36,1.36,1.36,1621001
2025-12-19 00:00:00+05:30,1.42,1.42,1.3,1.4,23977682
2025-12-22 00:00:00+05:30,1.46,1.46,1.4,1.43,5662776
2025-12-23 00:00:00+05:30,1.47,1.49,1.43,1.46,5785537
2025-12-24 00:00:00+05:30,1.5,1.53,1.47,1.53,4909216
2025-12-26 00:00:00+05:30,1.58,1.6,1.58,1.6,3550088
2025-12-29 00:00:00+05:30,1.65,1.68,1.52,1.52,16719834
2025-12-30 00:00:00+05:30,1.46,1.49,1.45,1.45,3848151
2025-12-31 00:00:00+05:30,1.41,1.41,1.38,1.38,5460228
2026-01-01 00:00:00+05:30,1.34,1.44,1.34,1.44,8348140
2026-01-02 00:00:00+05:30,1.46,1.48,1.4,1.42,6741894
2026-01-05 00:00:00+05:30,1.42,1.44,1.37,1.38,3963059
2026-01-06 00:00:00+05:30,1.38,1.39,1.32,1.32,6147639
2026-01-07 00:00:00+05:30,1.35,1.37,1.3,1.35,4030393
2026-01-08 00:00:00+05:30,1.38,1.38,1.3,1.3,2628592
2026-01-09 00:00:00+05:30,1.3,1.35,1.28,1.28,5465155
2026-01-12 00:00:00+05:30,1.28,1.3,1.23,1.26,4714470
2026-01-13 00:00:00+05:30,1.29,1.32,1.27,1.31,6928977
2026-01-14 00:00:00+05:30,1.34,1.35,1.28,1.29,3390450
2026-01-16 00:00:00+05:30,1.29,1.35,1.25,1.35,4903460
2026-01-19 00:00:00+05:30,1.35,1.37,1.29,1.29,4036295
2026-01-20 00:00:00+05:30,1.28,1.28,1.23,1.24,6533636
2026-01-21 00:00:00+05:30,1.21,1.3,1.2,1.21,6565893
2026-01-22 00:00:00+05:30,1.22,1.25,1.18,1.22,3178444
2026-01-23 00:00:00+05:30,1.24,1.25,1.2,1.22,3636406
2026-01-27 00:00:00+05:30,1.24,1.28,1.2,1.21,4593503
2026-01-28 00:00:00+05:30,1.2,1.24,1.2,1.2,1929813
2026-01-29 00:00:00+05:30,1.21,1.24,1.16,1.16,4642233
2026-01-30 00:00:00+05:30,1.15,1.21,1.12,1.2,7317420
2026-02-01 00:00:00+05:30,1.21,1.26,1.21,1.26,2159180
2026-02-02 00:00:00+05:30,1.31,1.32,1.2,1.21,7909756
2026-02-03 00:00:00+05:30,1.27,1.27,1.22,1.27,5114938
2026-02-04 00:00:00+05:30,1.28,1.33,1.23,1.24,8287518
2026-02-05 00:00:00+05:30,1.25,1.26,1.22,1.22,2098593
2026-02-06 00:00:00+05:30,1.22,1.26,1.11,1.23,4778957
2026-02-09 00:00:00+05:30,1.24,1.29,1.16,1.21,5443069
2026-02-10 00:00:00+05:30,1.21,1.27,1.19,1.19,6082330
2026-02-11 00:00:00+05:30,1.19,1.23,1.19,1.21,2534550
2026-02-12 00:00:00+05:30,1.19,1.23,1.18,1.2,3301613
2026-02-13 00:00:00+05:30,1.2,1.22,1.18,1.2,2934757
2026-02-16 00:00:00+05:30,1.2,1.21,1.17,1.18,2613035
2026-02-17 00:00:00+05:30,1.18,1.2,1.17,1.17,2983917
2026-02-18 00:00:00+05:30,1.18,1.19,1.14,1.15,2766580
2026-02-19 00:00:00+05:30,1.14,1.17,1.14,1.15,1787478
2026-02-20 00:00:00+05:30,1.16,1.16,1.13,1.13,2335455
2026-02-23 00:00:00+05:30,1.13,1.15,1.1,1.12,5124649
2026-02-24 00:00:00+05:30,1.14,1.15,1.1,1.12,2465662
2026-02-25 00:00:00+05:30,1.14,1.17,1.12,1.13,2389816
2026-02-26 00:00:00+05:30,1.13,1.14,1.1,1.1,2561867
2026-02-27 00:00:00+05:30,1.11,1.11,1.06,1.06,3195612
2026-03-02 00:00:00+05:30,1.0,1.03,0.97,1.0,7576225
2026-03-04 00:00:00+05:30,1.0,1.1,0.95,1.06,9969109
2026-03-05 00:00:00+05:30,1.04,1.07,1.02,1.04,2689461
2026-03-06 00:00:00+05:30,1.02,1.05,1.02,1.02,1941132
2026-03-09 00:00:00+05:30,1.0,1.02,0.97,0.99,3681925
2026-03-10 00:00:00+05:30,1.0,1.08,0.99,1.08,4127188
2026-03-11 00:00:00+05:30,1.12,1.18,1.09,1.17,11588475
2026-03-12 00:00:00+05:30,1.17,1.25,1.13,1.13,5650132
2026-03-13 00:00:00+05:30,1.13,1.18,1.05,1.07,4686897
2026-03-16 00:00:00+05:30,1.09,1.1,1.01,1.07,5205565
2026-03-17 00:00:00+05:30,1.08,1.11,1.03,1.05,4674727
2026-03-18 00:00:00+05:30,1.03,1.1,1.03,1.06,3780578
2026-03-19 00:00:00+05:30,1.06,1.08,1.0,1.02,3453915
2026-03-20 00:00:00+05:30,1.05,1.05,1.01,1.03,4995929
2026-03-23 00:00:00+05:30,1.01,1.03,0.98,1.0,6100520
2026-03-24 00:00:00+05:30,1.0,1.02,0.99,1.01,3191228
2026-03-25 00:00:00+05:30,1.01,1.04,1.0,1.0,3635677
2026-03-27 00:00:00+05:30,1.0,1.01,0.95,0.96,7758422
2026-03-30 00:00:00+05:30,0.96,1.04,0.93,0.96,7007403
2026-04-01 00:00:00+05:30,1.02,1.05,0.99,1.02,7273317
2026-04-02 00:00:00+05:30,1.02,1.06,0.98,1.03,4663123
2026-04-06 00:00:00+05:30,1.05,1.05,0.99,1.0,5780180
2026-04-07 00:00:00+05:30,1.01,1.02,0.99,0.99,1617368
2026-04-08 00:00:00+05:30,1.0,1.04,1.0,1.02,3818153
2026-04-09 00:00:00+05:30,1.02,1.05,1.02,1.02,2438722
2026-04-10 00:00:00+05:30,1.02,1.17,1.02,1.11,8909100
2026-04-13 00:00:00+05:30,1.11,1.11,1.05,1.06,6082127
2026-04-15 00:00:00+05:30,1.07,1.11,1.07,1.08,2126968
2026-04-16 00:00:00+05:30,1.1,1.14,1.06,1.08,6347576
2026-04-17 00:00:00+05:30,1.08,1.1,1.07,1.09,3834405
2026-04-20 00:00:00+05:30,1.09,1.09,1.02,1.05,5254372
2026-04-21 00:00:00+05:30,1.03,1.05,0.99,0.99,10590285
2026-04-22 00:00:00+05:30,1.01,1.03,0.98,1.0,4842191
2026-04-23 00:00:00+05:30,1.02,1.02,0.99,1.0,2489795
2026-04-24 00:00:00+05:30,1.01,1.02,0.98,1.0,2027280
2026-04-27 00:00:00+05:30,1.0,1.01,0.99,0.99,1882477
2026-04-28 00:00:00+05:30,1.01,1.01,0.98,0.99,2613965
2026-04-29 00:00:00+05:30,1.0,1.0,0.91,0.95,12910115
2026-04-30 00:00:00+05:30,0.95,0.99,0.93,0.95,4698476
2026-05-04 00:00:00+05:30,0.95,0.98,0.95,0.96,1589151
2026-05-05 00:00:00+05:30,0.96,0.99,0.95,0.96,2090595
2026-05-06 00:00:00+05:30,0.97,0.97,0.94,0.94,3090376
2026-05-07 00:00:00+05:30,0.95,0.97,0.94,0.96,3369966
2026-05-08 00:00:00+05:30,0.97,0.97,0.95,0.95,1944951
2026-05-11 00:00:00+05:30,0.95,0.96,0.92,0.93,3767634
2026-05-12 00:00:00+05:30,0.93,0.93,0.89,0.9,3742057
2026-05-13 00:00:00+05:30,0.9,0.94,0.89,0.91,2920989
2026-05-14 00:00:00+05:30,0.91,0.93,0.87,0.89,3946384
2026-05-15 00:00:00+05:30,0.88,0.89,0.87,0.87,1969661
2026-05-18 00:00:00+05:30,0.86,0.87,0.74,0.81,6184458
2026-05-19 00:00:00+05:30,0.8,0.84,0.79,0.82,3443395
2026-05-20 00:00:00+05:30,0.83,0.92,0.82,0.9,4593614
2026-05-21 00:00:00+05:30,0.93,1.06,0.91,1.0,11789721
2026-05-22 00:00:00+05:30,1.0,1.03,0.93,0.94,7412556
2026-05-25 00:00:00+05:30,0.92,0.96,0.9,0.91,4420826
2026-05-26 00:00:00+05:30,0.91,0.95,0.89,0.9,4744556
2026-05-27 00:00:00+05:30,0.9,0.93,0.88,0.92,4996147
2026-05-29 00:00:00+05:30,0.92,0.98,0.89,0.9,5344672
2026-06-01 00:00:00+05:30,0.91,0.92,0.87,0.88,3541026
2026-06-02 00:00:00+05:30,0.89,0.9,0.86,0.88,2756391
2026-06-03 00:00:00+05:30,0.88,0.91,0.87,0.89,4540187
2026-06-04 00:00:00+05:30,0.9,0.91,0.88,0.89,2780623
2026-06-05 00:00:00+05:30,0.89,0.91,0.88,0.88,2009922
2026-06-08 00:00:00+05:30,0.88,0.89,0.87,0.87,1653138
2026-06-09 00:00:00+05:30,0.89,0.91,0.87,0.88,3531711
2026-06-10 00:00:00+05:30,0.89,0.91,0.88,0.88,2148324
2026-06-11 00:00:00+05:30,0.89,0.89,0.85,0.86,3490800
2026-06-12 00:00:00+05:30,0.86,0.88,0.85,0.86,2031310
2026-06-15 00:00:00+05:30,0.86,0.89,0.86,0.88,1549703
2026-06-16 00:00:00+05:30,0.89,0.95,0.86,0.87,6866465
2026-06-17 00:00:00+05:30,0.87,0.88,0.84,0.85,4160011
2026-06-18 00:00:00+05:30,0.86,0.87,0.85,0.85,1584686
2026-06-19 00:00:00+05:30,0.86,0.86,0.83,0.84,2571469
2026-06-22 00:00:00+05:30,0.84,0.86,0.84,0.84,2100448
2026-06-23 00:00:00+05:30,0.84,0.92,0.84,0.87,5782438
2026-06-24 00:00:00+05:30,0.88,0.89,0.86,0.87,2162260
2026-06-25 00:00:00+05:30,0.87,0.89,0.86,0.86,965532
2026-06-29 00:00:00+05:30,0.86,0.86,0.82,0.84,4110992
2026-06-30 00:00:00+05:30,0.84,0.85,0.83,0.84,796728
2026-07-01 00:00:00+05:30,0.85,0.85,0.83,0.83,968226
2026-07-02 00:00:00+05:30,0.84,0.84,0.81,0.82,2970201
2026-07-03 00:00:00+05:30,0.82,0.83,0.82,0.82,1030045
2026-07-06 00:00:00+05:30,0.83,0.83,0.78,0.79,2093552
2026-07-07 00:00:00+05:30,0.79,0.8,0.78,0.79,1312702
2026-07-08 00:00:00+05:30,0.78,0.79,0.76,0.77,2610416
2026-07-09 00:00:00+05:30,0.77,0.8,0.76,0.77,1771094
2026-07-10 00:00:00+05:30,0.77,0.79,0.77,0.78,1100660
2026-07-13 00:00:00+05:30,0.77,0.78,0.74,0.75,3909134
2026-07-14 00:00:00+05:30,0.75,0.8,0.74,0.75,2986706
2026-07-15 00:00:00+05:30,0.75,0.79,0.75,0.75,2383742
2026-07-16 00:00:00+05:30,0.77,0.77,0.75,0.75,1538704
2026-07-17 00:00:00+05:30,0.75,0.77,0.74,0.75,2615881
2026-07-20 00:00:00+05:30,0.75,0.76,0.73,0.74,2949716
2026-07-21 00:00:00+05:30,0.75,0.8,0.74,0.76,2335958
2026-07-22 00:00:00+05:30,0.77,0.78,0.76,0.76,998131
2026-07-23 00:00:00+05:30,0.77,0.78,0.75,0.75,2043630
2026-07-24 00:00:00+05:30,0.75,0.77,0.75,0.75,1072049
2026-07-27 00:00:00+05:30,0.75,0.89,0.75,0.82,15689177
2026-07-28 00:00:00+05:30,0.82,0.88,0.82,0.83,3610837
2026-07-29 00:00:00+05:30,0.85,0.87,0.82,0.83,1420989
2026-07-30 00:00:00+05:30,0.83,0.84,0.81,0.81,1044960
2026-07-31 00:00:00+05:30,0.82,0.83,0.8,0.81,1350479
2026-08-03 00:00:00+05:30,0.82,0.82,0.8,0.8,1487699
2026-08-04 00:00:00+05:30,0.81,0.82,0.79,0.8,2335453
2026-08-05 00:00:00+05:30,0.8,0.84,0.8,0.81,2347943
2026-08-06 00:00:00+05:30,0.81,0.82,0.8,0.8,1513371
2026-08-07 00:00:00+05:30,0.8,0.81,0.78,0.8,2267779
2026-08-10 00:00:00+05:30,0.79,0.81,0.79,0.79,2222538
2026-08-11 00:00:00+05:30,0.8,0.8,0.78,0.78,1483148
2026-08-12 00:00:00+05:30,0.78,0.78,0.76,0.77,3014954
2026-08-13 00:00:00+05:30,0.78,0.78,0.76,0.76,1288827
2026-08-14 00:00:00+05:30,0.76,0.77,0.75,0.76,2005926
2026-08-17 00:00:00+05:30,0.76,0.77,0.75,0.75,1833274
2026-08-18 00:00:00+05:30,0.75,0.78,0.75,0.76,2802194
2026-08-19 00:00:00+05:30,0.77,0.77,0.75,0.75,1484148
2026-08-20 00:00:00+05:30,0.75,0.76,0.74,0.74,2915296
2026-08-21 00:00:00+05:30,0.74,0.76,0.74,0.75,1990035
2026-08-24 00:00:00+05:30,0.75,0.76,0.74,0.74,1664257
2026-08-25 00:00:00+05:30,0.75,0.76,0.69,0.7,6015449
2026-08-26 00:00:00+05:30,0.7,0.72,0.7,0.7,1812399
2026-08-27 00:00:00+05:30,0.7,0.72,0.68,0.69,2793423
2026-08-28 00:00:00+05:30,0.7,0.7,0.69,0.69,1303618
2026-08-31 00:00:00+05:30,0.69,0.7,0.68,0.68,1498207
2026-09-01 00:00:00+05:30,0.68,0.7,0.68,0.68,1692243
2026-09-02 00:00:00+05:30,0.68,0.69,0.67,0.68,2203565
2026-09-03 00:00:00+05:30,0.68,0.69,0.67,0.67,1513906
2026-09-04 00:00:00+05:30,0.67,0.71,0.63,0.63,10129295
2026-09-07 00:00:00+05:30,0.64,0.64,0.58,0.58,6371276
2026-09-08 00:00:00+05:30,0.59,0.62,0.57,0.58,5182259
2026-09-09 00:00:00+05:30,0.59,0.59,0.55,0.56,2833931
2026-09-10 00:00:00+05:30,0.56,0.58,0.56,0.57,1722350
2026-09-11 00:00:00+05:30,0.58,0.59,0.55,0.56,4314557
2026-09-15 00:00:00+05:30,0.56,0.58,0.55,0.57,1865848
2026-09-16 00:00:00+05:30,0.58,0.58,0.56,0.57,1288942
2026-09-17 00:00:00+05:30,0.57,0.58,0.56,0.56,1100551
2026-09-18 00:00:00+05:30,0.57,0.58,0.56,0.56,1697340
2026-09-21 00:00:00+05:30,0.56,0.57,0.55,0.55,2426075
2026-09-22 00:00:00+05:30,0.56,0.56,0.54,0.54,4275266
2026-09-23 00:00:00+05:30,0.55,0.55,0.54,0.54,1546188
2026-09-24 00:00:00+05:30,0.55,0.55,0.52,0.52,3840492
2026-09-25 00:00:00+05:30,0.53,0.62,0.52,0.62,6935351
