Date,Open,High,Low,Close,Volume
2001-12-26 00:00:00+05:30,90.95,97.75,84.15,86.96,20460739
2001-12-27 00:00:00+05:30,86.15,89.76,84.36,86.74,17208512
2001-12-28 00:00:00+05:30,88.61,96.39,84.83,94.95,23158933
2001-12-31 00:00:00+05:30,97.41,110.5,97.41,108.97,25857520
2002-01-01 00:00:00+05:30,108.8,113.39,98.86,101.07,28972222
2002-01-02 00:00:00+05:30,102.0,104.55,97.84,101.83,23894799
2002-01-03 00:00:00+05:30,105.4,110.71,105.4,108.93,20849935
2002-01-04 00:00:00+05:30,113.73,117.98,107.19,110.03,21983541
2002-01-07 00:00:00+05:30,111.14,113.9,107.31,110.2,17576631
2002-01-08 00:00:00+05:30,112.71,112.97,105.44,110.33,20802384
2002-01-09 00:00:00+05:30,111.22,114.67,97.75,100.13,26625634
2002-01-10 00:00:00+05:30,97.75,105.91,97.33,102.89,18086859
2002-01-11 00:00:00+05:30,102.85,104.98,88.44,94.1,17739679
2002-01-14 00:00:00+05:30,93.5,103.02,93.5,100.98,15676834
2002-01-15 00:00:00+05:30,100.85,101.92,96.52,98.6,11413592
2002-01-16 00:00:00+05:30,100.3,100.64,97.03,97.79,8860662
2002-01-17 00:00:00+05:30,96.05,104.81,92.1,103.4,14366100
2002-01-18 00:00:00+05:30,103.83,106.59,99.11,101.28,12964504
2002-01-21 00:00:00+05:30,101.15,107.02,98.6,102.51,14335017
2002-01-22 00:00:00+05:30,102.09,103.62,99.71,100.34,7364248
2002-01-23 00:00:00+05:30,99.45,100.22,97.45,97.92,5578357
2002-01-24 00:00:00+05:30,98.94,100.09,94.56,95.24,6476302
2002-01-25 00:00:00+05:30,100.39,100.39,93.93,96.52,13802839
2002-01-28 00:00:00+05:30,96.9,98.52,94.82,96.99,7283303
2002-01-29 00:00:00+05:30,97.84,102.21,96.48,99.07,13478238
2002-01-30 00:00:00+05:30,97.75,99.62,96.35,98.3,8385678
2002-01-31 00:00:00+05:30,99.83,105.36,99.83,104.38,13851198
2002-02-01 00:00:00+05:30,106.51,108.72,101.49,102.51,14199246
2002-02-04 00:00:00+05:30,100.77,102.72,99.15,99.83,5990726
2002-02-05 00:00:00+05:30,97.75,100.43,97.11,98.9,4897901
2002-02-06 00:00:00+05:30,100.3,105.83,99.62,105.15,7982346
2002-02-07 00:00:00+05:30,106.29,107.44,98.3,99.66,9025033
2002-02-08 00:00:00+05:30,98.94,101.96,98.47,100.6,5619801
2002-02-11 00:00:00+05:30,102.94,104.89,99.96,100.51,4687109
2002-02-12 00:00:00+05:30,102.26,105.91,102.0,103.74,11934423
2002-02-13 00:00:00+05:30,104.55,105.32,99.96,100.43,6546569
2002-02-14 00:00:00+05:30,101.49,102.6,99.92,100.47,4426969
2002-02-15 00:00:00+05:30,100.85,101.02,97.75,98.35,3845870
2002-02-18 00:00:00+05:30,98.43,99.79,95.29,98.81,6525537
2002-02-19 00:00:00+05:30,99.66,101.79,98.3,99.79,5803818
2002-02-20 00:00:00+05:30,97.37,99.88,97.37,98.22,3561575
2002-02-21 00:00:00+05:30,99.88,101.02,98.09,98.52,4776890
2002-02-22 00:00:00+05:30,96.99,99.58,96.26,96.86,5425210
2002-02-25 00:00:00+05:30,97.33,98.01,96.14,96.86,2788874
2002-02-26 00:00:00+05:30,97.84,99.24,97.84,98.47,2944555
2002-02-27 00:00:00+05:30,99.45,100.9,96.09,96.73,3964762
2002-02-28 00:00:00+05:30,96.86,97.67,85.43,87.47,4832543
2002-03-01 00:00:00+05:30,85.21,100.3,83.51,93.16,7975237
2002-03-04 00:00:00+05:30,97.41,98.18,94.22,94.9,4269238
2002-03-05 00:00:00+05:30,97.11,97.24,92.52,93.67,3317576
2002-03-06 00:00:00+05:30,94.18,94.48,90.53,91.5,3544809
2002-03-07 00:00:00+05:30,93.2,93.25,89.25,90.7,3346338
2002-03-08 00:00:00+05:30,91.29,96.73,90.57,94.39,9133150
2002-03-11 00:00:00+05:30,96.05,96.9,93.93,94.61,4934211
2002-03-12 00:00:00+05:30,94.95,95.2,89.34,90.1,3938430
2002-03-13 00:00:00+05:30,89.25,92.61,88.19,89.12,4244665
2002-03-14 00:00:00+05:30,89.17,91.08,88.49,90.23,2441564
2002-03-15 00:00:00+05:30,90.95,94.73,89.72,93.8,5128779
2002-03-18 00:00:00+05:30,95.54,98.01,94.52,95.12,5405232
2002-03-19 00:00:00+05:30,95.33,95.63,91.08,91.59,2955151
2002-03-20 00:00:00+05:30,91.84,92.48,89.85,91.12,3774114
2002-03-21 00:00:00+05:30,90.44,92.31,90.1,90.44,2454096
2002-03-22 00:00:00+05:30,91.63,91.63,89.25,89.46,1902482
2002-03-26 00:00:00+05:30,89.85,89.85,85.77,86.45,2198472
2002-03-27 00:00:00+05:30,87.3,89.04,85.68,87.38,4057883
2002-03-28 00:00:00+05:30,87.98,89.8,87.42,88.95,3390972
2002-04-01 00:00:00+05:30,89.25,89.72,87.68,88.06,1402114
2002-04-02 00:00:00+05:30,88.4,88.78,84.58,84.96,2114711
2002-04-03 00:00:00+05:30,84.15,84.15,81.18,81.81,2845812
2002-04-04 00:00:00+05:30,82.62,84.96,81.6,83.64,2562064
2002-04-05 00:00:00+05:30,84.49,84.62,82.07,82.54,1379136
2002-04-08 00:00:00+05:30,82.62,83.0,76.08,77.01,4417409
2002-04-09 00:00:00+05:30,77.18,83.22,75.01,81.64,4561823
2002-04-10 00:00:00+05:30,82.03,88.74,79.52,87.21,5916290
2002-04-11 00:00:00+05:30,87.98,89.0,85.34,86.28,3619766
2002-04-12 00:00:00+05:30,84.92,97.75,83.13,96.22,16966352
2002-04-15 00:00:00+05:30,98.6,115.47,97.88,113.05,31509547
2002-04-16 00:00:00+05:30,108.8,116.79,106.76,109.06,27465209
2002-04-17 00:00:00+05:30,110.5,114.33,108.67,109.99,15444960
2002-04-18 00:00:00+05:30,111.18,113.39,109.31,110.42,9707039
2002-04-19 00:00:00+05:30,112.75,115.39,103.36,105.06,19364510
2002-04-22 00:00:00+05:30,102.68,104.04,93.59,94.61,16220492
2002-04-23 00:00:00+05:30,95.2,100.9,94.48,99.45,11470666
2002-04-24 00:00:00+05:30,101.49,105.49,99.71,104.76,12682690
2002-04-25 00:00:00+05:30,105.32,106.89,100.85,101.58,9915747
2002-04-26 00:00:00+05:30,102.09,103.66,97.62,98.35,6970151
2002-04-29 00:00:00+05:30,98.52,100.26,96.35,98.56,7498930
2002-04-30 00:00:00+05:30,99.79,106.68,98.69,103.87,14989559
2002-05-02 00:00:00+05:30,107.02,108.38,103.74,104.89,8442651
2002-05-03 00:00:00+05:30,104.98,111.9,102.89,108.97,13600270
2002-05-06 00:00:00+05:30,111.35,116.62,110.5,113.86,16754917
2002-05-07 00:00:00+05:30,111.95,113.73,110.71,111.35,12291560
2002-05-08 00:00:00+05:30,112.75,121.04,112.75,118.75,23367461
2002-05-09 00:00:00+05:30,122.95,127.46,118.49,120.45,20412159
2002-05-10 00:00:00+05:30,118.49,122.23,116.75,118.19,14475934
2002-05-13 00:00:00+05:30,118.15,119.21,113.77,114.67,9983571
2002-05-14 00:00:00+05:30,117.73,117.73,112.41,113.09,12607609
2002-05-15 00:00:00+05:30,108.89,111.73,104.21,106.8,17517973
2002-05-16 00:00:00+05:30,104.17,107.78,99.71,101.11,11140717
2002-05-17 00:00:00+05:30,101.92,106.25,98.39,104.21,22223660
2002-05-20 00:00:00+05:30,105.87,107.1,91.8,96.31,13851276
2002-05-21 00:00:00+05:30,89.8,92.52,84.66,87.51,17816373
2002-05-22 00:00:00+05:30,86.7,93.84,86.02,92.14,15388013
2002-05-23 00:00:00+05:30,91.8,92.57,88.49,90.19,9108862
2002-05-24 00:00:00+05:30,93.97,102.34,93.97,101.07,16055074
2002-05-27 00:00:00+05:30,102.0,102.0,96.26,97.24,10250097
2002-05-28 00:00:00+05:30,94.39,95.2,89.59,90.74,10137044
2002-05-29 00:00:00+05:30,89.25,97.24,89.25,95.88,12986284
2002-05-30 00:00:00+05:30,97.37,100.05,91.46,92.35,14751094
2002-05-31 00:00:00+05:30,93.42,95.37,90.02,93.71,13746620
2002-06-03 00:00:00+05:30,96.05,99.24,95.03,98.13,11922057
2002-06-04 00:00:00+05:30,97.33,98.13,95.41,96.14,9311607
2002-06-05 00:00:00+05:30,97.33,103.87,96.48,102.51,15557038
2002-06-06 00:00:00+05:30,104.13,104.89,97.79,98.77,14621589
2002-06-07 00:00:00+05:30,96.9,96.9,93.33,94.35,9814243
2002-06-10 00:00:00+05:30,95.33,99.41,95.33,98.69,8044796
2002-06-11 00:00:00+05:30,101.32,103.66,100.73,101.36,10893363
2002-06-12 00:00:00+05:30,101.19,102.77,99.92,101.41,11197427
2002-06-13 00:00:00+05:30,103.7,106.21,101.15,101.66,12670496
2002-06-14 00:00:00+05:30,100.98,102.17,99.11,99.96,5276961
2002-06-17 00:00:00+05:30,101.24,102.38,100.09,100.6,4175094
2002-06-18 00:00:00+05:30,103.23,103.23,99.03,99.62,6176842
2002-06-19 00:00:00+05:30,99.45,99.49,92.69,93.37,7111311
2002-06-20 00:00:00+05:30,89.8,96.05,89.8,94.82,6911064
2002-06-21 00:00:00+05:30,94.31,94.86,92.48,93.97,4796003
2002-06-24 00:00:00+05:30,93.97,95.97,92.52,94.65,6849110
2002-06-25 00:00:00+05:30,95.2,96.39,91.08,94.22,9604131
2002-06-26 00:00:00+05:30,85.43,92.99,85.43,90.99,5167442
2002-06-27 00:00:00+05:30,92.01,94.78,92.01,93.97,5471326
2002-06-28 00:00:00+05:30,95.97,98.81,95.2,97.84,10791076
2002-07-01 00:00:00+05:30,97.84,98.56,94.95,95.41,4466949
2002-07-02 00:00:00+05:30,93.59,95.97,92.74,94.95,6699504
2002-07-03 00:00:00+05:30,93.67,97.11,93.67,96.43,5895638
2002-07-04 00:00:00+05:30,97.37,98.26,95.2,95.58,3925422
2002-07-05 00:00:00+05:30,97.07,97.07,94.39,95.29,3472981
2002-07-08 00:00:00+05:30,96.35,98.26,95.71,96.73,5610181
2002-07-09 00:00:00+05:30,95.8,96.56,93.93,94.39,3878465
2002-07-10 00:00:00+05:30,94.99,95.37,92.69,93.03,3529538
2002-07-11 00:00:00+05:30,91.93,93.67,90.57,91.21,5174945
2002-07-12 00:00:00+05:30,92.57,93.42,90.19,91.76,3856411
2002-07-15 00:00:00+05:30,90.1,91.25,87.68,88.61,4022748
2002-07-16 00:00:00+05:30,88.83,90.44,87.17,88.32,3772048
2002-07-17 00:00:00+05:30,87.47,89.08,87.17,88.44,2471862
2002-07-18 00:00:00+05:30,89.34,90.27,88.36,89.34,2976059
2002-07-19 00:00:00+05:30,88.4,88.49,86.7,87.34,2047065
2002-07-22 00:00:00+05:30,86.02,86.02,82.28,83.17,2653044
2002-07-23 00:00:00+05:30,81.35,85.81,80.33,85.04,3544141
2002-07-24 00:00:00+05:30,85.0,85.0,80.75,81.6,3137408
2002-07-25 00:00:00+05:30,83.73,89.25,80.24,82.2,3228823
2002-07-26 00:00:00+05:30,79.9,80.67,77.01,78.03,2747935
2002-07-29 00:00:00+05:30,79.05,79.6,74.59,76.71,4791338
2002-07-30 00:00:00+05:30,79.9,80.67,71.91,73.14,4705225
2002-07-31 00:00:00+05:30,72.0,72.0,66.81,67.58,6563824
2002-08-01 00:00:00+05:30,68.85,69.96,66.39,66.9,4249576
2002-08-02 00:00:00+05:30,65.58,66.26,64.05,65.66,2529309
2002-08-05 00:00:00+05:30,66.13,68.64,66.05,67.79,2911839
2002-08-06 00:00:00+05:30,66.85,69.28,65.62,68.68,2222504
2002-08-07 00:00:00+05:30,70.98,72.17,68.85,69.45,3358692
2002-08-08 00:00:00+05:30,70.51,70.51,64.86,65.62,3009922
2002-08-09 00:00:00+05:30,66.43,67.53,64.52,66.94,3161679
2002-08-12 00:00:00+05:30,66.73,69.23,66.73,68.34,3353125
2002-08-13 00:00:00+05:30,68.34,68.98,67.45,67.75,1462395
2002-08-14 00:00:00+05:30,66.3,67.49,66.3,66.68,1367279
2002-08-16 00:00:00+05:30,67.92,68.34,65.32,65.96,2197906
2002-08-19 00:00:00+05:30,66.9,67.75,54.4,63.71,2726324
2002-08-20 00:00:00+05:30,64.6,73.36,63.41,72.42,12020177
2002-08-21 00:00:00+05:30,71.4,77.14,70.81,74.8,14791385
2002-08-22 00:00:00+05:30,76.88,77.78,70.85,71.95,10901256
2002-08-23 00:00:00+05:30,72.34,73.78,71.53,72.63,8031913
2002-08-26 00:00:00+05:30,72.25,73.7,71.91,72.68,4804228
2002-08-27 00:00:00+05:30,73.1,75.18,69.83,70.38,7368264
2002-08-28 00:00:00+05:30,69.62,70.89,69.02,70.34,4010266
2002-08-29 00:00:00+05:30,69.7,70.85,68.26,69.32,3226254
2002-08-30 00:00:00+05:30,70.13,72.76,69.7,72.25,4728982
2002-09-02 00:00:00+05:30,73.44,82.28,73.44,80.79,25019144
2002-09-03 00:00:00+05:30,79.82,80.5,75.27,75.78,17690950
2002-09-04 00:00:00+05:30,72.0,78.46,72.0,77.27,12024777
2002-09-05 00:00:00+05:30,78.46,79.69,75.31,76.29,12488511
2002-09-06 00:00:00+05:30,75.31,77.14,73.74,74.42,10746644
2002-09-09 00:00:00+05:30,74.97,76.2,73.57,74.38,4750045
2002-09-11 00:00:00+05:30,75.23,76.88,75.23,75.91,4295610
2002-09-12 00:00:00+05:30,76.97,77.48,75.31,75.69,4442930
2002-09-13 00:00:00+05:30,75.01,75.01,73.02,73.4,2274092
2002-09-16 00:00:00+05:30,73.78,75.52,72.76,73.57,4727862
2002-09-17 00:00:00+05:30,74.38,76.59,74.12,75.95,3709435
2002-09-18 00:00:00+05:30,74.89,75.23,72.12,72.51,3494245
2002-09-19 00:00:00+05:30,72.97,72.97,70.13,70.76,3591829
2002-09-20 00:00:00+05:30,69.4,70.93,68.17,70.42,3073242
2002-09-23 00:00:00+05:30,69.79,70.59,67.62,68.0,2921824
2002-09-24 00:00:00+05:30,66.39,67.07,65.15,65.92,3025469
2002-09-25 00:00:00+05:30,65.03,68.26,64.18,67.45,3084281
2002-09-26 00:00:00+05:30,68.43,69.06,66.98,67.24,2750186
2002-09-27 00:00:00+05:30,67.49,68.47,66.9,67.75,2183619
2002-09-30 00:00:00+05:30,65.15,67.41,65.07,65.37,2437135
2002-10-01 00:00:00+05:30,64.77,66.05,61.67,63.62,4696199
2002-10-03 00:00:00+05:30,64.09,65.2,62.82,63.33,2754405
2002-10-04 00:00:00+05:30,63.28,64.09,61.37,62.99,3181374
2002-10-07 00:00:00+05:30,62.48,65.24,61.67,64.77,2844806
2002-10-08 00:00:00+05:30,63.92,67.87,63.5,66.47,4259832
2002-10-09 00:00:00+05:30,67.15,68.0,63.62,64.05,3510305
2002-10-10 00:00:00+05:30,63.67,65.28,62.48,64.43,2966571
2002-10-11 00:00:00+05:30,65.49,69.66,65.49,66.81,6796882
2002-10-14 00:00:00+05:30,68.09,69.19,65.45,65.75,2884771
2002-10-16 00:00:00+05:30,67.49,67.87,65.03,65.49,3920323
2002-10-17 00:00:00+05:30,64.69,70.34,64.69,69.06,6778295
2002-10-18 00:00:00+05:30,70.13,71.53,67.66,68.13,8824404
2002-10-21 00:00:00+05:30,69.28,72.59,67.79,72.17,13115120
2002-10-22 00:00:00+05:30,72.68,73.53,68.64,69.36,11249184
2002-10-23 00:00:00+05:30,69.11,71.95,68.55,70.55,8931623
2002-10-24 00:00:00+05:30,70.55,71.02,66.9,67.45,6670228
2002-10-25 00:00:00+05:30,66.3,66.73,64.18,65.2,3715735
2002-10-28 00:00:00+05:30,64.09,64.6,61.71,63.03,3112054
2002-10-29 00:00:00+05:30,62.52,66.3,62.05,65.88,3760137
2002-10-30 00:00:00+05:30,66.22,70.3,64.73,68.85,10724254
2002-10-31 00:00:00+05:30,69.32,70.3,66.64,67.62,6096766
2002-11-01 00:00:00+05:30,68.0,69.02,66.39,67.62,3624809
2002-11-04 00:00:00+05:30,68.43,69.66,68.0,68.47,1290667
2002-11-05 00:00:00+05:30,68.98,68.98,65.88,66.22,2110290
2002-11-07 00:00:00+05:30,66.47,68.77,66.05,67.66,5032351
2002-11-08 00:00:00+05:30,66.39,68.51,66.39,66.68,2488056
2002-11-11 00:00:00+05:30,66.73,67.83,66.34,66.64,2445782
2002-11-12 00:00:00+05:30,66.34,66.85,65.96,66.6,1323225
2002-11-13 00:00:00+05:30,66.81,67.87,65.28,65.71,2938522
2002-11-14 00:00:00+05:30,66.17,67.36,65.88,66.09,2745450
2002-11-15 00:00:00+05:30,67.49,71.06,66.81,70.21,12792706
2002-11-18 00:00:00+05:30,70.93,73.19,69.7,71.02,7426432
2002-11-20 00:00:00+05:30,71.4,71.83,69.7,70.21,4701025
2002-11-21 00:00:00+05:30,70.98,72.76,70.55,70.98,6009911
2002-11-22 00:00:00+05:30,72.0,72.93,70.72,71.15,5093441
2002-11-25 00:00:00+05:30,71.4,72.25,70.51,71.57,3426986
2002-11-26 00:00:00+05:30,73.1,73.53,71.53,71.95,4561701
2002-11-27 00:00:00+05:30,71.36,72.12,70.13,70.51,2206641
2002-11-28 00:00:00+05:30,72.0,73.1,71.23,72.04,3332130
2002-11-29 00:00:00+05:30,73.57,77.31,72.42,76.59,9977298
2002-12-02 00:00:00+05:30,77.61,82.75,76.76,81.81,12260743
2002-12-03 00:00:00+05:30,79.99,83.94,78.8,80.24,15074732
2002-12-04 00:00:00+05:30,78.54,80.5,77.78,78.29,7260402
2002-12-05 00:00:00+05:30,78.54,80.45,78.54,79.73,5356644
2002-12-06 00:00:00+05:30,80.2,82.45,79.39,81.94,5891262
2002-12-09 00:00:00+05:30,83.3,84.15,78.24,79.18,6523952
2002-12-10 00:00:00+05:30,78.2,79.77,77.35,79.26,4320984
2002-12-11 00:00:00+05:30,80.5,81.81,78.29,79.65,4462315
2002-12-12 00:00:00+05:30,79.9,80.16,77.35,78.12,2432796
2002-12-13 00:00:00+05:30,78.37,79.31,77.69,78.03,2220556
2002-12-16 00:00:00+05:30,79.26,79.86,75.35,75.95,3400395
2002-12-17 00:00:00+05:30,77.1,77.1,73.57,73.87,2903392
2002-12-18 00:00:00+05:30,73.78,74.72,72.89,73.44,2081417
2002-12-19 00:00:00+05:30,73.23,76.08,73.23,75.23,3089052
2002-12-20 00:00:00+05:30,76.76,78.03,74.63,77.27,5419337
2002-12-23 00:00:00+05:30,77.44,77.86,73.82,74.21,3196828
2002-12-24 00:00:00+05:30,74.33,75.35,73.57,74.63,1953809
2002-12-26 00:00:00+05:30,75.01,78.16,74.46,76.25,5006372
2002-12-27 00:00:00+05:30,77.18,79.35,76.97,77.82,6741915
2002-12-30 00:00:00+05:30,78.12,81.09,77.78,80.62,7582783
2002-12-31 00:00:00+05:30,81.3,82.45,80.75,81.39,7460284
2003-01-01 00:00:00+05:30,81.94,82.37,81.09,81.56,4082958
2003-01-02 00:00:00+05:30,81.86,81.94,78.12,78.54,3566657
2003-01-03 00:00:00+05:30,79.6,79.86,77.78,78.07,3251383
2003-01-06 00:00:00+05:30,78.33,78.33,76.54,76.84,2347883
2003-01-07 00:00:00+05:30,78.12,79.14,76.88,78.24,4143929
2003-01-08 00:00:00+05:30,78.63,79.65,78.2,79.09,2547254
2003-01-09 00:00:00+05:30,79.39,79.65,78.75,79.14,2129704
2003-01-10 00:00:00+05:30,81.35,82.07,78.29,78.84,5793768
2003-01-13 00:00:00+05:30,76.88,77.56,75.69,76.46,2758479
2003-01-14 00:00:00+05:30,76.67,77.65,76.42,77.01,2151691
2003-01-15 00:00:00+05:30,77.73,77.95,75.82,76.29,3048051
2003-01-16 00:00:00+05:30,76.33,76.42,74.89,75.31,1180001
2003-01-17 00:00:00+05:30,75.14,76.33,74.04,75.4,1201890
2003-01-20 00:00:00+05:30,74.93,75.31,72.55,72.93,1133305
2003-01-21 00:00:00+05:30,73.27,73.53,71.7,72.25,1296010
2003-01-22 00:00:00+05:30,72.68,72.68,70.76,71.53,833050
2003-01-23 00:00:00+05:30,71.23,71.57,68.47,68.85,993998
2003-01-24 00:00:00+05:30,69.45,69.45,65.11,66.05,1658903
2003-01-27 00:00:00+05:30,66.39,66.39,57.12,59.16,4417503
2003-01-28 00:00:00+05:30,60.52,67.49,59.59,66.68,5235466
2003-01-29 00:00:00+05:30,65.54,69.32,64.39,64.98,4374325
2003-01-30 00:00:00+05:30,66.22,66.98,62.69,64.22,2056623
2003-01-31 00:00:00+05:30,63.5,65.03,62.9,63.58,1346523
2003-02-03 00:00:00+05:30,64.18,67.07,63.75,66.51,1729419
2003-02-04 00:00:00+05:30,66.64,67.24,65.15,65.49,1474503
2003-02-05 00:00:00+05:30,64.64,64.98,63.62,64.01,1129479
2003-02-06 00:00:00+05:30,64.26,67.11,59.93,66.05,7716193
2003-02-07 00:00:00+05:30,66.3,66.64,64.77,64.98,1213290
2003-02-10 00:00:00+05:30,64.52,64.77,63.41,63.96,1188690
2003-02-11 00:00:00+05:30,64.18,64.9,62.86,63.79,1265343
2003-02-12 00:00:00+05:30,63.88,64.35,61.92,62.6,1155023
2003-02-14 00:00:00+05:30,63.03,63.03,60.95,61.46,1025549
2003-02-17 00:00:00+05:30,63.24,67.02,63.24,66.3,2395444
2003-02-18 00:00:00+05:30,68.85,73.95,68.09,72.34,9956853
2003-02-19 00:00:00+05:30,73.95,74.12,69.83,70.3,5551881
2003-02-20 00:00:00+05:30,70.47,70.76,67.66,68.85,4055081
2003-02-21 00:00:00+05:30,69.02,70.89,67.58,69.32,4901344
2003-02-24 00:00:00+05:30,70.76,72.08,69.32,69.74,3111551
2003-02-25 00:00:00+05:30,70.04,71.74,65.96,66.47,10480384
2003-02-26 00:00:00+05:30,67.15,67.92,66.68,67.11,3070394
2003-02-27 00:00:00+05:30,66.81,69.19,66.81,68.3,3735462
2003-02-28 00:00:00+05:30,69.7,69.87,67.45,68.85,2664443
2003-03-03 00:00:00+05:30,69.91,70.47,67.24,67.66,1475610
2003-03-04 00:00:00+05:30,67.36,67.36,65.88,66.09,1122291
2003-03-05 00:00:00+05:30,65.79,65.79,57.38,64.39,1375755
2003-03-06 00:00:00+05:30,64.64,64.64,62.99,63.45,1082444
2003-03-07 00:00:00+05:30,62.05,62.48,61.5,62.14,1350987
2003-03-10 00:00:00+05:30,62.31,62.48,59.5,59.8,964304
2003-03-11 00:00:00+05:30,59.33,62.01,58.65,61.46,1461249
2003-03-12 00:00:00+05:30,61.63,62.56,58.65,59.33,1650425
2003-03-13 00:00:00+05:30,59.63,59.93,57.59,58.57,2440861
2003-03-17 00:00:00+05:30,59.08,59.29,56.23,56.61,1542376
2003-03-19 00:00:00+05:30,58.14,59.08,55.76,56.23,1767495
2003-03-20 00:00:00+05:30,56.78,57.38,52.83,56.44,4682070
2003-03-21 00:00:00+05:30,56.87,58.44,56.1,57.59,1902905
2003-03-22 00:00:00+05:30,58.31,58.99,58.01,58.52,700863
2003-03-24 00:00:00+05:30,58.86,58.91,54.4,54.83,1435252
2003-03-25 00:00:00+05:30,53.64,54.4,52.62,53.93,1528310
2003-03-26 00:00:00+05:30,54.32,55.25,50.41,51.68,3799466
2003-03-27 00:00:00+05:30,51.43,51.68,49.9,50.66,2104718
2003-03-28 00:00:00+05:30,50.62,52.28,49.94,50.92,1927724
2003-03-31 00:00:00+05:30,49.73,50.11,43.22,45.01,3693444
2003-04-01 00:00:00+05:30,44.2,46.67,43.9,45.31,4107870
2003-04-02 00:00:00+05:30,45.9,48.62,44.67,48.07,2629729
2003-04-03 00:00:00+05:30,51.09,56.87,47.73,48.92,3095421
2003-04-04 00:00:00+05:30,48.88,57.08,47.9,55.29,7909051
2003-04-07 00:00:00+05:30,55.17,59.63,53.25,57.97,16944720
2003-04-08 00:00:00+05:30,56.27,59.33,54.49,56.82,10919046
2003-04-09 00:00:00+05:30,55.97,57.89,54.66,55.25,4769637
2003-04-10 00:00:00+05:30,54.83,54.83,49.77,50.75,4179882
2003-04-11 00:00:00+05:30,50.15,52.02,47.26,49.85,2612014
2003-04-15 00:00:00+05:30,50.15,54.32,50.15,51.21,1760582
2003-04-16 00:00:00+05:30,51.98,52.19,42.59,48.96,3408064
2003-04-17 00:00:00+05:30,47.94,50.07,46.5,47.73,3907489
2003-04-21 00:00:00+05:30,49.13,52.91,49.13,51.6,3998382
2003-04-22 00:00:00+05:30,51.43,52.49,50.66,51.26,2376546
2003-04-23 00:00:00+05:30,52.11,52.91,50.32,50.66,1888649
2003-04-24 00:00:00+05:30,50.36,51.38,48.92,49.34,1889898
2003-04-25 00:00:00+05:30,49.73,50.28,49.17,49.47,1071269
2003-04-28 00:00:00+05:30,49.98,49.98,47.81,49.09,1202190
2003-04-29 00:00:00+05:30,49.9,50.75,48.49,48.79,1844344
2003-04-30 00:00:00+05:30,49.17,49.85,48.62,49.22,1089718
2003-05-02 00:00:00+05:30,49.47,53.68,48.66,52.15,7627024
2003-05-05 00:00:00+05:30,53.04,54.78,52.7,52.96,3308839
2003-05-06 00:00:00+05:30,53.13,53.89,52.02,52.53,2308994
2003-05-07 00:00:00+05:30,53.04,53.47,51.89,52.15,2529588
2003-05-08 00:00:00+05:30,52.11,52.83,51.26,51.55,1477496
2003-05-09 00:00:00+05:30,51.51,51.77,49.98,51.13,1955659
2003-05-12 00:00:00+05:30,51.85,53.51,51.0,52.96,3308562
2003-05-13 00:00:00+05:30,54.02,56.02,53.98,54.44,3812877
2003-05-14 00:00:00+05:30,55.12,57.55,54.74,56.95,3661694
2003-05-15 00:00:00+05:30,57.21,58.65,55.42,56.7,5909916
2003-05-16 00:00:00+05:30,57.93,58.4,56.27,57.16,2365875
2003-05-19 00:00:00+05:30,57.72,60.1,56.4,56.82,3297252
2003-05-20 00:00:00+05:30,56.1,60.78,55.59,59.54,2887741
2003-05-21 00:00:00+05:30,60.73,63.24,58.27,59.25,6373622
2003-05-22 00:00:00+05:30,60.05,61.03,57.04,58.01,2279525
2003-05-23 00:00:00+05:30,58.4,59.42,56.87,57.33,2049462
2003-05-26 00:00:00+05:30,57.8,60.61,56.57,59.5,5670479
2003-05-27 00:00:00+05:30,60.35,61.54,57.84,58.18,5954048
2003-05-28 00:00:00+05:30,59.33,60.18,58.23,58.78,2587316
2003-05-29 00:00:00+05:30,59.16,59.93,58.44,59.12,1452759
2003-05-30 00:00:00+05:30,59.5,61.03,58.06,58.57,2186891
2003-06-02 00:00:00+05:30,59.42,61.97,59.08,60.9,3330454
2003-06-03 00:00:00+05:30,61.41,62.9,59.76,60.05,3691219
2003-06-04 00:00:00+05:30,60.69,62.48,60.1,62.18,3542176
2003-06-05 00:00:00+05:30,63.24,64.3,61.2,61.71,4052259
2003-06-06 00:00:00+05:30,62.14,62.82,61.29,62.35,2799582
2003-06-09 00:00:00+05:30,62.82,64.18,54.61,62.31,6096685
2003-06-10 00:00:00+05:30,62.14,62.82,59.08,59.63,3194335
2003-06-11 00:00:00+05:30,60.18,60.99,57.89,59.25,2830422
2003-06-12 00:00:00+05:30,59.84,60.27,59.08,59.29,1739675
2003-06-13 00:00:00+05:30,59.84,60.78,58.82,59.16,1999301
2003-06-16 00:00:00+05:30,58.82,59.42,58.35,58.65,1364619
2003-06-17 00:00:00+05:30,59.76,60.86,59.16,59.8,1692321
2003-06-18 00:00:00+05:30,60.05,61.58,59.71,60.31,2565752
2003-06-19 00:00:00+05:30,61.03,61.75,59.71,60.35,2114371
2003-06-20 00:00:00+05:30,60.18,60.18,59.12,59.42,960674
2003-06-23 00:00:00+05:30,59.08,59.88,58.23,58.4,1269729
2003-06-24 00:00:00+05:30,57.67,57.97,56.02,56.36,1266450
2003-06-25 00:00:00+05:30,56.82,57.67,56.78,57.29,859058
2003-06-26 00:00:00+05:30,57.42,60.14,57.33,59.5,2723195
2003-06-27 00:00:00+05:30,61.2,61.2,59.2,60.1,2764324
2003-06-30 00:00:00+05:30,60.56,62.05,59.63,60.44,2557951
2003-07-01 00:00:00+05:30,60.86,60.86,59.29,59.63,1019894
2003-07-02 00:00:00+05:30,60.18,60.95,59.16,59.33,1252788
2003-07-03 00:00:00+05:30,60.18,60.39,57.21,58.4,1403651
2003-07-04 00:00:00+05:30,58.61,60.1,57.89,59.25,1279032
2003-07-07 00:00:00+05:30,59.8,59.8,58.44,58.69,648919
2003-07-08 00:00:00+05:30,59.67,60.73,58.91,59.63,1648905
2003-07-09 00:00:00+05:30,60.78,62.39,59.42,59.84,2878975
2003-07-10 00:00:00+05:30,61.58,63.24,60.35,61.97,4291523
2003-07-11 00:00:00+05:30,62.05,62.05,60.14,60.39,1403529
2003-07-14 00:00:00+05:30,60.86,61.33,59.97,60.18,1147697
2003-07-15 00:00:00+05:30,60.35,60.35,57.97,58.52,1113361
2003-07-16 00:00:00+05:30,58.91,59.42,58.14,58.4,1354685
2003-07-17 00:00:00+05:30,58.35,59.08,57.04,57.33,946309
2003-07-18 00:00:00+05:30,56.95,57.29,55.46,56.87,758222
2003-07-21 00:00:00+05:30,57.42,57.42,55.21,55.51,939698
2003-07-22 00:00:00+05:30,55.85,55.93,54.83,55.04,634841
2003-07-23 00:00:00+05:30,55.59,56.27,55.17,55.55,575610
2003-07-24 00:00:00+05:30,55.89,57.55,55.46,57.21,1449085
2003-07-25 00:00:00+05:30,57.29,59.84,56.74,58.74,2247450
2003-07-28 00:00:00+05:30,59.5,61.29,59.5,59.93,2570936
2003-07-29 00:00:00+05:30,60.27,67.75,59.5,66.85,13928374
2003-07-30 00:00:00+05:30,68.0,70.08,66.94,67.62,7120536
2003-07-31 00:00:00+05:30,68.34,69.45,65.58,66.22,3244976
2003-08-01 00:00:00+05:30,67.32,71.15,66.81,69.15,5921602
2003-08-04 00:00:00+05:30,67.92,70.34,67.15,68.68,3376008
2003-08-05 00:00:00+05:30,69.28,69.4,65.58,66.09,2463292
2003-08-06 00:00:00+05:30,65.32,67.87,65.03,65.58,2189532
2003-08-07 00:00:00+05:30,66.22,67.32,65.88,66.47,1474368
2003-08-08 00:00:00+05:30,67.07,67.58,65.88,66.17,1410049
2003-08-11 00:00:00+05:30,66.51,66.56,64.3,64.56,1316882
2003-08-12 00:00:00+05:30,64.81,65.32,61.37,61.92,1926184
2003-08-13 00:00:00+05:30,62.9,63.41,61.29,61.92,1503465
2003-08-14 00:00:00+05:30,62.05,63.58,60.61,61.12,1859678
2003-08-18 00:00:00+05:30,61.63,62.73,59.97,61.03,1369345
2003-08-19 00:00:00+05:30,62.05,62.48,59.5,59.97,979254
2003-08-20 00:00:00+05:30,60.56,63.2,60.14,62.26,1908597
2003-08-21 00:00:00+05:30,62.86,64.52,61.88,62.22,1136578
2003-08-22 00:00:00+05:30,62.9,62.9,60.35,61.29,1061529
2003-08-25 00:00:00+05:30,61.54,61.88,57.42,58.27,1077668
2003-08-26 00:00:00+05:30,58.65,61.03,58.27,60.1,909167
2003-08-27 00:00:00+05:30,61.37,61.41,58.23,58.52,1419087
2003-08-28 00:00:00+05:30,59.37,61.12,58.44,59.29,4219155
2003-08-29 00:00:00+05:30,60.73,62.56,59.67,59.93,4385569
2003-09-01 00:00:00+05:30,60.78,62.39,60.01,61.07,2549764
2003-09-02 00:00:00+05:30,61.97,61.97,60.1,61.33,3009409
2003-09-03 00:00:00+05:30,62.94,63.75,60.48,60.95,4880339
2003-09-04 00:00:00+05:30,61.8,62.39,60.86,61.67,2306932
2003-09-05 00:00:00+05:30,62.82,66.47,62.39,65.32,8805850
2003-09-08 00:00:00+05:30,65.88,66.98,64.05,64.56,3735884
2003-09-09 00:00:00+05:30,65.45,70.64,65.28,67.96,12679653
2003-09-10 00:00:00+05:30,68.21,75.57,67.28,73.82,19092202
2003-09-11 00:00:00+05:30,71.83,74.04,69.83,70.47,6109661
2003-09-12 00:00:00+05:30,71.49,72.55,69.32,69.74,5120508
2003-09-15 00:00:00+05:30,70.13,70.25,64.64,65.28,2995070
2003-09-16 00:00:00+05:30,64.77,69.28,64.26,68.68,3396772
2003-09-17 00:00:00+05:30,70.93,71.57,66.77,67.49,4747298
2003-09-18 00:00:00+05:30,67.96,68.13,65.07,65.41,2550568
2003-09-19 00:00:00+05:30,66.39,66.98,63.37,65.32,1895951
2003-09-22 00:00:00+05:30,66.13,66.56,64.6,64.73,950322
2003-09-23 00:00:00+05:30,64.6,64.6,60.86,61.8,3020411
2003-09-24 00:00:00+05:30,61.84,61.84,51.09,55.34,8883755
2003-09-25 00:00:00+05:30,51.0,56.87,48.07,54.95,3249806
2003-09-26 00:00:00+05:30,55.25,59.25,55.25,58.4,251987
2003-09-29 00:00:00+05:30,59.5,61.03,57.76,57.93,173144
2003-09-30 00:00:00+05:30,60.78,60.78,56.53,56.99,93089
2003-10-01 00:00:00+05:30,57.38,57.72,55.38,56.48,94787
2003-10-03 00:00:00+05:30,58.65,58.65,55.46,56.14,168532
2003-10-06 00:00:00+05:30,56.95,57.38,56.14,56.48,172296
2003-10-07 00:00:00+05:30,55.25,57.21,55.25,55.51,154871
2003-10-08 00:00:00+05:30,56.1,57.04,55.25,56.23,176985
2003-10-09 00:00:00+05:30,56.91,57.59,56.1,56.57,177558
2003-10-10 00:00:00+05:30,56.99,57.72,46.75,55.93,215799
2003-10-13 00:00:00+05:30,57.38,57.46,54.91,55.17,192474
2003-10-14 00:00:00+05:30,57.38,57.38,53.0,53.3,250478
2003-10-15 00:00:00+05:30,51.47,54.83,51.47,53.04,316689
2003-10-16 00:00:00+05:30,53.64,54.44,52.7,53.17,131632
2003-10-17 00:00:00+05:30,52.91,54.36,51.85,51.89,150525
2003-10-20 00:00:00+05:30,52.06,53.81,49.73,50.11,188774
2003-10-21 00:00:00+05:30,48.45,50.32,47.6,47.9,155822
2003-10-22 00:00:00+05:30,48.11,50.02,46.96,48.24,105152
2003-10-23 00:00:00+05:30,45.99,48.41,45.69,46.11,136585
2003-10-24 00:00:00+05:30,47.56,49.94,45.9,49.3,120604
2003-10-25 00:00:00+05:30,49.47,50.87,49.39,50.49,72707
2003-10-27 00:00:00+05:30,50.15,50.58,48.03,48.49,49814
2003-10-28 00:00:00+05:30,49.56,49.56,46.75,47.26,92456
2003-10-29 00:00:00+05:30,47.6,48.32,46.96,47.81,52091
2003-10-30 00:00:00+05:30,45.9,48.45,45.9,47.22,70436
2003-10-31 00:00:00+05:30,46.92,47.6,46.88,47.05,132659
2003-11-03 00:00:00+05:30,47.01,48.2,46.2,46.54,129830
2003-11-04 00:00:00+05:30,46.75,47.81,46.33,46.41,117421
2003-11-05 00:00:00+05:30,46.37,58.99,46.07,56.7,651125
2003-11-06 00:00:00+05:30,55.25,58.23,53.17,54.57,407382
2003-11-07 00:00:00+05:30,56.1,56.1,48.45,55.21,190237
2003-11-10 00:00:00+05:30,54.4,56.48,53.55,55.12,135898
2003-11-11 00:00:00+05:30,53.25,56.95,53.25,54.53,133754
2003-11-12 00:00:00+05:30,54.49,56.02,53.13,53.47,169368
2003-11-13 00:00:00+05:30,53.13,55.04,51.85,52.11,130355
2003-11-14 00:00:00+05:30,51.98,52.49,49.73,50.28,181761
2003-11-15 00:00:00+05:30,50.92,51.38,49.81,50.49,41628
2003-11-17 00:00:00+05:30,50.15,52.23,50.15,51.17,76178
2003-11-18 00:00:00+05:30,51.0,52.23,50.24,50.66,61308
2003-11-19 00:00:00+05:30,46.84,55.51,46.84,52.32,199581
2003-11-20 00:00:00+05:30,53.98,54.19,51.0,51.17,114359
2003-11-21 00:00:00+05:30,50.24,52.28,50.15,50.58,78982
2003-11-24 00:00:00+05:30,52.79,52.79,50.79,51.3,50222
2003-11-25 00:00:00+05:30,52.87,52.87,51.04,52.02,113327
2003-11-27 00:00:00+05:30,52.7,53.47,52.02,53.0,295667
2003-11-28 00:00:00+05:30,54.19,54.57,52.7,53.38,254132
2003-12-01 00:00:00+05:30,54.66,57.21,53.98,56.1,683408
2003-12-02 00:00:00+05:30,58.4,59.5,55.42,58.99,636158
2003-12-03 00:00:00+05:30,59.5,62.39,59.5,60.9,504734
2003-12-04 00:00:00+05:30,61.24,62.73,59.59,61.88,381605
2003-12-05 00:00:00+05:30,62.26,62.73,59.33,59.59,428034
2003-12-08 00:00:00+05:30,57.21,60.95,56.95,60.18,184847
2003-12-09 00:00:00+05:30,60.44,72.25,60.44,71.61,1217001
2003-12-10 00:00:00+05:30,70.55,71.4,67.19,69.4,671223
2003-12-11 00:00:00+05:30,69.7,73.27,67.58,71.32,766507
2003-12-12 00:00:00+05:30,72.68,73.44,68.0,69.53,443644
2003-12-15 00:00:00+05:30,72.25,72.25,69.79,70.85,436181
2003-12-16 00:00:00+05:30,70.55,71.4,67.58,69.91,314945
2003-12-17 00:00:00+05:30,68.89,71.4,68.21,69.53,511070
2003-12-18 00:00:00+05:30,68.81,71.83,68.3,70.98,376612
2003-12-19 00:00:00+05:30,71.4,75.06,70.64,73.57,615652
2003-12-22 00:00:00+05:30,73.57,75.61,73.57,74.89,404908
2003-12-23 00:00:00+05:30,75.65,80.58,74.8,77.56,937999
2003-12-24 00:00:00+05:30,80.24,93.33,80.24,90.7,2280390
2003-12-26 00:00:00+05:30,92.65,95.12,90.1,91.8,1416498
2003-12-29 00:00:00+05:30,90.95,102.0,90.95,99.71,1238554
2003-12-30 00:00:00+05:30,103.91,103.91,87.13,89.08,3150150
2003-12-31 00:00:00+05:30,90.1,93.42,87.98,88.95,2172270
2004-01-01 00:00:00+05:30,92.65,99.45,89.72,96.6,4797999
2004-01-02 00:00:00+05:30,97.88,115.35,97.45,109.61,16345321
2004-01-05 00:00:00+05:30,112.2,118.32,110.08,113.82,8962396
2004-01-06 00:00:00+05:30,115.6,120.87,109.69,111.35,8785842
2004-01-07 00:00:00+05:30,112.8,115.18,109.86,113.56,6958731
2004-01-08 00:00:00+05:30,114.96,125.21,114.96,123.29,9961823
2004-01-09 00:00:00+05:30,128.95,131.75,119.68,122.15,10099510
2004-01-12 00:00:00+05:30,122.4,123.25,116.71,117.98,5410868
2004-01-13 00:00:00+05:30,116.37,119.43,114.75,118.53,4592419
2004-01-14 00:00:00+05:30,119.85,123.93,119.26,120.79,4884343
2004-01-15 00:00:00+05:30,121.55,124.87,115.69,116.88,8674471
2004-01-16 00:00:00+05:30,116.79,116.96,102.09,103.87,7009055
2004-01-19 00:00:00+05:30,104.72,108.55,102.0,106.93,5201791
2004-01-20 00:00:00+05:30,108.8,112.2,102.34,103.96,5542963
2004-01-21 00:00:00+05:30,105.83,105.83,87.13,89.34,6187736
2004-01-22 00:00:00+05:30,90.78,95.5,83.85,86.74,8732420
2004-01-23 00:00:00+05:30,89.25,99.45,88.61,97.92,6898472
2004-01-27 00:00:00+05:30,100.3,104.17,95.92,102.55,6521093
2004-01-28 00:00:00+05:30,102.0,104.47,96.31,98.56,7183212
2004-01-29 00:00:00+05:30,98.81,101.49,96.77,99.2,5426091
2004-01-30 00:00:00+05:30,100.3,101.07,93.16,93.93,4657464
2004-02-03 00:00:00+05:30,92.69,94.95,82.96,85.3,4860009
2004-02-04 00:00:00+05:30,85.04,91.38,85.04,90.06,5218310
2004-02-05 00:00:00+05:30,91.8,91.8,86.45,87.93,5189822
2004-02-06 00:00:00+05:30,89.17,89.59,85.89,88.06,3124369
2004-02-09 00:00:00+05:30,88.95,90.95,88.49,90.36,2777292
2004-02-10 00:00:00+05:30,90.95,94.95,89.85,91.67,6443505
2004-02-11 00:00:00+05:30,92.57,93.42,90.23,91.67,2969259
2004-02-12 00:00:00+05:30,92.23,95.54,91.5,92.99,5148256
2004-02-13 00:00:00+05:30,92.99,94.27,92.01,93.8,2697090
2004-02-16 00:00:00+05:30,94.35,97.33,94.18,94.99,3378182
2004-02-17 00:00:00+05:30,94.86,95.41,91.59,92.65,2389172
2004-02-18 00:00:00+05:30,93.16,94.73,91.38,91.67,2491416
2004-02-19 00:00:00+05:30,91.72,92.01,86.7,87.08,2138718
2004-02-20 00:00:00+05:30,86.62,86.66,83.39,85.43,3394355
2004-02-23 00:00:00+05:30,86.02,88.7,84.36,85.34,3958616
2004-02-24 00:00:00+05:30,85.34,87.38,84.41,86.15,2551858
2004-02-25 00:00:00+05:30,86.53,87.21,83.73,84.19,1816556
2004-02-26 00:00:00+05:30,84.75,86.28,83.81,84.32,1529169
2004-02-27 00:00:00+05:30,84.92,85.55,80.92,84.36,2488719
2004-03-01 00:00:00+05:30,84.45,85.13,81.18,84.41,1657344
2004-03-03 00:00:00+05:30,84.92,87.98,83.73,85.81,2153457
2004-03-04 00:00:00+05:30,84.24,84.24,70.13,73.65,5064212
2004-03-05 00:00:00+05:30,74.38,75.1,70.47,71.74,2137798
2004-03-08 00:00:00+05:30,71.83,75.91,69.83,73.44,1630825
2004-03-09 00:00:00+05:30,72.25,75.35,71.7,74.63,256649
2004-03-10 00:00:00+05:30,73.19,73.95,72.38,73.4,130391
2004-03-11 00:00:00+05:30,73.95,73.95,71.44,71.74,198736
2004-03-12 00:00:00+05:30,70.98,72.42,69.7,71.95,263269
2004-03-15 00:00:00+05:30,73.95,80.75,70.13,70.51,254959
2004-03-16 00:00:00+05:30,68.89,71.4,67.28,67.79,299079
2004-03-17 00:00:00+05:30,68.81,68.85,66.3,66.64,147937
2004-03-18 00:00:00+05:30,66.3,67.15,65.45,66.34,221071
2004-03-19 00:00:00+05:30,72.46,72.46,64.18,65.03,103145
2004-03-22 00:00:00+05:30,73.95,75.1,68.0,68.51,406468
2004-03-23 00:00:00+05:30,69.7,69.7,66.3,68.68,321739
2004-03-24 00:00:00+05:30,68.26,69.19,67.15,68.3,186531
2004-03-25 00:00:00+05:30,70.47,71.36,67.7,68.13,523312
2004-03-26 00:00:00+05:30,68.77,70.47,67.15,68.77,507792
2004-03-29 00:00:00+05:30,69.15,69.36,67.58,68.77,335723
2004-03-30 00:00:00+05:30,68.85,70.98,68.04,68.68,418235
2004-03-31 00:00:00+05:30,69.19,69.62,68.43,68.77,296223
2004-04-01 00:00:00+05:30,68.85,70.89,68.85,70.59,393378
2004-04-02 00:00:00+05:30,71.32,74.21,70.55,72.76,748063
2004-04-05 00:00:00+05:30,73.19,76.33,73.19,74.76,734405
2004-04-06 00:00:00+05:30,77.27,77.27,73.19,73.91,430350
2004-04-07 00:00:00+05:30,74.29,74.8,72.34,73.4,258698
2004-04-08 00:00:00+05:30,73.4,74.5,72.25,73.78,304692
2004-04-12 00:00:00+05:30,74.29,74.29,71.06,72.12,250002
2004-04-13 00:00:00+05:30,72.51,74.33,71.83,73.23,541512
2004-04-15 00:00:00+05:30,73.27,75.23,72.38,72.89,485304
2004-04-16 00:00:00+05:30,73.87,74.8,72.72,73.31,486369
2004-04-17 00:00:00+05:30,73.91,74.16,72.25,73.1,148130
2004-04-19 00:00:00+05:30,73.44,73.78,70.59,71.1,275959
2004-04-20 00:00:00+05:30,71.57,71.83,70.13,70.64,283190
2004-04-21 00:00:00+05:30,69.23,71.4,69.23,71.06,282248
2004-04-22 00:00:00+05:30,71.36,72.93,70.81,72.12,410597
2004-04-23 00:00:00+05:30,72.42,73.53,71.49,71.87,442281
2004-04-27 00:00:00+05:30,70.98,70.98,66.56,66.94,274369
2004-04-28 00:00:00+05:30,67.58,68.34,65.03,66.26,388455
2004-04-29 00:00:00+05:30,66.26,66.26,62.77,63.16,326599
2004-04-30 00:00:00+05:30,63.16,64.18,61.63,62.6,212011
2004-05-03 00:00:00+05:30,60.78,61.63,59.93,60.78,244996
2004-05-04 00:00:00+05:30,61.41,64.52,61.2,63.96,254872
2004-05-05 00:00:00+05:30,65.28,65.28,63.71,64.39,181111
2004-05-06 00:00:00+05:30,66.22,66.3,64.98,65.66,186804
2004-05-07 00:00:00+05:30,65.45,66.13,62.99,63.54,214934
2004-05-10 00:00:00+05:30,62.14,63.33,61.2,62.77,287862
2004-05-11 00:00:00+05:30,61.46,62.05,59.5,60.73,316678
2004-05-12 00:00:00+05:30,60.95,62.05,59.59,59.97,392144
2004-05-13 00:00:00+05:30,55.25,63.58,55.25,61.63,381751
2004-05-14 00:00:00+05:30,61.63,62.05,51.0,53.72,688997
2004-05-17 00:00:00+05:30,53.85,53.89,44.2,47.09,406069
2004-05-18 00:00:00+05:30,45.6,53.81,42.84,52.87,358778
2004-05-19 00:00:00+05:30,53.81,57.04,53.76,55.25,680997
2004-05-20 00:00:00+05:30,56.1,57.59,53.98,56.82,374317
2004-05-21 00:00:00+05:30,57.33,57.46,53.98,55.89,241789
2004-05-24 00:00:00+05:30,56.1,64.56,56.1,63.41,1406822
2004-05-25 00:00:00+05:30,64.52,67.24,59.33,63.84,1992202
2004-05-26 00:00:00+05:30,63.75,67.02,62.94,64.18,1197899
2004-05-27 00:00:00+05:30,63.33,66.3,62.99,65.15,841972
2004-05-28 00:00:00+05:30,65.2,65.45,60.82,61.58,655535
2004-05-31 00:00:00+05:30,60.35,62.35,59.5,60.27,539487
2004-06-01 00:00:00+05:30,61.2,62.56,60.01,60.44,367042
2004-06-02 00:00:00+05:30,60.78,61.54,60.78,61.07,270670
2004-06-03 00:00:00+05:30,62.01,62.43,59.63,59.8,337816
2004-06-04 00:00:00+05:30,59.76,60.69,58.31,59.46,282115
2004-06-07 00:00:00+05:30,60.35,63.11,60.31,62.43,499592
2004-06-08 00:00:00+05:30,64.43,64.43,62.48,63.07,599525
2004-06-09 00:00:00+05:30,63.67,63.67,62.48,63.11,397134
2004-06-10 00:00:00+05:30,62.94,63.96,62.52,62.94,396103
2004-06-11 00:00:00+05:30,62.73,63.33,62.14,62.73,391398
2004-06-14 00:00:00+05:30,62.48,62.9,60.95,62.35,399832
2004-06-15 00:00:00+05:30,62.05,62.9,61.54,62.09,264670
2004-06-16 00:00:00+05:30,62.18,62.69,61.88,62.43,294985
2004-06-17 00:00:00+05:30,62.9,65.11,62.22,62.86,888718
2004-06-18 00:00:00+05:30,62.14,63.58,61.33,61.88,408279
2004-06-21 00:00:00+05:30,61.54,62.43,61.54,62.09,305991
2004-06-22 00:00:00+05:30,62.05,62.31,60.35,60.56,314651
2004-06-23 00:00:00+05:30,61.2,61.37,60.05,60.61,247634
2004-06-24 00:00:00+05:30,60.69,60.86,59.71,60.48,257903
2004-06-25 00:00:00+05:30,60.44,61.75,60.44,60.73,299768
2004-06-28 00:00:00+05:30,61.41,62.69,61.12,62.39,327457
2004-06-29 00:00:00+05:30,62.48,63.96,61.88,62.26,371507
2004-06-30 00:00:00+05:30,62.48,65.79,62.26,63.88,988416
2004-07-01 00:00:00+05:30,63.96,64.94,63.75,64.01,429809
2004-07-02 00:00:00+05:30,64.01,64.26,63.33,63.96,315739
2004-07-05 00:00:00+05:30,63.75,64.39,63.33,63.84,304347
2004-07-06 00:00:00+05:30,64.18,64.81,64.18,64.47,279630
2004-07-07 00:00:00+05:30,64.6,65.75,64.01,64.69,580863
2004-07-08 00:00:00+05:30,64.98,69.02,62.9,63.88,1149727
2004-07-09 00:00:00+05:30,63.75,65.54,62.05,65.2,476541
2004-07-12 00:00:00+05:30,64.6,66.73,63.07,66.0,460001
2004-07-13 00:00:00+05:30,66.3,67.15,65.88,66.13,377322
2004-07-14 00:00:00+05:30,66.73,70.47,65.88,69.7,1533974
2004-07-15 00:00:00+05:30,70.55,73.1,69.7,72.59,1167604
2004-07-16 00:00:00+05:30,73.06,76.84,69.91,76.08,1923323
2004-07-19 00:00:00+05:30,76.71,81.13,75.69,77.9,2579318
2004-07-20 00:00:00+05:30,78.5,78.75,73.95,75.06,1483216
2004-07-21 00:00:00+05:30,76.33,77.52,74.38,75.78,892979
2004-07-22 00:00:00+05:30,76.71,77.27,73.23,74.04,1041722
2004-07-23 00:00:00+05:30,75.35,76.84,73.87,75.65,866795
2004-07-26 00:00:00+05:30,73.87,76.5,62.18,75.01,644864
2004-07-27 00:00:00+05:30,73.95,75.99,73.36,73.91,509830
2004-07-28 00:00:00+05:30,77.35,79.05,75.82,76.63,1593969
2004-07-29 00:00:00+05:30,79.05,79.05,76.08,76.29,1284455
2004-07-30 00:00:00+05:30,76.67,77.22,74.89,75.35,830334
2004-08-02 00:00:00+05:30,76.42,76.42,74.76,75.48,363292
2004-08-03 00:00:00+05:30,75.74,76.25,74.38,74.76,490298
2004-08-04 00:00:00+05:30,74.8,77.01,74.04,75.91,707427
2004-08-05 00:00:00+05:30,77.01,78.88,76.25,76.88,1361339
2004-08-06 00:00:00+05:30,76.46,76.5,74.16,74.46,826183
2004-08-09 00:00:00+05:30,73.74,75.18,72.46,74.38,400822
2004-08-10 00:00:00+05:30,75.18,76.5,73.95,74.42,507902
2004-08-11 00:00:00+05:30,75.06,75.06,70.68,71.23,557992
2004-08-12 00:00:00+05:30,71.4,73.95,69.7,71.83,619555
2004-08-13 00:00:00+05:30,72.38,75.23,71.4,73.82,1006281
2004-08-16 00:00:00+05:30,74.08,76.42,72.93,75.86,918429
2004-08-17 00:00:00+05:30,76.97,79.69,76.59,77.56,1854751
2004-08-18 00:00:00+05:30,78.12,81.43,77.01,78.46,3663463
2004-08-19 00:00:00+05:30,79.31,80.33,77.65,78.97,1507485
2004-08-20 00:00:00+05:30,79.82,79.9,76.16,76.97,1109044
2004-08-23 00:00:00+05:30,77.95,77.95,75.23,75.74,777250
2004-08-24 00:00:00+05:30,78.2,79.22,76.88,78.54,1288836
2004-08-25 00:00:00+05:30,79.01,80.07,77.01,77.86,1760961
2004-08-26 00:00:00+05:30,77.78,78.54,76.5,76.71,677851
2004-08-27 00:00:00+05:30,77.65,77.65,75.86,76.25,889083
2004-08-30 00:00:00+05:30,76.84,78.29,76.46,77.82,693387
2004-08-31 00:00:00+05:30,77.65,79.05,77.56,78.67,860448
2004-09-01 00:00:00+05:30,78.92,80.75,78.2,79.77,1781017
2004-09-02 00:00:00+05:30,80.5,83.0,79.9,80.71,2679843
2004-09-03 00:00:00+05:30,81.18,81.86,79.99,80.71,1142171
2004-09-06 00:00:00+05:30,80.92,81.94,80.11,80.54,941499
2004-09-07 00:00:00+05:30,79.99,80.58,79.26,79.69,577069
2004-09-08 00:00:00+05:30,79.9,80.11,79.35,79.52,522984
2004-09-09 00:00:00+05:30,79.86,79.9,78.29,78.54,500904
2004-09-10 00:00:00+05:30,78.8,80.75,77.82,80.41,932361
2004-09-13 00:00:00+05:30,81.6,81.6,79.18,79.48,1073083
2004-09-14 00:00:00+05:30,79.05,80.5,78.71,79.05,510301
2004-09-15 00:00:00+05:30,79.31,83.22,78.71,82.41,3923782
2004-09-16 00:00:00+05:30,83.22,84.58,81.69,81.9,3208656
2004-09-17 00:00:00+05:30,82.41,82.75,79.99,81.09,1234623
2004-09-20 00:00:00+05:30,81.56,81.6,79.9,80.2,513472
2004-09-21 00:00:00+05:30,80.45,82.03,80.07,81.69,867629
2004-09-22 00:00:00+05:30,82.2,82.96,81.18,81.77,976176
2004-09-23 00:00:00+05:30,81.26,81.52,78.24,79.69,536221
2004-09-24 00:00:00+05:30,80.24,80.58,79.09,79.26,423571
2004-09-27 00:00:00+05:30,79.35,79.82,78.24,78.58,297158
2004-09-28 00:00:00+05:30,78.97,83.22,78.67,81.01,1518829
2004-09-29 00:00:00+05:30,81.6,84.11,81.18,83.6,2891224
2004-09-30 00:00:00+05:30,84.53,86.7,83.94,85.38,3685734
2004-10-01 00:00:00+05:30,86.06,86.4,84.36,85.21,1378342
2004-10-04 00:00:00+05:30,86.06,88.36,84.66,85.09,1315697
2004-10-05 00:00:00+05:30,85.77,86.45,83.3,84.62,1046164
2004-10-06 00:00:00+05:30,85.09,86.53,84.24,85.0,967011
2004-10-07 00:00:00+05:30,85.43,88.83,85.26,87.21,1521799
2004-10-08 00:00:00+05:30,87.76,91.55,87.21,90.65,3146549
2004-10-09 00:00:00+05:30,90.95,95.63,90.53,94.95,2030379
2004-10-11 00:00:00+05:30,95.24,96.86,90.7,91.25,2153436
2004-10-12 00:00:00+05:30,91.8,92.65,88.49,89.34,1495016
2004-10-14 00:00:00+05:30,87.55,92.99,87.55,91.72,2009142
2004-10-15 00:00:00+05:30,92.31,92.91,90.53,90.99,1275465
2004-10-18 00:00:00+05:30,91.5,91.8,89.68,90.19,965951
2004-10-19 00:00:00+05:30,90.87,92.1,89.72,91.38,682375
2004-10-20 00:00:00+05:30,92.18,92.57,89.68,90.06,761950
2004-10-21 00:00:00+05:30,90.53,92.57,89.89,90.65,907559
2004-10-25 00:00:00+05:30,91.12,91.12,88.44,89.42,1028051
2004-10-26 00:00:00+05:30,89.25,90.87,89.25,90.02,551537
2004-10-27 00:00:00+05:30,90.65,90.87,89.51,90.19,584612
2004-10-28 00:00:00+05:30,91.12,92.48,88.61,89.25,1737971
2004-10-29 00:00:00+05:30,89.59,89.85,87.98,88.27,1119205
2004-11-01 00:00:00+05:30,86.74,89.59,85.47,87.76,1074863
2004-11-02 00:00:00+05:30,86.91,89.59,86.91,87.85,394304
2004-11-03 00:00:00+05:30,85.98,89.85,85.98,87.93,551567
2004-11-04 00:00:00+05:30,86.7,88.83,86.7,87.64,315765
2004-11-05 00:00:00+05:30,85.89,88.61,85.89,87.59,260084
2004-11-08 00:00:00+05:30,86.19,90.06,86.19,89.55,551010
2004-11-09 00:00:00+05:30,88.19,91.46,88.19,90.87,773552
2004-11-10 00:00:00+05:30,90.31,91.67,89.42,90.36,382458
2004-11-11 00:00:00+05:30,86.74,90.74,86.74,89.21,290648
2004-11-12 00:00:00+05:30,90.06,90.1,89.25,89.76,118031
2004-11-16 00:00:00+05:30,88.06,89.68,88.06,89.34,336795
2004-11-17 00:00:00+05:30,86.83,90.02,86.83,89.29,289682
2004-11-18 00:00:00+05:30,87.64,92.23,87.64,90.87,797207
2004-11-19 00:00:00+05:30,90.31,94.22,90.31,91.04,1431918
2004-11-22 00:00:00+05:30,88.74,91.16,88.74,90.53,361116
2004-11-23 00:00:00+05:30,88.91,91.63,88.91,90.31,358558
2004-11-24 00:00:00+05:30,90.82,94.35,90.1,93.54,979489
2004-11-25 00:00:00+05:30,95.2,97.33,92.65,93.46,1445789
2004-11-29 00:00:00+05:30,94.35,96.9,93.71,96.26,995681
2004-11-30 00:00:00+05:30,94.82,99.03,94.82,97.71,2082855
2004-12-01 00:00:00+05:30,96.05,101.45,96.05,99.54,2236635
2004-12-02 00:00:00+05:30,100.3,103.02,99.45,100.51,3088366
2004-12-03 00:00:00+05:30,97.75,100.94,96.9,97.41,640661
2004-12-06 00:00:00+05:30,96.09,99.49,96.09,97.41,575269
2004-12-07 00:00:00+05:30,95.84,99.88,95.84,98.39,652251
2004-12-08 00:00:00+05:30,96.9,100.22,96.9,98.43,612323
2004-12-09 00:00:00+05:30,97.37,99.28,97.37,98.43,326082
2004-12-10 00:00:00+05:30,97.75,99.45,97.75,98.52,351359
2004-12-13 00:00:00+05:30,97.75,101.83,97.75,101.32,991365
2004-12-14 00:00:00+05:30,102.0,106.04,101.15,105.4,1780728
2004-12-15 00:00:00+05:30,105.66,108.38,104.55,105.95,1640616
2004-12-16 00:00:00+05:30,106.25,106.25,102.68,105.87,869499
2004-12-17 00:00:00+05:30,106.25,108.67,103.79,104.59,1266461
2004-12-20 00:00:00+05:30,105.4,107.1,104.55,104.98,617670
2004-12-21 00:00:00+05:30,104.98,111.27,104.55,104.93,2250154
2004-12-22 00:00:00+05:30,107.95,107.95,100.81,101.58,1096785
2004-12-23 00:00:00+05:30,102.0,104.3,99.45,101.28,996618
2004-12-24 00:00:00+05:30,102.17,102.85,100.73,101.19,655581
2004-12-27 00:00:00+05:30,100.3,101.92,100.3,101.28,377649
2004-12-28 00:00:00+05:30,101.79,104.51,101.15,102.94,497394
2004-12-29 00:00:00+05:30,102.85,104.55,100.73,101.66,501003
2004-12-30 00:00:00+05:30,102.3,105.19,102.0,104.17,913287
2004-12-31 00:00:00+05:30,104.55,110.93,104.55,109.95,1796170
2005-01-03 00:00:00+05:30,111.35,114.28,109.01,110.84,1764579
2005-01-04 00:00:00+05:30,110.93,112.12,108.89,109.23,633951
2005-01-05 00:00:00+05:30,99.92,109.74,96.09,103.23,1036891
2005-01-06 00:00:00+05:30,98.6,105.4,97.41,99.62,1133274
2005-01-07 00:00:00+05:30,101.15,103.19,99.58,102.17,533179
2005-01-10 00:00:00+05:30,102.0,104.0,101.36,102.13,496798
2005-01-11 00:00:00+05:30,102.0,102.85,98.6,99.03,290311
2005-01-12 00:00:00+05:30,98.77,100.73,95.2,95.41,540921
2005-01-13 00:00:00+05:30,96.48,99.24,95.54,97.24,361941
2005-01-14 00:00:00+05:30,100.73,100.73,95.2,96.35,222961
2005-01-17 00:00:00+05:30,97.16,97.28,95.2,95.54,219537
2005-01-18 00:00:00+05:30,96.69,96.9,95.2,95.63,146962
2005-01-19 00:00:00+05:30,96.22,96.73,95.2,95.41,234456
2005-01-20 00:00:00+05:30,89.25,97.41,89.25,95.84,280448
2005-01-24 00:00:00+05:30,96.05,96.77,95.2,95.24,137856
2005-01-25 00:00:00+05:30,94.35,96.05,91.84,93.08,1210925
2005-01-27 00:00:00+05:30,91.63,94.18,91.04,91.89,446037
2005-01-28 00:00:00+05:30,92.14,97.71,92.14,96.39,463035
2005-01-31 00:00:00+05:30,98.18,98.6,95.63,96.94,411558
2005-02-01 00:00:00+05:30,96.9,98.05,95.67,97.45,312074
2005-02-02 00:00:00+05:30,98.6,99.03,97.33,98.01,427861
2005-02-03 00:00:00+05:30,97.75,99.24,96.22,97.33,344150
2005-02-04 00:00:00+05:30,98.18,100.22,96.73,98.81,316756
2005-02-07 00:00:00+05:30,100.3,106.12,98.64,99.37,935781
2005-02-08 00:00:00+05:30,100.51,100.51,97.71,98.52,359091
2005-02-09 00:00:00+05:30,99.28,103.28,97.96,99.92,1433251
2005-02-10 00:00:00+05:30,100.22,101.02,94.95,95.46,951321
2005-02-11 00:00:00+05:30,96.39,99.37,96.39,97.07,712437
2005-02-14 00:00:00+05:30,98.09,98.98,97.33,97.67,409334
2005-02-15 00:00:00+05:30,98.05,100.0,96.48,96.94,454219
2005-02-16 00:00:00+05:30,97.33,98.43,94.56,95.24,618883
2005-02-17 00:00:00+05:30,95.2,96.01,94.35,95.16,263930
2005-02-18 00:00:00+05:30,95.88,95.97,94.35,94.86,353404
2005-02-21 00:00:00+05:30,95.63,95.63,94.01,94.48,299807
2005-02-22 00:00:00+05:30,94.35,95.54,93.59,94.31,175832
2005-02-23 00:00:00+05:30,94.35,98.18,93.67,94.95,688637
2005-02-24 00:00:00+05:30,96.05,96.39,93.5,93.88,296969
2005-02-25 00:00:00+05:30,94.95,95.03,92.48,92.99,278287
2005-02-28 00:00:00+05:30,93.5,94.18,89.51,90.7,368390
2005-03-01 00:00:00+05:30,90.78,92.78,90.61,91.08,235507
2005-03-02 00:00:00+05:30,91.76,92.14,90.57,91.08,257997
2005-03-03 00:00:00+05:30,91.63,93.25,90.87,91.29,482450
2005-03-04 00:00:00+05:30,94.27,94.27,91.33,91.89,479371
2005-03-07 00:00:00+05:30,93.5,95.84,92.99,93.97,1183347
2005-03-08 00:00:00+05:30,94.35,95.46,93.97,94.61,600097
2005-03-09 00:00:00+05:30,95.16,97.41,92.65,93.71,983237
2005-03-10 00:00:00+05:30,93.5,94.22,92.23,93.67,270631
2005-03-11 00:00:00+05:30,95.03,97.03,92.69,93.25,382255
2005-03-14 00:00:00+05:30,93.46,94.1,91.89,92.23,413710
2005-03-15 00:00:00+05:30,92.61,93.03,91.38,91.8,289743
2005-03-16 00:00:00+05:30,92.48,92.65,90.36,91.12,343872
2005-03-17 00:00:00+05:30,91.29,91.29,85.04,89.72,379088
2005-03-18 00:00:00+05:30,90.82,94.01,86.62,87.08,725757
2005-03-21 00:00:00+05:30,88.74,89.0,86.7,87.25,297561
2005-03-22 00:00:00+05:30,89.25,89.25,84.15,84.24,488771
2005-03-23 00:00:00+05:30,85.0,85.6,83.13,83.73,369938
2005-03-24 00:00:00+05:30,83.3,85.13,81.6,82.37,522704
2005-03-28 00:00:00+05:30,80.96,83.3,80.67,80.92,414739
2005-03-29 00:00:00+05:30,80.92,81.9,80.62,80.79,459567
2005-03-30 00:00:00+05:30,81.09,84.53,80.75,83.26,380862
2005-03-31 00:00:00+05:30,84.15,85.43,81.6,83.26,305995
2005-04-01 00:00:00+05:30,82.88,91.59,82.66,87.04,846071
2005-04-04 00:00:00+05:30,87.55,89.0,85.85,87.64,717577
2005-04-05 00:00:00+05:30,88.32,89.08,87.04,87.93,433247
2005-04-06 00:00:00+05:30,88.44,89.0,87.81,88.57,277688
2005-04-07 00:00:00+05:30,89.17,90.87,88.4,88.66,390123
2005-04-08 00:00:00+05:30,89.68,89.68,86.11,86.66,260543
2005-04-11 00:00:00+05:30,86.83,87.38,83.56,85.43,215121
2005-04-12 00:00:00+05:30,85.85,88.02,85.17,86.28,374678
2005-04-13 00:00:00+05:30,87.04,87.76,85.6,86.62,318354
2005-04-15 00:00:00+05:30,85.0,85.43,83.13,83.98,420407
2005-04-18 00:00:00+05:30,84.11,84.11,78.2,79.77,192958
2005-04-19 00:00:00+05:30,81.13,84.24,79.99,82.2,509442
2005-04-20 00:00:00+05:30,82.2,84.49,81.6,83.09,229407
2005-04-21 00:00:00+05:30,83.3,87.72,81.6,86.79,784327
2005-04-22 00:00:00+05:30,88.4,89.68,87.59,88.53,598323
2005-04-25 00:00:00+05:30,87.68,88.4,86.79,87.21,240904
2005-04-26 00:00:00+05:30,87.17,87.98,85.94,86.74,298774
2005-04-27 00:00:00+05:30,86.7,86.7,84.28,85.13,199516
2005-04-28 00:00:00+05:30,84.66,85.38,84.15,84.32,179198
2005-04-29 00:00:00+05:30,84.15,85.51,84.15,84.19,215082
2005-05-02 00:00:00+05:30,85.55,85.85,84.15,84.58,189397
2005-05-03 00:00:00+05:30,84.92,87.51,84.28,85.47,304118
2005-05-04 00:00:00+05:30,84.58,86.32,84.36,85.0,181824
2005-05-05 00:00:00+05:30,85.47,87.3,85.09,85.64,253319
2005-05-06 00:00:00+05:30,86.19,86.7,84.49,85.13,291849
2005-05-09 00:00:00+05:30,86.19,86.28,85.0,85.51,166837
2005-05-10 00:00:00+05:30,85.72,85.72,83.64,84.36,169070
2005-05-11 00:00:00+05:30,84.49,85.26,83.56,84.11,138102
2005-05-12 00:00:00+05:30,84.96,85.21,83.9,84.19,140311
2005-05-13 00:00:00+05:30,84.15,87.21,84.07,85.13,596383
2005-05-16 00:00:00+05:30,85.0,90.14,85.0,88.02,2176251
2005-05-17 00:00:00+05:30,89.0,89.59,85.21,85.89,1481149
2005-05-18 00:00:00+05:30,85.85,87.08,84.79,86.66,639758
2005-05-19 00:00:00+05:30,87.55,89.12,86.19,86.87,644659
2005-05-20 00:00:00+05:30,87.0,92.48,86.91,89.42,2896204
2005-05-23 00:00:00+05:30,90.1,93.33,89.93,92.35,1411669
2005-05-24 00:00:00+05:30,93.5,93.71,90.19,90.7,967114
2005-05-25 00:00:00+05:30,90.78,91.08,88.7,89.08,449891
2005-05-26 00:00:00+05:30,89.25,89.72,87.55,88.1,324908
2005-05-27 00:00:00+05:30,88.27,89.17,84.92,85.51,591375
2005-05-30 00:00:00+05:30,86.19,86.28,84.15,85.21,457499
2005-05-31 00:00:00+05:30,85.6,85.64,84.7,85.3,298409
2005-06-01 00:00:00+05:30,85.72,86.53,85.21,85.72,303339
2005-06-02 00:00:00+05:30,86.49,86.62,83.98,84.53,345835
2005-06-03 00:00:00+05:30,85.0,85.6,84.41,84.83,304724
2005-06-04 00:00:00+05:30,85.26,87.3,84.79,86.36,275495
2005-06-06 00:00:00+05:30,87.81,88.02,85.94,86.32,412571
2005-06-07 00:00:00+05:30,86.62,87.55,86.11,86.83,379494
2005-06-08 00:00:00+05:30,86.83,89.08,86.83,88.66,777134
2005-06-09 00:00:00+05:30,89.55,92.01,88.53,89.12,1787239
2005-06-10 00:00:00+05:30,89.63,92.18,87.55,88.32,1599381
2005-06-13 00:00:00+05:30,89.17,90.02,88.23,89.17,815431
2005-06-14 00:00:00+05:30,89.93,90.87,88.1,89.0,666314
2005-06-15 00:00:00+05:30,89.68,89.85,87.13,87.72,484361
2005-06-16 00:00:00+05:30,87.72,88.36,85.55,86.02,382610
2005-06-17 00:00:00+05:30,86.36,86.49,84.15,85.13,425965
2005-06-20 00:00:00+05:30,85.85,86.02,82.54,83.17,471110
2005-06-21 00:00:00+05:30,83.64,84.07,82.79,83.77,269367
2005-06-22 00:00:00+05:30,84.15,84.92,83.39,84.49,398667
2005-06-23 00:00:00+05:30,85.3,85.34,82.62,83.43,318170
2005-06-24 00:00:00+05:30,83.26,85.47,82.62,83.34,286812
2005-06-27 00:00:00+05:30,83.68,84.07,82.88,83.13,240838
2005-06-28 00:00:00+05:30,83.3,83.94,81.26,81.73,256597
2005-06-29 00:00:00+05:30,82.45,83.3,81.35,82.24,348537
2005-06-30 00:00:00+05:30,82.79,83.3,81.26,81.77,402219
2005-07-01 00:00:00+05:30,82.24,82.28,81.39,81.73,210416
2005-07-04 00:00:00+05:30,81.6,86.49,81.6,83.09,756796
2005-07-05 00:00:00+05:30,83.3,83.85,81.81,82.41,397445
2005-07-06 00:00:00+05:30,83.09,84.58,82.41,83.05,762798
2005-07-07 00:00:00+05:30,83.13,86.53,82.79,83.6,1501095
2005-07-08 00:00:00+05:30,83.39,87.3,83.39,85.0,1253787
2005-07-11 00:00:00+05:30,87.3,87.89,85.0,85.89,1302142
2005-07-12 00:00:00+05:30,87.13,87.13,85.09,86.57,975949
2005-07-13 00:00:00+05:30,86.91,89.0,85.51,86.15,1478945
2005-07-14 00:00:00+05:30,86.79,87.55,85.26,85.81,825588
2005-07-15 00:00:00+05:30,86.62,87.51,85.81,86.83,778092
2005-07-18 00:00:00+05:30,87.47,88.61,86.7,87.85,570443
2005-07-19 00:00:00+05:30,88.83,88.83,86.11,86.57,508269
2005-07-20 00:00:00+05:30,86.83,92.1,86.57,90.53,2729579
2005-07-21 00:00:00+05:30,91.8,93.8,89.55,90.4,2302239
2005-07-22 00:00:00+05:30,90.27,90.7,88.4,89.46,1111934
2005-07-25 00:00:00+05:30,89.51,90.53,86.87,87.38,648365
2005-07-26 00:00:00+05:30,88.32,90.44,86.83,87.81,1248221
2005-07-27 00:00:00+05:30,89.25,89.25,86.87,87.47,371843
2005-07-29 00:00:00+05:30,86.83,89.17,85.85,86.45,825697
2005-08-01 00:00:00+05:30,85.09,85.09,82.07,82.54,841251
2005-08-02 00:00:00+05:30,83.3,84.07,82.79,83.09,431812
2005-08-03 00:00:00+05:30,83.64,87.51,82.45,85.51,1286064
2005-08-04 00:00:00+05:30,86.19,89.17,85.43,88.02,1415157
2005-08-05 00:00:00+05:30,88.74,90.82,87.81,88.44,1797191
2005-08-08 00:00:00+05:30,88.4,89.68,85.09,85.72,849001
2005-08-09 00:00:00+05:30,86.19,87.34,84.19,84.58,784809
2005-08-10 00:00:00+05:30,85.6,86.36,84.7,85.21,559452
2005-08-11 00:00:00+05:30,85.81,87.08,84.58,84.79,704101
2005-08-12 00:00:00+05:30,85.6,86.19,84.15,84.66,621768
2005-08-16 00:00:00+05:30,85.26,87.55,84.32,86.02,849870
2005-08-17 00:00:00+05:30,86.7,88.83,85.64,85.98,1825343
2005-08-18 00:00:00+05:30,86.28,87.3,84.19,84.66,1047718
2005-08-19 00:00:00+05:30,85.34,87.04,84.58,85.13,913261
2005-08-22 00:00:00+05:30,85.81,86.62,84.36,84.66,683344
2005-08-23 00:00:00+05:30,84.96,85.51,82.37,82.66,603929
2005-08-24 00:00:00+05:30,83.13,83.26,81.39,82.11,442542
2005-08-25 00:00:00+05:30,82.79,84.66,82.03,84.07,610969
2005-08-26 00:00:00+05:30,84.79,86.7,84.15,84.53,1162647
2005-08-29 00:00:00+05:30,84.92,98.94,83.39,97.79,10743058
2005-08-30 00:00:00+05:30,98.52,102.43,97.45,98.35,9065002
2005-08-31 00:00:00+05:30,98.77,112.54,97.07,106.89,19533154
2005-09-01 00:00:00+05:30,107.87,112.03,104.72,106.42,7378033
2005-09-02 00:00:00+05:30,108.67,110.5,105.44,106.89,9722491
2005-09-05 00:00:00+05:30,107.1,108.38,102.26,103.06,4071770
2005-09-06 00:00:00+05:30,103.7,106.12,100.51,102.34,3921332
2005-09-08 00:00:00+05:30,103.19,108.33,102.68,106.76,6062461
2005-09-09 00:00:00+05:30,107.1,107.95,102.64,103.91,2608846
2005-09-12 00:00:00+05:30,104.55,108.38,103.28,106.42,5035383
2005-09-13 00:00:00+05:30,107.1,111.78,105.53,109.57,8807747
2005-09-14 00:00:00+05:30,110.5,111.69,104.93,106.85,6635143
2005-09-15 00:00:00+05:30,107.53,117.98,107.19,117.09,13489453
2005-09-16 00:00:00+05:30,117.22,123.08,115.6,118.7,10830571
2005-09-19 00:00:00+05:30,118.24,119.43,114.58,115.13,2870330
2005-09-20 00:00:00+05:30,110.59,115.43,110.59,112.07,3353664
2005-09-21 00:00:00+05:30,112.2,112.5,97.75,105.27,4449391
2005-09-22 00:00:00+05:30,102.85,104.55,89.34,90.23,4985448
2005-09-23 00:00:00+05:30,94.31,96.82,90.1,94.52,5494728
2005-09-26 00:00:00+05:30,97.33,101.41,95.63,100.73,3837118
2005-09-27 00:00:00+05:30,101.92,103.53,98.69,101.02,4075117
2005-09-28 00:00:00+05:30,101.24,101.83,98.43,100.51,2673532
2005-09-29 00:00:00+05:30,100.73,104.81,98.69,99.28,3076866
2005-09-30 00:00:00+05:30,99.83,100.17,95.29,97.24,2313898
2005-10-03 00:00:00+05:30,97.75,100.3,96.9,99.62,1401965
2005-10-04 00:00:00+05:30,100.34,107.87,100.3,106.38,5489063
2005-10-05 00:00:00+05:30,107.78,108.72,102.26,103.45,3230529
2005-10-06 00:00:00+05:30,102.85,103.62,95.71,101.66,3156471
2005-10-07 00:00:00+05:30,102.51,106.76,101.36,105.02,4284571
2005-10-10 00:00:00+05:30,105.57,106.04,102.43,102.85,1524489
2005-10-11 00:00:00+05:30,103.06,104.04,100.81,101.87,1508343
2005-10-13 00:00:00+05:30,101.92,104.3,98.22,99.41,2318304
2005-10-14 00:00:00+05:30,99.07,100.56,94.82,95.29,1648649
2005-10-17 00:00:00+05:30,95.97,96.48,92.01,93.08,1521179
2005-10-18 00:00:00+05:30,93.33,94.99,91.04,91.55,1609328
2005-10-19 00:00:00+05:30,91.5,93.25,89.12,90.23,1569619
2005-10-20 00:00:00+05:30,92.52,93.25,87.04,89.17,1396597
2005-10-21 00:00:00+05:30,89.68,92.57,87.98,91.46,1136507
2005-10-24 00:00:00+05:30,92.44,94.61,87.76,91.97,1536884
2005-10-25 00:00:00+05:30,92.86,93.42,89.25,92.57,1105681
2005-10-26 00:00:00+05:30,90.87,90.87,87.85,88.36,672722
2005-10-27 00:00:00+05:30,88.49,88.83,83.56,84.11,951294
2005-10-28 00:00:00+05:30,84.15,84.15,81.81,82.24,629916
2005-10-31 00:00:00+05:30,82.88,85.0,81.69,84.49,478328
2005-11-01 00:00:00+05:30,85.77,86.19,84.53,85.17,182315
2005-11-02 00:00:00+05:30,85.0,87.13,80.75,86.66,484694
2005-11-07 00:00:00+05:30,86.7,88.87,85.0,88.53,457761
2005-11-08 00:00:00+05:30,89.25,91.21,88.57,89.38,701102
2005-11-09 00:00:00+05:30,89.93,90.7,88.06,88.87,551977
2005-11-10 00:00:00+05:30,89.51,89.76,88.4,89.0,436771
2005-11-11 00:00:00+05:30,89.89,91.8,89.08,91.38,862005
2005-11-14 00:00:00+05:30,92.65,97.28,90.95,96.65,2718112
2005-11-16 00:00:00+05:30,97.75,100.13,96.73,99.58,1947887
2005-11-17 00:00:00+05:30,99.88,100.09,97.11,97.92,968235
2005-11-18 00:00:00+05:30,98.6,100.3,96.99,97.5,829483
2005-11-21 00:00:00+05:30,98.35,102.64,97.54,98.39,2987915
2005-11-22 00:00:00+05:30,99.45,100.13,97.2,97.67,1158554
2005-11-23 00:00:00+05:30,97.75,98.35,94.52,95.03,839483
2005-11-24 00:00:00+05:30,96.73,97.24,95.24,95.5,490895
2005-11-25 00:00:00+05:30,95.71,98.94,95.54,96.73,819877
2005-11-26 00:00:00+05:30,96.9,97.5,95.8,96.31,291504
2005-11-28 00:00:00+05:30,96.56,98.26,94.27,95.16,610390
2005-11-29 00:00:00+05:30,95.29,96.9,94.35,95.75,661275
2005-11-30 00:00:00+05:30,95.88,97.96,93.5,94.39,799903
2005-12-01 00:00:00+05:30,94.44,95.07,93.08,93.67,464454
2005-12-02 00:00:00+05:30,94.56,95.54,92.69,93.33,485038
2005-12-05 00:00:00+05:30,94.14,96.86,93.93,95.88,911903
2005-12-06 00:00:00+05:30,94.82,97.45,91.8,92.74,1075365
2005-12-07 00:00:00+05:30,93.5,93.84,89.59,89.97,904763
2005-12-08 00:00:00+05:30,90.1,92.18,90.1,91.55,579948
2005-12-09 00:00:00+05:30,91.97,94.78,91.38,92.52,1188664
2005-12-12 00:00:00+05:30,93.84,93.93,91.93,92.57,590821
2005-12-13 00:00:00+05:30,93.08,93.08,92.06,92.52,449470
2005-12-14 00:00:00+05:30,92.69,95.54,90.61,93.59,1560950
2005-12-15 00:00:00+05:30,93.93,95.5,92.06,92.86,937541
2005-12-16 00:00:00+05:30,92.74,93.93,92.01,93.03,582492
2005-12-19 00:00:00+05:30,93.5,93.71,90.53,91.29,591383
2005-12-20 00:00:00+05:30,91.29,91.8,90.1,90.44,448463
2005-12-21 00:00:00+05:30,90.61,92.01,90.19,90.57,470131
2005-12-22 00:00:00+05:30,90.95,92.4,90.53,90.82,518025
2005-12-23 00:00:00+05:30,91.38,91.38,89.55,89.93,375521
2005-12-26 00:00:00+05:30,90.1,90.1,86.79,87.25,419796
2005-12-27 00:00:00+05:30,87.04,88.53,86.02,87.72,407968
2005-12-28 00:00:00+05:30,87.81,88.61,87.38,87.85,274012
2005-12-29 00:00:00+05:30,88.66,90.74,87.59,89.0,455081
2005-12-30 00:00:00+05:30,89.25,93.25,88.49,90.99,1136398
2006-01-02 00:00:00+05:30,91.42,94.69,91.42,92.99,916221
2006-01-03 00:00:00+05:30,93.76,96.82,93.5,95.2,1673461
2006-01-04 00:00:00+05:30,96.01,96.31,94.01,94.73,718395
2006-01-05 00:00:00+05:30,95.46,95.46,92.99,93.42,429770
2006-01-06 00:00:00+05:30,94.27,96.82,93.71,94.35,895945
2006-01-09 00:00:00+05:30,95.12,95.12,93.33,93.8,481839
2006-01-10 00:00:00+05:30,93.54,94.35,90.99,91.29,396322
2006-01-12 00:00:00+05:30,92.23,92.23,89.46,91.04,700477
2006-01-13 00:00:00+05:30,91.38,92.52,89.76,90.1,553567
2006-01-16 00:00:00+05:30,90.78,90.78,88.49,88.83,272719
2006-01-17 00:00:00+05:30,89.21,89.46,86.96,87.21,478557
2006-01-18 00:00:00+05:30,87.04,90.4,86.28,89.72,838908
2006-01-19 00:00:00+05:30,90.27,91.72,89.93,91.21,569125
2006-01-20 00:00:00+05:30,90.95,98.98,90.27,96.14,2567112
2006-01-23 00:00:00+05:30,95.92,97.07,91.16,92.31,1090421
2006-01-24 00:00:00+05:30,92.57,96.18,92.57,94.48,1069659
2006-01-25 00:00:00+05:30,95.37,96.82,94.35,94.65,757472
2006-01-27 00:00:00+05:30,95.54,95.54,92.44,93.03,791079
2006-01-30 00:00:00+05:30,93.5,94.14,89.8,90.27,717717
2006-01-31 00:00:00+05:30,90.31,92.61,89.72,91.25,521536
2006-02-01 00:00:00+05:30,91.8,93.08,89.76,90.95,1127105
2006-02-02 00:00:00+05:30,91.5,91.55,89.51,90.4,460699
2006-02-03 00:00:00+05:30,90.7,91.29,89.59,90.19,418327
2006-02-06 00:00:00+05:30,91.72,93.29,90.1,91.67,489443
2006-02-07 00:00:00+05:30,91.8,92.57,90.31,91.76,392192
2006-02-08 00:00:00+05:30,94.35,94.35,90.31,90.99,680309
2006-02-10 00:00:00+05:30,90.95,93.5,90.95,92.44,453468
2006-02-13 00:00:00+05:30,93.5,98.52,92.52,97.58,1173063
2006-02-14 00:00:00+05:30,98.6,100.22,94.48,94.9,1016567
2006-02-15 00:00:00+05:30,95.54,96.65,94.18,95.16,466538
2006-02-16 00:00:00+05:30,95.63,97.96,94.01,95.71,589564
2006-02-17 00:00:00+05:30,96.43,96.43,92.65,93.5,381708
2006-02-20 00:00:00+05:30,91.93,93.93,91.8,93.67,276950
2006-02-21 00:00:00+05:30,94.35,96.6,93.5,94.05,432316
2006-02-22 00:00:00+05:30,94.35,94.65,92.65,93.33,259103
2006-02-23 00:00:00+05:30,92.74,95.54,92.65,93.2,298195
2006-02-24 00:00:00+05:30,92.95,94.35,92.4,93.54,391948
2006-02-27 00:00:00+05:30,93.5,99.11,93.5,98.64,1723732
2006-02-28 00:00:00+05:30,99.71,99.71,95.33,95.97,589825
2006-03-01 00:00:00+05:30,96.05,97.5,94.39,96.26,403661
2006-03-02 00:00:00+05:30,96.82,97.5,94.39,94.9,288444
2006-03-03 00:00:00+05:30,94.78,95.8,92.57,92.99,362147
2006-03-06 00:00:00+05:30,93.16,93.93,91.8,92.14,367803
2006-03-07 00:00:00+05:30,92.99,93.33,91.5,91.89,325104
2006-03-08 00:00:00+05:30,91.8,95.03,90.1,90.48,770359
2006-03-09 00:00:00+05:30,91.59,92.52,90.61,91.12,492519
2006-03-10 00:00:00+05:30,91.38,104.38,91.38,103.36,4681633
2006-03-13 00:00:00+05:30,104.89,113.56,104.89,112.37,12108180
2006-03-14 00:00:00+05:30,113.14,113.22,106.34,107.44,2853732
2006-03-16 00:00:00+05:30,108.72,114.5,107.78,113.48,6042331
2006-03-17 00:00:00+05:30,113.73,122.78,111.86,118.79,8625798
2006-03-20 00:00:00+05:30,119.0,128.99,119.0,125.42,5893578
2006-03-21 00:00:00+05:30,125.8,127.76,118.36,119.94,3124583
2006-03-22 00:00:00+05:30,120.7,122.02,117.64,119.6,2633412
2006-03-23 00:00:00+05:30,119.85,122.32,116.66,117.85,1740344
2006-03-24 00:00:00+05:30,118.15,120.19,117.0,117.39,860565
2006-03-27 00:00:00+05:30,118.41,121.55,117.3,117.9,1108294
2006-03-28 00:00:00+05:30,113.9,123.76,113.9,120.4,3036496
2006-03-29 00:00:00+05:30,120.28,122.74,118.66,119.04,802388
2006-03-30 00:00:00+05:30,120.11,122.83,119.34,121.72,1201736
2006-03-31 00:00:00+05:30,122.4,126.69,121.72,124.1,1964905
2006-04-03 00:00:00+05:30,125.89,126.14,121.81,125.21,1346681
2006-04-04 00:00:00+05:30,124.95,129.46,122.83,125.76,1824462
2006-04-05 00:00:00+05:30,126.99,134.56,123.46,131.88,3230271
2006-04-07 00:00:00+05:30,132.6,133.71,124.95,126.48,1605177
2006-04-10 00:00:00+05:30,125.8,128.52,124.14,126.91,891016
2006-04-12 00:00:00+05:30,127.08,131.28,123.38,124.27,975962
2006-04-13 00:00:00+05:30,124.95,124.95,119.85,120.66,614790
2006-04-17 00:00:00+05:30,121.68,123.93,121.55,122.83,331343
2006-04-18 00:00:00+05:30,123.93,138.98,120.7,134.9,3371035
2006-04-19 00:00:00+05:30,136.0,138.21,128.99,130.77,2689222
2006-04-20 00:00:00+05:30,131.07,134.3,127.97,128.95,1395417
2006-04-21 00:00:00+05:30,129.41,133.37,127.71,130.52,1050268
2006-04-24 00:00:00+05:30,130.48,134.64,129.5,132.47,1029811
2006-04-25 00:00:00+05:30,132.47,140.25,131.37,133.75,2436131
2006-04-26 00:00:00+05:30,132.64,135.36,128.35,129.71,2225946
2006-04-27 00:00:00+05:30,130.14,135.15,129.63,132.94,1133151
2006-04-28 00:00:00+05:30,129.2,135.15,122.4,133.96,951567
2006-04-29 00:00:00+05:30,135.49,135.49,129.33,130.82,315063
2006-05-02 00:00:00+05:30,132.3,137.15,131.11,134.09,636651
2006-05-03 00:00:00+05:30,135.49,148.71,131.84,147.05,4125869
2006-05-04 00:00:00+05:30,148.71,150.45,141.23,145.52,2794928
2006-05-05 00:00:00+05:30,146.54,147.22,140.25,141.48,776952
2006-05-08 00:00:00+05:30,142.21,151.98,141.31,149.39,2218114
2006-05-09 00:00:00+05:30,148.5,153.77,144.93,151.43,2099161
2006-05-10 00:00:00+05:30,152.19,153.26,147.05,148.16,718983
2006-05-11 00:00:00+05:30,147.9,149.52,144.5,146.37,514151
2006-05-12 00:00:00+05:30,146.2,149.43,142.8,145.39,600683
2006-05-15 00:00:00+05:30,145.35,150.45,136.43,139.57,1197872
2006-05-16 00:00:00+05:30,140.25,143.65,132.69,136.04,1614401
2006-05-17 00:00:00+05:30,137.7,145.69,136.94,143.74,1154663
2006-05-18 00:00:00+05:30,141.95,142.29,128.39,131.54,1160582
2006-05-19 00:00:00+05:30,134.3,136.6,125.04,126.91,462294
2006-05-22 00:00:00+05:30,129.67,129.67,106.25,121.17,996063
2006-05-23 00:00:00+05:30,122.23,124.1,117.34,123.12,370231
2006-05-24 00:00:00+05:30,124.95,129.2,121.55,125.55,399003
2006-05-25 00:00:00+05:30,125.8,128.35,121.55,126.01,301245
2006-05-26 00:00:00+05:30,128.27,130.05,126.65,128.31,309604
2006-05-29 00:00:00+05:30,129.2,137.7,129.2,135.83,926250
2006-05-30 00:00:00+05:30,136.85,138.08,131.75,132.52,338311
2006-05-31 00:00:00+05:30,129.2,130.22,122.4,124.78,407755
2006-06-01 00:00:00+05:30,126.65,130.82,120.79,123.04,583710
2006-06-02 00:00:00+05:30,124.1,126.31,121.98,125.46,611112
2006-06-05 00:00:00+05:30,125.8,127.42,121.68,122.74,379090
2006-06-06 00:00:00+05:30,119.21,123.93,118.15,121.68,375524
2006-06-07 00:00:00+05:30,119.85,123.25,116.54,121.89,730065
2006-06-08 00:00:00+05:30,117.3,121.08,102.0,118.41,1464054
2006-06-09 00:00:00+05:30,118.15,120.96,106.25,116.88,448736
2006-06-12 00:00:00+05:30,118.02,118.02,108.8,111.14,351478
2006-06-13 00:00:00+05:30,110.46,111.18,104.72,105.95,449664
2006-06-14 00:00:00+05:30,107.53,113.48,105.87,107.48,630217
2006-06-15 00:00:00+05:30,112.16,116.88,110.08,111.95,628796
2006-06-16 00:00:00+05:30,116.45,118.7,112.29,114.45,410967
2006-06-19 00:00:00+05:30,114.75,121.55,113.05,120.49,310035
2006-06-20 00:00:00+05:30,116.54,124.74,116.54,124.06,398494
2006-06-21 00:00:00+05:30,123.25,131.41,123.25,126.4,432811
2006-06-22 00:00:00+05:30,127.5,132.56,127.5,129.54,808041
2006-06-23 00:00:00+05:30,128.69,129.46,124.95,127.84,182621
2006-06-25 00:00:00+05:30,129.2,129.92,127.93,129.12,28245
2006-06-26 00:00:00+05:30,129.2,130.01,123.34,124.95,433509
2006-06-27 00:00:00+05:30,124.95,125.8,118.45,119.43,653605
2006-06-28 00:00:00+05:30,119.0,129.54,117.3,128.52,453198
2006-06-29 00:00:00+05:30,129.2,132.39,123.42,124.7,667003
2006-06-30 00:00:00+05:30,125.8,130.05,125.25,127.29,430284
2006-07-03 00:00:00+05:30,129.2,132.39,124.53,125.33,507830
2006-07-04 00:00:00+05:30,127.46,142.72,125.08,138.08,1640610
2006-07-05 00:00:00+05:30,144.5,145.82,139.57,141.95,2706656
2006-07-06 00:00:00+05:30,141.1,144.37,137.11,142.38,1464523
2006-07-07 00:00:00+05:30,123.25,128.27,85.85,118.58,12172327
2006-07-10 00:00:00+05:30,119.43,122.83,118.75,121.55,1886062
2006-07-11 00:00:00+05:30,120.7,121.89,119.68,120.4,645514
2006-07-12 00:00:00+05:30,119.04,121.13,112.33,116.54,1378054
2006-07-13 00:00:00+05:30,116.62,119.77,114.92,117.39,947381
2006-07-14 00:00:00+05:30,115.52,129.12,114.75,125.16,1829897
2006-07-17 00:00:00+05:30,121.55,125.29,116.58,117.64,523934
2006-07-18 00:00:00+05:30,118.87,118.87,113.65,116.24,439655
2006-07-19 00:00:00+05:30,116.79,118.49,107.44,108.93,559143
2006-07-20 00:00:00+05:30,112.92,114.28,107.4,108.25,456401
2006-07-21 00:00:00+05:30,107.99,107.99,102.94,104.55,563272
2006-07-24 00:00:00+05:30,104.3,104.3,96.65,99.03,842175
2006-07-25 00:00:00+05:30,101.58,101.87,95.2,97.96,991822
2006-07-26 00:00:00+05:30,98.98,118.83,98.73,116.07,1752601
2006-07-27 00:00:00+05:30,117.98,121.3,111.78,114.07,1891514
2006-07-28 00:00:00+05:30,114.75,121.72,110.63,119.26,2340381
2006-07-31 00:00:00+05:30,119.0,124.48,119.0,120.74,1926102
2006-08-01 00:00:00+05:30,125.25,129.2,119.17,120.91,2212544
2006-08-02 00:00:00+05:30,120.7,124.53,120.7,121.76,1054207
2006-08-03 00:00:00+05:30,122.74,123.21,117.39,118.19,478611
2006-08-04 00:00:00+05:30,120.11,122.36,117.39,118.53,514603
2006-08-07 00:00:00+05:30,119.64,120.62,117.39,117.94,302556
2006-08-08 00:00:00+05:30,118.96,120.28,118.24,119.26,244211
2006-08-09 00:00:00+05:30,119.94,121.98,118.24,119.34,442883
2006-08-10 00:00:00+05:30,119.47,122.23,117.56,119.13,529792
2006-08-11 00:00:00+05:30,120.23,121.34,117.39,118.07,422481
2006-08-14 00:00:00+05:30,119.68,122.4,118.15,118.62,758016
2006-08-16 00:00:00+05:30,119.85,120.4,117.73,118.19,613564
2006-08-17 00:00:00+05:30,119.51,119.51,115.01,116.49,458515
2006-08-18 00:00:00+05:30,116.54,116.54,113.65,114.24,473941
2006-08-21 00:00:00+05:30,116.28,116.28,113.05,113.52,324901
2006-08-22 00:00:00+05:30,115.6,121.55,115.6,116.88,1103161
2006-08-23 00:00:00+05:30,118.02,121.17,116.2,116.88,904621
2006-08-24 00:00:00+05:30,117.3,121.81,116.03,120.19,1154230
2006-08-25 00:00:00+05:30,120.79,125.38,119.94,120.57,2526176
2006-08-28 00:00:00+05:30,121.47,121.98,120.32,120.83,464141
2006-08-29 00:00:00+05:30,121.55,123.25,121.13,121.72,510723
2006-08-30 00:00:00+05:30,122.4,124.78,121.13,123.04,1015889
2006-08-31 00:00:00+05:30,124.53,125.29,121.59,121.98,756623
2006-09-01 00:00:00+05:30,122.4,124.53,121.81,123.42,496575
2006-09-04 00:00:00+05:30,124.19,127.33,123.85,126.52,897305
2006-09-05 00:00:00+05:30,127.25,131.67,126.65,131.03,1551174
2006-09-06 00:00:00+05:30,131.75,134.3,131.33,133.03,997342
2006-09-07 00:00:00+05:30,131.75,132.9,130.9,132.01,603732
2006-09-08 00:00:00+05:30,132.77,136.17,132.6,135.45,1011282
2006-09-11 00:00:00+05:30,136.21,136.77,128.52,129.46,895930
2006-09-12 00:00:00+05:30,130.94,131.75,128.48,131.37,609862
2006-09-13 00:00:00+05:30,132.6,134.13,132.18,133.28,399896
2006-09-14 00:00:00+05:30,134.64,135.02,132.09,132.81,310150
2006-09-15 00:00:00+05:30,132.6,132.98,130.48,131.79,386903
2006-09-18 00:00:00+05:30,134.0,137.66,132.18,135.66,941791
2006-09-19 00:00:00+05:30,136.43,139.19,134.73,135.79,893596
2006-09-20 00:00:00+05:30,136.43,137.91,134.3,137.36,482598
2006-09-21 00:00:00+05:30,138.13,140.25,138.13,139.57,725539
2006-09-22 00:00:00+05:30,139.32,142.04,138.04,139.23,1084192
2006-09-25 00:00:00+05:30,140.17,141.95,136.94,139.83,2295586
2006-09-26 00:00:00+05:30,149.35,149.35,137.5,141.1,1099451
2006-09-27 00:00:00+05:30,142.0,142.4,140.2,141.4,468677
2006-09-28 00:00:00+05:30,141.1,141.75,138.1,139.0,301500
2006-09-29 00:00:00+05:30,139.0,139.5,135.9,138.3,393307
2006-10-03 00:00:00+05:30,138.3,138.4,136.0,136.3,195562
2006-10-04 00:00:00+05:30,137.0,137.7,133.6,134.1,211953
2006-10-05 00:00:00+05:30,135.9,138.65,135.25,136.25,386349
2006-10-06 00:00:00+05:30,137.4,143.45,137.0,139.4,773476
2006-10-09 00:00:00+05:30,139.4,142.45,137.5,141.25,393444
2006-10-10 00:00:00+05:30,142.0,143.45,140.15,141.85,437615
2006-10-11 00:00:00+05:30,143.0,143.6,139.5,140.15,253377
2006-10-12 00:00:00+05:30,140.5,142.25,139.1,140.85,243807
2006-10-13 00:00:00+05:30,143.8,144.0,141.5,143.2,373580
2006-10-16 00:00:00+05:30,144.15,147.0,143.55,146.4,524987
2006-10-17 00:00:00+05:30,147.9,148.8,144.7,145.1,738029
2006-10-18 00:00:00+05:30,147.0,147.0,143.0,143.65,223959
2006-10-19 00:00:00+05:30,143.5,149.0,143.0,148.05,527779
2006-10-20 00:00:00+05:30,149.0,149.6,143.8,144.25,221511
2006-10-21 00:00:00+05:30,145.9,145.9,143.05,144.85,63453
2006-10-23 00:00:00+05:30,144.85,145.9,120.9,141.8,134156
2006-10-26 00:00:00+05:30,143.0,144.4,141.5,142.7,92882
2006-10-27 00:00:00+05:30,143.2,143.8,140.1,141.75,123147
2006-10-30 00:00:00+05:30,142.5,143.0,140.1,140.6,99536
2006-10-31 00:00:00+05:30,142.5,142.5,138.15,138.95,86566
2006-11-01 00:00:00+05:30,142.0,142.0,138.7,140.25,84057
2006-11-02 00:00:00+05:30,140.25,145.4,140.0,145.0,234041
2006-11-03 00:00:00+05:30,145.8,145.9,143.3,144.5,181203
2006-11-06 00:00:00+05:30,145.2,148.6,142.1,144.7,284610
2006-11-07 00:00:00+05:30,145.0,147.0,143.25,144.5,185012
2006-11-08 00:00:00+05:30,144.2,149.0,141.25,147.95,548838
2006-11-09 00:00:00+05:30,150.0,153.0,139.1,141.1,579885
2006-11-10 00:00:00+05:30,144.5,144.5,137.0,138.2,281410
2006-11-13 00:00:00+05:30,139.6,141.5,137.5,139.8,300319
2006-11-14 00:00:00+05:30,141.4,141.9,139.0,139.5,131880
2006-11-15 00:00:00+05:30,139.5,140.0,134.1,135.15,152085
2006-11-16 00:00:00+05:30,135.8,136.0,133.0,134.45,152667
2006-11-17 00:00:00+05:30,135.9,136.25,132.0,133.65,82630
2006-11-20 00:00:00+05:30,132.55,133.15,127.1,128.05,167707
2006-11-21 00:00:00+05:30,129.95,131.45,126.0,126.65,166504
2006-11-22 00:00:00+05:30,125.5,128.9,125.5,127.2,106659
2006-11-23 00:00:00+05:30,128.4,129.35,125.25,126.75,124660
2006-11-24 00:00:00+05:30,127.25,127.8,126.15,126.95,96653
2006-11-27 00:00:00+05:30,129.0,129.3,126.0,126.9,187438
2006-11-28 00:00:00+05:30,126.5,126.5,122.5,123.4,223953
2006-11-29 00:00:00+05:30,124.8,129.9,122.55,127.5,299601
2006-11-30 00:00:00+05:30,130.0,133.5,127.0,128.7,641939
2006-12-01 00:00:00+05:30,129.0,133.5,126.5,130.35,608121
2006-12-04 00:00:00+05:30,131.1,132.7,127.1,131.8,475522
2006-12-05 00:00:00+05:30,132.0,132.2,129.0,130.05,698125
2006-12-06 00:00:00+05:30,131.25,131.25,127.2,127.75,207035
2006-12-07 00:00:00+05:30,129.4,130.5,126.25,128.05,122437
2006-12-08 00:00:00+05:30,128.5,131.45,126.0,126.95,176419
2006-12-11 00:00:00+05:30,120.25,126.5,120.25,123.05,121030
2006-12-12 00:00:00+05:30,121.25,123.6,118.0,119.1,186005
2006-12-13 00:00:00+05:30,116.0,123.5,114.15,121.1,185555
2006-12-14 00:00:00+05:30,115.05,122.5,115.05,119.95,170435
2006-12-15 00:00:00+05:30,121.0,127.0,121.0,124.05,287783
2006-12-18 00:00:00+05:30,125.5,132.25,125.5,127.35,303140
2006-12-19 00:00:00+05:30,127.5,132.0,126.05,129.2,508543
2006-12-20 00:00:00+05:30,130.9,134.95,128.75,131.35,574844
2006-12-21 00:00:00+05:30,131.0,133.05,129.05,129.8,185810
2006-12-22 00:00:00+05:30,131.0,133.0,130.05,131.65,187182
2006-12-26 00:00:00+05:30,132.0,137.4,131.6,134.3,293831
2006-12-27 00:00:00+05:30,134.9,136.0,131.6,132.4,152606
2006-12-28 00:00:00+05:30,133.0,135.4,132.2,134.0,223717
2006-12-29 00:00:00+05:30,135.8,148.9,134.0,146.25,3578060
2007-01-02 00:00:00+05:30,146.0,149.9,139.55,147.65,1611905
2007-01-03 00:00:00+05:30,147.65,160.0,147.0,157.1,4525844
2007-01-04 00:00:00+05:30,158.0,163.0,152.85,153.6,4385390
2007-01-05 00:00:00+05:30,151.65,155.9,147.15,149.15,1092129
2007-01-08 00:00:00+05:30,148.9,156.65,147.0,152.7,1138650
2007-01-09 00:00:00+05:30,154.0,157.2,147.65,149.5,1309992
2007-01-10 00:00:00+05:30,150.4,150.4,142.5,143.2,604284
2007-01-11 00:00:00+05:30,144.55,152.1,143.0,150.35,890754
2007-01-12 00:00:00+05:30,151.0,153.8,148.25,150.05,970631
2007-01-15 00:00:00+05:30,152.0,154.0,150.35,151.35,648179
2007-01-16 00:00:00+05:30,152.75,152.75,149.05,149.55,390063
2007-01-17 00:00:00+05:30,149.0,151.5,147.6,149.15,855865
2007-01-18 00:00:00+05:30,149.9,150.7,146.3,147.2,340167
2007-01-19 00:00:00+05:30,149.95,149.95,144.6,145.2,380339
2007-01-22 00:00:00+05:30,146.05,148.7,143.25,147.2,326059
2007-01-23 00:00:00+05:30,149.5,149.5,146.3,147.5,741748
2007-01-24 00:00:00+05:30,147.5,148.5,140.1,141.95,387611
2007-01-25 00:00:00+05:30,143.4,148.0,139.1,145.2,1787087
2007-01-29 00:00:00+05:30,145.95,154.0,144.05,150.8,1236738
2007-01-31 00:00:00+05:30,152.0,156.9,151.0,151.95,1297406
2007-02-01 00:00:00+05:30,153.9,154.9,151.55,153.35,540659
2007-02-02 00:00:00+05:30,154.0,159.8,153.7,156.85,1170814
2007-02-05 00:00:00+05:30,157.0,160.0,153.65,158.2,902315
2007-02-06 00:00:00+05:30,158.3,162.95,157.0,157.9,1061414
2007-02-07 00:00:00+05:30,158.7,160.8,155.55,156.95,553283
2007-02-08 00:00:00+05:30,157.75,157.9,152.7,154.5,377099
2007-02-09 00:00:00+05:30,155.0,156.9,148.05,155.4,927774
2007-02-12 00:00:00+05:30,155.0,155.9,145.1,146.65,496327
2007-02-13 00:00:00+05:30,145.0,153.4,140.2,148.0,750890
2007-02-14 00:00:00+05:30,142.5,151.3,142.5,150.3,280138
2007-02-15 00:00:00+05:30,151.0,156.0,151.0,152.75,287775
2007-02-19 00:00:00+05:30,154.6,154.6,149.55,150.4,155205
2007-02-20 00:00:00+05:30,150.0,150.9,146.0,146.25,137297
2007-02-21 00:00:00+05:30,145.0,148.3,143.6,146.0,166515
2007-02-22 00:00:00+05:30,147.0,147.0,140.6,143.2,796769
2007-02-23 00:00:00+05:30,145.9,145.9,136.5,138.95,452108
2007-02-26 00:00:00+05:30,140.0,141.0,132.5,136.2,270880
2007-02-27 00:00:00+05:30,138.65,142.3,136.2,138.05,309068
2007-02-28 00:00:00+05:30,131.0,136.0,130.0,130.95,284401
2007-03-01 00:00:00+05:30,131.8,141.5,131.4,138.55,192083
2007-03-02 00:00:00+05:30,137.1,140.0,134.1,134.85,124194
2007-03-05 00:00:00+05:30,135.0,135.2,128.0,131.1,290040
2007-03-06 00:00:00+05:30,131.25,136.0,129.45,132.55,513209
2007-03-07 00:00:00+05:30,135.0,135.0,129.35,130.5,537564
2007-03-08 00:00:00+05:30,131.25,132.9,129.6,131.95,298414
2007-03-09 00:00:00+05:30,133.0,135.0,130.0,130.55,142022
2007-03-12 00:00:00+05:30,131.5,134.0,130.0,132.5,108761
2007-03-13 00:00:00+05:30,132.5,134.4,131.4,133.6,62402
2007-03-14 00:00:00+05:30,129.05,130.9,128.1,129.95,409989
2007-03-15 00:00:00+05:30,131.0,133.85,130.7,131.05,89076
2007-03-16 00:00:00+05:30,131.05,131.9,130.1,131.15,120569
2007-03-19 00:00:00+05:30,131.15,132.75,130.6,132.45,83723
2007-03-20 00:00:00+05:30,132.5,134.8,132.25,133.6,123654
2007-03-21 00:00:00+05:30,134.1,140.9,133.0,138.2,694391
2007-03-22 00:00:00+05:30,139.9,141.0,137.1,137.95,214281
2007-03-23 00:00:00+05:30,139.5,139.7,137.05,138.55,175773
2007-03-26 00:00:00+05:30,138.55,138.6,134.05,134.4,71921
2007-03-28 00:00:00+05:30,135.1,136.0,131.0,134.7,133252
2007-03-29 00:00:00+05:30,134.5,135.95,130.75,131.9,623046
2007-03-30 00:00:00+05:30,132.25,136.4,131.9,135.2,153729
2007-04-02 00:00:00+05:30,135.2,135.2,131.5,132.15,94392
2007-04-03 00:00:00+05:30,133.95,134.75,131.5,134.1,65080
2007-04-04 00:00:00+05:30,135.7,135.7,132.5,132.95,61683
2007-04-05 00:00:00+05:30,133.0,135.45,132.95,133.7,34941
2007-04-09 00:00:00+05:30,134.85,136.5,133.1,135.15,183247
2007-04-10 00:00:00+05:30,136.4,144.05,136.0,139.1,902493
2007-04-11 00:00:00+05:30,140.0,145.9,139.0,142.65,903557
2007-04-12 00:00:00+05:30,143.0,143.0,139.2,139.95,204533
2007-04-13 00:00:00+05:30,141.95,142.5,138.0,139.15,496448
2007-04-16 00:00:00+05:30,140.1,142.5,139.6,140.4,518906
2007-04-17 00:00:00+05:30,140.9,141.0,138.3,139.85,310798
2007-04-18 00:00:00+05:30,139.05,166.0,139.05,164.0,7129276
2007-04-19 00:00:00+05:30,166.0,172.9,155.95,165.1,4576919
2007-04-20 00:00:00+05:30,165.0,171.7,165.0,168.25,2507430
2007-04-23 00:00:00+05:30,168.7,176.95,168.7,174.4,3465150
2007-04-24 00:00:00+05:30,177.5,180.5,175.55,179.25,2837727
2007-04-25 00:00:00+05:30,181.9,197.9,176.3,185.7,13260857
2007-04-26 00:00:00+05:30,190.0,192.85,182.6,183.7,3842000
2007-04-27 00:00:00+05:30,185.0,186.0,179.4,180.85,1479312
2007-04-30 00:00:00+05:30,180.4,183.65,176.0,181.3,1463609
2007-05-03 00:00:00+05:30,183.4,185.8,181.55,182.4,1045452
2007-05-04 00:00:00+05:30,184.4,184.4,179.0,179.85,621325
2007-05-07 00:00:00+05:30,180.95,181.2,174.6,175.7,771924
2007-05-08 00:00:00+05:30,176.7,179.4,171.1,171.6,575759
2007-05-09 00:00:00+05:30,171.0,180.0,168.4,178.2,1606261
2007-05-10 00:00:00+05:30,180.1,181.7,173.05,174.55,665666
2007-05-11 00:00:00+05:30,171.9,176.0,169.05,173.45,405760
2007-05-14 00:00:00+05:30,176.5,183.4,175.0,180.35,1647415
2007-05-15 00:00:00+05:30,180.9,183.35,179.0,180.1,763174
2007-05-16 00:00:00+05:30,180.85,182.4,178.5,181.1,819250
2007-05-17 00:00:00+05:30,182.0,182.95,178.05,178.8,423943
2007-05-18 00:00:00+05:30,178.0,191.95,178.0,189.7,2467531
2007-05-21 00:00:00+05:30,193.0,194.25,186.4,186.95,2015478
2007-05-22 00:00:00+05:30,187.0,192.95,184.55,186.1,2514654
2007-05-23 00:00:00+05:30,187.7,191.0,184.55,186.0,1457633
2007-05-24 00:00:00+05:30,186.5,191.4,185.2,188.25,1019754
2007-05-25 00:00:00+05:30,186.0,194.0,185.05,192.25,1612373
2007-05-28 00:00:00+05:30,193.8,196.8,192.3,193.5,1369592
2007-05-29 00:00:00+05:30,194.0,196.5,192.85,195.4,915304
2007-05-30 00:00:00+05:30,195.4,201.3,193.2,194.35,1167339
2007-05-31 00:00:00+05:30,197.0,198.85,193.85,195.25,1496419
2007-06-01 00:00:00+05:30,196.0,212.4,196.0,210.95,3690973
2007-06-04 00:00:00+05:30,213.7,218.85,208.25,213.75,3430188
2007-06-05 00:00:00+05:30,213.75,217.7,212.05,215.05,1363122
2007-06-06 00:00:00+05:30,216.0,217.0,209.0,212.4,1362460
2007-06-07 00:00:00+05:30,210.1,214.95,209.15,211.9,824133
2007-06-08 00:00:00+05:30,208.9,224.85,195.2,221.2,2157658
2007-06-11 00:00:00+05:30,222.1,224.7,214.25,215.15,1865577
2007-06-12 00:00:00+05:30,215.5,218.35,210.1,215.4,1252427
2007-06-13 00:00:00+05:30,215.4,226.5,214.75,223.1,2487497
2007-06-14 00:00:00+05:30,225.25,229.85,223.5,225.3,1979561
2007-06-15 00:00:00+05:30,226.7,229.3,222.45,223.95,957855
2008-12-26 00:00:00+05:30,206.95,209.7,204.05,205.95,48196
2008-12-29 00:00:00+05:30,207.0,208.0,204.1,205.9,74719
2008-12-30 00:00:00+05:30,207.0,207.0,204.1,205.75,89990
2008-12-31 00:00:00+05:30,206.65,208.9,204.1,207.55,31350
2009-01-01 00:00:00+05:30,206.5,212.0,206.5,208.5,44993
2009-01-02 00:00:00+05:30,206.0,211.0,206.0,207.9,38934
2009-01-05 00:00:00+05:30,211.0,228.0,206.5,217.6,487920
2009-01-06 00:00:00+05:30,219.1,224.0,214.9,217.05,124465
2009-01-07 00:00:00+05:30,218.9,219.0,205.0,213.35,148934
2009-01-09 00:00:00+05:30,211.0,220.9,211.0,218.85,80429
2009-01-12 00:00:00+05:30,220.0,223.8,217.0,219.55,44474
2009-01-13 00:00:00+05:30,220.0,225.0,204.5,223.35,231051
2009-01-14 00:00:00+05:30,224.7,224.7,219.05,219.95,114746
2009-01-15 00:00:00+05:30,220.0,225.0,217.5,220.75,142180
2009-01-16 00:00:00+05:30,220.0,228.3,217.5,220.7,174758
2009-01-19 00:00:00+05:30,220.0,224.0,214.5,215.35,224342
2009-01-20 00:00:00+05:30,215.0,218.75,214.0,217.5,226474
2009-01-21 00:00:00+05:30,216.0,219.75,213.5,215.2,257684
2009-01-22 00:00:00+05:30,218.5,218.5,212.3,216.25,63684
2009-01-23 00:00:00+05:30,215.0,220.5,215.0,219.15,102872
2009-01-27 00:00:00+05:30,218.0,220.0,217.0,219.35,61845
2009-01-28 00:00:00+05:30,221.0,221.25,219.0,220.65,98115
2009-01-29 00:00:00+05:30,222.0,230.0,220.0,228.0,473293
2009-01-30 00:00:00+05:30,227.95,227.95,221.0,221.75,237246
2009-02-02 00:00:00+05:30,220.5,223.0,214.45,218.05,85450
2009-02-03 00:00:00+05:30,219.0,219.7,216.05,218.0,71607
2009-02-04 00:00:00+05:30,218.0,219.65,215.3,216.0,86210
2009-02-05 00:00:00+05:30,215.15,217.85,215.0,216.75,89765
2009-02-06 00:00:00+05:30,217.0,219.45,215.35,218.45,170384
2009-02-09 00:00:00+05:30,218.0,220.9,217.05,220.0,110437
2009-02-10 00:00:00+05:30,222.2,223.0,218.0,220.45,98740
2009-02-11 00:00:00+05:30,219.7,220.7,218.0,218.25,141121
2009-02-12 00:00:00+05:30,218.0,220.6,218.0,219.1,84982
2009-02-13 00:00:00+05:30,220.0,225.0,218.0,219.65,123577
2009-02-16 00:00:00+05:30,220.5,222.0,218.0,220.35,72268
2009-02-17 00:00:00+05:30,218.0,220.95,218.0,219.65,105128
2009-02-18 00:00:00+05:30,218.1,224.0,218.1,221.7,107546
2009-02-19 00:00:00+05:30,221.0,224.15,220.05,222.6,186793
2009-02-20 00:00:00+05:30,222.0,225.4,221.5,224.6,101476
2009-02-24 00:00:00+05:30,224.0,232.0,224.0,229.95,86753
2009-02-25 00:00:00+05:30,240.0,242.9,229.55,230.2,137828
2009-02-26 00:00:00+05:30,232.0,233.0,227.3,230.2,611103
2009-02-27 00:00:00+05:30,230.0,230.5,225.5,229.95,158589
2009-03-02 00:00:00+05:30,230.0,230.5,227.0,229.75,91730
2009-03-03 00:00:00+05:30,230.0,230.0,227.0,228.5,130728
2009-03-04 00:00:00+05:30,230.0,232.15,227.15,229.0,111947
2009-03-05 00:00:00+05:30,231.8,231.8,228.0,229.9,133455
2009-03-06 00:00:00+05:30,230.0,235.9,228.5,233.8,113312
2009-03-09 00:00:00+05:30,234.0,238.15,230.0,234.25,82008
2009-03-12 00:00:00+05:30,236.5,236.7,231.5,233.65,57123
2009-03-13 00:00:00+05:30,236.5,237.5,233.5,236.3,61160
2009-03-16 00:00:00+05:30,236.0,237.7,235.35,236.9,82930
2009-03-17 00:00:00+05:30,237.0,240.65,237.0,239.0,416078
2009-03-18 00:00:00+05:30,240.0,241.0,236.0,239.55,324911
2009-03-19 00:00:00+05:30,239.05,240.8,238.0,239.65,53249
2009-03-20 00:00:00+05:30,239.0,241.5,236.0,240.05,59442
2009-03-23 00:00:00+05:30,238.5,242.45,238.5,241.55,45700
2009-03-24 00:00:00+05:30,243.7,243.7,239.5,240.55,40138
2009-03-25 00:00:00+05:30,241.8,242.9,237.5,240.15,666500
2009-03-26 00:00:00+05:30,242.0,243.0,236.15,237.55,106043
2009-03-27 00:00:00+05:30,240.0,242.0,238.5,239.45,60121
2009-03-30 00:00:00+05:30,240.0,241.95,236.0,237.9,31138
2009-03-31 00:00:00+05:30,246.95,246.95,238.0,239.6,82671
2009-04-01 00:00:00+05:30,242.4,242.4,238.0,239.45,69147
2009-04-02 00:00:00+05:30,238.25,250.0,237.15,246.8,170964
2009-04-06 00:00:00+05:30,246.6,250.0,244.25,245.85,76447
2009-04-08 00:00:00+05:30,247.4,247.4,243.55,246.05,89295
2009-04-09 00:00:00+05:30,246.3,248.65,242.6,244.1,204988
2009-04-13 00:00:00+05:30,246.0,247.0,239.5,242.5,191144
2009-04-15 00:00:00+05:30,243.05,249.8,243.05,248.1,138950
2009-04-16 00:00:00+05:30,248.1,250.0,246.0,249.15,90431
2009-04-17 00:00:00+05:30,250.0,254.0,248.05,249.85,104961
2009-04-20 00:00:00+05:30,250.25,255.0,246.1,251.0,79361
2009-04-21 00:00:00+05:30,253.95,258.0,247.5,249.5,185174
2009-04-22 00:00:00+05:30,256.85,256.85,248.15,251.0,54565
2009-04-23 00:00:00+05:30,254.45,254.45,245.65,253.1,72919
2009-04-24 00:00:00+05:30,249.9,255.75,248.7,253.6,48181
2009-04-27 00:00:00+05:30,250.1,254.7,249.1,253.65,44829
2009-04-28 00:00:00+05:30,253.85,254.75,251.15,253.7,77145
2009-04-29 00:00:00+05:30,252.1,255.7,246.7,253.8,232720
2009-05-04 00:00:00+05:30,255.5,255.9,250.5,252.4,196840
2009-05-05 00:00:00+05:30,253.1,257.0,253.0,255.45,258673
2009-05-06 00:00:00+05:30,256.1,258.5,254.85,257.35,135333
2009-05-07 00:00:00+05:30,259.0,264.0,258.05,260.75,120005
2009-05-08 00:00:00+05:30,260.1,266.0,260.1,263.05,127773
2009-05-11 00:00:00+05:30,263.0,268.0,260.25,262.7,128461
2009-05-12 00:00:00+05:30,260.5,267.95,260.5,266.95,86953
2009-05-13 00:00:00+05:30,266.95,283.95,265.0,266.85,135102
2009-05-14 00:00:00+05:30,264.95,274.95,262.0,264.7,96974
2009-05-15 00:00:00+05:30,265.0,276.8,263.0,266.3,138649
2009-05-18 00:00:00+05:30,292.4,292.5,292.4,292.4,30
2009-05-19 00:00:00+05:30,295.0,295.0,266.1,272.0,109805
2009-05-20 00:00:00+05:30,272.0,275.55,268.05,273.9,57949
2009-05-21 00:00:00+05:30,274.7,279.9,268.0,271.4,52093
2009-05-22 00:00:00+05:30,274.6,274.8,268.15,272.4,60606
2009-05-25 00:00:00+05:30,276.8,280.0,270.0,272.2,62919
2009-05-26 00:00:00+05:30,276.6,279.5,267.05,270.65,58384
2009-05-27 00:00:00+05:30,272.0,276.95,264.65,268.8,177276
2009-05-28 00:00:00+05:30,266.1,286.0,266.1,283.8,151688
2009-05-29 00:00:00+05:30,278.5,289.0,277.1,280.05,101230
2009-06-01 00:00:00+05:30,283.05,284.95,272.8,281.85,162355
2009-06-02 00:00:00+05:30,285.0,285.0,278.0,282.3,87618
2009-06-03 00:00:00+05:30,282.45,292.0,279.65,284.1,195978
2009-06-04 00:00:00+05:30,284.1,289.9,282.2,287.2,70288
2009-06-05 00:00:00+05:30,280.25,301.0,280.25,288.35,153526
2009-06-08 00:00:00+05:30,292.0,292.0,283.85,289.3,110573
2009-06-09 00:00:00+05:30,293.0,300.0,286.1,295.25,129535
2009-06-10 00:00:00+05:30,297.0,304.0,294.0,297.5,85891
2009-06-11 00:00:00+05:30,296.0,303.7,295.65,300.45,80311
2009-06-12 00:00:00+05:30,305.0,316.5,297.0,300.8,136942
2009-06-15 00:00:00+05:30,301.0,303.95,296.6,300.65,88236
2009-06-16 00:00:00+05:30,299.0,307.0,297.55,302.5,125598
2009-06-17 00:00:00+05:30,302.5,309.4,298.25,300.25,119049
2009-06-18 00:00:00+05:30,298.25,304.7,296.2,302.3,151212
2009-06-19 00:00:00+05:30,300.55,306.9,300.55,304.85,74790
2009-06-22 00:00:00+05:30,306.1,308.0,302.5,302.95,92469
2009-06-23 00:00:00+05:30,301.05,305.5,300.25,304.1,102787
2009-06-24 00:00:00+05:30,306.0,314.0,302.5,305.55,426508
2009-06-25 00:00:00+05:30,304.65,307.0,292.0,294.8,418937
2009-06-26 00:00:00+05:30,292.05,304.0,292.05,302.85,95678
2009-06-29 00:00:00+05:30,304.0,306.9,302.0,305.8,61669
2009-06-30 00:00:00+05:30,305.15,308.5,303.0,306.2,95955
2009-07-01 00:00:00+05:30,307.25,314.0,302.0,304.15,279291
2009-07-02 00:00:00+05:30,307.4,307.4,301.6,305.4,91640
2009-07-03 00:00:00+05:30,304.0,309.85,303.55,308.5,85096
2009-07-06 00:00:00+05:30,308.0,311.0,302.0,303.8,103335
2009-07-07 00:00:00+05:30,306.0,307.85,301.35,306.8,80590
2009-07-08 00:00:00+05:30,306.0,306.0,299.0,300.75,64109
2009-07-09 00:00:00+05:30,300.5,305.5,298.05,304.15,67732
2009-07-10 00:00:00+05:30,307.0,307.8,301.55,303.65,73871
2009-07-13 00:00:00+05:30,301.0,306.9,301.0,305.8,82990
2009-07-14 00:00:00+05:30,309.7,315.45,306.0,309.9,96552
2009-07-15 00:00:00+05:30,308.0,314.0,306.0,308.8,76151
2009-07-16 00:00:00+05:30,309.0,309.5,302.05,303.8,80078
2009-07-17 00:00:00+05:30,306.8,306.8,301.5,302.75,21222
2009-07-20 00:00:00+05:30,303.0,305.05,299.0,299.5,138373
2009-07-21 00:00:00+05:30,298.0,302.0,298.0,300.0,179927
2009-07-22 00:00:00+05:30,300.0,307.0,298.9,299.1,165384
2009-07-23 00:00:00+05:30,304.8,304.8,298.9,299.85,52062
2009-07-24 00:00:00+05:30,300.0,305.0,299.05,300.5,124177
2009-07-27 00:00:00+05:30,300.0,302.5,299.0,300.35,69520
2009-07-28 00:00:00+05:30,302.0,302.0,299.1,300.05,67391
2009-07-29 00:00:00+05:30,300.5,301.0,297.05,300.0,74557
2009-07-30 00:00:00+05:30,299.65,301.9,297.0,298.45,51054
2009-07-31 00:00:00+05:30,300.95,301.0,299.1,300.0,70140
2009-08-03 00:00:00+05:30,300.0,306.9,298.25,299.9,198399
2009-08-04 00:00:00+05:30,300.0,304.75,299.1,300.0,95268
2009-08-05 00:00:00+05:30,300.15,304.55,299.25,300.3,53958
2009-08-06 00:00:00+05:30,301.0,301.9,298.3,299.45,57111
2009-08-07 00:00:00+05:30,299.25,301.25,299.0,299.8,39951
2009-08-10 00:00:00+05:30,302.1,303.0,299.5,300.25,39266
2009-08-11 00:00:00+05:30,300.0,302.0,299.05,300.1,51573
2009-08-12 00:00:00+05:30,299.0,300.95,298.05,300.4,14979
2009-08-13 00:00:00+05:30,300.8,304.0,300.2,301.85,19737
2009-08-14 00:00:00+05:30,303.0,303.0,299.05,299.95,36091
2009-08-17 00:00:00+05:30,299.95,300.45,296.05,296.95,16119
2009-08-18 00:00:00+05:30,296.5,301.9,296.5,300.1,33091
2009-08-19 00:00:00+05:30,302.0,302.75,294.2,295.9,57052
2009-08-20 00:00:00+05:30,297.5,302.0,295.0,295.6,62485
2009-08-21 00:00:00+05:30,297.0,297.8,293.2,294.75,33834
2009-08-24 00:00:00+05:30,294.0,298.8,293.2,294.9,44236
2009-08-25 00:00:00+05:30,295.95,295.95,294.1,294.7,54241
2009-08-26 00:00:00+05:30,300.0,300.0,294.0,295.0,49337
2009-08-27 00:00:00+05:30,299.0,299.85,292.0,292.65,169373
2009-08-28 00:00:00+05:30,295.0,297.0,293.25,295.3,55773
2009-08-31 00:00:00+05:30,295.0,297.4,293.0,293.8,69389
2009-09-01 00:00:00+05:30,298.6,300.0,294.0,295.05,190494
2009-09-02 00:00:00+05:30,298.9,298.95,294.0,294.15,97849
2009-09-03 00:00:00+05:30,295.0,301.8,294.25,297.75,120258
2009-09-04 00:00:00+05:30,301.0,301.0,295.0,296.3,64641
2009-09-07 00:00:00+05:30,298.7,302.0,294.0,294.85,212547
2009-09-08 00:00:00+05:30,297.0,298.5,293.9,295.2,247397
2009-09-09 00:00:00+05:30,295.0,298.0,293.6,295.45,249647
2009-09-10 00:00:00+05:30,297.0,297.9,293.25,294.95,327179
2009-09-11 00:00:00+05:30,297.95,300.0,294.55,298.0,348176
2009-09-14 00:00:00+05:30,298.9,312.0,298.2,304.75,123572
2009-09-15 00:00:00+05:30,307.0,310.3,305.25,306.95,420252
2009-09-16 00:00:00+05:30,298.0,312.0,251.25,307.1,84300
2009-09-17 00:00:00+05:30,312.0,315.8,308.0,309.3,100345
2009-09-18 00:00:00+05:30,309.1,313.45,309.1,310.2,103006
2009-09-22 00:00:00+05:30,311.0,315.25,309.05,314.45,325573
2009-09-23 00:00:00+05:30,316.0,318.0,311.0,316.05,133667
2009-09-24 00:00:00+05:30,314.0,324.4,314.0,316.95,392397
2009-09-25 00:00:00+05:30,318.5,323.0,315.5,317.55,216542
2009-09-29 00:00:00+05:30,321.7,321.7,314.45,320.0,90299
2009-09-30 00:00:00+05:30,320.0,321.8,316.55,317.85,61208
2009-10-01 00:00:00+05:30,314.7,319.6,313.0,313.85,41416
2009-10-05 00:00:00+05:30,312.9,315.8,310.0,310.4,31068
2009-10-06 00:00:00+05:30,310.55,315.0,307.15,314.0,81221
2009-10-07 00:00:00+05:30,315.0,319.5,313.0,315.15,135383
2009-10-08 00:00:00+05:30,318.0,318.0,314.05,316.0,123372
2009-10-09 00:00:00+05:30,320.0,321.9,315.25,316.9,126595
2009-10-12 00:00:00+05:30,320.0,322.4,317.2,318.7,89930
2009-10-14 00:00:00+05:30,320.9,327.8,316.5,320.0,406884
2009-10-15 00:00:00+05:30,325.0,325.0,319.0,320.4,123196
2009-10-16 00:00:00+05:30,319.6,324.0,319.6,322.0,76003
2009-10-17 00:00:00+05:30,325.0,329.8,320.05,327.8,75105
2009-10-20 00:00:00+05:30,328.0,335.0,327.1,328.15,156518
2009-10-21 00:00:00+05:30,329.0,339.9,327.0,330.95,176532
2009-10-22 00:00:00+05:30,330.9,334.8,326.0,326.45,84965
2009-10-23 00:00:00+05:30,330.35,330.35,325.0,329.05,80144
2009-10-26 00:00:00+05:30,334.0,334.0,327.05,330.9,46561
2009-10-27 00:00:00+05:30,328.25,330.85,326.05,327.8,51984
2009-10-28 00:00:00+05:30,330.9,332.95,327.0,331.45,45444
2009-10-29 00:00:00+05:30,327.2,342.7,323.0,327.25,601673
2009-10-30 00:00:00+05:30,335.0,336.75,331.2,333.0,102586
2009-11-03 00:00:00+05:30,332.0,334.95,328.0,333.05,69789
2009-11-04 00:00:00+05:30,334.5,339.0,331.25,338.15,137712
2009-11-05 00:00:00+05:30,339.0,339.0,335.05,337.8,99022
2009-11-06 00:00:00+05:30,338.1,343.0,337.8,339.45,54327
2009-11-09 00:00:00+05:30,338.0,344.0,338.0,341.9,67067
2009-11-10 00:00:00+05:30,342.0,346.95,341.0,344.5,132043
2009-11-11 00:00:00+05:30,346.9,353.0,346.3,350.05,160107
2009-11-12 00:00:00+05:30,355.0,356.0,349.7,353.05,53552
2009-11-13 00:00:00+05:30,353.0,356.35,349.1,353.25,49231
2009-11-16 00:00:00+05:30,357.0,357.0,350.15,353.45,64402
2009-11-17 00:00:00+05:30,349.0,362.85,349.0,357.25,539252
2009-11-18 00:00:00+05:30,357.9,361.9,353.2,354.4,154000
2009-11-19 00:00:00+05:30,358.9,358.9,351.05,352.05,195566
2009-11-20 00:00:00+05:30,351.0,356.0,348.05,350.0,203805
2009-11-23 00:00:00+05:30,350.0,354.0,346.3,347.75,196134
2009-11-24 00:00:00+05:30,346.15,348.0,344.2,347.05,107841
2009-11-25 00:00:00+05:30,345.35,349.9,345.05,346.2,32123
2009-11-26 00:00:00+05:30,346.0,349.95,343.05,347.7,56825
2009-11-27 00:00:00+05:30,348.0,356.0,343.15,352.5,181993
2009-11-30 00:00:00+05:30,357.5,359.85,351.0,351.95,129865
2009-12-01 00:00:00+05:30,352.35,355.95,346.25,350.85,258649
2009-12-02 00:00:00+05:30,348.15,356.65,348.15,354.75,47564
2009-12-03 00:00:00+05:30,358.7,360.0,354.0,354.65,97048
2009-12-04 00:00:00+05:30,355.9,359.8,354.05,356.8,13087
2009-12-07 00:00:00+05:30,357.0,365.75,355.0,364.15,208239
2009-12-08 00:00:00+05:30,368.0,368.0,361.15,362.55,198546
2009-12-09 00:00:00+05:30,362.0,368.85,360.0,363.75,130424
2009-12-10 00:00:00+05:30,362.0,366.7,362.0,365.65,122941
2009-12-11 00:00:00+05:30,369.15,370.5,364.1,367.65,315346
2009-12-14 00:00:00+05:30,368.95,371.0,367.0,370.25,98502
2009-12-15 00:00:00+05:30,370.55,375.8,370.05,374.3,246188
2009-12-16 00:00:00+05:30,378.0,381.7,373.0,376.85,306986
2009-12-17 00:00:00+05:30,376.0,382.95,374.5,380.9,265132
2009-12-18 00:00:00+05:30,380.5,383.35,380.0,381.85,279411
2009-12-21 00:00:00+05:30,384.2,384.2,380.35,382.65,121960
2009-12-22 00:00:00+05:30,383.0,388.1,382.5,384.85,362759
2009-12-23 00:00:00+05:30,385.0,392.0,383.4,389.1,181988
2009-12-24 00:00:00+05:30,392.0,395.0,388.0,390.0,177612
2009-12-29 00:00:00+05:30,391.0,394.9,388.15,389.85,343591
2009-12-30 00:00:00+05:30,391.0,392.6,383.5,384.9,41425
2009-12-31 00:00:00+05:30,386.0,391.9,381.0,387.85,197597
2010-01-04 00:00:00+05:30,387.0,387.0,380.0,383.85,152194
2010-01-05 00:00:00+05:30,398.0,398.0,378.0,379.0,135691
2010-01-06 00:00:00+05:30,381.5,383.8,379.1,382.2,39773
2010-01-07 00:00:00+05:30,382.5,388.0,381.35,384.0,89524
2010-01-08 00:00:00+05:30,387.8,387.8,382.0,382.9,103897
2010-01-11 00:00:00+05:30,383.15,385.5,382.55,383.15,61202
2010-01-12 00:00:00+05:30,387.0,388.5,382.0,382.6,61563
2010-01-13 00:00:00+05:30,382.0,416.7,382.0,403.6,300741
2010-01-14 00:00:00+05:30,406.0,413.9,398.05,409.55,337325
2010-01-15 00:00:00+05:30,410.0,411.9,404.0,407.3,164464
2010-01-18 00:00:00+05:30,410.0,412.9,404.0,409.55,145953
2010-01-19 00:00:00+05:30,410.0,410.0,402.95,406.8,199536
2010-01-20 00:00:00+05:30,407.15,410.0,406.15,407.75,183092
2010-01-21 00:00:00+05:30,409.0,409.75,404.05,408.55,347572
2010-01-22 00:00:00+05:30,404.0,413.0,403.2,411.0,180863
2010-01-25 00:00:00+05:30,409.25,427.75,409.25,417.05,354098
2010-01-27 00:00:00+05:30,418.45,418.45,405.3,406.4,230297
2010-01-28 00:00:00+05:30,409.0,425.0,404.25,408.1,1278612
2010-01-29 00:00:00+05:30,406.0,408.7,403.5,407.55,245168
2010-02-01 00:00:00+05:30,408.0,417.0,406.05,409.2,182474
2010-02-02 00:00:00+05:30,409.05,412.45,404.0,407.2,212646
2010-02-03 00:00:00+05:30,405.25,411.85,405.25,409.25,168642
2010-02-04 00:00:00+05:30,409.0,409.0,405.0,405.6,26978
2010-02-05 00:00:00+05:30,404.5,408.0,402.75,405.3,49073
2010-02-06 00:00:00+05:30,409.0,409.85,406.0,409.0,6999
2010-02-08 00:00:00+05:30,410.25,410.25,405.5,407.95,116934
2010-02-09 00:00:00+05:30,408.0,410.0,406.15,408.85,64511
2010-02-10 00:00:00+05:30,412.95,415.0,407.0,407.5,67552
2010-02-11 00:00:00+05:30,411.9,411.9,407.0,409.15,66323
2010-02-15 00:00:00+05:30,409.25,411.0,406.05,407.1,58870
2010-02-16 00:00:00+05:30,407.15,408.95,406.1,407.8,39981
2010-02-17 00:00:00+05:30,410.0,413.0,406.05,409.1,170700
2010-02-18 00:00:00+05:30,407.35,409.8,407.15,408.8,47847
2010-02-19 00:00:00+05:30,408.0,409.75,406.0,407.95,26393
2010-02-22 00:00:00+05:30,409.5,410.75,406.15,407.15,37139
2010-02-23 00:00:00+05:30,408.0,408.45,406.3,407.3,178732
2010-02-24 00:00:00+05:30,408.0,409.0,405.95,406.4,276737
2010-02-25 00:00:00+05:30,407.0,408.8,405.0,406.7,239057
2010-02-26 00:00:00+05:30,407.05,410.0,406.5,409.5,11947
2010-03-02 00:00:00+05:30,423.4,423.4,408.2,409.4,114891
2010-03-03 00:00:00+05:30,410.0,410.0,406.4,407.3,138005
2010-03-04 00:00:00+05:30,408.8,408.9,406.5,407.9,25935
2010-03-05 00:00:00+05:30,407.75,408.9,406.5,408.4,39634
2010-03-08 00:00:00+05:30,409.25,409.25,405.0,406.1,261251
2010-03-09 00:00:00+05:30,405.6,411.65,401.9,405.75,353058
2010-03-10 00:00:00+05:30,406.0,409.5,404.5,407.85,30141
2010-03-11 00:00:00+05:30,408.0,409.05,405.15,408.4,15251
2010-03-12 00:00:00+05:30,408.0,409.5,406.25,408.5,49534
2010-03-15 00:00:00+05:30,404.0,409.0,404.0,406.8,34387
2010-03-16 00:00:00+05:30,407.5,409.25,405.15,408.0,140781
2010-03-17 00:00:00+05:30,409.5,409.5,405.5,407.9,33585
2010-03-18 00:00:00+05:30,415.0,415.0,406.2,407.15,26563
2010-03-19 00:00:00+05:30,408.0,408.9,406.35,407.55,25041
2010-03-22 00:00:00+05:30,407.0,409.4,405.1,408.65,81545
2010-03-23 00:00:00+05:30,409.9,410.0,406.55,407.75,177378
2010-03-25 00:00:00+05:30,409.0,409.0,404.0,406.5,709693
2010-03-26 00:00:00+05:30,407.25,407.25,405.0,405.95,31341
2010-03-29 00:00:00+05:30,405.0,421.6,403.0,411.1,130782
2010-03-30 00:00:00+05:30,411.1,413.75,408.0,411.05,22801
2010-03-31 00:00:00+05:30,414.8,414.8,406.0,409.45,44510
2010-04-01 00:00:00+05:30,409.1,420.0,409.05,417.55,31283
2010-04-05 00:00:00+05:30,424.0,424.0,414.35,416.4,20569
2010-04-06 00:00:00+05:30,416.5,420.0,416.0,417.6,32156
2010-04-07 00:00:00+05:30,419.0,423.5,412.05,414.75,485592
2010-04-08 00:00:00+05:30,414.0,418.8,412.25,413.65,429826
2010-04-09 00:00:00+05:30,415.0,416.0,410.0,412.85,339496
2010-04-12 00:00:00+05:30,411.0,414.9,409.5,410.1,339352
2010-04-13 00:00:00+05:30,409.0,414.5,408.5,409.1,252596
2010-04-15 00:00:00+05:30,409.7,423.0,409.0,420.9,404724
2010-04-16 00:00:00+05:30,420.0,423.0,413.0,415.9,20829
2010-04-19 00:00:00+05:30,410.0,415.0,409.0,410.0,415654
2010-04-20 00:00:00+05:30,410.0,410.0,406.0,406.95,419480
2010-04-21 00:00:00+05:30,412.9,412.9,403.5,404.95,527440
2010-04-22 00:00:00+05:30,404.1,407.0,402.0,403.9,436194
2010-04-23 00:00:00+05:30,403.0,407.5,401.55,406.0,436734
2010-04-26 00:00:00+05:30,402.0,409.0,402.0,404.5,348914
2010-04-27 00:00:00+05:30,405.0,408.95,403.05,407.1,185518
2010-04-28 00:00:00+05:30,405.0,406.0,400.0,403.0,222503
2010-04-29 00:00:00+05:30,403.0,406.0,400.05,401.95,356231
2010-04-30 00:00:00+05:30,403.1,408.95,401.1,407.65,35501
2010-05-03 00:00:00+05:30,403.05,412.05,402.5,403.9,27971
2010-05-04 00:00:00+05:30,402.4,406.0,398.0,399.35,70092
2010-05-05 00:00:00+05:30,399.0,402.0,396.6,398.75,13307
2010-05-06 00:00:00+05:30,401.5,401.5,395.6,396.35,24283
2010-05-07 00:00:00+05:30,397.0,399.9,394.6,395.7,49883
2010-05-10 00:00:00+05:30,399.0,402.95,396.3,400.0,8176
2010-05-11 00:00:00+05:30,394.35,403.75,394.35,398.65,11208
2010-05-12 00:00:00+05:30,399.45,399.45,395.2,396.05,128694
2010-05-13 00:00:00+05:30,397.0,401.4,394.05,398.6,62363
2010-05-14 00:00:00+05:30,398.0,399.65,395.0,397.25,11556
2010-05-17 00:00:00+05:30,388.0,397.95,388.0,395.85,18517
2010-05-18 00:00:00+05:30,396.0,401.9,394.0,395.2,39935
2010-05-19 00:00:00+05:30,396.05,397.7,392.0,394.15,39858
2010-05-20 00:00:00+05:30,396.0,397.95,394.0,394.2,20481
2010-05-21 00:00:00+05:30,395.0,397.0,392.5,393.9,21017
2010-05-24 00:00:00+05:30,395.35,397.85,393.7,394.75,17734
2010-05-25 00:00:00+05:30,395.0,396.95,391.5,392.5,25985
2010-05-26 00:00:00+05:30,394.0,396.9,392.0,392.3,12005
2010-05-27 00:00:00+05:30,394.0,394.0,382.5,388.2,660151
2010-05-28 00:00:00+05:30,392.05,395.25,390.5,392.35,8370
2010-05-31 00:00:00+05:30,393.5,396.0,390.0,395.65,6448
2010-06-01 00:00:00+05:30,399.9,399.9,393.0,393.75,20152
2010-06-02 00:00:00+05:30,397.55,397.55,392.0,392.7,5089
2010-06-03 00:00:00+05:30,395.0,398.95,392.0,393.2,10256
2010-06-04 00:00:00+05:30,395.0,395.0,391.25,391.55,77664
2010-06-07 00:00:00+05:30,392.0,399.9,391.5,397.3,77529
2010-06-08 00:00:00+05:30,395.0,401.75,392.0,392.1,20626
2010-06-09 00:00:00+05:30,392.35,414.8,392.0,411.8,334719
2010-06-10 00:00:00+05:30,411.0,417.5,408.25,415.2,36471
2010-06-11 00:00:00+05:30,416.0,417.5,411.15,415.2,20663
2010-06-14 00:00:00+05:30,418.4,418.4,413.3,415.25,54578
2010-06-15 00:00:00+05:30,415.0,436.85,412.0,429.8,154928
2010-06-16 00:00:00+05:30,432.45,441.8,429.0,434.2,86312
2010-06-17 00:00:00+05:30,441.8,443.95,431.1,432.05,342743
2010-06-18 00:00:00+05:30,435.0,436.85,425.8,426.95,20443
2010-06-21 00:00:00+05:30,433.85,433.85,410.2,412.7,36546
2010-06-22 00:00:00+05:30,415.0,415.0,404.0,407.45,39607
2010-06-23 00:00:00+05:30,408.0,415.9,407.35,413.6,41900
2010-06-24 00:00:00+05:30,416.5,426.0,412.3,416.1,227181
2010-06-25 00:00:00+05:30,416.0,433.2,413.4,419.95,313292
2010-06-28 00:00:00+05:30,430.95,431.95,417.05,418.65,36665
2010-06-29 00:00:00+05:30,416.0,427.9,412.2,423.25,192021
2010-06-30 00:00:00+05:30,420.0,430.45,420.0,428.2,38484
2010-07-01 00:00:00+05:30,429.5,434.5,426.05,431.05,60329
2010-07-02 00:00:00+05:30,428.15,431.8,425.05,430.0,23864
2010-07-05 00:00:00+05:30,425.0,438.9,425.0,430.95,10351
2010-07-06 00:00:00+05:30,397.35,434.35,397.35,433.35,138045
2010-07-07 00:00:00+05:30,434.8,448.2,425.2,440.4,341824
2010-07-08 00:00:00+05:30,449.45,468.0,449.0,465.05,180797
2010-07-09 00:00:00+05:30,464.8,474.15,453.3,466.8,129746
2010-07-12 00:00:00+05:30,466.25,474.75,463.7,470.55,40006
2010-07-13 00:00:00+05:30,472.5,477.0,465.0,468.85,92850
2010-07-14 00:00:00+05:30,470.0,473.9,463.45,465.1,128305
2010-07-15 00:00:00+05:30,468.95,469.45,455.0,457.3,18572
2010-07-16 00:00:00+05:30,455.05,462.75,453.1,458.9,266719
2010-07-19 00:00:00+05:30,464.0,471.85,453.05,455.95,168449
2010-07-20 00:00:00+05:30,455.1,467.0,448.15,451.45,13870
2010-07-21 00:00:00+05:30,453.5,459.8,445.0,452.05,10415
2010-07-22 00:00:00+05:30,452.0,455.6,439.1,441.65,21291
2010-07-23 00:00:00+05:30,441.65,446.5,430.0,431.4,20403
2010-07-26 00:00:00+05:30,427.0,434.8,418.5,420.5,372295
2010-07-27 00:00:00+05:30,425.45,431.9,420.1,424.6,48816
2010-07-28 00:00:00+05:30,425.1,432.4,420.3,423.45,25369
2010-07-29 00:00:00+05:30,417.0,428.0,413.2,415.65,55511
2010-07-30 00:00:00+05:30,418.0,430.0,415.1,427.5,137622
2010-08-02 00:00:00+05:30,427.5,437.9,426.5,435.6,78840
2010-08-03 00:00:00+05:30,434.0,440.45,430.05,436.0,59515
2010-08-04 00:00:00+05:30,433.15,442.6,432.0,438.85,351336
2010-08-05 00:00:00+05:30,440.5,440.5,427.1,429.1,14319
2010-08-06 00:00:00+05:30,433.95,433.95,418.0,420.8,35791
2010-08-09 00:00:00+05:30,420.3,429.4,417.35,424.1,10789
2010-08-10 00:00:00+05:30,426.0,426.9,418.05,421.35,7768
2010-08-11 00:00:00+05:30,415.0,436.0,407.15,417.35,15091
2010-08-12 00:00:00+05:30,413.0,418.0,411.0,416.1,15775
2010-08-13 00:00:00+05:30,414.0,423.0,413.0,418.8,18585
2010-08-16 00:00:00+05:30,419.1,423.8,414.3,416.15,11625
2010-08-17 00:00:00+05:30,414.65,421.9,414.65,420.35,21105
2010-08-18 00:00:00+05:30,423.8,423.8,417.05,421.8,29555
2010-08-19 00:00:00+05:30,421.35,424.95,420.1,423.9,40975
2010-08-20 00:00:00+05:30,422.25,425.8,421.05,423.6,21782
2010-08-23 00:00:00+05:30,416.0,425.0,415.3,418.15,18274
2010-08-24 00:00:00+05:30,425.9,425.9,415.5,418.85,30157
2010-08-25 00:00:00+05:30,420.3,422.95,417.05,420.4,42944
2010-08-26 00:00:00+05:30,420.15,424.8,420.1,422.6,342457
2010-08-27 00:00:00+05:30,423.8,431.9,419.05,424.2,50527
2010-08-30 00:00:00+05:30,426.0,427.75,420.2,425.2,21802
2010-08-31 00:00:00+05:30,425.0,428.0,422.3,424.4,18576
2010-09-01 00:00:00+05:30,420.1,433.9,420.1,428.35,32687
2010-09-02 00:00:00+05:30,433.0,439.4,425.6,427.15,68285
2010-09-03 00:00:00+05:30,428.5,431.95,424.3,428.85,193565
2010-09-06 00:00:00+05:30,431.8,432.95,425.05,429.35,36259
2010-09-07 00:00:00+05:30,427.0,437.0,424.9,430.9,481400
2010-09-08 00:00:00+05:30,430.0,434.0,427.15,431.05,71505
2010-09-09 00:00:00+05:30,431.8,438.7,428.0,435.45,53638
2010-09-13 00:00:00+05:30,441.9,441.9,430.15,434.85,18023
2010-09-14 00:00:00+05:30,441.7,441.7,431.9,435.95,18703
2010-09-15 00:00:00+05:30,433.8,448.4,429.0,434.85,97129
2010-09-16 00:00:00+05:30,437.75,437.95,430.0,431.55,20160
2010-09-17 00:00:00+05:30,432.6,436.0,430.1,434.45,29526
2010-09-20 00:00:00+05:30,428.0,436.9,428.0,434.95,19743
2010-09-21 00:00:00+05:30,439.4,462.0,430.55,434.9,2147441
2010-09-22 00:00:00+05:30,439.45,439.45,421.4,424.8,310026
2010-09-23 00:00:00+05:30,425.8,428.15,416.2,417.8,136908
2010-09-24 00:00:00+05:30,420.0,424.0,417.0,418.7,89133
2010-09-27 00:00:00+05:30,416.95,422.4,411.2,417.35,72476
2010-09-28 00:00:00+05:30,412.05,418.9,412.05,416.45,138956
2010-09-29 00:00:00+05:30,414.95,423.1,413.3,418.4,107730
2010-09-30 00:00:00+05:30,410.0,424.0,410.0,420.55,268351
2010-10-01 00:00:00+05:30,420.1,424.95,419.0,420.4,40733
2010-10-04 00:00:00+05:30,416.0,424.4,415.0,418.9,47736
2010-10-05 00:00:00+05:30,417.25,421.9,417.15,418.3,29060
2010-10-06 00:00:00+05:30,418.3,424.0,418.2,419.65,39913
2010-10-07 00:00:00+05:30,415.1,421.9,415.1,419.05,36406
2010-10-08 00:00:00+05:30,420.0,421.95,416.4,418.1,20839
2010-10-11 00:00:00+05:30,420.0,422.0,416.1,420.7,31016
2010-10-12 00:00:00+05:30,418.1,428.85,418.1,427.2,102343
2010-10-13 00:00:00+05:30,428.45,430.0,421.0,423.2,28528
2010-10-14 00:00:00+05:30,424.4,427.8,419.4,423.0,62041
2010-10-15 00:00:00+05:30,421.1,422.95,416.55,417.65,15925
2010-10-18 00:00:00+05:30,415.2,422.8,415.2,421.1,27141
2010-10-19 00:00:00+05:30,427.9,427.9,411.0,420.95,60810
2010-10-20 00:00:00+05:30,418.15,421.95,418.05,418.7,10339
2010-10-21 00:00:00+05:30,419.9,424.85,418.1,422.4,20138
2010-10-22 00:00:00+05:30,424.0,425.4,417.25,418.4,15205
2010-10-25 00:00:00+05:30,422.0,422.0,416.3,418.0,22151
2010-10-26 00:00:00+05:30,416.1,422.0,414.05,415.4,89736
2010-10-27 00:00:00+05:30,415.1,419.0,414.05,415.9,70674
2010-10-28 00:00:00+05:30,414.25,422.9,414.25,418.6,517726
2010-10-29 00:00:00+05:30,420.0,421.0,413.0,416.45,43474
2010-11-01 00:00:00+05:30,416.65,419.75,416.65,417.95,34569
2010-11-02 00:00:00+05:30,416.05,422.4,416.05,419.55,23621
2010-11-03 00:00:00+05:30,424.25,424.25,418.0,420.45,28568
2010-11-04 00:00:00+05:30,425.0,432.25,422.25,428.45,605136
2010-11-05 00:00:00+05:30,434.0,449.0,426.5,428.65,6927
2010-11-08 00:00:00+05:30,428.0,432.0,420.25,422.25,251966
2010-11-09 00:00:00+05:30,425.85,425.85,420.0,421.5,20185
2010-11-10 00:00:00+05:30,420.0,423.0,413.05,416.45,29750
2010-11-11 00:00:00+05:30,425.65,425.7,415.25,417.55,28181
2010-11-12 00:00:00+05:30,418.05,419.75,411.2,415.45,25362
2010-11-15 00:00:00+05:30,420.0,421.5,415.6,419.75,36004
2010-11-16 00:00:00+05:30,418.2,423.0,414.5,415.45,17252
2010-11-18 00:00:00+05:30,416.0,418.75,414.05,416.4,28116
2010-11-19 00:00:00+05:30,420.0,420.4,412.05,416.05,13813
2010-11-22 00:00:00+05:30,415.05,417.9,413.9,416.25,27904
2010-11-23 00:00:00+05:30,411.15,416.5,411.15,415.05,23173
2010-11-24 00:00:00+05:30,415.0,416.85,414.0,415.45,23990
2010-11-25 00:00:00+05:30,415.1,433.0,413.15,424.05,236124
2010-11-26 00:00:00+05:30,423.4,423.4,413.0,417.35,53204
2010-11-29 00:00:00+05:30,417.8,418.7,416.0,416.6,22954
2010-11-30 00:00:00+05:30,416.1,420.0,416.0,418.65,30364
2010-12-01 00:00:00+05:30,419.8,419.8,416.0,416.4,330122
2010-12-02 00:00:00+05:30,416.25,418.9,416.0,416.0,444233
2010-12-03 00:00:00+05:30,416.1,417.5,413.0,414.75,23674
2010-12-06 00:00:00+05:30,414.0,419.45,414.0,416.9,42488
2010-12-07 00:00:00+05:30,415.05,417.0,398.5,411.5,45179
2010-12-08 00:00:00+05:30,415.45,417.7,410.0,415.85,80598
2010-12-09 00:00:00+05:30,417.3,434.9,413.0,414.25,173673
2010-12-10 00:00:00+05:30,419.2,420.0,412.05,415.55,22584
2010-12-13 00:00:00+05:30,417.65,418.0,412.2,415.75,195714
2010-12-14 00:00:00+05:30,420.6,420.6,414.5,415.95,65719
2010-12-15 00:00:00+05:30,416.5,418.45,414.3,416.65,162650
2010-12-16 00:00:00+05:30,416.5,418.35,412.05,413.65,272497
2010-12-20 00:00:00+05:30,415.0,420.9,413.65,419.9,138242
2010-12-21 00:00:00+05:30,419.0,423.85,418.0,422.5,139579
2010-12-22 00:00:00+05:30,422.95,424.95,419.95,420.15,17595
2010-12-23 00:00:00+05:30,419.7,421.0,418.5,418.75,11742
2010-12-24 00:00:00+05:30,420.0,422.0,414.05,419.2,60089
2010-12-27 00:00:00+05:30,420.0,421.95,418.5,419.0,16483
2010-12-28 00:00:00+05:30,419.5,420.95,415.3,416.35,34310
2010-12-29 00:00:00+05:30,417.55,419.0,414.05,415.2,108575
2010-12-30 00:00:00+05:30,417.5,429.8,414.95,426.35,315851
2010-12-31 00:00:00+05:30,424.9,425.85,415.55,416.65,88269
2011-01-03 00:00:00+05:30,417.0,420.0,415.5,416.75,9301
2011-01-04 00:00:00+05:30,416.6,420.4,415.5,418.45,10393
2011-01-05 00:00:00+05:30,419.5,419.5,417.0,417.0,2748
2011-01-06 00:00:00+05:30,419.0,419.0,415.5,416.3,45399
2011-01-07 00:00:00+05:30,419.4,419.4,414.0,415.0,11410
2011-01-10 00:00:00+05:30,416.5,417.4,414.1,415.95,9997
2011-01-11 00:00:00+05:30,417.0,417.95,415.0,416.3,6841
2011-01-12 00:00:00+05:30,418.0,418.0,415.1,417.35,9143
2011-01-13 00:00:00+05:30,416.0,418.0,415.5,415.8,9586
2011-01-14 00:00:00+05:30,417.0,417.3,415.0,416.1,8274
2011-01-17 00:00:00+05:30,416.0,416.0,413.0,413.85,18754
2011-01-18 00:00:00+05:30,414.0,415.0,412.5,413.25,26933
2011-01-19 00:00:00+05:30,414.5,417.65,413.05,416.1,29077
2011-01-20 00:00:00+05:30,416.5,416.9,414.5,416.0,11731
2011-01-21 00:00:00+05:30,416.55,417.5,415.2,416.05,13203
2011-01-24 00:00:00+05:30,417.5,425.15,414.5,419.5,31546
2011-01-25 00:00:00+05:30,419.0,421.5,417.0,417.5,7621
2011-01-27 00:00:00+05:30,418.5,424.75,415.5,416.45,50972
2011-01-28 00:00:00+05:30,417.2,422.5,415.0,415.2,19455
2011-01-31 00:00:00+05:30,370.1,416.75,370.1,412.95,60817
2011-02-01 00:00:00+05:30,416.0,423.5,413.5,415.2,16267
2011-02-02 00:00:00+05:30,416.0,419.9,413.0,413.6,10639
2011-02-03 00:00:00+05:30,416.5,416.5,411.25,415.0,72539
2011-02-04 00:00:00+05:30,416.0,416.0,413.5,414.45,52126
2011-02-07 00:00:00+05:30,414.05,420.0,413.0,417.6,32645
2011-02-08 00:00:00+05:30,420.0,420.0,412.55,416.45,72601
2011-02-09 00:00:00+05:30,415.0,415.5,406.35,414.4,65863
2011-02-10 00:00:00+05:30,414.05,414.45,411.0,413.15,25308
2011-02-11 00:00:00+05:30,413.0,416.0,412.75,415.25,25193
2011-02-14 00:00:00+05:30,415.0,418.0,414.0,417.1,18049
2011-02-15 00:00:00+05:30,418.0,418.0,414.55,415.85,8508
2011-02-16 00:00:00+05:30,416.05,417.75,415.05,416.5,5580
2011-02-17 00:00:00+05:30,417.0,419.9,415.5,415.55,4582
2011-02-18 00:00:00+05:30,417.0,418.85,415.0,416.5,14641
2011-02-21 00:00:00+05:30,416.95,417.9,415.1,416.35,9467
2011-02-22 00:00:00+05:30,416.0,420.95,413.5,418.75,89100
2011-02-23 00:00:00+05:30,416.2,420.8,413.95,418.45,31794
2011-02-24 00:00:00+05:30,416.1,420.8,411.0,415.8,347577
2011-02-25 00:00:00+05:30,414.0,417.65,414.0,414.75,13543
2011-02-28 00:00:00+05:30,419.8,419.8,413.75,414.35,89747
2011-03-01 00:00:00+05:30,418.7,421.25,415.0,418.05,34103
2011-03-03 00:00:00+05:30,419.95,421.5,414.15,415.55,46633
2011-03-04 00:00:00+05:30,415.2,417.85,414.0,414.2,20250
2011-03-07 00:00:00+05:30,415.95,417.05,413.5,415.05,32593
2011-03-08 00:00:00+05:30,415.05,417.5,415.0,416.05,17044
2011-03-09 00:00:00+05:30,417.0,417.0,413.5,415.0,21416
2011-03-10 00:00:00+05:30,415.15,418.95,415.15,417.75,87595
2011-03-11 00:00:00+05:30,416.0,420.0,415.75,416.05,8181
2011-03-14 00:00:00+05:30,405.0,417.0,405.0,416.35,15245
2011-03-15 00:00:00+05:30,416.0,416.0,414.05,415.2,9209
2011-03-16 00:00:00+05:30,425.0,425.0,414.4,415.2,18500
2011-03-17 00:00:00+05:30,416.95,416.95,414.35,415.1,6833
2011-03-18 00:00:00+05:30,415.0,416.0,414.0,415.2,17203
2011-03-21 00:00:00+05:30,415.05,422.75,415.0,421.0,104850
2011-03-22 00:00:00+05:30,421.15,423.85,415.3,416.85,13084
2011-03-23 00:00:00+05:30,419.5,419.5,415.0,415.2,6267
2011-03-24 00:00:00+05:30,415.5,417.5,413.5,414.3,20113
2011-03-25 00:00:00+05:30,415.0,416.95,413.9,415.85,31574
2011-03-28 00:00:00+05:30,415.05,417.9,415.0,417.05,17166
2011-03-29 00:00:00+05:30,416.05,416.8,414.9,415.1,6035
2011-03-30 00:00:00+05:30,416.0,417.45,414.5,415.8,5285
2011-03-31 00:00:00+05:30,416.0,417.35,414.0,415.65,82296
2011-04-01 00:00:00+05:30,416.95,416.95,415.0,415.35,2436
2011-04-04 00:00:00+05:30,420.6,422.45,416.0,416.4,9360
2011-04-05 00:00:00+05:30,416.0,417.65,414.1,415.55,21726
2011-04-06 00:00:00+05:30,415.6,417.85,415.6,416.55,9707
2011-04-07 00:00:00+05:30,417.5,421.4,415.85,419.1,15944
2011-04-08 00:00:00+05:30,419.3,421.1,417.0,420.3,12073
2011-04-11 00:00:00+05:30,421.0,436.55,420.9,429.25,93774
2011-04-13 00:00:00+05:30,430.0,433.0,423.2,425.3,23716
2011-04-15 00:00:00+05:30,425.5,427.95,420.5,424.05,15884
2011-04-18 00:00:00+05:30,432.0,432.0,418.25,421.8,17216
2011-04-19 00:00:00+05:30,427.0,427.0,418.05,422.35,19743
2011-04-20 00:00:00+05:30,421.45,425.0,421.45,423.4,17408
2011-04-21 00:00:00+05:30,426.8,426.8,420.3,423.05,11420
2011-04-25 00:00:00+05:30,421.25,423.8,420.0,420.3,6902
2011-04-26 00:00:00+05:30,430.0,430.0,418.05,421.4,18075
2011-04-27 00:00:00+05:30,421.0,425.0,418.0,418.65,3846
2011-04-28 00:00:00+05:30,420.0,420.0,418.75,419.25,11536
2011-04-29 00:00:00+05:30,418.05,420.0,416.65,417.9,8409
2011-05-02 00:00:00+05:30,418.05,421.6,416.8,419.8,15732
2011-05-03 00:00:00+05:30,418.1,419.05,416.5,417.55,20389
2011-05-04 00:00:00+05:30,418.0,419.7,416.7,417.5,16823
2011-05-05 00:00:00+05:30,418.0,419.9,415.5,416.85,21479
2011-05-06 00:00:00+05:30,418.0,418.5,414.05,417.4,31235
2011-05-09 00:00:00+05:30,418.0,420.95,416.0,417.05,11109
2011-05-10 00:00:00+05:30,417.0,419.75,416.5,417.5,11844
2011-05-11 00:00:00+05:30,417.05,418.35,416.5,417.1,9400
2011-05-12 00:00:00+05:30,417.0,418.0,416.5,417.4,7909
2011-05-13 00:00:00+05:30,417.0,418.75,417.0,417.4,10073
2011-05-16 00:00:00+05:30,417.0,418.9,414.0,414.6,58211
2011-05-17 00:00:00+05:30,417.0,417.0,413.0,413.9,24099
2011-05-18 00:00:00+05:30,413.05,415.0,412.0,413.55,32898
2011-05-19 00:00:00+05:30,414.05,415.0,413.0,413.95,15638
2011-05-20 00:00:00+05:30,413.05,416.0,413.0,414.1,18637
2011-05-23 00:00:00+05:30,414.0,414.85,412.0,412.7,13035
2011-05-24 00:00:00+05:30,413.0,414.5,412.25,412.4,15872
2011-05-25 00:00:00+05:30,413.0,414.0,411.0,412.05,24329
2011-05-26 00:00:00+05:30,414.7,422.0,404.0,411.95,314478
2011-05-27 00:00:00+05:30,413.25,416.8,412.0,413.0,8008
2011-05-30 00:00:00+05:30,413.9,414.95,411.05,412.75,32872
2011-05-31 00:00:00+05:30,413.0,413.0,411.25,412.6,72978
2011-06-01 00:00:00+05:30,413.0,413.0,402.9,410.65,45179
2011-06-02 00:00:00+05:30,413.0,413.0,407.2,411.9,32423
2011-06-03 00:00:00+05:30,413.0,413.0,410.0,412.8,26380
2011-06-06 00:00:00+05:30,412.0,412.0,409.05,410.75,20903
2011-06-07 00:00:00+05:30,411.0,411.4,408.9,410.25,23985
2011-06-08 00:00:00+05:30,411.0,411.0,407.3,409.7,20684
2011-06-09 00:00:00+05:30,410.0,411.0,406.75,408.75,23551
2011-06-10 00:00:00+05:30,409.05,410.55,407.0,409.25,50764
2011-06-13 00:00:00+05:30,411.0,411.0,407.1,408.0,14144
2011-06-14 00:00:00+05:30,410.9,410.9,407.6,408.6,3414
2011-06-15 00:00:00+05:30,408.6,409.4,403.05,407.3,34980
2011-06-16 00:00:00+05:30,404.95,411.5,398.55,408.0,92902
2011-06-17 00:00:00+05:30,405.0,407.95,314.5,338.3,1188289
2011-06-20 00:00:00+05:30,307.85,328.8,124.15,127.95,51153620
2011-06-21 00:00:00+05:30,125.0,148.7,121.0,123.3,35218173
2011-06-22 00:00:00+05:30,127.0,130.8,113.7,115.85,22187814
2011-06-23 00:00:00+05:30,117.0,118.9,93.05,108.05,43845486
2011-06-24 00:00:00+05:30,110.2,114.75,103.7,109.8,24786609
2011-06-27 00:00:00+05:30,109.05,111.5,105.0,106.05,10388781
2011-06-28 00:00:00+05:30,105.9,108.1,99.0,99.85,13477036
2011-06-29 00:00:00+05:30,101.2,102.45,94.6,96.0,16455398
2011-06-30 00:00:00+05:30,97.0,97.8,89.75,90.8,14902820
2011-07-01 00:00:00+05:30,91.1,99.7,89.0,97.2,22594477
2011-07-04 00:00:00+05:30,99.25,99.4,93.05,94.1,9661929
2011-07-05 00:00:00+05:30,94.0,97.4,93.3,94.75,7247393
2011-07-06 00:00:00+05:30,95.0,97.2,93.8,95.55,6738570
2011-07-07 00:00:00+05:30,95.95,95.95,93.65,94.1,3584941
2011-07-08 00:00:00+05:30,94.6,94.85,90.3,90.6,4082419
2011-07-11 00:00:00+05:30,91.4,94.0,88.1,89.95,5982710
2011-07-12 00:00:00+05:30,89.1,91.75,88.05,88.9,3220086
2011-07-13 00:00:00+05:30,89.6,91.35,88.65,89.05,4161788
2011-07-14 00:00:00+05:30,89.85,90.8,88.5,89.35,2804147
2011-07-15 00:00:00+05:30,90.0,90.9,88.65,89.05,2311802
2011-07-18 00:00:00+05:30,89.4,89.7,85.8,86.15,2698192
2011-07-19 00:00:00+05:30,88.0,88.0,80.35,81.1,5653031
2011-07-20 00:00:00+05:30,82.0,82.4,76.4,78.1,8181563
2011-07-21 00:00:00+05:30,77.9,78.1,75.05,75.35,3002673
2011-07-22 00:00:00+05:30,75.55,78.2,74.1,74.3,4614453
2011-07-25 00:00:00+05:30,74.55,75.3,72.3,72.9,3466055
2011-07-26 00:00:00+05:30,74.1,75.0,70.8,71.1,2632026
2011-07-27 00:00:00+05:30,71.6,71.8,68.1,68.5,3571491
2011-07-28 00:00:00+05:30,66.65,69.45,66.25,68.0,6224683
2011-07-29 00:00:00+05:30,68.15,79.95,67.65,74.9,16698583
2011-08-01 00:00:00+05:30,76.1,80.85,71.15,72.7,5448684
2011-08-02 00:00:00+05:30,72.5,72.7,68.75,69.65,2487431
2011-08-03 00:00:00+05:30,69.0,71.6,67.3,69.45,2882658
2011-08-04 00:00:00+05:30,70.0,71.45,68.75,69.1,1758419
2011-08-05 00:00:00+05:30,68.0,68.0,63.6,64.45,2059167
2011-08-08 00:00:00+05:30,61.65,65.2,60.6,63.95,3386218
2011-08-09 00:00:00+05:30,60.0,62.8,60.0,60.65,1780807
2011-08-10 00:00:00+05:30,62.0,63.4,61.5,62.05,1195288
2011-08-11 00:00:00+05:30,61.55,63.2,61.05,61.55,1422321
2011-08-12 00:00:00+05:30,61.75,62.4,56.85,57.85,2298913
2011-08-16 00:00:00+05:30,58.65,59.5,50.2,51.65,6802831
2011-08-17 00:00:00+05:30,53.3,54.0,48.0,49.95,4117322
2011-08-18 00:00:00+05:30,50.0,54.9,48.8,51.8,7932268
2011-08-19 00:00:00+05:30,51.5,51.5,47.65,48.55,3758659
2011-08-22 00:00:00+05:30,49.0,50.4,48.0,49.75,1791400
2011-08-23 00:00:00+05:30,50.85,53.4,50.1,52.15,3320686
2011-08-24 00:00:00+05:30,52.35,54.4,52.0,52.35,2070640
2011-08-25 00:00:00+05:30,52.55,53.05,49.8,51.3,2491999
2011-08-26 00:00:00+05:30,51.9,51.9,48.0,48.35,1548428
2011-08-29 00:00:00+05:30,49.25,50.9,48.85,49.95,1253278
2011-08-30 00:00:00+05:30,50.7,51.4,49.7,50.05,852846
2011-09-02 00:00:00+05:30,50.95,51.35,49.15,49.75,809639
2011-09-05 00:00:00+05:30,49.45,50.9,49.2,50.05,1000543
2011-09-06 00:00:00+05:30,50.05,52.0,49.65,51.15,1187798
2011-09-07 00:00:00+05:30,51.0,53.6,51.0,51.85,1657551
2011-09-08 00:00:00+05:30,51.9,53.2,51.7,52.7,891390
2011-09-09 00:00:00+05:30,52.8,73.6,52.65,70.05,52584405
2011-09-12 00:00:00+05:30,71.0,76.3,68.2,72.05,20454078
2011-09-13 00:00:00+05:30,72.25,73.85,67.85,68.75,13844631
2011-09-14 00:00:00+05:30,72.8,72.8,59.1,61.4,17253137
2011-09-15 00:00:00+05:30,61.45,65.4,58.85,63.15,10785231
2011-09-16 00:00:00+05:30,63.0,66.0,62.1,63.55,5592778
2011-09-19 00:00:00+05:30,62.0,72.2,61.5,68.7,14650586
2011-09-20 00:00:00+05:30,69.0,71.85,66.8,68.0,8796967
2011-09-21 00:00:00+05:30,67.25,70.45,66.8,67.95,4022623
2011-09-22 00:00:00+05:30,66.8,69.8,64.5,65.45,4437768
2011-09-23 00:00:00+05:30,65.0,66.25,62.6,62.95,2696165
2011-09-26 00:00:00+05:30,62.95,64.8,59.6,60.15,3235013
2011-09-27 00:00:00+05:30,61.9,63.7,60.0,61.15,3042246
2011-09-28 00:00:00+05:30,61.85,62.65,59.25,59.5,2165479
2011-09-29 00:00:00+05:30,60.0,60.35,53.8,57.7,9672851
2011-09-30 00:00:00+05:30,57.0,62.4,56.3,58.2,6172605
2011-10-03 00:00:00+05:30,56.5,57.85,55.5,55.8,1519860
2011-10-04 00:00:00+05:30,55.95,57.65,53.85,55.45,1843355
2011-10-05 00:00:00+05:30,56.4,56.45,54.25,54.55,1083630
2011-10-07 00:00:00+05:30,55.2,56.35,54.1,54.6,1089935
2011-10-10 00:00:00+05:30,54.9,56.35,54.1,54.9,1362853
2011-10-11 00:00:00+05:30,55.5,56.4,54.2,54.6,1305223
2011-10-12 00:00:00+05:30,54.5,55.45,54.25,54.8,917387
2011-10-13 00:00:00+05:30,55.25,56.15,54.4,54.55,1332653
2011-10-14 00:00:00+05:30,54.0,55.0,52.15,53.45,988010
2011-10-17 00:00:00+05:30,54.5,55.45,53.4,53.85,1256153
2011-10-18 00:00:00+05:30,53.55,53.55,50.9,51.5,1058651
2011-10-19 00:00:00+05:30,52.2,52.45,50.8,51.25,761510
2011-10-20 00:00:00+05:30,50.8,51.3,49.55,50.2,769854
2011-10-21 00:00:00+05:30,51.4,51.4,49.05,49.25,961815
2011-10-24 00:00:00+05:30,50.3,50.35,48.1,48.25,969489
2011-10-25 00:00:00+05:30,48.45,48.45,46.4,46.9,1017076
2011-10-26 00:00:00+05:30,47.8,51.6,46.55,50.45,1672317
2011-10-28 00:00:00+05:30,50.5,51.9,50.3,50.6,1287670
2011-10-31 00:00:00+05:30,50.4,53.6,49.3,51.55,2803351
2011-11-01 00:00:00+05:30,51.5,53.1,51.0,51.35,1553069
2011-11-02 00:00:00+05:30,50.8,52.15,50.65,50.8,813541
2011-11-03 00:00:00+05:30,51.85,51.85,50.2,50.6,611335
2011-11-04 00:00:00+05:30,51.0,51.85,50.4,50.7,585884
2011-11-08 00:00:00+05:30,51.0,51.1,49.75,50.2,545565
2011-11-09 00:00:00+05:30,50.3,52.1,49.1,49.75,1157743
2011-11-11 00:00:00+05:30,49.1,49.75,48.15,48.3,639623
2011-11-14 00:00:00+05:30,48.85,49.15,45.8,46.05,724407
2011-11-15 00:00:00+05:30,46.2,47.05,43.1,43.45,576580
2011-11-16 00:00:00+05:30,43.35,43.35,39.45,39.6,1300819
2011-11-17 00:00:00+05:30,39.8,40.1,38.15,38.5,814480
2011-11-18 00:00:00+05:30,38.55,38.55,36.5,37.1,795830
2011-11-21 00:00:00+05:30,36.55,40.3,35.8,37.55,1593605
2011-11-22 00:00:00+05:30,37.25,39.9,37.25,38.0,571727
2011-11-23 00:00:00+05:30,38.0,39.15,36.6,36.95,758177
2011-11-24 00:00:00+05:30,36.95,37.35,36.0,36.95,491471
2011-11-25 00:00:00+05:30,36.7,38.85,36.1,36.8,1073072
2011-11-28 00:00:00+05:30,38.15,38.75,37.1,38.15,549959
2011-11-29 00:00:00+05:30,38.0,45.3,37.85,42.3,9087733
2011-11-30 00:00:00+05:30,40.0,41.8,39.3,39.65,3049016
2011-12-01 00:00:00+05:30,42.9,47.45,40.05,40.3,943226
2011-12-02 00:00:00+05:30,40.65,41.65,39.55,40.35,1124538
2011-12-05 00:00:00+05:30,40.35,41.4,40.05,40.4,491207
2011-12-07 00:00:00+05:30,40.6,41.4,40.2,40.45,654659
2011-12-08 00:00:00+05:30,40.35,40.7,38.4,38.8,491279
2011-12-09 00:00:00+05:30,38.45,38.75,37.6,37.75,433899
2011-12-12 00:00:00+05:30,38.4,38.4,36.25,36.5,461182
2011-12-13 00:00:00+05:30,36.3,36.5,35.6,36.2,387364
2011-12-14 00:00:00+05:30,36.25,36.65,35.25,35.6,348387
2011-12-15 00:00:00+05:30,35.1,35.75,34.0,34.3,469487
2011-12-16 00:00:00+05:30,34.3,35.5,31.5,31.85,563638
2011-12-19 00:00:00+05:30,31.85,32.0,30.2,30.6,448490
2011-12-20 00:00:00+05:30,30.9,34.2,29.25,32.65,2046228
2011-12-21 00:00:00+05:30,34.7,38.0,34.55,36.35,6219325
2011-12-22 00:00:00+05:30,36.2,36.5,34.7,35.35,914722
2011-12-23 00:00:00+05:30,35.4,37.7,35.0,35.95,1251040
2011-12-26 00:00:00+05:30,38.3,38.3,35.7,36.3,622239
2011-12-27 00:00:00+05:30,36.35,37.3,35.7,35.9,434597
2011-12-28 00:00:00+05:30,39.8,39.8,36.5,38.85,4465519
2011-12-29 00:00:00+05:30,38.85,40.15,36.5,37.1,3255655
2011-12-30 00:00:00+05:30,38.0,39.15,36.45,36.7,1641524
2012-01-02 00:00:00+05:30,36.65,37.9,35.9,36.15,628548
2012-01-03 00:00:00+05:30,36.0,37.2,35.1,36.8,720551
2012-01-04 00:00:00+05:30,36.5,37.25,36.1,36.35,587525
2012-01-05 00:00:00+05:30,36.5,36.8,35.95,36.1,377266
2012-01-06 00:00:00+05:30,35.65,36.05,35.5,35.8,327582
2012-01-07 00:00:00+05:30,29.8,36.05,28.65,35.7,104881
2012-01-09 00:00:00+05:30,35.7,37.2,35.4,36.75,687803
2012-01-10 00:00:00+05:30,37.4,39.45,36.85,38.25,1441973
2012-01-11 00:00:00+05:30,40.0,40.2,38.4,39.3,1227112
2012-01-12 00:00:00+05:30,39.9,43.2,38.5,41.5,2993652
2012-01-13 00:00:00+05:30,41.55,43.9,41.2,42.45,1733359
2012-01-16 00:00:00+05:30,42.4,43.5,41.2,42.05,938031
2012-01-17 00:00:00+05:30,42.3,43.85,42.1,42.35,990349
2012-01-18 00:00:00+05:30,42.5,42.95,40.3,40.65,643545
2012-01-19 00:00:00+05:30,40.75,48.65,40.75,47.75,12551347
2012-01-20 00:00:00+05:30,47.75,49.75,46.1,46.8,5681374
2012-01-23 00:00:00+05:30,46.5,48.2,46.15,46.65,1736858
2012-01-24 00:00:00+05:30,46.95,48.5,46.4,46.9,1520949
2012-01-25 00:00:00+05:30,47.25,48.0,46.6,46.8,1030047
2012-01-27 00:00:00+05:30,47.1,47.75,45.75,46.5,1790443
2012-01-30 00:00:00+05:30,46.6,46.7,44.0,44.35,813165
2012-01-31 00:00:00+05:30,44.8,46.8,44.6,45.6,1277453
2012-02-01 00:00:00+05:30,45.65,47.7,45.5,46.75,1466507
2012-02-02 00:00:00+05:30,47.0,47.7,45.6,45.9,1207970
2012-02-03 00:00:00+05:30,46.25,47.0,45.3,45.75,890045
2012-02-06 00:00:00+05:30,46.1,47.65,45.9,46.35,1078298
2012-02-07 00:00:00+05:30,46.6,46.8,44.65,45.4,609402
2012-02-08 00:00:00+05:30,45.65,50.95,45.5,49.15,5444284
2012-02-09 00:00:00+05:30,49.0,50.6,48.25,48.9,2176432
2012-02-10 00:00:00+05:30,49.0,52.5,48.25,49.45,3162484
2012-02-13 00:00:00+05:30,49.9,50.2,48.1,48.5,861702
2012-02-14 00:00:00+05:30,48.5,49.9,48.3,48.8,915239
2012-02-15 00:00:00+05:30,49.35,50.75,49.3,49.6,1539250
2012-02-16 00:00:00+05:30,49.45,53.5,49.1,52.7,4675583
2012-02-17 00:00:00+05:30,53.0,61.35,52.7,57.95,13875367
2012-02-21 00:00:00+05:30,58.7,61.7,58.15,59.95,4814310
2012-02-22 00:00:00+05:30,59.4,61.85,54.5,55.2,3263210
2012-02-23 00:00:00+05:30,55.0,55.6,52.25,53.6,1744629
2012-02-24 00:00:00+05:30,53.9,55.65,52.65,53.05,1895350
2012-02-27 00:00:00+05:30,53.25,53.7,47.2,48.1,1503752
2012-02-28 00:00:00+05:30,49.1,52.6,48.75,51.85,1917364
2012-02-29 00:00:00+05:30,53.05,53.95,50.9,51.45,1635408
2012-03-01 00:00:00+05:30,50.35,53.35,50.35,51.65,1701263
2012-03-02 00:00:00+05:30,52.05,52.75,50.55,51.0,840017
2012-03-03 00:00:00+05:30,51.5,51.5,50.65,50.85,156505
2012-03-05 00:00:00+05:30,50.4,50.8,48.2,48.5,717942
2012-03-06 00:00:00+05:30,48.35,49.75,46.75,47.05,838845
2012-03-07 00:00:00+05:30,47.0,47.65,45.05,46.5,729830
2012-03-09 00:00:00+05:30,49.0,49.4,47.4,47.65,553325
2012-03-12 00:00:00+05:30,48.45,48.75,47.0,47.5,697138
2012-03-13 00:00:00+05:30,48.1,50.35,47.9,49.1,1163941
2012-03-14 00:00:00+05:30,49.7,50.85,48.75,48.9,1174224
2012-03-15 00:00:00+05:30,49.0,49.05,46.9,47.25,673256
2012-03-16 00:00:00+05:30,47.55,48.8,45.8,46.05,767911
2012-03-19 00:00:00+05:30,46.0,47.55,44.75,45.0,676229
2012-03-20 00:00:00+05:30,45.3,46.35,44.6,45.1,641865
2012-03-21 00:00:00+05:30,45.2,46.65,45.0,46.2,774040
2012-03-22 00:00:00+05:30,46.25,47.3,44.1,44.45,996744
2012-03-23 00:00:00+05:30,44.75,45.25,43.4,43.8,614615
2012-03-26 00:00:00+05:30,44.0,46.35,42.25,44.75,2244315
2012-03-27 00:00:00+05:30,45.2,45.6,43.15,43.6,789248
2012-03-28 00:00:00+05:30,43.15,43.5,40.85,41.05,898460
2012-03-29 00:00:00+05:30,41.05,41.9,40.1,41.05,736095
2012-03-30 00:00:00+05:30,41.35,42.45,41.35,41.6,645122
2012-04-02 00:00:00+05:30,41.65,43.6,41.6,43.25,776151
2012-04-03 00:00:00+05:30,43.6,45.2,43.4,44.3,1042926
2012-04-04 00:00:00+05:30,44.1,44.3,42.95,43.35,552881
2012-04-09 00:00:00+05:30,43.0,43.9,42.7,42.9,560695
2012-04-10 00:00:00+05:30,43.0,43.25,41.9,42.55,451190
2012-04-11 00:00:00+05:30,42.05,43.8,41.3,42.6,826764
2012-04-12 00:00:00+05:30,43.2,43.7,42.5,42.75,425009
2012-04-13 00:00:00+05:30,43.05,43.65,41.45,41.6,476153
2012-04-16 00:00:00+05:30,41.8,42.2,41.25,41.65,295256
2012-04-17 00:00:00+05:30,42.0,42.5,41.7,42.3,410359
2012-04-18 00:00:00+05:30,42.65,43.25,41.95,42.2,470678
2012-04-19 00:00:00+05:30,42.55,42.6,41.3,41.5,305233
2012-04-20 00:00:00+05:30,41.65,41.8,40.5,40.65,270875
2012-04-23 00:00:00+05:30,41.15,41.15,38.6,38.8,423546
2012-04-24 00:00:00+05:30,38.75,39.4,38.3,38.5,396697
2012-04-25 00:00:00+05:30,38.5,38.95,37.0,37.25,361941
2012-04-26 00:00:00+05:30,30.0,37.8,30.0,37.1,497932
2012-04-27 00:00:00+05:30,32.0,37.7,32.0,36.25,333681
2012-04-28 00:00:00+05:30,35.4,36.75,35.4,36.5,41889
2012-04-30 00:00:00+05:30,32.4,38.8,32.4,37.15,453273
2012-05-02 00:00:00+05:30,33.2,37.8,33.2,36.65,270375
2012-05-03 00:00:00+05:30,32.4,37.0,32.4,35.6,263381
2012-05-04 00:00:00+05:30,33.0,35.8,33.0,34.55,357188
2012-05-07 00:00:00+05:30,32.0,34.7,32.0,34.55,291453
2012-05-08 00:00:00+05:30,34.75,36.15,33.3,34.0,567741
2012-05-09 00:00:00+05:30,33.9,34.1,32.8,33.0,345576
2012-05-10 00:00:00+05:30,34.15,37.0,34.15,35.65,2123520
2012-05-11 00:00:00+05:30,35.65,35.65,33.95,34.1,481373
2012-05-14 00:00:00+05:30,34.6,34.6,32.85,33.4,284524
2012-05-15 00:00:00+05:30,32.9,34.25,32.55,33.4,429019
2012-05-16 00:00:00+05:30,33.0,33.65,32.55,33.05,342266
2012-05-17 00:00:00+05:30,33.2,33.85,33.0,33.15,312894
2012-05-18 00:00:00+05:30,33.0,33.0,32.2,32.5,312634
2012-05-21 00:00:00+05:30,32.6,35.4,32.55,34.25,641336
2012-05-22 00:00:00+05:30,34.75,35.2,33.35,33.55,561376
2012-05-23 00:00:00+05:30,33.0,33.0,32.15,32.25,480234
2012-05-24 00:00:00+05:30,31.55,33.4,31.0,32.65,318030
2012-05-25 00:00:00+05:30,32.75,33.8,32.5,32.7,321290
2012-05-28 00:00:00+05:30,33.6,33.6,32.6,32.85,255606
2012-05-29 00:00:00+05:30,32.95,33.6,32.6,32.75,279819
2012-05-30 00:00:00+05:30,32.55,34.45,32.2,32.85,528156
2012-05-31 00:00:00+05:30,32.9,32.9,32.15,32.35,179000
2012-06-01 00:00:00+05:30,32.3,32.7,31.1,31.45,181866
2012-06-04 00:00:00+05:30,31.2,31.4,30.5,30.95,186749
2012-06-05 00:00:00+05:30,31.05,31.6,30.8,31.0,177434
2012-06-06 00:00:00+05:30,31.5,32.4,31.25,31.85,331675
2012-06-07 00:00:00+05:30,32.5,34.5,31.8,33.4,811330
2012-06-08 00:00:00+05:30,33.0,33.8,32.25,33.0,331704
2012-06-11 00:00:00+05:30,33.05,35.6,33.0,33.75,1084898
2012-06-12 00:00:00+05:30,33.65,34.5,33.3,33.8,398324
2012-06-13 00:00:00+05:30,34.0,35.2,33.8,34.05,437865
2012-06-14 00:00:00+05:30,34.2,34.25,32.9,33.0,191975
2012-06-15 00:00:00+05:30,33.2,34.0,32.8,33.0,263458
2012-06-18 00:00:00+05:30,33.85,33.85,32.2,32.3,238262
2012-06-19 00:00:00+05:30,32.3,32.8,31.8,32.1,199326
2012-06-20 00:00:00+05:30,32.15,33.3,32.1,32.3,253479
2012-06-21 00:00:00+05:30,32.3,33.05,32.2,32.6,268328
2012-06-22 00:00:00+05:30,31.1,33.3,31.1,32.55,317041
2012-06-25 00:00:00+05:30,32.7,34.1,32.65,32.8,483871
2012-06-26 00:00:00+05:30,33.15,33.75,32.6,32.85,248157
2012-06-27 00:00:00+05:30,34.7,34.7,32.6,32.75,203613
2012-06-28 00:00:00+05:30,33.0,33.9,32.8,33.15,355714
2012-06-29 00:00:00+05:30,33.65,34.5,33.15,33.8,833257
2012-07-02 00:00:00+05:30,34.15,34.7,33.7,34.0,435943
2012-07-03 00:00:00+05:30,34.35,38.75,34.15,37.3,3381138
2012-07-04 00:00:00+05:30,37.7,38.15,36.3,36.45,1164315
2012-07-05 00:00:00+05:30,36.6,37.45,36.3,36.75,557023
2012-07-06 00:00:00+05:30,37.3,39.25,36.1,38.1,1903560
2012-07-09 00:00:00+05:30,38.15,38.15,36.1,36.25,538059
2012-07-10 00:00:00+05:30,36.5,37.65,36.35,36.7,654513
2012-07-11 00:00:00+05:30,36.7,38.7,36.55,37.4,1317853
2012-07-12 00:00:00+05:30,37.0,37.25,35.9,36.05,501143
2012-07-13 00:00:00+05:30,37.15,37.8,36.35,36.5,808257
2012-07-16 00:00:00+05:30,36.85,36.9,35.4,35.6,307609
2012-07-17 00:00:00+05:30,35.95,36.5,34.5,34.6,334752
2012-07-18 00:00:00+05:30,35.6,37.2,35.15,35.6,1140303
2012-07-19 00:00:00+05:30,36.15,36.25,35.1,35.25,319737
2012-07-20 00:00:00+05:30,35.45,35.45,34.75,34.8,278656
2012-07-23 00:00:00+05:30,34.95,35.95,34.1,34.2,413110
2012-07-24 00:00:00+05:30,34.5,35.7,33.35,34.4,840513
2012-07-25 00:00:00+05:30,34.3,34.8,33.5,33.6,451750
2012-07-26 00:00:00+05:30,33.8,33.9,31.5,31.75,501472
2012-07-27 00:00:00+05:30,31.75,32.9,30.75,31.15,367463
2012-07-30 00:00:00+05:30,31.5,32.0,31.1,31.8,269826
2012-07-31 00:00:00+05:30,32.2,32.6,31.6,31.95,297163
2012-08-01 00:00:00+05:30,31.65,32.7,30.0,31.65,688570
2012-08-02 00:00:00+05:30,31.0,32.7,31.0,32.1,219489
2012-08-03 00:00:00+05:30,31.9,32.25,31.55,31.65,213819
2012-08-06 00:00:00+05:30,32.0,33.6,32.0,32.4,699935
2012-08-07 00:00:00+05:30,32.45,33.25,31.9,32.0,367642
2012-08-08 00:00:00+05:30,32.25,32.75,30.8,30.9,378722
2012-08-09 00:00:00+05:30,31.0,31.8,30.6,30.8,398328
2012-08-10 00:00:00+05:30,31.0,31.1,30.35,30.5,281164
2012-08-13 00:00:00+05:30,30.95,31.1,30.25,30.5,223267
2012-08-14 00:00:00+05:30,30.85,30.85,29.8,29.9,495321
2012-08-16 00:00:00+05:30,30.15,30.35,29.7,29.85,224872
2012-08-17 00:00:00+05:30,30.15,30.7,29.55,29.65,353013
2012-08-21 00:00:00+05:30,29.9,30.65,29.7,29.8,403834
2012-08-22 00:00:00+05:30,29.45,30.4,29.45,29.6,287428
2012-08-23 00:00:00+05:30,29.9,30.2,29.1,29.4,355732
2012-08-24 00:00:00+05:30,29.25,29.5,28.05,28.2,513594
2012-08-27 00:00:00+05:30,28.5,28.5,26.85,27.05,391241
2012-08-28 00:00:00+05:30,27.3,27.3,25.3,25.45,600193
2012-08-29 00:00:00+05:30,25.45,26.3,25.2,25.35,425598
2012-08-30 00:00:00+05:30,25.3,25.75,24.5,24.75,384845
2012-08-31 00:00:00+05:30,24.95,25.7,24.5,24.8,463343
2012-09-03 00:00:00+05:30,25.0,25.75,24.8,25.2,253284
2012-09-04 00:00:00+05:30,25.3,25.55,24.9,25.25,201290
2012-09-05 00:00:00+05:30,25.1,25.45,24.95,25.0,163150
2012-09-06 00:00:00+05:30,25.1,25.25,23.8,24.05,462022
2012-09-07 00:00:00+05:30,24.5,24.85,24.25,24.4,257275
2012-09-08 00:00:00+05:30,24.65,24.7,24.45,24.6,45178
2012-09-10 00:00:00+05:30,24.6,25.55,23.8,25.35,465562
2012-09-11 00:00:00+05:30,25.1,25.75,25.0,25.3,327735
2012-09-12 00:00:00+05:30,25.05,25.9,24.95,25.15,277595
2012-09-13 00:00:00+05:30,25.0,26.95,25.0,26.4,1267634
2012-09-14 00:00:00+05:30,27.5,27.7,26.2,26.55,997635
2012-09-17 00:00:00+05:30,26.75,27.9,26.75,27.25,551845
2012-09-18 00:00:00+05:30,27.4,28.45,27.1,27.9,762711
2012-09-20 00:00:00+05:30,27.2,27.8,27.1,27.3,291723
2012-09-21 00:00:00+05:30,27.6,28.2,27.4,27.55,650029
2012-09-24 00:00:00+05:30,27.55,29.6,27.5,28.7,970257
2012-09-25 00:00:00+05:30,29.05,29.25,28.3,28.65,390049
2012-09-26 00:00:00+05:30,28.5,29.3,28.15,28.3,473425
2012-09-27 00:00:00+05:30,28.65,29.05,28.3,28.45,258586
2012-09-28 00:00:00+05:30,28.7,32.65,28.6,31.4,4257069
2012-10-01 00:00:00+05:30,31.4,33.1,31.4,31.95,1313446
2012-10-03 00:00:00+05:30,32.0,32.45,31.15,31.3,647642
2012-10-04 00:00:00+05:30,31.65,32.6,31.1,31.5,835940
2012-10-05 00:00:00+05:30,31.9,32.05,29.7,29.9,699937
2012-10-08 00:00:00+05:30,30.1,31.45,29.6,30.7,771518
2012-10-09 00:00:00+05:30,31.0,33.6,30.55,33.15,3077336
2012-10-10 00:00:00+05:30,32.5,34.35,32.2,32.5,2183948
2012-10-11 00:00:00+05:30,32.75,33.55,31.4,33.1,1126270
2012-10-12 00:00:00+05:30,33.45,34.6,32.8,33.05,1654372
2012-10-15 00:00:00+05:30,32.9,34.0,32.5,33.5,1102121
2012-10-16 00:00:00+05:30,33.55,34.0,32.0,32.2,494506
2012-10-17 00:00:00+05:30,32.6,32.95,31.35,31.6,316605
2012-10-18 00:00:00+05:30,32.0,32.3,31.5,31.75,436685
2012-10-19 00:00:00+05:30,32.0,32.95,31.05,31.2,341312
2012-10-22 00:00:00+05:30,31.0,31.4,30.5,30.7,311406
2012-10-23 00:00:00+05:30,30.65,30.95,30.05,30.15,227904
2012-10-25 00:00:00+05:30,30.4,31.25,29.8,30.35,522199
2012-10-26 00:00:00+05:30,30.2,30.25,29.15,29.3,208964
2012-10-29 00:00:00+05:30,29.55,29.75,28.5,28.65,229582
2012-10-30 00:00:00+05:30,28.7,29.6,28.0,28.1,433152
2012-10-31 00:00:00+05:30,28.3,28.55,27.65,28.2,264578
2012-11-01 00:00:00+05:30,28.35,30.1,28.05,29.2,774285
2012-11-02 00:00:00+05:30,29.5,29.8,28.65,28.75,335264
2012-11-05 00:00:00+05:30,28.8,29.1,28.45,28.6,149719
2012-11-06 00:00:00+05:30,28.6,28.85,28.15,28.3,200085
2012-11-07 00:00:00+05:30,28.3,29.45,28.3,29.0,364578
2012-11-08 00:00:00+05:30,28.55,30.75,28.5,29.85,1407940
2012-11-09 00:00:00+05:30,30.05,30.4,28.75,29.0,382602
2012-11-12 00:00:00+05:30,29.3,29.4,28.7,28.85,236095
2012-11-13 00:00:00+05:30,29.3,29.3,28.95,29.1,64456
2012-11-15 00:00:00+05:30,28.9,29.6,28.35,28.75,176041
2012-11-16 00:00:00+05:30,29.0,29.55,28.0,28.15,314083
2012-11-19 00:00:00+05:30,28.5,28.5,27.65,27.75,195199
2012-11-20 00:00:00+05:30,28.1,28.2,27.0,27.25,259366
2012-11-21 00:00:00+05:30,27.5,27.5,26.55,26.95,340312
2012-11-22 00:00:00+05:30,27.15,28.05,27.05,27.1,219328
2012-11-23 00:00:00+05:30,27.2,27.9,26.85,27.0,375256
2012-11-26 00:00:00+05:30,27.4,27.65,27.1,27.25,168386
2012-11-27 00:00:00+05:30,27.3,28.15,27.15,27.65,389544
2012-11-29 00:00:00+05:30,28.0,28.5,27.5,28.1,416224
2012-11-30 00:00:00+05:30,28.45,30.35,28.35,29.3,1265042
2012-12-03 00:00:00+05:30,29.7,31.7,29.3,30.85,1200521
2012-12-04 00:00:00+05:30,30.85,31.55,30.05,30.3,563845
2012-12-05 00:00:00+05:30,30.7,31.85,30.3,31.4,1094260
2012-12-06 00:00:00+05:30,31.65,32.75,31.1,31.9,1278653
2012-12-07 00:00:00+05:30,32.0,33.25,31.65,32.05,1274139
2012-12-10 00:00:00+05:30,32.1,32.95,31.45,31.8,376015
2012-12-11 00:00:00+05:30,32.0,32.3,30.5,30.85,406983
2012-12-12 00:00:00+05:30,30.8,31.4,30.5,30.65,338051
2012-12-13 00:00:00+05:30,30.3,30.95,25.0,28.5,1725027
2012-12-14 00:00:00+05:30,28.5,28.5,27.35,28.0,515076
2012-12-17 00:00:00+05:30,28.0,28.35,27.35,27.75,327309
2012-12-18 00:00:00+05:30,27.6,28.1,27.4,27.55,233135
2012-12-19 00:00:00+05:30,27.15,28.65,27.15,28.15,432439
2012-12-20 00:00:00+05:30,28.3,29.15,27.8,28.5,402336
2012-12-21 00:00:00+05:30,28.15,28.8,28.05,28.15,341905
2012-12-24 00:00:00+05:30,28.2,28.8,28.15,28.3,200095
2012-12-26 00:00:00+05:30,28.75,28.75,28.0,28.15,136178
2012-12-27 00:00:00+05:30,28.45,28.45,27.5,27.6,125085
2012-12-28 00:00:00+05:30,27.65,28.3,27.3,27.45,194463
2012-12-31 00:00:00+05:30,27.8,27.8,27.3,27.35,97172
2013-01-01 00:00:00+05:30,27.5,28.25,27.05,27.9,306759
2013-01-02 00:00:00+05:30,28.0,28.4,27.7,28.2,223224
2013-01-03 00:00:00+05:30,28.2,29.2,27.7,28.6,529708
2013-01-04 00:00:00+05:30,28.6,28.8,28.2,28.5,234889
2013-01-07 00:00:00+05:30,28.8,29.15,28.35,28.6,285428
2013-01-08 00:00:00+05:30,28.75,28.95,28.45,28.65,202030
2013-01-09 00:00:00+05:30,28.6,28.95,27.7,28.1,225903
2013-01-10 00:00:00+05:30,28.45,28.45,27.6,27.8,145290
2013-01-11 00:00:00+05:30,28.25,28.25,26.65,26.85,346416
2013-01-14 00:00:00+05:30,27.2,27.4,26.7,27.25,203183
2013-01-15 00:00:00+05:30,27.2,27.6,27.05,27.25,169045
2013-01-16 00:00:00+05:30,27.2,27.4,26.6,26.65,179122
2013-01-17 00:00:00+05:30,26.85,27.15,26.15,26.5,143674
2013-01-18 00:00:00+05:30,26.6,26.9,26.0,26.1,179415
2013-01-21 00:00:00+05:30,26.15,26.4,25.85,26.0,129761
2013-01-22 00:00:00+05:30,26.2,26.45,24.3,24.55,439070
2013-01-23 00:00:00+05:30,24.85,26.35,24.55,25.2,630433
2013-01-24 00:00:00+05:30,25.2,25.45,24.05,24.15,313229
2013-01-25 00:00:00+05:30,24.1,24.7,23.8,24.3,236304
2013-01-28 00:00:00+05:30,24.5,24.7,24.15,24.4,165416
2013-01-29 00:00:00+05:30,24.65,24.7,24.05,24.1,145571
2013-01-30 00:00:00+05:30,24.3,24.4,23.65,23.75,159686
2013-01-31 00:00:00+05:30,23.6,24.35,23.5,23.65,221810
2013-02-01 00:00:00+05:30,21.15,24.15,21.15,23.7,177382
2013-02-04 00:00:00+05:30,24.0,24.0,23.3,23.4,146508
2013-02-05 00:00:00+05:30,22.8,23.6,22.8,23.05,159771
2013-02-06 00:00:00+05:30,23.25,25.9,23.25,25.1,2181956
2013-02-07 00:00:00+05:30,24.95,25.0,24.05,24.15,365759
2013-02-08 00:00:00+05:30,24.0,24.45,23.4,23.5,182988
2013-02-11 00:00:00+05:30,23.45,24.2,23.45,23.7,203600
2013-02-12 00:00:00+05:30,23.75,23.9,23.1,23.25,139740
2013-02-13 00:00:00+05:30,23.25,23.6,22.9,23.0,139190
2013-02-14 00:00:00+05:30,22.9,23.1,21.7,22.0,277006
2013-02-15 00:00:00+05:30,22.0,22.0,21.35,21.6,184454
2013-02-18 00:00:00+05:30,21.8,22.85,21.6,22.3,353993
2013-02-19 00:00:00+05:30,22.8,22.8,22.2,22.4,155673
2013-02-20 00:00:00+05:30,22.3,22.8,22.3,22.4,137452
2013-02-21 00:00:00+05:30,22.4,22.55,21.65,21.8,173108
2013-02-22 00:00:00+05:30,21.95,22.5,21.65,21.9,191459
2013-02-25 00:00:00+05:30,21.6,22.55,21.0,21.25,172815
2013-02-26 00:00:00+05:30,21.25,21.8,20.6,20.85,244793
2013-02-27 00:00:00+05:30,21.3,21.45,20.15,20.45,234027
2013-02-28 00:00:00+05:30,20.65,21.0,19.4,19.8,195371
2013-03-01 00:00:00+05:30,19.85,20.1,19.2,19.4,243597
2013-03-04 00:00:00+05:30,19.8,19.8,18.05,18.4,314180
2013-03-05 00:00:00+05:30,18.7,18.9,18.35,18.65,182571
2013-03-06 00:00:00+05:30,18.4,19.35,18.4,19.2,204340
2013-03-07 00:00:00+05:30,18.6,19.4,18.6,19.25,182710
2013-03-08 00:00:00+05:30,19.35,19.85,19.1,19.45,166379
2013-03-11 00:00:00+05:30,19.3,20.3,19.3,20.15,247754
2013-03-12 00:00:00+05:30,20.15,21.1,20.15,20.4,321596
2013-03-13 00:00:00+05:30,20.5,20.7,19.7,19.8,223045
2013-03-14 00:00:00+05:30,19.95,20.1,19.4,19.6,234096
2013-03-15 00:00:00+05:30,19.8,19.9,18.9,19.1,199282
2013-03-18 00:00:00+05:30,19.3,19.3,18.5,18.7,190132
2013-03-19 00:00:00+05:30,18.7,19.0,17.95,18.1,223389
2013-03-20 00:00:00+05:30,18.05,18.35,15.2,16.9,439828
2013-03-21 00:00:00+05:30,16.85,17.5,16.1,16.2,329777
2013-03-22 00:00:00+05:30,16.0,16.5,15.4,15.6,261221
2013-03-25 00:00:00+05:30,16.1,16.2,15.0,15.1,261661
2013-03-26 00:00:00+05:30,15.4,15.45,14.9,15.1,126240
2013-03-28 00:00:00+05:30,15.1,15.2,14.5,14.85,310598
2013-04-01 00:00:00+05:30,15.3,16.3,15.0,15.6,224670
2013-04-02 00:00:00+05:30,15.3,16.75,15.3,16.55,353877
2013-04-03 00:00:00+05:30,16.2,17.6,16.2,16.75,385571
2013-04-04 00:00:00+05:30,16.55,16.75,16.0,16.1,154463
2013-04-05 00:00:00+05:30,15.75,16.35,15.65,15.9,134885
2013-04-08 00:00:00+05:30,16.45,16.45,15.85,16.1,117117
2013-04-09 00:00:00+05:30,16.3,16.35,15.55,15.7,105947
2013-04-10 00:00:00+05:30,15.8,16.0,15.1,15.7,109526
2013-04-11 00:00:00+05:30,15.85,17.0,15.7,16.15,396979
2013-04-12 00:00:00+05:30,16.0,16.2,15.7,16.0,133503
2013-04-15 00:00:00+05:30,15.75,16.25,15.75,16.0,131032
2013-04-16 00:00:00+05:30,16.0,16.8,16.0,16.3,283650
2013-04-17 00:00:00+05:30,16.3,16.85,16.25,16.4,182466
2013-04-18 00:00:00+05:30,16.4,16.6,16.15,16.25,126089
2013-04-22 00:00:00+05:30,16.5,16.5,16.2,16.3,141251
2013-04-23 00:00:00+05:30,16.3,16.75,16.3,16.4,194383
2013-04-25 00:00:00+05:30,16.15,16.7,16.15,16.3,128912
2013-04-26 00:00:00+05:30,16.0,16.45,15.85,15.9,85876
2013-04-29 00:00:00+05:30,16.0,16.35,16.0,16.05,80482
2013-04-30 00:00:00+05:30,16.0,16.4,15.8,16.0,75538
2013-05-02 00:00:00+05:30,16.0,17.45,15.85,16.8,345071
2013-05-03 00:00:00+05:30,16.25,18.1,16.25,16.95,414463
2013-05-06 00:00:00+05:30,17.1,19.1,16.85,18.45,974691
2013-05-07 00:00:00+05:30,18.55,20.15,18.55,19.4,874050
2013-05-08 00:00:00+05:30,19.75,19.8,18.7,18.75,341639
2013-05-09 00:00:00+05:30,18.0,19.75,18.0,19.0,521557
2013-05-10 00:00:00+05:30,19.6,19.6,18.2,18.6,171937
2013-05-11 00:00:00+05:30,18.9,18.95,18.4,18.5,23644
2013-05-13 00:00:00+05:30,18.9,18.9,17.3,17.45,238772
2013-05-14 00:00:00+05:30,17.5,17.7,16.5,17.1,204297
2013-05-15 00:00:00+05:30,17.1,18.0,17.1,17.45,219484
2013-05-16 00:00:00+05:30,17.85,18.15,17.3,17.8,169453
2013-05-17 00:00:00+05:30,17.55,19.4,17.5,18.8,773680
2013-05-20 00:00:00+05:30,18.85,19.05,18.1,18.2,176575
2013-05-21 00:00:00+05:30,18.2,18.5,17.7,17.85,88304
2013-05-22 00:00:00+05:30,17.95,18.25,17.3,17.4,75158
2013-05-23 00:00:00+05:30,17.0,17.3,16.35,16.45,159935
2013-05-24 00:00:00+05:30,16.6,16.9,16.3,16.4,106244
2013-05-27 00:00:00+05:30,16.45,17.0,16.05,16.35,111454
2013-05-28 00:00:00+05:30,16.2,16.55,16.05,16.3,73485
2013-05-29 00:00:00+05:30,16.2,17.35,16.2,16.7,301110
2013-05-30 00:00:00+05:30,16.7,16.9,16.15,16.3,77360
2013-05-31 00:00:00+05:30,16.45,16.45,15.75,15.9,100809
2013-06-03 00:00:00+05:30,16.0,16.0,15.15,15.3,99531
2013-06-04 00:00:00+05:30,15.5,15.7,15.35,15.55,76202
2013-06-05 00:00:00+05:30,15.35,15.7,15.3,15.6,45319
2013-06-06 00:00:00+05:30,15.3,16.0,15.25,15.85,161231
2013-06-07 00:00:00+05:30,15.8,16.25,15.1,15.35,130645
2013-06-10 00:00:00+05:30,15.55,15.8,15.0,15.1,94000
2013-06-11 00:00:00+05:30,15.0,15.1,14.5,14.85,97149
2013-06-12 00:00:00+05:30,14.85,15.05,14.6,14.75,82611
2013-06-13 00:00:00+05:30,14.65,14.65,14.25,14.35,64619
2013-06-14 00:00:00+05:30,14.05,14.75,14.05,14.4,96304
2013-06-17 00:00:00+05:30,14.4,15.2,14.4,14.6,108991
2013-06-18 00:00:00+05:30,14.35,15.1,14.35,14.7,71116
2013-06-19 00:00:00+05:30,14.75,14.95,14.5,14.75,51638
2013-06-20 00:00:00+05:30,14.5,14.7,14.2,14.25,80148
2013-06-21 00:00:00+05:30,14.0,16.8,14.0,16.55,796414
2013-06-24 00:00:00+05:30,16.75,17.2,14.85,15.25,472582
2013-06-25 00:00:00+05:30,14.85,15.6,14.6,14.8,125189
2013-06-26 00:00:00+05:30,15.15,15.2,13.9,14.0,131205
2013-06-27 00:00:00+05:30,14.3,14.85,14.0,14.55,165028
2013-06-28 00:00:00+05:30,15.0,15.0,14.4,14.65,171200
2013-07-01 00:00:00+05:30,14.5,15.35,14.5,15.2,195374
2013-07-02 00:00:00+05:30,15.2,15.8,15.05,15.15,152124
2013-07-03 00:00:00+05:30,14.9,15.35,14.5,14.85,93504
2013-07-04 00:00:00+05:30,14.9,15.05,14.3,14.7,92167
2013-07-05 00:00:00+05:30,15.0,15.25,14.6,14.65,68617
2013-07-08 00:00:00+05:30,14.45,14.9,14.0,14.45,45749
2013-07-09 00:00:00+05:30,14.6,15.0,14.5,14.6,75731
2013-07-10 00:00:00+05:30,14.7,14.95,14.4,14.5,56040
2013-07-11 00:00:00+05:30,14.7,15.75,14.7,15.05,236946
2013-07-12 00:00:00+05:30,15.0,16.1,14.75,15.6,266587
2013-07-15 00:00:00+05:30,15.6,17.2,15.4,16.7,641410
2013-07-16 00:00:00+05:30,16.4,17.6,16.1,16.5,335378
2013-07-17 00:00:00+05:30,16.95,17.5,16.1,16.35,283824
2013-07-18 00:00:00+05:30,16.7,16.7,15.75,15.9,124537
2013-07-19 00:00:00+05:30,16.45,16.45,15.5,15.6,115534
2013-07-22 00:00:00+05:30,16.0,16.0,14.9,15.0,128964
2013-07-23 00:00:00+05:30,15.4,15.5,14.8,14.9,96104
2013-07-24 00:00:00+05:30,14.95,15.0,14.2,14.6,122281
2013-07-25 00:00:00+05:30,14.9,14.9,14.2,14.35,104861
2013-07-26 00:00:00+05:30,14.0,14.65,14.0,14.05,121776
2013-07-29 00:00:00+05:30,14.05,14.55,13.85,14.25,145805
2013-07-30 00:00:00+05:30,14.15,14.4,13.65,13.75,73623
2013-07-31 00:00:00+05:30,13.55,13.7,11.55,12.6,222661
2013-08-01 00:00:00+05:30,13.75,13.75,11.9,12.1,151090
2013-08-02 00:00:00+05:30,12.5,12.55,11.85,12.15,143815
2013-08-05 00:00:00+05:30,12.2,12.65,11.9,11.95,103561
2013-08-06 00:00:00+05:30,12.0,12.0,11.2,11.4,88178
2013-08-07 00:00:00+05:30,11.8,11.8,10.95,11.25,163470
2013-08-08 00:00:00+05:30,11.55,12.05,11.1,11.9,129818
2013-08-12 00:00:00+05:30,12.1,12.35,11.9,12.05,96096
2013-08-13 00:00:00+05:30,12.05,12.85,12.05,12.7,150937
2013-08-14 00:00:00+05:30,12.9,13.5,12.6,12.85,179170
2013-08-16 00:00:00+05:30,13.0,13.0,11.85,12.05,138588
2013-08-19 00:00:00+05:30,12.0,12.1,11.5,11.95,103421
2013-08-20 00:00:00+05:30,11.95,12.3,11.55,12.15,131852
2013-08-21 00:00:00+05:30,12.8,12.8,11.55,11.7,103011
2013-08-22 00:00:00+05:30,11.1,12.25,11.1,11.95,118982
2013-08-23 00:00:00+05:30,12.3,12.5,11.75,11.95,123077
2013-08-26 00:00:00+05:30,12.35,12.45,11.75,11.95,103868
2013-08-27 00:00:00+05:30,12.2,12.2,11.55,11.65,68449
2013-08-28 00:00:00+05:30,12.0,12.0,11.2,11.5,84961
2013-08-29 00:00:00+05:30,12.1,12.1,11.25,11.45,102674
2013-08-30 00:00:00+05:30,11.45,11.8,11.2,11.3,96485
2013-09-02 00:00:00+05:30,11.9,13.45,11.35,12.6,363359
2013-09-03 00:00:00+05:30,12.75,13.7,11.9,12.1,324819
2013-09-04 00:00:00+05:30,12.05,12.45,11.25,11.9,106661
2013-09-05 00:00:00+05:30,12.5,14.25,11.9,12.35,105403
2013-09-06 00:00:00+05:30,12.4,12.95,12.25,12.55,99458
2013-09-10 00:00:00+05:30,12.85,12.95,11.9,12.1,203601
2013-09-11 00:00:00+05:30,12.25,12.65,12.05,12.55,217189
2013-09-12 00:00:00+05:30,12.75,13.85,12.6,12.95,316714
2013-09-13 00:00:00+05:30,13.6,13.6,12.8,12.95,141229
2013-09-16 00:00:00+05:30,13.35,13.7,12.8,12.9,134442
2013-09-17 00:00:00+05:30,13.15,13.15,12.6,12.7,67726
2013-09-18 00:00:00+05:30,12.7,13.5,12.5,13.35,197972
2013-09-19 00:00:00+05:30,13.6,13.8,12.9,13.1,399720
2013-09-20 00:00:00+05:30,13.05,13.3,12.0,12.1,528192
2013-09-23 00:00:00+05:30,12.1,12.4,12.0,12.05,92686
2013-09-24 00:00:00+05:30,12.0,12.45,12.0,12.2,124083
2013-09-25 00:00:00+05:30,12.05,12.3,11.8,11.9,110102
2013-09-26 00:00:00+05:30,12.0,12.25,11.95,12.0,76900
2013-09-27 00:00:00+05:30,12.0,12.35,12.0,12.1,118119
2013-09-30 00:00:00+05:30,12.1,12.2,11.7,11.85,109653
2013-10-01 00:00:00+05:30,12.0,12.35,11.8,11.9,143838
2013-10-03 00:00:00+05:30,12.15,12.25,11.9,12.05,122780
2013-10-04 00:00:00+05:30,12.1,12.25,11.85,11.95,248995
2013-10-07 00:00:00+05:30,12.0,12.0,11.55,11.9,93236
2013-10-08 00:00:00+05:30,12.05,12.15,11.7,11.95,171446
2013-10-09 00:00:00+05:30,12.0,12.8,11.85,12.55,438573
2013-10-10 00:00:00+05:30,12.5,13.6,12.35,12.9,437570
2013-10-11 00:00:00+05:30,13.15,13.2,12.65,12.7,183920
2013-10-14 00:00:00+05:30,13.0,13.0,12.45,12.55,108089
2013-10-15 00:00:00+05:30,12.75,12.9,12.35,12.45,135454
2013-10-17 00:00:00+05:30,12.65,13.6,12.15,13.0,328938
2013-10-18 00:00:00+05:30,13.05,13.45,12.75,12.9,238337
2013-10-21 00:00:00+05:30,12.7,15.0,12.7,14.45,1030082
2013-10-22 00:00:00+05:30,14.2,16.05,13.8,15.8,1172648
2013-10-23 00:00:00+05:30,16.0,16.1,14.65,15.1,701381
2013-10-24 00:00:00+05:30,15.25,16.2,15.25,15.45,371331
2013-10-25 00:00:00+05:30,15.35,15.5,14.75,14.9,166914
2013-10-28 00:00:00+05:30,15.0,16.25,15.0,15.55,500283
2013-10-29 00:00:00+05:30,15.85,15.9,14.9,14.95,250114
2013-10-30 00:00:00+05:30,15.1,15.5,14.7,15.3,189808
2013-10-31 00:00:00+05:30,15.5,15.5,15.0,15.2,112542
2013-11-01 00:00:00+05:30,14.5,15.35,14.5,15.0,175136
2013-11-03 00:00:00+05:30,15.3,15.35,15.1,15.25,76427
2013-11-05 00:00:00+05:30,15.3,15.35,14.3,15.05,176283
2013-11-06 00:00:00+05:30,15.05,15.6,14.9,15.05,101680
2013-11-07 00:00:00+05:30,15.1,15.6,14.85,14.9,184195
2013-11-08 00:00:00+05:30,14.95,15.15,14.5,14.85,91329
2013-11-11 00:00:00+05:30,14.7,14.9,14.3,14.4,95898
2013-11-12 00:00:00+05:30,14.45,14.6,13.65,13.75,133243
2013-11-13 00:00:00+05:30,13.75,14.7,13.6,14.4,155767
2013-11-14 00:00:00+05:30,14.7,14.7,13.9,14.25,77046
2013-11-18 00:00:00+05:30,14.1,15.05,14.1,14.75,121927
2013-11-19 00:00:00+05:30,14.6,14.75,14.3,14.4,70128
2013-11-20 00:00:00+05:30,14.5,14.8,14.3,14.35,81012
2013-11-21 00:00:00+05:30,14.0,14.6,13.6,13.8,139043
2013-11-22 00:00:00+05:30,13.95,14.15,13.45,13.65,98008
2013-11-25 00:00:00+05:30,13.85,14.25,13.75,13.95,139584
2013-11-26 00:00:00+05:30,14.15,14.15,13.5,13.65,80001
2013-11-27 00:00:00+05:30,13.7,13.9,13.3,13.35,87812
2013-11-28 00:00:00+05:30,13.1,13.9,13.1,13.4,128980
2013-11-29 00:00:00+05:30,13.3,13.85,13.25,13.65,115139
2013-12-02 00:00:00+05:30,13.85,14.05,13.45,13.7,97438
2013-12-03 00:00:00+05:30,13.9,14.15,13.25,13.8,140357
2013-12-04 00:00:00+05:30,14.0,14.65,13.8,13.9,211525
2013-12-05 00:00:00+05:30,14.2,14.25,14.0,14.05,88244
2013-12-06 00:00:00+05:30,14.0,14.25,14.0,14.0,67789
2013-12-09 00:00:00+05:30,14.05,14.3,13.85,13.9,91698
2013-12-10 00:00:00+05:30,13.7,14.0,13.6,13.65,44473
2013-12-11 00:00:00+05:30,13.9,13.9,13.2,13.4,79194
2013-12-12 00:00:00+05:30,13.3,13.8,13.3,13.5,65219
2013-12-13 00:00:00+05:30,13.5,13.75,12.0,13.15,136796
2013-12-16 00:00:00+05:30,13.15,13.45,13.0,13.1,43285
2013-12-17 00:00:00+05:30,13.1,13.3,13.0,13.1,41778
2013-12-18 00:00:00+05:30,13.2,13.4,13.0,13.1,76462
2013-12-19 00:00:00+05:30,13.1,13.25,12.7,12.85,67525
2013-12-20 00:00:00+05:30,12.85,13.2,12.75,13.0,69531
2013-12-23 00:00:00+05:30,13.1,13.6,13.1,13.35,118913
2013-12-24 00:00:00+05:30,13.3,13.6,13.3,13.4,148067
2013-12-26 00:00:00+05:30,13.4,15.4,13.4,14.8,611544
2013-12-27 00:00:00+05:30,14.9,14.95,14.3,14.5,113362
2013-12-30 00:00:00+05:30,14.2,17.15,14.2,16.55,1303752
2013-12-31 00:00:00+05:30,17.0,19.85,17.0,19.7,2845542
2014-01-01 00:00:00+05:30,20.0,20.0,18.3,18.8,1347564
2014-01-02 00:00:00+05:30,19.0,19.4,17.5,17.85,635842
2014-01-03 00:00:00+05:30,17.85,18.3,17.15,17.45,322983
2014-01-06 00:00:00+05:30,17.4,18.55,17.3,18.15,308473
2014-01-07 00:00:00+05:30,17.9,19.0,17.9,17.95,321998
2014-01-08 00:00:00+05:30,18.05,18.3,17.6,17.75,202686
2014-01-09 00:00:00+05:30,17.8,18.4,17.0,17.0,214169
2014-01-10 00:00:00+05:30,17.0,17.5,16.15,16.3,249516
2014-01-13 00:00:00+05:30,16.0,17.05,16.0,16.55,196828
2014-01-14 00:00:00+05:30,16.5,17.0,16.1,16.5,106877
2014-01-15 00:00:00+05:30,16.1,16.9,16.1,16.45,61633
2014-01-16 00:00:00+05:30,16.5,16.8,16.25,16.4,93583
2014-01-17 00:00:00+05:30,16.5,16.5,15.4,15.5,152972
2014-01-20 00:00:00+05:30,15.5,15.9,15.5,15.55,100960
2014-01-21 00:00:00+05:30,15.5,16.25,15.3,15.95,139768
2014-01-22 00:00:00+05:30,16.1,16.1,15.7,15.75,59490
2014-01-23 00:00:00+05:30,15.95,16.55,15.5,15.85,189708
2014-01-24 00:00:00+05:30,16.0,16.2,15.55,15.65,92452
2014-01-27 00:00:00+05:30,15.45,15.45,14.5,14.55,195767
2014-01-28 00:00:00+05:30,14.3,15.0,14.3,14.7,61216
2014-01-29 00:00:00+05:30,14.85,15.1,14.3,14.4,116795
2014-01-30 00:00:00+05:30,14.3,14.75,14.0,14.1,105296
2014-01-31 00:00:00+05:30,14.15,14.45,14.0,14.2,112584
2014-02-03 00:00:00+05:30,14.05,14.6,14.05,14.5,81624
2014-02-04 00:00:00+05:30,14.25,14.5,13.8,14.25,74052
2014-02-05 00:00:00+05:30,14.05,15.0,14.05,14.75,109958
2014-02-06 00:00:00+05:30,14.7,14.95,14.5,14.7,60783
2014-02-07 00:00:00+05:30,14.75,14.8,14.5,14.6,46113
2014-02-10 00:00:00+05:30,14.6,14.8,14.45,14.5,28478
2014-02-11 00:00:00+05:30,14.5,14.75,14.25,14.45,48134
2014-02-12 00:00:00+05:30,14.5,14.75,14.5,14.5,45640
2014-02-13 00:00:00+05:30,14.7,14.7,14.15,14.25,31317
2014-02-14 00:00:00+05:30,14.25,14.5,13.95,14.1,49295
2014-02-17 00:00:00+05:30,13.9,14.5,13.75,13.9,28473
2014-02-18 00:00:00+05:30,13.95,14.4,13.8,13.9,67352
2014-02-19 00:00:00+05:30,13.8,14.1,13.75,13.9,79139
2014-02-20 00:00:00+05:30,13.8,14.0,13.75,13.85,20771
2014-02-21 00:00:00+05:30,13.7,14.5,13.7,14.05,94530
2014-02-24 00:00:00+05:30,14.3,14.35,13.7,13.8,52688
2014-02-25 00:00:00+05:30,13.9,14.15,13.75,13.85,85103
2014-02-26 00:00:00+05:30,13.7,13.9,13.65,13.7,43394
2014-02-28 00:00:00+05:30,13.5,14.15,13.5,13.8,52065
2014-03-03 00:00:00+05:30,13.65,13.95,13.5,13.75,40208
2014-03-04 00:00:00+05:30,13.6,13.9,13.6,13.7,60919
2014-03-05 00:00:00+05:30,13.85,14.1,13.75,13.9,60461
2014-03-06 00:00:00+05:30,14.0,14.55,13.9,14.2,117085
2014-03-07 00:00:00+05:30,14.35,14.75,14.2,14.35,118647
2014-03-10 00:00:00+05:30,14.5,14.75,14.35,14.6,101087
2014-03-11 00:00:00+05:30,14.5,14.85,14.45,14.5,150159
2014-03-12 00:00:00+05:30,14.3,14.6,14.2,14.35,97319
2014-03-13 00:00:00+05:30,14.4,14.7,13.95,14.1,90676
2014-03-14 00:00:00+05:30,14.0,14.05,13.7,13.75,97650
2014-03-18 00:00:00+05:30,14.35,14.35,13.6,13.7,87551
2014-03-19 00:00:00+05:30,14.25,14.25,13.8,13.9,87461
2014-03-20 00:00:00+05:30,13.9,14.05,13.65,13.75,119637
2014-03-21 00:00:00+05:30,14.0,14.0,13.7,13.75,68570
2014-03-22 00:00:00+05:30,13.95,13.95,13.65,13.85,5672
2014-03-24 00:00:00+05:30,13.85,14.1,13.7,13.75,55009
2014-03-25 00:00:00+05:30,13.65,13.85,13.6,13.65,107723
2014-03-26 00:00:00+05:30,13.55,13.95,13.35,13.4,138913
2014-03-27 00:00:00+05:30,13.45,13.9,13.45,13.7,81492
2014-03-28 00:00:00+05:30,13.6,14.15,13.55,14.0,139808
2014-03-31 00:00:00+05:30,14.15,14.8,14.1,14.3,190202
2014-04-01 00:00:00+05:30,14.5,14.85,13.6,14.65,143344
2014-04-02 00:00:00+05:30,14.7,16.4,14.7,15.9,475045
2014-04-03 00:00:00+05:30,16.15,16.15,15.1,15.25,157313
2014-04-04 00:00:00+05:30,15.25,16.2,14.95,15.5,241249
2014-04-07 00:00:00+05:30,15.5,15.9,15.4,15.75,161697
2014-04-09 00:00:00+05:30,16.0,17.55,16.0,17.15,654404
2014-04-10 00:00:00+05:30,17.1,17.75,16.3,16.95,419384
2014-04-11 00:00:00+05:30,17.2,17.5,16.45,17.15,306350
2014-04-15 00:00:00+05:30,17.15,17.4,16.7,16.75,134299
2014-04-16 00:00:00+05:30,16.5,17.15,16.0,16.15,144839
2014-04-17 00:00:00+05:30,16.35,16.95,16.3,16.4,123882
2014-04-21 00:00:00+05:30,16.25,17.8,16.25,17.4,389060
2014-04-22 00:00:00+05:30,17.6,17.9,17.05,17.1,140179
2014-04-23 00:00:00+05:30,17.2,17.7,16.95,17.05,150589
2014-04-25 00:00:00+05:30,17.55,17.55,16.6,16.8,209421
2014-04-28 00:00:00+05:30,17.2,17.4,16.8,17.0,201935
2014-04-29 00:00:00+05:30,17.0,17.35,16.6,16.8,162368
2014-04-30 00:00:00+05:30,16.9,17.3,15.8,16.0,137233
2014-05-02 00:00:00+05:30,15.5,16.5,15.5,15.95,145465
2014-05-05 00:00:00+05:30,15.8,16.5,15.6,15.7,89896
2014-05-06 00:00:00+05:30,15.95,16.4,15.75,16.0,134727
2014-05-07 00:00:00+05:30,16.0,16.3,15.85,16.0,110682
2014-05-08 00:00:00+05:30,15.8,16.25,15.65,15.9,92948
2014-05-09 00:00:00+05:30,16.0,16.45,15.75,15.85,158506
2014-05-12 00:00:00+05:30,16.0,17.0,16.0,16.35,226509
2014-05-13 00:00:00+05:30,17.0,18.2,16.4,17.85,577272
2014-05-14 00:00:00+05:30,17.6,18.4,17.35,17.85,336319
2014-05-15 00:00:00+05:30,18.0,18.3,17.5,17.65,228709
2014-05-16 00:00:00+05:30,18.0,18.25,17.35,17.65,291431
2014-05-19 00:00:00+05:30,17.0,20.1,17.0,19.7,809139
2014-05-20 00:00:00+05:30,20.8,23.5,20.05,23.15,1362026
2014-05-21 00:00:00+05:30,23.6,24.85,23.4,23.95,1194934
2014-05-22 00:00:00+05:30,24.2,28.7,23.9,28.1,1962262
2014-05-23 00:00:00+05:30,28.5,29.95,28.5,28.9,1172979
2014-05-26 00:00:00+05:30,31.75,31.75,26.05,26.05,937637
2014-05-27 00:00:00+05:30,26.0,26.0,23.45,24.15,862584
2014-05-28 00:00:00+05:30,23.9,25.75,23.9,25.1,582657
2014-05-29 00:00:00+05:30,25.3,25.3,23.95,24.2,263190
2014-05-30 00:00:00+05:30,24.25,24.6,23.6,23.75,233039
2014-06-02 00:00:00+05:30,23.75,25.15,23.75,24.75,275116
2014-06-03 00:00:00+05:30,24.25,27.2,24.25,27.2,927125
2014-06-04 00:00:00+05:30,28.0,29.9,27.1,29.9,1319628
2014-06-05 00:00:00+05:30,32.7,32.85,30.1,32.85,1433998
2014-06-06 00:00:00+05:30,34.3,34.3,31.25,31.25,484781
2014-06-09 00:00:00+05:30,31.8,31.8,29.9,31.25,348318
2014-06-10 00:00:00+05:30,31.5,32.0,29.7,30.3,265418
2014-06-11 00:00:00+05:30,30.3,31.8,29.35,30.1,218766
2014-06-12 00:00:00+05:30,30.95,30.95,28.6,28.85,154178
2014-06-13 00:00:00+05:30,28.95,28.95,27.45,27.45,136780
2014-06-16 00:00:00+05:30,26.6,26.9,26.1,26.4,132118
2015-12-28 00:00:00+05:30,15.05,15.15,14.55,14.7,79981
2015-12-29 00:00:00+05:30,14.8,17.0,14.4,16.4,1097892
2015-12-30 00:00:00+05:30,16.75,17.4,16.1,16.5,677145
2015-12-31 00:00:00+05:30,16.5,16.9,16.1,16.2,207022
2016-01-01 00:00:00+05:30,15.75,16.8,15.75,16.5,281213
2016-01-04 00:00:00+05:30,16.1,17.4,16.05,16.35,348939
2016-01-05 00:00:00+05:30,16.5,17.5,16.45,16.9,561754
2016-01-06 00:00:00+05:30,16.85,18.6,16.75,17.65,1105921
2016-01-07 00:00:00+05:30,17.45,17.5,16.0,16.15,380517
2016-01-08 00:00:00+05:30,16.3,17.2,15.8,16.3,290973
2016-01-11 00:00:00+05:30,15.9,17.0,15.85,16.35,218940
2016-01-12 00:00:00+05:30,16.4,16.8,16.05,16.15,131979
2016-01-13 00:00:00+05:30,15.65,16.45,14.25,14.9,270303
2016-01-14 00:00:00+05:30,14.5,14.85,14.1,14.45,161330
2016-01-15 00:00:00+05:30,14.6,14.9,13.35,13.5,116262
2016-01-18 00:00:00+05:30,14.0,14.75,12.2,12.45,187660
2016-01-19 00:00:00+05:30,12.1,14.0,12.1,13.75,173661
2016-01-20 00:00:00+05:30,13.8,13.95,12.75,13.05,165066
2016-01-21 00:00:00+05:30,13.35,14.3,13.2,13.35,182613
2016-01-22 00:00:00+05:30,13.95,14.0,13.55,13.7,113743
2016-01-25 00:00:00+05:30,13.75,14.1,13.5,13.9,119826
2016-01-27 00:00:00+05:30,13.95,14.15,13.6,13.7,83901
2016-01-28 00:00:00+05:30,13.65,13.95,13.4,13.65,46727
2016-01-29 00:00:00+05:30,13.95,14.0,13.45,13.65,93954
2016-02-01 00:00:00+05:30,13.65,13.85,13.1,13.45,152778
2016-02-02 00:00:00+05:30,13.85,13.85,12.85,13.1,94476
2016-02-03 00:00:00+05:30,12.9,13.05,11.7,12.4,255925
2016-02-04 00:00:00+05:30,12.75,12.9,12.1,12.3,58337
2016-02-05 00:00:00+05:30,12.25,12.8,12.1,12.5,89382
2016-02-08 00:00:00+05:30,12.5,13.35,12.3,12.65,137614
2016-02-09 00:00:00+05:30,12.4,13.05,12.05,12.9,273182
2016-02-10 00:00:00+05:30,12.7,13.05,12.4,12.85,91344
2016-02-11 00:00:00+05:30,12.7,13.1,11.5,11.85,92817
2016-02-12 00:00:00+05:30,11.75,12.0,11.0,11.2,229885
2016-02-15 00:00:00+05:30,11.25,12.3,11.25,11.7,113767
2016-02-16 00:00:00+05:30,12.0,12.0,11.35,11.4,41706
2016-02-17 00:00:00+05:30,11.75,11.9,11.3,11.75,102832
2016-02-18 00:00:00+05:30,11.65,12.4,11.25,11.45,105607
2016-02-19 00:00:00+05:30,11.35,11.7,11.35,11.55,38029
2016-02-22 00:00:00+05:30,11.8,11.9,11.6,11.7,47138
2016-02-23 00:00:00+05:30,11.55,11.85,11.3,11.5,37044
2016-02-24 00:00:00+05:30,11.3,11.7,11.3,11.35,38873
2016-02-25 00:00:00+05:30,11.25,11.75,11.0,11.2,26495
2016-02-26 00:00:00+05:30,12.0,12.0,11.25,11.3,43242
2016-02-29 00:00:00+05:30,11.0,11.65,10.95,11.05,57008
2016-03-01 00:00:00+05:30,11.1,11.85,11.1,11.45,149791
2016-03-02 00:00:00+05:30,11.6,11.95,11.6,11.85,93201
2016-03-03 00:00:00+05:30,12.0,12.35,11.85,12.15,54753
2016-03-04 00:00:00+05:30,12.35,12.55,11.7,12.1,128749
2016-03-08 00:00:00+05:30,12.35,12.5,12.0,12.0,48359
2016-03-09 00:00:00+05:30,12.0,12.3,11.95,12.0,45393
2016-03-10 00:00:00+05:30,12.0,12.9,11.85,12.1,85367
2016-03-11 00:00:00+05:30,12.25,12.45,11.75,11.85,51594
2016-03-14 00:00:00+05:30,12.0,12.25,11.5,11.7,51404
2016-03-15 00:00:00+05:30,11.5,11.9,11.1,11.5,85324
2016-03-16 00:00:00+05:30,11.4,11.7,11.05,11.45,59357
2016-03-17 00:00:00+05:30,11.7,11.95,11.3,11.35,72569
2016-03-18 00:00:00+05:30,11.7,11.85,11.3,11.35,56026
2016-03-21 00:00:00+05:30,11.7,11.7,11.2,11.3,51899
2016-03-22 00:00:00+05:30,11.3,11.55,11.1,11.45,59628
2016-03-23 00:00:00+05:30,11.65,11.65,11.25,11.5,43660
2016-03-28 00:00:00+05:30,11.5,11.65,11.2,11.3,88284
2016-03-29 00:00:00+05:30,11.2,11.5,11.1,11.1,54077
2016-03-30 00:00:00+05:30,11.2,12.0,11.2,11.7,96738
2016-03-31 00:00:00+05:30,11.8,11.95,11.55,11.7,49188
2016-04-01 00:00:00+05:30,11.5,11.9,11.5,11.7,42124
2016-04-04 00:00:00+05:30,11.65,12.1,11.6,11.9,63802
2016-04-05 00:00:00+05:30,11.35,12.7,11.35,12.3,174161
2016-04-06 00:00:00+05:30,12.3,12.5,12.05,12.2,79838
2016-04-07 00:00:00+05:30,12.35,12.65,12.1,12.2,56765
2016-04-08 00:00:00+05:30,12.1,12.45,11.9,12.1,52809
2016-04-11 00:00:00+05:30,12.0,12.4,11.85,12.2,39872
2016-04-12 00:00:00+05:30,12.4,12.7,12.2,12.6,90687
2016-04-13 00:00:00+05:30,12.6,12.9,12.4,12.5,93667
2016-04-18 00:00:00+05:30,12.1,12.8,12.1,12.3,47361
2016-04-20 00:00:00+05:30,12.2,12.65,12.2,12.45,51242
2016-04-21 00:00:00+05:30,13.0,13.05,12.35,12.35,89960
2016-04-22 00:00:00+05:30,12.6,12.65,12.15,12.3,65812
2016-04-25 00:00:00+05:30,12.3,12.45,12.15,12.25,24810
2016-04-26 00:00:00+05:30,12.15,12.55,12.1,12.35,39558
2016-04-27 00:00:00+05:30,12.35,12.55,12.25,12.4,35103
2016-04-28 00:00:00+05:30,12.2,12.55,12.2,12.25,33869
2016-04-29 00:00:00+05:30,12.2,12.45,12.05,12.1,45729
2016-05-02 00:00:00+05:30,12.2,12.4,11.9,12.05,48153
2016-05-03 00:00:00+05:30,12.15,12.35,11.8,11.9,43611
2016-05-04 00:00:00+05:30,12.3,12.3,11.6,11.75,39058
2016-05-05 00:00:00+05:30,12.0,12.2,11.5,11.6,80481
2016-05-06 00:00:00+05:30,11.6,11.85,11.5,11.7,57423
2016-05-09 00:00:00+05:30,11.65,12.0,11.3,11.35,140778
2016-05-10 00:00:00+05:30,11.55,11.55,11.2,11.3,35132
2016-05-11 00:00:00+05:30,11.05,11.5,11.05,11.35,42481
2016-05-12 00:00:00+05:30,11.35,11.4,11.25,11.3,23813
2016-05-13 00:00:00+05:30,11.05,11.55,11.05,11.3,29731
2016-05-16 00:00:00+05:30,11.2,11.9,11.2,11.65,41523
2016-05-17 00:00:00+05:30,11.6,11.65,11.3,11.45,16661
2016-05-18 00:00:00+05:30,11.4,11.7,11.3,11.4,22412
2016-05-19 00:00:00+05:30,11.3,11.6,11.3,11.35,24013
2016-05-20 00:00:00+05:30,11.5,11.8,11.05,11.1,75520
2016-05-23 00:00:00+05:30,11.15,11.45,11.05,11.15,22873
2016-05-24 00:00:00+05:30,11.4,11.4,10.9,11.0,29263
2016-05-25 00:00:00+05:30,11.0,11.3,10.9,10.95,35505
2016-05-26 00:00:00+05:30,11.1,11.1,10.7,10.95,75647
2016-05-27 00:00:00+05:30,11.4,11.4,10.65,10.95,69993
2016-05-30 00:00:00+05:30,10.75,11.35,10.75,11.0,21849
2016-05-31 00:00:00+05:30,11.0,11.4,10.85,10.95,74554
2016-06-01 00:00:00+05:30,11.3,11.4,10.8,10.9,75104
2016-06-02 00:00:00+05:30,11.0,11.05,10.75,10.8,39465
2016-06-03 00:00:00+05:30,11.05,11.25,10.6,10.7,46006
2016-06-06 00:00:00+05:30,11.0,11.0,10.7,10.75,34825
2016-06-07 00:00:00+05:30,11.0,11.0,10.7,10.75,32547
2016-06-08 00:00:00+05:30,10.7,11.65,10.7,11.5,200022
2016-06-09 00:00:00+05:30,11.45,11.5,11.1,11.25,27388
2016-06-10 00:00:00+05:30,11.2,11.6,11.0,11.2,79610
2016-06-13 00:00:00+05:30,11.2,11.25,10.9,11.25,55571
2016-06-14 00:00:00+05:30,11.5,12.0,11.05,11.7,272283
2016-06-15 00:00:00+05:30,11.75,11.95,11.55,11.65,74261
2016-06-16 00:00:00+05:30,11.4,11.8,11.25,11.55,55840
2016-06-17 00:00:00+05:30,11.6,11.75,11.3,11.45,82134
2016-06-20 00:00:00+05:30,11.4,11.75,11.4,11.65,44771
2016-06-21 00:00:00+05:30,11.8,12.1,11.55,11.7,102219
2016-06-22 00:00:00+05:30,11.55,11.9,11.4,11.45,56822
2016-06-23 00:00:00+05:30,11.7,11.7,11.25,11.35,31032
2016-06-24 00:00:00+05:30,11.25,11.25,10.65,10.85,147452
2016-06-27 00:00:00+05:30,11.45,11.45,10.8,10.85,88128
2016-06-28 00:00:00+05:30,11.15,11.3,10.8,10.9,80682
2016-06-29 00:00:00+05:30,11.05,11.9,10.95,11.55,267761
2016-06-30 00:00:00+05:30,12.0,12.8,11.65,12.4,646544
2016-07-01 00:00:00+05:30,12.5,12.8,12.25,12.35,138114
2016-07-04 00:00:00+05:30,12.25,12.75,12.05,12.15,122690
2016-07-05 00:00:00+05:30,12.3,13.35,12.0,12.9,543763
2016-07-07 00:00:00+05:30,12.9,15.35,12.9,14.7,2651626
2016-07-08 00:00:00+05:30,14.7,14.9,13.75,13.9,423594
2016-07-11 00:00:00+05:30,13.9,14.4,13.75,13.85,161696
2016-07-12 00:00:00+05:30,13.8,14.25,13.45,13.55,175876
2016-07-13 00:00:00+05:30,13.75,13.75,13.0,13.1,226273
2016-07-14 00:00:00+05:30,13.15,13.65,13.1,13.45,246144
2016-07-15 00:00:00+05:30,13.55,13.85,12.95,13.25,167274
2016-07-18 00:00:00+05:30,13.3,13.65,12.85,12.9,128583
2016-07-19 00:00:00+05:30,13.0,13.1,12.5,12.6,80055
2016-07-20 00:00:00+05:30,12.5,12.9,12.5,12.75,62378
2016-07-21 00:00:00+05:30,12.6,12.95,12.55,12.6,67675
2016-07-22 00:00:00+05:30,12.6,12.8,12.45,12.6,61284
2016-07-25 00:00:00+05:30,12.65,13.25,12.05,12.75,186666
2016-07-26 00:00:00+05:30,12.9,12.95,12.5,12.55,100078
2016-07-27 00:00:00+05:30,12.5,12.85,12.5,12.55,53372
2016-07-28 00:00:00+05:30,12.4,12.8,12.4,12.5,89931
2016-07-29 00:00:00+05:30,12.65,12.65,12.2,12.25,97578
2016-08-01 00:00:00+05:30,12.55,12.55,12.2,12.45,143872
2016-08-02 00:00:00+05:30,12.45,12.7,12.25,12.3,78826
2016-08-03 00:00:00+05:30,12.3,12.45,11.9,11.95,119860
2016-08-04 00:00:00+05:30,11.95,12.15,11.8,11.85,60913
2016-08-05 00:00:00+05:30,12.1,12.3,11.85,12.05,95915
2016-08-08 00:00:00+05:30,12.1,12.5,11.85,12.0,67427
2016-08-09 00:00:00+05:30,12.05,12.3,11.55,12.0,41048
2016-08-10 00:00:00+05:30,11.85,12.15,11.7,11.75,50874
2016-08-11 00:00:00+05:30,12.0,12.0,11.5,11.6,98574
2016-08-12 00:00:00+05:30,11.5,11.95,11.45,11.5,82447
2016-08-16 00:00:00+05:30,11.6,11.75,11.35,11.4,36577
2016-08-17 00:00:00+05:30,11.25,11.5,11.1,11.15,59610
2016-08-18 00:00:00+05:30,11.75,11.75,11.2,11.4,113368
2016-08-19 00:00:00+05:30,11.7,11.7,11.25,11.4,122599
2016-08-22 00:00:00+05:30,11.75,11.75,11.4,11.4,95750
2016-08-23 00:00:00+05:30,11.55,11.6,11.3,11.45,119028
2016-08-24 00:00:00+05:30,11.65,11.65,11.3,11.35,117941
2016-08-25 00:00:00+05:30,11.65,11.65,11.2,11.3,58431
2016-08-26 00:00:00+05:30,11.4,11.5,11.1,11.2,69886
2016-08-29 00:00:00+05:30,11.3,11.3,11.0,11.1,45963
2016-08-30 00:00:00+05:30,11.3,11.5,11.1,11.3,81195
2016-08-31 00:00:00+05:30,11.35,11.65,11.35,11.4,42886
2016-09-01 00:00:00+05:30,11.55,13.1,11.5,12.5,947206
2016-09-02 00:00:00+05:30,12.8,13.6,11.85,12.4,970267
2016-09-06 00:00:00+05:30,12.35,12.7,12.0,12.1,165334
2016-09-07 00:00:00+05:30,12.1,12.6,12.05,12.15,196150
2016-09-08 00:00:00+05:30,12.0,12.9,12.0,12.5,281528
2016-09-09 00:00:00+05:30,12.5,12.9,12.2,12.45,325096
2016-09-12 00:00:00+05:30,12.2,12.45,12.0,12.1,194805
2016-09-14 00:00:00+05:30,12.3,12.3,11.8,11.95,97684
2016-09-15 00:00:00+05:30,12.45,12.45,11.75,11.85,224629
2016-09-16 00:00:00+05:30,12.3,12.3,11.7,11.75,132302
2016-09-19 00:00:00+05:30,11.75,12.0,11.6,11.65,79597
2016-09-20 00:00:00+05:30,11.9,12.45,11.85,12.05,316376
2016-09-21 00:00:00+05:30,12.05,13.7,12.05,13.2,1800248
2016-09-22 00:00:00+05:30,13.7,13.75,13.2,13.3,485996
2016-09-23 00:00:00+05:30,14.0,14.35,13.6,13.75,1249489
2016-09-26 00:00:00+05:30,13.95,14.3,13.35,13.75,605916
2016-09-27 00:00:00+05:30,13.95,14.2,13.75,13.8,578134
2016-09-28 00:00:00+05:30,13.8,16.55,13.8,16.55,2356637
2016-09-29 00:00:00+05:30,18.05,19.65,16.55,17.25,6322323
2016-09-30 00:00:00+05:30,18.0,20.7,17.9,20.7,4024530
2016-10-03 00:00:00+05:30,22.0,22.75,21.35,22.75,3283272
2016-10-04 00:00:00+05:30,23.8,24.6,22.75,23.05,4226558
2016-10-05 00:00:00+05:30,23.15,23.85,20.75,21.3,2833844
2016-10-06 00:00:00+05:30,21.0,21.0,19.2,19.2,2053337
2016-10-07 00:00:00+05:30,18.8,21.1,18.25,20.55,3494793
2016-10-10 00:00:00+05:30,20.85,20.9,19.4,20.05,1215841
2016-10-13 00:00:00+05:30,20.05,20.3,18.75,19.4,852056
2016-10-14 00:00:00+05:30,19.35,20.3,18.0,18.15,963302
2016-10-17 00:00:00+05:30,18.0,18.25,16.35,16.7,1126585
2016-10-18 00:00:00+05:30,16.95,18.35,16.75,18.25,1266903
2016-10-19 00:00:00+05:30,18.9,18.95,17.5,17.8,1051856
2016-10-20 00:00:00+05:30,18.05,18.2,17.1,17.65,470212
2016-10-21 00:00:00+05:30,18.1,19.4,17.65,19.4,2379574
2016-10-24 00:00:00+05:30,20.35,20.4,18.75,19.1,752463
2016-10-25 00:00:00+05:30,19.0,20.1,18.1,18.6,908305
2016-10-26 00:00:00+05:30,18.6,19.7,18.2,18.85,733712
2016-10-27 00:00:00+05:30,18.85,19.0,17.9,18.3,393724
2016-10-28 00:00:00+05:30,18.55,18.9,17.95,18.05,390708
2016-10-30 00:00:00+05:30,18.4,18.55,18.2,18.3,110641
2016-11-01 00:00:00+05:30,18.3,18.6,17.9,18.0,271633
2016-11-02 00:00:00+05:30,17.8,17.8,16.65,16.95,586891
2016-11-03 00:00:00+05:30,17.2,17.6,16.65,16.75,351325
2016-11-04 00:00:00+05:30,17.0,17.2,15.8,16.15,536446
2016-11-07 00:00:00+05:30,16.5,17.1,16.4,16.55,255308
2016-11-08 00:00:00+05:30,16.85,16.9,16.25,16.6,140520
2016-11-09 00:00:00+05:30,13.6,15.4,13.3,15.1,436436
2016-11-10 00:00:00+05:30,15.8,16.5,15.4,15.95,210441
2016-11-11 00:00:00+05:30,15.95,15.95,14.7,15.0,291412
2016-11-15 00:00:00+05:30,15.0,15.0,13.8,13.9,183302
2016-11-16 00:00:00+05:30,14.4,14.55,13.5,13.6,195916
2016-11-17 00:00:00+05:30,13.95,13.95,12.6,13.0,308189
2016-11-18 00:00:00+05:30,13.3,13.6,12.7,13.35,306138
2016-11-21 00:00:00+05:30,13.45,13.85,13.0,13.2,234273
2016-11-22 00:00:00+05:30,13.5,13.7,13.25,13.55,163649
2016-11-23 00:00:00+05:30,13.6,16.25,13.55,16.25,853288
2016-11-24 00:00:00+05:30,16.6,18.75,16.3,17.7,1598870
2016-11-25 00:00:00+05:30,18.4,18.6,17.05,17.5,606518
2016-11-28 00:00:00+05:30,17.25,18.2,17.2,17.7,261150
2016-11-29 00:00:00+05:30,18.0,18.0,15.5,17.15,380172
2016-11-30 00:00:00+05:30,17.55,17.95,16.55,17.7,375197
2016-12-01 00:00:00+05:30,17.3,18.6,17.3,17.6,369703
2016-12-02 00:00:00+05:30,17.75,17.75,16.8,17.0,215735
2016-12-05 00:00:00+05:30,17.45,17.6,16.9,17.1,128680
2016-12-06 00:00:00+05:30,17.1,17.7,17.0,17.1,156178
2016-12-07 00:00:00+05:30,17.4,17.45,16.5,16.75,188229
2016-12-08 00:00:00+05:30,17.0,17.0,16.55,16.6,143924
2016-12-09 00:00:00+05:30,16.8,17.2,16.4,16.6,187002
2016-12-12 00:00:00+05:30,16.75,16.8,16.1,16.35,168023
2016-12-13 00:00:00+05:30,16.45,16.75,16.1,16.45,128188
2016-12-14 00:00:00+05:30,16.7,16.7,15.6,16.15,124892
2016-12-15 00:00:00+05:30,16.05,16.25,15.8,16.1,118839
2016-12-16 00:00:00+05:30,16.1,16.2,15.7,15.8,88864
2016-12-19 00:00:00+05:30,15.95,15.95,15.4,15.5,94475
2016-12-20 00:00:00+05:30,15.5,15.8,15.1,15.15,91269
2016-12-21 00:00:00+05:30,15.25,17.25,15.0,16.6,952499
2016-12-22 00:00:00+05:30,16.95,17.9,16.25,17.3,897567
2016-12-23 00:00:00+05:30,17.5,17.5,16.2,16.3,253486
2016-12-26 00:00:00+05:30,16.15,16.6,15.25,15.5,215772
2016-12-27 00:00:00+05:30,15.3,16.2,15.1,15.9,265398
2016-12-28 00:00:00+05:30,15.8,16.45,15.7,16.15,294248
2016-12-29 00:00:00+05:30,16.0,17.8,16.0,16.8,562424
2016-12-30 00:00:00+05:30,17.0,17.25,16.6,16.7,161776
2017-01-02 00:00:00+05:30,16.75,17.0,16.55,16.8,103331
2017-01-03 00:00:00+05:30,16.9,17.0,16.5,16.75,148135
2017-01-04 00:00:00+05:30,16.95,16.95,16.45,16.55,89710
2017-01-05 00:00:00+05:30,16.5,17.2,16.5,16.85,185418
2017-01-06 00:00:00+05:30,17.0,17.2,16.25,16.45,156023
2017-01-09 00:00:00+05:30,16.55,16.95,16.0,16.5,86105
2017-01-10 00:00:00+05:30,16.5,16.9,16.5,16.65,181677
2017-01-11 00:00:00+05:30,16.65,17.3,16.65,17.15,266139
2017-01-12 00:00:00+05:30,17.15,17.3,16.85,17.0,91825
2017-01-13 00:00:00+05:30,17.1,17.1,16.6,16.75,85638
2017-01-16 00:00:00+05:30,16.8,17.7,16.65,17.2,454944
2017-01-17 00:00:00+05:30,17.6,17.65,16.85,16.9,173388
2017-01-18 00:00:00+05:30,17.0,17.15,16.7,16.8,119023
2017-01-19 00:00:00+05:30,16.95,17.05,16.7,16.7,58852
2017-01-20 00:00:00+05:30,16.6,16.9,16.1,16.25,139933
2017-01-23 00:00:00+05:30,16.35,16.6,16.1,16.25,75903
2017-01-24 00:00:00+05:30,16.45,16.6,15.9,16.05,205668
2017-01-25 00:00:00+05:30,16.05,16.4,15.9,16.0,131364
2017-01-27 00:00:00+05:30,16.0,16.7,16.0,16.2,250276
2017-01-30 00:00:00+05:30,16.25,17.35,16.1,16.65,419577
2017-01-31 00:00:00+05:30,16.75,17.1,16.05,16.2,253641
2017-02-01 00:00:00+05:30,16.5,16.55,16.0,16.15,108192
2017-02-02 00:00:00+05:30,16.15,16.35,15.9,16.05,160811
2017-02-03 00:00:00+05:30,16.1,17.2,16.05,16.8,440170
2017-02-06 00:00:00+05:30,16.8,18.5,16.8,17.45,731780
2017-02-07 00:00:00+05:30,17.65,17.8,17.15,17.35,141122
2017-02-08 00:00:00+05:30,17.2,18.9,17.1,18.1,808798
2017-02-09 00:00:00+05:30,18.15,18.6,17.8,17.9,234056
2017-02-10 00:00:00+05:30,18.0,18.2,17.1,17.45,107765
2017-02-13 00:00:00+05:30,17.5,17.65,17.1,17.2,94869
2017-02-14 00:00:00+05:30,17.2,17.3,16.5,16.65,174246
2017-02-15 00:00:00+05:30,16.65,16.85,16.0,16.25,99196
2017-02-16 00:00:00+05:30,16.25,16.8,16.1,16.55,59939
2017-02-17 00:00:00+05:30,16.25,16.9,16.25,16.45,117827
2017-02-20 00:00:00+05:30,16.5,17.45,16.1,17.15,215942
2017-02-21 00:00:00+05:30,17.15,17.7,16.6,16.85,102284
2017-02-22 00:00:00+05:30,17.0,17.6,16.5,17.05,221090
2017-02-23 00:00:00+05:30,17.05,19.15,16.8,18.6,1797365
2017-02-27 00:00:00+05:30,18.8,19.85,18.4,19.05,1088042
2017-02-28 00:00:00+05:30,19.05,19.7,18.4,18.7,400106
2017-03-01 00:00:00+05:30,18.95,20.15,18.7,19.1,882641
2017-03-02 00:00:00+05:30,19.2,19.75,18.2,18.3,592241
2017-03-03 00:00:00+05:30,18.4,18.7,18.1,18.2,206016
2017-03-06 00:00:00+05:30,18.25,18.8,16.5,17.7,299032
2017-03-07 00:00:00+05:30,17.8,18.25,17.5,17.6,132847
2017-03-08 00:00:00+05:30,17.7,17.9,16.85,17.0,170691
2017-03-09 00:00:00+05:30,17.0,17.4,16.65,17.0,135135
2017-03-10 00:00:00+05:30,17.2,17.45,16.9,17.0,151463
2017-03-14 00:00:00+05:30,17.4,17.6,16.75,16.85,180894
2017-03-15 00:00:00+05:30,16.8,19.1,16.75,18.9,1438898
2017-03-16 00:00:00+05:30,19.0,20.0,18.0,18.1,1730822
2017-03-17 00:00:00+05:30,18.25,18.4,17.5,17.65,317637
2017-03-20 00:00:00+05:30,17.7,18.5,17.5,17.9,294154
2017-03-21 00:00:00+05:30,18.0,18.15,17.5,17.6,132236
2017-03-22 00:00:00+05:30,17.3,17.55,17.1,17.2,151994
2017-03-23 00:00:00+05:30,17.3,17.8,17.1,17.25,284080
2017-03-24 00:00:00+05:30,17.5,17.5,17.1,17.15,112417
2017-03-27 00:00:00+05:30,17.3,17.5,16.4,16.9,180460
2017-03-28 00:00:00+05:30,17.1,17.35,16.8,16.85,133048
2017-03-29 00:00:00+05:30,17.25,17.25,16.55,16.7,131899
2017-03-30 00:00:00+05:30,17.0,17.7,16.8,17.4,435900
2017-03-31 00:00:00+05:30,17.3,17.55,17.05,17.15,164321
2017-04-03 00:00:00+05:30,17.2,17.5,17.0,17.15,137584
2017-04-05 00:00:00+05:30,17.4,18.2,17.2,17.5,315900
2017-04-06 00:00:00+05:30,17.5,18.5,17.3,17.65,421433
2017-04-07 00:00:00+05:30,17.65,18.15,17.5,17.65,220632
2017-04-10 00:00:00+05:30,17.5,18.3,17.5,17.6,112669
2017-04-11 00:00:00+05:30,17.8,18.4,17.65,17.8,179084
2017-04-12 00:00:00+05:30,18.0,18.0,17.0,17.25,250383
2017-04-13 00:00:00+05:30,17.35,17.5,17.0,17.1,139850
2017-04-17 00:00:00+05:30,17.3,17.9,16.5,17.7,246880
2017-04-18 00:00:00+05:30,17.95,18.15,17.25,17.35,287509
2017-04-19 00:00:00+05:30,17.6,17.8,17.1,17.4,105390
2017-04-20 00:00:00+05:30,17.2,17.6,17.15,17.4,63378
2017-04-21 00:00:00+05:30,17.35,17.7,17.2,17.25,175330
2017-04-24 00:00:00+05:30,17.3,18.2,17.3,17.45,207937
2017-04-25 00:00:00+05:30,17.6,17.8,17.2,17.3,217771
2017-04-26 00:00:00+05:30,17.3,19.25,17.3,17.65,1140745
2017-04-27 00:00:00+05:30,17.65,18.3,17.25,17.75,608120
2017-04-28 00:00:00+05:30,17.85,17.9,17.45,17.5,304768
2017-05-02 00:00:00+05:30,17.6,17.65,17.05,17.1,246936
2017-05-03 00:00:00+05:30,17.25,17.35,17.0,17.1,114993
2017-05-04 00:00:00+05:30,17.1,17.5,17.05,17.1,134320
2017-05-05 00:00:00+05:30,17.15,17.25,16.7,16.8,179305
2017-05-08 00:00:00+05:30,16.95,17.8,16.55,16.8,405667
2017-05-09 00:00:00+05:30,16.95,17.15,16.6,16.85,200424
2017-05-10 00:00:00+05:30,16.95,17.2,16.85,17.0,103887
2017-05-11 00:00:00+05:30,16.9,17.25,16.6,16.6,267313
2017-05-12 00:00:00+05:30,16.65,16.75,16.3,16.35,257757
2017-05-15 00:00:00+05:30,16.5,17.1,15.85,16.5,493686
2017-05-16 00:00:00+05:30,16.6,16.7,16.2,16.3,116797
2017-05-17 00:00:00+05:30,16.3,16.65,16.15,16.2,127239
2017-05-18 00:00:00+05:30,16.2,16.35,16.0,16.0,134134
2017-05-19 00:00:00+05:30,16.15,16.3,15.5,15.65,167589
2017-05-22 00:00:00+05:30,15.65,15.85,14.95,15.1,183076
2017-05-23 00:00:00+05:30,15.5,15.5,14.35,14.5,203234
2017-05-24 00:00:00+05:30,14.85,14.85,14.0,14.1,158272
2017-05-25 00:00:00+05:30,14.4,14.65,14.0,14.45,92727
2017-05-26 00:00:00+05:30,14.4,15.1,14.0,14.85,175066
2017-05-29 00:00:00+05:30,15.05,15.1,14.15,14.2,109021
2017-05-30 00:00:00+05:30,14.15,14.35,13.75,14.05,108560
2017-05-31 00:00:00+05:30,14.0,14.2,13.75,13.95,146709
2017-06-01 00:00:00+05:30,14.0,14.2,13.7,13.9,68325
2017-06-02 00:00:00+05:30,13.75,14.6,13.75,14.2,224751
2017-06-05 00:00:00+05:30,14.05,14.4,14.05,14.15,68052
2017-06-06 00:00:00+05:30,14.2,14.25,13.9,13.95,35600
2017-06-07 00:00:00+05:30,14.0,14.05,13.75,13.85,51576
2017-06-08 00:00:00+05:30,14.0,14.0,13.55,13.7,60225
2017-06-09 00:00:00+05:30,13.6,13.8,13.5,13.6,92392
2017-06-12 00:00:00+05:30,13.5,13.7,13.2,13.6,60160
2017-06-13 00:00:00+05:30,13.5,13.85,13.25,13.55,70800
2017-06-14 00:00:00+05:30,13.25,13.5,13.25,13.3,76762
2017-06-15 00:00:00+05:30,13.7,13.7,13.0,13.15,127077
2017-06-16 00:00:00+05:30,13.15,13.55,13.15,13.3,113243
2017-06-19 00:00:00+05:30,13.2,13.35,12.8,13.0,87400
2017-06-20 00:00:00+05:30,13.0,13.2,12.65,12.85,75323
2017-06-21 00:00:00+05:30,12.65,13.3,12.65,12.85,198578
2017-06-22 00:00:00+05:30,12.85,13.15,12.8,12.85,123346
2017-06-23 00:00:00+05:30,13.0,13.2,12.7,12.8,75860
2017-06-27 00:00:00+05:30,12.85,12.95,12.6,12.7,42469
2017-06-28 00:00:00+05:30,12.6,12.8,12.55,12.7,52174
2017-06-29 00:00:00+05:30,12.65,12.95,12.6,12.8,32017
2017-06-30 00:00:00+05:30,12.6,12.9,12.6,12.75,61560
2017-07-03 00:00:00+05:30,12.7,13.6,12.5,13.05,183132
2017-07-04 00:00:00+05:30,12.85,13.8,12.85,13.35,161344
2017-07-05 00:00:00+05:30,13.4,13.65,13.2,13.5,117595
2017-07-06 00:00:00+05:30,13.3,14.2,13.3,13.75,261175
2017-07-07 00:00:00+05:30,14.0,15.65,13.15,14.9,610423
2017-07-10 00:00:00+05:30,14.85,15.25,14.3,14.9,72701
2017-07-11 00:00:00+05:30,16.8,17.85,15.9,17.4,6474463
2017-07-12 00:00:00+05:30,17.45,17.6,16.25,16.6,1522114
2017-07-13 00:00:00+05:30,16.6,17.3,16.1,16.4,1016143
2017-07-14 00:00:00+05:30,16.35,17.3,15.4,15.7,1595423
2017-07-17 00:00:00+05:30,17.1,17.7,16.5,17.05,2020147
2017-07-18 00:00:00+05:30,17.2,17.2,16.25,16.4,495941
2017-07-19 00:00:00+05:30,16.65,16.95,16.0,16.85,549255
2017-07-20 00:00:00+05:30,16.75,16.85,16.3,16.55,225960
2017-07-21 00:00:00+05:30,16.75,17.6,16.35,16.95,755279
2017-07-24 00:00:00+05:30,17.15,17.9,16.75,16.95,824399
2017-07-25 00:00:00+05:30,17.0,17.4,16.55,16.8,364530
2017-07-26 00:00:00+05:30,17.05,18.5,16.8,18.1,3525050
2017-07-27 00:00:00+05:30,18.4,18.85,17.15,17.3,1615135
2017-07-28 00:00:00+05:30,17.2,17.5,16.8,17.25,518164
2017-07-31 00:00:00+05:30,17.2,17.4,16.9,16.95,296163
2017-08-01 00:00:00+05:30,17.0,17.6,16.9,17.25,468232
2017-08-02 00:00:00+05:30,17.05,17.4,16.7,16.8,274738
2017-08-03 00:00:00+05:30,17.2,17.2,16.15,16.2,289302
2017-08-04 00:00:00+05:30,16.3,16.45,15.75,15.85,181093
2017-08-07 00:00:00+05:30,16.5,16.6,15.85,16.1,291083
2017-08-08 00:00:00+05:30,16.25,17.9,15.25,16.85,1119264
2017-08-09 00:00:00+05:30,16.3,16.5,15.6,15.8,445248
2017-08-10 00:00:00+05:30,15.8,16.0,14.2,14.55,307066
2017-08-11 00:00:00+05:30,14.05,14.7,13.85,14.45,206956
2017-08-14 00:00:00+05:30,14.5,16.55,14.2,16.0,588382
2017-08-16 00:00:00+05:30,16.2,16.4,15.65,15.75,167196
2017-08-17 00:00:00+05:30,15.7,16.2,15.7,15.85,121676
2017-08-18 00:00:00+05:30,15.6,15.75,15.35,15.55,90852
2017-08-21 00:00:00+05:30,15.45,15.95,15.3,15.35,98583
2017-08-22 00:00:00+05:30,15.35,16.2,14.75,15.0,240109
2017-08-23 00:00:00+05:30,15.35,15.75,15.0,15.1,137909
2017-08-24 00:00:00+05:30,15.25,15.4,15.0,15.05,112893
2017-08-28 00:00:00+05:30,15.15,15.55,15.1,15.2,84412
2017-08-29 00:00:00+05:30,15.2,15.2,14.6,14.7,118087
2017-08-30 00:00:00+05:30,15.1,15.6,14.9,15.2,219471
2017-08-31 00:00:00+05:30,15.2,15.4,15.0,15.1,92456
2017-09-01 00:00:00+05:30,15.05,15.9,15.05,15.35,354661
2017-09-04 00:00:00+05:30,15.35,15.6,14.6,15.1,329619
2017-09-05 00:00:00+05:30,15.25,15.85,15.15,15.4,356841
2017-09-06 00:00:00+05:30,15.2,17.9,15.1,17.1,2062109
2017-09-07 00:00:00+05:30,17.3,17.9,16.75,17.05,673830
2017-09-08 00:00:00+05:30,17.25,17.3,16.1,16.3,418247
2017-09-11 00:00:00+05:30,16.6,16.75,15.95,16.15,343365
2017-09-12 00:00:00+05:30,16.35,16.4,16.05,16.2,189203
2017-09-13 00:00:00+05:30,16.1,16.4,15.8,15.9,144268
2017-09-14 00:00:00+05:30,16.2,17.2,15.95,16.5,626930
2017-09-15 00:00:00+05:30,16.25,17.2,16.15,16.45,543111
2017-09-18 00:00:00+05:30,16.5,17.65,16.5,16.75,721966
2017-09-19 00:00:00+05:30,16.8,17.3,16.35,16.6,567405
2017-09-20 00:00:00+05:30,16.6,17.2,16.4,16.5,258124
2017-09-21 00:00:00+05:30,16.75,16.75,16.1,16.25,159384
2017-09-22 00:00:00+05:30,16.25,16.3,15.45,15.5,175107
2017-09-25 00:00:00+05:30,15.9,15.9,14.6,15.0,127922
2017-09-26 00:00:00+05:30,15.0,15.6,14.65,15.05,131670
2017-09-27 00:00:00+05:30,15.3,15.35,14.75,14.9,126548
2017-09-28 00:00:00+05:30,14.7,15.15,14.7,14.85,118146
2017-09-29 00:00:00+05:30,15.1,15.3,14.7,14.85,107074
2017-10-03 00:00:00+05:30,15.0,15.45,14.2,14.3,203774
2017-10-04 00:00:00+05:30,14.35,14.6,14.2,14.4,163317
2017-10-05 00:00:00+05:30,14.4,14.6,14.2,14.4,107697
2017-10-06 00:00:00+05:30,14.6,14.85,14.45,14.65,89730
2017-10-09 00:00:00+05:30,14.65,14.9,14.5,14.6,77134
2017-10-10 00:00:00+05:30,14.4,14.75,14.35,14.5,87786
2017-10-11 00:00:00+05:30,14.65,14.7,14.25,14.5,108715
2017-10-12 00:00:00+05:30,14.65,14.8,14.4,14.5,74197
2017-10-13 00:00:00+05:30,14.5,14.8,14.45,14.5,70768
2017-10-16 00:00:00+05:30,14.45,14.75,14.3,14.35,78729
2017-10-17 00:00:00+05:30,14.65,16.2,14.45,15.55,851240
2017-10-18 00:00:00+05:30,15.5,15.65,15.15,15.35,118078
2017-10-19 00:00:00+05:30,15.9,15.9,14.8,15.3,31812
2017-10-23 00:00:00+05:30,15.3,16.25,15.25,15.95,389549
2017-10-24 00:00:00+05:30,15.95,16.25,15.55,15.65,157552
2017-10-25 00:00:00+05:30,15.6,16.55,15.6,15.7,444661
2017-10-26 00:00:00+05:30,15.85,16.65,15.5,16.05,563407
2017-10-27 00:00:00+05:30,16.4,16.4,15.7,15.8,114155
2017-10-30 00:00:00+05:30,15.95,16.45,15.5,16.0,379905
2017-10-31 00:00:00+05:30,16.3,16.5,15.75,15.8,329386
2017-11-01 00:00:00+05:30,16.0,16.25,15.9,15.95,174305
2017-11-02 00:00:00+05:30,15.95,16.3,15.05,15.55,669284
2017-11-03 00:00:00+05:30,15.7,16.6,15.7,16.1,518239
2017-11-06 00:00:00+05:30,16.1,16.45,16.0,16.15,201838
2017-11-07 00:00:00+05:30,16.35,16.45,15.7,15.9,227025
2017-11-08 00:00:00+05:30,16.0,16.0,14.7,14.8,441826
2017-11-09 00:00:00+05:30,14.95,15.1,14.35,14.55,230647
2017-11-10 00:00:00+05:30,14.55,14.55,14.35,14.4,148225
2017-11-13 00:00:00+05:30,14.5,14.75,14.2,14.3,152354
2017-11-14 00:00:00+05:30,14.25,14.45,14.0,14.15,129342
2017-11-15 00:00:00+05:30,14.15,14.4,13.65,13.75,141591
2017-11-16 00:00:00+05:30,13.75,14.45,13.75,14.2,128551
2017-11-17 00:00:00+05:30,15.35,15.45,14.6,14.75,453075
2017-11-20 00:00:00+05:30,14.9,14.9,14.4,14.7,116577
2017-11-21 00:00:00+05:30,14.7,14.95,14.35,14.6,121984
2017-11-22 00:00:00+05:30,14.55,15.5,14.55,14.75,145889
2017-11-23 00:00:00+05:30,14.6,15.0,14.5,14.6,73683
2017-11-24 00:00:00+05:30,14.85,14.85,14.6,14.7,63954
2017-11-27 00:00:00+05:30,14.85,14.85,14.55,14.7,128966
2017-11-28 00:00:00+05:30,14.85,15.1,14.5,14.65,174610
2017-11-29 00:00:00+05:30,14.7,15.25,14.6,15.15,269432
2017-11-30 00:00:00+05:30,15.05,15.45,14.9,15.0,144553
2017-12-01 00:00:00+05:30,15.0,15.25,14.45,14.6,126028
2017-12-04 00:00:00+05:30,14.55,15.0,14.35,14.4,48722
2017-12-05 00:00:00+05:30,14.4,14.7,14.3,14.4,57528
2017-12-06 00:00:00+05:30,14.35,14.55,14.2,14.25,43522
2017-12-07 00:00:00+05:30,14.3,14.65,14.3,14.45,79810
2017-12-08 00:00:00+05:30,14.6,14.9,14.5,14.55,134198
2017-12-11 00:00:00+05:30,14.4,14.85,14.4,14.5,187244
2017-12-12 00:00:00+05:30,14.45,14.6,14.3,14.35,107769
2017-12-13 00:00:00+05:30,14.5,14.5,14.25,14.3,65698
2017-12-14 00:00:00+05:30,14.4,14.4,13.8,14.1,113100
2017-12-15 00:00:00+05:30,14.3,14.55,13.95,14.0,88848
2017-12-18 00:00:00+05:30,14.0,14.2,13.8,13.9,82872
2017-12-19 00:00:00+05:30,14.1,14.2,13.85,14.05,119814
2017-12-20 00:00:00+05:30,14.1,14.8,13.95,14.35,547582
2017-12-21 00:00:00+05:30,14.35,15.85,14.3,15.05,677114
2017-12-22 00:00:00+05:30,15.45,15.8,15.15,15.25,291071
2017-12-26 00:00:00+05:30,15.6,16.2,15.15,15.7,502212
2017-12-27 00:00:00+05:30,15.7,16.15,15.25,15.35,375506
2017-12-28 00:00:00+05:30,15.5,16.7,15.2,15.8,627932
2017-12-29 00:00:00+05:30,16.0,17.9,16.0,17.25,2103740
2018-01-01 00:00:00+05:30,17.5,19.3,16.8,17.8,2437552
2018-01-02 00:00:00+05:30,18.15,18.7,16.95,17.65,1005503
2018-01-03 00:00:00+05:30,17.8,18.5,17.65,17.95,667428
2018-01-04 00:00:00+05:30,18.4,18.4,17.75,17.85,501680
2018-01-05 00:00:00+05:30,18.15,19.7,18.05,18.7,1922238
2018-01-08 00:00:00+05:30,19.0,19.0,18.1,18.2,671133
2018-01-09 00:00:00+05:30,18.25,18.3,17.45,17.65,384042
2018-01-10 00:00:00+05:30,17.9,18.05,17.35,17.6,402439
2018-01-11 00:00:00+05:30,17.6,17.75,17.35,17.5,289442
2018-01-12 00:00:00+05:30,17.5,18.2,16.9,17.3,892345
2018-01-15 00:00:00+05:30,17.5,17.75,17.2,17.25,227770
2018-01-16 00:00:00+05:30,17.4,17.4,16.0,16.1,306006
2018-01-17 00:00:00+05:30,16.15,16.2,15.55,16.0,219971
2018-01-18 00:00:00+05:30,16.35,16.35,15.15,15.3,234553
2018-01-19 00:00:00+05:30,15.5,15.5,14.75,15.1,165927
2018-01-22 00:00:00+05:30,15.0,15.7,14.85,15.0,130164
2018-01-23 00:00:00+05:30,15.25,15.4,14.75,14.8,174617
2018-01-24 00:00:00+05:30,14.9,15.0,14.7,14.8,111898
2018-01-25 00:00:00+05:30,15.0,15.0,14.35,14.45,186207
2018-01-29 00:00:00+05:30,14.1,14.55,13.8,14.0,202915
2018-01-30 00:00:00+05:30,13.8,14.5,13.7,14.25,289571
2018-01-31 00:00:00+05:30,14.35,14.85,14.0,14.1,115096
2018-02-01 00:00:00+05:30,14.45,14.45,14.05,14.1,79991
2018-02-02 00:00:00+05:30,14.1,14.1,13.0,13.15,405184
2018-02-05 00:00:00+05:30,13.1,13.5,12.55,13.4,201400
2018-02-06 00:00:00+05:30,12.9,13.4,12.7,13.1,213482
2018-02-07 00:00:00+05:30,13.45,13.8,13.3,13.45,202005
2018-02-08 00:00:00+05:30,13.45,13.9,13.45,13.8,149813
2018-02-09 00:00:00+05:30,13.5,13.7,13.1,13.6,126262
2018-02-12 00:00:00+05:30,13.85,14.65,13.65,14.2,200246
2018-02-14 00:00:00+05:30,14.5,14.55,13.9,14.2,277048
2018-02-15 00:00:00+05:30,14.25,14.45,13.5,13.65,128894
2018-02-16 00:00:00+05:30,13.65,13.9,13.45,13.6,104140
2018-02-19 00:00:00+05:30,13.55,13.55,12.8,13.0,244870
2018-02-20 00:00:00+05:30,13.0,13.35,13.0,13.15,52316
2018-02-21 00:00:00+05:30,13.6,13.6,12.8,13.0,172522
2018-02-22 00:00:00+05:30,12.95,13.15,12.7,12.9,69387
2018-02-23 00:00:00+05:30,13.3,13.3,12.95,13.0,111258
2018-02-26 00:00:00+05:30,13.0,13.45,13.0,13.15,140666
2018-02-27 00:00:00+05:30,13.05,13.15,12.9,13.0,67699
2018-02-28 00:00:00+05:30,12.95,13.05,12.9,12.9,34505
2018-03-01 00:00:00+05:30,13.0,13.1,12.75,12.8,92425
2018-03-05 00:00:00+05:30,12.7,12.8,12.45,12.5,92494
2018-03-06 00:00:00+05:30,12.5,12.7,12.1,12.2,83073
2018-03-07 00:00:00+05:30,12.0,12.3,11.05,11.2,253499
2018-03-08 00:00:00+05:30,11.4,11.6,10.6,11.05,474452
2018-03-09 00:00:00+05:30,10.35,10.8,9.6,9.75,564774
2018-03-12 00:00:00+05:30,10.2,10.2,9.1,9.5,357481
2018-03-13 00:00:00+05:30,9.3,9.95,9.2,9.9,163414
2018-03-14 00:00:00+05:30,10.15,11.75,9.9,11.45,1063534
2018-03-15 00:00:00+05:30,11.6,12.75,11.6,12.45,790055
2018-03-16 00:00:00+05:30,12.65,13.15,11.85,12.15,597018
2018-03-19 00:00:00+05:30,12.6,12.6,10.8,11.05,340310
2018-03-20 00:00:00+05:30,11.3,11.3,10.65,10.95,172783
2018-03-21 00:00:00+05:30,11.3,11.3,10.9,10.95,198190
2018-03-22 00:00:00+05:30,11.0,11.0,10.4,10.55,130875
2018-03-23 00:00:00+05:30,10.45,10.45,10.0,10.15,204036
2018-03-26 00:00:00+05:30,10.1,10.5,9.95,10.15,190775
2018-03-27 00:00:00+05:30,10.45,10.75,10.3,10.4,107323
2018-03-28 00:00:00+05:30,10.25,12.45,10.05,11.4,539741
2018-04-02 00:00:00+05:30,11.6,11.8,11.05,11.45,106265
2018-04-03 00:00:00+05:30,11.4,11.55,11.05,11.35,105943
2018-04-04 00:00:00+05:30,11.5,12.1,11.3,11.55,200270
2018-04-05 00:00:00+05:30,11.3,12.15,11.3,11.9,122531
2018-04-06 00:00:00+05:30,12.05,12.15,11.7,12.0,204267
2018-04-09 00:00:00+05:30,12.2,12.2,11.8,11.85,91157
2018-04-10 00:00:00+05:30,12.0,12.05,11.65,11.75,124051
2018-04-11 00:00:00+05:30,11.7,11.7,11.45,11.55,130345
2018-04-12 00:00:00+05:30,11.75,11.75,11.3,11.4,42959
2018-04-13 00:00:00+05:30,11.65,11.7,11.05,11.35,60038
2018-04-16 00:00:00+05:30,11.15,11.35,11.0,11.15,56657
2018-04-17 00:00:00+05:30,11.3,11.3,10.55,10.9,173516
2018-04-18 00:00:00+05:30,11.1,11.15,10.75,10.85,37592
2018-04-19 00:00:00+05:30,10.8,11.0,10.55,10.65,85792
2018-04-20 00:00:00+05:30,10.55,11.6,10.55,11.1,316323
2018-04-23 00:00:00+05:30,11.1,11.2,10.65,10.85,77810
2018-04-24 00:00:00+05:30,10.7,10.9,10.6,10.65,57343
2018-04-25 00:00:00+05:30,10.8,10.85,10.35,10.4,84833
2018-04-26 00:00:00+05:30,10.35,10.35,10.0,10.2,145533
2018-04-27 00:00:00+05:30,10.2,10.35,10.1,10.2,84447
2018-04-30 00:00:00+05:30,10.2,10.4,9.95,10.05,108539
2018-05-02 00:00:00+05:30,10.1,10.25,10.0,10.05,95556
2018-05-03 00:00:00+05:30,10.0,10.2,9.55,9.9,80754
2018-05-04 00:00:00+05:30,9.8,9.95,9.6,9.75,220407
2018-05-07 00:00:00+05:30,10.2,10.2,9.45,9.55,125646
2018-05-08 00:00:00+05:30,9.65,9.9,9.3,9.35,108071
2018-05-09 00:00:00+05:30,9.4,9.55,9.05,9.1,139019
2018-05-10 00:00:00+05:30,9.05,9.25,8.9,9.0,86399
2018-05-11 00:00:00+05:30,8.8,8.9,8.15,8.35,163653
2018-05-14 00:00:00+05:30,8.35,8.65,8.0,8.15,83910
2018-05-15 00:00:00+05:30,8.5,8.5,7.85,8.0,109898
2018-05-16 00:00:00+05:30,7.95,7.95,7.35,7.55,195811
2018-05-17 00:00:00+05:30,7.5,8.8,7.2,8.55,302601
2018-05-18 00:00:00+05:30,8.7,9.2,8.1,8.4,263203
2018-05-21 00:00:00+05:30,8.75,8.75,7.75,7.85,108221
2018-05-22 00:00:00+05:30,8.25,8.25,7.5,7.85,149895
2018-05-23 00:00:00+05:30,8.0,8.35,7.75,8.05,138775
2018-05-24 00:00:00+05:30,8.1,8.4,7.85,7.9,76700
2018-05-25 00:00:00+05:30,7.95,8.25,7.9,8.05,86859
2018-05-28 00:00:00+05:30,7.95,8.5,7.95,8.3,110799
2018-05-29 00:00:00+05:30,8.45,8.65,8.2,8.45,98661
2018-05-30 00:00:00+05:30,8.45,8.6,8.05,8.45,69938
2018-05-31 00:00:00+05:30,8.65,10.1,8.55,8.9,217934
2018-06-01 00:00:00+05:30,9.1,9.2,8.55,8.7,76241
2018-06-04 00:00:00+05:30,8.7,9.0,7.8,8.05,189667
2018-06-05 00:00:00+05:30,8.5,8.5,8.05,8.1,76797
2018-06-06 00:00:00+05:30,8.05,8.9,8.05,8.7,111053
2018-06-07 00:00:00+05:30,8.95,8.95,8.3,8.4,79558
2018-06-08 00:00:00+05:30,8.6,8.6,7.9,8.0,369884
2018-06-11 00:00:00+05:30,8.35,8.35,7.6,7.85,260945
2018-06-12 00:00:00+05:30,8.0,8.0,7.8,7.85,49272
2018-06-13 00:00:00+05:30,7.85,8.35,7.8,7.9,137484
2018-06-14 00:00:00+05:30,8.0,8.2,7.9,8.0,32725
2018-06-15 00:00:00+05:30,8.0,8.15,7.75,7.8,111318
2018-06-18 00:00:00+05:30,7.95,7.95,7.55,7.65,118263
2018-06-19 00:00:00+05:30,7.65,7.75,7.25,7.55,77136
2018-06-20 00:00:00+05:30,7.65,7.7,7.35,7.55,49417
2018-06-21 00:00:00+05:30,7.45,7.6,7.25,7.3,93380
2018-06-22 00:00:00+05:30,7.3,7.95,7.3,7.7,126872
2018-06-25 00:00:00+05:30,7.5,7.95,7.5,7.55,46860
2018-06-26 00:00:00+05:30,7.5,7.6,7.25,7.3,53085
2018-06-27 00:00:00+05:30,7.7,7.7,6.8,6.85,119648
2018-06-28 00:00:00+05:30,6.7,7.0,6.4,6.5,98588
2018-06-29 00:00:00+05:30,6.7,6.85,6.55,6.7,75876
2018-07-02 00:00:00+05:30,7.0,7.05,6.7,6.95,110877
2018-07-03 00:00:00+05:30,6.95,7.1,6.85,7.0,25837
2018-07-04 00:00:00+05:30,6.9,7.05,6.75,7.0,75994
2018-07-05 00:00:00+05:30,7.0,7.1,6.9,7.0,91713
2018-07-06 00:00:00+05:30,7.1,7.1,6.65,6.75,82361
2018-07-09 00:00:00+05:30,6.75,6.95,6.65,6.7,94654
2018-07-10 00:00:00+05:30,6.7,7.1,6.7,6.9,44731
2018-07-11 00:00:00+05:30,7.0,7.0,6.65,6.8,29892
2018-07-12 00:00:00+05:30,6.85,7.0,6.75,6.75,34642
2018-07-13 00:00:00+05:30,6.75,6.85,6.5,6.5,78936
2018-07-16 00:00:00+05:30,6.45,6.6,6.15,6.2,64188
2018-07-17 00:00:00+05:30,6.2,6.25,5.9,6.1,109299
2018-07-18 00:00:00+05:30,6.55,6.55,6.05,6.2,61441
2018-07-19 00:00:00+05:30,6.0,6.1,5.9,6.0,32180
2018-07-20 00:00:00+05:30,6.05,6.1,6.0,6.1,35781
2018-07-23 00:00:00+05:30,6.0,6.25,6.0,6.2,30505
2018-07-24 00:00:00+05:30,6.1,6.65,6.1,6.6,133211
2018-07-25 00:00:00+05:30,6.5,7.15,6.4,6.95,177089
2018-07-26 00:00:00+05:30,6.8,7.1,6.7,6.7,71112
2018-07-27 00:00:00+05:30,6.75,6.95,6.7,6.8,58047
2018-07-30 00:00:00+05:30,6.8,7.85,6.55,7.1,133679
2018-07-31 00:00:00+05:30,7.35,7.35,6.65,7.25,76572
2018-08-01 00:00:00+05:30,7.15,7.45,7.15,7.3,49861
2018-08-02 00:00:00+05:30,7.4,7.4,7.05,7.15,44754
2018-08-03 00:00:00+05:30,7.2,7.75,7.2,7.3,119272
2018-08-06 00:00:00+05:30,7.75,7.75,7.2,7.35,50509
2018-08-07 00:00:00+05:30,7.6,7.6,7.3,7.4,108476
2018-08-08 00:00:00+05:30,7.5,7.6,7.3,7.35,40443
2018-08-09 00:00:00+05:30,7.45,7.45,7.15,7.35,124193
2018-08-10 00:00:00+05:30,7.35,7.35,7.05,7.05,85030
2018-08-13 00:00:00+05:30,7.1,7.2,6.9,7.0,53060
2018-08-14 00:00:00+05:30,6.95,7.2,6.95,7.0,45829
2018-08-16 00:00:00+05:30,7.15,7.15,6.9,6.95,30347
2018-08-17 00:00:00+05:30,7.0,7.2,6.95,7.0,56182
2018-08-20 00:00:00+05:30,7.0,7.25,6.9,6.9,59795
2018-08-21 00:00:00+05:30,7.15,7.15,6.8,6.85,48768
2018-08-23 00:00:00+05:30,6.9,7.0,6.7,6.7,31755
2018-08-24 00:00:00+05:30,6.7,6.85,6.7,6.8,38933
2018-08-27 00:00:00+05:30,6.8,7.15,6.6,6.65,146559
2018-08-28 00:00:00+05:30,6.75,6.75,6.4,6.45,123024
2018-08-29 00:00:00+05:30,6.3,6.7,6.15,6.55,49057
2018-08-30 00:00:00+05:30,6.3,6.75,6.3,6.7,53105
2018-08-31 00:00:00+05:30,6.6,7.0,6.6,6.8,42922
2018-09-03 00:00:00+05:30,6.95,7.2,6.8,6.95,153882
2018-09-04 00:00:00+05:30,7.0,7.2,6.65,6.75,103655
2018-09-05 00:00:00+05:30,6.9,6.9,6.45,6.5,106080
2018-09-06 00:00:00+05:30,6.5,6.75,6.45,6.5,45059
2018-09-07 00:00:00+05:30,6.55,6.65,6.35,6.4,49533
2018-09-10 00:00:00+05:30,6.6,6.6,6.25,6.45,39348
2018-09-11 00:00:00+05:30,6.85,6.85,6.3,6.4,43848
2018-09-12 00:00:00+05:30,6.55,6.55,6.25,6.4,12499
2018-09-14 00:00:00+05:30,6.4,6.6,6.1,6.25,142907
2018-09-17 00:00:00+05:30,6.45,6.6,6.1,6.45,47235
2018-09-18 00:00:00+05:30,6.3,6.55,6.3,6.35,21352
2018-09-19 00:00:00+05:30,6.2,6.5,6.15,6.2,25505
2018-09-21 00:00:00+05:30,6.2,6.3,5.9,6.05,96519
2018-09-24 00:00:00+05:30,6.0,6.45,5.8,5.9,92108
2018-09-25 00:00:00+05:30,5.8,5.95,5.7,5.75,73964
2018-09-26 00:00:00+05:30,5.7,5.95,5.5,5.65,130148
2018-09-27 00:00:00+05:30,5.55,5.9,5.55,5.6,138102
2018-09-28 00:00:00+05:30,5.65,5.8,5.4,5.5,91581
2018-10-01 00:00:00+05:30,5.5,5.7,5.25,5.5,49186
2018-10-03 00:00:00+05:30,5.3,5.55,5.3,5.4,46971
2018-10-04 00:00:00+05:30,5.85,5.85,5.2,5.4,37808
2018-10-05 00:00:00+05:30,5.35,5.7,5.35,5.5,39446
2018-10-08 00:00:00+05:30,5.3,5.65,5.05,5.2,52339
2018-10-09 00:00:00+05:30,5.2,5.45,5.05,5.15,65690
2018-10-10 00:00:00+05:30,5.05,5.4,5.05,5.2,34644
2018-10-11 00:00:00+05:30,5.35,5.45,5.15,5.15,25985
2018-10-12 00:00:00+05:30,5.35,5.45,5.15,5.3,42021
2018-10-15 00:00:00+05:30,5.25,5.6,5.2,5.35,47363
2018-10-16 00:00:00+05:30,5.65,5.95,5.35,5.8,105890
2018-10-17 00:00:00+05:30,5.8,6.0,5.45,5.55,62301
2018-10-19 00:00:00+05:30,5.45,5.6,5.35,5.45,24283
2018-10-22 00:00:00+05:30,6.0,6.3,5.3,5.95,289733
2018-10-23 00:00:00+05:30,6.2,6.35,5.9,6.3,149553
2018-10-24 00:00:00+05:30,6.7,6.7,6.2,6.25,87830
2018-10-25 00:00:00+05:30,6.0,6.4,5.35,5.75,80201
2018-10-26 00:00:00+05:30,5.8,5.8,5.55,5.65,59862
2018-10-29 00:00:00+05:30,5.5,6.1,5.35,5.95,64144
2018-10-30 00:00:00+05:30,5.85,7.1,5.85,7.0,508120
2018-10-31 00:00:00+05:30,6.75,6.95,6.35,6.5,220431
2018-11-01 00:00:00+05:30,6.5,6.75,6.35,6.45,64755
2018-11-02 00:00:00+05:30,6.5,6.7,6.2,6.3,109126
2018-11-05 00:00:00+05:30,6.1,6.35,6.05,6.1,70274
2018-11-06 00:00:00+05:30,6.0,6.45,6.0,6.1,21069
2018-11-07 00:00:00+05:30,6.2,6.45,6.1,6.25,10959
2018-11-09 00:00:00+05:30,6.25,6.35,6.0,6.2,57814
2018-11-12 00:00:00+05:30,6.2,6.2,5.95,6.05,45649
2018-11-13 00:00:00+05:30,6.05,6.15,6.0,6.1,27524
2018-11-14 00:00:00+05:30,6.25,6.25,5.9,6.1,34172
2018-11-15 00:00:00+05:30,6.0,6.1,5.85,5.95,44751
2018-11-16 00:00:00+05:30,5.95,6.05,5.9,5.95,19149
2018-11-19 00:00:00+05:30,5.95,6.05,5.8,5.9,25471
2018-11-20 00:00:00+05:30,5.9,6.05,5.85,6.0,23043
2018-11-21 00:00:00+05:30,5.9,6.05,5.85,5.95,13992
2018-11-22 00:00:00+05:30,5.95,6.0,5.8,5.9,36017
2018-11-26 00:00:00+05:30,6.0,6.0,5.75,5.8,28912
2018-11-27 00:00:00+05:30,5.8,6.05,5.7,5.85,31615
2018-11-28 00:00:00+05:30,6.4,6.4,5.8,5.85,20536
2018-11-29 00:00:00+05:30,5.9,6.4,5.85,5.9,44975
2018-11-30 00:00:00+05:30,6.0,6.0,5.8,5.8,49411
2018-12-03 00:00:00+05:30,5.9,5.95,5.75,5.8,11920
2018-12-04 00:00:00+05:30,5.75,5.95,5.75,5.85,15188
2018-12-05 00:00:00+05:30,5.8,5.95,5.8,5.85,22353
2018-12-06 00:00:00+05:30,5.75,5.9,5.7,5.8,21703
2018-12-07 00:00:00+05:30,5.7,5.9,5.65,5.65,18968
2018-12-10 00:00:00+05:30,5.45,5.65,5.45,5.55,13898
2018-12-11 00:00:00+05:30,5.5,6.0,5.5,5.65,18578
2018-12-12 00:00:00+05:30,5.95,5.95,5.6,5.85,42421
2018-12-13 00:00:00+05:30,5.9,6.05,5.7,5.8,115864
2018-12-14 00:00:00+05:30,5.75,5.9,5.5,5.75,36817
2018-12-17 00:00:00+05:30,5.7,5.85,5.65,5.75,27054
2018-12-18 00:00:00+05:30,5.65,5.9,5.65,5.75,39670
2018-12-19 00:00:00+05:30,5.8,5.8,5.7,5.75,15235
2018-12-20 00:00:00+05:30,5.65,5.75,5.65,5.7,23391
2018-12-21 00:00:00+05:30,5.75,5.85,5.65,5.8,72754
2018-12-24 00:00:00+05:30,5.8,6.0,5.65,5.7,20805
2018-12-26 00:00:00+05:30,5.7,5.75,5.6,5.7,13827
2018-12-27 00:00:00+05:30,5.75,5.8,5.6,5.65,21289
2018-12-28 00:00:00+05:30,5.6,5.8,5.6,5.6,28341
2018-12-31 00:00:00+05:30,5.6,5.8,5.6,5.7,8879
2019-01-01 00:00:00+05:30,5.6,5.8,5.6,5.8,15500
2019-01-02 00:00:00+05:30,5.8,5.8,5.65,5.7,7645
2019-01-03 00:00:00+05:30,5.65,5.7,5.45,5.6,45665
2019-01-04 00:00:00+05:30,5.5,5.7,5.4,5.55,27661
2019-01-07 00:00:00+05:30,5.55,5.75,5.55,5.65,20871
2019-01-08 00:00:00+05:30,5.6,5.75,5.55,5.7,29000
2019-01-09 00:00:00+05:30,5.6,6.45,5.5,6.25,396849
2019-01-10 00:00:00+05:30,6.45,7.5,6.3,7.5,1534240
2019-01-11 00:00:00+05:30,7.8,8.6,7.75,8.15,2098692
2019-01-14 00:00:00+05:30,8.05,8.05,7.35,7.9,533295
2019-01-15 00:00:00+05:30,8.05,8.3,7.35,7.75,461981
2019-01-16 00:00:00+05:30,7.75,7.9,7.35,7.45,311209
2019-01-17 00:00:00+05:30,7.3,7.65,7.1,7.1,70481
2019-01-18 00:00:00+05:30,6.75,7.3,6.75,7.0,124052
2019-01-21 00:00:00+05:30,7.0,7.0,6.65,6.9,109011
2019-01-22 00:00:00+05:30,6.8,6.9,6.6,6.6,44968
2019-01-23 00:00:00+05:30,6.6,6.6,6.3,6.3,64345
2019-01-24 00:00:00+05:30,6.1,6.3,6.0,6.0,42965
2019-01-25 00:00:00+05:30,6.0,6.3,5.7,5.7,69285
2019-01-28 00:00:00+05:30,5.7,5.85,5.45,5.45,44217
2019-01-29 00:00:00+05:30,5.25,5.55,5.25,5.5,25682
2019-01-30 00:00:00+05:30,5.25,5.55,5.25,5.45,22074
2019-01-31 00:00:00+05:30,5.7,5.7,5.3,5.7,25418
2019-02-01 00:00:00+05:30,5.9,5.9,5.5,5.55,23362
2019-02-04 00:00:00+05:30,5.75,5.75,5.3,5.3,50487
2019-02-05 00:00:00+05:30,5.45,5.45,5.05,5.05,47970
2019-02-06 00:00:00+05:30,5.0,5.05,4.8,4.8,63070
2019-02-07 00:00:00+05:30,4.95,4.95,4.6,4.6,53995
2019-02-08 00:00:00+05:30,4.7,4.7,4.4,4.5,36972
2019-02-11 00:00:00+05:30,4.3,4.55,4.3,4.3,35479
2019-02-12 00:00:00+05:30,4.3,4.4,4.1,4.3,45761
2019-02-13 00:00:00+05:30,4.35,4.5,4.15,4.5,26368
2019-02-14 00:00:00+05:30,4.35,4.7,4.35,4.5,24631
2019-02-15 00:00:00+05:30,4.5,4.7,4.3,4.35,45519
2019-02-18 00:00:00+05:30,4.35,4.45,4.15,4.15,49035
2019-02-19 00:00:00+05:30,4.15,4.35,4.0,4.15,28930
2019-02-20 00:00:00+05:30,4.2,4.35,4.15,4.35,35561
2019-02-21 00:00:00+05:30,4.55,4.55,4.15,4.5,60783
2019-02-22 00:00:00+05:30,4.7,4.7,4.5,4.7,23914
2019-02-25 00:00:00+05:30,4.7,4.9,4.6,4.85,28124
2019-02-26 00:00:00+05:30,4.7,4.8,4.65,4.65,24421
2019-02-27 00:00:00+05:30,4.85,4.85,4.5,4.6,32285
2019-02-28 00:00:00+05:30,4.5,4.8,4.45,4.65,12657
2019-03-01 00:00:00+05:30,4.6,4.85,4.6,4.8,20191
2019-03-05 00:00:00+05:30,4.85,5.0,4.85,5.0,22378
2019-03-06 00:00:00+05:30,5.05,5.25,5.0,5.25,25833
2019-03-07 00:00:00+05:30,5.5,5.5,5.25,5.4,71325
2019-03-08 00:00:00+05:30,5.65,5.65,5.2,5.65,22026
2019-03-11 00:00:00+05:30,5.85,5.9,5.5,5.9,50529
2019-03-12 00:00:00+05:30,6.15,6.15,5.8,5.9,62346
2019-03-13 00:00:00+05:30,5.8,5.9,5.65,5.65,47731
2019-03-14 00:00:00+05:30,5.6,5.6,5.4,5.5,63938
2019-03-15 00:00:00+05:30,5.35,5.6,5.25,5.4,23636
2019-03-18 00:00:00+05:30,5.4,5.6,5.25,5.3,21857
2019-03-19 00:00:00+05:30,5.2,5.5,5.1,5.25,33662
2019-03-20 00:00:00+05:30,5.05,5.35,5.05,5.15,24752
2019-03-22 00:00:00+05:30,5.1,5.25,5.05,5.2,27759
2019-03-25 00:00:00+05:30,5.05,5.2,5.05,5.05,18975
2019-03-26 00:00:00+05:30,5.15,5.15,4.8,4.85,67181
2019-03-27 00:00:00+05:30,4.75,4.95,4.7,4.75,56556
2019-03-28 00:00:00+05:30,4.7,4.8,4.6,4.65,91241
2019-03-29 00:00:00+05:30,4.65,4.75,4.65,4.7,19723
2019-04-01 00:00:00+05:30,4.75,4.75,4.65,4.75,24328
2019-04-02 00:00:00+05:30,4.8,4.8,4.55,4.65,162830
2019-04-03 00:00:00+05:30,4.7,4.75,4.6,4.6,142680
2019-04-04 00:00:00+05:30,4.75,4.8,4.6,4.75,125384
2019-04-05 00:00:00+05:30,4.95,4.95,4.7,4.95,130080
2019-04-08 00:00:00+05:30,5.0,5.15,4.9,4.9,141234
2019-04-09 00:00:00+05:30,4.8,4.9,4.7,4.75,55731
2019-04-10 00:00:00+05:30,4.95,4.95,4.7,4.7,27049
2019-04-11 00:00:00+05:30,4.9,4.9,4.75,4.8,30919
2019-04-12 00:00:00+05:30,4.65,4.9,4.65,4.7,87403
2019-04-15 00:00:00+05:30,4.9,4.9,4.65,4.65,53739
2019-04-16 00:00:00+05:30,4.65,4.75,4.55,4.6,48324
2019-04-18 00:00:00+05:30,4.8,4.8,4.45,4.45,60480
2019-04-22 00:00:00+05:30,4.45,4.45,4.25,4.4,28053
2019-04-23 00:00:00+05:30,4.35,4.5,4.25,4.45,98111
2019-04-24 00:00:00+05:30,4.45,4.5,4.35,4.4,34882
2019-04-25 00:00:00+05:30,4.35,4.4,4.3,4.35,17903
2019-04-26 00:00:00+05:30,4.3,4.45,4.2,4.25,38153
2019-04-30 00:00:00+05:30,4.25,4.4,4.1,4.1,38008
2019-05-02 00:00:00+05:30,4.1,4.2,4.05,4.1,26217
2019-05-03 00:00:00+05:30,4.15,4.3,4.1,4.25,23541
2019-05-06 00:00:00+05:30,4.3,4.3,4.15,4.2,7687
2019-05-07 00:00:00+05:30,4.3,4.3,4.1,4.2,16130
2019-05-08 00:00:00+05:30,4.1,4.2,4.05,4.1,12429
2019-05-09 00:00:00+05:30,4.0,4.15,3.95,4.05,39736
2019-05-10 00:00:00+05:30,4.05,4.1,3.95,4.05,28846
2019-05-13 00:00:00+05:30,4.0,4.1,3.9,3.95,19587
2019-05-14 00:00:00+05:30,4.0,4.0,3.8,3.9,37849
2019-05-15 00:00:00+05:30,4.0,4.0,3.8,3.8,36140
2019-05-16 00:00:00+05:30,3.8,3.9,3.65,3.85,27378
2019-05-17 00:00:00+05:30,3.8,3.95,3.8,3.9,15232
2019-05-20 00:00:00+05:30,4.0,4.05,3.95,4.05,21164
2019-05-21 00:00:00+05:30,4.05,4.25,3.95,4.15,55243
2019-05-22 00:00:00+05:30,4.15,4.25,4.05,4.2,65980
2019-05-23 00:00:00+05:30,4.05,4.4,4.05,4.1,20143
2019-05-24 00:00:00+05:30,4.05,4.1,3.9,4.05,31777
2019-05-27 00:00:00+05:30,4.0,4.25,3.95,4.1,118939
2019-05-28 00:00:00+05:30,4.0,4.0,3.95,3.95,101011
2019-05-29 00:00:00+05:30,3.95,3.95,3.8,3.85,68144
2019-05-30 00:00:00+05:30,3.85,3.9,3.8,3.8,59752
2019-05-31 00:00:00+05:30,3.75,3.9,3.75,3.75,34057
2019-06-03 00:00:00+05:30,3.9,3.9,3.7,3.8,22527
2019-06-04 00:00:00+05:30,3.85,3.85,3.65,3.7,23028
2019-06-06 00:00:00+05:30,3.7,3.8,3.7,3.7,51290
2019-06-07 00:00:00+05:30,3.65,3.7,3.55,3.55,44281
2019-06-10 00:00:00+05:30,3.5,3.85,3.5,3.55,28512
2019-06-11 00:00:00+05:30,3.65,3.7,3.5,3.55,8583
2019-06-12 00:00:00+05:30,3.55,3.7,3.2,3.45,29416
2019-06-13 00:00:00+05:30,3.45,3.5,3.3,3.45,24430
2019-06-14 00:00:00+05:30,3.4,3.55,3.25,3.3,30585
2019-06-17 00:00:00+05:30,3.25,3.45,3.0,3.05,62511
2019-06-18 00:00:00+05:30,3.25,3.25,2.85,2.9,43390
2019-06-19 00:00:00+05:30,2.85,2.95,2.65,2.65,123782
2019-06-20 00:00:00+05:30,2.6,2.65,2.55,2.55,90112
2019-06-21 00:00:00+05:30,2.5,2.65,2.5,2.65,50980
2019-06-24 00:00:00+05:30,2.75,2.75,2.6,2.65,66118
2019-06-25 00:00:00+05:30,2.65,2.7,2.55,2.6,24413
2019-06-26 00:00:00+05:30,2.7,2.7,2.55,2.6,47388
2019-06-27 00:00:00+05:30,2.65,2.7,2.65,2.7,12981
2019-06-28 00:00:00+05:30,2.8,2.8,2.65,2.8,35497
2019-07-01 00:00:00+05:30,2.7,2.9,2.7,2.85,23812
2019-07-02 00:00:00+05:30,2.85,2.95,2.8,2.8,42196
2019-07-03 00:00:00+05:30,2.75,2.85,2.7,2.7,16855
2019-07-04 00:00:00+05:30,2.7,2.8,2.7,2.8,13442
2019-07-05 00:00:00+05:30,2.9,2.9,2.7,2.75,9555
2019-07-08 00:00:00+05:30,2.75,2.75,2.65,2.65,49136
2019-07-09 00:00:00+05:30,2.65,2.7,2.55,2.7,25886
2019-07-10 00:00:00+05:30,2.7,2.8,2.6,2.75,64023
2019-07-11 00:00:00+05:30,2.7,2.85,2.7,2.7,10476
2019-07-12 00:00:00+05:30,2.65,2.7,2.6,2.65,138767
2019-07-15 00:00:00+05:30,2.6,2.65,2.55,2.55,14067
2019-07-16 00:00:00+05:30,2.65,2.65,2.55,2.6,34911
2019-07-17 00:00:00+05:30,2.6,2.7,2.55,2.6,16420
2019-07-18 00:00:00+05:30,2.6,2.65,2.5,2.6,30028
2019-07-19 00:00:00+05:30,2.5,2.65,2.5,2.55,10517
2019-07-22 00:00:00+05:30,2.65,2.65,2.5,2.6,13037
2019-07-23 00:00:00+05:30,2.55,2.7,2.55,2.55,30564
2019-07-24 00:00:00+05:30,2.5,2.6,2.5,2.6,17299
2019-07-25 00:00:00+05:30,2.7,2.7,2.5,2.5,24868
2019-07-26 00:00:00+05:30,2.4,2.6,2.4,2.5,47073
2019-07-29 00:00:00+05:30,2.4,2.55,2.4,2.45,9431
2019-07-30 00:00:00+05:30,2.35,2.5,2.35,2.35,25519
2019-07-31 00:00:00+05:30,2.4,2.4,2.25,2.25,25476
2019-08-01 00:00:00+05:30,2.2,2.25,2.15,2.15,12078
2019-08-02 00:00:00+05:30,2.15,2.25,2.05,2.2,34911
2019-08-05 00:00:00+05:30,2.2,2.3,2.15,2.25,20556
2019-08-06 00:00:00+05:30,2.15,2.35,2.15,2.35,30798
2019-08-07 00:00:00+05:30,2.3,2.55,2.3,2.55,55459
2019-08-08 00:00:00+05:30,2.5,2.8,2.45,2.8,110271
2019-08-09 00:00:00+05:30,2.95,3.0,2.6,2.7,119197
2019-08-13 00:00:00+05:30,2.7,2.9,2.45,2.55,67437
2019-08-14 00:00:00+05:30,2.4,2.65,2.3,2.3,117928
2019-08-16 00:00:00+05:30,2.5,2.5,2.2,2.4,69166
2019-08-19 00:00:00+05:30,2.3,2.4,2.25,2.25,43667
2019-08-20 00:00:00+05:30,2.4,2.4,2.05,2.15,40208
2019-08-21 00:00:00+05:30,2.1,2.25,2.05,2.1,33782
2019-08-22 00:00:00+05:30,1.95,2.1,1.9,2.0,86788
2019-08-23 00:00:00+05:30,2.0,2.2,1.8,2.2,75020
2019-08-26 00:00:00+05:30,2.4,2.4,2.2,2.3,27730
2019-08-27 00:00:00+05:30,2.5,2.5,2.2,2.35,21972
2019-08-28 00:00:00+05:30,2.5,2.5,2.25,2.4,45799
2019-08-29 00:00:00+05:30,2.45,2.45,2.3,2.4,24535
2019-08-30 00:00:00+05:30,2.3,2.45,2.25,2.35,47311
2019-09-03 00:00:00+05:30,2.25,2.4,2.2,2.25,26634
2019-09-04 00:00:00+05:30,2.15,2.4,2.15,2.35,16674
2019-09-05 00:00:00+05:30,2.25,2.4,2.2,2.25,14441
2019-09-06 00:00:00+05:30,2.35,2.4,2.2,2.4,15526
2019-09-09 00:00:00+05:30,2.25,2.4,2.25,2.3,40348
2019-09-11 00:00:00+05:30,2.2,2.4,2.2,2.4,12910
2019-09-12 00:00:00+05:30,2.35,2.5,2.3,2.35,28725
2019-09-13 00:00:00+05:30,2.5,2.55,2.4,2.55,27802
2019-09-16 00:00:00+05:30,2.8,2.8,2.55,2.8,44006
2019-09-17 00:00:00+05:30,2.8,2.9,2.8,2.85,37703
2019-09-18 00:00:00+05:30,2.85,2.9,2.75,2.8,55845
2019-09-19 00:00:00+05:30,2.8,2.85,2.7,2.75,22523
2019-09-20 00:00:00+05:30,2.65,2.75,2.65,2.7,16349
2019-09-23 00:00:00+05:30,2.6,2.7,2.6,2.6,10378
2019-09-24 00:00:00+05:30,2.5,2.7,2.5,2.55,19128
2019-09-25 00:00:00+05:30,2.55,2.55,2.45,2.45,11583
2019-09-26 00:00:00+05:30,2.35,2.55,2.35,2.35,16831
2019-09-27 00:00:00+05:30,2.45,2.45,2.25,2.25,24012
2019-09-30 00:00:00+05:30,2.15,2.15,2.15,2.15,12032
2019-10-01 00:00:00+05:30,2.1,2.15,2.05,2.05,38231
2019-10-03 00:00:00+05:30,2.15,2.15,1.95,1.95,51584
2019-10-04 00:00:00+05:30,2.0,2.0,1.9,1.95,34716
2019-10-07 00:00:00+05:30,1.95,1.95,1.9,1.9,20805
2019-10-09 00:00:00+05:30,1.9,1.9,1.85,1.85,19454
2019-10-10 00:00:00+05:30,1.8,1.8,1.8,1.8,9699
2019-10-11 00:00:00+05:30,1.8,1.8,1.75,1.75,18731
2019-10-14 00:00:00+05:30,1.7,1.75,1.7,1.7,376114
2019-10-15 00:00:00+05:30,1.65,1.65,1.65,1.65,21748
2019-10-16 00:00:00+05:30,1.6,1.6,1.6,1.6,6518
2019-10-17 00:00:00+05:30,1.55,1.55,1.55,1.55,15838
2019-10-18 00:00:00+05:30,1.5,1.5,1.5,1.5,44257
2019-10-22 00:00:00+05:30,1.5,1.5,1.45,1.45,57590
2019-10-23 00:00:00+05:30,1.5,1.5,1.4,1.5,97866
2019-10-24 00:00:00+05:30,1.5,1.5,1.45,1.45,64124
2019-10-25 00:00:00+05:30,1.45,1.5,1.4,1.45,14837
2019-10-27 00:00:00+05:30,1.45,1.45,1.45,1.45,455
2019-10-29 00:00:00+05:30,1.45,1.5,1.4,1.4,75123
2019-10-30 00:00:00+05:30,1.4,1.4,1.35,1.35,61316
2019-10-31 00:00:00+05:30,1.3,1.4,1.3,1.4,261093
2019-11-01 00:00:00+05:30,1.4,1.45,1.35,1.4,145083
2019-11-04 00:00:00+05:30,1.4,1.45,1.35,1.45,238177
2019-11-05 00:00:00+05:30,1.45,1.45,1.4,1.4,58823
2019-11-06 00:00:00+05:30,1.4,1.4,1.35,1.4,60081
2019-11-07 00:00:00+05:30,1.4,1.4,1.35,1.35,105201
2019-11-08 00:00:00+05:30,1.3,1.4,1.3,1.4,40766
2019-11-11 00:00:00+05:30,1.45,1.45,1.4,1.4,62883
2019-11-13 00:00:00+05:30,1.45,1.45,1.4,1.4,106355
2019-11-14 00:00:00+05:30,1.45,1.45,1.35,1.35,54955
2019-11-15 00:00:00+05:30,1.4,1.4,1.35,1.35,71446
2019-11-18 00:00:00+05:30,1.35,1.4,1.3,1.4,134304
2019-11-19 00:00:00+05:30,1.4,1.4,1.35,1.4,46540
2019-11-20 00:00:00+05:30,1.4,1.4,1.35,1.35,150234
2019-11-21 00:00:00+05:30,1.4,1.4,1.3,1.4,370914
2019-11-22 00:00:00+05:30,1.45,1.45,1.35,1.4,188446
2019-11-25 00:00:00+05:30,1.4,1.45,1.35,1.45,184169
2019-11-26 00:00:00+05:30,1.5,1.5,1.4,1.4,37863
2019-11-27 00:00:00+05:30,1.4,1.45,1.35,1.35,43192
2019-11-28 00:00:00+05:30,1.35,1.4,1.35,1.4,201347
2019-11-29 00:00:00+05:30,1.45,1.45,1.45,1.45,13082
2019-12-02 00:00:00+05:30,1.5,1.5,1.5,1.5,26951
2019-12-03 00:00:00+05:30,1.55,1.55,1.55,1.55,14949
2019-12-04 00:00:00+05:30,1.6,1.6,1.6,1.6,15796
2019-12-05 00:00:00+05:30,1.65,1.65,1.65,1.65,6905
2019-12-06 00:00:00+05:30,1.7,1.7,1.6,1.6,225755
2019-12-09 00:00:00+05:30,1.55,1.55,1.55,1.55,60607
2019-12-10 00:00:00+05:30,1.5,1.5,1.5,1.5,14915
2019-12-11 00:00:00+05:30,1.45,1.5,1.45,1.45,86069
2019-12-12 00:00:00+05:30,1.45,1.5,1.4,1.5,154498
2019-12-13 00:00:00+05:30,1.55,1.55,1.45,1.55,145430
2019-12-16 00:00:00+05:30,1.6,1.6,1.5,1.5,65322
2019-12-17 00:00:00+05:30,1.45,1.55,1.45,1.5,75584
2019-12-18 00:00:00+05:30,1.5,1.55,1.45,1.5,139683
2019-12-19 00:00:00+05:30,1.55,1.55,1.45,1.55,31686
2019-12-20 00:00:00+05:30,1.55,1.6,1.5,1.55,36044
2019-12-23 00:00:00+05:30,1.5,1.6,1.5,1.6,51718
2019-12-24 00:00:00+05:30,1.6,1.65,1.55,1.6,35668
2019-12-26 00:00:00+05:30,1.55,1.65,1.55,1.65,55903
2019-12-27 00:00:00+05:30,1.65,1.7,1.6,1.7,61686
2019-12-30 00:00:00+05:30,1.75,1.75,1.65,1.65,57872
2019-12-31 00:00:00+05:30,1.6,1.7,1.6,1.65,307824
2020-01-01 00:00:00+05:30,1.6,1.65,1.6,1.6,133974
2020-01-02 00:00:00+05:30,1.6,1.6,1.55,1.55,32210
2020-01-03 00:00:00+05:30,1.5,1.6,1.5,1.6,98319
2020-01-06 00:00:00+05:30,1.55,1.6,1.55,1.55,41630
2020-01-07 00:00:00+05:30,1.5,1.6,1.5,1.55,152256
2020-01-08 00:00:00+05:30,1.5,1.55,1.5,1.5,28312
2020-01-09 00:00:00+05:30,1.55,1.55,1.45,1.5,86128
2020-01-10 00:00:00+05:30,1.55,1.55,1.45,1.45,186725
2020-01-13 00:00:00+05:30,1.5,1.5,1.45,1.5,29335
2020-01-14 00:00:00+05:30,1.55,1.55,1.45,1.45,109910
2020-01-15 00:00:00+05:30,1.4,1.45,1.4,1.45,71465
2020-01-16 00:00:00+05:30,1.45,1.45,1.4,1.4,44294
2020-01-17 00:00:00+05:30,1.35,1.45,1.35,1.4,17276
2020-01-20 00:00:00+05:30,1.35,1.45,1.35,1.4,41018
2020-01-21 00:00:00+05:30,1.35,1.45,1.35,1.35,32080
2020-01-22 00:00:00+05:30,1.4,1.4,1.35,1.4,61591
2020-01-23 00:00:00+05:30,1.35,1.45,1.35,1.35,23105
2020-01-24 00:00:00+05:30,1.4,1.4,1.35,1.4,44500
2020-01-27 00:00:00+05:30,1.35,1.45,1.35,1.45,26613
2020-01-28 00:00:00+05:30,1.4,1.45,1.4,1.45,36589
2020-01-29 00:00:00+05:30,1.45,1.5,1.4,1.45,96175
2020-01-30 00:00:00+05:30,1.5,1.5,1.4,1.4,50160
2020-01-31 00:00:00+05:30,1.4,1.45,1.35,1.4,37144
2020-02-01 00:00:00+05:30,1.35,1.45,1.35,1.4,42056
2020-02-03 00:00:00+05:30,1.4,1.4,1.35,1.35,31693
2020-02-04 00:00:00+05:30,1.4,1.4,1.3,1.35,75906
2020-02-05 00:00:00+05:30,1.4,1.4,1.35,1.35,23403
2020-02-06 00:00:00+05:30,1.4,1.4,1.35,1.4,28416
2020-02-07 00:00:00+05:30,1.35,1.5,1.35,1.5,165011
2020-02-10 00:00:00+05:30,1.6,1.65,1.5,1.65,144550
2020-02-11 00:00:00+05:30,1.8,1.8,1.65,1.8,178651
2020-02-12 00:00:00+05:30,1.85,1.85,1.75,1.75,157851
2020-02-13 00:00:00+05:30,1.7,1.75,1.7,1.7,42197
2020-02-14 00:00:00+05:30,1.65,1.7,1.65,1.65,36811
2020-02-17 00:00:00+05:30,1.6,1.7,1.6,1.6,40653
2020-02-18 00:00:00+05:30,1.6,1.65,1.55,1.55,56113
2020-02-19 00:00:00+05:30,1.6,1.6,1.5,1.55,57323
2020-02-20 00:00:00+05:30,1.5,1.6,1.5,1.6,53585
2020-02-24 00:00:00+05:30,1.65,1.65,1.6,1.65,35179
2020-02-25 00:00:00+05:30,1.65,1.7,1.6,1.65,82558
2020-02-26 00:00:00+05:30,1.7,1.7,1.6,1.6,37235
2020-02-27 00:00:00+05:30,1.6,1.65,1.55,1.55,155173
2020-02-28 00:00:00+05:30,1.5,1.55,1.5,1.5,44432
2020-03-02 00:00:00+05:30,1.5,1.55,1.45,1.5,32845
2020-03-03 00:00:00+05:30,1.5,1.55,1.5,1.5,32417
2020-03-04 00:00:00+05:30,1.5,1.55,1.45,1.45,34631
2020-03-05 00:00:00+05:30,1.45,1.5,1.45,1.45,28942
2020-03-06 00:00:00+05:30,1.45,1.5,1.4,1.5,105268
2020-03-09 00:00:00+05:30,1.55,1.55,1.45,1.45,34093
2020-03-11 00:00:00+05:30,1.45,1.5,1.4,1.4,110525
2020-03-12 00:00:00+05:30,1.35,1.4,1.35,1.35,96167
2020-03-13 00:00:00+05:30,1.3,1.4,1.3,1.35,71189
2020-03-16 00:00:00+05:30,1.4,1.4,1.3,1.3,57416
2020-03-17 00:00:00+05:30,1.3,1.35,1.25,1.25,83040
2020-03-18 00:00:00+05:30,1.25,1.25,1.2,1.2,83932
2020-03-19 00:00:00+05:30,1.15,1.2,1.15,1.15,40966
2020-03-20 00:00:00+05:30,1.15,1.2,1.1,1.1,124720
2020-03-23 00:00:00+05:30,1.05,1.15,1.05,1.05,75513
2020-03-24 00:00:00+05:30,1.1,1.1,1.0,1.0,139570
2020-03-25 00:00:00+05:30,0.95,1.05,0.95,0.95,89347
2020-03-26 00:00:00+05:30,1.0,1.0,0.9,1.0,24371
2020-03-27 00:00:00+05:30,1.0,1.05,0.95,1.05,44111
2020-03-30 00:00:00+05:30,1.1,1.1,1.0,1.1,19210
2020-03-31 00:00:00+05:30,1.1,1.15,1.05,1.15,54254
2020-04-01 00:00:00+05:30,1.1,1.2,1.1,1.1,57352
2020-04-03 00:00:00+05:30,1.1,1.15,1.05,1.1,81737
2020-04-07 00:00:00+05:30,1.15,1.15,1.1,1.1,78098
2020-04-08 00:00:00+05:30,1.15,1.15,1.1,1.15,28856
2020-04-09 00:00:00+05:30,1.2,1.25,1.15,1.25,78451
2020-04-13 00:00:00+05:30,1.35,1.35,1.3,1.35,80935
2020-04-15 00:00:00+05:30,1.4,1.45,1.35,1.4,159038
2020-04-16 00:00:00+05:30,1.4,1.45,1.4,1.45,63824
2020-04-17 00:00:00+05:30,1.5,1.5,1.45,1.5,151355
2020-04-20 00:00:00+05:30,1.5,1.55,1.45,1.5,43720
2020-04-21 00:00:00+05:30,1.5,1.5,1.45,1.45,26930
2020-04-22 00:00:00+05:30,1.45,1.5,1.45,1.5,4024
2020-04-23 00:00:00+05:30,1.5,1.5,1.45,1.45,5934
2020-04-24 00:00:00+05:30,1.45,1.45,1.4,1.4,5400
2020-04-27 00:00:00+05:30,1.4,1.45,1.35,1.4,19117
2020-04-28 00:00:00+05:30,1.45,1.45,1.35,1.35,12780
2020-04-29 00:00:00+05:30,1.35,1.4,1.3,1.4,78786
2020-04-30 00:00:00+05:30,1.45,1.45,1.35,1.35,12877
2020-05-04 00:00:00+05:30,1.35,1.4,1.3,1.35,20368
2020-05-05 00:00:00+05:30,1.3,1.3,1.3,1.3,2033
2020-05-06 00:00:00+05:30,1.3,1.3,1.25,1.3,22201
2020-05-07 00:00:00+05:30,1.35,1.35,1.3,1.3,55353
2020-05-08 00:00:00+05:30,1.3,1.3,1.25,1.25,13964
2020-05-11 00:00:00+05:30,1.25,1.3,1.2,1.2,13932
2020-05-12 00:00:00+05:30,1.2,1.2,1.15,1.15,39384
2020-05-13 00:00:00+05:30,1.15,1.2,1.15,1.2,5347
2020-05-14 00:00:00+05:30,1.2,1.2,1.15,1.15,6038
2020-05-15 00:00:00+05:30,1.15,1.2,1.1,1.2,10145
2020-05-18 00:00:00+05:30,1.2,1.2,1.15,1.15,19760
2020-05-19 00:00:00+05:30,1.1,1.2,1.1,1.1,14722
2020-05-20 00:00:00+05:30,1.1,1.15,1.1,1.1,2268
2020-05-21 00:00:00+05:30,1.1,1.1,1.05,1.05,7532
2020-05-22 00:00:00+05:30,1.0,1.1,1.0,1.1,23087
2020-05-26 00:00:00+05:30,1.1,1.15,1.05,1.1,34286
2020-05-27 00:00:00+05:30,1.1,1.15,1.05,1.05,6056
2020-05-28 00:00:00+05:30,1.05,1.1,1.05,1.1,8048
2020-05-29 00:00:00+05:30,1.05,1.1,1.05,1.05,48278
2020-06-01 00:00:00+05:30,1.05,1.1,1.05,1.1,11237
2020-06-02 00:00:00+05:30,1.1,1.15,1.1,1.15,9281
2020-06-03 00:00:00+05:30,1.2,1.2,1.2,1.2,11345
2020-06-04 00:00:00+05:30,1.25,1.25,1.25,1.25,23048
2020-06-05 00:00:00+05:30,1.3,1.3,1.3,1.3,5937
2020-06-08 00:00:00+05:30,1.35,1.35,1.35,1.35,19452
2020-06-09 00:00:00+05:30,1.4,1.4,1.4,1.4,22618
2020-06-10 00:00:00+05:30,1.45,1.45,1.45,1.45,24981
2020-06-11 00:00:00+05:30,1.5,1.5,1.5,1.5,39591
2020-06-12 00:00:00+05:30,1.55,1.55,1.5,1.55,129978
2020-06-15 00:00:00+05:30,1.6,1.6,1.6,1.6,29180
2020-06-16 00:00:00+05:30,1.65,1.65,1.65,1.65,24248
2020-06-17 00:00:00+05:30,1.7,1.7,1.7,1.7,2192
2020-06-18 00:00:00+05:30,1.75,1.75,1.75,1.75,2982
2020-06-22 00:00:00+05:30,1.8,1.8,1.8,1.8,63239
2020-06-29 00:00:00+05:30,1.85,1.85,1.85,1.85,50561
2020-07-06 00:00:00+05:30,1.9,1.9,1.8,1.9,128378
2020-07-13 00:00:00+05:30,1.9,1.9,1.85,1.85,24701
2020-07-20 00:00:00+05:30,1.8,1.8,1.8,1.8,27840
2020-07-27 00:00:00+05:30,1.8,1.8,1.75,1.75,4026
2020-08-03 00:00:00+05:30,1.75,1.75,1.7,1.75,67465
2020-08-10 00:00:00+05:30,1.75,1.75,1.7,1.7,2836
2020-08-17 00:00:00+05:30,1.65,1.75,1.65,1.75,67519
2020-08-24 00:00:00+05:30,1.7,1.75,1.7,1.7,12364
2020-08-31 00:00:00+05:30,1.75,1.75,1.65,1.65,26011
2020-09-07 00:00:00+05:30,1.7,1.7,1.6,1.7,118810
2020-09-14 00:00:00+05:30,1.75,1.75,1.75,1.75,17375
2020-09-15 00:00:00+05:30,1.9,1.9,1.85,1.9,35483
2020-09-16 00:00:00+05:30,2.0,2.05,2.0,2.05,35505
2020-09-17 00:00:00+05:30,2.25,2.25,2.25,2.25,39978
2020-09-18 00:00:00+05:30,2.35,2.35,2.35,2.35,26310
2020-09-21 00:00:00+05:30,2.45,2.45,2.45,2.45,53981
2020-09-22 00:00:00+05:30,2.55,2.55,2.55,2.55,69856
2020-09-23 00:00:00+05:30,2.65,2.65,2.65,2.65,96746
2020-09-24 00:00:00+05:30,2.75,2.75,2.55,2.75,1145736
2020-09-25 00:00:00+05:30,2.85,2.85,2.75,2.85,111014
2020-09-28 00:00:00+05:30,2.95,2.95,2.95,2.95,24036
2020-09-29 00:00:00+05:30,3.05,3.05,3.05,3.05,85327
2020-09-30 00:00:00+05:30,3.2,3.2,3.2,3.2,135182
2020-10-01 00:00:00+05:30,3.35,3.35,3.35,3.35,95293
2020-10-05 00:00:00+05:30,3.5,3.5,3.5,3.5,75320
2020-10-06 00:00:00+05:30,3.65,3.65,3.65,3.65,83385
2020-10-07 00:00:00+05:30,3.8,3.8,3.8,3.8,65158
2020-10-08 00:00:00+05:30,3.95,3.95,3.95,3.95,77732
2020-10-09 00:00:00+05:30,4.1,4.1,3.8,3.8,257837
2020-10-12 00:00:00+05:30,3.65,3.65,3.65,3.65,14740
2020-10-13 00:00:00+05:30,3.5,3.5,3.5,3.5,20408
2020-10-14 00:00:00+05:30,3.35,3.35,3.35,3.35,8466
2020-10-15 00:00:00+05:30,3.2,3.2,3.2,3.2,15920
2020-10-16 00:00:00+05:30,3.05,3.05,3.05,3.05,21450
2020-10-19 00:00:00+05:30,2.9,2.9,2.9,2.9,22433
2020-10-20 00:00:00+05:30,2.8,2.8,2.8,2.8,11818
2020-10-21 00:00:00+05:30,2.7,2.7,2.7,2.7,59942
2020-10-22 00:00:00+05:30,2.6,2.8,2.6,2.8,194168
2020-10-23 00:00:00+05:30,2.9,2.9,2.8,2.9,65369
2020-10-26 00:00:00+05:30,3.0,3.0,3.0,3.0,30566
2020-10-27 00:00:00+05:30,3.15,3.15,2.85,3.15,127628
2020-10-28 00:00:00+05:30,3.3,3.3,3.2,3.3,80165
2020-10-29 00:00:00+05:30,3.45,3.45,3.15,3.2,327293
2020-10-30 00:00:00+05:30,3.3,3.3,3.05,3.15,101880
2020-11-02 00:00:00+05:30,3.3,3.3,3.0,3.0,252658
2020-11-03 00:00:00+05:30,2.85,3.1,2.85,3.05,185786
2020-11-04 00:00:00+05:30,3.05,3.15,2.9,2.9,127502
2020-11-05 00:00:00+05:30,2.9,3.0,2.85,2.95,157522
2020-11-06 00:00:00+05:30,3.05,3.05,2.9,2.95,99489
2020-11-09 00:00:00+05:30,2.9,3.0,2.9,2.95,56916
2020-11-10 00:00:00+05:30,2.9,3.0,2.9,3.0,65494
2020-11-11 00:00:00+05:30,2.9,3.15,2.9,3.1,272686
2020-11-12 00:00:00+05:30,3.1,3.1,2.95,2.95,87280
2020-11-13 00:00:00+05:30,3.0,3.05,2.95,3.05,94516
2020-11-17 00:00:00+05:30,3.3,3.35,3.15,3.25,348461
2020-11-18 00:00:00+05:30,3.35,3.35,3.15,3.2,234598
2020-11-19 00:00:00+05:30,3.3,3.3,3.05,3.1,285003
2020-11-20 00:00:00+05:30,3.2,3.2,3.1,3.15,197485
2020-11-23 00:00:00+05:30,3.2,3.25,3.05,3.2,180169
2020-11-24 00:00:00+05:30,3.25,3.25,3.1,3.15,119844
2020-11-25 00:00:00+05:30,3.15,3.15,3.1,3.15,56662
2020-11-26 00:00:00+05:30,3.2,3.2,3.05,3.1,116891
2020-11-27 00:00:00+05:30,3.15,3.15,3.0,3.05,205500
2020-12-01 00:00:00+05:30,3.15,3.15,3.0,3.05,177015
2020-12-02 00:00:00+05:30,3.15,3.15,3.05,3.05,108476
2020-12-03 00:00:00+05:30,3.1,3.1,3.05,3.1,194446
2020-12-04 00:00:00+05:30,3.15,3.15,3.05,3.15,139398
2020-12-07 00:00:00+05:30,3.15,3.45,3.1,3.45,521283
2020-12-08 00:00:00+05:30,3.75,3.75,3.5,3.75,108887
2020-12-09 00:00:00+05:30,4.1,4.1,4.05,4.1,73483
2020-12-10 00:00:00+05:30,4.3,4.3,4.3,4.3,46611
2020-12-11 00:00:00+05:30,4.5,4.5,4.5,4.5,21889
2020-12-14 00:00:00+05:30,4.7,4.7,4.7,4.7,16529
2020-12-15 00:00:00+05:30,4.9,4.9,4.6,4.9,253771
2020-12-16 00:00:00+05:30,5.1,5.1,5.1,5.1,26477
2020-12-17 00:00:00+05:30,5.35,5.35,5.35,5.35,49870
2020-12-18 00:00:00+05:30,5.6,5.6,5.1,5.2,909648
2020-12-21 00:00:00+05:30,5.0,5.2,4.95,4.95,154969
2020-12-22 00:00:00+05:30,4.75,4.75,4.75,4.75,43840
2020-12-23 00:00:00+05:30,4.55,4.95,4.55,4.95,445752
2020-12-24 00:00:00+05:30,5.1,5.15,5.05,5.1,119318
2020-12-28 00:00:00+05:30,5.35,5.35,5.3,5.35,102517
2020-12-29 00:00:00+05:30,5.6,5.6,5.6,5.6,26893
2020-12-30 00:00:00+05:30,5.85,5.85,5.8,5.85,72872
2020-12-31 00:00:00+05:30,6.1,6.1,6.1,6.1,39388
2021-01-01 00:00:00+05:30,6.4,6.4,6.1,6.4,669239
2021-01-04 00:00:00+05:30,6.7,6.7,6.7,6.7,39567
2021-01-05 00:00:00+05:30,7.0,7.0,7.0,7.0,44841
2021-01-06 00:00:00+05:30,7.35,7.35,7.35,7.35,42748
2021-01-07 00:00:00+05:30,7.7,7.7,7.7,7.7,57781
2021-01-08 00:00:00+05:30,8.05,8.05,8.05,8.05,32526
2021-01-11 00:00:00+05:30,8.45,8.45,8.45,8.45,24515
2021-01-12 00:00:00+05:30,8.85,8.85,8.05,8.05,977399
2021-01-13 00:00:00+05:30,7.65,7.65,7.65,7.65,130640
2021-01-14 00:00:00+05:30,7.3,7.3,7.3,7.3,56022
2021-01-15 00:00:00+05:30,7.0,7.25,6.95,6.95,157192
2021-01-18 00:00:00+05:30,6.65,6.65,6.65,6.65,149090
2021-01-19 00:00:00+05:30,6.35,6.95,6.35,6.95,389269
2021-01-20 00:00:00+05:30,7.25,7.25,7.25,7.25,28830
2021-01-21 00:00:00+05:30,7.6,7.6,7.3,7.6,366343
2021-01-22 00:00:00+05:30,7.85,7.85,7.25,7.25,264296
2021-01-25 00:00:00+05:30,6.9,7.6,6.9,6.95,821103
2021-01-27 00:00:00+05:30,7.1,7.25,6.65,7.2,270836
2021-01-28 00:00:00+05:30,7.4,7.55,6.9,7.55,163224
2021-01-29 00:00:00+05:30,7.9,7.9,7.35,7.9,445999
2021-02-01 00:00:00+05:30,8.2,8.25,7.55,7.55,641807
2021-02-02 00:00:00+05:30,7.55,7.55,7.2,7.2,237280
2021-02-03 00:00:00+05:30,7.05,7.45,6.9,7.0,207480
2021-02-04 00:00:00+05:30,7.0,7.3,6.8,7.1,213011
2021-02-05 00:00:00+05:30,7.1,7.2,6.8,7.0,183348
2021-02-08 00:00:00+05:30,6.95,7.25,6.9,7.0,186741
2021-02-09 00:00:00+05:30,7.25,7.25,6.75,6.85,206582
2021-02-10 00:00:00+05:30,7.0,7.0,6.6,6.7,207595
2021-02-11 00:00:00+05:30,6.8,7.0,6.55,7.0,251626
2021-02-12 00:00:00+05:30,7.3,7.35,7.05,7.35,284228
2021-02-15 00:00:00+05:30,7.6,7.7,7.0,7.0,616813
2021-02-16 00:00:00+05:30,7.0,7.1,6.8,7.0,123249
2021-02-17 00:00:00+05:30,6.9,7.1,6.65,6.75,460811
2021-02-18 00:00:00+05:30,6.75,6.95,6.7,6.85,238356
2021-02-19 00:00:00+05:30,6.95,7.05,6.8,6.9,274791
2021-02-22 00:00:00+05:30,7.1,7.1,6.65,6.8,137092
2021-02-23 00:00:00+05:30,6.85,6.85,6.5,6.75,155846
2021-02-24 00:00:00+05:30,6.7,6.85,6.65,6.8,64338
2021-02-25 00:00:00+05:30,6.95,7.0,6.7,6.85,161918
2021-02-26 00:00:00+05:30,6.95,6.95,6.7,6.75,136471
2021-03-01 00:00:00+05:30,6.85,6.9,6.7,6.75,91475
2021-03-02 00:00:00+05:30,6.8,6.8,6.55,6.7,202774
2021-03-03 00:00:00+05:30,6.65,6.8,6.6,6.75,173975
2021-03-04 00:00:00+05:30,6.75,6.8,6.65,6.7,108183
2021-03-05 00:00:00+05:30,6.7,6.75,6.6,6.65,129385
2021-03-08 00:00:00+05:30,6.7,6.75,6.5,6.6,123209
2021-03-09 00:00:00+05:30,6.6,6.65,6.4,6.45,107957
2021-03-10 00:00:00+05:30,6.45,6.6,6.3,6.6,107133
2021-03-12 00:00:00+05:30,6.6,6.75,6.55,6.65,230576
2021-03-15 00:00:00+05:30,6.75,6.75,6.45,6.6,120590
2021-03-16 00:00:00+05:30,6.65,6.65,6.35,6.5,114046
2021-03-17 00:00:00+05:30,6.4,6.6,6.3,6.35,122322
2021-03-18 00:00:00+05:30,6.35,6.55,6.1,6.15,121543
2021-03-19 00:00:00+05:30,5.9,6.15,5.85,6.0,187889
2021-03-22 00:00:00+05:30,6.15,6.15,5.9,6.0,127235
2021-03-23 00:00:00+05:30,6.2,6.2,5.95,6.1,150689
2021-03-24 00:00:00+05:30,6.3,6.3,5.9,5.95,112902
2021-03-25 00:00:00+05:30,6.1,6.1,5.8,5.85,129843
2021-03-26 00:00:00+05:30,6.0,6.0,5.65,5.7,129814
2021-03-30 00:00:00+05:30,5.95,5.95,5.45,5.5,351846
2021-03-31 00:00:00+05:30,5.3,5.45,5.25,5.25,129239
2021-04-01 00:00:00+05:30,5.25,5.5,5.05,5.5,177013
2021-04-05 00:00:00+05:30,5.65,5.75,5.5,5.75,162742
2021-04-06 00:00:00+05:30,5.7,5.95,5.6,5.7,297555
2021-04-07 00:00:00+05:30,5.75,5.9,5.6,5.8,85195
2021-04-08 00:00:00+05:30,5.7,5.8,5.6,5.7,74899
2021-04-09 00:00:00+05:30,5.85,5.9,5.65,5.7,74287
2021-04-12 00:00:00+05:30,5.85,5.85,5.25,5.3,117470
2021-04-13 00:00:00+05:30,5.2,5.65,5.2,5.4,87911
2021-04-15 00:00:00+05:30,5.35,5.5,5.05,5.25,143980
2021-04-16 00:00:00+05:30,5.4,5.55,4.8,5.25,182395
2021-04-19 00:00:00+05:30,5.35,5.75,4.95,5.25,215130
2021-04-20 00:00:00+05:30,5.3,5.45,5.1,5.25,76254
2021-04-22 00:00:00+05:30,5.25,5.3,5.1,5.3,120774
2021-04-23 00:00:00+05:30,5.35,5.75,5.05,5.5,335864
2021-04-26 00:00:00+05:30,5.8,5.8,5.55,5.6,116257
2021-04-27 00:00:00+05:30,5.65,5.75,5.45,5.6,91086
2021-04-28 00:00:00+05:30,5.85,5.85,5.6,5.7,196973
2021-04-29 00:00:00+05:30,5.65,5.85,5.25,5.55,323102
2021-04-30 00:00:00+05:30,5.6,5.6,5.4,5.45,137221
2021-05-03 00:00:00+05:30,5.5,5.5,5.35,5.5,63452
2021-05-04 00:00:00+05:30,5.55,6.05,5.45,6.05,439084
2021-05-05 00:00:00+05:30,6.35,6.65,6.3,6.65,211156
2021-05-06 00:00:00+05:30,7.2,7.3,7.05,7.3,311401
2021-05-07 00:00:00+05:30,7.4,7.45,6.95,6.95,914692
2021-05-10 00:00:00+05:30,6.95,7.0,6.65,6.65,232750
2021-05-11 00:00:00+05:30,6.8,6.95,6.55,6.95,120955
2021-05-12 00:00:00+05:30,7.0,7.25,6.9,7.05,456621
2021-05-14 00:00:00+05:30,7.15,7.4,6.95,7.15,343936
2021-05-17 00:00:00+05:30,7.3,7.35,6.95,7.1,160846
2021-05-18 00:00:00+05:30,7.1,7.3,7.0,7.0,97801
2021-05-19 00:00:00+05:30,7.0,7.15,7.0,7.0,115555
2021-05-20 00:00:00+05:30,7.15,7.15,6.95,7.05,117532
2021-05-21 00:00:00+05:30,7.15,7.15,6.8,7.0,89956
2021-05-24 00:00:00+05:30,7.1,7.35,7.05,7.35,179067
2021-05-25 00:00:00+05:30,7.65,7.7,7.4,7.7,110864
2021-05-26 00:00:00+05:30,7.7,8.05,7.4,8.05,452698
2021-05-27 00:00:00+05:30,8.45,8.45,8.25,8.45,143242
2021-05-28 00:00:00+05:30,8.85,8.85,8.15,8.85,751380
2021-05-31 00:00:00+05:30,9.25,9.25,9.1,9.25,116483
2021-06-01 00:00:00+05:30,9.7,9.7,9.15,9.7,743386
2021-06-02 00:00:00+05:30,10.15,10.15,10.0,10.15,209194
2021-06-03 00:00:00+05:30,10.65,10.65,10.35,10.65,865625
2021-06-04 00:00:00+05:30,11.0,11.15,11.0,11.15,194978
2021-06-07 00:00:00+05:30,11.7,11.7,11.7,11.7,31264
2021-06-08 00:00:00+05:30,12.25,12.25,12.25,12.25,48898
2021-06-09 00:00:00+05:30,12.85,12.85,12.85,12.85,45505
2021-06-10 00:00:00+05:30,13.45,13.45,13.45,13.45,33042
2021-06-11 00:00:00+05:30,14.1,14.1,14.1,14.1,60390
2021-06-14 00:00:00+05:30,14.8,14.8,13.4,14.8,1616962
2021-06-15 00:00:00+05:30,15.5,15.5,15.1,15.5,134409
2021-06-17 00:00:00+05:30,17.05,17.05,17.05,17.05,77472
2021-06-18 00:00:00+05:30,17.9,17.9,16.35,17.9,1316012
2021-06-21 00:00:00+05:30,18.75,18.75,18.75,18.75,126462
2021-06-22 00:00:00+05:30,19.65,19.65,19.65,19.65,39570
2021-06-23 00:00:00+05:30,20.6,20.6,20.6,20.6,51100
2021-06-24 00:00:00+05:30,21.6,21.6,21.6,21.6,129419
2021-06-25 00:00:00+05:30,22.55,22.65,21.6,22.65,645544
2021-06-28 00:00:00+05:30,23.75,23.75,23.75,23.75,68212
2021-06-29 00:00:00+05:30,24.9,24.9,24.9,24.9,50952
2021-06-30 00:00:00+05:30,26.1,26.1,26.1,26.1,41245
2021-07-01 00:00:00+05:30,27.4,27.4,27.4,27.4,88000
2021-07-02 00:00:00+05:30,28.75,28.75,28.75,28.75,79334
2021-07-05 00:00:00+05:30,30.15,30.15,30.15,30.15,113644
2021-07-06 00:00:00+05:30,31.65,31.65,28.65,29.5,2852782
2021-07-07 00:00:00+05:30,28.05,28.5,28.05,28.05,362407
2021-07-08 00:00:00+05:30,26.65,26.65,26.65,26.65,137174
2021-07-09 00:00:00+05:30,25.35,27.7,25.35,25.35,4466456
2021-07-12 00:00:00+05:30,24.45,26.3,24.1,24.5,3747402
2021-07-13 00:00:00+05:30,24.4,25.7,23.3,23.3,1706573
2021-07-14 00:00:00+05:30,22.4,24.45,22.15,24.1,1738634
2021-07-15 00:00:00+05:30,25.1,25.1,22.9,23.0,1350118
2021-07-16 00:00:00+05:30,22.6,23.4,21.85,21.85,843283
2021-07-19 00:00:00+05:30,21.5,21.85,20.8,20.85,879061
2021-07-20 00:00:00+05:30,21.75,21.85,19.85,21.85,319777
2021-07-22 00:00:00+05:30,22.9,22.9,22.9,22.9,136145
2021-07-23 00:00:00+05:30,24.0,24.0,24.0,24.0,153474
2021-07-26 00:00:00+05:30,25.2,25.2,22.8,24.4,945307
2021-07-27 00:00:00+05:30,24.85,24.85,23.2,23.2,265302
2021-07-28 00:00:00+05:30,22.1,22.75,22.05,22.05,116563
2021-07-29 00:00:00+05:30,20.95,20.95,20.95,20.95,115846
2021-07-30 00:00:00+05:30,20.0,21.95,20.0,21.85,456517
2021-08-02 00:00:00+05:30,22.3,22.3,20.8,21.1,404116
2021-08-03 00:00:00+05:30,21.0,21.5,20.05,20.05,240071
2021-08-04 00:00:00+05:30,19.05,20.2,19.05,19.05,276002
2021-08-05 00:00:00+05:30,18.1,18.75,18.1,18.1,169371
2021-08-06 00:00:00+05:30,18.85,19.0,17.35,19.0,208402
2021-08-09 00:00:00+05:30,19.45,19.5,18.05,18.4,320627
2021-08-10 00:00:00+05:30,18.2,18.7,17.5,17.5,227738
2021-08-11 00:00:00+05:30,16.75,17.6,16.65,16.65,130334
2021-08-12 00:00:00+05:30,15.85,16.85,15.85,15.95,541792
2021-08-13 00:00:00+05:30,15.9,15.9,15.2,15.2,158446
2021-08-16 00:00:00+05:30,14.45,14.45,14.45,14.45,96769
2021-08-17 00:00:00+05:30,13.75,13.75,13.75,13.75,86958
2021-08-18 00:00:00+05:30,13.1,13.1,13.1,13.1,209173
2021-08-20 00:00:00+05:30,12.45,13.75,12.45,13.75,508735
2021-08-23 00:00:00+05:30,14.4,14.4,13.75,14.4,337906
2021-08-24 00:00:00+05:30,14.7,15.1,13.75,14.95,190097
2021-08-25 00:00:00+05:30,15.25,15.65,15.0,15.65,203529
2021-08-26 00:00:00+05:30,16.35,16.4,16.0,16.4,109468
2021-08-27 00:00:00+05:30,17.2,17.2,15.6,16.5,369968
2021-08-30 00:00:00+05:30,16.35,16.5,15.7,15.7,150547
2021-08-31 00:00:00+05:30,15.0,15.4,14.95,14.95,198446
2021-09-01 00:00:00+05:30,14.35,14.7,14.25,14.25,154182
2021-09-02 00:00:00+05:30,14.2,14.95,13.7,14.95,172820
2021-09-03 00:00:00+05:30,15.35,15.4,14.25,14.25,305931
2021-09-06 00:00:00+05:30,14.25,14.95,14.05,14.95,124404
2021-09-07 00:00:00+05:30,15.5,15.65,15.1,15.65,132720
2021-09-08 00:00:00+05:30,16.4,16.4,16.4,16.4,150018
2021-09-09 00:00:00+05:30,16.9,16.9,15.65,16.05,187253
2021-09-13 00:00:00+05:30,15.3,16.4,15.25,15.45,162585
2021-09-14 00:00:00+05:30,15.05,15.55,14.75,15.15,109571
2021-09-15 00:00:00+05:30,15.4,15.9,15.0,15.9,137812
2021-09-16 00:00:00+05:30,16.5,16.5,15.15,16.3,213205
2021-09-17 00:00:00+05:30,16.3,16.3,15.5,15.85,116257
2021-09-20 00:00:00+05:30,15.8,15.8,15.1,15.15,151528
2021-09-21 00:00:00+05:30,15.6,15.6,14.5,15.0,95175
2021-09-22 00:00:00+05:30,15.0,15.75,14.75,15.65,162023
2021-09-23 00:00:00+05:30,15.95,15.95,15.2,15.35,127300
2021-09-24 00:00:00+05:30,15.75,15.75,14.7,15.2,84407
2021-09-27 00:00:00+05:30,14.5,15.6,14.5,15.25,102427
2021-09-28 00:00:00+05:30,15.45,15.5,14.75,15.35,123594
2021-09-29 00:00:00+05:30,15.35,15.9,15.05,15.45,144770
2021-09-30 00:00:00+05:30,15.7,15.7,15.0,15.35,78166
2021-10-01 00:00:00+05:30,15.45,15.45,14.75,14.95,163427
2021-10-04 00:00:00+05:30,15.0,15.65,15.0,15.65,172477
2021-10-05 00:00:00+05:30,15.7,15.75,15.3,15.5,103561
2021-10-06 00:00:00+05:30,15.85,15.85,15.1,15.2,67666
2021-10-07 00:00:00+05:30,15.4,15.45,15.0,15.1,104743
2021-10-08 00:00:00+05:30,15.1,15.3,14.8,15.15,97600
2021-10-11 00:00:00+05:30,15.35,15.6,15.0,15.15,125368
2021-10-12 00:00:00+05:30,15.4,15.5,14.65,14.9,219727
2021-10-13 00:00:00+05:30,15.2,15.35,14.95,15.1,162339
2021-10-14 00:00:00+05:30,15.3,15.3,14.55,14.9,204358
2021-10-18 00:00:00+05:30,15.1,15.1,14.4,14.6,234611
2021-10-19 00:00:00+05:30,15.05,15.05,14.05,14.3,196253
2021-10-20 00:00:00+05:30,14.5,14.5,14.05,14.35,151466
2021-10-21 00:00:00+05:30,14.6,14.85,14.25,14.45,119216
2021-10-22 00:00:00+05:30,14.45,14.7,14.1,14.15,104414
2021-10-25 00:00:00+05:30,14.55,14.55,13.65,14.1,100402
2021-10-26 00:00:00+05:30,14.55,14.55,13.5,14.0,123755
2021-10-27 00:00:00+05:30,14.0,14.5,14.0,14.25,133100
2021-10-28 00:00:00+05:30,14.5,14.5,13.65,13.7,129622
2021-10-29 00:00:00+05:30,13.65,14.15,13.2,13.55,61794
2021-11-01 00:00:00+05:30,13.65,14.2,13.65,13.75,89525
2021-11-02 00:00:00+05:30,13.75,14.1,13.5,13.75,95549
2021-11-03 00:00:00+05:30,14.05,14.05,13.55,13.6,81109
2021-11-04 00:00:00+05:30,13.9,14.15,13.6,13.95,61212
2021-11-08 00:00:00+05:30,14.55,14.55,14.0,14.3,198857
2021-11-09 00:00:00+05:30,14.5,15.0,14.25,15.0,248634
2021-11-10 00:00:00+05:30,15.25,15.25,14.6,14.9,245457
2021-11-11 00:00:00+05:30,15.5,15.6,15.1,15.6,433102
2021-11-12 00:00:00+05:30,16.25,16.35,15.9,16.35,1172983
2021-11-15 00:00:00+05:30,17.1,17.15,15.6,16.5,1643655
2021-11-16 00:00:00+05:30,15.95,16.25,15.7,15.7,185823
2021-11-17 00:00:00+05:30,14.95,15.4,14.95,14.95,484151
2021-11-18 00:00:00+05:30,14.35,14.7,14.25,14.25,324025
2021-11-22 00:00:00+05:30,14.0,14.8,13.55,13.55,256048
2021-11-23 00:00:00+05:30,12.95,14.2,12.95,14.2,121165
2021-11-24 00:00:00+05:30,14.9,14.9,14.65,14.9,104529
2021-11-25 00:00:00+05:30,15.6,15.6,15.1,15.6,1495662
2021-11-26 00:00:00+05:30,16.25,16.35,16.0,16.35,1412845
2021-11-29 00:00:00+05:30,16.95,17.15,15.55,15.55,1278761
2021-11-30 00:00:00+05:30,14.8,15.25,14.8,14.8,514570
2021-12-01 00:00:00+05:30,14.7,15.5,14.6,15.3,468514
2021-12-02 00:00:00+05:30,15.45,15.45,14.65,14.85,247953
2021-12-03 00:00:00+05:30,14.95,15.4,14.7,14.8,317115
2021-12-06 00:00:00+05:30,15.0,15.25,14.1,14.8,563087
2021-12-07 00:00:00+05:30,15.1,15.3,14.5,14.8,467252
2021-12-08 00:00:00+05:30,14.8,16.2,14.7,15.75,485660
2021-12-09 00:00:00+05:30,16.25,16.6,15.5,15.85,1081549
2021-12-10 00:00:00+05:30,16.0,17.4,15.8,17.4,2408884
2021-12-13 00:00:00+05:30,19.0,19.1,18.45,19.1,1499286
2021-12-14 00:00:00+05:30,19.95,20.05,19.65,20.05,436257
2021-12-15 00:00:00+05:30,21.05,21.05,21.05,21.05,88307
2021-12-16 00:00:00+05:30,22.1,22.1,20.0,20.0,4442803
2021-12-17 00:00:00+05:30,19.15,19.85,19.0,19.0,476970
2021-12-20 00:00:00+05:30,18.05,18.4,18.05,18.05,163188
2021-12-21 00:00:00+05:30,17.25,18.45,17.15,17.5,1413074
2021-12-22 00:00:00+05:30,17.8,18.25,17.15,18.05,637266
2021-12-23 00:00:00+05:30,18.5,18.95,18.35,18.95,663279
2021-12-24 00:00:00+05:30,19.45,19.85,18.15,19.85,1047268
2021-12-27 00:00:00+05:30,19.75,20.8,18.9,20.65,1253253
2021-12-28 00:00:00+05:30,21.15,21.65,20.8,21.65,308537
2021-12-29 00:00:00+05:30,22.6,22.7,21.6,22.7,2095924
2021-12-30 00:00:00+05:30,23.3,23.8,22.75,23.8,800490
2021-12-31 00:00:00+05:30,24.8,24.95,24.65,24.95,392067
2022-01-03 00:00:00+05:30,26.15,26.15,26.15,26.15,187549
2022-01-04 00:00:00+05:30,27.45,27.45,24.85,24.85,4370895
2022-01-05 00:00:00+05:30,24.05,25.75,23.65,23.75,8275072
2022-01-06 00:00:00+05:30,23.5,23.7,22.6,22.6,4180687
2022-01-07 00:00:00+05:30,22.5,23.25,21.5,21.5,5180944
2022-01-10 00:00:00+05:30,21.3,21.3,20.45,20.45,1593043
2022-01-11 00:00:00+05:30,19.45,19.45,19.45,19.45,593576
2022-01-12 00:00:00+05:30,18.5,18.5,18.5,18.5,643294
2022-01-13 00:00:00+05:30,17.6,19.4,17.6,19.4,11229520
2022-01-14 00:00:00+05:30,20.35,20.35,19.1,20.35,8626403
2022-01-17 00:00:00+05:30,21.35,21.35,20.4,21.35,2289186
2022-01-18 00:00:00+05:30,22.4,22.4,20.3,20.45,13071149
2022-01-19 00:00:00+05:30,20.35,20.65,19.45,19.45,2034157
2022-01-20 00:00:00+05:30,18.5,19.8,18.5,19.0,7282901
2022-01-21 00:00:00+05:30,18.85,19.95,18.35,19.05,3901674
2022-01-24 00:00:00+05:30,19.9,19.9,18.1,18.1,1869854
2022-01-25 00:00:00+05:30,17.3,18.4,17.2,17.55,1812381
2022-01-27 00:00:00+05:30,16.9,18.4,16.9,18.4,1849230
2022-01-28 00:00:00+05:30,18.45,19.25,18.25,18.45,1144930
2022-01-31 00:00:00+05:30,18.65,18.85,17.7,17.75,1104162
2022-02-01 00:00:00+05:30,18.0,18.6,17.75,18.6,780512
2022-02-02 00:00:00+05:30,19.35,19.4,18.6,18.8,1100871
2022-02-03 00:00:00+05:30,19.2,19.2,18.25,18.55,702024
2022-02-04 00:00:00+05:30,18.5,18.8,18.1,18.2,616804
2022-02-07 00:00:00+05:30,18.6,19.25,18.0,18.6,1163346
2022-02-08 00:00:00+05:30,18.75,19.2,17.7,17.95,760091
2022-02-09 00:00:00+05:30,18.1,18.35,17.65,17.9,490207
2022-02-10 00:00:00+05:30,18.15,18.15,16.95,17.2,1019906
2022-02-11 00:00:00+05:30,17.35,17.8,16.1,17.1,791314
2022-02-14 00:00:00+05:30,18.3,18.3,16.9,17.1,1639964
2022-02-15 00:00:00+05:30,17.25,17.9,16.6,17.25,625677
2022-02-16 00:00:00+05:30,17.65,18.1,17.4,17.55,914106
2022-02-17 00:00:00+05:30,17.75,17.9,17.15,17.35,541458
2022-02-18 00:00:00+05:30,17.1,17.5,16.8,17.0,491446
2022-02-21 00:00:00+05:30,16.85,16.85,15.65,15.85,555832
2022-02-22 00:00:00+05:30,15.5,15.55,14.35,14.65,829377
2022-02-23 00:00:00+05:30,14.7,16.1,14.7,16.1,585437
2022-02-24 00:00:00+05:30,14.7,16.5,14.5,14.6,1406376
2022-02-25 00:00:00+05:30,14.65,16.05,14.65,15.9,1024366
2022-02-28 00:00:00+05:30,16.0,16.0,15.15,15.6,717344
2022-03-02 00:00:00+05:30,15.85,16.2,15.1,15.55,709556
2022-03-03 00:00:00+05:30,15.9,16.1,15.45,15.6,590715
2022-03-04 00:00:00+05:30,15.8,15.8,14.45,14.65,1515031
2022-03-07 00:00:00+05:30,14.4,14.65,13.75,14.2,449047
2022-03-08 00:00:00+05:30,14.5,14.65,13.85,14.1,941274
2022-03-09 00:00:00+05:30,14.4,14.6,13.9,14.05,3005183
2022-03-10 00:00:00+05:30,14.4,14.75,13.65,13.9,2083828
2022-03-11 00:00:00+05:30,13.9,14.35,13.9,13.95,1254684
2022-03-14 00:00:00+05:30,14.05,14.1,12.65,12.9,2074154
2022-03-15 00:00:00+05:30,13.35,13.75,12.9,12.95,1882207
2022-03-16 00:00:00+05:30,13.4,13.45,12.9,12.95,936606
2022-03-17 00:00:00+05:30,13.15,13.2,12.9,12.95,973433
2022-03-21 00:00:00+05:30,13.0,13.15,12.8,12.95,1476157
2022-03-22 00:00:00+05:30,13.05,13.1,12.15,12.6,1263313
2022-03-23 00:00:00+05:30,12.85,12.85,11.9,11.95,2367203
2022-03-24 00:00:00+05:30,11.9,12.0,11.2,11.35,1211499
2022-03-25 00:00:00+05:30,11.4,12.45,11.4,11.75,4721026
2022-03-28 00:00:00+05:30,12.0,12.2,10.8,10.9,1651778
2022-03-29 00:00:00+05:30,11.1,11.45,10.7,11.1,1263353
2022-03-30 00:00:00+05:30,11.1,11.65,10.9,11.2,1301998
2022-03-31 00:00:00+05:30,11.55,11.55,10.9,11.0,858593
2022-04-01 00:00:00+05:30,11.05,11.5,10.9,11.4,1131049
2022-04-04 00:00:00+05:30,11.7,12.1,11.6,11.85,1591486
2022-04-05 00:00:00+05:30,12.0,12.1,10.95,11.0,7038105
2022-04-06 00:00:00+05:30,11.1,12.1,10.9,11.35,13907394
2022-04-07 00:00:00+05:30,11.5,12.3,11.1,11.55,22261649
2022-04-08 00:00:00+05:30,11.7,12.7,11.7,12.7,11422010
2022-04-11 00:00:00+05:30,12.9,13.95,12.7,13.25,19558405
2022-04-12 00:00:00+05:30,13.25,13.35,11.95,11.95,7109198
2022-04-13 00:00:00+05:30,12.25,12.25,11.65,11.75,3234334
2022-04-18 00:00:00+05:30,11.65,12.15,11.3,11.6,3646177
2022-04-19 00:00:00+05:30,11.7,11.85,10.65,10.95,5136161
2022-04-20 00:00:00+05:30,11.1,11.25,10.25,10.5,3094474
2022-04-21 00:00:00+05:30,10.7,11.05,10.5,10.8,1792427
2022-04-22 00:00:00+05:30,10.8,11.45,10.6,11.2,2470347
2022-04-25 00:00:00+05:30,11.2,11.4,10.75,10.9,1736213
2022-04-26 00:00:00+05:30,11.2,11.3,10.75,10.85,1063149
2022-04-27 00:00:00+05:30,10.7,10.9,10.4,10.6,865937
2022-04-28 00:00:00+05:30,10.85,10.85,9.55,9.65,3565568
2022-04-29 00:00:00+05:30,9.8,10.35,9.75,9.9,1659055
2022-05-02 00:00:00+05:30,9.9,10.15,9.4,9.75,715946
2022-05-04 00:00:00+05:30,9.9,9.9,9.15,9.3,1162460
2022-05-05 00:00:00+05:30,9.6,9.7,9.2,9.4,845988
2022-05-06 00:00:00+05:30,9.35,9.35,9.05,9.15,827598
2022-05-09 00:00:00+05:30,9.2,9.35,9.0,9.1,541145
2022-05-10 00:00:00+05:30,9.2,9.35,8.7,8.95,901096
2022-05-11 00:00:00+05:30,8.95,9.3,8.6,8.75,644580
2022-05-12 00:00:00+05:30,8.6,8.7,7.9,8.05,1170312
2022-05-13 00:00:00+05:30,8.5,8.8,8.2,8.6,989435
2022-05-16 00:00:00+05:30,8.8,9.25,8.7,8.9,844470
2022-05-17 00:00:00+05:30,8.9,9.4,8.7,9.3,845341
2022-05-18 00:00:00+05:30,9.5,9.6,9.15,9.2,618391
2022-05-19 00:00:00+05:30,8.5,8.85,8.5,8.65,710357
2022-05-20 00:00:00+05:30,8.75,9.0,8.7,8.85,433449
2022-05-23 00:00:00+05:30,8.8,9.2,8.6,8.8,579937
2022-05-24 00:00:00+05:30,9.0,9.0,8.5,8.55,313265
2022-05-25 00:00:00+05:30,8.8,8.8,8.3,8.4,306340
2022-05-26 00:00:00+05:30,8.15,8.5,7.8,8.15,611762
2022-05-27 00:00:00+05:30,8.4,8.4,8.1,8.2,374777
2022-05-30 00:00:00+05:30,8.3,8.85,8.2,8.65,490022
2022-05-31 00:00:00+05:30,8.65,8.85,8.4,8.75,516602
2022-06-01 00:00:00+05:30,8.75,8.95,8.6,8.8,492972
2022-06-02 00:00:00+05:30,8.65,9.2,8.6,9.1,1061570
2022-06-03 00:00:00+05:30,9.25,9.55,9.05,9.1,794255
2022-06-06 00:00:00+05:30,9.25,9.3,8.6,8.9,396735
2022-06-07 00:00:00+05:30,8.95,9.1,8.75,8.8,360117
2022-06-08 00:00:00+05:30,8.7,8.95,8.35,8.5,312651
2022-06-09 00:00:00+05:30,8.35,8.8,8.35,8.6,362574
2022-06-10 00:00:00+05:30,8.6,8.75,8.25,8.55,395464
2022-06-13 00:00:00+05:30,8.5,8.5,8.0,8.25,466878
2022-06-14 00:00:00+05:30,8.25,8.4,8.1,8.2,442320
2022-06-15 00:00:00+05:30,8.35,9.0,8.1,8.85,598286
2022-06-16 00:00:00+05:30,9.15,9.65,8.0,8.2,2085869
2022-06-17 00:00:00+05:30,8.25,9.0,8.2,9.0,1170168
2022-06-20 00:00:00+05:30,9.4,9.4,8.35,8.7,1148414
2022-06-21 00:00:00+05:30,8.9,9.0,8.65,8.85,379414
2022-06-22 00:00:00+05:30,8.85,8.95,8.6,8.8,363612
2022-06-23 00:00:00+05:30,8.9,9.1,8.8,8.85,567232
2022-06-24 00:00:00+05:30,9.2,9.2,8.6,8.8,507716
2022-06-27 00:00:00+05:30,9.0,9.15,8.85,9.05,560721
2022-06-28 00:00:00+05:30,9.05,9.05,8.65,8.8,423260
2022-06-29 00:00:00+05:30,8.75,8.85,8.45,8.7,313226
2022-06-30 00:00:00+05:30,8.7,8.8,8.55,8.65,191407
2022-07-01 00:00:00+05:30,8.65,8.8,8.5,8.7,201100
2022-07-04 00:00:00+05:30,8.8,9.25,8.75,9.1,869174
2022-07-05 00:00:00+05:30,9.25,9.35,8.95,9.0,343003
2022-07-06 00:00:00+05:30,9.15,9.15,8.7,8.75,308245
2022-07-07 00:00:00+05:30,8.95,8.95,8.7,8.7,366581
2022-07-08 00:00:00+05:30,8.85,8.9,8.55,8.7,341221
2022-07-11 00:00:00+05:30,8.75,9.5,8.75,9.2,1041427
2022-07-12 00:00:00+05:30,9.4,9.5,9.2,9.35,560913
2022-07-13 00:00:00+05:30,9.55,10.25,9.5,10.25,2205069
2022-07-14 00:00:00+05:30,10.7,11.25,10.15,11.2,6410476
2022-07-15 00:00:00+05:30,10.9,11.2,10.65,10.7,4410169
2022-07-18 00:00:00+05:30,10.95,11.1,10.2,10.2,1276646
2022-07-19 00:00:00+05:30,10.15,10.7,9.95,10.1,3407661
2022-07-20 00:00:00+05:30,10.15,10.25,9.65,9.7,1900314
2022-07-21 00:00:00+05:30,9.6,9.9,9.4,9.7,849111
2022-07-22 00:00:00+05:30,9.6,9.85,9.6,9.7,367139
2022-07-25 00:00:00+05:30,9.7,9.7,9.45,9.5,481131
2022-07-26 00:00:00+05:30,9.6,9.65,9.1,9.2,658472
2022-07-27 00:00:00+05:30,9.2,9.4,9.15,9.25,374293
2022-07-28 00:00:00+05:30,9.45,9.45,9.2,9.25,296543
2022-07-29 00:00:00+05:30,9.35,9.4,9.1,9.2,508885
2022-08-01 00:00:00+05:30,9.3,9.35,9.15,9.25,560999
2022-08-02 00:00:00+05:30,9.2,9.5,9.0,9.15,966549
2022-08-03 00:00:00+05:30,9.25,9.25,8.95,9.1,497674
2022-08-04 00:00:00+05:30,9.2,9.2,9.0,9.05,490369
2022-08-05 00:00:00+05:30,9.2,9.2,8.95,9.0,806941
2022-08-08 00:00:00+05:30,9.15,9.15,8.9,9.0,452011
2022-08-10 00:00:00+05:30,9.15,9.15,8.95,9.0,593449
2022-08-11 00:00:00+05:30,9.1,9.1,8.9,8.95,385146
2022-08-12 00:00:00+05:30,9.05,9.05,8.85,8.85,369805
2022-08-16 00:00:00+05:30,8.95,9.0,8.8,8.85,380332
2022-08-17 00:00:00+05:30,8.9,9.0,8.8,8.9,420165
2022-08-18 00:00:00+05:30,8.85,8.95,8.85,8.85,386659
2022-08-19 00:00:00+05:30,8.95,8.95,8.8,8.85,446256
2022-08-22 00:00:00+05:30,8.85,9.0,8.55,8.8,839938
2022-08-23 00:00:00+05:30,8.9,8.9,8.4,8.55,1827148
2022-08-24 00:00:00+05:30,8.6,8.6,8.4,8.4,592198
2022-08-25 00:00:00+05:30,8.55,8.8,8.45,8.75,788931
2022-08-26 00:00:00+05:30,8.85,8.95,8.65,8.8,527906
2022-08-29 00:00:00+05:30,8.7,8.7,8.55,8.65,516130
2022-08-30 00:00:00+05:30,8.7,8.8,8.6,8.65,701383
2022-09-01 00:00:00+05:30,8.55,8.7,8.5,8.6,747565
2022-09-02 00:00:00+05:30,8.7,9.0,8.5,8.7,1380992
2022-09-05 00:00:00+05:30,8.7,9.1,8.7,9.0,975654
2022-09-06 00:00:00+05:30,9.2,9.45,9.2,9.45,2619092
2022-09-07 00:00:00+05:30,9.45,9.65,9.15,9.35,1597520
2022-09-08 00:00:00+05:30,9.4,9.55,9.3,9.45,1337198
2022-09-09 00:00:00+05:30,9.5,9.65,9.05,9.2,1321716
2022-09-12 00:00:00+05:30,9.2,9.3,9.15,9.2,544281
2022-09-13 00:00:00+05:30,9.2,9.35,9.1,9.15,522374
2022-09-14 00:00:00+05:30,9.05,9.15,8.9,8.95,595609
2022-09-15 00:00:00+05:30,9.0,9.1,8.95,8.95,482293
2022-09-16 00:00:00+05:30,9.05,9.05,8.8,8.85,500182
2022-09-19 00:00:00+05:30,8.9,8.9,8.6,8.6,692542
2022-09-20 00:00:00+05:30,8.75,8.8,8.55,8.6,508663
2022-09-21 00:00:00+05:30,8.7,8.75,8.5,8.6,513529
2022-09-22 00:00:00+05:30,8.6,8.95,8.5,8.8,593587
2022-09-23 00:00:00+05:30,8.9,8.9,8.6,8.65,471164
2022-09-26 00:00:00+05:30,8.65,8.75,8.25,8.3,771603
2022-09-27 00:00:00+05:30,8.65,8.65,8.3,8.45,404743
2022-09-28 00:00:00+05:30,8.45,8.6,8.35,8.4,426088
2022-09-29 00:00:00+05:30,8.55,8.55,8.35,8.4,307473
2022-09-30 00:00:00+05:30,8.4,8.65,8.4,8.4,268577
2022-10-03 00:00:00+05:30,8.5,8.5,8.2,8.25,412296
2022-10-04 00:00:00+05:30,8.4,8.4,8.2,8.25,488319
2022-10-06 00:00:00+05:30,8.25,8.45,8.25,8.3,462976
2022-10-07 00:00:00+05:30,8.3,8.4,8.25,8.3,358177
2022-10-10 00:00:00+05:30,8.35,8.35,7.7,8.25,404483
2022-10-11 00:00:00+05:30,8.3,8.3,8.0,8.05,349927
2022-10-12 00:00:00+05:30,8.0,8.2,8.0,8.0,365410
2022-10-13 00:00:00+05:30,8.0,8.3,7.8,8.2,649863
2022-10-14 00:00:00+05:30,8.2,8.4,8.05,8.1,362763
2022-10-17 00:00:00+05:30,8.2,8.2,7.7,7.9,605968
2022-10-18 00:00:00+05:30,8.0,8.15,7.9,7.95,353640
2022-10-19 00:00:00+05:30,8.05,8.05,7.75,7.85,715915
2022-10-20 00:00:00+05:30,7.95,7.95,7.8,7.85,227871
2022-10-21 00:00:00+05:30,7.9,7.9,7.8,7.8,279135
2022-10-24 00:00:00+05:30,7.8,7.9,7.8,7.9,98829
2022-10-25 00:00:00+05:30,7.95,7.95,7.7,7.8,555176
2022-10-27 00:00:00+05:30,7.85,7.9,7.7,7.75,438195
2022-10-28 00:00:00+05:30,7.8,7.9,7.7,7.8,198746
2022-10-31 00:00:00+05:30,7.85,7.85,7.7,7.75,342096
2022-11-01 00:00:00+05:30,7.75,7.8,7.7,7.8,310352
2022-11-02 00:00:00+05:30,7.8,8.5,7.75,8.05,529175
2022-11-03 00:00:00+05:30,8.2,8.5,8.1,8.3,723826
2022-11-04 00:00:00+05:30,8.4,8.4,8.05,8.15,372145
2022-11-07 00:00:00+05:30,8.25,8.3,8.1,8.25,252160
2022-11-09 00:00:00+05:30,8.15,8.25,8.0,8.05,561965
2022-11-10 00:00:00+05:30,8.1,8.1,7.9,7.95,258491
2022-11-11 00:00:00+05:30,8.05,8.05,7.9,7.95,216164
2022-11-14 00:00:00+05:30,8.0,8.0,7.85,7.9,261169
2022-11-15 00:00:00+05:30,7.95,8.0,7.8,7.9,210212
2022-11-16 00:00:00+05:30,7.85,7.9,7.75,7.8,299186
2022-11-17 00:00:00+05:30,7.85,7.9,7.7,7.7,349311
2022-11-18 00:00:00+05:30,7.8,7.85,7.65,7.75,381591
2022-11-21 00:00:00+05:30,7.85,7.85,7.7,7.7,252385
2022-11-22 00:00:00+05:30,7.8,7.8,7.35,7.45,1073016
2022-11-23 00:00:00+05:30,7.5,7.5,7.1,7.15,914560
2022-11-24 00:00:00+05:30,7.2,7.25,6.8,6.9,1247232
2022-11-25 00:00:00+05:30,7.0,7.3,6.9,7.1,893050
2022-11-28 00:00:00+05:30,7.2,7.35,7.1,7.15,627312
2022-11-29 00:00:00+05:30,7.2,7.75,7.15,7.45,1225750
2022-11-30 00:00:00+05:30,7.5,7.55,7.05,7.3,811213
2022-12-01 00:00:00+05:30,7.4,7.6,7.25,7.45,504648
2022-12-02 00:00:00+05:30,7.6,7.65,7.3,7.55,405049
2022-12-05 00:00:00+05:30,7.55,8.3,7.55,8.3,1633127
2022-12-06 00:00:00+05:30,8.7,8.8,8.05,8.3,1957849
2022-12-07 00:00:00+05:30,8.4,9.8,8.4,9.1,4605327
2022-12-08 00:00:00+05:30,9.45,9.7,9.0,9.1,1296118
2022-12-09 00:00:00+05:30,9.3,9.3,8.65,8.75,1161162
2022-12-12 00:00:00+05:30,8.85,8.85,8.55,8.65,535432
2022-12-13 00:00:00+05:30,8.7,9.2,8.7,8.95,882434
2022-12-14 00:00:00+05:30,9.05,9.55,8.85,9.2,1752161
2022-12-15 00:00:00+05:30,9.25,9.4,8.95,8.95,1308432
2022-12-16 00:00:00+05:30,9.0,9.15,8.75,8.85,559574
2022-12-19 00:00:00+05:30,8.7,8.95,8.7,8.85,505195
2022-12-20 00:00:00+05:30,8.85,8.9,8.55,8.65,497973
2022-12-21 00:00:00+05:30,8.75,8.85,7.8,8.1,803031
2022-12-22 00:00:00+05:30,8.15,8.3,7.6,7.75,816614
2022-12-23 00:00:00+05:30,7.75,7.8,7.1,7.15,1101015
2022-12-26 00:00:00+05:30,7.15,8.05,7.15,7.95,904545
2022-12-27 00:00:00+05:30,8.45,8.5,7.85,8.05,526514
2022-12-28 00:00:00+05:30,8.35,8.35,8.0,8.05,304168
2022-12-29 00:00:00+05:30,8.15,8.25,7.95,8.1,235365
2022-12-30 00:00:00+05:30,8.05,8.3,7.9,8.05,430636
2023-01-02 00:00:00+05:30,8.2,8.3,8.0,8.2,289171
2023-01-03 00:00:00+05:30,8.35,8.35,8.0,8.1,539720
2023-01-04 00:00:00+05:30,8.1,8.2,7.9,7.95,579642
2023-01-05 00:00:00+05:30,8.05,8.1,7.85,8.0,368462
2023-01-06 00:00:00+05:30,8.1,8.1,7.85,7.95,236569
2023-01-09 00:00:00+05:30,8.05,8.05,7.8,7.85,197361
2023-01-10 00:00:00+05:30,8.0,8.0,7.7,7.8,342732
2023-01-11 00:00:00+05:30,7.7,7.95,7.7,7.8,331368
2023-01-12 00:00:00+05:30,7.95,7.95,7.6,7.7,286311
2023-01-13 00:00:00+05:30,7.7,7.9,7.65,7.85,210594
2023-01-16 00:00:00+05:30,7.85,7.95,7.7,7.75,235878
2023-01-17 00:00:00+05:30,7.9,7.95,7.65,7.7,411455
2023-01-18 00:00:00+05:30,7.65,7.75,7.55,7.6,306005
2023-01-19 00:00:00+05:30,7.65,7.85,7.55,7.7,415292
2023-01-20 00:00:00+05:30,7.65,7.75,7.65,7.7,129977
2023-01-23 00:00:00+05:30,7.7,7.85,7.55,7.6,165644
2023-01-24 00:00:00+05:30,7.8,7.8,7.55,7.55,193314
2023-01-25 00:00:00+05:30,7.6,7.65,7.3,7.35,511544
2023-01-27 00:00:00+05:30,6.3,6.5,5.9,5.9,1855731
2023-01-30 00:00:00+05:30,4.75,5.3,4.75,5.0,5124175
2023-01-31 00:00:00+05:30,5.05,5.5,5.05,5.5,562502
2023-02-01 00:00:00+05:30,5.9,6.05,5.9,6.05,746027
2023-02-02 00:00:00+05:30,6.3,6.65,5.85,6.65,4079160
2023-02-03 00:00:00+05:30,6.85,6.95,6.7,6.9,1713850
2023-02-06 00:00:00+05:30,7.2,7.2,6.6,6.75,1549473
2023-02-07 00:00:00+05:30,6.6,6.75,6.45,6.45,540073
2023-02-08 00:00:00+05:30,6.25,6.45,6.15,6.15,1272101
2023-02-09 00:00:00+05:30,6.15,6.15,5.95,6.0,760993
2023-02-10 00:00:00+05:30,5.9,6.3,5.9,6.3,465442
2023-02-13 00:00:00+05:30,6.4,6.6,6.1,6.15,1108835
2023-02-14 00:00:00+05:30,6.15,6.3,5.9,6.0,526194
2023-02-15 00:00:00+05:30,5.95,6.2,5.9,6.15,563827
2023-02-16 00:00:00+05:30,6.3,6.3,6.05,6.1,322009
2023-02-17 00:00:00+05:30,6.15,6.2,6.0,6.1,363900
2023-02-20 00:00:00+05:30,6.1,6.15,5.9,6.0,367351
2023-02-21 00:00:00+05:30,6.05,6.05,5.7,5.8,774061
2023-02-22 00:00:00+05:30,5.8,5.85,5.7,5.8,390233
2023-02-23 00:00:00+05:30,5.85,5.9,5.65,5.7,396542
2023-02-24 00:00:00+05:30,5.7,5.8,5.55,5.65,355477
2023-02-27 00:00:00+05:30,5.7,5.7,5.35,5.4,453731
2023-02-28 00:00:00+05:30,5.35,5.45,5.15,5.2,673759
2023-03-01 00:00:00+05:30,5.25,5.45,5.15,5.45,489092
2023-03-02 00:00:00+05:30,5.55,5.7,5.5,5.7,451072
2023-03-03 00:00:00+05:30,5.85,5.85,5.55,5.6,594012
2023-03-06 00:00:00+05:30,5.6,5.85,5.6,5.8,646619
2023-03-08 00:00:00+05:30,5.65,5.75,5.65,5.65,310605
2023-03-09 00:00:00+05:30,5.75,5.75,5.6,5.6,274032
2023-03-10 00:00:00+05:30,5.55,5.65,5.55,5.6,351278
2023-03-13 00:00:00+05:30,5.6,5.65,5.35,5.4,491677
2023-03-14 00:00:00+05:30,5.45,5.5,5.25,5.3,441631
2023-03-15 00:00:00+05:30,5.35,5.35,5.15,5.15,421395
2023-03-16 00:00:00+05:30,5.15,5.35,5.05,5.25,348609
2023-03-17 00:00:00+05:30,5.35,5.45,5.1,5.2,381177
2023-03-20 00:00:00+05:30,5.0,5.25,5.0,5.1,219977
2023-03-21 00:00:00+05:30,5.2,5.35,5.1,5.2,759410
2023-03-22 00:00:00+05:30,5.25,5.35,5.15,5.25,241334
2023-03-23 00:00:00+05:30,5.2,5.3,5.05,5.05,366926
2023-03-24 00:00:00+05:30,5.05,5.1,4.95,5.05,541726
2023-03-27 00:00:00+05:30,5.1,5.1,4.8,4.8,480886
2023-03-28 00:00:00+05:30,4.8,5.0,4.75,4.8,436483
2023-03-29 00:00:00+05:30,4.85,4.85,4.7,4.7,506711
2023-03-31 00:00:00+05:30,4.8,4.9,4.7,4.7,469093
2023-04-03 00:00:00+05:30,4.95,5.0,4.85,5.0,207778
2023-04-05 00:00:00+05:30,5.2,5.25,5.15,5.25,134093
2023-04-06 00:00:00+05:30,5.4,5.5,5.4,5.5,121103
2023-04-10 00:00:00+05:30,5.7,5.75,5.3,5.35,695035
2023-04-11 00:00:00+05:30,5.35,5.75,5.3,5.6,625470
2023-04-12 00:00:00+05:30,5.75,5.75,5.5,5.55,168469
2023-04-13 00:00:00+05:30,5.6,5.6,5.4,5.5,167381
2023-04-17 00:00:00+05:30,5.5,5.5,5.25,5.45,265730
2023-04-18 00:00:00+05:30,5.5,5.8,5.5,5.55,285505
2023-04-19 00:00:00+05:30,5.5,5.65,5.5,5.5,151885
2023-04-20 00:00:00+05:30,5.55,5.7,5.45,5.55,158675
2023-04-21 00:00:00+05:30,5.55,5.6,5.4,5.5,166954
2023-04-24 00:00:00+05:30,5.5,5.55,5.35,5.4,245995
2023-04-25 00:00:00+05:30,5.45,5.55,5.35,5.45,204925
2023-04-26 00:00:00+05:30,5.45,5.45,5.35,5.45,127579
2023-04-27 00:00:00+05:30,5.45,5.5,5.35,5.45,123520
2023-04-28 00:00:00+05:30,5.5,5.5,5.35,5.4,236114
2023-05-02 00:00:00+05:30,5.4,5.6,5.35,5.4,338094
2023-05-03 00:00:00+05:30,5.45,5.45,5.4,5.45,164834
2023-05-04 00:00:00+05:30,5.45,5.5,5.4,5.45,176687
2023-05-05 00:00:00+05:30,5.6,5.7,5.45,5.5,299053
2023-05-08 00:00:00+05:30,5.7,5.7,5.4,5.4,159334
2023-05-09 00:00:00+05:30,5.45,5.5,5.3,5.4,162464
2023-05-10 00:00:00+05:30,5.4,5.45,5.35,5.4,178063
2023-05-11 00:00:00+05:30,5.4,5.4,5.2,5.35,566519
2023-05-12 00:00:00+05:30,5.35,5.5,5.3,5.35,308318
2023-05-15 00:00:00+05:30,5.4,5.6,5.3,5.4,380788
2023-05-16 00:00:00+05:30,5.4,5.45,5.35,5.35,133813
2023-05-17 00:00:00+05:30,5.4,5.5,5.35,5.4,284994
2023-05-18 00:00:00+05:30,5.4,5.5,5.25,5.3,340850
2023-05-19 00:00:00+05:30,5.35,5.35,5.2,5.2,293036
2023-05-22 00:00:00+05:30,5.2,5.25,5.1,5.15,230070
2023-05-23 00:00:00+05:30,5.15,5.2,5.1,5.2,205134
2023-05-24 00:00:00+05:30,5.2,5.2,5.15,5.15,155650
2023-05-25 00:00:00+05:30,5.65,5.65,5.65,5.65,542201
2023-05-26 00:00:00+05:30,6.2,6.2,5.8,6.05,2715991
2023-05-29 00:00:00+05:30,6.05,6.05,5.7,5.8,776005
2023-05-30 00:00:00+05:30,5.75,5.85,5.65,5.7,321496
2023-05-31 00:00:00+05:30,5.65,5.7,5.5,5.6,424953
2023-06-01 00:00:00+05:30,5.65,5.8,5.6,5.7,305296
2023-06-02 00:00:00+05:30,5.8,5.85,5.65,5.75,344264
2023-06-05 00:00:00+05:30,5.8,5.95,5.75,5.95,344499
2023-06-06 00:00:00+05:30,6.0,6.0,5.85,5.9,287676
2023-06-07 00:00:00+05:30,6.0,6.5,5.95,6.25,1691859
2023-06-08 00:00:00+05:30,6.45,6.75,6.35,6.45,1660268
2023-06-09 00:00:00+05:30,6.45,6.65,6.3,6.4,675630
2023-06-12 00:00:00+05:30,6.6,6.8,6.4,6.45,998522
2023-06-13 00:00:00+05:30,6.7,6.7,6.4,6.5,432853
2023-06-14 00:00:00+05:30,6.6,6.65,6.4,6.45,484172
2023-06-15 00:00:00+05:30,6.45,6.45,5.85,6.25,454218
2023-06-16 00:00:00+05:30,6.25,6.5,6.2,6.5,600126
2023-06-19 00:00:00+05:30,6.45,6.5,6.25,6.3,248652
2023-06-20 00:00:00+05:30,6.2,6.35,6.1,6.2,370341
2023-06-21 00:00:00+05:30,6.2,6.35,6.15,6.15,340755
2023-06-22 00:00:00+05:30,6.25,6.3,6.1,6.2,276205
2023-06-23 00:00:00+05:30,6.15,6.2,5.75,5.95,918822
2023-06-26 00:00:00+05:30,6.1,6.1,5.9,6.0,105959
2023-06-27 00:00:00+05:30,5.95,6.05,5.95,5.95,141671
2023-06-28 00:00:00+05:30,6.0,6.2,5.75,6.0,386028
2023-06-30 00:00:00+05:30,5.95,6.05,5.9,5.95,263248
2023-07-03 00:00:00+05:30,5.95,7.0,5.9,6.75,3231251
2023-07-04 00:00:00+05:30,6.75,7.0,6.75,6.8,1263745
2023-07-05 00:00:00+05:30,6.95,6.95,6.6,6.7,613656
2023-07-06 00:00:00+05:30,6.7,6.75,6.55,6.6,447380
2023-07-07 00:00:00+05:30,6.65,6.95,6.6,6.85,859366
2023-07-10 00:00:00+05:30,6.95,7.3,6.9,7.1,994197
2023-07-11 00:00:00+05:30,7.15,7.3,7.05,7.3,764016
2023-07-12 00:00:00+05:30,7.25,7.75,7.25,7.5,2022961
2023-07-13 00:00:00+05:30,7.65,7.75,6.9,7.1,2344509
2023-07-14 00:00:00+05:30,7.15,7.3,6.85,7.05,731112
2023-07-17 00:00:00+05:30,7.15,7.45,6.95,7.25,831198
2023-07-18 00:00:00+05:30,7.25,7.4,7.1,7.1,812607
2023-07-19 00:00:00+05:30,7.15,7.25,7.0,7.2,764352
2023-07-20 00:00:00+05:30,7.2,7.2,7.05,7.05,456208
2023-07-21 00:00:00+05:30,7.0,7.15,6.95,7.1,430290
2023-07-24 00:00:00+05:30,7.1,7.2,6.95,7.1,757329
2023-07-25 00:00:00+05:30,7.0,7.1,6.9,6.95,266787
2023-07-26 00:00:00+05:30,7.0,7.0,6.75,6.9,469592
2023-07-27 00:00:00+05:30,6.75,6.9,6.75,6.85,332594
2023-07-28 00:00:00+05:30,6.85,7.0,6.75,6.85,270663
2023-07-31 00:00:00+05:30,6.9,7.15,6.85,7.0,425269
2023-08-01 00:00:00+05:30,7.05,7.1,6.95,7.05,285184
2023-08-02 00:00:00+05:30,6.95,7.05,6.8,6.9,389996
2023-08-03 00:00:00+05:30,6.9,7.0,6.75,6.9,387543
2023-08-04 00:00:00+05:30,7.0,7.0,6.9,7.0,363917
2023-08-07 00:00:00+05:30,6.95,7.25,6.95,7.15,922931
2023-08-08 00:00:00+05:30,7.25,7.25,7.0,7.05,481112
2023-08-09 00:00:00+05:30,7.1,7.1,7.0,7.1,276652
2023-08-10 00:00:00+05:30,7.05,7.2,7.0,7.05,619714
2023-08-11 00:00:00+05:30,7.0,7.05,6.85,7.05,444874
2023-08-14 00:00:00+05:30,7.1,7.1,6.9,6.95,404305
2023-08-16 00:00:00+05:30,7.1,7.15,7.0,7.0,324972
2023-08-17 00:00:00+05:30,7.1,7.1,6.9,6.95,365080
2023-08-18 00:00:00+05:30,7.0,7.05,6.9,6.95,233079
2023-08-21 00:00:00+05:30,7.05,7.05,6.85,6.9,292869
2023-08-22 00:00:00+05:30,6.95,7.0,6.85,6.9,294269
2023-08-23 00:00:00+05:30,6.9,7.0,6.85,6.9,371183
2023-08-24 00:00:00+05:30,7.0,7.2,6.95,7.1,659263
2023-08-25 00:00:00+05:30,7.1,7.1,6.95,7.0,464191
2023-08-28 00:00:00+05:30,7.05,7.05,6.9,7.0,430068
2023-08-29 00:00:00+05:30,7.0,7.05,6.95,6.95,401192
2023-08-30 00:00:00+05:30,7.0,7.25,7.0,7.2,1138839
2023-08-31 00:00:00+05:30,7.25,7.35,7.15,7.3,744530
2023-09-01 00:00:00+05:30,7.35,7.9,7.25,7.6,2195580
2023-09-04 00:00:00+05:30,8.0,8.4,7.95,8.25,2791003
2023-09-05 00:00:00+05:30,8.4,8.7,8.15,8.3,1916751
2023-09-06 00:00:00+05:30,8.35,8.8,8.3,8.4,1285589
2023-09-07 00:00:00+05:30,8.5,10.05,8.45,9.85,12514277
2023-09-08 00:00:00+05:30,10.0,10.95,9.8,10.4,10899552
2023-09-11 00:00:00+05:30,10.6,10.95,10.5,10.55,3626682
2023-09-12 00:00:00+05:30,10.65,10.65,10.05,10.05,592703
2023-09-13 00:00:00+05:30,9.55,9.55,9.55,9.55,124486
2023-09-14 00:00:00+05:30,9.1,9.1,9.1,9.1,236975
2023-09-15 00:00:00+05:30,8.65,9.55,8.65,9.55,1371367
2023-09-18 00:00:00+05:30,9.5,9.55,9.1,9.1,921101
2023-09-20 00:00:00+05:30,8.95,8.95,8.65,8.7,939139
2023-09-21 00:00:00+05:30,8.5,8.75,8.3,8.3,516508
2023-09-22 00:00:00+05:30,8.3,8.7,8.3,8.7,544979
2023-09-25 00:00:00+05:30,9.1,9.1,8.8,9.1,868998
2023-09-26 00:00:00+05:30,9.25,9.25,8.7,8.9,421560
2023-09-27 00:00:00+05:30,8.9,8.95,8.6,8.65,238138
2023-09-28 00:00:00+05:30,8.65,9.0,8.5,8.65,411504
2023-09-29 00:00:00+05:30,8.65,8.85,8.5,8.6,338411
2023-10-03 00:00:00+05:30,8.75,8.75,8.3,8.45,268809
2023-10-04 00:00:00+05:30,8.45,8.6,8.05,8.2,428866
2023-10-05 00:00:00+05:30,8.25,8.35,8.15,8.3,204077
2023-10-06 00:00:00+05:30,8.3,8.4,8.15,8.2,229424
2023-10-09 00:00:00+05:30,7.9,8.1,7.8,7.9,317201
2023-10-10 00:00:00+05:30,8.0,8.05,7.8,7.9,178703
2023-10-11 00:00:00+05:30,7.9,8.2,7.8,7.95,854766
2023-10-12 00:00:00+05:30,8.0,8.15,7.85,8.1,299437
2023-10-13 00:00:00+05:30,8.05,8.1,7.9,8.05,260390
2023-10-16 00:00:00+05:30,7.95,8.05,7.9,8.0,164693
2023-10-17 00:00:00+05:30,8.0,8.05,7.9,8.0,171479
2023-10-18 00:00:00+05:30,8.0,8.0,7.75,7.9,239971
2023-10-19 00:00:00+05:30,7.9,7.9,7.7,7.85,183028
2023-10-20 00:00:00+05:30,7.95,7.95,7.6,7.7,274052
2023-10-23 00:00:00+05:30,7.75,7.8,7.35,7.45,257275
2023-10-25 00:00:00+05:30,7.5,7.55,7.15,7.2,185332
2023-10-26 00:00:00+05:30,7.25,7.25,6.85,7.15,237285
2023-10-27 00:00:00+05:30,7.2,7.5,7.2,7.5,197613
2023-10-30 00:00:00+05:30,7.65,7.65,7.45,7.6,129472
2023-10-31 00:00:00+05:30,7.55,7.65,7.5,7.55,289006
2023-11-01 00:00:00+05:30,7.5,7.65,7.5,7.6,223560
2023-11-02 00:00:00+05:30,7.6,7.7,7.5,7.6,206493
2023-11-03 00:00:00+05:30,7.65,7.9,7.55,7.8,245483
2023-11-06 00:00:00+05:30,7.8,8.15,7.8,8.15,295161
2023-11-07 00:00:00+05:30,8.45,8.55,8.2,8.55,501941
2023-11-08 00:00:00+05:30,8.85,8.9,8.65,8.9,529966
2023-11-09 00:00:00+05:30,9.25,9.3,8.5,9.0,1418178
2023-11-10 00:00:00+05:30,8.85,8.85,8.85,8.85,76766
2023-11-12 00:00:00+05:30,8.7,8.7,8.7,8.7,74373
2023-11-13 00:00:00+05:30,8.55,8.55,8.55,8.55,225038
2023-11-15 00:00:00+05:30,8.4,8.5,8.4,8.4,137388
2023-11-16 00:00:00+05:30,8.25,8.4,8.25,8.25,140738
2023-11-17 00:00:00+05:30,8.1,8.1,8.1,8.1,109960
2023-11-20 00:00:00+05:30,8.25,8.25,8.25,8.25,339324
2023-11-21 00:00:00+05:30,8.4,8.4,8.4,8.4,107182
2023-11-22 00:00:00+05:30,8.45,8.55,8.45,8.45,203592
2023-11-23 00:00:00+05:30,8.3,8.3,8.3,8.3,31679
2023-11-24 00:00:00+05:30,8.15,8.15,8.15,8.15,61228
2023-11-28 00:00:00+05:30,8.0,8.05,8.0,8.0,117884
2023-11-29 00:00:00+05:30,7.9,8.0,7.9,7.9,81089
2023-11-30 00:00:00+05:30,7.75,7.8,7.75,7.75,129881
2023-12-01 00:00:00+05:30,7.6,7.75,7.6,7.6,161038
2023-12-04 00:00:00+05:30,7.55,7.6,7.55,7.55,135033
2023-12-05 00:00:00+05:30,7.65,7.7,7.6,7.65,78529
2023-12-06 00:00:00+05:30,7.65,7.65,7.65,7.65,59191
2023-12-07 00:00:00+05:30,7.6,7.65,7.5,7.6,147073
2023-12-08 00:00:00+05:30,7.75,7.75,7.75,7.75,194572
2023-12-11 00:00:00+05:30,7.9,7.9,7.9,7.9,92651
2023-12-12 00:00:00+05:30,8.05,8.05,8.05,8.05,172810
2023-12-13 00:00:00+05:30,7.9,8.05,7.9,7.9,191985
2023-12-14 00:00:00+05:30,7.75,7.9,7.75,7.75,226423
2023-12-15 00:00:00+05:30,7.75,7.75,7.6,7.75,185064
2023-12-18 00:00:00+05:30,8.1,8.1,8.1,8.1,253307
2023-12-19 00:00:00+05:30,8.5,8.5,8.5,8.5,302467
2023-12-20 00:00:00+05:30,8.9,8.9,8.15,8.35,1991762
2023-12-21 00:00:00+05:30,8.0,8.35,8.0,8.0,1256830
2023-12-22 00:00:00+05:30,8.0,8.4,7.95,8.4,762847
2023-12-26 00:00:00+05:30,8.55,8.8,8.4,8.8,944046
2023-12-27 00:00:00+05:30,8.8,9.15,8.7,9.1,997196
2023-12-28 00:00:00+05:30,9.25,9.25,8.6,8.9,623468
2023-12-29 00:00:00+05:30,8.9,9.0,8.7,9.0,442792
2024-01-01 00:00:00+05:30,10.0,10.65,9.6,10.65,6752086
2024-01-02 00:00:00+05:30,11.1,12.75,10.65,12.75,16558939
2024-01-03 00:00:00+05:30,13.3,14.0,12.8,14.0,18069923
2024-01-04 00:00:00+05:30,14.5,15.4,14.5,15.4,5754469
2024-01-05 00:00:00+05:30,16.9,16.9,15.0,16.9,21138089
2024-01-08 00:00:00+05:30,17.7,17.7,17.7,17.7,926459
2024-01-09 00:00:00+05:30,18.55,18.55,18.55,18.55,984370
2024-01-10 00:00:00+05:30,19.45,19.45,17.65,17.65,4325217
2024-01-11 00:00:00+05:30,16.8,16.8,16.8,16.8,662085
2024-01-12 00:00:00+05:30,16.0,17.6,16.0,16.25,9873832
2024-01-15 00:00:00+05:30,15.45,16.25,15.45,15.45,4677588
2024-01-16 00:00:00+05:30,14.7,15.45,14.7,14.7,4254159
2024-01-17 00:00:00+05:30,14.0,14.0,14.0,14.0,543289
2024-01-18 00:00:00+05:30,13.5,14.7,13.4,14.55,4065911
2024-01-19 00:00:00+05:30,14.75,14.95,14.0,14.2,1899465
2024-01-20 00:00:00+05:30,14.3,14.9,13.75,14.8,1316215
2024-01-23 00:00:00+05:30,15.25,15.25,14.1,14.1,773771
2024-01-24 00:00:00+05:30,14.0,14.3,13.4,14.1,1571170
2024-01-25 00:00:00+05:30,14.1,14.25,13.85,14.05,839289
2024-01-29 00:00:00+05:30,14.3,14.45,13.45,13.75,987929
2024-01-30 00:00:00+05:30,14.0,14.4,13.5,14.4,1140457
2024-01-31 00:00:00+05:30,14.8,15.1,14.4,15.1,1522608
2024-02-01 00:00:00+05:30,15.7,15.85,15.45,15.85,2066569
2024-02-02 00:00:00+05:30,16.2,16.6,16.0,16.6,1009805
2024-02-05 00:00:00+05:30,17.4,17.4,17.4,17.4,623230
2024-02-06 00:00:00+05:30,17.05,17.05,17.05,17.05,295968
2024-02-07 00:00:00+05:30,16.7,16.7,16.7,16.7,159997
2024-02-08 00:00:00+05:30,16.4,16.4,16.4,16.4,78985
2024-02-09 00:00:00+05:30,16.1,16.1,16.1,16.1,76198
2024-02-12 00:00:00+05:30,15.8,15.8,15.8,15.8,53974
2024-02-13 00:00:00+05:30,15.5,15.5,15.5,15.5,40348
2024-02-14 00:00:00+05:30,15.2,15.2,15.2,15.2,30948
2024-02-15 00:00:00+05:30,14.9,14.9,14.9,14.9,34428
2024-02-16 00:00:00+05:30,14.6,14.6,14.6,14.6,63851
2024-02-19 00:00:00+05:30,14.3,14.3,14.3,14.3,568548
2024-02-20 00:00:00+05:30,14.25,14.25,14.05,14.05,542576
2024-02-21 00:00:00+05:30,13.8,13.8,13.8,13.8,141114
2024-02-22 00:00:00+05:30,13.55,13.55,13.55,13.55,85512
2024-02-23 00:00:00+05:30,13.3,13.3,13.3,13.3,137617
2024-02-26 00:00:00+05:30,13.05,13.05,13.05,13.05,226253
2024-02-27 00:00:00+05:30,12.8,12.8,12.8,12.8,60541
2024-02-28 00:00:00+05:30,12.55,12.55,12.55,12.55,40194
2024-02-29 00:00:00+05:30,12.3,12.3,12.3,12.3,36747
2024-03-01 00:00:00+05:30,12.05,12.05,12.05,12.05,221327
2024-03-02 00:00:00+05:30,11.8,11.8,11.8,11.8,46910
2024-03-04 00:00:00+05:30,11.6,11.6,11.6,11.6,117744
2024-03-05 00:00:00+05:30,11.4,11.4,11.4,11.4,346933
2024-03-06 00:00:00+05:30,11.2,11.2,11.2,11.2,40319
2024-03-07 00:00:00+05:30,11.0,11.0,11.0,11.0,346890
2024-03-11 00:00:00+05:30,11.0,11.55,11.0,11.55,445694
2024-03-12 00:00:00+05:30,12.1,12.1,11.1,12.1,1820574
2024-03-13 00:00:00+05:30,11.6,11.75,11.5,11.5,325109
2024-03-14 00:00:00+05:30,10.95,12.05,10.95,11.65,1398801
2024-03-15 00:00:00+05:30,11.3,11.8,11.1,11.1,314053
2024-03-18 00:00:00+05:30,10.55,11.35,10.55,10.55,771654
2024-03-19 00:00:00+05:30,10.75,10.75,10.05,10.05,596223
2024-03-20 00:00:00+05:30,10.2,10.2,9.55,9.65,612244
2024-03-21 00:00:00+05:30,9.8,10.1,9.2,10.1,271321
2024-03-22 00:00:00+05:30,10.6,10.6,10.35,10.6,369369
2024-03-26 00:00:00+05:30,10.75,10.85,10.1,10.2,589862
2024-03-27 00:00:00+05:30,9.7,10.0,9.7,9.7,1004556
2024-04-01 00:00:00+05:30,9.55,9.8,9.5,9.8,208694
2024-04-02 00:00:00+05:30,10.25,10.25,10.25,10.25,124606
2024-04-03 00:00:00+05:30,10.4,10.75,10.4,10.75,148693
2024-04-04 00:00:00+05:30,11.25,11.25,10.35,11.25,776657
2024-04-05 00:00:00+05:30,11.8,11.8,11.5,11.8,734179
2024-04-08 00:00:00+05:30,11.6,11.6,11.6,11.6,115173
2024-04-09 00:00:00+05:30,11.4,11.4,11.4,11.4,75878
2024-04-10 00:00:00+05:30,11.2,11.2,11.2,11.2,66659
2024-04-12 00:00:00+05:30,11.0,11.0,11.0,11.0,65582
2024-04-15 00:00:00+05:30,10.8,10.8,10.8,10.8,43901
2024-04-16 00:00:00+05:30,10.6,10.6,10.6,10.6,76492
2024-04-18 00:00:00+05:30,10.4,10.4,10.4,10.4,71083
2024-04-19 00:00:00+05:30,10.2,10.2,10.2,10.2,57049
2024-04-22 00:00:00+05:30,10.0,10.05,10.0,10.05,143321
2024-04-23 00:00:00+05:30,10.0,10.25,10.0,10.25,209203
2024-04-24 00:00:00+05:30,10.45,10.45,10.45,10.45,214313
2024-04-25 00:00:00+05:30,10.65,10.65,10.65,10.65,142428
2024-04-26 00:00:00+05:30,10.65,10.65,10.6,10.6,104125
2024-04-29 00:00:00+05:30,10.6,10.6,10.4,10.4,72146
2024-04-30 00:00:00+05:30,10.4,10.4,10.2,10.2,83437
2024-05-02 00:00:00+05:30,10.2,10.2,10.1,10.1,81864
2024-05-03 00:00:00+05:30,10.1,10.2,10.05,10.05,185340
2024-05-06 00:00:00+05:30,9.85,9.85,9.85,9.85,138135
2024-05-07 00:00:00+05:30,9.8,9.8,9.65,9.65,88063
2024-05-08 00:00:00+05:30,9.45,9.6,9.45,9.6,173072
2024-05-09 00:00:00+05:30,9.6,9.6,9.55,9.55,93196
2024-05-10 00:00:00+05:30,9.55,9.6,9.55,9.6,105366
2024-05-13 00:00:00+05:30,10.05,10.05,10.05,10.05,203229
2024-05-14 00:00:00+05:30,10.35,10.55,10.2,10.55,258102
2024-05-15 00:00:00+05:30,10.9,11.05,10.85,11.05,326837
2024-05-16 00:00:00+05:30,11.6,11.6,11.6,11.6,142093
2024-05-17 00:00:00+05:30,12.15,12.15,12.15,12.15,180607
2024-05-18 00:00:00+05:30,12.75,12.75,12.75,12.75,101982
2024-05-21 00:00:00+05:30,13.35,13.35,13.35,13.35,218467
2024-05-22 00:00:00+05:30,13.6,13.6,13.1,13.1,872300
2024-05-23 00:00:00+05:30,12.85,12.9,12.85,12.85,383762
2024-05-24 00:00:00+05:30,12.6,12.6,12.6,12.6,287610
2024-05-27 00:00:00+05:30,12.45,12.45,12.35,12.35,172069
2024-05-28 00:00:00+05:30,12.1,12.25,12.1,12.15,209464
2024-05-29 00:00:00+05:30,12.1,12.15,11.9,11.9,156315
2024-05-30 00:00:00+05:30,11.7,12.1,11.7,12.1,282584
2024-05-31 00:00:00+05:30,12.2,12.3,12.2,12.3,276168
2024-06-03 00:00:00+05:30,12.5,12.5,12.5,12.5,190431
2024-06-04 00:00:00+05:30,12.5,12.5,12.25,12.25,144887
2024-06-05 00:00:00+05:30,12.0,12.0,12.0,12.0,41275
2024-06-06 00:00:00+05:30,12.0,12.2,12.0,12.1,290226
2024-06-07 00:00:00+05:30,12.1,12.25,12.1,12.25,257693
2024-06-10 00:00:00+05:30,12.25,12.25,12.15,12.15,163008
2024-06-11 00:00:00+05:30,12.15,12.15,12.0,12.0,115212
2024-06-12 00:00:00+05:30,12.24,12.24,12.24,12.24,280585
2024-06-13 00:00:00+05:30,11.99,11.99,11.99,11.99,231724
2024-06-14 00:00:00+05:30,11.85,11.99,11.85,11.95,233743
2024-06-18 00:00:00+05:30,12.1,12.1,12.05,12.05,250391
2024-06-19 00:00:00+05:30,12.1,12.1,11.99,12.0,165799
2024-06-20 00:00:00+05:30,12.1,12.1,12.1,12.1,239735
2024-06-21 00:00:00+05:30,12.19,12.34,12.19,12.34,377752
2024-06-24 00:00:00+05:30,12.58,12.58,12.58,12.58,98628
2024-06-25 00:00:00+05:30,12.83,12.83,12.83,12.83,129692
2024-06-26 00:00:00+05:30,13.08,13.08,13.08,13.08,100975
2024-06-27 00:00:00+05:30,13.34,13.34,13.34,13.34,91967
2024-06-28 00:00:00+05:30,13.6,13.6,13.6,13.6,138144
2024-07-01 00:00:00+05:30,13.87,13.87,13.87,13.87,210233
2024-07-02 00:00:00+05:30,13.59,14.04,13.59,13.9,825086
2024-07-03 00:00:00+05:30,13.9,14.17,13.75,14.17,873063
2024-07-04 00:00:00+05:30,14.45,14.45,14.45,14.45,536099
2024-07-05 00:00:00+05:30,14.72,14.73,14.48,14.73,771600
2024-07-08 00:00:00+05:30,14.43,14.43,14.43,14.43,192796
2024-07-09 00:00:00+05:30,14.14,14.14,14.14,14.14,57435
2024-07-10 00:00:00+05:30,13.85,13.85,13.85,13.85,44838
2024-07-11 00:00:00+05:30,13.57,13.57,13.57,13.57,751472
2024-07-12 00:00:00+05:30,13.29,13.57,13.29,13.29,272592
2024-07-15 00:00:00+05:30,13.02,13.02,13.02,13.02,44532
2024-07-16 00:00:00+05:30,12.75,12.75,12.75,12.75,467408
2024-07-18 00:00:00+05:30,12.49,12.49,12.49,12.49,296621
2024-07-19 00:00:00+05:30,12.24,12.24,12.24,12.24,53287
2024-07-22 00:00:00+05:30,11.66,12.85,11.66,12.85,1241380
2024-07-23 00:00:00+05:30,13.38,13.49,12.2,13.48,1597028
2024-07-24 00:00:00+05:30,13.2,14.15,13.03,14.15,1223716
2024-07-25 00:00:00+05:30,14.29,14.85,14.15,14.85,1342834
2024-07-26 00:00:00+05:30,15.08,15.59,14.1,14.11,2080806
2024-07-29 00:00:00+05:30,14.2,14.7,13.41,13.88,880564
2024-07-30 00:00:00+05:30,13.89,14.0,13.18,13.32,980331
2024-07-31 00:00:00+05:30,13.28,13.98,12.8,13.98,721578
2024-08-01 00:00:00+05:30,14.38,14.38,13.36,13.55,591175
2024-08-02 00:00:00+05:30,13.4,14.22,12.91,14.01,976738
2024-08-05 00:00:00+05:30,13.89,13.89,13.3,13.3,891193
2024-08-06 00:00:00+05:30,13.5,13.69,12.63,12.67,2305260
2024-08-07 00:00:00+05:30,12.55,13.93,12.55,13.93,1160510
2024-08-08 00:00:00+05:30,14.15,15.32,13.9,15.07,4683236
2024-08-09 00:00:00+05:30,15.3,15.35,14.58,14.71,1835681
2024-08-12 00:00:00+05:30,15.1,15.1,13.36,13.96,2187327
2024-08-13 00:00:00+05:30,14.14,14.47,13.88,14.0,1324036
2024-08-14 00:00:00+05:30,14.2,14.2,13.7,13.77,779111
2024-08-16 00:00:00+05:30,14.45,14.49,13.77,13.96,1228498
2024-08-19 00:00:00+05:30,14.07,14.8,13.99,14.17,1078223
2024-08-20 00:00:00+05:30,14.49,14.69,14.05,14.18,805920
2024-08-21 00:00:00+05:30,14.4,14.4,14.01,14.18,702802
2024-08-22 00:00:00+05:30,14.4,15.59,14.25,15.49,4203572
2024-08-23 00:00:00+05:30,15.49,15.9,15.1,15.25,1891867
2024-08-26 00:00:00+05:30,15.65,15.99,15.32,15.68,2188628
2024-08-27 00:00:00+05:30,15.72,16.0,14.86,14.98,1750023
2024-08-28 00:00:00+05:30,15.04,15.37,14.46,14.68,1065225
2024-08-29 00:00:00+05:30,14.95,15.0,14.4,14.57,949228
2024-08-30 00:00:00+05:30,14.8,14.8,14.05,14.1,1492317
2024-09-02 00:00:00+05:30,14.25,14.61,13.48,13.73,2384468
2024-09-03 00:00:00+05:30,13.85,14.43,13.68,14.1,1680879
2024-09-04 00:00:00+05:30,13.9,14.18,13.72,13.88,755149
2024-09-05 00:00:00+05:30,13.98,14.08,13.81,13.88,531358
2024-09-06 00:00:00+05:30,13.89,14.08,13.4,13.53,973797
2024-09-09 00:00:00+05:30,13.53,13.53,13.1,13.33,722080
2024-09-10 00:00:00+05:30,13.39,14.25,13.26,13.89,1913814
2024-09-11 00:00:00+05:30,14.16,15.27,13.0,14.37,7287850
2024-09-12 00:00:00+05:30,14.4,14.79,14.06,14.29,1960536
2024-09-13 00:00:00+05:30,14.4,14.8,14.2,14.37,1608291
2024-09-16 00:00:00+05:30,14.5,14.62,14.01,14.05,907914
2024-09-17 00:00:00+05:30,14.2,14.2,13.76,13.83,723043
2024-09-18 00:00:00+05:30,13.95,13.95,13.46,13.55,1486069
2024-09-19 00:00:00+05:30,13.55,13.79,12.65,12.75,2223253
2024-09-20 00:00:00+05:30,12.97,13.09,12.45,12.72,1163300
2024-09-23 00:00:00+05:30,12.79,13.22,12.79,12.96,1120046
2024-09-24 00:00:00+05:30,13.34,13.34,12.83,12.99,719948
2024-09-25 00:00:00+05:30,13.14,13.14,12.34,12.65,973850
2024-09-26 00:00:00+05:30,12.8,13.11,12.6,12.95,1107577
2024-09-27 00:00:00+05:30,12.99,13.3,12.8,13.11,1245604
2024-09-30 00:00:00+05:30,13.25,13.25,12.95,13.02,797383
2024-10-01 00:00:00+05:30,13.01,13.36,13.0,13.03,573594
2024-10-03 00:00:00+05:30,13.0,13.38,12.61,12.76,1051157
2024-10-04 00:00:00+05:30,12.78,12.82,11.87,12.05,2393918
2024-10-07 00:00:00+05:30,12.02,12.34,11.36,11.47,750233
2024-10-08 00:00:00+05:30,11.65,13.76,11.55,13.76,3373214
2024-10-09 00:00:00+05:30,13.89,14.74,13.29,13.82,4598102
2024-10-10 00:00:00+05:30,13.82,13.95,12.01,12.97,1644331
2024-10-11 00:00:00+05:30,12.99,15.56,12.98,15.56,16323034
2024-10-14 00:00:00+05:30,15.53,15.53,14.26,14.68,8303782
2024-10-15 00:00:00+05:30,14.92,16.41,14.11,14.78,4234441
2024-10-16 00:00:00+05:30,14.89,14.99,14.0,14.2,2103722
2024-10-17 00:00:00+05:30,14.6,14.74,14.05,14.11,1384352
2024-10-18 00:00:00+05:30,14.15,16.15,12.11,14.2,2700348
2024-10-21 00:00:00+05:30,14.59,14.7,13.12,13.61,1563350
2024-10-22 00:00:00+05:30,13.78,14.2,12.31,12.72,1508108
2024-10-23 00:00:00+05:30,12.72,13.5,12.7,12.99,868806
2024-10-24 00:00:00+05:30,13.0,13.15,12.66,12.85,813554
2024-10-25 00:00:00+05:30,12.92,13.14,11.72,12.09,1991664
2024-10-28 00:00:00+05:30,12.5,12.74,12.04,12.35,960901
2024-10-29 00:00:00+05:30,12.5,12.55,11.6,12.02,1221861
2024-10-30 00:00:00+05:30,12.14,13.04,12.04,12.75,1596663
2024-10-31 00:00:00+05:30,13.14,13.2,12.8,13.06,1042685
2024-11-01 00:00:00+05:30,13.34,13.5,13.25,13.4,319409
2024-11-04 00:00:00+05:30,13.5,13.6,12.9,13.05,730167
2024-11-05 00:00:00+05:30,12.95,13.4,12.92,13.22,1049529
2024-11-06 00:00:00+05:30,13.35,13.35,13.06,13.24,752208
2024-11-07 00:00:00+05:30,13.26,13.41,12.82,12.96,1015304
2024-11-08 00:00:00+05:30,13.0,13.08,12.68,12.78,639300
2024-11-11 00:00:00+05:30,12.78,12.9,12.51,12.67,523444
2024-11-12 00:00:00+05:30,12.83,12.83,12.45,12.53,382629
2024-11-13 00:00:00+05:30,12.64,12.64,11.9,11.94,1073789
2024-11-14 00:00:00+05:30,12.0,12.37,11.9,12.03,699190
2024-11-18 00:00:00+05:30,12.01,12.2,11.68,11.92,615170
2024-11-19 00:00:00+05:30,11.94,12.29,11.93,12.06,718034
2024-11-21 00:00:00+05:30,12.2,12.2,11.72,11.79,460305
2024-11-22 00:00:00+05:30,11.85,11.97,11.73,11.84,475836
2024-11-25 00:00:00+05:30,12.2,12.29,11.75,11.82,551225
2024-11-26 00:00:00+05:30,11.86,13.85,11.86,13.04,4544031
2024-11-27 00:00:00+05:30,13.14,13.29,12.89,12.95,944904
2024-11-28 00:00:00+05:30,13.2,13.38,12.86,12.97,935779
2024-11-29 00:00:00+05:30,13.1,13.24,12.7,12.87,675509
2024-12-02 00:00:00+05:30,12.87,13.16,12.75,12.95,699540
2024-12-03 00:00:00+05:30,12.92,13.46,12.92,13.26,1413634
2024-12-04 00:00:00+05:30,13.4,13.69,13.11,13.22,921653
2024-12-05 00:00:00+05:30,13.35,13.4,12.99,13.04,586076
2024-12-06 00:00:00+05:30,13.0,14.82,13.0,14.43,6901294
2024-12-09 00:00:00+05:30,14.4,14.71,13.25,13.94,2466140
2024-12-10 00:00:00+05:30,14.15,14.3,13.6,13.89,1447043
2024-12-11 00:00:00+05:30,14.1,14.15,13.8,13.87,752161
2024-12-12 00:00:00+05:30,13.98,14.05,13.5,13.6,949058
2024-12-13 00:00:00+05:30,13.74,14.95,13.63,13.91,4213458
2024-12-16 00:00:00+05:30,14.0,14.25,13.85,13.92,1039932
2024-12-17 00:00:00+05:30,13.91,14.03,13.54,13.59,935261
2024-12-18 00:00:00+05:30,13.58,13.69,13.02,13.15,1031788
2024-12-19 00:00:00+05:30,13.0,13.22,12.88,13.02,857657
2024-12-20 00:00:00+05:30,13.05,13.7,12.45,12.67,2072835
2024-12-23 00:00:00+05:30,13.0,13.27,12.51,12.58,1053573
2024-12-24 00:00:00+05:30,12.69,12.94,12.34,12.42,1225554
2024-12-26 00:00:00+05:30,12.6,12.66,12.1,12.19,1017204
2024-12-27 00:00:00+05:30,12.19,12.38,12.12,12.16,700392
2024-12-30 00:00:00+05:30,12.19,12.3,12.0,12.04,672006
2024-12-31 00:00:00+05:30,12.04,12.44,11.91,12.32,991004
2025-01-01 00:00:00+05:30,12.5,12.93,12.36,12.66,992959
2025-01-02 00:00:00+05:30,12.84,12.85,12.7,12.72,723465
2025-01-03 00:00:00+05:30,12.78,12.83,12.51,12.64,695828
2025-01-06 00:00:00+05:30,12.45,12.59,11.87,11.96,1153344
2025-01-07 00:00:00+05:30,11.98,12.3,11.98,12.19,469345
2025-01-08 00:00:00+05:30,12.17,12.21,11.79,11.94,878582
2025-01-09 00:00:00+05:30,11.91,12.12,11.7,11.78,676308
2025-01-10 00:00:00+05:30,11.84,11.89,11.3,11.37,578768
2025-01-13 00:00:00+05:30,11.37,11.45,10.66,10.78,982377
2025-01-14 00:00:00+05:30,10.95,11.49,10.81,11.33,781544
2025-01-15 00:00:00+05:30,11.5,11.73,11.15,11.26,728870
2025-01-16 00:00:00+05:30,11.45,11.6,11.26,11.49,464760
2025-01-17 00:00:00+05:30,11.6,11.74,11.25,11.53,489393
2025-01-20 00:00:00+05:30,11.7,11.94,11.51,11.75,863455
2025-01-21 00:00:00+05:30,11.94,12.06,11.54,11.67,700097
2025-01-22 00:00:00+05:30,11.6,11.7,11.12,11.36,505364
2025-01-23 00:00:00+05:30,11.54,11.54,11.16,11.31,233757
2025-01-24 00:00:00+05:30,11.31,11.44,11.12,11.18,459548
2025-01-27 00:00:00+05:30,11.01,11.32,10.66,10.78,539578
2025-01-28 00:00:00+05:30,10.75,11.11,10.3,10.7,610481
2025-01-29 00:00:00+05:30,10.75,11.13,10.75,11.02,337695
2025-01-30 00:00:00+05:30,11.31,11.59,11.03,11.1,462886
2025-01-31 00:00:00+05:30,11.37,11.48,10.82,11.16,390286
2025-02-01 00:00:00+05:30,11.28,11.34,10.94,11.08,375020
2025-02-03 00:00:00+05:30,11.11,11.27,10.94,11.06,452527
2025-02-04 00:00:00+05:30,11.17,11.27,11.06,11.12,342060
2025-02-05 00:00:00+05:30,11.02,11.21,10.69,11.02,1083742
2025-02-06 00:00:00+05:30,10.99,11.1,10.79,10.83,495493
2025-02-07 00:00:00+05:30,10.83,10.9,10.71,10.78,265873
2025-02-10 00:00:00+05:30,10.9,10.95,10.42,10.51,360604
2025-02-11 00:00:00+05:30,10.65,10.65,9.95,10.08,391989
2025-02-12 00:00:00+05:30,10.2,10.28,9.64,10.02,444499
2025-02-13 00:00:00+05:30,10.02,10.12,9.93,9.97,267661
2025-02-14 00:00:00+05:30,10.09,10.12,9.3,9.38,562302
2025-02-17 00:00:00+05:30,9.31,9.78,9.15,9.25,540041
2025-02-18 00:00:00+05:30,9.25,9.36,8.7,8.85,528059
2025-02-19 00:00:00+05:30,8.88,9.48,8.85,9.24,444140
2025-02-20 00:00:00+05:30,9.05,9.62,9.05,9.47,423455
2025-02-21 00:00:00+05:30,9.47,9.88,9.32,9.38,451731
2025-02-24 00:00:00+05:30,9.35,9.35,9.02,9.19,332676
2025-02-25 00:00:00+05:30,9.33,9.54,9.03,9.07,292850
2025-02-27 00:00:00+05:30,9.19,9.19,8.82,8.91,311495
2025-02-28 00:00:00+05:30,8.99,8.99,8.36,8.52,592101
2025-03-03 00:00:00+05:30,8.55,8.79,7.95,8.13,556263
2025-03-04 00:00:00+05:30,8.13,8.45,8.06,8.37,360155
2025-03-05 00:00:00+05:30,8.37,8.91,8.36,8.87,539823
2025-03-06 00:00:00+05:30,9.09,9.25,9.05,9.19,514418
2025-03-07 00:00:00+05:30,9.08,9.47,9.07,9.33,531932
2025-03-10 00:00:00+05:30,9.26,9.32,8.7,8.73,570251
2025-03-11 00:00:00+05:30,8.6,8.68,8.5,8.6,581654
2025-03-12 00:00:00+05:30,8.55,8.8,8.4,8.48,400601
2025-03-13 00:00:00+05:30,8.41,8.56,8.28,8.33,450340
2025-03-17 00:00:00+05:30,8.35,8.42,8.19,8.22,253946
2025-03-18 00:00:00+05:30,8.22,8.5,8.21,8.28,527850
2025-03-19 00:00:00+05:30,8.25,8.84,8.25,8.71,865494
2025-03-20 00:00:00+05:30,8.79,8.84,8.57,8.64,656746
2025-03-21 00:00:00+05:30,8.64,9.08,8.58,8.88,1212481
2025-03-24 00:00:00+05:30,9.01,9.25,8.95,9.06,588121
2025-03-25 00:00:00+05:30,9.08,9.12,8.66,8.68,652420
2025-03-26 00:00:00+05:30,8.69,8.76,8.35,8.39,575948
2025-03-27 00:00:00+05:30,8.39,8.55,8.09,8.13,1036036
2025-03-28 00:00:00+05:30,8.11,8.5,8.0,8.08,699187
2025-04-01 00:00:00+05:30,8.12,8.52,8.12,8.45,643621
2025-04-02 00:00:00+05:30,8.47,8.55,8.3,8.43,310459
2025-04-03 00:00:00+05:30,8.48,8.94,8.32,8.44,1232710
2025-04-04 00:00:00+05:30,8.5,8.52,8.2,8.31,414506
2025-04-07 00:00:00+05:30,8.24,8.24,7.71,7.91,690101
2025-04-08 00:00:00+05:30,8.0,8.3,7.99,8.2,455032
2025-04-09 00:00:00+05:30,8.29,8.29,8.0,8.03,395347
2025-04-11 00:00:00+05:30,8.24,9.63,8.18,8.8,3745037
2025-04-15 00:00:00+05:30,8.8,8.95,8.73,8.83,605134
2025-04-16 00:00:00+05:30,8.89,8.9,8.75,8.76,430051
2025-04-17 00:00:00+05:30,8.76,8.76,8.55,8.65,453415
2025-04-21 00:00:00+05:30,8.63,8.75,8.45,8.57,1550309
2025-04-22 00:00:00+05:30,8.7,8.8,8.52,8.56,543346
2025-04-23 00:00:00+05:30,8.75,8.75,8.42,8.5,638870
2025-04-24 00:00:00+05:30,8.5,8.88,8.46,8.67,1703916
2025-04-25 00:00:00+05:30,8.88,8.88,8.32,8.35,778977
2025-04-28 00:00:00+05:30,8.26,8.61,8.17,8.2,559081
2025-04-29 00:00:00+05:30,8.25,8.34,8.06,8.15,372377
2025-04-30 00:00:00+05:30,8.25,8.25,7.88,7.92,411598
2025-05-02 00:00:00+05:30,7.92,8.13,7.88,7.9,333300
2025-05-05 00:00:00+05:30,8.1,8.1,7.94,7.98,191890
2025-05-06 00:00:00+05:30,8.0,8.08,7.77,7.79,355610
2025-05-07 00:00:00+05:30,7.8,7.89,7.59,7.77,477516
2025-05-08 00:00:00+05:30,8.39,8.47,8.03,8.12,959580
2025-05-09 00:00:00+05:30,7.63,7.91,7.62,7.86,549780
2025-05-12 00:00:00+05:30,7.97,8.3,7.97,8.21,359800
2025-05-13 00:00:00+05:30,8.37,8.37,8.17,8.27,322223
2025-05-14 00:00:00+05:30,8.4,8.51,8.31,8.49,649768
2025-05-15 00:00:00+05:30,8.6,8.98,8.52,8.74,989235
2025-05-16 00:00:00+05:30,8.88,8.89,8.71,8.75,551267
2025-05-19 00:00:00+05:30,8.96,9.13,8.81,8.87,934281
2025-05-20 00:00:00+05:30,8.85,8.99,8.6,8.63,554173
2025-05-21 00:00:00+05:30,8.78,8.78,8.53,8.67,507399
2025-05-22 00:00:00+05:30,8.63,8.73,8.57,8.6,284565
2025-05-23 00:00:00+05:30,8.53,8.68,8.53,8.63,335697
2025-05-26 00:00:00+05:30,8.75,8.75,8.53,8.64,330023
2025-05-27 00:00:00+05:30,8.8,8.8,8.63,8.68,259030
2025-05-28 00:00:00+05:30,8.68,8.99,8.68,8.88,357615
2025-05-29 00:00:00+05:30,9.0,9.02,8.81,8.82,338825
2025-05-30 00:00:00+05:30,8.82,8.85,8.68,8.73,278913
2025-06-02 00:00:00+05:30,8.72,9.64,8.61,9.16,1411279
2025-06-03 00:00:00+05:30,9.19,9.19,8.91,8.97,319294
2025-06-04 00:00:00+05:30,8.97,8.99,8.8,8.85,278611
2025-06-05 00:00:00+05:30,8.88,9.09,8.81,8.88,360349
2025-06-06 00:00:00+05:30,8.98,9.07,8.83,8.86,525785
2025-06-09 00:00:00+05:30,9.0,9.5,8.84,9.21,1399765
2025-06-10 00:00:00+05:30,9.24,9.46,9.2,9.32,558701
2025-06-11 00:00:00+05:30,9.35,11.18,9.35,11.18,11302567
2025-06-12 00:00:00+05:30,11.69,13.0,11.42,12.12,18390792
2025-06-13 00:00:00+05:30,11.7,12.0,10.9,11.11,3165581
2025-06-16 00:00:00+05:30,11.17,12.29,10.6,10.91,4577357
2025-06-17 00:00:00+05:30,10.9,11.38,10.1,10.46,1457430
2025-06-18 00:00:00+05:30,10.75,10.76,10.2,10.3,980157
2025-06-19 00:00:00+05:30,10.38,10.51,9.8,9.94,1209886
2025-06-20 00:00:00+05:30,10.1,10.32,9.9,10.08,720446
2025-06-23 00:00:00+05:30,9.99,10.64,9.9,10.22,911296
2025-06-24 00:00:00+05:30,10.31,10.62,10.2,10.26,641861
2025-06-25 00:00:00+05:30,10.39,11.78,10.36,11.07,3533015
2025-06-26 00:00:00+05:30,11.3,11.59,11.19,11.22,1318795
2025-06-27 00:00:00+05:30,11.27,11.29,10.9,11.0,930261
2025-06-30 00:00:00+05:30,11.01,11.21,10.9,10.95,1110105
2025-07-01 00:00:00+05:30,11.04,11.1,10.8,10.87,479087
2025-07-02 00:00:00+05:30,10.9,11.01,9.46,10.31,950962
2025-07-03 00:00:00+05:30,10.59,10.97,10.55,10.82,1145540
2025-07-04 00:00:00+05:30,10.88,10.95,10.17,10.37,837578
2025-07-07 00:00:00+05:30,10.5,10.58,10.37,10.43,295055
2025-07-08 00:00:00+05:30,10.43,10.58,10.28,10.38,307029
2025-07-09 00:00:00+05:30,10.38,10.46,10.28,10.35,335156
2025-07-10 00:00:00+05:30,10.6,10.6,10.26,10.31,446222
2025-07-11 00:00:00+05:30,10.34,10.76,10.0,10.23,747792
2025-07-14 00:00:00+05:30,10.44,10.44,10.11,10.22,553812
2025-07-15 00:00:00+05:30,10.25,10.38,10.16,10.24,477130
2025-07-16 00:00:00+05:30,10.2,10.4,10.2,10.3,374960
2025-07-17 00:00:00+05:30,10.34,10.38,10.23,10.26,381911
2025-07-18 00:00:00+05:30,10.35,10.35,10.15,10.18,222060
2025-07-21 00:00:00+05:30,10.18,10.25,10.0,10.02,303074
2025-07-22 00:00:00+05:30,10.11,10.19,10.0,10.03,307529
2025-07-23 00:00:00+05:30,10.03,10.09,9.97,10.01,139620
2025-07-24 00:00:00+05:30,10.24,10.24,9.76,9.86,301827
2025-07-25 00:00:00+05:30,9.85,9.85,9.57,9.63,328272
2025-07-28 00:00:00+05:30,9.6,9.8,9.22,9.36,321094
2025-07-29 00:00:00+05:30,9.36,9.69,9.24,9.55,341186
2025-07-30 00:00:00+05:30,9.63,9.7,9.38,9.43,423323
2025-07-31 00:00:00+05:30,9.42,9.64,9.0,9.35,205097
2025-08-01 00:00:00+05:30,9.35,9.5,9.26,9.35,239161
2025-08-04 00:00:00+05:30,9.22,9.49,9.2,9.22,220615
2025-08-05 00:00:00+05:30,9.26,9.46,9.21,9.31,155328
2025-08-06 00:00:00+05:30,9.3,9.36,9.08,9.13,202321
2025-08-07 00:00:00+05:30,9.02,9.24,8.55,8.95,535414
2025-08-08 00:00:00+05:30,9.0,9.15,8.83,9.04,183620
2025-08-11 00:00:00+05:30,9.05,9.15,8.85,8.93,172150
2025-08-12 00:00:00+05:30,9.0,9.31,8.94,9.14,345865
2025-08-13 00:00:00+05:30,9.07,9.26,9.07,9.12,192380
2025-08-14 00:00:00+05:30,9.25,9.25,9.01,9.1,155596
2025-08-18 00:00:00+05:30,9.1,9.46,9.06,9.14,472657
2025-08-19 00:00:00+05:30,9.2,9.38,9.12,9.22,227402
2025-08-20 00:00:00+05:30,9.22,9.41,9.2,9.37,251503
2025-08-21 00:00:00+05:30,9.49,10.85,9.48,9.93,3293613
2025-08-22 00:00:00+05:30,10.0,10.45,9.95,10.11,850254
2025-08-25 00:00:00+05:30,10.24,10.24,9.85,9.91,711407
2025-08-26 00:00:00+05:30,10.09,10.09,9.8,9.82,204928
2025-08-28 00:00:00+05:30,9.75,9.79,9.1,9.21,830025
2025-08-29 00:00:00+05:30,9.4,9.53,9.12,9.18,373288
2025-09-01 00:00:00+05:30,9.15,9.38,9.15,9.22,235491
2025-09-02 00:00:00+05:30,9.27,9.34,8.41,9.23,525787
2025-09-03 00:00:00+05:30,9.34,9.35,9.12,9.21,215781
2025-09-04 00:00:00+05:30,9.31,9.34,9.17,9.19,247389
2025-09-05 00:00:00+05:30,9.26,9.54,9.03,9.37,611321
2025-09-08 00:00:00+05:30,9.5,9.59,9.25,9.3,170388
2025-09-09 00:00:00+05:30,9.45,9.45,9.3,9.37,161690
2025-09-10 00:00:00+05:30,9.4,9.49,9.21,9.28,279293
2025-09-11 00:00:00+05:30,9.25,9.37,9.15,9.21,340797
2025-09-12 00:00:00+05:30,9.2,9.26,9.13,9.19,265166
2025-09-15 00:00:00+05:30,9.19,9.55,9.18,9.23,349134
2025-09-16 00:00:00+05:30,9.24,9.39,9.21,9.28,358646
2025-09-17 00:00:00+05:30,9.29,9.44,9.29,9.39,298540
2025-09-18 00:00:00+05:30,9.4,11.26,9.29,10.64,16963116
2025-09-19 00:00:00+05:30,10.79,10.93,10.33,10.46,1937033
2025-09-22 00:00:00+05:30,10.46,10.57,9.28,9.66,2903916
2025-09-23 00:00:00+05:30,9.72,9.74,9.15,9.32,1128416
2025-09-24 00:00:00+05:30,9.35,9.54,9.22,9.4,728676
2025-09-25 00:00:00+05:30,9.48,9.5,9.33,9.35,230176
2025-09-26 00:00:00+05:30,9.35,9.44,9.21,9.25,360444
2025-09-29 00:00:00+05:30,9.25,9.8,9.2,9.53,660635
2025-09-30 00:00:00+05:30,9.5,9.78,9.37,9.46,240749
2025-10-01 00:00:00+05:30,9.55,9.7,9.42,9.55,397795
2025-10-03 00:00:00+05:30,9.55,9.69,9.53,9.59,287240
2025-10-06 00:00:00+05:30,9.59,9.69,9.4,9.44,350227
2025-10-07 00:00:00+05:30,9.54,9.54,9.35,9.37,225045
2025-10-08 00:00:00+05:30,9.45,9.56,9.3,9.38,227833
2025-10-09 00:00:00+05:30,9.35,9.45,9.3,9.35,193393
2025-10-10 00:00:00+05:30,9.45,9.45,9.32,9.38,215816
2025-10-13 00:00:00+05:30,9.55,9.55,9.1,9.3,256455
2025-10-14 00:00:00+05:30,9.13,9.41,9.1,9.19,451508
2025-10-15 00:00:00+05:30,9.18,9.28,9.11,9.17,186828
2025-10-16 00:00:00+05:30,9.17,9.38,9.16,9.19,188818
2025-10-17 00:00:00+05:30,9.24,9.38,9.11,9.13,233315
2025-10-20 00:00:00+05:30,9.2,9.33,9.15,9.19,208403
2025-10-21 00:00:00+05:30,9.16,9.28,9.16,9.2,99501
2025-10-23 00:00:00+05:30,9.31,9.38,9.08,9.18,347976
2025-10-24 00:00:00+05:30,9.25,9.31,9.1,9.17,352612
2025-10-27 00:00:00+05:30,9.12,9.29,9.12,9.25,310160
2025-10-28 00:00:00+05:30,9.29,9.29,9.18,9.21,301033
2025-10-29 00:00:00+05:30,9.2,9.3,9.16,9.2,281963
2025-10-30 00:00:00+05:30,9.2,9.24,9.12,9.15,188818
2025-10-31 00:00:00+05:30,9.15,9.26,9.14,9.14,180200
2025-11-03 00:00:00+05:30,9.15,9.18,8.85,9.07,283561
2025-11-04 00:00:00+05:30,9.07,9.25,9.01,9.17,227671
2025-11-06 00:00:00+05:30,9.14,9.33,9.02,9.04,184665
2025-11-07 00:00:00+05:30,9.1,9.1,8.79,8.94,322680
2025-11-10 00:00:00+05:30,9.25,9.25,8.8,8.88,178513
2025-11-11 00:00:00+05:30,8.95,9.03,8.8,8.89,246561
2025-11-12 00:00:00+05:30,8.88,9.08,8.88,9.0,341505
2025-11-13 00:00:00+05:30,8.99,9.1,8.9,8.99,206177
2025-11-14 00:00:00+05:30,8.97,8.98,8.82,8.85,288362
2025-11-17 00:00:00+05:30,8.83,9.0,8.79,8.81,305248
2025-11-18 00:00:00+05:30,8.8,8.8,8.49,8.62,413031
2025-11-19 00:00:00+05:30,8.7,8.7,8.48,8.49,283163
2025-11-20 00:00:00+05:30,8.51,8.59,8.45,8.47,201365
2025-11-21 00:00:00+05:30,8.57,8.57,8.38,8.4,136173
2025-11-24 00:00:00+05:30,8.6,8.6,8.11,8.14,266910
2025-11-25 00:00:00+05:30,8.01,8.18,7.95,8.01,220154
2025-11-26 00:00:00+05:30,8.01,8.27,8.01,8.19,301642
2025-11-27 00:00:00+05:30,8.29,8.64,8.22,8.45,354499
2025-11-28 00:00:00+05:30,8.54,8.54,8.28,8.39,124680
2025-12-01 00:00:00+05:30,8.54,8.54,8.21,8.21,206404
2025-12-02 00:00:00+05:30,8.24,8.28,8.11,8.14,142126
2025-12-03 00:00:00+05:30,8.12,8.2,8.09,8.12,130580
2025-12-04 00:00:00+05:30,8.19,8.19,8.03,8.15,215071
2025-12-05 00:00:00+05:30,8.12,8.16,7.91,7.99,234657
2025-12-08 00:00:00+05:30,8.0,8.07,7.73,7.76,248903
2025-12-09 00:00:00+05:30,7.76,7.77,7.65,7.74,278019
2025-12-10 00:00:00+05:30,7.74,8.2,7.74,7.99,509521
2025-12-11 00:00:00+05:30,8.0,8.14,7.95,7.95,175490
2025-12-12 00:00:00+05:30,7.95,8.36,7.95,8.3,463748
2025-12-15 00:00:00+05:30,8.1,8.27,8.02,8.21,107010
2025-12-16 00:00:00+05:30,8.13,8.23,8.08,8.16,86343
2025-12-17 00:00:00+05:30,8.25,8.25,8.08,8.12,85804
2025-12-18 00:00:00+05:30,8.15,8.15,7.99,8.01,131245
2025-12-19 00:00:00+05:30,8.05,8.18,7.71,7.99,173595
2025-12-22 00:00:00+05:30,8.0,8.12,7.97,8.07,430842
2025-12-23 00:00:00+05:30,8.01,8.34,8.0,8.17,463698
2025-12-24 00:00:00+05:30,8.15,8.33,8.05,8.1,227272
2025-12-26 00:00:00+05:30,8.19,8.2,8.01,8.13,153000
2025-12-29 00:00:00+05:30,8.01,8.15,7.95,8.02,248014
2025-12-30 00:00:00+05:30,8.0,8.1,7.95,7.99,157872
2025-12-31 00:00:00+05:30,7.97,8.25,7.97,8.04,514691
2026-01-01 00:00:00+05:30,8.01,8.16,8.01,8.09,106104
2026-01-02 00:00:00+05:30,8.19,8.2,7.56,8.15,811891
2026-01-05 00:00:00+05:30,8.09,8.18,7.84,7.96,240427
2026-01-06 00:00:00+05:30,7.96,8.01,7.9,7.97,226206
2026-01-07 00:00:00+05:30,8.03,8.04,7.94,7.97,198240
2026-01-08 00:00:00+05:30,8.01,8.03,7.79,7.8,164149
2026-01-09 00:00:00+05:30,7.79,7.95,7.6,7.7,170554
2026-01-12 00:00:00+05:30,7.62,7.9,7.54,7.7,253737
2026-01-13 00:00:00+05:30,7.65,7.85,7.61,7.63,197090
2026-01-14 00:00:00+05:30,7.6,7.77,7.55,7.58,151553
2026-01-16 00:00:00+05:30,7.52,7.7,7.52,7.63,230487
2026-01-19 00:00:00+05:30,7.63,7.68,7.4,7.43,201027
2026-01-20 00:00:00+05:30,7.43,7.5,6.89,6.95,608374
2026-01-21 00:00:00+05:30,6.93,7.09,6.78,6.83,191397
2026-01-22 00:00:00+05:30,6.84,7.1,6.84,7.07,143070
2026-01-23 00:00:00+05:30,7.19,7.19,6.95,7.0,127980
2026-01-27 00:00:00+05:30,7.0,7.07,6.8,6.92,138643
2026-01-28 00:00:00+05:30,6.92,7.08,6.87,7.04,154304
2026-01-29 00:00:00+05:30,7.04,7.18,6.84,6.93,113783
2026-01-30 00:00:00+05:30,6.81,7.14,6.81,7.01,245574
2026-02-01 00:00:00+05:30,7.1,7.23,6.92,7.0,212040
2026-02-02 00:00:00+05:30,7.07,7.07,6.9,6.95,112562
2026-02-03 00:00:00+05:30,7.09,7.25,7.0,7.09,281282
2026-02-04 00:00:00+05:30,7.22,8.5,7.12,8.1,5084301
2026-02-05 00:00:00+05:30,8.0,8.05,7.5,7.55,652368
2026-02-06 00:00:00+05:30,7.7,7.86,7.6,7.75,374580
2026-02-09 00:00:00+05:30,7.99,7.99,7.69,7.78,280750
2026-02-10 00:00:00+05:30,7.89,7.9,7.76,7.84,176667
2026-02-11 00:00:00+05:30,7.87,8.35,7.87,7.99,1040226
2026-02-12 00:00:00+05:30,8.15,8.16,7.9,8.04,380908
2026-02-13 00:00:00+05:30,8.04,8.06,7.49,7.72,795687
2026-02-16 00:00:00+05:30,7.82,7.9,7.66,7.69,220523
2026-02-17 00:00:00+05:30,7.69,7.94,7.65,7.67,272765
2026-02-18 00:00:00+05:30,7.8,7.83,7.67,7.72,227671
2026-02-19 00:00:00+05:30,7.75,7.8,7.0,7.26,363009
2026-02-20 00:00:00+05:30,7.27,7.69,7.26,7.39,338286
2026-02-23 00:00:00+05:30,7.3,7.39,7.25,7.31,161123
2026-02-24 00:00:00+05:30,7.3,7.3,7.1,7.12,175230
2026-02-25 00:00:00+05:30,7.29,7.3,7.11,7.12,128295
2026-02-26 00:00:00+05:30,7.25,7.25,7.01,7.04,138529
2026-02-27 00:00:00+05:30,7.15,7.2,6.98,7.03,195054
2026-03-02 00:00:00+05:30,6.91,7.05,6.69,6.99,443373
2026-03-04 00:00:00+05:30,7.22,7.22,6.83,6.87,291097
2026-03-05 00:00:00+05:30,6.87,7.12,6.84,6.9,228237
2026-03-06 00:00:00+05:30,7.02,7.02,6.81,6.9,104056
2026-03-09 00:00:00+05:30,6.9,6.9,6.03,6.55,283083
2026-03-10 00:00:00+05:30,6.84,7.02,6.65,6.81,303507
2026-03-11 00:00:00+05:30,6.81,6.97,6.81,6.85,157933
2026-03-12 00:00:00+05:30,6.87,6.93,6.77,6.79,155901
2026-03-13 00:00:00+05:30,6.68,6.82,6.56,6.62,189989
2026-03-16 00:00:00+05:30,6.5,6.61,6.4,6.43,166793
2026-03-17 00:00:00+05:30,6.43,6.55,6.41,6.44,127376
2026-03-18 00:00:00+05:30,6.45,7.0,6.43,6.78,362869
2026-03-19 00:00:00+05:30,6.75,6.75,6.2,6.46,251092
2026-03-20 00:00:00+05:30,6.4,6.57,6.29,6.36,335022
2026-03-23 00:00:00+05:30,6.36,6.43,6.04,6.06,435478
2026-03-24 00:00:00+05:30,6.2,6.2,6.0,6.06,356176
2026-03-25 00:00:00+05:30,6.05,6.28,6.05,6.11,328003
2026-03-27 00:00:00+05:30,6.11,6.18,5.75,5.76,381903
2026-03-30 00:00:00+05:30,5.7,6.5,4.91,5.07,955618
2026-04-01 00:00:00+05:30,5.4,6.08,5.31,6.08,813609
2026-04-02 00:00:00+05:30,6.0,6.05,5.74,5.98,488335
2026-04-06 00:00:00+05:30,5.98,6.3,5.97,6.21,387213
2026-04-07 00:00:00+05:30,6.39,6.42,6.24,6.38,359393
2026-04-08 00:00:00+05:30,6.79,7.65,6.6,7.12,1426814
2026-04-09 00:00:00+05:30,7.14,7.94,7.14,7.42,963143
2026-04-10 00:00:00+05:30,7.69,7.9,7.59,7.65,512276
2026-04-13 00:00:00+05:30,7.3,7.5,7.2,7.37,480711
2026-04-15 00:00:00+05:30,7.38,7.69,7.38,7.6,460406
2026-04-16 00:00:00+05:30,7.8,7.84,7.31,7.63,423375
2026-04-17 00:00:00+05:30,7.7,7.7,7.51,7.63,208514
2026-04-20 00:00:00+05:30,7.52,7.68,7.35,7.41,236254
2026-04-21 00:00:00+05:30,7.4,7.5,7.2,7.44,153014
2026-04-22 00:00:00+05:30,7.48,7.48,7.21,7.3,340356
2026-04-23 00:00:00+05:30,7.44,7.44,7.32,7.35,169048
2026-04-24 00:00:00+05:30,7.43,7.43,7.21,7.26,70017
2026-04-27 00:00:00+05:30,7.15,7.39,7.12,7.3,90492
2026-04-28 00:00:00+05:30,7.33,7.33,7.2,7.2,85368
2026-04-29 00:00:00+05:30,7.56,7.56,7.25,7.35,239548
2026-04-30 00:00:00+05:30,7.35,7.7,7.25,7.38,155221
2026-05-04 00:00:00+05:30,7.26,7.54,7.26,7.33,175677
2026-05-05 00:00:00+05:30,7.4,7.47,7.15,7.3,62356
2026-05-06 00:00:00+05:30,7.33,7.5,7.27,7.35,162189
2026-05-07 00:00:00+05:30,7.35,7.71,7.3,7.71,610578
2026-05-08 00:00:00+05:30,7.51,8.09,7.51,7.94,596846
2026-05-11 00:00:00+05:30,7.8,8.22,7.67,8.0,349509
2026-05-12 00:00:00+05:30,8.0,8.0,7.6,7.6,182803
2026-05-13 00:00:00+05:30,7.22,7.74,7.22,7.65,273830
2026-05-14 00:00:00+05:30,7.7,7.7,7.41,7.51,121192
2026-05-15 00:00:00+05:30,7.64,7.74,7.44,7.56,253727
2026-05-18 00:00:00+05:30,7.68,7.68,7.25,7.25,134469
2026-05-19 00:00:00+05:30,7.13,7.55,7.13,7.4,263848
2026-05-20 00:00:00+05:30,7.4,7.51,7.26,7.35,241375
2026-05-21 00:00:00+05:30,7.3,7.7,7.3,7.61,265795
2026-05-22 00:00:00+05:30,7.51,7.68,7.51,7.61,134003
2026-05-25 00:00:00+05:30,7.6,7.72,7.56,7.61,180353
2026-05-26 00:00:00+05:30,7.61,7.67,7.55,7.56,166285
2026-05-27 00:00:00+05:30,7.68,7.68,7.31,7.5,249033
2026-05-29 00:00:00+05:30,7.65,7.75,7.32,7.51,564677
2026-06-01 00:00:00+05:30,7.57,7.61,7.36,7.38,220058
2026-06-02 00:00:00+05:30,7.38,7.58,7.34,7.39,129151
2026-06-03 00:00:00+05:30,7.53,7.53,7.35,7.41,135416
2026-06-04 00:00:00+05:30,7.31,7.6,7.31,7.51,464343
2026-06-05 00:00:00+05:30,7.5,8.26,7.5,8.14,2006595
2026-06-08 00:00:00+05:30,8.13,8.95,8.0,8.82,2894393
2026-06-09 00:00:00+05:30,8.8,9.32,8.5,8.62,1324285
2026-06-10 00:00:00+05:30,8.45,8.75,8.25,8.3,482389
2026-06-11 00:00:00+05:30,8.19,9.09,8.01,8.2,1729249
2026-06-12 00:00:00+05:30,8.3,8.79,8.25,8.41,667970
2026-06-15 00:00:00+05:30,8.72,8.75,8.5,8.55,498732
2026-06-16 00:00:00+05:30,8.66,8.66,7.76,8.09,508564
2026-06-17 00:00:00+05:30,8.15,8.28,8.03,8.17,640704
2026-06-18 00:00:00+05:30,8.2,8.42,8.15,8.2,515414
2026-06-19 00:00:00+05:30,8.15,8.34,8.15,8.2,375249
2026-06-22 00:00:00+05:30,8.15,8.35,8.1,8.2,304799
2026-06-23 00:00:00+05:30,8.2,8.3,8.0,8.06,377493
2026-06-24 00:00:00+05:30,8.13,8.18,7.9,8.0,200754
2026-06-25 00:00:00+05:30,8.09,8.15,7.8,7.84,247240
2026-06-29 00:00:00+05:30,7.7,7.81,7.48,7.6,252249
2026-06-30 00:00:00+05:30,7.7,7.83,7.59,7.72,251991
2026-07-01 00:00:00+05:30,7.8,8.1,7.7,7.76,339082
2026-07-02 00:00:00+05:30,7.85,7.88,7.75,7.8,205509
2026-07-03 00:00:00+05:30,7.8,7.9,7.71,7.76,159644
2026-07-06 00:00:00+05:30,7.7,7.8,7.51,7.6,188402
2026-07-07 00:00:00+05:30,7.67,7.67,7.5,7.52,176972
2026-07-08 00:00:00+05:30,7.55,7.6,7.21,7.33,324254
2026-07-09 00:00:00+05:30,7.33,7.5,7.23,7.31,183922
2026-07-10 00:00:00+05:30,7.34,7.69,7.33,7.36,355987
2026-07-13 00:00:00+05:30,7.45,7.45,7.19,7.28,310630
2026-07-14 00:00:00+05:30,7.39,7.39,7.16,7.22,191435
2026-07-15 00:00:00+05:30,7.3,7.32,7.13,7.19,164551
2026-07-16 00:00:00+05:30,7.19,7.29,7.14,7.16,142589
2026-07-17 00:00:00+05:30,7.29,7.29,7.12,7.13,164327
2026-07-20 00:00:00+05:30,7.13,7.26,7.12,7.19,102961
2026-07-21 00:00:00+05:30,7.25,7.3,7.12,7.23,145373
2026-07-22 00:00:00+05:30,7.26,7.26,7.13,7.21,84312
2026-07-23 00:00:00+05:30,7.16,7.26,7.1,7.15,138737
2026-07-24 00:00:00+05:30,7.1,7.21,7.09,7.17,162450
2026-07-27 00:00:00+05:30,7.17,7.8,7.17,7.36,531793
2026-07-28 00:00:00+05:30,7.6,7.6,7.2,7.24,172058
2026-07-29 00:00:00+05:30,7.36,7.36,7.21,7.29,107643
2026-07-30 00:00:00+05:30,7.36,7.36,7.17,7.24,148732
2026-07-31 00:00:00+05:30,7.29,7.55,7.21,7.29,149275
2026-08-03 00:00:00+05:30,7.39,7.6,7.3,7.44,241270
2026-08-04 00:00:00+05:30,7.58,7.58,7.3,7.39,111060
2026-08-05 00:00:00+05:30,7.34,7.54,7.34,7.45,111522
2026-08-06 00:00:00+05:30,7.54,7.54,7.34,7.38,275988
2026-08-07 00:00:00+05:30,7.5,8.2,7.45,7.82,1141058
2026-08-10 00:00:00+05:30,7.94,8.0,7.6,7.67,404836
2026-08-11 00:00:00+05:30,7.68,7.75,7.52,7.59,187431
2026-08-12 00:00:00+05:30,7.75,7.95,7.56,7.6,256106
2026-08-13 00:00:00+05:30,7.8,7.8,7.5,7.65,200583
2026-08-14 00:00:00+05:30,7.65,7.85,7.56,7.66,173301
2026-08-17 00:00:00+05:30,7.6,7.88,6.91,7.41,440114
2026-08-18 00:00:00+05:30,7.5,7.74,7.24,7.47,193898
2026-08-19 00:00:00+05:30,7.57,7.64,6.71,7.25,320856
2026-08-20 00:00:00+05:30,7.48,7.48,7.06,7.22,157130
2026-08-21 00:00:00+05:30,7.21,7.39,7.21,7.28,142148
2026-08-24 00:00:00+05:30,7.49,7.7,7.18,7.42,212915
2026-08-25 00:00:00+05:30,7.6,7.6,7.32,7.36,181890
2026-08-26 00:00:00+05:30,7.49,7.49,7.07,7.34,203374
2026-08-27 00:00:00+05:30,7.23,7.5,7.23,7.32,196556
2026-08-28 00:00:00+05:30,7.42,7.5,7.26,7.37,231354
2026-08-31 00:00:00+05:30,7.4,7.46,7.07,7.21,314684
2026-09-01 00:00:00+05:30,7.2,7.28,7.04,7.07,194118
2026-09-02 00:00:00+05:30,7.2,7.5,7.05,7.23,196396
2026-09-03 00:00:00+05:30,7.17,7.34,7.17,7.2,108118
2026-09-04 00:00:00+05:30,7.21,7.34,7.07,7.11,293515
2026-09-07 00:00:00+05:30,7.13,7.3,7.07,7.25,256404
2026-09-08 00:00:00+05:30,7.3,7.3,6.71,7.02,459766
2026-09-09 00:00:00+05:30,7.25,7.32,7.04,7.16,254178
2026-09-10 00:00:00+05:30,7.17,7.29,7.13,7.2,181256
2026-09-11 00:00:00+05:30,7.25,7.28,7.06,7.24,227358
2026-09-15 00:00:00+05:30,7.24,7.24,7.07,7.08,147661
2026-09-16 00:00:00+05:30,7.01,7.25,6.95,7.1,144365
2026-09-17 00:00:00+05:30,7.1,7.19,7.03,7.06,86961
2026-09-18 00:00:00+05:30,7.02,7.15,7.02,7.09,57543
2026-09-21 00:00:00+05:30,7.12,7.13,7.02,7.04,106754
2026-09-22 00:00:00+05:30,7.04,7.09,6.81,6.99,191858
2026-09-23 00:00:00+05:30,7.05,7.09,6.98,7.03,121517
2026-09-24 00:00:00+05:30,7.03,7.19,6.95,6.99,130935
2026-09-25 00:00:00+05:30,7.08,7.19,6.96,7.04,78314
