Date,Open,High,Low,Close,Volume
2016-11-15 00:00:00+05:30,969.08,969.08,747.95,790.13,9341
2016-11-16 00:00:00+05:30,819.93,819.93,780.43,784.12,5533
2016-11-17 00:00:00+05:30,820.81,820.81,778.67,786.53,3592
2016-11-18 00:00:00+05:30,816.42,816.42,729.51,782.97,4942
2016-11-21 00:00:00+05:30,811.11,811.15,663.67,709.19,8018
2016-11-22 00:00:00+05:30,699.66,719.86,637.77,686.8,8219
2016-11-23 00:00:00+05:30,710.2,741.28,695.36,719.11,8109
2016-11-24 00:00:00+05:30,707.52,736.53,691.1,710.55,5435
2016-11-25 00:00:00+05:30,724.2,750.05,724.2,744.7,3437
2016-11-28 00:00:00+05:30,761.12,789.21,761.12,780.95,4345
2016-11-29 00:00:00+05:30,791.84,809.4,786.62,795.75,6455
2016-11-30 00:00:00+05:30,811.11,815.5,798.86,807.33,3346
2016-12-01 00:00:00+05:30,812.03,823.44,791.45,806.54,4092
2016-12-02 00:00:00+05:30,803.25,806.24,764.63,776.7,3232
2016-12-05 00:00:00+05:30,755.1,781.26,754.97,769.32,3284
2016-12-06 00:00:00+05:30,774.37,776.83,756.02,770.99,1968
2016-12-07 00:00:00+05:30,770.77,771.08,746.19,759.49,1959
2016-12-08 00:00:00+05:30,779.55,780.43,756.73,776.79,4068
2016-12-09 00:00:00+05:30,789.21,806.59,772.53,792.89,2786
2016-12-12 00:00:00+05:30,785.7,798.78,777.0,783.02,1601
2016-12-13 00:00:00+05:30,776.96,791.84,772.48,784.82,1143
2016-12-14 00:00:00+05:30,793.42,793.42,759.36,769.24,1612
2016-12-15 00:00:00+05:30,747.11,790.0,738.47,782.97,707
2016-12-16 00:00:00+05:30,798.6,803.25,741.8,771.74,1930
2016-12-19 00:00:00+05:30,764.71,781.31,754.09,757.43,1733
2016-12-20 00:00:00+05:30,752.34,763.22,723.37,732.28,2499
2016-12-21 00:00:00+05:30,724.24,746.1,703.18,732.32,3677
2016-12-22 00:00:00+05:30,730.35,745.4,718.1,740.4,3494
2016-12-23 00:00:00+05:30,732.67,787.45,732.58,767.48,4078
2016-12-26 00:00:00+05:30,756.73,776.87,737.5,745.58,1348
2016-12-27 00:00:00+05:30,754.97,754.97,730.83,741.58,1305
2016-12-28 00:00:00+05:30,739.17,756.73,739.17,745.36,2248
2016-12-29 00:00:00+05:30,737.46,759.32,733.02,751.81,2193
2016-12-30 00:00:00+05:30,760.24,760.24,741.8,748.52,2099
2017-01-02 00:00:00+05:30,750.58,766.38,746.19,762.56,1681
2017-01-03 00:00:00+05:30,767.61,790.08,756.07,773.54,3443
2017-01-04 00:00:00+05:30,776.96,783.06,765.5,771.78,1442
2017-01-05 00:00:00+05:30,777.62,799.65,774.28,788.33,3605
2017-01-06 00:00:00+05:30,798.86,798.86,786.31,792.19,1456
2017-01-09 00:00:00+05:30,813.79,813.79,777.84,784.07,1635
2017-01-10 00:00:00+05:30,777.84,799.65,754.97,773.89,3536
2017-01-11 00:00:00+05:30,790.08,790.08,759.53,765.9,3634
2017-01-12 00:00:00+05:30,772.57,786.57,752.47,772.31,1585
2017-01-13 00:00:00+05:30,776.79,781.31,757.74,769.67,3584
2017-01-16 00:00:00+05:30,769.89,785.34,765.5,772.0,3192
2017-01-17 00:00:00+05:30,756.07,779.86,750.58,757.52,5577
2017-01-18 00:00:00+05:30,751.24,771.47,751.02,759.14,3115
2017-01-19 00:00:00+05:30,751.55,762.56,751.55,754.79,1574
2017-01-20 00:00:00+05:30,750.67,761.03,747.16,749.18,2983
2017-01-23 00:00:00+05:30,766.73,772.53,750.58,753.83,2494
2017-01-24 00:00:00+05:30,757.6,766.21,750.58,753.3,3158
2017-01-25 00:00:00+05:30,755.85,763.75,748.08,754.71,1587
2017-01-27 00:00:00+05:30,758.92,776.48,750.58,757.43,2785
2017-01-30 00:00:00+05:30,767.26,767.26,754.88,756.16,2098
2017-01-31 00:00:00+05:30,751.55,751.63,730.92,741.1,2584
2017-02-01 00:00:00+05:30,754.09,754.09,728.63,741.06,7265
2017-02-02 00:00:00+05:30,737.32,746.1,722.93,737.59,4807
2017-02-03 00:00:00+05:30,749.66,749.7,731.36,742.24,4039
2017-02-06 00:00:00+05:30,742.24,754.97,731.36,745.01,3434
2017-02-07 00:00:00+05:30,763.75,789.73,742.33,744.22,5711
2017-02-08 00:00:00+05:30,756.16,756.2,737.41,742.99,2056
2017-02-09 00:00:00+05:30,735.88,754.97,735.83,754.71,1309
2017-02-10 00:00:00+05:30,747.2,755.36,747.11,754.4,1770
2017-02-13 00:00:00+05:30,763.75,780.34,746.19,750.32,2847
2017-02-14 00:00:00+05:30,711.08,723.19,669.16,711.43,16386
2017-02-15 00:00:00+05:30,724.07,724.07,681.32,690.71,9352
2017-02-16 00:00:00+05:30,690.01,702.34,668.94,700.06,10691
2017-02-17 00:00:00+05:30,711.12,716.34,700.02,702.34,3133
2017-02-20 00:00:00+05:30,702.25,726.88,684.74,709.85,8992
2017-02-21 00:00:00+05:30,726.88,767.08,712.88,758.79,21509
2017-02-22 00:00:00+05:30,765.5,772.35,753.52,767.3,7554
2017-02-23 00:00:00+05:30,776.92,794.56,766.38,770.07,20371
2017-02-27 00:00:00+05:30,781.09,790.08,755.01,761.69,11043
2017-02-28 00:00:00+05:30,755.85,771.65,727.01,737.98,15199
2017-03-01 00:00:00+05:30,735.66,757.91,734.78,748.25,9349
2017-03-02 00:00:00+05:30,742.72,754.05,740.05,741.28,3092
2017-03-03 00:00:00+05:30,737.46,750.23,735.31,745.01,6217
2017-03-06 00:00:00+05:30,746.32,772.53,746.24,759.36,7506
2017-03-07 00:00:00+05:30,762.04,769.02,754.97,760.94,3893
2017-03-08 00:00:00+05:30,752.34,784.55,751.46,758.35,9189
2017-03-09 00:00:00+05:30,864.8,865.4,811.0,815.6,7954
2017-03-10 00:00:00+05:30,821.1,822.0,806.3,810.8,3176
2017-03-14 00:00:00+05:30,835.0,835.0,793.05,797.15,7926
2017-03-15 00:00:00+05:30,795.05,800.0,783.0,792.3,2745
2017-03-16 00:00:00+05:30,796.0,803.0,794.0,797.6,5386
2017-03-17 00:00:00+05:30,809.95,810.0,782.1,787.05,5951
2017-03-20 00:00:00+05:30,776.4,789.6,755.6,787.7,3045
2017-03-21 00:00:00+05:30,779.4,798.6,779.35,794.1,2745
2017-03-22 00:00:00+05:30,781.0,790.0,770.0,775.4,3991
2017-03-23 00:00:00+05:30,778.4,789.7,771.8,772.6,3814
2017-03-24 00:00:00+05:30,774.85,794.85,772.0,775.15,3798
2017-03-27 00:00:00+05:30,783.0,794.6,775.0,776.7,8507
2017-03-28 00:00:00+05:30,784.75,784.8,770.0,772.45,8121
2017-03-29 00:00:00+05:30,770.45,783.6,765.1,770.25,7262
2017-03-30 00:00:00+05:30,765.7,797.95,765.2,774.75,7554
2017-03-31 00:00:00+05:30,789.0,790.0,767.4,771.8,6483
2017-04-03 00:00:00+05:30,770.0,848.95,770.0,826.15,15155
2017-04-05 00:00:00+05:30,830.0,840.0,810.0,817.45,11977
2017-04-06 00:00:00+05:30,823.0,867.0,800.0,840.0,28504
2017-04-07 00:00:00+05:30,842.0,870.0,821.05,832.0,28165
2017-04-10 00:00:00+05:30,833.05,863.15,832.0,852.9,14969
2017-04-11 00:00:00+05:30,857.0,870.0,824.0,840.2,10969
2017-04-12 00:00:00+05:30,845.0,854.35,816.0,834.8,4767
2017-04-13 00:00:00+05:30,826.0,845.0,826.0,841.8,3369
2017-04-17 00:00:00+05:30,833.15,870.0,830.45,861.25,7729
2017-04-18 00:00:00+05:30,867.0,894.9,865.0,869.4,8242
2017-04-19 00:00:00+05:30,874.95,877.25,847.05,852.8,2029
2017-04-20 00:00:00+05:30,850.0,861.55,850.0,854.3,1784
2017-04-21 00:00:00+05:30,860.05,879.15,850.45,866.0,3297
2017-04-24 00:00:00+05:30,848.7,877.95,840.05,875.25,6503
2017-04-25 00:00:00+05:30,880.0,885.55,868.05,880.8,12047
2017-04-26 00:00:00+05:30,872.0,885.0,847.9,870.8,11738
2017-04-27 00:00:00+05:30,870.0,870.0,840.5,845.0,5237
2017-04-28 00:00:00+05:30,846.0,874.95,845.0,861.85,3906
2017-05-02 00:00:00+05:30,887.7,887.7,848.0,859.05,4691
2017-05-03 00:00:00+05:30,851.05,884.0,851.05,880.25,58748
2017-05-04 00:00:00+05:30,880.0,881.0,863.3,880.0,3245
2017-05-05 00:00:00+05:30,871.0,871.95,855.0,863.95,1390
2017-05-08 00:00:00+05:30,851.05,871.95,851.05,853.9,2939
2017-05-09 00:00:00+05:30,854.1,862.25,845.0,845.3,2308
2017-05-10 00:00:00+05:30,869.9,870.0,819.95,824.7,7880
2017-05-11 00:00:00+05:30,818.45,839.7,780.0,815.4,6579
2017-05-12 00:00:00+05:30,818.35,835.1,805.0,823.15,4549
2017-05-15 00:00:00+05:30,830.0,839.9,807.1,809.05,5514
2017-05-16 00:00:00+05:30,814.95,825.0,776.0,811.35,8868
2017-05-17 00:00:00+05:30,807.0,811.9,787.0,795.85,6482
2017-05-18 00:00:00+05:30,793.55,813.0,774.1,793.25,6016
2017-05-19 00:00:00+05:30,801.65,807.0,770.15,784.95,6146
2017-05-22 00:00:00+05:30,798.0,798.0,759.0,778.6,6307
2017-05-23 00:00:00+05:30,770.75,784.6,750.0,758.35,4771
2017-05-24 00:00:00+05:30,762.55,762.55,737.3,745.2,5530
2017-05-25 00:00:00+05:30,743.55,789.9,735.0,756.45,5494
2017-05-26 00:00:00+05:30,756.0,764.9,700.95,715.5,15073
2017-05-29 00:00:00+05:30,718.9,720.05,687.75,701.15,8290
2017-05-30 00:00:00+05:30,706.95,707.95,684.0,692.15,4794
2017-05-31 00:00:00+05:30,700.1,718.1,696.05,709.6,11219
2017-06-01 00:00:00+05:30,719.95,780.0,709.85,768.65,12573
2017-06-02 00:00:00+05:30,789.75,796.0,770.0,778.45,9199
2017-06-05 00:00:00+05:30,770.25,794.9,761.45,776.1,5495
2017-06-06 00:00:00+05:30,779.95,798.0,746.3,758.75,4677
2017-06-07 00:00:00+05:30,758.75,771.05,737.15,764.35,4184
2017-06-08 00:00:00+05:30,773.75,773.75,725.0,733.6,27648
2017-06-09 00:00:00+05:30,749.0,749.0,726.0,728.15,5850
2017-06-12 00:00:00+05:30,734.8,742.4,716.0,732.2,4165
2017-06-13 00:00:00+05:30,732.25,768.7,727.0,752.4,10380
2017-06-14 00:00:00+05:30,755.05,774.0,755.05,766.45,2435
2017-06-15 00:00:00+05:30,760.05,769.95,737.0,749.1,7080
2017-06-16 00:00:00+05:30,735.3,752.0,735.05,745.7,2882
2017-06-19 00:00:00+05:30,740.05,750.0,730.0,743.2,4780
2017-06-20 00:00:00+05:30,736.1,759.8,735.45,737.25,2632
2017-06-21 00:00:00+05:30,744.9,775.0,740.5,765.8,7250
2017-06-22 00:00:00+05:30,774.8,788.0,766.1,771.2,4498
2017-06-23 00:00:00+05:30,782.4,782.4,741.5,750.4,2536
2017-06-27 00:00:00+05:30,754.6,765.0,718.0,724.1,8804
2017-06-28 00:00:00+05:30,720.05,740.95,716.35,722.4,2868
2017-06-29 00:00:00+05:30,726.05,769.25,726.0,747.15,5455
2017-06-30 00:00:00+05:30,756.0,756.0,727.0,732.9,3531
2017-07-03 00:00:00+05:30,754.75,767.85,733.05,762.25,4895
2017-07-04 00:00:00+05:30,770.0,770.0,742.05,756.95,2585
2017-07-05 00:00:00+05:30,769.95,769.95,740.5,750.4,3985
2017-07-06 00:00:00+05:30,793.45,812.0,769.7,777.65,38597
2017-07-07 00:00:00+05:30,794.0,794.0,763.0,773.8,5096
2017-07-10 00:00:00+05:30,750.6,779.9,671.15,769.15,795
2017-07-11 00:00:00+05:30,780.0,780.0,755.0,759.2,3947
2017-07-12 00:00:00+05:30,760.0,785.0,755.05,770.0,4211
2017-07-13 00:00:00+05:30,788.0,788.0,766.55,770.15,1689
2017-07-14 00:00:00+05:30,768.0,788.0,755.0,762.65,2560
2017-07-17 00:00:00+05:30,771.0,771.95,752.35,757.55,1227
2017-07-18 00:00:00+05:30,754.05,760.0,730.0,751.8,2129
2017-07-19 00:00:00+05:30,750.05,760.15,750.0,755.4,2960
2017-07-20 00:00:00+05:30,759.95,775.0,752.05,754.65,4613
2017-07-21 00:00:00+05:30,755.1,764.9,746.7,751.15,2276
2017-07-24 00:00:00+05:30,750.0,769.5,745.0,764.75,2814
2017-07-25 00:00:00+05:30,756.35,775.8,755.0,765.0,5736
2017-07-26 00:00:00+05:30,760.0,770.0,760.0,764.85,3666
2017-07-27 00:00:00+05:30,769.0,769.0,750.05,759.4,2908
2017-07-28 00:00:00+05:30,760.0,778.0,743.0,765.95,6624
2017-07-31 00:00:00+05:30,752.0,775.05,752.0,763.2,12947
2017-08-01 00:00:00+05:30,761.0,761.0,712.5,727.2,25766
2017-08-02 00:00:00+05:30,724.0,755.0,715.0,727.8,6721
2017-08-03 00:00:00+05:30,733.9,734.0,715.0,717.2,3584
2017-08-04 00:00:00+05:30,715.05,720.0,701.0,703.6,6599
2017-08-07 00:00:00+05:30,700.0,713.05,689.0,691.0,6419
2017-08-08 00:00:00+05:30,689.05,750.0,681.25,685.5,8822
2017-08-09 00:00:00+05:30,700.0,700.0,675.0,676.0,3185
2017-08-10 00:00:00+05:30,676.0,690.0,615.55,647.7,5405
2017-08-11 00:00:00+05:30,647.7,671.9,610.0,647.85,4620
2017-08-14 00:00:00+05:30,650.0,670.0,640.0,647.15,5129
2017-08-16 00:00:00+05:30,652.0,692.9,632.25,684.15,2611
2017-08-17 00:00:00+05:30,697.9,697.9,670.0,671.55,1552
2017-08-18 00:00:00+05:30,665.0,665.0,650.0,657.4,3088
2017-08-21 00:00:00+05:30,663.15,663.15,627.0,635.9,3969
2017-08-22 00:00:00+05:30,649.9,649.9,630.0,632.65,1556
2017-08-23 00:00:00+05:30,633.7,650.0,631.0,642.8,2510
2017-08-24 00:00:00+05:30,655.0,689.95,641.3,662.4,6858
2017-08-28 00:00:00+05:30,661.1,739.0,655.3,724.5,8867
2017-08-29 00:00:00+05:30,724.0,739.95,700.0,709.2,9052
2017-08-30 00:00:00+05:30,712.65,727.7,712.65,720.6,1701
2017-08-31 00:00:00+05:30,710.0,738.8,701.0,732.0,3847
2017-09-01 00:00:00+05:30,748.85,752.95,706.15,735.3,7280
2017-09-04 00:00:00+05:30,738.9,746.9,715.05,738.7,3738
2017-09-05 00:00:00+05:30,732.05,774.9,732.05,755.85,16258
2017-09-06 00:00:00+05:30,749.75,771.0,743.0,766.2,2533
2017-09-07 00:00:00+05:30,769.9,769.9,735.1,741.1,4032
2017-09-08 00:00:00+05:30,763.3,763.3,741.0,743.7,1560
2017-09-11 00:00:00+05:30,764.85,764.85,736.05,742.15,2617
2017-09-12 00:00:00+05:30,745.05,759.6,741.0,744.4,3234
2017-09-13 00:00:00+05:30,754.9,754.9,731.0,735.8,4655
2017-09-14 00:00:00+05:30,749.9,761.0,735.0,742.6,3275
2017-09-15 00:00:00+05:30,744.9,744.9,734.0,735.45,1908
2017-09-18 00:00:00+05:30,744.0,750.0,735.0,737.6,3396
2017-09-19 00:00:00+05:30,740.05,747.5,721.05,729.05,2820
2017-09-20 00:00:00+05:30,729.95,747.0,721.0,723.25,3135
2017-09-21 00:00:00+05:30,734.0,734.0,712.0,720.4,3807
2017-09-22 00:00:00+05:30,719.0,725.0,697.95,709.1,4690
2017-09-25 00:00:00+05:30,716.4,716.4,671.0,679.05,12615
2017-09-26 00:00:00+05:30,675.0,697.85,666.6,671.0,4165
2017-09-27 00:00:00+05:30,679.05,679.85,651.1,661.4,5002
2017-09-28 00:00:00+05:30,672.0,700.0,650.05,676.65,4702
2017-09-29 00:00:00+05:30,695.0,695.0,655.4,660.15,3858
2017-10-03 00:00:00+05:30,670.0,679.9,661.0,672.5,1891
2017-10-04 00:00:00+05:30,691.0,699.5,665.4,672.75,2700
2017-10-05 00:00:00+05:30,670.0,684.9,632.4,675.5,5218
2017-10-06 00:00:00+05:30,668.05,719.0,667.0,715.65,24943
2017-10-09 00:00:00+05:30,721.0,798.0,715.0,787.8,35625
2017-10-10 00:00:00+05:30,799.0,840.0,787.0,823.5,30340
2017-10-11 00:00:00+05:30,825.5,830.0,761.0,775.15,16879
2017-10-12 00:00:00+05:30,788.0,815.0,781.05,802.05,9188
2017-10-13 00:00:00+05:30,825.0,825.0,778.0,783.1,4168
2017-10-16 00:00:00+05:30,783.1,799.85,755.65,782.4,3896
2017-10-17 00:00:00+05:30,792.5,800.0,759.95,791.5,5161
2017-10-18 00:00:00+05:30,799.0,799.0,767.5,779.8,1805
2017-10-19 00:00:00+05:30,794.9,794.9,768.0,771.1,1848
2017-10-23 00:00:00+05:30,774.05,782.9,751.0,753.7,3646
2017-10-24 00:00:00+05:30,750.6,775.0,741.0,769.85,6651
2017-10-25 00:00:00+05:30,790.0,790.0,753.0,757.85,3462
2017-10-26 00:00:00+05:30,757.0,763.0,731.1,744.5,5080
2017-10-27 00:00:00+05:30,747.1,768.05,741.0,747.95,4065
2017-10-30 00:00:00+05:30,747.95,784.0,747.95,767.55,4790
2017-10-31 00:00:00+05:30,760.0,775.0,760.0,761.05,1787
2017-11-01 00:00:00+05:30,763.35,775.0,750.0,773.6,6922
2017-11-02 00:00:00+05:30,765.0,783.0,765.0,766.85,1962
2017-11-03 00:00:00+05:30,755.15,789.85,755.15,758.55,2578
2017-11-06 00:00:00+05:30,760.0,768.9,752.2,757.9,2744
2017-11-07 00:00:00+05:30,762.95,775.0,747.0,751.4,4749
2017-11-08 00:00:00+05:30,745.3,770.0,745.25,750.35,6880
2017-11-09 00:00:00+05:30,751.05,764.5,742.0,761.8,9471
2017-11-10 00:00:00+05:30,748.2,758.45,744.15,749.9,5561
2017-11-13 00:00:00+05:30,755.05,767.0,730.25,737.6,5857
2017-11-14 00:00:00+05:30,746.5,750.0,725.0,728.65,3679
2017-11-15 00:00:00+05:30,726.1,750.0,726.05,741.8,6949
2017-11-16 00:00:00+05:30,750.0,778.5,735.0,776.35,10681
2017-11-17 00:00:00+05:30,790.0,795.0,766.4,785.75,9066
2017-11-20 00:00:00+05:30,785.75,852.0,785.75,845.65,31064
2017-11-21 00:00:00+05:30,846.2,872.0,821.15,832.05,13419
2017-11-22 00:00:00+05:30,838.85,847.8,825.0,844.25,8342
2017-11-23 00:00:00+05:30,846.0,847.85,828.0,838.55,13275
2017-11-24 00:00:00+05:30,844.1,858.0,825.9,839.7,19807
2017-11-27 00:00:00+05:30,880.0,894.0,847.0,854.05,47289
2017-11-28 00:00:00+05:30,868.9,872.75,846.0,848.05,14021
2017-11-29 00:00:00+05:30,855.05,855.95,836.3,840.2,7719
2017-11-30 00:00:00+05:30,853.95,865.0,831.0,837.05,7335
2017-12-01 00:00:00+05:30,862.0,872.8,835.0,841.75,19552
2017-12-04 00:00:00+05:30,859.0,867.95,847.6,860.15,15499
2017-12-05 00:00:00+05:30,869.95,872.0,851.0,864.6,11906
2017-12-06 00:00:00+05:30,859.35,868.45,841.1,843.0,8935
2017-12-07 00:00:00+05:30,844.95,857.8,844.0,850.75,6120
2017-12-08 00:00:00+05:30,854.5,856.95,837.9,843.25,9367
2017-12-11 00:00:00+05:30,846.0,851.45,837.65,844.9,4882
2017-12-12 00:00:00+05:30,851.85,851.95,836.8,844.35,2004
2017-12-13 00:00:00+05:30,859.95,860.0,815.4,818.25,7894
2017-12-14 00:00:00+05:30,824.0,829.6,800.0,807.95,6962
2017-12-15 00:00:00+05:30,818.0,824.95,810.1,821.05,2880
2017-12-18 00:00:00+05:30,825.0,854.9,755.2,842.15,4191
2017-12-19 00:00:00+05:30,848.75,854.9,820.0,826.0,6795
2017-12-20 00:00:00+05:30,821.5,836.0,819.0,825.15,3602
2017-12-21 00:00:00+05:30,822.25,838.5,822.25,829.05,3272
2017-12-22 00:00:00+05:30,836.55,837.9,824.25,827.85,2465
2017-12-26 00:00:00+05:30,818.3,838.0,818.3,823.35,3123
2017-12-27 00:00:00+05:30,823.3,837.7,808.0,814.9,8894
2017-12-28 00:00:00+05:30,813.75,823.0,812.05,820.75,3275
2017-12-29 00:00:00+05:30,820.75,825.7,805.0,810.55,6802
2018-01-01 00:00:00+05:30,806.0,822.5,802.6,807.6,5365
2018-01-02 00:00:00+05:30,810.0,847.1,797.95,824.9,13532
2018-01-03 00:00:00+05:30,821.7,835.0,817.7,828.95,2469
2018-01-04 00:00:00+05:30,825.0,839.25,814.05,820.55,7328
2018-01-05 00:00:00+05:30,815.0,837.3,815.0,821.9,5157
2018-01-08 00:00:00+05:30,845.95,845.95,812.25,817.2,10800
2018-01-09 00:00:00+05:30,824.0,824.0,816.0,817.3,5035
2018-01-10 00:00:00+05:30,834.9,836.0,817.0,817.0,4950
2018-01-11 00:00:00+05:30,817.0,830.0,817.0,823.85,2360
2018-01-12 00:00:00+05:30,837.0,988.6,831.0,988.6,116772
2018-01-15 00:00:00+05:30,1070.0,1165.0,1042.05,1136.9,208753
2018-01-16 00:00:00+05:30,1150.0,1150.0,1050.0,1098.6,58931
2018-01-17 00:00:00+05:30,1119.0,1174.0,1061.1,1135.85,65649
2018-01-18 00:00:00+05:30,1113.1,1160.0,1032.2,1050.55,30929
2018-01-19 00:00:00+05:30,1056.0,1100.0,1036.0,1068.2,12112
2018-01-22 00:00:00+05:30,1074.9,1135.0,1068.2,1112.9,20504
2018-01-23 00:00:00+05:30,1129.9,1134.0,1065.4,1078.85,17247
2018-01-24 00:00:00+05:30,1079.0,1159.95,1064.0,1104.75,37146
2018-01-25 00:00:00+05:30,1137.0,1139.5,1090.75,1102.85,8531
2018-01-29 00:00:00+05:30,1118.9,1119.05,1071.05,1078.4,6249
2018-01-30 00:00:00+05:30,1060.05,1071.9,981.3,1017.7,11962
2018-01-31 00:00:00+05:30,1028.95,1029.9,980.0,989.65,8813
2018-02-01 00:00:00+05:30,1005.0,1078.0,1005.0,1050.9,15674
2018-02-02 00:00:00+05:30,1005.55,1078.0,959.95,982.9,11435
2018-02-05 00:00:00+05:30,980.0,999.85,960.0,981.85,7279
2018-02-06 00:00:00+05:30,851.0,973.85,850.0,929.6,20545
2018-02-07 00:00:00+05:30,929.0,976.05,925.0,975.45,3979
2018-02-08 00:00:00+05:30,1020.0,1024.2,1000.0,1024.2,6114
2018-02-09 00:00:00+05:30,1075.4,1075.4,1075.4,1075.4,3156
2018-02-12 00:00:00+05:30,1128.0,1129.15,1100.0,1121.9,9803
2018-02-14 00:00:00+05:30,1135.0,1135.0,1070.0,1082.4,4671
2018-02-15 00:00:00+05:30,1100.0,1119.95,1030.0,1053.1,2078
2018-02-16 00:00:00+05:30,1060.0,1060.0,1000.45,1002.7,4889
2018-02-19 00:00:00+05:30,1020.0,1040.0,975.0,999.15,6163
2018-02-20 00:00:00+05:30,1018.0,1025.0,960.35,987.4,4042
2018-02-21 00:00:00+05:30,1029.9,1029.9,950.05,984.85,3325
2018-02-22 00:00:00+05:30,960.2,999.95,960.2,970.1,2501
2018-02-23 00:00:00+05:30,988.5,1015.0,960.0,984.05,3834
2018-02-26 00:00:00+05:30,980.0,1008.95,980.0,990.45,3699
2018-02-27 00:00:00+05:30,985.0,1023.4,985.0,1002.65,2794
2018-02-28 00:00:00+05:30,995.5,1010.0,982.5,988.4,2550
2018-03-01 00:00:00+05:30,1003.0,1004.1,982.0,995.75,2229
2018-03-05 00:00:00+05:30,980.0,1020.0,950.0,970.35,3400
2018-03-06 00:00:00+05:30,965.1,1005.0,950.0,953.25,2743
2018-03-07 00:00:00+05:30,944.0,970.0,925.0,951.05,1707
2018-03-08 00:00:00+05:30,921.25,972.0,921.0,929.4,2362
2018-03-09 00:00:00+05:30,964.0,964.0,907.9,914.45,2133
2018-03-12 00:00:00+05:30,907.9,928.0,907.0,911.6,4070
2018-03-13 00:00:00+05:30,905.0,930.0,905.0,917.3,2843
2018-03-14 00:00:00+05:30,925.0,963.0,925.0,949.95,1715
2018-03-15 00:00:00+05:30,921.1,963.0,921.0,952.15,2810
2018-03-16 00:00:00+05:30,950.1,951.0,925.0,928.4,1160
2018-03-19 00:00:00+05:30,928.45,950.0,892.0,903.8,4313
2018-03-20 00:00:00+05:30,935.0,935.0,900.0,918.0,3451
2018-03-21 00:00:00+05:30,900.0,925.0,890.05,901.8,3484
2018-03-22 00:00:00+05:30,925.0,926.0,877.0,898.35,2729
2018-03-23 00:00:00+05:30,863.0,899.95,853.5,871.35,6493
2018-03-26 00:00:00+05:30,894.0,894.0,850.55,865.85,5460
2018-03-27 00:00:00+05:30,875.0,900.0,875.0,890.85,1627
2018-03-28 00:00:00+05:30,890.85,928.0,875.05,885.65,2603
2018-04-02 00:00:00+05:30,880.0,929.9,880.0,929.9,1490
2018-04-03 00:00:00+05:30,976.35,976.35,930.0,960.35,5071
2018-04-04 00:00:00+05:30,981.0,1008.0,963.0,972.5,6032
2018-04-05 00:00:00+05:30,982.0,1015.0,980.1,1002.8,2244
2018-04-06 00:00:00+05:30,1010.0,1010.0,970.0,987.3,1226
2018-04-09 00:00:00+05:30,991.1,1019.95,975.0,990.05,2040
2018-04-10 00:00:00+05:30,980.0,1015.0,980.0,999.2,1042
2018-04-11 00:00:00+05:30,989.0,1008.9,986.0,1006.05,2952
2018-04-12 00:00:00+05:30,996.0,1000.1,980.05,990.0,2970
2018-04-13 00:00:00+05:30,1005.0,1020.0,985.0,1015.15,2498
2018-04-16 00:00:00+05:30,999.6,1057.8,998.0,1051.95,7124
2018-04-17 00:00:00+05:30,1055.0,1065.1,1015.1,1055.05,3428
2018-04-18 00:00:00+05:30,1040.25,1065.0,1020.0,1048.45,1321
2018-04-19 00:00:00+05:30,1040.05,1065.0,1026.0,1056.25,1538
2018-04-20 00:00:00+05:30,1060.0,1109.05,1040.05,1109.05,13023
2018-04-23 00:00:00+05:30,1164.5,1164.5,1130.0,1164.5,23791
2018-04-24 00:00:00+05:30,1220.0,1222.7,1145.0,1217.65,15145
2018-04-25 00:00:00+05:30,1206.0,1210.0,1162.0,1171.9,5640
2018-04-26 00:00:00+05:30,1195.0,1195.0,1135.0,1150.0,6415
2018-04-27 00:00:00+05:30,1107.0,1207.45,1107.0,1202.4,6511
2018-04-30 00:00:00+05:30,1200.0,1262.5,1180.0,1261.0,11093
2018-05-02 00:00:00+05:30,1274.85,1309.95,1220.0,1230.8,8227
2018-05-03 00:00:00+05:30,1190.05,1239.0,1172.1,1214.0,6049
2018-05-04 00:00:00+05:30,1186.3,1260.0,1186.3,1218.1,5218
2018-05-07 00:00:00+05:30,1210.5,1229.95,1190.0,1220.6,3060
2018-05-08 00:00:00+05:30,1210.1,1260.0,1207.0,1222.15,5752
2018-05-09 00:00:00+05:30,1239.8,1239.8,1162.55,1180.5,12680
2018-05-10 00:00:00+05:30,1180.0,1182.95,1125.0,1129.75,4813
2018-05-11 00:00:00+05:30,1149.9,1153.0,1120.05,1149.65,4572
2018-05-14 00:00:00+05:30,1162.0,1162.0,1110.0,1118.9,2575
2018-05-15 00:00:00+05:30,1116.0,1160.0,1108.0,1115.25,1429
2018-05-16 00:00:00+05:30,1091.0,1141.0,1080.15,1121.45,2551
2018-05-17 00:00:00+05:30,1115.0,1137.95,1115.0,1129.95,2824
2018-05-18 00:00:00+05:30,1160.0,1161.9,1123.25,1131.0,991
2018-05-21 00:00:00+05:30,1136.0,1151.5,1074.45,1082.45,4232
2018-05-22 00:00:00+05:30,1072.0,1105.6,1072.0,1091.3,1095
2018-05-23 00:00:00+05:30,1095.45,1140.0,1080.0,1111.95,6759
2018-05-24 00:00:00+05:30,1101.0,1129.95,1076.1,1101.25,3945
2018-05-25 00:00:00+05:30,1082.1,1118.45,1082.1,1098.6,1464
2018-05-28 00:00:00+05:30,1098.6,1140.0,1088.0,1122.15,6523
2018-05-29 00:00:00+05:30,1110.1,1110.1,1070.0,1075.9,3370
2018-05-30 00:00:00+05:30,1050.1,1060.9,1025.0,1029.55,3553
2018-05-31 00:00:00+05:30,1030.0,1044.0,1013.8,1017.25,1347
2018-06-01 00:00:00+05:30,1043.95,1043.95,997.6,1000.7,1112
2018-06-04 00:00:00+05:30,1010.0,1012.0,950.7,950.7,4378
2018-06-05 00:00:00+05:30,954.0,954.0,903.2,905.15,6672
2018-06-06 00:00:00+05:30,900.0,950.4,900.0,950.4,4616
2018-06-07 00:00:00+05:30,950.4,997.9,950.0,997.9,1811
2018-06-08 00:00:00+05:30,1000.1,1040.0,1000.1,1032.1,3697
2018-06-11 00:00:00+05:30,1035.0,1035.0,1015.0,1015.2,1347
2018-06-12 00:00:00+05:30,1038.95,1046.0,1021.2,1024.45,1958
2018-06-13 00:00:00+05:30,1040.0,1045.0,1001.0,1017.9,2148
2018-06-14 00:00:00+05:30,1002.55,1018.0,990.0,998.1,1331
2018-06-15 00:00:00+05:30,1009.0,1022.35,986.45,994.7,1004
2018-06-18 00:00:00+05:30,994.75,1000.0,973.25,990.35,2745
2018-06-19 00:00:00+05:30,970.2,979.15,961.0,966.65,1984
2018-06-20 00:00:00+05:30,961.2,978.8,950.05,963.2,1488
2018-06-21 00:00:00+05:30,969.0,979.9,933.0,951.15,1456
2018-06-22 00:00:00+05:30,933.0,950.0,931.0,944.4,3586
2018-06-25 00:00:00+05:30,944.4,958.95,923.1,930.9,1846
2018-06-26 00:00:00+05:30,917.1,938.75,907.55,912.8,2022
2018-06-27 00:00:00+05:30,919.85,919.9,890.0,893.5,1714
2018-06-28 00:00:00+05:30,888.0,935.0,874.1,883.85,4363
2018-06-29 00:00:00+05:30,900.0,928.0,895.55,915.45,2282
2018-07-02 00:00:00+05:30,949.9,949.9,890.0,900.25,2506
2018-07-03 00:00:00+05:30,875.0,904.0,861.25,880.85,1951
2018-07-04 00:00:00+05:30,882.0,905.0,882.0,899.0,1176
2018-07-05 00:00:00+05:30,903.7,903.7,880.0,883.0,1609
2018-07-06 00:00:00+05:30,900.0,904.0,890.45,897.8,3947
2018-07-09 00:00:00+05:30,899.9,930.0,899.65,923.35,1461
2018-07-10 00:00:00+05:30,945.0,945.0,886.7,893.9,9060
2018-07-11 00:00:00+05:30,895.1,908.2,862.5,870.65,5965
2018-07-12 00:00:00+05:30,884.9,896.0,872.0,885.25,1923
2018-07-13 00:00:00+05:30,885.25,895.35,874.0,878.25,2843
2018-07-16 00:00:00+05:30,899.0,899.0,840.0,844.6,3774
2018-07-17 00:00:00+05:30,874.9,874.9,840.0,847.95,1014
2018-07-18 00:00:00+05:30,869.8,869.8,820.0,828.75,4254
2018-07-19 00:00:00+05:30,831.2,837.9,818.0,823.9,1378
2018-07-20 00:00:00+05:30,823.95,850.0,820.2,829.6,1851
2018-07-23 00:00:00+05:30,850.0,855.0,814.05,842.0,1905
2018-07-24 00:00:00+05:30,840.0,880.0,840.0,855.35,5140
2018-07-25 00:00:00+05:30,858.4,889.3,858.4,884.45,793
2018-07-26 00:00:00+05:30,885.0,926.0,885.0,914.25,4763
2018-07-27 00:00:00+05:30,906.0,959.95,906.0,924.55,4251
2018-07-30 00:00:00+05:30,920.0,930.0,895.0,908.95,4164
2018-07-31 00:00:00+05:30,917.7,922.85,891.0,908.35,4434
2018-08-01 00:00:00+05:30,932.0,934.0,906.0,915.85,596
2018-08-02 00:00:00+05:30,906.0,945.0,899.0,925.25,1434
2018-08-03 00:00:00+05:30,925.0,950.0,920.05,939.85,1560
2018-08-06 00:00:00+05:30,951.1,951.1,898.0,901.95,2138
2018-08-07 00:00:00+05:30,914.95,931.5,901.95,914.5,2884
2018-08-08 00:00:00+05:30,929.0,944.0,905.0,909.3,1863
2018-08-09 00:00:00+05:30,926.85,930.0,900.0,923.4,3449
2018-08-10 00:00:00+05:30,939.95,942.6,890.15,905.1,2953
2018-08-13 00:00:00+05:30,828.0,898.0,816.0,841.25,30164
2018-08-14 00:00:00+05:30,844.0,864.9,830.0,840.3,5771
2018-08-16 00:00:00+05:30,840.0,855.0,828.8,830.95,2934
2018-08-17 00:00:00+05:30,823.0,845.0,823.0,829.85,3863
2018-08-20 00:00:00+05:30,829.9,852.1,822.0,841.65,1857
2018-08-21 00:00:00+05:30,833.05,869.45,833.05,858.55,3835
2018-08-23 00:00:00+05:30,855.0,867.95,832.0,853.75,1522
2018-08-24 00:00:00+05:30,842.5,878.0,837.25,866.7,2664
2018-08-27 00:00:00+05:30,843.0,883.0,843.0,878.3,3393
2018-08-28 00:00:00+05:30,880.0,883.15,860.0,864.1,2006
2018-08-29 00:00:00+05:30,851.1,881.0,850.05,856.0,1233
2018-08-30 00:00:00+05:30,855.0,867.05,840.0,844.85,2313
2018-08-31 00:00:00+05:30,840.0,856.0,840.0,850.9,1656
2018-09-03 00:00:00+05:30,860.0,870.0,842.1,855.55,3352
2018-09-04 00:00:00+05:30,859.9,865.0,837.0,839.7,2353
2018-09-05 00:00:00+05:30,860.0,864.45,830.0,838.85,2455
2018-09-06 00:00:00+05:30,842.3,842.3,825.0,834.95,1601
2018-09-07 00:00:00+05:30,828.0,838.9,821.25,824.75,2981
2018-09-10 00:00:00+05:30,820.0,827.9,790.0,804.15,10385
2018-09-11 00:00:00+05:30,800.05,810.0,792.0,800.75,6382
2018-09-12 00:00:00+05:30,792.25,839.55,766.0,773.65,3100
2018-09-14 00:00:00+05:30,820.0,820.0,765.0,767.35,5155
2018-09-17 00:00:00+05:30,765.0,787.7,745.0,749.85,11349
2018-09-18 00:00:00+05:30,742.6,769.8,725.75,731.7,4002
2018-09-19 00:00:00+05:30,723.05,744.9,691.05,713.75,5218
2018-09-21 00:00:00+05:30,739.0,739.0,690.0,697.5,5008
2018-09-24 00:00:00+05:30,727.0,727.0,636.25,655.95,7625
2018-09-25 00:00:00+05:30,656.0,679.45,650.0,656.9,3495
2018-09-26 00:00:00+05:30,674.75,684.85,650.0,659.35,3604
2018-09-27 00:00:00+05:30,653.05,671.95,610.0,629.85,16132
2018-09-28 00:00:00+05:30,639.3,651.05,566.9,575.75,11287
2018-10-01 00:00:00+05:30,577.0,604.5,547.0,589.15,10018
2018-10-03 00:00:00+05:30,609.9,618.6,583.0,618.6,690
2018-10-04 00:00:00+05:30,625.1,649.5,601.05,649.5,2166
2018-10-05 00:00:00+05:30,680.0,681.95,651.1,678.05,6020
2018-10-08 00:00:00+05:30,677.9,690.0,644.15,644.85,4083
2018-10-09 00:00:00+05:30,620.0,676.0,614.95,621.25,5222
2018-10-10 00:00:00+05:30,621.25,633.6,609.0,620.35,9149
2018-10-11 00:00:00+05:30,600.0,618.95,589.35,594.95,3371
2018-10-12 00:00:00+05:30,585.0,606.35,585.0,597.25,5035
2018-10-15 00:00:00+05:30,619.9,619.9,598.0,600.55,6234
2018-10-16 00:00:00+05:30,601.5,628.9,600.0,624.45,9370
2018-10-17 00:00:00+05:30,650.0,654.85,615.0,635.95,3620
2018-10-19 00:00:00+05:30,636.0,647.95,604.2,604.2,2699
2018-10-22 00:00:00+05:30,582.1,605.0,574.0,574.4,6866
2018-10-23 00:00:00+05:30,577.0,597.0,560.0,566.4,2568
2018-10-24 00:00:00+05:30,555.1,594.7,555.1,594.7,1465
2018-10-25 00:00:00+05:30,581.05,622.6,572.2,611.6,1692
2018-10-26 00:00:00+05:30,600.1,628.8,581.05,606.1,3929
2018-10-29 00:00:00+05:30,591.1,636.4,591.1,633.85,3388
2018-10-30 00:00:00+05:30,630.2,630.2,602.9,604.7,7835
2018-10-31 00:00:00+05:30,595.05,617.05,595.05,610.65,2464
2018-11-01 00:00:00+05:30,624.7,625.0,582.25,601.55,6603
2018-11-02 00:00:00+05:30,591.15,631.6,591.15,631.6,3369
2018-11-05 00:00:00+05:30,660.0,663.15,630.0,662.85,2833
2018-11-06 00:00:00+05:30,655.25,689.8,655.25,680.3,3848
2018-11-07 00:00:00+05:30,691.55,714.3,691.0,711.7,3318
2018-11-09 00:00:00+05:30,718.0,747.25,718.0,744.05,3516
2018-11-12 00:00:00+05:30,781.25,781.25,738.7,758.25,5257
2018-11-13 00:00:00+05:30,764.95,770.0,741.0,755.45,1711
2018-11-14 00:00:00+05:30,741.25,784.0,741.25,777.7,1619
2018-11-15 00:00:00+05:30,806.95,806.95,761.0,765.45,1455
2018-11-16 00:00:00+05:30,770.0,784.25,730.2,743.6,2021
2018-11-19 00:00:00+05:30,723.55,761.95,723.55,754.8,2149
2018-11-20 00:00:00+05:30,770.0,770.0,737.05,750.9,1014
2018-11-21 00:00:00+05:30,751.0,768.5,740.0,753.7,1174
2018-11-22 00:00:00+05:30,743.3,775.0,743.3,766.25,769
2018-11-26 00:00:00+05:30,770.0,800.0,755.5,786.1,3308
2018-11-27 00:00:00+05:30,785.0,810.0,770.0,780.45,3616
2018-11-28 00:00:00+05:30,760.1,788.9,756.0,762.15,1335
2018-11-29 00:00:00+05:30,748.05,773.2,740.0,761.2,1575
2018-11-30 00:00:00+05:30,742.0,787.95,742.0,770.55,1442
2018-12-03 00:00:00+05:30,779.9,785.0,756.05,767.45,1815
2018-12-04 00:00:00+05:30,751.55,786.6,730.25,744.3,2596
2018-12-05 00:00:00+05:30,725.1,756.6,725.1,730.7,1503
2018-12-06 00:00:00+05:30,718.1,729.7,711.65,719.0,1362
2018-12-07 00:00:00+05:30,701.0,747.9,695.0,700.75,3100
2018-12-10 00:00:00+05:30,670.2,709.9,670.2,679.6,1412
2018-12-11 00:00:00+05:30,660.0,740.8,655.0,707.05,3451
2018-12-12 00:00:00+05:30,687.0,742.95,687.0,729.8,1502
2018-12-13 00:00:00+05:30,732.1,769.95,695.05,705.6,1364
2018-12-14 00:00:00+05:30,712.1,724.45,695.0,699.1,2612
2018-12-17 00:00:00+05:30,677.0,714.6,677.0,701.7,869
2018-12-18 00:00:00+05:30,695.5,722.0,695.5,720.85,1821
2018-12-19 00:00:00+05:30,714.0,749.0,706.1,747.2,4699
2018-12-20 00:00:00+05:30,747.2,748.5,710.3,739.4,1864
2018-12-21 00:00:00+05:30,742.0,743.7,725.0,727.55,1640
2018-12-24 00:00:00+05:30,713.0,729.7,703.5,706.4,1171
2018-12-26 00:00:00+05:30,710.0,719.0,701.25,710.6,413
2018-12-27 00:00:00+05:30,702.3,719.75,702.3,706.9,1113
2018-12-28 00:00:00+05:30,720.0,729.95,703.55,712.45,2037
2018-12-31 00:00:00+05:30,707.05,749.9,705.0,735.65,4992
2019-01-01 00:00:00+05:30,728.0,737.8,713.55,726.1,997
2019-01-02 00:00:00+05:30,725.05,798.7,720.1,796.1,11018
2019-01-03 00:00:00+05:30,807.0,815.0,753.3,768.9,4929
2019-01-04 00:00:00+05:30,753.3,769.75,751.0,755.45,2878
2019-01-07 00:00:00+05:30,755.45,783.9,751.1,761.5,2093
2019-01-08 00:00:00+05:30,762.0,765.55,751.65,756.75,486
2019-01-09 00:00:00+05:30,742.1,779.4,742.1,760.65,1520
2019-01-10 00:00:00+05:30,769.95,769.95,745.15,761.55,1695
2019-01-11 00:00:00+05:30,754.0,764.4,751.6,757.7,446
2019-01-14 00:00:00+05:30,750.0,769.0,745.25,751.5,1754
2019-01-15 00:00:00+05:30,769.9,780.0,753.0,773.15,1760
2019-01-16 00:00:00+05:30,779.4,785.0,763.3,774.25,1609
2019-01-17 00:00:00+05:30,755.05,785.0,751.0,769.95,2196
2019-01-18 00:00:00+05:30,770.0,779.7,760.0,766.6,4283
2019-01-21 00:00:00+05:30,768.55,772.4,760.45,767.65,2168
2019-01-22 00:00:00+05:30,764.5,768.55,748.0,753.65,2907
2019-01-23 00:00:00+05:30,762.0,762.0,737.05,744.5,3549
2019-01-24 00:00:00+05:30,752.95,752.95,732.0,742.65,2071
2019-01-25 00:00:00+05:30,748.75,766.0,710.05,725.2,3811
2019-01-28 00:00:00+05:30,726.8,739.0,700.0,703.15,3557
2019-01-29 00:00:00+05:30,703.15,722.0,698.55,718.75,4760
2019-01-30 00:00:00+05:30,719.0,719.0,681.3,686.4,2970
2019-01-31 00:00:00+05:30,687.85,740.0,685.0,717.5,3550
2019-02-01 00:00:00+05:30,720.15,727.6,685.0,690.6,1712
2019-02-04 00:00:00+05:30,697.0,701.0,685.0,694.9,951
2019-02-05 00:00:00+05:30,680.0,695.4,665.0,668.15,1886
2019-02-06 00:00:00+05:30,665.15,671.5,625.0,652.2,5071
2019-02-07 00:00:00+05:30,652.2,665.0,647.75,658.0,573
2019-02-08 00:00:00+05:30,650.75,672.0,650.3,657.2,588
2019-02-11 00:00:00+05:30,666.85,666.85,639.95,649.2,850
2019-02-12 00:00:00+05:30,643.0,658.95,637.9,650.55,1112
2019-02-13 00:00:00+05:30,659.0,659.4,613.5,629.05,1999
2019-02-14 00:00:00+05:30,613.5,629.35,597.35,608.7,2379
2019-02-15 00:00:00+05:30,619.4,629.0,584.05,618.55,14234
2019-02-18 00:00:00+05:30,606.5,644.95,600.1,604.9,980
2019-02-19 00:00:00+05:30,626.1,632.0,590.0,596.1,3283
2019-02-20 00:00:00+05:30,596.4,604.0,586.25,593.55,2428
2019-02-21 00:00:00+05:30,587.6,610.0,587.6,601.35,724
2019-02-22 00:00:00+05:30,608.9,622.4,604.0,619.6,1014
2019-02-25 00:00:00+05:30,612.4,646.0,610.7,642.95,3185
2019-02-26 00:00:00+05:30,630.0,645.9,627.35,643.4,1766
2019-02-27 00:00:00+05:30,649.4,654.8,629.0,645.3,3115
2019-02-28 00:00:00+05:30,634.4,660.0,623.1,653.15,2821
2019-03-01 00:00:00+05:30,668.0,668.0,625.55,638.65,1930
2019-03-05 00:00:00+05:30,655.0,683.35,640.0,676.1,2264
2019-03-06 00:00:00+05:30,678.75,694.95,671.95,679.25,817
2019-03-07 00:00:00+05:30,694.85,694.85,672.0,690.8,1240
2019-03-08 00:00:00+05:30,692.45,706.95,663.6,684.95,2012
2019-03-11 00:00:00+05:30,697.25,697.25,677.15,691.05,441
2019-03-12 00:00:00+05:30,691.0,703.0,680.0,687.6,4035
2019-03-13 00:00:00+05:30,717.95,718.0,685.1,687.65,4441
2019-03-14 00:00:00+05:30,686.15,697.35,685.1,689.9,585
2019-03-15 00:00:00+05:30,689.9,693.65,681.65,686.7,1849
2019-03-18 00:00:00+05:30,681.6,690.0,660.0,668.9,2643
2019-03-19 00:00:00+05:30,670.0,695.0,639.95,683.4,2905
2019-03-20 00:00:00+05:30,670.3,684.9,661.2,673.1,1468
2019-03-22 00:00:00+05:30,674.45,676.75,660.05,664.6,1296
2019-03-25 00:00:00+05:30,651.6,673.9,643.5,646.85,4200
2019-03-26 00:00:00+05:30,643.15,654.75,626.3,640.15,1889
2019-03-27 00:00:00+05:30,636.15,660.0,636.0,643.25,2060
2019-03-28 00:00:00+05:30,659.8,670.45,638.55,665.95,3505
2019-03-29 00:00:00+05:30,688.0,688.0,643.6,657.2,11889
2019-04-01 00:00:00+05:30,676.4,716.3,645.3,654.5,3527
2019-04-02 00:00:00+05:30,658.95,659.9,649.85,650.9,1985
2019-04-03 00:00:00+05:30,654.0,674.95,650.0,650.75,1442
2019-04-04 00:00:00+05:30,657.0,657.0,643.0,645.05,1700
2019-04-05 00:00:00+05:30,655.0,667.55,645.0,649.45,1837
2019-04-08 00:00:00+05:30,663.0,663.0,640.65,646.4,3212
2019-04-09 00:00:00+05:30,646.4,670.0,646.4,663.6,1582
2019-04-10 00:00:00+05:30,678.75,678.75,652.1,664.75,2388
2019-04-11 00:00:00+05:30,656.05,677.0,638.2,642.1,9898
2019-04-12 00:00:00+05:30,636.0,664.6,636.0,646.85,1738
2019-04-15 00:00:00+05:30,640.5,669.0,640.0,662.85,1898
2019-04-16 00:00:00+05:30,655.0,676.9,655.0,674.9,3367
2019-04-18 00:00:00+05:30,674.0,694.9,671.5,684.5,2907
2019-04-22 00:00:00+05:30,684.5,686.35,640.0,653.2,856
2019-04-23 00:00:00+05:30,650.2,671.95,650.0,651.85,735
2019-04-24 00:00:00+05:30,669.2,669.2,641.4,651.95,287
2019-04-25 00:00:00+05:30,674.8,699.0,632.55,663.1,3988
2019-04-26 00:00:00+05:30,650.4,669.35,636.6,650.45,971
2019-04-30 00:00:00+05:30,642.45,657.95,632.3,642.25,6045
2019-05-02 00:00:00+05:30,649.0,666.0,649.0,649.55,1828
2019-05-03 00:00:00+05:30,659.55,660.0,650.5,654.35,566
2019-05-06 00:00:00+05:30,667.0,667.0,639.05,640.35,1258
2019-05-07 00:00:00+05:30,655.35,655.35,614.0,622.05,2860
2019-05-08 00:00:00+05:30,620.0,628.9,600.0,604.85,2219
2019-05-09 00:00:00+05:30,601.4,618.95,599.0,603.55,2416
2019-05-10 00:00:00+05:30,616.95,616.95,596.05,601.55,858
2019-05-13 00:00:00+05:30,600.1,619.15,600.0,602.8,1631
2019-05-14 00:00:00+05:30,602.3,616.95,585.0,598.15,4870
2019-05-15 00:00:00+05:30,607.4,607.4,595.0,598.7,1906
2019-05-16 00:00:00+05:30,599.0,625.55,595.0,612.25,3183
2019-05-17 00:00:00+05:30,605.35,621.85,600.3,620.35,1232
2019-05-20 00:00:00+05:30,680.0,680.0,627.35,642.45,2405
2019-05-21 00:00:00+05:30,650.0,659.8,632.65,655.95,2906
2019-05-22 00:00:00+05:30,652.6,679.85,652.2,675.1,1641
2019-05-23 00:00:00+05:30,689.7,689.7,665.0,668.05,3079
2019-05-24 00:00:00+05:30,661.4,729.9,661.4,724.4,9065
2019-05-27 00:00:00+05:30,732.0,732.5,695.4,719.85,5255
2019-05-28 00:00:00+05:30,732.5,768.4,691.05,745.65,22188
2019-05-29 00:00:00+05:30,765.65,769.85,718.0,726.7,8348
2019-05-30 00:00:00+05:30,718.0,738.9,710.15,713.45,4084
2019-05-31 00:00:00+05:30,715.0,736.0,700.0,717.95,3180
2019-06-03 00:00:00+05:30,720.0,723.0,702.25,703.6,1261
2019-06-04 00:00:00+05:30,722.35,722.4,695.0,695.9,1673
2019-06-06 00:00:00+05:30,711.1,729.0,688.0,708.35,5790
2019-06-07 00:00:00+05:30,702.1,718.5,701.05,712.25,3135
2019-06-10 00:00:00+05:30,720.0,720.0,688.1,698.95,3618
2019-06-11 00:00:00+05:30,700.0,720.0,674.2,683.55,7605
2019-06-12 00:00:00+05:30,676.1,676.1,636.55,661.9,5560
2019-06-13 00:00:00+05:30,659.0,669.95,652.55,667.4,848
2019-06-14 00:00:00+05:30,660.0,668.65,648.05,662.5,1499
2019-06-17 00:00:00+05:30,662.0,662.0,638.0,640.15,3621
2019-06-18 00:00:00+05:30,659.95,660.0,638.4,648.8,2286
2019-06-19 00:00:00+05:30,647.15,655.0,612.0,618.8,3968
2019-06-20 00:00:00+05:30,615.0,640.0,582.25,631.1,3150
2019-06-21 00:00:00+05:30,621.6,635.0,612.0,619.95,1443
2019-06-24 00:00:00+05:30,634.95,634.95,603.15,608.45,2382
2019-06-25 00:00:00+05:30,602.0,610.0,595.0,602.2,2801
2019-06-26 00:00:00+05:30,609.75,614.0,595.0,609.75,2661
2019-06-27 00:00:00+05:30,604.0,605.2,585.5,597.8,7228
2019-06-28 00:00:00+05:30,598.0,675.0,597.8,648.7,6672
2019-07-01 00:00:00+05:30,650.0,678.5,650.0,671.55,2321
2019-07-02 00:00:00+05:30,674.0,684.0,666.1,673.35,1763
2019-07-03 00:00:00+05:30,683.3,683.3,659.15,665.45,1004
2019-07-04 00:00:00+05:30,668.0,668.0,641.05,644.1,1007
2019-07-05 00:00:00+05:30,643.05,657.85,635.0,638.0,3613
2019-07-08 00:00:00+05:30,634.0,647.6,595.0,605.65,2425
2019-07-09 00:00:00+05:30,613.7,621.0,601.2,616.9,2944
2019-07-10 00:00:00+05:30,620.0,620.0,612.05,614.3,478
2019-07-11 00:00:00+05:30,619.4,621.0,607.0,618.9,623
2019-07-12 00:00:00+05:30,612.9,623.0,611.0,621.4,1576
2019-07-15 00:00:00+05:30,616.15,618.75,606.25,607.4,790
2019-07-16 00:00:00+05:30,601.15,621.55,593.0,607.95,1577
2019-07-17 00:00:00+05:30,619.4,628.0,605.05,614.1,649
2019-07-18 00:00:00+05:30,610.1,625.55,606.6,609.55,617
2019-07-19 00:00:00+05:30,608.6,622.3,588.6,595.15,2797
2019-07-22 00:00:00+05:30,586.25,610.35,560.15,574.45,2958
2019-07-23 00:00:00+05:30,607.0,618.8,588.05,601.2,1031
2019-07-24 00:00:00+05:30,613.0,616.0,585.0,603.3,1545
2019-07-25 00:00:00+05:30,595.05,609.9,595.05,606.0,695
2019-07-26 00:00:00+05:30,597.0,611.95,595.25,605.2,1332
2019-07-29 00:00:00+05:30,614.9,634.25,603.0,617.95,6015
2019-07-30 00:00:00+05:30,631.0,664.0,582.55,594.25,22381
2019-07-31 00:00:00+05:30,594.9,606.85,576.0,593.65,5149
2019-08-01 00:00:00+05:30,597.4,606.4,592.0,601.75,5385
2019-08-02 00:00:00+05:30,607.0,619.0,590.0,613.0,3691
2019-08-05 00:00:00+05:30,604.0,607.9,581.1,589.6,5648
2019-08-06 00:00:00+05:30,586.65,615.0,586.65,596.3,2327
2019-08-07 00:00:00+05:30,602.0,602.0,589.9,592.45,2885
2019-08-08 00:00:00+05:30,587.0,598.35,580.0,590.05,1847
2019-08-09 00:00:00+05:30,590.05,609.85,590.05,600.25,6764
2019-08-13 00:00:00+05:30,590.0,602.4,586.45,599.95,3239
2019-08-14 00:00:00+05:30,599.9,602.55,595.0,599.95,631
2019-08-16 00:00:00+05:30,595.4,611.0,595.35,601.55,1983
2019-08-19 00:00:00+05:30,601.55,601.55,592.05,598.05,1739
2019-08-20 00:00:00+05:30,600.1,600.1,595.0,598.0,2684
2019-08-21 00:00:00+05:30,591.4,599.15,580.0,583.65,2056
2019-08-22 00:00:00+05:30,576.4,582.0,554.45,559.65,5266
2019-08-23 00:00:00+05:30,583.8,597.0,531.0,545.1,7019
2019-08-26 00:00:00+05:30,548.05,580.0,545.2,576.75,2439
2019-08-27 00:00:00+05:30,578.8,614.95,578.8,604.2,7078
2019-08-28 00:00:00+05:30,602.0,609.0,584.0,586.95,2270
2019-08-29 00:00:00+05:30,597.0,618.85,590.0,601.75,12706
2019-08-30 00:00:00+05:30,596.5,624.0,586.6,613.05,9853
2019-09-03 00:00:00+05:30,601.0,617.95,591.0,597.9,1522
2019-09-04 00:00:00+05:30,598.5,604.45,588.05,603.25,1662
2019-09-05 00:00:00+05:30,610.0,612.05,600.0,603.0,1707
2019-09-06 00:00:00+05:30,613.95,615.0,603.2,606.85,1571
2019-09-09 00:00:00+05:30,596.0,614.35,595.0,607.15,2068
2019-09-11 00:00:00+05:30,608.9,629.0,601.65,622.75,6460
2019-09-12 00:00:00+05:30,628.0,631.4,621.0,627.2,2012
2019-09-13 00:00:00+05:30,629.4,630.0,622.4,628.95,906
2019-09-16 00:00:00+05:30,620.55,620.55,615.0,615.35,588
2019-09-17 00:00:00+05:30,619.15,620.0,585.0,594.95,3323
2019-09-18 00:00:00+05:30,607.9,617.5,607.6,616.7,1876
2019-09-19 00:00:00+05:30,616.7,616.7,603.1,608.7,1351
2019-09-20 00:00:00+05:30,602.4,618.3,600.0,614.75,4711
2019-09-23 00:00:00+05:30,614.75,665.0,614.75,643.1,9789
2019-09-24 00:00:00+05:30,640.0,679.1,640.0,660.55,4827
2019-09-25 00:00:00+05:30,667.4,668.0,645.95,656.35,2707
2019-09-26 00:00:00+05:30,662.3,665.0,635.5,638.85,3531
2019-09-27 00:00:00+05:30,632.45,650.0,631.0,633.05,1791
2019-09-30 00:00:00+05:30,653.0,690.0,619.0,669.1,7069
2019-10-01 00:00:00+05:30,658.15,680.0,650.0,652.5,3033
2019-10-03 00:00:00+05:30,655.05,675.0,655.0,665.4,2962
2019-10-04 00:00:00+05:30,670.0,682.0,655.0,661.1,1163
2019-10-07 00:00:00+05:30,664.95,669.55,640.0,640.75,1596
2019-10-09 00:00:00+05:30,635.0,654.4,635.0,651.05,1599
2019-10-10 00:00:00+05:30,667.35,667.95,633.2,644.5,1262
2019-10-11 00:00:00+05:30,638.0,661.45,629.15,637.5,687
2019-10-14 00:00:00+05:30,630.95,646.8,610.2,643.75,4123
2019-10-15 00:00:00+05:30,664.0,697.4,621.0,626.8,5420
2019-10-16 00:00:00+05:30,640.0,640.0,612.2,614.8,1206
2019-10-17 00:00:00+05:30,628.75,628.75,608.1,621.65,489
2019-10-18 00:00:00+05:30,625.0,635.0,621.1,623.55,10503
2019-10-22 00:00:00+05:30,632.9,650.0,614.0,630.85,1350
2019-10-23 00:00:00+05:30,632.0,640.0,628.5,630.05,2487
2019-10-24 00:00:00+05:30,624.05,640.0,622.5,634.3,2308
2019-10-25 00:00:00+05:30,622.15,638.3,622.15,630.2,626
2019-10-27 00:00:00+05:30,630.2,640.0,615.15,630.9,991
2019-10-29 00:00:00+05:30,639.0,649.0,626.65,640.1,1865
2019-10-30 00:00:00+05:30,654.9,654.9,631.05,634.1,1117
2019-10-31 00:00:00+05:30,635.0,704.0,625.0,676.25,3274
2019-11-01 00:00:00+05:30,690.0,710.0,667.4,687.9,2413
2019-11-04 00:00:00+05:30,687.9,695.35,663.6,677.4,1224
2019-11-05 00:00:00+05:30,690.0,707.0,670.05,682.8,3594
2019-11-06 00:00:00+05:30,679.15,683.95,671.15,671.3,1222
2019-11-07 00:00:00+05:30,679.65,679.95,666.0,671.8,807
2019-11-08 00:00:00+05:30,675.0,689.9,660.0,666.4,897
2019-11-11 00:00:00+05:30,667.0,680.0,635.15,647.55,2594
2019-11-13 00:00:00+05:30,648.0,690.0,648.0,663.15,1919
2019-11-14 00:00:00+05:30,669.95,669.95,615.0,619.85,6577
2019-11-15 00:00:00+05:30,634.95,641.0,620.5,624.9,4333
2019-11-18 00:00:00+05:30,621.1,638.4,621.1,626.35,1773
2019-11-19 00:00:00+05:30,626.0,634.0,613.0,614.85,4173
2019-11-20 00:00:00+05:30,615.0,628.1,612.25,615.3,2337
2019-11-21 00:00:00+05:30,618.0,622.55,608.0,614.95,3505
2019-11-22 00:00:00+05:30,611.05,623.85,608.65,617.45,2870
2019-11-25 00:00:00+05:30,611.0,635.0,611.0,619.6,3221
2019-11-26 00:00:00+05:30,615.6,630.0,615.6,621.9,835
2019-11-27 00:00:00+05:30,632.95,632.95,613.05,615.95,1207
2019-11-28 00:00:00+05:30,624.9,642.0,615.3,631.65,7560
2019-11-29 00:00:00+05:30,625.0,629.6,605.25,624.65,6145
2019-12-02 00:00:00+05:30,617.4,623.0,607.8,619.1,2452
2019-12-03 00:00:00+05:30,614.05,624.0,608.0,612.05,1281
2019-12-04 00:00:00+05:30,611.1,618.35,602.0,611.95,1705
2019-12-05 00:00:00+05:30,617.0,617.0,606.0,607.7,893
2019-12-06 00:00:00+05:30,605.15,612.0,595.0,596.25,2893
2019-12-09 00:00:00+05:30,612.4,612.4,596.1,601.5,1546
2019-12-10 00:00:00+05:30,612.0,612.0,585.0,594.55,1471
2019-12-11 00:00:00+05:30,591.4,609.9,591.3,605.7,3143
2019-12-12 00:00:00+05:30,609.45,610.0,601.05,608.45,1927
2019-12-13 00:00:00+05:30,614.0,627.0,606.25,612.45,1900
2019-12-16 00:00:00+05:30,621.95,621.95,605.0,609.35,505
2019-12-17 00:00:00+05:30,606.55,622.95,605.2,614.0,458
2019-12-18 00:00:00+05:30,614.0,624.3,610.5,615.95,968
2019-12-19 00:00:00+05:30,611.35,626.0,611.0,624.05,1791
2019-12-20 00:00:00+05:30,616.6,619.0,616.1,617.85,259
2019-12-23 00:00:00+05:30,615.0,615.0,595.0,599.55,3949
2019-12-24 00:00:00+05:30,600.05,603.95,591.4,594.45,3537
2019-12-26 00:00:00+05:30,591.45,600.0,587.25,589.55,4169
2019-12-27 00:00:00+05:30,589.6,611.5,585.75,598.7,5722
2019-12-30 00:00:00+05:30,600.0,618.4,591.1,608.35,8702
2019-12-31 00:00:00+05:30,601.65,631.4,601.0,625.55,3206
2020-01-01 00:00:00+05:30,623.95,623.95,617.0,618.8,1350
2020-01-02 00:00:00+05:30,610.4,613.65,598.9,607.9,12007
2020-01-03 00:00:00+05:30,604.65,633.0,604.65,626.95,3032
2020-01-06 00:00:00+05:30,626.95,626.95,600.1,606.75,1302
2020-01-07 00:00:00+05:30,607.0,623.0,607.0,615.55,1864
2020-01-08 00:00:00+05:30,611.0,628.05,603.25,623.7,2584
2020-01-09 00:00:00+05:30,623.7,625.7,608.65,617.8,2859
2020-01-10 00:00:00+05:30,618.0,625.55,616.3,622.8,577
2020-01-13 00:00:00+05:30,625.0,650.0,618.4,646.7,1986
2020-01-14 00:00:00+05:30,647.0,675.0,647.0,666.55,4229
2020-01-15 00:00:00+05:30,655.4,668.65,636.2,647.15,3146
2020-01-16 00:00:00+05:30,641.0,681.25,636.0,672.65,4889
2020-01-17 00:00:00+05:30,684.0,707.9,681.5,691.2,10199
2020-01-20 00:00:00+05:30,691.0,697.25,676.55,681.5,2968
2020-01-21 00:00:00+05:30,676.1,695.0,676.0,689.7,3201
2020-01-22 00:00:00+05:30,699.95,699.95,675.0,684.6,1830
2020-01-23 00:00:00+05:30,677.75,692.0,677.75,686.15,1216
2020-01-24 00:00:00+05:30,685.75,686.65,670.1,676.2,1193
2020-01-27 00:00:00+05:30,682.0,693.9,665.25,668.65,743
2020-01-28 00:00:00+05:30,670.0,684.0,662.5,680.7,1675
2020-01-29 00:00:00+05:30,680.7,684.2,662.45,664.2,1697
2020-01-30 00:00:00+05:30,662.0,677.95,635.0,641.2,3336
2020-01-31 00:00:00+05:30,635.0,650.0,635.0,647.85,1062
2020-02-01 00:00:00+05:30,634.15,657.0,606.5,624.05,1620
2020-02-03 00:00:00+05:30,618.0,637.1,611.0,618.1,1941
2020-02-04 00:00:00+05:30,616.5,639.85,616.5,629.7,6084
2020-02-05 00:00:00+05:30,623.0,650.0,623.0,647.65,2147
2020-02-06 00:00:00+05:30,625.0,652.1,625.0,648.7,2167
2020-02-07 00:00:00+05:30,640.0,648.85,612.65,632.85,3215
2020-02-10 00:00:00+05:30,632.85,647.8,625.0,639.45,1344
2020-02-11 00:00:00+05:30,647.0,681.0,635.0,676.4,4056
2020-02-12 00:00:00+05:30,674.4,674.4,615.5,644.5,5597
2020-02-13 00:00:00+05:30,688.9,688.9,641.0,649.6,6739
2020-02-14 00:00:00+05:30,658.35,658.35,616.25,628.45,1641
2020-02-17 00:00:00+05:30,648.9,648.95,585.0,589.55,10189
2020-02-18 00:00:00+05:30,581.0,589.75,570.0,573.8,3475
2020-02-19 00:00:00+05:30,589.9,654.0,552.55,635.85,16256
2020-02-20 00:00:00+05:30,647.0,668.0,625.0,641.85,12928
2020-02-24 00:00:00+05:30,640.85,640.85,599.8,608.0,4064
2020-02-25 00:00:00+05:30,599.0,643.5,595.9,617.4,4543
2020-02-26 00:00:00+05:30,606.35,624.7,601.4,609.0,1212
2020-02-27 00:00:00+05:30,596.25,606.85,556.0,596.8,6048
2020-02-28 00:00:00+05:30,580.0,589.0,567.0,570.5,4673
2020-03-02 00:00:00+05:30,610.4,638.9,565.0,577.6,4741
2020-03-03 00:00:00+05:30,608.7,608.75,561.15,567.3,3102
2020-03-04 00:00:00+05:30,573.05,573.05,546.45,550.85,4716
2020-03-05 00:00:00+05:30,555.45,585.0,549.8,574.75,2985
2020-03-06 00:00:00+05:30,556.0,590.0,535.3,578.4,8278
2020-03-09 00:00:00+05:30,572.05,572.05,505.0,526.7,11550
2020-03-11 00:00:00+05:30,524.0,535.45,505.0,515.45,4451
2020-03-12 00:00:00+05:30,501.0,508.0,425.55,459.6,7545
2020-03-13 00:00:00+05:30,430.0,524.0,409.95,503.5,13006
2020-03-16 00:00:00+05:30,500.35,500.35,440.0,447.15,4537
2020-03-17 00:00:00+05:30,479.95,519.95,444.95,483.2,2814
2020-03-18 00:00:00+05:30,484.95,490.0,400.25,422.7,7044
2020-03-19 00:00:00+05:30,469.0,469.0,370.0,408.8,7366
2020-03-20 00:00:00+05:30,415.95,443.0,385.3,429.8,4201
2020-03-23 00:00:00+05:30,400.0,400.0,350.0,357.45,3937
2020-03-24 00:00:00+05:30,397.95,397.95,301.55,378.95,4940
2020-03-25 00:00:00+05:30,378.95,424.95,348.0,408.05,4537
2020-03-26 00:00:00+05:30,414.95,415.0,381.25,387.05,2758
2020-03-27 00:00:00+05:30,399.0,409.8,350.0,368.65,2929
2020-03-30 00:00:00+05:30,361.15,394.95,333.6,353.75,3062
2020-03-31 00:00:00+05:30,354.25,382.0,351.2,365.6,2267
2020-04-01 00:00:00+05:30,362.0,379.05,350.0,367.35,2634
2020-04-03 00:00:00+05:30,374.8,374.8,350.5,362.7,3072
2020-04-07 00:00:00+05:30,378.0,391.55,360.2,385.45,17334
2020-04-08 00:00:00+05:30,398.95,398.95,379.95,392.65,3740
2020-04-09 00:00:00+05:30,417.05,417.35,399.95,412.25,2582
2020-04-13 00:00:00+05:30,404.95,412.25,380.55,404.1,2607
2020-04-15 00:00:00+05:30,408.2,408.2,394.95,396.2,3818
2020-04-16 00:00:00+05:30,400.15,412.15,383.0,403.2,4238
2020-04-17 00:00:00+05:30,415.15,478.9,404.95,425.4,3834
2020-04-20 00:00:00+05:30,439.95,449.9,415.0,441.0,4632
2020-04-21 00:00:00+05:30,441.0,441.0,397.2,403.0,5241
2020-04-22 00:00:00+05:30,404.4,435.0,400.0,414.5,1806
2020-04-23 00:00:00+05:30,413.05,413.05,399.0,402.45,3453
2020-04-24 00:00:00+05:30,406.1,408.55,380.0,390.8,7620
2020-04-27 00:00:00+05:30,400.2,405.0,385.0,394.7,1933
2020-04-28 00:00:00+05:30,392.95,412.15,390.25,402.9,1190
2020-04-29 00:00:00+05:30,425.0,425.0,394.05,399.35,4870
2020-04-30 00:00:00+05:30,407.05,463.4,397.5,444.4,11898
2020-05-04 00:00:00+05:30,437.95,474.8,415.05,428.1,58822
2020-05-05 00:00:00+05:30,445.15,445.15,396.4,401.95,15155
2020-05-06 00:00:00+05:30,410.0,419.3,400.3,404.15,6358
2020-05-07 00:00:00+05:30,400.0,424.0,400.0,417.85,6366
2020-05-08 00:00:00+05:30,417.95,425.1,400.15,406.1,4749
2020-05-11 00:00:00+05:30,406.4,434.85,402.15,424.85,11504
2020-05-12 00:00:00+05:30,425.0,503.95,425.0,474.85,86405
2020-05-13 00:00:00+05:30,491.0,498.0,466.4,480.55,10802
2020-05-14 00:00:00+05:30,481.45,481.45,460.25,461.7,2945
2020-05-15 00:00:00+05:30,455.15,463.45,440.0,446.7,2898
2020-05-18 00:00:00+05:30,446.7,464.65,425.15,431.65,5422
2020-05-19 00:00:00+05:30,434.95,445.25,422.55,426.85,2430
2020-05-20 00:00:00+05:30,420.0,459.9,420.0,436.95,3462
2020-05-21 00:00:00+05:30,469.85,469.85,430.0,430.65,3484
2020-05-22 00:00:00+05:30,439.0,439.0,423.2,428.1,1350
2020-05-26 00:00:00+05:30,440.0,440.0,422.0,425.35,3332
2020-05-27 00:00:00+05:30,435.15,435.15,415.0,421.9,2523
2020-05-28 00:00:00+05:30,420.0,437.85,416.0,423.1,4698
2020-05-29 00:00:00+05:30,425.0,434.0,415.05,429.45,5121
2020-06-01 00:00:00+05:30,438.65,444.35,430.0,432.0,5413
2020-06-02 00:00:00+05:30,437.05,439.7,418.25,433.1,9150
2020-06-03 00:00:00+05:30,445.2,445.2,420.3,431.4,9235
2020-06-04 00:00:00+05:30,430.05,438.55,426.1,428.35,3531
2020-06-05 00:00:00+05:30,438.05,444.0,422.1,440.8,7436
2020-06-08 00:00:00+05:30,449.85,482.3,441.3,449.05,17672
2020-06-09 00:00:00+05:30,443.0,457.75,442.25,445.55,3244
2020-06-10 00:00:00+05:30,444.95,457.8,433.0,438.45,3461
2020-06-11 00:00:00+05:30,442.2,450.0,435.0,438.6,2353
2020-06-12 00:00:00+05:30,425.0,443.2,423.0,441.65,2175
2020-06-15 00:00:00+05:30,445.0,453.55,436.1,437.4,4304
2020-06-16 00:00:00+05:30,441.25,446.3,423.35,426.25,6525
2020-06-17 00:00:00+05:30,427.05,434.0,425.6,426.7,3153
2020-06-18 00:00:00+05:30,427.95,435.55,380.0,406.1,28350
2020-06-19 00:00:00+05:30,410.0,417.9,390.0,398.95,19033
2020-06-22 00:00:00+05:30,399.0,420.9,392.15,400.35,33814
2020-06-23 00:00:00+05:30,400.05,404.6,394.0,396.2,14168
2020-06-24 00:00:00+05:30,410.2,412.0,381.25,384.25,13457
2020-06-25 00:00:00+05:30,389.0,389.0,377.0,380.15,6859
2020-06-26 00:00:00+05:30,385.05,388.95,370.0,373.35,10351
2020-06-29 00:00:00+05:30,371.1,385.95,370.0,372.6,7171
2020-06-30 00:00:00+05:30,372.1,378.85,360.1,362.65,7326
2020-07-01 00:00:00+05:30,371.05,371.05,350.05,351.75,13219
2020-07-02 00:00:00+05:30,355.85,421.9,347.0,405.75,127473
2020-07-03 00:00:00+05:30,406.0,438.0,390.05,416.1,74848
2020-07-06 00:00:00+05:30,418.9,424.45,413.05,422.85,11525
2020-07-07 00:00:00+05:30,427.0,427.0,408.9,414.15,7006
2020-07-08 00:00:00+05:30,406.15,418.65,406.15,410.35,8881
2020-07-09 00:00:00+05:30,418.05,418.1,394.0,401.5,6685
2020-07-10 00:00:00+05:30,401.5,404.9,390.3,395.4,8986
2020-07-13 00:00:00+05:30,405.05,407.0,395.95,397.85,4066
2020-07-14 00:00:00+05:30,400.0,409.0,381.75,390.5,7557
2020-07-15 00:00:00+05:30,414.5,414.6,377.0,382.8,3447
2020-07-16 00:00:00+05:30,386.15,398.9,383.1,391.2,3968
2020-07-17 00:00:00+05:30,400.0,400.0,390.0,395.05,3458
2020-07-20 00:00:00+05:30,400.0,400.0,387.8,390.4,2507
2020-07-21 00:00:00+05:30,397.55,430.0,387.65,410.4,27488
2020-07-22 00:00:00+05:30,416.95,416.95,401.05,405.45,3139
2020-07-23 00:00:00+05:30,414.0,414.0,396.3,405.35,1957
2020-07-24 00:00:00+05:30,411.9,472.5,405.4,443.75,84476
2020-07-27 00:00:00+05:30,450.1,493.8,441.2,465.85,58940
2020-07-28 00:00:00+05:30,475.85,489.65,463.15,474.1,42109
2020-07-29 00:00:00+05:30,481.4,481.4,463.0,466.3,9483
2020-07-30 00:00:00+05:30,468.0,469.7,445.2,453.05,15694
2020-07-31 00:00:00+05:30,447.85,464.9,443.4,452.45,8625
2020-08-03 00:00:00+05:30,460.0,475.0,452.45,459.35,12672
2020-08-04 00:00:00+05:30,459.35,488.5,451.2,484.4,18805
2020-08-05 00:00:00+05:30,500.0,516.9,490.0,509.85,34874
2020-08-06 00:00:00+05:30,519.0,574.0,517.0,559.0,94975
2020-08-07 00:00:00+05:30,567.1,579.0,540.0,548.55,27787
2020-08-10 00:00:00+05:30,557.4,557.4,540.0,544.2,12967
2020-08-11 00:00:00+05:30,554.1,563.9,520.0,533.45,11975
2020-08-12 00:00:00+05:30,532.0,600.0,511.2,522.9,7470
2020-08-13 00:00:00+05:30,522.0,548.0,491.3,505.8,13928
2020-08-14 00:00:00+05:30,510.05,515.0,488.1,495.15,7762
2020-08-17 00:00:00+05:30,512.6,512.6,474.55,480.1,7462
2020-08-18 00:00:00+05:30,487.15,517.0,475.0,500.05,10559
2020-08-19 00:00:00+05:30,508.9,519.95,501.3,505.75,7643
2020-08-20 00:00:00+05:30,495.6,514.75,494.7,499.95,5780
2020-08-21 00:00:00+05:30,500.3,509.45,493.05,494.35,7031
2020-08-24 00:00:00+05:30,500.5,508.85,485.0,486.8,14403
2020-08-25 00:00:00+05:30,495.0,496.9,478.0,481.2,6486
2020-08-26 00:00:00+05:30,482.15,487.0,476.0,484.6,7359
2020-08-27 00:00:00+05:30,491.0,499.9,481.8,487.0,11145
2020-08-28 00:00:00+05:30,485.05,509.85,485.05,490.6,11612
2020-08-31 00:00:00+05:30,495.8,498.9,451.9,462.35,11268
2020-09-01 00:00:00+05:30,477.05,477.05,457.0,460.5,3327
2020-09-02 00:00:00+05:30,471.35,503.0,460.9,494.25,9264
2020-09-03 00:00:00+05:30,495.0,500.0,475.4,479.35,6148
2020-09-04 00:00:00+05:30,462.3,489.75,462.3,469.9,11636
2020-09-07 00:00:00+05:30,470.45,499.0,450.0,461.85,12137
2020-09-08 00:00:00+05:30,463.0,472.0,441.3,451.85,7346
2020-09-09 00:00:00+05:30,446.95,452.9,433.6,448.1,2703
2020-09-10 00:00:00+05:30,446.95,469.9,446.95,459.75,4454
2020-09-11 00:00:00+05:30,464.95,469.75,455.05,464.35,1801
2020-09-14 00:00:00+05:30,468.0,476.55,453.1,460.1,4079
2020-09-15 00:00:00+05:30,461.15,475.0,453.55,467.7,5731
2020-09-16 00:00:00+05:30,468.55,478.0,468.1,471.6,3732
2020-09-17 00:00:00+05:30,470.05,488.65,469.95,478.3,5734
2020-09-18 00:00:00+05:30,483.95,487.95,470.0,472.45,5797
2020-09-21 00:00:00+05:30,482.95,482.95,447.9,459.65,6970
2020-09-22 00:00:00+05:30,459.0,473.85,431.2,460.35,8828
2020-09-23 00:00:00+05:30,461.05,478.95,455.25,470.75,7545
2020-09-24 00:00:00+05:30,465.05,480.0,458.05,470.0,6305
2020-09-25 00:00:00+05:30,476.05,510.0,466.1,499.65,16074
2020-09-28 00:00:00+05:30,508.95,517.7,494.15,495.55,6627
2020-09-29 00:00:00+05:30,498.55,504.3,491.05,493.95,4649
2020-09-30 00:00:00+05:30,499.0,500.0,481.2,494.4,3984
2020-10-01 00:00:00+05:30,494.0,513.0,488.95,496.2,11268
2020-10-05 00:00:00+05:30,485.1,508.0,485.1,497.5,5034
2020-10-06 00:00:00+05:30,492.65,513.85,490.0,500.35,6725
2020-10-07 00:00:00+05:30,500.1,510.15,494.95,497.45,6919
2020-10-08 00:00:00+05:30,509.65,509.65,496.15,498.75,1738
2020-10-09 00:00:00+05:30,495.05,504.95,495.0,499.2,3225
2020-10-12 00:00:00+05:30,504.95,504.95,482.05,486.1,2461
2020-10-13 00:00:00+05:30,493.05,495.55,485.05,490.65,3803
2020-10-14 00:00:00+05:30,503.65,503.7,486.3,488.95,2332
2020-10-15 00:00:00+05:30,487.7,503.0,468.05,492.5,4755
2020-10-16 00:00:00+05:30,487.0,502.75,486.7,500.8,6319
2020-10-19 00:00:00+05:30,501.55,510.75,492.5,504.95,5451
2020-10-20 00:00:00+05:30,501.55,525.05,500.0,517.2,6045
2020-10-21 00:00:00+05:30,512.0,552.45,512.0,531.6,14699
2020-10-22 00:00:00+05:30,531.7,565.0,529.0,555.4,14390
2020-10-23 00:00:00+05:30,565.4,605.0,558.0,597.6,52319
2020-10-26 00:00:00+05:30,600.0,617.25,569.15,600.6,17759
2020-10-27 00:00:00+05:30,599.4,607.9,586.95,599.5,5761
2020-10-28 00:00:00+05:30,605.0,605.0,570.0,573.7,5526
2020-10-29 00:00:00+05:30,567.95,586.25,567.95,582.3,6438
2020-10-30 00:00:00+05:30,576.0,587.15,566.0,579.2,3442
2020-11-02 00:00:00+05:30,563.0,591.0,563.0,584.0,5874
2020-11-03 00:00:00+05:30,587.7,604.9,577.95,597.05,10792
2020-11-04 00:00:00+05:30,596.5,619.5,591.95,615.35,5068
2020-11-05 00:00:00+05:30,611.05,632.0,611.0,623.15,14648
2020-11-06 00:00:00+05:30,630.3,632.05,615.0,617.2,2565
2020-11-09 00:00:00+05:30,621.15,623.6,595.0,598.15,9776
2020-11-10 00:00:00+05:30,590.0,609.4,525.3,547.9,12432
2020-11-11 00:00:00+05:30,556.5,556.5,525.0,530.65,6275
2020-11-12 00:00:00+05:30,538.6,540.25,532.05,535.55,3485
2020-11-13 00:00:00+05:30,539.4,547.95,534.05,542.35,2863
2020-11-17 00:00:00+05:30,551.0,554.0,544.6,551.2,3693
2020-11-18 00:00:00+05:30,551.15,574.5,546.0,570.5,6252
2020-11-19 00:00:00+05:30,569.95,575.0,555.05,565.2,4679
2020-11-20 00:00:00+05:30,561.8,575.35,561.8,566.2,805
2020-11-23 00:00:00+05:30,561.35,592.15,560.0,570.75,4085
2020-11-24 00:00:00+05:30,571.1,582.75,571.1,575.55,6399
2020-11-25 00:00:00+05:30,575.05,581.25,545.3,548.9,5298
2020-11-26 00:00:00+05:30,559.8,559.85,541.75,543.15,3302
2020-11-27 00:00:00+05:30,542.15,550.85,528.1,537.5,10851
2020-12-01 00:00:00+05:30,538.05,552.5,531.0,537.75,6178
2020-12-02 00:00:00+05:30,546.55,546.75,528.55,534.4,3115
2020-12-03 00:00:00+05:30,543.05,543.75,526.0,531.8,6548
2020-12-04 00:00:00+05:30,551.95,551.95,530.4,532.8,3657
2020-12-07 00:00:00+05:30,539.9,539.9,525.05,533.65,4930
2020-12-08 00:00:00+05:30,544.8,544.8,530.1,537.8,7618
2020-12-09 00:00:00+05:30,543.95,543.95,532.0,534.55,5821
2020-12-10 00:00:00+05:30,534.55,541.5,528.0,536.35,2915
2020-12-11 00:00:00+05:30,539.8,543.65,532.15,536.65,3677
2020-12-14 00:00:00+05:30,532.3,591.0,532.3,577.4,18478
2020-12-15 00:00:00+05:30,583.8,625.0,581.0,619.25,31091
2020-12-16 00:00:00+05:30,625.0,625.0,608.05,614.9,11630
2020-12-17 00:00:00+05:30,618.5,620.0,609.3,610.8,4874
2020-12-18 00:00:00+05:30,610.0,610.05,577.55,580.1,7391
2020-12-21 00:00:00+05:30,580.1,587.8,535.6,545.85,5534
2020-12-22 00:00:00+05:30,545.0,573.9,537.0,567.15,4307
2020-12-23 00:00:00+05:30,571.05,575.5,555.0,570.55,1484
2020-12-24 00:00:00+05:30,568.55,584.0,555.4,564.45,1928
2020-12-28 00:00:00+05:30,563.0,579.9,557.0,560.35,7347
2020-12-29 00:00:00+05:30,566.65,566.65,543.0,549.3,5126
2020-12-30 00:00:00+05:30,549.95,574.8,543.95,565.75,6169
2020-12-31 00:00:00+05:30,568.55,594.0,557.15,567.85,4365
2021-01-01 00:00:00+05:30,577.55,594.95,565.05,589.25,7017
2021-01-04 00:00:00+05:30,589.25,677.0,584.1,635.55,54469
2021-01-05 00:00:00+05:30,648.0,648.0,625.0,639.5,5674
2021-01-06 00:00:00+05:30,641.0,654.85,625.3,629.85,6897
2021-01-07 00:00:00+05:30,638.95,652.0,600.1,613.5,14767
2021-01-08 00:00:00+05:30,638.05,638.05,606.15,608.7,5154
2021-01-11 00:00:00+05:30,616.0,623.0,602.0,618.6,5759
2021-01-12 00:00:00+05:30,614.55,636.0,611.3,624.45,8288
2021-01-13 00:00:00+05:30,630.05,637.45,607.5,619.0,6601
2021-01-14 00:00:00+05:30,620.05,645.0,610.95,641.75,9606
2021-01-15 00:00:00+05:30,639.45,669.0,633.0,659.55,22653
2021-01-18 00:00:00+05:30,660.0,666.55,631.25,647.9,7640
2021-01-19 00:00:00+05:30,650.05,750.0,640.0,692.35,142089
2021-01-20 00:00:00+05:30,698.4,709.0,667.3,674.9,13877
2021-01-21 00:00:00+05:30,663.45,678.0,650.0,660.6,9872
2021-01-22 00:00:00+05:30,653.9,686.0,650.0,652.0,10811
2021-01-25 00:00:00+05:30,659.25,659.25,620.1,630.2,13690
2021-01-27 00:00:00+05:30,628.0,713.65,628.0,681.2,34285
2021-01-28 00:00:00+05:30,670.0,708.0,657.15,692.8,11982
2021-01-29 00:00:00+05:30,704.75,710.0,682.8,698.6,12252
2021-02-01 00:00:00+05:30,698.0,724.65,684.95,704.0,11834
2021-02-02 00:00:00+05:30,704.0,709.9,685.05,697.2,8887
2021-02-03 00:00:00+05:30,701.3,701.3,688.3,693.35,3968
2021-02-04 00:00:00+05:30,690.3,705.05,603.2,658.65,47342
2021-02-05 00:00:00+05:30,669.0,673.75,612.65,626.7,29214
2021-02-08 00:00:00+05:30,631.0,674.2,630.7,666.9,10871
2021-02-09 00:00:00+05:30,659.2,681.95,659.15,664.15,6522
2021-02-10 00:00:00+05:30,671.0,671.95,623.75,625.1,28676
2021-02-11 00:00:00+05:30,625.5,629.65,610.0,621.7,19678
2021-02-12 00:00:00+05:30,628.0,628.9,584.4,598.8,25218
2021-02-15 00:00:00+05:30,609.0,609.05,580.0,584.35,10532
2021-02-16 00:00:00+05:30,593.55,593.55,581.45,585.0,6576
2021-02-17 00:00:00+05:30,587.1,590.3,573.55,576.05,12454
2021-02-18 00:00:00+05:30,577.1,592.4,577.1,588.0,11443
2021-02-19 00:00:00+05:30,592.5,592.5,567.15,573.35,6820
2021-02-22 00:00:00+05:30,581.85,581.9,558.0,565.0,7695
2021-02-23 00:00:00+05:30,572.15,578.6,561.15,565.95,11637
2021-02-24 00:00:00+05:30,570.0,570.0,550.0,561.75,4813
2021-02-25 00:00:00+05:30,551.05,565.8,551.05,559.0,8345
2021-02-26 00:00:00+05:30,554.0,564.0,554.0,558.6,5549
2021-03-01 00:00:00+05:30,563.0,647.9,563.0,627.0,32152
2021-03-02 00:00:00+05:30,632.9,645.85,607.25,615.75,20149
2021-03-03 00:00:00+05:30,625.65,677.0,615.8,668.1,36427
2021-03-04 00:00:00+05:30,668.0,697.25,654.4,684.55,24985
2021-03-05 00:00:00+05:30,699.95,732.5,688.05,700.75,59143
2021-03-08 00:00:00+05:30,708.95,728.0,705.0,709.35,21862
2021-03-09 00:00:00+05:30,715.0,728.0,666.0,681.75,19163
2021-03-10 00:00:00+05:30,693.35,695.4,661.5,667.35,12918
2021-03-12 00:00:00+05:30,669.0,693.0,658.8,663.15,12197
2021-03-15 00:00:00+05:30,663.15,677.65,649.85,664.85,11685
2021-03-16 00:00:00+05:30,678.05,678.05,659.15,666.0,10682
2021-03-17 00:00:00+05:30,668.0,685.0,636.3,639.35,10778
2021-03-18 00:00:00+05:30,653.0,658.0,589.3,607.05,10000
2021-03-19 00:00:00+05:30,610.1,635.0,585.95,626.45,12425
2021-03-22 00:00:00+05:30,634.65,699.0,629.5,650.2,16157
2021-03-23 00:00:00+05:30,654.95,668.65,625.0,633.95,5475
2021-03-24 00:00:00+05:30,629.95,635.05,598.6,600.15,21116
2021-03-25 00:00:00+05:30,614.0,614.0,585.0,586.8,5894
2021-03-26 00:00:00+05:30,599.05,610.45,583.05,589.05,6325
2021-03-30 00:00:00+05:30,597.35,615.85,579.05,583.7,7076
2021-03-31 00:00:00+05:30,583.65,609.0,580.0,582.7,4980
2021-04-01 00:00:00+05:30,596.35,615.9,583.6,602.0,4074
2021-04-05 00:00:00+05:30,606.15,611.9,586.0,594.75,6656
2021-04-06 00:00:00+05:30,620.0,621.0,588.75,596.95,2931
2021-04-07 00:00:00+05:30,593.05,613.95,593.05,598.75,5208
2021-04-08 00:00:00+05:30,612.25,623.9,610.0,614.5,5213
2021-04-09 00:00:00+05:30,610.95,626.0,610.0,618.75,5852
2021-04-12 00:00:00+05:30,605.0,605.0,569.9,577.35,12905
2021-04-13 00:00:00+05:30,598.2,618.95,586.05,601.05,6606
2021-04-15 00:00:00+05:30,602.95,605.05,580.1,594.4,4291
2021-04-16 00:00:00+05:30,595.2,602.0,586.55,597.75,7343
2021-04-19 00:00:00+05:30,598.0,598.0,555.25,575.65,8845
2021-04-20 00:00:00+05:30,567.5,599.9,567.5,596.4,4453
2021-04-22 00:00:00+05:30,597.9,600.0,570.25,584.4,5363
2021-04-23 00:00:00+05:30,578.65,592.0,567.95,577.5,3425
2021-04-26 00:00:00+05:30,572.35,585.8,572.35,577.6,1602
2021-04-27 00:00:00+05:30,586.05,604.0,575.45,586.15,6703
2021-04-28 00:00:00+05:30,590.0,609.0,582.55,602.65,14482
2021-04-29 00:00:00+05:30,596.3,617.95,590.0,595.15,3460
2021-04-30 00:00:00+05:30,595.0,609.05,590.0,591.35,2262
2021-05-03 00:00:00+05:30,599.95,599.95,579.0,581.5,2754
2021-05-04 00:00:00+05:30,608.0,608.0,570.3,576.7,3036
2021-05-05 00:00:00+05:30,572.1,590.0,572.1,587.7,4520
2021-05-06 00:00:00+05:30,591.45,592.45,581.3,586.0,2096
2021-05-07 00:00:00+05:30,592.0,660.0,592.0,646.75,40588
2021-05-10 00:00:00+05:30,666.75,776.1,655.0,776.1,108035
2021-05-11 00:00:00+05:30,790.05,931.3,788.05,931.3,188618
2021-05-12 00:00:00+05:30,954.9,992.5,838.2,859.6,147082
2021-05-14 00:00:00+05:30,869.0,923.95,850.0,879.2,33455
2021-05-17 00:00:00+05:30,877.95,917.05,872.45,886.3,16026
2021-05-18 00:00:00+05:30,889.0,950.0,888.8,943.35,33363
2021-05-19 00:00:00+05:30,958.0,1037.65,930.3,1037.65,70483
2021-05-20 00:00:00+05:30,1050.0,1079.8,978.9,995.15,36828
2021-05-21 00:00:00+05:30,1010.0,1050.0,990.0,999.05,19908
2021-05-24 00:00:00+05:30,1001.2,1023.7,957.0,961.35,13881
2021-05-25 00:00:00+05:30,997.9,997.9,906.05,959.2,13899
2021-05-26 00:00:00+05:30,972.0,977.55,911.45,922.2,9823
2021-05-27 00:00:00+05:30,920.0,945.0,890.0,909.65,5008
2021-05-28 00:00:00+05:30,925.0,932.0,895.0,906.25,7013
2021-05-31 00:00:00+05:30,897.0,905.0,873.95,884.15,6923
2021-06-01 00:00:00+05:30,914.0,940.0,899.0,905.85,10479
2021-06-02 00:00:00+05:30,930.0,995.0,877.5,965.85,20696
2021-06-03 00:00:00+05:30,980.95,993.0,926.0,969.0,19761
2021-06-04 00:00:00+05:30,979.0,1065.9,978.05,1052.35,44789
2021-06-07 00:00:00+05:30,1089.0,1109.0,1020.1,1079.35,31611
2021-06-08 00:00:00+05:30,1072.0,1157.55,1022.0,1111.7,38238
2021-06-09 00:00:00+05:30,1120.6,1132.4,1055.05,1072.7,17262
2021-06-10 00:00:00+05:30,1083.25,1120.0,1075.0,1102.45,9923
2021-06-11 00:00:00+05:30,1130.1,1141.65,1075.1,1099.8,16425
2021-06-14 00:00:00+05:30,1100.05,1125.05,1074.8,1088.25,17236
2021-06-15 00:00:00+05:30,1090.15,1140.0,1060.0,1111.5,36745
2021-06-17 00:00:00+05:30,1100.0,1122.0,1032.85,1061.3,21399
2021-06-18 00:00:00+05:30,1033.0,1033.0,963.5,1012.0,31634
2021-06-21 00:00:00+05:30,998.0,1024.7,984.0,1005.45,15301
2021-06-22 00:00:00+05:30,1002.65,1008.95,988.0,990.8,16049
2021-06-23 00:00:00+05:30,1005.0,1053.0,989.3,1034.95,20982
2021-06-24 00:00:00+05:30,1047.95,1055.95,1009.15,1031.1,8739
2021-06-25 00:00:00+05:30,1030.0,1044.25,1009.0,1039.55,5495
2021-06-28 00:00:00+05:30,1034.95,1055.0,977.25,996.6,15124
2021-06-29 00:00:00+05:30,1027.0,1027.0,976.25,997.1,3192
2021-06-30 00:00:00+05:30,1000.35,1026.0,976.0,984.9,6733
2021-07-01 00:00:00+05:30,1013.85,1013.85,932.65,978.9,8783
2021-07-02 00:00:00+05:30,990.0,999.0,960.0,968.25,4351
2021-07-05 00:00:00+05:30,965.05,1062.0,940.0,1049.5,30390
2021-07-06 00:00:00+05:30,1080.0,1110.0,1051.15,1070.4,18558
2021-07-07 00:00:00+05:30,1089.0,1177.4,1060.2,1177.4,41289
2021-07-08 00:00:00+05:30,1215.0,1218.0,1126.0,1144.8,34110
2021-07-09 00:00:00+05:30,1131.05,1259.25,1118.9,1259.25,46207
2021-07-12 00:00:00+05:30,1279.95,1321.9,1232.0,1247.55,39980
2021-07-13 00:00:00+05:30,1290.0,1290.0,1195.2,1214.0,13441
2021-07-14 00:00:00+05:30,1227.0,1227.0,1190.0,1202.75,5030
2021-07-15 00:00:00+05:30,1205.0,1249.95,1203.0,1212.9,9494
2021-07-16 00:00:00+05:30,1205.85,1240.0,1186.3,1215.5,8883
2021-07-19 00:00:00+05:30,1215.5,1245.0,1180.0,1186.95,6551
2021-07-20 00:00:00+05:30,1186.0,1209.75,1171.8,1173.9,6704
2021-07-22 00:00:00+05:30,1180.0,1230.0,1160.0,1171.05,4552
2021-07-23 00:00:00+05:30,1189.0,1208.35,1165.0,1175.7,3354
2021-07-26 00:00:00+05:30,1210.0,1213.95,1145.6,1149.7,5339
2021-07-27 00:00:00+05:30,1180.0,1180.0,1106.6,1125.0,5195
2021-07-28 00:00:00+05:30,1130.0,1130.0,1068.75,1098.35,11726
2021-07-29 00:00:00+05:30,1113.0,1113.05,1070.1,1079.95,3392
2021-07-30 00:00:00+05:30,1100.0,1113.0,1070.4,1079.65,3546
2021-08-02 00:00:00+05:30,1078.0,1133.6,1042.65,1109.55,10981
2021-08-03 00:00:00+05:30,1111.0,1165.0,1111.0,1165.0,5405
2021-08-04 00:00:00+05:30,1180.0,1180.0,1106.75,1119.7,8855
2021-08-05 00:00:00+05:30,1119.7,1174.0,1077.05,1127.3,6568
2021-08-06 00:00:00+05:30,1159.95,1183.65,1156.0,1183.65,14141
2021-08-09 00:00:00+05:30,1199.0,1242.8,1192.45,1242.8,15938
2021-08-10 00:00:00+05:30,1245.0,1297.95,1180.7,1196.55,23153
2021-08-11 00:00:00+05:30,1250.0,1250.0,1136.75,1245.4,30231
2021-08-12 00:00:00+05:30,1279.7,1285.0,1223.0,1248.15,32903
2021-08-13 00:00:00+05:30,1302.0,1302.0,1196.1,1213.85,18720
2021-08-16 00:00:00+05:30,1227.25,1227.25,1154.3,1187.75,6129
2021-08-17 00:00:00+05:30,1160.0,1179.95,1128.4,1133.6,7675
2021-08-18 00:00:00+05:30,1134.0,1164.9,1090.0,1119.6,9444
2021-08-20 00:00:00+05:30,1099.9,1115.0,1092.05,1092.55,6515
2021-08-23 00:00:00+05:30,1102.5,1114.9,1046.6,1062.5,5669
2021-08-24 00:00:00+05:30,1085.0,1114.8,1048.1,1070.35,5396
2021-08-25 00:00:00+05:30,1081.05,1119.7,1061.0,1074.0,6031
2021-08-26 00:00:00+05:30,1061.3,1099.1,1059.15,1069.45,3988
2021-08-27 00:00:00+05:30,1063.0,1115.9,1054.7,1091.45,4761
2021-08-30 00:00:00+05:30,1082.75,1102.25,1080.0,1084.45,2608
2021-08-31 00:00:00+05:30,1080.0,1086.0,1065.0,1073.4,3951
2021-09-01 00:00:00+05:30,1069.45,1070.0,1033.7,1057.35,5409
2021-09-02 00:00:00+05:30,1078.15,1110.2,1056.8,1110.2,7762
2021-09-03 00:00:00+05:30,1147.9,1147.9,1092.45,1120.3,5432
2021-09-06 00:00:00+05:30,1145.0,1145.0,1086.6,1090.1,5289
2021-09-07 00:00:00+05:30,1092.8,1124.95,1083.6,1088.7,2650
2021-09-08 00:00:00+05:30,1116.5,1116.5,1081.55,1093.4,2187
2021-09-09 00:00:00+05:30,1085.0,1108.35,1081.65,1088.05,2077
2021-09-13 00:00:00+05:30,1097.05,1100.0,1052.0,1061.15,9406
2021-09-14 00:00:00+05:30,1085.0,1085.0,1049.9,1064.45,3398
2021-09-15 00:00:00+05:30,1065.15,1082.2,1055.35,1059.85,4489
2021-09-16 00:00:00+05:30,1079.0,1079.95,1055.0,1061.25,3209
2021-09-17 00:00:00+05:30,1056.0,1073.95,1022.0,1046.75,8602
2021-09-20 00:00:00+05:30,1044.45,1056.4,1011.25,1020.0,4434
2021-09-21 00:00:00+05:30,1021.0,1035.0,982.65,1011.0,7593
2021-09-22 00:00:00+05:30,1004.4,1059.0,999.8,1027.3,8392
2021-09-23 00:00:00+05:30,1063.95,1078.65,1050.3,1066.7,6587
2021-09-24 00:00:00+05:30,1089.7,1089.7,1013.4,1017.7,5577
2021-09-27 00:00:00+05:30,1026.0,1035.0,986.6,997.7,6393
2021-09-28 00:00:00+05:30,991.3,1026.95,991.3,1003.55,4089
2021-09-29 00:00:00+05:30,991.3,1004.95,957.0,1000.05,4035
2021-09-30 00:00:00+05:30,1006.2,1020.1,990.05,998.25,2826
2021-10-01 00:00:00+05:30,1001.1,1013.55,984.0,997.9,2371
2021-10-04 00:00:00+05:30,1010.0,1019.95,999.05,1005.5,2602
2021-10-05 00:00:00+05:30,1003.75,1015.0,976.3,998.8,3346
2021-10-06 00:00:00+05:30,1014.95,1014.95,973.0,982.25,4321
2021-10-07 00:00:00+05:30,995.0,1013.95,993.0,994.9,5201
2021-10-08 00:00:00+05:30,1009.0,1009.55,982.4,988.0,5793
2021-10-11 00:00:00+05:30,983.3,998.75,965.5,986.75,4458
2021-10-12 00:00:00+05:30,999.9,1006.8,985.0,999.35,3142
2021-10-13 00:00:00+05:30,991.0,1011.9,979.8,986.1,6573
2021-10-14 00:00:00+05:30,994.95,1084.7,991.05,1084.7,23251
2021-10-18 00:00:00+05:30,1088.0,1094.0,1025.1,1032.75,16402
2021-10-19 00:00:00+05:30,1059.0,1059.0,970.0,997.45,8118
2021-10-20 00:00:00+05:30,986.0,1048.75,986.0,1004.3,4111
2021-10-21 00:00:00+05:30,1010.0,1017.95,983.0,997.9,4793
2021-10-22 00:00:00+05:30,988.05,1075.0,983.25,992.8,3213
2021-10-25 00:00:00+05:30,992.8,1000.0,932.6,947.7,6210
2021-10-26 00:00:00+05:30,944.0,996.25,944.0,979.85,2676
2021-10-27 00:00:00+05:30,1003.55,1004.0,964.85,967.35,2162
2021-10-28 00:00:00+05:30,975.0,977.5,950.0,960.6,3159
2021-10-29 00:00:00+05:30,960.65,965.05,938.0,955.25,5576
2021-11-01 00:00:00+05:30,951.2,1039.75,940.0,951.1,3545
2021-11-02 00:00:00+05:30,963.85,966.0,949.0,957.1,1862
2021-11-03 00:00:00+05:30,960.6,977.2,946.85,955.8,1423
2021-11-04 00:00:00+05:30,942.3,987.9,925.0,959.1,841
2021-11-08 00:00:00+05:30,953.0,975.0,929.0,943.0,9758
2021-11-09 00:00:00+05:30,958.0,959.0,939.1,945.65,3575
2021-11-10 00:00:00+05:30,960.6,960.6,940.0,952.3,1872
2021-11-11 00:00:00+05:30,960.6,965.15,941.85,958.6,3053
2021-11-12 00:00:00+05:30,958.0,968.9,950.1,958.3,1271
2021-11-15 00:00:00+05:30,955.0,960.0,920.0,938.7,6427
2021-11-16 00:00:00+05:30,950.0,999.0,939.0,995.1,9269
2021-11-17 00:00:00+05:30,997.0,1010.0,938.05,948.65,10301
2021-11-18 00:00:00+05:30,950.0,957.95,933.85,943.75,2848
2021-11-22 00:00:00+05:30,940.0,948.5,923.2,929.6,2209
2021-11-23 00:00:00+05:30,928.95,946.0,918.0,943.65,1088
2021-11-24 00:00:00+05:30,956.15,967.0,936.95,946.45,2495
2021-11-25 00:00:00+05:30,972.95,972.95,949.0,956.15,1511
2021-11-26 00:00:00+05:30,951.45,965.45,922.25,931.8,4346
2021-11-29 00:00:00+05:30,969.85,969.85,907.15,915.2,2349
2021-11-30 00:00:00+05:30,933.4,935.7,912.0,916.1,2829
2021-12-01 00:00:00+05:30,936.8,936.8,923.0,923.55,1300
2021-12-02 00:00:00+05:30,925.0,943.8,919.15,939.4,1389
2021-12-03 00:00:00+05:30,954.0,970.0,926.8,955.25,3147
2021-12-06 00:00:00+05:30,958.55,960.4,912.25,917.5,3959
2021-12-07 00:00:00+05:30,940.0,943.15,920.0,926.4,2579
2021-12-08 00:00:00+05:30,942.0,951.9,920.0,922.85,8262
2021-12-09 00:00:00+05:30,929.55,1032.0,912.6,997.5,12655
2021-12-10 00:00:00+05:30,1012.95,1012.95,966.05,1000.25,9223
2021-12-13 00:00:00+05:30,1029.9,1049.0,996.25,1042.5,11085
2021-12-14 00:00:00+05:30,1059.9,1107.5,1032.45,1086.45,19970
2021-12-15 00:00:00+05:30,1107.0,1107.0,1063.1,1080.85,7932
2021-12-16 00:00:00+05:30,1090.0,1095.65,1056.85,1063.4,7831
2021-12-17 00:00:00+05:30,1060.0,1075.5,970.1,998.65,5762
2021-12-20 00:00:00+05:30,985.0,1085.15,944.0,970.45,11197
2021-12-21 00:00:00+05:30,989.0,1010.0,980.65,997.95,4359
2021-12-22 00:00:00+05:30,1010.0,1169.95,1000.0,1086.9,39031
2021-12-23 00:00:00+05:30,1088.0,1130.05,1062.65,1089.75,11121
2021-12-24 00:00:00+05:30,1100.0,1142.0,1040.7,1121.5,13735
2021-12-27 00:00:00+05:30,1144.45,1345.8,1144.45,1345.8,153963
2021-12-29 00:00:00+05:30,1330.2,1419.95,1325.0,1367.1,47069
2021-12-30 00:00:00+05:30,1395.0,1599.95,1365.0,1573.3,151501
2021-12-31 00:00:00+05:30,1590.0,1625.0,1500.0,1513.7,63691
2022-01-03 00:00:00+05:30,1526.6,1609.95,1475.0,1567.95,51085
2022-01-04 00:00:00+05:30,1565.0,1585.4,1514.95,1526.45,19452
2022-01-05 00:00:00+05:30,1544.0,1555.0,1490.0,1507.85,13781
2022-01-06 00:00:00+05:30,1490.05,1538.4,1464.95,1501.65,17303
2022-01-07 00:00:00+05:30,1509.2,1520.85,1441.1,1469.1,18600
2022-01-10 00:00:00+05:30,1483.95,1494.15,1421.0,1438.25,14938
2022-01-11 00:00:00+05:30,1439.95,1442.85,1349.7,1374.85,22657
2022-01-12 00:00:00+05:30,1400.0,1510.0,1400.0,1449.2,30959
2022-01-13 00:00:00+05:30,1459.15,1462.75,1392.2,1401.1,9871
2022-01-14 00:00:00+05:30,1412.65,1498.0,1356.7,1475.2,35596
2022-01-17 00:00:00+05:30,1494.0,1541.55,1470.05,1486.05,20892
2022-01-18 00:00:00+05:30,1484.7,1509.95,1420.0,1423.35,12896
2022-01-19 00:00:00+05:30,1426.0,1477.9,1378.5,1457.45,12458
2022-01-20 00:00:00+05:30,1456.75,1498.0,1440.0,1452.1,10855
2022-01-21 00:00:00+05:30,1448.0,1454.2,1402.5,1424.85,10252
2022-01-24 00:00:00+05:30,1456.7,1456.7,1289.2,1297.45,17723
2022-01-25 00:00:00+05:30,1297.45,1398.65,1242.35,1363.25,20812
2022-01-27 00:00:00+05:30,1364.95,1365.0,1266.6,1342.7,23848
2022-01-28 00:00:00+05:30,1374.0,1450.0,1340.0,1405.3,21271
2022-01-31 00:00:00+05:30,1405.3,1435.0,1336.6,1351.35,14600
2022-02-01 00:00:00+05:30,1372.0,1379.2,1330.0,1349.9,8664
2022-02-02 00:00:00+05:30,1390.0,1426.5,1347.0,1391.1,18552
2022-02-03 00:00:00+05:30,1396.0,1465.0,1373.9,1444.1,15290
2022-02-04 00:00:00+05:30,1480.0,1480.0,1420.05,1436.8,6664
2022-02-07 00:00:00+05:30,1411.0,1467.05,1370.45,1431.8,10087
2022-02-08 00:00:00+05:30,1430.25,1443.5,1368.15,1381.5,9785
2022-02-09 00:00:00+05:30,1402.2,1439.95,1370.0,1388.6,6111
2022-02-10 00:00:00+05:30,1418.95,1422.75,1366.0,1375.85,5504
2022-02-11 00:00:00+05:30,1361.0,1404.95,1316.65,1353.7,17463
2022-02-14 00:00:00+05:30,1305.1,1324.95,1270.0,1278.7,10619
2022-02-15 00:00:00+05:30,1278.1,1302.45,1225.0,1273.7,8989
2022-02-16 00:00:00+05:30,1262.0,1320.0,1236.6,1265.65,6542
2022-02-17 00:00:00+05:30,1298.0,1349.0,1205.0,1232.4,7783
2022-02-18 00:00:00+05:30,1220.0,1239.9,1194.95,1203.4,7268
2022-02-21 00:00:00+05:30,1221.45,1236.65,1169.8,1197.2,6762
2022-02-22 00:00:00+05:30,1160.1,1194.7,1136.0,1147.25,6653
2022-02-23 00:00:00+05:30,1170.0,1249.1,1152.7,1176.2,8896
2022-02-24 00:00:00+05:30,1169.0,1169.0,1052.9,1076.1,12638
2022-02-25 00:00:00+05:30,1129.65,1169.95,1113.7,1140.7,6915
2022-02-28 00:00:00+05:30,1123.0,1188.8,1104.0,1152.65,7703
2022-03-02 00:00:00+05:30,1150.0,1174.0,1110.6,1121.4,5351
2022-03-03 00:00:00+05:30,1158.95,1160.0,1110.0,1116.5,2721
2022-03-04 00:00:00+05:30,1100.5,1130.25,1066.0,1083.4,8979
2022-03-07 00:00:00+05:30,1083.55,1083.55,1030.55,1047.5,8561
2022-03-08 00:00:00+05:30,1056.35,1110.0,1055.0,1070.8,4524
2022-03-09 00:00:00+05:30,1093.0,1096.0,1076.0,1084.65,4638
2022-03-10 00:00:00+05:30,1092.65,1189.9,1092.65,1150.6,10439
2022-03-11 00:00:00+05:30,1150.65,1174.5,1126.75,1134.45,2074
2022-03-14 00:00:00+05:30,1157.9,1157.9,1097.25,1106.1,7812
2022-03-15 00:00:00+05:30,1128.95,1128.95,1075.0,1092.8,4712
2022-03-16 00:00:00+05:30,1122.0,1175.0,1082.95,1098.3,6176
2022-03-17 00:00:00+05:30,1110.0,1135.0,1102.4,1121.25,5837
2022-03-21 00:00:00+05:30,1148.0,1155.9,1101.05,1112.5,3794
2022-03-22 00:00:00+05:30,1111.0,1160.0,1052.65,1140.35,19781
2022-03-23 00:00:00+05:30,1134.0,1268.0,1134.0,1197.25,29367
2022-03-24 00:00:00+05:30,1208.0,1215.25,1182.0,1187.95,5019
2022-03-25 00:00:00+05:30,1219.0,1260.0,1162.0,1251.3,24339
2022-03-28 00:00:00+05:30,1270.0,1280.0,1210.0,1224.0,7069
2022-03-29 00:00:00+05:30,1267.0,1267.0,1185.0,1195.1,6506
2022-03-30 00:00:00+05:30,1213.05,1300.0,1170.4,1185.45,9488
2022-03-31 00:00:00+05:30,1195.0,1318.0,1191.15,1265.6,46145
2022-04-01 00:00:00+05:30,1242.65,1417.45,1230.0,1398.15,68329
2022-04-04 00:00:00+05:30,1415.05,1422.0,1336.65,1353.9,22793
2022-04-05 00:00:00+05:30,1358.0,1400.0,1352.65,1372.15,9500
2022-04-06 00:00:00+05:30,1360.0,1379.65,1312.95,1324.65,6887
2022-04-07 00:00:00+05:30,1337.8,1379.3,1311.25,1319.5,8456
2022-04-08 00:00:00+05:30,1325.0,1333.75,1300.0,1309.55,6996
2022-04-11 00:00:00+05:30,1329.2,1360.0,1283.6,1303.75,7993
2022-04-12 00:00:00+05:30,1323.3,1323.3,1226.95,1249.5,11556
2022-04-13 00:00:00+05:30,1251.3,1276.75,1212.0,1219.6,15555
2022-04-18 00:00:00+05:30,1219.6,1241.95,1195.0,1214.65,19189
2022-04-19 00:00:00+05:30,1224.0,1240.0,1160.0,1179.65,7034
2022-04-20 00:00:00+05:30,1199.75,1236.05,1135.0,1140.7,11130
2022-04-21 00:00:00+05:30,1169.75,1198.25,1139.1,1172.3,4655
2022-04-22 00:00:00+05:30,1177.0,1195.0,1135.0,1148.35,6443
2022-04-25 00:00:00+05:30,1150.0,1167.3,1131.4,1142.4,5004
2022-04-26 00:00:00+05:30,1159.95,1160.0,1120.35,1136.85,6899
2022-04-27 00:00:00+05:30,1153.9,1153.9,1117.65,1144.45,3010
2022-04-28 00:00:00+05:30,1147.9,1180.15,1131.95,1171.55,5168
2022-04-29 00:00:00+05:30,1189.0,1189.0,1160.0,1166.8,4763
2022-05-02 00:00:00+05:30,1152.65,1160.4,1120.15,1129.6,3130
2022-05-04 00:00:00+05:30,1160.0,1170.0,1100.0,1108.0,4709
2022-05-05 00:00:00+05:30,1129.45,1139.95,1100.0,1105.9,4893
2022-05-06 00:00:00+05:30,1100.0,1100.0,1026.35,1035.7,15466
2022-05-09 00:00:00+05:30,1054.85,1054.85,997.4,1008.55,9845
2022-05-10 00:00:00+05:30,1004.5,1062.4,941.9,958.75,12963
2022-05-11 00:00:00+05:30,956.05,1004.65,892.0,936.75,15415
2022-05-12 00:00:00+05:30,926.55,950.4,871.85,922.95,8019
2022-05-13 00:00:00+05:30,930.0,983.55,925.0,935.95,6195
2022-05-16 00:00:00+05:30,935.95,964.0,920.0,930.8,5320
2022-05-17 00:00:00+05:30,933.0,975.15,932.0,964.1,6932
2022-05-18 00:00:00+05:30,970.0,989.5,960.0,967.0,2545
2022-05-19 00:00:00+05:30,965.0,965.0,908.7,915.6,6684
2022-05-20 00:00:00+05:30,927.0,965.25,923.7,940.0,2838
2022-05-23 00:00:00+05:30,975.0,1009.95,943.05,957.85,11323
2022-05-24 00:00:00+05:30,966.0,969.45,938.3,948.4,1780
2022-05-25 00:00:00+05:30,959.0,959.0,902.0,908.45,4029
2022-05-26 00:00:00+05:30,905.0,939.95,876.05,912.6,10940
2022-05-27 00:00:00+05:30,913.0,927.7,889.65,905.25,5653
2022-05-30 00:00:00+05:30,923.35,955.0,914.0,945.2,5325
2022-05-31 00:00:00+05:30,949.85,960.0,940.0,949.45,2089
2022-06-01 00:00:00+05:30,964.65,980.0,939.45,964.35,3699
2022-06-02 00:00:00+05:30,988.55,989.75,948.8,964.05,3038
2022-06-03 00:00:00+05:30,979.8,979.8,930.0,934.65,3600
2022-06-06 00:00:00+05:30,935.1,955.0,920.05,944.05,1385
2022-06-07 00:00:00+05:30,929.45,943.9,922.65,930.1,573
2022-06-08 00:00:00+05:30,931.0,942.45,904.0,916.0,1358
2022-06-09 00:00:00+05:30,916.0,940.0,895.8,933.2,1710
2022-06-10 00:00:00+05:30,914.55,948.55,885.0,900.9,9159
2022-06-13 00:00:00+05:30,885.0,897.5,861.4,869.75,4334
2022-06-14 00:00:00+05:30,869.75,882.95,852.1,854.95,4210
2022-06-15 00:00:00+05:30,869.95,879.0,858.75,872.05,4301
2022-06-16 00:00:00+05:30,872.35,885.15,830.0,833.5,5782
2022-06-17 00:00:00+05:30,817.05,845.0,798.0,802.6,8476
2022-06-20 00:00:00+05:30,819.0,819.0,754.45,762.85,3805
2022-06-21 00:00:00+05:30,800.0,808.75,768.05,788.7,3442
2022-06-22 00:00:00+05:30,792.85,796.0,775.0,783.25,1729
2022-06-23 00:00:00+05:30,805.0,821.0,790.55,816.8,2073
2022-06-24 00:00:00+05:30,818.9,866.0,806.0,851.3,5205
2022-06-27 00:00:00+05:30,868.25,914.95,868.25,903.9,4153
2022-06-28 00:00:00+05:30,907.15,909.5,870.0,899.8,3471
2022-06-29 00:00:00+05:30,890.0,914.0,866.1,893.2,2491
2022-06-30 00:00:00+05:30,890.0,916.0,886.65,910.95,2074
2022-07-01 00:00:00+05:30,901.65,912.25,892.2,903.8,2246
2022-07-04 00:00:00+05:30,909.05,909.05,884.0,894.6,1441
2022-07-05 00:00:00+05:30,887.95,921.15,887.95,907.95,5206
2022-07-06 00:00:00+05:30,892.4,929.95,890.45,921.4,3229
2022-07-07 00:00:00+05:30,930.0,944.95,903.0,913.6,3090
2022-07-08 00:00:00+05:30,913.6,935.95,909.05,920.05,2038
2022-07-11 00:00:00+05:30,928.0,968.0,894.5,951.75,5066
2022-07-12 00:00:00+05:30,944.95,960.95,895.5,906.9,5569
2022-07-13 00:00:00+05:30,924.95,929.2,879.7,895.25,2595
2022-07-14 00:00:00+05:30,885.6,916.35,868.0,881.35,4100
2022-07-15 00:00:00+05:30,883.1,1023.95,881.35,984.25,30477
2022-07-18 00:00:00+05:30,1017.95,1017.95,965.0,982.7,9365
2022-07-19 00:00:00+05:30,982.7,982.7,940.85,959.65,5377
2022-07-20 00:00:00+05:30,959.7,973.4,931.75,944.8,4892
2022-07-21 00:00:00+05:30,935.05,958.3,935.05,953.9,3288
2022-07-22 00:00:00+05:30,957.55,959.95,925.0,933.85,2295
2022-07-25 00:00:00+05:30,929.95,945.0,913.4,924.85,2800
2022-07-26 00:00:00+05:30,921.35,937.45,900.0,906.7,2170
2022-07-27 00:00:00+05:30,914.55,930.0,900.1,915.7,1793
2022-07-28 00:00:00+05:30,910.65,946.9,910.0,920.95,3839
2022-07-29 00:00:00+05:30,938.75,985.0,924.65,967.65,7516
2022-08-01 00:00:00+05:30,952.4,998.5,938.65,980.8,3818
2022-08-02 00:00:00+05:30,967.1,1019.9,967.1,992.0,5515
2022-08-03 00:00:00+05:30,1000.0,1000.0,966.05,971.45,1699
2022-08-04 00:00:00+05:30,990.0,993.55,945.05,964.2,3802
2022-08-05 00:00:00+05:30,979.9,998.0,961.6,968.2,1739
2022-08-08 00:00:00+05:30,987.55,987.55,952.05,971.2,2420
2022-08-10 00:00:00+05:30,971.2,986.0,963.1,970.5,2064
2022-08-11 00:00:00+05:30,961.2,1118.2,961.2,1063.05,43920
2022-08-12 00:00:00+05:30,1063.05,1074.0,991.25,1001.65,10293
2022-08-16 00:00:00+05:30,1000.0,1080.0,980.0,1054.5,10596
2022-08-17 00:00:00+05:30,1065.0,1083.5,1018.6,1029.05,6747
2022-08-18 00:00:00+05:30,1020.5,1040.0,1010.1,1022.0,4177
2022-08-19 00:00:00+05:30,1006.0,1045.95,1001.05,1007.7,5085
2022-08-22 00:00:00+05:30,990.5,1005.75,965.0,972.0,5374
2022-08-23 00:00:00+05:30,973.45,996.95,971.25,975.65,2409
2022-08-24 00:00:00+05:30,970.0,1110.9,970.0,1048.15,26025
2022-08-25 00:00:00+05:30,1050.0,1159.9,1034.0,1114.65,46366
2022-08-26 00:00:00+05:30,1124.9,1235.0,1124.9,1230.85,51158
2022-08-29 00:00:00+05:30,1220.0,1298.0,1180.0,1261.2,32160
2022-08-30 00:00:00+05:30,1268.1,1380.0,1268.1,1361.55,43970
2022-09-01 00:00:00+05:30,1340.05,1470.0,1340.0,1419.0,32779
2022-09-02 00:00:00+05:30,1428.55,1460.0,1267.65,1290.95,32392
2022-09-05 00:00:00+05:30,1300.0,1319.25,1255.5,1273.05,7646
2022-09-06 00:00:00+05:30,1257.0,1310.0,1233.5,1269.65,6788
2022-09-07 00:00:00+05:30,1280.0,1298.0,1237.3,1280.25,7571
2022-09-08 00:00:00+05:30,1300.0,1350.0,1267.0,1329.15,10655
2022-09-09 00:00:00+05:30,1329.15,1360.0,1272.55,1295.35,4074
2022-09-12 00:00:00+05:30,1286.0,1309.95,1251.95,1261.6,4273
2022-09-13 00:00:00+05:30,1227.3,1324.25,1199.0,1237.15,4283
2022-09-14 00:00:00+05:30,1291.0,1291.0,1175.3,1207.25,4404
2022-09-15 00:00:00+05:30,1207.3,1224.95,1190.0,1212.9,993
2022-09-16 00:00:00+05:30,1185.0,1220.0,1166.25,1173.7,2692
2022-09-19 00:00:00+05:30,1199.0,1200.0,1115.1,1178.55,10468
2022-09-20 00:00:00+05:30,1170.0,1224.7,1124.9,1135.45,4367
2022-09-21 00:00:00+05:30,1135.0,1135.0,1111.05,1123.95,2121
2022-09-22 00:00:00+05:30,1102.1,1170.0,1102.1,1157.25,2359
2022-09-23 00:00:00+05:30,1150.0,1198.0,1102.6,1147.0,4350
2022-09-26 00:00:00+05:30,1146.1,1203.0,1092.0,1110.65,3429
2022-09-27 00:00:00+05:30,1148.0,1166.15,1080.0,1107.7,4568
2022-09-28 00:00:00+05:30,1107.7,1110.0,1080.0,1085.0,3654
2022-09-29 00:00:00+05:30,1105.0,1146.0,1060.0,1121.35,4884
2022-09-30 00:00:00+05:30,1165.0,1165.0,1085.0,1120.05,5502
2022-10-03 00:00:00+05:30,1124.7,1136.0,1100.0,1101.35,1673
2022-10-04 00:00:00+05:30,1124.0,1130.0,1101.7,1105.25,897
2022-10-06 00:00:00+05:30,1105.25,1134.0,1101.0,1124.85,2442
2022-10-07 00:00:00+05:30,1100.0,1139.0,1100.0,1121.0,803
2022-10-10 00:00:00+05:30,1101.0,1121.0,1100.0,1117.35,1396
2022-10-11 00:00:00+05:30,1110.0,1116.0,1110.0,1111.1,967
2022-10-12 00:00:00+05:30,1100.2,1139.0,1070.1,1070.1,3888
2022-10-13 00:00:00+05:30,1078.95,1119.0,1075.6,1090.15,894
2022-10-14 00:00:00+05:30,1109.9,1109.9,1090.15,1091.1,1156
2022-10-17 00:00:00+05:30,1082.0,1111.0,1041.3,1091.95,1519
2022-10-18 00:00:00+05:30,1118.0,1118.0,1075.0,1083.85,534
2022-10-19 00:00:00+05:30,1083.85,1099.85,1045.1,1063.75,969
2022-10-20 00:00:00+05:30,1052.0,1070.0,1045.0,1060.75,586
2022-10-21 00:00:00+05:30,1075.0,1080.0,1040.0,1069.0,5238
2022-10-24 00:00:00+05:30,1060.0,1069.0,1050.0,1065.05,656
2022-10-25 00:00:00+05:30,1050.0,1080.0,1041.0,1080.0,4566
2022-10-27 00:00:00+05:30,1063.0,1125.0,1049.5,1063.05,1260
2022-10-28 00:00:00+05:30,1050.1,1105.0,1020.2,1098.9,1681
2022-10-31 00:00:00+05:30,1080.0,1153.0,1045.3,1142.35,3360
2022-11-01 00:00:00+05:30,1125.0,1199.45,1100.0,1199.0,6140
2022-11-02 00:00:00+05:30,1248.9,1249.0,1150.0,1211.0,2043
2022-11-03 00:00:00+05:30,1176.0,1247.7,1155.3,1223.6,1211
2022-11-04 00:00:00+05:30,1245.0,1255.0,1205.0,1239.55,3723
2022-11-07 00:00:00+05:30,1226.2,1265.0,1225.0,1255.0,4710
2022-11-09 00:00:00+05:30,1249.7,1272.0,1195.0,1262.85,4318
2022-11-10 00:00:00+05:30,1267.8,1325.95,1217.0,1324.3,11365
2022-11-11 00:00:00+05:30,1390.5,1390.5,1390.5,1390.5,6149
2022-11-14 00:00:00+05:30,1355.0,1364.85,1321.0,1321.0,3414
2022-11-15 00:00:00+05:30,1254.95,1300.0,1254.95,1256.0,9639
2022-11-16 00:00:00+05:30,1254.0,1289.95,1201.05,1224.3,1896
2022-11-17 00:00:00+05:30,1234.0,1234.0,1188.0,1234.0,4083
2022-11-18 00:00:00+05:30,1166.1,1245.0,1166.0,1215.45,889
2022-11-21 00:00:00+05:30,1180.15,1239.8,1180.15,1222.85,1382
2022-11-22 00:00:00+05:30,1230.0,1233.0,1180.65,1216.05,1081
2022-11-23 00:00:00+05:30,1202.0,1249.0,1200.0,1224.25,1494
2022-11-24 00:00:00+05:30,1205.1,1285.0,1205.1,1268.95,3594
2022-11-25 00:00:00+05:30,1256.0,1297.5,1251.0,1286.1,1879
2022-11-28 00:00:00+05:30,1285.0,1319.0,1262.6,1296.5,2621
2022-11-29 00:00:00+05:30,1296.5,1330.0,1250.0,1317.1,2907
2022-11-30 00:00:00+05:30,1317.0,1382.0,1300.0,1363.25,7177
2022-12-01 00:00:00+05:30,1390.0,1397.7,1330.0,1335.7,3736
2022-12-02 00:00:00+05:30,1304.1,1370.0,1304.1,1319.65,4188
2022-12-05 00:00:00+05:30,1350.0,1355.0,1300.0,1313.65,1062
2022-12-06 00:00:00+05:30,1301.15,1328.85,1285.0,1297.8,2468
2022-12-07 00:00:00+05:30,1285.0,1340.0,1263.1,1318.95,2606
2022-12-08 00:00:00+05:30,1310.45,1340.0,1291.05,1303.2,1783
2022-12-09 00:00:00+05:30,1313.0,1329.95,1265.1,1270.8,4997
2022-12-12 00:00:00+05:30,1270.0,1293.6,1207.3,1258.65,2120
2022-12-13 00:00:00+05:30,1275.0,1321.55,1258.8,1298.65,4678
2022-12-14 00:00:00+05:30,1298.3,1340.0,1280.0,1329.0,3317
2022-12-15 00:00:00+05:30,1310.0,1338.7,1269.6,1279.0,4027
2022-12-16 00:00:00+05:30,1288.45,1288.45,1238.7,1265.45,3326
2022-12-19 00:00:00+05:30,1241.7,1261.9,1237.0,1248.25,1775
2022-12-20 00:00:00+05:30,1225.25,1275.0,1225.25,1260.25,3341
2022-12-21 00:00:00+05:30,1308.5,1308.5,1206.2,1226.15,4691
2022-12-22 00:00:00+05:30,1236.9,1239.95,1177.5,1187.05,4476
2022-12-23 00:00:00+05:30,1165.0,1178.05,1128.0,1142.7,5042
2022-12-26 00:00:00+05:30,1115.1,1199.0,1115.1,1192.95,3576
2022-12-27 00:00:00+05:30,1224.0,1250.0,1196.0,1223.2,2948
2022-12-28 00:00:00+05:30,1233.05,1245.0,1200.0,1200.0,1101
2022-12-29 00:00:00+05:30,1231.95,1263.0,1220.0,1255.0,1313
2022-12-30 00:00:00+05:30,1289.95,1300.05,1220.0,1261.05,5008
2023-01-02 00:00:00+05:30,1334.95,1340.45,1299.95,1310.0,5500
2023-01-03 00:00:00+05:30,1333.45,1333.45,1282.1,1333.45,4971
2023-01-04 00:00:00+05:30,1290.05,1294.9,1280.1,1284.6,3019
2023-01-05 00:00:00+05:30,1303.65,1303.65,1270.55,1270.55,699
2023-01-06 00:00:00+05:30,1281.05,1313.0,1273.95,1294.0,1108
2023-01-09 00:00:00+05:30,1319.9,1319.9,1274.05,1301.0,1781
2023-01-10 00:00:00+05:30,1299.0,1321.5,1275.05,1304.2,1622
2023-01-11 00:00:00+05:30,1282.45,1359.95,1279.95,1341.55,7787
2023-01-12 00:00:00+05:30,1341.85,1342.3,1285.1,1297.8,3257
2023-01-13 00:00:00+05:30,1271.1,1308.9,1271.1,1287.95,1944
2023-01-16 00:00:00+05:30,1295.05,1352.3,1295.05,1302.8,6554
2023-01-17 00:00:00+05:30,1329.9,1340.0,1291.15,1320.6,2206
2023-01-18 00:00:00+05:30,1281.5,1386.6,1281.5,1365.25,10918
2023-01-19 00:00:00+05:30,1352.2,1418.95,1352.2,1368.4,4494
2023-01-20 00:00:00+05:30,1399.9,1399.9,1307.0,1319.5,4871
2023-01-23 00:00:00+05:30,1326.0,1380.0,1316.85,1350.7,3847
2023-01-24 00:00:00+05:30,1327.0,1372.0,1314.0,1327.5,3666
2023-01-25 00:00:00+05:30,1350.0,1354.8,1306.4,1311.65,3674
2023-01-27 00:00:00+05:30,1345.3,1346.4,1275.0,1306.55,6095
2023-01-30 00:00:00+05:30,1279.5,1326.1,1264.3,1270.15,2921
2023-01-31 00:00:00+05:30,1274.45,1333.65,1274.3,1327.6,3947
2023-02-01 00:00:00+05:30,1305.0,1354.45,1270.0,1306.0,7234
2023-02-02 00:00:00+05:30,1304.0,1325.0,1275.0,1291.0,2394
2023-02-03 00:00:00+05:30,1314.0,1315.3,1243.05,1269.2,4930
2023-02-06 00:00:00+05:30,1290.6,1309.15,1230.25,1249.2,2653
2023-02-07 00:00:00+05:30,1243.9,1322.95,1243.9,1280.0,4546
2023-02-08 00:00:00+05:30,1280.0,1307.95,1261.1,1273.5,2619
2023-02-09 00:00:00+05:30,1269.5,1390.0,1269.5,1371.0,12016
2023-02-10 00:00:00+05:30,1395.7,1440.95,1372.6,1436.0,23093
2023-02-13 00:00:00+05:30,1469.45,1500.0,1431.1,1439.15,19485
2023-02-14 00:00:00+05:30,1423.0,1440.1,1363.0,1425.15,10006
2023-02-15 00:00:00+05:30,1420.0,1464.25,1386.0,1402.0,6822
2023-02-16 00:00:00+05:30,1402.55,1409.85,1362.4,1368.05,2949
2023-02-17 00:00:00+05:30,1360.0,1367.25,1300.0,1300.0,5894
2023-02-20 00:00:00+05:30,1322.3,1412.15,1316.05,1378.15,11177
2023-02-21 00:00:00+05:30,1382.1,1390.0,1310.1,1315.05,4285
2023-02-22 00:00:00+05:30,1315.7,1447.25,1315.0,1327.1,28978
2023-02-23 00:00:00+05:30,1344.95,1374.0,1320.05,1321.0,6730
2023-02-24 00:00:00+05:30,1351.0,1392.95,1332.55,1380.55,11893
2023-02-27 00:00:00+05:30,1359.85,1414.9,1352.05,1376.45,17107
2023-02-28 00:00:00+05:30,1376.45,1400.0,1350.0,1390.0,8422
2023-03-01 00:00:00+05:30,1383.65,1414.0,1374.9,1388.0,2987
2023-03-02 00:00:00+05:30,1399.0,1499.0,1360.0,1457.85,55318
2023-03-03 00:00:00+05:30,1459.0,1487.0,1425.0,1443.45,9141
2023-03-06 00:00:00+05:30,1465.1,1525.0,1446.4,1514.0,32327
2023-03-08 00:00:00+05:30,1519.0,1539.95,1466.05,1487.15,13780
2023-03-09 00:00:00+05:30,1488.05,1502.0,1450.0,1457.7,5934
2023-03-10 00:00:00+05:30,1469.85,1481.15,1415.15,1451.2,4126
2023-03-13 00:00:00+05:30,1442.45,1495.9,1420.25,1431.9,13176
2023-03-14 00:00:00+05:30,1441.05,1443.95,1401.0,1408.9,6925
2023-03-15 00:00:00+05:30,1425.0,1454.95,1366.0,1371.35,6530
2023-03-16 00:00:00+05:30,1391.0,1405.0,1322.55,1351.55,7164
2023-03-17 00:00:00+05:30,1363.95,1384.95,1332.6,1376.7,4325
2023-03-20 00:00:00+05:30,1371.8,1371.85,1300.45,1309.95,4470
2023-03-21 00:00:00+05:30,1333.8,1351.75,1300.0,1327.05,4499
2023-03-22 00:00:00+05:30,1331.8,1363.8,1327.05,1329.15,1816
2023-03-23 00:00:00+05:30,1326.3,1362.4,1290.35,1299.85,5293
2023-03-24 00:00:00+05:30,1299.85,1337.95,1299.85,1310.0,3642
2023-03-27 00:00:00+05:30,1310.05,1310.45,1256.0,1268.35,4912
2023-03-28 00:00:00+05:30,1263.0,1295.0,1241.05,1257.5,3828
2023-03-29 00:00:00+05:30,1278.7,1317.1,1256.05,1276.05,4865
2023-03-31 00:00:00+05:30,1299.0,1350.0,1264.05,1349.9,3981
2023-04-03 00:00:00+05:30,1324.95,1357.7,1324.95,1350.0,1235
2023-04-05 00:00:00+05:30,1315.2,1379.0,1307.05,1355.7,2880
2023-04-06 00:00:00+05:30,1365.6,1365.6,1323.3,1332.85,7884
2023-04-10 00:00:00+05:30,1363.65,1395.0,1332.0,1383.15,6394
2023-04-11 00:00:00+05:30,1379.9,1481.9,1361.85,1450.65,22664
2023-04-12 00:00:00+05:30,1483.0,1535.05,1446.05,1505.3,25652
2023-04-13 00:00:00+05:30,1522.0,1545.0,1485.0,1539.15,13160
2023-04-17 00:00:00+05:30,1544.9,1655.0,1485.05,1639.0,68712
2023-04-18 00:00:00+05:30,1625.0,1676.95,1561.0,1579.65,25513
2023-04-19 00:00:00+05:30,1570.05,1630.0,1569.95,1592.25,10128
2023-04-20 00:00:00+05:30,1583.3,1650.0,1582.0,1640.2,19140
2023-04-21 00:00:00+05:30,1653.35,1670.0,1625.1,1630.75,10633
2023-04-24 00:00:00+05:30,1625.15,1639.95,1572.55,1586.5,7235
2023-04-25 00:00:00+05:30,1599.0,1675.0,1555.1,1631.95,15876
2023-04-26 00:00:00+05:30,1640.15,1741.65,1630.05,1653.85,59446
2023-04-27 00:00:00+05:30,1660.1,1699.9,1645.0,1658.95,18417
2023-04-28 00:00:00+05:30,1667.25,1683.3,1630.1,1652.9,6768
2023-05-02 00:00:00+05:30,1653.0,1684.0,1652.2,1666.0,5696
2023-05-03 00:00:00+05:30,1677.3,1693.0,1658.1,1661.25,6187
2023-05-04 00:00:00+05:30,1665.1,1693.0,1651.45,1680.4,10196
2023-05-05 00:00:00+05:30,1680.4,1685.8,1630.0,1653.65,5126
2023-05-08 00:00:00+05:30,1661.9,1691.05,1660.05,1676.6,3517
2023-05-09 00:00:00+05:30,1671.85,1689.0,1658.25,1676.35,5548
2023-05-10 00:00:00+05:30,1676.55,1682.85,1651.25,1674.85,6327
2023-05-11 00:00:00+05:30,1675.05,1693.0,1665.2,1670.5,5639
2023-05-12 00:00:00+05:30,1678.9,1825.0,1662.05,1722.75,43978
2023-05-15 00:00:00+05:30,1731.4,1753.9,1684.0,1694.95,8715
2023-05-16 00:00:00+05:30,1703.45,1775.0,1670.0,1755.35,15123
2023-05-17 00:00:00+05:30,1780.0,1798.0,1700.0,1746.15,9871
2023-05-18 00:00:00+05:30,1754.9,1775.9,1728.05,1746.5,4576
2023-05-19 00:00:00+05:30,1746.5,1797.0,1734.0,1790.6,10908
2023-05-22 00:00:00+05:30,1790.0,1848.2,1773.7,1818.95,14190
2023-05-23 00:00:00+05:30,1802.0,1879.0,1767.6,1867.95,25497
2023-05-24 00:00:00+05:30,1884.0,1884.0,1802.75,1857.5,16490
2023-05-25 00:00:00+05:30,2090.0,2176.0,1954.0,2042.3,319505
2023-05-26 00:00:00+05:30,2049.0,2142.0,1991.35,2005.75,84017
2023-05-29 00:00:00+05:30,2030.0,2081.0,1985.0,1999.8,25679
2023-05-30 00:00:00+05:30,2049.8,2049.8,1960.0,1996.95,17229
2023-05-31 00:00:00+05:30,2006.95,2030.55,1960.45,2022.25,15608
2023-06-01 00:00:00+05:30,2020.0,2049.0,1990.0,2007.95,13451
2023-06-02 00:00:00+05:30,2018.0,2061.0,2006.6,2046.45,16618
2023-06-05 00:00:00+05:30,2076.9,2110.0,2000.0,2009.05,15530
2023-06-06 00:00:00+05:30,2018.95,2025.15,1980.2,2004.35,11355
2023-06-07 00:00:00+05:30,2004.35,2044.0,1970.0,1978.2,9758
2023-06-08 00:00:00+05:30,1998.0,2007.6,1900.5,1923.6,16387
2023-06-09 00:00:00+05:30,1933.25,1947.95,1878.05,1898.8,13374
2023-06-12 00:00:00+05:30,1911.0,1934.9,1875.0,1884.05,12239
2023-06-13 00:00:00+05:30,1902.9,1977.95,1902.9,1964.75,17625
2023-06-14 00:00:00+05:30,1991.85,2044.0,1989.15,2001.45,14615
2023-06-15 00:00:00+05:30,2011.5,2021.0,1942.05,1950.4,8833
2023-06-16 00:00:00+05:30,1960.2,2003.55,1935.0,1940.1,11155
2023-06-19 00:00:00+05:30,1954.5,1964.75,1928.1,1933.0,6574
2023-06-20 00:00:00+05:30,1932.5,2118.1,1926.05,2024.0,43232
2023-06-21 00:00:00+05:30,2045.0,2089.85,1993.55,2010.0,13058
2023-06-22 00:00:00+05:30,2025.0,2069.0,1990.25,2053.2,21620
2023-06-23 00:00:00+05:30,2069.0,2069.0,1971.5,1994.0,11204
2023-06-26 00:00:00+05:30,2012.7,2024.85,1953.55,2001.45,8193
2023-06-27 00:00:00+05:30,2012.6,2024.95,1980.0,1984.0,5249
2023-06-28 00:00:00+05:30,1994.75,2039.7,1976.5,1978.1,10685
2023-06-30 00:00:00+05:30,1994.95,2068.95,1980.65,2046.0,17622
2023-07-03 00:00:00+05:30,2041.05,2060.0,1981.0,2029.95,9510
2023-07-04 00:00:00+05:30,2029.95,2029.95,1981.0,2000.0,5854
2023-07-05 00:00:00+05:30,1992.6,2009.45,1971.05,1990.0,5437
2023-07-06 00:00:00+05:30,1998.65,2024.45,1975.05,2005.4,6161
2023-07-07 00:00:00+05:30,1996.7,1999.7,1935.05,1940.0,18136
2023-07-10 00:00:00+05:30,1959.15,1959.15,1883.9,1904.0,18041
2023-07-11 00:00:00+05:30,1917.55,1944.0,1890.1,1900.0,8083
2023-07-12 00:00:00+05:30,1906.05,1921.95,1882.1,1890.0,5896
2023-07-13 00:00:00+05:30,1899.95,1990.0,1861.0,1904.0,11681
2023-07-14 00:00:00+05:30,1905.0,1925.95,1878.05,1918.1,6704
2023-07-17 00:00:00+05:30,1900.0,1971.0,1878.0,1889.7,7509
2023-07-18 00:00:00+05:30,1909.0,1909.0,1847.8,1851.3,9292
2023-07-19 00:00:00+05:30,1869.25,1931.5,1852.7,1915.0,10916
2023-07-20 00:00:00+05:30,1920.0,1921.0,1882.25,1911.0,4964
2023-07-21 00:00:00+05:30,1898.75,1926.0,1898.05,1900.0,3061
2023-07-24 00:00:00+05:30,1918.0,1948.4,1861.15,1879.0,11313
2023-07-25 00:00:00+05:30,1885.75,1922.45,1885.0,1909.7,6039
2023-07-26 00:00:00+05:30,1914.9,2163.0,1900.0,2089.9,130831
2023-07-27 00:00:00+05:30,2100.45,2144.0,2033.0,2040.0,29063
2023-07-28 00:00:00+05:30,2073.75,2249.0,2028.15,2245.0,99824
2023-07-31 00:00:00+05:30,2257.0,2345.0,2240.0,2335.1,62963
2023-08-01 00:00:00+05:30,2350.0,2369.95,2187.6,2251.0,38326
2023-08-02 00:00:00+05:30,2251.0,2389.0,2247.9,2385.0,41455
2023-08-03 00:00:00+05:30,2390.0,2462.7,2275.05,2295.0,41161
2023-08-04 00:00:00+05:30,2361.5,2509.5,2285.0,2405.0,45823
2023-08-07 00:00:00+05:30,2490.0,2595.0,2420.05,2477.45,64393
2023-08-08 00:00:00+05:30,2500.0,2517.45,2421.25,2439.9,17778
2023-08-09 00:00:00+05:30,2455.0,2473.95,2386.05,2430.0,11743
2023-08-10 00:00:00+05:30,2412.0,2423.95,2271.05,2310.0,27328
2023-08-11 00:00:00+05:30,2301.0,2387.95,2301.0,2306.25,10210
2023-08-14 00:00:00+05:30,2300.05,2300.05,2167.0,2200.0,18324
2023-08-16 00:00:00+05:30,2160.0,2361.0,2160.0,2335.1,26902
2023-08-17 00:00:00+05:30,2351.0,2405.9,2279.85,2291.0,13142
2023-08-18 00:00:00+05:30,2305.0,2317.95,2223.05,2254.0,10655
2023-08-21 00:00:00+05:30,2235.0,2280.6,2203.3,2225.0,9794
2023-08-22 00:00:00+05:30,2228.4,2388.0,2227.0,2384.0,30197
2023-08-23 00:00:00+05:30,2389.9,2434.95,2292.9,2322.0,11937
2023-08-24 00:00:00+05:30,2310.25,2364.95,2304.95,2316.35,3519
2023-08-25 00:00:00+05:30,2343.0,2480.0,2302.0,2455.0,51540
2023-08-28 00:00:00+05:30,2458.3,2493.7,2419.3,2440.05,9367
2023-08-29 00:00:00+05:30,2449.15,2492.55,2368.1,2386.0,10800
2023-08-30 00:00:00+05:30,2390.0,2406.0,2370.0,2390.0,11026
2023-08-31 00:00:00+05:30,2387.45,2447.85,2375.0,2420.0,7490
2023-09-01 00:00:00+05:30,2385.5,2444.0,2376.5,2389.3,7511
2023-09-04 00:00:00+05:30,2390.0,2490.05,2379.65,2408.9,11667
2023-09-05 00:00:00+05:30,2420.95,2490.0,2352.65,2389.45,11127
2023-09-06 00:00:00+05:30,2390.0,2437.85,2300.55,2332.7,15131
2023-09-07 00:00:00+05:30,2328.3,2349.35,2275.0,2286.0,11402
2023-09-08 00:00:00+05:30,2286.35,2322.3,2284.05,2305.0,6333
2023-09-11 00:00:00+05:30,2350.0,2509.9,2350.0,2495.0,50933
2023-09-12 00:00:00+05:30,2522.0,2522.0,2320.0,2332.2,31525
2023-09-13 00:00:00+05:30,2349.95,2387.0,2232.1,2305.2,16272
2023-09-14 00:00:00+05:30,2305.2,2374.95,2302.05,2335.5,5483
2023-09-15 00:00:00+05:30,2346.25,2390.05,2331.05,2364.0,4558
2023-09-18 00:00:00+05:30,2371.65,2371.65,2287.9,2320.0,4189
2023-09-20 00:00:00+05:30,2312.45,2324.65,2271.05,2291.0,5163
2023-09-21 00:00:00+05:30,2290.65,2318.1,2280.0,2297.0,4048
2023-09-22 00:00:00+05:30,2302.65,2320.0,2270.0,2280.0,3500
2023-09-25 00:00:00+05:30,2289.25,2340.0,2276.25,2334.0,4751
2023-09-26 00:00:00+05:30,2337.55,2351.1,2285.0,2310.5,4043
2023-09-27 00:00:00+05:30,2319.4,2333.0,2305.0,2310.0,3006
2023-09-28 00:00:00+05:30,2317.05,2362.1,2282.0,2291.55,4847
2023-09-29 00:00:00+05:30,2323.0,2395.0,2302.05,2352.15,9207
2023-10-03 00:00:00+05:30,2376.9,2376.9,2290.0,2298.0,6859
2023-10-04 00:00:00+05:30,2311.8,2311.8,2238.05,2272.0,7735
2023-10-05 00:00:00+05:30,2276.0,2328.0,2266.8,2301.25,5363
2023-10-06 00:00:00+05:30,2312.3,2360.0,2299.9,2338.15,6472
2023-10-09 00:00:00+05:30,2291.0,2340.0,2220.0,2240.0,9854
2023-10-10 00:00:00+05:30,2243.3,2277.45,2210.4,2234.75,11114
2023-10-11 00:00:00+05:30,2236.0,2278.0,2190.0,2225.05,11729
2023-10-12 00:00:00+05:30,2253.9,2253.9,2212.55,2227.0,3558
2023-10-13 00:00:00+05:30,2212.35,2249.0,2210.05,2210.05,7200
2023-10-16 00:00:00+05:30,2241.35,2241.35,2181.35,2193.0,5682
2023-10-17 00:00:00+05:30,2219.65,2395.0,2201.3,2351.0,31938
2023-10-18 00:00:00+05:30,2367.0,2369.95,2282.45,2311.0,4179
2023-10-19 00:00:00+05:30,2266.05,2479.0,2255.55,2443.55,25678
2023-10-20 00:00:00+05:30,2425.0,2472.0,2391.0,2398.6,7706
2023-10-23 00:00:00+05:30,2382.0,2408.95,2220.0,2234.35,11074
2023-10-25 00:00:00+05:30,2245.55,2291.0,2165.0,2225.0,5621
2023-10-26 00:00:00+05:30,2227.65,2277.0,2141.1,2256.0,7494
2023-10-27 00:00:00+05:30,2265.9,2318.0,2260.1,2275.75,4112
2023-10-30 00:00:00+05:30,2262.5,2318.95,2254.0,2285.0,3333
2023-10-31 00:00:00+05:30,2290.9,2440.0,2290.25,2380.0,16155
2023-11-01 00:00:00+05:30,2389.2,2401.15,2278.0,2280.0,4648
2023-11-02 00:00:00+05:30,2325.0,2345.0,2289.7,2316.75,3841
2023-11-03 00:00:00+05:30,2300.5,2381.65,2275.0,2287.05,4964
2023-11-06 00:00:00+05:30,2292.05,2344.9,2271.35,2299.8,5906
2023-11-07 00:00:00+05:30,2289.9,2329.95,2252.2,2298.25,6820
2023-11-08 00:00:00+05:30,2251.0,2280.0,2178.0,2221.05,33127
2023-11-09 00:00:00+05:30,2230.7,2239.1,2180.0,2211.05,11743
2023-11-10 00:00:00+05:30,2205.0,2258.35,2170.0,2232.0,6826
2023-11-12 00:00:00+05:30,2270.0,2270.0,2226.05,2249.5,1823
2023-11-13 00:00:00+05:30,2245.0,2274.95,2230.1,2261.0,5231
2023-11-15 00:00:00+05:30,2242.0,2274.95,2242.0,2245.0,6740
2023-11-16 00:00:00+05:30,2245.0,2279.9,2245.0,2252.0,4152
2023-11-17 00:00:00+05:30,2251.85,2288.0,2200.0,2204.0,10966
2023-11-20 00:00:00+05:30,2210.0,2275.0,2192.35,2270.0,6885
2023-11-21 00:00:00+05:30,2267.0,2324.45,2232.0,2241.7,5762
2023-11-22 00:00:00+05:30,2249.6,2297.9,2230.1,2250.0,3982
2023-11-23 00:00:00+05:30,2249.45,2270.45,2199.65,2237.0,4370
2023-11-24 00:00:00+05:30,2264.55,2272.0,2229.1,2235.0,6320
2023-11-28 00:00:00+05:30,2258.6,2264.0,2216.0,2259.0,7016
2023-11-29 00:00:00+05:30,2255.35,2272.85,2211.3,2262.35,4035
2023-11-30 00:00:00+05:30,2279.0,2280.05,2234.1,2240.0,3286
2023-12-01 00:00:00+05:30,2267.9,2267.9,2232.05,2235.2,4818
2023-12-04 00:00:00+05:30,2250.0,2344.15,2250.0,2312.9,7763
2023-12-05 00:00:00+05:30,2312.9,2348.1,2300.55,2331.0,7029
2023-12-06 00:00:00+05:30,2340.8,2353.45,2281.05,2330.0,5369
2023-12-07 00:00:00+05:30,2318.25,2318.25,2253.05,2266.9,3766
2023-12-08 00:00:00+05:30,2267.5,2284.9,2215.0,2241.0,5375
2023-12-11 00:00:00+05:30,2254.6,2298.8,2210.0,2261.5,6210
2023-12-12 00:00:00+05:30,2272.55,2309.95,2260.1,2294.0,2432
2023-12-13 00:00:00+05:30,2285.0,2289.9,2246.1,2250.5,2969
2023-12-14 00:00:00+05:30,2264.25,2301.25,2244.05,2299.0,5558
2023-12-15 00:00:00+05:30,2295.0,2488.0,2295.0,2383.55,39195
2023-12-18 00:00:00+05:30,2395.0,2405.0,2295.0,2310.5,9596
2023-12-19 00:00:00+05:30,2321.9,2321.9,2250.0,2261.85,10281
2023-12-20 00:00:00+05:30,2261.1,2285.55,2200.0,2212.0,7233
2023-12-21 00:00:00+05:30,2170.9,2240.0,2164.95,2204.95,5996
2023-12-22 00:00:00+05:30,2215.5,2273.55,2212.0,2239.0,3070
2023-12-26 00:00:00+05:30,2242.7,2350.0,2216.1,2275.05,4199
2023-12-27 00:00:00+05:30,2295.4,2384.6,2295.4,2344.75,19010
2023-12-28 00:00:00+05:30,2335.05,2375.0,2312.55,2320.0,6295
2023-12-29 00:00:00+05:30,2325.25,2390.0,2292.1,2380.0,12968
2024-01-01 00:00:00+05:30,2388.5,2425.0,2302.05,2317.5,15172
2024-01-02 00:00:00+05:30,2317.5,2339.9,2266.05,2295.0,10961
2024-01-03 00:00:00+05:30,2307.0,2307.0,2255.25,2288.0,6885
2024-01-04 00:00:00+05:30,2289.7,2309.9,2245.1,2273.0,7124
2024-01-05 00:00:00+05:30,2268.8,2306.6,2257.0,2277.8,6146
2024-01-08 00:00:00+05:30,2289.2,2289.2,2225.0,2245.0,4177
2024-01-09 00:00:00+05:30,2250.4,2295.0,2222.9,2244.0,7999
2024-01-10 00:00:00+05:30,2241.55,2247.45,2222.55,2243.0,2528
2024-01-11 00:00:00+05:30,2245.0,2300.0,2230.05,2263.7,7146
2024-01-12 00:00:00+05:30,2284.75,2291.55,2250.0,2262.0,3431
2024-01-15 00:00:00+05:30,2275.25,2309.65,2264.1,2265.35,4732
2024-01-16 00:00:00+05:30,2278.9,2285.0,2240.0,2256.0,2554
2024-01-17 00:00:00+05:30,2241.2,2248.0,2200.0,2212.85,3587
2024-01-18 00:00:00+05:30,2192.0,2219.95,2152.85,2200.95,8448
2024-01-19 00:00:00+05:30,2211.0,2260.0,2195.0,2200.0,5593
2024-01-20 00:00:00+05:30,2224.0,2224.55,2190.05,2193.0,2110
2024-01-23 00:00:00+05:30,2190.65,2193.5,2090.0,2119.0,9604
2024-01-24 00:00:00+05:30,2125.95,2142.45,2108.45,2116.1,2785
2024-01-25 00:00:00+05:30,2121.05,2159.95,2121.0,2140.0,3519
2024-01-29 00:00:00+05:30,2151.05,2160.0,2129.9,2142.45,3560
2024-01-30 00:00:00+05:30,2140.0,2215.0,2140.0,2186.75,6122
2024-01-31 00:00:00+05:30,2194.0,2306.0,2185.7,2302.0,14210
2024-02-01 00:00:00+05:30,2299.8,2324.9,2233.5,2256.35,6256
2024-02-02 00:00:00+05:30,2253.45,2299.8,2200.0,2207.05,5270
2024-02-05 00:00:00+05:30,2218.1,2218.1,2115.55,2120.0,6295
2024-02-06 00:00:00+05:30,2127.2,2200.0,2091.0,2172.9,6135
2024-02-07 00:00:00+05:30,2126.65,2140.0,2035.0,2073.25,13926
2024-02-08 00:00:00+05:30,2100.0,2100.0,2030.0,2031.0,11809
2024-02-09 00:00:00+05:30,2004.35,2035.3,1930.35,1945.05,12921
2024-02-12 00:00:00+05:30,1995.0,1995.0,1879.0,1901.8,10753
2024-02-13 00:00:00+05:30,1901.8,1943.5,1839.0,1919.6,8680
2024-02-14 00:00:00+05:30,1900.0,1958.35,1860.35,1949.9,4779
2024-02-15 00:00:00+05:30,1959.0,1997.95,1935.35,1978.2,3938
2024-02-16 00:00:00+05:30,2020.0,2047.0,1977.55,2033.25,5330
2024-02-19 00:00:00+05:30,2040.0,2043.45,1999.05,2012.0,2328
2024-02-20 00:00:00+05:30,1990.0,2037.0,1980.1,2021.55,3308
2024-02-21 00:00:00+05:30,2024.7,2025.0,1980.0,1996.2,3682
2024-02-22 00:00:00+05:30,1992.0,2036.45,1971.0,2018.65,2610
2024-02-23 00:00:00+05:30,2017.65,2045.95,2000.05,2016.4,4770
2024-02-26 00:00:00+05:30,2036.4,2036.4,1940.6,1985.4,5007
2024-02-27 00:00:00+05:30,1995.3,2014.7,1975.0,1992.15,4817
2024-02-28 00:00:00+05:30,1990.0,2000.0,1911.35,1928.65,4836
2024-02-29 00:00:00+05:30,1928.65,1998.0,1887.5,1956.0,5111
2024-03-01 00:00:00+05:30,1956.0,1956.0,1920.2,1933.65,1715
2024-03-02 00:00:00+05:30,1952.7,1990.0,1880.0,1936.6,1284
2024-03-04 00:00:00+05:30,1932.0,1949.95,1890.05,1903.3,3595
2024-03-05 00:00:00+05:30,1890.85,1904.5,1850.05,1857.35,3098
2024-03-06 00:00:00+05:30,1858.35,1864.95,1740.0,1788.8,7740
2024-03-07 00:00:00+05:30,1797.75,1835.0,1742.45,1763.85,7414
2024-03-11 00:00:00+05:30,1749.9,1749.9,1683.6,1697.3,9061
2024-03-12 00:00:00+05:30,1697.05,1705.8,1589.05,1607.15,19283
2024-03-13 00:00:00+05:30,1592.3,1637.55,1516.5,1529.05,13066
2024-03-14 00:00:00+05:30,1529.9,1687.25,1508.65,1663.6,15731
2024-03-15 00:00:00+05:30,1671.95,1719.8,1624.15,1702.35,9656
2024-03-18 00:00:00+05:30,1710.9,1949.0,1708.5,1826.45,53718
2024-03-19 00:00:00+05:30,1834.65,1844.95,1754.25,1803.3,9133
2024-03-20 00:00:00+05:30,1809.95,1840.0,1786.5,1813.15,4774
2024-03-21 00:00:00+05:30,1822.25,1845.0,1780.0,1799.8,5593
2024-03-22 00:00:00+05:30,1808.0,1849.0,1756.0,1842.0,3791
2024-03-26 00:00:00+05:30,1850.0,1850.0,1750.0,1777.9,13034
2024-03-27 00:00:00+05:30,1786.0,1875.0,1756.0,1866.8,14424
2024-03-28 00:00:00+05:30,1868.8,1975.0,1822.0,1954.6,15842
2024-04-01 00:00:00+05:30,1957.85,2005.8,1906.05,1935.95,6623
2024-04-02 00:00:00+05:30,1937.0,1948.05,1905.05,1914.65,1487
2024-04-03 00:00:00+05:30,1903.0,1929.95,1895.0,1904.25,2470
2024-04-04 00:00:00+05:30,1920.0,1920.0,1870.0,1888.65,7199
2024-04-05 00:00:00+05:30,1906.95,1938.5,1869.05,1895.85,7943
2024-04-08 00:00:00+05:30,1905.35,1940.0,1846.05,1862.2,4482
2024-04-09 00:00:00+05:30,1871.55,1892.0,1841.55,1854.65,3389
2024-04-10 00:00:00+05:30,1867.0,1873.0,1823.65,1838.85,1864
2024-04-12 00:00:00+05:30,1822.0,1849.95,1782.65,1797.6,4339
2024-04-15 00:00:00+05:30,1792.0,1792.0,1672.0,1756.6,6980
2024-04-16 00:00:00+05:30,1756.5,1815.8,1704.05,1783.9,5290
2024-04-18 00:00:00+05:30,1783.9,1847.0,1770.1,1786.85,5247
2024-04-19 00:00:00+05:30,1795.8,1885.6,1755.0,1860.55,9004
2024-04-22 00:00:00+05:30,1876.8,1898.0,1856.75,1879.45,4526
2024-04-23 00:00:00+05:30,1888.45,1905.85,1872.55,1897.65,4064
2024-04-24 00:00:00+05:30,1899.9,1940.0,1891.85,1923.9,6999
2024-04-25 00:00:00+05:30,1932.55,1940.0,1909.8,1934.55,6657
2024-04-26 00:00:00+05:30,1954.95,2030.0,1890.0,1996.65,11492
2024-04-29 00:00:00+05:30,2025.0,2044.0,1981.0,2035.65,6832
2024-04-30 00:00:00+05:30,2044.8,2142.0,2001.0,2113.35,7802
2024-05-02 00:00:00+05:30,2199.95,2299.0,2100.85,2126.5,22630
2024-05-03 00:00:00+05:30,2134.9,2139.65,2059.25,2101.0,6638
2024-05-06 00:00:00+05:30,2150.0,2150.0,2057.55,2062.65,3132
2024-05-07 00:00:00+05:30,2050.25,2053.45,1942.7,1969.05,7164
2024-05-08 00:00:00+05:30,1988.75,2020.2,1962.75,2006.8,5300
2024-05-09 00:00:00+05:30,2007.0,2137.8,1950.0,2001.9,27433
2024-05-10 00:00:00+05:30,2000.0,2026.0,1971.0,1992.2,4128
2024-05-13 00:00:00+05:30,1990.0,2043.0,1972.1,1989.15,6458
2024-05-14 00:00:00+05:30,1999.1,2005.1,1972.05,1976.0,1725
2024-05-15 00:00:00+05:30,1995.75,2007.85,1935.2,1962.55,4083
2024-05-16 00:00:00+05:30,1963.0,2005.0,1950.1,1992.65,4221
2024-05-17 00:00:00+05:30,1991.0,2025.35,1967.3,1981.1,5502
2024-05-18 00:00:00+05:30,1987.85,2006.0,1946.0,1959.25,1295
2024-05-21 00:00:00+05:30,1959.0,2000.0,1939.95,1956.35,4491
2024-05-22 00:00:00+05:30,1966.0,1986.0,1947.0,1965.85,2705
2024-05-23 00:00:00+05:30,1975.65,1975.65,1944.0,1948.85,2533
2024-05-24 00:00:00+05:30,1950.75,1985.0,1945.0,1980.1,2261
2024-05-27 00:00:00+05:30,2000.0,2000.0,1953.0,1965.7,2373
2024-05-28 00:00:00+05:30,1962.4,2016.2,1905.7,1977.25,11336
2024-05-29 00:00:00+05:30,2000.0,2000.0,1890.0,1902.35,19172
2024-05-30 00:00:00+05:30,1890.0,1940.75,1877.6,1919.25,12188
2024-05-31 00:00:00+05:30,1935.95,1985.0,1885.45,1958.45,10189
2024-06-03 00:00:00+05:30,1968.25,2033.85,1898.9,1910.15,5790
2024-06-04 00:00:00+05:30,1938.8,1938.8,1804.25,1844.2,6121
2024-06-05 00:00:00+05:30,1874.75,1954.2,1810.0,1943.65,4922
2024-06-06 00:00:00+05:30,1912.2,1979.7,1907.7,1950.05,3732
2024-06-07 00:00:00+05:30,1963.0,1963.0,1916.85,1939.8,6832
2024-06-10 00:00:00+05:30,1903.1,1943.85,1880.0,1900.7,5657
2024-06-11 00:00:00+05:30,1905.0,1918.85,1868.65,1887.1,4496
2024-06-12 00:00:00+05:30,1888.95,1931.95,1875.35,1910.9,7282
2024-06-13 00:00:00+05:30,1916.45,1993.1,1898.05,1978.4,15382
2024-06-14 00:00:00+05:30,1978.4,2244.85,1956.7,2165.15,64497
2024-06-18 00:00:00+05:30,2172.25,2241.0,2140.35,2202.0,17581
2024-06-19 00:00:00+05:30,2202.2,2295.0,2199.9,2216.0,14350
2024-06-20 00:00:00+05:30,2220.75,2228.4,2102.75,2137.0,10851
2024-06-21 00:00:00+05:30,2117.0,2127.7,2063.45,2075.1,6603
2024-06-24 00:00:00+05:30,2055.0,2079.9,2015.0,2023.15,6009
2024-06-25 00:00:00+05:30,2043.4,2070.5,2020.1,2039.6,4215
2024-06-26 00:00:00+05:30,2039.6,2052.9,1996.5,2030.95,7268
2024-06-27 00:00:00+05:30,2030.95,2090.05,2030.95,2068.0,15796
2024-06-28 00:00:00+05:30,2068.65,2130.0,2050.0,2117.85,10668
2024-07-01 00:00:00+05:30,2128.45,2155.9,2075.5,2095.6,5313
2024-07-02 00:00:00+05:30,2099.25,2220.85,2052.05,2170.45,18845
2024-07-03 00:00:00+05:30,2181.35,2604.5,2181.35,2604.5,251209
2024-07-04 00:00:00+05:30,2800.0,2855.95,2558.8,2597.15,423505
2024-07-05 00:00:00+05:30,2586.35,2685.0,2504.75,2542.25,48291
2024-07-08 00:00:00+05:30,2617.95,2617.95,2472.65,2500.5,12931
2024-07-09 00:00:00+05:30,2501.0,2573.9,2501.0,2511.85,7285
2024-07-10 00:00:00+05:30,2519.85,2523.8,2197.4,2397.8,23756
2024-07-11 00:00:00+05:30,2392.35,2483.6,2392.35,2427.25,8872
2024-07-12 00:00:00+05:30,2399.45,2475.5,2361.35,2371.0,8125
2024-07-15 00:00:00+05:30,2371.0,2423.0,2334.55,2366.45,9133
2024-07-16 00:00:00+05:30,2390.1,2460.85,2383.55,2414.5,12192
2024-07-18 00:00:00+05:30,2424.0,2620.0,2418.05,2550.0,48011
2024-07-19 00:00:00+05:30,2523.0,2557.45,2440.0,2498.0,13734
2024-07-22 00:00:00+05:30,2490.05,2527.75,2442.25,2494.45,7194
2024-07-23 00:00:00+05:30,2500.0,2572.0,2335.6,2486.4,18780
2024-07-24 00:00:00+05:30,2479.95,2567.7,2475.0,2545.0,13885
2024-07-25 00:00:00+05:30,2510.0,2889.95,2470.0,2851.45,130187
2024-07-26 00:00:00+05:30,2855.85,2878.9,2750.2,2799.3,33654
2024-07-29 00:00:00+05:30,2799.9,2815.1,2765.6,2796.95,12150
2024-07-30 00:00:00+05:30,2765.0,2854.6,2765.0,2785.6,16468
2024-07-31 00:00:00+05:30,2778.35,2879.95,2767.15,2852.35,15351
2024-08-01 00:00:00+05:30,2850.0,2929.0,2714.35,2745.9,31612
2024-08-02 00:00:00+05:30,2733.0,2940.0,2720.55,2908.45,52545
2024-08-05 00:00:00+05:30,2900.0,3075.0,2771.25,2871.3,98647
2024-08-06 00:00:00+05:30,2900.0,3060.0,2871.0,2963.55,35322
2024-08-07 00:00:00+05:30,3019.0,3050.0,2917.8,2949.75,15814
2024-08-08 00:00:00+05:30,2989.0,3017.4,2784.5,2900.8,32511
2024-08-09 00:00:00+05:30,2900.0,2996.65,2866.0,2967.45,12340
2024-08-12 00:00:00+05:30,2968.45,2968.45,2827.65,2851.7,13962
2024-08-13 00:00:00+05:30,2894.5,2894.5,2814.2,2838.65,10808
2024-08-14 00:00:00+05:30,2948.0,2948.0,2828.0,2905.15,13675
2024-08-16 00:00:00+05:30,2948.75,2974.95,2887.55,2902.9,3759
2024-08-19 00:00:00+05:30,2902.35,2999.25,2881.0,2977.25,8133
2024-08-20 00:00:00+05:30,2987.4,3572.7,2984.35,3572.7,392218
2024-08-21 00:00:00+05:30,3550.0,3558.5,3350.0,3377.25,76797
2024-08-22 00:00:00+05:30,3400.0,3524.0,3276.5,3297.95,45561
2024-08-23 00:00:00+05:30,3339.8,3550.0,3250.0,3369.0,80522
2024-08-26 00:00:00+05:30,3402.0,3468.1,3285.8,3326.3,25326
2024-08-27 00:00:00+05:30,3337.8,3395.95,3242.05,3269.3,12343
2024-08-28 00:00:00+05:30,3300.3,3333.9,3200.0,3231.05,11156
2024-08-29 00:00:00+05:30,3232.0,3270.0,3170.4,3229.3,8721
2024-08-30 00:00:00+05:30,3273.8,3499.8,3239.0,3345.7,27417
2024-09-02 00:00:00+05:30,3395.9,3418.25,3301.5,3315.45,8177
2024-09-03 00:00:00+05:30,3375.0,3635.0,3312.65,3489.9,81793
2024-09-04 00:00:00+05:30,3475.0,3509.9,3350.5,3383.35,23964
2024-09-05 00:00:00+05:30,3403.0,3438.0,3357.1,3383.75,9670
2024-09-06 00:00:00+05:30,3338.3,3471.55,3306.0,3339.8,14434
2024-09-09 00:00:00+05:30,3372.9,3527.7,3240.6,3492.3,20977
2024-09-10 00:00:00+05:30,3492.85,3577.95,3438.05,3509.6,16808
2024-09-11 00:00:00+05:30,3570.0,3570.0,3471.0,3515.0,15031
2024-09-12 00:00:00+05:30,3565.0,3734.45,3477.55,3502.3,59454
2024-09-13 00:00:00+05:30,3537.6,3538.0,3423.6,3452.6,10662
2024-09-16 00:00:00+05:30,3480.1,3563.9,3425.2,3488.2,10931
2024-09-17 00:00:00+05:30,3523.1,3572.4,3435.65,3471.7,6381
2024-09-18 00:00:00+05:30,3488.0,3490.25,3366.05,3392.1,6401
2024-09-19 00:00:00+05:30,3392.1,3470.95,3162.05,3312.35,28681
2024-09-20 00:00:00+05:30,3362.05,3419.8,3325.1,3380.8,9033
2024-09-23 00:00:00+05:30,3398.9,3398.9,3206.65,3256.05,14297
2024-09-24 00:00:00+05:30,3279.85,3369.95,3279.85,3320.45,6706
2024-09-25 00:00:00+05:30,3324.0,3336.2,3262.75,3306.95,5359
2024-09-26 00:00:00+05:30,3335.0,3549.9,3235.0,3273.55,47080
2024-09-27 00:00:00+05:30,3270.0,3347.1,3251.1,3302.5,8238
2024-09-30 00:00:00+05:30,3324.65,3391.0,3265.1,3375.0,8506
2024-10-01 00:00:00+05:30,3402.15,3436.4,3281.5,3309.5,10164
2024-10-03 00:00:00+05:30,3308.95,3365.0,3218.45,3241.35,7134
2024-10-04 00:00:00+05:30,3241.35,3350.0,3177.2,3246.1,7616
2024-10-07 00:00:00+05:30,3258.8,3274.7,3081.0,3123.3,10104
2024-10-08 00:00:00+05:30,3100.0,3225.0,3034.65,3190.7,6232
2024-10-09 00:00:00+05:30,3225.6,3327.45,3201.0,3257.85,4417
2024-10-10 00:00:00+05:30,3278.9,3365.0,3270.45,3342.85,4268
2024-10-11 00:00:00+05:30,3301.3,3447.55,3300.0,3333.45,9504
2024-10-14 00:00:00+05:30,3339.4,3345.1,3250.0,3283.95,6134
2024-10-15 00:00:00+05:30,3283.95,3368.95,3280.0,3342.7,9892
2024-10-16 00:00:00+05:30,3340.05,3350.0,3255.0,3278.3,5971
2024-10-17 00:00:00+05:30,3278.3,3287.95,3190.0,3203.4,5029
2024-10-18 00:00:00+05:30,3200.85,3270.0,3120.3,3238.8,5305
2024-10-21 00:00:00+05:30,3240.0,3279.8,3099.95,3107.7,6645
2024-10-22 00:00:00+05:30,3123.9,3129.45,2966.65,2994.15,10038
2024-10-23 00:00:00+05:30,3044.25,3079.05,2972.9,3053.05,4968
2024-10-24 00:00:00+05:30,3053.05,3089.8,2997.8,3038.15,2881
2024-10-25 00:00:00+05:30,3008.0,3058.9,2889.2,2976.2,6863
2024-10-28 00:00:00+05:30,2975.0,3030.0,2881.65,2996.45,6590
2024-10-29 00:00:00+05:30,2988.05,3350.0,2873.6,3069.8,13725
2024-10-30 00:00:00+05:30,3024.0,3112.05,2994.2,3005.95,5526
2024-10-31 00:00:00+05:30,3000.0,3178.75,2995.6,3155.5,5486
2024-11-01 00:00:00+05:30,3150.3,3236.1,3150.25,3171.85,1439
2024-11-04 00:00:00+05:30,3171.85,3209.8,3075.0,3101.6,3268
2024-11-05 00:00:00+05:30,3101.0,3124.0,3060.1,3078.75,4180
2024-11-06 00:00:00+05:30,3074.1,3170.0,3050.0,3156.95,3105
2024-11-07 00:00:00+05:30,3164.95,3191.25,3075.0,3089.3,4783
2024-11-08 00:00:00+05:30,3101.3,3150.0,3025.0,3083.95,2945
2024-11-11 00:00:00+05:30,3060.0,3091.65,3000.0,3005.55,3293
2024-11-12 00:00:00+05:30,3005.0,3076.9,2969.0,2992.4,2399
2024-11-13 00:00:00+05:30,2980.9,3038.45,2882.0,2900.05,7820
2024-11-14 00:00:00+05:30,2902.65,2944.65,2879.5,2898.9,2401
2024-11-18 00:00:00+05:30,2900.0,2929.5,2790.0,2890.0,3790
2024-11-19 00:00:00+05:30,2886.75,2925.0,2835.45,2878.55,5463
2024-11-21 00:00:00+05:30,2886.5,2886.5,2778.95,2836.15,4188
2024-11-22 00:00:00+05:30,2843.3,2909.5,2811.05,2861.2,6890
2024-11-25 00:00:00+05:30,2939.0,2969.0,2902.05,2939.65,2984
2024-11-26 00:00:00+05:30,2948.2,2969.85,2874.75,2895.65,4223
2024-11-27 00:00:00+05:30,2904.15,2913.1,2862.0,2877.85,2269
2024-11-28 00:00:00+05:30,2883.8,2990.0,2871.75,2976.8,8473
2024-11-29 00:00:00+05:30,2980.0,3144.0,2902.9,3112.1,13597
2024-12-02 00:00:00+05:30,3050.0,3112.6,3027.35,3094.9,5485
2024-12-03 00:00:00+05:30,3080.05,3424.65,3080.05,3309.5,30786
2024-12-04 00:00:00+05:30,3256.05,3543.95,3256.05,3362.6,49397
2024-12-05 00:00:00+05:30,3371.0,3398.0,3303.0,3330.35,8875
2024-12-06 00:00:00+05:30,3330.35,3362.6,3282.65,3293.9,3275
2024-12-09 00:00:00+05:30,3276.0,3370.5,3267.0,3297.7,5520
2024-12-10 00:00:00+05:30,3310.65,3366.0,3211.2,3239.55,4288
2024-12-11 00:00:00+05:30,3247.65,3287.0,3194.55,3259.05,3961
2024-12-12 00:00:00+05:30,3307.85,3379.9,3178.05,3202.0,10933
2024-12-13 00:00:00+05:30,3201.0,3268.9,3136.0,3174.55,5672
2024-12-16 00:00:00+05:30,3174.55,3209.45,3118.6,3153.95,3022
2024-12-17 00:00:00+05:30,3170.5,3198.0,3100.0,3115.2,5969
2024-12-18 00:00:00+05:30,3115.15,3335.0,3072.35,3239.3,40565
2024-12-19 00:00:00+05:30,3243.15,3360.0,3166.75,3297.2,13219
2024-12-20 00:00:00+05:30,3346.65,3550.0,3316.0,3419.4,74176
2024-12-23 00:00:00+05:30,3532.0,3597.3,3450.0,3477.55,60609
2024-12-24 00:00:00+05:30,3480.0,3630.0,3470.3,3497.75,40453
2024-12-26 00:00:00+05:30,3515.0,3559.15,3403.05,3418.35,15979
2024-12-27 00:00:00+05:30,3430.0,3490.0,3352.05,3425.15,12952
2024-12-30 00:00:00+05:30,3430.0,3443.2,3330.0,3399.15,9556
2024-12-31 00:00:00+05:30,3399.15,3555.0,3345.0,3530.85,14877
2025-01-01 00:00:00+05:30,3538.3,3584.0,3400.0,3420.35,13578
2025-01-02 00:00:00+05:30,3471.65,3517.8,3401.5,3435.0,6764
2025-01-03 00:00:00+05:30,3445.0,3850.0,3430.2,3653.5,199364
2025-01-06 00:00:00+05:30,3664.45,3829.0,3485.0,3509.8,45254
2025-01-07 00:00:00+05:30,3520.3,3879.95,3512.0,3848.25,53887
2025-01-08 00:00:00+05:30,3850.0,3954.0,3740.45,3782.55,47563
2025-01-09 00:00:00+05:30,3779.95,3835.95,3601.4,3633.1,16968
2025-01-10 00:00:00+05:30,3625.0,3690.0,3400.0,3503.8,27655
2025-01-13 00:00:00+05:30,3503.8,3539.95,3252.75,3300.0,22298
2025-01-14 00:00:00+05:30,3338.0,3522.4,3306.65,3354.85,12178
2025-01-15 00:00:00+05:30,3429.9,3429.9,3200.0,3248.45,18420
2025-01-16 00:00:00+05:30,3290.0,3380.0,3201.0,3213.95,12376
2025-01-17 00:00:00+05:30,3245.0,3263.75,3100.0,3112.85,14121
2025-01-20 00:00:00+05:30,3112.85,3188.0,2925.55,3147.3,33323
2025-01-21 00:00:00+05:30,3170.0,3277.0,3038.4,3057.75,23536
2025-01-22 00:00:00+05:30,3058.0,3062.65,2947.1,2974.35,11629
2025-01-23 00:00:00+05:30,2974.95,3074.9,2970.0,2994.85,7289
2025-01-24 00:00:00+05:30,3007.95,3048.0,2960.1,2984.5,8041
2025-01-27 00:00:00+05:30,2950.0,2970.05,2880.0,2917.2,9401
2025-01-28 00:00:00+05:30,2918.95,2918.95,2700.0,2778.9,19381
2025-01-29 00:00:00+05:30,2721.15,3076.0,2721.15,3004.1,11827
2025-01-30 00:00:00+05:30,2985.7,3124.9,2968.85,3071.0,12654
2025-01-31 00:00:00+05:30,3090.0,3289.0,3050.0,3256.2,10648
2025-02-01 00:00:00+05:30,3183.0,3236.55,3063.5,3083.8,6798
2025-02-03 00:00:00+05:30,3099.9,3123.9,3041.5,3086.1,5490
2025-02-04 00:00:00+05:30,3085.0,3136.45,3062.5,3090.5,2634
2025-02-05 00:00:00+05:30,3105.1,3214.65,3095.15,3181.7,6293
2025-02-06 00:00:00+05:30,3178.5,3207.65,3151.15,3166.6,1553
2025-02-07 00:00:00+05:30,3160.05,3165.05,3051.5,3067.2,4320
2025-02-10 00:00:00+05:30,3070.0,3088.95,2894.15,2933.9,4688
2025-02-11 00:00:00+05:30,2925.1,3024.45,2853.1,2882.1,4062
2025-02-12 00:00:00+05:30,2855.9,3010.0,2756.1,2858.55,9104
2025-02-13 00:00:00+05:30,2832.6,2968.45,2832.6,2868.9,6387
2025-02-14 00:00:00+05:30,2911.95,2927.0,2750.0,2773.45,6207
2025-02-17 00:00:00+05:30,2763.95,2791.0,2664.0,2725.15,8352
2025-02-18 00:00:00+05:30,2725.0,2758.05,2678.05,2702.5,3308
2025-02-19 00:00:00+05:30,2681.7,2850.0,2681.7,2820.45,4895
2025-02-20 00:00:00+05:30,2828.95,2939.0,2800.0,2870.75,4700
2025-02-21 00:00:00+05:30,2882.2,2959.05,2846.0,2863.95,5941
2025-02-24 00:00:00+05:30,2850.0,2985.05,2802.2,2910.4,6423
2025-02-25 00:00:00+05:30,2875.05,3075.9,2875.05,2919.3,9169
2025-02-27 00:00:00+05:30,2912.0,2975.5,2820.25,2848.2,15402
2025-02-28 00:00:00+05:30,2848.2,2938.0,2740.1,2895.7,5881
2025-03-03 00:00:00+05:30,2888.4,2915.45,2752.3,2791.05,10156
2025-03-04 00:00:00+05:30,2765.7,2845.4,2734.75,2750.75,8422
2025-03-05 00:00:00+05:30,2750.0,2891.05,2749.5,2870.35,9822
2025-03-06 00:00:00+05:30,2878.95,2991.0,2878.95,2943.5,7511
2025-03-07 00:00:00+05:30,2959.0,3005.0,2911.25,2924.2,6733
2025-03-10 00:00:00+05:30,2919.3,2925.65,2792.2,2827.7,7445
2025-03-11 00:00:00+05:30,2776.0,2850.0,2756.0,2785.25,3751
2025-03-12 00:00:00+05:30,2769.95,2810.25,2736.55,2752.15,3772
2025-03-13 00:00:00+05:30,2739.0,2827.95,2739.0,2797.0,4625
2025-03-17 00:00:00+05:30,2803.9,2840.0,2750.0,2763.05,3528
2025-03-18 00:00:00+05:30,2756.15,2848.0,2756.15,2829.15,5430
2025-03-19 00:00:00+05:30,2844.0,2901.45,2795.0,2816.0,6075
2025-03-20 00:00:00+05:30,2801.95,2883.95,2772.45,2794.9,7578
2025-03-21 00:00:00+05:30,2808.7,2872.4,2729.15,2752.0,10042
2025-03-24 00:00:00+05:30,2779.7,2949.95,2779.7,2854.55,17152
2025-03-25 00:00:00+05:30,2875.1,2901.45,2800.0,2815.75,7061
2025-03-26 00:00:00+05:30,2815.75,2833.35,2765.0,2805.35,4688
2025-03-27 00:00:00+05:30,2779.8,2910.95,2779.8,2885.85,8680
2025-03-28 00:00:00+05:30,2859.6,2984.0,2826.0,2949.3,8874
2025-04-01 00:00:00+05:30,2931.6,2963.8,2889.5,2940.4,4830
2025-04-02 00:00:00+05:30,2950.1,2990.0,2893.85,2957.4,2592
2025-04-03 00:00:00+05:30,2930.5,3200.0,2930.5,3115.8,26393
2025-04-04 00:00:00+05:30,3127.5,3127.5,2964.45,3053.45,8436
2025-04-07 00:00:00+05:30,2690.0,2999.0,2680.9,2953.35,11088
2025-04-08 00:00:00+05:30,2960.25,3103.25,2908.45,2964.7,6194
2025-04-09 00:00:00+05:30,2900.0,2947.9,2868.65,2925.7,2832
2025-04-11 00:00:00+05:30,2940.35,3043.05,2929.95,2992.35,7021
2025-04-15 00:00:00+05:30,3064.0,3220.0,3025.0,3190.9,27693
2025-04-16 00:00:00+05:30,3204.2,3219.8,3152.5,3162.5,4786
2025-04-17 00:00:00+05:30,3192.2,3249.8,3091.2,3114.2,7399
2025-04-21 00:00:00+05:30,3125.0,3201.2,3103.0,3141.1,6091
2025-04-22 00:00:00+05:30,3115.0,3240.1,3112.5,3141.1,10456
2025-04-23 00:00:00+05:30,3165.0,3185.9,3100.0,3116.4,5446
2025-04-24 00:00:00+05:30,3135.9,3155.0,3090.0,3105.8,3331
2025-04-25 00:00:00+05:30,3112.5,3122.1,2930.8,2964.9,8423
2025-04-28 00:00:00+05:30,2980.5,3141.0,2952.4,2987.0,3930
2025-04-29 00:00:00+05:30,3025.0,3096.3,2979.2,3048.4,5569
2025-04-30 00:00:00+05:30,3056.0,3159.7,3008.1,3137.2,7365
2025-05-02 00:00:00+05:30,3199.0,3350.0,3110.3,3140.8,21302
2025-05-05 00:00:00+05:30,3145.6,3235.0,3137.1,3179.8,9803
2025-05-06 00:00:00+05:30,3193.3,3199.0,3025.0,3040.0,4627
2025-05-07 00:00:00+05:30,3055.0,3055.0,2977.2,2995.8,6214
2025-05-08 00:00:00+05:30,3015.8,3066.1,2960.0,2995.7,7567
2025-05-09 00:00:00+05:30,2926.0,2980.0,2550.0,2952.2,8739
2025-05-12 00:00:00+05:30,3008.9,3210.0,3008.9,3187.6,12396
2025-05-13 00:00:00+05:30,3203.6,3210.0,3142.2,3193.2,6943
2025-05-14 00:00:00+05:30,3210.0,3275.0,3193.2,3221.5,5610
2025-05-15 00:00:00+05:30,3228.7,3288.7,3206.0,3269.1,5919
2025-05-16 00:00:00+05:30,3290.0,3324.3,3183.2,3205.7,9808
2025-05-19 00:00:00+05:30,3222.6,3384.8,3208.2,3305.1,12746
2025-05-20 00:00:00+05:30,3305.1,3336.6,3244.0,3261.8,3151
2025-05-21 00:00:00+05:30,3294.4,3301.1,3164.0,3176.3,8139
2025-05-22 00:00:00+05:30,3150.0,3500.0,3147.4,3309.3,21476
2025-05-23 00:00:00+05:30,3317.5,3425.0,3270.8,3317.8,9127
2025-05-26 00:00:00+05:30,3334.4,3394.0,3252.2,3358.7,10287
2025-05-27 00:00:00+05:30,3325.2,3438.0,3315.5,3412.3,7451
2025-05-28 00:00:00+05:30,3430.3,3501.0,3390.4,3466.5,14576
2025-05-29 00:00:00+05:30,3550.0,3590.0,3339.2,3406.4,32681
2025-05-30 00:00:00+05:30,3417.7,3484.7,3350.0,3452.9,10188
2025-06-02 00:00:00+05:30,3469.0,3512.0,3353.0,3365.5,10595
2025-06-03 00:00:00+05:30,3383.2,3389.3,3288.0,3307.4,6886
2025-06-04 00:00:00+05:30,3324.8,3328.4,3278.1,3296.2,3454
2025-06-05 00:00:00+05:30,3312.7,3358.0,3271.5,3293.5,6257
2025-06-06 00:00:00+05:30,3293.0,3293.0,3204.9,3215.2,4827
2025-06-09 00:00:00+05:30,3243.8,3277.4,3093.6,3103.6,22605
2025-06-10 00:00:00+05:30,3100.0,3159.9,3066.2,3096.1,9551
2025-06-11 00:00:00+05:30,3111.6,3160.0,3103.0,3114.9,8473
2025-06-12 00:00:00+05:30,3114.9,3141.7,3060.0,3071.0,9382
2025-06-13 00:00:00+05:30,3070.0,3125.0,3006.0,3107.2,10200
2025-06-16 00:00:00+05:30,3120.0,3150.0,3049.8,3076.2,7608
2025-06-17 00:00:00+05:30,3091.6,3099.0,3047.5,3062.4,4959
2025-06-18 00:00:00+05:30,3073.9,3127.6,3034.6,3109.9,9983
2025-06-19 00:00:00+05:30,3085.1,3125.0,3021.0,3050.9,8255
2025-06-20 00:00:00+05:30,3050.9,3099.9,3030.0,3060.5,4774
2025-06-23 00:00:00+05:30,3056.0,3072.6,3023.9,3068.1,4777
2025-06-24 00:00:00+05:30,3093.9,3169.4,3071.2,3095.1,8358
2025-06-25 00:00:00+05:30,3111.4,3180.0,3100.7,3164.5,7560
2025-06-26 00:00:00+05:30,3184.7,3259.0,3142.9,3243.5,10250
2025-06-27 00:00:00+05:30,3250.0,3357.0,3200.2,3325.6,13618
2025-06-30 00:00:00+05:30,3323.9,3480.0,3298.8,3450.1,23637
2025-07-01 00:00:00+05:30,3441.0,3570.1,3441.0,3533.0,29837
2025-07-02 00:00:00+05:30,3505.0,3529.9,3412.5,3434.0,5996
2025-07-03 00:00:00+05:30,3411.0,3500.4,3375.0,3394.2,5779
2025-07-04 00:00:00+05:30,3427.0,3468.2,3349.9,3405.5,8336
2025-07-07 00:00:00+05:30,3430.0,3663.0,3399.9,3637.2,53375
2025-07-08 00:00:00+05:30,3650.0,3719.9,3557.3,3572.1,26112
2025-07-09 00:00:00+05:30,3590.9,3609.6,3547.3,3562.3,5916
2025-07-10 00:00:00+05:30,3562.3,3589.2,3492.1,3537.6,3625
2025-07-11 00:00:00+05:30,3537.6,3556.2,3452.5,3471.5,4603
2025-07-14 00:00:00+05:30,3478.0,3478.0,3400.0,3406.5,3364
2025-07-15 00:00:00+05:30,3405.0,3472.0,3405.0,3423.1,3513
2025-07-16 00:00:00+05:30,3457.3,3475.2,3416.5,3436.1,3538
2025-07-17 00:00:00+05:30,3454.2,3456.9,3350.0,3402.3,8560
2025-07-18 00:00:00+05:30,3413.0,3431.8,3335.2,3367.3,6039
2025-07-21 00:00:00+05:30,3373.0,3520.0,3343.6,3495.0,11292
2025-07-22 00:00:00+05:30,3519.5,3670.0,3518.1,3594.2,19884
2025-07-23 00:00:00+05:30,3613.2,3690.0,3532.1,3670.8,17468
2025-07-24 00:00:00+05:30,3669.8,3746.7,3623.0,3654.0,16384
2025-07-25 00:00:00+05:30,3673.2,3673.2,3600.0,3612.4,5817
2025-07-28 00:00:00+05:30,3620.0,3697.7,3550.0,3591.0,13460
2025-07-29 00:00:00+05:30,3600.0,3644.7,3551.0,3580.4,11452
2025-07-30 00:00:00+05:30,3615.0,3615.0,3440.0,3512.4,12688
2025-07-31 00:00:00+05:30,3398.0,3556.8,3340.1,3518.8,19153
2025-08-01 00:00:00+05:30,3517.5,3517.5,3184.9,3207.5,35453
2025-08-04 00:00:00+05:30,3249.0,3360.0,3243.4,3348.9,20432
2025-08-05 00:00:00+05:30,3445.0,3491.9,3360.0,3383.5,28715
2025-08-06 00:00:00+05:30,3380.5,3381.6,3283.5,3308.0,6230
2025-08-07 00:00:00+05:30,3277.9,3525.0,3246.2,3498.4,21197
2025-08-08 00:00:00+05:30,3487.8,3542.5,3464.9,3483.2,5572
2025-08-11 00:00:00+05:30,3501.5,3523.0,3461.9,3498.2,2872
2025-08-12 00:00:00+05:30,3514.5,3660.0,3495.3,3601.5,14354
2025-08-13 00:00:00+05:30,3620.5,3668.9,3570.0,3605.4,4049
2025-08-14 00:00:00+05:30,3605.4,3850.0,3605.4,3817.8,31263
2025-08-18 00:00:00+05:30,3920.0,4190.0,3818.0,4145.3,52890
2025-08-19 00:00:00+05:30,4250.0,4310.0,4160.0,4288.1,42151
2025-08-20 00:00:00+05:30,4270.0,4699.9,4204.7,4570.2,72856
2025-08-21 00:00:00+05:30,4549.6,4609.9,4400.1,4444.9,29546
2025-08-22 00:00:00+05:30,4444.9,4659.7,4375.4,4509.1,21405
2025-08-25 00:00:00+05:30,4452.1,4640.0,4281.0,4328.5,22227
2025-08-26 00:00:00+05:30,4332.5,4410.2,4205.0,4235.2,12498
2025-08-28 00:00:00+05:30,4209.9,4265.0,4132.0,4152.9,6071
2025-08-29 00:00:00+05:30,4160.0,4237.7,4135.0,4174.5,6867
2025-09-01 00:00:00+05:30,4225.0,4410.0,4207.8,4393.6,11619
2025-09-02 00:00:00+05:30,4440.0,4440.0,4311.1,4377.4,8054
2025-09-03 00:00:00+05:30,4377.4,4445.0,4365.0,4379.7,5935
2025-09-04 00:00:00+05:30,4410.0,4487.4,4335.5,4375.0,4793
2025-09-05 00:00:00+05:30,4384.5,4384.5,4151.3,4261.5,20057
2025-09-08 00:00:00+05:30,4290.0,4339.9,4210.2,4253.7,9802
2025-09-09 00:00:00+05:30,4275.0,4345.0,4201.0,4327.7,4449
2025-09-10 00:00:00+05:30,4336.0,4530.0,4330.0,4507.3,8195
2025-09-11 00:00:00+05:30,4529.8,4732.6,4529.8,4732.6,11131
2025-09-12 00:00:00+05:30,4760.0,4851.0,4601.0,4715.3,6673
2025-09-15 00:00:00+05:30,4625.0,4762.4,4479.6,4481.6,7318
2025-09-16 00:00:00+05:30,4450.0,4600.0,4410.0,4530.9,2363
2025-09-17 00:00:00+05:30,4530.9,4555.0,4450.0,4495.1,1706
2025-09-18 00:00:00+05:30,4505.0,4590.0,4426.0,4485.4,1187
2025-09-19 00:00:00+05:30,4566.0,4566.0,4385.0,4404.0,2196
2025-09-22 00:00:00+05:30,4624.2,4624.2,4351.0,4487.5,2880
2025-09-23 00:00:00+05:30,4540.0,4540.0,4360.0,4382.7,1135
2025-09-24 00:00:00+05:30,4317.0,4478.4,4245.0,4262.8,4668
2025-09-25 00:00:00+05:30,4186.2,4348.0,4150.0,4267.2,1292
2025-09-26 00:00:00+05:30,4276.0,4371.7,4125.0,4346.3,4704
2025-09-29 00:00:00+05:30,4346.3,4479.9,4175.0,4468.9,4363
2025-09-30 00:00:00+05:30,4438.6,4595.0,4251.0,4544.2,6074
2025-10-01 00:00:00+05:30,4500.0,4550.0,4365.0,4470.4,2011
2025-10-03 00:00:00+05:30,4490.0,4587.0,4470.4,4556.0,1595
2025-10-06 00:00:00+05:30,4533.3,4584.9,4401.0,4484.1,1316
2025-10-07 00:00:00+05:30,4510.0,4542.9,4381.0,4395.0,1109
2025-10-08 00:00:00+05:30,4419.0,4478.9,4335.0,4415.2,3640
2025-10-09 00:00:00+05:30,4446.0,4515.2,4345.5,4456.6,2562
2025-10-10 00:00:00+05:30,4500.0,4679.4,4370.0,4666.5,31721
2025-10-13 00:00:00+05:30,4639.8,4640.0,4500.0,4558.0,1565
2025-10-14 00:00:00+05:30,4594.0,4767.0,4530.0,4739.7,7338
2025-10-15 00:00:00+05:30,4822.5,4880.0,4739.7,4813.5,8534
2025-10-16 00:00:00+05:30,4813.0,4877.0,4580.0,4752.9,3271
2025-10-17 00:00:00+05:30,4755.0,4825.0,4612.1,4730.5,2325
2025-10-20 00:00:00+05:30,4557.0,4725.0,4557.0,4635.4,1838
2025-10-21 00:00:00+05:30,4635.4,4773.0,4630.0,4723.5,992
2025-10-23 00:00:00+05:30,4721.0,4750.0,4601.0,4621.9,1681
2025-10-24 00:00:00+05:30,4712.0,4712.0,4501.0,4648.0,13350
2025-10-27 00:00:00+05:30,4525.0,4645.3,4430.0,4502.8,2224
2025-10-28 00:00:00+05:30,4500.0,4585.0,4351.0,4514.1,3916
2025-10-29 00:00:00+05:30,4540.0,4560.0,4411.1,4520.0,2236
2025-10-30 00:00:00+05:30,4487.0,4640.0,4487.0,4593.2,22366
2025-10-31 00:00:00+05:30,4628.7,4790.0,4500.0,4720.0,5119
2025-11-03 00:00:00+05:30,4639.9,4740.0,4555.0,4590.0,1403
2025-11-04 00:00:00+05:30,4645.0,4660.0,4525.1,4541.0,1571
2025-11-06 00:00:00+05:30,4599.0,4599.0,4484.0,4545.0,1663
2025-11-07 00:00:00+05:30,4500.0,4560.0,4426.0,4500.0,1159
2025-11-10 00:00:00+05:30,4480.0,4530.0,4400.0,4455.0,1667
2025-11-11 00:00:00+05:30,4449.0,4497.0,4402.0,4438.0,1878
2025-11-12 00:00:00+05:30,4450.3,4499.0,4410.0,4451.0,1198
2025-11-13 00:00:00+05:30,4400.0,4433.9,4326.0,4389.1,3904
2025-11-14 00:00:00+05:30,4257.0,4420.0,4241.4,4272.0,2910
2025-11-17 00:00:00+05:30,4269.9,4385.0,4192.1,4200.0,2516
2025-11-18 00:00:00+05:30,4206.0,4299.5,4105.0,4200.0,1264
2025-11-19 00:00:00+05:30,4200.0,4375.0,4180.0,4180.0,4002
2025-11-20 00:00:00+05:30,4251.9,4251.9,4144.0,4145.0,3161
2025-11-21 00:00:00+05:30,4175.0,4175.0,3980.0,4017.6,3439
2025-11-24 00:00:00+05:30,3920.1,4000.0,3825.0,3960.0,3637
2025-11-25 00:00:00+05:30,3954.4,4044.0,3875.0,3996.4,3319
2025-11-26 00:00:00+05:30,4085.0,4196.2,3925.0,4190.0,3165
2025-11-27 00:00:00+05:30,4200.0,4392.0,4080.0,4260.0,3287
2025-11-28 00:00:00+05:30,4382.4,4515.0,4166.2,4449.0,4370
2025-12-01 00:00:00+05:30,4376.0,4453.0,4277.5,4277.5,2163
2025-12-02 00:00:00+05:30,4207.0,4291.9,4100.0,4199.0,3286
2025-12-03 00:00:00+05:30,4150.0,4186.0,4039.2,4039.2,1407
2025-12-04 00:00:00+05:30,4075.2,4075.2,3986.0,3995.5,958
2025-12-05 00:00:00+05:30,4048.9,4048.9,3920.0,3927.2,2886
2025-12-08 00:00:00+05:30,3910.0,3963.8,3737.0,3750.0,5860
2025-12-09 00:00:00+05:30,3721.0,3832.7,3649.9,3799.0,4800
2025-12-10 00:00:00+05:30,3800.0,3959.9,3760.0,3862.0,2575
2025-12-11 00:00:00+05:30,3905.2,3905.2,3779.5,3859.8,2807
2025-12-12 00:00:00+05:30,3960.0,3960.0,3816.1,3877.0,1953
2025-12-15 00:00:00+05:30,3877.0,3911.4,3771.0,3818.3,2381
2025-12-16 00:00:00+05:30,3805.0,3850.0,3780.0,3815.0,2076
2025-12-17 00:00:00+05:30,3859.5,3859.5,3773.3,3790.0,1764
2025-12-18 00:00:00+05:30,3763.0,3780.0,3725.1,3758.0,1461
2025-12-19 00:00:00+05:30,3758.0,4049.0,3758.0,3940.0,12665
2025-12-22 00:00:00+05:30,4049.0,4318.0,3950.4,4211.2,6797
2025-12-23 00:00:00+05:30,4283.6,4296.9,4075.1,4289.9,6464
2025-12-24 00:00:00+05:30,4240.6,4289.9,4125.4,4160.0,2229
2025-12-26 00:00:00+05:30,4141.4,4174.0,4099.9,4151.3,2636
2025-12-29 00:00:00+05:30,4112.6,4240.0,4090.0,4150.0,4236
2025-12-30 00:00:00+05:30,4170.0,4383.7,4170.0,4342.2,5467
2025-12-31 00:00:00+05:30,4400.0,4471.0,4338.4,4440.4,6268
2026-01-01 00:00:00+05:30,4498.0,4527.3,4333.0,4390.0,43625
2026-01-02 00:00:00+05:30,4400.0,4460.0,4329.9,4441.0,8550
2026-01-05 00:00:00+05:30,4469.4,4471.5,4385.1,4385.1,3298
2026-01-06 00:00:00+05:30,4475.0,4475.0,4305.0,4385.0,2218
2026-01-07 00:00:00+05:30,4325.0,4460.0,4278.2,4400.0,21510
2026-01-08 00:00:00+05:30,4350.0,4410.6,4340.4,4397.0,5224
2026-01-09 00:00:00+05:30,4388.2,4388.2,4309.0,4355.9,4816
2026-01-12 00:00:00+05:30,4350.0,4350.6,4260.0,4281.0,4745
2026-01-13 00:00:00+05:30,4336.1,4349.9,4280.0,4280.0,1696
2026-01-14 00:00:00+05:30,4319.2,4360.0,4285.0,4340.6,8343
2026-01-16 00:00:00+05:30,4324.3,4403.0,4310.0,4387.0,2367
2026-01-19 00:00:00+05:30,4362.1,4400.0,4308.0,4350.0,2648
2026-01-20 00:00:00+05:30,4333.0,4342.3,4200.0,4276.1,4057
2026-01-21 00:00:00+05:30,4160.1,4267.9,4050.0,4158.2,10179
2026-01-22 00:00:00+05:30,4244.0,4244.0,4055.0,4101.1,3422
2026-01-23 00:00:00+05:30,4088.0,4108.5,3900.0,3913.9,3348
2026-01-27 00:00:00+05:30,3806.7,4111.6,3790.0,4049.6,6351
2026-01-28 00:00:00+05:30,3966.1,4074.4,3934.5,3997.6,4859
2026-01-29 00:00:00+05:30,4014.3,4250.8,3970.7,4225.0,4467
2026-01-30 00:00:00+05:30,4203.9,4389.0,4135.7,4363.7,7875
2026-02-01 00:00:00+05:30,4260.0,4340.0,4105.0,4166.8,2271
2026-02-02 00:00:00+05:30,4184.0,4299.0,3979.1,4260.7,6501
2026-02-03 00:00:00+05:30,4400.0,4430.9,4214.7,4381.4,3065
2026-02-04 00:00:00+05:30,4381.3,4428.0,4335.0,4403.3,2572
2026-02-05 00:00:00+05:30,4425.3,4490.0,4364.8,4467.8,3782
2026-02-06 00:00:00+05:30,4445.4,4476.2,4222.1,4261.8,3091
2026-02-09 00:00:00+05:30,4345.5,4495.9,4212.6,4470.2,6726
2026-02-10 00:00:00+05:30,4492.3,4540.0,4402.0,4482.2,2624
2026-02-11 00:00:00+05:30,4482.2,4482.2,4420.0,4459.1,1528
2026-02-12 00:00:00+05:30,4462.0,4629.0,4265.5,4374.6,8659
2026-02-13 00:00:00+05:30,4301.0,4380.0,4259.4,4304.3,2805
2026-02-16 00:00:00+05:30,4308.6,4308.6,4116.0,4163.9,3340
2026-02-17 00:00:00+05:30,4179.8,4370.0,4135.1,4238.6,4211
2026-02-18 00:00:00+05:30,4298.0,4298.0,4160.0,4189.6,1983
2026-02-19 00:00:00+05:30,4265.0,4265.0,4073.7,4089.6,2609
2026-02-20 00:00:00+05:30,4150.0,4150.0,4025.0,4045.0,2419
2026-02-23 00:00:00+05:30,4145.0,4145.0,3990.0,4027.7,4824
2026-02-24 00:00:00+05:30,4000.1,4190.0,3986.0,4172.6,5544
2026-02-25 00:00:00+05:30,4163.1,4510.0,4163.0,4490.4,30945
2026-02-26 00:00:00+05:30,4400.3,4580.2,4302.2,4377.7,7897
2026-02-27 00:00:00+05:30,4367.0,4466.0,4316.1,4404.1,5611
2026-03-02 00:00:00+05:30,4246.5,4439.8,4221.0,4279.9,6380
2026-03-04 00:00:00+05:30,4250.0,4250.0,4071.1,4132.3,5661
2026-03-05 00:00:00+05:30,4192.1,4203.1,4071.1,4151.2,3565
2026-03-06 00:00:00+05:30,4154.0,4200.0,4095.1,4179.0,2474
2026-03-09 00:00:00+05:30,4158.1,4158.1,3950.5,4071.9,7788
2026-03-10 00:00:00+05:30,4124.9,4172.0,4050.2,4151.5,4103
2026-03-11 00:00:00+05:30,4199.0,4221.0,4128.1,4197.0,2093
2026-03-12 00:00:00+05:30,4130.0,4181.1,4063.1,4092.0,2475
2026-03-13 00:00:00+05:30,4120.0,4132.9,4010.0,4095.3,4540
2026-03-16 00:00:00+05:30,4100.0,4330.0,4051.0,4192.4,9147
2026-03-17 00:00:00+05:30,4198.3,4234.9,4128.3,4148.3,2971
2026-03-18 00:00:00+05:30,4189.8,4298.0,4167.3,4229.1,2610
2026-03-19 00:00:00+05:30,4195.0,4195.0,4016.0,4051.6,3268
2026-03-20 00:00:00+05:30,4100.0,4129.5,4055.0,4073.3,2392
2026-03-23 00:00:00+05:30,4015.0,4039.0,3927.0,3949.0,3805
2026-03-24 00:00:00+05:30,4053.0,4083.6,3961.5,4029.9,2613
2026-03-25 00:00:00+05:30,4087.0,4177.0,4051.0,4067.7,2154
2026-03-27 00:00:00+05:30,4027.0,4098.6,3993.8,4032.2,3310
2026-03-30 00:00:00+05:30,3983.6,4281.0,3956.8,4229.6,10358
2026-04-01 00:00:00+05:30,4228.0,4263.4,4132.5,4194.8,4046
2026-04-02 00:00:00+05:30,4177.7,4255.9,4101.7,4192.6,2841
2026-04-06 00:00:00+05:30,4220.0,4270.0,4125.1,4210.9,3837
2026-04-07 00:00:00+05:30,4252.3,4290.0,4176.0,4185.5,1945
2026-04-08 00:00:00+05:30,4241.0,4339.0,4230.0,4250.8,8402
2026-04-09 00:00:00+05:30,4300.0,4310.8,4202.0,4294.9,4813
2026-04-10 00:00:00+05:30,4294.9,4399.0,4294.9,4371.8,4396
2026-04-13 00:00:00+05:30,4303.0,4425.0,4303.0,4411.9,3622
2026-04-15 00:00:00+05:30,4490.0,4741.0,4450.0,4704.7,15282
2026-04-16 00:00:00+05:30,4708.0,4835.9,4663.5,4713.0,7337
2026-04-17 00:00:00+05:30,4763.3,4825.5,4705.0,4735.6,4584
2026-04-20 00:00:00+05:30,4720.0,4819.2,4720.0,4761.0,4020
2026-04-21 00:00:00+05:30,4780.0,4949.9,4730.0,4801.0,10525
2026-04-22 00:00:00+05:30,4839.4,4871.9,4771.2,4826.5,4471
2026-04-23 00:00:00+05:30,4830.0,4990.0,4797.7,4917.6,14972
2026-04-24 00:00:00+05:30,4924.9,5070.0,4887.1,4920.4,15367
2026-04-27 00:00:00+05:30,4924.5,5139.0,4810.1,4854.3,19010
2026-04-28 00:00:00+05:30,4859.0,4873.5,4611.0,4657.6,13733
2026-04-29 00:00:00+05:30,4650.0,4711.5,4545.0,4652.6,8660
2026-04-30 00:00:00+05:30,4689.5,4819.9,4567.8,4779.1,9214
2026-05-04 00:00:00+05:30,4878.9,4913.8,4698.2,4731.3,11108
2026-05-05 00:00:00+05:30,4769.2,4922.8,4700.0,4856.2,6443
2026-05-06 00:00:00+05:30,4985.8,5070.0,4863.7,5007.2,7845
2026-05-07 00:00:00+05:30,5050.0,5079.8,4925.6,4959.7,4848
2026-05-08 00:00:00+05:30,4958.5,5399.4,4897.0,5374.9,42902
2026-05-11 00:00:00+05:30,5425.0,5476.0,5264.1,5311.4,11999
2026-05-12 00:00:00+05:30,5298.9,5389.9,5195.9,5261.3,7629
2026-05-13 00:00:00+05:30,5156.2,5293.4,5125.5,5198.8,6700
2026-05-14 00:00:00+05:30,5146.4,5294.9,5146.4,5175.5,3327
2026-05-15 00:00:00+05:30,5119.6,5239.0,5038.1,5177.1,4022
2026-05-18 00:00:00+05:30,5177.1,5353.0,5100.0,5303.6,11977
2026-05-19 00:00:00+05:30,5330.2,5447.9,5201.0,5225.4,7019
2026-05-20 00:00:00+05:30,5181.3,5261.2,5138.7,5231.9,4230
2026-05-21 00:00:00+05:30,5289.8,5314.8,5131.0,5172.2,2818
2026-05-22 00:00:00+05:30,5137.2,5214.9,5104.5,5135.7,3282
2026-05-25 00:00:00+05:30,5190.0,5339.8,5125.0,5271.5,7655
2026-05-26 00:00:00+05:30,5300.4,5553.0,5251.1,5528.1,23431
2026-05-27 00:00:00+05:30,5566.1,5656.6,5500.0,5540.5,14790
2026-05-29 00:00:00+05:30,5601.5,5699.4,5325.0,5473.4,13939
2026-06-01 00:00:00+05:30,5582.5,5599.0,5223.5,5296.0,33697
2026-06-02 00:00:00+05:30,5295.0,5400.0,5237.5,5340.0,3306
2026-06-03 00:00:00+05:30,5325.0,5454.5,5225.0,5274.0,7305
2026-06-04 00:00:00+05:30,5270.0,5469.5,5263.5,5370.0,5312
2026-06-05 00:00:00+05:30,5449.5,5449.5,5285.0,5367.0,3752
2026-06-08 00:00:00+05:30,5340.0,5399.0,5229.0,5269.0,3001
2026-06-09 00:00:00+05:30,5270.0,5385.0,5166.0,5196.0,4855
2026-06-10 00:00:00+05:30,5196.0,5249.5,5041.0,5060.0,5360
2026-06-11 00:00:00+05:30,5000.0,5104.0,4931.0,5071.0,4075
2026-06-12 00:00:00+05:30,5138.5,5248.5,5062.5,5108.0,2180
2026-06-15 00:00:00+05:30,5150.0,5179.5,4971.0,5012.5,10970
2026-06-16 00:00:00+05:30,5012.5,5124.0,5012.5,5087.5,3997
2026-06-17 00:00:00+05:30,5087.5,5265.0,5062.0,5123.5,23396
2026-06-18 00:00:00+05:30,5138.0,5159.0,5082.5,5126.5,5803
2026-06-19 00:00:00+05:30,5126.5,5210.0,5051.5,5159.5,6285
2026-06-22 00:00:00+05:30,5160.0,5199.5,5053.0,5078.5,4581
2026-06-23 00:00:00+05:30,5114.0,5256.0,5045.5,5156.0,9035
2026-06-24 00:00:00+05:30,5109.0,5160.0,5025.5,5059.5,3871
2026-06-25 00:00:00+05:30,5084.5,5150.0,5018.5,5059.0,4186
2026-06-29 00:00:00+05:30,5084.5,5093.5,4948.0,4987.0,6213
2026-06-30 00:00:00+05:30,4987.0,5244.5,4952.5,5162.5,10357
2026-07-01 00:00:00+05:30,5111.0,5150.0,5055.5,5103.0,4638
2026-07-02 00:00:00+05:30,5110.0,5157.0,5080.5,5107.5,6751
2026-07-03 00:00:00+05:30,5120.0,5148.5,5050.0,5108.5,4236
2026-07-06 00:00:00+05:30,5101.0,5151.0,5010.0,5054.0,12289
2026-07-07 00:00:00+05:30,5054.5,5199.0,5010.0,5101.5,23735
2026-07-08 00:00:00+05:30,5050.5,5099.5,4957.0,4983.5,3118
2026-07-09 00:00:00+05:30,4955.0,5099.0,4955.0,5038.5,4455
2026-07-10 00:00:00+05:30,5067.5,5158.0,5026.0,5146.5,4904
2026-07-13 00:00:00+05:30,5146.5,5184.0,5007.0,5117.0,6101
2026-07-14 00:00:00+05:30,5141.0,5141.0,4987.0,5056.0,4895
2026-07-15 00:00:00+05:30,5060.0,5111.5,5011.0,5074.5,2476
2026-07-16 00:00:00+05:30,5057.5,5145.0,4978.0,5106.5,2193
2026-07-17 00:00:00+05:30,5081.0,5098.0,5020.0,5037.5,5487
2026-07-20 00:00:00+05:30,5045.5,5094.0,5007.0,5050.0,3230
2026-07-21 00:00:00+05:30,5051.5,5073.5,5010.0,5049.5,2621
2026-07-22 00:00:00+05:30,5074.0,5207.0,5005.5,5068.0,7064
2026-07-23 00:00:00+05:30,5052.5,5150.0,4980.5,5025.0,1940
2026-07-24 00:00:00+05:30,5025.0,5250.0,4983.0,5212.0,10477
2026-07-27 00:00:00+05:30,5114.0,5484.5,5101.0,5128.5,18705
2026-07-28 00:00:00+05:30,5060.0,5115.5,4891.0,5016.0,10957
2026-07-29 00:00:00+05:30,4992.0,5084.5,4980.0,5050.5,3412
2026-07-30 00:00:00+05:30,5050.5,5117.0,5002.5,5101.0,2751
2026-07-31 00:00:00+05:30,5116.5,5305.5,5054.5,5248.5,9251
2026-08-03 00:00:00+05:30,5248.0,5250.5,5160.0,5185.5,2833
2026-08-04 00:00:00+05:30,5251.0,5273.0,5141.5,5174.5,3170
2026-08-05 00:00:00+05:30,5185.5,5200.0,5149.0,5163.5,1676
2026-08-06 00:00:00+05:30,5200.0,5450.0,5102.5,5344.0,24750
2026-08-07 00:00:00+05:30,5344.0,5600.0,5305.0,5549.5,46554
2026-08-10 00:00:00+05:30,5600.0,5741.0,5549.5,5622.5,17755
2026-08-11 00:00:00+05:30,5665.0,5748.0,5595.0,5708.0,13171
2026-08-12 00:00:00+05:30,5730.0,6077.0,5720.0,5949.5,53262
2026-08-13 00:00:00+05:30,6038.5,6200.0,5950.0,6028.5,27995
2026-08-14 00:00:00+05:30,6000.0,6077.5,5777.0,5870.0,27699
2026-08-17 00:00:00+05:30,6120.0,6144.0,5785.5,6087.5,143470
2026-08-18 00:00:00+05:30,6087.5,6087.5,5905.5,5974.5,21586
2026-08-19 00:00:00+05:30,6060.0,6100.0,5670.0,5780.0,29327
2026-08-20 00:00:00+05:30,5859.5,5924.5,5704.5,5857.5,19945
2026-08-21 00:00:00+05:30,5857.5,5898.0,5764.0,5813.5,9234
2026-08-24 00:00:00+05:30,5810.0,5878.0,5710.0,5744.0,7966
2026-08-25 00:00:00+05:30,5837.0,5946.0,5731.0,5909.5,12406
2026-08-26 00:00:00+05:30,5911.0,6090.0,5911.0,6060.5,16728
2026-08-27 00:00:00+05:30,6090.0,6090.0,5930.0,5960.5,6668
2026-08-28 00:00:00+05:30,5950.0,5975.0,5910.0,5947.0,4643
2026-08-31 00:00:00+05:30,5910.5,6080.0,5855.5,6050.5,9546
2026-09-01 00:00:00+05:30,6042.0,6070.0,5920.0,6030.0,7223
2026-09-02 00:00:00+05:30,6050.5,6050.5,5875.0,5932.0,5721
2026-09-03 00:00:00+05:30,5958.0,6017.5,5860.5,5888.0,5834
2026-09-04 00:00:00+05:30,5910.0,6050.0,5887.0,5932.5,8112
2026-09-07 00:00:00+05:30,5915.0,6098.5,5880.0,6056.5,12213
2026-09-08 00:00:00+05:30,6099.0,6137.0,5993.5,6037.0,12243
2026-09-09 00:00:00+05:30,6070.5,6187.0,5975.0,6157.5,23001
2026-09-10 00:00:00+05:30,6201.0,6347.0,6127.0,6227.5,56247
2026-09-11 00:00:00+05:30,6215.0,6240.0,6087.0,6197.0,15424
2026-09-15 00:00:00+05:30,6280.0,6280.0,5701.5,5754.0,37408
2026-09-16 00:00:00+05:30,5694.0,5980.0,5675.5,5889.0,18912
2026-09-17 00:00:00+05:30,5884.0,5960.0,5826.0,5855.5,9494
2026-09-18 00:00:00+05:30,5907.0,5950.0,5799.0,5828.0,6576
2026-09-21 00:00:00+05:30,5820.0,6097.5,5746.5,6062.0,19618
2026-09-22 00:00:00+05:30,6062.0,6300.0,6056.0,6168.5,21396
2026-09-23 00:00:00+05:30,6219.5,6300.0,6201.0,6240.5,7818
2026-09-24 00:00:00+05:30,6239.0,6435.0,6185.5,6228.5,14512
2026-09-25 00:00:00+05:30,6279.0,6279.0,6175.0,6211.0,5672
