Date,Open,High,Low,Close,Volume
2015-12-28 00:00:00+05:30,122.0,125.5,119.25,120.95,970838
2015-12-29 00:00:00+05:30,121.4,125.0,120.8,123.5,1038114
2015-12-30 00:00:00+05:30,124.55,124.9,121.1,122.1,654726
2015-12-31 00:00:00+05:30,123.25,124.9,121.2,122.85,749442
2016-01-01 00:00:00+05:30,123.95,124.4,122.15,123.55,196848
2016-01-04 00:00:00+05:30,124.0,124.75,118.15,120.85,516884
2016-01-05 00:00:00+05:30,121.8,125.0,120.6,123.2,337830
2016-01-06 00:00:00+05:30,122.0,124.95,120.0,121.55,476686
2016-01-07 00:00:00+05:30,119.0,119.7,114.65,116.45,419520
2016-01-08 00:00:00+05:30,117.95,118.95,115.8,116.35,176810
2016-01-11 00:00:00+05:30,115.8,117.3,113.75,115.1,161088
2016-01-12 00:00:00+05:30,115.8,116.0,111.85,112.95,260072
2016-01-13 00:00:00+05:30,114.5,114.6,100.05,108.1,486768
2016-01-14 00:00:00+05:30,105.0,112.9,102.0,111.6,168014
2016-01-15 00:00:00+05:30,114.5,116.4,102.0,103.2,265846
2016-01-18 00:00:00+05:30,103.7,106.2,101.0,102.05,248716
2016-01-19 00:00:00+05:30,105.3,114.0,102.5,108.6,629014
2016-01-20 00:00:00+05:30,109.0,109.0,100.8,102.4,823104
2016-01-21 00:00:00+05:30,107.0,107.0,101.25,102.9,133556
2016-01-22 00:00:00+05:30,105.0,108.7,103.6,105.1,74356
2016-01-25 00:00:00+05:30,107.5,108.7,104.5,104.9,29068
2016-01-27 00:00:00+05:30,103.7,106.35,102.55,103.5,76988
2016-01-28 00:00:00+05:30,104.5,108.0,103.5,106.35,157806
2016-01-29 00:00:00+05:30,107.0,116.0,107.0,112.55,209914
2016-02-01 00:00:00+05:30,114.3,114.3,101.0,110.2,53962
2016-02-02 00:00:00+05:30,110.0,111.4,102.7,104.65,78130
2016-02-03 00:00:00+05:30,105.0,111.0,102.5,105.0,74990
2016-02-04 00:00:00+05:30,107.3,107.3,102.5,103.8,46904
2016-02-05 00:00:00+05:30,104.0,106.9,101.95,102.95,286416
2016-02-08 00:00:00+05:30,104.0,106.75,102.5,103.0,48162
2016-02-09 00:00:00+05:30,100.3,103.3,100.15,101.45,78074
2016-02-10 00:00:00+05:30,100.05,102.0,94.0,97.55,102938
2016-02-11 00:00:00+05:30,98.0,98.0,86.5,90.15,131588
2016-02-12 00:00:00+05:30,92.7,92.8,85.05,89.8,157908
2016-02-15 00:00:00+05:30,97.8,101.7,89.15,100.4,247012
2016-02-16 00:00:00+05:30,101.8,101.8,90.0,92.45,95978
2016-02-17 00:00:00+05:30,89.75,93.0,87.0,90.25,61766
2016-02-18 00:00:00+05:30,93.9,96.0,91.0,92.45,49340
2016-02-19 00:00:00+05:30,88.0,94.9,88.0,90.55,16156
2016-02-22 00:00:00+05:30,91.0,93.0,90.7,92.0,8268
2016-02-23 00:00:00+05:30,92.55,92.55,87.25,89.1,29900
2016-02-24 00:00:00+05:30,90.1,100.0,88.05,91.1,451166
2016-02-25 00:00:00+05:30,94.0,94.75,87.0,89.65,72718
2016-02-26 00:00:00+05:30,97.0,97.0,86.55,88.85,206952
2016-02-29 00:00:00+05:30,88.15,94.8,87.1,91.6,77282
2016-03-01 00:00:00+05:30,91.6,94.25,79.5,92.25,140198
2016-03-02 00:00:00+05:30,91.2,98.0,91.2,93.4,222280
2016-03-03 00:00:00+05:30,93.5,94.0,91.5,92.6,25782
2016-03-04 00:00:00+05:30,91.0,94.25,89.0,90.95,37098
2016-03-08 00:00:00+05:30,89.1,91.9,89.0,89.7,42484
2016-03-09 00:00:00+05:30,89.05,92.0,89.05,89.6,230876
2016-03-10 00:00:00+05:30,91.4,91.4,88.55,89.1,180372
2016-03-11 00:00:00+05:30,90.0,91.9,89.9,90.45,328460
2016-03-14 00:00:00+05:30,90.0,96.0,90.0,95.05,87018
2016-03-15 00:00:00+05:30,95.95,97.5,91.05,93.1,277166
2016-03-16 00:00:00+05:30,94.9,95.3,90.05,91.45,51660
2016-03-17 00:00:00+05:30,90.0,92.85,89.0,89.25,41738
2016-03-18 00:00:00+05:30,89.3,91.9,88.95,91.7,314184
2016-03-21 00:00:00+05:30,90.3,92.9,89.95,90.25,18616
2016-03-22 00:00:00+05:30,91.75,91.75,89.05,89.45,12636
2016-03-23 00:00:00+05:30,91.5,91.5,85.75,88.55,23298
2016-03-28 00:00:00+05:30,89.0,90.0,86.7,88.1,33930
2016-03-29 00:00:00+05:30,87.3,94.45,87.3,93.5,158098
2016-03-30 00:00:00+05:30,94.9,97.5,92.75,95.55,123830
2016-03-31 00:00:00+05:30,96.9,103.0,93.85,98.05,643050
2016-04-01 00:00:00+05:30,97.85,99.35,94.0,95.15,488436
2016-04-04 00:00:00+05:30,95.9,97.1,94.5,95.4,63816
2016-04-05 00:00:00+05:30,93.35,96.5,93.35,94.65,265962
2016-04-06 00:00:00+05:30,95.0,96.0,94.0,94.65,49932
2016-04-07 00:00:00+05:30,95.0,99.0,93.95,95.2,247728
2016-04-08 00:00:00+05:30,95.0,96.9,93.6,93.8,5906
2016-04-11 00:00:00+05:30,96.5,97.9,94.25,94.9,36042
2016-04-12 00:00:00+05:30,96.3,96.3,93.55,93.9,25754
2016-04-13 00:00:00+05:30,94.8,94.85,93.05,93.5,15174
2016-04-18 00:00:00+05:30,95.0,95.0,91.55,92.2,39074
2016-04-20 00:00:00+05:30,93.3,93.3,90.75,91.25,559430
2016-04-21 00:00:00+05:30,91.25,94.25,91.25,92.85,112206
2016-04-22 00:00:00+05:30,91.5,92.5,90.85,91.25,37094
2016-04-25 00:00:00+05:30,92.5,93.0,89.6,90.55,62750
2016-04-26 00:00:00+05:30,91.0,91.95,90.0,90.45,17768
2016-04-27 00:00:00+05:30,91.1,92.25,91.1,91.65,33460
2016-04-28 00:00:00+05:30,91.0,91.65,90.0,90.15,24756
2016-04-29 00:00:00+05:30,91.3,99.8,89.2,95.25,927282
2016-05-02 00:00:00+05:30,94.0,94.1,90.1,90.6,33978
2016-05-03 00:00:00+05:30,90.2,92.0,89.15,90.45,25540
2016-05-04 00:00:00+05:30,91.0,92.8,90.15,90.8,28876
2016-05-05 00:00:00+05:30,91.5,92.0,90.05,90.05,14622
2016-05-06 00:00:00+05:30,89.2,91.35,89.2,90.2,3830
2016-05-09 00:00:00+05:30,89.15,90.1,88.5,89.5,18410
2016-05-10 00:00:00+05:30,89.05,90.85,88.05,89.65,13440
2016-05-11 00:00:00+05:30,89.0,89.0,85.15,87.6,46310
2016-05-12 00:00:00+05:30,87.05,87.9,85.05,85.9,57142
2016-05-13 00:00:00+05:30,86.95,88.0,85.95,87.55,25922
2016-05-16 00:00:00+05:30,86.6,87.15,85.55,86.25,30186
2016-05-17 00:00:00+05:30,85.3,86.0,83.25,85.35,67926
2016-05-18 00:00:00+05:30,86.8,86.8,82.1,84.55,83634
2016-05-19 00:00:00+05:30,85.45,85.6,83.0,83.3,321942
2016-05-20 00:00:00+05:30,82.1,84.0,79.1,80.9,55324
2016-05-23 00:00:00+05:30,79.55,85.05,78.5,79.75,62958
2016-05-24 00:00:00+05:30,79.3,79.95,71.65,75.3,42216
2016-05-25 00:00:00+05:30,75.0,79.5,72.05,77.6,109560
2016-05-26 00:00:00+05:30,77.05,78.5,75.8,76.7,45998
2016-05-27 00:00:00+05:30,77.4,79.95,75.6,78.4,141310
2016-05-30 00:00:00+05:30,78.0,89.8,76.7,80.2,172456
2016-05-31 00:00:00+05:30,84.0,88.0,79.05,86.6,608764
2016-06-01 00:00:00+05:30,84.3,86.2,83.95,84.95,48898
2016-06-02 00:00:00+05:30,85.0,87.9,82.6,86.4,285786
2016-06-03 00:00:00+05:30,86.0,88.0,81.75,83.45,179752
2016-06-06 00:00:00+05:30,82.25,87.5,79.9,83.9,241880
2016-06-07 00:00:00+05:30,86.45,86.45,81.05,81.9,24332
2016-06-08 00:00:00+05:30,82.0,84.5,80.15,80.5,29344
2016-06-09 00:00:00+05:30,80.25,81.0,79.75,79.95,20742
2016-06-10 00:00:00+05:30,80.0,80.9,79.6,80.2,21152
2016-06-13 00:00:00+05:30,79.6,80.0,77.55,78.75,32492
2016-06-14 00:00:00+05:30,78.15,82.8,77.0,80.45,52534
2016-06-15 00:00:00+05:30,80.05,83.25,79.1,80.85,59294
2016-06-16 00:00:00+05:30,80.95,80.95,77.15,79.05,63012
2016-06-17 00:00:00+05:30,80.0,80.9,78.15,79.7,72344
2016-06-20 00:00:00+05:30,79.85,81.25,78.0,79.5,18226
2016-06-21 00:00:00+05:30,79.0,79.85,78.0,79.4,3616
2016-06-22 00:00:00+05:30,80.45,81.2,77.1,77.7,62198
2016-06-23 00:00:00+05:30,78.7,80.0,76.1,79.05,97070
2016-06-24 00:00:00+05:30,77.0,77.6,74.0,77.05,93916
2016-06-27 00:00:00+05:30,76.95,79.45,76.95,78.05,32682
2016-06-28 00:00:00+05:30,78.0,81.8,77.2,78.75,117950
2016-06-29 00:00:00+05:30,79.7,86.0,78.25,82.0,92048
2016-06-30 00:00:00+05:30,82.0,85.0,78.2,80.65,297598
2016-07-01 00:00:00+05:30,80.3,82.85,72.5,76.65,186756
2016-07-04 00:00:00+05:30,77.6,78.95,76.75,78.0,41542
2016-07-05 00:00:00+05:30,78.0,78.7,76.15,76.8,21190
2016-07-07 00:00:00+05:30,76.85,82.0,76.85,81.0,159436
2016-07-08 00:00:00+05:30,79.5,81.8,79.5,80.55,225034
2016-07-11 00:00:00+05:30,80.9,86.0,76.6,77.25,269040
2016-07-12 00:00:00+05:30,77.0,78.95,77.0,77.45,44364
2016-07-13 00:00:00+05:30,77.35,77.75,73.05,74.65,29390
2016-07-14 00:00:00+05:30,74.3,77.45,74.3,75.1,35516
2016-07-15 00:00:00+05:30,75.95,76.45,73.0,74.1,15062
2016-07-18 00:00:00+05:30,74.1,74.85,72.7,73.8,24008
2016-07-19 00:00:00+05:30,74.6,74.75,72.6,73.0,16194
2016-07-20 00:00:00+05:30,73.0,75.7,73.0,73.85,46198
2016-07-21 00:00:00+05:30,74.45,75.45,73.1,74.15,3932
2016-07-22 00:00:00+05:30,73.1,75.9,73.0,74.3,37338
2016-07-25 00:00:00+05:30,74.1,75.0,73.15,74.15,56748
2016-07-26 00:00:00+05:30,74.05,77.45,73.2,76.8,37036
2016-07-27 00:00:00+05:30,76.1,78.5,75.0,77.4,19028
2016-07-28 00:00:00+05:30,77.05,81.25,77.05,79.75,112060
2016-07-29 00:00:00+05:30,80.0,87.5,79.55,80.8,199616
2016-08-01 00:00:00+05:30,81.0,82.05,76.25,78.8,54852
2016-08-02 00:00:00+05:30,79.4,82.0,78.25,80.7,97942
2016-08-03 00:00:00+05:30,80.1,81.9,78.55,80.9,38478
2016-08-04 00:00:00+05:30,81.65,81.65,80.0,80.5,16726
2016-08-05 00:00:00+05:30,80.5,81.7,77.55,78.75,90870
2016-08-08 00:00:00+05:30,78.15,79.95,76.6,77.3,25044
2016-08-09 00:00:00+05:30,77.95,77.95,74.55,75.45,33514
2016-08-10 00:00:00+05:30,76.95,81.7,74.05,75.65,54294
2016-08-11 00:00:00+05:30,76.55,76.55,74.2,75.5,17076
2016-08-12 00:00:00+05:30,76.85,78.55,76.5,77.6,28276
2016-08-16 00:00:00+05:30,79.0,86.8,78.0,79.4,391148
2016-08-17 00:00:00+05:30,80.0,81.95,78.5,78.7,37688
2016-08-18 00:00:00+05:30,78.15,78.9,75.5,76.75,14930
2016-08-19 00:00:00+05:30,77.45,78.4,75.65,76.4,27062
2016-08-22 00:00:00+05:30,76.05,77.35,73.45,74.1,149198
2016-08-23 00:00:00+05:30,74.75,75.35,72.0,74.15,65790
2016-08-24 00:00:00+05:30,74.75,75.7,73.5,74.15,30396
2016-08-25 00:00:00+05:30,73.65,78.9,73.5,75.5,10516
2016-08-26 00:00:00+05:30,75.9,75.9,73.25,74.5,17402
2016-08-29 00:00:00+05:30,73.65,75.0,73.5,74.0,11912
2016-08-30 00:00:00+05:30,74.05,74.9,73.55,74.2,18326
2016-08-31 00:00:00+05:30,75.15,75.15,73.45,74.0,36884
2016-09-01 00:00:00+05:30,73.25,75.1,72.55,73.0,50320
2016-09-02 00:00:00+05:30,74.45,74.45,71.6,71.95,23760
2016-09-06 00:00:00+05:30,72.5,72.65,69.2,70.5,40120
2016-09-07 00:00:00+05:30,70.05,73.7,69.75,70.3,20434
2016-09-08 00:00:00+05:30,70.3,70.85,69.05,69.35,41346
2016-09-09 00:00:00+05:30,69.0,70.45,68.1,69.3,13234
2016-09-12 00:00:00+05:30,68.85,72.4,64.0,70.0,93748
2016-09-14 00:00:00+05:30,69.95,70.0,67.4,68.25,68414
2016-09-15 00:00:00+05:30,68.3,68.95,65.9,67.25,30990
2016-09-16 00:00:00+05:30,68.0,69.45,64.55,66.35,79194
2016-09-19 00:00:00+05:30,66.0,68.6,65.6,66.15,219454
2016-09-20 00:00:00+05:30,67.5,67.5,65.8,66.3,134656
2016-09-21 00:00:00+05:30,66.5,66.75,64.95,65.65,202832
2016-09-22 00:00:00+05:30,66.65,66.65,64.0,64.55,37114
2016-09-23 00:00:00+05:30,64.3,65.4,64.0,64.45,37266
2016-09-26 00:00:00+05:30,64.05,65.0,61.1,64.25,128286
2016-09-27 00:00:00+05:30,63.2,65.45,63.2,64.8,638754
2016-09-28 00:00:00+05:30,65.0,70.25,64.1,65.55,203934
2016-09-29 00:00:00+05:30,65.0,66.9,60.75,62.2,1501694
2016-09-30 00:00:00+05:30,60.55,65.85,60.3,62.95,538210
2016-10-03 00:00:00+05:30,63.1,64.65,61.5,62.25,32250
2016-10-04 00:00:00+05:30,63.0,69.8,62.0,68.55,1158572
2016-10-05 00:00:00+05:30,70.9,70.95,66.8,67.85,70842
2016-10-06 00:00:00+05:30,69.0,69.9,64.1,65.25,48856
2016-10-07 00:00:00+05:30,66.5,67.7,63.75,64.75,13896
2016-10-10 00:00:00+05:30,66.8,66.8,62.25,64.3,115544
2016-10-13 00:00:00+05:30,63.9,65.4,62.55,63.2,910668
2016-10-14 00:00:00+05:30,62.75,64.4,61.2,62.1,441304
2016-10-17 00:00:00+05:30,61.25,63.0,57.0,61.6,652176
2016-10-18 00:00:00+05:30,64.1,67.1,59.1,63.0,281948
2016-10-19 00:00:00+05:30,63.5,64.95,63.5,64.25,19272
2016-10-20 00:00:00+05:30,66.7,66.7,63.0,64.5,39150
2016-10-21 00:00:00+05:30,66.0,66.0,62.6,63.65,124120
2016-10-24 00:00:00+05:30,65.0,65.45,63.8,64.4,37160
2016-10-25 00:00:00+05:30,65.3,65.3,63.2,63.9,268732
2016-10-26 00:00:00+05:30,67.9,67.9,63.5,63.85,17136
2016-10-27 00:00:00+05:30,64.9,64.9,62.2,63.1,265976
2016-10-28 00:00:00+05:30,64.95,64.95,62.5,64.1,39628
2016-10-30 00:00:00+05:30,65.25,66.3,63.6,65.3,8220
2016-11-01 00:00:00+05:30,65.9,68.2,65.0,65.95,75702
2016-11-02 00:00:00+05:30,67.7,67.7,63.0,65.45,22764
2016-11-03 00:00:00+05:30,64.0,64.95,63.0,63.55,1622
2016-11-04 00:00:00+05:30,62.8,62.8,59.1,60.25,62196
2016-11-07 00:00:00+05:30,62.45,62.5,59.3,62.15,9076
2016-11-08 00:00:00+05:30,62.4,64.3,60.0,62.55,11516
2016-11-09 00:00:00+05:30,59.0,62.0,57.0,60.2,20374
2016-11-10 00:00:00+05:30,65.0,65.0,60.55,61.4,19508
2016-11-11 00:00:00+05:30,63.9,64.5,59.0,60.35,8350
2016-11-15 00:00:00+05:30,63.4,63.5,54.2,56.7,30730
2016-11-16 00:00:00+05:30,61.8,63.0,56.2,58.6,14042
2016-11-17 00:00:00+05:30,60.9,60.9,57.2,58.2,3426
2016-11-18 00:00:00+05:30,60.8,60.8,54.95,58.9,13530
2016-11-21 00:00:00+05:30,61.3,61.3,51.95,53.1,28126
2016-11-22 00:00:00+05:30,59.55,59.55,52.5,56.0,660630
2016-11-23 00:00:00+05:30,54.2,59.0,54.2,58.4,174308
2016-11-24 00:00:00+05:30,58.9,58.9,55.45,58.35,21750
2016-11-25 00:00:00+05:30,57.25,59.0,57.05,57.85,4118
2016-11-28 00:00:00+05:30,57.1,60.0,57.05,58.3,640062
2016-11-29 00:00:00+05:30,59.0,59.0,58.05,58.35,12694
2016-11-30 00:00:00+05:30,57.25,60.6,57.0,57.5,12806
2016-12-01 00:00:00+05:30,59.65,59.65,57.2,58.05,41714
2016-12-02 00:00:00+05:30,57.15,62.0,57.15,60.7,87172
2016-12-05 00:00:00+05:30,60.15,60.15,58.55,59.0,641838
2016-12-06 00:00:00+05:30,60.8,60.8,58.55,58.8,306420
2016-12-07 00:00:00+05:30,59.9,60.0,58.6,59.5,4674
2016-12-08 00:00:00+05:30,60.0,62.0,58.8,59.85,18226
2016-12-09 00:00:00+05:30,60.2,60.2,56.3,57.8,15080
2016-12-12 00:00:00+05:30,59.8,59.85,58.5,58.5,2352
2016-12-13 00:00:00+05:30,58.25,59.7,58.25,58.6,11658
2016-12-14 00:00:00+05:30,60.0,60.0,57.6,58.75,58642
2016-12-15 00:00:00+05:30,59.75,59.75,58.0,59.2,28644
2016-12-16 00:00:00+05:30,59.75,59.75,58.25,59.4,39040
2016-12-19 00:00:00+05:30,60.0,60.0,56.25,56.35,67674
2016-12-20 00:00:00+05:30,59.95,59.95,55.75,56.4,80434
2016-12-21 00:00:00+05:30,56.65,60.0,56.4,58.65,78654
2016-12-22 00:00:00+05:30,59.9,59.9,55.05,56.0,39042
2016-12-23 00:00:00+05:30,58.95,58.95,56.5,57.45,28280
2016-12-26 00:00:00+05:30,58.5,58.5,54.05,54.9,29412
2016-12-27 00:00:00+05:30,56.9,56.9,53.1,54.85,25630
2016-12-28 00:00:00+05:30,57.0,58.45,54.65,54.75,16046
2016-12-29 00:00:00+05:30,56.55,58.0,53.35,54.85,20468
2016-12-30 00:00:00+05:30,56.7,56.7,54.3,55.0,10538
2017-01-02 00:00:00+05:30,56.65,57.8,55.15,55.45,10750
2017-01-03 00:00:00+05:30,56.1,56.95,54.75,56.15,18288
2017-01-04 00:00:00+05:30,57.0,57.35,56.0,56.6,42210
2017-01-05 00:00:00+05:30,58.0,63.5,54.45,60.95,55836
2017-01-06 00:00:00+05:30,60.5,64.8,58.5,62.8,202766
2017-01-09 00:00:00+05:30,63.8,63.8,57.55,58.85,361520
2017-01-10 00:00:00+05:30,62.0,62.0,60.05,61.4,36464
2017-01-11 00:00:00+05:30,61.3,62.0,61.25,61.95,5502
2017-01-12 00:00:00+05:30,61.1,61.75,58.85,59.25,20382
2017-01-13 00:00:00+05:30,61.0,61.0,58.2,59.75,5696
2017-01-16 00:00:00+05:30,62.1,62.1,59.55,60.3,15198
2017-01-17 00:00:00+05:30,60.9,61.95,60.05,61.45,15702
2017-01-18 00:00:00+05:30,61.25,64.0,55.9,57.75,176580
2017-01-19 00:00:00+05:30,60.1,62.0,58.4,61.4,20750
2017-01-20 00:00:00+05:30,58.9,61.95,58.5,58.8,19094
2017-01-23 00:00:00+05:30,63.55,63.55,58.5,59.0,14440
2017-01-24 00:00:00+05:30,62.95,62.95,56.25,57.4,29818
2017-01-25 00:00:00+05:30,62.6,62.6,57.55,58.05,17018
2017-01-27 00:00:00+05:30,61.5,61.5,56.35,58.6,8052
2017-01-30 00:00:00+05:30,58.9,59.0,57.25,57.9,5138
2017-01-31 00:00:00+05:30,59.3,60.0,56.65,57.3,96236
2017-02-01 00:00:00+05:30,59.6,59.6,56.4,58.2,54638
2017-02-02 00:00:00+05:30,57.55,59.25,57.55,58.5,443004
2017-02-03 00:00:00+05:30,58.05,59.8,57.6,57.65,16576
2017-02-06 00:00:00+05:30,59.9,59.9,52.85,54.4,120370
2017-02-07 00:00:00+05:30,56.6,57.9,54.45,55.85,18740
2017-02-08 00:00:00+05:30,56.2,56.2,55.2,55.7,8180
2017-02-09 00:00:00+05:30,57.75,59.95,55.5,57.9,112820
2017-02-10 00:00:00+05:30,57.0,58.6,55.75,57.65,153144
2017-02-13 00:00:00+05:30,60.0,60.0,56.3,57.9,289320
2017-02-14 00:00:00+05:30,59.0,59.0,56.8,57.8,177928
2017-02-15 00:00:00+05:30,57.95,58.0,55.0,56.35,214632
2017-02-16 00:00:00+05:30,57.0,57.0,55.35,55.9,198718
2017-02-17 00:00:00+05:30,57.65,57.65,55.0,55.55,215262
2017-02-20 00:00:00+05:30,55.55,56.35,54.5,55.25,282488
2017-02-21 00:00:00+05:30,54.65,55.35,54.0,55.0,202320
2017-02-22 00:00:00+05:30,56.4,56.5,53.4,54.3,99806
2017-02-23 00:00:00+05:30,55.55,56.25,54.15,55.65,498120
2017-02-27 00:00:00+05:30,56.1,56.45,55.55,56.05,120798
2017-02-28 00:00:00+05:30,56.35,56.35,53.65,54.85,96676
2017-03-01 00:00:00+05:30,56.25,56.25,53.4,53.7,123904
2017-03-02 00:00:00+05:30,53.95,54.9,53.5,53.55,85254
2017-03-03 00:00:00+05:30,55.15,55.15,52.0,52.4,79762
2017-03-06 00:00:00+05:30,53.9,54.8,51.05,51.65,102092
2017-03-07 00:00:00+05:30,51.6,52.9,50.65,51.7,140816
2017-03-08 00:00:00+05:30,51.15,52.75,49.05,51.0,284756
2017-03-09 00:00:00+05:30,51.85,55.2,48.85,54.3,205450
2017-03-10 00:00:00+05:30,55.0,56.5,54.2,55.25,375060
2017-03-14 00:00:00+05:30,55.55,55.55,49.6,50.95,680636
2017-03-15 00:00:00+05:30,53.4,53.7,50.15,52.8,197208
2017-03-16 00:00:00+05:30,53.45,55.25,51.0,53.65,250022
2017-03-17 00:00:00+05:30,53.95,54.85,53.7,54.3,217454
2017-03-20 00:00:00+05:30,54.95,54.95,53.4,53.45,8438
2017-03-21 00:00:00+05:30,54.5,54.5,49.05,50.2,283536
2017-03-22 00:00:00+05:30,51.35,51.35,48.85,49.1,209860
2017-03-23 00:00:00+05:30,51.0,51.0,48.2,48.75,175424
2017-03-24 00:00:00+05:30,50.45,50.45,47.15,48.05,582920
2017-03-27 00:00:00+05:30,48.55,50.75,47.85,48.35,1633042
2017-03-28 00:00:00+05:30,50.0,55.8,49.95,53.0,737572
2017-03-29 00:00:00+05:30,53.9,54.0,51.5,51.9,649734
2017-03-30 00:00:00+05:30,53.85,54.15,50.35,51.0,377734
2017-03-31 00:00:00+05:30,52.75,52.75,50.85,51.25,213530
2017-04-03 00:00:00+05:30,53.0,61.5,52.05,60.0,987722
2017-04-05 00:00:00+05:30,60.6,69.8,60.25,68.05,1554952
2017-04-06 00:00:00+05:30,67.9,67.9,62.2,66.25,432218
2017-04-07 00:00:00+05:30,67.85,67.85,64.3,66.1,202206
2017-04-10 00:00:00+05:30,66.05,71.0,61.65,68.35,465066
2017-04-11 00:00:00+05:30,69.85,69.9,66.55,67.75,473614
2017-04-12 00:00:00+05:30,69.0,69.0,64.1,65.35,683284
2017-04-13 00:00:00+05:30,65.0,66.0,62.4,63.0,130374
2017-04-17 00:00:00+05:30,61.0,63.0,60.0,61.1,18230
2017-04-18 00:00:00+05:30,60.0,61.0,58.05,59.4,31848
2017-04-19 00:00:00+05:30,58.6,62.35,58.5,61.6,44442
2017-04-20 00:00:00+05:30,60.6,63.35,60.6,63.25,4018
2017-04-21 00:00:00+05:30,61.2,62.0,60.2,60.45,27422
2017-04-24 00:00:00+05:30,57.6,61.8,57.6,58.65,12758
2017-04-25 00:00:00+05:30,59.0,59.95,55.75,55.95,78554
2017-04-26 00:00:00+05:30,58.7,58.7,53.2,54.1,98440
2017-04-27 00:00:00+05:30,55.9,56.6,54.3,56.3,3780
2017-04-28 00:00:00+05:30,58.75,59.1,54.25,58.95,20388
2017-05-02 00:00:00+05:30,60.8,60.8,57.0,57.9,18106
2017-05-03 00:00:00+05:30,59.8,59.8,55.05,55.1,24324
2017-05-04 00:00:00+05:30,53.05,57.6,53.0,55.3,6176
2017-05-05 00:00:00+05:30,54.0,56.0,53.1,53.75,13266
2017-05-08 00:00:00+05:30,53.0,56.4,53.0,56.4,6316
2017-05-09 00:00:00+05:30,58.4,59.0,56.55,58.7,62164
2017-05-10 00:00:00+05:30,60.45,60.45,58.0,58.5,24634
2017-05-11 00:00:00+05:30,58.0,59.0,55.6,55.8,63402
2017-05-12 00:00:00+05:30,55.8,57.5,54.5,55.4,22258
2017-05-15 00:00:00+05:30,57.3,57.3,54.5,55.0,6606
2017-05-16 00:00:00+05:30,56.95,56.95,55.5,55.5,4620
2017-05-17 00:00:00+05:30,55.0,56.8,55.0,56.7,6006
2017-05-18 00:00:00+05:30,54.5,59.5,54.5,58.8,21044
2017-05-19 00:00:00+05:30,61.2,61.7,59.0,61.4,73954
2017-05-22 00:00:00+05:30,64.05,64.2,60.85,62.35,42804
2017-05-23 00:00:00+05:30,63.25,63.5,59.35,60.75,20862
2017-05-24 00:00:00+05:30,62.5,62.5,57.75,60.45,46138
2017-05-25 00:00:00+05:30,62.5,63.0,60.0,60.95,18396
2017-05-26 00:00:00+05:30,62.8,63.0,61.0,61.9,31108
2017-05-29 00:00:00+05:30,64.0,64.0,59.05,62.55,399830
2017-05-30 00:00:00+05:30,64.25,65.65,62.4,65.65,350424
2017-05-31 00:00:00+05:30,68.3,68.9,64.5,66.05,2028980
2017-06-01 00:00:00+05:30,67.75,67.75,64.4,64.8,568532
2017-06-02 00:00:00+05:30,66.45,68.0,64.85,67.95,328346
2017-06-05 00:00:00+05:30,67.95,71.3,67.95,70.9,508038
2017-06-06 00:00:00+05:30,71.3,73.95,69.5,73.6,568818
2017-06-07 00:00:00+05:30,75.2,77.25,75.0,77.25,1637168
2017-06-08 00:00:00+05:30,81.1,81.1,73.55,75.75,7238300
2017-06-09 00:00:00+05:30,76.0,77.95,73.6,73.9,1069602
2017-06-12 00:00:00+05:30,74.45,76.0,73.0,75.0,743166
2017-06-13 00:00:00+05:30,75.9,77.0,74.5,75.5,806256
2017-06-14 00:00:00+05:30,75.55,77.0,74.3,75.0,192288
2017-06-15 00:00:00+05:30,76.7,76.7,75.05,75.85,214564
2017-06-16 00:00:00+05:30,76.4,79.6,72.1,72.6,3829182
2017-06-19 00:00:00+05:30,73.1,76.0,72.25,74.95,2355346
2017-06-20 00:00:00+05:30,75.7,76.65,73.9,75.55,485426
2017-06-21 00:00:00+05:30,76.9,78.25,75.3,75.8,478926
2017-06-22 00:00:00+05:30,76.65,79.55,72.1,72.85,7728828
2017-06-23 00:00:00+05:30,74.2,75.05,70.85,71.3,1111116
2017-06-27 00:00:00+05:30,72.0,72.4,68.1,69.45,260258
2017-06-28 00:00:00+05:30,70.0,72.0,68.15,69.8,297674
2017-06-29 00:00:00+05:30,70.45,72.0,70.4,70.85,276466
2017-06-30 00:00:00+05:30,71.3,71.4,70.0,70.45,181032
2017-07-03 00:00:00+05:30,73.9,73.95,72.6,73.95,2031000
2017-07-04 00:00:00+05:30,76.4,77.6,75.45,77.45,949190
2017-07-05 00:00:00+05:30,78.0,79.9,76.2,76.75,928228
2017-07-06 00:00:00+05:30,76.8,78.9,76.55,76.9,559780
2017-07-07 00:00:00+05:30,77.7,77.7,75.2,75.4,397056
2017-07-10 00:00:00+05:30,77.7,77.7,75.6,76.35,120426
2017-07-11 00:00:00+05:30,77.3,77.95,74.6,75.25,1319614
2017-07-12 00:00:00+05:30,76.35,79.0,74.75,79.0,8420888
2017-07-13 00:00:00+05:30,81.0,82.95,79.8,82.95,2613756
2017-07-14 00:00:00+05:30,84.95,85.0,80.3,82.7,1806640
2017-07-17 00:00:00+05:30,83.6,84.5,82.2,83.3,605652
2017-07-18 00:00:00+05:30,81.35,82.95,79.8,80.95,1136510
2017-07-19 00:00:00+05:30,81.4,82.55,80.5,81.45,538486
2017-07-20 00:00:00+05:30,81.9,81.9,77.4,77.85,491638
2017-07-21 00:00:00+05:30,78.35,81.0,77.5,78.85,476790
2017-07-24 00:00:00+05:30,80.0,82.75,79.65,82.5,1190530
2017-07-25 00:00:00+05:30,83.35,83.7,80.25,80.95,588512
2017-07-26 00:00:00+05:30,81.35,83.0,80.6,82.35,518852
2017-07-27 00:00:00+05:30,81.05,82.35,78.7,79.05,344880
2017-07-28 00:00:00+05:30,79.5,80.15,78.4,78.8,233692
2017-07-31 00:00:00+05:30,79.85,79.85,78.0,78.5,201670
2017-08-01 00:00:00+05:30,78.6,79.4,77.2,78.45,172018
2017-08-02 00:00:00+05:30,79.5,81.2,77.5,78.7,643896
2017-08-03 00:00:00+05:30,78.5,82.6,77.6,82.4,1089494
2017-08-04 00:00:00+05:30,82.2,86.5,82.0,86.5,1720504
2017-08-07 00:00:00+05:30,87.9,94.0,87.75,93.25,2320496
2017-08-08 00:00:00+05:30,93.5,93.95,86.0,88.95,2066776
2017-08-09 00:00:00+05:30,91.0,91.0,84.5,85.05,2421250
2017-08-10 00:00:00+05:30,85.4,85.4,76.6,79.2,1030150
2017-08-11 00:00:00+05:30,78.9,81.55,75.0,80.3,892842
2017-08-14 00:00:00+05:30,81.7,83.55,81.5,82.75,397422
2017-08-16 00:00:00+05:30,83.7,86.0,81.25,83.7,495938
2017-08-17 00:00:00+05:30,84.65,85.85,83.35,85.2,333694
2017-08-18 00:00:00+05:30,84.8,84.8,82.6,83.35,377756
2017-08-21 00:00:00+05:30,85.0,85.5,82.0,83.25,463404
2017-08-22 00:00:00+05:30,83.9,84.7,80.8,81.4,272170
2017-08-23 00:00:00+05:30,82.5,84.9,81.55,82.65,419516
2017-08-24 00:00:00+05:30,83.0,86.5,83.0,85.3,552680
2017-08-28 00:00:00+05:30,86.95,87.8,84.4,84.95,317868
2017-08-29 00:00:00+05:30,85.3,86.0,83.5,83.9,162402
2017-08-30 00:00:00+05:30,83.9,92.0,83.9,89.55,3001330
2017-08-31 00:00:00+05:30,90.95,96.4,90.3,95.05,3255694
2017-09-01 00:00:00+05:30,93.7,93.7,88.6,90.15,1017102
2017-09-04 00:00:00+05:30,88.6,91.45,86.0,86.45,476976
2017-09-05 00:00:00+05:30,85.9,92.8,85.9,89.6,984424
2017-09-06 00:00:00+05:30,89.5,92.9,88.3,90.65,1166680
2017-09-07 00:00:00+05:30,91.7,95.0,90.6,93.6,1727356
2017-09-08 00:00:00+05:30,94.6,95.3,90.3,90.75,462716
2017-09-11 00:00:00+05:30,91.5,92.7,90.0,90.7,582466
2017-09-12 00:00:00+05:30,91.25,93.3,90.65,91.4,403918
2017-09-13 00:00:00+05:30,92.3,92.3,89.0,89.5,239910
2017-09-14 00:00:00+05:30,90.6,91.5,88.6,89.15,243918
2017-09-15 00:00:00+05:30,89.15,89.15,86.25,87.15,333050
2017-09-18 00:00:00+05:30,88.3,88.9,87.45,87.85,189156
2017-09-19 00:00:00+05:30,88.75,91.9,87.3,89.0,745346
2017-09-20 00:00:00+05:30,89.65,90.7,88.15,88.6,165204
2017-09-21 00:00:00+05:30,89.1,89.1,85.3,86.65,279550
2017-09-22 00:00:00+05:30,86.05,87.25,83.0,83.4,300222
2017-09-25 00:00:00+05:30,83.05,84.6,78.3,79.75,301950
2017-09-26 00:00:00+05:30,79.75,83.7,79.75,82.1,215310
2017-09-27 00:00:00+05:30,83.0,83.7,79.45,79.75,193126
2017-09-28 00:00:00+05:30,82.45,82.45,78.9,79.45,166204
2017-09-29 00:00:00+05:30,79.6,85.9,79.6,82.2,508034
2017-10-03 00:00:00+05:30,83.9,84.5,81.3,81.75,174628
2017-10-04 00:00:00+05:30,81.85,87.0,81.5,85.7,1628964
2017-10-05 00:00:00+05:30,85.55,86.95,83.3,84.05,473876
2017-10-06 00:00:00+05:30,85.45,86.7,83.45,84.85,531928
2017-10-09 00:00:00+05:30,84.75,87.7,84.05,84.7,268008
2017-10-10 00:00:00+05:30,85.7,86.9,84.65,85.25,208118
2017-10-11 00:00:00+05:30,84.95,88.9,81.55,82.9,626924
2017-10-12 00:00:00+05:30,83.7,87.4,83.35,85.5,327376
2017-10-13 00:00:00+05:30,86.0,89.0,83.9,84.5,1034492
2017-10-16 00:00:00+05:30,86.0,92.0,86.0,90.65,1169246
2017-10-17 00:00:00+05:30,92.25,96.8,89.75,95.5,2405810
2017-10-18 00:00:00+05:30,97.7,103.7,96.5,99.1,9119214
2017-10-19 00:00:00+05:30,99.75,102.0,99.2,100.75,981322
2017-10-23 00:00:00+05:30,101.7,104.0,100.0,100.4,937226
2017-10-24 00:00:00+05:30,101.25,101.45,97.5,97.9,528576
2017-10-25 00:00:00+05:30,98.5,100.25,98.0,98.2,494198
2017-10-26 00:00:00+05:30,99.0,100.45,97.25,98.2,423798
2017-10-27 00:00:00+05:30,98.7,107.0,98.65,103.95,2653694
2017-10-30 00:00:00+05:30,105.4,109.2,104.35,105.95,1116862
2017-10-31 00:00:00+05:30,106.0,109.8,103.0,104.65,1041130
2017-11-01 00:00:00+05:30,105.9,106.9,102.0,103.35,491322
2017-11-02 00:00:00+05:30,103.0,104.25,101.4,102.35,302702
2017-11-03 00:00:00+05:30,103.5,103.5,101.0,101.35,308008
2017-11-06 00:00:00+05:30,102.4,102.5,99.0,99.7,337378
2017-11-07 00:00:00+05:30,100.2,100.7,96.45,97.85,320040
2017-11-08 00:00:00+05:30,96.5,99.0,94.0,94.45,403102
2017-11-09 00:00:00+05:30,95.7,98.0,94.4,95.9,313254
2017-11-10 00:00:00+05:30,97.0,99.0,95.15,97.75,299894
2017-11-13 00:00:00+05:30,98.9,99.9,96.7,97.05,293142
2017-11-14 00:00:00+05:30,97.05,98.1,95.55,96.5,138480
2017-11-15 00:00:00+05:30,97.7,97.7,92.7,93.3,193400
2017-11-16 00:00:00+05:30,92.05,94.5,91.0,92.35,180150
2017-11-17 00:00:00+05:30,93.35,96.5,93.35,94.1,472812
2017-11-20 00:00:00+05:30,94.65,97.25,93.75,95.85,414634
2017-11-21 00:00:00+05:30,96.75,99.7,96.1,96.55,271872
2017-11-22 00:00:00+05:30,97.3,97.3,95.55,96.3,115306
2017-11-23 00:00:00+05:30,95.7,97.0,95.7,95.95,90404
2017-11-24 00:00:00+05:30,95.9,97.7,94.4,95.0,156320
2017-11-27 00:00:00+05:30,94.85,104.9,94.7,102.05,1622186
2017-11-28 00:00:00+05:30,103.35,103.4,98.0,98.8,395876
2017-11-29 00:00:00+05:30,99.7,101.5,98.1,99.1,343176
2017-11-30 00:00:00+05:30,98.7,101.5,98.05,99.95,332754
2017-12-01 00:00:00+05:30,99.7,102.0,96.05,96.55,278096
2017-12-04 00:00:00+05:30,97.7,101.5,95.7,96.8,833666
2017-12-05 00:00:00+05:30,96.15,97.7,95.55,97.2,135206
2017-12-06 00:00:00+05:30,96.7,101.0,93.55,93.95,915948
2017-12-07 00:00:00+05:30,94.7,97.9,90.7,94.5,328706
2017-12-08 00:00:00+05:30,94.65,103.4,94.65,101.0,3462756
2017-12-11 00:00:00+05:30,114.9,116.0,96.75,97.95,5790662
2017-12-12 00:00:00+05:30,97.0,101.8,96.5,99.65,5362146
2017-12-13 00:00:00+05:30,103.0,109.9,101.5,103.5,11563502
2017-12-14 00:00:00+05:30,105.0,106.3,97.45,98.6,5949888
2017-12-15 00:00:00+05:30,102.0,103.9,100.8,101.45,1732976
2017-12-18 00:00:00+05:30,101.45,104.5,93.0,100.35,3516826
2017-12-19 00:00:00+05:30,104.0,120.4,104.0,117.7,23192836
2017-12-20 00:00:00+05:30,117.8,134.45,117.05,122.7,16035336
2017-12-21 00:00:00+05:30,123.95,127.4,119.55,121.55,4142488
2017-12-22 00:00:00+05:30,122.0,123.65,117.0,118.9,3113008
2017-12-26 00:00:00+05:30,119.75,129.8,119.1,125.75,4934262
2017-12-27 00:00:00+05:30,126.75,127.7,121.5,122.25,1878104
2017-12-28 00:00:00+05:30,122.0,123.9,120.65,121.2,1051084
2017-12-29 00:00:00+05:30,122.85,124.8,120.0,120.85,1105472
2018-01-01 00:00:00+05:30,121.95,127.5,120.95,125.55,2414624
2018-01-02 00:00:00+05:30,126.5,127.75,122.0,124.1,1525632
2018-01-03 00:00:00+05:30,125.25,136.0,125.25,131.25,5791538
2018-01-04 00:00:00+05:30,132.8,138.2,129.1,135.5,3163750
2018-01-05 00:00:00+05:30,136.9,142.4,130.65,136.65,3441362
2018-01-08 00:00:00+05:30,137.6,141.45,133.65,139.05,1955950
2018-01-09 00:00:00+05:30,140.0,140.0,132.95,134.8,1436010
2018-01-10 00:00:00+05:30,135.0,135.0,130.2,131.25,1012048
2018-01-11 00:00:00+05:30,131.65,134.45,129.8,131.9,933828
2018-01-12 00:00:00+05:30,133.0,134.85,128.55,130.1,1181662
2018-01-15 00:00:00+05:30,132.0,136.5,131.35,132.75,1060944
2018-01-16 00:00:00+05:30,133.7,133.75,125.5,126.25,1074062
2018-01-17 00:00:00+05:30,125.5,128.2,118.5,126.85,1617310
2018-01-18 00:00:00+05:30,129.5,130.0,119.0,120.2,1172698
2018-01-19 00:00:00+05:30,120.85,124.05,118.0,121.05,1091890
2018-01-22 00:00:00+05:30,123.0,130.0,122.6,128.9,1635008
2018-01-23 00:00:00+05:30,129.5,131.2,125.3,126.95,918732
2018-01-24 00:00:00+05:30,126.0,126.7,115.5,123.7,577340
2018-01-25 00:00:00+05:30,123.7,125.0,122.0,122.65,404230
2018-01-29 00:00:00+05:30,124.4,126.0,119.5,120.15,323374
2018-01-30 00:00:00+05:30,119.25,120.0,116.75,117.9,1253360
2018-01-31 00:00:00+05:30,117.95,121.0,114.5,116.15,845452
2018-02-01 00:00:00+05:30,117.7,120.35,112.45,115.75,1192198
2018-02-02 00:00:00+05:30,114.7,114.7,104.0,106.7,1281788
2018-02-05 00:00:00+05:30,104.0,106.8,96.2,104.3,1384568
2018-02-06 00:00:00+05:30,96.0,103.0,94.0,100.25,2274836
2018-02-07 00:00:00+05:30,101.2,107.0,101.15,105.9,1198622
2018-02-08 00:00:00+05:30,106.05,111.75,106.0,109.85,917114
2018-02-09 00:00:00+05:30,106.7,124.0,105.0,117.85,2710150
2018-02-12 00:00:00+05:30,118.7,124.7,118.0,120.65,856852
2018-02-14 00:00:00+05:30,122.4,124.1,115.9,117.45,771148
2018-02-15 00:00:00+05:30,117.55,120.0,112.6,114.65,762312
2018-02-16 00:00:00+05:30,116.05,117.0,110.15,111.4,560840
2018-02-19 00:00:00+05:30,112.4,112.4,106.85,108.9,538990
2018-02-20 00:00:00+05:30,109.8,113.4,109.25,112.7,508386
2018-02-21 00:00:00+05:30,113.9,115.1,111.05,111.65,390568
2018-02-22 00:00:00+05:30,109.3,111.95,108.9,110.6,419620
2018-02-23 00:00:00+05:30,111.25,116.4,111.0,113.65,610098
2018-02-26 00:00:00+05:30,115.5,115.95,113.8,114.55,277696
2018-02-27 00:00:00+05:30,115.15,115.65,112.2,113.5,328504
2018-02-28 00:00:00+05:30,110.65,118.9,110.65,116.05,904090
2018-03-01 00:00:00+05:30,115.85,117.95,113.0,113.55,333818
2018-03-05 00:00:00+05:30,113.0,115.95,112.0,113.85,569986
2018-03-06 00:00:00+05:30,114.55,116.7,109.0,110.85,598958
2018-03-07 00:00:00+05:30,110.0,111.7,107.0,108.0,526686
2018-03-08 00:00:00+05:30,109.6,110.35,102.0,105.7,538436
2018-03-09 00:00:00+05:30,107.25,110.9,105.0,106.8,646722
2018-03-12 00:00:00+05:30,109.0,109.9,102.7,105.75,431836
2018-03-13 00:00:00+05:30,106.7,108.7,104.9,107.2,363548
2018-03-14 00:00:00+05:30,105.3,108.4,105.3,107.2,260268
2018-03-15 00:00:00+05:30,107.5,110.5,107.3,108.5,849554
2018-03-16 00:00:00+05:30,109.15,115.0,108.1,109.15,1314646
2018-03-19 00:00:00+05:30,110.9,111.9,106.0,106.55,427742
2018-03-20 00:00:00+05:30,105.05,106.95,104.15,105.75,321202
2018-03-21 00:00:00+05:30,106.5,108.4,103.25,104.5,798732
2018-03-22 00:00:00+05:30,105.5,105.95,99.8,100.85,743106
2018-03-23 00:00:00+05:30,99.0,102.5,96.5,101.85,778426
2018-03-26 00:00:00+05:30,102.75,107.95,99.55,105.7,856974
2018-03-27 00:00:00+05:30,108.95,115.7,104.0,112.6,2629758
2018-03-28 00:00:00+05:30,109.0,110.0,105.75,106.3,946908
2018-04-02 00:00:00+05:30,107.0,112.05,107.0,110.3,431084
2018-04-03 00:00:00+05:30,110.4,115.0,110.4,113.85,893214
2018-04-04 00:00:00+05:30,114.75,117.7,112.0,112.65,822226
2018-04-05 00:00:00+05:30,115.5,117.5,114.55,116.15,466148
2018-04-06 00:00:00+05:30,120.45,122.75,118.8,119.4,1277880
2018-04-09 00:00:00+05:30,119.8,120.4,116.0,117.35,410940
2018-04-10 00:00:00+05:30,117.9,120.35,117.0,117.65,412146
2018-04-11 00:00:00+05:30,117.0,117.7,115.55,115.9,236012
2018-04-12 00:00:00+05:30,115.35,116.35,113.5,113.95,310932
2018-04-13 00:00:00+05:30,114.35,116.45,101.5,103.25,2813168
2018-04-16 00:00:00+05:30,103.6,111.8,103.5,107.9,1950454
2018-04-17 00:00:00+05:30,108.5,108.8,103.6,107.2,398396
2018-04-18 00:00:00+05:30,108.0,108.25,105.5,106.15,303960
2018-04-19 00:00:00+05:30,106.45,108.45,104.5,105.85,427012
2018-04-20 00:00:00+05:30,106.0,106.85,104.1,104.7,294132
2018-04-23 00:00:00+05:30,104.35,106.7,104.0,104.65,324630
2018-04-24 00:00:00+05:30,104.55,106.35,104.0,104.4,273734
2018-04-25 00:00:00+05:30,104.0,105.6,103.6,104.35,317198
2018-04-26 00:00:00+05:30,104.9,107.45,104.0,104.6,368526
2018-04-27 00:00:00+05:30,104.65,106.35,100.0,102.6,525880
2018-04-30 00:00:00+05:30,103.3,106.0,103.0,103.4,226926
2018-05-02 00:00:00+05:30,103.95,105.0,100.0,100.8,461570
2018-05-03 00:00:00+05:30,101.45,105.0,100.65,101.35,442668
2018-05-04 00:00:00+05:30,101.4,102.2,100.15,100.9,234086
2018-05-07 00:00:00+05:30,101.6,101.8,100.5,100.95,191882
2018-05-08 00:00:00+05:30,100.7,102.45,100.1,101.6,297374
2018-05-09 00:00:00+05:30,101.75,102.4,100.1,100.7,277416
2018-05-10 00:00:00+05:30,101.0,101.75,99.2,99.7,238442
2018-05-11 00:00:00+05:30,100.25,105.0,97.65,101.45,458826
2018-05-14 00:00:00+05:30,100.25,105.9,99.25,100.35,1030042
2018-05-15 00:00:00+05:30,100.9,103.15,99.55,101.35,404184
2018-05-16 00:00:00+05:30,100.0,101.7,99.5,100.8,169880
2018-05-17 00:00:00+05:30,101.3,102.0,100.6,101.1,161678
2018-05-18 00:00:00+05:30,100.1,101.7,97.1,98.35,349034
2018-05-21 00:00:00+05:30,98.9,99.45,91.1,93.4,612450
2018-05-22 00:00:00+05:30,93.4,103.9,91.5,100.25,1914618
2018-05-23 00:00:00+05:30,100.9,104.7,93.1,96.4,777382
2018-05-24 00:00:00+05:30,97.4,102.0,96.5,99.6,1127970
2018-05-25 00:00:00+05:30,99.7,99.7,96.5,97.15,189904
2018-05-28 00:00:00+05:30,97.4,99.45,96.5,98.3,467284
2018-05-29 00:00:00+05:30,98.3,101.7,98.0,98.6,294424
2018-05-30 00:00:00+05:30,95.0,103.8,94.0,101.05,836190
2018-05-31 00:00:00+05:30,103.5,104.8,97.5,99.8,361398
2018-06-01 00:00:00+05:30,98.35,98.95,95.0,97.0,369544
2018-06-04 00:00:00+05:30,96.0,99.0,89.65,92.85,849672
2018-06-05 00:00:00+05:30,92.95,94.8,83.4,88.15,1401310
2018-06-06 00:00:00+05:30,86.0,91.3,85.5,89.45,450826
2018-06-07 00:00:00+05:30,91.0,95.0,90.75,92.75,366996
2018-06-08 00:00:00+05:30,91.6,93.6,89.5,92.1,267452
2018-06-11 00:00:00+05:30,92.0,94.35,89.0,90.0,558824
2018-06-12 00:00:00+05:30,95.0,95.0,92.5,93.1,1018654
2018-06-13 00:00:00+05:30,93.1,98.9,92.15,96.85,1148296
2018-06-14 00:00:00+05:30,95.2,99.8,95.2,97.6,1016192
2018-06-15 00:00:00+05:30,96.5,98.0,94.1,95.65,216798
2018-06-18 00:00:00+05:30,95.25,95.95,92.1,93.0,300474
2018-06-19 00:00:00+05:30,92.0,92.05,89.4,90.65,306152
2018-06-20 00:00:00+05:30,90.9,91.2,88.8,90.0,205154
2018-06-21 00:00:00+05:30,89.9,90.25,86.75,87.65,264698
2018-06-22 00:00:00+05:30,87.5,87.85,86.1,86.85,129120
2018-06-25 00:00:00+05:30,85.9,86.9,82.5,82.95,190018
2018-06-26 00:00:00+05:30,82.5,82.7,77.1,78.9,390026
2018-06-27 00:00:00+05:30,78.9,79.0,72.5,74.0,619976
2018-06-28 00:00:00+05:30,73.0,77.7,72.0,73.55,315162
2018-06-29 00:00:00+05:30,74.5,76.0,73.3,74.8,172322
2018-07-02 00:00:00+05:30,74.9,76.2,72.35,72.8,170804
2018-07-03 00:00:00+05:30,72.8,73.4,72.1,72.35,96428
2018-07-04 00:00:00+05:30,72.0,72.9,69.95,70.8,151100
2018-07-05 00:00:00+05:30,70.75,73.0,66.5,71.4,506924
2018-07-06 00:00:00+05:30,70.6,74.7,70.15,73.95,297668
2018-07-09 00:00:00+05:30,75.0,78.0,74.9,77.65,268190
2018-07-10 00:00:00+05:30,80.8,80.8,78.0,79.15,147200
2018-07-11 00:00:00+05:30,81.0,84.75,80.5,81.15,766562
2018-07-12 00:00:00+05:30,81.95,81.95,78.2,78.75,271316
2018-07-13 00:00:00+05:30,78.8,79.0,75.5,75.95,154640
2018-07-16 00:00:00+05:30,75.05,75.65,72.2,72.85,130226
2018-07-17 00:00:00+05:30,74.7,74.7,71.1,72.8,129820
2018-07-18 00:00:00+05:30,76.5,82.8,75.0,77.15,1628638
2018-07-19 00:00:00+05:30,75.1,76.55,70.1,70.35,1085072
2018-07-20 00:00:00+05:30,68.4,70.45,67.0,68.7,378358
2018-07-23 00:00:00+05:30,67.95,71.3,67.9,70.0,209256
2018-07-24 00:00:00+05:30,69.55,73.5,69.55,72.45,408030
2018-07-25 00:00:00+05:30,73.4,73.95,72.5,72.9,196702
2018-07-26 00:00:00+05:30,73.75,74.4,72.55,72.95,173526
2018-07-27 00:00:00+05:30,73.55,73.8,72.8,73.45,142078
2018-07-30 00:00:00+05:30,73.95,74.95,73.6,73.95,128148
2018-07-31 00:00:00+05:30,74.35,75.0,73.4,74.0,196826
2018-08-01 00:00:00+05:30,74.15,74.7,73.5,73.8,115706
2018-08-02 00:00:00+05:30,72.45,77.4,72.45,75.3,348664
2018-08-03 00:00:00+05:30,75.95,76.8,75.25,75.8,212468
2018-08-06 00:00:00+05:30,77.1,77.5,75.9,76.15,147422
2018-08-07 00:00:00+05:30,78.0,80.4,78.0,78.6,813942
2018-08-08 00:00:00+05:30,79.3,79.3,76.15,76.45,167156
2018-08-09 00:00:00+05:30,75.0,77.65,75.0,76.1,115710
2018-08-10 00:00:00+05:30,76.0,79.0,75.0,76.55,128742
2018-08-13 00:00:00+05:30,75.0,76.7,73.6,75.05,121562
2018-08-14 00:00:00+05:30,75.05,79.0,75.0,76.5,230478
2018-08-16 00:00:00+05:30,75.0,75.7,72.9,74.2,238244
2018-08-17 00:00:00+05:30,73.8,75.6,73.8,74.05,166070
2018-08-20 00:00:00+05:30,74.05,74.65,73.0,73.15,159734
2018-08-21 00:00:00+05:30,72.55,74.0,72.55,73.15,81776
2018-08-23 00:00:00+05:30,73.35,74.95,73.0,73.45,121408
2018-08-24 00:00:00+05:30,73.55,76.0,72.15,75.3,354238
2018-08-27 00:00:00+05:30,75.0,77.4,73.5,74.05,299194
2018-08-28 00:00:00+05:30,73.0,74.3,72.0,72.1,299088
2018-08-29 00:00:00+05:30,72.05,72.4,70.7,71.1,171008
2018-08-30 00:00:00+05:30,71.1,72.0,70.5,70.75,168596
2018-08-31 00:00:00+05:30,70.85,71.75,70.1,70.35,126542
2018-09-03 00:00:00+05:30,71.25,71.4,70.15,70.6,133494
2018-09-04 00:00:00+05:30,70.4,71.15,68.85,69.05,164616
2018-09-05 00:00:00+05:30,69.05,75.7,67.7,69.95,769682
2018-09-06 00:00:00+05:30,69.1,71.9,69.1,70.2,148510
2018-09-07 00:00:00+05:30,70.65,70.75,69.3,69.6,117464
2018-09-10 00:00:00+05:30,68.5,69.95,66.6,69.0,402100
2018-09-11 00:00:00+05:30,69.0,69.8,67.1,67.6,731908
2018-09-12 00:00:00+05:30,67.6,74.4,66.05,69.6,656364
2018-09-14 00:00:00+05:30,70.0,70.85,68.55,70.05,162818
2018-09-17 00:00:00+05:30,68.0,71.4,67.4,68.95,183536
2018-09-18 00:00:00+05:30,68.9,71.55,68.2,70.0,193370
2018-09-19 00:00:00+05:30,70.0,70.6,68.75,69.45,281970
2018-09-21 00:00:00+05:30,69.15,70.0,61.9,64.85,547284
2018-09-24 00:00:00+05:30,62.55,66.8,58.3,59.2,325728
2018-09-25 00:00:00+05:30,59.0,66.0,55.7,60.35,645858
2018-09-26 00:00:00+05:30,60.85,62.5,60.85,62.1,135700
2018-09-27 00:00:00+05:30,62.1,64.45,57.15,58.65,799372
2018-09-28 00:00:00+05:30,58.95,60.0,46.95,47.55,2615952
2018-10-01 00:00:00+05:30,48.0,52.6,40.25,51.75,939930
2018-10-03 00:00:00+05:30,52.0,54.75,50.2,54.0,275276
2018-10-04 00:00:00+05:30,52.5,53.6,50.7,51.55,231698
2018-10-05 00:00:00+05:30,52.0,52.75,48.3,49.25,569684
2018-10-08 00:00:00+05:30,49.25,49.8,46.8,47.0,210394
2018-10-09 00:00:00+05:30,48.9,49.5,45.65,46.5,324560
2018-10-10 00:00:00+05:30,47.2,49.05,46.6,48.65,326402
2018-10-11 00:00:00+05:30,46.6,47.95,45.0,46.45,171766
2018-10-12 00:00:00+05:30,47.0,49.45,47.0,47.75,182956
2018-10-15 00:00:00+05:30,48.5,48.5,47.35,47.9,133410
2018-10-16 00:00:00+05:30,48.05,49.95,47.7,48.6,202590
2018-10-17 00:00:00+05:30,49.6,50.4,47.85,48.25,132852
2018-10-19 00:00:00+05:30,48.75,48.75,45.1,46.2,180064
2018-10-22 00:00:00+05:30,47.45,47.45,44.15,44.5,180764
2018-10-23 00:00:00+05:30,44.6,45.8,43.75,45.0,213052
2018-10-24 00:00:00+05:30,45.1,45.8,44.1,44.9,122866
2018-10-25 00:00:00+05:30,43.0,44.35,42.9,43.65,153094
2018-10-26 00:00:00+05:30,44.9,48.7,44.0,44.35,371110
2018-10-29 00:00:00+05:30,44.85,46.0,42.0,44.45,190294
2018-10-30 00:00:00+05:30,44.2,46.0,44.2,44.95,127694
2018-10-31 00:00:00+05:30,45.9,47.4,45.7,47.1,194546
2018-11-01 00:00:00+05:30,47.45,48.95,46.95,48.25,145894
2018-11-02 00:00:00+05:30,49.35,53.6,48.85,51.75,455100
2018-11-05 00:00:00+05:30,51.0,52.9,51.0,52.5,124570
2018-11-06 00:00:00+05:30,52.95,52.95,50.5,51.2,92182
2018-11-07 00:00:00+05:30,52.45,53.3,51.1,51.9,39686
2018-11-09 00:00:00+05:30,52.6,52.6,51.15,51.55,126692
2018-11-12 00:00:00+05:30,52.0,52.0,50.0,50.45,104944
2018-11-13 00:00:00+05:30,50.1,51.85,49.3,50.0,183932
2018-11-14 00:00:00+05:30,50.55,51.5,50.0,50.55,75380
2018-11-15 00:00:00+05:30,50.8,50.8,47.25,47.5,245188
2018-11-16 00:00:00+05:30,49.0,49.3,45.6,46.3,235314
2018-11-19 00:00:00+05:30,47.35,47.35,45.55,46.1,163356
2018-11-20 00:00:00+05:30,48.9,53.75,48.05,50.7,1856668
2018-11-21 00:00:00+05:30,50.7,51.0,48.5,49.65,262414
2018-11-22 00:00:00+05:30,49.5,51.0,48.0,48.25,184158
2018-11-26 00:00:00+05:30,48.3,49.5,47.6,47.9,141796
2018-11-27 00:00:00+05:30,48.0,48.0,46.8,47.0,91348
2018-11-28 00:00:00+05:30,47.15,47.4,45.1,45.65,151008
2018-11-29 00:00:00+05:30,45.95,46.75,45.05,45.55,122636
2018-11-30 00:00:00+05:30,45.9,48.0,45.4,47.65,234630
2018-12-03 00:00:00+05:30,47.1,47.9,46.0,46.55,196434
2018-12-04 00:00:00+05:30,46.55,47.75,46.5,47.1,47588
2018-12-05 00:00:00+05:30,50.95,50.95,48.05,48.25,476452
2018-12-06 00:00:00+05:30,48.85,48.95,46.15,47.05,162408
2018-12-07 00:00:00+05:30,47.85,48.2,46.0,46.25,94370
2018-12-10 00:00:00+05:30,45.8,45.95,44.5,45.5,102106
2018-12-11 00:00:00+05:30,44.55,47.2,44.55,46.6,60284
2018-12-12 00:00:00+05:30,48.25,48.85,46.7,47.1,99336
2018-12-13 00:00:00+05:30,47.1,49.9,47.1,47.85,215688
2018-12-14 00:00:00+05:30,47.2,47.8,46.6,47.05,87858
2018-12-17 00:00:00+05:30,47.05,47.75,46.85,46.95,44762
2018-12-18 00:00:00+05:30,47.2,47.7,46.2,46.75,98692
2018-12-19 00:00:00+05:30,47.5,48.7,46.8,47.85,226238
2018-12-20 00:00:00+05:30,47.95,47.95,46.6,46.8,186972
2018-12-21 00:00:00+05:30,47.0,47.5,46.3,46.55,67466
2018-12-24 00:00:00+05:30,46.0,47.15,45.55,45.8,376892
2018-12-26 00:00:00+05:30,46.05,46.05,44.75,45.05,281728
2018-12-27 00:00:00+05:30,45.45,46.5,45.0,45.55,77116
2018-12-28 00:00:00+05:30,45.5,46.25,45.5,45.75,34808
2018-12-31 00:00:00+05:30,46.0,46.65,46.0,46.3,51196
2019-01-01 00:00:00+05:30,45.85,46.5,45.3,45.6,86396
2019-01-02 00:00:00+05:30,45.6,47.7,45.3,45.6,139066
2019-01-03 00:00:00+05:30,46.5,46.5,45.3,45.55,61884
2019-01-04 00:00:00+05:30,45.1,45.75,44.9,45.3,93238
2019-01-07 00:00:00+05:30,46.3,46.5,44.95,45.25,102376
2019-01-08 00:00:00+05:30,46.0,46.0,44.75,45.25,171974
2019-01-09 00:00:00+05:30,47.95,49.75,46.75,47.05,1024820
2019-01-10 00:00:00+05:30,46.3,47.25,46.1,46.35,87548
2019-01-11 00:00:00+05:30,46.45,46.95,46.1,46.35,39128
2019-01-14 00:00:00+05:30,46.05,46.75,45.6,45.85,67548
2019-01-15 00:00:00+05:30,46.0,46.55,45.55,45.75,74582
2019-01-16 00:00:00+05:30,45.25,46.1,45.2,45.8,45080
2019-01-17 00:00:00+05:30,45.5,46.1,45.3,45.5,72454
2019-01-18 00:00:00+05:30,46.2,46.2,44.5,45.1,56486
2019-01-21 00:00:00+05:30,45.0,45.0,44.05,44.3,89602
2019-01-22 00:00:00+05:30,44.6,44.6,43.05,43.25,97556
2019-01-23 00:00:00+05:30,43.15,43.95,42.9,43.05,59914
2019-01-24 00:00:00+05:30,43.05,43.05,41.85,42.0,77598
2019-01-25 00:00:00+05:30,42.0,42.4,40.1,40.65,155586
2019-01-28 00:00:00+05:30,40.5,40.65,38.7,39.15,141570
2019-01-29 00:00:00+05:30,39.15,39.15,38.05,38.45,133850
2019-01-30 00:00:00+05:30,38.35,39.15,37.35,37.9,97164
2019-01-31 00:00:00+05:30,38.1,38.4,36.8,37.2,142430
2019-02-01 00:00:00+05:30,37.0,38.8,37.0,37.9,124448
2019-02-04 00:00:00+05:30,39.0,39.0,36.75,37.0,50696
2019-02-05 00:00:00+05:30,37.15,37.5,35.4,35.7,100902
2019-02-06 00:00:00+05:30,35.2,35.7,32.5,33.45,250966
2019-02-07 00:00:00+05:30,34.25,34.25,31.2,32.55,299982
2019-02-08 00:00:00+05:30,32.55,33.65,32.1,33.0,93556
2019-02-11 00:00:00+05:30,32.5,33.0,31.0,31.25,134974
2019-02-12 00:00:00+05:30,31.0,31.7,30.5,31.0,103258
2019-02-13 00:00:00+05:30,31.0,32.5,30.2,30.55,189922
2019-02-14 00:00:00+05:30,30.25,31.45,29.7,30.8,183710
2019-02-15 00:00:00+05:30,33.0,33.9,32.15,32.65,544610
2019-02-18 00:00:00+05:30,32.5,33.5,31.0,31.2,92512
2019-02-19 00:00:00+05:30,30.4,31.95,30.4,31.2,69000
2019-02-20 00:00:00+05:30,31.5,34.0,31.3,32.15,120900
2019-02-21 00:00:00+05:30,32.15,32.9,31.15,32.6,66428
2019-02-22 00:00:00+05:30,32.9,34.0,32.4,33.15,149838
2019-02-25 00:00:00+05:30,33.25,38.2,33.1,37.1,361458
2019-02-26 00:00:00+05:30,35.25,37.1,34.6,35.5,216922
2019-02-27 00:00:00+05:30,35.5,36.55,33.75,34.3,200408
2019-02-28 00:00:00+05:30,34.3,34.55,33.3,34.05,79826
2019-03-01 00:00:00+05:30,34.85,36.8,34.45,36.3,169620
2019-03-05 00:00:00+05:30,36.4,43.55,36.4,43.55,611234
2019-03-06 00:00:00+05:30,46.7,48.9,44.1,45.2,971584
2019-03-07 00:00:00+05:30,45.3,45.3,43.0,43.8,209406
2019-03-08 00:00:00+05:30,43.15,43.65,42.1,42.35,115940
2019-03-11 00:00:00+05:30,43.0,45.5,42.55,45.05,158798
2019-03-12 00:00:00+05:30,46.45,46.7,44.05,45.2,189382
2019-03-13 00:00:00+05:30,45.2,48.6,44.7,45.85,150702
2019-03-14 00:00:00+05:30,46.75,46.9,45.5,45.75,158428
2019-03-15 00:00:00+05:30,45.75,47.3,45.5,46.35,136672
2019-03-18 00:00:00+05:30,45.15,47.0,43.55,43.85,148898
2019-03-19 00:00:00+05:30,43.85,44.85,43.1,43.7,79106
2019-03-20 00:00:00+05:30,43.9,43.9,40.85,41.65,120740
2019-03-22 00:00:00+05:30,41.7,45.0,41.7,42.8,132810
2019-03-25 00:00:00+05:30,41.1,42.45,40.5,41.0,82796
2019-03-26 00:00:00+05:30,41.9,41.9,39.5,39.7,356274
2019-03-27 00:00:00+05:30,40.0,45.0,39.1,40.65,7051672
2019-03-28 00:00:00+05:30,41.8,42.0,40.6,40.85,155278
2019-03-29 00:00:00+05:30,41.0,42.45,39.8,40.45,222300
2019-04-01 00:00:00+05:30,40.85,42.0,40.1,40.5,138552
2019-04-02 00:00:00+05:30,41.05,42.1,40.95,41.15,138942
2019-04-03 00:00:00+05:30,41.55,41.7,40.3,40.75,101486
2019-04-04 00:00:00+05:30,40.55,41.5,39.3,40.1,202130
2019-04-05 00:00:00+05:30,40.25,40.75,39.6,39.8,116680
2019-04-08 00:00:00+05:30,39.9,41.55,39.85,41.05,183194
2019-04-09 00:00:00+05:30,40.25,41.15,39.75,39.9,102748
2019-04-10 00:00:00+05:30,40.4,40.85,39.35,40.15,125218
2019-04-11 00:00:00+05:30,40.0,40.3,39.25,39.9,102114
2019-04-12 00:00:00+05:30,40.0,40.1,39.5,39.7,84486
2019-04-15 00:00:00+05:30,40.0,40.3,39.45,39.65,99722
2019-04-16 00:00:00+05:30,39.6,40.2,38.9,39.15,169074
2019-04-18 00:00:00+05:30,39.9,39.9,37.8,38.35,138724
2019-04-22 00:00:00+05:30,38.35,38.35,34.9,35.8,169284
2019-04-23 00:00:00+05:30,36.05,36.4,35.0,35.35,137082
2019-04-24 00:00:00+05:30,35.1,36.5,35.1,36.3,85732
2019-04-25 00:00:00+05:30,36.45,37.35,35.25,35.55,119834
2019-04-26 00:00:00+05:30,35.25,36.0,34.55,35.05,90152
2019-04-30 00:00:00+05:30,35.0,35.0,33.3,34.2,81928
2019-05-02 00:00:00+05:30,34.0,34.6,30.2,33.15,195048
2019-05-03 00:00:00+05:30,32.35,35.8,32.35,34.1,114654
2019-05-06 00:00:00+05:30,33.6,34.9,33.0,33.85,781410
2019-05-07 00:00:00+05:30,34.45,36.3,32.4,33.35,1497774
2019-05-08 00:00:00+05:30,33.0,34.2,32.6,33.0,126022
2019-05-09 00:00:00+05:30,33.3,33.3,32.3,33.1,51528
2019-05-10 00:00:00+05:30,33.8,34.25,32.9,33.15,76022
2019-05-13 00:00:00+05:30,33.15,33.4,32.05,32.45,115790
2019-05-14 00:00:00+05:30,32.95,32.95,31.75,32.25,96824
2019-05-15 00:00:00+05:30,32.25,32.65,31.15,31.45,66614
2019-05-16 00:00:00+05:30,31.65,31.95,31.0,31.25,53506
2019-05-17 00:00:00+05:30,32.0,33.0,31.05,32.2,136014
2019-05-20 00:00:00+05:30,34.5,38.6,33.0,36.95,362578
2019-05-21 00:00:00+05:30,38.0,40.9,33.8,34.25,678280
2019-05-22 00:00:00+05:30,34.2,36.4,32.8,33.3,927016
2019-05-23 00:00:00+05:30,35.7,36.2,33.8,34.1,541934
2019-05-24 00:00:00+05:30,34.4,35.0,33.2,34.0,511980
2019-05-27 00:00:00+05:30,33.65,35.25,33.1,33.4,896296
2019-05-28 00:00:00+05:30,33.95,34.4,31.6,32.0,2191282
2019-05-29 00:00:00+05:30,32.0,32.95,29.7,29.95,1934882
2019-05-30 00:00:00+05:30,27.45,29.25,25.3,26.8,4391628
2019-05-31 00:00:00+05:30,26.3,26.7,23.95,24.15,3713602
2019-06-03 00:00:00+05:30,24.15,26.55,23.15,23.7,4843624
2019-06-04 00:00:00+05:30,24.0,24.2,23.25,23.45,1253762
2019-06-06 00:00:00+05:30,24.2,24.2,21.3,22.0,869770
2019-06-07 00:00:00+05:30,22.0,22.0,19.8,19.8,2553912
2019-06-10 00:00:00+05:30,18.65,19.7,17.85,17.85,162570
2019-06-11 00:00:00+05:30,17.0,17.0,17.0,17.0,61802
2019-06-12 00:00:00+05:30,16.15,16.15,16.15,16.15,59196
2019-06-13 00:00:00+05:30,15.35,15.35,15.35,15.35,82724
2019-06-14 00:00:00+05:30,14.6,14.6,14.6,14.6,44788
2019-06-17 00:00:00+05:30,13.9,13.9,13.9,13.9,22094
2019-06-18 00:00:00+05:30,13.25,13.25,13.25,13.25,47262
2019-06-19 00:00:00+05:30,12.6,12.6,12.6,12.6,27736
2019-06-20 00:00:00+05:30,12.0,12.0,12.0,12.0,55740
2019-06-21 00:00:00+05:30,11.4,11.4,11.4,11.4,30402
2019-06-24 00:00:00+05:30,10.85,10.85,10.85,10.85,43984
2019-06-25 00:00:00+05:30,10.35,10.35,10.35,10.35,33230
2019-06-26 00:00:00+05:30,9.85,10.85,9.85,10.85,864840
2019-06-27 00:00:00+05:30,11.35,11.35,10.35,10.35,1199612
2019-06-28 00:00:00+05:30,9.85,9.85,9.85,9.85,78210
2019-07-01 00:00:00+05:30,9.4,9.4,9.4,9.4,62274
2019-07-02 00:00:00+05:30,8.95,9.85,8.95,9.85,911682
2019-07-03 00:00:00+05:30,10.0,10.3,10.0,10.3,101312
2019-07-04 00:00:00+05:30,10.8,10.8,10.8,10.8,66528
2019-07-05 00:00:00+05:30,11.3,11.3,11.0,11.3,232514
2019-07-08 00:00:00+05:30,11.75,11.85,10.75,11.7,588404
2019-07-09 00:00:00+05:30,12.25,12.25,12.0,12.25,120902
2019-07-10 00:00:00+05:30,12.85,12.85,12.85,12.85,37664
2019-07-11 00:00:00+05:30,13.45,13.45,13.45,13.45,101226
2019-07-12 00:00:00+05:30,14.1,14.1,12.8,12.8,948256
2019-07-15 00:00:00+05:30,13.0,13.4,12.2,13.4,334884
2019-07-16 00:00:00+05:30,14.05,14.05,13.6,14.05,266834
2019-07-17 00:00:00+05:30,14.65,14.75,13.45,13.95,412134
2019-07-18 00:00:00+05:30,13.3,13.95,13.3,13.3,90182
2019-07-19 00:00:00+05:30,13.25,13.25,12.65,12.65,54388
2019-07-22 00:00:00+05:30,12.05,12.65,12.05,12.05,18822
2019-07-23 00:00:00+05:30,11.45,12.6,11.45,11.5,159848
2019-07-24 00:00:00+05:30,11.1,11.9,10.95,11.05,141142
2019-07-25 00:00:00+05:30,11.05,11.05,10.5,10.5,59050
2019-07-26 00:00:00+05:30,10.2,10.95,10.0,10.45,73146
2019-07-29 00:00:00+05:30,10.4,10.95,9.95,9.95,85432
2019-07-30 00:00:00+05:30,9.5,9.5,9.5,9.5,20704
2019-07-31 00:00:00+05:30,9.4,9.9,9.05,9.15,103426
2019-08-01 00:00:00+05:30,9.2,9.5,8.7,9.1,163640
2019-08-02 00:00:00+05:30,9.1,9.55,8.65,9.45,180730
2019-08-05 00:00:00+05:30,9.85,9.85,9.0,9.0,271486
2019-08-06 00:00:00+05:30,8.55,9.45,8.55,9.35,161590
2019-08-07 00:00:00+05:30,9.2,9.6,9.05,9.3,52944
2019-08-08 00:00:00+05:30,9.7,9.75,9.05,9.75,143294
2019-08-09 00:00:00+05:30,10.2,10.2,10.0,10.2,80532
2019-08-13 00:00:00+05:30,10.65,10.7,10.0,10.4,129240
2019-08-14 00:00:00+05:30,10.3,10.9,9.95,10.8,145528
2019-08-16 00:00:00+05:30,10.3,11.15,10.3,10.3,59622
2019-08-19 00:00:00+05:30,10.8,10.8,10.6,10.8,186026
2019-08-20 00:00:00+05:30,11.15,11.3,10.3,10.7,117216
2019-08-21 00:00:00+05:30,10.55,10.6,10.2,10.2,77582
2019-08-22 00:00:00+05:30,9.95,9.95,9.7,9.7,47072
2019-08-23 00:00:00+05:30,9.5,9.9,9.25,9.65,92534
2019-08-26 00:00:00+05:30,10.1,10.1,9.2,9.45,157414
2019-08-27 00:00:00+05:30,9.5,9.8,9.0,9.05,209142
2019-08-28 00:00:00+05:30,9.0,9.4,8.9,8.95,58992
2019-08-29 00:00:00+05:30,9.3,9.3,8.55,8.75,206704
2019-08-30 00:00:00+05:30,8.75,9.0,8.4,8.85,111004
2019-09-03 00:00:00+05:30,8.9,8.9,8.45,8.45,110840
2019-09-04 00:00:00+05:30,8.1,8.5,8.05,8.1,96188
2019-09-05 00:00:00+05:30,8.1,8.5,7.85,8.5,114076
2019-09-06 00:00:00+05:30,8.5,8.9,8.3,8.8,29792
2019-09-09 00:00:00+05:30,8.8,9.2,8.45,8.95,53518
2019-09-11 00:00:00+05:30,8.95,9.35,8.75,9.35,119374
2019-09-12 00:00:00+05:30,9.8,9.8,9.8,9.8,19258
2019-09-13 00:00:00+05:30,10.25,10.25,10.25,10.25,46548
2019-09-16 00:00:00+05:30,10.7,10.75,10.5,10.75,72892
2019-09-17 00:00:00+05:30,11.25,11.25,11.25,11.25,58538
2019-09-18 00:00:00+05:30,11.75,11.8,11.3,11.8,185726
2019-09-19 00:00:00+05:30,12.35,12.35,11.25,11.25,287294
2019-09-20 00:00:00+05:30,11.25,11.4,10.7,10.85,189680
2019-09-23 00:00:00+05:30,10.8,10.9,10.35,10.35,102352
2019-09-24 00:00:00+05:30,10.25,10.25,9.85,9.85,64108
2019-09-25 00:00:00+05:30,9.7,10.15,9.4,9.4,100566
2019-09-26 00:00:00+05:30,8.95,9.2,8.95,8.95,150010
2019-09-27 00:00:00+05:30,8.55,8.55,8.55,8.55,91492
2019-09-30 00:00:00+05:30,8.15,8.95,8.15,8.15,145648
2019-10-01 00:00:00+05:30,8.15,8.5,7.75,7.85,419346
2019-10-03 00:00:00+05:30,7.5,7.5,7.5,7.5,56034
2019-10-04 00:00:00+05:30,7.4,7.75,7.15,7.35,203386
2019-10-07 00:00:00+05:30,7.3,7.6,7.1,7.3,71826
2019-10-09 00:00:00+05:30,7.3,7.3,6.95,6.95,295214
2019-10-10 00:00:00+05:30,7.05,7.05,6.65,6.75,181798
2019-10-11 00:00:00+05:30,7.0,7.0,6.45,6.45,121944
2019-10-14 00:00:00+05:30,6.15,6.45,6.15,6.15,74994
2019-10-15 00:00:00+05:30,5.85,6.0,5.85,5.85,140256
2019-10-16 00:00:00+05:30,5.9,6.1,5.6,6.1,273470
2019-10-17 00:00:00+05:30,6.1,6.35,5.85,6.3,104894
2019-10-18 00:00:00+05:30,6.25,6.45,6.0,6.05,173570
2019-10-22 00:00:00+05:30,6.25,6.35,6.1,6.2,92614
2019-10-23 00:00:00+05:30,6.45,6.45,6.05,6.35,35332
2019-10-24 00:00:00+05:30,6.2,6.55,6.05,6.05,210658
2019-10-25 00:00:00+05:30,5.75,6.05,5.75,5.75,154588
2019-10-27 00:00:00+05:30,5.75,5.9,5.5,5.65,51426
2019-10-29 00:00:00+05:30,5.55,5.7,5.4,5.4,86724
2019-10-30 00:00:00+05:30,5.55,5.6,5.15,5.15,244510
2019-10-31 00:00:00+05:30,5.0,5.15,4.9,4.9,310448
2019-11-01 00:00:00+05:30,4.9,4.9,4.7,4.7,193300
2019-11-04 00:00:00+05:30,4.5,4.5,4.5,4.5,208746
2019-11-05 00:00:00+05:30,4.3,4.7,4.3,4.7,178484
2019-11-06 00:00:00+05:30,4.9,4.9,4.9,4.9,24658
2019-11-07 00:00:00+05:30,5.1,5.1,5.1,5.1,26452
2019-11-08 00:00:00+05:30,5.2,5.35,4.85,5.05,791286
2019-11-11 00:00:00+05:30,5.25,5.3,4.8,5.3,101520
2019-11-13 00:00:00+05:30,5.55,5.55,5.4,5.5,265890
2019-11-14 00:00:00+05:30,5.7,5.75,5.25,5.65,307290
2019-11-15 00:00:00+05:30,5.65,5.9,5.4,5.65,348736
2019-11-18 00:00:00+05:30,5.8,5.8,5.4,5.4,122566
2019-11-19 00:00:00+05:30,5.15,5.5,5.15,5.15,180222
2019-11-20 00:00:00+05:30,4.9,5.4,4.9,4.9,689530
2019-11-21 00:00:00+05:30,4.7,4.7,4.7,4.7,124214
2019-11-22 00:00:00+05:30,4.5,4.5,4.5,4.5,46248
2019-11-25 00:00:00+05:30,4.3,4.3,4.3,4.3,84110
2019-11-26 00:00:00+05:30,4.1,4.1,4.1,4.1,69166
2019-11-27 00:00:00+05:30,3.9,3.9,3.9,3.9,64420
2019-11-28 00:00:00+05:30,3.75,4.0,3.75,3.75,813946
2019-11-29 00:00:00+05:30,3.6,3.6,3.6,3.6,645178
2019-12-02 00:00:00+05:30,3.45,3.75,3.45,3.55,741254
2019-12-03 00:00:00+05:30,3.4,3.65,3.4,3.4,310606
2019-12-04 00:00:00+05:30,3.35,3.55,3.25,3.35,814294
2019-12-05 00:00:00+05:30,3.2,3.35,3.2,3.2,154958
2019-12-06 00:00:00+05:30,3.05,3.2,3.05,3.05,307140
2019-12-09 00:00:00+05:30,3.05,3.2,3.0,3.1,507480
2019-12-10 00:00:00+05:30,3.25,3.25,2.95,2.95,277048
2019-12-11 00:00:00+05:30,2.85,3.05,2.85,2.95,1152622
2019-12-12 00:00:00+05:30,3.0,3.0,2.85,2.9,119718
2019-12-13 00:00:00+05:30,2.8,3.0,2.8,2.85,436732
2019-12-16 00:00:00+05:30,2.95,2.95,2.75,2.75,265862
2019-12-17 00:00:00+05:30,2.85,2.85,2.65,2.65,296632
2019-12-18 00:00:00+05:30,2.6,2.6,2.55,2.55,143304
2019-12-19 00:00:00+05:30,2.55,2.55,2.45,2.45,98594
2019-12-20 00:00:00+05:30,2.35,2.45,2.35,2.35,331922
2019-12-23 00:00:00+05:30,2.4,2.45,2.25,2.3,611184
2019-12-24 00:00:00+05:30,2.3,2.4,2.3,2.4,49720
2019-12-26 00:00:00+05:30,2.5,2.5,2.45,2.5,227742
2019-12-27 00:00:00+05:30,2.6,2.6,2.6,2.6,96508
2019-12-30 00:00:00+05:30,2.7,2.7,2.7,2.7,58286
2019-12-31 00:00:00+05:30,2.8,2.8,2.8,2.8,113014
2020-01-01 00:00:00+05:30,2.9,2.9,2.9,2.9,14194
2020-01-02 00:00:00+05:30,3.0,3.0,3.0,3.0,58198
2020-01-03 00:00:00+05:30,3.15,3.15,2.85,2.95,733632
2020-01-06 00:00:00+05:30,2.9,3.0,2.85,2.95,271170
2020-01-07 00:00:00+05:30,3.05,3.05,2.85,2.9,164798
2020-01-08 00:00:00+05:30,2.85,2.85,2.8,2.8,63050
2020-01-09 00:00:00+05:30,2.8,2.9,2.7,2.9,133342
2020-01-10 00:00:00+05:30,3.0,3.0,2.8,2.9,133702
2020-01-13 00:00:00+05:30,2.9,3.0,2.8,2.85,270552
2020-01-14 00:00:00+05:30,2.85,2.95,2.75,2.95,147254
2020-01-15 00:00:00+05:30,2.85,2.95,2.85,2.85,122392
2020-01-16 00:00:00+05:30,2.8,2.9,2.75,2.8,172626
2020-01-17 00:00:00+05:30,2.7,2.9,2.7,2.7,69048
2020-01-20 00:00:00+05:30,2.7,2.75,2.6,2.7,66176
2020-01-21 00:00:00+05:30,2.6,2.75,2.6,2.6,56570
2020-01-22 00:00:00+05:30,2.5,2.7,2.5,2.55,136632
2020-01-23 00:00:00+05:30,2.5,2.55,2.45,2.55,81670
2020-01-24 00:00:00+05:30,2.55,2.55,2.5,2.55,44920
2020-01-27 00:00:00+05:30,2.45,2.65,2.45,2.45,144206
2020-01-28 00:00:00+05:30,2.4,2.55,2.35,2.35,187016
2020-01-29 00:00:00+05:30,2.35,2.45,2.25,2.25,308052
2020-01-30 00:00:00+05:30,2.3,2.3,2.15,2.15,247022
2020-01-31 00:00:00+05:30,2.05,2.25,2.05,2.25,86832
2020-02-01 00:00:00+05:30,2.35,2.35,2.15,2.15,282418
2020-02-03 00:00:00+05:30,2.1,2.25,2.05,2.15,127580
2020-02-04 00:00:00+05:30,2.15,2.15,2.05,2.05,189864
2020-02-05 00:00:00+05:30,1.95,1.95,1.95,1.95,173282
2020-02-06 00:00:00+05:30,1.9,1.95,1.9,1.9,159838
2020-02-07 00:00:00+05:30,1.85,1.95,1.85,1.95,371718
2020-02-10 00:00:00+05:30,2.0,2.0,2.0,2.0,50710
2020-02-11 00:00:00+05:30,2.1,2.1,2.1,2.1,70862
2020-02-12 00:00:00+05:30,2.2,2.2,2.05,2.1,338178
2020-02-13 00:00:00+05:30,2.05,2.15,2.0,2.0,157008
2020-02-14 00:00:00+05:30,1.9,2.1,1.9,2.1,169000
2020-02-17 00:00:00+05:30,2.05,2.1,2.0,2.0,75454
2020-02-18 00:00:00+05:30,1.9,2.05,1.9,2.0,145134
2020-02-19 00:00:00+05:30,1.9,2.1,1.9,2.0,138610
2020-02-20 00:00:00+05:30,2.1,2.1,1.95,2.05,111142
2020-02-24 00:00:00+05:30,2.05,2.1,1.95,1.95,83872
2020-02-25 00:00:00+05:30,1.95,2.0,1.9,1.95,35098
2020-02-26 00:00:00+05:30,1.95,1.95,1.9,1.9,25870
2020-02-27 00:00:00+05:30,1.9,1.95,1.85,1.95,212946
2020-02-28 00:00:00+05:30,1.9,1.9,1.9,1.9,45522
2020-03-02 00:00:00+05:30,1.9,1.95,1.85,1.9,61260
2020-03-03 00:00:00+05:30,1.85,1.95,1.85,1.85,82156
2020-03-04 00:00:00+05:30,1.85,1.9,1.8,1.8,61150
2020-03-05 00:00:00+05:30,1.75,1.85,1.75,1.8,205922
2020-03-06 00:00:00+05:30,1.8,1.8,1.75,1.75,72174
2020-03-09 00:00:00+05:30,1.75,1.8,1.7,1.7,257398
2020-03-11 00:00:00+05:30,1.7,1.75,1.65,1.65,66372
2020-03-12 00:00:00+05:30,1.6,1.6,1.6,1.6,56938
2020-03-13 00:00:00+05:30,1.6,1.65,1.55,1.55,143582
2020-03-16 00:00:00+05:30,1.55,1.55,1.5,1.5,167726
2020-03-17 00:00:00+05:30,1.5,1.5,1.45,1.45,75914
2020-03-18 00:00:00+05:30,1.5,1.5,1.4,1.4,57176
2020-03-19 00:00:00+05:30,1.4,1.4,1.35,1.35,73554
2020-03-20 00:00:00+05:30,1.3,1.4,1.3,1.3,215370
2020-03-23 00:00:00+05:30,1.25,1.35,1.25,1.25,142186
2020-03-24 00:00:00+05:30,1.2,1.2,1.2,1.2,58796
2020-03-25 00:00:00+05:30,1.15,1.2,1.15,1.2,81442
2020-03-26 00:00:00+05:30,1.15,1.2,1.15,1.2,115426
2020-03-27 00:00:00+05:30,1.2,1.2,1.15,1.2,113668
2020-03-30 00:00:00+05:30,1.2,1.2,1.15,1.15,153862
2020-03-31 00:00:00+05:30,1.2,1.2,1.1,1.2,100868
2020-04-01 00:00:00+05:30,1.15,1.2,1.15,1.15,119958
2020-04-03 00:00:00+05:30,1.2,1.2,1.1,1.2,198662
2020-04-07 00:00:00+05:30,1.2,1.25,1.15,1.2,209140
2020-04-08 00:00:00+05:30,1.25,1.25,1.2,1.25,75200
2020-04-09 00:00:00+05:30,1.3,1.3,1.3,1.3,32368
2020-04-13 00:00:00+05:30,1.35,1.35,1.35,1.35,27794
2020-04-15 00:00:00+05:30,1.4,1.4,1.4,1.4,25342
2020-04-16 00:00:00+05:30,1.45,1.45,1.45,1.45,59594
2020-04-17 00:00:00+05:30,1.5,1.5,1.5,1.5,37584
2020-04-20 00:00:00+05:30,1.55,1.55,1.55,1.55,1970
2020-04-21 00:00:00+05:30,1.6,1.6,1.6,1.6,9630
2020-04-22 00:00:00+05:30,1.65,1.65,1.65,1.65,48014
2020-04-23 00:00:00+05:30,1.7,1.7,1.7,1.7,8996
2020-04-24 00:00:00+05:30,1.75,1.75,1.75,1.75,5610
2020-04-27 00:00:00+05:30,1.8,1.8,1.8,1.8,37486
2020-04-28 00:00:00+05:30,1.85,1.85,1.85,1.85,16224
2020-04-29 00:00:00+05:30,1.9,1.9,1.9,1.9,54836
2020-04-30 00:00:00+05:30,1.95,1.95,1.95,1.95,33604
2020-05-04 00:00:00+05:30,2.0,2.0,2.0,2.0,103310
2020-05-05 00:00:00+05:30,2.1,2.1,2.1,2.1,60718
2020-05-06 00:00:00+05:30,2.2,2.2,2.2,2.2,244512
2020-05-07 00:00:00+05:30,2.3,2.3,2.3,2.3,505392
2020-05-08 00:00:00+05:30,2.4,2.4,2.4,2.4,87368
2020-05-11 00:00:00+05:30,2.5,2.5,2.5,2.5,211604
2020-05-12 00:00:00+05:30,2.6,2.6,2.5,2.55,405898
2020-05-13 00:00:00+05:30,2.5,2.65,2.45,2.45,287560
2020-05-14 00:00:00+05:30,2.35,2.35,2.35,2.35,89964
2020-05-15 00:00:00+05:30,2.25,2.25,2.25,2.25,89020
2020-05-18 00:00:00+05:30,2.25,2.25,2.15,2.15,69020
2020-05-19 00:00:00+05:30,2.05,2.05,2.05,2.05,44376
2020-05-20 00:00:00+05:30,2.05,2.15,1.95,1.95,202070
2020-05-21 00:00:00+05:30,1.9,2.0,1.9,2.0,73450
2020-05-22 00:00:00+05:30,2.1,2.1,1.9,2.1,93702
2020-05-26 00:00:00+05:30,2.15,2.2,2.15,2.2,91486
2020-05-27 00:00:00+05:30,2.3,2.3,2.3,2.3,46062
2020-05-28 00:00:00+05:30,2.4,2.4,2.4,2.4,22642
2020-05-29 00:00:00+05:30,2.5,2.5,2.4,2.5,222052
2020-06-01 00:00:00+05:30,2.55,2.6,2.55,2.6,75354
2020-06-02 00:00:00+05:30,2.7,2.7,2.7,2.7,253674
2020-06-03 00:00:00+05:30,2.8,2.8,2.75,2.8,250886
2020-06-04 00:00:00+05:30,2.9,2.9,2.7,2.75,453576
2020-06-05 00:00:00+05:30,2.85,2.85,2.65,2.8,670348
2020-06-08 00:00:00+05:30,2.9,2.9,2.85,2.9,192074
2020-06-09 00:00:00+05:30,3.0,3.0,2.9,3.0,439790
2020-06-10 00:00:00+05:30,3.1,3.15,2.9,3.15,300102
2020-06-11 00:00:00+05:30,3.3,3.3,3.0,3.3,226812
2020-06-12 00:00:00+05:30,3.3,3.45,3.15,3.45,301668
2020-06-15 00:00:00+05:30,3.6,3.6,3.4,3.6,251778
2020-06-16 00:00:00+05:30,3.75,3.75,3.45,3.75,395648
2020-06-17 00:00:00+05:30,3.9,3.9,3.9,3.9,129368
2020-06-18 00:00:00+05:30,4.05,4.05,4.05,4.05,131704
2020-06-19 00:00:00+05:30,4.25,4.25,4.25,4.25,182812
2020-06-22 00:00:00+05:30,4.45,4.45,4.45,4.45,167136
2020-06-23 00:00:00+05:30,4.65,4.65,4.65,4.65,83366
2020-06-24 00:00:00+05:30,4.85,4.85,4.65,4.85,1010720
2020-06-25 00:00:00+05:30,4.95,5.05,4.85,5.05,247672
2020-06-26 00:00:00+05:30,5.3,5.3,5.25,5.3,250902
2020-06-29 00:00:00+05:30,5.55,5.55,5.55,5.55,212034
2020-06-30 00:00:00+05:30,5.8,5.8,5.3,5.3,763958
2020-07-01 00:00:00+05:30,5.05,5.05,5.05,5.05,53508
2020-07-02 00:00:00+05:30,4.8,4.8,4.8,4.8,37786
2020-07-03 00:00:00+05:30,4.6,4.6,4.6,4.6,174300
2020-07-06 00:00:00+05:30,4.4,4.4,4.4,4.4,51252
2020-07-07 00:00:00+05:30,4.2,4.2,4.2,4.2,57890
2020-07-08 00:00:00+05:30,4.0,4.0,4.0,4.0,32834
2020-07-09 00:00:00+05:30,3.8,3.8,3.8,3.8,58550
2020-07-10 00:00:00+05:30,3.65,3.65,3.65,3.65,41050
2020-07-13 00:00:00+05:30,3.5,3.5,3.5,3.5,121368
2020-07-14 00:00:00+05:30,3.35,3.65,3.35,3.65,325336
2020-07-15 00:00:00+05:30,3.8,3.8,3.7,3.8,189886
2020-07-16 00:00:00+05:30,3.95,3.95,3.65,3.65,88358
2020-07-17 00:00:00+05:30,3.5,3.8,3.5,3.6,168610
2020-07-20 00:00:00+05:30,3.6,3.75,3.45,3.5,314712
2020-07-21 00:00:00+05:30,3.65,3.65,3.35,3.45,139352
2020-07-22 00:00:00+05:30,3.35,3.6,3.35,3.5,151240
2020-07-23 00:00:00+05:30,3.5,3.65,3.35,3.35,131426
2020-07-24 00:00:00+05:30,3.5,3.5,3.2,3.25,237290
2020-07-27 00:00:00+05:30,3.25,3.25,3.1,3.2,86534
2020-07-28 00:00:00+05:30,3.15,3.15,3.05,3.05,101124
2020-07-29 00:00:00+05:30,2.9,3.15,2.9,3.0,144806
2020-07-30 00:00:00+05:30,3.15,3.15,2.9,3.1,90768
2020-07-31 00:00:00+05:30,3.0,3.15,2.95,3.1,73910
2020-08-03 00:00:00+05:30,3.0,3.15,2.95,3.05,71094
2020-08-04 00:00:00+05:30,3.2,3.2,2.9,3.15,82320
2020-08-05 00:00:00+05:30,3.3,3.3,3.0,3.05,198428
2020-08-06 00:00:00+05:30,3.2,3.2,2.9,3.2,90760
2020-08-07 00:00:00+05:30,3.3,3.3,3.05,3.15,222800
2020-08-10 00:00:00+05:30,3.15,3.3,3.0,3.1,174578
2020-08-11 00:00:00+05:30,3.25,3.25,3.05,3.2,200270
2020-08-12 00:00:00+05:30,3.35,3.35,3.05,3.35,179686
2020-08-13 00:00:00+05:30,3.45,3.5,3.35,3.5,168368
2020-08-14 00:00:00+05:30,3.65,3.65,3.35,3.35,363506
2020-08-17 00:00:00+05:30,3.35,3.35,3.2,3.2,87336
2020-08-18 00:00:00+05:30,3.3,3.3,3.05,3.15,164022
2020-08-19 00:00:00+05:30,3.3,3.3,3.1,3.2,178472
2020-08-20 00:00:00+05:30,3.3,3.35,3.05,3.3,297336
2020-08-21 00:00:00+05:30,3.3,3.45,3.3,3.45,834784
2020-08-24 00:00:00+05:30,3.6,3.6,3.6,3.6,174802
2020-08-25 00:00:00+05:30,3.75,3.75,3.65,3.75,848714
2020-08-26 00:00:00+05:30,3.9,3.9,3.9,3.9,34256
2020-08-27 00:00:00+05:30,4.05,4.05,3.75,3.75,495772
2020-08-28 00:00:00+05:30,3.6,3.8,3.6,3.6,579070
2020-08-31 00:00:00+05:30,3.65,3.75,3.45,3.45,277472
2020-09-01 00:00:00+05:30,3.5,3.6,3.3,3.35,215452
2020-09-02 00:00:00+05:30,3.35,3.35,3.2,3.2,156548
2020-09-03 00:00:00+05:30,3.2,3.35,3.05,3.15,152740
2020-09-04 00:00:00+05:30,3.3,3.3,3.0,3.05,196524
2020-09-07 00:00:00+05:30,3.15,3.15,2.95,3.1,196598
2020-09-08 00:00:00+05:30,3.2,3.25,3.05,3.05,146250
2020-09-09 00:00:00+05:30,3.1,3.1,2.95,3.05,107664
2020-09-10 00:00:00+05:30,3.05,3.05,2.95,3.0,105996
2020-09-11 00:00:00+05:30,2.9,3.1,2.9,3.05,70812
2020-09-14 00:00:00+05:30,3.05,3.2,2.95,3.15,154752
2020-09-15 00:00:00+05:30,3.2,3.25,3.05,3.1,89382
2020-09-16 00:00:00+05:30,3.25,3.25,3.0,3.1,38744
2020-09-17 00:00:00+05:30,3.2,3.2,3.0,3.1,80386
2020-09-18 00:00:00+05:30,3.2,3.2,2.95,2.95,217588
2020-09-21 00:00:00+05:30,2.85,3.05,2.85,2.85,140684
2020-09-22 00:00:00+05:30,2.95,2.95,2.75,2.8,49632
2020-09-23 00:00:00+05:30,2.9,2.9,2.7,2.9,33544
2020-09-24 00:00:00+05:30,2.8,2.85,2.8,2.8,26656
2020-09-25 00:00:00+05:30,2.9,2.9,2.7,2.75,59751
2020-09-28 00:00:00+05:30,2.85,2.85,2.7,2.85,17692
2020-09-29 00:00:00+05:30,2.95,2.95,2.85,2.9,39079
2020-09-30 00:00:00+05:30,2.95,3.0,2.85,2.9,37638
2020-10-01 00:00:00+05:30,2.95,3.0,2.85,2.9,147294
2020-10-05 00:00:00+05:30,2.95,2.95,2.8,2.85,24989
2020-10-06 00:00:00+05:30,2.95,2.95,2.75,2.75,105513
2020-10-07 00:00:00+05:30,2.8,2.8,2.65,2.75,119109
2020-10-08 00:00:00+05:30,2.9,2.9,2.65,2.8,42355
2020-10-09 00:00:00+05:30,2.9,2.9,2.6,2.75,26886
2020-10-12 00:00:00+05:30,2.65,2.8,2.55,2.65,22852
2020-10-13 00:00:00+05:30,2.6,2.8,2.6,2.75,51518
2020-10-14 00:00:00+05:30,2.8,3.0,2.7,3.0,126735
2020-10-15 00:00:00+05:30,3.15,3.3,2.85,3.05,333697
2020-10-16 00:00:00+05:30,3.2,3.2,3.0,3.0,31837
2020-10-19 00:00:00+05:30,2.75,3.15,2.75,3.0,58725
2020-10-20 00:00:00+05:30,3.15,3.15,2.8,2.85,65863
2020-10-21 00:00:00+05:30,3.0,3.0,2.75,2.75,311215
2020-10-22 00:00:00+05:30,2.85,2.85,2.65,2.75,38296
2020-10-23 00:00:00+05:30,2.75,2.95,2.65,2.8,73073
2020-10-26 00:00:00+05:30,2.8,3.0,2.7,2.8,47663
2020-10-27 00:00:00+05:30,2.9,2.9,2.6,2.65,139196
2020-10-28 00:00:00+05:30,2.8,2.8,2.6,2.65,53071
2020-10-29 00:00:00+05:30,2.6,2.75,2.55,2.55,35684
2020-10-30 00:00:00+05:30,2.65,2.65,2.5,2.5,119073
2020-11-02 00:00:00+05:30,2.45,2.5,2.4,2.45,84248
2020-11-03 00:00:00+05:30,2.4,2.6,2.35,2.4,50216
2020-11-04 00:00:00+05:30,2.35,2.55,2.35,2.4,34730
2020-11-05 00:00:00+05:30,2.5,2.55,2.4,2.5,69774
2020-11-06 00:00:00+05:30,2.5,2.7,2.45,2.5,44021
2020-11-09 00:00:00+05:30,2.65,2.75,2.4,2.4,82998
2020-11-10 00:00:00+05:30,2.55,2.55,2.35,2.35,47678
2020-11-11 00:00:00+05:30,2.5,2.5,2.35,2.35,35206
2020-11-12 00:00:00+05:30,2.4,2.5,2.25,2.5,72361
2020-11-13 00:00:00+05:30,2.4,2.7,2.4,2.5,61663
2020-11-17 00:00:00+05:30,2.6,2.6,2.4,2.5,66677
2020-11-18 00:00:00+05:30,2.4,2.6,2.4,2.5,86233
2020-11-19 00:00:00+05:30,2.6,2.65,2.45,2.6,69254
2020-11-20 00:00:00+05:30,2.65,2.7,2.5,2.6,62852
2020-11-23 00:00:00+05:30,2.7,2.7,2.45,2.5,79128
2020-11-24 00:00:00+05:30,2.65,2.65,2.45,2.55,64475
2020-11-25 00:00:00+05:30,2.7,2.7,2.5,2.5,107354
2020-11-26 00:00:00+05:30,2.65,2.65,2.5,2.6,66466
2020-11-27 00:00:00+05:30,2.75,2.75,2.6,2.65,69160
2020-12-01 00:00:00+05:30,2.55,2.75,2.55,2.65,168421
2020-12-02 00:00:00+05:30,2.7,2.9,2.6,2.85,234630
2020-12-03 00:00:00+05:30,3.0,3.1,2.9,3.1,113356
2020-12-04 00:00:00+05:30,3.4,3.4,3.4,3.4,138649
2020-12-07 00:00:00+05:30,3.55,3.55,3.55,3.55,105069
2020-12-08 00:00:00+05:30,3.7,3.7,3.7,3.7,120204
2020-12-09 00:00:00+05:30,3.85,3.85,3.85,3.85,103237
2020-12-10 00:00:00+05:30,4.0,4.0,4.0,4.0,186068
2020-12-11 00:00:00+05:30,4.2,4.2,4.1,4.2,154033
2020-12-14 00:00:00+05:30,4.4,4.4,4.4,4.4,385707
2020-12-15 00:00:00+05:30,4.6,4.6,4.2,4.55,648068
2020-12-16 00:00:00+05:30,4.35,4.7,4.35,4.35,410246
2020-12-17 00:00:00+05:30,4.35,4.35,4.15,4.15,24017
2020-12-18 00:00:00+05:30,3.95,3.95,3.95,3.95,9239
2020-12-21 00:00:00+05:30,3.8,3.8,3.8,3.8,6822
2020-12-22 00:00:00+05:30,3.65,3.65,3.65,3.65,13139
2020-12-23 00:00:00+05:30,3.5,3.5,3.5,3.5,45123
2020-12-24 00:00:00+05:30,3.35,3.65,3.35,3.65,129938
2020-12-28 00:00:00+05:30,3.5,3.8,3.5,3.7,117337
2020-12-29 00:00:00+05:30,3.85,3.85,3.75,3.85,81266
2020-12-30 00:00:00+05:30,4.0,4.0,3.8,4.0,288721
2020-12-31 00:00:00+05:30,4.15,4.2,4.05,4.2,164010
2021-01-01 00:00:00+05:30,4.2,4.3,4.0,4.25,104406
2021-01-04 00:00:00+05:30,4.45,4.45,4.1,4.35,180782
2021-01-05 00:00:00+05:30,4.45,4.55,4.2,4.55,189099
2021-01-06 00:00:00+05:30,4.65,4.7,4.35,4.4,196454
2021-01-07 00:00:00+05:30,4.5,4.5,4.2,4.3,115703
2021-01-08 00:00:00+05:30,4.15,4.5,4.15,4.45,125508
2021-01-11 00:00:00+05:30,4.55,4.65,4.3,4.4,112546
2021-01-12 00:00:00+05:30,4.55,4.6,4.25,4.4,111790
2021-01-13 00:00:00+05:30,4.55,4.6,4.2,4.35,133323
2021-01-14 00:00:00+05:30,4.5,4.5,4.15,4.25,55399
2021-01-15 00:00:00+05:30,4.25,4.35,4.05,4.05,115282
2021-01-18 00:00:00+05:30,4.2,4.25,3.85,4.2,65667
2021-01-19 00:00:00+05:30,4.2,4.25,3.85,4.2,126856
2021-01-20 00:00:00+05:30,4.2,4.4,4.2,4.2,125576
2021-01-21 00:00:00+05:30,4.4,4.4,4.0,4.1,70301
2021-01-22 00:00:00+05:30,4.0,4.25,3.95,4.0,44302
2021-01-25 00:00:00+05:30,4.15,4.2,3.95,3.95,47959
2021-01-27 00:00:00+05:30,4.0,4.05,3.8,3.95,33196
2021-01-28 00:00:00+05:30,3.8,4.05,3.8,3.9,24274
2021-01-29 00:00:00+05:30,4.0,4.05,3.75,3.85,38030
2021-02-01 00:00:00+05:30,4.0,4.0,3.75,3.85,67837
2021-02-02 00:00:00+05:30,4.0,4.0,3.7,3.95,172945
2021-02-03 00:00:00+05:30,4.05,4.1,3.95,3.95,161250
2021-02-04 00:00:00+05:30,4.0,4.1,3.85,3.95,86211
2021-02-05 00:00:00+05:30,4.05,4.3,3.85,4.0,120750
2021-02-08 00:00:00+05:30,3.9,4.25,3.9,3.95,89633
2021-02-09 00:00:00+05:30,3.95,4.2,3.9,3.95,49292
2021-02-10 00:00:00+05:30,4.1,4.1,3.9,4.0,39538
2021-02-11 00:00:00+05:30,4.15,4.15,3.9,3.95,42827
2021-02-12 00:00:00+05:30,4.05,4.05,3.9,4.0,48571
2021-02-15 00:00:00+05:30,4.3,4.3,3.8,3.9,55790
2021-02-16 00:00:00+05:30,4.1,4.1,3.75,3.8,46374
2021-02-17 00:00:00+05:30,3.9,3.9,3.65,3.8,38314
2021-02-18 00:00:00+05:30,4.0,4.0,3.5,3.7,139581
2021-02-19 00:00:00+05:30,3.9,3.95,3.65,3.7,67412
2021-02-22 00:00:00+05:30,3.6,3.9,3.6,3.6,86317
2021-02-23 00:00:00+05:30,3.65,3.65,3.25,3.5,248222
2021-02-24 00:00:00+05:30,3.6,3.65,3.4,3.5,73577
2021-02-25 00:00:00+05:30,3.7,3.7,3.45,3.5,82795
2021-02-26 00:00:00+05:30,3.45,3.8,3.35,3.5,67237
2021-03-01 00:00:00+05:30,3.8,3.9,3.55,3.9,169978
2021-03-02 00:00:00+05:30,4.25,4.25,4.25,4.25,164952
2021-03-03 00:00:00+05:30,4.6,4.65,4.1,4.65,473305
2021-03-04 00:00:00+05:30,4.65,4.65,4.45,4.45,254332
2021-03-05 00:00:00+05:30,4.25,4.4,4.25,4.25,71002
2021-03-08 00:00:00+05:30,4.15,4.45,4.05,4.1,96733
2021-03-09 00:00:00+05:30,4.2,4.2,3.9,3.9,123685
2021-03-10 00:00:00+05:30,3.9,4.05,3.75,4.0,106647
2021-03-12 00:00:00+05:30,4.15,4.15,3.85,3.9,76680
2021-03-15 00:00:00+05:30,3.85,4.05,3.85,4.05,43567
2021-03-16 00:00:00+05:30,4.25,4.25,4.25,4.25,30763
2021-03-17 00:00:00+05:30,4.45,4.45,4.1,4.25,301087
2021-03-18 00:00:00+05:30,4.4,4.4,4.1,4.2,211235
2021-03-19 00:00:00+05:30,4.05,4.3,4.0,4.15,88955
2021-03-22 00:00:00+05:30,4.05,4.3,3.95,4.0,87803
2021-03-23 00:00:00+05:30,4.15,4.2,3.9,4.1,123022
2021-03-24 00:00:00+05:30,4.15,4.25,3.9,3.95,211845
2021-03-25 00:00:00+05:30,4.0,4.0,3.8,3.8,206826
2021-03-26 00:00:00+05:30,3.7,3.9,3.7,3.75,140107
2021-03-30 00:00:00+05:30,3.75,3.85,3.65,3.75,105525
2021-03-31 00:00:00+05:30,3.85,3.9,3.65,3.7,204066
2021-04-01 00:00:00+05:30,3.9,3.9,3.75,3.9,59694
2021-04-05 00:00:00+05:30,4.05,4.05,3.85,3.95,40145
2021-04-06 00:00:00+05:30,3.95,4.1,3.9,4.0,96135
2021-04-07 00:00:00+05:30,3.9,4.1,3.9,3.95,67772
2021-04-08 00:00:00+05:30,4.1,4.1,3.7,3.9,95644
2021-04-09 00:00:00+05:30,3.9,4.0,3.8,3.85,35268
2021-04-12 00:00:00+05:30,3.75,3.85,3.55,3.55,98541
2021-04-13 00:00:00+05:30,3.45,3.85,3.45,3.7,43775
2021-04-15 00:00:00+05:30,3.7,3.9,3.6,3.85,25369
2021-04-16 00:00:00+05:30,3.95,4.0,3.75,3.9,70411
2021-04-19 00:00:00+05:30,3.75,3.9,3.6,3.6,80085
2021-04-20 00:00:00+05:30,3.6,3.75,3.55,3.6,33271
2021-04-22 00:00:00+05:30,3.7,3.7,3.5,3.55,48461
2021-04-23 00:00:00+05:30,3.6,3.9,3.5,3.85,190782
2021-04-26 00:00:00+05:30,4.15,4.2,3.8,4.05,336197
2021-04-27 00:00:00+05:30,4.3,4.45,4.1,4.3,305083
2021-04-28 00:00:00+05:30,4.6,4.6,4.0,4.1,303395
2021-04-29 00:00:00+05:30,4.0,4.15,3.95,4.05,179766
2021-04-30 00:00:00+05:30,4.0,4.0,3.65,3.95,153558
2021-05-03 00:00:00+05:30,4.05,4.05,3.8,3.9,115107
2021-05-04 00:00:00+05:30,3.85,4.05,3.8,3.85,130334
2021-05-05 00:00:00+05:30,3.85,4.0,3.65,3.85,148658
2021-05-06 00:00:00+05:30,3.8,3.9,3.75,3.75,63495
2021-05-07 00:00:00+05:30,3.9,3.9,3.7,3.8,92895
2021-05-10 00:00:00+05:30,3.75,4.05,3.75,4.05,166342
2021-05-11 00:00:00+05:30,4.1,4.4,3.95,4.3,292717
2021-05-12 00:00:00+05:30,4.45,4.6,4.2,4.25,282178
2021-05-14 00:00:00+05:30,4.25,4.35,4.05,4.1,88402
2021-05-17 00:00:00+05:30,4.2,4.2,4.0,4.05,42314
2021-05-18 00:00:00+05:30,4.15,4.4,3.9,4.1,348950
2021-05-19 00:00:00+05:30,4.2,4.2,4.05,4.05,65788
2021-05-20 00:00:00+05:30,4.05,4.1,3.85,3.95,223024
2021-05-21 00:00:00+05:30,3.95,4.05,3.9,3.95,73896
2021-05-24 00:00:00+05:30,4.0,4.3,4.0,4.25,217685
2021-05-25 00:00:00+05:30,4.45,4.45,4.1,4.2,357286
2021-05-26 00:00:00+05:30,4.3,4.6,4.15,4.5,581489
2021-05-27 00:00:00+05:30,4.6,4.95,4.4,4.9,1170348
2021-05-28 00:00:00+05:30,5.05,5.35,5.05,5.35,971563
2021-05-31 00:00:00+05:30,5.3,5.3,5.1,5.1,272294
2021-06-01 00:00:00+05:30,4.85,4.85,4.85,4.85,83970
2021-06-02 00:00:00+05:30,4.65,5.05,4.65,4.8,453605
2021-06-03 00:00:00+05:30,5.0,5.0,4.65,5.0,181121
2021-06-04 00:00:00+05:30,5.25,5.25,4.75,5.1,682250
2021-06-07 00:00:00+05:30,5.35,5.35,5.1,5.35,522914
2021-06-08 00:00:00+05:30,5.6,5.6,5.4,5.6,529007
2021-06-09 00:00:00+05:30,5.85,5.85,5.35,5.65,706236
2021-06-10 00:00:00+05:30,5.9,5.9,5.75,5.9,157841
2021-06-11 00:00:00+05:30,6.15,6.15,6.15,6.15,411196
2021-06-14 00:00:00+05:30,6.45,6.45,6.2,6.45,226160
2021-06-15 00:00:00+05:30,6.75,6.75,6.75,6.75,48894
2021-06-17 00:00:00+05:30,7.4,7.4,6.7,7.4,984543
2021-06-18 00:00:00+05:30,7.75,7.75,7.05,7.75,452411
2021-06-21 00:00:00+05:30,7.85,7.85,7.4,7.45,312645
2021-06-22 00:00:00+05:30,7.45,7.7,7.1,7.1,310377
2021-06-23 00:00:00+05:30,6.75,6.75,6.75,6.75,78549
2021-06-24 00:00:00+05:30,6.45,6.45,6.45,6.45,40655
2021-06-25 00:00:00+05:30,6.15,6.75,6.15,6.6,271490
2021-06-28 00:00:00+05:30,6.9,6.9,6.55,6.9,472587
2021-06-29 00:00:00+05:30,7.15,7.2,6.6,6.8,280538
2021-06-30 00:00:00+05:30,7.0,7.1,6.5,6.5,118400
2021-07-01 00:00:00+05:30,6.2,6.45,6.2,6.2,193909
2021-07-02 00:00:00+05:30,5.9,6.5,5.9,6.0,382086
2021-07-05 00:00:00+05:30,6.2,6.2,5.7,5.7,344027
2021-07-06 00:00:00+05:30,5.7,5.95,5.45,5.85,204747
2021-07-07 00:00:00+05:30,6.1,6.1,5.7,6.05,124827
2021-07-08 00:00:00+05:30,6.2,6.35,6.15,6.35,277636
2021-07-09 00:00:00+05:30,6.45,6.65,6.15,6.45,265498
2021-07-12 00:00:00+05:30,6.5,6.75,6.45,6.75,94055
2021-07-13 00:00:00+05:30,7.0,7.05,6.55,6.9,139753
2021-07-14 00:00:00+05:30,6.85,6.85,6.6,6.65,106091
2021-07-15 00:00:00+05:30,6.8,6.85,6.4,6.5,69475
2021-07-16 00:00:00+05:30,6.65,6.7,6.35,6.4,74194
2021-07-19 00:00:00+05:30,6.55,6.7,6.45,6.65,190471
2021-07-20 00:00:00+05:30,6.65,6.65,6.35,6.35,153494
2021-07-22 00:00:00+05:30,6.5,6.5,6.05,6.1,161610
2021-07-23 00:00:00+05:30,6.35,6.35,5.9,5.9,89869
2021-07-26 00:00:00+05:30,6.05,6.05,5.7,5.85,138152
2021-07-27 00:00:00+05:30,5.9,6.05,5.6,5.65,224173
2021-07-28 00:00:00+05:30,5.75,5.75,5.4,5.6,120152
2021-07-29 00:00:00+05:30,5.75,5.75,5.4,5.5,105233
2021-07-30 00:00:00+05:30,5.5,5.5,5.25,5.25,189536
2021-08-02 00:00:00+05:30,5.3,5.5,5.1,5.5,83903
2021-08-03 00:00:00+05:30,5.75,5.75,5.25,5.3,237846
2021-08-04 00:00:00+05:30,5.4,5.55,5.3,5.4,149988
2021-08-05 00:00:00+05:30,5.55,5.55,5.15,5.15,149496
2021-08-06 00:00:00+05:30,5.15,5.35,5.0,5.15,112031
2021-08-09 00:00:00+05:30,5.05,5.3,4.95,5.0,117257
2021-08-10 00:00:00+05:30,5.1,5.1,4.75,4.75,135575
2021-08-11 00:00:00+05:30,4.9,4.9,4.55,4.65,124465
2021-08-12 00:00:00+05:30,4.65,4.85,4.65,4.85,40487
2021-08-13 00:00:00+05:30,5.05,5.05,4.9,5.05,70906
2021-08-16 00:00:00+05:30,5.2,5.3,4.8,4.85,131175
2021-08-17 00:00:00+05:30,4.85,4.85,4.65,4.7,65429
2021-08-18 00:00:00+05:30,4.7,4.85,4.55,4.65,96559
2021-08-20 00:00:00+05:30,4.55,4.75,4.5,4.65,121781
2021-08-23 00:00:00+05:30,4.65,4.7,4.45,4.45,70187
2021-08-24 00:00:00+05:30,4.4,4.45,4.25,4.3,98823
2021-08-25 00:00:00+05:30,4.2,4.45,4.1,4.3,83306
2021-08-26 00:00:00+05:30,4.3,4.5,4.3,4.5,34388
2021-08-27 00:00:00+05:30,4.5,4.7,4.35,4.65,42405
2021-08-30 00:00:00+05:30,4.85,4.85,4.65,4.8,22576
2021-08-31 00:00:00+05:30,4.85,5.0,4.65,4.85,71339
2021-09-01 00:00:00+05:30,4.8,5.05,4.8,5.0,99453
2021-09-02 00:00:00+05:30,5.2,5.2,5.0,5.05,78521
2021-09-03 00:00:00+05:30,5.15,5.15,4.85,5.0,71230
2021-09-06 00:00:00+05:30,5.1,5.15,4.75,4.8,133519
2021-09-07 00:00:00+05:30,4.85,5.0,4.8,4.85,24019
2021-09-08 00:00:00+05:30,4.95,4.95,4.65,4.8,79818
2021-09-09 00:00:00+05:30,4.85,4.9,4.65,4.8,39407
2021-09-13 00:00:00+05:30,4.65,5.0,4.65,4.75,49342
2021-09-14 00:00:00+05:30,4.7,4.9,4.55,4.7,108982
2021-09-15 00:00:00+05:30,4.8,4.8,4.55,4.6,160534
2021-09-16 00:00:00+05:30,4.6,4.7,4.45,4.65,186653
2021-09-17 00:00:00+05:30,4.65,4.7,4.45,4.45,222130
2021-09-20 00:00:00+05:30,4.4,4.45,4.25,4.25,121090
2021-09-21 00:00:00+05:30,4.35,4.35,4.05,4.1,291805
2021-09-22 00:00:00+05:30,4.1,4.15,3.9,4.05,201915
2021-09-23 00:00:00+05:30,4.15,4.25,4.0,4.25,95032
2021-09-24 00:00:00+05:30,4.45,4.45,4.1,4.45,208203
2021-09-27 00:00:00+05:30,4.65,4.65,4.35,4.35,104001
2021-09-28 00:00:00+05:30,4.45,4.45,4.2,4.3,76019
2021-09-29 00:00:00+05:30,4.4,4.4,4.1,4.25,77972
2021-09-30 00:00:00+05:30,4.2,4.45,4.15,4.45,142931
2021-10-01 00:00:00+05:30,4.65,4.65,4.5,4.6,211540
2021-10-04 00:00:00+05:30,4.75,4.8,4.65,4.8,198439
2021-10-05 00:00:00+05:30,5.0,5.0,4.9,5.0,122972
2021-10-06 00:00:00+05:30,5.2,5.25,5.1,5.25,107863
2021-10-07 00:00:00+05:30,5.65,5.75,5.65,5.75,117517
2021-10-08 00:00:00+05:30,6.3,6.3,6.3,6.3,220375
2021-10-11 00:00:00+05:30,6.85,6.85,5.7,5.75,975714
2021-10-12 00:00:00+05:30,5.7,6.0,5.25,5.4,564691
2021-10-13 00:00:00+05:30,5.3,5.6,4.9,5.3,613148
2021-10-14 00:00:00+05:30,5.3,5.45,5.1,5.15,160268
2021-10-18 00:00:00+05:30,5.6,5.6,5.05,5.15,133712
2021-10-19 00:00:00+05:30,5.4,5.4,5.0,5.05,146134
2021-10-20 00:00:00+05:30,5.1,5.3,4.85,4.95,189422
2021-10-21 00:00:00+05:30,4.95,5.15,4.85,4.9,61595
2021-10-22 00:00:00+05:30,4.9,5.05,4.75,4.8,129698
2021-10-25 00:00:00+05:30,4.95,4.95,4.55,4.65,85800
2021-10-26 00:00:00+05:30,4.55,4.85,4.55,4.75,48765
2021-10-27 00:00:00+05:30,4.95,4.95,4.6,4.65,74520
2021-10-28 00:00:00+05:30,4.75,4.75,4.4,4.5,86024
2021-10-29 00:00:00+05:30,4.45,4.65,4.35,4.6,59244
2021-11-01 00:00:00+05:30,4.6,5.05,4.55,5.05,105308
2021-11-02 00:00:00+05:30,5.45,5.45,4.85,5.15,181385
2021-11-03 00:00:00+05:30,5.15,5.35,4.85,5.0,92716
2021-11-04 00:00:00+05:30,5.3,5.3,5.05,5.15,28641
2021-11-08 00:00:00+05:30,5.3,5.3,4.85,4.95,63762
2021-11-09 00:00:00+05:30,5.15,5.15,4.8,4.9,53172
2021-11-10 00:00:00+05:30,4.95,5.1,4.8,5.05,145844
2021-11-11 00:00:00+05:30,4.9,5.15,4.9,4.95,59377
2021-11-12 00:00:00+05:30,4.9,5.05,4.85,5.0,56830
2021-11-15 00:00:00+05:30,4.85,5.4,4.5,4.6,411529
2021-11-16 00:00:00+05:30,4.7,4.9,4.5,4.7,95362
2021-11-17 00:00:00+05:30,4.8,4.85,4.65,4.75,45560
2021-11-18 00:00:00+05:30,4.75,4.9,4.55,4.6,93456
2021-11-22 00:00:00+05:30,4.8,4.8,4.5,4.65,111059
2021-11-23 00:00:00+05:30,4.8,4.8,4.6,4.75,68577
2021-11-24 00:00:00+05:30,4.8,4.8,4.65,4.7,118026
2021-11-25 00:00:00+05:30,4.7,4.95,4.7,4.85,72361
2021-11-26 00:00:00+05:30,4.95,4.95,4.5,4.65,98154
2021-11-29 00:00:00+05:30,4.85,5.1,4.5,4.75,482939
2021-11-30 00:00:00+05:30,5.0,5.2,4.8,5.15,280497
2021-12-01 00:00:00+05:30,5.5,5.65,5.2,5.65,466786
2021-12-02 00:00:00+05:30,6.15,6.2,5.9,6.2,1122795
2021-12-03 00:00:00+05:30,6.35,6.5,6.3,6.5,688057
2021-12-06 00:00:00+05:30,6.6,6.6,6.2,6.2,168193
2021-12-07 00:00:00+05:30,5.9,5.9,5.9,5.9,65528
2021-12-08 00:00:00+05:30,5.65,5.65,5.65,5.65,129417
2021-12-09 00:00:00+05:30,5.45,5.9,5.4,5.55,754691
2021-12-10 00:00:00+05:30,5.6,5.8,5.55,5.8,178533
2021-12-13 00:00:00+05:30,6.05,6.05,6.05,6.05,91535
2021-12-14 00:00:00+05:30,6.25,6.35,5.95,6.35,184861
2021-12-15 00:00:00+05:30,6.65,6.65,6.15,6.65,437212
2021-12-16 00:00:00+05:30,6.9,6.95,6.55,6.8,724830
2021-12-17 00:00:00+05:30,6.8,6.8,6.5,6.5,183509
2021-12-20 00:00:00+05:30,6.3,6.4,6.2,6.2,109349
2021-12-21 00:00:00+05:30,5.9,6.35,5.9,6.0,223246
2021-12-22 00:00:00+05:30,6.05,6.3,6.05,6.3,130428
2021-12-23 00:00:00+05:30,6.5,6.6,6.5,6.6,214348
2021-12-24 00:00:00+05:30,6.9,6.9,6.3,6.7,684729
2021-12-27 00:00:00+05:30,6.75,6.9,6.4,6.4,637969
2021-12-28 00:00:00+05:30,6.35,6.7,6.2,6.7,632785
2021-12-29 00:00:00+05:30,7.0,7.0,7.0,7.0,211382
2021-12-30 00:00:00+05:30,7.35,7.35,7.1,7.35,904563
2021-12-31 00:00:00+05:30,7.7,7.7,7.7,7.7,139522
2022-01-03 00:00:00+05:30,8.05,8.05,8.05,8.05,95415
2022-01-04 00:00:00+05:30,8.45,8.45,7.65,8.1,957898
2022-01-05 00:00:00+05:30,7.7,8.2,7.7,7.7,229136
2022-01-06 00:00:00+05:30,7.35,7.35,7.35,7.35,104486
2022-01-07 00:00:00+05:30,7.2,7.7,7.15,7.45,436529
2022-01-10 00:00:00+05:30,7.6,7.8,7.55,7.8,482711
2022-01-11 00:00:00+05:30,8.05,8.15,7.75,8.15,356677
2022-01-12 00:00:00+05:30,8.5,8.55,7.75,7.85,579299
2022-01-13 00:00:00+05:30,8.0,8.0,7.5,7.5,297475
2022-01-14 00:00:00+05:30,7.15,7.85,7.15,7.85,215646
2022-01-17 00:00:00+05:30,8.2,8.2,7.65,8.1,339544
2022-01-18 00:00:00+05:30,8.4,8.4,7.7,7.8,221596
2022-01-19 00:00:00+05:30,7.45,7.85,7.45,7.65,213927
2022-01-20 00:00:00+05:30,7.45,7.95,7.3,7.35,158737
2022-01-21 00:00:00+05:30,7.65,7.65,7.1,7.25,135604
2022-01-24 00:00:00+05:30,7.5,7.5,6.9,6.95,157775
2022-01-25 00:00:00+05:30,6.75,7.25,6.65,7.2,141130
2022-01-27 00:00:00+05:30,7.55,7.55,6.85,6.9,82941
2022-01-28 00:00:00+05:30,7.1,7.2,6.75,6.95,155609
2022-01-31 00:00:00+05:30,6.7,7.2,6.65,6.75,132784
2022-02-01 00:00:00+05:30,6.85,6.95,6.5,6.65,69213
2022-02-02 00:00:00+05:30,6.9,6.9,6.5,6.8,64603
2022-02-03 00:00:00+05:30,7.1,7.1,6.7,7.05,108577
2022-02-04 00:00:00+05:30,7.05,7.1,6.85,6.95,105467
2022-02-07 00:00:00+05:30,7.0,7.0,6.7,6.75,67654
2022-02-08 00:00:00+05:30,6.65,6.9,6.45,6.5,79885
2022-02-09 00:00:00+05:30,6.5,6.5,6.2,6.2,113492
2022-02-10 00:00:00+05:30,6.3,6.3,5.9,6.0,69181
2022-02-11 00:00:00+05:30,6.0,6.05,5.75,5.85,94111
2022-02-14 00:00:00+05:30,5.8,5.8,5.6,5.6,88790
2022-02-15 00:00:00+05:30,5.5,5.85,5.35,5.85,129295
2022-02-16 00:00:00+05:30,6.0,6.1,5.75,5.9,88796
2022-02-17 00:00:00+05:30,6.15,6.15,6.0,6.1,78330
2022-02-18 00:00:00+05:30,6.4,6.4,5.85,5.9,64440
2022-02-21 00:00:00+05:30,5.9,6.15,5.65,5.8,101511
2022-02-22 00:00:00+05:30,5.9,5.9,5.55,5.55,19385
2022-02-23 00:00:00+05:30,5.3,5.8,5.3,5.8,84385
2022-02-24 00:00:00+05:30,5.55,5.55,5.55,5.55,16384
2022-02-25 00:00:00+05:30,5.3,5.8,5.3,5.8,142403
2022-02-28 00:00:00+05:30,5.6,5.95,5.55,5.65,75439
2022-03-02 00:00:00+05:30,5.8,5.85,5.45,5.8,54145
2022-03-03 00:00:00+05:30,5.55,6.05,5.55,5.75,50582
2022-03-04 00:00:00+05:30,5.65,5.9,5.6,5.75,61766
2022-03-07 00:00:00+05:30,5.5,6.0,5.5,5.75,78640
2022-03-08 00:00:00+05:30,6.0,6.0,5.5,5.6,193410
2022-03-09 00:00:00+05:30,5.5,5.85,5.5,5.8,58134
2022-03-10 00:00:00+05:30,6.05,6.05,5.75,6.05,61201
2022-03-11 00:00:00+05:30,6.0,6.25,5.8,6.05,77085
2022-03-14 00:00:00+05:30,6.15,6.2,5.75,5.75,201098
2022-03-15 00:00:00+05:30,5.55,6.0,5.55,5.95,79597
2022-03-16 00:00:00+05:30,6.1,6.15,5.7,5.75,68488
2022-03-17 00:00:00+05:30,5.95,5.95,5.55,5.75,77027
2022-03-21 00:00:00+05:30,5.95,5.95,5.5,5.7,106177
2022-03-22 00:00:00+05:30,5.6,5.8,5.45,5.45,113720
2022-03-23 00:00:00+05:30,5.6,5.65,5.2,5.25,133219
2022-03-24 00:00:00+05:30,5.25,5.45,5.0,5.15,330784
2022-03-25 00:00:00+05:30,5.25,5.35,4.9,4.9,191450
2022-03-28 00:00:00+05:30,4.7,5.1,4.7,5.05,214230
2022-03-29 00:00:00+05:30,5.25,5.25,4.8,4.95,138036
2022-03-30 00:00:00+05:30,4.9,5.15,4.8,4.85,115546
2022-03-31 00:00:00+05:30,4.75,4.9,4.65,4.65,145658
2022-04-01 00:00:00+05:30,4.75,4.85,4.45,4.85,93581
2022-04-04 00:00:00+05:30,5.0,5.05,4.9,5.05,33328
2022-04-05 00:00:00+05:30,5.3,5.3,4.95,5.3,52086
2022-04-06 00:00:00+05:30,5.5,5.55,5.35,5.55,51500
2022-04-07 00:00:00+05:30,5.8,6.1,5.3,6.1,285986
2022-04-08 00:00:00+05:30,6.3,6.5,5.95,6.05,133198
2022-04-11 00:00:00+05:30,6.2,6.3,5.7,5.95,77886
2022-04-12 00:00:00+05:30,6.0,6.0,5.6,5.85,75534
2022-04-13 00:00:00+05:30,6.1,6.1,5.75,5.85,108813
2022-04-18 00:00:00+05:30,6.1,6.1,5.5,5.65,62214
2022-04-19 00:00:00+05:30,5.75,5.9,5.65,5.8,37545
2022-04-20 00:00:00+05:30,5.6,5.95,5.6,5.85,91353
2022-04-21 00:00:00+05:30,6.0,6.0,5.6,5.85,68421
2022-04-22 00:00:00+05:30,5.95,5.95,5.5,5.65,112925
2022-04-25 00:00:00+05:30,5.9,5.9,5.3,5.45,114797
2022-04-26 00:00:00+05:30,5.4,5.75,5.4,5.55,58835
2022-04-27 00:00:00+05:30,5.75,5.75,5.0,5.15,149144
2022-04-28 00:00:00+05:30,5.15,5.65,4.7,5.55,129181
2022-04-29 00:00:00+05:30,6.1,6.1,5.5,5.65,124820
2022-05-02 00:00:00+05:30,5.65,5.65,5.3,5.4,50118
2022-05-04 00:00:00+05:30,5.4,5.4,5.1,5.25,64197
2022-05-05 00:00:00+05:30,5.4,5.75,5.1,5.35,53383
2022-05-06 00:00:00+05:30,5.2,5.4,5.1,5.2,49921
2022-05-09 00:00:00+05:30,5.1,5.4,4.85,5.25,89480
2022-05-10 00:00:00+05:30,5.25,5.35,5.0,5.1,28617
2022-05-11 00:00:00+05:30,5.05,5.45,4.8,4.95,55348
2022-05-12 00:00:00+05:30,4.95,5.0,4.5,4.5,170572
2022-05-13 00:00:00+05:30,4.3,4.8,4.3,4.7,111865
2022-05-16 00:00:00+05:30,5.0,5.0,4.5,4.6,112848
2022-05-17 00:00:00+05:30,4.6,5.05,4.5,5.05,104649
2022-05-18 00:00:00+05:30,5.3,5.5,5.0,5.4,97982
2022-05-19 00:00:00+05:30,5.2,5.6,4.9,4.95,149956
2022-05-20 00:00:00+05:30,4.95,5.2,4.65,4.8,111269
2022-05-23 00:00:00+05:30,4.7,4.95,4.7,4.75,44173
2022-05-24 00:00:00+05:30,4.75,5.2,4.75,5.15,133905
2022-05-25 00:00:00+05:30,5.25,5.4,4.85,4.95,89644
2022-05-26 00:00:00+05:30,5.05,5.1,4.7,4.9,83296
2022-05-27 00:00:00+05:30,5.15,5.15,4.75,4.9,44589
2022-05-30 00:00:00+05:30,4.9,5.0,4.8,4.95,55086
2022-05-31 00:00:00+05:30,4.85,5.05,4.5,4.85,238238
2022-06-01 00:00:00+05:30,4.75,4.95,4.55,4.85,112823
2022-06-02 00:00:00+05:30,4.85,5.0,4.7,4.9,126176
2022-06-03 00:00:00+05:30,5.0,5.3,4.5,4.9,263512
2022-06-06 00:00:00+05:30,4.7,5.0,4.7,4.75,64737
2022-06-07 00:00:00+05:30,4.8,5.05,4.6,4.65,89351
2022-06-08 00:00:00+05:30,4.65,4.9,4.65,4.75,75431
2022-06-09 00:00:00+05:30,4.85,4.85,4.45,4.6,118194
2022-06-10 00:00:00+05:30,4.65,4.75,4.55,4.65,25245
2022-06-13 00:00:00+05:30,4.65,4.75,4.55,4.55,35112
2022-06-14 00:00:00+05:30,4.65,4.65,4.4,4.5,99800
2022-06-15 00:00:00+05:30,4.6,4.65,4.45,4.6,45619
2022-06-16 00:00:00+05:30,4.65,4.75,4.35,4.4,68866
2022-06-17 00:00:00+05:30,4.4,4.4,3.6,4.2,113918
2022-06-20 00:00:00+05:30,4.2,4.35,3.9,4.2,96480
2022-06-21 00:00:00+05:30,4.1,4.45,4.1,4.4,40840
2022-06-22 00:00:00+05:30,4.4,4.4,4.0,4.15,84420
2022-06-23 00:00:00+05:30,4.3,4.3,4.1,4.1,40527
2022-06-24 00:00:00+05:30,4.2,4.4,4.1,4.3,26940
2022-06-27 00:00:00+05:30,4.3,4.4,3.6,4.15,148307
2022-06-28 00:00:00+05:30,4.25,4.45,4.05,4.25,96613
2022-06-29 00:00:00+05:30,4.4,4.45,4.1,4.15,94146
2022-06-30 00:00:00+05:30,4.25,4.3,4.1,4.25,21787
2022-07-01 00:00:00+05:30,4.25,4.25,4.05,4.15,35109
2022-07-04 00:00:00+05:30,4.1,4.2,4.0,4.1,27270
2022-07-05 00:00:00+05:30,4.2,4.2,3.95,4.05,56122
2022-07-06 00:00:00+05:30,4.1,4.6,4.05,4.3,130038
2022-07-07 00:00:00+05:30,4.55,4.55,4.1,4.2,57675
2022-07-08 00:00:00+05:30,4.25,4.5,4.15,4.3,107102
2022-07-11 00:00:00+05:30,4.45,4.45,4.15,4.2,17807
2022-07-12 00:00:00+05:30,4.4,4.4,4.15,4.15,29100
2022-07-13 00:00:00+05:30,4.15,4.3,4.15,4.25,23649
2022-07-14 00:00:00+05:30,4.2,4.3,4.15,4.25,17255
2022-07-15 00:00:00+05:30,4.3,4.5,4.05,4.15,87493
2022-07-18 00:00:00+05:30,4.25,4.25,4.05,4.1,37717
2022-07-19 00:00:00+05:30,4.05,4.2,3.95,4.05,120176
2022-07-20 00:00:00+05:30,4.05,4.2,4.05,4.05,21735
2022-07-21 00:00:00+05:30,4.15,4.3,4.05,4.2,41746
2022-07-22 00:00:00+05:30,4.3,4.3,4.15,4.15,29019
2022-07-25 00:00:00+05:30,4.15,4.25,4.1,4.1,18293
2022-07-26 00:00:00+05:30,4.2,4.2,4.05,4.05,16440
2022-07-27 00:00:00+05:30,4.1,4.15,4.0,4.05,34043
2022-07-28 00:00:00+05:30,4.15,4.15,4.0,4.0,43668
2022-07-29 00:00:00+05:30,4.05,4.15,4.0,4.0,39779
2022-08-01 00:00:00+05:30,4.0,4.1,3.9,4.05,91717
2022-08-02 00:00:00+05:30,4.1,4.1,3.9,4.0,70505
2022-08-03 00:00:00+05:30,4.0,4.15,3.95,4.15,57645
2022-08-04 00:00:00+05:30,4.1,4.15,4.0,4.05,37441
2022-08-05 00:00:00+05:30,4.15,4.15,3.85,3.95,147189
2022-08-08 00:00:00+05:30,4.05,4.1,3.95,4.0,81521
2022-08-10 00:00:00+05:30,4.1,4.1,3.95,3.95,33359
2022-08-11 00:00:00+05:30,4.05,4.05,3.9,3.95,89123
2022-08-12 00:00:00+05:30,3.95,4.0,3.8,3.9,61087
2022-08-16 00:00:00+05:30,3.9,4.0,3.8,3.85,91200
2022-08-17 00:00:00+05:30,3.9,3.95,3.8,3.9,75937
2022-08-18 00:00:00+05:30,3.95,4.15,3.9,3.9,129221
2022-08-19 00:00:00+05:30,3.9,4.1,3.9,3.95,45351
2022-08-22 00:00:00+05:30,4.0,4.0,3.75,3.85,78974
2022-08-23 00:00:00+05:30,3.95,3.95,3.8,3.8,69322
2022-08-24 00:00:00+05:30,3.9,3.9,3.8,3.9,76865
2022-08-25 00:00:00+05:30,3.9,3.95,3.75,3.75,120633
2022-08-26 00:00:00+05:30,3.75,4.5,3.75,4.35,548830
2022-08-29 00:00:00+05:30,4.45,4.95,4.15,4.4,966578
2022-08-30 00:00:00+05:30,4.5,4.5,3.85,4.2,503025
2022-09-01 00:00:00+05:30,4.25,4.3,4.0,4.1,175464
2022-09-02 00:00:00+05:30,4.1,4.15,3.4,3.9,562927
2022-09-05 00:00:00+05:30,3.9,4.05,3.9,4.0,145546
2022-09-06 00:00:00+05:30,4.05,4.2,3.95,4.0,131628
2022-09-07 00:00:00+05:30,4.05,4.1,3.95,4.0,139367
2022-09-08 00:00:00+05:30,4.05,4.45,4.05,4.25,294604
2022-09-09 00:00:00+05:30,4.5,4.5,4.25,4.3,148364
2022-09-12 00:00:00+05:30,4.2,4.45,4.2,4.25,101611
2022-09-13 00:00:00+05:30,4.35,4.4,4.2,4.3,72255
2022-09-14 00:00:00+05:30,4.4,4.4,4.15,4.3,139308
2022-09-15 00:00:00+05:30,4.35,4.35,4.15,4.2,48471
2022-09-16 00:00:00+05:30,4.25,4.25,4.1,4.15,44224
2022-09-19 00:00:00+05:30,4.1,4.3,4.05,4.1,55423
2022-09-20 00:00:00+05:30,4.15,4.3,4.05,4.15,67667
2022-09-21 00:00:00+05:30,4.15,4.2,3.95,3.95,79203
2022-09-22 00:00:00+05:30,4.05,4.65,3.95,4.3,778160
2022-09-23 00:00:00+05:30,4.45,4.45,4.1,4.1,80710
2022-09-26 00:00:00+05:30,4.2,4.3,3.95,3.95,178960
2022-09-27 00:00:00+05:30,4.05,4.05,3.9,3.9,57285
2022-09-28 00:00:00+05:30,3.9,4.05,3.9,4.0,33095
2022-09-29 00:00:00+05:30,4.0,4.05,3.9,3.95,41472
2022-09-30 00:00:00+05:30,3.95,4.0,3.9,4.0,24825
2022-10-03 00:00:00+05:30,4.05,4.05,3.8,3.8,38484
2022-10-04 00:00:00+05:30,3.8,4.0,3.8,3.85,56132
2022-10-06 00:00:00+05:30,3.9,3.9,3.8,3.85,66623
2022-10-07 00:00:00+05:30,3.85,3.95,3.8,3.9,54026
2022-10-10 00:00:00+05:30,3.9,3.95,3.8,3.85,58621
2022-10-11 00:00:00+05:30,3.9,3.9,3.75,3.8,50746
2022-10-12 00:00:00+05:30,3.85,3.85,3.6,3.7,56302
2022-10-13 00:00:00+05:30,3.75,3.85,3.7,3.8,28796
2022-10-14 00:00:00+05:30,3.85,3.85,3.65,3.7,65769
2022-10-17 00:00:00+05:30,3.75,3.8,3.55,3.65,120018
2022-10-18 00:00:00+05:30,3.6,3.7,3.55,3.6,52880
2022-10-19 00:00:00+05:30,3.55,3.7,3.55,3.7,37621
2022-10-20 00:00:00+05:30,3.6,3.95,3.6,3.75,124497
2022-10-21 00:00:00+05:30,3.7,3.85,3.7,3.75,76671
2022-10-24 00:00:00+05:30,3.75,3.85,3.75,3.75,34900
2022-10-25 00:00:00+05:30,3.75,3.75,3.6,3.6,48424
2022-10-27 00:00:00+05:30,3.7,3.7,3.6,3.65,43449
2022-10-28 00:00:00+05:30,3.65,3.7,3.55,3.6,141039
2022-10-31 00:00:00+05:30,3.7,3.7,3.55,3.55,46962
2022-11-01 00:00:00+05:30,3.6,3.65,3.55,3.65,47979
2022-11-02 00:00:00+05:30,3.55,3.65,3.55,3.6,40771
2022-11-03 00:00:00+05:30,3.6,3.6,3.5,3.55,55273
2022-11-04 00:00:00+05:30,3.5,3.6,3.5,3.5,34979
2022-11-07 00:00:00+05:30,3.5,3.65,3.5,3.65,77903
2022-11-09 00:00:00+05:30,3.65,3.65,3.55,3.6,67951
2022-11-10 00:00:00+05:30,3.6,3.65,3.55,3.6,51785
2022-11-11 00:00:00+05:30,3.55,3.65,3.55,3.55,58854
2022-11-14 00:00:00+05:30,3.6,3.6,3.55,3.6,35024
2022-11-15 00:00:00+05:30,3.6,3.6,3.5,3.5,68822
2022-11-16 00:00:00+05:30,3.5,3.6,3.5,3.55,46601
2022-11-17 00:00:00+05:30,3.6,3.6,3.5,3.5,45894
2022-11-18 00:00:00+05:30,3.5,3.55,3.4,3.5,54051
2022-11-21 00:00:00+05:30,3.5,3.5,3.35,3.4,38116
2022-11-22 00:00:00+05:30,3.45,3.45,3.3,3.45,19468
2022-11-23 00:00:00+05:30,3.35,3.45,3.3,3.35,54649
2022-11-24 00:00:00+05:30,3.3,3.4,3.2,3.25,98981
2022-11-25 00:00:00+05:30,3.35,3.45,3.25,3.4,37498
2022-11-28 00:00:00+05:30,3.4,3.55,3.3,3.5,84103
2022-11-29 00:00:00+05:30,3.5,3.5,3.35,3.4,30857
2022-11-30 00:00:00+05:30,3.45,4.05,3.35,4.05,719007
2022-12-01 00:00:00+05:30,4.1,4.75,3.7,4.15,2146261
2022-12-02 00:00:00+05:30,4.15,4.55,4.1,4.3,393076
2022-12-05 00:00:00+05:30,4.45,4.5,4.1,4.3,212004
2022-12-06 00:00:00+05:30,4.4,4.45,3.5,4.2,171706
2022-12-07 00:00:00+05:30,4.2,4.3,4.0,4.05,100155
2022-12-08 00:00:00+05:30,4.7,4.7,4.05,4.1,60191
2022-12-09 00:00:00+05:30,4.2,4.25,3.9,3.95,50910
2022-12-12 00:00:00+05:30,4.0,4.35,4.0,4.05,81889
2022-12-13 00:00:00+05:30,4.15,4.2,3.55,3.7,405158
2022-12-14 00:00:00+05:30,3.7,3.85,3.6,3.75,159248
2022-12-15 00:00:00+05:30,3.85,3.9,3.35,3.65,527129
2022-12-16 00:00:00+05:30,3.85,4.1,3.7,3.9,217237
2022-12-19 00:00:00+05:30,4.05,4.2,3.8,3.9,133196
2022-12-20 00:00:00+05:30,4.0,4.0,3.7,3.9,68551
2022-12-21 00:00:00+05:30,4.05,4.05,3.7,3.8,66380
2022-12-22 00:00:00+05:30,3.8,3.9,3.45,3.6,93449
2022-12-23 00:00:00+05:30,3.5,3.75,3.3,3.4,319514
2022-12-26 00:00:00+05:30,3.5,3.65,3.35,3.5,123526
2022-12-27 00:00:00+05:30,3.7,3.95,3.55,3.8,236161
2022-12-28 00:00:00+05:30,3.85,3.85,3.6,3.6,147822
2022-12-29 00:00:00+05:30,3.75,3.75,3.55,3.65,41571
2022-12-30 00:00:00+05:30,3.75,3.85,3.6,3.7,32409
2023-01-02 00:00:00+05:30,3.75,3.75,3.6,3.75,50788
2023-01-03 00:00:00+05:30,3.75,3.85,3.6,3.8,130925
2023-01-04 00:00:00+05:30,3.85,3.85,3.65,3.8,86763
2023-01-05 00:00:00+05:30,3.85,3.9,3.55,3.6,160723
2023-01-06 00:00:00+05:30,3.7,3.7,3.55,3.6,63810
2023-01-09 00:00:00+05:30,3.7,3.7,3.5,3.6,101180
2023-01-10 00:00:00+05:30,3.6,3.65,3.5,3.55,73762
2023-01-11 00:00:00+05:30,3.65,3.65,3.55,3.55,56208
2023-01-12 00:00:00+05:30,3.6,3.6,3.5,3.5,92453
2023-01-13 00:00:00+05:30,3.5,3.65,3.5,3.6,47387
2023-01-16 00:00:00+05:30,3.65,3.7,3.6,3.6,32292
2023-01-17 00:00:00+05:30,3.7,3.7,3.4,3.45,122877
2023-01-18 00:00:00+05:30,3.5,3.65,3.45,3.5,163435
2023-01-19 00:00:00+05:30,3.45,3.5,3.4,3.4,98885
2023-01-20 00:00:00+05:30,3.5,3.5,3.3,3.3,71298
2023-01-23 00:00:00+05:30,3.4,3.45,3.35,3.4,71912
2023-01-24 00:00:00+05:30,3.4,3.45,3.3,3.4,54417
2023-01-25 00:00:00+05:30,3.4,3.4,3.3,3.3,44371
2023-01-27 00:00:00+05:30,3.35,3.35,2.75,3.1,123944
2023-01-30 00:00:00+05:30,3.2,3.2,3.0,3.05,109759
2023-01-31 00:00:00+05:30,3.1,3.25,2.95,3.1,146606
2023-02-01 00:00:00+05:30,3.1,3.3,3.1,3.15,97170
2023-02-02 00:00:00+05:30,3.2,3.3,3.1,3.2,96510
2023-02-03 00:00:00+05:30,3.25,3.25,3.15,3.2,16953
2023-02-06 00:00:00+05:30,3.1,3.25,3.1,3.2,67089
2023-02-07 00:00:00+05:30,3.2,3.4,3.1,3.15,20228
2023-02-08 00:00:00+05:30,3.1,3.3,3.1,3.15,117285
2023-02-09 00:00:00+05:30,3.2,3.25,3.1,3.2,38297
2023-02-10 00:00:00+05:30,3.2,3.2,3.15,3.2,10465
2023-02-13 00:00:00+05:30,3.2,3.2,3.1,3.15,41569
2023-02-14 00:00:00+05:30,3.2,3.2,3.0,3.0,59350
2023-02-15 00:00:00+05:30,3.05,3.1,2.7,2.95,88281
2023-02-16 00:00:00+05:30,3.1,3.1,3.0,3.05,75895
2023-02-17 00:00:00+05:30,3.05,3.1,2.95,3.0,92734
2023-02-20 00:00:00+05:30,3.0,3.0,2.85,2.95,78205
2023-02-21 00:00:00+05:30,2.85,2.95,2.85,2.9,24689
2023-02-22 00:00:00+05:30,2.95,2.95,2.5,2.7,233685
2023-02-23 00:00:00+05:30,2.7,3.0,2.65,2.8,222585
2023-02-24 00:00:00+05:30,2.8,2.8,2.4,2.45,224035
2023-02-27 00:00:00+05:30,2.65,2.65,2.5,2.6,39362
2023-02-28 00:00:00+05:30,2.5,2.95,2.3,2.45,253556
2023-03-01 00:00:00+05:30,2.5,2.65,2.4,2.65,77203
2023-03-02 00:00:00+05:30,2.7,2.7,2.5,2.55,61971
2023-03-03 00:00:00+05:30,2.6,2.6,2.45,2.45,94166
2023-03-06 00:00:00+05:30,2.45,2.55,2.4,2.5,82432
2023-03-08 00:00:00+05:30,2.5,2.5,2.35,2.4,114927
2023-03-09 00:00:00+05:30,2.4,2.4,2.25,2.3,527859
2023-03-10 00:00:00+05:30,2.3,2.5,2.2,2.3,249712
2023-03-13 00:00:00+05:30,2.35,2.35,2.1,2.15,114683
2023-03-14 00:00:00+05:30,2.25,2.35,2.05,2.25,126632
2023-03-15 00:00:00+05:30,2.3,2.35,2.2,2.25,36433
2023-03-16 00:00:00+05:30,2.3,2.3,2.1,2.25,60503
2023-03-17 00:00:00+05:30,2.25,2.25,2.05,2.05,135183
2023-03-20 00:00:00+05:30,2.0,2.45,2.0,2.2,201801
2023-03-21 00:00:00+05:30,2.35,2.35,2.15,2.3,114776
2023-03-22 00:00:00+05:30,2.3,2.3,2.1,2.2,81540
2023-03-23 00:00:00+05:30,2.2,2.35,2.15,2.2,137462
2023-03-24 00:00:00+05:30,2.15,2.2,2.05,2.1,48215
2023-03-27 00:00:00+05:30,2.15,2.15,1.95,2.0,99516
2023-03-28 00:00:00+05:30,2.0,2.05,1.65,1.8,318130
2023-03-29 00:00:00+05:30,1.75,1.85,1.7,1.75,123406
2023-03-31 00:00:00+05:30,1.7,1.85,1.65,1.8,120825
2023-04-03 00:00:00+05:30,1.8,2.1,1.8,2.1,360341
2023-04-05 00:00:00+05:30,2.35,2.5,2.25,2.5,675838
2023-04-06 00:00:00+05:30,2.7,3.0,2.65,3.0,863226
2023-04-10 00:00:00+05:30,3.3,3.3,3.3,3.3,272463
2023-04-11 00:00:00+05:30,3.45,3.6,3.3,3.6,438855
2023-04-12 00:00:00+05:30,3.8,3.8,3.25,3.25,848595
2023-04-13 00:00:00+05:30,3.0,3.15,2.95,3.0,758974
2023-04-17 00:00:00+05:30,2.75,3.1,2.75,2.9,400637
2023-04-18 00:00:00+05:30,2.95,3.15,2.9,3.0,363831
2023-04-19 00:00:00+05:30,3.1,3.1,2.8,2.9,126384
2023-04-20 00:00:00+05:30,2.8,3.0,2.75,2.8,158985
2023-04-21 00:00:00+05:30,2.8,2.9,2.75,2.85,114784
2023-04-24 00:00:00+05:30,2.9,2.9,2.75,2.75,40577
2023-04-25 00:00:00+05:30,2.75,2.8,2.65,2.65,57520
2023-04-26 00:00:00+05:30,2.7,2.7,2.55,2.55,102012
2023-04-27 00:00:00+05:30,2.55,2.55,2.45,2.45,34465
2023-04-28 00:00:00+05:30,2.4,2.5,2.35,2.35,128745
2023-05-02 00:00:00+05:30,2.35,2.45,2.35,2.45,47302
2023-05-03 00:00:00+05:30,2.55,2.55,2.5,2.55,41606
2023-05-04 00:00:00+05:30,2.65,2.65,2.6,2.65,43125
2023-05-05 00:00:00+05:30,2.7,2.75,2.6,2.7,33456
2023-05-08 00:00:00+05:30,2.8,2.8,2.6,2.6,40543
2023-05-09 00:00:00+05:30,2.5,2.6,2.5,2.5,28844
2023-05-10 00:00:00+05:30,2.5,2.55,2.4,2.45,32654
2023-05-11 00:00:00+05:30,2.55,2.55,2.35,2.5,34125
2023-05-12 00:00:00+05:30,2.4,2.55,2.4,2.45,35907
2023-05-15 00:00:00+05:30,2.5,2.5,2.35,2.35,45741
2023-05-16 00:00:00+05:30,2.35,2.4,2.3,2.35,18270
2023-05-17 00:00:00+05:30,2.4,2.45,2.3,2.4,33732
2023-05-18 00:00:00+05:30,2.4,2.45,2.3,2.35,63883
2023-05-19 00:00:00+05:30,2.35,2.4,2.3,2.3,32512
2023-05-22 00:00:00+05:30,2.3,2.35,2.2,2.25,14080
2023-05-23 00:00:00+05:30,2.35,2.35,2.25,2.35,1211821
2023-05-24 00:00:00+05:30,2.4,2.45,2.3,2.45,71904
2023-05-25 00:00:00+05:30,2.55,2.55,2.35,2.4,86395
2023-05-26 00:00:00+05:30,2.4,2.4,2.3,2.35,108784
2023-05-29 00:00:00+05:30,2.4,2.45,2.35,2.45,98304
2023-05-30 00:00:00+05:30,2.55,2.55,2.4,2.45,80834
2023-05-31 00:00:00+05:30,2.45,2.5,2.35,2.35,26277
2023-06-01 00:00:00+05:30,2.3,2.45,2.3,2.45,50154
2023-06-02 00:00:00+05:30,2.55,2.55,2.4,2.4,43988
2023-06-05 00:00:00+05:30,2.5,2.5,2.4,2.5,77459
2023-06-06 00:00:00+05:30,2.5,2.6,2.45,2.45,67606
2023-06-07 00:00:00+05:30,2.45,2.55,2.35,2.45,89862
2023-06-08 00:00:00+05:30,2.55,2.55,2.35,2.4,64627
2023-06-09 00:00:00+05:30,2.45,2.45,2.35,2.45,22076
2023-06-12 00:00:00+05:30,2.5,2.5,2.35,2.45,52850
2023-06-13 00:00:00+05:30,2.4,2.5,2.35,2.45,68203
2023-06-14 00:00:00+05:30,2.45,2.45,2.35,2.35,42241
2023-06-15 00:00:00+05:30,2.4,2.45,2.35,2.4,34957
2023-06-16 00:00:00+05:30,2.4,2.4,2.35,2.35,14354
2023-06-19 00:00:00+05:30,2.4,2.4,2.3,2.4,22775
2023-06-20 00:00:00+05:30,2.35,2.4,2.3,2.4,29892
2023-06-21 00:00:00+05:30,2.45,2.45,2.4,2.4,33470
2023-06-22 00:00:00+05:30,2.4,2.45,2.35,2.4,24346
2023-06-23 00:00:00+05:30,2.45,2.45,2.3,2.3,62332
2023-06-26 00:00:00+05:30,2.3,2.4,2.3,2.4,121847
2023-06-27 00:00:00+05:30,2.5,2.5,2.3,2.35,21218
2023-06-28 00:00:00+05:30,2.4,2.4,2.3,2.35,20785
2023-06-30 00:00:00+05:30,2.4,2.4,2.3,2.35,15477
2023-07-03 00:00:00+05:30,2.4,2.4,2.25,2.4,58464
2023-07-04 00:00:00+05:30,2.45,2.45,2.3,2.35,60703
2023-07-05 00:00:00+05:30,2.35,2.35,2.25,2.3,16613
2023-07-06 00:00:00+05:30,2.3,2.3,2.2,2.2,123138
2023-07-07 00:00:00+05:30,2.15,2.3,2.15,2.2,13044
2023-07-10 00:00:00+05:30,2.15,2.25,2.15,2.25,12391
2023-07-11 00:00:00+05:30,2.15,2.2,2.1,2.1,29690
2023-07-12 00:00:00+05:30,2.2,2.2,2.1,2.15,47321
2023-07-13 00:00:00+05:30,2.1,2.2,2.1,2.15,29428
2023-07-14 00:00:00+05:30,2.1,2.2,2.0,2.2,47036
2023-07-17 00:00:00+05:30,2.1,2.15,2.1,2.15,24156
2023-07-18 00:00:00+05:30,2.15,2.15,2.1,2.15,39053
2023-07-19 00:00:00+05:30,2.15,2.15,2.05,2.1,77165
2023-07-20 00:00:00+05:30,2.15,2.15,2.05,2.05,81668
2023-07-21 00:00:00+05:30,2.05,2.15,1.95,2.15,59657
2023-07-24 00:00:00+05:30,2.1,2.1,2.0,2.0,51170
2023-07-25 00:00:00+05:30,1.9,2.05,1.9,2.0,64370
2023-07-26 00:00:00+05:30,2.0,2.05,1.95,2.0,9769
2023-07-27 00:00:00+05:30,2.05,2.05,1.95,2.05,29418
2023-07-28 00:00:00+05:30,1.95,2.1,1.9,2.1,111288
2023-07-31 00:00:00+05:30,2.05,2.1,1.95,2.0,74567
2023-08-01 00:00:00+05:30,2.05,2.1,2.0,2.1,79508
2023-08-02 00:00:00+05:30,2.1,2.2,2.1,2.2,67874
2023-08-03 00:00:00+05:30,2.25,2.3,2.15,2.25,91906
2023-08-04 00:00:00+05:30,2.25,2.35,2.25,2.35,29727
2023-08-07 00:00:00+05:30,2.45,2.45,2.35,2.45,94182
2023-08-08 00:00:00+05:30,2.35,2.35,2.35,2.35,9
2023-08-09 00:00:00+05:30,2.35,2.35,2.3,2.3,575
2023-08-10 00:00:00+05:30,2.3,2.3,2.3,2.3,514
2023-08-11 00:00:00+05:30,2.3,2.3,2.3,2.3,-16
2023-08-14 00:00:00+05:30,2.3,2.3,2.25,2.25,1991
2023-08-16 00:00:00+05:30,2.2,2.2,2.2,2.2,-1400
2023-08-17 00:00:00+05:30,2.15,2.15,2.15,2.15,-899
2023-08-18 00:00:00+05:30,2.1,2.15,2.1,2.1,2500
2023-08-21 00:00:00+05:30,2.1,2.1,2.1,2.1,1350
2023-08-22 00:00:00+05:30,2.1,2.1,2.1,2.1,2250
2023-08-23 00:00:00+05:30,2.1,2.1,2.05,2.05,3963
2023-08-24 00:00:00+05:30,2.05,2.1,2.05,2.05,1012
2023-08-25 00:00:00+05:30,2.05,2.1,2.05,2.1,3112
2023-08-28 00:00:00+05:30,2.1,2.1,2.05,2.05,1216
2023-08-29 00:00:00+05:30,2.05,2.05,2.05,2.05,-2613
2023-08-30 00:00:00+05:30,2.05,2.05,2.0,2.0,-18000
2023-08-31 00:00:00+05:30,2.05,2.05,2.05,2.05,-9950
2023-09-01 00:00:00+05:30,2.1,2.05,2.05,2.05,5300
2023-09-04 00:00:00+05:30,2.15,2.15,2.1,2.15,7581
2023-09-05 00:00:00+05:30,2.1,2.15,2.1,2.15,2650
2023-09-06 00:00:00+05:30,2.1,2.1,2.1,2.1,751
2023-09-07 00:00:00+05:30,2.15,2.15,2.1,2.15,14303
2023-09-08 00:00:00+05:30,2.1,2.15,2.1,2.1,600
2023-09-11 00:00:00+05:30,2.2,2.2,2.0,2.2,40964
2023-09-12 00:00:00+05:30,2.3,2.3,2.3,2.3,52756
2023-09-13 00:00:00+05:30,2.4,2.4,2.4,2.4,35626
2023-09-14 00:00:00+05:30,2.5,2.5,2.5,2.5,17198
2023-09-15 00:00:00+05:30,2.6,2.6,2.6,2.6,48222
2023-09-18 00:00:00+05:30,2.7,2.7,2.7,2.7,80577
2023-09-20 00:00:00+05:30,2.8,2.8,2.8,2.8,34891
2023-09-21 00:00:00+05:30,2.85,2.85,2.85,2.85,4791
2023-09-22 00:00:00+05:30,2.9,2.9,2.9,2.9,2003
2023-09-25 00:00:00+05:30,2.95,2.95,2.95,2.95,1075
2023-09-26 00:00:00+05:30,3.0,3.0,3.0,3.0,672
2023-09-27 00:00:00+05:30,3.05,3.05,3.05,3.05,2884
2023-09-28 00:00:00+05:30,3.05,3.1,3.1,3.1,4188
2023-09-29 00:00:00+05:30,3.0,3.0,3.0,3.0,5007
2023-10-03 00:00:00+05:30,2.95,2.95,2.95,2.95,50
2023-10-04 00:00:00+05:30,2.9,2.9,2.9,2.9,775
2023-10-05 00:00:00+05:30,2.85,2.85,2.85,2.85,31
2023-10-06 00:00:00+05:30,2.8,2.8,2.8,2.8,100
2023-10-09 00:00:00+05:30,2.75,2.75,2.75,2.75,1133
2023-10-10 00:00:00+05:30,2.7,2.7,2.7,2.7,800
2023-10-11 00:00:00+05:30,2.65,2.65,2.65,2.65,1011
2023-10-12 00:00:00+05:30,2.6,2.6,2.6,2.6,4630
2023-10-13 00:00:00+05:30,2.55,2.55,2.55,2.55,151
2023-10-16 00:00:00+05:30,2.5,2.5,2.5,2.5,227
2023-10-17 00:00:00+05:30,2.45,2.45,2.45,2.45,1050
2023-10-18 00:00:00+05:30,2.4,2.4,2.4,2.4,200
2023-10-19 00:00:00+05:30,2.45,2.4,2.35,2.4,500
2023-10-20 00:00:00+05:30,2.4,2.4,2.4,2.4,50
2023-10-23 00:00:00+05:30,2.35,2.4,2.35,2.35,50
2023-10-25 00:00:00+05:30,2.3,2.4,2.35,2.35,129
2023-10-26 00:00:00+05:30,2.35,2.3,2.3,2.3,50
2023-10-27 00:00:00+05:30,2.35,2.4,2.4,2.4,200
2023-10-30 00:00:00+05:30,2.45,2.45,2.25,2.45,147969
2023-10-31 00:00:00+05:30,2.5,2.55,2.4,2.5,58262
2023-11-01 00:00:00+05:30,2.55,2.55,2.4,2.4,119013
2023-11-02 00:00:00+05:30,2.3,2.45,2.3,2.35,121530
2023-11-03 00:00:00+05:30,2.35,2.45,2.3,2.4,64483
2023-11-06 00:00:00+05:30,2.5,2.5,2.4,2.45,159946
2023-11-07 00:00:00+05:30,2.4,2.55,2.4,2.55,27483
2023-11-08 00:00:00+05:30,2.45,2.65,2.45,2.65,73933
2023-11-09 00:00:00+05:30,2.75,2.75,2.65,2.75,158744
2023-11-10 00:00:00+05:30,2.85,2.85,2.85,2.85,44562
2023-11-12 00:00:00+05:30,2.8,2.8,2.8,2.8,4701
2023-11-13 00:00:00+05:30,2.75,2.75,2.75,2.75,14737
2023-11-15 00:00:00+05:30,2.7,2.7,2.7,2.7,8924
2023-11-16 00:00:00+05:30,2.7,2.7,2.7,2.7,25888
2023-11-17 00:00:00+05:30,2.65,2.7,2.65,2.65,8666
2023-11-20 00:00:00+05:30,2.6,2.65,2.6,2.6,6636
2023-11-21 00:00:00+05:30,2.55,2.55,2.55,2.55,8747
2023-11-22 00:00:00+05:30,2.5,2.5,2.5,2.5,1422
2023-11-23 00:00:00+05:30,2.5,2.5,2.5,2.5,43110
2023-11-24 00:00:00+05:30,2.55,2.55,2.5,2.55,19834
2023-11-28 00:00:00+05:30,2.5,2.6,2.5,2.5,18010
2023-11-29 00:00:00+05:30,2.45,2.5,2.45,2.45,13771
2023-11-30 00:00:00+05:30,2.5,2.5,2.4,2.5,32670
2023-12-01 00:00:00+05:30,2.5,2.5,2.45,2.5,22157
2023-12-04 00:00:00+05:30,2.5,2.55,2.45,2.5,24046
2023-12-05 00:00:00+05:30,2.5,2.5,2.45,2.5,14813
2023-12-06 00:00:00+05:30,2.55,2.55,2.45,2.55,66719
2023-12-07 00:00:00+05:30,2.5,2.55,2.5,2.5,10051
2023-12-08 00:00:00+05:30,2.55,2.55,2.5,2.55,26174
2023-12-11 00:00:00+05:30,2.55,2.55,2.5,2.55,19460
2023-12-12 00:00:00+05:30,2.6,2.6,2.55,2.6,18599
2023-12-13 00:00:00+05:30,2.65,2.65,2.65,2.65,40190
2023-12-14 00:00:00+05:30,2.7,2.7,2.65,2.7,40340
2023-12-15 00:00:00+05:30,2.75,2.75,2.75,2.75,51170
2023-12-18 00:00:00+05:30,2.85,2.85,2.85,2.85,51257
2023-12-19 00:00:00+05:30,2.95,2.95,2.95,2.95,43527
2023-12-20 00:00:00+05:30,3.05,3.05,2.8,3.0,375206
2023-12-21 00:00:00+05:30,2.8,3.05,2.8,3.05,234439
2023-12-22 00:00:00+05:30,3.15,3.2,2.95,3.05,285411
2023-12-26 00:00:00+05:30,3.1,3.1,2.95,3.05,70049
2023-12-27 00:00:00+05:30,3.05,3.1,2.9,3.1,103875
2023-12-28 00:00:00+05:30,3.15,3.25,3.1,3.25,300606
2023-12-29 00:00:00+05:30,3.4,3.4,3.4,3.4,68707
2024-01-01 00:00:00+05:30,3.55,3.55,3.55,3.55,32351
2024-01-02 00:00:00+05:30,3.7,3.7,3.7,3.7,36684
2024-01-03 00:00:00+05:30,3.85,3.85,3.55,3.85,967534
2024-01-04 00:00:00+05:30,3.95,4.0,3.95,4.0,37203
2024-01-05 00:00:00+05:30,4.2,4.2,3.9,4.2,567985
2024-01-08 00:00:00+05:30,4.4,4.4,4.2,4.4,1100971
2024-01-09 00:00:00+05:30,4.6,4.6,4.5,4.6,250384
2024-01-10 00:00:00+05:30,4.8,4.8,4.75,4.8,283904
2024-01-11 00:00:00+05:30,5.0,5.0,4.9,5.0,148410
2024-01-12 00:00:00+05:30,5.25,5.25,5.1,5.25,127138
2024-01-15 00:00:00+05:30,5.5,5.5,5.5,5.5,111874
2024-01-16 00:00:00+05:30,5.75,5.75,5.25,5.25,623412
2024-01-17 00:00:00+05:30,5.0,5.0,5.0,5.0,78672
2024-01-18 00:00:00+05:30,4.75,4.75,4.75,4.75,83531
2024-01-19 00:00:00+05:30,4.55,4.55,4.55,4.55,66547
2024-01-20 00:00:00+05:30,4.35,4.35,4.35,4.35,49252
2024-01-23 00:00:00+05:30,4.15,4.55,4.15,4.55,438088
2024-01-24 00:00:00+05:30,4.65,4.65,4.35,4.35,236582
2024-01-25 00:00:00+05:30,4.4,4.4,4.2,4.2,104398
2024-01-29 00:00:00+05:30,4.35,4.4,4.1,4.4,207023
2024-01-30 00:00:00+05:30,4.4,4.5,4.25,4.35,169023
2024-01-31 00:00:00+05:30,4.5,4.55,4.3,4.45,162550
2024-02-01 00:00:00+05:30,4.3,4.7,4.3,4.6,342020
2024-02-02 00:00:00+05:30,4.85,4.9,4.85,4.9,160189
2024-02-05 00:00:00+05:30,5.1,5.1,5.1,5.1,67195
2024-02-06 00:00:00+05:30,5.35,5.35,5.35,5.35,183638
2024-02-07 00:00:00+05:30,5.6,5.6,5.5,5.6,249951
2024-02-08 00:00:00+05:30,5.85,5.85,5.35,5.55,395216
2024-02-09 00:00:00+05:30,5.55,5.55,5.25,5.25,209142
2024-02-12 00:00:00+05:30,5.25,5.35,5.0,5.0,190409
2024-02-13 00:00:00+05:30,4.75,5.0,4.75,4.8,113592
2024-02-14 00:00:00+05:30,4.85,5.0,4.6,5.0,83423
2024-02-15 00:00:00+05:30,5.2,5.25,5.15,5.25,130958
2024-02-16 00:00:00+05:30,5.5,5.5,5.25,5.35,329701
2024-02-19 00:00:00+05:30,5.6,5.6,5.6,5.6,77276
2024-02-20 00:00:00+05:30,5.85,5.85,5.85,5.85,115532
2024-02-21 00:00:00+05:30,6.1,6.1,5.6,6.0,441884
2024-02-22 00:00:00+05:30,6.3,6.3,6.1,6.3,171845
2024-02-23 00:00:00+05:30,6.6,6.6,6.6,6.6,146795
2024-02-26 00:00:00+05:30,6.9,6.9,6.9,6.9,101652
2024-02-27 00:00:00+05:30,7.2,7.2,7.2,7.2,70036
2024-02-28 00:00:00+05:30,7.55,7.55,6.85,6.85,412691
2024-02-29 00:00:00+05:30,6.5,6.5,6.5,6.5,74642
2024-03-01 00:00:00+05:30,6.4,6.4,6.4,6.4,51859
2024-03-02 00:00:00+05:30,6.3,6.3,6.3,6.3,1000
2024-03-04 00:00:00+05:30,6.2,6.2,6.2,6.2,18930
2024-03-05 00:00:00+05:30,6.1,6.1,6.1,6.1,35918
2024-03-06 00:00:00+05:30,6.0,6.0,6.0,6.0,10969
2024-03-07 00:00:00+05:30,5.9,5.9,5.9,5.9,8032
2024-03-11 00:00:00+05:30,5.8,5.8,5.8,5.8,3488
2024-03-12 00:00:00+05:30,5.7,5.7,5.7,5.7,3688
2024-03-13 00:00:00+05:30,5.6,5.6,5.6,5.6,17011
2024-03-14 00:00:00+05:30,5.5,5.5,5.5,5.5,13216
2024-03-15 00:00:00+05:30,5.4,5.4,5.4,5.4,1471
2024-03-18 00:00:00+05:30,5.3,5.3,5.3,5.3,5249
2024-03-19 00:00:00+05:30,5.2,5.2,5.2,5.2,1908
2024-03-20 00:00:00+05:30,5.1,5.1,5.1,5.1,1958
2024-03-21 00:00:00+05:30,5.0,5.0,5.0,5.0,4767
2024-03-22 00:00:00+05:30,4.9,4.9,4.9,4.9,3472
2024-03-26 00:00:00+05:30,4.8,4.8,4.8,4.8,19440
2024-03-27 00:00:00+05:30,4.7,4.7,4.7,4.7,13200
2024-04-01 00:00:00+05:30,4.5,4.5,4.5,4.5,8022
2024-04-02 00:00:00+05:30,4.45,4.45,4.45,4.45,23974
2024-04-03 00:00:00+05:30,4.4,4.4,4.4,4.4,30151
2024-04-04 00:00:00+05:30,4.4,4.45,4.4,4.45,126438
2024-04-05 00:00:00+05:30,4.5,4.5,4.5,4.5,39728
2024-04-08 00:00:00+05:30,4.7,4.7,4.7,4.7,30050
2024-04-09 00:00:00+05:30,4.9,4.9,4.9,4.9,29350
2024-04-10 00:00:00+05:30,5.1,5.1,5.1,5.1,49307
2024-04-12 00:00:00+05:30,5.35,5.35,5.1,5.25,336016
2024-04-15 00:00:00+05:30,5.0,5.0,5.0,5.0,25014
2024-04-16 00:00:00+05:30,4.75,4.75,4.75,4.75,90797
2024-04-18 00:00:00+05:30,4.55,4.95,4.55,4.8,183820
2024-04-19 00:00:00+05:30,4.75,4.95,4.6,4.8,136385
2024-04-22 00:00:00+05:30,4.8,4.9,4.6,4.6,226664
2024-04-23 00:00:00+05:30,4.6,4.6,4.4,4.4,71337
2024-04-24 00:00:00+05:30,4.55,4.6,4.55,4.6,47784
2024-04-25 00:00:00+05:30,4.65,4.75,4.4,4.4,114122
2024-04-26 00:00:00+05:30,4.4,4.55,4.35,4.55,64031
2024-04-29 00:00:00+05:30,4.7,4.7,4.35,4.4,131134
2024-04-30 00:00:00+05:30,4.4,4.6,4.25,4.6,130044
2024-05-02 00:00:00+05:30,4.6,4.6,4.45,4.5,69626
2024-05-03 00:00:00+05:30,4.4,4.55,4.35,4.4,27138
2024-05-06 00:00:00+05:30,4.4,4.6,4.2,4.45,112575
2024-05-07 00:00:00+05:30,4.55,4.6,4.25,4.25,68507
2024-05-08 00:00:00+05:30,4.1,4.1,4.05,4.05,47135
2024-05-09 00:00:00+05:30,4.0,4.1,3.85,3.85,69815
2024-05-10 00:00:00+05:30,3.9,3.95,3.7,3.9,51165
2024-05-13 00:00:00+05:30,4.0,4.0,3.7,3.9,64224
2024-05-14 00:00:00+05:30,3.9,4.05,3.8,4.05,50136
2024-05-15 00:00:00+05:30,4.05,4.25,4.05,4.25,77246
2024-05-16 00:00:00+05:30,4.45,4.45,4.35,4.45,71039
2024-05-17 00:00:00+05:30,4.45,4.65,4.4,4.6,127769
2024-05-18 00:00:00+05:30,4.5,4.5,4.5,4.5,164
2024-05-21 00:00:00+05:30,4.45,4.45,4.45,4.45,2828
2024-05-22 00:00:00+05:30,4.4,4.4,4.4,4.4,858
2024-05-23 00:00:00+05:30,4.35,4.35,4.35,4.35,5857
2024-05-24 00:00:00+05:30,4.3,4.3,4.3,4.3,16877
2024-05-27 00:00:00+05:30,4.3,4.3,4.25,4.25,9297
2024-05-28 00:00:00+05:30,4.2,4.2,4.2,4.2,3016
2024-05-29 00:00:00+05:30,4.15,4.15,4.15,4.15,28870
2024-05-30 00:00:00+05:30,4.1,4.1,4.1,4.1,12009
2024-05-31 00:00:00+05:30,4.1,4.1,4.05,4.05,4835
2024-06-03 00:00:00+05:30,4.05,4.05,4.0,4.0,15474
2024-06-04 00:00:00+05:30,4.0,4.0,3.95,3.95,16338
2024-06-05 00:00:00+05:30,3.9,3.9,3.9,3.9,3541
2024-06-06 00:00:00+05:30,3.95,3.95,3.85,3.85,20182
2024-06-07 00:00:00+05:30,3.85,3.85,3.8,3.8,23342
2024-06-10 00:00:00+05:30,3.78,3.81,3.78,3.8,30466
2024-06-11 00:00:00+05:30,3.8,3.81,3.72,3.81,18209
2024-06-12 00:00:00+05:30,3.81,3.85,3.81,3.85,6493
2024-06-13 00:00:00+05:30,3.85,3.85,3.77,3.8,41174
2024-06-14 00:00:00+05:30,3.8,3.85,3.78,3.85,29623
2024-06-18 00:00:00+05:30,3.92,3.92,3.92,3.92,23828
2024-06-19 00:00:00+05:30,3.99,3.99,3.99,3.99,13416
2024-06-20 00:00:00+05:30,4.06,4.06,4.06,4.06,4224
2024-06-21 00:00:00+05:30,4.14,4.14,4.14,4.14,6479
2024-06-24 00:00:00+05:30,4.34,4.34,4.34,4.34,16085
2024-06-25 00:00:00+05:30,4.55,4.55,4.55,4.55,11424
2024-06-26 00:00:00+05:30,4.77,4.77,4.55,4.77,124777
2024-06-27 00:00:00+05:30,4.71,4.88,4.53,4.53,287750
2024-06-28 00:00:00+05:30,4.3,4.41,4.3,4.3,51905
2024-07-01 00:00:00+05:30,4.08,4.51,4.08,4.51,156066
2024-07-02 00:00:00+05:30,4.71,4.72,4.36,4.45,211971
2024-07-03 00:00:00+05:30,4.45,4.6,4.25,4.39,119665
2024-07-04 00:00:00+05:30,4.48,4.55,4.22,4.26,90424
2024-07-05 00:00:00+05:30,4.35,4.35,4.06,4.21,69608
2024-07-08 00:00:00+05:30,4.21,4.4,4.02,4.17,127364
2024-07-09 00:00:00+05:30,4.16,4.37,4.1,4.32,122654
2024-07-10 00:00:00+05:30,4.38,4.53,4.22,4.46,158072
2024-07-11 00:00:00+05:30,4.3,4.53,4.3,4.47,59678
2024-07-12 00:00:00+05:30,4.4,4.4,4.28,4.3,42914
2024-07-15 00:00:00+05:30,4.3,4.3,4.09,4.12,69136
2024-07-16 00:00:00+05:30,4.15,4.19,4.1,4.1,21427
2024-07-18 00:00:00+05:30,3.9,4.09,3.9,3.94,69139
2024-07-19 00:00:00+05:30,4.02,4.02,3.84,3.96,34516
2024-07-22 00:00:00+05:30,4.1,4.15,3.8,4.09,88929
2024-07-23 00:00:00+05:30,4.28,4.29,3.9,4.29,96013
2024-07-24 00:00:00+05:30,4.3,4.5,4.3,4.42,129939
2024-07-25 00:00:00+05:30,4.49,4.64,4.21,4.64,140246
2024-07-26 00:00:00+05:30,4.87,4.87,4.87,4.87,153074
2024-07-29 00:00:00+05:30,4.96,4.96,4.96,4.96,245180
2024-07-30 00:00:00+05:30,4.9,4.96,4.9,4.9,82265
2024-07-31 00:00:00+05:30,4.9,4.9,4.85,4.85,29692
2024-08-01 00:00:00+05:30,4.85,4.85,4.75,4.75,4469
2024-08-02 00:00:00+05:30,4.65,4.65,4.65,4.65,14657
2024-08-05 00:00:00+05:30,4.55,4.6,4.55,4.6,33766
2024-08-06 00:00:00+05:30,4.55,4.55,4.5,4.51,45659
2024-08-07 00:00:00+05:30,4.5,4.5,4.41,4.5,12505
2024-08-08 00:00:00+05:30,4.5,4.54,4.5,4.54,31679
2024-08-09 00:00:00+05:30,4.56,4.63,4.56,4.63,50559
2024-08-12 00:00:00+05:30,4.62,4.68,4.62,4.68,55099
2024-08-13 00:00:00+05:30,4.62,4.62,4.58,4.58,79049
2024-08-14 00:00:00+05:30,4.58,4.58,4.58,4.58,56607
2024-08-16 00:00:00+05:30,4.5,4.5,4.48,4.48,3459
2024-08-19 00:00:00+05:30,4.46,4.46,4.43,4.43,35793
2024-08-20 00:00:00+05:30,4.41,4.41,4.34,4.34,13416
2024-08-21 00:00:00+05:30,4.29,4.29,4.25,4.25,10174
2024-08-22 00:00:00+05:30,4.25,4.25,4.16,4.16,47361
2024-08-23 00:00:00+05:30,4.16,4.16,4.11,4.12,38712
2024-08-26 00:00:00+05:30,4.2,4.2,4.2,4.2,49642
2024-08-27 00:00:00+05:30,4.28,4.28,4.28,4.28,48017
2024-08-28 00:00:00+05:30,4.36,4.36,4.33,4.33,44387
2024-08-29 00:00:00+05:30,4.41,4.41,4.41,4.41,42997
2024-08-30 00:00:00+05:30,4.49,4.49,4.49,4.49,149733
2024-09-02 00:00:00+05:30,4.71,4.71,4.71,4.71,126593
2024-09-03 00:00:00+05:30,4.51,4.87,4.47,4.47,217472
2024-09-04 00:00:00+05:30,4.25,4.69,4.24,4.53,216142
2024-09-05 00:00:00+05:30,4.66,4.74,4.37,4.66,109204
2024-09-06 00:00:00+05:30,4.75,4.75,4.45,4.47,114542
2024-09-09 00:00:00+05:30,4.65,4.65,4.24,4.24,113417
2024-09-10 00:00:00+05:30,4.24,4.44,4.1,4.38,75664
2024-09-11 00:00:00+05:30,4.5,4.5,4.2,4.21,127364
2024-09-12 00:00:00+05:30,4.4,4.4,4.05,4.12,158229
2024-09-13 00:00:00+05:30,4.2,4.2,4.01,4.12,80496
2024-09-16 00:00:00+05:30,4.32,4.32,4.24,4.32,49171
2024-09-17 00:00:00+05:30,4.5,4.53,4.33,4.53,165008
2024-09-18 00:00:00+05:30,4.73,4.75,4.72,4.75,218925
2024-09-19 00:00:00+05:30,4.9,4.98,4.85,4.95,651418
2024-09-20 00:00:00+05:30,5.18,5.19,4.7,4.7,526217
2024-09-23 00:00:00+05:30,4.79,4.79,4.46,4.48,317790
2024-09-24 00:00:00+05:30,4.5,4.55,4.35,4.4,111894
2024-09-25 00:00:00+05:30,4.5,4.5,4.21,4.25,91719
2024-09-26 00:00:00+05:30,4.21,4.27,4.11,4.23,161204
2024-09-27 00:00:00+05:30,4.31,4.43,4.11,4.15,158468
2024-09-30 00:00:00+05:30,4.3,4.33,4.15,4.23,181901
2024-10-01 00:00:00+05:30,4.36,4.41,4.12,4.41,87354
2024-10-03 00:00:00+05:30,4.5,4.63,4.25,4.35,295125
2024-10-04 00:00:00+05:30,4.54,4.56,4.21,4.37,195228
2024-10-07 00:00:00+05:30,4.5,4.5,4.15,4.16,105069
2024-10-08 00:00:00+05:30,4.49,4.5,3.96,4.45,70263
2024-10-09 00:00:00+05:30,4.5,4.8,4.5,4.7,153542
2024-10-10 00:00:00+05:30,4.85,4.85,4.4,4.44,100760
2024-10-11 00:00:00+05:30,4.69,4.69,4.31,4.36,82968
2024-10-14 00:00:00+05:30,4.36,4.64,4.15,4.46,63873
2024-10-15 00:00:00+05:30,4.4,4.62,4.31,4.33,154588
2024-10-16 00:00:00+05:30,4.4,4.45,4.18,4.23,63421
2024-10-17 00:00:00+05:30,4.24,4.42,4.14,4.17,38592
2024-10-18 00:00:00+05:30,4.17,4.4,4.14,4.29,49327
2024-10-21 00:00:00+05:30,4.71,4.71,4.71,4.71,171085
2024-10-22 00:00:00+05:30,4.55,4.99,4.23,4.23,654133
2024-10-23 00:00:00+05:30,4.2,4.39,4.02,4.19,170782
2024-10-24 00:00:00+05:30,4.25,4.26,4.06,4.07,49470
2024-10-25 00:00:00+05:30,4.2,4.29,3.9,4.09,55053
2024-10-28 00:00:00+05:30,4.35,4.35,3.92,4.05,38605
2024-10-29 00:00:00+05:30,4.04,4.04,4.0,4.01,22355
2024-10-30 00:00:00+05:30,4.18,4.4,4.01,4.37,193665
2024-10-31 00:00:00+05:30,4.23,4.49,4.13,4.16,112392
2024-11-01 00:00:00+05:30,4.46,4.46,4.17,4.23,37657
2024-11-04 00:00:00+05:30,4.4,4.4,4.08,4.09,66264
2024-11-05 00:00:00+05:30,4.08,4.37,4.08,4.15,64366
2024-11-06 00:00:00+05:30,4.3,4.3,4.13,4.18,42389
2024-11-07 00:00:00+05:30,4.25,4.37,4.16,4.25,53342
2024-11-08 00:00:00+05:30,4.3,4.66,4.0,4.13,450582
2024-11-11 00:00:00+05:30,4.3,4.33,4.14,4.27,84598
2024-11-12 00:00:00+05:30,4.27,4.32,4.14,4.16,75945
2024-11-13 00:00:00+05:30,4.17,4.32,3.95,4.02,139060
2024-11-14 00:00:00+05:30,4.22,4.23,4.0,4.08,77206
2024-11-18 00:00:00+05:30,4.21,4.3,4.11,4.25,103143
2024-11-19 00:00:00+05:30,4.3,4.3,4.11,4.14,69168
2024-11-21 00:00:00+05:30,4.14,4.19,4.0,4.0,80263
2024-11-22 00:00:00+05:30,4.1,4.12,3.95,3.99,40904
2024-11-25 00:00:00+05:30,4.0,4.18,3.95,4.01,74190
2024-11-26 00:00:00+05:30,4.1,4.14,4.01,4.03,95783
2024-11-27 00:00:00+05:30,4.1,4.1,4.0,4.03,37394
2024-11-28 00:00:00+05:30,4.06,4.09,3.9,3.97,120301
2024-11-29 00:00:00+05:30,4.08,4.08,3.84,3.95,128433
2024-12-02 00:00:00+05:30,4.04,4.04,3.84,3.96,72137
2024-12-03 00:00:00+05:30,4.02,4.13,3.9,4.07,67105
2024-12-04 00:00:00+05:30,4.13,4.47,4.0,4.41,271537
2024-12-05 00:00:00+05:30,4.47,4.84,4.45,4.8,825747
2024-12-06 00:00:00+05:30,5.2,5.76,5.12,5.76,872915
2024-12-09 00:00:00+05:30,6.61,6.91,6.37,6.91,1576466
2024-12-10 00:00:00+05:30,7.44,7.6,7.34,7.6,1211022
2024-12-11 00:00:00+05:30,8.27,8.36,7.7,8.36,3662169
2024-12-12 00:00:00+05:30,8.37,8.77,7.94,7.94,1395418
2024-12-13 00:00:00+05:30,7.54,7.54,7.54,7.54,90687
2024-12-16 00:00:00+05:30,7.16,7.16,7.16,7.16,123397
2024-12-17 00:00:00+05:30,6.8,6.8,6.8,6.8,163763
2024-12-18 00:00:00+05:30,6.46,7.14,6.46,7.14,701915
2024-12-19 00:00:00+05:30,7.0,7.44,6.78,6.78,680509
2024-12-20 00:00:00+05:30,6.64,6.72,6.44,6.44,468361
2024-12-23 00:00:00+05:30,6.2,6.34,6.11,6.11,153819
2024-12-24 00:00:00+05:30,5.8,5.99,5.8,5.8,203983
2024-12-26 00:00:00+05:30,5.53,5.7,5.51,5.51,171979
2024-12-27 00:00:00+05:30,5.26,5.34,5.23,5.23,64926
2024-12-30 00:00:00+05:30,5.11,5.49,4.96,5.49,231219
2024-12-31 00:00:00+05:30,5.76,5.76,5.76,5.76,56599
2025-01-01 00:00:00+05:30,6.04,6.04,6.04,6.04,17264
2025-01-02 00:00:00+05:30,6.34,6.34,6.34,6.34,23157
2025-01-03 00:00:00+05:30,6.65,6.65,6.06,6.64,437708
2025-01-06 00:00:00+05:30,6.5,6.5,6.5,6.5,12145
2025-01-07 00:00:00+05:30,6.37,6.37,6.37,6.37,3188
2025-01-08 00:00:00+05:30,6.24,6.24,6.24,6.24,3163
2025-01-09 00:00:00+05:30,6.11,6.11,6.11,6.11,5450
2025-01-10 00:00:00+05:30,5.98,5.98,5.98,5.98,26327
2025-01-13 00:00:00+05:30,5.86,5.86,5.86,5.86,4878
2025-01-14 00:00:00+05:30,5.74,5.74,5.74,5.74,6362
2025-01-15 00:00:00+05:30,5.62,5.62,5.62,5.62,4943
2025-01-16 00:00:00+05:30,5.5,5.5,5.5,5.5,9441
2025-01-17 00:00:00+05:30,5.39,5.39,5.39,5.39,7798
2025-01-20 00:00:00+05:30,5.28,5.28,5.28,5.28,7068
2025-01-21 00:00:00+05:30,5.17,5.17,5.17,5.17,14409
2025-01-22 00:00:00+05:30,5.06,5.06,5.06,5.06,6278
2025-01-23 00:00:00+05:30,4.95,4.95,4.95,4.95,8378
2025-01-24 00:00:00+05:30,4.85,4.85,4.85,4.85,6416
2025-01-27 00:00:00+05:30,4.75,4.75,4.75,4.75,4628
2025-01-28 00:00:00+05:30,4.65,4.65,4.65,4.65,16119
2025-01-29 00:00:00+05:30,4.55,4.55,4.55,4.55,34772
2025-01-30 00:00:00+05:30,4.45,4.45,4.45,4.45,8189
2025-01-31 00:00:00+05:30,4.36,4.36,4.36,4.36,53991
2025-02-01 00:00:00+05:30,4.3,4.3,4.27,4.27,26287
2025-02-03 00:00:00+05:30,4.18,4.18,4.18,4.18,19573
2025-02-04 00:00:00+05:30,4.09,4.09,4.09,4.09,22608
2025-02-05 00:00:00+05:30,4.05,4.17,4.05,4.17,45507
2025-02-06 00:00:00+05:30,4.25,4.25,4.25,4.25,19946
2025-02-07 00:00:00+05:30,4.33,4.33,4.33,4.33,23358
2025-02-10 00:00:00+05:30,4.4,4.54,4.2,4.2,144740
2025-02-11 00:00:00+05:30,4.06,4.2,3.99,4.04,160888
2025-02-12 00:00:00+05:30,3.83,4.23,3.83,4.17,169682
2025-02-13 00:00:00+05:30,4.3,4.37,4.25,4.37,19117
2025-02-14 00:00:00+05:30,4.37,4.58,4.37,4.58,90994
2025-02-17 00:00:00+05:30,4.8,4.8,4.41,4.47,117381
2025-02-18 00:00:00+05:30,4.68,4.68,4.24,4.29,122619
2025-02-19 00:00:00+05:30,4.29,4.45,4.16,4.21,78643
2025-02-20 00:00:00+05:30,4.3,4.3,4.01,4.1,72310
2025-02-21 00:00:00+05:30,4.2,4.23,3.93,4.07,98739
2025-02-24 00:00:00+05:30,4.14,4.14,3.87,3.88,143422
2025-02-25 00:00:00+05:30,3.99,4.07,3.85,4.03,147388
2025-02-27 00:00:00+05:30,4.05,4.05,3.85,3.91,63728
2025-02-28 00:00:00+05:30,3.9,3.98,3.71,3.76,55271
2025-03-03 00:00:00+05:30,3.87,3.87,3.57,3.64,162536
2025-03-04 00:00:00+05:30,3.63,3.82,3.5,3.77,52287
2025-03-05 00:00:00+05:30,3.81,3.95,3.76,3.95,42328
2025-03-06 00:00:00+05:30,4.14,4.14,3.85,3.98,121529
2025-03-07 00:00:00+05:30,4.15,4.15,3.98,3.99,53152
2025-03-10 00:00:00+05:30,4.07,4.1,3.85,3.91,76822
2025-03-11 00:00:00+05:30,3.75,3.95,3.75,3.8,29651
2025-03-12 00:00:00+05:30,3.81,3.93,3.8,3.87,39685
2025-03-13 00:00:00+05:30,3.9,4.0,3.75,3.86,44928
2025-03-17 00:00:00+05:30,3.94,3.94,3.66,3.66,68094
2025-03-18 00:00:00+05:30,3.77,3.77,3.48,3.53,116590
2025-03-19 00:00:00+05:30,3.64,3.64,3.5,3.62,57320
2025-03-20 00:00:00+05:30,3.62,3.79,3.55,3.75,30012
2025-03-21 00:00:00+05:30,3.68,3.85,3.58,3.63,127095
2025-03-24 00:00:00+05:30,3.63,3.78,3.48,3.54,144529
2025-03-25 00:00:00+05:30,3.69,3.71,3.45,3.71,82339
2025-03-26 00:00:00+05:30,3.73,3.87,3.52,3.52,166844
2025-03-27 00:00:00+05:30,3.37,3.45,3.34,3.34,109959
2025-03-28 00:00:00+05:30,3.17,3.3,3.17,3.17,197500
2025-04-01 00:00:00+05:30,3.17,3.32,3.03,3.28,59164
2025-04-02 00:00:00+05:30,3.29,3.44,3.29,3.44,33345
2025-04-03 00:00:00+05:30,3.61,3.61,3.42,3.61,74177
2025-04-04 00:00:00+05:30,3.79,3.79,3.7,3.79,86732
2025-04-07 00:00:00+05:30,3.87,3.87,3.41,3.42,81550
2025-04-08 00:00:00+05:30,3.45,3.76,3.45,3.76,113063
2025-04-09 00:00:00+05:30,4.07,4.1,3.86,4.01,250423
2025-04-11 00:00:00+05:30,4.28,4.41,4.13,4.4,280132
2025-04-15 00:00:00+05:30,4.41,4.55,4.1,4.21,205601
2025-04-16 00:00:00+05:30,4.17,4.29,4.03,4.05,86896
2025-04-17 00:00:00+05:30,4.27,4.27,4.01,4.05,55466
2025-04-21 00:00:00+05:30,4.12,4.14,3.92,4.06,76371
2025-04-22 00:00:00+05:30,4.05,4.09,3.96,4.01,51005
2025-04-23 00:00:00+05:30,4.1,4.1,3.94,3.97,22652
2025-04-24 00:00:00+05:30,3.9,4.08,3.9,4.05,27380
2025-04-25 00:00:00+05:30,4.0,4.25,4.0,4.05,45520
2025-04-28 00:00:00+05:30,3.85,4.0,3.85,3.96,17543
2025-04-29 00:00:00+05:30,4.08,4.15,3.93,4.1,55798
2025-04-30 00:00:00+05:30,4.1,4.2,3.95,4.05,44220
2025-05-02 00:00:00+05:30,3.93,4.09,3.93,3.95,22637
2025-05-05 00:00:00+05:30,4.03,4.03,3.93,3.98,11295
2025-05-06 00:00:00+05:30,3.98,3.98,3.78,3.78,53138
2025-05-07 00:00:00+05:30,3.78,3.85,3.59,3.64,81337
2025-05-08 00:00:00+05:30,3.64,3.68,3.45,3.6,143465
2025-05-09 00:00:00+05:30,3.5,3.65,3.5,3.62,69937
2025-05-12 00:00:00+05:30,3.76,3.8,3.69,3.73,100809
2025-05-13 00:00:00+05:30,3.73,3.91,3.65,3.74,128525
2025-05-14 00:00:00+05:30,3.85,3.88,3.57,3.74,58488
2025-05-15 00:00:00+05:30,3.62,3.82,3.62,3.69,86361
2025-05-16 00:00:00+05:30,3.81,3.81,3.64,3.73,69267
2025-05-19 00:00:00+05:30,3.73,3.74,3.57,3.7,29830
2025-05-20 00:00:00+05:30,3.81,3.86,3.7,3.76,33426
2025-05-21 00:00:00+05:30,3.76,3.83,3.73,3.82,14531
2025-05-22 00:00:00+05:30,3.88,3.88,3.73,3.83,15639
2025-05-23 00:00:00+05:30,3.86,3.86,3.67,3.8,46604
2025-05-26 00:00:00+05:30,3.99,3.99,3.99,3.99,152931
2025-05-27 00:00:00+05:30,4.18,4.18,3.98,4.07,128447
2025-05-28 00:00:00+05:30,4.08,4.1,3.92,4.03,50509
2025-05-29 00:00:00+05:30,3.9,4.1,3.9,4.08,39376
2025-05-30 00:00:00+05:30,4.23,4.23,4.0,4.08,27931
2025-06-02 00:00:00+05:30,4.2,4.28,4.15,4.25,204077
2025-06-03 00:00:00+05:30,4.44,4.46,4.34,4.46,180835
2025-06-04 00:00:00+05:30,4.67,4.67,4.41,4.65,133448
2025-06-05 00:00:00+05:30,4.84,4.85,4.5,4.73,134809
2025-06-06 00:00:00+05:30,4.75,4.79,4.5,4.59,68081
2025-06-09 00:00:00+05:30,4.41,4.66,4.41,4.49,60630
2025-06-10 00:00:00+05:30,4.49,4.71,4.41,4.71,122571
2025-06-11 00:00:00+05:30,4.88,4.94,4.85,4.94,96678
2025-06-12 00:00:00+05:30,5.14,5.18,5.06,5.18,115941
2025-06-13 00:00:00+05:30,5.39,5.39,4.92,5.01,181737
2025-06-16 00:00:00+05:30,4.77,4.96,4.75,4.79,95207
2025-06-17 00:00:00+05:30,4.72,4.75,4.55,4.57,2446336
2025-06-18 00:00:00+05:30,4.55,4.79,4.49,4.64,139172
2025-06-19 00:00:00+05:30,4.75,4.75,4.57,4.59,907608
2025-06-20 00:00:00+05:30,4.68,4.81,4.6,4.81,132323
2025-06-23 00:00:00+05:30,4.88,5.05,4.72,5.04,798913
2025-06-24 00:00:00+05:30,5.27,5.27,4.86,4.9,757775
2025-06-25 00:00:00+05:30,5.09,5.13,4.8,5.08,491696
2025-06-26 00:00:00+05:30,5.11,5.19,4.94,5.08,575984
2025-06-27 00:00:00+05:30,5.24,5.24,4.94,5.0,138317
2025-06-30 00:00:00+05:30,5.1,5.1,4.81,4.86,152297
2025-07-01 00:00:00+05:30,4.86,4.97,4.64,4.68,170494
2025-07-02 00:00:00+05:30,4.55,4.84,4.55,4.6,147265
2025-07-03 00:00:00+05:30,4.75,4.75,4.37,4.41,159041
2025-07-04 00:00:00+05:30,4.43,4.45,4.26,4.4,34825
2025-07-07 00:00:00+05:30,4.4,4.54,4.22,4.28,60400
2025-07-08 00:00:00+05:30,4.12,4.29,4.12,4.26,21640
2025-07-09 00:00:00+05:30,4.15,4.46,4.05,4.23,245944
2025-07-10 00:00:00+05:30,4.06,4.27,4.06,4.18,73515
2025-07-11 00:00:00+05:30,4.28,4.28,4.1,4.16,53774
2025-07-14 00:00:00+05:30,4.28,4.36,4.01,4.36,68899
2025-07-15 00:00:00+05:30,4.57,4.57,4.57,4.57,31125
2025-07-16 00:00:00+05:30,4.78,4.79,4.59,4.79,113679
2025-07-17 00:00:00+05:30,5.01,5.02,4.85,4.96,76663
2025-07-18 00:00:00+05:30,4.86,4.86,4.86,4.86,3685
2025-07-21 00:00:00+05:30,4.76,4.76,4.76,4.76,6140
2025-07-22 00:00:00+05:30,4.75,4.75,4.66,4.66,8100
2025-07-23 00:00:00+05:30,4.66,4.66,4.56,4.56,4851
2025-07-24 00:00:00+05:30,4.56,4.56,4.52,4.52,11722
2025-07-25 00:00:00+05:30,4.5,4.5,4.42,4.42,4432
2025-07-28 00:00:00+05:30,4.42,4.42,4.33,4.33,6933
2025-07-29 00:00:00+05:30,4.33,4.33,4.3,4.3,8984
2025-07-30 00:00:00+05:30,4.3,4.3,4.24,4.24,1927
2025-07-31 00:00:00+05:30,4.24,4.25,4.24,4.24,13613
2025-08-01 00:00:00+05:30,4.22,4.22,4.15,4.15,12302
2025-08-04 00:00:00+05:30,4.17,4.23,4.17,4.23,18510
2025-08-05 00:00:00+05:30,4.15,4.15,4.14,4.14,19359
2025-08-06 00:00:00+05:30,4.12,4.2,4.12,4.2,2805
2025-08-07 00:00:00+05:30,4.18,4.18,4.15,4.16,16704
2025-08-08 00:00:00+05:30,4.14,4.14,4.07,4.07,11645
2025-08-11 00:00:00+05:30,4.07,4.07,4.01,4.07,1628
2025-08-12 00:00:00+05:30,4.07,4.07,4.07,4.07,2103
2025-08-13 00:00:00+05:30,4.0,4.0,4.0,4.0,11528
2025-08-14 00:00:00+05:30,3.98,3.99,3.98,3.98,6417
2025-08-18 00:00:00+05:30,3.9,3.91,3.9,3.9,26356
2025-08-19 00:00:00+05:30,3.82,3.95,3.82,3.9,40601
2025-08-20 00:00:00+05:30,3.97,3.97,3.97,3.97,61044
2025-08-21 00:00:00+05:30,4.04,4.04,4.04,4.04,34773
2025-08-22 00:00:00+05:30,4.12,4.12,4.12,4.12,10309
2025-08-25 00:00:00+05:30,4.2,4.32,3.92,4.32,95821
2025-08-26 00:00:00+05:30,4.49,4.49,4.17,4.22,46406
2025-08-28 00:00:00+05:30,4.22,4.25,4.0,4.0,48679
2025-08-29 00:00:00+05:30,4.08,4.13,3.82,3.92,44057
2025-09-01 00:00:00+05:30,3.92,4.11,3.92,4.11,29010
2025-09-02 00:00:00+05:30,4.12,4.31,4.11,4.13,22850
2025-09-03 00:00:00+05:30,4.13,4.25,4.0,4.05,20741
2025-09-04 00:00:00+05:30,4.15,4.15,3.9,4.01,132871
2025-09-05 00:00:00+05:30,4.05,4.09,3.8,3.82,80266
2025-09-08 00:00:00+05:30,3.95,4.01,3.85,4.01,45913
2025-09-09 00:00:00+05:30,3.83,4.09,3.83,3.96,25213
2025-09-10 00:00:00+05:30,3.96,4.05,3.87,3.89,53763
2025-09-11 00:00:00+05:30,3.9,3.96,3.75,3.9,46749
2025-09-12 00:00:00+05:30,3.86,3.98,3.85,3.91,17295
2025-09-15 00:00:00+05:30,3.85,4.03,3.85,3.9,38593
2025-09-16 00:00:00+05:30,4.0,4.09,3.83,3.99,56396
2025-09-17 00:00:00+05:30,4.07,4.07,3.91,3.94,51964
2025-09-18 00:00:00+05:30,3.95,4.09,3.85,3.94,81958
2025-09-19 00:00:00+05:30,3.98,3.98,3.81,3.91,18744
2025-09-22 00:00:00+05:30,3.82,3.98,3.82,3.86,29616
2025-09-23 00:00:00+05:30,3.98,3.98,3.66,3.78,141971
2025-09-24 00:00:00+05:30,3.8,3.87,3.8,3.82,38078
2025-09-25 00:00:00+05:30,3.9,3.94,3.83,3.86,27791
2025-09-26 00:00:00+05:30,3.86,3.95,3.75,3.9,85846
2025-09-29 00:00:00+05:30,3.82,3.98,3.82,3.9,27581
2025-09-30 00:00:00+05:30,3.86,4.02,3.83,3.87,25132
2025-10-01 00:00:00+05:30,3.86,3.95,3.8,3.85,33685
2025-10-03 00:00:00+05:30,3.9,3.93,3.8,3.84,13590
2025-10-06 00:00:00+05:30,3.77,4.03,3.77,4.03,105565
2025-10-07 00:00:00+05:30,4.18,4.18,3.82,3.85,184277
2025-10-08 00:00:00+05:30,3.93,4.15,3.8,4.05,134902
2025-10-09 00:00:00+05:30,4.02,4.02,3.9,3.94,43763
2025-10-10 00:00:00+05:30,3.9,4.17,3.77,3.92,89752
2025-10-13 00:00:00+05:30,3.81,3.98,3.81,3.95,15405
2025-10-14 00:00:00+05:30,3.81,3.98,3.81,3.83,92892
2025-10-15 00:00:00+05:30,3.83,3.91,3.61,3.74,99172
2025-10-16 00:00:00+05:30,3.86,4.04,3.68,3.73,92737
2025-10-17 00:00:00+05:30,3.85,3.85,3.71,3.74,47336
2025-10-20 00:00:00+05:30,3.75,3.84,3.71,3.72,29960
2025-10-21 00:00:00+05:30,3.83,3.87,3.72,3.83,14234
2025-10-23 00:00:00+05:30,3.8,3.82,3.73,3.8,48853
2025-10-24 00:00:00+05:30,3.8,3.88,3.74,3.75,17159
2025-10-27 00:00:00+05:30,3.89,3.89,3.7,3.72,33415
2025-10-28 00:00:00+05:30,3.67,3.79,3.67,3.72,17114
2025-10-29 00:00:00+05:30,3.84,3.84,3.63,3.74,35765
2025-10-30 00:00:00+05:30,3.74,3.8,3.66,3.74,21317
2025-10-31 00:00:00+05:30,3.74,3.86,3.65,3.79,33482
2025-11-03 00:00:00+05:30,3.64,3.75,3.45,3.55,284682
2025-11-04 00:00:00+05:30,3.62,3.62,3.48,3.55,22121
2025-11-06 00:00:00+05:30,3.53,3.58,3.36,3.55,35902
2025-11-07 00:00:00+05:30,3.6,3.6,3.45,3.54,20927
2025-11-10 00:00:00+05:30,3.53,3.56,3.44,3.53,23368
2025-11-11 00:00:00+05:30,3.5,3.64,3.45,3.62,37070
2025-11-12 00:00:00+05:30,3.63,3.72,3.52,3.67,34822
2025-11-13 00:00:00+05:30,3.72,3.72,3.52,3.61,56597
2025-11-14 00:00:00+05:30,3.46,3.6,3.46,3.53,15444
2025-11-17 00:00:00+05:30,3.47,3.67,3.47,3.65,57854
2025-11-18 00:00:00+05:30,3.66,3.9,3.52,3.72,77007
2025-11-19 00:00:00+05:30,3.83,3.83,3.7,3.74,62685
2025-11-20 00:00:00+05:30,3.72,3.79,3.7,3.73,38365
2025-11-21 00:00:00+05:30,3.76,3.9,3.71,3.81,89180
2025-11-24 00:00:00+05:30,3.73,3.89,3.73,3.81,26733
2025-11-25 00:00:00+05:30,3.8,3.86,3.61,3.71,68887
2025-11-26 00:00:00+05:30,3.71,3.86,3.71,3.78,50058
2025-11-27 00:00:00+05:30,3.95,4.05,3.79,3.9,221520
2025-11-28 00:00:00+05:30,3.97,3.97,3.76,3.77,55390
2025-12-01 00:00:00+05:30,3.77,3.93,3.77,3.84,20293
2025-12-02 00:00:00+05:30,3.84,3.84,3.75,3.83,12409
2025-12-03 00:00:00+05:30,3.79,3.83,3.61,3.77,23959
2025-12-04 00:00:00+05:30,3.77,3.99,3.65,3.81,34731
2025-12-05 00:00:00+05:30,3.9,4.2,3.77,3.87,188648
2025-12-08 00:00:00+05:30,3.85,4.03,3.79,3.83,53889
2025-12-09 00:00:00+05:30,3.88,3.97,3.61,3.84,55443
2025-12-10 00:00:00+05:30,3.88,4.07,3.78,3.95,74322
2025-12-11 00:00:00+05:30,4.06,4.06,3.78,3.95,76471
2025-12-12 00:00:00+05:30,4.0,4.0,3.9,3.97,28618
2025-12-15 00:00:00+05:30,3.9,4.76,3.9,4.55,1587504
2025-12-16 00:00:00+05:30,4.55,4.78,3.88,4.22,326570
2025-12-17 00:00:00+05:30,4.62,4.62,4.06,4.39,117393
2025-12-18 00:00:00+05:30,4.39,4.64,3.53,4.0,333766
2025-12-19 00:00:00+05:30,3.98,4.29,3.9,4.17,150722
2025-12-22 00:00:00+05:30,4.47,4.47,4.0,4.0,133648
2025-12-23 00:00:00+05:30,4.05,4.3,4.05,4.06,89590
2025-12-24 00:00:00+05:30,4.04,4.22,4.01,4.06,96666
2025-12-26 00:00:00+05:30,4.07,4.48,4.07,4.15,155805
2025-12-29 00:00:00+05:30,4.3,4.44,4.15,4.2,123494
2025-12-30 00:00:00+05:30,4.2,4.6,4.12,4.43,191538
2025-12-31 00:00:00+05:30,4.42,4.54,4.26,4.46,152715
2026-01-01 00:00:00+05:30,4.6,4.6,4.06,4.3,118578
2026-01-02 00:00:00+05:30,4.39,4.45,4.21,4.34,73707
2026-01-05 00:00:00+05:30,4.3,4.55,4.27,4.33,69828
2026-01-06 00:00:00+05:30,4.11,4.45,4.11,4.13,104215
2026-01-07 00:00:00+05:30,4.15,4.28,4.13,4.16,26466
2026-01-08 00:00:00+05:30,4.24,4.25,4.11,4.13,65887
2026-01-09 00:00:00+05:30,4.1,4.26,4.05,4.08,30830
2026-01-12 00:00:00+05:30,3.87,4.3,3.85,4.13,111172
2026-01-13 00:00:00+05:30,4.35,4.35,3.8,3.9,264723
2026-01-14 00:00:00+05:30,4.0,4.0,3.75,3.86,52314
2026-01-16 00:00:00+05:30,3.66,4.03,3.66,3.9,55963
2026-01-19 00:00:00+05:30,3.97,4.0,3.86,3.9,40542
2026-01-20 00:00:00+05:30,3.8,3.9,3.61,3.69,99585
2026-01-21 00:00:00+05:30,3.65,3.65,3.28,3.47,187843
2026-01-22 00:00:00+05:30,3.48,3.65,3.48,3.52,144330
2026-01-23 00:00:00+05:30,3.59,3.65,3.4,3.55,62063
2026-01-27 00:00:00+05:30,3.53,3.89,3.41,3.66,53868
2026-01-28 00:00:00+05:30,3.7,3.85,3.57,3.79,91130
2026-01-29 00:00:00+05:30,3.85,3.9,3.59,3.84,24445
2026-01-30 00:00:00+05:30,3.61,4.59,3.61,4.18,670683
2026-02-01 00:00:00+05:30,4.29,4.31,3.86,3.95,75732
2026-02-02 00:00:00+05:30,4.05,4.05,3.95,3.97,22081
2026-02-03 00:00:00+05:30,4.02,4.16,3.92,3.95,66119
2026-02-04 00:00:00+05:30,4.15,4.45,3.99,4.18,139438
2026-02-05 00:00:00+05:30,4.18,4.18,4.0,4.02,35473
2026-02-06 00:00:00+05:30,3.92,4.1,3.89,3.91,79837
2026-02-09 00:00:00+05:30,3.91,3.99,3.83,3.85,83081
2026-02-10 00:00:00+05:30,3.89,3.9,3.76,3.79,50467
2026-02-11 00:00:00+05:30,3.88,3.9,3.21,3.59,134012
2026-02-12 00:00:00+05:30,3.65,3.74,3.48,3.59,102283
2026-02-13 00:00:00+05:30,3.7,3.7,3.49,3.51,216908
2026-02-16 00:00:00+05:30,3.67,3.67,3.4,3.49,105193
2026-02-17 00:00:00+05:30,3.49,3.63,3.42,3.49,35950
2026-02-18 00:00:00+05:30,3.44,3.58,3.42,3.49,25745
2026-02-19 00:00:00+05:30,3.54,3.54,3.43,3.43,23950
2026-02-20 00:00:00+05:30,3.43,3.49,3.35,3.47,14845
2026-02-23 00:00:00+05:30,3.54,3.77,3.42,3.49,83042
2026-02-24 00:00:00+05:30,3.43,3.5,3.42,3.47,31422
2026-02-25 00:00:00+05:30,3.42,3.54,3.35,3.37,35790
2026-02-26 00:00:00+05:30,3.37,3.47,3.35,3.38,8952
2026-02-27 00:00:00+05:30,3.15,3.48,3.15,3.41,27588
2026-03-02 00:00:00+05:30,3.44,3.44,2.73,2.73,2094662
2026-03-04 00:00:00+05:30,2.5,3.0,2.2,2.39,1385327
2026-03-05 00:00:00+05:30,2.52,2.62,2.41,2.59,382766
2026-03-06 00:00:00+05:30,2.7,2.84,2.63,2.84,191287
2026-03-09 00:00:00+05:30,2.99,3.09,2.7,2.77,392374
2026-03-10 00:00:00+05:30,2.77,2.84,2.63,2.77,150577
2026-03-11 00:00:00+05:30,2.77,2.93,2.73,2.77,67505
2026-03-12 00:00:00+05:30,2.9,2.9,2.73,2.76,44620
2026-03-13 00:00:00+05:30,2.76,2.88,2.63,2.76,45488
2026-03-16 00:00:00+05:30,2.76,2.76,2.49,2.5,453446
2026-03-17 00:00:00+05:30,2.48,2.48,2.35,2.4,131126
2026-03-18 00:00:00+05:30,2.42,2.49,2.42,2.46,91481
2026-03-19 00:00:00+05:30,2.47,2.47,2.27,2.3,258079
2026-03-20 00:00:00+05:30,2.35,2.39,2.22,2.32,173598
2026-03-23 00:00:00+05:30,2.36,2.54,2.21,2.25,232589
2026-03-24 00:00:00+05:30,2.32,2.36,2.21,2.23,137631
2026-03-25 00:00:00+05:30,2.3,2.3,2.21,2.22,140309
2026-03-27 00:00:00+05:30,2.21,2.22,2.0,2.0,445245
2026-03-30 00:00:00+05:30,2.0,2.03,1.81,1.89,168085
2026-04-01 00:00:00+05:30,1.89,1.98,1.89,1.96,117312
2026-04-02 00:00:00+05:30,2.05,2.05,1.98,2.05,40786
2026-04-06 00:00:00+05:30,2.07,2.15,2.07,2.15,144145
2026-04-07 00:00:00+05:30,2.25,2.25,2.25,2.25,16286
2026-04-08 00:00:00+05:30,2.36,2.36,2.36,2.36,23153
2026-04-09 00:00:00+05:30,2.47,2.47,2.26,2.46,195287
2026-04-10 00:00:00+05:30,2.46,2.58,2.42,2.58,106336
2026-04-13 00:00:00+05:30,2.5,2.64,2.46,2.49,124158
2026-04-15 00:00:00+05:30,2.54,2.59,2.42,2.57,132982
2026-04-16 00:00:00+05:30,2.63,2.63,2.46,2.52,122671
2026-04-17 00:00:00+05:30,2.52,2.64,2.52,2.63,100149
2026-04-20 00:00:00+05:30,2.63,2.69,2.53,2.6,121609
2026-04-21 00:00:00+05:30,2.68,2.68,2.47,2.49,164133
2026-04-22 00:00:00+05:30,2.57,2.57,2.45,2.51,23024
2026-04-23 00:00:00+05:30,2.5,2.58,2.41,2.45,45607
2026-04-24 00:00:00+05:30,2.5,2.57,2.44,2.55,42691
2026-04-27 00:00:00+05:30,2.55,2.63,2.54,2.62,61562
2026-04-28 00:00:00+05:30,2.67,2.75,2.6,2.66,63545
2026-04-29 00:00:00+05:30,2.74,2.79,2.72,2.76,127956
2026-04-30 00:00:00+05:30,2.77,2.79,2.63,2.63,76971
2026-05-04 00:00:00+05:30,2.74,2.75,2.68,2.74,24051
2026-05-05 00:00:00+05:30,2.75,2.75,2.61,2.61,44950
2026-05-06 00:00:00+05:30,2.56,2.74,2.56,2.74,139289
2026-05-07 00:00:00+05:30,2.83,2.87,2.77,2.87,29057
2026-05-08 00:00:00+05:30,3.01,3.01,3.01,3.01,76275
2026-05-11 00:00:00+05:30,3.16,3.16,3.16,3.16,114866
2026-05-12 00:00:00+05:30,3.31,3.31,3.16,3.28,467027
2026-05-13 00:00:00+05:30,3.25,3.33,3.12,3.12,303659
2026-05-14 00:00:00+05:30,3.25,3.25,3.01,3.02,60458
2026-05-15 00:00:00+05:30,3.0,3.12,2.87,2.87,78935
2026-05-18 00:00:00+05:30,2.94,2.94,2.74,2.78,46159
2026-05-19 00:00:00+05:30,2.75,2.91,2.74,2.91,52917
2026-05-20 00:00:00+05:30,2.99,3.05,2.91,3.05,104921
2026-05-21 00:00:00+05:30,3.01,3.2,3.01,3.18,126670
2026-05-22 00:00:00+05:30,3.3,3.3,3.15,3.19,37203
2026-05-25 00:00:00+05:30,3.05,3.28,3.05,3.12,43448
2026-05-26 00:00:00+05:30,3.12,3.2,3.03,3.13,39074
2026-05-27 00:00:00+05:30,3.22,3.22,3.03,3.07,16182
2026-05-29 00:00:00+05:30,3.07,3.2,3.05,3.09,46384
2026-06-01 00:00:00+05:30,3.09,3.23,2.99,3.06,264871
2026-06-02 00:00:00+05:30,3.03,3.13,3.03,3.09,33821
2026-06-03 00:00:00+05:30,3.1,3.1,2.95,2.97,101819
2026-06-04 00:00:00+05:30,2.95,3.11,2.95,3.09,23874
2026-06-05 00:00:00+05:30,2.97,3.21,2.97,3.05,17235
2026-06-08 00:00:00+05:30,3.04,3.2,2.95,3.0,36866
2026-06-09 00:00:00+05:30,3.01,3.03,2.92,2.93,11673
2026-06-10 00:00:00+05:30,2.99,3.06,2.79,2.95,44562
2026-06-11 00:00:00+05:30,2.98,3.04,2.81,2.85,68386
2026-06-12 00:00:00+05:30,2.95,2.95,2.79,2.85,29038
2026-06-15 00:00:00+05:30,2.77,2.98,2.77,2.94,62046
2026-06-16 00:00:00+05:30,2.95,3.08,2.86,2.9,48447
2026-06-17 00:00:00+05:30,2.8,3.0,2.8,2.9,10638
2026-06-18 00:00:00+05:30,2.9,2.98,2.77,2.93,32319
2026-06-19 00:00:00+05:30,2.99,2.99,2.84,2.86,12274
2026-06-22 00:00:00+05:30,3.0,3.0,2.82,2.92,7661
2026-06-23 00:00:00+05:30,3.0,3.03,2.87,2.98,16025
2026-06-24 00:00:00+05:30,2.98,2.98,2.85,2.89,11552
2026-06-25 00:00:00+05:30,2.88,3.0,2.76,2.96,20006
2026-06-29 00:00:00+05:30,2.94,2.94,2.82,2.85,39617
2026-06-30 00:00:00+05:30,2.8,2.86,2.73,2.76,26752
2026-07-01 00:00:00+05:30,2.85,2.85,2.64,2.78,1504
2026-07-02 00:00:00+05:30,2.78,2.89,2.65,2.8,29990
2026-07-03 00:00:00+05:30,2.8,2.9,2.71,2.81,34465
2026-07-06 00:00:00+05:30,2.87,2.87,2.78,2.79,15536
2026-07-07 00:00:00+05:30,2.78,2.84,2.7,2.71,16985
2026-07-08 00:00:00+05:30,2.72,2.8,2.71,2.71,14910
2026-07-09 00:00:00+05:30,2.71,2.84,2.64,2.78,23700
2026-07-10 00:00:00+05:30,2.69,2.78,2.69,2.71,24849
2026-07-13 00:00:00+05:30,2.59,2.75,2.59,2.72,14312
2026-07-14 00:00:00+05:30,2.8,2.8,2.59,2.59,62480
2026-07-15 00:00:00+05:30,2.7,2.71,2.64,2.71,16455
2026-07-16 00:00:00+05:30,2.82,2.82,2.58,2.6,123384
2026-07-17 00:00:00+05:30,2.6,2.69,2.47,2.54,59968
2026-07-20 00:00:00+05:30,2.64,2.64,2.44,2.52,22660
2026-07-21 00:00:00+05:30,2.62,2.62,2.5,2.56,15121
2026-07-22 00:00:00+05:30,2.59,2.59,2.44,2.47,47749
2026-07-23 00:00:00+05:30,2.52,2.54,2.4,2.47,66786
2026-07-24 00:00:00+05:30,2.47,2.48,2.35,2.44,24232
2026-07-27 00:00:00+05:30,2.32,2.5,2.32,2.34,69254
2026-07-28 00:00:00+05:30,2.35,2.39,2.3,2.32,8669
2026-07-29 00:00:00+05:30,2.37,2.43,2.3,2.34,56506
2026-07-30 00:00:00+05:30,2.43,2.43,2.26,2.32,12913
2026-07-31 00:00:00+05:30,2.32,2.4,2.32,2.34,33571
2026-08-03 00:00:00+05:30,2.44,2.44,2.28,2.3,24337
2026-08-04 00:00:00+05:30,2.35,2.37,2.29,2.3,39760
2026-08-05 00:00:00+05:30,2.3,2.37,2.22,2.34,115604
2026-08-06 00:00:00+05:30,2.37,2.39,2.28,2.28,54109
2026-08-07 00:00:00+05:30,2.27,2.34,2.27,2.29,25118
2026-08-10 00:00:00+05:30,2.3,2.4,2.25,2.3,66259
2026-08-11 00:00:00+05:30,2.35,2.35,2.23,2.24,18543
2026-08-12 00:00:00+05:30,2.24,2.35,2.16,2.2,92972
2026-08-13 00:00:00+05:30,2.22,2.29,2.15,2.24,14161
2026-08-14 00:00:00+05:30,2.34,2.34,2.2,2.22,33862
2026-08-17 00:00:00+05:30,2.27,2.33,2.15,2.19,45876
2026-08-18 00:00:00+05:30,2.19,2.27,2.15,2.19,58497
2026-08-19 00:00:00+05:30,2.2,2.2,2.12,2.18,43310
2026-08-20 00:00:00+05:30,2.25,2.25,2.12,2.16,121574
2026-08-21 00:00:00+05:30,2.23,2.23,2.07,2.08,140602
2026-08-24 00:00:00+05:30,2.17,2.17,1.98,2.04,55089
2026-08-25 00:00:00+05:30,2.06,2.08,1.99,2.05,23196
2026-08-26 00:00:00+05:30,2.14,2.14,1.96,2.04,38613
2026-08-27 00:00:00+05:30,2.04,2.08,1.99,2.04,23379
2026-08-28 00:00:00+05:30,2.08,2.08,2.0,2.04,13042
2026-08-31 00:00:00+05:30,2.04,2.1,1.95,2.0,15820
2026-09-01 00:00:00+05:30,2.0,2.1,1.99,2.04,45763
2026-09-02 00:00:00+05:30,2.0,2.09,1.95,2.06,24110
2026-09-03 00:00:00+05:30,2.1,2.16,2.0,2.01,126279
2026-09-04 00:00:00+05:30,2.09,2.1,2.02,2.03,20638
2026-09-07 00:00:00+05:30,2.0,2.08,1.98,1.99,96168
2026-09-08 00:00:00+05:30,2.03,2.03,1.95,1.97,50857
2026-09-09 00:00:00+05:30,2.01,2.05,1.96,2.0,76574
2026-09-10 00:00:00+05:30,2.1,2.1,1.96,1.99,159781
2026-09-11 00:00:00+05:30,1.96,2.05,1.91,1.96,56301
2026-09-15 00:00:00+05:30,1.97,1.98,1.92,1.94,16747
2026-09-16 00:00:00+05:30,1.95,1.95,1.85,1.89,63697
2026-09-17 00:00:00+05:30,1.89,1.9,1.8,1.82,72421
2026-09-18 00:00:00+05:30,1.88,1.89,1.82,1.83,6829
2026-09-21 00:00:00+05:30,1.9,1.9,1.79,1.86,29022
2026-09-22 00:00:00+05:30,1.86,1.86,1.81,1.85,23202
2026-09-23 00:00:00+05:30,1.86,1.86,1.83,1.84,19835
2026-09-24 00:00:00+05:30,1.86,1.87,1.81,1.85,16428
2026-09-25 00:00:00+05:30,1.85,1.88,1.79,1.84,58123
