Date,Open,High,Low,Close,Volume
2001-12-26 00:00:00+05:30,41.0,42.45,36.3,37.45,8656
2001-12-27 00:00:00+05:30,38.85,39.3,34.55,35.15,2836
2001-12-28 00:00:00+05:30,35.0,40.2,35.0,39.55,2603
2001-12-31 00:00:00+05:30,41.1,47.0,41.0,46.05,86712
2002-01-01 00:00:00+05:30,47.5,49.55,45.0,46.3,85960
2002-01-02 00:00:00+05:30,46.5,47.0,44.5,45.55,40086
2002-01-03 00:00:00+05:30,46.8,47.0,45.4,46.05,32670
2002-01-04 00:00:00+05:30,47.1,48.8,44.1,45.65,41094
2002-01-07 00:00:00+05:30,47.0,47.5,44.0,44.3,35064
2002-01-08 00:00:00+05:30,44.5,44.5,41.45,43.15,26317
2002-01-09 00:00:00+05:30,44.7,45.5,41.0,41.95,51236
2002-01-10 00:00:00+05:30,40.0,42.05,39.3,40.7,18355
2002-01-11 00:00:00+05:30,40.0,40.85,37.25,38.2,16257
2002-01-14 00:00:00+05:30,39.0,40.0,36.3,36.9,45311
2002-01-15 00:00:00+05:30,36.35,36.95,32.0,32.9,60755
2002-01-16 00:00:00+05:30,34.75,34.75,32.8,33.5,62841
2002-01-17 00:00:00+05:30,38.5,38.5,31.35,34.75,53932
2002-01-18 00:00:00+05:30,36.2,41.4,35.5,37.65,124541
2002-01-21 00:00:00+05:30,37.25,39.0,35.6,36.0,41792
2002-01-22 00:00:00+05:30,36.5,36.5,33.5,34.2,35914
2002-01-23 00:00:00+05:30,35.0,35.5,33.45,33.85,35491
2002-01-24 00:00:00+05:30,39.5,39.5,33.6,33.7,35980
2002-01-25 00:00:00+05:30,34.2,35.0,33.25,33.35,33120
2002-01-28 00:00:00+05:30,33.6,34.15,31.65,32.05,35010
2002-01-29 00:00:00+05:30,32.1,32.85,31.65,32.15,26986
2002-01-30 00:00:00+05:30,30.55,32.5,30.55,31.65,16388
2002-01-31 00:00:00+05:30,32.15,32.75,32.05,32.2,18033
2002-02-01 00:00:00+05:30,32.9,33.5,32.0,32.2,25972
2002-02-04 00:00:00+05:30,32.2,32.85,31.0,31.4,11954
2002-02-05 00:00:00+05:30,31.7,31.7,30.4,30.7,17396
2002-02-06 00:00:00+05:30,31.3,31.3,30.0,30.7,30529
2002-02-07 00:00:00+05:30,31.0,32.3,29.6,30.05,30573
2002-02-08 00:00:00+05:30,29.5,30.0,27.3,27.8,31258
2002-02-11 00:00:00+05:30,29.0,29.6,28.0,28.05,28317
2002-02-12 00:00:00+05:30,28.8,29.3,28.3,28.75,15595
2002-02-13 00:00:00+05:30,28.55,29.2,28.35,28.7,14319
2002-02-14 00:00:00+05:30,29.9,30.0,28.05,28.35,28821
2002-02-15 00:00:00+05:30,29.15,29.15,27.5,27.75,19622
2002-02-18 00:00:00+05:30,27.9,28.5,27.0,27.5,38820
2002-02-19 00:00:00+05:30,27.75,28.75,27.1,27.9,28608
2002-02-20 00:00:00+05:30,27.3,27.65,26.3,26.5,18538
2002-02-21 00:00:00+05:30,26.75,26.95,26.0,26.15,25829
2002-02-22 00:00:00+05:30,26.0,26.75,25.65,25.8,10156
2002-02-25 00:00:00+05:30,26.0,26.35,23.55,25.9,10977
2002-02-26 00:00:00+05:30,26.85,26.9,26.1,26.35,10437
2002-02-27 00:00:00+05:30,26.0,26.75,25.25,25.5,18300
2002-02-28 00:00:00+05:30,25.9,26.4,22.55,23.3,16554
2002-03-01 00:00:00+05:30,23.0,23.75,21.55,23.5,17117
2002-03-04 00:00:00+05:30,24.3,24.3,23.35,23.6,13504
2002-03-05 00:00:00+05:30,24.5,28.35,23.6,28.35,53573
2002-03-06 00:00:00+05:30,31.9,34.05,30.1,33.65,363295
2002-03-07 00:00:00+05:30,34.95,34.95,32.15,32.55,184090
2002-03-08 00:00:00+05:30,33.8,33.8,31.6,32.5,71840
2002-03-11 00:00:00+05:30,33.5,39.0,33.1,37.15,295809
2002-03-12 00:00:00+05:30,37.0,37.45,33.0,33.5,120234
2002-03-13 00:00:00+05:30,33.0,36.75,32.8,34.35,101859
2002-03-14 00:00:00+05:30,34.65,36.5,34.0,34.3,78197
2002-03-15 00:00:00+05:30,34.5,37.65,34.0,37.0,84413
2002-03-18 00:00:00+05:30,39.5,41.5,36.05,36.95,158500
2002-03-19 00:00:00+05:30,37.5,38.25,33.5,33.7,66813
2002-03-20 00:00:00+05:30,35.75,35.75,33.1,33.4,51290
2002-03-21 00:00:00+05:30,33.95,34.5,32.75,33.45,26727
2002-03-22 00:00:00+05:30,34.25,35.5,32.7,33.25,49431
2002-03-26 00:00:00+05:30,33.95,34.55,31.0,31.2,24713
2002-03-27 00:00:00+05:30,32.0,32.75,29.65,30.2,46998
2002-03-28 00:00:00+05:30,30.8,31.7,30.5,30.65,20235
2002-04-01 00:00:00+05:30,32.75,32.75,31.05,31.75,21572
2002-04-02 00:00:00+05:30,36.2,36.2,30.2,30.65,14522
2002-04-03 00:00:00+05:30,30.1,31.0,29.1,30.05,21432
2002-04-04 00:00:00+05:30,30.1,31.5,30.0,30.4,12205
2002-04-05 00:00:00+05:30,30.0,31.5,30.0,30.35,14075
2002-04-08 00:00:00+05:30,30.2,31.0,28.9,29.0,18435
2002-04-09 00:00:00+05:30,29.45,30.0,28.5,29.65,16004
2002-04-10 00:00:00+05:30,30.5,32.9,30.0,32.25,48019
2002-04-11 00:00:00+05:30,33.25,34.25,32.0,32.45,50567
2002-04-12 00:00:00+05:30,32.0,38.95,31.25,37.05,247152
2002-04-15 00:00:00+05:30,37.5,38.45,33.05,33.8,105443
2002-04-16 00:00:00+05:30,32.8,35.0,31.05,33.15,39934
2002-04-17 00:00:00+05:30,35.4,38.85,34.75,37.05,196776
2002-04-18 00:00:00+05:30,38.0,41.1,36.05,38.85,326419
2002-04-19 00:00:00+05:30,39.6,40.0,34.8,35.3,90562
2002-04-22 00:00:00+05:30,35.0,35.65,33.15,34.6,46446
2002-04-23 00:00:00+05:30,34.85,36.8,34.15,36.3,77757
2002-04-24 00:00:00+05:30,36.9,37.95,35.55,36.7,68288
2002-04-25 00:00:00+05:30,36.6,38.5,35.35,35.75,75531
2002-04-26 00:00:00+05:30,36.9,37.0,34.8,35.3,29245
2002-04-29 00:00:00+05:30,35.5,35.5,34.0,34.35,12456
2002-04-30 00:00:00+05:30,34.65,35.5,34.55,34.85,27312
2002-05-02 00:00:00+05:30,35.5,36.0,34.1,34.7,20364
2002-05-03 00:00:00+05:30,35.0,35.25,34.25,34.35,13931
2002-05-06 00:00:00+05:30,36.4,36.4,34.25,34.55,32762
2002-05-07 00:00:00+05:30,34.8,38.95,34.0,36.8,84788
2002-05-08 00:00:00+05:30,37.7,37.85,36.1,36.7,46891
2002-05-09 00:00:00+05:30,38.45,39.0,37.1,37.35,77876
2002-05-10 00:00:00+05:30,36.9,37.1,35.6,35.8,19978
2002-05-13 00:00:00+05:30,32.0,36.9,32.0,35.55,19769
2002-05-14 00:00:00+05:30,34.3,36.35,33.65,34.1,25048
2002-05-15 00:00:00+05:30,34.8,35.3,32.65,32.9,27338
2002-05-16 00:00:00+05:30,33.05,34.0,32.0,32.6,27702
2002-05-17 00:00:00+05:30,32.6,33.25,30.55,31.2,29690
2002-05-20 00:00:00+05:30,30.25,30.25,28.6,29.0,18805
2002-05-21 00:00:00+05:30,30.0,30.0,25.55,26.85,28408
2002-05-22 00:00:00+05:30,28.0,29.45,27.0,27.85,26323
2002-05-23 00:00:00+05:30,27.65,27.65,26.3,26.8,17331
2002-05-24 00:00:00+05:30,28.7,32.2,28.0,32.2,46132
2002-05-27 00:00:00+05:30,32.0,32.3,29.75,30.4,36047
2002-05-28 00:00:00+05:30,30.0,31.25,28.5,28.95,38128
2002-05-29 00:00:00+05:30,30.5,30.5,28.6,29.85,22887
2002-05-30 00:00:00+05:30,30.0,30.75,28.25,28.55,25680
2002-05-31 00:00:00+05:30,29.1,29.3,28.1,28.85,15060
2002-06-03 00:00:00+05:30,29.1,32.3,29.1,31.55,46725
2002-06-04 00:00:00+05:30,31.3,31.3,30.05,30.2,12736
2002-06-05 00:00:00+05:30,30.6,31.8,30.6,31.15,30198
2002-06-06 00:00:00+05:30,31.5,31.5,29.5,29.85,24161
2002-06-07 00:00:00+05:30,29.9,30.4,28.9,29.05,17988
2002-06-10 00:00:00+05:30,30.0,33.8,29.9,31.45,90620
2002-06-11 00:00:00+05:30,33.5,33.5,31.65,31.9,44211
2002-06-12 00:00:00+05:30,31.1,31.9,30.7,31.7,14465
2002-06-13 00:00:00+05:30,31.95,32.15,30.7,31.05,16144
2002-06-14 00:00:00+05:30,31.0,31.4,30.15,30.55,12615
2002-06-17 00:00:00+05:30,31.0,31.6,29.9,30.0,14875
2002-06-18 00:00:00+05:30,31.0,31.5,30.0,30.15,15635
2002-06-19 00:00:00+05:30,30.15,30.7,28.55,29.0,24583
2002-06-20 00:00:00+05:30,29.0,30.3,29.0,30.05,11174
2002-06-21 00:00:00+05:30,30.0,30.45,29.1,29.5,8729
2002-06-24 00:00:00+05:30,28.3,29.3,28.3,29.0,5481
2002-06-25 00:00:00+05:30,30.45,30.45,29.0,29.3,9673
2002-06-26 00:00:00+05:30,24.9,29.5,24.9,28.55,6572
2002-06-27 00:00:00+05:30,28.05,29.9,28.0,29.3,12113
2002-06-28 00:00:00+05:30,30.0,30.4,29.0,29.1,12306
2002-07-01 00:00:00+05:30,29.3,30.0,29.2,29.45,10130
2002-07-02 00:00:00+05:30,30.6,30.6,28.5,28.65,3778
2002-07-03 00:00:00+05:30,28.65,29.9,28.65,29.65,11702
2002-07-04 00:00:00+05:30,29.85,31.4,29.8,30.1,33918
2002-07-05 00:00:00+05:30,30.2,31.2,30.05,30.95,12801
2002-07-08 00:00:00+05:30,31.9,31.9,30.8,30.9,20410
2002-07-09 00:00:00+05:30,31.2,32.0,30.2,30.55,32836
2002-07-10 00:00:00+05:30,30.55,30.8,29.55,29.65,13739
2002-07-11 00:00:00+05:30,29.4,29.55,28.35,28.75,14974
2002-07-12 00:00:00+05:30,29.9,29.9,28.15,28.75,12957
2002-07-15 00:00:00+05:30,28.4,28.45,27.75,28.15,8621
2002-07-16 00:00:00+05:30,28.8,28.8,27.3,27.75,7439
2002-07-17 00:00:00+05:30,28.2,28.2,27.0,27.35,6351
2002-07-18 00:00:00+05:30,28.0,28.15,27.5,27.65,4469
2002-07-19 00:00:00+05:30,26.2,27.9,26.2,27.3,5237
2002-07-22 00:00:00+05:30,27.75,27.75,25.8,26.25,5180
2002-07-23 00:00:00+05:30,25.15,26.6,25.0,26.4,9095
2002-07-24 00:00:00+05:30,26.85,27.05,25.2,25.8,7046
2002-07-25 00:00:00+05:30,27.35,27.4,25.2,25.45,9077
2002-07-26 00:00:00+05:30,23.35,24.75,23.35,23.6,8024
2002-07-29 00:00:00+05:30,22.75,24.0,22.2,23.5,15968
2002-07-30 00:00:00+05:30,24.25,25.7,23.5,24.35,12876
2002-07-31 00:00:00+05:30,24.0,24.0,22.25,23.15,11248
2002-08-01 00:00:00+05:30,23.2,23.25,22.65,23.0,12420
2002-08-02 00:00:00+05:30,22.55,22.75,21.8,22.35,3505
2002-08-05 00:00:00+05:30,22.25,23.75,22.25,23.6,3605
2002-08-06 00:00:00+05:30,23.25,24.65,23.25,24.2,3247
2002-08-07 00:00:00+05:30,24.8,24.9,23.65,24.25,10040
2002-08-08 00:00:00+05:30,24.25,24.4,22.05,22.5,9833
2002-08-09 00:00:00+05:30,23.5,23.5,21.75,22.6,10449
2002-08-12 00:00:00+05:30,23.9,23.9,22.95,23.0,3761
2002-08-13 00:00:00+05:30,22.9,23.4,22.9,23.0,1339
2002-08-14 00:00:00+05:30,23.05,23.4,22.8,22.85,3884
2002-08-16 00:00:00+05:30,23.05,23.5,22.6,22.75,6067
2002-08-19 00:00:00+05:30,22.9,23.45,22.65,22.95,6261
2002-08-20 00:00:00+05:30,22.3,23.95,22.3,23.7,6581
2002-08-21 00:00:00+05:30,24.6,24.9,22.15,23.8,10938
2002-08-22 00:00:00+05:30,23.95,24.4,23.25,23.5,8903
2002-08-23 00:00:00+05:30,27.7,27.7,23.4,23.85,18556
2002-08-26 00:00:00+05:30,27.65,27.65,23.5,23.75,6247
2002-08-27 00:00:00+05:30,23.9,24.4,23.0,23.3,7591
2002-08-28 00:00:00+05:30,23.1,24.35,23.0,23.85,11347
2002-08-29 00:00:00+05:30,23.2,24.9,23.1,24.0,4273
2002-08-30 00:00:00+05:30,24.0,27.5,23.6,27.0,50173
2002-09-02 00:00:00+05:30,28.3,29.85,27.85,28.95,85992
2002-09-03 00:00:00+05:30,26.1,28.75,24.05,27.4,32264
2002-09-04 00:00:00+05:30,32.0,32.0,27.0,28.05,18831
2002-09-05 00:00:00+05:30,28.9,29.0,27.3,27.95,11656
2002-09-06 00:00:00+05:30,27.4,27.65,25.95,26.4,15132
2002-09-09 00:00:00+05:30,26.55,26.55,25.75,26.1,8773
2002-09-11 00:00:00+05:30,26.25,26.5,25.75,25.8,10391
2002-09-12 00:00:00+05:30,26.0,28.55,25.85,27.55,25734
2002-09-13 00:00:00+05:30,29.9,29.9,26.55,26.75,12371
2002-09-16 00:00:00+05:30,26.6,27.0,26.15,26.25,9053
2002-09-17 00:00:00+05:30,26.5,27.4,26.5,27.05,7883
2002-09-18 00:00:00+05:30,26.65,27.0,25.3,25.6,12400
2002-09-19 00:00:00+05:30,25.4,26.25,25.0,25.55,10969
2002-09-20 00:00:00+05:30,30.0,30.0,24.65,25.15,8549
2002-09-23 00:00:00+05:30,26.9,27.0,24.25,24.6,6772
2002-09-24 00:00:00+05:30,27.0,27.0,23.5,23.7,11279
2002-09-25 00:00:00+05:30,23.55,24.45,23.5,23.95,3035
2002-09-26 00:00:00+05:30,26.45,26.45,24.0,24.1,5050
2002-09-27 00:00:00+05:30,24.25,24.8,23.8,24.15,5966
2002-09-30 00:00:00+05:30,23.55,24.6,23.4,23.55,6970
2002-10-01 00:00:00+05:30,28.0,28.0,22.65,23.2,8086
2002-10-03 00:00:00+05:30,23.35,23.75,23.0,23.2,4475
2002-10-04 00:00:00+05:30,23.4,23.5,22.8,22.95,2519
2002-10-07 00:00:00+05:30,22.5,23.15,22.2,22.8,4001
2002-10-08 00:00:00+05:30,22.9,23.85,22.9,23.7,3611
2002-10-09 00:00:00+05:30,23.75,23.75,23.05,23.1,2720
2002-10-10 00:00:00+05:30,23.2,23.25,22.3,22.75,3970
2002-10-11 00:00:00+05:30,23.8,23.8,22.25,22.95,4248
2002-10-14 00:00:00+05:30,22.5,24.35,22.5,23.15,3607
2002-10-16 00:00:00+05:30,24.2,24.2,22.6,22.85,4112
2002-10-17 00:00:00+05:30,23.8,23.8,22.5,23.35,2620
2002-10-18 00:00:00+05:30,22.7,28.05,22.7,26.35,134551
2002-10-21 00:00:00+05:30,29.1,29.1,24.5,25.1,40178
2002-10-22 00:00:00+05:30,23.55,25.55,23.55,24.2,12247
2002-10-23 00:00:00+05:30,23.55,24.5,23.3,23.5,7237
2002-10-24 00:00:00+05:30,23.7,24.0,22.6,22.9,8398
2002-10-25 00:00:00+05:30,23.0,23.0,22.5,22.75,8730
2002-10-28 00:00:00+05:30,22.8,22.8,21.6,22.1,9146
2002-10-29 00:00:00+05:30,23.2,23.2,22.05,22.6,7752
2002-10-30 00:00:00+05:30,22.8,22.8,22.35,22.6,5181
2002-10-31 00:00:00+05:30,22.9,23.1,22.25,22.35,6350
2002-11-01 00:00:00+05:30,22.9,23.0,22.1,22.5,7915
2002-11-04 00:00:00+05:30,22.8,24.9,22.6,23.5,12090
2002-11-05 00:00:00+05:30,23.7,24.5,22.8,23.05,12657
2002-11-07 00:00:00+05:30,27.5,27.5,23.1,23.5,7711
2002-11-08 00:00:00+05:30,23.5,25.9,23.1,24.05,34701
2002-11-11 00:00:00+05:30,23.5,23.8,23.3,23.35,4190
2002-11-12 00:00:00+05:30,23.3,23.8,23.2,23.25,5049
2002-11-13 00:00:00+05:30,23.65,24.1,23.15,23.25,5402
2002-11-14 00:00:00+05:30,23.5,24.25,23.15,23.55,11372
2002-11-15 00:00:00+05:30,24.15,24.85,23.75,24.5,20924
2002-11-18 00:00:00+05:30,24.25,25.35,24.25,24.55,21134
2002-11-20 00:00:00+05:30,25.0,25.35,23.75,24.8,4497
2002-11-21 00:00:00+05:30,25.3,25.9,24.9,25.3,23490
2002-11-22 00:00:00+05:30,30.0,30.0,25.05,25.25,27996
2002-11-25 00:00:00+05:30,26.5,26.5,24.55,24.9,8752
2002-11-26 00:00:00+05:30,26.45,26.45,25.0,25.1,26646
2002-11-27 00:00:00+05:30,25.6,25.6,24.05,24.6,10915
2002-11-28 00:00:00+05:30,25.45,25.8,24.85,25.05,8565
2002-11-29 00:00:00+05:30,25.3,30.1,25.2,30.1,132987
2002-12-02 00:00:00+05:30,32.7,36.15,31.6,36.15,205926
2002-12-03 00:00:00+05:30,40.0,42.9,36.3,36.85,515455
2002-12-04 00:00:00+05:30,36.0,39.75,35.5,36.25,357956
2002-12-05 00:00:00+05:30,37.5,42.95,36.8,42.1,539106
2002-12-06 00:00:00+05:30,41.0,42.8,39.0,40.95,279586
2002-12-09 00:00:00+05:30,41.95,44.0,40.1,40.45,317364
2002-12-10 00:00:00+05:30,40.25,40.8,38.25,40.15,144155
2002-12-11 00:00:00+05:30,41.0,42.4,38.15,39.15,163592
2002-12-12 00:00:00+05:30,37.85,39.7,37.85,38.4,52763
2002-12-13 00:00:00+05:30,38.5,39.5,37.3,37.7,47516
2002-12-16 00:00:00+05:30,36.0,38.0,36.0,36.95,47091
2002-12-17 00:00:00+05:30,37.8,37.8,35.15,35.6,39551
2002-12-18 00:00:00+05:30,35.3,37.5,34.7,35.85,55013
2002-12-19 00:00:00+05:30,32.0,37.2,32.0,35.85,66190
2002-12-20 00:00:00+05:30,36.5,37.2,35.55,36.35,28257
2002-12-23 00:00:00+05:30,35.5,35.85,34.5,34.7,19409
2002-12-24 00:00:00+05:30,35.5,40.3,34.5,39.25,412581
2002-12-26 00:00:00+05:30,38.7,40.5,36.0,37.65,190031
2002-12-27 00:00:00+05:30,38.5,38.5,36.4,36.75,102693
2002-12-30 00:00:00+05:30,36.5,37.4,36.0,37.0,57770
2002-12-31 00:00:00+05:30,37.45,40.8,37.3,38.45,229532
2003-01-01 00:00:00+05:30,38.95,39.55,38.2,38.35,57996
2003-01-02 00:00:00+05:30,39.75,39.75,36.75,37.0,48254
2003-01-03 00:00:00+05:30,38.3,39.25,37.25,37.6,106373
2003-01-06 00:00:00+05:30,37.75,37.9,35.5,35.9,60989
2003-01-07 00:00:00+05:30,37.6,37.6,35.25,35.55,45048
2003-01-08 00:00:00+05:30,36.95,36.95,35.75,36.4,39805
2003-01-09 00:00:00+05:30,36.75,37.8,36.2,36.6,54797
2003-01-10 00:00:00+05:30,37.0,38.9,35.45,35.95,248614
2003-01-13 00:00:00+05:30,35.0,36.9,35.0,35.3,55206
2003-01-14 00:00:00+05:30,35.8,36.6,35.5,35.7,40900
2003-01-15 00:00:00+05:30,36.0,36.5,35.25,35.45,24107
2003-01-16 00:00:00+05:30,35.7,36.0,34.5,34.95,30458
2003-01-17 00:00:00+05:30,35.5,36.5,34.55,34.85,55068
2003-01-20 00:00:00+05:30,34.35,35.0,31.55,32.15,41561
2003-01-21 00:00:00+05:30,32.5,32.5,30.65,31.2,45618
2003-01-22 00:00:00+05:30,31.1,32.5,30.65,31.4,36023
2003-01-23 00:00:00+05:30,30.6,31.35,29.1,29.55,35968
2003-01-24 00:00:00+05:30,29.55,29.95,27.9,28.2,38463
2003-01-27 00:00:00+05:30,28.5,28.5,26.1,26.45,23213
2003-01-28 00:00:00+05:30,26.45,29.0,26.15,28.75,39925
2003-01-29 00:00:00+05:30,29.0,29.0,27.15,27.35,36691
2003-01-30 00:00:00+05:30,27.5,27.9,26.5,27.1,23469
2003-01-31 00:00:00+05:30,25.25,27.5,25.25,26.7,17024
2003-02-03 00:00:00+05:30,26.15,28.45,26.15,28.1,26593
2003-02-04 00:00:00+05:30,28.5,28.75,27.35,27.5,21336
2003-02-05 00:00:00+05:30,27.3,27.3,26.15,26.45,15264
2003-02-06 00:00:00+05:30,26.85,26.95,26.0,26.75,20747
2003-02-07 00:00:00+05:30,27.25,27.4,26.25,26.5,14035
2003-02-10 00:00:00+05:30,26.35,26.35,24.25,24.6,9995
2003-02-11 00:00:00+05:30,24.85,25.2,24.5,24.75,9208
2003-02-12 00:00:00+05:30,24.75,24.75,23.0,23.25,19865
2003-02-14 00:00:00+05:30,23.05,23.85,22.6,23.2,16411
2003-02-17 00:00:00+05:30,23.9,27.85,23.9,27.85,77647
2003-02-18 00:00:00+05:30,28.1,29.45,27.1,27.55,122558
2003-02-19 00:00:00+05:30,28.45,28.9,27.0,27.2,48368
2003-02-20 00:00:00+05:30,27.4,27.4,26.0,26.65,29057
2003-02-21 00:00:00+05:30,26.4,27.75,26.05,26.45,35860
2003-02-24 00:00:00+05:30,26.75,28.0,26.55,26.75,22669
2003-02-25 00:00:00+05:30,26.5,26.75,25.8,25.95,12925
2003-02-26 00:00:00+05:30,26.5,26.7,25.45,25.65,15945
2003-02-27 00:00:00+05:30,25.5,27.5,25.5,26.8,25778
2003-02-28 00:00:00+05:30,27.0,27.85,26.55,27.15,51160
2003-03-03 00:00:00+05:30,27.2,27.5,26.05,26.15,16172
2003-03-04 00:00:00+05:30,26.1,26.1,25.1,25.2,11270
2003-03-05 00:00:00+05:30,25.2,25.2,24.15,24.6,14715
2003-03-06 00:00:00+05:30,24.2,24.6,23.45,23.65,21892
2003-03-07 00:00:00+05:30,23.4,23.4,22.15,22.9,17086
2003-03-10 00:00:00+05:30,23.3,23.35,21.15,21.95,23563
2003-03-11 00:00:00+05:30,22.8,22.85,21.1,22.3,31865
2003-03-12 00:00:00+05:30,22.85,23.65,22.05,22.25,29220
2003-03-13 00:00:00+05:30,22.1,22.4,21.75,21.9,19332
2003-03-17 00:00:00+05:30,21.8,22.0,21.35,21.65,15555
2003-03-19 00:00:00+05:30,22.0,23.25,22.0,22.25,27595
2003-03-20 00:00:00+05:30,21.25,23.6,21.2,22.95,38774
2003-03-21 00:00:00+05:30,23.0,25.7,23.0,24.9,66591
2003-03-22 00:00:00+05:30,25.0,26.5,24.05,26.0,33373
2003-03-24 00:00:00+05:30,25.0,25.4,23.5,23.6,41915
2003-03-25 00:00:00+05:30,23.1,24.0,22.4,23.5,39609
2003-03-26 00:00:00+05:30,23.95,24.2,22.1,22.3,36449
2003-03-27 00:00:00+05:30,22.6,23.15,22.1,22.7,19281
2003-03-28 00:00:00+05:30,22.5,23.25,22.5,22.95,13350
2003-03-31 00:00:00+05:30,22.1,22.5,21.65,21.8,21827
2003-04-01 00:00:00+05:30,21.95,22.65,21.95,22.15,16809
2003-04-02 00:00:00+05:30,22.95,23.65,22.3,23.5,24514
2003-04-03 00:00:00+05:30,24.75,25.0,23.0,23.7,24211
2003-04-04 00:00:00+05:30,23.9,26.4,23.45,25.7,38655
2003-04-07 00:00:00+05:30,25.5,27.45,25.5,26.45,79267
2003-04-08 00:00:00+05:30,26.5,26.5,24.75,25.0,35202
2003-04-09 00:00:00+05:30,24.75,24.95,24.2,24.5,17836
2003-04-10 00:00:00+05:30,23.8,23.8,21.0,21.7,52343
2003-04-11 00:00:00+05:30,23.85,23.85,20.7,22.05,32214
2003-04-15 00:00:00+05:30,22.75,23.4,21.8,22.7,14257
2003-04-16 00:00:00+05:30,22.75,22.85,22.5,22.65,11953
2003-04-17 00:00:00+05:30,22.1,22.85,21.7,22.5,14908
2003-04-21 00:00:00+05:30,22.65,23.3,22.45,23.05,22505
2003-04-22 00:00:00+05:30,22.35,23.5,22.35,22.65,9682
2003-04-23 00:00:00+05:30,22.75,23.0,22.05,22.15,11019
2003-04-24 00:00:00+05:30,22.65,23.05,22.2,22.4,23269
2003-04-25 00:00:00+05:30,22.3,22.3,21.5,21.65,9515
2003-04-28 00:00:00+05:30,21.5,21.9,21.2,21.75,5345
2003-04-29 00:00:00+05:30,22.0,22.2,21.6,22.05,5920
2003-04-30 00:00:00+05:30,21.75,22.0,21.5,21.5,4575
2003-05-02 00:00:00+05:30,21.9,23.55,21.9,22.1,27942
2003-05-05 00:00:00+05:30,22.15,23.4,22.1,22.9,30188
2003-05-06 00:00:00+05:30,23.5,23.5,22.65,22.9,21760
2003-05-07 00:00:00+05:30,23.45,23.45,22.15,22.35,10526
2003-05-08 00:00:00+05:30,22.5,23.1,22.15,22.25,14227
2003-05-09 00:00:00+05:30,22.4,22.65,22.0,22.05,6092
2003-05-12 00:00:00+05:30,22.3,22.45,21.65,21.8,8975
2003-05-13 00:00:00+05:30,22.0,22.0,21.05,21.25,14225
2003-05-14 00:00:00+05:30,22.2,22.45,21.5,21.7,18243
2003-05-15 00:00:00+05:30,21.5,22.4,21.5,22.25,18699
2003-05-16 00:00:00+05:30,23.5,26.7,22.3,26.7,90057
2003-05-19 00:00:00+05:30,27.5,28.5,23.35,23.65,111245
2003-05-20 00:00:00+05:30,24.0,25.8,23.0,24.7,90584
2003-05-21 00:00:00+05:30,25.0,25.55,23.55,23.75,62251
2003-05-22 00:00:00+05:30,23.65,24.6,23.0,23.2,35231
2003-05-23 00:00:00+05:30,23.7,23.9,23.0,23.25,28065
2003-05-26 00:00:00+05:30,23.5,23.5,22.55,22.75,31430
2003-05-27 00:00:00+05:30,22.75,24.5,22.6,22.7,42185
2003-05-28 00:00:00+05:30,23.9,24.2,23.3,23.6,37130
2003-05-29 00:00:00+05:30,24.65,24.65,23.15,23.4,15235
2003-05-30 00:00:00+05:30,23.05,23.9,22.7,22.75,25893
2003-06-02 00:00:00+05:30,23.45,26.0,22.9,25.3,170787
2003-06-03 00:00:00+05:30,26.25,26.25,23.7,23.9,46524
2003-06-04 00:00:00+05:30,24.45,25.4,24.05,24.45,38050
2003-06-05 00:00:00+05:30,25.9,26.2,24.55,25.0,62159
2003-06-06 00:00:00+05:30,25.7,26.25,24.65,25.7,86112
2003-06-09 00:00:00+05:30,25.3,26.75,24.6,25.8,92606
2003-06-10 00:00:00+05:30,25.65,29.4,25.0,25.25,170042
2003-06-11 00:00:00+05:30,25.6,26.5,25.2,25.35,54646
2003-06-12 00:00:00+05:30,25.25,26.5,25.25,25.85,37061
2003-06-13 00:00:00+05:30,26.5,26.7,25.35,25.6,42878
2003-06-16 00:00:00+05:30,24.75,25.7,24.6,24.8,19822
2003-06-17 00:00:00+05:30,26.1,26.75,25.25,25.65,38785
2003-06-18 00:00:00+05:30,26.0,26.5,25.4,25.55,28247
2003-06-19 00:00:00+05:30,30.0,30.0,25.25,25.5,21111
2003-06-20 00:00:00+05:30,25.8,26.0,24.75,25.05,18227
2003-06-23 00:00:00+05:30,25.35,25.45,24.25,24.55,14345
2003-06-24 00:00:00+05:30,24.2,24.95,24.1,24.45,12111
2003-06-25 00:00:00+05:30,24.7,25.3,24.1,24.3,9199
2003-06-26 00:00:00+05:30,24.55,26.5,24.25,25.5,55397
2003-06-27 00:00:00+05:30,26.0,26.9,25.25,26.05,92753
2003-06-30 00:00:00+05:30,26.6,28.8,26.2,26.95,98866
2003-07-01 00:00:00+05:30,27.45,27.45,25.65,25.85,36785
2003-07-02 00:00:00+05:30,26.4,27.0,25.2,25.4,34402
2003-07-03 00:00:00+05:30,25.8,26.35,24.7,24.95,32671
2003-07-04 00:00:00+05:30,24.55,26.1,24.55,25.5,57829
2003-07-07 00:00:00+05:30,25.15,25.5,24.85,25.1,24016
2003-07-08 00:00:00+05:30,26.85,28.5,25.7,26.95,247337
2003-07-09 00:00:00+05:30,27.5,27.5,25.75,26.0,74092
2003-07-10 00:00:00+05:30,27.5,30.3,26.05,29.05,380743
2003-07-11 00:00:00+05:30,29.4,29.4,26.8,27.15,92222
2003-07-14 00:00:00+05:30,28.85,28.85,27.0,27.2,46281
2003-07-15 00:00:00+05:30,26.1,27.2,25.25,25.55,53006
2003-07-16 00:00:00+05:30,25.4,26.7,25.4,26.0,39301
2003-07-17 00:00:00+05:30,26.05,26.5,25.3,25.45,17231
2003-07-18 00:00:00+05:30,24.9,25.4,24.75,24.9,26088
2003-07-21 00:00:00+05:30,23.6,25.1,23.6,24.25,10026
2003-07-22 00:00:00+05:30,24.15,24.5,23.7,23.9,21185
2003-07-23 00:00:00+05:30,24.6,24.85,23.75,23.95,20661
2003-07-24 00:00:00+05:30,24.5,24.5,23.5,23.9,12095
2003-07-25 00:00:00+05:30,24.25,24.6,24.0,24.35,12811
2003-07-28 00:00:00+05:30,24.5,26.35,24.5,25.0,62156
2003-07-29 00:00:00+05:30,24.25,26.2,24.2,25.25,53157
2003-07-30 00:00:00+05:30,25.0,26.2,25.0,25.35,28403
2003-07-31 00:00:00+05:30,25.0,25.65,24.85,25.1,11954
2003-08-01 00:00:00+05:30,25.3,25.7,25.0,25.35,14894
2003-08-04 00:00:00+05:30,25.2,26.25,25.1,25.85,21773
2003-08-05 00:00:00+05:30,30.45,30.45,24.8,25.0,44124
2003-08-06 00:00:00+05:30,24.7,25.4,24.25,24.4,16791
2003-08-07 00:00:00+05:30,25.0,25.15,24.4,24.75,17328
2003-08-08 00:00:00+05:30,25.0,25.4,24.6,24.75,17635
2003-08-11 00:00:00+05:30,25.15,25.15,24.15,24.2,12854
2003-08-12 00:00:00+05:30,23.8,24.55,23.8,24.2,14588
2003-08-13 00:00:00+05:30,24.2,24.45,23.9,24.1,17896
2003-08-14 00:00:00+05:30,24.3,24.35,23.5,23.55,25076
2003-08-18 00:00:00+05:30,23.65,24.4,23.3,23.55,25050
2003-08-19 00:00:00+05:30,24.2,24.25,22.8,23.1,27710
2003-08-20 00:00:00+05:30,24.0,26.5,23.3,25.8,187788
2003-08-21 00:00:00+05:30,26.75,26.8,24.7,25.1,52030
2003-08-22 00:00:00+05:30,26.65,26.65,24.55,24.65,32036
2003-08-25 00:00:00+05:30,24.7,24.95,23.4,23.55,19893
2003-08-26 00:00:00+05:30,21.55,24.65,21.55,24.45,19157
2003-08-27 00:00:00+05:30,25.1,26.3,24.5,24.95,46239
2003-08-28 00:00:00+05:30,25.8,26.9,24.75,26.45,143219
2003-08-29 00:00:00+05:30,27.15,28.45,25.8,26.2,146760
2003-09-01 00:00:00+05:30,26.9,27.3,25.5,25.95,32427
2003-09-02 00:00:00+05:30,25.6,26.35,25.1,25.8,30229
2003-09-03 00:00:00+05:30,26.5,26.75,25.1,25.25,26202
2003-09-04 00:00:00+05:30,25.5,26.5,25.35,26.15,35066
2003-09-05 00:00:00+05:30,26.9,27.2,25.5,25.8,46105
2003-09-08 00:00:00+05:30,26.5,26.5,25.4,25.7,38432
2003-09-09 00:00:00+05:30,25.25,27.9,25.2,26.2,97540
2003-09-10 00:00:00+05:30,26.5,26.5,24.7,25.3,29502
2003-09-11 00:00:00+05:30,25.45,26.05,24.6,25.0,25899
2003-09-12 00:00:00+05:30,25.65,25.75,24.2,24.45,21571
2003-09-15 00:00:00+05:30,24.55,24.55,23.1,23.25,29228
2003-09-16 00:00:00+05:30,23.1,24.2,23.1,23.85,23751
2003-09-17 00:00:00+05:30,24.45,25.0,24.0,24.05,22882
2003-09-18 00:00:00+05:30,24.0,24.1,23.0,23.25,26875
2003-09-19 00:00:00+05:30,23.5,24.0,23.0,23.75,21550
2003-09-22 00:00:00+05:30,23.1,24.0,22.5,22.7,24300
2003-09-23 00:00:00+05:30,22.4,22.95,20.8,21.05,71430
2003-09-24 00:00:00+05:30,21.0,21.85,20.65,21.55,55333
2003-09-25 00:00:00+05:30,21.35,21.75,20.6,21.35,40928
2003-09-26 00:00:00+05:30,21.7,23.85,21.6,23.35,47821
2003-09-29 00:00:00+05:30,23.25,24.5,23.25,23.5,35096
2003-09-30 00:00:00+05:30,23.0,23.8,22.5,22.85,20957
2003-10-01 00:00:00+05:30,22.5,24.0,22.5,23.8,34255
2003-10-03 00:00:00+05:30,24.45,24.8,23.5,23.8,74731
2003-10-06 00:00:00+05:30,23.8,24.05,23.15,23.25,33769
2003-10-07 00:00:00+05:30,22.95,23.6,22.7,22.8,27020
2003-10-08 00:00:00+05:30,22.15,23.0,22.15,22.25,24354
2003-10-09 00:00:00+05:30,22.5,22.9,22.4,22.55,23774
2003-10-10 00:00:00+05:30,22.95,23.65,22.8,23.4,29988
2003-10-13 00:00:00+05:30,23.8,24.05,23.05,23.25,26836
2003-10-14 00:00:00+05:30,22.85,23.05,22.0,22.1,17412
2003-10-15 00:00:00+05:30,22.45,22.45,21.5,21.9,17079
2003-10-16 00:00:00+05:30,21.65,22.4,21.65,21.8,7390
2003-10-17 00:00:00+05:30,21.65,22.1,21.55,21.7,9533
2003-10-20 00:00:00+05:30,22.15,22.2,21.4,21.4,13454
2003-10-21 00:00:00+05:30,21.35,21.8,21.35,21.45,12895
2003-10-22 00:00:00+05:30,21.2,21.9,20.6,20.85,17647
2003-10-23 00:00:00+05:30,20.5,21.6,20.35,20.85,13858
2003-10-24 00:00:00+05:30,20.65,21.0,20.0,20.75,13294
2003-10-25 00:00:00+05:30,20.85,21.15,20.8,21.0,3956
2003-10-27 00:00:00+05:30,21.0,21.0,20.25,20.45,11878
2003-10-28 00:00:00+05:30,21.0,21.0,19.5,19.65,13577
2003-10-29 00:00:00+05:30,20.0,20.65,19.15,19.5,11227
2003-10-30 00:00:00+05:30,19.05,19.1,17.9,18.0,28808
2003-10-31 00:00:00+05:30,18.1,19.75,17.5,18.85,41715
2003-11-03 00:00:00+05:30,18.5,18.85,18.05,18.2,20136
2003-11-04 00:00:00+05:30,18.1,19.5,18.0,18.85,36511
2003-11-05 00:00:00+05:30,18.5,21.9,18.5,20.7,92486
2003-11-06 00:00:00+05:30,20.85,21.95,20.85,21.3,49929
2003-11-07 00:00:00+05:30,21.9,22.4,20.5,22.0,43343
2003-11-10 00:00:00+05:30,21.6,23.0,21.5,22.7,20402
2003-11-11 00:00:00+05:30,22.5,23.15,22.05,22.15,38794
2003-11-12 00:00:00+05:30,22.65,23.55,22.0,23.25,52844
2003-11-13 00:00:00+05:30,23.25,23.75,21.8,22.05,35935
2003-11-14 00:00:00+05:30,22.05,22.1,20.2,20.5,17751
2003-11-15 00:00:00+05:30,20.95,20.95,20.0,20.5,4249
2003-11-17 00:00:00+05:30,20.6,22.35,20.6,21.85,17334
2003-11-18 00:00:00+05:30,21.3,22.7,21.1,21.25,19327
2003-11-19 00:00:00+05:30,21.4,22.9,21.4,22.05,31858
2003-11-20 00:00:00+05:30,22.8,23.3,22.0,22.2,46149
2003-11-21 00:00:00+05:30,22.25,22.35,21.2,21.5,16527
2003-11-24 00:00:00+05:30,21.5,21.75,21.0,21.45,11616
2003-11-25 00:00:00+05:30,21.9,23.25,21.9,22.4,41366
2003-11-27 00:00:00+05:30,22.7,23.35,22.45,23.05,34901
2003-11-28 00:00:00+05:30,27.0,27.0,22.5,23.7,49731
2003-12-01 00:00:00+05:30,24.0,24.5,23.8,24.25,71667
2003-12-02 00:00:00+05:30,24.5,24.65,23.1,23.45,36903
2003-12-03 00:00:00+05:30,23.15,24.1,23.15,23.6,37483
2003-12-04 00:00:00+05:30,23.0,25.0,23.0,24.6,73850
2003-12-05 00:00:00+05:30,24.9,26.6,24.4,24.85,153373
2003-12-08 00:00:00+05:30,24.9,25.9,24.8,25.7,52328
2003-12-09 00:00:00+05:30,26.0,30.85,25.9,30.85,378383
2003-12-10 00:00:00+05:30,31.4,31.5,28.5,29.25,300619
2003-12-11 00:00:00+05:30,29.7,30.6,27.8,28.15,86265
2003-12-12 00:00:00+05:30,28.6,30.1,28.6,29.1,122908
2003-12-15 00:00:00+05:30,29.05,30.0,28.55,28.9,75169
2003-12-16 00:00:00+05:30,28.5,29.5,27.6,28.4,94447
2003-12-17 00:00:00+05:30,28.8,33.75,28.45,32.85,390228
2003-12-18 00:00:00+05:30,33.3,34.0,31.0,31.5,115337
2003-12-19 00:00:00+05:30,32.0,32.25,31.0,31.2,67176
2003-12-22 00:00:00+05:30,31.45,32.3,30.5,30.85,55336
2003-12-23 00:00:00+05:30,31.4,35.45,30.7,33.35,314594
2003-12-24 00:00:00+05:30,34.65,35.8,33.25,34.45,296903
2003-12-26 00:00:00+05:30,34.9,35.0,33.05,33.3,85137
2003-12-29 00:00:00+05:30,39.9,39.9,33.5,35.2,101402
2003-12-30 00:00:00+05:30,36.25,36.25,31.55,32.4,74418
2003-12-31 00:00:00+05:30,32.7,33.7,31.5,32.0,70717
2004-01-01 00:00:00+05:30,32.5,34.0,32.35,33.1,61486
2004-01-02 00:00:00+05:30,33.75,35.4,32.8,34.1,189912
2004-01-05 00:00:00+05:30,33.55,35.8,32.5,33.3,108844
2004-01-06 00:00:00+05:30,34.0,34.6,30.2,31.55,73240
2004-01-07 00:00:00+05:30,30.8,31.6,30.2,30.75,40641
2004-01-08 00:00:00+05:30,31.0,33.5,31.0,33.15,41853
2004-01-09 00:00:00+05:30,35.0,35.85,31.1,31.55,81045
2004-01-12 00:00:00+05:30,31.5,32.0,30.0,30.45,36410
2004-01-13 00:00:00+05:30,31.0,31.35,30.05,30.4,33032
2004-01-14 00:00:00+05:30,31.75,31.75,30.05,30.25,22917
2004-01-15 00:00:00+05:30,30.0,30.8,28.55,29.0,27308
2004-01-16 00:00:00+05:30,29.5,29.5,26.7,27.25,27044
2004-01-19 00:00:00+05:30,27.3,27.9,25.2,26.3,28750
2004-01-20 00:00:00+05:30,27.4,27.75,26.05,26.15,25885
2004-01-21 00:00:00+05:30,25.6,26.25,22.55,23.1,38627
2004-01-22 00:00:00+05:30,20.25,24.2,20.2,22.9,29469
2004-01-23 00:00:00+05:30,23.05,25.4,23.05,24.85,40220
2004-01-27 00:00:00+05:30,25.0,25.65,23.75,25.25,21672
2004-01-28 00:00:00+05:30,25.1,25.1,23.4,23.7,16489
2004-01-29 00:00:00+05:30,23.6,24.0,23.0,23.15,11755
2004-01-30 00:00:00+05:30,23.75,24.2,22.8,23.05,24429
2004-02-03 00:00:00+05:30,23.5,23.5,21.2,21.45,12280
2004-02-04 00:00:00+05:30,22.45,22.55,20.6,22.2,32486
2004-02-05 00:00:00+05:30,22.1,22.7,21.6,21.8,16430
2004-02-06 00:00:00+05:30,21.5,21.9,20.6,20.85,13876
2004-02-09 00:00:00+05:30,21.95,22.25,21.75,21.95,12400
2004-02-10 00:00:00+05:30,22.25,22.65,22.1,22.3,9157
2004-02-11 00:00:00+05:30,22.75,22.75,22.15,22.2,12175
2004-02-12 00:00:00+05:30,21.75,22.2,21.75,21.95,3910
2004-02-13 00:00:00+05:30,22.45,22.7,22.0,22.45,7558
2004-02-16 00:00:00+05:30,22.3,23.4,21.75,22.65,25056
2004-02-17 00:00:00+05:30,21.6,23.2,21.6,22.3,17167
2004-02-18 00:00:00+05:30,22.7,23.0,22.0,22.7,9267
2004-02-19 00:00:00+05:30,22.05,22.3,21.1,21.2,10009
2004-02-20 00:00:00+05:30,20.7,21.6,20.7,21.3,6731
2004-02-23 00:00:00+05:30,21.5,21.6,20.8,21.2,9049
2004-02-24 00:00:00+05:30,21.35,21.5,20.9,21.1,8137
2004-02-25 00:00:00+05:30,21.7,21.7,20.55,20.7,3974
2004-02-26 00:00:00+05:30,21.0,21.1,20.5,20.65,5120
2004-02-27 00:00:00+05:30,20.5,20.5,20.0,20.35,3896
2004-03-01 00:00:00+05:30,20.7,20.7,19.6,20.2,8723
2004-03-03 00:00:00+05:30,19.6,20.35,19.6,19.6,7768
2004-03-04 00:00:00+05:30,20.55,20.55,19.3,19.5,8110
2004-03-05 00:00:00+05:30,19.7,23.4,19.0,23.4,50013
2004-03-08 00:00:00+05:30,24.5,26.85,24.0,25.7,114125
2004-03-09 00:00:00+05:30,25.0,25.2,22.7,24.85,52461
2004-03-10 00:00:00+05:30,26.4,26.4,23.5,23.95,14602
2004-03-11 00:00:00+05:30,23.75,26.95,23.75,25.1,54287
2004-03-12 00:00:00+05:30,24.9,25.0,23.85,24.2,17077
2004-03-15 00:00:00+05:30,24.65,25.0,23.0,23.55,26018
2004-03-16 00:00:00+05:30,23.45,24.7,22.5,23.05,21375
2004-03-17 00:00:00+05:30,22.95,23.95,22.15,23.6,11397
2004-03-18 00:00:00+05:30,22.2,23.5,22.2,22.85,12087
2004-03-19 00:00:00+05:30,22.65,23.1,22.0,22.25,20730
2004-03-22 00:00:00+05:30,22.1,22.45,20.1,20.2,9036
2004-03-23 00:00:00+05:30,21.55,21.55,19.75,20.45,13577
2004-03-24 00:00:00+05:30,20.0,21.1,19.35,19.55,20829
2004-03-25 00:00:00+05:30,19.85,20.4,19.5,19.8,9475
2004-03-26 00:00:00+05:30,20.85,22.1,20.7,21.2,39542
2004-03-29 00:00:00+05:30,21.5,21.55,20.3,20.5,10194
2004-03-30 00:00:00+05:30,20.5,22.0,20.3,20.9,24522
2004-03-31 00:00:00+05:30,21.0,21.75,20.5,20.6,15403
2004-04-01 00:00:00+05:30,21.4,22.15,21.2,21.95,7451
2004-04-02 00:00:00+05:30,22.2,23.35,22.05,22.85,24170
2004-04-05 00:00:00+05:30,23.5,23.55,22.0,22.3,19887
2004-04-06 00:00:00+05:30,23.5,23.6,21.75,22.95,35649
2004-04-07 00:00:00+05:30,23.0,23.5,22.55,22.9,10611
2004-04-08 00:00:00+05:30,23.0,23.35,22.5,23.2,9877
2004-04-12 00:00:00+05:30,23.4,23.45,22.6,22.85,11941
2004-04-13 00:00:00+05:30,23.25,24.0,21.9,23.25,63757
2004-04-15 00:00:00+05:30,23.8,23.9,22.6,23.2,29352
2004-04-16 00:00:00+05:30,24.2,24.2,23.1,23.35,18705
2004-04-17 00:00:00+05:30,23.25,23.45,23.0,23.1,6174
2004-04-19 00:00:00+05:30,22.85,23.6,22.05,22.55,9372
2004-04-20 00:00:00+05:30,22.7,22.9,22.05,22.2,6290
2004-04-21 00:00:00+05:30,22.85,25.0,21.75,23.55,24279
2004-04-22 00:00:00+05:30,23.25,24.65,23.0,23.85,12312
2004-04-23 00:00:00+05:30,24.5,24.55,23.25,23.45,10353
2004-04-27 00:00:00+05:30,20.6,22.55,20.6,21.35,9320
2004-04-28 00:00:00+05:30,24.0,24.0,21.3,21.6,12794
2004-04-29 00:00:00+05:30,21.0,22.9,21.0,21.95,2859
2004-04-30 00:00:00+05:30,22.15,23.0,21.25,21.85,18646
2004-05-03 00:00:00+05:30,22.3,22.9,21.55,21.85,19466
2004-05-04 00:00:00+05:30,22.0,22.25,21.6,21.8,8835
2004-05-05 00:00:00+05:30,22.0,22.6,22.0,22.35,5706
2004-05-06 00:00:00+05:30,22.6,24.0,22.55,22.8,12509
2004-05-07 00:00:00+05:30,23.3,25.25,22.5,24.55,84784
2004-05-10 00:00:00+05:30,23.9,24.4,23.35,24.1,14838
2004-05-11 00:00:00+05:30,22.8,23.65,22.0,23.3,16022
2004-05-12 00:00:00+05:30,22.5,24.95,22.5,24.4,41990
2004-05-13 00:00:00+05:30,22.6,25.0,22.5,23.85,20219
2004-05-14 00:00:00+05:30,23.3,24.15,21.65,22.55,21226
2004-05-17 00:00:00+05:30,21.05,21.5,20.1,20.2,12501
2004-05-18 00:00:00+05:30,21.0,22.9,21.0,21.4,12641
2004-05-19 00:00:00+05:30,23.1,23.1,21.5,22.5,11940
2004-05-20 00:00:00+05:30,23.35,23.5,22.25,23.2,11674
2004-05-21 00:00:00+05:30,21.95,22.8,21.7,22.7,3411
2004-05-24 00:00:00+05:30,22.9,26.6,22.9,25.75,62057
2004-05-25 00:00:00+05:30,29.0,29.0,24.15,24.9,27618
2004-05-26 00:00:00+05:30,26.0,26.0,24.3,24.95,22492
2004-05-27 00:00:00+05:30,24.5,25.2,24.05,24.3,9325
2004-05-28 00:00:00+05:30,25.85,25.9,22.25,22.8,18667
2004-05-31 00:00:00+05:30,21.35,22.8,21.35,22.0,15552
2004-06-01 00:00:00+05:30,22.95,22.95,22.25,22.55,7511
2004-06-02 00:00:00+05:30,22.0,22.5,21.35,21.45,13275
2004-06-03 00:00:00+05:30,22.1,22.1,21.3,21.4,8325
2004-06-04 00:00:00+05:30,21.3,21.95,21.15,21.5,9283
2004-06-07 00:00:00+05:30,22.25,22.25,21.05,21.2,7326
2004-06-08 00:00:00+05:30,21.25,21.8,21.15,21.5,4448
2004-06-09 00:00:00+05:30,21.5,22.55,21.5,22.2,13461
2004-06-10 00:00:00+05:30,22.35,23.15,22.25,22.65,13122
2004-06-11 00:00:00+05:30,23.0,23.1,22.5,22.75,12655
2004-06-14 00:00:00+05:30,22.7,22.7,21.3,21.8,4575
2004-06-15 00:00:00+05:30,21.6,21.95,21.3,21.35,5364
2004-06-16 00:00:00+05:30,21.75,21.75,20.6,20.85,11922
2004-06-17 00:00:00+05:30,20.8,21.6,20.7,21.0,6976
2004-06-18 00:00:00+05:30,21.05,22.0,21.05,21.6,8735
2004-06-21 00:00:00+05:30,18.65,21.4,18.65,21.2,1805
2004-06-22 00:00:00+05:30,20.0,21.0,20.0,20.45,5811
2004-06-23 00:00:00+05:30,20.0,21.45,20.0,20.8,2771
2004-06-24 00:00:00+05:30,20.9,21.5,20.45,21.3,6933
2004-06-25 00:00:00+05:30,20.3,21.75,20.2,21.4,9916
2004-06-28 00:00:00+05:30,21.85,22.6,21.85,22.3,12953
2004-06-29 00:00:00+05:30,22.0,22.65,21.55,21.75,9520
2004-06-30 00:00:00+05:30,21.65,22.7,21.65,21.95,9111
2004-07-01 00:00:00+05:30,21.65,22.0,21.5,21.75,4600
2004-07-02 00:00:00+05:30,21.0,21.75,21.0,21.4,4200
2004-07-05 00:00:00+05:30,21.4,21.95,21.0,21.45,8025
2004-07-06 00:00:00+05:30,19.55,21.25,19.5,21.0,6690
2004-07-07 00:00:00+05:30,21.1,21.15,20.9,20.9,3007
2004-07-08 00:00:00+05:30,21.65,21.65,20.1,20.15,6977
2004-07-09 00:00:00+05:30,18.3,20.5,18.3,20.45,4430
2004-07-12 00:00:00+05:30,20.3,21.0,20.3,20.5,3688
2004-07-13 00:00:00+05:30,18.0,22.95,18.0,20.45,11364
2004-07-14 00:00:00+05:30,21.15,21.7,21.0,21.45,4227
2004-07-15 00:00:00+05:30,22.25,25.75,21.5,25.75,59788
2004-07-16 00:00:00+05:30,25.75,28.05,25.75,26.25,131393
2004-07-19 00:00:00+05:30,26.5,31.25,25.75,29.15,172241
2004-07-20 00:00:00+05:30,30.1,30.95,28.5,29.35,76760
2004-07-21 00:00:00+05:30,30.45,32.0,28.65,30.7,127031
2004-07-22 00:00:00+05:30,32.45,36.45,30.3,34.7,251574
2004-07-23 00:00:00+05:30,35.4,36.0,34.05,34.5,110667
2004-07-26 00:00:00+05:30,34.0,34.95,31.3,32.7,59046
2004-07-27 00:00:00+05:30,33.0,33.0,31.0,31.1,26870
2004-07-28 00:00:00+05:30,31.25,32.6,31.25,31.6,40145
2004-07-29 00:00:00+05:30,32.6,33.45,31.3,31.9,42867
2004-07-30 00:00:00+05:30,31.85,32.75,31.1,31.5,28179
2004-08-02 00:00:00+05:30,30.0,32.6,29.5,30.8,33879
2004-08-03 00:00:00+05:30,30.35,33.9,30.35,33.9,65372
2004-08-04 00:00:00+05:30,35.85,37.3,35.5,37.3,83056
2004-08-05 00:00:00+05:30,39.25,41.05,38.35,41.05,499983
2004-08-06 00:00:00+05:30,43.0,43.5,39.25,40.3,219559
2004-08-09 00:00:00+05:30,39.15,43.85,39.1,42.75,122452
2004-08-10 00:00:00+05:30,42.5,47.05,42.1,47.05,201365
2004-08-11 00:00:00+05:30,45.0,46.25,42.35,42.35,274581
2004-08-12 00:00:00+05:30,41.0,41.75,39.15,40.2,132402
2004-08-13 00:00:00+05:30,40.0,44.25,39.5,42.15,176167
2004-08-16 00:00:00+05:30,41.9,45.0,39.75,43.95,28754
2004-08-17 00:00:00+05:30,44.0,44.9,41.6,41.9,21328
2004-08-18 00:00:00+05:30,41.0,44.0,39.7,40.25,12633
2004-08-19 00:00:00+05:30,40.75,41.0,39.6,40.25,22038
2004-08-20 00:00:00+05:30,39.1,40.5,39.1,39.45,13896
2004-08-23 00:00:00+05:30,39.25,40.5,39.05,39.45,11650
2004-08-24 00:00:00+05:30,40.0,40.5,39.1,40.05,13842
2004-08-25 00:00:00+05:30,39.4,40.0,38.0,39.45,16979
2004-08-26 00:00:00+05:30,39.0,41.5,38.75,40.55,12520
2004-08-27 00:00:00+05:30,41.7,44.65,40.3,44.05,93977
2004-08-30 00:00:00+05:30,45.5,48.5,45.0,48.25,148227
2004-08-31 00:00:00+05:30,49.0,50.5,46.65,47.9,46587
2004-09-01 00:00:00+05:30,48.0,52.7,47.8,52.1,140366
2004-09-02 00:00:00+05:30,50.5,57.35,50.5,55.5,114461
2004-09-03 00:00:00+05:30,58.2,58.2,52.75,54.65,132107
2004-09-06 00:00:00+05:30,56.7,56.7,53.4,54.5,8867
2004-09-07 00:00:00+05:30,55.9,59.95,54.0,59.95,59702
2004-09-08 00:00:00+05:30,62.0,65.95,62.0,65.95,31237
2004-09-09 00:00:00+05:30,69.25,69.25,69.25,69.25,23651
2004-09-10 00:00:00+05:30,72.75,72.75,68.2,72.7,153950
2004-09-13 00:00:00+05:30,73.0,76.3,69.1,69.6,58388
2004-09-14 00:00:00+05:30,71.0,73.1,66.15,71.6,73379
2004-09-15 00:00:00+05:30,72.0,74.8,69.0,70.15,78659
2004-09-16 00:00:00+05:30,68.9,70.35,68.0,68.2,42262
2004-09-17 00:00:00+05:30,70.0,70.0,65.0,69.1,58312
2004-09-20 00:00:00+05:30,70.0,72.6,69.05,72.6,65515
2004-09-21 00:00:00+05:30,75.5,76.25,73.0,76.25,88799
2004-09-22 00:00:00+05:30,72.55,79.5,72.45,73.0,80420
2004-09-23 00:00:00+05:30,72.5,76.65,72.0,76.65,53440
2004-09-24 00:00:00+05:30,75.0,80.0,75.0,77.6,25562
2004-09-27 00:00:00+05:30,76.0,78.5,73.75,74.85,19039
2004-09-28 00:00:00+05:30,74.2,75.0,71.15,71.15,24967
2004-09-29 00:00:00+05:30,72.0,72.95,67.6,71.45,44389
2004-09-30 00:00:00+05:30,72.7,72.75,69.65,70.3,9595
2004-10-01 00:00:00+05:30,69.5,70.5,67.05,68.85,23400
2004-10-04 00:00:00+05:30,70.05,71.55,68.5,69.5,49710
2004-10-05 00:00:00+05:30,70.0,70.0,66.05,67.55,14842
2004-10-06 00:00:00+05:30,68.9,68.9,65.0,65.95,18197
2004-10-07 00:00:00+05:30,64.4,67.5,64.0,65.1,35746
2004-10-08 00:00:00+05:30,64.3,65.9,61.85,62.65,63793
2004-10-09 00:00:00+05:30,60.55,63.75,59.55,60.25,21413
2004-10-11 00:00:00+05:30,61.4,63.3,60.75,61.25,55752
2004-10-12 00:00:00+05:30,61.5,62.8,58.3,58.7,13097
2004-10-14 00:00:00+05:30,61.05,61.65,57.05,61.65,30358
2004-10-15 00:00:00+05:30,64.0,64.75,63.5,64.2,46053
2004-10-18 00:00:00+05:30,63.9,65.5,61.0,61.0,28534
2004-10-19 00:00:00+05:30,60.0,63.0,60.0,60.45,15922
2004-10-20 00:00:00+05:30,61.9,62.25,59.25,60.3,13782
2004-10-21 00:00:00+05:30,60.5,61.5,59.4,60.25,2963
2004-10-25 00:00:00+05:30,60.9,61.0,58.55,59.0,4327
2004-10-26 00:00:00+05:30,60.25,61.2,60.1,60.5,13394
2004-10-27 00:00:00+05:30,61.0,62.2,60.2,60.6,23043
2004-10-28 00:00:00+05:30,62.0,63.0,61.0,62.3,26675
2004-10-29 00:00:00+05:30,62.0,64.0,60.0,63.7,30005
2004-11-01 00:00:00+05:30,65.0,66.9,63.1,64.25,39671
2004-11-02 00:00:00+05:30,64.7,66.0,63.55,64.7,36715
2004-11-03 00:00:00+05:30,64.5,67.95,64.5,67.95,71429
2004-11-04 00:00:00+05:30,69.7,70.4,64.7,65.0,58998
2004-11-05 00:00:00+05:30,65.2,65.3,63.0,63.75,25372
2004-11-08 00:00:00+05:30,64.0,64.0,60.85,61.3,25869
2004-11-09 00:00:00+05:30,59.6,62.0,59.5,60.45,30614
2004-11-10 00:00:00+05:30,60.0,61.5,59.75,60.45,24127
2004-11-11 00:00:00+05:30,60.75,62.25,60.0,60.35,27065
2004-11-12 00:00:00+05:30,62.7,63.4,62.05,62.45,8395
2004-11-16 00:00:00+05:30,64.4,64.4,61.8,62.25,31090
2004-11-17 00:00:00+05:30,63.9,63.95,60.5,61.9,26635
2004-11-18 00:00:00+05:30,62.75,63.5,61.0,62.6,26922
2004-11-19 00:00:00+05:30,63.6,65.75,63.5,65.75,36718
2004-11-22 00:00:00+05:30,66.0,69.05,64.5,69.05,95987
2004-11-23 00:00:00+05:30,72.2,72.5,68.6,69.45,84745
2004-11-24 00:00:00+05:30,70.0,72.0,67.3,68.0,37142
2004-11-25 00:00:00+05:30,70.5,70.5,66.2,67.25,19520
2004-11-29 00:00:00+05:30,69.3,70.65,64.55,65.7,26568
2004-11-30 00:00:00+05:30,69.0,69.0,66.4,67.05,48552
2004-12-01 00:00:00+05:30,70.0,70.0,66.2,66.95,22458
2004-12-02 00:00:00+05:30,67.2,69.3,67.0,67.9,42416
2004-12-03 00:00:00+05:30,67.6,69.0,66.0,67.55,23910
2004-12-06 00:00:00+05:30,68.9,69.5,67.5,68.25,36011
2004-12-07 00:00:00+05:30,69.9,71.7,69.0,71.7,55281
2004-12-08 00:00:00+05:30,74.5,75.3,72.0,72.9,240127
2004-12-09 00:00:00+05:30,76.0,76.55,74.0,76.55,195926
2004-12-10 00:00:00+05:30,79.9,80.4,77.65,80.4,167071
2004-12-13 00:00:00+05:30,81.5,82.7,76.4,76.7,149589
2004-12-14 00:00:00+05:30,76.9,79.4,74.15,74.9,95107
2004-12-15 00:00:00+05:30,76.9,78.65,75.2,78.65,66330
2004-12-16 00:00:00+05:30,79.85,81.4,75.0,75.5,100359
2004-12-17 00:00:00+05:30,76.5,77.9,72.65,73.45,44209
2004-12-20 00:00:00+05:30,74.0,76.0,71.55,72.25,42985
2004-12-21 00:00:00+05:30,72.5,73.8,71.25,71.9,41463
2004-12-22 00:00:00+05:30,72.25,73.0,68.3,68.85,31531
2004-12-23 00:00:00+05:30,69.9,72.3,68.5,72.3,48187
2004-12-24 00:00:00+05:30,72.3,74.95,71.0,72.9,58510
2004-12-27 00:00:00+05:30,74.1,76.0,71.75,72.05,44788
2004-12-28 00:00:00+05:30,74.5,74.5,70.0,70.45,48196
2004-12-29 00:00:00+05:30,70.4,71.5,68.5,68.95,25958
2004-12-30 00:00:00+05:30,69.1,70.35,66.8,67.6,28345
2004-12-31 00:00:00+05:30,67.05,69.0,67.05,67.6,20237
2005-01-03 00:00:00+05:30,68.85,70.2,67.7,69.65,39020
2005-01-04 00:00:00+05:30,69.5,73.15,68.65,70.1,73653
2005-01-05 00:00:00+05:30,70.3,71.5,66.7,67.0,31643
2005-01-06 00:00:00+05:30,67.0,67.0,63.65,64.15,27568
2005-01-07 00:00:00+05:30,66.8,66.85,63.5,65.25,32279
2005-01-10 00:00:00+05:30,66.0,67.0,65.0,65.75,20212
2005-01-11 00:00:00+05:30,65.0,65.1,62.5,62.55,18907
2005-01-12 00:00:00+05:30,64.35,64.5,59.45,59.45,21347
2005-01-13 00:00:00+05:30,61.0,62.3,59.5,61.9,22596
2005-01-14 00:00:00+05:30,62.45,62.45,58.8,59.3,17269
2005-01-17 00:00:00+05:30,60.25,60.25,56.45,57.9,11733
2005-01-18 00:00:00+05:30,59.1,60.5,58.2,60.15,16987
2005-01-19 00:00:00+05:30,60.0,60.0,57.5,58.55,23586
2005-01-20 00:00:00+05:30,58.8,58.8,55.65,56.55,15383
2005-01-24 00:00:00+05:30,56.0,59.4,55.5,59.15,10923
2005-01-25 00:00:00+05:30,59.5,59.5,56.2,57.55,17885
2005-01-27 00:00:00+05:30,59.85,60.45,58.75,60.45,6320
2005-01-28 00:00:00+05:30,63.8,66.5,63.8,66.5,18115
2005-01-31 00:00:00+05:30,71.8,72.5,67.0,68.15,56087
2005-02-01 00:00:00+05:30,67.05,68.9,65.0,67.05,42001
2005-02-02 00:00:00+05:30,68.0,68.5,65.05,65.7,17901
2005-02-03 00:00:00+05:30,67.05,69.0,66.2,68.5,24483
2005-02-04 00:00:00+05:30,69.7,69.75,66.3,66.65,19556
2005-02-07 00:00:00+05:30,68.85,68.85,66.25,66.85,9636
2005-02-08 00:00:00+05:30,68.45,68.45,64.0,65.35,15576
2005-02-09 00:00:00+05:30,66.2,67.7,64.7,66.1,13080
2005-02-10 00:00:00+05:30,66.7,69.0,66.5,67.6,33261
2005-02-11 00:00:00+05:30,67.0,67.35,65.3,65.6,31850
2005-02-14 00:00:00+05:30,66.05,72.2,66.05,72.2,66535
2005-02-15 00:00:00+05:30,72.65,76.0,69.7,73.95,232811
2005-02-16 00:00:00+05:30,74.5,76.75,70.05,72.25,129663
2005-02-17 00:00:00+05:30,71.85,72.95,69.7,70.5,36230
2005-02-18 00:00:00+05:30,72.9,75.5,71.15,71.8,92018
2005-02-21 00:00:00+05:30,71.85,74.25,71.15,72.45,52997
2005-02-22 00:00:00+05:30,72.4,74.8,70.55,71.35,47012
2005-02-23 00:00:00+05:30,71.95,72.5,69.2,69.7,22380
2005-02-24 00:00:00+05:30,70.0,73.6,69.0,72.15,42377
2005-02-25 00:00:00+05:30,71.55,71.75,68.0,68.85,26296
2005-02-28 00:00:00+05:30,70.5,70.5,68.0,68.6,20522
2005-03-01 00:00:00+05:30,69.8,70.55,68.55,69.6,19149
2005-03-02 00:00:00+05:30,66.0,69.75,66.0,68.45,14078
2005-03-03 00:00:00+05:30,68.0,70.0,68.0,69.65,17369
2005-03-04 00:00:00+05:30,69.9,72.9,68.55,71.15,56798
2005-03-07 00:00:00+05:30,72.9,75.0,70.5,70.95,45378
2005-03-08 00:00:00+05:30,71.15,72.0,69.05,69.25,21239
2005-03-09 00:00:00+05:30,69.85,70.0,66.6,67.25,20873
2005-03-10 00:00:00+05:30,67.0,68.4,66.1,66.5,16870
2005-03-11 00:00:00+05:30,68.0,72.8,66.5,68.95,108950
2005-03-14 00:00:00+05:30,69.55,70.0,67.1,67.4,26511
2005-03-15 00:00:00+05:30,68.1,68.95,66.65,66.8,10127
2005-03-16 00:00:00+05:30,69.95,71.5,65.25,65.95,22018
2005-03-17 00:00:00+05:30,66.05,67.0,62.0,64.1,17135
2005-03-18 00:00:00+05:30,64.85,64.85,59.15,60.95,19061
2005-03-21 00:00:00+05:30,61.5,63.0,61.05,61.7,10960
2005-03-22 00:00:00+05:30,62.0,62.0,58.1,58.7,18156
2005-03-23 00:00:00+05:30,60.0,60.0,55.15,55.85,18876
2005-03-24 00:00:00+05:30,57.0,57.1,54.5,54.9,112019
2005-03-28 00:00:00+05:30,56.5,57.7,52.1,53.05,14451
2005-03-29 00:00:00+05:30,51.7,54.5,48.4,49.5,32734
2005-03-30 00:00:00+05:30,50.5,54.0,49.25,53.2,26619
2005-03-31 00:00:00+05:30,54.0,57.9,54.0,57.55,29928
2005-04-01 00:00:00+05:30,57.9,62.9,56.0,61.65,34780
2005-04-04 00:00:00+05:30,63.0,64.8,62.0,62.55,43595
2005-04-05 00:00:00+05:30,63.0,63.35,60.3,61.0,27594
2005-04-06 00:00:00+05:30,62.6,64.05,62.6,63.95,36432
2005-04-07 00:00:00+05:30,66.0,66.9,62.8,63.65,29529
2005-04-08 00:00:00+05:30,61.55,63.0,60.5,60.5,23185
2005-04-11 00:00:00+05:30,58.6,61.1,58.55,60.15,6461
2005-04-12 00:00:00+05:30,59.65,60.55,59.15,59.35,12890
2005-04-13 00:00:00+05:30,60.0,60.05,57.15,57.45,9948
2005-04-15 00:00:00+05:30,56.0,57.95,55.0,55.4,11878
2005-04-18 00:00:00+05:30,55.0,55.5,52.65,55.25,9847
2005-04-19 00:00:00+05:30,55.65,57.3,55.05,55.65,5565
2005-04-20 00:00:00+05:30,54.7,54.8,52.9,53.8,20839
2005-04-21 00:00:00+05:30,54.9,56.5,54.6,56.2,8256
2005-04-22 00:00:00+05:30,57.5,58.0,55.8,56.1,11161
2005-04-25 00:00:00+05:30,57.85,58.95,56.05,56.7,12207
2005-04-26 00:00:00+05:30,55.0,56.4,54.1,55.05,9219
2005-04-27 00:00:00+05:30,55.0,56.0,54.65,55.05,4663
2005-04-28 00:00:00+05:30,54.7,54.7,53.7,54.15,3608
2005-04-29 00:00:00+05:30,53.15,53.55,51.6,51.75,8803
2005-05-02 00:00:00+05:30,53.45,53.45,51.15,52.25,3822
2005-05-03 00:00:00+05:30,50.65,53.5,50.6,51.95,6109
2005-05-04 00:00:00+05:30,52.85,54.0,51.9,53.15,5343
2005-05-05 00:00:00+05:30,53.8,55.0,52.7,53.95,3512
2005-05-06 00:00:00+05:30,56.55,56.6,52.7,53.05,15614
2005-05-09 00:00:00+05:30,52.4,54.5,52.0,54.15,16179
2005-05-10 00:00:00+05:30,54.5,55.0,53.6,54.8,6057
2005-05-11 00:00:00+05:30,54.0,57.55,53.4,57.55,15429
2005-05-12 00:00:00+05:30,58.1,60.25,57.25,58.25,22167
2005-05-13 00:00:00+05:30,58.0,60.3,58.0,59.25,12638
2005-05-16 00:00:00+05:30,59.5,60.75,59.25,59.55,19596
2005-05-17 00:00:00+05:30,58.0,60.3,57.25,57.4,22295
2005-05-18 00:00:00+05:30,58.0,59.5,58.0,58.8,6899
2005-05-19 00:00:00+05:30,60.25,61.75,60.0,61.55,157674
2005-05-20 00:00:00+05:30,62.45,63.8,60.1,60.9,77252
2005-05-23 00:00:00+05:30,61.5,63.3,60.8,61.0,18965
2005-05-24 00:00:00+05:30,61.05,63.7,59.15,60.4,62499
2005-05-25 00:00:00+05:30,61.1,63.45,60.5,63.45,116780
2005-05-26 00:00:00+05:30,65.25,66.65,65.0,66.65,18413
2005-05-27 00:00:00+05:30,70.0,70.0,70.0,70.0,27977
2005-05-30 00:00:00+05:30,72.9,73.5,67.0,73.5,174916
2005-05-31 00:00:00+05:30,77.2,77.2,74.0,77.2,67591
2005-06-01 00:00:00+05:30,80.95,81.1,80.95,81.1,42999
2005-06-02 00:00:00+05:30,85.2,85.2,78.05,80.15,385053
2005-06-03 00:00:00+05:30,81.0,84.2,81.0,84.2,89151
2005-06-04 00:00:00+05:30,88.45,88.45,88.45,88.45,12158
2005-06-06 00:00:00+05:30,92.9,92.9,92.9,92.9,39293
2005-06-07 00:00:00+05:30,97.55,97.55,93.05,97.55,530438
2005-06-08 00:00:00+05:30,100.0,100.7,92.7,94.55,228191
2005-06-09 00:00:00+05:30,94.9,96.2,89.9,90.55,115925
2005-06-10 00:00:00+05:30,90.9,95.1,90.25,95.1,102479
2005-06-13 00:00:00+05:30,98.1,99.9,97.0,99.9,26921
2005-06-14 00:00:00+05:30,104.9,104.9,104.9,104.9,18606
2005-06-15 00:00:00+05:30,106.8,109.8,102.1,105.05,211568
2005-06-16 00:00:00+05:30,106.7,108.9,100.0,103.0,124990
2005-06-17 00:00:00+05:30,103.0,105.5,100.5,101.6,231108
2005-06-20 00:00:00+05:30,105.8,106.7,96.55,96.65,133368
2005-06-21 00:00:00+05:30,94.5,101.5,93.25,98.75,174633
2005-06-22 00:00:00+05:30,96.5,99.9,95.05,96.65,65789
2005-06-23 00:00:00+05:30,96.5,100.0,93.5,94.95,130950
2005-06-24 00:00:00+05:30,94.5,97.65,92.6,95.5,23292
2005-06-27 00:00:00+05:30,95.15,99.4,91.05,96.25,41223
2005-06-28 00:00:00+05:30,95.35,96.4,92.0,92.6,19894
2005-06-29 00:00:00+05:30,94.25,95.95,91.6,94.8,15844
2005-06-30 00:00:00+05:30,95.0,97.7,94.0,97.35,26216
2005-07-01 00:00:00+05:30,97.35,97.8,95.05,97.25,14707
2005-07-04 00:00:00+05:30,99.5,99.5,96.6,97.7,15659
2005-07-05 00:00:00+05:30,97.0,98.9,94.0,96.3,35336
2005-07-06 00:00:00+05:30,95.2,99.0,94.1,94.9,11993
2005-07-07 00:00:00+05:30,94.5,95.5,92.6,93.1,11540
2005-07-08 00:00:00+05:30,96.85,96.85,92.2,92.65,3581
2005-07-11 00:00:00+05:30,95.0,97.25,91.25,92.65,10160
2005-07-12 00:00:00+05:30,93.0,94.4,92.5,93.5,8229
2005-07-13 00:00:00+05:30,94.0,95.1,91.8,92.0,14257
2005-07-14 00:00:00+05:30,93.0,94.0,91.8,93.05,9894
2005-07-15 00:00:00+05:30,92.55,93.9,92.45,92.85,6285
2005-07-18 00:00:00+05:30,93.0,97.5,93.0,97.5,18166
2005-07-19 00:00:00+05:30,101.0,102.4,98.6,101.75,47384
2005-07-20 00:00:00+05:30,104.9,105.6,100.0,100.2,25386
2005-07-21 00:00:00+05:30,101.5,102.4,97.0,97.35,9857
2005-07-22 00:00:00+05:30,101.0,101.0,94.25,95.6,8616
2005-07-25 00:00:00+05:30,96.0,99.3,96.0,96.95,18865
2005-07-26 00:00:00+05:30,95.8,97.0,95.0,95.5,6274
2005-07-27 00:00:00+05:30,97.5,97.95,92.05,93.4,2316
2005-07-29 00:00:00+05:30,94.0,95.95,93.0,93.2,4651
2005-08-01 00:00:00+05:30,93.0,95.5,92.0,92.8,3802
2005-08-02 00:00:00+05:30,92.95,94.35,91.7,92.0,7521
2005-08-03 00:00:00+05:30,94.0,95.8,88.0,89.45,11698
2005-08-04 00:00:00+05:30,89.15,91.35,88.0,89.7,6374
2005-08-05 00:00:00+05:30,92.8,92.85,88.6,88.95,5370
2005-08-08 00:00:00+05:30,89.35,89.35,85.0,85.5,8197
2005-08-09 00:00:00+05:30,87.5,87.5,85.0,85.45,7228
2005-08-10 00:00:00+05:30,85.0,92.5,85.0,89.5,15396
2005-08-11 00:00:00+05:30,90.0,94.0,89.75,91.85,8346
2005-08-12 00:00:00+05:30,90.05,94.0,88.05,89.1,12035
2005-08-16 00:00:00+05:30,93.0,93.0,87.25,90.0,12452
2005-08-17 00:00:00+05:30,93.0,96.0,92.0,95.15,35527
2005-08-18 00:00:00+05:30,97.2,101.9,97.15,99.0,19668
2005-08-19 00:00:00+05:30,101.0,103.4,99.0,100.85,28503
2005-08-22 00:00:00+05:30,107.6,110.95,103.05,110.95,94010
2005-08-23 00:00:00+05:30,113.8,113.8,105.4,105.4,18797
2005-08-24 00:00:00+05:30,104.0,106.0,100.15,101.15,21782
2005-08-25 00:00:00+05:30,102.0,106.25,102.0,106.25,7357
2005-08-26 00:00:00+05:30,111.6,111.6,109.8,111.6,106720
2005-08-29 00:00:00+05:30,116.0,117.2,108.35,114.55,69697
2005-08-30 00:00:00+05:30,117.0,117.0,110.1,111.75,23951
2005-08-31 00:00:00+05:30,114.0,117.0,112.0,115.85,30395
2005-09-01 00:00:00+05:30,116.05,119.6,112.05,115.45,20474
2005-09-02 00:00:00+05:30,114.0,116.0,110.0,112.1,13811
2005-09-05 00:00:00+05:30,112.0,117.75,110.0,117.75,29034
2005-09-06 00:00:00+05:30,120.0,123.6,117.6,118.15,23954
2005-09-08 00:00:00+05:30,122.5,123.0,120.0,121.0,19892
2005-09-09 00:00:00+05:30,120.0,121.95,115.25,116.3,10587
2005-09-12 00:00:00+05:30,117.05,118.9,112.0,112.7,13334
2005-09-13 00:00:00+05:30,112.7,117.3,112.7,116.25,10915
2005-09-14 00:00:00+05:30,117.0,118.0,110.5,110.7,10444
2005-09-15 00:00:00+05:30,114.9,114.9,112.1,114.1,11030
2005-09-16 00:00:00+05:30,115.0,119.85,115.0,119.85,21391
2005-09-19 00:00:00+05:30,124.9,125.85,124.7,125.85,37611
2005-09-20 00:00:00+05:30,132.15,132.15,122.0,129.3,43113
2005-09-21 00:00:00+05:30,123.0,124.7,122.85,122.85,4470
2005-09-22 00:00:00+05:30,116.8,116.8,116.75,116.75,1870
2005-09-23 00:00:00+05:30,110.95,110.95,110.95,110.95,2440
2005-09-26 00:00:00+05:30,105.5,113.4,105.5,109.55,16569
2005-09-27 00:00:00+05:30,115.0,115.0,105.0,108.6,12195
2005-09-28 00:00:00+05:30,110.1,110.1,103.2,103.85,14161
2005-09-29 00:00:00+05:30,104.9,104.95,98.7,98.7,7376
2005-09-30 00:00:00+05:30,94.1,94.5,93.8,93.85,11709
2005-10-03 00:00:00+05:30,90.0,98.55,90.0,98.55,11057
2005-10-04 00:00:00+05:30,101.0,102.9,99.5,100.0,14275
2005-10-05 00:00:00+05:30,104.0,104.0,96.35,96.75,9237
2005-10-06 00:00:00+05:30,96.4,99.5,93.2,93.55,4988
2005-10-07 00:00:00+05:30,97.0,97.85,93.0,94.15,3597
2005-10-10 00:00:00+05:30,94.0,95.2,92.0,92.0,1331
2005-10-11 00:00:00+05:30,93.0,93.0,90.2,91.5,3869
2005-10-13 00:00:00+05:30,92.95,93.0,90.05,90.1,4275
2005-10-14 00:00:00+05:30,89.35,91.45,86.0,86.0,1885
2005-10-17 00:00:00+05:30,85.05,85.15,81.7,81.7,4730
2005-10-18 00:00:00+05:30,81.0,85.0,81.0,83.1,4015
2005-10-19 00:00:00+05:30,82.25,82.25,78.95,78.95,4742
2005-10-20 00:00:00+05:30,82.5,82.5,75.0,75.0,3046
2005-10-21 00:00:00+05:30,72.0,73.0,71.25,72.8,6842
2005-10-24 00:00:00+05:30,75.0,76.45,70.0,71.0,8307
2005-10-25 00:00:00+05:30,71.0,71.75,67.6,69.35,3906
2005-10-26 00:00:00+05:30,70.95,72.85,69.2,70.75,5327
2005-10-27 00:00:00+05:30,73.95,74.3,72.5,73.75,4385
2005-10-28 00:00:00+05:30,73.0,75.25,71.0,72.15,2930
2005-10-31 00:00:00+05:30,73.75,74.0,71.15,73.8,1564
2005-11-01 00:00:00+05:30,76.95,76.95,73.3,74.6,1205
2005-11-02 00:00:00+05:30,76.8,76.85,73.6,75.1,1160
2005-11-07 00:00:00+05:30,76.5,78.8,76.45,78.5,3208
2005-11-08 00:00:00+05:30,78.0,82.35,78.0,78.6,4828
2005-11-09 00:00:00+05:30,78.9,79.2,75.0,76.0,3180
2005-11-10 00:00:00+05:30,76.05,76.2,74.0,74.5,1605
2005-11-11 00:00:00+05:30,76.45,77.65,75.0,75.6,4248
2005-11-14 00:00:00+05:30,76.0,77.0,74.5,75.0,2620
2005-11-16 00:00:00+05:30,74.15,77.45,73.7,74.5,5688
2005-11-17 00:00:00+05:30,72.0,75.85,71.3,73.65,2840
2005-11-18 00:00:00+05:30,74.15,74.15,71.0,72.15,7343
2005-11-21 00:00:00+05:30,73.0,73.0,69.75,70.1,8311
2005-11-22 00:00:00+05:30,72.05,73.65,72.05,73.65,8932
2005-11-23 00:00:00+05:30,75.7,77.35,75.5,77.35,3535
2005-11-24 00:00:00+05:30,81.0,81.2,75.0,75.4,14108
2005-11-25 00:00:00+05:30,76.9,78.4,74.05,74.9,11175
2005-11-26 00:00:00+05:30,75.5,78.0,75.5,77.35,6001
2005-11-28 00:00:00+05:30,78.0,81.0,76.05,77.55,22174
2005-11-29 00:00:00+05:30,77.5,77.5,73.7,73.95,20929
2005-11-30 00:00:00+05:30,75.85,77.45,71.65,72.5,14932
2005-12-01 00:00:00+05:30,72.0,73.9,71.7,73.45,7111
2005-12-02 00:00:00+05:30,74.0,74.95,73.5,73.65,9477
2005-12-05 00:00:00+05:30,75.8,75.8,73.3,74.45,10994
2005-12-06 00:00:00+05:30,73.15,75.85,73.15,74.6,14714
2005-12-07 00:00:00+05:30,76.0,76.9,72.6,73.0,23184
2005-12-08 00:00:00+05:30,73.2,75.0,71.5,72.5,15480
2005-12-09 00:00:00+05:30,75.3,76.15,75.0,76.15,9418
2005-12-12 00:00:00+05:30,81.0,83.8,79.3,83.8,49968
2005-12-13 00:00:00+05:30,88.0,91.9,82.5,83.95,104433
2005-12-14 00:00:00+05:30,90.0,90.0,80.0,81.1,43659
2005-12-15 00:00:00+05:30,82.0,85.0,80.35,80.8,28996
2005-12-16 00:00:00+05:30,79.6,83.0,79.6,81.8,17976
2005-12-19 00:00:00+05:30,85.5,90.0,85.5,90.0,65154
2005-12-20 00:00:00+05:30,94.4,97.75,90.15,91.15,257280
2005-12-21 00:00:00+05:30,91.55,92.9,86.25,87.65,57339
2005-12-22 00:00:00+05:30,90.0,90.0,86.0,86.45,17874
2005-12-23 00:00:00+05:30,86.5,90.9,85.5,85.85,39208
2005-12-26 00:00:00+05:30,82.25,86.0,81.0,81.85,13004
2005-12-27 00:00:00+05:30,81.0,84.0,80.0,82.8,17410
2005-12-28 00:00:00+05:30,82.0,85.0,80.0,80.35,24235
2005-12-29 00:00:00+05:30,81.0,82.35,79.65,81.15,24307
2005-12-30 00:00:00+05:30,82.0,89.3,80.0,89.3,114787
2006-01-02 00:00:00+05:30,97.9,97.9,89.0,89.65,133938
2006-01-03 00:00:00+05:30,90.6,93.5,90.0,90.35,57218
2006-01-04 00:00:00+05:30,91.5,91.9,87.5,88.45,43259
2006-01-05 00:00:00+05:30,93.8,93.8,86.1,86.85,29191
2006-01-06 00:00:00+05:30,83.0,95.55,83.0,94.95,242394
2006-01-09 00:00:00+05:30,94.9,94.9,90.5,91.35,102632
2006-01-10 00:00:00+05:30,91.5,92.7,89.5,89.95,37904
2006-01-12 00:00:00+05:30,88.0,89.9,87.05,87.9,33258
2006-01-13 00:00:00+05:30,87.5,92.8,87.5,88.55,55847
2006-01-16 00:00:00+05:30,89.95,91.45,87.85,88.25,28750
2006-01-17 00:00:00+05:30,80.1,89.9,80.1,83.5,30823
2006-01-18 00:00:00+05:30,83.0,85.45,80.75,82.55,29331
2006-01-19 00:00:00+05:30,83.0,90.85,81.8,90.85,43735
2006-01-20 00:00:00+05:30,92.5,94.0,86.25,87.0,60493
2006-01-23 00:00:00+05:30,87.0,89.85,85.0,86.1,21736
2006-01-24 00:00:00+05:30,88.0,88.9,85.55,86.15,35195
2006-01-25 00:00:00+05:30,88.95,88.95,83.55,84.3,40842
2006-01-27 00:00:00+05:30,87.85,87.85,83.1,83.25,21493
2006-01-30 00:00:00+05:30,84.0,85.8,80.6,81.15,32305
2006-01-31 00:00:00+05:30,82.0,85.4,81.05,81.6,29681
2006-02-01 00:00:00+05:30,84.0,84.0,76.5,77.4,26485
2006-02-02 00:00:00+05:30,80.45,80.45,72.2,73.2,35629
2006-02-03 00:00:00+05:30,76.0,76.0,73.0,73.15,24423
2006-02-06 00:00:00+05:30,74.2,75.85,72.5,74.25,21812
2006-02-07 00:00:00+05:30,74.1,75.45,72.0,72.5,15641
2006-02-08 00:00:00+05:30,72.2,72.2,69.8,70.75,23965
2006-02-10 00:00:00+05:30,71.0,74.8,71.0,72.95,12404
2006-02-13 00:00:00+05:30,76.4,76.4,72.6,73.4,21788
2006-02-14 00:00:00+05:30,72.9,74.0,66.15,71.9,13350
2006-02-15 00:00:00+05:30,72.65,73.75,71.2,71.9,8617
2006-02-16 00:00:00+05:30,73.85,73.9,71.5,72.3,9686
2006-02-17 00:00:00+05:30,71.5,72.45,70.1,70.25,14537
2006-02-20 00:00:00+05:30,68.1,70.0,68.1,69.25,8641
2006-02-21 00:00:00+05:30,70.5,71.9,70.0,71.3,14701
2006-02-22 00:00:00+05:30,70.5,71.85,68.1,68.95,13119
2006-02-23 00:00:00+05:30,70.0,70.0,67.6,68.35,10091
2006-02-24 00:00:00+05:30,69.75,70.0,68.0,68.7,3790
2006-02-27 00:00:00+05:30,69.0,70.95,68.15,69.15,9689
2006-02-28 00:00:00+05:30,69.4,70.3,68.1,68.4,6273
2006-03-01 00:00:00+05:30,68.9,74.9,68.2,71.8,15512
2006-03-02 00:00:00+05:30,73.0,73.8,71.05,71.7,13233
2006-03-03 00:00:00+05:30,72.65,72.65,68.0,69.2,23562
2006-03-06 00:00:00+05:30,69.8,70.45,68.4,68.9,9979
2006-03-07 00:00:00+05:30,68.55,69.9,67.1,67.6,12711
2006-03-08 00:00:00+05:30,65.0,68.8,63.0,63.4,42447
2006-03-09 00:00:00+05:30,63.55,64.85,62.1,62.85,16756
2006-03-10 00:00:00+05:30,64.95,64.95,63.0,63.65,13721
2006-03-13 00:00:00+05:30,70.0,71.95,66.15,67.15,39709
2006-03-14 00:00:00+05:30,68.0,68.0,64.15,64.8,11604
2006-03-16 00:00:00+05:30,65.15,65.5,63.05,63.6,10360
2006-03-17 00:00:00+05:30,65.85,65.85,63.0,63.05,9653
2006-03-20 00:00:00+05:30,63.0,70.0,59.9,62.9,18644
2006-03-21 00:00:00+05:30,65.45,67.5,62.0,62.35,23518
2006-03-22 00:00:00+05:30,63.85,63.85,60.5,61.5,18105
2006-03-23 00:00:00+05:30,62.85,62.85,59.25,59.6,12249
2006-03-24 00:00:00+05:30,59.95,64.0,58.6,62.65,29632
2006-03-27 00:00:00+05:30,62.0,63.05,59.1,59.9,26988
2006-03-28 00:00:00+05:30,59.8,61.0,57.0,58.15,24186
2006-03-29 00:00:00+05:30,58.0,63.4,57.25,62.55,25912
2006-03-30 00:00:00+05:30,66.2,69.5,63.8,65.05,30596
2006-03-31 00:00:00+05:30,64.5,69.0,64.0,66.9,21744
2006-04-03 00:00:00+05:30,70.1,71.0,68.25,69.6,22666
2006-04-04 00:00:00+05:30,70.1,71.0,66.45,68.05,10541
2006-04-05 00:00:00+05:30,68.0,70.5,66.55,69.05,32927
2006-04-07 00:00:00+05:30,70.8,70.8,62.15,67.5,18079
2006-04-10 00:00:00+05:30,65.1,67.7,64.0,65.9,19375
2006-04-12 00:00:00+05:30,65.5,66.35,63.0,63.25,13933
2006-04-13 00:00:00+05:30,64.0,64.0,60.0,61.6,14055
2006-04-17 00:00:00+05:30,62.0,63.75,61.1,61.4,23833
2006-04-18 00:00:00+05:30,63.25,70.9,62.15,68.9,57775
2006-04-19 00:00:00+05:30,71.0,71.0,64.2,65.0,41174
2006-04-20 00:00:00+05:30,65.1,67.45,64.0,64.55,10840
2006-04-21 00:00:00+05:30,64.25,64.8,62.0,62.65,14500
2006-04-24 00:00:00+05:30,63.0,64.0,61.5,61.8,15580
2006-04-25 00:00:00+05:30,63.75,63.75,61.85,62.0,9158
2006-04-26 00:00:00+05:30,62.8,67.9,61.45,64.6,36385
2006-04-27 00:00:00+05:30,65.85,74.5,65.15,68.75,120112
2006-04-28 00:00:00+05:30,68.5,68.9,62.5,65.15,36516
2006-04-29 00:00:00+05:30,65.05,67.0,63.3,65.35,10026
2006-05-02 00:00:00+05:30,67.4,67.5,64.15,64.75,11067
2006-05-03 00:00:00+05:30,64.5,69.75,64.5,65.95,24698
2006-05-04 00:00:00+05:30,69.75,74.0,66.5,69.7,123726
2006-05-05 00:00:00+05:30,71.0,73.0,67.6,68.3,50393
2006-05-08 00:00:00+05:30,70.9,70.9,67.1,67.5,24500
2006-05-09 00:00:00+05:30,68.9,73.55,67.0,70.1,44437
2006-05-10 00:00:00+05:30,71.4,77.5,71.4,75.65,166590
2006-05-11 00:00:00+05:30,76.0,89.2,76.0,82.45,551757
2006-05-12 00:00:00+05:30,82.0,94.95,81.0,89.15,560336
2006-05-15 00:00:00+05:30,88.95,96.45,83.0,85.1,270391
2006-05-16 00:00:00+05:30,85.7,87.0,76.4,80.75,153300
2006-05-17 00:00:00+05:30,81.0,86.0,81.0,83.25,89811
2006-05-18 00:00:00+05:30,82.1,82.1,68.0,72.55,54295
2006-05-19 00:00:00+05:30,75.45,77.8,66.25,68.9,43843
2006-05-22 00:00:00+05:30,70.0,70.0,59.9,61.45,37080
2006-05-23 00:00:00+05:30,60.0,69.5,60.0,66.25,31030
2006-05-24 00:00:00+05:30,65.2,70.0,64.1,65.65,31231
2006-05-25 00:00:00+05:30,66.95,67.0,62.9,63.6,19397
2006-05-26 00:00:00+05:30,64.9,68.5,64.35,65.7,22608
2006-05-29 00:00:00+05:30,66.55,68.8,66.1,66.5,11847
2006-05-30 00:00:00+05:30,66.15,70.8,65.5,66.6,35446
2006-05-31 00:00:00+05:30,64.15,65.0,61.0,62.95,18043
2006-06-01 00:00:00+05:30,65.7,65.7,60.3,60.65,13489
2006-06-02 00:00:00+05:30,60.0,61.25,55.4,58.3,13511
2006-06-05 00:00:00+05:30,60.0,61.0,58.0,58.4,8529
2006-06-06 00:00:00+05:30,58.1,58.45,55.0,56.35,13280
2006-06-07 00:00:00+05:30,51.5,57.5,47.05,49.3,18800
2006-06-08 00:00:00+05:30,42.15,46.9,42.15,43.5,24750
2006-06-09 00:00:00+05:30,43.5,48.5,43.0,45.9,18057
2006-06-12 00:00:00+05:30,45.0,46.9,43.05,44.45,16982
2006-06-13 00:00:00+05:30,41.5,46.0,40.05,41.75,15284
2006-06-14 00:00:00+05:30,43.2,46.3,39.25,39.8,13352
2006-06-15 00:00:00+05:30,41.0,43.45,41.0,42.95,7764
2006-06-16 00:00:00+05:30,45.0,47.0,43.75,45.25,20322
2006-06-19 00:00:00+05:30,45.2,51.4,43.7,50.2,16184
2006-06-20 00:00:00+05:30,48.7,57.75,48.35,52.8,48666
2006-06-21 00:00:00+05:30,53.95,57.0,53.95,54.75,17720
2006-06-22 00:00:00+05:30,59.8,60.0,56.0,57.75,34648
2006-06-23 00:00:00+05:30,56.85,57.5,54.6,56.05,20763
2006-06-25 00:00:00+05:30,57.9,57.95,55.3,56.05,2500
2006-06-26 00:00:00+05:30,54.6,56.4,49.15,50.4,13568
2006-06-27 00:00:00+05:30,50.55,50.55,47.0,49.0,19621
2006-06-28 00:00:00+05:30,43.6,48.5,43.55,47.9,8500
2006-06-29 00:00:00+05:30,48.2,50.7,47.6,49.1,7933
2006-06-30 00:00:00+05:30,51.05,53.4,50.6,51.35,13704
2006-07-03 00:00:00+05:30,51.45,52.3,50.1,51.25,2842
2006-07-04 00:00:00+05:30,51.0,52.2,50.1,51.25,7905
2006-07-05 00:00:00+05:30,47.4,51.9,47.4,50.95,14756
2006-07-06 00:00:00+05:30,51.0,52.0,49.05,50.9,7537
2006-07-07 00:00:00+05:30,50.1,51.7,48.05,48.5,8557
2006-07-10 00:00:00+05:30,44.5,50.4,44.5,48.65,4212
2006-07-11 00:00:00+05:30,49.9,49.9,47.1,47.65,3764
2006-07-12 00:00:00+05:30,45.05,49.9,45.05,49.0,16600
2006-07-13 00:00:00+05:30,49.7,50.65,48.85,49.65,5942
2006-07-14 00:00:00+05:30,49.6,59.6,49.5,58.4,267796
2006-07-17 00:00:00+05:30,60.0,69.25,59.85,61.55,887285
2006-07-18 00:00:00+05:30,62.7,66.45,58.1,59.25,547593
2006-07-19 00:00:00+05:30,60.5,62.5,53.5,53.85,263983
2006-07-20 00:00:00+05:30,55.5,59.0,53.8,57.2,269110
2006-07-21 00:00:00+05:30,55.1,56.4,52.5,53.75,109980
2006-07-24 00:00:00+05:30,54.55,54.55,49.25,50.85,80318
2006-07-25 00:00:00+05:30,51.0,54.8,50.95,52.55,59880
2006-07-26 00:00:00+05:30,52.15,56.7,51.15,54.55,106569
2006-07-27 00:00:00+05:30,54.75,56.45,53.55,54.5,43385
2006-07-28 00:00:00+05:30,55.7,57.2,54.1,54.7,71586
2006-07-31 00:00:00+05:30,55.25,55.7,51.5,52.7,27407
2006-08-01 00:00:00+05:30,53.0,54.7,52.0,52.95,27964
2006-08-02 00:00:00+05:30,53.05,56.0,52.7,54.4,77147
2006-08-03 00:00:00+05:30,55.5,58.25,54.45,56.55,105681
2006-08-04 00:00:00+05:30,56.6,61.45,56.55,57.95,252807
2006-08-07 00:00:00+05:30,58.0,58.85,55.55,56.55,115573
2006-08-08 00:00:00+05:30,57.0,61.25,57.0,58.8,172079
2006-08-09 00:00:00+05:30,58.4,60.5,56.3,57.15,55179
2006-08-10 00:00:00+05:30,57.5,58.5,56.2,57.75,36366
2006-08-11 00:00:00+05:30,58.45,62.6,58.3,60.9,193525
2006-08-14 00:00:00+05:30,61.5,64.25,61.3,62.1,88175
2006-08-16 00:00:00+05:30,63.4,66.75,62.1,64.95,189034
2006-08-17 00:00:00+05:30,69.5,69.5,62.4,63.1,118642
2006-08-18 00:00:00+05:30,64.75,66.5,62.55,64.35,102910
2006-08-21 00:00:00+05:30,63.1,64.5,62.15,62.5,38838
2006-08-22 00:00:00+05:30,63.65,65.7,62.25,63.0,48450
2006-08-23 00:00:00+05:30,63.05,64.7,60.6,61.1,31441
2006-08-24 00:00:00+05:30,60.5,62.95,59.8,61.9,30413
2006-08-25 00:00:00+05:30,63.9,64.45,61.1,62.25,67804
2006-08-28 00:00:00+05:30,62.3,63.7,61.05,61.55,21943
2006-08-29 00:00:00+05:30,63.0,63.45,61.2,61.55,22353
2006-08-30 00:00:00+05:30,62.15,62.9,60.2,60.75,28360
2006-08-31 00:00:00+05:30,62.0,62.0,57.25,58.45,19460
2006-09-01 00:00:00+05:30,59.0,59.2,57.4,57.65,19225
2006-09-04 00:00:00+05:30,57.5,61.95,57.5,59.45,43894
2006-09-05 00:00:00+05:30,59.0,62.55,59.0,60.8,58135
2006-09-06 00:00:00+05:30,61.5,62.7,60.75,61.0,28405
2006-09-07 00:00:00+05:30,60.15,61.5,59.1,59.4,19231
2006-09-08 00:00:00+05:30,60.2,60.8,58.05,58.55,22155
2006-09-11 00:00:00+05:30,60.9,60.9,56.05,56.7,22739
2006-09-12 00:00:00+05:30,56.0,56.9,54.5,56.2,36159
2006-09-13 00:00:00+05:30,57.1,58.45,56.9,57.5,18740
2006-09-14 00:00:00+05:30,58.15,59.0,56.65,57.1,15311
2006-09-15 00:00:00+05:30,57.8,57.8,55.55,56.25,9469
2006-09-18 00:00:00+05:30,57.5,58.5,56.0,56.2,21749
2006-09-19 00:00:00+05:30,56.3,57.5,55.15,55.7,21609
2006-09-20 00:00:00+05:30,54.35,56.2,54.35,55.15,11670
2006-09-21 00:00:00+05:30,56.75,59.5,55.6,58.5,40297
2006-09-22 00:00:00+05:30,58.5,61.45,58.05,59.35,100413
2006-09-25 00:00:00+05:30,60.75,60.75,56.7,57.1,24997
2006-09-26 00:00:00+05:30,57.9,58.95,57.3,57.65,22057
2006-09-27 00:00:00+05:30,59.7,60.35,56.5,57.3,36034
2006-09-28 00:00:00+05:30,58.8,58.8,57.0,57.25,18142
2006-09-29 00:00:00+05:30,57.4,59.65,57.4,57.85,13198
2006-10-03 00:00:00+05:30,58.15,58.75,56.5,57.4,9686
2006-10-04 00:00:00+05:30,57.5,57.65,55.25,55.7,14376
2006-10-05 00:00:00+05:30,56.1,57.9,56.1,56.7,15494
2006-10-06 00:00:00+05:30,57.7,59.5,56.75,57.6,54754
2006-10-09 00:00:00+05:30,57.5,58.9,57.0,57.7,15245
2006-10-10 00:00:00+05:30,58.55,60.8,57.8,58.95,65615
2006-10-11 00:00:00+05:30,60.1,63.45,59.0,59.85,146149
2006-10-12 00:00:00+05:30,59.0,60.7,58.2,59.25,23099
2006-10-13 00:00:00+05:30,60.5,60.5,58.25,59.0,24677
2006-10-16 00:00:00+05:30,60.45,60.9,58.55,59.0,33626
2006-10-17 00:00:00+05:30,58.4,64.35,58.4,62.3,172857
2006-10-18 00:00:00+05:30,62.6,63.8,60.35,60.55,58897
2006-10-19 00:00:00+05:30,61.05,61.3,58.2,58.8,18733
2006-10-20 00:00:00+05:30,59.8,61.0,58.4,58.85,28620
2006-10-21 00:00:00+05:30,60.0,60.0,59.1,59.55,14648
2006-10-23 00:00:00+05:30,60.3,60.3,58.6,58.9,29169
2006-10-26 00:00:00+05:30,59.0,60.0,58.45,58.8,12712
2006-10-27 00:00:00+05:30,60.1,60.35,57.1,57.5,18715
2006-10-30 00:00:00+05:30,58.3,58.35,56.25,56.65,17030
2006-10-31 00:00:00+05:30,57.1,57.85,55.3,55.5,14061
2006-11-01 00:00:00+05:30,57.8,58.7,55.6,56.15,37120
2006-11-02 00:00:00+05:30,57.0,57.0,55.85,56.0,11165
2006-11-03 00:00:00+05:30,56.8,56.8,55.5,56.3,19704
2006-11-06 00:00:00+05:30,55.5,57.7,55.45,56.6,22103
2006-11-07 00:00:00+05:30,57.1,57.1,54.55,55.0,20035
2006-11-08 00:00:00+05:30,57.0,66.0,56.8,65.2,820709
2006-11-09 00:00:00+05:30,66.7,74.9,64.0,69.2,1922585
2006-11-10 00:00:00+05:30,69.95,70.95,66.4,66.9,444780
2006-11-13 00:00:00+05:30,67.35,69.75,66.0,67.3,238156
2006-11-14 00:00:00+05:30,67.75,70.6,65.25,66.0,214590
2006-11-15 00:00:00+05:30,66.2,67.35,62.15,62.95,126911
2006-11-16 00:00:00+05:30,63.65,66.75,61.7,65.65,150310
2006-11-17 00:00:00+05:30,67.4,67.85,63.0,63.95,174600
2006-11-20 00:00:00+05:30,64.9,64.9,59.1,61.2,62639
2006-11-21 00:00:00+05:30,62.3,64.7,61.55,62.75,40042
2006-11-22 00:00:00+05:30,62.55,64.95,62.4,63.2,40913
2006-11-23 00:00:00+05:30,63.75,63.75,61.1,61.55,16703
2006-11-24 00:00:00+05:30,61.1,64.45,60.9,61.45,43446
2006-11-27 00:00:00+05:30,62.7,62.75,60.7,61.25,21052
2006-11-28 00:00:00+05:30,60.0,63.3,56.55,61.55,46125
2006-11-29 00:00:00+05:30,62.9,65.7,62.9,63.6,84767
2006-11-30 00:00:00+05:30,65.0,66.0,63.5,64.2,49835
2006-12-01 00:00:00+05:30,64.2,67.8,63.45,65.45,99505
2006-12-04 00:00:00+05:30,65.75,71.4,65.65,69.55,246316
2006-12-05 00:00:00+05:30,70.95,71.75,67.35,68.1,83635
2006-12-06 00:00:00+05:30,68.5,69.3,66.1,66.65,43506
2006-12-07 00:00:00+05:30,69.0,80.0,66.55,80.0,675408
2006-12-08 00:00:00+05:30,82.65,85.95,74.25,75.4,1594424
2006-12-11 00:00:00+05:30,74.55,78.8,69.15,71.35,463954
2006-12-12 00:00:00+05:30,71.9,75.55,63.5,65.9,401469
2006-12-13 00:00:00+05:30,66.7,72.7,65.05,71.6,256621
2006-12-14 00:00:00+05:30,72.0,76.55,71.0,72.35,311767
2006-12-15 00:00:00+05:30,74.65,74.65,68.75,68.9,39254
2006-12-18 00:00:00+05:30,68.9,68.9,65.5,67.15,13703
2006-12-19 00:00:00+05:30,67.05,68.4,66.1,67.05,22092
2006-12-20 00:00:00+05:30,67.25,67.75,64.1,65.75,10722
2006-12-21 00:00:00+05:30,66.0,69.05,64.0,68.95,28945
2006-12-22 00:00:00+05:30,69.0,72.4,69.0,70.55,29040
2006-12-26 00:00:00+05:30,72.1,72.3,68.6,69.5,7956
2006-12-27 00:00:00+05:30,69.0,72.9,69.0,69.3,10660
2006-12-28 00:00:00+05:30,71.25,71.25,67.3,68.4,14881
2006-12-29 00:00:00+05:30,69.3,69.6,66.25,67.1,9798
2007-01-02 00:00:00+05:30,66.25,70.5,66.25,70.2,18007
2007-01-03 00:00:00+05:30,70.05,73.75,68.25,73.65,28033
2007-01-04 00:00:00+05:30,77.35,77.35,73.55,76.65,42571
2007-01-05 00:00:00+05:30,78.4,80.5,76.0,79.9,63922
2007-01-08 00:00:00+05:30,83.9,83.9,81.0,83.9,42035
2007-01-09 00:00:00+05:30,88.1,88.1,86.5,87.15,93838
2007-01-10 00:00:00+05:30,90.0,90.0,82.8,82.8,48057
2007-01-11 00:00:00+05:30,82.0,85.0,78.7,83.5,43154
2007-01-12 00:00:00+05:30,83.0,87.0,80.3,81.35,34714
2007-01-15 00:00:00+05:30,82.0,84.45,78.0,78.25,10844
2007-01-16 00:00:00+05:30,78.05,80.0,76.0,77.75,16127
2007-01-17 00:00:00+05:30,75.7,80.0,75.7,77.4,12939
2007-01-18 00:00:00+05:30,79.2,79.5,73.8,74.15,17246
2007-01-19 00:00:00+05:30,75.1,75.85,72.2,73.6,20614
2007-01-22 00:00:00+05:30,71.2,75.0,71.2,74.8,6306
2007-01-23 00:00:00+05:30,72.8,74.95,72.75,73.35,6431
2007-01-24 00:00:00+05:30,74.45,74.45,69.75,70.95,4986
2007-01-25 00:00:00+05:30,72.0,73.95,70.25,73.85,3230
2007-01-29 00:00:00+05:30,73.25,73.25,70.2,70.4,19301
2007-01-31 00:00:00+05:30,70.0,70.0,67.1,68.2,9493
2007-02-01 00:00:00+05:30,66.35,69.45,66.35,67.35,25906
2007-02-02 00:00:00+05:30,68.0,68.4,67.0,67.65,19946
2007-02-05 00:00:00+05:30,68.55,69.8,68.1,68.85,11031
2007-02-06 00:00:00+05:30,68.8,68.9,67.75,68.2,7400
2007-02-07 00:00:00+05:30,69.25,71.65,68.5,71.65,14219
2007-02-08 00:00:00+05:30,71.65,72.85,68.85,70.0,9516
2007-02-09 00:00:00+05:30,70.55,70.55,66.5,66.5,13453
2007-02-12 00:00:00+05:30,65.2,65.9,63.2,63.2,6405
2007-02-13 00:00:00+05:30,64.75,65.4,61.1,62.0,6635
2007-02-14 00:00:00+05:30,60.2,62.0,58.9,61.15,5717
2007-02-15 00:00:00+05:30,62.85,64.25,62.0,64.25,8211
2007-02-19 00:00:00+05:30,64.0,67.5,64.0,66.3,20398
2007-02-20 00:00:00+05:30,65.9,65.9,63.1,63.1,3952
2007-02-21 00:00:00+05:30,62.0,62.95,61.0,62.25,3520
2007-02-22 00:00:00+05:30,61.05,63.0,60.0,61.1,7700
2007-02-23 00:00:00+05:30,59.9,60.9,58.05,58.05,10075
2007-02-26 00:00:00+05:30,57.3,58.55,55.65,56.8,12175
2007-02-27 00:00:00+05:30,57.25,59.15,55.2,57.45,18072
2007-02-28 00:00:00+05:30,55.1,60.35,55.1,60.0,25450
2007-03-01 00:00:00+05:30,59.0,61.5,59.0,60.1,27382
2007-03-02 00:00:00+05:30,61.9,62.3,58.2,60.7,12927
2007-03-05 00:00:00+05:30,57.7,58.0,57.7,57.7,915
2007-03-06 00:00:00+05:30,56.25,58.0,54.85,54.85,9479
2007-03-07 00:00:00+05:30,55.25,55.25,52.15,52.7,6480
2007-03-08 00:00:00+05:30,50.8,53.3,50.2,51.35,11381
2007-03-09 00:00:00+05:30,51.5,53.95,50.0,53.95,24038
2007-03-12 00:00:00+05:30,53.4,56.65,53.4,56.65,11089
2007-03-13 00:00:00+05:30,59.45,59.5,58.0,59.5,17107
2007-03-14 00:00:00+05:30,59.0,62.4,58.05,61.6,28087
2007-03-15 00:00:00+05:30,62.7,64.1,58.6,59.4,19829
2007-03-16 00:00:00+05:30,59.95,59.95,56.45,56.5,31425
2007-03-19 00:00:00+05:30,58.9,58.9,57.0,57.75,14577
2007-03-20 00:00:00+05:30,57.75,59.35,55.25,56.05,7435
2007-03-21 00:00:00+05:30,57.0,58.0,55.6,57.05,1214
2007-03-22 00:00:00+05:30,57.2,57.45,55.8,56.15,4642
2007-03-23 00:00:00+05:30,56.0,57.8,55.1,55.65,11365
2007-03-26 00:00:00+05:30,55.25,55.5,52.9,53.0,48673
2007-03-28 00:00:00+05:30,52.2,53.85,50.35,50.35,19487
2007-03-29 00:00:00+05:30,50.5,52.5,48.15,50.6,17573
2007-03-30 00:00:00+05:30,52.0,52.9,51.65,52.45,8468
2007-04-02 00:00:00+05:30,50.2,51.5,50.15,50.25,4328
2007-04-03 00:00:00+05:30,50.0,52.0,50.0,51.1,3891
2007-04-04 00:00:00+05:30,50.4,52.4,50.4,51.1,4756
2007-04-05 00:00:00+05:30,51.1,52.0,50.7,51.45,3274
2007-04-09 00:00:00+05:30,51.15,53.1,51.15,52.9,11217
2007-04-10 00:00:00+05:30,53.6,54.5,51.0,53.6,11431
2007-04-11 00:00:00+05:30,54.0,54.8,51.4,51.75,15878
2007-04-12 00:00:00+05:30,52.0,52.65,51.5,52.3,4417
2007-04-13 00:00:00+05:30,53.35,57.45,53.35,54.2,14359
2007-04-16 00:00:00+05:30,56.75,57.9,54.0,56.05,25829
2007-04-17 00:00:00+05:30,55.6,56.4,54.2,54.35,3201
2007-04-18 00:00:00+05:30,53.65,56.8,53.65,54.85,9646
2007-04-19 00:00:00+05:30,55.75,56.0,53.75,55.25,8933
2007-04-20 00:00:00+05:30,55.25,56.45,53.0,54.4,11210
2007-04-23 00:00:00+05:30,55.0,55.85,54.0,54.35,5213
2007-04-24 00:00:00+05:30,53.55,57.0,53.55,54.8,12678
2007-04-25 00:00:00+05:30,54.95,55.0,53.55,53.85,20935
2007-04-26 00:00:00+05:30,54.15,54.4,50.7,51.35,23316
2007-04-27 00:00:00+05:30,50.5,53.5,50.4,51.5,13011
2007-04-30 00:00:00+05:30,51.45,52.4,50.55,51.85,2523
2007-05-03 00:00:00+05:30,52.9,53.5,51.55,51.9,6174
2007-05-04 00:00:00+05:30,51.95,52.0,50.1,50.3,10642
2007-05-07 00:00:00+05:30,51.0,51.6,50.2,51.15,13148
2007-05-08 00:00:00+05:30,51.5,51.8,50.0,50.15,10200
2007-05-09 00:00:00+05:30,50.0,50.5,49.5,49.75,2795
2007-05-10 00:00:00+05:30,50.8,50.95,49.55,50.45,5761
2007-05-11 00:00:00+05:30,50.0,51.0,48.7,48.85,11425
2007-05-14 00:00:00+05:30,51.4,51.4,49.5,49.95,7371
2007-05-15 00:00:00+05:30,50.85,52.35,48.7,50.0,35493
2007-05-16 00:00:00+05:30,51.5,51.5,50.0,50.3,9658
2007-05-17 00:00:00+05:30,50.9,50.9,49.7,49.9,7412
2007-05-18 00:00:00+05:30,49.75,51.05,49.3,49.7,11166
2007-05-21 00:00:00+05:30,51.3,51.3,49.0,49.3,9571
2007-05-22 00:00:00+05:30,49.5,50.0,49.1,49.45,7148
2007-05-23 00:00:00+05:30,49.95,49.95,48.0,48.4,11376
2007-05-24 00:00:00+05:30,48.95,48.95,46.8,47.15,7786
2007-05-25 00:00:00+05:30,46.9,48.3,46.8,48.0,5328
2007-05-28 00:00:00+05:30,47.15,48.6,47.1,47.35,8268
2007-05-29 00:00:00+05:30,48.0,48.0,46.7,47.65,1586
2007-05-30 00:00:00+05:30,47.25,48.5,46.95,47.75,10920
2007-05-31 00:00:00+05:30,48.0,48.0,45.9,46.2,11412
2007-06-01 00:00:00+05:30,46.85,49.7,46.8,48.85,13820
2007-06-04 00:00:00+05:30,49.95,49.95,47.15,47.75,12881
2007-06-05 00:00:00+05:30,48.05,48.1,46.5,46.75,12861
2007-06-06 00:00:00+05:30,46.5,47.4,43.5,44.6,17656
2007-06-07 00:00:00+05:30,44.45,45.8,40.75,42.3,72697
2007-06-08 00:00:00+05:30,41.3,45.85,41.3,43.95,52130
2007-06-11 00:00:00+05:30,43.35,45.4,43.25,43.4,71758
2007-06-12 00:00:00+05:30,43.3,44.5,43.05,43.95,13935
2007-06-13 00:00:00+05:30,43.45,43.9,43.0,43.6,4391
2007-06-14 00:00:00+05:30,43.65,43.75,42.9,43.05,5139
2007-06-15 00:00:00+05:30,43.15,43.8,41.6,42.0,8387
2008-12-26 00:00:00+05:30,11.0,13.0,11.0,12.0,514
2008-12-29 00:00:00+05:30,11.45,12.3,11.4,12.3,302
2008-12-30 00:00:00+05:30,11.35,12.0,11.35,12.0,154
2008-12-31 00:00:00+05:30,11.25,13.35,11.25,12.8,1082
2009-01-01 00:00:00+05:30,12.95,13.5,12.55,13.2,3452
2009-01-02 00:00:00+05:30,13.1,13.85,12.15,13.1,2686
2009-01-05 00:00:00+05:30,12.85,13.9,12.45,13.65,1148
2009-01-06 00:00:00+05:30,13.6,13.8,12.6,12.7,1790
2009-01-07 00:00:00+05:30,13.3,13.3,11.0,11.7,3631
2009-01-09 00:00:00+05:30,10.05,12.0,10.0,10.85,5117
2009-01-12 00:00:00+05:30,10.6,11.1,10.6,11.05,3
2009-01-13 00:00:00+05:30,12.95,12.95,11.1,11.9,315
2009-01-14 00:00:00+05:30,11.0,12.0,11.0,11.85,1166
2009-01-15 00:00:00+05:30,10.2,11.65,9.55,10.5,571
2009-01-16 00:00:00+05:30,10.5,11.85,10.5,10.6,2015
2009-01-19 00:00:00+05:30,10.25,11.9,10.25,11.45,2851
2009-01-20 00:00:00+05:30,11.0,11.05,11.0,11.05,1123
2009-01-21 00:00:00+05:30,11.0,11.3,10.1,10.6,567
2009-01-22 00:00:00+05:30,11.0,11.0,10.5,10.65,350
2009-01-23 00:00:00+05:30,11.0,11.0,9.8,10.05,1330
2009-01-27 00:00:00+05:30,9.5,10.5,9.5,10.5,455
2009-01-28 00:00:00+05:30,10.0,10.8,10.0,10.35,1953
2009-01-29 00:00:00+05:30,10.15,10.2,10.0,10.1,1010
2009-01-30 00:00:00+05:30,10.2,10.8,10.2,10.8,350
2009-02-02 00:00:00+05:30,10.05,10.8,10.05,10.25,879
2009-02-03 00:00:00+05:30,10.2,10.25,10.2,10.25,44
2009-02-04 00:00:00+05:30,10.5,11.5,10.15,10.4,150
2009-02-05 00:00:00+05:30,11.0,11.0,10.35,10.7,132
2009-02-06 00:00:00+05:30,10.5,11.2,10.5,10.7,1547
2009-02-09 00:00:00+05:30,10.7,10.95,10.5,10.5,1847
2009-02-10 00:00:00+05:30,11.0,11.0,10.25,10.25,2118
2009-02-11 00:00:00+05:30,10.0,11.35,10.0,10.3,1930
2009-02-12 00:00:00+05:30,10.5,12.4,10.5,12.4,43004
2009-02-13 00:00:00+05:30,13.1,13.6,11.75,12.3,26010
2009-02-16 00:00:00+05:30,12.5,12.8,11.25,11.3,2530
2009-02-17 00:00:00+05:30,10.5,11.75,10.5,11.35,4976
2009-02-18 00:00:00+05:30,11.35,11.35,10.5,10.75,4437
2009-02-19 00:00:00+05:30,11.3,11.3,10.5,10.65,1238
2009-02-20 00:00:00+05:30,10.8,11.0,10.5,10.8,581
2009-02-24 00:00:00+05:30,8.75,11.25,8.75,10.5,702
2009-02-25 00:00:00+05:30,10.5,11.9,10.15,10.5,1332
2009-02-26 00:00:00+05:30,10.5,10.5,10.5,10.5,10
2009-02-27 00:00:00+05:30,10.0,11.5,10.0,10.9,745
2009-03-02 00:00:00+05:30,12.0,12.0,10.0,10.3,782
2009-03-03 00:00:00+05:30,9.65,10.5,9.55,10.45,1003
2009-03-04 00:00:00+05:30,10.0,11.9,9.7,10.85,1412
2009-03-05 00:00:00+05:30,10.5,10.5,10.5,10.5,1241
2009-03-06 00:00:00+05:30,9.25,12.5,9.0,11.0,1562
2009-03-09 00:00:00+05:30,10.5,10.5,10.4,10.4,4
2009-03-12 00:00:00+05:30,10.0,11.5,10.0,10.9,183
2009-03-13 00:00:00+05:30,10.5,10.5,9.7,10.5,7
2009-03-16 00:00:00+05:30,10.8,11.5,10.25,11.2,675
2009-03-18 00:00:00+05:30,11.2,11.2,10.6,10.7,2390
2009-03-19 00:00:00+05:30,10.5,11.4,10.25,10.6,1467
2009-03-20 00:00:00+05:30,10.95,10.95,10.25,10.6,426
2009-03-23 00:00:00+05:30,10.6,10.6,10.25,10.5,3402
2009-03-24 00:00:00+05:30,10.6,10.75,10.25,10.25,1528
2009-03-25 00:00:00+05:30,10.25,10.5,10.25,10.5,451
2009-03-26 00:00:00+05:30,10.85,10.85,10.0,10.75,2706
2009-03-27 00:00:00+05:30,10.5,10.5,10.0,10.3,582
2009-03-30 00:00:00+05:30,10.05,10.05,10.0,10.0,1150
2009-03-31 00:00:00+05:30,10.0,10.45,10.0,10.45,1109
2009-04-01 00:00:00+05:30,10.45,10.9,10.45,10.85,1223
2009-04-02 00:00:00+05:30,11.7,11.7,10.5,10.9,1771
2009-04-06 00:00:00+05:30,10.6,11.0,10.6,11.0,100
2009-04-08 00:00:00+05:30,10.0,12.8,10.0,11.5,5135
2009-04-09 00:00:00+05:30,12.0,12.0,11.65,11.65,1649
2009-04-13 00:00:00+05:30,12.0,13.9,11.9,13.05,4131
2009-04-15 00:00:00+05:30,12.5,15.7,12.5,13.6,18724
2009-04-16 00:00:00+05:30,14.0,14.0,12.75,12.75,10778
2009-04-17 00:00:00+05:30,12.5,13.25,12.5,12.55,4492
2009-04-20 00:00:00+05:30,12.65,12.65,12.6,12.6,29
2009-04-21 00:00:00+05:30,12.6,12.95,11.8,12.3,2418
2009-04-22 00:00:00+05:30,12.0,12.45,12.0,12.25,1269
2009-04-23 00:00:00+05:30,11.8,11.8,11.8,11.8,401
2009-04-24 00:00:00+05:30,11.8,12.45,11.8,11.9,1351
2009-04-27 00:00:00+05:30,12.0,12.3,11.8,11.8,2200
2009-04-28 00:00:00+05:30,11.75,11.85,11.5,11.5,1296
2009-04-29 00:00:00+05:30,11.5,11.6,11.0,11.05,5841
2009-05-04 00:00:00+05:30,11.05,13.3,11.05,13.3,25052
2009-05-05 00:00:00+05:30,14.25,15.45,13.55,14.2,77833
2009-05-06 00:00:00+05:30,14.95,15.1,13.0,13.55,41497
2009-05-07 00:00:00+05:30,14.25,14.5,13.3,13.65,11392
2009-05-08 00:00:00+05:30,13.5,14.3,12.5,13.35,4090
2009-05-11 00:00:00+05:30,13.3,13.75,12.75,12.75,3569
2009-05-12 00:00:00+05:30,12.8,13.65,12.75,13.4,4130
2009-05-13 00:00:00+05:30,13.5,13.75,12.8,13.05,3829
2009-05-14 00:00:00+05:30,13.5,13.5,13.0,13.5,1008
2009-05-15 00:00:00+05:30,14.0,15.0,12.8,13.65,35299
2009-05-19 00:00:00+05:30,14.1,14.1,13.0,13.25,11090
2009-05-20 00:00:00+05:30,13.5,15.15,13.3,15.1,12037
2009-05-21 00:00:00+05:30,15.1,16.95,15.1,16.2,34827
2009-05-22 00:00:00+05:30,16.0,18.9,15.75,18.0,31145
2009-05-25 00:00:00+05:30,18.75,19.8,17.9,19.45,30372
2009-05-26 00:00:00+05:30,21.0,21.0,17.7,17.75,29693
2009-05-27 00:00:00+05:30,18.5,18.85,18.05,18.4,4847
2009-05-28 00:00:00+05:30,18.95,19.0,18.25,18.4,7220
2009-05-29 00:00:00+05:30,18.0,19.0,18.0,18.1,4437
2009-06-01 00:00:00+05:30,18.6,19.5,18.6,19.15,18193
2009-06-02 00:00:00+05:30,19.45,21.1,18.1,20.05,62555
2009-06-03 00:00:00+05:30,20.0,21.0,19.6,19.8,22643
2009-06-04 00:00:00+05:30,20.0,20.6,19.1,19.45,21138
2009-06-05 00:00:00+05:30,19.2,20.25,17.8,18.0,18158
2009-06-08 00:00:00+05:30,18.4,18.4,16.35,16.6,15269
2009-06-09 00:00:00+05:30,16.3,18.3,16.0,18.15,14205
2009-06-10 00:00:00+05:30,18.1,19.25,17.8,18.1,19484
2009-06-11 00:00:00+05:30,18.9,18.9,17.2,17.6,2520
2009-06-12 00:00:00+05:30,17.1,17.75,16.75,16.75,8290
2009-06-15 00:00:00+05:30,16.25,16.25,15.95,15.95,3951
2009-06-16 00:00:00+05:30,16.6,16.6,16.6,16.6,500
2009-06-17 00:00:00+05:30,15.9,16.1,15.9,16.0,263
2009-06-18 00:00:00+05:30,15.6,15.6,15.2,15.2,500
2009-06-19 00:00:00+05:30,15.0,15.4,14.5,14.6,1507
2009-06-22 00:00:00+05:30,15.0,15.0,14.5,14.55,900
2009-06-23 00:00:00+05:30,14.9,15.2,14.9,15.2,1300
2009-06-24 00:00:00+05:30,14.45,15.0,14.45,15.0,300
2009-06-25 00:00:00+05:30,14.25,15.75,14.25,14.6,1690
2009-06-26 00:00:00+05:30,15.35,15.35,14.5,15.35,771
2009-06-29 00:00:00+05:30,14.6,15.05,14.6,14.8,1500
2009-06-30 00:00:00+05:30,14.75,15.0,14.35,14.4,1280
2009-07-02 00:00:00+05:30,14.35,14.95,14.35,14.65,486
2009-07-03 00:00:00+05:30,14.1,14.9,14.05,14.65,642
2009-07-06 00:00:00+05:30,15.25,15.25,14.0,14.0,3415
2009-07-07 00:00:00+05:30,14.0,14.55,13.9,14.2,1100
2009-07-08 00:00:00+05:30,14.5,14.5,14.0,14.0,1492
2009-07-09 00:00:00+05:30,14.0,14.0,13.55,13.6,1205
2009-07-10 00:00:00+05:30,12.95,14.1,12.95,14.0,1000
2009-07-13 00:00:00+05:30,14.4,14.4,13.3,13.3,4079
2009-07-14 00:00:00+05:30,13.0,13.9,13.0,13.85,200
2009-07-15 00:00:00+05:30,13.3,14.25,13.2,14.0,216
2009-07-16 00:00:00+05:30,13.5,13.95,13.3,13.95,1915
2009-07-17 00:00:00+05:30,13.95,14.4,13.3,14.25,3289
2009-07-20 00:00:00+05:30,14.0,15.0,14.0,14.9,5074
2009-07-21 00:00:00+05:30,15.0,15.65,14.25,15.65,2790
2009-07-22 00:00:00+05:30,16.35,16.45,16.35,16.45,8916
2009-07-23 00:00:00+05:30,16.5,17.0,16.25,16.5,6050
2009-07-24 00:00:00+05:30,16.0,16.5,15.7,16.45,1299
2009-07-27 00:00:00+05:30,15.7,16.0,15.7,15.7,1650
2009-07-28 00:00:00+05:30,15.65,15.65,15.25,15.25,6661
2009-07-29 00:00:00+05:30,16.05,16.05,15.1,16.0,2028
2009-07-30 00:00:00+05:30,15.95,16.0,15.6,15.6,1250
2009-07-31 00:00:00+05:30,14.9,16.15,14.85,14.85,6787
2009-08-03 00:00:00+05:30,14.65,15.3,14.45,15.3,320
2009-08-04 00:00:00+05:30,16.05,16.05,15.25,15.25,1872
2009-08-05 00:00:00+05:30,15.1,16.05,15.05,16.05,4965
2009-08-06 00:00:00+05:30,16.8,16.85,16.0,16.8,7190
2009-08-07 00:00:00+05:30,16.9,17.0,16.0,16.35,10061
2009-08-10 00:00:00+05:30,17.0,17.2,15.6,16.7,5548
2009-08-11 00:00:00+05:30,16.0,17.55,16.0,17.4,6350
2009-08-12 00:00:00+05:30,17.5,17.5,16.7,16.7,1100
2009-08-13 00:00:00+05:30,16.0,17.25,16.0,17.05,1980
2009-08-14 00:00:00+05:30,16.3,17.15,16.25,16.85,515
2009-08-17 00:00:00+05:30,17.2,17.2,16.25,17.1,700
2009-08-18 00:00:00+05:30,16.5,17.05,16.5,16.85,150
2009-08-19 00:00:00+05:30,17.5,17.5,16.4,16.95,3801
2009-08-20 00:00:00+05:30,17.25,17.25,16.2,16.25,8939
2009-08-21 00:00:00+05:30,17.0,17.1,17.0,17.1,11204
2009-08-24 00:00:00+05:30,18.0,18.0,17.1,17.55,5413
2009-08-25 00:00:00+05:30,17.4,17.4,16.7,17.1,22839
2009-08-26 00:00:00+05:30,17.85,18.0,17.4,18.0,14466
2009-08-27 00:00:00+05:30,18.7,18.9,18.4,18.9,15906
2009-08-28 00:00:00+05:30,19.85,19.85,18.6,18.95,10697
2009-08-31 00:00:00+05:30,18.25,19.3,18.0,19.05,5975
2009-09-01 00:00:00+05:30,18.6,18.85,18.1,18.1,2465
2009-09-02 00:00:00+05:30,18.5,18.5,17.3,17.95,1111
2009-09-03 00:00:00+05:30,18.25,18.7,17.5,18.2,4405
2009-09-04 00:00:00+05:30,18.0,18.0,17.55,17.75,2931
2009-09-07 00:00:00+05:30,17.9,18.0,17.65,18.0,7325
2009-09-08 00:00:00+05:30,17.35,19.75,17.35,18.1,39894
2009-09-09 00:00:00+05:30,17.9,18.45,17.5,18.15,5870
2009-09-10 00:00:00+05:30,18.15,18.15,17.4,17.4,3687
2009-09-11 00:00:00+05:30,17.35,17.7,17.1,17.55,2076
2009-09-14 00:00:00+05:30,17.0,17.4,16.9,17.2,4630
2009-09-15 00:00:00+05:30,17.2,17.95,17.0,17.3,5786
2009-09-16 00:00:00+05:30,17.0,17.95,16.85,16.85,6551
2009-09-17 00:00:00+05:30,16.55,17.6,16.55,17.4,5555
2009-09-18 00:00:00+05:30,16.65,17.5,16.65,16.85,1277
2009-09-22 00:00:00+05:30,17.3,17.5,15.25,16.55,3675
2009-09-23 00:00:00+05:30,16.35,17.5,16.3,16.75,2696
2009-09-24 00:00:00+05:30,16.0,18.15,16.0,17.25,12712
2009-09-25 00:00:00+05:30,16.5,17.5,16.35,17.0,1433
2009-09-29 00:00:00+05:30,16.2,17.9,16.2,17.35,2580
2009-09-30 00:00:00+05:30,17.35,18.8,17.2,18.55,44860
2009-10-01 00:00:00+05:30,19.0,19.6,18.25,19.0,35502
2009-10-05 00:00:00+05:30,19.3,19.35,18.2,18.35,12019
2009-10-06 00:00:00+05:30,18.0,20.2,17.15,20.2,77529
2009-10-07 00:00:00+05:30,21.85,22.25,21.0,22.25,203703
2009-10-08 00:00:00+05:30,23.4,23.4,22.25,23.4,168211
2009-10-09 00:00:00+05:30,24.6,24.6,22.5,22.9,166645
2009-10-12 00:00:00+05:30,23.5,24.05,22.05,22.45,29785
2009-10-14 00:00:00+05:30,21.95,22.9,21.5,21.8,19734
2009-10-15 00:00:00+05:30,21.95,22.4,20.8,20.95,21537
2009-10-16 00:00:00+05:30,20.55,21.35,20.55,21.15,7434
2009-10-17 00:00:00+05:30,21.6,21.85,20.6,21.1,4361
2009-10-20 00:00:00+05:30,20.1,21.6,20.1,20.45,2169
2009-10-21 00:00:00+05:30,20.45,21.4,19.5,20.55,6853
2009-10-22 00:00:00+05:30,19.6,21.5,19.55,19.55,3103
2009-10-23 00:00:00+05:30,19.05,20.55,19.0,19.8,4664
2009-10-26 00:00:00+05:30,19.25,20.8,19.1,19.95,10283
2009-10-27 00:00:00+05:30,19.55,20.55,18.95,19.4,2999
2009-10-28 00:00:00+05:30,18.5,19.75,18.45,18.85,3710
2009-10-29 00:00:00+05:30,18.1,18.9,18.0,18.0,4915
2009-10-30 00:00:00+05:30,18.05,18.8,17.5,17.85,6861
2009-11-03 00:00:00+05:30,17.9,18.15,17.05,17.35,1356
2009-11-04 00:00:00+05:30,17.05,17.25,16.9,17.0,1753
2009-11-05 00:00:00+05:30,16.75,17.45,16.15,16.65,2680
2009-11-06 00:00:00+05:30,17.5,17.5,17.25,17.5,1095
2009-11-09 00:00:00+05:30,17.25,17.35,17.0,17.35,850
2009-11-10 00:00:00+05:30,17.1,18.1,17.1,17.4,4465
2009-11-11 00:00:00+05:30,17.0,18.0,17.0,17.7,1760
2009-11-12 00:00:00+05:30,18.0,18.4,17.6,18.3,2325
2009-11-13 00:00:00+05:30,19.0,19.0,17.75,17.9,3434
2009-11-16 00:00:00+05:30,18.0,18.7,17.0,17.85,5278
2009-11-17 00:00:00+05:30,17.1,17.95,17.1,17.9,1885
2009-11-18 00:00:00+05:30,18.4,18.8,17.65,18.65,4530
2009-11-19 00:00:00+05:30,18.45,18.9,17.9,18.25,2870
2009-11-20 00:00:00+05:30,18.5,19.0,17.85,18.1,3308
2009-11-23 00:00:00+05:30,17.35,18.0,17.2,18.0,2307
2009-11-24 00:00:00+05:30,17.1,18.7,17.1,18.0,1700
2009-11-25 00:00:00+05:30,17.7,18.1,17.5,17.65,1126
2009-11-26 00:00:00+05:30,17.2,17.95,17.2,17.55,1396
2009-11-27 00:00:00+05:30,17.1,17.65,16.7,16.7,965
2009-11-30 00:00:00+05:30,16.65,17.4,16.65,17.0,1288
2009-12-01 00:00:00+05:30,16.35,17.85,16.35,17.75,2097
2009-12-02 00:00:00+05:30,17.15,17.55,17.1,17.1,3260
2009-12-03 00:00:00+05:30,17.8,18.0,17.7,17.75,2731
2009-12-04 00:00:00+05:30,17.5,18.25,17.5,17.8,1854
2009-12-07 00:00:00+05:30,17.8,17.95,17.6,17.6,1453
2009-12-08 00:00:00+05:30,17.25,18.35,17.25,17.95,2982
2009-12-09 00:00:00+05:30,18.6,18.85,18.1,18.85,8909
2009-12-10 00:00:00+05:30,19.75,19.8,19.75,19.8,5919
2009-12-11 00:00:00+05:30,20.8,20.8,20.8,20.8,5772
2009-12-14 00:00:00+05:30,21.85,21.85,21.85,21.85,7344
2009-12-15 00:00:00+05:30,22.95,22.95,20.8,20.8,40150
2009-12-16 00:00:00+05:30,21.0,21.0,19.8,20.25,9493
2009-12-17 00:00:00+05:30,19.75,20.7,19.75,20.0,4859
2009-12-18 00:00:00+05:30,20.1,20.1,19.0,19.05,8830
2009-12-21 00:00:00+05:30,19.9,20.0,19.0,19.15,6275
2009-12-22 00:00:00+05:30,19.0,19.65,18.5,18.65,8394
2009-12-23 00:00:00+05:30,18.15,19.5,18.15,18.85,6141
2009-12-24 00:00:00+05:30,19.7,19.8,18.55,19.8,10442
2009-12-29 00:00:00+05:30,20.8,20.8,20.05,20.5,30948
2009-12-30 00:00:00+05:30,21.55,21.55,21.2,21.55,27399
2009-12-31 00:00:00+05:30,22.6,22.65,21.8,22.25,29911
2010-01-04 00:00:00+05:30,23.0,23.3,21.5,22.8,31900
2010-01-05 00:00:00+05:30,23.5,23.95,23.2,23.95,53900
2010-01-06 00:00:00+05:30,24.0,25.0,23.4,24.6,68772
2010-01-07 00:00:00+05:30,24.4,24.5,23.4,23.6,29004
2010-01-08 00:00:00+05:30,22.65,24.8,22.65,23.85,34135
2010-01-11 00:00:00+05:30,24.9,25.05,23.75,24.2,43472
2010-01-12 00:00:00+05:30,24.9,25.2,23.5,24.2,37610
2010-01-13 00:00:00+05:30,23.5,24.95,23.5,24.15,38514
2010-01-14 00:00:00+05:30,24.85,25.4,24.25,25.0,34526
2010-01-15 00:00:00+05:30,24.9,25.45,24.25,25.05,20338
2010-01-18 00:00:00+05:30,24.65,25.1,24.15,24.8,17850
2010-01-19 00:00:00+05:30,24.4,24.75,23.6,23.75,10253
2010-01-20 00:00:00+05:30,24.1,24.1,22.7,23.3,9875
2010-01-21 00:00:00+05:30,23.0,23.0,22.15,22.25,3847
2010-01-22 00:00:00+05:30,21.15,22.0,21.15,21.55,7334
2010-01-25 00:00:00+05:30,20.85,21.85,20.8,21.05,4332
2010-01-27 00:00:00+05:30,21.3,21.3,20.0,20.1,6302
2010-01-28 00:00:00+05:30,20.0,20.5,19.55,19.85,5817
2010-01-29 00:00:00+05:30,19.1,20.4,18.9,20.0,6942
2010-02-01 00:00:00+05:30,19.0,21.0,19.0,20.85,10375
2010-02-02 00:00:00+05:30,21.65,21.9,20.2,21.45,12230
2010-02-03 00:00:00+05:30,21.45,22.2,21.05,21.8,7956
2010-02-04 00:00:00+05:30,22.5,22.5,20.8,21.1,9125
2010-02-05 00:00:00+05:30,20.3,20.95,20.2,20.9,9131
2010-02-06 00:00:00+05:30,20.25,21.25,20.25,20.4,810
2010-02-08 00:00:00+05:30,20.4,20.6,20.1,20.2,2089
2010-02-09 00:00:00+05:30,20.2,20.55,20.0,20.05,1370
2010-02-10 00:00:00+05:30,20.5,20.75,20.2,20.35,8766
2010-02-11 00:00:00+05:30,20.15,20.6,20.05,20.1,4917
2010-02-15 00:00:00+05:30,19.6,20.45,19.5,19.5,9269
2010-02-16 00:00:00+05:30,19.05,19.55,18.6,19.5,1606
2010-02-17 00:00:00+05:30,19.1,20.15,19.1,19.9,5447
2010-02-18 00:00:00+05:30,20.0,20.0,19.25,19.3,1871
2010-02-19 00:00:00+05:30,19.75,19.75,18.35,18.45,6208
2010-02-22 00:00:00+05:30,18.55,18.95,18.0,18.1,5180
2010-02-23 00:00:00+05:30,18.05,18.45,17.9,18.25,1631
2010-02-24 00:00:00+05:30,18.0,18.1,17.85,17.9,940
2010-02-25 00:00:00+05:30,18.25,18.25,17.35,18.0,2416
2010-02-26 00:00:00+05:30,18.7,18.9,18.1,18.9,1678
2010-03-02 00:00:00+05:30,19.0,19.5,18.25,18.7,9240
2010-03-03 00:00:00+05:30,19.35,19.45,19.0,19.2,765
2010-03-04 00:00:00+05:30,19.5,19.5,18.4,18.55,4739
2010-03-05 00:00:00+05:30,18.2,19.2,18.2,18.4,1567
2010-03-08 00:00:00+05:30,19.4,19.75,18.3,19.3,7174
2010-03-09 00:00:00+05:30,18.75,19.75,18.75,19.2,823
2010-03-10 00:00:00+05:30,18.85,19.25,18.7,18.85,1413
2010-03-11 00:00:00+05:30,18.65,20.75,18.6,20.2,11768
2010-03-12 00:00:00+05:30,22.2,22.2,20.15,20.45,45014
2010-03-15 00:00:00+05:30,20.8,20.8,18.8,19.1,6521
2010-03-16 00:00:00+05:30,20.45,20.75,19.2,19.95,16293
2010-03-17 00:00:00+05:30,20.55,20.55,19.65,19.7,5046
2010-03-18 00:00:00+05:30,20.0,21.15,19.3,19.8,46055
2010-03-19 00:00:00+05:30,20.15,20.8,19.15,20.0,18181
2010-03-22 00:00:00+05:30,19.0,20.45,19.0,19.65,1041
2010-03-23 00:00:00+05:30,19.4,19.65,18.4,18.65,9010
2010-03-25 00:00:00+05:30,19.25,19.4,18.45,18.7,3181
2010-03-26 00:00:00+05:30,18.6,20.25,18.6,18.9,41133
2010-03-29 00:00:00+05:30,18.45,20.4,18.45,19.3,41065
2010-03-30 00:00:00+05:30,19.3,19.5,18.55,18.55,4393
2010-03-31 00:00:00+05:30,18.85,18.9,18.2,18.2,4428
2010-04-01 00:00:00+05:30,19.4,19.45,18.65,19.3,9595
2010-04-05 00:00:00+05:30,19.25,19.75,19.0,19.5,6780
2010-04-06 00:00:00+05:30,19.5,20.5,19.5,20.15,7239
2010-04-07 00:00:00+05:30,20.8,20.8,19.7,20.1,1463
2010-04-08 00:00:00+05:30,20.0,20.65,19.3,19.7,3324
2010-04-09 00:00:00+05:30,20.05,20.3,19.4,20.05,4984
2010-04-12 00:00:00+05:30,19.6,19.8,19.6,19.7,2266
2010-04-13 00:00:00+05:30,19.95,20.4,19.15,20.0,5859
2010-04-15 00:00:00+05:30,20.0,22.0,19.8,22.0,27560
2010-04-16 00:00:00+05:30,23.0,23.5,20.2,21.05,30265
2010-04-19 00:00:00+05:30,20.45,20.7,20.0,20.35,7105
2010-04-20 00:00:00+05:30,20.85,22.2,20.3,21.0,19530
2010-04-21 00:00:00+05:30,21.0,22.7,20.5,21.55,36334
2010-04-22 00:00:00+05:30,21.6,22.0,21.05,21.3,3950
2010-04-23 00:00:00+05:30,20.6,21.7,20.35,20.5,8402
2010-04-26 00:00:00+05:30,20.5,21.4,20.5,20.9,3708
2010-04-27 00:00:00+05:30,20.5,21.1,20.5,20.65,1646
2010-04-28 00:00:00+05:30,20.15,21.15,20.15,20.3,5288
2010-04-29 00:00:00+05:30,21.4,21.45,20.35,20.85,6519
2010-04-30 00:00:00+05:30,20.55,22.0,20.55,21.55,10789
2010-05-03 00:00:00+05:30,22.55,22.6,21.5,21.5,4358
2010-05-04 00:00:00+05:30,21.5,21.5,20.55,21.05,6562
2010-05-05 00:00:00+05:30,19.65,20.5,19.65,20.35,4718
2010-05-06 00:00:00+05:30,20.2,20.95,20.2,20.95,4271
2010-05-07 00:00:00+05:30,20.9,23.0,19.5,19.65,3845
2010-05-10 00:00:00+05:30,20.6,20.6,19.7,19.95,3398
2010-05-11 00:00:00+05:30,19.7,20.5,19.7,19.75,2023
2010-05-12 00:00:00+05:30,21.5,21.5,19.0,20.2,15284
2010-05-13 00:00:00+05:30,21.15,21.15,19.25,19.6,3031
2010-05-14 00:00:00+05:30,20.0,22.65,20.0,20.85,72939
2010-05-17 00:00:00+05:30,20.8,20.8,19.6,20.2,17704
2010-05-18 00:00:00+05:30,20.9,21.3,19.7,19.9,3884
2010-05-19 00:00:00+05:30,20.75,20.75,19.05,19.2,9258
2010-05-20 00:00:00+05:30,20.0,20.9,18.85,19.3,3063
2010-05-21 00:00:00+05:30,17.15,19.8,17.15,18.4,5538
2010-05-24 00:00:00+05:30,18.15,18.8,18.1,18.25,19716
2010-05-25 00:00:00+05:30,19.35,19.35,17.5,17.8,5841
2010-05-26 00:00:00+05:30,18.65,18.65,17.1,17.4,4739
2010-05-27 00:00:00+05:30,17.95,17.95,17.3,17.45,575
2010-05-28 00:00:00+05:30,18.8,18.8,17.55,17.65,5331
2010-05-31 00:00:00+05:30,16.2,18.5,16.2,17.15,3447
2010-06-01 00:00:00+05:30,17.8,17.85,17.4,17.4,700
2010-06-02 00:00:00+05:30,17.7,17.8,17.2,17.45,1776
2010-06-03 00:00:00+05:30,17.6,19.8,17.6,18.55,23132
2010-06-04 00:00:00+05:30,20.35,20.35,18.35,18.45,3119
2010-06-07 00:00:00+05:30,20.2,20.2,16.35,17.8,6758
2010-06-08 00:00:00+05:30,18.5,18.5,17.5,17.55,2082
2010-06-09 00:00:00+05:30,18.0,18.7,18.0,18.15,3906
2010-06-10 00:00:00+05:30,18.0,19.85,18.0,18.45,25323
2010-06-11 00:00:00+05:30,18.3,18.8,18.3,18.45,1411
2010-06-14 00:00:00+05:30,18.3,18.8,18.3,18.55,2908
2010-06-15 00:00:00+05:30,17.9,18.9,17.9,18.6,3992
2010-06-16 00:00:00+05:30,18.7,19.2,18.1,18.35,8399
2010-06-17 00:00:00+05:30,18.0,18.95,18.0,18.35,6510
2010-06-18 00:00:00+05:30,18.5,18.5,17.55,17.7,15326
2010-06-21 00:00:00+05:30,17.8,18.35,17.8,18.0,4567
2010-06-22 00:00:00+05:30,17.65,17.8,17.6,17.6,1270
2010-06-23 00:00:00+05:30,17.45,18.0,17.45,17.6,2790
2010-06-24 00:00:00+05:30,18.4,21.15,18.4,21.15,48085
2010-06-25 00:00:00+05:30,22.4,25.4,22.15,25.4,431132
2010-06-28 00:00:00+05:30,27.95,27.95,25.0,27.95,437682
2010-06-29 00:00:00+05:30,30.75,30.75,27.6,28.65,569826
2010-06-30 00:00:00+05:30,29.0,31.55,28.1,31.4,466398
2010-07-01 00:00:00+05:30,30.6,34.55,30.6,34.55,413568
2010-07-02 00:00:00+05:30,36.3,36.3,35.5,36.3,287628
2010-07-05 00:00:00+05:30,37.8,38.15,34.6,38.15,245839
2010-07-06 00:00:00+05:30,37.0,40.1,37.0,40.1,273807
2010-07-07 00:00:00+05:30,41.9,42.15,38.1,38.1,450097
2010-07-08 00:00:00+05:30,38.0,38.0,36.2,36.2,80798
2010-07-09 00:00:00+05:30,34.4,36.2,34.4,35.5,43768
2010-07-12 00:00:00+05:30,36.0,37.3,33.75,37.3,54360
2010-07-13 00:00:00+05:30,38.8,39.2,38.8,39.2,19641
2010-07-14 00:00:00+05:30,41.2,41.2,41.2,41.2,38665
2010-07-15 00:00:00+05:30,43.3,43.3,43.3,43.3,15699
2010-07-16 00:00:00+05:30,45.5,45.5,45.5,45.5,22096
2010-07-19 00:00:00+05:30,47.8,47.8,43.3,45.6,83609
2010-07-20 00:00:00+05:30,43.9,43.9,43.35,43.35,6085
2010-07-21 00:00:00+05:30,41.55,45.55,41.55,45.55,43324
2010-07-22 00:00:00+05:30,47.85,47.85,44.65,45.65,24955
2010-07-23 00:00:00+05:30,46.1,46.1,43.5,44.6,32236
2010-07-26 00:00:00+05:30,42.7,45.9,42.4,44.4,41892
2010-07-27 00:00:00+05:30,45.6,45.6,42.85,44.4,19718
2010-07-28 00:00:00+05:30,43.05,46.65,42.8,46.55,47490
2010-07-29 00:00:00+05:30,45.9,47.95,44.8,46.4,28952
2010-07-30 00:00:00+05:30,47.8,47.9,44.4,46.65,30365
2010-08-02 00:00:00+05:30,47.0,48.35,44.75,47.1,42662
2010-08-03 00:00:00+05:30,47.85,48.5,46.1,48.15,36805
2010-08-04 00:00:00+05:30,49.4,49.4,46.1,46.9,18803
2010-08-05 00:00:00+05:30,44.75,48.95,44.6,46.6,33248
2010-08-06 00:00:00+05:30,48.7,48.95,44.5,47.35,62356
2010-08-09 00:00:00+05:30,48.7,49.75,45.7,48.45,42840
2010-08-10 00:00:00+05:30,50.9,50.9,46.55,47.15,20953
2010-08-11 00:00:00+05:30,48.7,48.7,46.55,47.1,4115
2010-08-12 00:00:00+05:30,46.0,48.65,45.45,47.85,17427
2010-08-13 00:00:00+05:30,48.9,49.5,45.9,47.15,8146
2010-08-16 00:00:00+05:30,48.4,48.8,45.0,48.35,29802
2010-08-17 00:00:00+05:30,48.5,48.5,47.55,48.35,9086
2010-08-18 00:00:00+05:30,50.8,50.8,50.8,50.8,45390
2010-08-19 00:00:00+05:30,53.35,53.35,51.0,53.2,66090
2010-08-20 00:00:00+05:30,53.5,54.5,51.0,51.7,24108
2010-08-23 00:00:00+05:30,53.25,53.25,49.7,51.15,17920
2010-08-24 00:00:00+05:30,49.2,52.0,48.65,50.25,11521
2010-08-25 00:00:00+05:30,51.5,51.6,47.95,49.0,15927
2010-08-26 00:00:00+05:30,50.75,50.8,46.6,49.0,5975
2010-08-27 00:00:00+05:30,50.35,50.5,47.0,49.15,21762
2010-08-30 00:00:00+05:30,47.05,50.2,47.0,48.1,26435
2010-08-31 00:00:00+05:30,47.05,49.0,46.6,47.8,8069
2010-09-01 00:00:00+05:30,49.4,49.4,46.45,46.85,6194
2010-09-02 00:00:00+05:30,46.35,48.0,46.0,47.0,6867
2010-09-03 00:00:00+05:30,46.05,47.8,45.25,46.55,11017
2010-09-06 00:00:00+05:30,45.35,46.0,44.55,45.0,3559
2010-09-07 00:00:00+05:30,43.5,46.25,43.5,43.8,9798
2010-09-08 00:00:00+05:30,45.4,45.4,42.15,44.7,10831
2010-09-09 00:00:00+05:30,44.95,45.5,43.55,44.5,15051
2010-09-13 00:00:00+05:30,45.75,46.1,42.45,42.65,9317
2010-09-14 00:00:00+05:30,43.65,44.45,40.9,43.1,14172
2010-09-15 00:00:00+05:30,44.6,44.75,41.55,44.15,68152
2010-09-16 00:00:00+05:30,44.1,44.9,42.3,43.6,14569
2010-09-17 00:00:00+05:30,45.45,45.45,42.25,43.0,12179
2010-09-20 00:00:00+05:30,42.05,44.4,41.4,42.7,24701
2010-09-21 00:00:00+05:30,44.4,44.45,41.75,43.2,13572
2010-09-22 00:00:00+05:30,42.8,44.5,42.45,42.6,3365
2010-09-23 00:00:00+05:30,41.6,43.9,41.3,42.45,3503
2010-09-24 00:00:00+05:30,43.8,43.8,41.05,42.75,10894
2010-09-27 00:00:00+05:30,43.0,43.85,41.55,42.15,9510
2010-09-28 00:00:00+05:30,42.0,42.25,40.5,41.05,13072
2010-09-29 00:00:00+05:30,42.85,42.85,39.8,41.85,9862
2010-09-30 00:00:00+05:30,41.5,41.95,40.7,40.8,7123
2010-10-01 00:00:00+05:30,40.1,41.9,40.1,40.65,6842
2010-10-04 00:00:00+05:30,39.6,42.0,39.6,40.8,4892
2010-10-05 00:00:00+05:30,41.55,41.8,39.0,40.15,2975
2010-10-06 00:00:00+05:30,41.65,41.65,38.6,40.05,3638
2010-10-07 00:00:00+05:30,41.0,41.0,39.55,40.15,2367
2010-10-08 00:00:00+05:30,41.4,42.2,40.05,42.2,5995
2010-10-11 00:00:00+05:30,44.35,44.35,44.35,44.35,10566
2010-10-12 00:00:00+05:30,46.6,46.6,46.6,46.6,3430
2010-10-13 00:00:00+05:30,48.95,48.95,48.95,48.95,3194
2010-10-14 00:00:00+05:30,50.9,51.4,47.55,47.7,26020
2010-10-15 00:00:00+05:30,49.0,50.0,45.75,47.35,20972
2010-10-18 00:00:00+05:30,49.3,49.3,45.25,46.85,12860
2010-10-19 00:00:00+05:30,48.7,48.7,47.0,47.15,6478
2010-10-20 00:00:00+05:30,45.05,48.5,45.05,46.2,6024
2010-10-21 00:00:00+05:30,46.0,47.4,45.75,46.4,1867
2010-10-22 00:00:00+05:30,47.0,47.0,46.0,46.85,2592
2010-10-25 00:00:00+05:30,47.15,47.3,46.25,46.7,1934
2010-10-26 00:00:00+05:30,47.0,47.0,46.0,46.3,2618
2010-10-27 00:00:00+05:30,47.0,47.9,45.25,46.0,26148
2010-10-28 00:00:00+05:30,47.35,47.35,45.8,46.7,4065
2010-10-29 00:00:00+05:30,46.9,46.9,44.65,46.25,4317
2010-11-01 00:00:00+05:30,46.4,46.5,45.5,45.5,760
2010-11-02 00:00:00+05:30,45.6,47.25,44.75,47.0,4630
2010-11-03 00:00:00+05:30,47.05,47.25,45.2,46.95,2672
2010-11-04 00:00:00+05:30,45.0,47.0,44.65,44.7,3600
2010-11-05 00:00:00+05:30,44.0,46.85,44.0,45.35,1798
2010-11-08 00:00:00+05:30,43.5,45.0,43.15,43.5,4510
2010-11-09 00:00:00+05:30,42.55,44.85,42.55,44.55,4629
2010-11-10 00:00:00+05:30,42.75,44.8,42.5,43.7,1950
2010-11-11 00:00:00+05:30,44.85,44.85,42.6,42.6,6980
2010-11-12 00:00:00+05:30,43.65,43.65,41.7,41.8,1830
2010-11-15 00:00:00+05:30,41.0,43.9,40.6,40.75,3957
2010-11-16 00:00:00+05:30,42.4,42.4,38.75,38.75,5546
2010-11-18 00:00:00+05:30,39.9,40.2,37.15,38.25,1328
2010-11-19 00:00:00+05:30,39.35,39.35,36.5,36.5,702
2010-11-22 00:00:00+05:30,37.0,37.0,34.9,35.65,1114
2010-11-23 00:00:00+05:30,36.7,36.7,35.85,36.0,1671
2010-11-24 00:00:00+05:30,35.25,36.7,35.0,36.7,775
2010-11-25 00:00:00+05:30,36.5,36.5,35.15,36.05,116
2010-11-26 00:00:00+05:30,34.4,36.8,34.25,35.25,1829
2010-11-29 00:00:00+05:30,34.5,36.75,33.55,36.05,1854
2010-11-30 00:00:00+05:30,37.0,37.85,36.05,37.75,853
2010-12-01 00:00:00+05:30,39.45,39.45,36.8,38.45,1018
2010-12-02 00:00:00+05:30,40.35,40.4,38.75,39.9,2051
2010-12-03 00:00:00+05:30,38.05,41.9,38.05,40.15,1889
2010-12-06 00:00:00+05:30,40.1,41.95,38.6,38.6,2330
2010-12-07 00:00:00+05:30,38.5,39.45,37.0,38.3,790
2010-12-08 00:00:00+05:30,36.4,38.0,36.4,37.35,1062
2010-12-09 00:00:00+05:30,36.0,36.0,35.6,35.6,975
2010-12-10 00:00:00+05:30,34.05,36.55,33.9,34.9,1358
2010-12-13 00:00:00+05:30,35.0,36.3,35.0,35.9,73
2010-12-14 00:00:00+05:30,34.55,37.7,34.55,37.7,4085
2010-12-15 00:00:00+05:30,37.2,39.6,37.0,37.0,27165
2010-12-16 00:00:00+05:30,36.25,38.85,35.25,38.25,7545
2010-12-20 00:00:00+05:30,37.15,39.3,37.15,39.15,11270
2010-12-21 00:00:00+05:30,40.0,40.8,38.3,40.45,3786
2010-12-22 00:00:00+05:30,42.0,42.0,39.1,41.95,15930
2010-12-23 00:00:00+05:30,41.0,43.9,40.45,43.5,23322
2010-12-24 00:00:00+05:30,43.0,44.45,41.4,43.85,24194
2010-12-27 00:00:00+05:30,43.9,45.0,42.5,44.1,7175
2010-12-28 00:00:00+05:30,44.9,44.9,42.3,44.4,1852
2010-12-29 00:00:00+05:30,44.0,45.45,43.0,44.35,5480
2010-12-30 00:00:00+05:30,44.5,44.5,42.95,43.35,1519
2010-12-31 00:00:00+05:30,44.0,45.0,43.05,44.15,6557
2011-01-03 00:00:00+05:30,43.95,45.9,42.7,45.3,10896
2011-01-04 00:00:00+05:30,45.4,47.6,44.3,47.05,32106
2011-01-05 00:00:00+05:30,47.0,49.3,46.9,48.5,34654
2011-01-06 00:00:00+05:30,49.5,50.45,47.75,50.25,100799
2011-01-07 00:00:00+05:30,50.5,51.95,48.1,51.3,113568
2011-01-10 00:00:00+05:30,52.0,52.85,49.1,50.4,104215
2011-01-11 00:00:00+05:30,50.5,52.95,50.4,52.5,231960
2011-01-12 00:00:00+05:30,52.9,55.15,51.0,55.0,211380
2011-01-13 00:00:00+05:30,55.0,55.0,52.25,53.85,181385
2011-01-14 00:00:00+05:30,54.0,54.0,52.55,53.9,69336
2011-01-17 00:00:00+05:30,54.7,54.75,51.25,53.5,157120
2011-01-18 00:00:00+05:30,53.0,54.2,50.85,50.85,128536
2011-01-19 00:00:00+05:30,48.4,48.4,48.35,48.35,10552
2011-01-20 00:00:00+05:30,45.95,45.95,45.95,45.95,353
2011-01-21 00:00:00+05:30,43.65,43.65,43.65,43.65,1978
2011-01-24 00:00:00+05:30,41.5,41.5,41.5,41.5,1430
2011-01-25 00:00:00+05:30,39.45,39.45,39.45,39.45,6285
2011-01-27 00:00:00+05:30,37.5,37.5,37.5,37.5,1773
2011-01-28 00:00:00+05:30,35.65,35.65,35.65,35.65,2227
2011-01-31 00:00:00+05:30,33.9,33.9,33.9,33.9,2951
2011-02-01 00:00:00+05:30,32.2,32.2,32.2,32.2,1261
2011-02-02 00:00:00+05:30,30.6,31.25,30.6,30.6,14138
2011-02-03 00:00:00+05:30,31.5,32.15,29.1,32.15,137043
2011-02-04 00:00:00+05:30,33.8,33.8,33.8,33.8,893
2011-02-07 00:00:00+05:30,34.05,35.5,32.15,35.5,53947
2011-02-08 00:00:00+05:30,36.9,37.25,33.75,35.7,18003
2011-02-09 00:00:00+05:30,34.5,37.3,33.95,33.95,3944
2011-02-10 00:00:00+05:30,35.65,35.65,32.25,32.55,2493
2011-02-11 00:00:00+05:30,30.95,32.0,30.95,32.0,4429
2011-02-14 00:00:00+05:30,31.3,33.6,31.3,33.05,5607
2011-02-15 00:00:00+05:30,34.4,34.7,31.45,34.3,29953
2011-02-16 00:00:00+05:30,36.05,36.05,33.0,35.3,7170
2011-02-17 00:00:00+05:30,35.0,36.7,33.55,35.15,11394
2011-02-18 00:00:00+05:30,33.65,35.0,33.55,33.9,2014
2011-02-21 00:00:00+05:30,32.5,34.85,32.25,34.8,829
2011-02-22 00:00:00+05:30,34.0,34.0,33.1,34.0,525
2011-02-23 00:00:00+05:30,32.45,32.65,32.45,32.65,627
2011-02-24 00:00:00+05:30,32.1,34.3,31.4,33.9,3068
2011-02-25 00:00:00+05:30,33.95,35.25,32.5,34.85,1040
2011-02-28 00:00:00+05:30,35.45,36.0,33.6,35.75,450
2011-03-01 00:00:00+05:30,35.0,36.9,34.3,36.9,2905
2011-03-03 00:00:00+05:30,37.0,37.75,35.05,35.2,1224
2011-03-04 00:00:00+05:30,35.0,36.9,35.0,36.65,650
2011-03-07 00:00:00+05:30,38.0,38.0,34.85,34.9,3013
2011-03-08 00:00:00+05:30,35.5,38.35,34.55,38.05,3020
2011-03-09 00:00:00+05:30,41.55,41.55,36.0,38.85,5740
2011-03-10 00:00:00+05:30,37.05,41.0,36.6,40.7,5049
2011-03-11 00:00:00+05:30,41.5,43.8,38.1,42.45,9642
2011-03-14 00:00:00+05:30,39.15,45.5,39.15,45.05,12036
2011-03-15 00:00:00+05:30,43.05,45.2,42.8,42.95,14461
2011-03-16 00:00:00+05:30,43.0,44.7,41.05,44.3,22653
2011-03-17 00:00:00+05:30,43.05,46.4,43.05,46.1,22996
2011-03-18 00:00:00+05:30,44.95,47.45,43.8,47.15,16519
2011-03-21 00:00:00+05:30,46.2,46.95,44.8,46.7,7885
2011-03-22 00:00:00+05:30,48.75,48.95,45.25,46.95,19300
2011-03-23 00:00:00+05:30,45.25,47.5,44.65,46.6,9366
2011-03-24 00:00:00+05:30,45.4,46.85,45.0,45.1,1954
2011-03-25 00:00:00+05:30,46.0,46.2,43.8,44.8,1858
2011-03-28 00:00:00+05:30,45.6,47.0,44.0,46.45,13187
2011-03-29 00:00:00+05:30,45.5,47.0,44.5,46.7,15842
2011-03-30 00:00:00+05:30,45.2,45.9,44.4,45.4,12709
2011-03-31 00:00:00+05:30,45.5,45.8,43.15,44.8,10633
2011-04-01 00:00:00+05:30,46.0,46.0,43.1,45.0,29238
2011-04-04 00:00:00+05:30,45.0,46.55,44.9,45.85,13693
2011-04-05 00:00:00+05:30,46.5,47.0,43.65,45.3,14150
2011-04-06 00:00:00+05:30,46.25,46.25,43.05,44.35,12234
2011-04-07 00:00:00+05:30,44.95,46.5,44.0,44.45,31791
2011-04-08 00:00:00+05:30,43.75,44.0,42.8,44.0,5185
2011-04-11 00:00:00+05:30,45.05,45.1,42.05,42.3,8947
2011-04-13 00:00:00+05:30,41.5,44.45,40.7,44.4,53084
2011-04-15 00:00:00+05:30,43.05,44.0,42.2,43.45,11529
2011-04-18 00:00:00+05:30,42.15,43.0,41.3,41.4,5382
2011-04-19 00:00:00+05:30,41.7,43.5,41.65,43.1,4932
2011-04-20 00:00:00+05:30,42.75,45.3,42.75,45.15,10611
2011-04-21 00:00:00+05:30,46.0,46.0,43.35,45.35,3276
2011-04-25 00:00:00+05:30,46.45,46.5,44.0,44.05,914
2011-04-26 00:00:00+05:30,44.7,44.7,43.05,43.05,920
2011-04-27 00:00:00+05:30,43.0,44.5,42.45,44.5,2732
2011-04-28 00:00:00+05:30,46.0,46.7,43.5,44.95,18521
2011-04-29 00:00:00+05:30,43.65,45.9,43.65,44.5,3665
2011-05-02 00:00:00+05:30,44.0,45.0,43.0,44.35,9260
2011-05-03 00:00:00+05:30,43.5,43.65,42.2,42.35,1300
2011-05-04 00:00:00+05:30,42.25,42.8,41.85,42.75,471
2011-05-05 00:00:00+05:30,41.4,41.9,40.65,40.65,3744
2011-05-06 00:00:00+05:30,41.0,43.85,41.0,41.7,3643
2011-05-09 00:00:00+05:30,41.85,43.3,41.8,43.3,542
2011-05-10 00:00:00+05:30,42.0,43.0,40.5,40.7,7059
2011-05-11 00:00:00+05:30,40.5,41.0,40.5,41.0,810
2011-05-12 00:00:00+05:30,40.45,41.0,37.1,38.75,29440
2011-05-13 00:00:00+05:30,41.5,42.5,38.1,40.25,39811
2011-05-16 00:00:00+05:30,40.25,42.1,38.5,39.75,45663
2011-05-17 00:00:00+05:30,41.75,42.95,37.05,39.1,20370
2011-05-18 00:00:00+05:30,38.05,38.05,36.5,37.65,7130
2011-05-19 00:00:00+05:30,37.4,37.5,34.5,35.2,8471
2011-05-20 00:00:00+05:30,32.8,38.75,32.7,38.5,51492
2011-05-23 00:00:00+05:30,40.7,40.7,36.25,38.9,81331
2011-05-24 00:00:00+05:30,39.95,40.1,37.5,39.15,82644
2011-05-25 00:00:00+05:30,40.55,41.4,37.45,38.15,90304
2011-05-26 00:00:00+05:30,38.85,38.95,37.1,37.85,46873
2011-05-27 00:00:00+05:30,38.5,38.65,37.1,37.6,11987
2011-05-30 00:00:00+05:30,37.95,40.4,36.7,38.85,10800
2011-05-31 00:00:00+05:30,39.5,40.1,37.8,38.25,58146
2011-06-01 00:00:00+05:30,39.65,39.7,38.1,39.0,45367
2011-06-02 00:00:00+05:30,37.25,39.9,37.25,38.05,48740
2011-06-03 00:00:00+05:30,39.4,39.4,38.0,38.55,21292
2011-06-06 00:00:00+05:30,38.95,39.0,37.15,37.5,11714
2011-06-07 00:00:00+05:30,38.35,38.35,36.6,37.2,21058
2011-06-08 00:00:00+05:30,36.6,37.5,33.55,36.1,12744
2011-06-09 00:00:00+05:30,37.45,37.5,35.1,35.15,10726
2011-06-10 00:00:00+05:30,36.25,36.6,35.0,36.3,26465
2011-06-13 00:00:00+05:30,38.95,38.95,36.1,37.3,7902
2011-06-14 00:00:00+05:30,37.0,37.55,35.8,35.95,9344
2011-06-15 00:00:00+05:30,36.5,37.1,35.45,36.5,97833
2011-06-16 00:00:00+05:30,36.8,37.3,35.4,36.4,58603
2011-06-17 00:00:00+05:30,36.95,36.95,35.25,35.7,51760
2011-06-20 00:00:00+05:30,36.7,37.6,33.5,34.35,26834
2011-06-21 00:00:00+05:30,35.1,35.95,34.85,35.65,3906
2011-06-22 00:00:00+05:30,36.75,36.75,34.25,34.25,151
2011-06-23 00:00:00+05:30,35.0,36.2,33.0,35.3,18242
2011-06-24 00:00:00+05:30,34.0,37.9,34.0,36.75,1415
2011-06-27 00:00:00+05:30,36.9,37.0,36.0,36.55,1301
2011-06-28 00:00:00+05:30,36.0,36.0,35.4,35.85,725
2011-06-29 00:00:00+05:30,35.4,36.1,35.0,35.25,35848
2011-06-30 00:00:00+05:30,36.45,36.45,35.05,35.2,32757
2011-07-01 00:00:00+05:30,36.0,36.45,35.0,35.25,37102
2011-07-04 00:00:00+05:30,35.1,37.0,35.1,36.95,1782
2011-07-05 00:00:00+05:30,38.6,40.0,37.0,38.0,18200
2011-07-06 00:00:00+05:30,37.45,38.95,37.1,37.9,5854
2011-07-07 00:00:00+05:30,38.8,39.7,36.4,38.05,2948
2011-07-08 00:00:00+05:30,38.3,38.35,37.45,37.45,433
2011-07-11 00:00:00+05:30,37.5,37.5,35.6,36.3,904
2011-07-12 00:00:00+05:30,35.15,35.15,35.15,35.15,200
2011-07-13 00:00:00+05:30,36.1,36.7,36.1,36.1,1650
2011-07-14 00:00:00+05:30,36.95,40.8,35.6,37.3,26475
2011-07-15 00:00:00+05:30,37.8,38.0,36.05,36.35,4426
2011-07-18 00:00:00+05:30,36.25,36.25,35.0,35.0,4183
2011-07-19 00:00:00+05:30,35.75,36.45,34.25,35.1,4892
2011-07-20 00:00:00+05:30,34.7,35.65,34.5,34.55,2076
2011-07-21 00:00:00+05:30,33.7,35.1,33.65,34.25,1929
2011-07-22 00:00:00+05:30,34.4,37.1,34.4,36.25,15876
2011-07-25 00:00:00+05:30,36.8,37.8,36.0,37.2,7951
2011-07-26 00:00:00+05:30,37.75,38.0,35.4,37.7,7274
2011-07-27 00:00:00+05:30,38.75,43.4,38.0,39.35,46155
2011-07-28 00:00:00+05:30,38.65,41.8,37.2,39.8,26088
2011-07-29 00:00:00+05:30,40.0,40.7,39.45,40.2,1682
2011-08-01 00:00:00+05:30,39.3,39.85,39.3,39.85,421
2011-08-02 00:00:00+05:30,39.05,39.05,37.4,38.25,1375
2011-08-03 00:00:00+05:30,38.0,38.75,37.2,38.3,2861
2011-08-04 00:00:00+05:30,38.5,39.45,37.1,37.95,2428
2011-08-05 00:00:00+05:30,36.4,37.85,35.55,36.1,684
2011-08-08 00:00:00+05:30,35.1,36.0,34.7,34.9,4918
2011-08-09 00:00:00+05:30,33.0,35.95,32.55,34.35,4459
2011-08-10 00:00:00+05:30,35.5,36.7,32.0,34.95,6018
2011-08-11 00:00:00+05:30,34.0,34.4,34.0,34.25,603
2011-08-12 00:00:00+05:30,34.55,35.5,34.0,35.2,1715
2011-08-16 00:00:00+05:30,36.0,36.0,34.1,35.0,840
2011-08-17 00:00:00+05:30,34.3,34.3,32.45,32.55,3504
2011-08-18 00:00:00+05:30,31.25,33.85,31.0,31.85,1839
2011-08-19 00:00:00+05:30,31.0,32.8,30.0,31.1,7835
2011-08-22 00:00:00+05:30,30.1,33.0,30.1,31.7,1880
2011-08-23 00:00:00+05:30,32.9,32.95,32.5,32.5,1159
2011-08-24 00:00:00+05:30,32.5,34.5,32.5,33.6,2701
2011-08-25 00:00:00+05:30,33.0,34.8,33.0,34.8,1069
2011-08-26 00:00:00+05:30,34.0,34.5,32.3,33.1,2205
2011-08-29 00:00:00+05:30,32.25,34.0,31.2,33.05,2495
2011-08-30 00:00:00+05:30,34.0,34.0,31.65,32.9,856
2011-09-02 00:00:00+05:30,31.6,34.0,31.6,32.3,6979
2011-09-05 00:00:00+05:30,32.7,34.2,32.7,33.6,2884
2011-09-06 00:00:00+05:30,32.8,34.7,32.7,34.2,516
2011-09-07 00:00:00+05:30,36.0,36.0,34.0,34.2,471
2011-09-08 00:00:00+05:30,35.0,35.95,34.3,35.95,1099
2011-09-09 00:00:00+05:30,34.5,34.5,34.0,34.15,728
2011-09-12 00:00:00+05:30,34.2,34.4,33.4,33.55,476
2011-09-13 00:00:00+05:30,35.75,35.75,32.6,34.0,898
2011-09-14 00:00:00+05:30,33.25,36.85,33.25,35.35,1863
2011-09-16 00:00:00+05:30,35.25,36.55,34.0,36.0,2207
2011-09-19 00:00:00+05:30,36.0,37.75,36.0,37.3,6570
2011-09-20 00:00:00+05:30,37.0,38.0,36.7,37.4,2609
2011-09-21 00:00:00+05:30,36.7,37.5,36.7,37.5,222
2011-09-22 00:00:00+05:30,36.6,37.5,36.5,37.0,4777
2011-09-23 00:00:00+05:30,38.0,38.0,33.65,37.35,4233
2011-09-26 00:00:00+05:30,38.0,38.0,36.25,37.5,2121
2011-09-27 00:00:00+05:30,38.0,38.35,37.05,37.95,4980
2011-09-28 00:00:00+05:30,37.2,38.0,37.2,37.75,1010
2011-09-29 00:00:00+05:30,38.8,39.0,37.05,38.6,3951
2011-09-30 00:00:00+05:30,38.0,38.5,37.4,37.95,17001
2011-10-03 00:00:00+05:30,37.2,38.5,35.55,36.35,190
2011-10-04 00:00:00+05:30,36.25,41.6,36.25,38.2,2050
2011-10-05 00:00:00+05:30,37.3,39.9,37.3,39.15,7217
2011-10-07 00:00:00+05:30,39.0,39.85,37.25,39.6,5201
2011-10-10 00:00:00+05:30,39.15,40.0,38.1,39.8,3139
2011-10-11 00:00:00+05:30,39.0,39.9,38.1,39.7,2481
2011-10-12 00:00:00+05:30,38.7,43.0,36.5,37.3,24819
2011-10-13 00:00:00+05:30,33.0,39.0,33.0,38.25,3037
2011-10-14 00:00:00+05:30,37.05,39.2,37.05,38.4,620
2011-10-17 00:00:00+05:30,37.0,39.6,37.0,37.25,1950
2011-10-18 00:00:00+05:30,37.25,37.65,35.5,35.6,900
2011-10-19 00:00:00+05:30,35.6,36.25,35.05,35.4,495
2011-10-20 00:00:00+05:30,34.9,36.25,34.9,36.25,401
2011-10-21 00:00:00+05:30,35.0,35.1,34.15,34.25,942
2011-10-24 00:00:00+05:30,34.0,35.4,34.0,34.5,403
2011-10-25 00:00:00+05:30,35.0,36.4,34.0,35.25,210
2011-10-26 00:00:00+05:30,36.8,36.85,35.5,35.55,88
2011-10-28 00:00:00+05:30,36.0,37.5,36.0,37.1,1061
2011-10-31 00:00:00+05:30,36.0,36.85,35.0,36.0,302
2011-11-01 00:00:00+05:30,37.35,38.8,35.4,38.4,644
2011-11-02 00:00:00+05:30,37.5,39.25,37.3,38.25,848
2011-11-03 00:00:00+05:30,40.65,40.65,37.65,37.8,183
2011-11-04 00:00:00+05:30,40.25,40.25,36.5,39.25,7589
2011-11-08 00:00:00+05:30,39.5,40.0,39.5,39.95,581
2011-11-09 00:00:00+05:30,41.35,41.35,37.3,38.4,1648
2011-11-11 00:00:00+05:30,38.0,38.0,36.75,36.75,10
2011-11-14 00:00:00+05:30,36.2,38.0,36.2,37.0,753
2011-11-15 00:00:00+05:30,36.0,36.95,34.05,34.75,2286
2011-11-16 00:00:00+05:30,33.5,35.0,33.2,34.5,1246
2011-11-17 00:00:00+05:30,36.4,36.4,33.5,34.4,2154
2011-11-18 00:00:00+05:30,33.5,35.75,32.3,34.3,5230
2011-11-21 00:00:00+05:30,33.0,36.45,32.6,36.05,4309
2011-11-22 00:00:00+05:30,35.0,35.75,33.1,33.85,2000
2011-11-23 00:00:00+05:30,33.75,35.15,32.5,34.85,3092
2011-11-24 00:00:00+05:30,34.0,38.4,33.05,35.1,1822
2011-11-25 00:00:00+05:30,34.15,38.5,34.15,37.45,2761
2011-11-28 00:00:00+05:30,36.8,40.5,35.65,39.1,2097
2011-11-29 00:00:00+05:30,38.0,38.0,37.0,37.1,263
2011-11-30 00:00:00+05:30,36.0,40.7,35.2,37.85,2931
2011-12-01 00:00:00+05:30,37.5,38.8,36.5,37.8,434
2011-12-02 00:00:00+05:30,37.5,38.6,37.5,38.6,2
2011-12-05 00:00:00+05:30,38.0,39.0,37.15,38.8,504
2011-12-07 00:00:00+05:30,38.4,40.0,38.1,39.5,1054
2011-12-08 00:00:00+05:30,38.65,39.8,38.65,39.5,107
2011-12-12 00:00:00+05:30,39.0,39.6,36.45,38.4,653
2011-12-13 00:00:00+05:30,38.0,38.5,35.4,38.5,709
2011-12-14 00:00:00+05:30,36.85,38.8,36.4,37.75,350
2011-12-15 00:00:00+05:30,36.5,38.0,35.65,38.0,157
2011-12-16 00:00:00+05:30,37.0,37.35,35.1,35.85,830
2011-12-19 00:00:00+05:30,35.05,36.75,35.0,35.1,1861
2011-12-20 00:00:00+05:30,35.0,37.35,35.0,37.25,3139
2011-12-21 00:00:00+05:30,36.45,38.0,36.45,37.35,968
2011-12-22 00:00:00+05:30,39.95,40.0,35.15,36.15,930
2011-12-23 00:00:00+05:30,37.5,37.5,35.2,35.65,324
2011-12-26 00:00:00+05:30,36.05,36.05,36.05,36.05,800
2011-12-27 00:00:00+05:30,36.35,38.4,36.3,36.7,602
2011-12-28 00:00:00+05:30,38.0,38.0,36.05,36.05,204
2011-12-29 00:00:00+05:30,35.15,36.6,34.25,36.35,1042
2011-12-30 00:00:00+05:30,36.25,39.35,35.5,36.45,262
2012-01-02 00:00:00+05:30,36.1,36.9,36.0,36.0,174
2012-01-03 00:00:00+05:30,37.0,37.0,36.5,36.5,151
2012-01-04 00:00:00+05:30,37.0,37.0,36.75,36.8,272
2012-01-05 00:00:00+05:30,38.0,38.95,36.8,38.8,4537
2012-01-06 00:00:00+05:30,39.1,42.4,35.6,36.35,1145
2012-01-09 00:00:00+05:30,37.0,37.05,36.25,36.85,402
2012-01-10 00:00:00+05:30,36.35,38.0,36.35,38.0,209
2012-01-11 00:00:00+05:30,41.9,41.9,35.65,39.8,3723
2012-01-12 00:00:00+05:30,39.0,39.8,37.15,38.5,2032
2012-01-13 00:00:00+05:30,39.4,39.4,38.0,38.1,517
2012-01-16 00:00:00+05:30,38.0,39.25,36.9,37.1,715
2012-01-17 00:00:00+05:30,37.0,37.4,37.0,37.4,382
2012-01-18 00:00:00+05:30,37.4,38.0,36.75,36.8,166
2012-01-19 00:00:00+05:30,36.5,38.35,36.5,36.6,499
2012-01-20 00:00:00+05:30,37.95,37.95,35.55,36.1,2522
2012-01-23 00:00:00+05:30,35.5,37.45,34.7,36.35,2984
2012-01-24 00:00:00+05:30,36.05,36.9,35.55,35.95,2763
2012-01-25 00:00:00+05:30,35.0,36.0,34.2,35.5,937
2012-01-27 00:00:00+05:30,36.3,36.3,35.05,35.95,3588
2012-01-30 00:00:00+05:30,35.8,35.85,35.7,35.7,66
2012-01-31 00:00:00+05:30,36.0,36.0,35.15,35.45,631
2012-02-01 00:00:00+05:30,35.85,36.75,35.85,36.75,1002
2012-02-02 00:00:00+05:30,36.0,38.85,36.0,36.8,893
2012-02-03 00:00:00+05:30,36.0,37.0,35.15,36.65,1280
2012-02-06 00:00:00+05:30,37.2,37.3,36.0,37.3,961
2012-02-07 00:00:00+05:30,36.8,36.9,35.6,35.95,1206
2012-02-08 00:00:00+05:30,37.4,37.4,33.4,36.0,5456
2012-02-09 00:00:00+05:30,35.6,36.05,35.6,36.0,1017
2012-02-10 00:00:00+05:30,37.1,37.1,35.65,36.0,771
2012-02-13 00:00:00+05:30,35.75,36.2,35.1,35.85,994
2012-02-14 00:00:00+05:30,36.25,36.8,35.3,35.6,2663
2012-02-15 00:00:00+05:30,36.1,37.5,35.95,36.25,4730
2012-02-16 00:00:00+05:30,35.5,37.5,35.5,36.45,3755
2012-02-17 00:00:00+05:30,37.5,39.95,37.45,39.5,20585
2012-02-21 00:00:00+05:30,41.5,44.0,40.15,41.2,17846
2012-02-22 00:00:00+05:30,41.5,41.95,39.55,39.95,4112
2012-02-23 00:00:00+05:30,39.5,39.8,37.8,39.3,2356
2012-02-24 00:00:00+05:30,39.3,40.25,39.05,39.95,471
2012-02-27 00:00:00+05:30,39.95,39.95,37.5,38.0,1334
2012-02-28 00:00:00+05:30,40.0,40.0,39.0,39.8,806
2012-02-29 00:00:00+05:30,40.45,40.45,38.0,38.3,2525
2012-03-01 00:00:00+05:30,38.0,38.9,37.85,38.9,452
2012-03-02 00:00:00+05:30,38.85,38.9,37.25,38.05,217
2012-03-03 00:00:00+05:30,37.05,38.9,37.05,38.0,370
2012-03-05 00:00:00+05:30,37.05,39.15,37.05,37.8,2333
2012-03-06 00:00:00+05:30,37.3,38.7,37.25,37.4,1012
2012-03-07 00:00:00+05:30,37.75,37.8,37.25,37.6,1100
2012-03-09 00:00:00+05:30,39.15,39.15,37.5,37.8,522
2012-03-12 00:00:00+05:30,37.2,38.65,37.2,37.5,353
2012-03-13 00:00:00+05:30,37.75,38.95,37.45,37.7,643
2012-03-14 00:00:00+05:30,38.0,38.0,36.5,36.75,3150
2012-03-15 00:00:00+05:30,36.55,37.8,36.55,37.75,204
2012-03-16 00:00:00+05:30,38.45,38.45,36.6,36.65,320
2012-03-19 00:00:00+05:30,35.55,37.9,35.55,36.05,151
2012-03-20 00:00:00+05:30,34.6,37.9,33.9,36.1,3557
2012-03-21 00:00:00+05:30,37.9,38.65,37.9,38.25,2
2012-03-22 00:00:00+05:30,37.5,38.2,36.9,37.15,270
2012-03-23 00:00:00+05:30,38.0,38.0,36.05,36.3,535
2012-03-26 00:00:00+05:30,35.35,36.05,35.2,36.05,194
2012-03-27 00:00:00+05:30,36.05,38.4,36.0,37.6,504
2012-03-28 00:00:00+05:30,38.4,38.4,35.5,36.1,663
2012-03-29 00:00:00+05:30,36.0,37.9,34.75,35.55,1317
2012-03-30 00:00:00+05:30,37.95,38.4,36.6,37.4,1221
2012-04-02 00:00:00+05:30,36.0,36.0,35.8,35.8,2250
2012-04-03 00:00:00+05:30,36.0,36.0,35.55,35.55,337
2012-04-04 00:00:00+05:30,35.75,37.45,35.75,35.85,193
2012-04-09 00:00:00+05:30,35.8,37.05,35.55,37.05,782
2012-04-10 00:00:00+05:30,35.45,35.5,34.0,35.05,3261
2012-04-11 00:00:00+05:30,36.0,36.0,35.5,35.95,71
2012-04-12 00:00:00+05:30,35.1,36.9,35.0,36.85,810
2012-04-13 00:00:00+05:30,36.0,36.0,36.0,36.0,101
2012-04-16 00:00:00+05:30,37.0,37.05,36.5,36.5,573
2012-04-17 00:00:00+05:30,38.7,38.75,36.4,37.2,343
2012-04-18 00:00:00+05:30,36.35,38.8,36.1,38.0,1567
2012-04-19 00:00:00+05:30,37.0,37.0,37.0,37.0,132
2012-04-20 00:00:00+05:30,36.5,36.5,36.5,36.5,51
2012-04-23 00:00:00+05:30,38.2,38.2,35.8,36.65,44
2012-04-24 00:00:00+05:30,35.6,35.6,35.5,35.55,444
2012-04-25 00:00:00+05:30,37.45,38.8,36.05,37.6,1425
2012-04-26 00:00:00+05:30,37.5,38.45,37.0,37.6,1430
2012-04-27 00:00:00+05:30,38.5,39.0,36.45,36.45,388
2012-04-30 00:00:00+05:30,38.8,40.4,38.8,38.9,1101
2012-05-02 00:00:00+05:30,37.5,37.5,37.0,37.0,500
2012-05-03 00:00:00+05:30,41.8,41.8,37.0,38.25,1609
2012-05-04 00:00:00+05:30,36.6,38.8,36.05,38.8,786
2012-05-07 00:00:00+05:30,35.75,38.45,35.75,37.0,351
2012-05-08 00:00:00+05:30,37.0,39.0,37.0,38.9,802
2012-05-09 00:00:00+05:30,37.0,39.95,35.2,38.75,6719
2012-05-10 00:00:00+05:30,37.3,39.0,37.3,38.65,1890
2012-05-11 00:00:00+05:30,37.8,39.95,37.8,39.1,890
2012-05-14 00:00:00+05:30,37.95,39.7,37.8,39.0,702
2012-05-15 00:00:00+05:30,38.35,38.35,38.0,38.05,1727
2012-05-16 00:00:00+05:30,37.5,37.6,37.5,37.6,428
2012-05-17 00:00:00+05:30,36.0,37.8,36.0,37.8,140
2012-05-18 00:00:00+05:30,36.0,37.25,36.0,37.25,40
2012-05-21 00:00:00+05:30,38.8,38.8,37.05,37.05,70
2012-05-22 00:00:00+05:30,37.0,37.0,35.95,36.0,3656
2012-05-24 00:00:00+05:30,35.3,36.0,35.3,36.0,2
2012-05-25 00:00:00+05:30,35.2,36.25,35.15,36.15,450
2012-05-28 00:00:00+05:30,37.0,40.3,37.0,39.05,7484
2012-05-29 00:00:00+05:30,38.85,40.5,38.8,39.95,817
2012-05-30 00:00:00+05:30,38.75,40.95,38.75,40.35,933
2012-05-31 00:00:00+05:30,39.95,39.95,39.0,39.2,1251
2012-06-01 00:00:00+05:30,38.25,39.5,38.25,39.0,246
2012-06-04 00:00:00+05:30,38.9,38.9,38.9,38.9,255
2012-06-05 00:00:00+05:30,38.35,38.35,38.15,38.2,103
2012-06-06 00:00:00+05:30,40.1,40.15,38.15,38.25,205
2012-06-07 00:00:00+05:30,38.25,39.0,38.25,39.0,100
2012-06-08 00:00:00+05:30,38.5,38.5,38.0,38.25,483
2012-06-11 00:00:00+05:30,38.1,38.55,38.0,38.55,500
2012-06-13 00:00:00+05:30,38.2,38.45,37.55,37.8,2233
2012-06-14 00:00:00+05:30,38.0,38.2,37.55,37.55,110
2012-06-15 00:00:00+05:30,40.0,40.95,38.0,39.25,5878
2012-06-18 00:00:00+05:30,38.95,41.3,38.95,40.1,3829
2012-06-19 00:00:00+05:30,41.0,41.3,38.5,39.8,4593
2012-06-20 00:00:00+05:30,39.8,42.45,39.8,41.35,2483
2012-06-21 00:00:00+05:30,41.75,43.0,41.4,42.1,6120
2012-06-22 00:00:00+05:30,41.5,43.9,41.05,43.4,6897
2012-06-25 00:00:00+05:30,43.5,44.85,43.05,43.65,2014
2012-06-26 00:00:00+05:30,47.0,47.0,42.6,43.1,1939
2012-06-27 00:00:00+05:30,42.5,44.65,40.75,42.1,2610
2012-06-28 00:00:00+05:30,44.15,44.15,40.65,41.15,737
2012-06-29 00:00:00+05:30,43.5,44.0,41.85,42.25,3540
2012-07-02 00:00:00+05:30,41.55,42.95,41.0,41.05,1026
2012-07-03 00:00:00+05:30,42.0,42.95,41.05,42.95,551
2012-07-04 00:00:00+05:30,42.4,42.4,40.7,41.25,2842
2012-07-05 00:00:00+05:30,41.05,41.95,41.0,41.0,1211
2012-07-06 00:00:00+05:30,40.25,41.8,38.55,39.85,1261
2012-07-09 00:00:00+05:30,41.5,41.5,40.0,40.05,189
2012-07-10 00:00:00+05:30,39.5,40.5,38.55,39.15,1593
2012-07-11 00:00:00+05:30,40.0,40.0,39.5,39.5,1350
2012-07-12 00:00:00+05:30,41.8,41.8,37.6,38.45,2003
2012-07-13 00:00:00+05:30,38.0,39.8,37.6,39.25,2071
2012-07-16 00:00:00+05:30,39.5,39.95,38.05,38.8,315
2012-07-17 00:00:00+05:30,38.45,39.75,38.3,38.7,357
2012-07-18 00:00:00+05:30,39.0,39.0,38.55,38.9,513
2012-07-19 00:00:00+05:30,39.4,39.4,38.65,38.65,501
2012-07-20 00:00:00+05:30,38.65,39.0,38.15,38.8,269
2012-07-23 00:00:00+05:30,39.65,39.65,38.45,38.5,470
2012-07-24 00:00:00+05:30,38.15,39.0,38.1,38.75,1211
2012-07-25 00:00:00+05:30,38.1,38.1,37.5,37.5,1203
2012-07-26 00:00:00+05:30,36.2,38.0,35.95,35.95,5229
2012-07-27 00:00:00+05:30,36.9,39.5,36.65,37.95,5171
2012-07-30 00:00:00+05:30,36.35,39.35,36.3,37.35,6082
2012-07-31 00:00:00+05:30,38.95,38.95,37.0,37.35,890
2012-08-01 00:00:00+05:30,36.5,41.45,36.5,40.45,4072
2012-08-02 00:00:00+05:30,41.95,44.5,38.7,43.25,12357
2012-08-03 00:00:00+05:30,43.25,45.5,42.6,43.75,12877
2012-08-06 00:00:00+05:30,43.5,43.65,42.15,43.3,999
2012-08-07 00:00:00+05:30,42.05,44.5,42.0,44.25,6500
2012-08-08 00:00:00+05:30,44.1,44.8,43.5,44.35,2405
2012-08-09 00:00:00+05:30,44.45,45.35,43.25,43.95,6321
2012-08-10 00:00:00+05:30,44.5,45.5,44.25,44.35,1605
2012-08-13 00:00:00+05:30,43.9,44.35,43.85,44.15,275
2012-08-14 00:00:00+05:30,43.75,44.2,43.55,43.65,718
2012-08-16 00:00:00+05:30,43.15,48.0,43.05,44.7,6962
2012-08-17 00:00:00+05:30,44.4,46.5,44.4,44.6,1867
2012-08-21 00:00:00+05:30,44.0,45.0,44.0,44.15,3101
2012-08-22 00:00:00+05:30,43.85,45.3,43.8,45.0,2367
2012-08-23 00:00:00+05:30,44.9,45.45,43.5,43.95,6151
2012-08-24 00:00:00+05:30,44.0,44.75,44.0,44.35,390
2012-08-27 00:00:00+05:30,43.8,43.8,42.6,43.0,872
2012-08-28 00:00:00+05:30,42.55,42.8,41.5,41.95,804
2012-08-29 00:00:00+05:30,41.4,43.0,40.25,42.05,902
2012-08-30 00:00:00+05:30,44.05,44.1,38.9,41.35,18063
2012-08-31 00:00:00+05:30,43.8,43.9,40.1,40.75,12261
2012-09-03 00:00:00+05:30,41.85,43.85,41.7,43.3,1596
2012-09-04 00:00:00+05:30,42.25,45.45,42.1,45.1,3854
2012-09-05 00:00:00+05:30,44.9,45.45,44.45,45.3,941
2012-09-06 00:00:00+05:30,45.5,45.5,44.85,45.05,1450
2012-09-07 00:00:00+05:30,45.0,45.75,43.05,44.95,2139
2012-09-10 00:00:00+05:30,44.9,45.75,43.85,44.6,13357
2012-09-11 00:00:00+05:30,44.5,44.95,44.15,44.3,2220
2012-09-12 00:00:00+05:30,45.3,45.7,44.45,44.85,1338
2012-09-13 00:00:00+05:30,45.0,45.5,44.05,44.25,2029
2012-09-14 00:00:00+05:30,44.3,45.3,44.3,45.1,1334
2012-09-17 00:00:00+05:30,44.8,45.0,44.1,44.7,353
2012-09-18 00:00:00+05:30,44.5,45.5,44.05,45.3,1720
2012-09-20 00:00:00+05:30,44.75,44.75,44.55,44.6,651
2012-09-21 00:00:00+05:30,44.6,44.6,43.55,43.7,3175
2012-09-24 00:00:00+05:30,44.45,44.45,43.0,43.05,1646
2012-09-25 00:00:00+05:30,42.9,43.95,42.55,43.7,3183
2012-09-26 00:00:00+05:30,43.35,43.9,42.6,43.7,1505
2012-09-27 00:00:00+05:30,43.85,45.4,43.8,44.45,1762
2012-09-28 00:00:00+05:30,45.2,48.0,45.2,47.5,8125
2012-10-01 00:00:00+05:30,47.5,51.0,46.65,49.8,15396
2012-10-03 00:00:00+05:30,49.3,50.0,46.35,47.25,5024
2012-10-04 00:00:00+05:30,47.0,47.0,45.55,45.95,4669
2012-10-05 00:00:00+05:30,46.0,46.5,45.25,45.75,1464
2012-10-08 00:00:00+05:30,45.8,45.8,43.5,44.2,1947
2012-10-09 00:00:00+05:30,44.05,45.95,43.9,45.4,13294
2012-10-10 00:00:00+05:30,45.05,47.5,45.05,46.95,4097
2012-10-11 00:00:00+05:30,47.0,47.0,45.8,46.1,3439
2012-10-12 00:00:00+05:30,45.55,45.55,45.1,45.2,1494
2012-10-15 00:00:00+05:30,45.25,45.25,44.55,44.7,622
2012-10-16 00:00:00+05:30,44.5,44.5,43.5,43.7,1407
2012-10-17 00:00:00+05:30,43.8,43.8,43.5,43.8,1261
2012-10-18 00:00:00+05:30,43.55,45.0,43.5,44.75,1201
2012-10-19 00:00:00+05:30,44.4,44.4,43.0,43.05,1036
2012-10-22 00:00:00+05:30,42.5,43.4,42.5,42.7,331
2012-10-23 00:00:00+05:30,43.5,43.5,43.5,43.5,100
2012-10-25 00:00:00+05:30,43.05,44.5,42.5,44.2,628
2012-10-26 00:00:00+05:30,43.5,43.5,42.05,42.3,1316
2012-10-29 00:00:00+05:30,42.5,44.45,42.1,42.55,2340
2012-10-30 00:00:00+05:30,42.6,42.85,42.0,42.6,2018
2012-10-31 00:00:00+05:30,41.9,43.5,41.6,42.6,1680
2012-11-01 00:00:00+05:30,42.05,42.05,42.0,42.0,500
2012-11-02 00:00:00+05:30,42.85,43.5,42.5,43.0,1254
2012-11-05 00:00:00+05:30,42.8,42.8,42.1,42.2,735
2012-11-06 00:00:00+05:30,42.2,43.5,41.6,43.05,1490
2012-11-07 00:00:00+05:30,43.75,43.8,41.55,43.45,2567
2012-11-08 00:00:00+05:30,43.5,44.5,43.5,44.45,1607
2012-11-09 00:00:00+05:30,44.1,46.2,43.7,45.0,8034
2012-11-12 00:00:00+05:30,45.0,45.0,42.6,43.75,2277
2012-11-13 00:00:00+05:30,43.1,43.1,42.1,42.25,1008
2012-11-15 00:00:00+05:30,42.5,43.9,42.1,43.9,1251
2012-11-16 00:00:00+05:30,43.95,44.0,43.05,43.6,2501
2012-11-19 00:00:00+05:30,43.9,44.4,42.7,44.25,3117
2012-11-20 00:00:00+05:30,43.7,44.45,43.1,44.45,423
2012-11-21 00:00:00+05:30,43.75,44.9,43.65,44.15,2602
2012-11-22 00:00:00+05:30,44.65,44.95,44.6,44.6,1411
2012-11-23 00:00:00+05:30,44.1,44.85,43.1,44.1,3448
2012-11-26 00:00:00+05:30,44.0,44.0,43.6,43.6,500
2012-11-27 00:00:00+05:30,44.0,44.9,43.5,44.7,889
2012-11-29 00:00:00+05:30,45.0,45.0,44.0,44.3,717
2012-11-30 00:00:00+05:30,45.0,46.15,45.0,45.8,4417
2012-12-03 00:00:00+05:30,46.0,46.0,44.5,45.25,306
2012-12-04 00:00:00+05:30,45.0,45.9,44.55,45.6,2997
2012-12-05 00:00:00+05:30,45.25,46.4,44.65,44.65,3757
2012-12-06 00:00:00+05:30,44.75,44.75,44.65,44.65,157
2012-12-10 00:00:00+05:30,45.25,46.35,44.9,45.65,7897
2012-12-11 00:00:00+05:30,45.5,46.4,45.0,46.05,5535
2012-12-12 00:00:00+05:30,46.35,47.45,45.8,46.55,1675
2012-12-13 00:00:00+05:30,46.9,46.9,45.6,45.6,887
2012-12-14 00:00:00+05:30,45.5,45.5,44.7,44.95,4275
2012-12-17 00:00:00+05:30,45.0,46.45,44.95,46.05,11577
2012-12-18 00:00:00+05:30,45.5,46.15,44.0,44.6,2595
2012-12-19 00:00:00+05:30,44.35,44.35,43.55,43.6,3318
2012-12-20 00:00:00+05:30,43.55,44.1,43.0,43.0,1714
2012-12-21 00:00:00+05:30,42.8,44.2,42.5,43.85,2981
2012-12-24 00:00:00+05:30,43.65,44.9,43.6,44.6,880
2012-12-27 00:00:00+05:30,44.0,44.15,43.5,43.55,817
2012-12-28 00:00:00+05:30,43.15,43.15,42.5,42.65,1257
2012-12-31 00:00:00+05:30,43.0,43.1,38.6,39.55,9189
2013-01-01 00:00:00+05:30,42.5,42.5,40.0,41.2,3350
2013-01-02 00:00:00+05:30,41.9,41.9,40.6,41.5,741
2013-01-03 00:00:00+05:30,41.35,42.25,41.05,42.0,3317
2013-01-04 00:00:00+05:30,42.0,43.5,42.0,43.3,3762
2013-01-07 00:00:00+05:30,43.25,43.75,43.2,43.45,1388
2013-01-08 00:00:00+05:30,43.25,43.25,42.15,42.5,1386
2013-01-09 00:00:00+05:30,43.1,43.5,43.1,43.5,562
2013-01-10 00:00:00+05:30,43.5,43.9,43.15,43.5,2045
2013-01-11 00:00:00+05:30,43.15,43.7,42.5,42.95,464
2013-01-14 00:00:00+05:30,42.8,43.9,40.2,43.15,5179
2013-01-15 00:00:00+05:30,42.8,42.8,41.5,41.75,5159
2013-01-16 00:00:00+05:30,41.6,42.5,41.1,41.85,1158
2013-01-17 00:00:00+05:30,42.5,42.75,42.0,42.0,1118
2013-01-18 00:00:00+05:30,41.75,43.45,41.65,42.65,1733
2013-01-21 00:00:00+05:30,42.25,43.0,42.05,42.2,886
2013-01-22 00:00:00+05:30,42.0,42.35,41.5,41.55,1677
2013-01-23 00:00:00+05:30,41.6,41.75,41.5,41.5,1106
2013-01-24 00:00:00+05:30,42.0,43.5,41.0,42.85,2334
2013-01-25 00:00:00+05:30,43.4,43.5,42.05,43.05,5934
2013-01-28 00:00:00+05:30,42.5,42.5,41.75,41.75,836
2013-01-29 00:00:00+05:30,41.6,42.6,40.55,41.55,2180
2013-01-30 00:00:00+05:30,41.2,43.5,41.2,42.6,998
2013-01-31 00:00:00+05:30,42.55,42.55,42.5,42.5,188
2013-02-01 00:00:00+05:30,42.0,42.0,41.1,41.3,4136
2013-02-04 00:00:00+05:30,43.4,43.4,41.0,41.15,2230
2013-02-05 00:00:00+05:30,42.7,42.75,41.55,41.85,1024
2013-02-06 00:00:00+05:30,42.45,42.45,41.2,41.2,945
2013-02-07 00:00:00+05:30,41.35,42.05,41.0,41.35,2216
2013-02-08 00:00:00+05:30,41.25,41.25,40.0,40.75,2076
2013-02-11 00:00:00+05:30,41.3,42.5,41.3,41.6,1943
2013-02-12 00:00:00+05:30,41.2,42.45,41.1,41.9,902
2013-02-13 00:00:00+05:30,41.85,43.2,41.85,42.6,1987
2013-02-14 00:00:00+05:30,42.5,42.5,42.0,42.0,300
2013-02-15 00:00:00+05:30,42.5,43.2,42.2,43.0,1883
2013-02-18 00:00:00+05:30,42.75,43.95,42.75,43.7,587
2013-02-19 00:00:00+05:30,44.1,44.45,42.6,44.05,2141
2013-02-20 00:00:00+05:30,44.0,44.75,43.65,43.95,455
2013-02-21 00:00:00+05:30,44.0,44.9,43.1,43.5,1292
2013-02-22 00:00:00+05:30,43.1,44.45,43.1,44.4,671
2013-02-25 00:00:00+05:30,44.0,44.75,43.7,44.15,121
2013-02-26 00:00:00+05:30,44.0,44.0,41.1,42.4,4912
2013-02-27 00:00:00+05:30,41.55,42.6,40.3,42.25,2574
2013-02-28 00:00:00+05:30,42.55,42.55,42.15,42.2,1066
2013-03-01 00:00:00+05:30,42.95,43.45,42.2,43.0,3769
2013-03-04 00:00:00+05:30,42.5,43.0,42.0,42.55,750
2013-03-05 00:00:00+05:30,43.0,43.0,42.2,42.5,1196
2013-03-06 00:00:00+05:30,42.5,43.45,42.0,42.1,1201
2013-03-07 00:00:00+05:30,42.35,43.2,42.3,42.85,1597
2013-03-08 00:00:00+05:30,42.0,43.15,42.0,43.15,222
2013-03-11 00:00:00+05:30,42.5,42.5,41.7,42.25,614
2013-03-12 00:00:00+05:30,43.0,43.1,42.0,43.05,878
2013-03-13 00:00:00+05:30,42.25,43.25,42.25,43.0,1401
2013-03-14 00:00:00+05:30,42.45,42.6,42.45,42.6,410
2013-03-15 00:00:00+05:30,43.45,43.9,42.55,43.1,1327
2013-03-18 00:00:00+05:30,43.4,43.85,43.0,43.3,5759
2013-03-19 00:00:00+05:30,43.1,44.7,42.55,44.3,1521
2013-03-20 00:00:00+05:30,43.3,46.0,43.3,45.1,1763
2013-03-21 00:00:00+05:30,44.25,45.5,43.5,43.5,8247
2013-03-22 00:00:00+05:30,44.0,44.75,42.5,42.5,6471
2013-03-25 00:00:00+05:30,42.5,43.25,40.5,40.55,6871
2013-03-26 00:00:00+05:30,40.5,41.5,39.5,39.65,2940
2013-03-28 00:00:00+05:30,39.5,41.9,38.0,40.5,2353
2013-04-01 00:00:00+05:30,39.5,39.65,39.5,39.65,103
2013-04-02 00:00:00+05:30,39.6,40.0,38.55,38.55,2689
2013-04-03 00:00:00+05:30,39.45,39.9,39.3,39.55,523
2013-04-04 00:00:00+05:30,39.0,41.0,39.0,40.95,951
2013-04-05 00:00:00+05:30,41.0,41.0,39.5,40.2,2313
2013-04-08 00:00:00+05:30,40.95,41.0,40.95,41.0,200
2013-04-09 00:00:00+05:30,40.0,41.25,40.0,40.25,3117
2013-04-10 00:00:00+05:30,40.15,40.15,40.0,40.0,122
2013-04-11 00:00:00+05:30,40.05,40.2,39.5,40.2,1810
2013-04-12 00:00:00+05:30,39.45,40.65,37.65,39.0,8150
2013-04-15 00:00:00+05:30,39.0,39.0,39.0,39.0,1
2013-04-16 00:00:00+05:30,39.0,40.5,38.1,38.95,2309
2013-04-17 00:00:00+05:30,40.5,40.6,40.45,40.6,435
2013-04-18 00:00:00+05:30,40.0,41.0,39.95,40.2,3901
2013-04-22 00:00:00+05:30,37.4,41.0,37.4,40.95,2714
2013-04-23 00:00:00+05:30,41.0,42.0,39.65,41.75,3008
2013-04-25 00:00:00+05:30,41.1,42.5,41.0,41.0,1068
2013-04-26 00:00:00+05:30,40.55,42.5,40.55,42.05,35
2013-04-29 00:00:00+05:30,42.0,42.5,41.3,42.2,212
2013-04-30 00:00:00+05:30,41.75,43.2,41.05,41.85,303
2013-05-02 00:00:00+05:30,41.9,41.9,41.9,41.9,25
2013-05-03 00:00:00+05:30,41.5,41.5,41.5,41.5,600
2013-05-06 00:00:00+05:30,41.0,41.0,40.55,40.55,151
2013-05-08 00:00:00+05:30,40.1,40.1,40.0,40.0,289
2013-05-09 00:00:00+05:30,39.7,40.0,38.1,39.9,3383
2013-05-10 00:00:00+05:30,40.0,40.0,40.0,40.0,600
2013-05-13 00:00:00+05:30,39.5,39.5,38.5,38.85,754
2013-05-14 00:00:00+05:30,38.5,38.5,38.5,38.5,51
2013-05-15 00:00:00+05:30,38.55,38.65,38.5,38.55,836
2013-05-16 00:00:00+05:30,38.5,38.5,38.1,38.1,1150
2013-05-17 00:00:00+05:30,38.05,38.05,38.05,38.05,350
2013-05-20 00:00:00+05:30,38.1,39.2,38.1,39.05,409
2013-05-21 00:00:00+05:30,38.0,38.5,37.5,37.85,2048
2013-05-22 00:00:00+05:30,38.0,38.75,37.5,37.6,1802
2013-05-23 00:00:00+05:30,37.6,38.2,37.6,38.2,3761
2013-05-24 00:00:00+05:30,38.0,38.25,37.85,37.95,1523
2013-05-27 00:00:00+05:30,37.85,37.85,37.8,37.8,171
2013-05-28 00:00:00+05:30,38.0,38.0,37.65,37.65,118
2013-05-29 00:00:00+05:30,39.0,39.0,38.95,38.95,3
2013-05-30 00:00:00+05:30,38.2,38.2,37.6,37.7,596
2013-05-31 00:00:00+05:30,37.6,39.15,36.95,39.0,1888
2013-06-03 00:00:00+05:30,38.5,38.5,38.05,38.25,4
2013-06-04 00:00:00+05:30,38.0,38.0,37.9,37.9,721
2013-06-05 00:00:00+05:30,38.0,38.0,37.6,37.6,543
2013-06-06 00:00:00+05:30,39.0,40.0,38.55,39.0,1269
2013-06-07 00:00:00+05:30,39.0,39.0,38.15,38.15,58
2013-06-10 00:00:00+05:30,39.45,40.0,39.45,39.55,192
2013-06-11 00:00:00+05:30,40.0,40.0,38.95,39.2,227
2013-06-12 00:00:00+05:30,39.0,39.95,38.1,38.45,1154
2013-06-13 00:00:00+05:30,38.05,39.5,38.05,39.5,731
2013-06-14 00:00:00+05:30,39.0,39.8,38.8,39.0,162
2013-06-17 00:00:00+05:30,38.65,39.95,38.5,39.25,277
2013-06-18 00:00:00+05:30,39.05,39.05,39.05,39.05,100
2013-06-19 00:00:00+05:30,39.5,39.5,39.45,39.45,2
2013-06-20 00:00:00+05:30,39.0,39.0,38.7,38.7,2
2013-06-21 00:00:00+05:30,38.55,40.0,38.55,39.4,764
2013-06-24 00:00:00+05:30,37.45,40.0,37.45,39.35,1900
2013-06-25 00:00:00+05:30,38.5,40.0,38.0,39.4,1383
2013-06-26 00:00:00+05:30,40.45,40.5,39.4,40.45,251
2013-06-27 00:00:00+05:30,40.4,40.4,38.5,39.15,2634
2013-06-28 00:00:00+05:30,38.8,39.8,38.8,39.8,152
2013-07-01 00:00:00+05:30,40.2,40.45,40.2,40.45,8
2013-07-02 00:00:00+05:30,40.0,40.45,38.95,40.1,1768
2013-07-03 00:00:00+05:30,40.0,41.0,39.6,40.6,1618
2013-07-04 00:00:00+05:30,40.0,41.0,38.2,39.1,5119
2013-07-08 00:00:00+05:30,40.0,40.0,39.55,39.55,500
2013-07-09 00:00:00+05:30,39.5,39.5,39.5,39.5,200
2013-07-10 00:00:00+05:30,39.5,39.5,39.5,39.5,70
2013-07-11 00:00:00+05:30,40.35,41.05,39.0,40.5,2564
2013-07-12 00:00:00+05:30,40.4,41.4,39.55,40.45,1535
2013-07-15 00:00:00+05:30,41.45,41.45,40.05,41.45,372
2013-07-16 00:00:00+05:30,41.0,41.35,39.8,41.35,1116
2013-07-17 00:00:00+05:30,40.2,40.2,38.5,38.55,3378
2013-07-18 00:00:00+05:30,38.6,38.8,37.5,38.05,2575
2013-07-19 00:00:00+05:30,39.5,39.5,37.85,38.15,1135
2013-07-22 00:00:00+05:30,38.5,38.5,37.6,37.7,1763
2013-07-23 00:00:00+05:30,36.25,38.25,36.25,37.85,2037
2013-07-24 00:00:00+05:30,38.4,40.5,38.4,39.55,7683
2013-07-25 00:00:00+05:30,39.0,40.1,38.6,40.0,2768
2013-07-26 00:00:00+05:30,40.45,40.5,38.1,39.65,5306
2013-07-29 00:00:00+05:30,39.5,41.2,39.5,40.95,4147
2013-07-30 00:00:00+05:30,40.9,41.95,40.05,40.45,4924
2013-07-31 00:00:00+05:30,40.0,42.0,39.95,40.0,6482
2013-08-01 00:00:00+05:30,41.0,42.15,40.15,40.9,4379
2013-08-02 00:00:00+05:30,40.55,41.5,39.0,39.7,1458
2013-08-05 00:00:00+05:30,39.95,40.5,39.5,40.5,903
2013-08-06 00:00:00+05:30,39.5,41.0,39.5,40.4,2935
2013-08-07 00:00:00+05:30,41.45,41.9,41.0,41.85,1935
2013-08-08 00:00:00+05:30,41.5,42.3,41.05,41.8,4369
2013-08-12 00:00:00+05:30,41.45,41.65,39.95,40.6,3841
2013-08-13 00:00:00+05:30,41.4,41.4,40.15,41.0,978
2013-08-14 00:00:00+05:30,41.0,41.45,40.6,41.05,225
2013-08-16 00:00:00+05:30,40.6,40.95,40.2,40.95,632
2013-08-19 00:00:00+05:30,40.5,40.55,40.0,40.0,1262
2013-08-20 00:00:00+05:30,39.45,40.45,39.0,40.4,2844
2013-08-21 00:00:00+05:30,40.0,40.0,39.65,39.7,212
2013-08-22 00:00:00+05:30,39.5,40.95,39.05,39.7,1881
2013-08-23 00:00:00+05:30,39.8,40.0,39.8,40.0,200
2013-08-26 00:00:00+05:30,40.95,41.25,40.65,41.25,869
2013-08-27 00:00:00+05:30,40.05,41.85,40.0,40.85,1729
2013-08-28 00:00:00+05:30,40.9,41.95,40.65,41.7,1025
2013-08-29 00:00:00+05:30,41.7,42.05,41.3,42.0,2811
2013-08-30 00:00:00+05:30,41.9,41.9,40.55,41.25,77
2013-09-02 00:00:00+05:30,42.0,42.2,40.5,42.2,2144
2013-09-03 00:00:00+05:30,42.0,43.45,41.8,42.9,1201
2013-09-04 00:00:00+05:30,42.5,42.9,42.05,42.45,629
2013-09-05 00:00:00+05:30,42.0,43.0,41.9,42.95,2470
2013-09-06 00:00:00+05:30,42.7,43.1,42.05,43.0,1380
2013-09-10 00:00:00+05:30,43.0,43.5,42.15,43.35,2669
2013-09-11 00:00:00+05:30,43.0,45.0,42.05,44.65,3269
2013-09-12 00:00:00+05:30,44.0,44.35,42.55,44.05,804
2013-09-13 00:00:00+05:30,44.0,44.5,43.1,44.45,3327
2013-09-16 00:00:00+05:30,44.0,44.0,42.6,43.4,882
2013-09-17 00:00:00+05:30,43.0,43.8,42.5,43.15,16
2013-09-18 00:00:00+05:30,43.8,45.0,43.8,44.75,1527
2013-09-19 00:00:00+05:30,44.0,44.1,42.65,43.95,613
2013-09-20 00:00:00+05:30,43.5,46.0,43.05,45.2,1463
2013-09-23 00:00:00+05:30,45.0,45.0,43.55,43.8,1065
2013-09-24 00:00:00+05:30,43.6,43.6,43.6,43.6,200
2013-09-25 00:00:00+05:30,44.95,45.3,43.75,43.85,2003
2013-09-26 00:00:00+05:30,46.5,46.5,44.05,44.5,1290
2013-09-27 00:00:00+05:30,44.0,46.2,43.0,44.65,5257
2013-09-30 00:00:00+05:30,45.45,46.5,44.45,45.95,2398
2013-10-01 00:00:00+05:30,46.0,46.4,45.35,46.1,1951
2013-10-03 00:00:00+05:30,45.55,45.75,44.55,45.05,1170
2013-10-04 00:00:00+05:30,44.75,45.8,44.5,44.5,764
2013-10-07 00:00:00+05:30,44.0,44.0,43.5,43.8,203
2013-10-08 00:00:00+05:30,43.5,43.5,42.0,42.25,1565
2013-10-09 00:00:00+05:30,42.0,42.7,41.75,42.7,216
2013-10-10 00:00:00+05:30,42.05,42.55,41.6,41.65,558
2013-10-11 00:00:00+05:30,42.2,43.0,42.0,43.0,354
2013-10-14 00:00:00+05:30,43.2,45.0,43.2,43.5,1321
2013-10-15 00:00:00+05:30,43.65,43.8,43.6,43.7,300
2013-10-17 00:00:00+05:30,43.5,46.5,43.5,45.9,4246
2013-10-18 00:00:00+05:30,45.0,50.0,45.0,49.0,18054
2013-10-21 00:00:00+05:30,49.0,51.0,46.75,49.25,10411
2013-10-22 00:00:00+05:30,48.5,50.0,47.55,48.35,10910
2013-10-23 00:00:00+05:30,48.95,51.0,47.5,47.5,13616
2013-10-24 00:00:00+05:30,47.55,49.3,45.5,46.4,15658
2013-10-25 00:00:00+05:30,46.05,51.0,45.55,46.3,15689
2013-10-28 00:00:00+05:30,47.05,49.0,46.0,48.05,6419
2013-10-29 00:00:00+05:30,47.7,47.7,45.7,45.7,8558
2013-10-30 00:00:00+05:30,45.65,45.65,45.65,45.65,11
2013-10-31 00:00:00+05:30,45.55,45.55,45.55,45.55,100
2013-11-01 00:00:00+05:30,47.0,47.0,45.5,45.5,1906
2013-11-03 00:00:00+05:30,45.5,45.5,45.5,45.5,9
2013-11-05 00:00:00+05:30,45.5,45.5,43.7,45.0,3073
2013-11-06 00:00:00+05:30,44.05,48.2,44.05,45.95,6645
2013-11-07 00:00:00+05:30,47.25,48.0,46.6,47.65,4637
2013-11-08 00:00:00+05:30,48.0,48.95,47.25,47.8,2486
2013-11-11 00:00:00+05:30,47.5,47.75,46.65,47.35,1359
2013-11-12 00:00:00+05:30,47.75,47.75,47.0,47.55,7634
2013-11-13 00:00:00+05:30,47.5,53.4,47.05,49.8,11657
2013-11-14 00:00:00+05:30,50.0,59.75,50.0,59.75,43140
2013-11-18 00:00:00+05:30,61.0,69.65,59.5,60.35,138398
2013-11-19 00:00:00+05:30,61.0,62.85,58.25,59.25,28607
2013-11-20 00:00:00+05:30,59.1,60.0,55.4,56.0,13626
2013-11-21 00:00:00+05:30,56.0,57.0,53.65,56.1,7282
2013-11-22 00:00:00+05:30,55.75,62.9,55.7,56.95,27166
2013-11-25 00:00:00+05:30,57.0,60.0,57.0,58.55,19780
2013-11-26 00:00:00+05:30,59.0,59.0,56.1,57.4,3721
2013-11-27 00:00:00+05:30,58.35,59.8,56.2,56.5,4590
2013-11-28 00:00:00+05:30,56.0,57.95,53.7,56.25,6294
2013-11-29 00:00:00+05:30,57.0,57.0,54.55,55.3,3465
2013-12-02 00:00:00+05:30,54.0,54.0,52.6,52.75,3365
2013-12-03 00:00:00+05:30,52.0,52.0,50.55,50.75,3553
2013-12-04 00:00:00+05:30,50.0,52.2,48.35,48.85,2136
2013-12-05 00:00:00+05:30,47.0,49.6,47.0,47.45,663
2013-12-06 00:00:00+05:30,49.4,49.8,48.0,48.0,1887
2013-12-09 00:00:00+05:30,47.6,50.0,47.6,50.0,600
2013-12-10 00:00:00+05:30,52.5,52.5,52.0,52.5,501
2013-12-11 00:00:00+05:30,52.1,54.45,52.1,52.5,600
2013-12-12 00:00:00+05:30,51.2,54.0,51.2,51.75,1111
2013-12-13 00:00:00+05:30,52.1,52.1,50.8,51.1,1150
2013-12-16 00:00:00+05:30,51.05,51.05,51.05,51.05,50
2013-12-17 00:00:00+05:30,49.6,51.1,49.6,51.0,3081
2013-12-18 00:00:00+05:30,49.6,52.0,49.55,52.0,2215
2013-12-19 00:00:00+05:30,51.9,51.9,50.05,50.1,800
2013-12-20 00:00:00+05:30,51.5,51.8,48.5,50.3,2753
2013-12-23 00:00:00+05:30,50.0,50.1,49.55,50.0,2878
2013-12-24 00:00:00+05:30,50.0,50.05,50.0,50.0,1379
2013-12-26 00:00:00+05:30,51.0,51.75,50.25,50.45,2317
2013-12-27 00:00:00+05:30,50.4,51.4,49.25,51.4,1320
2013-12-30 00:00:00+05:30,52.0,52.0,49.95,49.95,1357
2013-12-31 00:00:00+05:30,49.6,50.75,49.55,50.5,1950
2014-01-01 00:00:00+05:30,51.45,51.45,50.0,50.05,505
2014-01-02 00:00:00+05:30,50.1,50.1,50.1,50.1,300
2014-01-03 00:00:00+05:30,48.15,51.45,48.15,51.45,2894
2014-01-06 00:00:00+05:30,51.45,51.9,50.0,50.15,2710
2014-01-07 00:00:00+05:30,50.0,51.0,49.55,50.15,2300
2014-01-08 00:00:00+05:30,51.45,52.65,50.55,50.8,6174
2014-01-09 00:00:00+05:30,50.1,51.0,50.1,50.8,8307
2014-01-10 00:00:00+05:30,50.15,51.0,50.15,50.6,3541
2014-01-13 00:00:00+05:30,50.5,51.5,50.5,51.0,550
2014-01-14 00:00:00+05:30,51.9,51.9,51.5,51.5,765
2014-01-15 00:00:00+05:30,51.3,51.3,51.1,51.2,1499
2014-01-16 00:00:00+05:30,51.95,51.95,51.95,51.95,1
2014-01-17 00:00:00+05:30,50.2,50.5,50.2,50.5,950
2014-01-20 00:00:00+05:30,48.05,50.4,48.05,50.4,261
2014-01-21 00:00:00+05:30,50.6,51.0,50.55,50.6,1950
2014-01-22 00:00:00+05:30,50.1,50.25,50.1,50.1,1442
2014-01-23 00:00:00+05:30,50.05,50.2,50.05,50.15,950
2014-01-24 00:00:00+05:30,50.0,50.0,49.0,49.15,716
2014-01-27 00:00:00+05:30,48.0,50.4,48.0,50.4,781
2014-01-28 00:00:00+05:30,47.9,48.1,47.9,48.0,325
2014-01-29 00:00:00+05:30,50.0,50.0,49.0,49.5,1417
2014-01-30 00:00:00+05:30,47.05,47.05,47.05,47.05,1320
2014-01-31 00:00:00+05:30,44.7,48.4,44.7,48.4,3902
2014-02-03 00:00:00+05:30,47.6,49.5,47.6,49.5,6898
2014-02-05 00:00:00+05:30,50.4,50.5,50.0,50.2,514
2014-02-06 00:00:00+05:30,50.5,50.5,50.1,50.1,2601
2014-02-07 00:00:00+05:30,47.6,50.5,47.6,49.35,475
2014-02-10 00:00:00+05:30,50.1,50.5,50.1,50.35,1052
2014-02-11 00:00:00+05:30,50.65,50.65,49.25,49.25,850
2014-02-12 00:00:00+05:30,49.2,49.2,49.2,49.2,200
2014-02-13 00:00:00+05:30,48.55,48.55,48.55,48.55,4
2014-02-14 00:00:00+05:30,49.1,50.0,46.55,50.0,850
2014-02-17 00:00:00+05:30,51.75,51.95,49.6,49.6,1020
2014-02-18 00:00:00+05:30,49.6,51.25,49.6,49.75,343
2014-02-19 00:00:00+05:30,50.05,50.05,50.0,50.0,700
2014-02-20 00:00:00+05:30,50.1,50.55,49.7,49.7,1829
2014-02-21 00:00:00+05:30,48.15,49.05,48.15,49.05,151
2014-02-24 00:00:00+05:30,50.5,50.5,48.0,48.05,740
2014-02-26 00:00:00+05:30,48.0,48.1,48.0,48.1,180
2014-02-28 00:00:00+05:30,50.5,50.5,47.55,48.05,262
2014-03-04 00:00:00+05:30,49.85,49.85,48.0,48.0,2299
2014-03-05 00:00:00+05:30,48.0,48.0,46.3,46.3,339
2014-03-06 00:00:00+05:30,47.3,48.6,47.3,48.45,663
2014-03-07 00:00:00+05:30,47.95,50.95,47.05,50.05,2316
2014-03-10 00:00:00+05:30,49.0,49.9,48.5,49.15,772
2014-03-11 00:00:00+05:30,48.5,48.5,48.5,48.5,129
2014-03-12 00:00:00+05:30,47.5,49.0,47.5,48.3,498
2014-03-13 00:00:00+05:30,47.3,49.25,44.6,46.0,3576
2014-03-14 00:00:00+05:30,45.0,48.0,45.0,47.65,2531
2014-03-18 00:00:00+05:30,47.05,50.0,46.7,48.5,7004
2014-03-19 00:00:00+05:30,47.95,48.15,47.95,48.15,121
2014-03-20 00:00:00+05:30,47.15,49.0,47.15,48.15,6347
2014-03-21 00:00:00+05:30,46.6,47.9,46.6,47.1,2928
2014-03-22 00:00:00+05:30,47.3,47.3,47.05,47.15,447
2014-03-24 00:00:00+05:30,47.45,47.95,45.0,45.25,3728
2014-03-25 00:00:00+05:30,45.5,47.5,44.5,45.75,2751
2014-03-26 00:00:00+05:30,45.1,48.0,45.1,47.0,1829
2014-03-27 00:00:00+05:30,47.1,47.1,47.0,47.0,923
2014-03-28 00:00:00+05:30,46.7,47.0,46.5,46.8,1990
2014-03-31 00:00:00+05:30,46.6,46.8,46.5,46.5,506
2014-04-01 00:00:00+05:30,46.5,48.35,46.1,46.1,1630
2014-04-02 00:00:00+05:30,46.0,46.6,45.6,45.6,800
2014-04-03 00:00:00+05:30,45.3,47.25,45.0,47.0,1904
2014-04-04 00:00:00+05:30,46.45,47.5,46.45,47.5,320
2014-04-07 00:00:00+05:30,46.5,46.7,46.5,46.7,1100
2014-04-09 00:00:00+05:30,46.5,47.75,45.0,47.75,1986
2014-04-10 00:00:00+05:30,47.5,49.35,47.5,48.7,2790
2014-04-11 00:00:00+05:30,48.0,48.05,47.9,48.0,1741
2014-04-15 00:00:00+05:30,47.0,47.95,47.0,47.95,300
2014-04-16 00:00:00+05:30,47.25,47.25,47.25,47.25,20
2014-04-17 00:00:00+05:30,47.65,48.0,47.4,47.4,480
2014-04-21 00:00:00+05:30,47.7,50.5,47.7,49.15,4768
2014-04-22 00:00:00+05:30,49.05,51.5,49.0,51.1,4625
2014-04-23 00:00:00+05:30,51.0,52.0,51.0,51.95,4483
2014-04-25 00:00:00+05:30,51.5,53.0,51.5,52.15,3836
2014-04-28 00:00:00+05:30,51.7,51.7,51.7,51.7,250
2014-04-29 00:00:00+05:30,51.5,51.5,49.0,50.15,2377
2014-04-30 00:00:00+05:30,49.3,49.3,48.0,48.45,2408
2014-05-02 00:00:00+05:30,47.65,47.65,47.0,47.0,1242
2014-05-05 00:00:00+05:30,46.05,47.5,45.0,47.2,2897
2014-05-06 00:00:00+05:30,46.0,48.0,46.0,47.95,668
2014-05-07 00:00:00+05:30,48.0,49.5,46.5,48.35,1770
2014-05-08 00:00:00+05:30,49.5,49.5,48.35,48.35,95
2014-05-09 00:00:00+05:30,48.5,48.5,48.05,48.05,350
2014-05-12 00:00:00+05:30,48.0,48.1,47.1,47.25,1497
2014-05-13 00:00:00+05:30,47.5,47.95,45.7,47.0,2292
2014-05-14 00:00:00+05:30,46.0,47.4,46.0,46.1,2542
2014-05-15 00:00:00+05:30,46.2,46.2,46.0,46.0,1550
2014-05-16 00:00:00+05:30,45.5,45.5,42.15,43.8,4237
2014-05-19 00:00:00+05:30,44.0,44.0,43.0,43.0,1553
2014-05-20 00:00:00+05:30,44.0,44.5,43.75,44.45,715
2014-05-21 00:00:00+05:30,43.35,47.5,43.0,46.85,5162
2014-05-22 00:00:00+05:30,46.0,47.25,46.0,46.35,4475
2014-05-23 00:00:00+05:30,46.5,48.5,46.5,48.0,3200
2014-05-26 00:00:00+05:30,48.5,50.0,46.5,47.6,9442
2014-05-27 00:00:00+05:30,48.0,48.0,46.5,47.0,2935
2014-05-28 00:00:00+05:30,46.4,46.85,46.15,46.5,2057
2014-05-29 00:00:00+05:30,46.6,46.6,45.3,45.3,2102
2014-05-30 00:00:00+05:30,46.0,46.0,45.0,45.1,806
2014-06-02 00:00:00+05:30,46.5,46.85,45.0,45.25,1509
2014-06-03 00:00:00+05:30,45.05,46.0,44.5,44.5,1160
2014-06-04 00:00:00+05:30,45.5,45.95,45.5,45.85,1275
2014-06-05 00:00:00+05:30,45.85,46.9,45.6,45.7,2058
2014-06-06 00:00:00+05:30,46.2,47.25,45.5,46.7,3196
2014-06-09 00:00:00+05:30,46.7,56.0,46.05,55.05,42393
2014-06-10 00:00:00+05:30,56.0,60.0,55.0,58.85,82395
2014-06-11 00:00:00+05:30,59.5,65.8,59.5,64.1,29042
2014-06-12 00:00:00+05:30,65.65,72.0,62.0,69.55,41017
2014-06-13 00:00:00+05:30,71.55,72.4,63.65,68.15,28136
2014-06-16 00:00:00+05:30,67.95,71.0,65.5,66.3,9603
2015-12-28 00:00:00+05:30,116.0,118.65,111.25,113.35,47310
2015-12-29 00:00:00+05:30,114.8,114.8,106.4,108.15,34679
2015-12-30 00:00:00+05:30,108.9,113.4,107.05,107.85,17624
2015-12-31 00:00:00+05:30,109.0,111.0,102.3,103.8,33387
2016-01-01 00:00:00+05:30,104.0,108.0,104.0,105.95,12115
2016-01-04 00:00:00+05:30,106.7,111.25,102.0,102.85,26245
2016-01-05 00:00:00+05:30,104.5,119.45,102.5,117.45,150377
2016-01-06 00:00:00+05:30,119.8,120.0,107.0,107.9,117059
2016-01-07 00:00:00+05:30,108.0,108.0,95.0,100.5,70710
2016-01-08 00:00:00+05:30,101.0,108.3,101.0,104.0,46885
2016-01-11 00:00:00+05:30,103.7,104.75,100.1,102.3,13634
2016-01-12 00:00:00+05:30,102.3,106.0,100.05,100.8,13849
2016-01-13 00:00:00+05:30,102.0,105.8,88.1,94.8,51192
2016-01-14 00:00:00+05:30,92.75,96.5,91.25,94.6,17481
2016-01-15 00:00:00+05:30,95.5,97.6,86.5,87.55,12163
2016-01-18 00:00:00+05:30,91.45,91.45,79.0,80.0,16382
2016-01-19 00:00:00+05:30,81.0,83.5,72.8,81.1,17883
2016-01-20 00:00:00+05:30,80.0,80.0,72.9,75.05,13901
2016-01-21 00:00:00+05:30,75.5,80.0,73.15,79.05,14390
2016-01-22 00:00:00+05:30,78.8,84.0,78.2,80.8,21793
2016-01-25 00:00:00+05:30,85.0,87.9,80.25,80.95,18172
2016-01-27 00:00:00+05:30,82.6,83.65,80.05,80.75,14764
2016-01-28 00:00:00+05:30,82.45,86.35,81.2,85.05,32042
2016-01-29 00:00:00+05:30,88.9,89.0,83.1,85.05,27321
2016-02-01 00:00:00+05:30,84.5,86.0,82.1,82.45,9212
2016-02-02 00:00:00+05:30,85.0,86.5,75.1,76.6,19930
2016-02-03 00:00:00+05:30,76.0,76.0,71.2,73.0,18155
2016-02-04 00:00:00+05:30,73.0,75.0,70.1,70.85,10340
2016-02-05 00:00:00+05:30,70.0,72.0,65.65,71.0,20384
2016-02-08 00:00:00+05:30,70.0,73.8,68.5,71.75,11803
2016-02-09 00:00:00+05:30,70.5,72.95,68.2,71.9,18673
2016-02-10 00:00:00+05:30,71.0,71.5,67.5,68.9,11219
2016-02-11 00:00:00+05:30,68.1,68.15,60.4,63.55,13165
2016-02-12 00:00:00+05:30,64.3,69.9,55.25,64.85,20065
2016-02-15 00:00:00+05:30,67.0,77.8,65.2,74.95,52254
2016-02-16 00:00:00+05:30,77.8,77.8,66.7,68.1,25168
2016-02-17 00:00:00+05:30,68.0,71.7,65.2,69.95,30181
2016-02-18 00:00:00+05:30,71.8,71.9,67.5,69.4,24505
2016-02-19 00:00:00+05:30,70.2,70.95,64.8,66.7,40988
2016-02-22 00:00:00+05:30,66.8,69.65,65.45,65.85,6620
2016-02-23 00:00:00+05:30,66.0,67.15,64.55,65.55,2685
2016-02-24 00:00:00+05:30,65.05,66.0,63.75,63.95,3664
2016-02-25 00:00:00+05:30,63.3,65.0,62.55,63.45,5835
2016-02-26 00:00:00+05:30,66.0,66.0,61.5,62.35,7263
2016-02-29 00:00:00+05:30,62.5,63.75,60.5,61.85,5594
2016-03-01 00:00:00+05:30,61.3,67.2,61.2,65.25,17986
2016-03-02 00:00:00+05:30,66.5,69.75,66.5,69.6,10695
2016-03-03 00:00:00+05:30,71.85,71.85,67.5,70.25,8937
2016-03-04 00:00:00+05:30,72.0,73.7,71.0,71.55,17663
2016-03-08 00:00:00+05:30,74.0,74.0,70.05,72.1,12338
2016-03-09 00:00:00+05:30,72.0,72.0,70.55,71.15,433
2016-03-10 00:00:00+05:30,71.0,72.45,70.2,70.3,993
2016-03-11 00:00:00+05:30,70.25,70.95,69.0,69.5,1030
2016-03-14 00:00:00+05:30,69.6,71.45,69.6,70.4,1731
2016-03-15 00:00:00+05:30,71.0,71.0,66.1,67.8,5480
2016-03-16 00:00:00+05:30,67.7,70.8,67.5,69.55,9796
2016-03-17 00:00:00+05:30,69.2,75.2,69.0,70.95,30750
2016-03-18 00:00:00+05:30,70.1,73.0,69.25,69.5,15065
2016-03-21 00:00:00+05:30,68.8,68.8,65.5,66.45,44522
2016-03-22 00:00:00+05:30,66.5,68.8,66.5,67.4,9642
2016-03-23 00:00:00+05:30,66.6,68.5,65.65,66.65,6877
2016-03-28 00:00:00+05:30,66.5,68.0,65.0,65.45,4917
2016-03-29 00:00:00+05:30,65.0,65.75,63.05,63.55,7112
2016-03-30 00:00:00+05:30,64.35,69.0,64.3,65.45,12078
2016-03-31 00:00:00+05:30,68.7,69.0,66.0,68.45,7232
2016-04-01 00:00:00+05:30,67.65,69.9,67.5,69.0,3281
2016-04-04 00:00:00+05:30,67.55,70.9,67.55,70.1,2143
2016-04-05 00:00:00+05:30,69.0,71.5,67.2,68.4,1084
2016-04-06 00:00:00+05:30,68.4,70.5,67.5,69.0,1184
2016-04-07 00:00:00+05:30,70.0,77.7,69.1,75.4,59169
2016-04-08 00:00:00+05:30,74.5,83.0,74.1,80.8,99922
2016-04-11 00:00:00+05:30,80.5,80.5,73.95,74.7,50207
2016-04-12 00:00:00+05:30,75.9,75.9,73.75,74.4,6120
2016-04-13 00:00:00+05:30,77.7,77.7,74.35,75.35,6871
2016-04-18 00:00:00+05:30,74.5,76.4,74.0,74.05,1296
2016-04-20 00:00:00+05:30,73.2,76.5,72.5,76.0,7213
2016-04-21 00:00:00+05:30,77.0,77.25,72.3,74.05,9036
2016-04-22 00:00:00+05:30,73.3,75.85,73.3,74.05,1442
2016-04-25 00:00:00+05:30,74.0,74.9,73.2,73.6,1483
2016-04-26 00:00:00+05:30,72.7,74.8,72.1,72.35,2194
2016-04-27 00:00:00+05:30,72.0,74.9,71.1,72.65,3447
2016-04-28 00:00:00+05:30,71.8,73.05,71.7,72.15,1215
2016-04-29 00:00:00+05:30,72.2,73.0,71.15,71.2,352
2016-05-02 00:00:00+05:30,70.0,72.6,69.7,71.45,2611
2016-05-03 00:00:00+05:30,71.0,72.0,70.3,70.55,551
2016-05-04 00:00:00+05:30,69.65,71.35,67.1,69.25,1745
2016-05-05 00:00:00+05:30,69.0,70.9,67.5,69.65,10169
2016-05-06 00:00:00+05:30,70.0,71.25,68.1,70.6,1515
2016-05-09 00:00:00+05:30,70.0,75.0,68.25,72.75,7654
2016-05-10 00:00:00+05:30,73.3,74.9,71.7,74.05,4986
2016-05-11 00:00:00+05:30,74.2,74.2,72.15,74.0,4307
2016-05-12 00:00:00+05:30,73.0,74.0,72.75,73.3,3898
2016-05-13 00:00:00+05:30,72.4,76.1,71.55,75.35,8212
2016-05-16 00:00:00+05:30,76.0,76.5,73.5,74.95,9550
2016-05-17 00:00:00+05:30,71.15,75.0,70.0,73.6,25322
2016-05-18 00:00:00+05:30,72.5,72.5,70.6,71.2,7986
2016-05-19 00:00:00+05:30,73.65,73.7,71.8,72.3,1591
2016-05-20 00:00:00+05:30,74.35,74.35,70.7,70.8,5751
2016-05-23 00:00:00+05:30,70.15,72.4,67.4,68.0,4251
2016-05-24 00:00:00+05:30,67.0,72.3,66.0,69.65,3991
2016-05-25 00:00:00+05:30,69.1,72.0,69.1,71.55,1381
2016-05-26 00:00:00+05:30,71.05,72.9,70.0,70.8,7358
2016-05-27 00:00:00+05:30,73.0,73.0,68.55,69.7,2982
2016-05-30 00:00:00+05:30,69.05,69.85,67.7,68.85,2034
2016-05-31 00:00:00+05:30,69.7,70.0,67.0,67.8,804
2016-06-01 00:00:00+05:30,68.8,69.0,67.35,68.3,2965
2016-06-02 00:00:00+05:30,70.0,70.0,68.35,68.85,4287
2016-06-03 00:00:00+05:30,68.9,69.85,67.25,67.35,2992
2016-06-06 00:00:00+05:30,65.5,68.0,65.5,67.5,5314
2016-06-07 00:00:00+05:30,67.0,68.75,62.3,62.9,60955
2016-06-08 00:00:00+05:30,64.95,75.45,60.5,75.45,238389
2016-06-09 00:00:00+05:30,77.8,78.5,70.2,70.9,71499
2016-06-10 00:00:00+05:30,70.5,72.95,69.9,71.35,12375
2016-06-13 00:00:00+05:30,71.0,71.75,69.1,70.7,1890
2016-06-14 00:00:00+05:30,71.9,71.9,70.2,71.1,7368
2016-06-15 00:00:00+05:30,71.05,72.0,71.0,71.1,3693
2016-06-16 00:00:00+05:30,71.05,71.05,69.25,69.95,8227
2016-06-17 00:00:00+05:30,73.0,73.0,68.25,68.8,5737
2016-06-20 00:00:00+05:30,68.05,71.6,68.05,71.0,4507
2016-06-21 00:00:00+05:30,71.0,71.0,68.5,69.25,3231
2016-06-22 00:00:00+05:30,69.0,69.85,68.5,69.25,2841
2016-06-23 00:00:00+05:30,69.0,69.0,66.3,68.2,3148
2016-06-24 00:00:00+05:30,68.0,68.0,65.65,67.45,4708
2016-06-27 00:00:00+05:30,68.5,70.8,67.45,69.0,4333
2016-06-28 00:00:00+05:30,70.9,70.9,69.45,70.0,1954
2016-06-29 00:00:00+05:30,71.0,71.0,68.6,70.6,3834
2016-06-30 00:00:00+05:30,69.5,71.45,68.15,69.1,5500
2016-07-01 00:00:00+05:30,70.9,71.0,68.75,70.35,1994
2016-07-04 00:00:00+05:30,74.0,74.0,70.0,70.0,2518
2016-07-05 00:00:00+05:30,70.9,79.5,68.6,76.4,61955
2016-07-07 00:00:00+05:30,76.0,76.6,73.0,73.55,12353
2016-07-08 00:00:00+05:30,72.6,76.5,72.6,74.55,21187
2016-07-11 00:00:00+05:30,74.05,75.0,73.4,73.55,3179
2016-07-12 00:00:00+05:30,73.5,74.25,71.1,72.4,5700
2016-07-13 00:00:00+05:30,73.85,74.4,70.3,71.3,7922
2016-07-14 00:00:00+05:30,74.0,74.0,71.05,72.85,1543
2016-07-15 00:00:00+05:30,74.75,74.75,71.2,71.85,4128
2016-07-18 00:00:00+05:30,71.0,79.5,70.0,75.05,207980
2016-07-19 00:00:00+05:30,76.85,80.0,73.25,74.45,63281
2016-07-20 00:00:00+05:30,74.65,74.65,70.55,71.65,16375
2016-07-21 00:00:00+05:30,72.0,72.95,70.5,71.05,7794
2016-07-22 00:00:00+05:30,71.5,73.8,71.05,71.9,4988
2016-07-25 00:00:00+05:30,70.55,72.7,70.0,70.8,7064
2016-07-26 00:00:00+05:30,70.2,71.0,69.05,69.55,8971
2016-07-27 00:00:00+05:30,69.8,71.3,69.05,70.7,8480
2016-07-28 00:00:00+05:30,70.1,70.8,69.9,70.15,1536
2016-07-29 00:00:00+05:30,70.15,71.5,69.1,70.75,4465
2016-08-01 00:00:00+05:30,73.6,77.7,69.1,70.1,6643
2016-08-02 00:00:00+05:30,71.7,71.75,69.1,70.2,7068
2016-08-03 00:00:00+05:30,69.5,69.5,67.05,69.0,5886
2016-08-04 00:00:00+05:30,70.0,71.5,69.05,69.15,981
2016-08-05 00:00:00+05:30,68.5,71.85,68.35,69.95,2744
2016-08-08 00:00:00+05:30,69.5,70.0,68.35,68.8,3893
2016-08-09 00:00:00+05:30,68.6,69.8,67.1,69.0,4047
2016-08-10 00:00:00+05:30,68.5,69.5,68.25,68.55,953
2016-08-11 00:00:00+05:30,68.5,71.5,68.5,69.25,1618
2016-08-12 00:00:00+05:30,68.6,68.6,67.25,68.05,1728
2016-08-16 00:00:00+05:30,68.7,68.7,66.7,67.3,2165
2016-08-17 00:00:00+05:30,69.95,69.95,66.4,68.05,2001
2016-08-18 00:00:00+05:30,68.1,69.35,68.1,68.3,937
2016-08-19 00:00:00+05:30,68.3,69.2,67.7,68.0,5457
2016-08-22 00:00:00+05:30,69.0,70.45,68.7,69.55,1440
2016-08-23 00:00:00+05:30,70.25,70.25,68.25,70.0,5230
2016-08-24 00:00:00+05:30,69.2,72.0,68.3,69.2,14233
2016-08-25 00:00:00+05:30,71.85,83.0,68.15,76.0,319196
2016-08-26 00:00:00+05:30,77.25,77.25,71.15,72.35,29302
2016-08-29 00:00:00+05:30,73.55,73.9,71.0,72.65,4543
2016-08-30 00:00:00+05:30,73.7,73.7,70.2,70.9,11843
2016-08-31 00:00:00+05:30,70.4,71.4,69.8,70.6,4395
2016-09-01 00:00:00+05:30,72.9,72.9,68.45,68.7,7747
2016-09-02 00:00:00+05:30,68.0,69.0,67.3,68.0,6889
2016-09-06 00:00:00+05:30,67.1,70.9,67.1,69.7,9464
2016-09-07 00:00:00+05:30,69.2,70.9,69.0,69.1,13616
2016-09-08 00:00:00+05:30,70.55,70.55,68.25,69.35,2848
2016-09-09 00:00:00+05:30,69.95,70.0,67.75,68.8,16346
2016-09-12 00:00:00+05:30,66.8,69.75,65.95,66.2,20220
2016-09-14 00:00:00+05:30,65.0,68.0,65.0,67.0,1990
2016-09-15 00:00:00+05:30,66.5,68.0,64.5,67.15,9078
2016-09-16 00:00:00+05:30,68.0,68.3,66.1,67.85,8280
2016-09-19 00:00:00+05:30,68.0,68.5,65.5,67.65,2869
2016-09-20 00:00:00+05:30,67.4,68.45,67.1,67.7,1077
2016-09-21 00:00:00+05:30,67.0,68.0,65.2,67.35,4313
2016-09-22 00:00:00+05:30,68.0,69.3,67.0,67.4,1117
2016-09-23 00:00:00+05:30,67.4,69.7,67.4,68.15,4036
2016-09-26 00:00:00+05:30,67.6,69.0,66.5,67.2,887
2016-09-27 00:00:00+05:30,69.9,69.9,67.3,67.3,2090
2016-09-28 00:00:00+05:30,66.2,69.9,66.2,67.4,4543
2016-09-29 00:00:00+05:30,67.4,67.4,63.0,63.25,11931
2016-09-30 00:00:00+05:30,65.0,66.4,63.35,66.4,4414
2016-10-03 00:00:00+05:30,65.5,66.85,65.0,66.2,2583
2016-10-04 00:00:00+05:30,66.0,67.0,66.0,66.55,1118
2016-10-05 00:00:00+05:30,67.0,68.0,66.0,67.05,5870
2016-10-06 00:00:00+05:30,67.3,79.0,67.3,73.15,104818
2016-10-07 00:00:00+05:30,73.0,73.5,70.45,71.05,18576
2016-10-10 00:00:00+05:30,73.5,73.5,71.2,71.55,2104
2016-10-13 00:00:00+05:30,71.3,71.3,67.7,68.5,7260
2016-10-14 00:00:00+05:30,69.5,69.5,67.7,68.0,6633
2016-10-17 00:00:00+05:30,67.2,69.05,66.85,67.65,8401
2016-10-18 00:00:00+05:30,70.0,76.6,67.5,73.75,74829
2016-10-19 00:00:00+05:30,74.2,76.0,70.05,70.6,37889
2016-10-20 00:00:00+05:30,70.85,74.6,69.5,71.3,51491
2016-10-21 00:00:00+05:30,70.15,75.0,69.95,71.2,73173
2016-10-24 00:00:00+05:30,73.5,74.85,70.2,71.1,95268
2016-10-25 00:00:00+05:30,70.0,75.0,68.25,72.55,165380
2016-10-26 00:00:00+05:30,72.15,72.75,69.4,69.85,50559
2016-10-27 00:00:00+05:30,69.1,70.95,68.0,68.2,36939
2016-10-28 00:00:00+05:30,67.6,69.85,66.2,66.95,46058
2016-10-30 00:00:00+05:30,69.6,70.0,65.25,68.3,7012
2016-11-01 00:00:00+05:30,69.9,69.9,67.3,67.95,2770
2016-11-02 00:00:00+05:30,68.0,73.5,65.3,66.0,186343
2016-11-03 00:00:00+05:30,65.05,68.8,65.05,65.4,42246
2016-11-04 00:00:00+05:30,66.9,67.0,63.0,63.6,34205
2016-11-07 00:00:00+05:30,66.8,66.8,64.0,64.5,24650
2016-11-08 00:00:00+05:30,64.3,65.95,64.3,64.95,11274
2016-11-09 00:00:00+05:30,56.3,64.0,56.0,62.4,32901
2016-11-10 00:00:00+05:30,66.0,67.0,64.0,64.6,18335
2016-11-11 00:00:00+05:30,63.5,64.95,63.0,63.45,17393
2016-11-15 00:00:00+05:30,64.05,65.5,59.2,60.45,10157
2016-11-16 00:00:00+05:30,61.35,63.9,61.0,63.0,3696
2016-11-17 00:00:00+05:30,64.9,64.9,59.1,59.7,6214
2016-11-18 00:00:00+05:30,60.65,61.65,60.0,61.2,13041
2016-11-21 00:00:00+05:30,60.5,62.0,59.1,59.9,7269
2016-11-22 00:00:00+05:30,60.25,62.45,60.05,61.65,8564
2016-11-23 00:00:00+05:30,61.0,62.1,61.0,61.9,2915
2016-11-24 00:00:00+05:30,62.5,63.0,61.1,62.1,6666
2016-11-25 00:00:00+05:30,62.9,64.9,62.4,64.5,5398
2016-11-28 00:00:00+05:30,63.0,64.0,60.15,60.5,37324
2016-11-29 00:00:00+05:30,61.85,62.75,58.5,58.85,30894
2016-11-30 00:00:00+05:30,60.0,62.0,58.6,60.55,43718
2016-12-01 00:00:00+05:30,60.75,60.75,58.45,58.85,14986
2016-12-02 00:00:00+05:30,59.1,60.75,59.0,59.35,7256
2016-12-05 00:00:00+05:30,60.45,61.0,59.5,60.45,2135
2016-12-06 00:00:00+05:30,60.5,62.0,60.4,60.85,5355
2016-12-07 00:00:00+05:30,60.95,61.9,60.9,61.15,2274
2016-12-08 00:00:00+05:30,61.25,61.9,60.15,61.6,2920
2016-12-09 00:00:00+05:30,62.25,66.95,61.6,65.3,50487
2016-12-12 00:00:00+05:30,65.0,65.0,60.0,61.65,96143
2016-12-13 00:00:00+05:30,61.1,67.7,61.05,64.4,52262
2016-12-14 00:00:00+05:30,64.75,65.3,63.05,64.0,10128
2016-12-15 00:00:00+05:30,64.2,64.95,62.55,62.85,5520
2016-12-16 00:00:00+05:30,63.0,63.75,61.5,62.05,5845
2016-12-19 00:00:00+05:30,62.1,64.5,62.1,62.95,5560
2016-12-20 00:00:00+05:30,64.0,64.2,61.25,61.65,7853
2016-12-21 00:00:00+05:30,63.9,66.0,62.2,63.05,6428
2016-12-22 00:00:00+05:30,62.55,63.9,61.2,63.6,17126
2016-12-23 00:00:00+05:30,64.05,64.05,62.25,62.55,10309
2016-12-26 00:00:00+05:30,62.0,62.0,60.15,60.25,6127
2016-12-27 00:00:00+05:30,60.25,61.9,59.6,61.1,6018
2016-12-28 00:00:00+05:30,61.3,62.5,60.8,61.05,4108
2016-12-29 00:00:00+05:30,62.6,62.6,61.55,61.85,1261
2016-12-30 00:00:00+05:30,61.05,65.0,61.05,64.35,11516
2017-01-02 00:00:00+05:30,64.0,67.9,63.25,66.8,12004
2017-01-03 00:00:00+05:30,66.9,67.35,66.0,66.85,5504
2017-01-04 00:00:00+05:30,67.0,74.9,67.0,69.65,70861
2017-01-05 00:00:00+05:30,69.5,72.75,67.65,70.95,18221
2017-01-06 00:00:00+05:30,70.1,71.0,69.1,69.55,14280
2017-01-09 00:00:00+05:30,69.05,72.5,68.55,71.7,15594
2017-01-10 00:00:00+05:30,71.0,72.15,69.6,70.5,9158
2017-01-11 00:00:00+05:30,70.0,70.95,69.3,69.9,5420
2017-01-12 00:00:00+05:30,70.0,70.0,68.65,69.25,6064
2017-01-13 00:00:00+05:30,69.25,69.25,67.15,68.1,4228
2017-01-16 00:00:00+05:30,70.8,74.2,68.3,68.55,562
2017-01-17 00:00:00+05:30,69.0,72.35,69.0,72.05,16824
2017-01-18 00:00:00+05:30,72.0,75.9,70.55,73.3,20518
2017-01-19 00:00:00+05:30,73.6,73.9,72.5,73.55,8134
2017-01-20 00:00:00+05:30,75.9,75.9,70.15,70.45,4246
2017-01-23 00:00:00+05:30,72.0,72.0,69.75,70.45,7651
2017-01-24 00:00:00+05:30,74.0,76.5,71.95,74.3,103752
2017-01-25 00:00:00+05:30,75.5,76.8,72.25,72.85,13451
2017-01-27 00:00:00+05:30,72.0,73.75,70.8,71.35,10495
2017-01-30 00:00:00+05:30,70.6,70.75,67.6,68.8,13650
2017-01-31 00:00:00+05:30,68.2,69.75,66.0,66.7,26098
2017-02-01 00:00:00+05:30,67.6,69.0,65.95,68.35,5909
2017-02-02 00:00:00+05:30,69.0,69.0,67.6,68.4,4367
2017-02-03 00:00:00+05:30,69.3,69.7,68.2,68.7,2296
2017-02-06 00:00:00+05:30,69.25,69.4,67.65,68.0,4755
2017-02-07 00:00:00+05:30,67.35,67.95,66.85,67.0,4144
2017-02-08 00:00:00+05:30,66.6,68.0,66.4,67.6,2624
2017-02-09 00:00:00+05:30,68.3,68.85,66.65,67.7,5563
2017-02-10 00:00:00+05:30,68.25,68.35,66.8,67.0,4120
2017-02-13 00:00:00+05:30,69.45,69.45,65.85,66.55,19769
2017-02-14 00:00:00+05:30,65.5,71.0,65.35,66.7,61880
2017-02-15 00:00:00+05:30,69.4,69.4,64.6,65.05,18603
2017-02-16 00:00:00+05:30,65.0,67.9,64.55,66.8,17993
2017-02-17 00:00:00+05:30,68.0,69.2,66.3,67.25,11026
2017-02-20 00:00:00+05:30,68.8,72.7,68.65,70.9,47801
2017-02-21 00:00:00+05:30,70.5,71.25,70.05,70.35,12124
2017-02-22 00:00:00+05:30,71.35,71.65,69.0,69.1,11206
2017-02-23 00:00:00+05:30,68.0,68.9,67.15,67.5,9958
2017-02-27 00:00:00+05:30,67.0,68.5,67.0,67.95,2504
2017-02-28 00:00:00+05:30,68.05,68.05,67.35,67.75,1947
2017-03-01 00:00:00+05:30,67.95,69.85,67.0,67.45,8628
2017-03-02 00:00:00+05:30,67.35,69.0,67.0,67.2,16343
2017-03-03 00:00:00+05:30,66.95,68.35,66.95,67.5,16129
2017-03-06 00:00:00+05:30,68.5,72.25,68.2,71.1,37784
2017-03-07 00:00:00+05:30,70.85,75.8,70.85,74.0,77480
2017-03-08 00:00:00+05:30,73.7,74.45,71.15,72.55,13085
2017-03-09 00:00:00+05:30,72.0,73.9,70.3,72.55,10726
2017-03-10 00:00:00+05:30,72.0,72.95,71.0,71.35,7900
2017-03-14 00:00:00+05:30,73.0,73.5,71.35,71.65,9608
2017-03-15 00:00:00+05:30,71.0,73.0,68.35,71.9,11668
2017-03-16 00:00:00+05:30,71.6,72.75,71.6,72.05,5349
2017-03-17 00:00:00+05:30,71.2,71.9,71.0,71.3,3455
2017-03-20 00:00:00+05:30,71.2,71.25,69.6,69.95,4390
2017-03-21 00:00:00+05:30,70.6,72.45,69.5,70.65,9133
2017-03-22 00:00:00+05:30,69.25,70.85,68.0,68.95,15372
2017-03-23 00:00:00+05:30,69.85,70.95,69.0,70.65,5619
2017-03-24 00:00:00+05:30,70.0,77.0,70.0,74.95,113618
2017-03-27 00:00:00+05:30,77.0,78.7,74.6,76.4,81357
2017-03-28 00:00:00+05:30,76.0,87.4,75.1,83.65,482552
2017-03-29 00:00:00+05:30,84.05,86.1,76.35,79.05,93214
2017-03-30 00:00:00+05:30,78.1,82.5,78.1,80.15,27553
2017-03-31 00:00:00+05:30,80.15,81.95,78.85,80.0,29204
2017-04-03 00:00:00+05:30,81.8,82.0,76.15,76.95,46549
2017-04-05 00:00:00+05:30,77.0,78.9,75.2,77.15,19528
2017-04-06 00:00:00+05:30,76.1,77.0,74.7,75.15,18628
2017-04-07 00:00:00+05:30,74.9,77.2,74.0,75.8,25341
2017-04-10 00:00:00+05:30,75.8,76.75,74.25,75.7,8382
2017-04-11 00:00:00+05:30,75.05,76.4,74.3,75.0,24313
2017-04-12 00:00:00+05:30,76.0,83.4,76.0,80.3,214574
2017-04-13 00:00:00+05:30,82.5,96.35,81.95,96.35,1054750
2017-04-17 00:00:00+05:30,91.35,93.9,81.5,91.1,1807403
2017-04-18 00:00:00+05:30,89.0,95.3,88.5,90.3,1335873
2017-04-19 00:00:00+05:30,91.05,94.0,90.95,92.05,260616
2017-04-20 00:00:00+05:30,92.6,94.6,91.85,92.75,78293
2017-04-21 00:00:00+05:30,93.7,95.9,92.5,95.5,319831
2017-04-24 00:00:00+05:30,95.5,98.8,94.0,94.55,524598
2017-04-25 00:00:00+05:30,92.7,92.8,86.1,86.55,366956
2017-04-26 00:00:00+05:30,86.05,87.5,82.05,82.55,92952
2017-04-27 00:00:00+05:30,86.0,86.0,78.45,83.2,28190
2017-04-28 00:00:00+05:30,81.5,84.85,81.5,83.1,10601
2017-05-02 00:00:00+05:30,83.0,87.25,83.0,87.0,57556
2017-05-03 00:00:00+05:30,87.0,90.05,86.5,88.6,51202
2017-05-04 00:00:00+05:30,88.6,90.0,85.55,87.35,6811
2017-05-05 00:00:00+05:30,85.05,87.0,84.2,84.65,11534
2017-05-08 00:00:00+05:30,86.0,87.5,84.3,86.75,14360
2017-05-09 00:00:00+05:30,84.65,87.4,84.0,84.75,4361
2017-05-10 00:00:00+05:30,85.0,86.75,85.0,86.0,13161
2017-05-11 00:00:00+05:30,86.0,87.9,84.0,86.25,5983
2017-05-12 00:00:00+05:30,85.0,86.45,84.0,85.0,6963
2017-05-15 00:00:00+05:30,85.0,85.95,83.35,84.15,7742
2017-05-16 00:00:00+05:30,85.75,86.6,81.5,85.4,11997
2017-05-17 00:00:00+05:30,85.0,86.0,85.0,85.05,4759
2017-05-18 00:00:00+05:30,83.05,85.0,82.55,84.55,7620
2017-05-19 00:00:00+05:30,83.25,85.0,83.0,84.5,20789
2017-05-22 00:00:00+05:30,87.2,87.2,82.15,85.7,9486
2017-05-23 00:00:00+05:30,82.6,83.9,81.45,81.45,14808
2017-05-24 00:00:00+05:30,78.05,79.8,77.4,77.4,18040
2017-05-25 00:00:00+05:30,74.0,79.7,74.0,77.8,5205
2017-05-26 00:00:00+05:30,77.8,81.65,77.1,81.65,14641
2017-05-29 00:00:00+05:30,80.05,84.05,80.0,83.9,11622
2017-05-30 00:00:00+05:30,82.4,85.0,82.0,83.6,19038
2017-05-31 00:00:00+05:30,82.5,83.45,80.05,81.55,13882
2017-06-01 00:00:00+05:30,80.0,82.0,78.75,80.1,4365
2017-06-02 00:00:00+05:30,81.4,81.4,79.15,80.5,4204
2017-06-05 00:00:00+05:30,77.2,84.5,77.2,81.95,40716
2017-06-06 00:00:00+05:30,81.95,82.0,79.1,79.6,18533
2017-06-07 00:00:00+05:30,80.0,87.55,80.0,87.5,105553
2017-06-08 00:00:00+05:30,89.9,90.0,85.2,87.15,53179
2017-06-09 00:00:00+05:30,88.45,88.7,84.6,86.2,15002
2017-06-12 00:00:00+05:30,86.0,86.0,81.25,83.85,13477
2017-06-13 00:00:00+05:30,83.0,86.0,83.0,85.9,6900
2017-06-14 00:00:00+05:30,84.0,86.0,83.2,83.45,4279
2017-06-15 00:00:00+05:30,82.6,84.9,82.5,82.8,3663
2017-06-16 00:00:00+05:30,83.95,87.9,83.8,85.6,27994
2017-06-19 00:00:00+05:30,84.5,86.0,84.3,85.0,9268
2017-06-20 00:00:00+05:30,84.2,86.45,82.0,84.7,44447
2017-06-21 00:00:00+05:30,84.9,86.0,83.55,84.0,5005
2017-06-22 00:00:00+05:30,84.85,84.95,83.2,83.4,1362
2017-06-23 00:00:00+05:30,81.05,84.5,81.05,82.35,15165
2017-06-27 00:00:00+05:30,80.55,83.35,77.9,79.85,7088
2017-06-28 00:00:00+05:30,83.5,83.5,79.75,80.75,11548
2017-06-29 00:00:00+05:30,81.55,84.2,81.5,82.75,4217
2017-06-30 00:00:00+05:30,79.0,84.0,79.0,81.9,3988
2017-07-03 00:00:00+05:30,81.05,84.5,81.05,82.25,9611
2017-07-04 00:00:00+05:30,84.0,90.45,84.0,90.45,131750
2017-07-05 00:00:00+05:30,93.0,93.0,88.8,89.35,117963
2017-07-06 00:00:00+05:30,90.0,95.0,90.0,93.85,53352
2017-07-07 00:00:00+05:30,91.75,93.4,91.3,92.35,116725
2017-07-10 00:00:00+05:30,92.55,94.5,92.0,93.05,6891
2017-07-11 00:00:00+05:30,92.1,96.0,92.05,95.8,87845
2017-07-12 00:00:00+05:30,95.0,99.7,94.1,96.8,246192
2017-07-13 00:00:00+05:30,97.2,99.7,94.6,98.05,90457
2017-07-14 00:00:00+05:30,96.05,99.8,95.35,99.2,104662
2017-07-17 00:00:00+05:30,100.4,100.7,97.0,98.15,19825
2017-07-18 00:00:00+05:30,92.1,97.5,92.1,94.85,91879
2017-07-19 00:00:00+05:30,94.5,98.7,93.0,97.7,116055
2017-07-20 00:00:00+05:30,98.0,99.7,95.0,95.9,142342
2017-07-21 00:00:00+05:30,96.35,102.7,95.75,101.7,197898
2017-07-24 00:00:00+05:30,105.0,108.4,101.15,103.7,177919
2017-07-25 00:00:00+05:30,104.0,105.0,98.0,102.6,65961
2017-07-26 00:00:00+05:30,105.2,105.2,101.7,102.1,45799
2017-07-27 00:00:00+05:30,100.35,103.0,98.05,98.5,84065
2017-07-28 00:00:00+05:30,95.1,101.55,95.1,99.95,45509
2017-07-31 00:00:00+05:30,99.0,106.8,99.0,101.6,89006
2017-08-01 00:00:00+05:30,102.95,103.0,97.0,97.55,109735
2017-08-02 00:00:00+05:30,98.0,99.8,96.6,98.75,23301
2017-08-03 00:00:00+05:30,96.3,100.55,96.3,98.35,34112
2017-08-04 00:00:00+05:30,99.0,101.8,98.0,101.1,54709
2017-08-07 00:00:00+05:30,100.0,109.05,100.0,104.0,605239
2017-08-08 00:00:00+05:30,103.0,105.1,97.1,99.2,125310
2017-08-09 00:00:00+05:30,100.0,100.0,94.3,96.8,47764
2017-08-10 00:00:00+05:30,96.9,97.0,83.3,85.75,128396
2017-08-11 00:00:00+05:30,85.0,96.0,83.95,91.7,205212
2017-08-14 00:00:00+05:30,93.0,97.2,92.0,96.35,63332
2017-08-16 00:00:00+05:30,96.0,96.8,94.05,95.7,9181
2017-08-17 00:00:00+05:30,96.0,96.0,93.4,94.05,24569
2017-08-18 00:00:00+05:30,94.5,94.55,90.4,91.75,45806
2017-08-21 00:00:00+05:30,92.8,95.6,89.35,90.6,14274
2017-08-22 00:00:00+05:30,90.2,91.8,89.25,90.35,6328
2017-08-23 00:00:00+05:30,90.35,92.25,90.35,91.15,6389
2017-08-24 00:00:00+05:30,91.8,105.7,90.05,103.95,659992
2017-08-28 00:00:00+05:30,102.2,124.7,102.2,124.7,1770638
2017-08-29 00:00:00+05:30,126.35,127.7,118.7,124.75,933470
2017-08-30 00:00:00+05:30,126.5,130.5,118.2,122.4,536192
2017-08-31 00:00:00+05:30,123.05,123.9,114.2,117.1,114649
2017-09-01 00:00:00+05:30,117.5,121.8,117.2,119.5,86109
2017-09-04 00:00:00+05:30,121.7,121.7,108.1,118.7,169908
2017-09-05 00:00:00+05:30,119.45,125.0,111.4,114.9,161929
2017-09-06 00:00:00+05:30,114.0,117.0,112.1,113.15,32020
2017-09-07 00:00:00+05:30,114.65,123.7,112.0,116.9,319645
2017-09-08 00:00:00+05:30,118.0,125.5,115.55,124.6,324805
2017-09-11 00:00:00+05:30,126.8,136.75,121.1,125.15,1166531
2017-09-12 00:00:00+05:30,124.05,132.35,124.05,130.9,272776
2017-09-13 00:00:00+05:30,132.0,139.8,128.45,133.5,524569
2017-09-14 00:00:00+05:30,134.65,140.4,123.4,124.8,976014
2017-09-15 00:00:00+05:30,124.6,129.2,122.9,125.15,468670
2017-09-18 00:00:00+05:30,126.6,134.8,119.0,121.65,445374
2017-09-19 00:00:00+05:30,122.0,123.8,113.05,115.0,243160
2017-09-20 00:00:00+05:30,115.9,117.85,113.6,116.2,75490
2017-09-21 00:00:00+05:30,114.45,120.7,109.9,119.65,147548
2017-09-22 00:00:00+05:30,118.8,124.0,113.7,115.9,100692
2017-09-25 00:00:00+05:30,114.15,117.8,110.0,112.75,36857
2017-09-26 00:00:00+05:30,112.8,121.0,112.8,118.2,96105
2017-09-27 00:00:00+05:30,120.7,120.7,111.1,112.9,176918
2017-09-28 00:00:00+05:30,112.0,119.25,111.95,118.15,123223
2017-09-29 00:00:00+05:30,119.0,137.9,118.0,130.25,912818
2017-10-03 00:00:00+05:30,130.85,130.85,123.6,125.9,161002
2017-10-04 00:00:00+05:30,125.75,131.95,122.65,124.0,230238
2017-10-05 00:00:00+05:30,124.0,129.0,124.0,127.1,95906
2017-10-06 00:00:00+05:30,128.25,131.75,124.3,125.5,59480
2017-10-09 00:00:00+05:30,126.6,150.6,126.6,150.55,1411331
2017-10-10 00:00:00+05:30,154.5,158.8,148.05,152.45,1174800
2017-10-11 00:00:00+05:30,152.0,162.4,150.5,158.55,578419
2017-10-12 00:00:00+05:30,158.0,165.3,157.1,160.95,383304
2017-10-13 00:00:00+05:30,161.25,166.5,157.15,159.1,231573
2017-10-16 00:00:00+05:30,160.0,161.9,153.25,155.8,43540
2017-10-17 00:00:00+05:30,163.0,169.9,139.05,154.4,2088955
2017-10-18 00:00:00+05:30,156.0,159.4,141.25,142.75,595823
2017-10-19 00:00:00+05:30,142.5,145.0,140.15,141.3,86656
2017-10-23 00:00:00+05:30,141.55,144.95,137.05,138.05,161949
2017-10-24 00:00:00+05:30,138.1,144.1,137.6,139.2,146920
2017-10-25 00:00:00+05:30,141.4,141.4,134.75,135.6,70868
2017-10-26 00:00:00+05:30,135.6,139.25,130.0,133.55,92063
2017-10-27 00:00:00+05:30,133.9,141.9,132.4,136.85,149605
2017-10-30 00:00:00+05:30,137.9,144.0,131.55,132.5,206543
2017-10-31 00:00:00+05:30,132.55,134.9,129.05,130.0,223133
2017-11-01 00:00:00+05:30,131.2,132.5,128.0,129.15,98674
2017-11-02 00:00:00+05:30,128.0,130.8,126.1,127.2,46010
2017-11-03 00:00:00+05:30,126.5,135.2,126.5,131.25,257193
2017-11-06 00:00:00+05:30,131.7,134.9,128.2,130.05,47467
2017-11-07 00:00:00+05:30,130.8,136.85,127.1,132.0,170850
2017-11-08 00:00:00+05:30,132.2,140.0,131.0,133.55,270023
2017-11-09 00:00:00+05:30,134.5,138.7,131.5,132.5,64279
2017-11-10 00:00:00+05:30,133.8,134.25,131.0,131.15,30140
2017-11-13 00:00:00+05:30,132.75,133.0,127.3,128.7,32251
2017-11-14 00:00:00+05:30,128.45,132.0,127.0,128.7,416116
2017-11-15 00:00:00+05:30,128.25,129.4,125.1,126.2,22547
2017-11-16 00:00:00+05:30,127.3,128.45,126.0,127.45,17079
2017-11-17 00:00:00+05:30,129.0,129.95,127.0,128.0,32520
2017-11-20 00:00:00+05:30,129.8,129.8,122.3,124.75,28716
2017-11-21 00:00:00+05:30,125.1,128.05,124.05,124.75,51240
2017-11-22 00:00:00+05:30,126.95,131.0,125.0,125.5,102586
2017-11-23 00:00:00+05:30,127.0,130.0,126.0,129.0,63451
2017-11-24 00:00:00+05:30,129.95,141.45,129.0,136.45,225209
2017-11-27 00:00:00+05:30,135.8,136.4,132.1,133.1,33443
2017-11-28 00:00:00+05:30,134.9,143.95,129.2,131.15,1041416
2017-11-29 00:00:00+05:30,132.5,141.55,132.0,137.9,489309
2017-11-30 00:00:00+05:30,136.95,142.8,134.85,137.95,118795
2017-12-01 00:00:00+05:30,139.0,147.05,138.0,140.15,272410
2017-12-04 00:00:00+05:30,144.0,147.4,140.45,143.55,203051
2017-12-05 00:00:00+05:30,144.3,149.0,138.3,143.9,257075
2017-12-06 00:00:00+05:30,142.5,147.15,141.0,141.45,110193
2017-12-07 00:00:00+05:30,142.75,144.35,140.5,141.3,77674
2017-12-08 00:00:00+05:30,142.4,143.0,139.25,140.35,58411
2017-12-11 00:00:00+05:30,141.6,142.6,137.0,137.75,57047
2017-12-12 00:00:00+05:30,138.75,143.95,138.0,141.3,88726
2017-12-13 00:00:00+05:30,141.5,141.55,138.2,139.35,49189
2017-12-14 00:00:00+05:30,139.2,140.05,135.05,135.95,50611
2017-12-15 00:00:00+05:30,137.0,140.0,135.0,136.55,36808
2017-12-18 00:00:00+05:30,137.2,138.5,129.2,136.15,25187
2017-12-19 00:00:00+05:30,135.65,138.95,133.5,134.3,147191
2017-12-20 00:00:00+05:30,134.3,139.95,133.25,134.35,68286
2017-12-21 00:00:00+05:30,135.8,137.1,128.4,130.65,280754
2017-12-22 00:00:00+05:30,131.95,137.0,131.95,133.85,61991
2017-12-26 00:00:00+05:30,135.4,136.8,133.15,133.55,41769
2017-12-27 00:00:00+05:30,135.8,139.35,133.6,135.0,81423
2017-12-28 00:00:00+05:30,135.05,137.2,134.05,134.5,42943
2017-12-29 00:00:00+05:30,137.0,139.8,135.65,138.05,147600
2018-01-01 00:00:00+05:30,138.05,138.1,134.8,135.55,57387
2018-01-02 00:00:00+05:30,136.5,137.5,134.05,136.45,36079
2018-01-03 00:00:00+05:30,136.55,137.8,134.0,134.2,56091
2018-01-04 00:00:00+05:30,134.65,135.7,132.1,133.15,67921
2018-01-05 00:00:00+05:30,134.0,134.85,130.8,132.25,77044
2018-01-08 00:00:00+05:30,133.45,136.45,133.0,133.35,34893
2018-01-09 00:00:00+05:30,135.35,135.5,132.0,132.4,47460
2018-01-10 00:00:00+05:30,131.75,134.15,130.85,131.35,52650
2018-01-11 00:00:00+05:30,131.0,132.5,129.8,130.4,43617
2018-01-12 00:00:00+05:30,131.5,132.1,125.0,127.75,73231
2018-01-15 00:00:00+05:30,126.55,132.5,126.4,126.6,63227
2018-01-16 00:00:00+05:30,128.5,128.75,125.5,125.75,155848
2018-01-17 00:00:00+05:30,125.75,128.9,122.25,123.65,79519
2018-01-18 00:00:00+05:30,126.0,127.0,117.0,119.8,122237
2018-01-19 00:00:00+05:30,120.0,122.9,119.0,120.7,28837
2018-01-22 00:00:00+05:30,119.0,129.5,119.0,128.1,81776
2018-01-23 00:00:00+05:30,128.1,132.8,113.2,115.9,227125
2018-01-24 00:00:00+05:30,115.0,121.7,111.25,113.6,155203
2018-01-25 00:00:00+05:30,113.05,115.1,108.8,110.3,54889
2018-01-29 00:00:00+05:30,109.2,111.45,100.0,102.1,101357
2018-01-30 00:00:00+05:30,102.1,104.6,98.0,99.4,65843
2018-01-31 00:00:00+05:30,99.4,105.45,98.5,99.95,71767
2018-02-01 00:00:00+05:30,102.7,103.0,99.7,100.6,48170
2018-02-02 00:00:00+05:30,100.55,100.55,93.0,94.2,63118
2018-02-05 00:00:00+05:30,92.5,92.5,89.0,90.3,32427
2018-02-06 00:00:00+05:30,88.0,88.0,80.0,86.25,124106
2018-02-07 00:00:00+05:30,89.7,103.5,89.15,102.55,190366
2018-02-08 00:00:00+05:30,102.0,111.05,101.0,103.9,145621
2018-02-09 00:00:00+05:30,100.95,105.9,95.8,104.3,67712
2018-02-12 00:00:00+05:30,105.7,108.5,101.8,107.05,52678
2018-02-14 00:00:00+05:30,109.6,109.6,106.0,107.0,33875
2018-02-15 00:00:00+05:30,106.3,109.15,98.5,100.25,43388
2018-02-16 00:00:00+05:30,99.2,104.0,94.6,96.35,33709
2018-02-19 00:00:00+05:30,99.8,99.8,91.65,95.45,20502
2018-02-20 00:00:00+05:30,94.15,98.9,90.1,94.6,18162
2018-02-21 00:00:00+05:30,96.7,97.0,94.0,96.1,11472
2018-02-22 00:00:00+05:30,96.1,97.7,93.2,94.3,16415
2018-02-23 00:00:00+05:30,96.4,98.5,95.3,97.75,16340
2018-02-26 00:00:00+05:30,98.0,99.65,95.55,96.1,8761
2018-02-27 00:00:00+05:30,99.0,114.5,98.95,111.5,570341
2018-02-28 00:00:00+05:30,108.9,112.4,105.95,107.5,173484
2018-03-01 00:00:00+05:30,107.45,107.8,102.15,103.2,26891
2018-03-05 00:00:00+05:30,103.95,107.25,101.0,101.7,31650
2018-03-06 00:00:00+05:30,105.6,105.9,98.25,99.35,27612
2018-03-07 00:00:00+05:30,98.3,100.95,94.1,95.25,27334
2018-03-08 00:00:00+05:30,96.9,97.1,92.3,94.15,38219
2018-03-09 00:00:00+05:30,94.2,98.5,93.0,94.1,20748
2018-03-12 00:00:00+05:30,94.35,100.0,94.2,96.8,37373
2018-03-13 00:00:00+05:30,95.7,98.8,94.25,95.8,22515
2018-03-14 00:00:00+05:30,96.75,96.75,93.85,95.35,12195
2018-03-15 00:00:00+05:30,93.45,106.3,93.45,100.85,184393
2018-03-16 00:00:00+05:30,100.15,105.3,97.15,98.8,38111
2018-03-19 00:00:00+05:30,98.0,99.5,94.0,94.55,21517
2018-03-20 00:00:00+05:30,96.0,96.0,92.75,93.2,29171
2018-03-21 00:00:00+05:30,94.8,96.2,92.25,93.2,76727
2018-03-22 00:00:00+05:30,94.0,96.5,90.8,91.3,103631
2018-03-23 00:00:00+05:30,90.0,92.95,85.4,90.8,149185
2018-03-26 00:00:00+05:30,92.75,93.7,88.3,89.95,91445
2018-03-27 00:00:00+05:30,93.3,94.45,89.45,89.9,48745
2018-03-28 00:00:00+05:30,90.35,90.35,85.4,87.35,17519
2018-04-02 00:00:00+05:30,88.2,91.85,87.8,90.55,22106
2018-04-03 00:00:00+05:30,91.9,91.9,87.5,88.3,49571
2018-04-04 00:00:00+05:30,89.7,93.0,89.1,89.85,79924
2018-04-05 00:00:00+05:30,92.0,94.0,91.1,92.35,36022
2018-04-06 00:00:00+05:30,93.0,93.8,91.75,93.45,18677
2018-04-09 00:00:00+05:30,94.6,96.5,93.1,93.8,26088
2018-04-10 00:00:00+05:30,94.0,95.9,92.1,94.05,12060
2018-04-11 00:00:00+05:30,95.0,95.5,94.05,94.25,11697
2018-04-12 00:00:00+05:30,94.25,99.5,94.0,96.4,75141
2018-04-13 00:00:00+05:30,95.6,98.45,94.1,94.5,10004
2018-04-16 00:00:00+05:30,93.05,96.25,92.0,92.65,26230
2018-04-17 00:00:00+05:30,92.5,94.4,92.5,92.8,15368
2018-04-18 00:00:00+05:30,91.6,94.65,91.6,92.5,17271
2018-04-19 00:00:00+05:30,92.5,95.45,92.5,93.8,9777
2018-04-20 00:00:00+05:30,92.65,97.85,92.5,92.95,47070
2018-04-23 00:00:00+05:30,94.0,95.5,90.1,91.9,35962
2018-04-24 00:00:00+05:30,94.25,94.4,89.4,90.25,47570
2018-04-25 00:00:00+05:30,91.65,93.0,89.35,90.85,22594
2018-04-26 00:00:00+05:30,90.15,91.45,87.5,88.15,21839
2018-04-27 00:00:00+05:30,90.0,90.8,86.4,86.7,24352
2018-04-30 00:00:00+05:30,86.2,90.9,86.2,89.6,20525
2018-05-02 00:00:00+05:30,92.7,98.6,89.0,92.15,197977
2018-05-03 00:00:00+05:30,91.85,92.9,89.55,89.9,26766
2018-05-04 00:00:00+05:30,89.1,90.75,88.6,89.05,18242
2018-05-07 00:00:00+05:30,88.6,91.2,88.5,89.6,14519
2018-05-08 00:00:00+05:30,92.9,92.9,88.5,88.7,8177
2018-05-09 00:00:00+05:30,89.75,91.0,89.0,90.1,9503
2018-05-10 00:00:00+05:30,89.65,91.0,87.55,88.55,6857
2018-05-11 00:00:00+05:30,89.5,92.5,87.95,91.75,47534
2018-05-14 00:00:00+05:30,88.0,90.05,85.3,85.9,58504
2018-05-15 00:00:00+05:30,86.95,88.8,81.1,81.75,44607
2018-05-16 00:00:00+05:30,84.45,84.45,76.55,77.25,20271
2018-05-17 00:00:00+05:30,78.0,80.0,73.8,74.6,16804
2018-05-18 00:00:00+05:30,76.75,79.4,72.4,73.2,20192
2018-05-21 00:00:00+05:30,73.2,75.4,70.7,73.85,24043
2018-05-22 00:00:00+05:30,73.3,76.95,73.3,75.5,15361
2018-05-23 00:00:00+05:30,76.4,77.45,75.5,75.9,17939
2018-05-24 00:00:00+05:30,76.95,78.9,74.5,78.15,20844
2018-05-25 00:00:00+05:30,78.0,85.8,78.0,84.35,35922
2018-05-28 00:00:00+05:30,88.7,88.7,84.0,86.25,17532
2018-05-29 00:00:00+05:30,85.0,89.0,85.0,87.6,17383
2018-05-30 00:00:00+05:30,89.0,89.4,86.2,86.6,12348
2018-05-31 00:00:00+05:30,88.75,88.75,85.05,87.6,12672
2018-06-01 00:00:00+05:30,87.0,88.4,85.2,86.05,5216
2018-06-04 00:00:00+05:30,89.15,89.15,83.05,84.05,14351
2018-06-05 00:00:00+05:30,82.2,85.05,82.2,83.6,14523
2018-06-06 00:00:00+05:30,82.55,84.95,82.55,84.4,10999
2018-06-07 00:00:00+05:30,87.0,88.7,84.45,86.3,7700
2018-06-08 00:00:00+05:30,85.0,89.7,84.7,86.35,13882
2018-06-11 00:00:00+05:30,87.5,87.5,84.6,85.75,17952
2018-06-12 00:00:00+05:30,85.3,86.0,84.8,85.45,10780
2018-06-13 00:00:00+05:30,85.05,85.05,83.25,84.3,6534
2018-06-14 00:00:00+05:30,83.3,85.0,81.4,81.85,10766
2018-06-15 00:00:00+05:30,83.6,84.7,80.4,82.15,19614
2018-06-18 00:00:00+05:30,83.9,83.9,78.0,80.4,13900
2018-06-19 00:00:00+05:30,82.0,85.0,79.45,80.45,19032
2018-06-20 00:00:00+05:30,80.05,81.65,77.2,79.85,9881
2018-06-21 00:00:00+05:30,79.1,81.7,78.35,80.2,3511
2018-06-22 00:00:00+05:30,78.35,82.7,78.35,80.5,7510
2018-06-25 00:00:00+05:30,79.3,83.0,78.35,80.4,11661
2018-06-26 00:00:00+05:30,79.5,80.5,79.3,79.4,5474
2018-06-27 00:00:00+05:30,79.4,80.9,72.8,73.85,39070
2018-06-28 00:00:00+05:30,74.95,75.95,69.1,69.9,15165
2018-06-29 00:00:00+05:30,69.9,73.8,69.0,72.2,6007
2018-07-02 00:00:00+05:30,72.0,75.0,70.6,73.85,26542
2018-07-03 00:00:00+05:30,72.0,72.0,69.45,70.5,82549
2018-07-04 00:00:00+05:30,70.5,73.45,68.9,69.95,17358
2018-07-05 00:00:00+05:30,70.0,70.6,68.6,68.95,5595
2018-07-06 00:00:00+05:30,69.0,70.0,67.5,69.95,3896
2018-07-09 00:00:00+05:30,69.5,72.0,69.0,71.7,4632
2018-07-10 00:00:00+05:30,71.5,74.9,71.5,73.6,4693
2018-07-11 00:00:00+05:30,73.05,73.15,70.55,71.65,10248
2018-07-12 00:00:00+05:30,71.5,73.3,69.9,72.05,9900
2018-07-13 00:00:00+05:30,71.65,80.7,71.65,78.25,66747
2018-07-16 00:00:00+05:30,80.4,81.5,75.4,76.7,16309
2018-07-17 00:00:00+05:30,76.0,79.9,76.0,77.3,5845
2018-07-18 00:00:00+05:30,76.8,78.85,74.0,75.75,15042
2018-07-19 00:00:00+05:30,75.05,75.05,71.0,71.25,11909
2018-07-20 00:00:00+05:30,71.45,76.7,69.1,70.95,34171
2018-07-23 00:00:00+05:30,72.0,73.8,70.6,71.9,13608
2018-07-24 00:00:00+05:30,73.25,73.95,71.6,73.6,12601
2018-07-25 00:00:00+05:30,74.95,76.0,72.5,73.35,5365
2018-07-26 00:00:00+05:30,74.75,74.75,72.6,73.5,54095
2018-07-27 00:00:00+05:30,73.9,76.05,70.6,74.2,12429
2018-07-30 00:00:00+05:30,74.95,74.95,72.65,74.15,9344
2018-07-31 00:00:00+05:30,75.25,75.25,73.2,73.5,6059
2018-08-01 00:00:00+05:30,74.9,74.9,71.2,72.3,7540
2018-08-02 00:00:00+05:30,72.35,73.7,71.0,72.75,10615
2018-08-03 00:00:00+05:30,73.5,75.9,73.05,75.1,13403
2018-08-06 00:00:00+05:30,75.1,75.4,72.5,75.0,11962
2018-08-07 00:00:00+05:30,74.0,76.0,73.2,73.95,2539
2018-08-08 00:00:00+05:30,75.05,77.0,73.1,76.75,10949
2018-08-09 00:00:00+05:30,76.0,76.75,72.6,73.3,11475
2018-08-10 00:00:00+05:30,75.45,75.45,70.9,71.2,9949
2018-08-13 00:00:00+05:30,73.0,73.0,70.4,70.9,3180
2018-08-14 00:00:00+05:30,72.95,78.0,68.6,68.8,251458
2018-08-16 00:00:00+05:30,68.25,70.0,68.25,68.8,26859
2018-08-17 00:00:00+05:30,70.8,70.8,67.5,68.9,18483
2018-08-20 00:00:00+05:30,69.45,70.6,68.5,68.85,16137
2018-08-21 00:00:00+05:30,70.0,70.25,67.25,69.5,78344
2018-08-23 00:00:00+05:30,69.5,70.0,68.65,69.45,20090
2018-08-24 00:00:00+05:30,69.9,69.9,68.1,68.65,16248
2018-08-27 00:00:00+05:30,69.45,69.5,67.9,68.5,33732
2018-08-28 00:00:00+05:30,68.1,69.65,66.1,66.6,69331
2018-08-29 00:00:00+05:30,67.45,69.2,65.9,66.55,46495
2018-08-30 00:00:00+05:30,68.4,68.8,66.6,68.2,27046
2018-08-31 00:00:00+05:30,68.9,69.6,66.6,67.65,42855
2018-09-03 00:00:00+05:30,68.95,68.95,67.45,67.95,22152
2018-09-04 00:00:00+05:30,67.65,68.85,67.35,67.85,10500
2018-09-05 00:00:00+05:30,67.25,68.0,65.85,66.95,44627
2018-09-06 00:00:00+05:30,67.85,69.0,67.0,68.65,19015
2018-09-07 00:00:00+05:30,68.0,69.9,67.65,69.55,18412
2018-09-10 00:00:00+05:30,69.3,70.95,68.15,68.95,4112
2018-09-11 00:00:00+05:30,68.5,70.9,68.5,69.0,14733
2018-09-12 00:00:00+05:30,70.3,70.3,67.1,69.6,11915
2018-09-14 00:00:00+05:30,69.05,70.0,68.6,69.6,8969
2018-09-17 00:00:00+05:30,68.65,72.0,68.65,70.4,14907
2018-09-18 00:00:00+05:30,71.85,71.85,68.35,68.65,7286
2018-09-19 00:00:00+05:30,68.0,69.5,68.0,68.65,14456
2018-09-21 00:00:00+05:30,68.85,73.4,66.0,67.15,51992
2018-09-24 00:00:00+05:30,67.3,75.9,67.25,70.15,44058
2018-09-25 00:00:00+05:30,70.25,72.8,68.5,69.4,30555
2018-09-26 00:00:00+05:30,71.65,72.7,70.3,71.0,20710
2018-09-27 00:00:00+05:30,72.65,72.65,67.5,67.95,14605
2018-09-28 00:00:00+05:30,68.0,68.0,60.15,64.3,51252
2018-10-01 00:00:00+05:30,63.65,67.0,60.15,65.0,68201
2018-10-03 00:00:00+05:30,67.25,68.5,64.6,67.25,22255
2018-10-04 00:00:00+05:30,66.0,68.65,60.2,62.7,107006
2018-10-05 00:00:00+05:30,61.2,64.95,60.5,64.45,18085
2018-10-08 00:00:00+05:30,63.6,64.95,51.6,52.7,236235
2018-10-09 00:00:00+05:30,53.5,55.8,46.1,52.85,129258
2018-10-10 00:00:00+05:30,52.85,62.45,52.8,60.2,39153
2018-10-11 00:00:00+05:30,59.75,63.9,55.6,60.05,26531
2018-10-12 00:00:00+05:30,62.0,63.7,60.0,61.15,9150
2018-10-15 00:00:00+05:30,61.8,62.0,58.6,59.75,15157
2018-10-16 00:00:00+05:30,60.0,61.6,58.2,60.65,6798
2018-10-17 00:00:00+05:30,60.65,61.2,52.2,55.2,34679
2018-10-19 00:00:00+05:30,55.2,59.0,53.7,55.9,22028
2018-10-22 00:00:00+05:30,55.15,58.0,55.15,56.65,7133
2018-10-23 00:00:00+05:30,55.2,56.1,55.05,55.5,8084
2018-10-24 00:00:00+05:30,57.3,57.3,52.2,53.1,15921
2018-10-25 00:00:00+05:30,53.5,58.9,51.8,56.9,20440
2018-10-26 00:00:00+05:30,55.35,58.85,55.0,56.45,17267
2018-10-29 00:00:00+05:30,57.4,57.4,54.4,55.45,18776
2018-10-30 00:00:00+05:30,54.95,56.5,54.1,55.2,5340
2018-10-31 00:00:00+05:30,55.35,56.3,53.0,55.25,7972
2018-11-01 00:00:00+05:30,55.05,56.0,54.0,54.1,13185
2018-11-02 00:00:00+05:30,54.0,55.8,54.0,55.0,5278
2018-11-05 00:00:00+05:30,55.0,55.0,53.45,53.8,2185
2018-11-06 00:00:00+05:30,53.0,57.55,53.0,55.95,3156
2018-11-07 00:00:00+05:30,56.8,57.0,55.5,56.7,5804
2018-11-09 00:00:00+05:30,57.95,57.95,56.0,57.35,4084
2018-11-12 00:00:00+05:30,57.9,58.0,54.05,55.75,5431
2018-11-13 00:00:00+05:30,55.0,56.55,55.0,55.55,6522
2018-11-14 00:00:00+05:30,56.4,57.35,54.25,56.05,5013
2018-11-15 00:00:00+05:30,57.95,58.0,54.15,54.6,4065
2018-11-16 00:00:00+05:30,57.35,57.35,53.65,54.95,6536
2018-11-19 00:00:00+05:30,55.0,56.8,53.9,54.7,3192
2018-11-20 00:00:00+05:30,55.45,57.4,54.0,54.4,1254
2018-11-21 00:00:00+05:30,53.55,55.0,52.6,53.1,7603
2018-11-22 00:00:00+05:30,53.1,53.85,53.05,53.4,4421
2018-11-26 00:00:00+05:30,54.55,54.55,51.65,52.15,18232
2018-11-27 00:00:00+05:30,52.0,54.05,52.0,53.15,4054
2018-11-28 00:00:00+05:30,52.95,53.55,52.75,52.95,4714
2018-11-29 00:00:00+05:30,52.8,53.95,52.25,52.95,8792
2018-11-30 00:00:00+05:30,52.1,53.7,52.05,52.95,3576
2018-12-03 00:00:00+05:30,53.15,54.4,52.3,52.35,9162
2018-12-04 00:00:00+05:30,52.4,53.7,51.2,51.55,8745
2018-12-05 00:00:00+05:30,52.95,54.4,52.4,53.4,10451
2018-12-06 00:00:00+05:30,53.0,54.5,52.0,52.6,4329
2018-12-07 00:00:00+05:30,52.45,53.9,52.45,53.35,2794
2018-12-10 00:00:00+05:30,52.15,54.25,52.15,53.9,7982
2018-12-11 00:00:00+05:30,53.7,55.8,51.4,54.95,7412
2018-12-12 00:00:00+05:30,56.0,57.0,54.45,56.85,5955
2018-12-13 00:00:00+05:30,58.8,60.0,56.0,57.9,14197
2018-12-14 00:00:00+05:30,57.95,59.4,56.5,56.95,11380
2018-12-17 00:00:00+05:30,58.85,58.85,56.25,58.05,13133
2018-12-18 00:00:00+05:30,58.45,60.0,57.0,59.55,9447
2018-12-19 00:00:00+05:30,59.4,60.9,59.35,60.0,2850
2018-12-20 00:00:00+05:30,59.95,61.0,59.5,60.25,7435
2018-12-21 00:00:00+05:30,61.0,61.0,58.1,60.05,9833
2018-12-24 00:00:00+05:30,60.9,61.85,59.55,59.95,6377
2018-12-26 00:00:00+05:30,59.95,59.95,56.95,57.8,6555
2018-12-27 00:00:00+05:30,57.8,59.5,57.45,58.5,4113
2018-12-28 00:00:00+05:30,58.9,59.7,58.4,58.65,1479
2018-12-31 00:00:00+05:30,59.35,59.9,58.1,58.95,5664
2019-01-01 00:00:00+05:30,59.0,60.05,58.95,59.5,2781
2019-01-02 00:00:00+05:30,59.95,60.0,58.5,59.7,1440
2019-01-03 00:00:00+05:30,59.05,71.6,58.5,71.6,242788
2019-01-04 00:00:00+05:30,75.0,77.3,70.5,71.3,384097
2019-01-07 00:00:00+05:30,71.3,73.4,68.1,71.8,90944
2019-01-08 00:00:00+05:30,72.95,72.95,69.0,69.6,13691
2019-01-09 00:00:00+05:30,68.55,69.25,66.3,66.35,15718
2019-01-10 00:00:00+05:30,67.8,68.0,65.4,65.55,8040
2019-01-11 00:00:00+05:30,64.2,65.55,64.1,64.95,12654
2019-01-14 00:00:00+05:30,68.0,68.0,65.5,67.4,4232
2019-01-15 00:00:00+05:30,66.15,68.25,64.95,65.6,8140
2019-01-16 00:00:00+05:30,66.05,67.05,63.8,65.6,9803
2019-01-17 00:00:00+05:30,66.05,67.4,62.65,63.45,9080
2019-01-18 00:00:00+05:30,63.25,64.8,63.05,63.15,5248
2019-01-21 00:00:00+05:30,63.95,65.65,61.65,62.1,8213
2019-01-22 00:00:00+05:30,61.05,63.05,61.05,61.5,4280
2019-01-23 00:00:00+05:30,61.05,63.3,61.05,62.0,4945
2019-01-24 00:00:00+05:30,61.9,67.35,61.3,62.35,57321
2019-01-25 00:00:00+05:30,63.05,63.55,61.1,61.35,8031
2019-01-28 00:00:00+05:30,61.75,62.9,57.75,58.2,11156
2019-01-29 00:00:00+05:30,58.15,58.7,56.0,56.65,8087
2019-01-30 00:00:00+05:30,57.8,58.9,57.1,58.45,3469
2019-01-31 00:00:00+05:30,57.65,58.85,55.9,58.0,17083
2019-02-01 00:00:00+05:30,57.25,59.7,57.25,59.05,3877
2019-02-04 00:00:00+05:30,59.5,59.5,58.0,58.7,1405
2019-02-05 00:00:00+05:30,58.85,58.95,56.4,57.15,2163
2019-02-06 00:00:00+05:30,58.95,59.0,55.25,56.75,4370
2019-02-07 00:00:00+05:30,56.05,60.0,55.4,56.75,6791
2019-02-08 00:00:00+05:30,56.15,64.0,56.1,60.35,34682
2019-02-11 00:00:00+05:30,61.2,62.9,60.2,60.8,1551
2019-02-12 00:00:00+05:30,60.75,62.0,58.2,61.05,651
2019-02-13 00:00:00+05:30,60.25,63.0,60.25,61.2,3959
2019-02-14 00:00:00+05:30,61.05,61.45,57.1,59.45,3567
2019-02-15 00:00:00+05:30,60.8,60.9,59.0,59.65,5555
2019-02-18 00:00:00+05:30,59.05,60.95,58.7,60.45,8397
2019-02-19 00:00:00+05:30,60.1,60.5,59.6,59.75,2759
2019-02-20 00:00:00+05:30,61.3,61.4,58.2,59.5,2458
2019-02-21 00:00:00+05:30,61.3,61.35,59.2,59.4,2992
2019-02-22 00:00:00+05:30,60.4,61.0,58.25,59.55,5515
2019-02-25 00:00:00+05:30,60.05,61.9,59.75,60.2,9920
2019-02-26 00:00:00+05:30,59.05,63.4,58.35,60.2,11140
2019-02-27 00:00:00+05:30,59.9,60.85,57.95,58.2,6081
2019-02-28 00:00:00+05:30,58.95,59.2,57.95,58.2,4505
2019-03-01 00:00:00+05:30,58.75,62.1,58.75,59.8,11110
2019-03-05 00:00:00+05:30,59.05,63.0,58.85,62.15,25187
2019-03-06 00:00:00+05:30,62.05,63.4,61.6,62.35,10383
2019-03-07 00:00:00+05:30,62.05,62.7,59.2,61.0,6285
2019-03-08 00:00:00+05:30,61.95,62.75,59.6,60.85,2753
2019-03-11 00:00:00+05:30,60.25,62.0,60.2,61.9,6755
2019-03-12 00:00:00+05:30,62.75,62.8,60.25,60.55,18644
2019-03-13 00:00:00+05:30,60.25,61.15,58.65,60.2,8543
2019-03-14 00:00:00+05:30,59.75,60.55,59.5,59.55,1716
2019-03-15 00:00:00+05:30,60.85,60.85,58.6,59.45,4369
2019-03-18 00:00:00+05:30,60.95,60.95,59.4,60.1,968
2019-03-19 00:00:00+05:30,59.7,62.75,59.65,61.3,8973
2019-03-20 00:00:00+05:30,61.25,61.95,60.0,60.65,5335
2019-03-22 00:00:00+05:30,60.2,62.0,59.0,61.25,7059
2019-03-25 00:00:00+05:30,60.05,60.75,59.0,59.3,6602
2019-03-26 00:00:00+05:30,60.9,60.9,58.15,58.85,3399
2019-03-27 00:00:00+05:30,58.35,58.85,58.0,58.3,3308
2019-03-28 00:00:00+05:30,58.15,59.75,57.65,58.4,7161
2019-03-29 00:00:00+05:30,58.9,69.8,58.9,66.6,120926
2019-04-01 00:00:00+05:30,67.0,71.0,64.25,70.4,49770
2019-04-02 00:00:00+05:30,69.15,72.2,68.3,71.2,33401
2019-04-03 00:00:00+05:30,71.75,72.75,68.0,69.45,13763
2019-04-04 00:00:00+05:30,69.45,70.6,69.0,69.15,4922
2019-04-05 00:00:00+05:30,68.7,69.85,64.7,66.1,28644
2019-04-08 00:00:00+05:30,66.9,67.55,64.2,65.65,4782
2019-04-09 00:00:00+05:30,65.1,68.0,65.1,66.55,7286
2019-04-10 00:00:00+05:30,66.3,66.55,65.6,65.7,5673
2019-04-11 00:00:00+05:30,66.45,67.8,66.45,67.1,3878
2019-04-12 00:00:00+05:30,67.1,68.0,67.0,67.9,1581
2019-04-15 00:00:00+05:30,67.05,68.95,64.45,67.05,5011
2019-04-16 00:00:00+05:30,66.7,69.0,65.05,65.6,23104
2019-04-18 00:00:00+05:30,65.35,66.45,64.3,64.65,2698
2019-04-22 00:00:00+05:30,65.0,65.0,63.6,64.1,6186
2019-04-23 00:00:00+05:30,64.05,65.25,51.4,52.35,197636
2019-04-24 00:00:00+05:30,51.6,54.75,50.5,52.2,149622
2019-04-25 00:00:00+05:30,52.25,53.35,51.0,51.85,33625
2019-04-26 00:00:00+05:30,51.85,53.0,51.15,51.95,6808
2019-04-30 00:00:00+05:30,51.4,51.7,50.1,50.45,10113
2019-05-02 00:00:00+05:30,50.45,51.0,49.5,50.1,6564
2019-05-03 00:00:00+05:30,50.85,52.5,50.3,52.0,12105
2019-05-06 00:00:00+05:30,52.2,52.6,51.35,52.0,3860
2019-05-07 00:00:00+05:30,52.05,53.25,51.1,51.65,20087
2019-05-08 00:00:00+05:30,52.0,52.55,50.2,50.4,9904
2019-05-09 00:00:00+05:30,51.1,51.8,50.0,50.95,4967
2019-05-10 00:00:00+05:30,51.0,51.0,50.35,50.75,2453
2019-05-13 00:00:00+05:30,50.9,51.45,50.9,51.05,7951
2019-05-14 00:00:00+05:30,51.0,51.1,50.1,50.7,4393
2019-05-15 00:00:00+05:30,51.0,51.9,50.6,50.7,8757
2019-05-16 00:00:00+05:30,51.05,51.95,50.15,51.0,4675
2019-05-17 00:00:00+05:30,50.3,51.6,50.1,50.25,3207
2019-05-20 00:00:00+05:30,55.0,55.1,51.2,53.75,32667
2019-05-21 00:00:00+05:30,54.0,55.95,53.0,54.8,21707
2019-05-22 00:00:00+05:30,55.3,59.7,54.85,57.75,42642
2019-05-23 00:00:00+05:30,58.8,59.95,55.4,58.65,22776
2019-05-24 00:00:00+05:30,58.95,60.75,57.55,59.85,19819
2019-05-27 00:00:00+05:30,60.1,62.85,60.0,62.3,11653
2019-05-28 00:00:00+05:30,61.85,65.7,61.2,64.35,13428
2019-05-29 00:00:00+05:30,63.55,66.0,63.05,65.3,15025
2019-05-30 00:00:00+05:30,65.3,66.6,63.65,66.25,9830
2019-05-31 00:00:00+05:30,65.0,65.85,58.9,60.8,58681
2019-06-03 00:00:00+05:30,62.05,63.7,60.75,63.1,3597
2019-06-04 00:00:00+05:30,63.95,63.95,61.55,62.1,1547
2019-06-06 00:00:00+05:30,61.55,64.0,60.0,62.15,16413
2019-06-07 00:00:00+05:30,62.0,70.9,62.0,66.2,50854
2019-06-10 00:00:00+05:30,65.9,69.0,63.9,66.2,9637
2019-06-11 00:00:00+05:30,65.05,69.0,64.0,67.4,17315
2019-06-12 00:00:00+05:30,68.65,69.5,67.6,68.35,16046
2019-06-13 00:00:00+05:30,69.35,70.0,66.4,67.05,12503
2019-06-14 00:00:00+05:30,67.0,67.0,65.4,66.6,17965
2019-06-17 00:00:00+05:30,66.65,68.95,66.6,68.35,12581
2019-06-18 00:00:00+05:30,69.25,69.25,66.2,67.15,10064
2019-06-19 00:00:00+05:30,66.8,68.85,66.2,66.75,9552
2019-06-20 00:00:00+05:30,66.05,67.5,65.75,66.0,14946
2019-06-21 00:00:00+05:30,65.95,66.75,62.2,64.55,11404
2019-06-24 00:00:00+05:30,66.9,68.4,62.75,67.8,21361
2019-06-25 00:00:00+05:30,67.0,68.75,66.1,67.6,10231
2019-06-26 00:00:00+05:30,67.0,71.0,64.0,68.2,54544
2019-06-27 00:00:00+05:30,68.85,68.9,66.25,68.5,11006
2019-06-28 00:00:00+05:30,68.7,75.0,65.95,74.6,48260
2019-07-01 00:00:00+05:30,75.0,76.0,70.1,70.95,27035
2019-07-02 00:00:00+05:30,70.0,75.3,69.1,70.0,9154
2019-07-03 00:00:00+05:30,70.1,70.8,68.0,68.35,12905
2019-07-04 00:00:00+05:30,69.35,71.0,68.1,70.05,2818
2019-07-05 00:00:00+05:30,70.0,70.0,66.2,67.35,5997
2019-07-08 00:00:00+05:30,67.4,69.75,66.55,67.7,4299
2019-07-09 00:00:00+05:30,66.95,70.0,66.95,68.3,1612
2019-07-10 00:00:00+05:30,67.95,68.45,67.5,67.55,1597
2019-07-11 00:00:00+05:30,67.55,68.5,67.05,67.8,3066
2019-07-12 00:00:00+05:30,67.3,68.95,66.05,66.85,7290
2019-07-15 00:00:00+05:30,68.0,68.0,65.65,65.85,2516
2019-07-16 00:00:00+05:30,66.55,67.8,65.7,66.0,2793
2019-07-17 00:00:00+05:30,66.05,68.85,64.1,67.1,9618
2019-07-18 00:00:00+05:30,66.7,67.85,64.0,64.4,6272
2019-07-19 00:00:00+05:30,64.5,67.75,58.25,60.7,22135
2019-07-22 00:00:00+05:30,60.05,64.9,59.0,60.85,4040
2019-07-23 00:00:00+05:30,61.1,63.0,59.4,61.5,4869
2019-07-24 00:00:00+05:30,62.6,63.0,61.5,63.0,2927
2019-07-25 00:00:00+05:30,62.5,66.2,62.1,65.05,15702
2019-07-26 00:00:00+05:30,66.0,67.4,65.5,65.7,20843
2019-07-29 00:00:00+05:30,66.05,66.8,61.15,61.65,3652
2019-07-30 00:00:00+05:30,61.95,65.7,60.25,65.0,14072
2019-07-31 00:00:00+05:30,62.0,67.35,62.0,65.85,12574
2019-08-01 00:00:00+05:30,64.75,67.5,64.7,66.6,10843
2019-08-02 00:00:00+05:30,66.75,67.5,64.75,65.8,15492
2019-08-05 00:00:00+05:30,65.0,66.0,63.2,65.5,9473
2019-08-06 00:00:00+05:30,64.65,67.9,63.55,66.7,3502
2019-08-07 00:00:00+05:30,67.9,68.0,62.0,62.3,25667
2019-08-08 00:00:00+05:30,62.0,66.8,62.0,63.25,3335
2019-08-09 00:00:00+05:30,63.85,65.0,62.2,63.75,4493
2019-08-13 00:00:00+05:30,64.1,64.4,61.0,61.15,3102
2019-08-14 00:00:00+05:30,62.0,62.25,60.1,61.1,4156
2019-08-16 00:00:00+05:30,61.1,64.85,61.1,64.5,8759
2019-08-19 00:00:00+05:30,63.55,66.8,62.05,63.05,8705
2019-08-20 00:00:00+05:30,63.05,66.0,61.65,62.1,4321
2019-08-21 00:00:00+05:30,62.05,62.05,60.3,60.5,2921
2019-08-22 00:00:00+05:30,62.0,62.05,59.1,59.75,4883
2019-08-23 00:00:00+05:30,59.45,61.35,57.5,59.1,6353
2019-08-26 00:00:00+05:30,60.3,60.9,59.1,60.25,4447
2019-08-27 00:00:00+05:30,60.9,62.25,60.0,60.05,1788
2019-08-28 00:00:00+05:30,61.5,63.4,60.45,61.55,3839
2019-08-29 00:00:00+05:30,61.55,61.6,58.3,58.6,3066
2019-08-30 00:00:00+05:30,60.95,63.0,59.2,60.45,7712
2019-09-03 00:00:00+05:30,59.65,61.0,58.0,58.3,5347
2019-09-04 00:00:00+05:30,61.75,61.9,58.35,59.25,2903
2019-09-05 00:00:00+05:30,60.95,64.9,59.95,60.35,5609
2019-09-06 00:00:00+05:30,60.0,61.7,59.95,60.05,4301
2019-09-09 00:00:00+05:30,60.15,61.35,60.1,60.15,2215
2019-09-11 00:00:00+05:30,61.75,63.0,61.0,62.85,13248
2019-09-12 00:00:00+05:30,62.8,63.0,61.4,62.15,5188
2019-09-13 00:00:00+05:30,64.85,64.85,61.65,64.45,9993
2019-09-16 00:00:00+05:30,64.0,65.4,63.9,64.15,7665
2019-09-17 00:00:00+05:30,64.45,64.95,62.15,62.8,5431
2019-09-18 00:00:00+05:30,62.75,64.4,61.35,63.2,5729
2019-09-19 00:00:00+05:30,62.8,63.8,61.15,62.3,6592
2019-09-20 00:00:00+05:30,63.45,67.1,62.15,65.4,24124
2019-09-23 00:00:00+05:30,65.6,66.2,64.05,65.05,9305
2019-09-24 00:00:00+05:30,64.05,65.9,63.8,64.7,901
2019-09-25 00:00:00+05:30,64.85,65.5,64.1,65.0,3264
2019-09-26 00:00:00+05:30,67.9,67.9,63.5,63.9,5963
2019-09-27 00:00:00+05:30,63.5,65.0,63.45,64.55,4682
2019-09-30 00:00:00+05:30,65.0,67.0,62.1,62.45,5517
2019-10-01 00:00:00+05:30,62.35,63.3,58.0,59.7,6214
2019-10-03 00:00:00+05:30,61.4,65.5,60.1,63.0,2974
2019-10-04 00:00:00+05:30,63.05,65.5,61.15,64.2,10188
2019-10-07 00:00:00+05:30,63.15,63.95,63.15,63.8,2249
2019-10-09 00:00:00+05:30,63.05,64.4,61.85,62.85,4202
2019-10-10 00:00:00+05:30,62.55,63.9,62.0,62.25,1379
2019-10-11 00:00:00+05:30,61.05,63.4,60.95,62.45,6029
2019-10-14 00:00:00+05:30,63.05,63.05,61.75,61.95,4302
2019-10-15 00:00:00+05:30,61.05,62.4,60.5,62.0,7056
2019-10-16 00:00:00+05:30,63.3,65.7,61.35,65.2,10940
2019-10-17 00:00:00+05:30,65.85,66.25,62.6,62.75,5254
2019-10-18 00:00:00+05:30,64.45,64.8,62.35,64.3,2800
2019-10-22 00:00:00+05:30,63.95,67.0,63.8,66.6,11961
2019-10-23 00:00:00+05:30,66.75,66.95,65.35,66.8,6530
2019-10-24 00:00:00+05:30,66.8,67.3,64.1,66.55,16457
2019-10-25 00:00:00+05:30,65.05,67.9,63.05,65.6,6490
2019-10-27 00:00:00+05:30,66.4,66.7,63.55,64.9,3201
2019-10-29 00:00:00+05:30,64.9,65.5,64.5,64.65,4888
2019-10-30 00:00:00+05:30,65.05,65.7,64.55,64.55,12414
2019-10-31 00:00:00+05:30,65.05,67.5,65.05,67.35,14024
2019-11-01 00:00:00+05:30,67.8,69.5,66.75,67.75,10512
2019-11-04 00:00:00+05:30,67.55,68.8,66.5,66.75,7366
2019-11-05 00:00:00+05:30,66.25,68.9,61.25,66.0,27532
2019-11-06 00:00:00+05:30,65.5,67.75,63.1,67.3,10599
2019-11-07 00:00:00+05:30,66.0,69.0,65.05,68.0,30191
2019-11-08 00:00:00+05:30,68.05,68.7,65.45,65.95,4895
2019-11-11 00:00:00+05:30,66.15,69.5,65.5,66.9,14205
2019-11-13 00:00:00+05:30,66.9,68.95,66.9,68.7,19551
2019-11-14 00:00:00+05:30,68.7,69.5,68.45,69.0,20753
2019-11-15 00:00:00+05:30,69.0,69.95,69.0,69.25,14186
2019-11-18 00:00:00+05:30,69.5,69.9,67.15,69.45,8572
2019-11-19 00:00:00+05:30,68.05,69.0,67.45,68.95,4314
2019-11-20 00:00:00+05:30,69.0,69.4,67.8,68.75,4635
2019-11-21 00:00:00+05:30,68.8,69.5,64.0,68.05,11832
2019-11-22 00:00:00+05:30,68.0,68.55,67.3,67.9,5272
2019-11-25 00:00:00+05:30,68.0,68.9,66.65,67.0,4016
2019-11-26 00:00:00+05:30,67.05,69.8,67.05,69.2,5682
2019-11-27 00:00:00+05:30,68.55,70.95,68.55,70.05,9559
2019-11-28 00:00:00+05:30,72.0,72.0,70.0,70.6,4411
2019-11-29 00:00:00+05:30,71.5,73.55,70.65,73.15,35766
2019-12-02 00:00:00+05:30,72.0,77.0,67.05,69.15,82134
2019-12-03 00:00:00+05:30,70.3,71.9,66.9,68.15,15241
2019-12-04 00:00:00+05:30,70.5,70.5,66.6,67.65,4160
2019-12-05 00:00:00+05:30,69.7,72.0,67.05,69.5,30231
2019-12-06 00:00:00+05:30,69.0,70.3,67.1,67.95,4550
2019-12-09 00:00:00+05:30,68.05,69.65,66.2,67.3,5637
2019-12-10 00:00:00+05:30,66.85,67.45,66.2,66.4,2422
2019-12-11 00:00:00+05:30,66.95,67.5,65.7,66.2,1259
2019-12-12 00:00:00+05:30,71.75,71.75,66.0,66.6,3391
2019-12-13 00:00:00+05:30,66.6,69.0,66.6,68.75,2444
2019-12-16 00:00:00+05:30,67.05,68.25,64.6,65.45,6406
2019-12-17 00:00:00+05:30,65.15,67.2,64.7,65.9,3831
2019-12-18 00:00:00+05:30,66.5,67.5,65.4,66.3,1330
2019-12-19 00:00:00+05:30,66.05,68.0,66.0,67.45,2252
2019-12-20 00:00:00+05:30,66.05,66.05,65.2,65.4,20703
2019-12-23 00:00:00+05:30,65.35,66.4,64.0,65.15,1868
2019-12-24 00:00:00+05:30,64.7,67.45,63.25,63.95,4604
2019-12-26 00:00:00+05:30,64.1,65.0,64.05,64.2,5597
2019-12-27 00:00:00+05:30,63.55,65.8,62.6,62.95,6114
2019-12-30 00:00:00+05:30,63.1,64.1,63.0,63.1,2931
2019-12-31 00:00:00+05:30,65.1,65.1,62.1,62.15,2218
2020-01-01 00:00:00+05:30,63.3,63.9,62.15,62.6,1093
2020-01-02 00:00:00+05:30,63.1,65.45,62.2,64.0,8626
2020-01-03 00:00:00+05:30,64.95,66.9,63.75,65.65,13638
2020-01-06 00:00:00+05:30,64.0,66.4,63.0,63.75,4358
2020-01-07 00:00:00+05:30,64.05,65.45,63.25,63.75,517
2020-01-08 00:00:00+05:30,63.0,64.9,61.2,63.6,2721
2020-01-09 00:00:00+05:30,66.0,66.0,63.0,63.75,9178
2020-01-10 00:00:00+05:30,63.15,64.3,62.8,63.95,18576
2020-01-13 00:00:00+05:30,64.0,66.05,63.05,64.95,11723
2020-01-14 00:00:00+05:30,64.4,64.9,62.45,64.0,8642
2020-01-15 00:00:00+05:30,63.25,65.45,63.2,64.25,5574
2020-01-16 00:00:00+05:30,65.35,66.45,64.4,65.2,9374
2020-01-17 00:00:00+05:30,64.75,66.0,64.6,65.35,4137
2020-01-20 00:00:00+05:30,64.75,67.5,63.0,65.6,9898
2020-01-21 00:00:00+05:30,65.6,66.0,65.6,66.0,8921
2020-01-22 00:00:00+05:30,67.4,67.4,64.0,65.25,5982
2020-01-23 00:00:00+05:30,65.05,67.4,65.05,66.1,8826
2020-01-24 00:00:00+05:30,66.4,69.8,66.25,66.95,65371
2020-01-27 00:00:00+05:30,67.1,69.5,63.75,64.0,25865
2020-01-28 00:00:00+05:30,63.25,64.0,63.0,63.3,9580
2020-01-29 00:00:00+05:30,63.55,64.95,63.55,63.65,948
2020-01-30 00:00:00+05:30,63.65,65.45,63.5,64.9,4495
2020-01-31 00:00:00+05:30,63.55,65.05,63.55,64.15,7644
2020-02-01 00:00:00+05:30,65.25,65.25,63.0,63.75,4907
2020-02-03 00:00:00+05:30,63.4,63.9,60.35,61.5,9502
2020-02-04 00:00:00+05:30,61.0,62.65,60.6,61.25,3952
2020-02-05 00:00:00+05:30,60.9,65.7,60.85,64.65,25014
2020-02-06 00:00:00+05:30,63.25,65.75,63.25,65.1,5481
2020-02-07 00:00:00+05:30,64.1,68.9,64.1,67.8,21233
2020-02-10 00:00:00+05:30,67.0,69.5,67.0,69.4,13197
2020-02-11 00:00:00+05:30,65.55,68.95,65.0,65.4,8172
2020-02-12 00:00:00+05:30,67.35,67.8,65.0,65.55,2669
2020-02-13 00:00:00+05:30,65.05,65.05,62.1,63.95,6068
2020-02-14 00:00:00+05:30,63.95,64.9,62.0,62.1,5469
2020-02-17 00:00:00+05:30,62.25,63.45,62.0,62.5,4534
2020-02-18 00:00:00+05:30,62.05,62.65,58.35,60.4,10122
2020-02-19 00:00:00+05:30,59.05,62.7,58.6,61.65,3588
2020-02-20 00:00:00+05:30,61.45,62.3,59.65,59.8,3699
2020-02-24 00:00:00+05:30,59.85,59.85,56.6,57.35,6914
2020-02-25 00:00:00+05:30,57.5,62.5,55.7,59.2,6814
2020-02-26 00:00:00+05:30,59.1,59.9,57.15,57.4,4741
2020-02-27 00:00:00+05:30,58.9,60.95,54.25,59.05,9182
2020-02-28 00:00:00+05:30,57.95,60.0,55.15,57.95,5139
2020-03-02 00:00:00+05:30,58.05,62.0,57.2,58.7,4110
2020-03-03 00:00:00+05:30,59.85,60.0,55.9,56.45,8891
2020-03-04 00:00:00+05:30,57.05,57.05,56.3,56.9,1843
2020-03-05 00:00:00+05:30,58.45,59.35,57.25,58.5,1378
2020-03-06 00:00:00+05:30,54.0,57.9,53.45,54.95,6577
2020-03-09 00:00:00+05:30,57.05,58.75,53.0,55.35,13001
2020-03-11 00:00:00+05:30,55.0,57.15,52.6,55.95,12567
2020-03-12 00:00:00+05:30,54.05,54.05,45.9,49.1,26073
2020-03-13 00:00:00+05:30,46.0,58.9,41.0,56.25,25032
2020-03-16 00:00:00+05:30,55.0,58.9,47.35,50.35,17944
2020-03-17 00:00:00+05:30,49.05,51.65,47.0,50.1,6973
2020-03-18 00:00:00+05:30,49.95,50.5,45.15,49.3,6856
2020-03-19 00:00:00+05:30,47.05,49.0,45.55,48.1,4970
2020-03-20 00:00:00+05:30,52.95,52.95,38.5,43.0,48790
2020-03-23 00:00:00+05:30,42.2,50.0,34.4,40.6,13175
2020-03-24 00:00:00+05:30,39.05,46.0,39.05,44.7,8355
2020-03-25 00:00:00+05:30,46.45,49.95,43.95,48.8,6965
2020-03-26 00:00:00+05:30,48.5,50.5,45.1,47.6,11588
2020-03-27 00:00:00+05:30,52.8,52.8,40.15,43.05,31718
2020-03-30 00:00:00+05:30,43.1,45.1,40.35,44.15,3982
2020-03-31 00:00:00+05:30,48.8,48.8,42.0,43.25,3153
2020-04-01 00:00:00+05:30,44.0,45.8,42.75,43.75,939
2020-04-03 00:00:00+05:30,44.1,44.1,43.0,43.5,257
2020-04-07 00:00:00+05:30,42.2,46.7,42.2,43.1,4325
2020-04-08 00:00:00+05:30,43.05,45.45,43.05,43.45,1680
2020-04-09 00:00:00+05:30,43.75,46.05,43.7,44.3,6817
2020-04-13 00:00:00+05:30,43.95,46.8,43.95,44.55,2168
2020-04-15 00:00:00+05:30,44.6,45.0,43.0,44.0,9604
2020-04-16 00:00:00+05:30,44.5,44.5,43.0,43.25,1260
2020-04-17 00:00:00+05:30,43.75,43.95,43.3,43.8,4066
2020-04-20 00:00:00+05:30,45.9,45.9,43.3,44.4,4472
2020-04-21 00:00:00+05:30,41.4,44.5,41.4,42.05,4013
2020-04-22 00:00:00+05:30,44.5,44.5,41.55,43.2,1766
2020-04-23 00:00:00+05:30,44.5,44.5,42.05,42.4,2511
2020-04-24 00:00:00+05:30,43.0,43.05,36.9,39.8,20730
2020-04-27 00:00:00+05:30,40.2,40.75,39.6,39.7,7570
2020-04-28 00:00:00+05:30,40.15,40.2,37.3,39.4,3916
2020-04-29 00:00:00+05:30,39.15,39.95,38.6,38.9,4606
2020-04-30 00:00:00+05:30,38.3,42.05,38.25,41.45,9708
2020-05-04 00:00:00+05:30,39.0,41.3,39.0,39.2,8751
2020-05-05 00:00:00+05:30,41.75,42.8,39.0,39.25,5032
2020-05-06 00:00:00+05:30,41.05,41.05,38.05,39.1,1689
2020-05-07 00:00:00+05:30,40.95,40.95,39.05,39.2,4768
2020-05-08 00:00:00+05:30,41.0,41.3,39.6,40.9,10117
2020-05-11 00:00:00+05:30,42.9,44.45,40.0,41.65,8604
2020-05-12 00:00:00+05:30,42.9,42.9,40.6,42.7,3503
2020-05-13 00:00:00+05:30,42.7,43.6,41.3,42.05,7519
2020-05-14 00:00:00+05:30,42.1,42.9,40.25,41.95,7347
2020-05-15 00:00:00+05:30,41.45,42.35,40.0,40.45,13030
2020-05-18 00:00:00+05:30,39.0,39.85,37.75,38.6,9616
2020-05-19 00:00:00+05:30,38.0,39.75,36.8,38.7,4321
2020-05-20 00:00:00+05:30,38.0,38.5,36.65,38.45,1539
2020-05-21 00:00:00+05:30,38.5,38.5,37.0,37.1,4169
2020-05-22 00:00:00+05:30,37.95,38.0,35.5,36.2,9127
2020-05-26 00:00:00+05:30,36.3,36.35,34.3,34.65,8765
2020-05-27 00:00:00+05:30,34.8,36.0,34.4,34.85,5453
2020-05-28 00:00:00+05:30,35.5,37.5,34.8,36.35,3838
2020-05-29 00:00:00+05:30,37.45,39.35,35.05,38.35,12178
2020-06-01 00:00:00+05:30,39.4,43.0,39.35,41.5,32095
2020-06-02 00:00:00+05:30,42.0,42.75,40.6,41.95,15304
2020-06-03 00:00:00+05:30,40.5,44.0,40.5,43.5,15561
2020-06-04 00:00:00+05:30,43.9,51.95,42.2,49.9,39439
2020-06-05 00:00:00+05:30,51.0,54.0,50.0,52.1,15993
2020-06-08 00:00:00+05:30,54.0,55.75,51.0,53.1,26071
2020-06-09 00:00:00+05:30,52.7,55.9,52.05,54.3,18451
2020-06-10 00:00:00+05:30,55.95,57.0,50.55,56.3,20651
2020-06-11 00:00:00+05:30,56.0,56.0,53.9,54.1,17839
2020-06-12 00:00:00+05:30,53.85,53.85,48.4,50.45,47856
2020-06-15 00:00:00+05:30,50.45,54.9,50.0,52.65,18569
2020-06-16 00:00:00+05:30,56.7,56.7,52.0,53.0,10399
2020-06-17 00:00:00+05:30,52.3,53.0,50.0,51.1,7718
2020-06-18 00:00:00+05:30,50.45,52.7,50.1,51.6,5664
2020-06-19 00:00:00+05:30,51.6,52.85,51.6,52.15,3814
2020-06-22 00:00:00+05:30,52.0,53.0,50.0,52.75,12422
2020-06-23 00:00:00+05:30,53.05,55.0,51.4,53.3,12629
2020-06-24 00:00:00+05:30,53.3,54.5,51.95,52.05,5698
2020-06-25 00:00:00+05:30,51.1,53.8,50.1,51.95,4125
2020-06-26 00:00:00+05:30,55.9,55.9,51.8,53.55,10781
2020-06-29 00:00:00+05:30,58.0,64.25,58.0,64.25,139800
2020-06-30 00:00:00+05:30,66.2,70.9,60.55,62.0,130274
2020-07-01 00:00:00+05:30,59.95,60.95,58.35,59.55,9803
2020-07-02 00:00:00+05:30,62.45,62.45,58.55,59.1,8093
2020-07-03 00:00:00+05:30,59.1,63.95,58.1,61.05,17176
2020-07-06 00:00:00+05:30,68.4,68.4,60.15,64.3,20901
2020-07-07 00:00:00+05:30,64.0,64.0,58.95,63.9,15925
2020-07-08 00:00:00+05:30,63.0,63.0,59.8,59.9,8636
2020-07-09 00:00:00+05:30,61.5,61.5,59.05,59.9,7204
2020-07-10 00:00:00+05:30,59.0,61.4,58.15,60.4,18346
2020-07-13 00:00:00+05:30,59.0,61.4,57.35,59.4,16112
2020-07-14 00:00:00+05:30,59.0,63.0,58.1,61.85,25288
2020-07-15 00:00:00+05:30,64.0,68.8,60.35,62.4,119041
2020-07-16 00:00:00+05:30,63.9,65.9,57.1,58.15,93921
2020-07-17 00:00:00+05:30,60.0,60.05,56.0,58.2,17816
2020-07-20 00:00:00+05:30,57.2,59.5,57.2,58.25,9537
2020-07-21 00:00:00+05:30,59.85,59.85,55.55,56.25,14945
2020-07-22 00:00:00+05:30,56.05,57.9,54.5,55.05,12352
2020-07-23 00:00:00+05:30,54.55,55.9,53.5,55.3,8828
2020-07-24 00:00:00+05:30,59.4,66.35,58.0,66.35,675513
2020-07-27 00:00:00+05:30,71.8,74.0,66.0,68.25,551912
2020-07-28 00:00:00+05:30,67.0,73.9,66.0,69.65,437748
2020-07-29 00:00:00+05:30,69.65,74.6,69.65,70.65,127719
2020-07-30 00:00:00+05:30,71.4,71.4,66.2,67.75,63781
2020-07-31 00:00:00+05:30,68.4,69.8,60.3,61.8,53260
2020-08-03 00:00:00+05:30,63.45,65.35,62.0,62.65,15461
2020-08-04 00:00:00+05:30,62.65,69.0,61.45,65.45,56396
2020-08-05 00:00:00+05:30,64.2,66.9,63.7,63.9,16128
2020-08-06 00:00:00+05:30,64.0,65.9,63.7,64.3,5826
2020-08-07 00:00:00+05:30,63.7,65.0,62.0,63.8,9200
2020-08-10 00:00:00+05:30,64.45,65.25,62.6,63.0,10312
2020-08-11 00:00:00+05:30,62.65,70.8,62.65,64.05,103130
2020-08-12 00:00:00+05:30,63.8,65.2,63.1,64.45,14573
2020-08-13 00:00:00+05:30,64.25,66.0,63.2,64.85,10278
2020-08-14 00:00:00+05:30,64.7,65.3,63.05,63.35,14711
2020-08-17 00:00:00+05:30,62.8,65.3,62.8,63.3,7689
2020-08-18 00:00:00+05:30,63.4,65.0,62.85,64.6,13712
2020-08-19 00:00:00+05:30,64.7,64.75,62.8,63.5,11229
2020-08-20 00:00:00+05:30,64.4,64.7,62.2,63.8,10984
2020-08-21 00:00:00+05:30,64.6,64.6,62.2,64.05,31259
2020-08-24 00:00:00+05:30,65.0,66.0,63.85,64.55,24680
2020-08-25 00:00:00+05:30,65.5,65.55,61.9,63.2,25897
2020-08-26 00:00:00+05:30,63.2,64.0,62.55,63.5,19638
2020-08-27 00:00:00+05:30,63.8,64.55,62.7,63.25,8791
2020-08-28 00:00:00+05:30,63.6,63.75,62.1,62.65,12894
2020-08-31 00:00:00+05:30,62.7,69.0,58.35,60.4,25429
2020-09-01 00:00:00+05:30,62.05,62.05,57.5,58.45,11940
2020-09-02 00:00:00+05:30,61.0,61.0,58.6,58.85,6079
2020-09-03 00:00:00+05:30,60.0,61.85,59.3,59.85,10755
2020-09-04 00:00:00+05:30,58.4,60.8,58.1,58.7,8808
2020-09-07 00:00:00+05:30,59.45,64.3,58.6,63.3,70832
2020-09-08 00:00:00+05:30,63.3,66.85,61.85,63.45,133127
2020-09-09 00:00:00+05:30,62.9,62.9,60.6,61.65,6701
2020-09-10 00:00:00+05:30,61.5,63.55,60.6,61.95,17809
2020-09-11 00:00:00+05:30,63.45,65.3,60.3,64.75,74740
2020-09-14 00:00:00+05:30,64.8,70.5,63.75,69.4,233874
2020-09-15 00:00:00+05:30,70.0,70.0,63.95,66.95,31107
2020-09-16 00:00:00+05:30,67.2,71.9,66.5,66.95,29047
2020-09-17 00:00:00+05:30,66.2,68.3,65.1,65.2,18883
2020-09-18 00:00:00+05:30,65.2,67.25,62.8,63.85,27134
2020-09-21 00:00:00+05:30,62.8,72.5,62.8,66.7,309292
2020-09-22 00:00:00+05:30,66.75,67.35,61.7,63.0,39940
2020-09-23 00:00:00+05:30,64.6,68.9,62.3,63.4,52838
2020-09-24 00:00:00+05:30,63.1,64.5,61.1,62.95,20266
2020-09-25 00:00:00+05:30,63.95,64.35,62.35,63.2,9341
2020-09-28 00:00:00+05:30,63.9,64.6,63.75,63.95,8638
2020-09-29 00:00:00+05:30,63.85,64.7,62.7,63.8,6569
2020-09-30 00:00:00+05:30,62.65,64.5,61.55,63.3,7127
2020-10-01 00:00:00+05:30,63.9,64.6,62.45,63.65,21576
2020-10-05 00:00:00+05:30,65.6,66.8,63.9,64.75,94406
2020-10-06 00:00:00+05:30,66.7,68.4,61.55,64.9,37499
2020-10-07 00:00:00+05:30,65.1,67.05,64.0,64.9,33884
2020-10-08 00:00:00+05:30,65.65,70.35,64.45,66.6,155017
2020-10-09 00:00:00+05:30,67.7,68.3,65.0,66.05,27443
2020-10-12 00:00:00+05:30,67.0,67.0,63.85,64.55,17955
2020-10-13 00:00:00+05:30,64.0,69.35,63.75,65.85,43358
2020-10-14 00:00:00+05:30,67.8,67.85,65.75,65.8,7730
2020-10-15 00:00:00+05:30,65.6,70.55,63.75,64.15,143260
2020-10-16 00:00:00+05:30,64.6,66.0,64.0,64.3,15373
2020-10-19 00:00:00+05:30,64.3,70.2,64.3,67.35,103123
2020-10-20 00:00:00+05:30,67.0,68.65,65.1,65.45,25787
2020-10-21 00:00:00+05:30,66.05,67.25,65.1,66.1,15785
2020-10-22 00:00:00+05:30,66.5,67.0,64.15,64.9,24524
2020-10-23 00:00:00+05:30,64.6,66.75,64.6,65.6,40147
2020-10-26 00:00:00+05:30,66.4,66.45,63.75,64.1,21369
2020-10-27 00:00:00+05:30,63.9,66.4,63.9,64.45,5013
2020-10-28 00:00:00+05:30,65.0,65.0,63.1,63.35,9491
2020-10-29 00:00:00+05:30,62.9,63.75,60.35,61.45,21271
2020-10-30 00:00:00+05:30,62.45,63.6,61.0,61.6,4268
2020-11-02 00:00:00+05:30,62.05,63.95,60.95,61.15,2596
2020-11-03 00:00:00+05:30,62.05,63.65,60.75,61.15,6507
2020-11-04 00:00:00+05:30,61.45,62.75,60.15,60.75,8434
2020-11-05 00:00:00+05:30,61.4,63.75,61.0,61.15,8688
2020-11-06 00:00:00+05:30,60.6,61.85,59.05,60.45,17585
2020-11-09 00:00:00+05:30,60.6,62.35,60.6,61.6,11620
2020-11-10 00:00:00+05:30,61.5,63.1,60.0,61.65,43758
2020-11-11 00:00:00+05:30,62.8,63.0,61.05,61.6,11602
2020-11-12 00:00:00+05:30,61.45,62.55,60.75,61.3,7799
2020-11-13 00:00:00+05:30,61.0,61.95,60.1,60.9,7864
2020-11-17 00:00:00+05:30,60.55,63.7,60.55,61.6,16945
2020-11-18 00:00:00+05:30,61.6,64.5,61.25,63.85,46067
2020-11-19 00:00:00+05:30,63.95,65.9,63.95,65.65,48579
2020-11-20 00:00:00+05:30,65.5,65.5,63.3,64.0,15825
2020-11-23 00:00:00+05:30,64.5,64.5,60.8,63.95,11825
2020-11-24 00:00:00+05:30,64.4,64.4,62.75,63.45,5735
2020-11-25 00:00:00+05:30,64.2,64.2,61.25,61.85,13210
2020-11-26 00:00:00+05:30,62.85,64.4,61.25,63.9,19130
2020-11-27 00:00:00+05:30,64.45,67.75,63.55,64.85,63657
2020-12-01 00:00:00+05:30,65.0,68.0,65.0,66.45,46839
2020-12-02 00:00:00+05:30,66.4,68.5,65.05,66.1,35586
2020-12-03 00:00:00+05:30,66.15,67.2,65.5,66.1,14933
2020-12-04 00:00:00+05:30,67.1,67.1,63.75,64.85,22276
2020-12-07 00:00:00+05:30,66.0,70.4,65.5,68.55,118587
2020-12-08 00:00:00+05:30,69.9,69.9,66.25,67.4,38920
2020-12-09 00:00:00+05:30,67.5,68.5,66.5,67.2,21789
2020-12-10 00:00:00+05:30,69.0,69.0,65.0,65.6,20025
2020-12-11 00:00:00+05:30,66.35,72.5,65.7,68.7,203678
2020-12-14 00:00:00+05:30,69.25,82.4,68.0,82.4,1371920
2020-12-15 00:00:00+05:30,84.8,97.3,81.45,93.5,2635514
2020-12-16 00:00:00+05:30,93.0,97.1,86.5,88.05,607872
2020-12-17 00:00:00+05:30,88.05,95.6,88.05,89.65,398090
2020-12-18 00:00:00+05:30,90.0,90.5,86.2,87.15,115029
2020-12-21 00:00:00+05:30,87.55,88.45,73.0,75.6,219335
2020-12-22 00:00:00+05:30,76.85,82.5,70.1,79.0,270024
2020-12-23 00:00:00+05:30,81.45,94.8,80.0,94.6,864040
2020-12-24 00:00:00+05:30,98.0,98.0,88.3,89.05,461503
2020-12-28 00:00:00+05:30,89.5,92.65,88.45,90.1,145305
2020-12-29 00:00:00+05:30,90.6,103.2,87.45,99.25,1617973
2020-12-30 00:00:00+05:30,99.35,105.0,95.25,103.55,732155
2020-12-31 00:00:00+05:30,106.0,113.55,105.0,107.15,1022206
2021-01-01 00:00:00+05:30,107.3,108.0,96.1,103.15,196203
2021-01-04 00:00:00+05:30,105.0,108.4,101.55,104.65,164123
2021-01-05 00:00:00+05:30,102.65,113.2,96.3,106.25,357614
2021-01-06 00:00:00+05:30,106.15,108.0,101.0,102.5,148636
2021-01-07 00:00:00+05:30,104.0,107.0,101.8,103.65,141098
2021-01-08 00:00:00+05:30,106.1,111.9,104.3,106.85,347938
2021-01-11 00:00:00+05:30,108.25,109.8,104.2,108.1,253495
2021-01-12 00:00:00+05:30,109.6,109.8,105.5,106.8,154131
2021-01-13 00:00:00+05:30,108.4,108.65,103.0,104.6,125907
2021-01-14 00:00:00+05:30,105.65,106.8,103.65,103.95,100514
2021-01-15 00:00:00+05:30,104.7,106.0,93.65,97.7,403915
2021-01-18 00:00:00+05:30,96.8,97.0,91.65,92.15,149224
2021-01-19 00:00:00+05:30,93.95,96.95,92.1,93.45,103800
2021-01-20 00:00:00+05:30,94.0,95.2,90.1,91.45,118854
2021-01-21 00:00:00+05:30,91.3,92.75,89.0,89.7,91565
2021-01-22 00:00:00+05:30,90.05,90.8,85.5,86.75,107061
2021-01-25 00:00:00+05:30,90.0,90.0,82.4,84.4,62866
2021-01-27 00:00:00+05:30,85.6,90.0,82.4,87.75,112600
2021-01-28 00:00:00+05:30,89.0,92.9,87.05,91.75,105377
2021-01-29 00:00:00+05:30,93.0,93.0,88.0,88.95,63711
2021-02-01 00:00:00+05:30,88.05,88.95,84.95,87.35,74536
2021-02-02 00:00:00+05:30,91.9,91.9,86.25,88.8,82273
2021-02-03 00:00:00+05:30,88.05,90.5,86.95,89.9,60983
2021-02-04 00:00:00+05:30,89.0,98.8,89.0,97.85,217211
2021-02-05 00:00:00+05:30,97.05,99.5,94.5,94.55,126837
2021-02-08 00:00:00+05:30,92.5,99.7,92.5,97.65,115265
2021-02-09 00:00:00+05:30,97.1,101.4,96.2,98.95,142155
2021-02-10 00:00:00+05:30,100.0,101.0,96.2,99.95,87492
2021-02-11 00:00:00+05:30,101.0,105.0,98.1,100.05,186314
2021-02-12 00:00:00+05:30,100.05,101.65,95.5,96.4,96389
2021-02-15 00:00:00+05:30,97.0,99.5,95.7,97.2,98236
2021-02-16 00:00:00+05:30,97.2,100.65,96.35,97.6,93896
2021-02-17 00:00:00+05:30,96.3,103.0,96.3,100.3,129052
2021-02-18 00:00:00+05:30,101.85,106.5,98.5,104.0,183919
2021-02-19 00:00:00+05:30,104.0,106.75,100.5,101.1,107004
2021-02-22 00:00:00+05:30,102.0,103.85,97.15,98.65,48504
2021-02-23 00:00:00+05:30,99.05,103.75,98.4,100.2,112136
2021-02-24 00:00:00+05:30,102.85,107.25,100.25,106.0,112396
2021-02-25 00:00:00+05:30,105.9,106.8,102.75,104.9,105144
2021-02-26 00:00:00+05:30,100.2,102.85,98.0,98.4,114563
2021-03-01 00:00:00+05:30,100.0,106.35,100.0,103.8,116298
2021-03-02 00:00:00+05:30,104.7,105.7,100.55,101.9,111032
2021-03-03 00:00:00+05:30,103.0,106.5,102.25,104.05,106809
2021-03-04 00:00:00+05:30,103.7,120.5,103.2,112.3,773664
2021-03-05 00:00:00+05:30,112.4,114.3,108.5,112.0,234105
2021-03-08 00:00:00+05:30,112.9,113.75,107.2,108.8,77156
2021-03-09 00:00:00+05:30,110.0,111.5,102.15,105.2,101149
2021-03-10 00:00:00+05:30,105.5,126.2,105.5,126.2,1146487
2021-03-12 00:00:00+05:30,127.95,131.0,112.05,113.5,547507
2021-03-15 00:00:00+05:30,115.65,120.0,106.5,117.85,311427
2021-03-16 00:00:00+05:30,117.0,138.0,116.45,135.35,941373
2021-03-17 00:00:00+05:30,135.0,135.0,120.15,121.55,235030
2021-03-18 00:00:00+05:30,125.9,128.0,113.15,117.95,161881
2021-03-19 00:00:00+05:30,119.8,128.85,117.4,123.75,209052
2021-03-22 00:00:00+05:30,123.7,127.45,120.0,122.55,69287
2021-03-23 00:00:00+05:30,123.0,126.5,121.6,122.25,44903
2021-03-24 00:00:00+05:30,122.65,123.45,116.5,117.4,60262
2021-03-25 00:00:00+05:30,117.85,117.85,108.0,110.85,73981
2021-03-26 00:00:00+05:30,114.7,115.4,111.25,112.05,31938
2021-03-30 00:00:00+05:30,113.5,116.25,112.05,113.45,28980
2021-03-31 00:00:00+05:30,114.4,116.0,113.05,113.5,22226
2021-04-01 00:00:00+05:30,115.1,129.5,114.8,123.0,287089
2021-04-05 00:00:00+05:30,123.9,124.5,112.55,119.5,62490
2021-04-06 00:00:00+05:30,121.25,133.9,121.15,126.85,205607
2021-04-07 00:00:00+05:30,127.6,132.0,122.5,130.65,144963
2021-04-08 00:00:00+05:30,131.75,134.55,125.65,126.65,132376
2021-04-09 00:00:00+05:30,126.2,130.0,121.95,123.15,79108
2021-04-12 00:00:00+05:30,120.0,121.3,113.8,116.3,48658
2021-04-13 00:00:00+05:30,117.0,121.05,113.4,114.7,76202
2021-04-15 00:00:00+05:30,117.95,117.95,110.2,112.7,47450
2021-04-16 00:00:00+05:30,113.85,116.7,113.55,114.4,27191
2021-04-19 00:00:00+05:30,109.0,112.55,103.7,110.45,32430
2021-04-20 00:00:00+05:30,111.0,114.35,108.1,110.45,24347
2021-04-22 00:00:00+05:30,110.45,116.0,109.05,112.55,29641
2021-04-23 00:00:00+05:30,114.0,118.0,112.0,114.7,50484
2021-04-26 00:00:00+05:30,115.3,115.3,112.0,112.5,22149
2021-04-27 00:00:00+05:30,114.4,118.0,113.05,116.85,49924
2021-04-28 00:00:00+05:30,118.0,119.0,113.65,114.4,38087
2021-04-29 00:00:00+05:30,115.9,117.0,113.25,113.6,26556
2021-04-30 00:00:00+05:30,114.3,127.3,113.55,118.25,147054
2021-05-03 00:00:00+05:30,117.45,119.0,112.5,114.7,61593
2021-05-04 00:00:00+05:30,114.9,117.5,113.1,113.85,48340
2021-05-05 00:00:00+05:30,114.65,117.25,114.1,114.35,31221
2021-05-06 00:00:00+05:30,115.5,126.7,113.75,124.9,321407
2021-05-07 00:00:00+05:30,126.05,127.5,121.25,122.65,79482
2021-05-10 00:00:00+05:30,123.65,126.0,120.25,121.95,53383
2021-05-11 00:00:00+05:30,120.0,125.0,114.1,119.7,50895
2021-05-12 00:00:00+05:30,124.7,124.7,119.0,119.8,29075
2021-05-14 00:00:00+05:30,123.5,130.95,115.15,125.1,377413
2021-05-17 00:00:00+05:30,128.9,128.9,123.5,125.0,65464
2021-05-18 00:00:00+05:30,126.0,126.85,120.1,120.5,56322
2021-05-19 00:00:00+05:30,120.5,123.0,118.0,119.65,54687
2021-05-20 00:00:00+05:30,121.25,123.6,119.15,119.65,36106
2021-05-21 00:00:00+05:30,121.65,123.0,119.1,119.35,34201
2021-05-24 00:00:00+05:30,122.85,123.75,119.1,121.4,130522
2021-05-25 00:00:00+05:30,123.95,144.0,121.85,141.4,776790
2021-05-26 00:00:00+05:30,143.0,154.9,141.5,149.2,1055172
2021-05-27 00:00:00+05:30,153.85,179.0,149.0,179.0,1407963
2021-05-28 00:00:00+05:30,188.0,196.9,171.55,191.2,1809791
2021-05-31 00:00:00+05:30,189.05,209.65,183.35,209.65,903710
2021-06-01 00:00:00+05:30,215.9,227.35,197.0,205.8,1205372
2021-06-02 00:00:00+05:30,205.8,215.7,192.2,207.75,574133
2021-06-03 00:00:00+05:30,204.0,204.9,197.4,202.25,156399
2021-06-04 00:00:00+05:30,202.25,202.25,192.15,192.15,103755
2021-06-07 00:00:00+05:30,188.5,195.0,182.55,190.0,113003
2021-06-08 00:00:00+05:30,190.0,195.0,182.75,187.0,71593
2021-06-09 00:00:00+05:30,187.05,192.25,185.3,187.8,94921
2021-06-10 00:00:00+05:30,186.1,191.75,186.0,189.6,45272
2021-06-11 00:00:00+05:30,188.0,192.25,186.0,190.8,38643
2021-06-14 00:00:00+05:30,191.8,192.0,186.0,188.45,46320
2021-06-15 00:00:00+05:30,187.0,191.7,186.55,189.8,32070
2021-06-17 00:00:00+05:30,186.15,189.95,185.1,187.5,14982
2021-06-18 00:00:00+05:30,186.1,187.9,178.15,184.4,51548
2021-06-21 00:00:00+05:30,179.45,188.0,179.0,185.4,16663
2021-06-22 00:00:00+05:30,188.7,194.65,185.5,194.65,60634
2021-06-23 00:00:00+05:30,199.5,201.5,194.0,195.3,38388
2021-06-24 00:00:00+05:30,200.0,200.0,192.2,196.95,21068
2021-06-25 00:00:00+05:30,200.0,200.0,193.0,197.15,17389
2021-06-28 00:00:00+05:30,199.2,202.0,190.0,198.5,53215
2021-06-29 00:00:00+05:30,201.0,202.5,196.5,201.35,20941
2021-06-30 00:00:00+05:30,201.0,205.4,196.0,199.4,29831
2021-07-01 00:00:00+05:30,200.1,203.9,197.0,199.3,20311
2021-07-02 00:00:00+05:30,200.0,205.0,199.0,204.25,45728
2021-07-05 00:00:00+05:30,206.0,214.45,204.0,214.45,43030
2021-07-06 00:00:00+05:30,225.15,225.15,225.0,225.15,37633
2021-07-07 00:00:00+05:30,233.25,233.25,215.0,228.05,89748
2021-07-08 00:00:00+05:30,234.4,234.4,222.0,223.35,19539
2021-07-09 00:00:00+05:30,230.95,233.1,214.0,230.4,30751
2021-07-12 00:00:00+05:30,232.0,233.1,225.35,230.1,32061
2021-07-13 00:00:00+05:30,232.0,232.0,219.3,222.75,29498
2021-07-14 00:00:00+05:30,224.0,233.85,220.0,233.85,47704
2021-07-15 00:00:00+05:30,238.5,245.5,230.0,245.5,89768
2021-07-16 00:00:00+05:30,254.4,257.75,250.45,257.75,27610
2021-07-19 00:00:00+05:30,260.0,270.6,257.8,270.6,83393
2021-07-20 00:00:00+05:30,280.0,282.9,257.1,257.1,153112
2021-07-22 00:00:00+05:30,248.05,262.25,244.25,244.25,79946
2021-07-23 00:00:00+05:30,239.0,256.45,232.55,256.45,61701
2021-07-26 00:00:00+05:30,263.9,269.25,256.0,258.25,131010
2021-07-27 00:00:00+05:30,264.95,264.95,246.0,258.95,69942
2021-07-28 00:00:00+05:30,258.9,258.9,246.05,246.5,62691
2021-07-29 00:00:00+05:30,245.2,252.0,240.0,250.7,41058
2021-07-30 00:00:00+05:30,254.95,254.95,247.55,250.65,22053
2021-08-02 00:00:00+05:30,259.5,259.5,249.05,254.15,33465
2021-08-03 00:00:00+05:30,257.95,262.0,251.0,256.45,49821
2021-08-04 00:00:00+05:30,256.5,259.0,246.0,254.95,33602
2021-08-05 00:00:00+05:30,254.95,254.95,245.6,249.75,25936
2021-08-06 00:00:00+05:30,246.0,256.0,240.45,245.55,25976
2021-08-09 00:00:00+05:30,250.0,260.05,245.65,256.8,57186
2021-08-10 00:00:00+05:30,260.0,260.0,240.0,244.85,45951
2021-08-11 00:00:00+05:30,236.0,246.8,220.4,241.9,101482
2021-08-12 00:00:00+05:30,250.0,252.75,245.0,248.6,26436
2021-08-13 00:00:00+05:30,250.9,251.45,243.95,246.8,38426
2021-08-16 00:00:00+05:30,246.8,247.6,232.05,241.55,23125
2021-08-17 00:00:00+05:30,236.0,245.0,234.0,240.8,16454
2021-08-18 00:00:00+05:30,241.95,241.95,233.4,237.05,18613
2021-08-20 00:00:00+05:30,235.0,235.0,224.0,224.5,20694
2021-08-23 00:00:00+05:30,228.0,246.0,214.1,219.7,41880
2021-08-24 00:00:00+05:30,218.0,238.0,216.05,232.9,30624
2021-08-25 00:00:00+05:30,241.0,242.5,233.0,235.6,28967
2021-08-26 00:00:00+05:30,239.0,239.0,226.85,229.15,13438
2021-08-27 00:00:00+05:30,230.0,235.15,222.0,225.45,17102
2021-08-30 00:00:00+05:30,233.9,233.9,220.95,223.35,32865
2021-08-31 00:00:00+05:30,228.0,228.0,219.0,221.05,11592
2021-09-01 00:00:00+05:30,220.2,239.5,215.0,229.7,39096
2021-09-02 00:00:00+05:30,240.5,252.65,234.0,252.65,143520
2021-09-03 00:00:00+05:30,252.85,262.9,237.65,245.3,83454
2021-09-06 00:00:00+05:30,243.0,248.85,230.35,237.1,37310
2021-09-07 00:00:00+05:30,238.25,243.05,230.1,234.1,15484
2021-09-08 00:00:00+05:30,234.1,237.95,231.6,233.95,7416
2021-09-09 00:00:00+05:30,233.95,236.3,231.0,233.15,10504
2021-09-13 00:00:00+05:30,230.0,239.75,227.2,228.55,40377
2021-09-14 00:00:00+05:30,234.45,235.05,228.35,229.8,19116
2021-09-15 00:00:00+05:30,233.5,233.5,228.65,232.4,9157
2021-09-16 00:00:00+05:30,232.0,234.4,225.5,229.3,21082
2021-09-17 00:00:00+05:30,234.0,234.0,222.65,228.35,20352
2021-09-20 00:00:00+05:30,228.35,231.0,224.0,225.7,11028
2021-09-21 00:00:00+05:30,221.35,233.75,220.55,224.4,19581
2021-09-22 00:00:00+05:30,229.0,238.0,226.0,233.65,17934
2021-09-23 00:00:00+05:30,239.95,239.95,230.0,230.35,8826
2021-09-24 00:00:00+05:30,233.45,234.4,229.3,230.65,18205
2021-09-27 00:00:00+05:30,230.2,233.95,226.55,227.95,12034
2021-09-28 00:00:00+05:30,227.95,229.65,224.0,227.7,5565
2021-09-29 00:00:00+05:30,234.35,234.35,223.4,226.1,6288
2021-09-30 00:00:00+05:30,228.3,233.05,225.45,227.55,7296
2021-10-01 00:00:00+05:30,225.3,229.4,225.15,226.75,5909
2021-10-04 00:00:00+05:30,225.0,230.0,225.0,229.05,10738
2021-10-05 00:00:00+05:30,233.65,233.65,217.6,224.9,20405
2021-10-06 00:00:00+05:30,225.65,231.65,224.05,226.6,10576
2021-10-07 00:00:00+05:30,228.65,230.0,218.0,219.25,39555
2021-10-08 00:00:00+05:30,223.0,225.5,214.9,222.6,33517
2021-10-11 00:00:00+05:30,225.25,225.25,215.2,217.55,21185
2021-10-12 00:00:00+05:30,217.55,222.4,215.7,217.65,21421
2021-10-13 00:00:00+05:30,217.3,221.0,213.55,216.95,36415
2021-10-14 00:00:00+05:30,216.2,224.0,216.2,220.7,32814
2021-10-18 00:00:00+05:30,225.0,229.95,219.7,225.15,37686
2021-10-19 00:00:00+05:30,230.0,230.0,216.2,221.45,50387
2021-10-20 00:00:00+05:30,219.15,227.4,211.95,222.95,32594
2021-10-21 00:00:00+05:30,229.9,229.9,220.25,221.45,24444
2021-10-22 00:00:00+05:30,219.0,227.95,216.0,219.35,24503
2021-10-25 00:00:00+05:30,215.75,221.15,215.15,217.1,12652
2021-10-26 00:00:00+05:30,217.05,230.0,214.55,226.6,32064
2021-10-27 00:00:00+05:30,227.1,234.0,222.55,224.65,20714
2021-10-28 00:00:00+05:30,220.5,226.35,220.1,220.95,10939
2021-10-29 00:00:00+05:30,220.1,223.25,214.5,221.0,18449
2021-11-01 00:00:00+05:30,224.9,226.95,221.0,225.45,16084
2021-11-02 00:00:00+05:30,221.2,228.0,219.0,224.6,23169
2021-11-03 00:00:00+05:30,220.15,229.4,220.15,226.05,13211
2021-11-04 00:00:00+05:30,231.6,231.6,220.6,225.5,8345
2021-11-08 00:00:00+05:30,225.5,230.0,221.5,229.25,19423
2021-11-09 00:00:00+05:30,226.0,231.5,218.0,222.65,29609
2021-11-10 00:00:00+05:30,225.5,225.55,221.0,223.05,9120
2021-11-11 00:00:00+05:30,226.85,229.8,218.0,224.85,23150
2021-11-12 00:00:00+05:30,220.2,224.55,217.0,220.15,35550
2021-11-15 00:00:00+05:30,225.45,225.45,215.0,216.45,24316
2021-11-16 00:00:00+05:30,219.85,228.0,218.5,224.7,32930
2021-11-17 00:00:00+05:30,221.2,247.15,221.2,247.15,152037
2021-11-18 00:00:00+05:30,266.0,266.0,240.35,245.75,115280
2021-11-22 00:00:00+05:30,249.95,249.95,233.0,244.7,62342
2021-11-23 00:00:00+05:30,244.7,269.15,244.7,269.15,142309
2021-11-24 00:00:00+05:30,273.0,296.05,260.8,282.95,451256
2021-11-25 00:00:00+05:30,287.0,287.7,271.0,276.7,118871
2021-11-26 00:00:00+05:30,270.6,275.5,262.9,262.9,36574
2021-11-29 00:00:00+05:30,265.0,265.0,249.8,250.45,71923
2021-11-30 00:00:00+05:30,242.35,262.4,237.95,239.25,54452
2021-12-01 00:00:00+05:30,248.95,249.0,240.1,242.3,22931
2021-12-02 00:00:00+05:30,246.0,254.4,243.2,254.4,13944
2021-12-03 00:00:00+05:30,265.0,267.1,261.2,267.1,16851
2021-12-06 00:00:00+05:30,276.0,280.45,264.75,278.7,76755
2021-12-07 00:00:00+05:30,280.0,287.5,266.1,270.95,42208
2021-12-08 00:00:00+05:30,274.95,279.0,263.6,267.4,24100
2021-12-09 00:00:00+05:30,275.9,275.9,261.5,266.3,22794
2021-12-10 00:00:00+05:30,263.75,279.5,263.75,276.95,37174
2021-12-13 00:00:00+05:30,280.0,282.45,266.2,270.2,23974
2021-12-14 00:00:00+05:30,274.9,283.7,270.65,283.7,12634
2021-12-15 00:00:00+05:30,295.0,297.85,282.55,284.85,195991
2021-12-16 00:00:00+05:30,292.0,294.5,274.9,292.3,36068
2021-12-17 00:00:00+05:30,293.95,299.0,277.7,278.05,57077
2021-12-20 00:00:00+05:30,279.75,279.75,264.15,266.25,50160
2021-12-21 00:00:00+05:30,265.5,279.55,265.5,271.85,60934
2021-12-22 00:00:00+05:30,270.0,283.0,270.0,272.15,33139
2021-12-23 00:00:00+05:30,275.4,285.75,275.35,284.35,48506
2021-12-24 00:00:00+05:30,289.9,290.0,280.35,282.8,17454
2021-12-27 00:00:00+05:30,285.0,296.9,278.0,289.25,143941
2021-12-28 00:00:00+05:30,288.0,297.0,284.2,296.25,56026
2021-12-29 00:00:00+05:30,297.0,311.05,283.65,308.75,121646
2021-12-30 00:00:00+05:30,315.0,319.45,293.35,296.05,66552
2021-12-31 00:00:00+05:30,299.0,306.2,290.2,293.6,29775
2022-01-03 00:00:00+05:30,298.5,298.5,285.0,287.1,44291
2022-01-04 00:00:00+05:30,295.0,295.0,272.75,281.05,57563
2022-01-05 00:00:00+05:30,284.0,284.0,272.35,276.9,32840
2022-01-06 00:00:00+05:30,277.0,286.0,274.0,279.4,20210
2022-01-07 00:00:00+05:30,284.45,293.35,280.05,293.35,51465
2022-01-10 00:00:00+05:30,306.6,308.0,295.0,308.0,96000
2022-01-11 00:00:00+05:30,316.0,323.4,310.2,323.4,108087
2022-01-12 00:00:00+05:30,338.0,339.55,319.0,335.55,153573
2022-01-13 00:00:00+05:30,337.7,338.5,320.5,322.0,54212
2022-01-14 00:00:00+05:30,322.9,338.1,311.35,338.1,140022
2022-01-17 00:00:00+05:30,344.0,355.0,333.0,355.0,153289
2022-01-18 00:00:00+05:30,362.0,372.75,345.0,353.5,178075
2022-01-19 00:00:00+05:30,355.0,371.15,343.0,371.15,119738
2022-01-20 00:00:00+05:30,372.6,389.0,365.35,369.8,75910
2022-01-21 00:00:00+05:30,366.0,368.1,351.35,357.6,70444
2022-01-24 00:00:00+05:30,357.0,359.0,339.75,339.75,56228
2022-01-25 00:00:00+05:30,322.8,346.8,322.8,343.4,38285
2022-01-27 00:00:00+05:30,331.35,344.15,328.15,334.8,25435
2022-01-28 00:00:00+05:30,329.1,345.9,329.1,337.25,15351
2022-01-31 00:00:00+05:30,349.2,354.1,338.0,354.05,38633
2022-02-01 00:00:00+05:30,359.0,371.75,354.7,371.75,176172
2022-02-02 00:00:00+05:30,379.0,390.3,374.95,390.3,63622
2022-02-03 00:00:00+05:30,404.0,406.4,373.15,377.75,128922
2022-02-04 00:00:00+05:30,379.65,396.6,370.05,389.0,98367
2022-02-07 00:00:00+05:30,390.0,400.45,369.55,386.95,104708
2022-02-08 00:00:00+05:30,380.0,394.85,367.65,368.6,57393
2022-02-09 00:00:00+05:30,372.0,383.4,368.05,380.9,31117
2022-02-10 00:00:00+05:30,387.0,387.0,368.0,370.6,18245
2022-02-11 00:00:00+05:30,378.0,378.0,352.1,352.1,28732
2022-02-14 00:00:00+05:30,348.0,348.0,334.5,334.8,33663
2022-02-15 00:00:00+05:30,327.0,341.35,320.05,324.4,64354
2022-02-16 00:00:00+05:30,328.8,336.35,324.0,326.45,19939
2022-02-17 00:00:00+05:30,325.2,331.55,315.4,318.9,22421
2022-02-18 00:00:00+05:30,317.0,334.8,313.0,322.3,51675
2022-02-21 00:00:00+05:30,324.9,324.9,308.1,315.75,24978
2022-02-22 00:00:00+05:30,300.0,305.6,300.0,300.0,18548
2022-02-23 00:00:00+05:30,303.95,303.95,285.0,285.1,41076
2022-02-24 00:00:00+05:30,270.85,283.1,270.85,270.85,40737
2022-02-25 00:00:00+05:30,274.8,284.35,271.7,284.35,25807
2022-02-28 00:00:00+05:30,280.05,298.55,279.0,298.15,22893
2022-03-02 00:00:00+05:30,301.95,302.0,296.5,296.6,26539
2022-03-03 00:00:00+05:30,302.0,305.0,291.8,297.7,15701
2022-03-04 00:00:00+05:30,294.0,299.35,282.85,286.45,28954
2022-03-07 00:00:00+05:30,273.6,299.0,273.6,294.1,16588
2022-03-08 00:00:00+05:30,305.0,308.8,293.5,308.8,20521
2022-03-09 00:00:00+05:30,319.95,324.2,308.8,324.2,30808
2022-03-10 00:00:00+05:30,335.0,340.4,335.0,340.4,26587
2022-03-11 00:00:00+05:30,347.0,357.4,343.0,357.4,25727
2022-03-14 00:00:00+05:30,352.5,375.25,352.5,368.75,54479
2022-03-15 00:00:00+05:30,374.95,374.95,350.4,357.4,24800
2022-03-16 00:00:00+05:30,364.95,372.9,354.0,356.2,15259
2022-03-17 00:00:00+05:30,363.0,363.0,340.15,343.7,18149
2022-03-21 00:00:00+05:30,342.85,344.85,327.1,328.25,21074
2022-03-22 00:00:00+05:30,325.05,344.65,325.05,334.6,20274
2022-03-23 00:00:00+05:30,339.7,339.7,330.1,331.7,9424
2022-03-24 00:00:00+05:30,335.65,337.75,327.65,333.75,11011
2022-03-25 00:00:00+05:30,339.2,350.4,329.15,345.25,22545
2022-03-28 00:00:00+05:30,354.9,362.5,344.75,362.5,20611
2022-03-29 00:00:00+05:30,377.8,380.5,362.95,368.05,44094
2022-03-30 00:00:00+05:30,377.75,378.0,357.9,368.8,27585
2022-03-31 00:00:00+05:30,380.0,380.0,355.5,359.3,16148
2022-04-01 00:00:00+05:30,371.95,374.8,360.3,369.8,18729
2022-04-04 00:00:00+05:30,374.8,388.25,370.55,388.25,34193
2022-04-05 00:00:00+05:30,398.0,407.65,392.95,407.25,87183
2022-04-06 00:00:00+05:30,409.95,427.6,388.6,425.5,97350
2022-04-07 00:00:00+05:30,425.0,425.0,394.0,398.85,56602
2022-04-08 00:00:00+05:30,402.0,409.7,393.0,397.55,18991
2022-04-11 00:00:00+05:30,398.0,429.5,389.4,399.4,48972
2022-04-12 00:00:00+05:30,402.55,402.55,385.0,391.55,18795
2022-04-13 00:00:00+05:30,391.55,398.95,384.5,386.7,11368
2022-04-18 00:00:00+05:30,380.0,394.35,367.5,387.9,22117
2022-04-19 00:00:00+05:30,395.0,400.0,362.6,374.7,21813
2022-04-20 00:00:00+05:30,358.25,379.9,358.25,367.9,15494
2022-04-21 00:00:00+05:30,362.3,385.05,362.3,383.95,41559
2022-04-22 00:00:00+05:30,380.0,383.0,371.0,373.7,16077
2022-04-25 00:00:00+05:30,365.3,373.0,349.8,351.6,24076
2022-04-26 00:00:00+05:30,359.0,360.0,350.0,358.4,14178
2022-04-27 00:00:00+05:30,364.0,364.0,347.5,358.25,11279
2022-04-28 00:00:00+05:30,364.0,364.0,354.05,356.1,15357
2022-04-29 00:00:00+05:30,358.6,358.6,336.9,342.0,5754
2022-05-02 00:00:00+05:30,331.05,345.9,325.0,332.9,23287
2022-05-04 00:00:00+05:30,350.0,350.0,320.15,327.45,27437
2022-05-05 00:00:00+05:30,330.0,341.95,320.1,330.3,15846
2022-05-06 00:00:00+05:30,329.0,330.0,315.05,320.7,9703
2022-05-09 00:00:00+05:30,329.0,329.0,303.4,311.25,17330
2022-05-10 00:00:00+05:30,300.5,320.0,300.5,310.75,39406
2022-05-11 00:00:00+05:30,304.55,341.8,280.8,306.55,39869
2022-05-12 00:00:00+05:30,306.55,308.85,282.3,299.25,13321
2022-05-13 00:00:00+05:30,299.2,308.0,278.2,287.5,37517
2022-05-16 00:00:00+05:30,287.5,314.8,275.1,298.7,48781
2022-05-17 00:00:00+05:30,298.0,322.8,298.0,310.3,13864
2022-05-18 00:00:00+05:30,314.65,341.0,292.8,296.8,50751
2022-05-19 00:00:00+05:30,290.0,303.5,283.25,293.2,11692
2022-05-20 00:00:00+05:30,308.0,308.0,290.1,294.7,5906
2022-05-23 00:00:00+05:30,285.1,296.75,280.55,285.6,7654
2022-05-24 00:00:00+05:30,301.0,301.0,282.0,283.3,9877
2022-05-25 00:00:00+05:30,283.05,289.8,270.35,275.1,19211
2022-05-26 00:00:00+05:30,277.6,286.45,264.0,275.4,30147
2022-05-27 00:00:00+05:30,287.0,291.9,278.0,288.95,11373
2022-05-30 00:00:00+05:30,299.0,314.8,293.4,296.25,44435
2022-05-31 00:00:00+05:30,299.75,306.9,296.25,301.75,6272
2022-06-01 00:00:00+05:30,307.0,307.0,293.7,298.45,6231
2022-06-02 00:00:00+05:30,296.25,304.9,296.15,300.0,6316
2022-06-03 00:00:00+05:30,304.95,317.55,286.6,298.55,33690
2022-06-06 00:00:00+05:30,297.05,300.65,287.75,292.8,10686
2022-06-07 00:00:00+05:30,301.0,303.7,292.9,298.65,6002
2022-06-08 00:00:00+05:30,301.8,301.8,293.0,293.8,6107
2022-06-09 00:00:00+05:30,295.25,307.0,292.5,303.25,7232
2022-06-10 00:00:00+05:30,301.0,303.95,295.55,303.1,5540
2022-06-13 00:00:00+05:30,292.5,300.95,280.75,289.55,19088
2022-06-14 00:00:00+05:30,289.55,295.0,281.05,288.6,8578
2022-06-15 00:00:00+05:30,289.35,297.55,283.0,285.85,6390
2022-06-16 00:00:00+05:30,291.05,293.75,270.0,273.4,14643
2022-06-17 00:00:00+05:30,272.25,282.8,261.0,272.95,7299
2022-06-20 00:00:00+05:30,266.1,274.6,253.95,263.6,12222
2022-06-21 00:00:00+05:30,274.0,281.75,260.1,276.75,11238
2022-06-22 00:00:00+05:30,278.5,278.5,265.05,271.95,13726
2022-06-23 00:00:00+05:30,272.45,289.0,266.5,280.85,10616
2022-06-24 00:00:00+05:30,285.0,287.15,275.0,278.75,7172
2022-06-27 00:00:00+05:30,280.95,292.9,280.95,286.15,6992
2022-06-28 00:00:00+05:30,285.8,302.0,279.45,299.1,20501
2022-06-29 00:00:00+05:30,292.15,296.75,281.2,288.1,6112
2022-06-30 00:00:00+05:30,285.05,295.45,277.0,278.7,7894
2022-07-01 00:00:00+05:30,276.75,284.0,274.45,280.95,1988
2022-07-04 00:00:00+05:30,283.95,283.95,271.1,274.9,2787
2022-07-05 00:00:00+05:30,273.0,286.4,273.0,275.25,7899
2022-07-06 00:00:00+05:30,277.0,281.0,275.0,277.95,2429
2022-07-07 00:00:00+05:30,281.9,286.0,274.7,282.3,8399
2022-07-08 00:00:00+05:30,286.0,290.0,279.0,286.7,7213
2022-07-11 00:00:00+05:30,286.7,286.7,275.9,278.65,9358
2022-07-12 00:00:00+05:30,280.4,288.0,275.15,286.55,5808
2022-07-13 00:00:00+05:30,286.45,327.95,286.1,319.35,201340
2022-07-14 00:00:00+05:30,318.9,323.9,295.25,301.7,47133
2022-07-15 00:00:00+05:30,301.7,303.4,291.35,293.05,24277
2022-07-18 00:00:00+05:30,294.7,299.05,277.55,282.25,102947
2022-07-19 00:00:00+05:30,275.6,279.45,268.15,270.8,45362
2022-07-20 00:00:00+05:30,273.8,277.95,261.6,264.35,28232
2022-07-21 00:00:00+05:30,267.35,267.35,255.0,259.6,28950
2022-07-22 00:00:00+05:30,260.0,266.8,257.5,264.15,13869
2022-07-25 00:00:00+05:30,264.95,268.6,254.25,259.15,15956
2022-07-26 00:00:00+05:30,261.25,262.15,253.1,258.35,10012
2022-07-27 00:00:00+05:30,258.15,259.8,254.2,255.3,4056
2022-07-28 00:00:00+05:30,263.75,263.75,253.0,253.75,8612
2022-07-29 00:00:00+05:30,256.6,259.05,250.0,250.9,14302
2022-08-01 00:00:00+05:30,251.8,261.0,249.05,253.8,32347
2022-08-02 00:00:00+05:30,258.0,258.0,250.0,254.6,13637
2022-08-03 00:00:00+05:30,259.0,259.0,245.9,250.45,14888
2022-08-04 00:00:00+05:30,252.6,254.55,247.0,248.3,9077
2022-08-05 00:00:00+05:30,250.35,253.5,245.55,248.2,9007
2022-08-08 00:00:00+05:30,253.5,253.5,248.25,249.9,6490
2022-08-10 00:00:00+05:30,253.4,253.5,249.7,250.1,7201
2022-08-11 00:00:00+05:30,250.1,256.0,248.5,251.0,7914
2022-08-12 00:00:00+05:30,251.55,255.5,249.05,253.05,13553
2022-08-16 00:00:00+05:30,254.1,274.0,251.95,267.2,23933
2022-08-17 00:00:00+05:30,269.0,275.75,264.0,272.55,23415
2022-08-18 00:00:00+05:30,269.15,274.9,269.15,272.15,9072
2022-08-19 00:00:00+05:30,275.0,275.0,265.0,266.3,5128
2022-08-22 00:00:00+05:30,269.75,269.75,255.0,260.1,11324
2022-08-23 00:00:00+05:30,259.1,266.0,253.85,258.15,10453
2022-08-24 00:00:00+05:30,256.75,273.0,256.75,259.5,18042
2022-08-25 00:00:00+05:30,262.15,264.95,256.5,257.5,7900
2022-08-26 00:00:00+05:30,265.0,265.0,253.4,256.55,24914
2022-08-29 00:00:00+05:30,256.6,258.8,250.0,254.65,18133
2022-08-30 00:00:00+05:30,260.65,260.7,253.95,255.55,8178
2022-09-01 00:00:00+05:30,259.9,263.0,249.0,253.75,23220
2022-09-02 00:00:00+05:30,254.9,254.95,252.6,253.65,9835
2022-09-05 00:00:00+05:30,249.0,254.25,246.6,248.05,12022
2022-09-06 00:00:00+05:30,254.9,257.95,248.75,249.3,5301
2022-09-07 00:00:00+05:30,252.0,252.0,244.6,246.55,18541
2022-09-08 00:00:00+05:30,252.85,252.85,246.5,249.05,14870
2022-09-09 00:00:00+05:30,250.0,257.55,246.45,250.55,21737
2022-09-12 00:00:00+05:30,250.0,257.0,247.4,248.4,20816
2022-09-13 00:00:00+05:30,248.15,253.85,241.15,244.15,21343
2022-09-14 00:00:00+05:30,241.0,248.85,234.95,238.1,43000
2022-09-15 00:00:00+05:30,242.0,242.0,232.25,233.7,20584
2022-09-16 00:00:00+05:30,238.9,239.3,231.0,234.15,16391
2022-09-19 00:00:00+05:30,232.3,244.8,224.6,235.75,34478
2022-09-20 00:00:00+05:30,230.05,253.8,222.0,246.45,71073
2022-09-21 00:00:00+05:30,240.15,246.0,238.0,239.55,10238
2022-09-22 00:00:00+05:30,236.0,243.05,234.9,240.3,13113
2022-09-23 00:00:00+05:30,239.15,245.05,235.0,241.85,14703
2022-09-26 00:00:00+05:30,237.3,239.0,225.0,235.1,20414
2022-09-27 00:00:00+05:30,236.1,244.35,232.9,241.15,11539
2022-09-28 00:00:00+05:30,239.35,245.0,239.1,244.1,10138
2022-09-29 00:00:00+05:30,241.5,248.0,241.15,247.15,15980
2022-09-30 00:00:00+05:30,247.05,256.0,247.05,254.85,19786
2022-10-03 00:00:00+05:30,254.85,256.9,248.15,250.8,23583
2022-10-04 00:00:00+05:30,253.8,259.6,253.5,256.4,9295
2022-10-06 00:00:00+05:30,259.2,263.0,258.55,260.05,9065
2022-10-07 00:00:00+05:30,256.05,268.0,256.05,265.9,23008
2022-10-10 00:00:00+05:30,265.0,268.95,252.0,255.1,11448
2022-10-11 00:00:00+05:30,254.0,264.05,254.0,260.05,12781
2022-10-12 00:00:00+05:30,262.7,263.4,260.0,260.1,10843
2022-10-13 00:00:00+05:30,267.95,267.95,260.0,260.1,10069
2022-10-14 00:00:00+05:30,265.0,266.05,260.0,260.2,5048
2022-10-17 00:00:00+05:30,265.0,265.0,254.75,261.05,14421
2022-10-18 00:00:00+05:30,261.05,264.0,260.0,261.05,4930
2022-10-19 00:00:00+05:30,259.1,264.85,259.1,263.7,5032
2022-10-20 00:00:00+05:30,264.3,275.0,260.05,270.2,21581
2022-10-21 00:00:00+05:30,271.95,278.0,260.1,270.25,53420
2022-10-24 00:00:00+05:30,267.0,285.0,267.0,280.7,20646
2022-10-25 00:00:00+05:30,280.05,280.95,272.7,273.4,11081
2022-10-27 00:00:00+05:30,272.75,278.4,270.1,274.35,12633
2022-10-28 00:00:00+05:30,279.85,283.35,272.05,275.7,14673
2022-10-31 00:00:00+05:30,272.0,275.8,263.5,266.1,13757
2022-11-01 00:00:00+05:30,267.5,272.2,263.7,267.6,13457
2022-11-02 00:00:00+05:30,271.0,271.0,261.0,265.2,27557
2022-11-03 00:00:00+05:30,261.25,269.0,260.0,265.85,12138
2022-11-04 00:00:00+05:30,270.0,270.0,260.0,261.75,21347
2022-11-07 00:00:00+05:30,273.0,273.0,262.0,263.75,8773
2022-11-09 00:00:00+05:30,262.0,268.65,262.0,264.8,6509
2022-11-10 00:00:00+05:30,270.15,270.95,261.25,263.0,3674
2022-11-11 00:00:00+05:30,269.0,269.0,261.0,263.25,8923
2022-11-14 00:00:00+05:30,266.0,280.0,263.0,276.1,31775
2022-11-15 00:00:00+05:30,270.4,283.55,270.1,280.75,24129
2022-11-16 00:00:00+05:30,283.0,290.0,278.35,284.85,28207
2022-11-17 00:00:00+05:30,294.0,294.0,283.05,286.1,12767
2022-11-18 00:00:00+05:30,287.25,294.0,282.05,292.5,18881
2022-11-21 00:00:00+05:30,296.0,299.8,286.0,287.6,39440
2022-11-22 00:00:00+05:30,294.8,294.8,285.1,289.65,6869
2022-11-23 00:00:00+05:30,293.95,324.0,288.05,317.85,125540
2022-11-24 00:00:00+05:30,337.7,337.7,318.7,324.1,63123
2022-11-25 00:00:00+05:30,325.0,335.95,314.1,315.05,65417
2022-11-28 00:00:00+05:30,319.8,335.0,312.05,325.85,23979
2022-11-29 00:00:00+05:30,335.0,357.45,332.35,353.6,196980
2022-11-30 00:00:00+05:30,353.9,353.9,345.0,345.15,23484
2022-12-01 00:00:00+05:30,347.9,349.9,336.0,338.1,20767
2022-12-02 00:00:00+05:30,338.3,346.05,329.55,333.65,24107
2022-12-05 00:00:00+05:30,333.9,352.9,331.45,347.7,44453
2022-12-06 00:00:00+05:30,347.5,352.05,342.55,343.55,17252
2022-12-07 00:00:00+05:30,348.7,348.7,324.1,327.2,21451
2022-12-08 00:00:00+05:30,329.75,329.75,322.8,324.25,8132
2022-12-09 00:00:00+05:30,321.45,328.45,316.0,324.85,12223
2022-12-12 00:00:00+05:30,322.45,325.25,312.85,317.15,11071
2022-12-13 00:00:00+05:30,319.85,324.95,314.75,317.65,7190
2022-12-14 00:00:00+05:30,320.95,327.75,318.4,324.0,9743
2022-12-15 00:00:00+05:30,323.0,331.95,316.0,318.5,11286
2022-12-16 00:00:00+05:30,319.9,325.8,315.05,317.6,33013
2022-12-19 00:00:00+05:30,318.85,322.9,315.85,317.05,8441
2022-12-20 00:00:00+05:30,315.8,325.0,313.45,321.55,6483
2022-12-21 00:00:00+05:30,322.75,323.55,300.55,304.85,19762
2022-12-22 00:00:00+05:30,314.55,314.55,292.0,298.1,16756
2022-12-23 00:00:00+05:30,299.85,299.95,281.0,281.1,41398
2022-12-26 00:00:00+05:30,285.0,315.0,285.0,307.85,17534
2022-12-27 00:00:00+05:30,305.0,318.0,301.1,313.55,24322
2022-12-28 00:00:00+05:30,307.55,314.45,306.35,309.55,3767
2022-12-29 00:00:00+05:30,309.6,319.9,302.05,314.0,7574
2022-12-30 00:00:00+05:30,316.6,317.85,302.5,304.25,16860
2023-01-02 00:00:00+05:30,315.9,315.9,304.25,305.8,3903
2023-01-03 00:00:00+05:30,306.6,310.45,299.6,303.4,8701
2023-01-04 00:00:00+05:30,306.7,306.7,295.0,297.9,5924
2023-01-05 00:00:00+05:30,300.2,306.95,297.0,297.2,2166
2023-01-06 00:00:00+05:30,299.9,302.95,290.1,297.1,5479
2023-01-09 00:00:00+05:30,301.9,307.0,297.1,298.0,4556
2023-01-10 00:00:00+05:30,300.05,307.0,292.95,302.35,6605
2023-01-11 00:00:00+05:30,301.05,302.85,292.05,297.8,5403
2023-01-12 00:00:00+05:30,295.6,299.9,295.0,295.15,3713
2023-01-13 00:00:00+05:30,303.6,312.1,296.15,309.85,6361
2023-01-16 00:00:00+05:30,320.0,320.0,308.0,314.05,19096
2023-01-17 00:00:00+05:30,310.9,324.45,310.5,318.4,13911
2023-01-18 00:00:00+05:30,316.3,326.15,312.0,322.25,9527
2023-01-19 00:00:00+05:30,318.1,326.7,315.55,324.55,6464
2023-01-20 00:00:00+05:30,323.0,349.5,311.0,339.2,156211
2023-01-23 00:00:00+05:30,345.0,345.0,316.1,316.9,45760
2023-01-24 00:00:00+05:30,319.7,342.9,319.5,333.75,81536
2023-01-25 00:00:00+05:30,336.4,343.75,326.8,334.35,42400
2023-01-27 00:00:00+05:30,339.35,339.35,315.0,322.25,14949
2023-01-30 00:00:00+05:30,301.1,316.0,301.1,313.3,14003
2023-01-31 00:00:00+05:30,314.2,317.9,301.25,304.55,21052
2023-02-01 00:00:00+05:30,306.35,314.05,277.35,295.0,50447
2023-02-02 00:00:00+05:30,295.0,309.0,283.0,285.25,39094
2023-02-03 00:00:00+05:30,297.95,304.5,285.3,298.0,26105
2023-02-06 00:00:00+05:30,302.8,312.45,295.6,299.05,16706
2023-02-07 00:00:00+05:30,303.0,304.15,299.5,299.5,5293
2023-02-08 00:00:00+05:30,296.9,302.0,295.05,299.45,9476
2023-02-09 00:00:00+05:30,295.95,303.95,295.95,300.0,6700
2023-02-10 00:00:00+05:30,302.4,302.5,294.0,299.05,11203
2023-02-13 00:00:00+05:30,300.0,308.9,297.7,299.8,7537
2023-02-14 00:00:00+05:30,298.4,304.8,290.55,297.0,3633
2023-02-15 00:00:00+05:30,295.4,301.9,294.65,299.45,2079
2023-02-16 00:00:00+05:30,299.6,308.65,294.2,300.25,7259
2023-02-17 00:00:00+05:30,302.0,309.7,299.6,300.25,3594
2023-02-20 00:00:00+05:30,300.9,305.55,297.65,298.9,4353
2023-02-21 00:00:00+05:30,305.8,305.8,296.5,299.0,4507
2023-02-22 00:00:00+05:30,296.0,303.4,291.05,291.2,4266
2023-02-23 00:00:00+05:30,299.0,299.0,283.2,286.5,12573
2023-02-24 00:00:00+05:30,290.7,290.7,272.1,275.0,16323
2023-02-27 00:00:00+05:30,290.0,290.0,277.0,285.75,14344
2023-02-28 00:00:00+05:30,286.3,289.75,280.0,282.0,6559
2023-03-01 00:00:00+05:30,289.0,297.0,281.0,297.0,8071
2023-03-02 00:00:00+05:30,297.15,297.15,287.0,287.0,10708
2023-03-03 00:00:00+05:30,296.15,293.45,282.35,284.4,6072
2023-03-06 00:00:00+05:30,286.65,290.0,275.0,278.9,28363
2023-03-08 00:00:00+05:30,279.6,284.95,276.65,281.05,5181
2023-03-09 00:00:00+05:30,282.0,290.0,278.4,280.8,7297
2023-03-10 00:00:00+05:30,276.9,284.45,276.9,280.65,3132
2023-03-13 00:00:00+05:30,287.55,287.55,274.95,275.5,5946
2023-03-14 00:00:00+05:30,277.55,280.0,272.2,275.55,24560
2023-03-15 00:00:00+05:30,276.0,278.4,274.5,276.1,3302
2023-03-16 00:00:00+05:30,277.8,278.45,271.0,271.6,4163
2023-03-17 00:00:00+05:30,275.9,323.7,272.05,309.45,124295
2023-03-20 00:00:00+05:30,306.0,308.9,291.25,300.6,25461
2023-03-21 00:00:00+05:30,301.0,308.4,296.4,301.45,15265
2023-03-22 00:00:00+05:30,301.5,306.45,300.5,302.0,7293
2023-03-23 00:00:00+05:30,301.95,308.8,295.5,298.5,13040
2023-03-24 00:00:00+05:30,296.85,303.3,292.0,296.85,9764
2023-03-27 00:00:00+05:30,295.6,298.0,280.35,290.75,18831
2023-03-28 00:00:00+05:30,291.1,298.0,280.5,287.15,4149
2023-03-29 00:00:00+05:30,289.5,291.05,282.35,287.1,7418
2023-03-31 00:00:00+05:30,295.3,295.3,285.1,287.25,4880
2023-04-03 00:00:00+05:30,294.2,294.2,286.2,288.2,3815
2023-04-05 00:00:00+05:30,293.95,307.45,290.2,295.45,11871
2023-04-06 00:00:00+05:30,292.4,308.75,292.4,306.1,3926
2023-04-10 00:00:00+05:30,306.0,354.45,306.0,336.65,223561
2023-04-11 00:00:00+05:30,336.0,341.8,327.65,332.85,41316
2023-04-12 00:00:00+05:30,333.0,342.9,327.05,338.6,21740
2023-04-13 00:00:00+05:30,342.0,342.0,331.15,334.5,21523
2023-04-17 00:00:00+05:30,334.5,334.5,315.05,329.7,28672
2023-04-18 00:00:00+05:30,332.0,340.0,322.25,325.3,15892
2023-04-19 00:00:00+05:30,330.95,334.9,326.05,332.3,6015
2023-04-20 00:00:00+05:30,335.6,340.0,325.05,330.25,6737
2023-04-21 00:00:00+05:30,339.0,339.0,324.9,327.3,3306
2023-04-24 00:00:00+05:30,325.0,334.95,322.0,323.85,5069
2023-04-25 00:00:00+05:30,324.7,332.0,321.0,327.15,6983
2023-04-26 00:00:00+05:30,327.15,328.05,322.15,324.35,3933
2023-04-27 00:00:00+05:30,321.05,335.0,321.0,331.85,12349
2023-04-28 00:00:00+05:30,337.0,337.0,325.1,328.0,8228
2023-05-02 00:00:00+05:30,323.0,332.9,321.0,323.1,23277
2023-05-03 00:00:00+05:30,327.85,329.4,321.0,323.8,19658
2023-05-04 00:00:00+05:30,329.0,343.25,321.0,335.0,35408
2023-05-05 00:00:00+05:30,335.0,335.0,322.55,325.9,11583
2023-05-08 00:00:00+05:30,332.0,339.0,324.1,324.85,11331
2023-05-09 00:00:00+05:30,331.35,335.0,326.0,327.8,11889
2023-05-10 00:00:00+05:30,330.4,351.0,325.65,345.05,52108
2023-05-11 00:00:00+05:30,346.9,352.0,340.6,350.3,32385
2023-05-12 00:00:00+05:30,351.5,420.35,351.2,413.3,854352
2023-05-15 00:00:00+05:30,398.0,414.0,397.0,400.35,129799
2023-05-16 00:00:00+05:30,404.4,404.4,380.1,392.25,79960
2023-05-17 00:00:00+05:30,390.0,404.75,388.35,392.1,32915
2023-05-18 00:00:00+05:30,400.4,400.4,388.1,391.75,17999
2023-05-19 00:00:00+05:30,392.6,396.0,381.35,388.65,29004
2023-05-22 00:00:00+05:30,396.0,405.0,383.4,397.35,79856
2023-05-23 00:00:00+05:30,399.95,400.0,392.0,399.65,60256
2023-05-24 00:00:00+05:30,399.55,400.0,392.45,395.5,29063
2023-05-25 00:00:00+05:30,395.5,468.0,394.75,457.3,560371
2023-05-26 00:00:00+05:30,450.0,471.0,435.7,461.8,180420
2023-05-29 00:00:00+05:30,469.95,475.0,444.1,458.9,63998
2023-05-30 00:00:00+05:30,458.9,458.9,430.2,450.6,51234
2023-05-31 00:00:00+05:30,445.0,478.0,445.0,460.1,132791
2023-06-01 00:00:00+05:30,460.1,474.45,456.05,471.15,45466
2023-06-02 00:00:00+05:30,475.0,546.0,466.35,515.4,666429
2023-06-05 00:00:00+05:30,518.05,549.9,510.25,519.2,258338
2023-06-06 00:00:00+05:30,519.2,529.9,510.85,515.65,80562
2023-06-07 00:00:00+05:30,519.0,534.4,495.6,499.35,102727
2023-06-08 00:00:00+05:30,496.5,506.85,484.75,491.4,76030
2023-06-09 00:00:00+05:30,488.0,498.4,481.5,485.2,43818
2023-06-12 00:00:00+05:30,485.2,542.0,485.2,505.25,661765
2023-06-13 00:00:00+05:30,512.7,524.85,505.5,517.75,112261
2023-06-14 00:00:00+05:30,516.5,521.65,504.8,506.9,61783
2023-06-15 00:00:00+05:30,503.5,507.35,488.35,490.8,97673
2023-06-16 00:00:00+05:30,487.0,528.95,487.0,507.0,194086
2023-06-19 00:00:00+05:30,504.1,515.0,497.5,500.5,70470
2023-06-20 00:00:00+05:30,503.15,508.95,494.05,495.35,66252
2023-06-21 00:00:00+05:30,501.5,506.75,494.05,496.0,105160
2023-06-22 00:00:00+05:30,501.0,503.5,486.9,491.5,53308
2023-06-23 00:00:00+05:30,493.5,494.3,476.6,484.9,66723
2023-06-26 00:00:00+05:30,485.7,502.8,480.15,488.0,109379
2023-06-27 00:00:00+05:30,489.45,514.4,482.0,504.0,114025
2023-06-28 00:00:00+05:30,507.0,533.9,500.0,522.8,264612
2023-06-30 00:00:00+05:30,522.9,526.6,505.0,514.0,67370
2023-07-03 00:00:00+05:30,517.9,517.9,501.0,502.7,87755
2023-07-04 00:00:00+05:30,512.0,512.0,495.0,495.0,49072
2023-07-05 00:00:00+05:30,500.0,503.25,489.1,492.5,33872
2023-07-06 00:00:00+05:30,495.95,497.0,486.3,488.1,37603
2023-07-07 00:00:00+05:30,489.5,499.75,484.15,488.5,48589
2023-07-10 00:00:00+05:30,489.95,491.9,481.3,485.9,39546
2023-07-11 00:00:00+05:30,490.0,508.65,487.0,504.0,76256
2023-07-12 00:00:00+05:30,511.0,592.55,511.0,562.0,1291520
2023-07-13 00:00:00+05:30,569.5,575.2,558.8,570.0,206499
2023-07-14 00:00:00+05:30,570.1,596.75,558.85,570.0,335111
2023-07-17 00:00:00+05:30,577.9,637.8,574.05,583.0,1245807
2023-07-18 00:00:00+05:30,587.0,629.9,587.0,610.95,538558
2023-07-19 00:00:00+05:30,614.9,618.5,580.75,583.45,200968
2023-07-20 00:00:00+05:30,587.7,594.0,563.0,573.75,149719
2023-07-21 00:00:00+05:30,565.15,579.4,550.5,563.75,121170
2023-07-24 00:00:00+05:30,566.9,576.85,555.35,564.9,126943
2023-07-25 00:00:00+05:30,567.5,571.85,548.05,554.0,162710
2023-07-26 00:00:00+05:30,554.0,564.45,550.15,552.9,79022
2023-07-27 00:00:00+05:30,556.0,591.7,549.55,590.0,180067
2023-07-28 00:00:00+05:30,592.95,596.0,568.15,580.05,106146
2023-07-31 00:00:00+05:30,580.5,586.15,557.5,564.0,91075
2023-08-01 00:00:00+05:30,563.85,570.85,535.5,547.0,131824
2023-08-02 00:00:00+05:30,548.4,549.25,521.5,531.65,118853
2023-08-03 00:00:00+05:30,535.0,543.6,521.4,537.9,106169
2023-08-04 00:00:00+05:30,535.5,565.0,535.0,562.0,166478
2023-08-07 00:00:00+05:30,564.45,576.4,554.3,571.0,165513
2023-08-08 00:00:00+05:30,573.4,608.0,573.4,599.95,327395
2023-08-09 00:00:00+05:30,603.0,614.15,588.5,591.55,227714
2023-08-10 00:00:00+05:30,594.6,594.7,578.0,583.0,59851
2023-08-11 00:00:00+05:30,582.5,621.15,576.0,613.05,203812
2023-08-14 00:00:00+05:30,613.3,615.0,589.4,601.0,74841
2023-08-16 00:00:00+05:30,602.15,633.0,594.8,616.15,284365
2023-08-17 00:00:00+05:30,623.7,627.8,565.25,576.5,235416
2023-08-18 00:00:00+05:30,582.6,588.15,560.8,566.5,99121
2023-08-21 00:00:00+05:30,569.0,579.95,565.0,565.6,61932
2023-08-22 00:00:00+05:30,570.5,579.8,562.15,566.0,73385
2023-08-23 00:00:00+05:30,567.85,577.0,562.85,565.0,46981
2023-08-24 00:00:00+05:30,571.0,575.0,556.55,561.0,39339
2023-08-25 00:00:00+05:30,560.3,564.8,547.1,557.0,42748
2023-08-28 00:00:00+05:30,558.8,561.5,550.15,557.0,29901
2023-08-29 00:00:00+05:30,555.0,582.9,555.0,572.25,62430
2023-08-30 00:00:00+05:30,575.9,575.9,561.0,563.05,40780
2023-08-31 00:00:00+05:30,564.05,569.9,562.1,568.85,19791
2023-09-01 00:00:00+05:30,568.8,579.95,562.05,566.5,57439
2023-09-04 00:00:00+05:30,566.5,619.0,566.1,608.95,219166
2023-09-05 00:00:00+05:30,615.0,624.95,595.1,605.75,114567
2023-09-06 00:00:00+05:30,609.25,615.0,595.0,608.4,72366
2023-09-07 00:00:00+05:30,609.95,663.0,607.7,644.4,698052
2023-09-08 00:00:00+05:30,649.0,649.0,611.5,622.0,119546
2023-09-11 00:00:00+05:30,620.9,647.45,601.1,615.9,139543
2023-09-12 00:00:00+05:30,619.0,621.95,559.6,568.0,252847
2023-09-13 00:00:00+05:30,570.85,585.0,555.0,580.5,82532
2023-09-14 00:00:00+05:30,580.5,589.6,572.05,577.95,54609
2023-09-15 00:00:00+05:30,580.7,592.0,575.0,575.0,23518
2023-09-18 00:00:00+05:30,575.6,593.0,573.55,579.85,65935
2023-09-20 00:00:00+05:30,575.0,585.9,567.15,570.2,26053
2023-09-21 00:00:00+05:30,570.2,576.25,555.7,565.0,23952
2023-09-22 00:00:00+05:30,567.9,584.55,552.75,562.4,49780
2023-09-25 00:00:00+05:30,562.4,566.55,552.0,554.4,46039
2023-09-26 00:00:00+05:30,554.4,563.45,546.0,548.65,62551
2023-09-27 00:00:00+05:30,548.65,573.45,547.55,559.25,68426
2023-09-28 00:00:00+05:30,559.25,569.0,554.8,555.0,30667
2023-09-29 00:00:00+05:30,559.05,561.0,551.0,551.0,21242
2023-10-03 00:00:00+05:30,552.85,560.95,544.1,548.05,34723
2023-10-04 00:00:00+05:30,548.05,549.95,531.15,538.55,43234
2023-10-05 00:00:00+05:30,541.5,552.55,538.1,545.85,18658
2023-10-06 00:00:00+05:30,548.0,566.5,543.95,562.55,67566
2023-10-09 00:00:00+05:30,553.0,560.0,543.25,547.6,45560
2023-10-10 00:00:00+05:30,547.6,562.0,545.0,550.35,43147
2023-10-11 00:00:00+05:30,554.0,565.95,553.95,556.5,25377
2023-10-12 00:00:00+05:30,556.25,564.35,545.0,551.55,30269
2023-10-13 00:00:00+05:30,552.2,563.95,550.0,558.85,24654
2023-10-16 00:00:00+05:30,561.5,586.25,558.55,580.6,88871
2023-10-17 00:00:00+05:30,585.0,587.9,571.0,573.0,31290
2023-10-18 00:00:00+05:30,577.0,577.05,560.0,568.9,32713
2023-10-19 00:00:00+05:30,568.95,624.95,566.9,591.15,233275
2023-10-20 00:00:00+05:30,598.5,614.3,545.5,570.8,221465
2023-10-23 00:00:00+05:30,558.0,558.0,486.0,498.4,190294
2023-10-25 00:00:00+05:30,499.4,528.0,485.5,502.25,96661
2023-10-26 00:00:00+05:30,495.0,497.6,480.55,484.55,70939
2023-10-27 00:00:00+05:30,488.8,547.0,487.8,502.95,163133
2023-10-30 00:00:00+05:30,505.0,516.65,497.0,500.45,75306
2023-10-31 00:00:00+05:30,506.0,515.4,497.05,505.15,84199
2023-11-01 00:00:00+05:30,507.85,517.05,499.0,501.9,39225
2023-11-02 00:00:00+05:30,510.0,511.45,492.35,497.65,25189
2023-11-03 00:00:00+05:30,494.0,514.5,494.0,510.8,32401
2023-11-06 00:00:00+05:30,509.8,518.05,506.6,512.0,28447
2023-11-07 00:00:00+05:30,515.0,515.0,499.3,502.75,18375
2023-11-08 00:00:00+05:30,504.0,522.15,501.55,515.05,62108
2023-11-09 00:00:00+05:30,515.75,565.0,515.75,553.1,185965
2023-11-10 00:00:00+05:30,549.9,573.4,544.1,549.55,144952
2023-11-12 00:00:00+05:30,555.7,555.7,550.0,553.05,15196
2023-11-13 00:00:00+05:30,551.45,555.9,541.45,550.25,28527
2023-11-15 00:00:00+05:30,554.7,569.0,551.3,559.65,61946
2023-11-16 00:00:00+05:30,560.0,568.25,553.85,560.3,28676
2023-11-17 00:00:00+05:30,564.0,568.0,550.25,557.35,27933
2023-11-20 00:00:00+05:30,559.9,597.45,558.25,580.2,124282
2023-11-21 00:00:00+05:30,583.45,589.75,573.6,585.15,42667
2023-11-22 00:00:00+05:30,587.0,625.0,565.35,618.95,229661
2023-11-23 00:00:00+05:30,621.0,636.8,610.6,615.1,131154
2023-11-24 00:00:00+05:30,614.8,619.0,583.6,592.5,52286
2023-11-28 00:00:00+05:30,592.5,595.45,573.45,578.0,38906
2023-11-29 00:00:00+05:30,583.65,598.0,570.05,577.2,29953
2023-11-30 00:00:00+05:30,577.85,594.55,572.25,582.75,47542
2023-12-01 00:00:00+05:30,583.05,590.45,580.5,583.0,24885
2023-12-04 00:00:00+05:30,592.0,592.9,578.8,585.35,35891
2023-12-05 00:00:00+05:30,587.7,593.45,570.35,575.0,24445
2023-12-06 00:00:00+05:30,577.9,582.5,565.0,577.35,49006
2023-12-07 00:00:00+05:30,580.0,580.15,561.0,568.1,22348
2023-12-08 00:00:00+05:30,571.0,571.45,558.0,563.5,26551
2023-12-11 00:00:00+05:30,558.1,575.0,558.1,561.7,30235
2023-12-12 00:00:00+05:30,564.25,572.0,552.05,559.0,32378
2023-12-13 00:00:00+05:30,559.6,575.1,553.85,571.7,29595
2023-12-14 00:00:00+05:30,590.1,686.0,590.1,684.2,1766787
2023-12-15 00:00:00+05:30,700.0,723.0,662.6,685.55,1450866
2023-12-18 00:00:00+05:30,686.75,728.9,672.25,706.3,457354
2023-12-19 00:00:00+05:30,707.25,721.95,690.6,699.5,158076
2023-12-20 00:00:00+05:30,695.0,740.0,664.85,687.0,408534
2023-12-21 00:00:00+05:30,687.0,710.85,627.8,640.2,2299158
2023-12-22 00:00:00+05:30,654.95,654.95,626.75,634.7,1254641
2023-12-26 00:00:00+05:30,635.0,637.9,615.15,628.15,349340
2023-12-27 00:00:00+05:30,631.7,636.0,620.55,628.05,267769
2023-12-28 00:00:00+05:30,624.1,638.0,611.0,625.25,164432
2023-12-29 00:00:00+05:30,627.0,631.35,615.35,625.0,136967
2024-01-01 00:00:00+05:30,627.4,633.25,602.1,609.05,119931
2024-01-02 00:00:00+05:30,610.5,617.4,595.15,609.7,175333
2024-01-03 00:00:00+05:30,614.9,632.8,607.95,627.8,160396
2024-01-04 00:00:00+05:30,628.1,635.7,621.95,625.15,152898
2024-01-05 00:00:00+05:30,625.15,637.0,608.1,615.4,102603
2024-01-08 00:00:00+05:30,616.25,633.5,604.3,627.75,131191
2024-01-09 00:00:00+05:30,634.7,648.0,621.3,623.85,180748
2024-01-10 00:00:00+05:30,627.8,639.7,617.05,636.85,181495
2024-01-11 00:00:00+05:30,637.2,650.95,635.6,640.5,128740
2024-01-12 00:00:00+05:30,643.35,649.95,631.8,636.4,146810
2024-01-15 00:00:00+05:30,644.7,655.55,621.2,623.85,173309
2024-01-16 00:00:00+05:30,630.0,636.0,604.05,623.2,153471
2024-01-17 00:00:00+05:30,620.0,624.15,609.55,617.6,90950
2024-01-18 00:00:00+05:30,617.6,630.5,580.0,622.55,438289
2024-01-19 00:00:00+05:30,626.0,648.95,587.4,619.7,701441
2024-01-20 00:00:00+05:30,624.0,626.15,595.25,599.6,137336
2024-01-23 00:00:00+05:30,614.3,620.1,600.5,610.1,199452
2024-01-24 00:00:00+05:30,604.05,615.5,586.6,604.95,85534
2024-01-25 00:00:00+05:30,596.3,609.0,582.0,584.8,84853
2024-01-29 00:00:00+05:30,592.85,600.25,583.0,586.9,84678
2024-01-30 00:00:00+05:30,588.0,591.05,569.9,576.1,80212
2024-01-31 00:00:00+05:30,581.0,582.85,560.05,563.4,122793
2024-02-01 00:00:00+05:30,564.8,569.8,555.9,561.1,74316
2024-02-02 00:00:00+05:30,563.0,571.05,548.8,560.15,79481
2024-02-05 00:00:00+05:30,565.0,576.1,551.25,555.55,85560
2024-02-06 00:00:00+05:30,554.5,580.0,552.1,574.65,107713
2024-02-07 00:00:00+05:30,575.25,585.35,574.0,577.65,44954
2024-02-08 00:00:00+05:30,578.7,592.0,552.1,557.2,85492
2024-02-09 00:00:00+05:30,560.0,562.45,545.05,552.9,49110
2024-02-12 00:00:00+05:30,551.5,584.95,535.35,545.45,69553
2024-02-13 00:00:00+05:30,541.0,543.45,529.0,538.2,97693
2024-02-14 00:00:00+05:30,535.05,549.7,531.0,546.8,59268
2024-02-15 00:00:00+05:30,546.8,554.0,534.7,543.5,57582
2024-02-16 00:00:00+05:30,550.55,558.75,534.2,550.8,87633
2024-02-19 00:00:00+05:30,550.0,566.65,549.0,560.7,98254
2024-02-20 00:00:00+05:30,552.55,579.9,552.55,568.75,86715
2024-02-21 00:00:00+05:30,571.0,579.0,566.5,575.05,84382
2024-02-22 00:00:00+05:30,582.0,582.0,559.65,564.6,43651
2024-02-23 00:00:00+05:30,564.6,569.4,555.0,556.85,25347
2024-02-26 00:00:00+05:30,557.0,568.4,549.0,553.45,52640
2024-02-27 00:00:00+05:30,555.3,560.7,539.8,542.45,46356
2024-02-28 00:00:00+05:30,542.45,547.45,529.95,535.8,63336
2024-02-29 00:00:00+05:30,535.0,542.65,530.4,534.75,38385
2024-03-01 00:00:00+05:30,536.1,541.25,529.1,531.75,42232
2024-03-02 00:00:00+05:30,536.95,540.0,529.1,536.75,1862
2024-03-04 00:00:00+05:30,536.45,536.45,514.1,522.05,58097
2024-03-05 00:00:00+05:30,523.0,523.0,499.8,504.0,83832
2024-03-06 00:00:00+05:30,505.4,509.95,492.0,498.2,81408
2024-03-07 00:00:00+05:30,503.0,511.95,496.9,506.15,52771
2024-03-11 00:00:00+05:30,496.55,504.75,479.95,482.05,106794
2024-03-12 00:00:00+05:30,482.05,485.0,457.05,459.95,272842
2024-03-13 00:00:00+05:30,460.5,467.7,426.25,441.0,226682
2024-03-14 00:00:00+05:30,436.0,463.45,436.0,448.7,203784
2024-03-15 00:00:00+05:30,448.75,468.1,441.55,448.85,58110
2024-03-18 00:00:00+05:30,448.85,453.45,429.0,433.8,76970
2024-03-19 00:00:00+05:30,431.8,454.8,424.85,445.2,121637
2024-03-20 00:00:00+05:30,451.5,459.9,438.0,443.3,102707
2024-03-21 00:00:00+05:30,445.9,456.3,445.55,450.75,110079
2024-03-22 00:00:00+05:30,456.9,456.9,443.95,450.6,173799
2024-03-26 00:00:00+05:30,453.3,458.5,433.5,438.25,143609
2024-03-27 00:00:00+05:30,436.0,444.95,430.0,434.25,282972
2024-03-28 00:00:00+05:30,440.0,449.9,434.25,442.7,90662
2024-04-01 00:00:00+05:30,444.8,466.1,441.15,465.3,69045
2024-04-02 00:00:00+05:30,465.7,469.9,457.85,466.5,63387
2024-04-03 00:00:00+05:30,466.0,486.1,459.95,477.3,118758
2024-04-04 00:00:00+05:30,482.95,486.75,470.0,475.8,46243
2024-04-05 00:00:00+05:30,471.0,484.7,471.0,484.0,48304
2024-04-08 00:00:00+05:30,486.1,486.4,475.6,479.1,75015
2024-04-09 00:00:00+05:30,480.2,480.45,471.2,476.15,28792
2024-04-10 00:00:00+05:30,476.15,480.2,472.2,475.85,12365
2024-04-12 00:00:00+05:30,475.0,499.95,464.8,487.6,68441
2024-04-15 00:00:00+05:30,477.1,494.2,457.6,490.35,115228
2024-04-16 00:00:00+05:30,483.0,516.2,483.0,503.2,114563
2024-04-18 00:00:00+05:30,503.2,506.1,488.2,496.4,64622
2024-04-19 00:00:00+05:30,491.45,492.15,477.95,484.6,58256
2024-04-22 00:00:00+05:30,489.15,510.95,487.8,490.1,55808
2024-04-23 00:00:00+05:30,490.2,497.05,480.0,483.05,36999
2024-04-24 00:00:00+05:30,483.1,489.2,468.05,470.8,47236
2024-04-25 00:00:00+05:30,475.5,475.5,459.45,461.3,42487
2024-04-26 00:00:00+05:30,462.5,480.95,462.5,469.6,150880
2024-04-29 00:00:00+05:30,473.75,490.0,467.0,470.0,78246
2024-04-30 00:00:00+05:30,474.0,475.65,470.0,470.3,18882
2024-05-02 00:00:00+05:30,470.3,476.45,464.4,467.1,25024
2024-05-03 00:00:00+05:30,467.1,470.1,451.0,452.1,48061
2024-05-06 00:00:00+05:30,456.0,456.6,440.4,445.95,43763
2024-05-07 00:00:00+05:30,447.05,452.2,439.1,443.4,25267
2024-05-08 00:00:00+05:30,443.4,450.0,434.9,439.4,62175
2024-05-09 00:00:00+05:30,439.05,445.7,439.0,440.8,34367
2024-05-10 00:00:00+05:30,431.1,448.4,431.1,439.55,38961
2024-05-13 00:00:00+05:30,446.15,454.2,439.2,443.15,33584
2024-05-14 00:00:00+05:30,446.25,447.0,441.1,442.7,17442
2024-05-15 00:00:00+05:30,446.25,447.25,439.05,441.35,19899
2024-05-16 00:00:00+05:30,445.75,456.2,441.6,453.45,29007
2024-05-17 00:00:00+05:30,455.7,468.4,435.5,440.3,316989
2024-05-18 00:00:00+05:30,439.4,449.0,428.35,436.15,25134
2024-05-21 00:00:00+05:30,436.2,440.3,391.2,393.65,308209
2024-05-22 00:00:00+05:30,401.95,423.95,393.2,404.45,271306
2024-05-23 00:00:00+05:30,406.0,417.0,398.25,408.55,88866
2024-05-24 00:00:00+05:30,408.55,410.75,398.05,399.7,42785
2024-05-27 00:00:00+05:30,402.9,420.0,399.0,400.4,96960
2024-05-28 00:00:00+05:30,401.4,404.15,392.0,398.7,56447
2024-05-29 00:00:00+05:30,398.7,402.2,389.0,391.2,63527
2024-05-30 00:00:00+05:30,391.5,394.45,384.0,385.4,33883
2024-05-31 00:00:00+05:30,386.2,390.45,372.95,376.35,76476
2024-06-03 00:00:00+05:30,388.0,397.95,372.25,373.85,56592
2024-06-04 00:00:00+05:30,373.95,378.4,334.3,358.65,80905
2024-06-05 00:00:00+05:30,365.4,378.65,354.6,372.6,44079
2024-06-06 00:00:00+05:30,372.6,384.5,367.05,379.95,61468
2024-06-07 00:00:00+05:30,380.5,410.5,372.15,404.3,190699
2024-06-10 00:00:00+05:30,406.95,416.05,404.4,407.55,71130
2024-06-11 00:00:00+05:30,409.75,417.0,399.1,401.5,55258
2024-06-12 00:00:00+05:30,402.25,416.0,402.0,403.8,81134
2024-06-13 00:00:00+05:30,405.9,419.4,405.75,409.4,102281
2024-06-14 00:00:00+05:30,411.45,424.0,405.55,409.7,73631
2024-06-18 00:00:00+05:30,409.85,415.25,396.75,400.75,116723
2024-06-19 00:00:00+05:30,403.7,412.25,401.65,404.2,76120
2024-06-20 00:00:00+05:30,407.25,409.95,402.9,405.85,39067
2024-06-21 00:00:00+05:30,415.0,428.05,402.8,406.8,120599
2024-06-24 00:00:00+05:30,412.9,412.9,397.35,398.65,69361
2024-06-25 00:00:00+05:30,400.7,404.7,395.0,398.65,39233
2024-06-26 00:00:00+05:30,401.0,402.45,394.5,397.4,25871
2024-06-27 00:00:00+05:30,399.0,404.15,395.05,396.05,45757
2024-06-28 00:00:00+05:30,399.8,401.05,393.75,398.0,34680
2024-07-01 00:00:00+05:30,401.95,428.0,398.0,424.3,165004
2024-07-02 00:00:00+05:30,424.3,442.9,420.0,424.55,109544
2024-07-03 00:00:00+05:30,427.7,427.7,413.1,417.5,51352
2024-07-04 00:00:00+05:30,420.8,429.95,415.1,420.25,75240
2024-07-05 00:00:00+05:30,425.15,425.15,413.35,417.95,52479
2024-07-08 00:00:00+05:30,417.95,423.65,412.35,417.65,35310
2024-07-09 00:00:00+05:30,421.8,423.0,416.8,420.55,22116
2024-07-10 00:00:00+05:30,422.8,428.65,406.6,416.2,44771
2024-07-11 00:00:00+05:30,418.4,420.55,410.0,412.2,58970
2024-07-12 00:00:00+05:30,412.2,466.0,410.95,455.55,1051959
2024-07-15 00:00:00+05:30,466.0,486.4,463.2,480.1,609562
2024-07-16 00:00:00+05:30,481.55,508.0,481.0,488.1,459707
2024-07-18 00:00:00+05:30,492.1,500.0,470.0,474.8,169188
2024-07-19 00:00:00+05:30,475.95,484.95,426.95,432.4,445977
2024-07-22 00:00:00+05:30,437.0,444.8,418.8,427.2,130721
2024-07-23 00:00:00+05:30,434.5,440.0,410.0,427.15,130698
2024-07-24 00:00:00+05:30,433.4,475.0,426.2,461.45,238013
2024-07-25 00:00:00+05:30,455.0,467.85,443.95,453.95,129363
2024-07-26 00:00:00+05:30,451.0,474.0,451.0,460.1,118929
2024-07-29 00:00:00+05:30,465.0,465.0,450.05,453.0,61901
2024-07-30 00:00:00+05:30,453.0,469.5,450.0,459.6,60784
2024-07-31 00:00:00+05:30,460.0,464.7,437.95,441.4,96897
2024-08-01 00:00:00+05:30,448.0,448.0,430.05,432.3,58033
2024-08-02 00:00:00+05:30,430.0,438.0,428.2,429.1,37869
2024-08-05 00:00:00+05:30,419.95,419.95,404.0,414.85,84339
2024-08-06 00:00:00+05:30,415.0,426.0,399.65,403.45,74607
2024-08-07 00:00:00+05:30,411.4,411.95,404.8,407.45,42222
2024-08-08 00:00:00+05:30,413.55,413.55,404.5,407.5,50603
2024-08-09 00:00:00+05:30,412.9,420.95,405.0,407.65,45078
2024-08-12 00:00:00+05:30,410.5,412.3,402.0,409.35,28067
2024-08-13 00:00:00+05:30,411.5,413.4,400.15,408.85,61404
2024-08-14 00:00:00+05:30,410.8,410.8,400.2,402.2,45782
2024-08-16 00:00:00+05:30,407.9,410.0,399.15,403.0,52740
2024-08-19 00:00:00+05:30,405.0,416.55,401.35,405.4,79755
2024-08-20 00:00:00+05:30,407.5,411.1,402.65,404.5,84934
2024-08-21 00:00:00+05:30,406.0,414.95,402.0,408.9,89818
2024-08-22 00:00:00+05:30,412.5,428.0,412.25,418.05,76714
2024-08-23 00:00:00+05:30,420.0,420.3,409.7,412.75,34222
2024-08-26 00:00:00+05:30,415.0,422.4,407.1,409.75,56323
2024-08-27 00:00:00+05:30,410.85,462.5,408.7,451.8,408960
2024-08-28 00:00:00+05:30,460.0,464.0,439.0,442.2,131809
2024-08-29 00:00:00+05:30,435.6,449.0,425.6,439.4,109724
2024-08-30 00:00:00+05:30,439.0,451.95,437.2,439.6,70983
2024-09-02 00:00:00+05:30,442.95,445.0,426.15,431.8,66319
2024-09-03 00:00:00+05:30,433.35,441.35,427.6,429.85,51678
2024-09-04 00:00:00+05:30,423.4,435.4,420.85,426.15,35939
2024-09-05 00:00:00+05:30,427.5,439.3,415.05,426.35,51742
2024-09-06 00:00:00+05:30,426.35,430.15,407.0,415.6,60503
2024-09-09 00:00:00+05:30,418.0,424.55,412.45,417.5,39651
2024-09-10 00:00:00+05:30,419.7,430.0,415.0,419.5,24659
2024-09-11 00:00:00+05:30,422.65,429.85,415.0,418.3,37729
2024-09-12 00:00:00+05:30,422.3,429.9,415.0,419.1,18757
2024-09-13 00:00:00+05:30,419.1,427.8,417.8,420.35,33710
2024-09-16 00:00:00+05:30,420.35,426.05,415.25,417.8,25665
2024-09-17 00:00:00+05:30,419.05,436.8,416.8,427.35,95000
2024-09-18 00:00:00+05:30,426.0,427.3,418.0,421.65,38409
2024-09-19 00:00:00+05:30,425.85,429.8,399.15,424.7,69034
2024-09-20 00:00:00+05:30,428.0,439.9,423.1,426.6,57424
2024-09-23 00:00:00+05:30,426.6,438.0,425.35,431.85,39569
2024-09-24 00:00:00+05:30,431.85,433.65,422.0,422.9,20212
2024-09-25 00:00:00+05:30,425.0,427.45,415.0,418.55,24309
2024-09-26 00:00:00+05:30,418.3,421.85,415.0,415.35,24973
2024-09-27 00:00:00+05:30,416.8,443.2,416.1,419.25,88148
2024-09-30 00:00:00+05:30,420.95,421.55,407.55,416.65,38595
2024-10-01 00:00:00+05:30,415.1,420.4,407.95,414.55,23772
2024-10-03 00:00:00+05:30,411.0,414.9,400.35,409.5,44691
2024-10-04 00:00:00+05:30,409.8,415.05,399.3,401.1,47962
2024-10-07 00:00:00+05:30,404.05,409.0,394.05,399.0,62936
2024-10-08 00:00:00+05:30,399.0,409.0,398.0,406.15,28292
2024-10-09 00:00:00+05:30,408.5,411.8,403.0,405.6,20285
2024-10-10 00:00:00+05:30,405.8,413.8,401.05,403.95,18936
2024-10-11 00:00:00+05:30,405.6,412.0,403.0,410.35,33365
2024-10-14 00:00:00+05:30,412.0,419.0,410.0,414.0,18939
2024-10-15 00:00:00+05:30,415.0,415.05,407.1,407.75,28522
2024-10-16 00:00:00+05:30,404.7,410.7,403.05,407.6,29494
2024-10-17 00:00:00+05:30,409.0,430.45,399.1,418.35,112735
2024-10-18 00:00:00+05:30,421.0,434.7,381.95,394.05,241650
2024-10-21 00:00:00+05:30,379.0,385.4,366.0,367.95,131285
2024-10-22 00:00:00+05:30,369.6,369.6,341.0,347.9,92292
2024-10-23 00:00:00+05:30,348.95,365.0,340.45,359.75,53962
2024-10-24 00:00:00+05:30,361.0,361.0,342.1,346.15,42494
2024-10-25 00:00:00+05:30,345.0,348.9,328.45,339.45,77008
2024-10-28 00:00:00+05:30,342.85,352.4,332.85,347.55,37862
2024-10-29 00:00:00+05:30,348.9,352.55,340.7,343.2,25940
2024-10-30 00:00:00+05:30,344.05,352.85,341.0,350.7,46279
2024-10-31 00:00:00+05:30,349.3,352.1,332.0,336.4,77350
2024-11-01 00:00:00+05:30,338.4,348.65,337.95,345.75,12902
2024-11-04 00:00:00+05:30,348.35,353.7,338.8,345.8,45857
2024-11-05 00:00:00+05:30,346.5,350.0,337.05,339.1,36051
2024-11-06 00:00:00+05:30,340.8,351.8,335.2,345.05,132597
2024-11-07 00:00:00+05:30,346.0,354.95,344.0,346.45,28861
2024-11-08 00:00:00+05:30,347.3,347.3,331.3,337.1,54639
2024-11-11 00:00:00+05:30,337.1,344.15,330.55,333.55,75918
2024-11-12 00:00:00+05:30,338.1,338.35,329.0,330.65,35646
2024-11-13 00:00:00+05:30,331.65,332.45,304.15,313.55,102351
2024-11-14 00:00:00+05:30,315.1,320.5,306.15,312.9,48565
2024-11-18 00:00:00+05:30,312.9,316.45,305.1,307.1,50412
2024-11-19 00:00:00+05:30,308.05,317.2,307.1,310.25,41717
2024-11-21 00:00:00+05:30,310.25,322.6,303.9,317.45,48228
2024-11-22 00:00:00+05:30,317.45,323.05,309.5,317.45,48461
2024-11-25 00:00:00+05:30,318.75,325.0,315.95,317.7,30375
2024-11-26 00:00:00+05:30,318.5,344.0,313.35,326.25,140987
2024-11-27 00:00:00+05:30,328.0,333.85,324.5,326.75,34467
2024-11-28 00:00:00+05:30,327.55,339.0,325.0,327.45,45353
2024-11-29 00:00:00+05:30,329.0,342.1,325.8,327.7,78646
2024-12-02 00:00:00+05:30,328.5,337.85,325.8,333.15,71362
2024-12-03 00:00:00+05:30,332.4,345.0,329.5,341.7,121586
2024-12-04 00:00:00+05:30,342.85,351.35,339.4,341.5,59840
2024-12-05 00:00:00+05:30,342.5,346.65,338.05,341.65,41486
2024-12-06 00:00:00+05:30,339.05,345.2,339.05,342.4,25600
2024-12-09 00:00:00+05:30,345.8,351.45,339.9,342.85,40772
2024-12-10 00:00:00+05:30,338.0,343.9,335.0,337.15,36897
2024-12-11 00:00:00+05:30,337.15,347.0,335.15,341.2,42057
2024-12-12 00:00:00+05:30,346.0,356.45,333.8,335.45,107041
2024-12-13 00:00:00+05:30,337.0,337.0,328.1,332.55,36764
2024-12-16 00:00:00+05:30,331.8,340.05,328.35,332.7,47642
2024-12-17 00:00:00+05:30,331.95,342.75,328.35,332.55,48913
2024-12-18 00:00:00+05:30,331.8,336.85,319.85,323.35,58562
2024-12-19 00:00:00+05:30,320.25,329.55,318.05,320.85,46178
2024-12-20 00:00:00+05:30,321.4,327.9,313.0,316.4,50728
2024-12-23 00:00:00+05:30,317.2,328.4,315.5,321.35,61035
2024-12-24 00:00:00+05:30,320.8,349.9,318.4,336.45,193272
2024-12-26 00:00:00+05:30,336.55,336.55,313.95,324.95,203045
2024-12-27 00:00:00+05:30,324.95,334.8,321.35,324.35,61678
2024-12-30 00:00:00+05:30,325.3,329.8,318.15,320.0,33031
2024-12-31 00:00:00+05:30,319.0,321.95,314.3,315.1,52136
2025-01-01 00:00:00+05:30,315.15,324.9,306.15,322.1,48755
2025-01-02 00:00:00+05:30,323.75,328.15,321.6,324.55,30353
2025-01-03 00:00:00+05:30,325.5,337.3,325.5,334.95,31498
2025-01-06 00:00:00+05:30,334.95,334.95,315.0,321.15,47133
2025-01-07 00:00:00+05:30,322.05,340.3,322.05,334.8,42988
2025-01-08 00:00:00+05:30,331.4,334.0,322.2,331.0,22795
2025-01-09 00:00:00+05:30,328.4,330.8,318.95,319.5,26296
2025-01-10 00:00:00+05:30,318.75,319.45,309.95,311.55,24287
2025-01-13 00:00:00+05:30,308.0,310.45,292.85,296.65,43604
2025-01-14 00:00:00+05:30,295.8,305.55,291.15,301.35,86091
2025-01-15 00:00:00+05:30,304.5,306.15,296.25,297.25,29946
2025-01-16 00:00:00+05:30,301.0,303.7,297.55,300.6,32352
2025-01-17 00:00:00+05:30,301.6,304.45,298.0,300.55,29108
2025-01-20 00:00:00+05:30,301.15,312.45,298.3,309.4,20880
2025-01-21 00:00:00+05:30,309.65,345.7,309.6,327.9,1362499
2025-01-22 00:00:00+05:30,326.55,326.55,294.15,300.2,216373
2025-01-23 00:00:00+05:30,298.8,310.35,295.6,297.6,86284
2025-01-24 00:00:00+05:30,299.0,302.2,275.3,280.85,144267
2025-01-27 00:00:00+05:30,280.0,280.0,250.5,253.6,127276
2025-01-28 00:00:00+05:30,260.0,266.5,248.55,252.1,175345
2025-01-29 00:00:00+05:30,251.25,265.65,251.25,254.75,99559
2025-01-30 00:00:00+05:30,256.05,262.1,252.85,254.95,77865
2025-01-31 00:00:00+05:30,256.3,261.5,253.4,258.15,66846
2025-02-01 00:00:00+05:30,261.65,263.05,256.0,258.15,31799
2025-02-03 00:00:00+05:30,258.15,267.05,253.3,259.15,76001
2025-02-04 00:00:00+05:30,263.3,272.0,257.8,268.15,68141
2025-02-05 00:00:00+05:30,267.15,309.9,261.25,279.0,691545
2025-02-06 00:00:00+05:30,280.05,316.4,280.05,299.15,649237
2025-02-07 00:00:00+05:30,298.5,317.1,291.95,299.0,305486
2025-02-10 00:00:00+05:30,302.0,302.0,286.25,290.75,52026
2025-02-11 00:00:00+05:30,290.75,293.1,274.05,281.5,48675
2025-02-12 00:00:00+05:30,282.0,283.75,271.05,282.0,74926
2025-02-13 00:00:00+05:30,282.0,290.0,277.0,279.5,51555
2025-02-14 00:00:00+05:30,279.5,279.5,251.75,267.3,124766
2025-02-17 00:00:00+05:30,269.95,278.9,260.3,277.6,71569
2025-02-18 00:00:00+05:30,274.2,291.75,273.35,288.8,115162
2025-02-19 00:00:00+05:30,284.45,298.55,278.75,295.55,108253
2025-02-20 00:00:00+05:30,296.3,312.0,294.85,308.25,129500
2025-02-21 00:00:00+05:30,306.1,315.05,300.0,305.4,52120
2025-02-24 00:00:00+05:30,300.8,302.35,291.5,299.15,46952
2025-02-25 00:00:00+05:30,296.1,307.1,295.1,304.75,73347
2025-02-27 00:00:00+05:30,301.25,304.35,293.0,300.0,100546
2025-02-28 00:00:00+05:30,297.35,298.45,280.35,285.05,40611
2025-03-03 00:00:00+05:30,285.75,293.45,273.95,281.4,98208
2025-03-04 00:00:00+05:30,277.2,293.85,276.15,278.0,47078
2025-03-05 00:00:00+05:30,276.3,289.45,273.1,274.85,104416
2025-03-06 00:00:00+05:30,275.65,279.3,268.3,269.95,85258
2025-03-07 00:00:00+05:30,271.3,276.8,267.25,270.6,84542
2025-03-10 00:00:00+05:30,268.75,273.9,260.55,263.05,52645
2025-03-11 00:00:00+05:30,259.1,265.2,252.75,258.35,94689
2025-03-12 00:00:00+05:30,256.5,262.6,246.6,249.3,75504
2025-03-13 00:00:00+05:30,250.0,276.35,248.25,263.8,243469
2025-03-17 00:00:00+05:30,265.1,267.95,254.8,258.1,130731
2025-03-18 00:00:00+05:30,258.35,261.75,248.85,252.45,167089
2025-03-19 00:00:00+05:30,255.85,264.0,255.8,261.75,115437
2025-03-20 00:00:00+05:30,263.5,268.95,261.4,263.45,162204
2025-03-21 00:00:00+05:30,266.05,287.5,266.05,276.45,259221
2025-03-24 00:00:00+05:30,276.0,282.9,268.0,271.35,81765
2025-03-25 00:00:00+05:30,271.35,285.0,270.6,279.9,215234
2025-03-26 00:00:00+05:30,277.1,292.0,273.35,276.85,179472
2025-03-27 00:00:00+05:30,276.6,278.25,258.0,259.95,134052
2025-03-28 00:00:00+05:30,263.85,265.45,250.15,252.0,109035
2025-04-01 00:00:00+05:30,254.0,262.9,250.0,257.9,66540
2025-04-02 00:00:00+05:30,257.9,268.1,251.55,266.7,43147
2025-04-03 00:00:00+05:30,265.5,265.5,256.75,257.8,41906
2025-04-04 00:00:00+05:30,256.5,258.6,242.1,243.8,78913
2025-04-07 00:00:00+05:30,230.05,234.95,206.0,208.25,244521
2025-04-08 00:00:00+05:30,213.2,221.15,209.05,218.8,92091
2025-04-09 00:00:00+05:30,218.8,218.8,210.1,217.05,42500
2025-04-11 00:00:00+05:30,225.0,235.0,221.15,230.45,64438
2025-04-15 00:00:00+05:30,233.0,248.0,233.0,246.2,78867
2025-04-16 00:00:00+05:30,244.0,249.7,242.0,245.65,27734
2025-04-17 00:00:00+05:30,243.0,256.8,239.9,250.25,50442
2025-04-21 00:00:00+05:30,252.75,259.8,252.75,254.6,47187
2025-04-22 00:00:00+05:30,255.05,256.85,248.95,252.45,30596
2025-04-23 00:00:00+05:30,254.95,278.25,253.5,271.3,273070
2025-04-24 00:00:00+05:30,272.0,274.5,267.05,272.0,52124
2025-04-25 00:00:00+05:30,270.0,270.65,255.3,258.45,44239
2025-04-28 00:00:00+05:30,257.0,263.95,252.95,262.35,16034
2025-04-29 00:00:00+05:30,261.05,262.4,253.45,254.9,22770
2025-04-30 00:00:00+05:30,250.15,254.95,248.55,250.7,23252
2025-05-02 00:00:00+05:30,251.95,258.0,246.6,249.5,40252
2025-05-05 00:00:00+05:30,249.5,254.75,246.0,251.0,17009
2025-05-06 00:00:00+05:30,253.8,254.2,239.05,240.9,36032
2025-05-07 00:00:00+05:30,239.7,241.75,233.25,234.25,52760
2025-05-08 00:00:00+05:30,236.65,252.95,236.65,240.3,63511
2025-05-09 00:00:00+05:30,233.25,241.5,227.05,231.15,40739
2025-05-12 00:00:00+05:30,235.0,249.0,234.95,245.85,42424
2025-05-13 00:00:00+05:30,249.5,256.0,245.8,253.7,44521
2025-05-14 00:00:00+05:30,255.0,259.4,252.4,255.55,17551
2025-05-15 00:00:00+05:30,255.55,270.0,253.6,265.8,67344
2025-05-16 00:00:00+05:30,271.0,318.95,265.05,313.0,1234349
2025-05-19 00:00:00+05:30,313.0,329.65,282.8,295.05,548869
2025-05-20 00:00:00+05:30,284.0,298.5,284.0,292.9,80095
2025-05-21 00:00:00+05:30,296.0,307.85,281.55,290.9,188244
2025-05-22 00:00:00+05:30,287.0,291.1,286.4,288.5,39831
2025-05-23 00:00:00+05:30,287.1,303.0,287.1,296.35,120528
2025-05-26 00:00:00+05:30,299.9,309.5,297.0,304.4,123425
2025-05-27 00:00:00+05:30,303.0,303.6,296.85,301.15,53003
2025-05-28 00:00:00+05:30,302.95,303.0,295.0,296.35,29681
2025-05-29 00:00:00+05:30,298.65,302.55,295.6,297.1,27549
2025-05-30 00:00:00+05:30,297.4,301.7,293.8,296.3,43196
2025-06-02 00:00:00+05:30,298.95,319.0,292.35,310.25,284228
2025-06-03 00:00:00+05:30,310.0,313.0,302.0,303.75,63045
2025-06-04 00:00:00+05:30,303.75,307.3,292.55,294.05,77869
2025-06-05 00:00:00+05:30,295.55,299.55,293.3,294.35,51275
2025-06-06 00:00:00+05:30,297.3,297.35,293.25,296.5,33699
2025-06-09 00:00:00+05:30,299.85,333.95,299.85,323.45,811544
2025-06-10 00:00:00+05:30,326.8,337.8,323.8,326.9,334433
2025-06-11 00:00:00+05:30,326.5,330.05,316.7,322.6,149501
2025-06-12 00:00:00+05:30,325.85,326.0,312.65,315.6,70181
2025-06-13 00:00:00+05:30,310.0,323.8,306.1,314.6,65661
2025-06-16 00:00:00+05:30,310.3,316.65,302.55,313.45,66105
2025-06-17 00:00:00+05:30,313.45,316.25,306.0,306.3,28919
2025-06-18 00:00:00+05:30,306.5,312.75,303.2,305.5,43121
2025-06-19 00:00:00+05:30,305.5,307.2,296.5,297.7,37780
2025-06-20 00:00:00+05:30,300.15,314.75,297.6,310.85,52911
2025-06-23 00:00:00+05:30,306.0,312.6,301.3,309.6,53350
2025-06-24 00:00:00+05:30,310.85,318.45,302.5,305.5,56486
2025-06-25 00:00:00+05:30,308.55,334.45,308.2,330.15,147377
2025-06-26 00:00:00+05:30,338.0,377.7,332.0,370.8,2423424
2025-06-27 00:00:00+05:30,366.0,368.75,356.0,358.5,396890
2025-06-30 00:00:00+05:30,360.2,362.05,342.35,346.85,96737
2025-07-01 00:00:00+05:30,346.85,356.5,335.0,340.5,41969
2025-07-02 00:00:00+05:30,339.0,350.0,330.0,333.8,43250
2025-07-03 00:00:00+05:30,333.8,342.0,328.5,333.25,30671
2025-07-04 00:00:00+05:30,333.25,344.0,333.25,334.5,23139
2025-07-07 00:00:00+05:30,335.5,338.9,318.3,322.4,22432
2025-07-08 00:00:00+05:30,326.4,326.4,306.3,314.3,32228
2025-07-09 00:00:00+05:30,310.6,329.9,308.0,325.35,34477
2025-07-10 00:00:00+05:30,326.0,341.6,320.7,341.6,64533
2025-07-11 00:00:00+05:30,341.6,350.0,330.0,339.75,24294
2025-07-14 00:00:00+05:30,339.85,348.8,327.1,344.7,31819
2025-07-15 00:00:00+05:30,345.0,361.9,345.0,361.9,89666
2025-07-16 00:00:00+05:30,375.0,379.95,350.0,379.95,170241
2025-07-17 00:00:00+05:30,385.0,385.0,372.35,372.35,103825
2025-07-18 00:00:00+05:30,364.9,364.9,364.9,364.9,7525
2025-07-21 00:00:00+05:30,357.6,357.6,357.6,357.6,34001
2025-07-22 00:00:00+05:30,350.45,350.45,350.45,350.45,13620
2025-07-23 00:00:00+05:30,344.0,344.0,343.45,343.45,8464
2025-07-24 00:00:00+05:30,343.45,345.1,343.45,344.0,12850
2025-07-25 00:00:00+05:30,342.0,342.0,337.15,337.15,6217
2025-07-28 00:00:00+05:30,330.4,330.4,330.4,330.4,7947
2025-07-29 00:00:00+05:30,329.5,329.5,323.8,329.0,27290
2025-07-30 00:00:00+05:30,327.0,329.0,322.5,329.0,6615
2025-07-31 00:00:00+05:30,330.0,335.55,330.0,335.55,7949
2025-08-01 00:00:00+05:30,336.6,338.25,336.6,337.0,4647
2025-08-04 00:00:00+05:30,337.0,343.7,337.0,341.0,5566
2025-08-05 00:00:00+05:30,340.0,340.0,334.2,334.2,7906
2025-08-06 00:00:00+05:30,327.55,327.55,327.55,327.55,1372
2025-08-07 00:00:00+05:30,321.0,321.0,321.0,321.0,6268
2025-08-08 00:00:00+05:30,321.0,321.3,318.9,318.9,7302
2025-08-11 00:00:00+05:30,318.9,318.9,315.0,315.0,6303
2025-08-12 00:00:00+05:30,310.0,313.0,310.0,313.0,11975
2025-08-13 00:00:00+05:30,306.75,319.15,306.75,319.15,13032
2025-08-14 00:00:00+05:30,314.95,314.95,312.8,314.95,20159
2025-08-18 00:00:00+05:30,313.0,316.1,312.0,316.1,4401
2025-08-19 00:00:00+05:30,315.1,322.4,315.1,322.4,7279
2025-08-20 00:00:00+05:30,328.8,328.8,328.8,328.8,9119
2025-08-21 00:00:00+05:30,335.35,335.35,335.35,335.35,6794
2025-08-22 00:00:00+05:30,335.35,342.0,335.35,338.0,17495
2025-08-25 00:00:00+05:30,348.6,348.6,321.2,328.6,29568
2025-08-26 00:00:00+05:30,325.0,331.0,315.0,318.9,26650
2025-08-28 00:00:00+05:30,310.95,328.95,310.95,325.1,10457
2025-08-29 00:00:00+05:30,323.0,341.35,309.0,337.25,46606
2025-09-01 00:00:00+05:30,330.0,353.0,329.0,341.2,30419
2025-09-02 00:00:00+05:30,340.0,345.0,330.0,340.0,24800
2025-09-03 00:00:00+05:30,330.15,357.0,330.15,338.95,16474
2025-09-04 00:00:00+05:30,333.0,343.5,330.0,336.05,33020
2025-09-05 00:00:00+05:30,334.0,338.0,322.25,331.7,13439
2025-09-08 00:00:00+05:30,330.05,335.9,318.0,324.85,22509
2025-09-09 00:00:00+05:30,324.85,325.95,315.0,319.4,25358
2025-09-10 00:00:00+05:30,319.4,325.0,316.0,321.9,15264
2025-09-11 00:00:00+05:30,321.9,322.0,315.1,320.05,8337
2025-09-12 00:00:00+05:30,319.0,322.0,312.6,319.55,17752
2025-09-15 00:00:00+05:30,320.95,320.95,310.25,317.4,17319
2025-09-16 00:00:00+05:30,314.75,316.9,305.0,309.1,24975
2025-09-17 00:00:00+05:30,308.45,314.0,305.1,310.15,18722
2025-09-18 00:00:00+05:30,309.0,320.9,308.0,318.35,16824
2025-09-19 00:00:00+05:30,323.65,323.65,312.65,315.65,13853
2025-09-22 00:00:00+05:30,315.65,318.7,308.55,310.1,17035
2025-09-23 00:00:00+05:30,308.55,311.65,305.65,309.25,10569
2025-09-24 00:00:00+05:30,306.7,309.4,296.5,298.6,23014
2025-09-25 00:00:00+05:30,300.9,301.45,290.05,294.1,16834
2025-09-26 00:00:00+05:30,295.5,298.85,286.35,290.3,16007
2025-09-29 00:00:00+05:30,290.3,292.5,282.5,290.5,4537
2025-09-30 00:00:00+05:30,290.5,292.0,286.05,288.05,4419
2025-10-01 00:00:00+05:30,288.85,297.25,286.1,294.85,4515
2025-10-03 00:00:00+05:30,290.5,299.85,286.15,296.75,11876
2025-10-06 00:00:00+05:30,304.0,348.6,304.0,319.95,264912
2025-10-07 00:00:00+05:30,319.7,337.45,312.8,320.3,217374
2025-10-08 00:00:00+05:30,320.0,325.1,315.0,316.55,26704
2025-10-09 00:00:00+05:30,318.0,319.65,298.35,302.8,59415
2025-10-10 00:00:00+05:30,302.8,320.0,302.75,314.6,48984
2025-10-13 00:00:00+05:30,317.35,317.35,303.0,306.9,23161
2025-10-14 00:00:00+05:30,314.7,315.35,305.0,308.4,19280
2025-10-15 00:00:00+05:30,304.95,320.0,304.95,311.95,38964
2025-10-16 00:00:00+05:30,313.8,323.7,310.6,311.85,33539
2025-10-17 00:00:00+05:30,313.0,335.0,300.0,306.45,427779
2025-10-20 00:00:00+05:30,310.9,319.5,303.65,308.75,63909
2025-10-21 00:00:00+05:30,314.85,319.85,311.45,315.5,29209
2025-10-23 00:00:00+05:30,319.85,328.2,310.4,315.95,67612
2025-10-24 00:00:00+05:30,316.45,321.35,310.0,321.35,33541
2025-10-27 00:00:00+05:30,321.05,323.5,318.0,320.0,52156
2025-10-28 00:00:00+05:30,320.25,322.0,314.05,318.8,52750
2025-10-29 00:00:00+05:30,318.8,321.45,302.3,304.8,53351
2025-10-30 00:00:00+05:30,306.95,315.0,302.4,303.45,73569
2025-10-31 00:00:00+05:30,302.5,308.0,302.0,304.25,39153
2025-11-03 00:00:00+05:30,304.25,305.95,299.5,299.55,33109
2025-11-04 00:00:00+05:30,301.05,305.0,299.25,300.9,27530
2025-11-06 00:00:00+05:30,301.25,301.3,290.75,295.3,43596
2025-11-07 00:00:00+05:30,295.3,299.95,288.85,295.7,19558
2025-11-10 00:00:00+05:30,292.55,300.75,287.1,289.0,23332
2025-11-11 00:00:00+05:30,297.0,297.0,286.8,290.0,16048
2025-11-12 00:00:00+05:30,287.25,294.9,287.25,289.25,19142
2025-11-13 00:00:00+05:30,290.95,297.4,281.5,282.1,34443
2025-11-14 00:00:00+05:30,285.0,288.75,283.15,285.9,9867
2025-11-17 00:00:00+05:30,283.2,290.8,283.2,288.0,16344
2025-11-18 00:00:00+05:30,292.4,292.4,286.0,286.0,7266
2025-11-19 00:00:00+05:30,286.65,290.2,283.5,284.5,68246
2025-11-20 00:00:00+05:30,285.1,287.45,272.5,274.4,66416
2025-11-21 00:00:00+05:30,274.4,300.15,273.05,281.85,191979
2025-11-24 00:00:00+05:30,281.0,283.9,270.1,271.25,81698
2025-11-25 00:00:00+05:30,270.1,278.25,270.1,270.5,20675
2025-11-26 00:00:00+05:30,273.0,297.2,272.1,289.05,58544
2025-11-27 00:00:00+05:30,291.35,294.9,284.15,294.0,25234
2025-11-28 00:00:00+05:30,291.05,291.05,282.0,283.5,15454
2025-12-01 00:00:00+05:30,284.95,285.8,275.0,283.9,27535
2025-12-02 00:00:00+05:30,282.6,289.0,279.2,285.65,10769
2025-12-03 00:00:00+05:30,283.35,288.0,281.0,288.0,13043
2025-12-04 00:00:00+05:30,282.0,295.05,282.0,287.0,21221
2025-12-05 00:00:00+05:30,287.45,290.15,284.0,286.0,14936
2025-12-08 00:00:00+05:30,291.0,291.0,274.05,280.0,21754
2025-12-09 00:00:00+05:30,284.7,286.0,274.15,280.0,16846
2025-12-10 00:00:00+05:30,280.2,287.65,272.85,275.0,34971
2025-12-11 00:00:00+05:30,276.4,283.85,272.5,275.75,17649
2025-12-12 00:00:00+05:30,275.75,281.5,275.75,278.6,13599
2025-12-15 00:00:00+05:30,277.55,278.45,273.95,274.0,10615
2025-12-16 00:00:00+05:30,272.0,276.85,271.55,275.0,13465
2025-12-17 00:00:00+05:30,277.8,277.8,262.6,266.45,49956
2025-12-18 00:00:00+05:30,266.45,270.0,261.05,262.5,27246
2025-12-19 00:00:00+05:30,262.5,272.45,262.5,270.0,20283
2025-12-22 00:00:00+05:30,275.9,276.6,270.95,272.0,36148
2025-12-23 00:00:00+05:30,277.0,285.0,273.3,278.0,27678
2025-12-24 00:00:00+05:30,275.0,279.6,272.0,273.3,16958
2025-12-26 00:00:00+05:30,270.1,277.2,270.1,276.6,15490
2025-12-29 00:00:00+05:30,278.0,294.5,275.0,284.85,71055
2025-12-30 00:00:00+05:30,284.85,288.5,278.25,288.5,23812
2025-12-31 00:00:00+05:30,280.0,288.95,280.0,286.0,21311
2026-01-01 00:00:00+05:30,282.0,297.2,282.0,294.0,31079
2026-01-02 00:00:00+05:30,294.0,306.0,292.0,303.0,49826
2026-01-05 00:00:00+05:30,294.0,308.55,294.0,305.75,43781
2026-01-06 00:00:00+05:30,305.9,305.9,292.6,292.7,26963
2026-01-07 00:00:00+05:30,295.95,313.9,295.0,303.0,153711
2026-01-08 00:00:00+05:30,302.9,304.2,296.5,299.0,48226
2026-01-09 00:00:00+05:30,296.1,304.45,293.8,296.0,28449
2026-01-12 00:00:00+05:30,290.7,302.75,283.15,298.0,40028
2026-01-13 00:00:00+05:30,297.25,307.0,295.4,305.45,37270
2026-01-14 00:00:00+05:30,305.05,318.9,301.75,311.8,59125
2026-01-16 00:00:00+05:30,311.8,335.0,295.1,318.9,426391
2026-01-19 00:00:00+05:30,315.0,320.0,301.3,316.5,92301
2026-01-20 00:00:00+05:30,316.5,318.0,308.8,311.4,45747
2026-01-21 00:00:00+05:30,310.0,316.5,297.55,303.75,52917
2026-01-22 00:00:00+05:30,305.75,316.0,304.2,312.15,58277
2026-01-23 00:00:00+05:30,312.15,313.3,301.3,301.35,27959
2026-01-27 00:00:00+05:30,295.0,312.85,294.4,305.95,45716
2026-01-28 00:00:00+05:30,304.8,313.15,303.6,306.7,23987
2026-01-29 00:00:00+05:30,305.15,313.1,303.65,309.4,23377
2026-01-30 00:00:00+05:30,304.8,330.0,304.8,325.4,71719
2026-02-01 00:00:00+05:30,323.8,355.0,323.75,348.0,320404
2026-02-02 00:00:00+05:30,345.0,345.0,312.4,324.25,95707
2026-02-03 00:00:00+05:30,337.8,345.4,320.0,340.35,132004
2026-02-04 00:00:00+05:30,336.4,336.4,315.4,320.15,153274
2026-02-05 00:00:00+05:30,320.0,321.0,312.05,316.85,73723
2026-02-06 00:00:00+05:30,312.1,325.0,311.0,322.35,33387
2026-02-09 00:00:00+05:30,328.75,329.4,316.05,323.7,42854
2026-02-10 00:00:00+05:30,325.0,329.35,316.9,318.2,46576
2026-02-11 00:00:00+05:30,319.6,323.0,312.05,317.65,51353
2026-02-12 00:00:00+05:30,314.0,319.0,304.75,308.1,61287
2026-02-13 00:00:00+05:30,281.05,305.5,281.05,290.25,109577
2026-02-16 00:00:00+05:30,291.9,291.9,275.0,277.6,60654
2026-02-17 00:00:00+05:30,273.25,293.0,271.7,289.6,59039
2026-02-18 00:00:00+05:30,292.0,299.9,288.5,298.15,54465
2026-02-19 00:00:00+05:30,296.65,302.3,290.65,295.45,35477
2026-02-20 00:00:00+05:30,292.1,296.8,291.05,293.25,12715
2026-02-23 00:00:00+05:30,294.3,301.2,272.1,276.4,205199
2026-02-24 00:00:00+05:30,274.9,278.95,263.35,267.55,75306
2026-02-25 00:00:00+05:30,267.0,273.35,266.0,267.35,33201
2026-02-26 00:00:00+05:30,270.0,278.85,266.0,275.1,39629
2026-02-27 00:00:00+05:30,275.1,278.7,271.0,272.65,24281
2026-03-02 00:00:00+05:30,262.3,270.0,255.1,266.1,52809
2026-03-04 00:00:00+05:30,262.6,265.4,257.1,258.4,54668
2026-03-05 00:00:00+05:30,259.0,268.35,247.65,252.8,72530
2026-03-06 00:00:00+05:30,252.8,265.0,248.2,250.2,50144
2026-03-09 00:00:00+05:30,251.5,252.0,234.85,238.7,74594
2026-03-10 00:00:00+05:30,239.05,249.9,239.05,247.6,29176
2026-03-11 00:00:00+05:30,246.35,258.5,245.7,251.2,47535
2026-03-12 00:00:00+05:30,247.45,255.6,245.3,252.4,29735
2026-03-13 00:00:00+05:30,252.4,252.4,234.1,235.35,89619
2026-03-16 00:00:00+05:30,241.3,241.3,219.55,231.4,113546
2026-03-17 00:00:00+05:30,235.65,238.3,228.3,229.1,61052
2026-03-18 00:00:00+05:30,230.0,254.75,229.95,248.3,93545
2026-03-19 00:00:00+05:30,249.55,256.7,233.0,237.5,43096
2026-03-20 00:00:00+05:30,237.05,247.75,235.3,238.8,44823
2026-03-23 00:00:00+05:30,234.7,235.25,219.05,221.55,124373
2026-03-24 00:00:00+05:30,226.9,233.8,223.8,231.2,47831
2026-03-25 00:00:00+05:30,231.2,254.7,231.2,239.25,269889
2026-03-27 00:00:00+05:30,239.05,239.05,222.05,225.2,105733
2026-03-30 00:00:00+05:30,221.25,224.4,208.25,210.15,81820
2026-04-01 00:00:00+05:30,210.15,231.95,210.15,225.6,128121
2026-04-02 00:00:00+05:30,225.5,235.8,211.05,230.44,122514
2026-04-06 00:00:00+05:30,228.8,236.69,224.51,234.41,34353
2026-04-07 00:00:00+05:30,234.0,240.0,233.0,238.9,19509
2026-04-08 00:00:00+05:30,246.0,255.04,243.23,252.86,57214
2026-04-09 00:00:00+05:30,252.86,254.79,243.2,245.63,33284
2026-04-10 00:00:00+05:30,249.63,254.0,245.06,251.48,48759
2026-04-13 00:00:00+05:30,248.9,254.56,239.5,251.32,21265
2026-04-15 00:00:00+05:30,257.0,270.0,254.01,266.6,60154
2026-04-16 00:00:00+05:30,270.35,273.0,253.88,259.47,36355
2026-04-17 00:00:00+05:30,263.39,265.0,248.0,252.7,66214
2026-04-20 00:00:00+05:30,256.0,256.0,243.35,245.16,37796
2026-04-21 00:00:00+05:30,247.99,250.01,244.17,247.45,22989
2026-04-22 00:00:00+05:30,250.0,250.0,242.85,246.83,20612
2026-04-23 00:00:00+05:30,248.88,248.88,239.85,240.67,24259
2026-04-24 00:00:00+05:30,240.67,243.38,233.8,236.72,28511
2026-04-27 00:00:00+05:30,240.0,243.0,231.91,240.05,29404
2026-04-28 00:00:00+05:30,239.0,246.59,235.0,236.87,41178
2026-04-29 00:00:00+05:30,232.66,242.0,232.66,237.7,12978
2026-04-30 00:00:00+05:30,234.1,244.0,232.65,242.63,41649
2026-05-04 00:00:00+05:30,256.0,268.0,251.0,253.31,431514
2026-05-05 00:00:00+05:30,250.11,257.64,231.1,243.4,353759
2026-05-06 00:00:00+05:30,247.0,249.5,236.5,244.84,159355
2026-05-07 00:00:00+05:30,247.0,254.0,241.61,248.95,116402
2026-05-08 00:00:00+05:30,255.0,280.0,255.0,276.27,1076184
2026-05-11 00:00:00+05:30,277.0,282.28,269.99,273.59,208387
2026-05-12 00:00:00+05:30,273.5,280.0,264.02,265.71,271673
2026-05-13 00:00:00+05:30,271.0,272.7,265.02,270.26,95430
2026-05-14 00:00:00+05:30,273.9,279.0,265.1,266.94,158636
2026-05-15 00:00:00+05:30,272.0,275.3,264.01,271.17,227160
2026-05-18 00:00:00+05:30,261.01,264.0,249.0,250.96,75514
2026-05-19 00:00:00+05:30,252.35,262.0,250.0,258.17,45037
2026-05-20 00:00:00+05:30,256.2,261.34,252.86,260.06,18452
2026-05-21 00:00:00+05:30,263.95,263.96,257.51,260.17,21791
2026-05-22 00:00:00+05:30,263.5,266.5,257.18,261.45,44195
2026-05-25 00:00:00+05:30,265.37,272.75,259.0,270.12,56057
2026-05-26 00:00:00+05:30,270.12,277.49,270.12,271.88,64610
2026-05-27 00:00:00+05:30,271.88,272.39,266.71,268.97,23769
2026-05-29 00:00:00+05:30,268.97,272.4,262.2,264.87,41250
2026-06-01 00:00:00+05:30,261.65,274.0,256.6,259.95,47179
2026-06-02 00:00:00+05:30,259.75,272.55,255.1,269.25,55222
2026-06-03 00:00:00+05:30,267.1,271.0,258.0,259.8,53550
2026-06-04 00:00:00+05:30,261.1,262.45,256.25,257.9,103382
2026-06-05 00:00:00+05:30,255.0,260.95,251.9,255.1,175937
2026-06-08 00:00:00+05:30,252.15,259.2,252.15,258.2,67033
2026-06-09 00:00:00+05:30,259.2,264.6,254.05,255.75,28562
2026-06-10 00:00:00+05:30,257.3,260.9,251.0,252.95,36916
2026-06-11 00:00:00+05:30,248.55,253.45,247.3,250.2,30736
2026-06-12 00:00:00+05:30,253.95,257.1,246.35,248.15,37016
2026-06-15 00:00:00+05:30,253.9,255.85,245.0,252.55,47056
2026-06-16 00:00:00+05:30,251.3,258.95,250.5,251.85,54383
2026-06-17 00:00:00+05:30,252.0,261.0,251.85,257.4,48045
2026-06-18 00:00:00+05:30,261.0,261.0,254.6,256.4,34850
2026-06-19 00:00:00+05:30,256.4,260.15,249.7,256.8,36123
2026-06-22 00:00:00+05:30,254.45,270.4,254.45,263.1,99260
2026-06-23 00:00:00+05:30,263.0,265.2,255.7,258.1,24372
2026-06-24 00:00:00+05:30,258.85,273.9,255.95,268.4,100913
2026-06-25 00:00:00+05:30,272.0,310.9,268.05,284.7,10680239
2026-06-29 00:00:00+05:30,288.1,297.0,280.7,287.0,973643
2026-06-30 00:00:00+05:30,286.75,289.95,281.9,286.25,108609
2026-07-01 00:00:00+05:30,289.4,294.0,286.45,289.15,119953
2026-07-02 00:00:00+05:30,289.9,294.0,286.75,292.15,144254
2026-07-03 00:00:00+05:30,287.0,289.55,278.55,281.15,93983
2026-07-06 00:00:00+05:30,280.6,283.65,272.0,281.05,84990
2026-07-07 00:00:00+05:30,281.05,285.3,276.45,279.6,40100
2026-07-08 00:00:00+05:30,276.0,288.9,276.0,278.25,63444
2026-07-09 00:00:00+05:30,279.6,286.95,273.95,280.2,50856
2026-07-10 00:00:00+05:30,278.0,288.95,278.0,284.4,44931
2026-07-13 00:00:00+05:30,284.75,294.35,282.3,290.45,84692
2026-07-14 00:00:00+05:30,289.75,299.8,279.55,284.65,87237
2026-07-15 00:00:00+05:30,282.0,289.95,277.5,283.6,68247
2026-07-16 00:00:00+05:30,287.0,308.85,277.0,288.2,5260405
2026-07-17 00:00:00+05:30,282.0,288.7,277.15,285.8,229348
2026-07-20 00:00:00+05:30,280.35,282.9,269.35,273.35,146338
2026-07-21 00:00:00+05:30,274.9,301.95,271.1,292.15,624810
2026-07-22 00:00:00+05:30,290.0,291.65,283.0,284.65,95272
2026-07-23 00:00:00+05:30,287.05,294.4,280.1,291.45,113968
2026-07-24 00:00:00+05:30,292.0,293.95,282.0,290.65,60942
2026-07-27 00:00:00+05:30,294.0,305.0,291.1,292.75,178828
2026-07-28 00:00:00+05:30,291.25,304.9,289.2,296.3,312201
2026-07-29 00:00:00+05:30,296.0,305.8,294.0,297.85,248193
2026-07-30 00:00:00+05:30,298.9,300.45,290.0,293.95,50998
2026-07-31 00:00:00+05:30,296.55,296.55,290.55,292.1,41615
2026-08-03 00:00:00+05:30,294.9,297.35,290.0,293.85,49531
2026-08-04 00:00:00+05:30,291.3,293.4,288.0,289.95,26045
2026-08-05 00:00:00+05:30,291.4,291.4,279.0,281.55,49380
2026-08-06 00:00:00+05:30,275.0,285.45,275.0,278.6,81147
2026-08-07 00:00:00+05:30,278.6,292.0,278.6,290.7,72813
2026-08-10 00:00:00+05:30,292.1,292.1,283.65,284.75,20822
2026-08-11 00:00:00+05:30,288.2,288.35,283.6,286.05,24291
2026-08-12 00:00:00+05:30,287.75,289.25,279.15,285.9,27332
2026-08-13 00:00:00+05:30,287.55,288.7,284.05,287.4,18732
2026-08-14 00:00:00+05:30,289.5,289.5,280.45,284.05,17108
2026-08-17 00:00:00+05:30,284.0,289.3,282.2,286.75,29858
2026-08-18 00:00:00+05:30,286.75,286.8,282.0,283.65,14701
2026-08-19 00:00:00+05:30,282.1,284.7,280.5,282.4,14293
2026-08-20 00:00:00+05:30,281.65,295.2,281.65,292.25,50388
2026-08-21 00:00:00+05:30,292.5,292.75,284.5,285.5,30705
2026-08-24 00:00:00+05:30,285.5,290.4,282.5,286.3,14752
2026-08-25 00:00:00+05:30,284.9,287.15,281.85,284.5,22716
2026-08-26 00:00:00+05:30,284.9,288.5,283.0,283.4,25482
2026-08-27 00:00:00+05:30,283.05,294.35,283.05,285.6,39930
2026-08-28 00:00:00+05:30,286.15,291.2,285.0,287.2,24765
2026-08-31 00:00:00+05:30,285.0,294.0,284.05,289.75,57308
2026-09-01 00:00:00+05:30,291.45,292.5,281.55,283.9,27299
2026-09-02 00:00:00+05:30,281.1,286.0,277.5,284.55,26315
2026-09-03 00:00:00+05:30,284.55,286.95,281.15,283.3,24237
2026-09-04 00:00:00+05:30,283.3,288.0,280.0,284.35,37115
2026-09-07 00:00:00+05:30,280.0,286.45,280.0,283.85,27744
2026-09-08 00:00:00+05:30,283.85,292.0,282.35,286.3,48760
2026-09-09 00:00:00+05:30,285.75,290.0,280.3,285.75,35966
2026-09-10 00:00:00+05:30,282.15,298.0,282.15,288.65,55205
2026-09-11 00:00:00+05:30,287.15,287.15,281.0,283.65,13987
2026-09-15 00:00:00+05:30,283.65,290.0,280.1,281.55,20077
2026-09-16 00:00:00+05:30,280.5,288.9,274.8,278.6,16389
2026-09-17 00:00:00+05:30,282.0,303.0,276.05,291.75,72827
2026-09-18 00:00:00+05:30,289.9,297.0,286.05,287.2,13769
2026-09-21 00:00:00+05:30,287.2,295.0,282.25,290.05,43217
2026-09-22 00:00:00+05:30,293.9,297.0,284.95,286.6,26976
2026-09-23 00:00:00+05:30,287.2,296.0,287.0,294.0,33949
2026-09-24 00:00:00+05:30,288.1,291.35,284.9,287.25,15168
2026-09-25 00:00:00+05:30,287.7,291.0,285.1,291.0,7246
