Date,Open,High,Low,Close,Volume
2001-12-26 00:00:00+05:30,4.8,4.8,4.05,4.55,8469
2001-12-27 00:00:00+05:30,4.75,4.75,4.5,4.5,7697
2001-12-28 00:00:00+05:30,5.25,5.25,4.45,4.65,6331
2001-12-31 00:00:00+05:30,4.35,4.85,4.35,4.8,3685
2002-01-01 00:00:00+05:30,4.5,4.95,4.5,4.8,8100
2002-01-02 00:00:00+05:30,4.65,4.85,4.65,4.65,4048
2002-01-03 00:00:00+05:30,4.6,4.85,4.6,4.7,15699
2002-01-04 00:00:00+05:30,5.1,5.1,4.65,4.75,9815
2002-01-07 00:00:00+05:30,5.5,5.5,4.75,4.9,8178
2002-01-08 00:00:00+05:30,5.35,5.35,4.6,4.8,7694
2002-01-09 00:00:00+05:30,5.15,5.15,4.65,4.7,10576
2002-01-10 00:00:00+05:30,4.65,4.75,4.6,4.6,13175
2002-01-11 00:00:00+05:30,5.5,5.5,4.4,4.55,17567
2002-01-14 00:00:00+05:30,4.85,4.85,4.25,4.55,19691
2002-01-15 00:00:00+05:30,4.9,4.9,4.45,4.5,16592
2002-01-16 00:00:00+05:30,4.9,4.9,4.4,4.55,6042
2002-01-17 00:00:00+05:30,4.85,4.85,4.4,4.55,14483
2002-01-18 00:00:00+05:30,4.6,4.7,4.5,4.55,18764
2002-01-21 00:00:00+05:30,4.75,4.75,4.6,4.6,7553
2002-01-22 00:00:00+05:30,4.6,4.75,4.5,4.5,13341
2002-01-23 00:00:00+05:30,4.6,4.7,4.5,4.55,6355
2002-01-24 00:00:00+05:30,4.95,4.95,4.35,4.5,20980
2002-01-25 00:00:00+05:30,4.45,4.55,4.3,4.55,52223
2002-01-28 00:00:00+05:30,4.55,4.65,4.5,4.55,4015
2002-01-29 00:00:00+05:30,5.2,5.2,4.5,4.7,10412
2002-01-30 00:00:00+05:30,5.35,5.35,4.5,4.95,18148
2002-01-31 00:00:00+05:30,4.5,5.0,4.5,5.0,21898
2002-02-01 00:00:00+05:30,5.15,5.15,4.85,4.9,6150
2002-02-04 00:00:00+05:30,5.0,5.0,4.85,4.9,12326
2002-02-05 00:00:00+05:30,4.85,4.9,4.7,4.8,6586
2002-02-06 00:00:00+05:30,4.5,4.8,4.5,4.8,13093
2002-02-07 00:00:00+05:30,4.65,4.85,4.65,4.75,15569
2002-02-08 00:00:00+05:30,4.85,5.0,4.75,4.95,12421
2002-02-11 00:00:00+05:30,5.25,5.45,4.95,5.35,31482
2002-02-12 00:00:00+05:30,5.25,5.65,5.25,5.3,32208
2002-02-13 00:00:00+05:30,5.25,5.45,5.15,5.25,17935
2002-02-14 00:00:00+05:30,6.0,6.0,5.15,5.65,27510
2002-02-15 00:00:00+05:30,5.8,6.0,5.5,5.95,41067
2002-02-18 00:00:00+05:30,6.0,6.9,6.0,6.65,74811
2002-02-19 00:00:00+05:30,6.9,6.9,6.3,6.4,45866
2002-02-20 00:00:00+05:30,6.4,6.45,5.75,5.95,19503
2002-02-21 00:00:00+05:30,6.0,6.0,5.55,5.95,16023
2002-02-22 00:00:00+05:30,5.85,6.1,5.75,5.75,49600
2002-02-25 00:00:00+05:30,5.8,5.9,5.7,5.8,15094
2002-02-26 00:00:00+05:30,5.6,5.85,5.5,5.7,16915
2002-02-27 00:00:00+05:30,5.65,5.8,5.55,5.7,24120
2002-02-28 00:00:00+05:30,5.75,6.2,5.4,5.45,93075
2002-03-01 00:00:00+05:30,5.45,5.5,5.15,5.4,8340
2002-03-04 00:00:00+05:30,5.2,5.55,5.1,5.15,13584
2002-03-05 00:00:00+05:30,5.15,5.25,5.05,5.1,18108
2002-03-06 00:00:00+05:30,4.95,5.45,4.95,5.25,24480
2002-03-07 00:00:00+05:30,6.25,6.25,5.05,5.15,11814
2002-03-08 00:00:00+05:30,6.15,6.15,5.0,5.1,11406
2002-03-11 00:00:00+05:30,6.1,6.1,5.05,5.1,8064
2002-03-12 00:00:00+05:30,6.1,6.1,4.9,5.0,9820
2002-03-13 00:00:00+05:30,5.85,5.85,4.7,5.0,5917
2002-03-14 00:00:00+05:30,6.0,6.0,4.9,4.95,30391
2002-03-15 00:00:00+05:30,5.85,5.85,4.85,4.9,9395
2002-03-18 00:00:00+05:30,5.45,5.45,4.8,4.9,12365
2002-03-19 00:00:00+05:30,5.8,5.8,4.4,4.85,22232
2002-03-20 00:00:00+05:30,5.5,5.5,4.65,4.7,70868
2002-03-21 00:00:00+05:30,4.75,4.8,4.5,4.7,25832
2002-03-22 00:00:00+05:30,5.55,5.55,4.65,4.7,9587
2002-03-26 00:00:00+05:30,4.85,5.0,4.45,4.5,14246
2002-03-27 00:00:00+05:30,4.9,4.95,4.5,4.55,14869
2002-03-28 00:00:00+05:30,5.0,5.0,4.55,4.6,10394
2002-04-01 00:00:00+05:30,4.6,4.9,4.55,4.75,24843
2002-04-02 00:00:00+05:30,4.65,4.8,4.6,4.75,6583
2002-04-03 00:00:00+05:30,4.6,4.75,4.6,4.65,6954
2002-04-04 00:00:00+05:30,4.7,4.75,4.65,4.75,4400
2002-04-05 00:00:00+05:30,4.75,4.9,4.6,4.7,12896
2002-04-08 00:00:00+05:30,4.75,5.6,4.65,5.3,77181
2002-04-09 00:00:00+05:30,5.95,5.95,5.1,5.35,25382
2002-04-10 00:00:00+05:30,5.25,5.45,5.15,5.3,24948
2002-04-11 00:00:00+05:30,5.3,5.75,5.3,5.3,33455
2002-04-12 00:00:00+05:30,5.1,5.35,5.1,5.25,22556
2002-04-15 00:00:00+05:30,5.35,5.55,5.25,5.3,14268
2002-04-16 00:00:00+05:30,5.35,5.4,5.25,5.4,14151
2002-04-17 00:00:00+05:30,5.2,5.6,5.2,5.4,18269
2002-04-18 00:00:00+05:30,5.3,5.4,5.25,5.35,12866
2002-04-19 00:00:00+05:30,5.2,5.35,5.2,5.2,8220
2002-04-22 00:00:00+05:30,5.15,5.35,5.15,5.3,6011
2002-04-23 00:00:00+05:30,5.15,5.3,5.15,5.25,10965
2002-04-24 00:00:00+05:30,5.15,5.25,5.1,5.2,15489
2002-04-25 00:00:00+05:30,5.05,5.2,5.05,5.2,4189
2002-04-26 00:00:00+05:30,5.25,5.25,4.95,5.0,13643
2002-04-29 00:00:00+05:30,5.0,5.05,4.8,4.95,8075
2002-04-30 00:00:00+05:30,5.95,5.95,5.05,5.1,4849
2002-05-02 00:00:00+05:30,5.0,5.25,5.0,5.15,11770
2002-05-03 00:00:00+05:30,5.0,5.2,5.0,5.15,9200
2002-05-06 00:00:00+05:30,5.05,5.35,5.05,5.25,19051
2002-05-07 00:00:00+05:30,5.0,5.35,5.0,5.2,6576
2002-05-08 00:00:00+05:30,5.3,5.5,5.25,5.4,17340
2002-05-09 00:00:00+05:30,5.5,5.55,5.25,5.4,27363
2002-05-10 00:00:00+05:30,5.45,5.45,5.1,5.25,4677
2002-05-13 00:00:00+05:30,5.3,5.35,5.2,5.3,6815
2002-05-14 00:00:00+05:30,5.25,5.7,5.2,5.5,32707
2002-05-15 00:00:00+05:30,5.5,5.7,5.4,5.5,41084
2002-05-16 00:00:00+05:30,5.3,5.5,5.3,5.35,15228
2002-05-17 00:00:00+05:30,5.9,5.9,5.3,5.4,11345
2002-05-20 00:00:00+05:30,5.05,5.3,4.65,5.05,13916
2002-05-21 00:00:00+05:30,5.05,5.05,4.7,4.85,40146
2002-05-22 00:00:00+05:30,5.0,5.0,4.8,4.95,11811
2002-05-23 00:00:00+05:30,4.85,5.0,4.8,4.85,2923
2002-05-24 00:00:00+05:30,4.95,5.1,4.9,4.9,11095
2002-05-27 00:00:00+05:30,5.0,5.75,4.9,5.6,111348
2002-05-28 00:00:00+05:30,6.0,6.0,5.7,5.9,108510
2002-05-29 00:00:00+05:30,5.85,6.2,5.6,6.0,63977
2002-05-30 00:00:00+05:30,6.35,6.35,5.8,6.1,74981
2002-05-31 00:00:00+05:30,5.75,6.25,5.75,6.15,32047
2002-06-03 00:00:00+05:30,5.85,7.4,5.85,7.4,166026
2002-06-04 00:00:00+05:30,8.4,8.8,7.1,8.6,422012
2002-06-05 00:00:00+05:30,8.7,9.25,8.05,8.15,328051
2002-06-06 00:00:00+05:30,8.2,8.2,7.0,7.25,104057
2002-06-07 00:00:00+05:30,6.6,7.65,6.6,6.75,54818
2002-06-10 00:00:00+05:30,7.0,7.45,6.85,6.95,76897
2002-06-11 00:00:00+05:30,6.85,8.0,6.85,7.4,93971
2002-06-12 00:00:00+05:30,7.25,7.4,7.05,7.3,45770
2002-06-13 00:00:00+05:30,7.35,7.7,7.25,7.35,82716
2002-06-14 00:00:00+05:30,7.65,7.95,7.35,7.5,74508
2002-06-17 00:00:00+05:30,7.7,8.75,7.4,8.05,240931
2002-06-18 00:00:00+05:30,8.05,8.8,7.85,7.95,178894
2002-06-19 00:00:00+05:30,7.85,8.1,7.5,7.55,106088
2002-06-20 00:00:00+05:30,7.3,8.2,7.3,7.85,84977
2002-06-21 00:00:00+05:30,7.65,8.05,7.65,7.75,45890
2002-06-24 00:00:00+05:30,8.0,8.1,7.6,7.9,53560
2002-06-25 00:00:00+05:30,8.2,8.2,7.8,7.85,17234
2002-06-26 00:00:00+05:30,8.1,8.1,7.6,7.6,24169
2002-06-27 00:00:00+05:30,8.5,8.5,7.25,7.55,19479
2002-06-28 00:00:00+05:30,8.5,8.5,7.45,7.5,43693
2002-07-01 00:00:00+05:30,7.8,8.2,7.6,8.0,94960
2002-07-02 00:00:00+05:30,8.05,8.25,7.9,8.0,82552
2002-07-03 00:00:00+05:30,8.5,8.5,8.1,8.3,150439
2002-07-04 00:00:00+05:30,8.35,8.7,8.35,8.55,151441
2002-07-05 00:00:00+05:30,8.9,9.25,8.45,8.75,361990
2002-07-08 00:00:00+05:30,9.8,9.8,8.95,9.4,301218
2002-07-09 00:00:00+05:30,9.5,9.9,9.1,9.15,192474
2002-07-10 00:00:00+05:30,9.8,9.8,8.6,8.65,78197
2002-07-11 00:00:00+05:30,8.7,8.7,8.25,8.3,55951
2002-07-12 00:00:00+05:30,10.0,10.0,8.2,8.3,56722
2002-07-15 00:00:00+05:30,8.5,9.0,8.0,8.1,72747
2002-07-16 00:00:00+05:30,8.05,8.5,8.0,8.1,39290
2002-07-17 00:00:00+05:30,8.1,8.1,7.65,7.7,41371
2002-07-18 00:00:00+05:30,7.7,7.95,7.7,7.8,27140
2002-07-19 00:00:00+05:30,8.7,8.7,7.6,7.75,14752
2002-07-22 00:00:00+05:30,7.5,7.7,6.95,7.15,26845
2002-07-23 00:00:00+05:30,6.9,7.05,6.5,7.0,28502
2002-07-24 00:00:00+05:30,6.9,7.1,6.8,6.85,32274
2002-07-25 00:00:00+05:30,7.5,7.5,6.8,6.95,14002
2002-07-26 00:00:00+05:30,6.85,6.85,6.5,6.55,23162
2002-07-29 00:00:00+05:30,6.6,6.6,5.65,5.9,40040
2002-07-30 00:00:00+05:30,6.05,6.2,5.75,5.8,33426
2002-07-31 00:00:00+05:30,5.45,6.1,5.45,5.9,36053
2002-08-01 00:00:00+05:30,6.0,6.3,5.75,5.95,20491
2002-08-02 00:00:00+05:30,5.9,5.95,5.8,5.85,17340
2002-08-05 00:00:00+05:30,7.0,7.0,5.9,6.0,11891
2002-08-06 00:00:00+05:30,6.1,6.2,5.85,6.1,16568
2002-08-07 00:00:00+05:30,6.5,6.5,6.1,6.2,17974
2002-08-08 00:00:00+05:30,5.95,6.05,5.95,6.0,14723
2002-08-09 00:00:00+05:30,5.75,6.0,5.75,5.85,10938
2002-08-12 00:00:00+05:30,5.85,6.0,5.85,5.95,2926
2002-08-13 00:00:00+05:30,5.95,6.0,5.85,5.9,7115
2002-08-14 00:00:00+05:30,5.9,6.0,5.55,5.6,47661
2002-08-16 00:00:00+05:30,5.7,5.7,5.55,5.65,15572
2002-08-19 00:00:00+05:30,5.6,5.65,5.4,5.6,13870
2002-08-20 00:00:00+05:30,5.7,5.7,5.3,5.45,8204
2002-08-21 00:00:00+05:30,5.45,5.55,5.4,5.55,11550
2002-08-22 00:00:00+05:30,5.6,5.6,5.4,5.45,9961
2002-08-23 00:00:00+05:30,5.4,5.4,5.1,5.3,11135
2002-08-26 00:00:00+05:30,5.35,5.4,5.2,5.3,19895
2002-08-27 00:00:00+05:30,5.2,5.4,5.15,5.25,13037
2002-08-28 00:00:00+05:30,5.75,5.75,5.05,5.05,15023
2002-08-29 00:00:00+05:30,5.1,5.1,4.9,5.0,23175
2002-08-30 00:00:00+05:30,5.0,5.1,4.95,5.05,11772
2002-09-02 00:00:00+05:30,4.9,5.2,4.9,5.15,9650
2002-09-03 00:00:00+05:30,5.0,5.2,4.8,4.85,33113
2002-09-04 00:00:00+05:30,4.85,4.9,4.8,4.8,14714
2002-09-05 00:00:00+05:30,4.8,4.85,4.65,4.75,13290
2002-09-06 00:00:00+05:30,4.75,4.85,4.75,4.75,10840
2002-09-09 00:00:00+05:30,4.6,4.75,4.45,4.65,15408
2002-09-11 00:00:00+05:30,4.5,4.75,4.5,4.55,4840
2002-09-12 00:00:00+05:30,4.55,4.65,4.5,4.6,11602
2002-09-13 00:00:00+05:30,4.8,4.8,4.6,4.7,12782
2002-09-16 00:00:00+05:30,4.8,4.9,4.75,4.75,21598
2002-09-17 00:00:00+05:30,4.85,5.0,4.7,4.85,14828
2002-09-18 00:00:00+05:30,4.65,4.8,4.65,4.7,9641
2002-09-19 00:00:00+05:30,4.6,4.75,4.55,4.65,16924
2002-09-20 00:00:00+05:30,4.7,4.7,4.55,4.65,19182
2002-09-23 00:00:00+05:30,4.6,4.8,4.6,4.65,10523
2002-09-24 00:00:00+05:30,4.55,4.65,4.5,4.6,2855
2002-09-25 00:00:00+05:30,4.5,4.7,4.5,4.6,6868
2002-09-26 00:00:00+05:30,4.6,4.7,4.55,4.7,5551
2002-09-27 00:00:00+05:30,4.7,4.7,4.55,4.65,14393
2002-09-30 00:00:00+05:30,4.6,4.7,4.55,4.6,9671
2002-10-01 00:00:00+05:30,4.55,4.7,4.55,4.65,6205
2002-10-03 00:00:00+05:30,4.7,4.8,4.55,4.65,23573
2002-10-04 00:00:00+05:30,4.6,4.7,4.6,4.6,16127
2002-10-07 00:00:00+05:30,4.7,4.85,4.65,4.65,6805
2002-10-08 00:00:00+05:30,4.6,4.75,4.6,4.65,5822
2002-10-09 00:00:00+05:30,4.65,4.7,4.6,4.65,16625
2002-10-10 00:00:00+05:30,4.65,4.75,4.6,4.7,11901
2002-10-11 00:00:00+05:30,4.6,4.75,4.55,4.7,12914
2002-10-14 00:00:00+05:30,4.7,4.75,4.6,4.7,4825
2002-10-16 00:00:00+05:30,4.55,4.65,4.5,4.6,7282
2002-10-17 00:00:00+05:30,4.6,4.6,4.5,4.5,26375
2002-10-18 00:00:00+05:30,4.5,4.6,4.4,4.6,16465
2002-10-21 00:00:00+05:30,4.55,4.6,4.5,4.6,10487
2002-10-22 00:00:00+05:30,4.6,4.65,4.5,4.5,21781
2002-10-23 00:00:00+05:30,4.55,4.6,4.5,4.5,6545
2002-10-24 00:00:00+05:30,4.55,4.55,4.4,4.4,8053
2002-10-25 00:00:00+05:30,4.45,4.55,4.15,4.25,42620
2002-10-28 00:00:00+05:30,4.25,4.3,4.2,4.2,13196
2002-10-29 00:00:00+05:30,4.3,4.35,4.25,4.3,18050
2002-10-30 00:00:00+05:30,4.35,4.4,4.3,4.3,3970
2002-10-31 00:00:00+05:30,4.25,4.4,4.25,4.35,3750
2002-11-01 00:00:00+05:30,4.35,4.4,4.05,4.35,7392
2002-11-04 00:00:00+05:30,4.95,4.95,4.15,4.55,4397
2002-11-05 00:00:00+05:30,4.4,4.5,4.35,4.35,5996
2002-11-07 00:00:00+05:30,4.35,4.45,4.35,4.4,16570
2002-11-08 00:00:00+05:30,4.35,4.4,4.3,4.3,5470
2002-11-11 00:00:00+05:30,4.15,4.25,4.15,4.2,13800
2002-11-12 00:00:00+05:30,4.25,4.25,4.2,4.25,8635
2002-11-13 00:00:00+05:30,4.15,4.25,4.0,4.1,116059
2002-11-14 00:00:00+05:30,4.1,4.25,4.1,4.15,7425
2002-11-15 00:00:00+05:30,4.2,4.2,4.05,4.2,15965
2002-11-18 00:00:00+05:30,4.15,4.2,4.1,4.15,12994
2002-11-20 00:00:00+05:30,4.15,4.25,4.05,4.1,30590
2002-11-21 00:00:00+05:30,4.25,4.35,4.15,4.25,70330
2002-11-22 00:00:00+05:30,4.4,4.4,4.2,4.3,21290
2002-11-25 00:00:00+05:30,4.4,4.7,4.4,4.5,24315
2002-11-26 00:00:00+05:30,4.7,4.7,4.45,4.45,21231
2002-11-27 00:00:00+05:30,4.55,4.65,4.5,4.55,25248
2002-11-28 00:00:00+05:30,4.6,4.75,4.6,4.7,38361
2002-11-29 00:00:00+05:30,4.75,5.25,4.75,5.1,52742
2002-12-02 00:00:00+05:30,5.4,5.75,5.3,5.6,66701
2002-12-03 00:00:00+05:30,5.25,5.6,5.15,5.15,71939
2002-12-04 00:00:00+05:30,5.2,5.2,4.8,4.8,22476
2002-12-05 00:00:00+05:30,5.1,5.1,4.85,4.95,24255
2002-12-06 00:00:00+05:30,5.0,5.0,4.85,4.85,9606
2002-12-09 00:00:00+05:30,5.0,5.1,4.9,4.9,12920
2002-12-10 00:00:00+05:30,4.8,4.95,4.7,4.75,13677
2002-12-11 00:00:00+05:30,5.0,5.0,4.75,4.8,11032
2002-12-12 00:00:00+05:30,4.8,4.8,4.65,4.7,6296
2002-12-13 00:00:00+05:30,4.7,4.85,4.65,4.7,13781
2002-12-16 00:00:00+05:30,4.6,4.9,4.6,4.65,12905
2002-12-17 00:00:00+05:30,4.6,4.75,4.5,4.65,14402
2002-12-18 00:00:00+05:30,4.65,4.65,4.5,4.6,14411
2002-12-19 00:00:00+05:30,4.5,4.65,4.5,4.6,5306
2002-12-20 00:00:00+05:30,4.75,4.8,4.55,4.7,29221
2002-12-23 00:00:00+05:30,4.65,4.75,4.6,4.65,11670
2002-12-24 00:00:00+05:30,4.65,4.75,4.55,4.55,15297
2002-12-26 00:00:00+05:30,4.55,4.8,4.55,4.75,18164
2002-12-27 00:00:00+05:30,4.75,4.85,4.65,4.75,9765
2002-12-30 00:00:00+05:30,4.6,4.65,4.55,4.55,10335
2002-12-31 00:00:00+05:30,4.6,4.8,4.6,4.6,27476
2003-01-01 00:00:00+05:30,4.55,4.65,4.55,4.6,14200
2003-01-02 00:00:00+05:30,4.75,4.95,4.7,4.8,15178
2003-01-03 00:00:00+05:30,4.95,4.95,4.7,4.75,19601
2003-01-06 00:00:00+05:30,4.25,4.9,4.25,4.65,23945
2003-01-07 00:00:00+05:30,4.9,4.9,4.55,4.6,7256
2003-01-08 00:00:00+05:30,4.7,5.25,4.5,4.6,7465
2003-01-09 00:00:00+05:30,4.6,4.7,4.5,4.6,18849
2003-01-10 00:00:00+05:30,4.7,4.7,4.55,4.6,23487
2003-01-13 00:00:00+05:30,4.6,4.6,4.5,4.5,16225
2003-01-14 00:00:00+05:30,4.55,4.55,4.45,4.45,20271
2003-01-15 00:00:00+05:30,4.4,4.6,4.4,4.5,18405
2003-01-16 00:00:00+05:30,4.45,4.6,4.45,4.55,18334
2003-01-17 00:00:00+05:30,5.45,5.45,4.5,4.55,34143
2003-01-20 00:00:00+05:30,4.75,5.2,4.75,4.9,63953
2003-01-21 00:00:00+05:30,5.0,5.3,4.9,5.2,83306
2003-01-22 00:00:00+05:30,4.75,5.3,4.75,5.1,31937
2003-01-23 00:00:00+05:30,5.0,5.05,4.85,5.0,49920
2003-01-24 00:00:00+05:30,6.0,6.0,4.8,4.8,26089
2003-01-27 00:00:00+05:30,4.75,4.9,4.6,4.6,14900
2003-01-28 00:00:00+05:30,4.6,4.9,4.55,4.6,13967
2003-01-29 00:00:00+05:30,5.1,5.1,4.55,4.55,15900
2003-01-30 00:00:00+05:30,4.65,4.65,4.5,4.5,11690
2003-01-31 00:00:00+05:30,4.5,4.5,4.35,4.4,11290
2003-02-03 00:00:00+05:30,4.5,4.9,4.45,4.5,19779
2003-02-04 00:00:00+05:30,4.7,4.8,4.55,4.55,7560
2003-02-05 00:00:00+05:30,4.9,4.9,4.4,4.45,5390
2003-02-06 00:00:00+05:30,5.3,5.3,4.4,4.55,7541
2003-02-07 00:00:00+05:30,5.35,5.35,4.4,4.4,6890
2003-02-10 00:00:00+05:30,4.5,4.65,4.4,4.4,6929
2003-02-11 00:00:00+05:30,4.5,4.5,4.3,4.4,19092
2003-02-12 00:00:00+05:30,4.75,4.75,4.3,4.35,13501
2003-02-14 00:00:00+05:30,4.25,4.4,4.15,4.25,13220
2003-02-17 00:00:00+05:30,4.3,4.5,4.25,4.4,11934
2003-02-18 00:00:00+05:30,4.45,4.55,4.35,4.4,12111
2003-02-19 00:00:00+05:30,4.5,4.5,4.3,4.3,12724
2003-02-20 00:00:00+05:30,4.35,4.45,4.35,4.4,22461
2003-02-21 00:00:00+05:30,4.45,4.55,4.4,4.45,36484
2003-02-24 00:00:00+05:30,4.4,4.6,4.4,4.45,31581
2003-02-25 00:00:00+05:30,4.45,4.45,4.3,4.35,34198
2003-02-26 00:00:00+05:30,4.3,4.5,4.3,4.45,8224
2003-02-27 00:00:00+05:30,4.75,4.75,4.35,4.35,32379
2003-02-28 00:00:00+05:30,4.5,4.75,4.35,4.35,28556
2003-03-03 00:00:00+05:30,5.1,5.1,4.2,4.3,20072
2003-03-04 00:00:00+05:30,4.75,4.75,4.2,4.25,2013523
2003-03-05 00:00:00+05:30,4.9,4.9,4.05,4.1,20456
2003-03-06 00:00:00+05:30,4.85,4.85,4.0,4.05,31113
2003-03-07 00:00:00+05:30,4.05,4.05,4.0,4.0,25560
2003-03-10 00:00:00+05:30,4.0,4.0,3.8,3.8,31876
2003-03-11 00:00:00+05:30,4.05,4.05,3.7,3.75,18006
2003-03-12 00:00:00+05:30,4.4,4.4,3.75,3.9,37336
2003-03-13 00:00:00+05:30,3.7,4.0,3.7,3.75,26992
2003-03-17 00:00:00+05:30,4.45,4.45,3.6,3.7,26497
2003-03-19 00:00:00+05:30,4.4,4.4,3.65,3.7,98211
2003-03-20 00:00:00+05:30,3.65,3.95,3.65,3.75,36147
2003-03-21 00:00:00+05:30,3.8,3.8,3.65,3.7,24439
2003-03-22 00:00:00+05:30,3.65,3.75,3.65,3.7,5047
2003-03-24 00:00:00+05:30,3.7,3.75,3.6,3.6,18987
2003-03-25 00:00:00+05:30,3.9,3.9,3.5,3.5,19759
2003-03-26 00:00:00+05:30,3.6,3.7,3.5,3.6,56383
2003-03-27 00:00:00+05:30,3.75,3.75,3.4,3.45,57351
2003-03-28 00:00:00+05:30,3.55,3.55,3.4,3.45,10096
2003-03-31 00:00:00+05:30,3.95,3.95,3.45,3.45,7565
2003-04-01 00:00:00+05:30,4.0,4.0,3.15,3.6,10149
2003-04-02 00:00:00+05:30,4.0,4.0,3.5,3.7,29848
2003-04-03 00:00:00+05:30,3.95,3.95,3.8,3.8,10753
2003-04-04 00:00:00+05:30,4.25,4.25,3.75,3.95,10069
2003-04-07 00:00:00+05:30,4.7,4.7,3.8,4.0,34036
2003-04-08 00:00:00+05:30,4.5,4.5,3.95,4.0,20749
2003-04-09 00:00:00+05:30,4.2,4.2,3.9,4.0,25702
2003-04-10 00:00:00+05:30,3.85,3.95,3.7,3.7,20352
2003-04-11 00:00:00+05:30,3.9,4.0,3.75,3.8,14602
2003-04-15 00:00:00+05:30,4.1,4.1,3.2,3.7,9578
2003-04-16 00:00:00+05:30,3.7,3.75,3.6,3.7,6600
2003-04-17 00:00:00+05:30,3.65,3.7,3.6,3.6,32119
2003-04-21 00:00:00+05:30,3.65,3.95,3.5,3.6,10941
2003-04-22 00:00:00+05:30,3.7,3.9,3.6,3.65,10392
2003-04-23 00:00:00+05:30,3.65,3.75,3.5,3.6,12586
2003-04-24 00:00:00+05:30,3.65,3.75,3.6,3.65,6021
2003-04-25 00:00:00+05:30,3.65,3.65,3.5,3.55,6661
2003-04-28 00:00:00+05:30,3.55,3.55,3.35,3.4,17745
2003-04-29 00:00:00+05:30,4.0,4.0,3.45,3.45,13098
2003-04-30 00:00:00+05:30,4.05,4.05,3.35,3.4,27901
2003-05-02 00:00:00+05:30,3.5,3.8,3.4,3.45,29713
2003-05-05 00:00:00+05:30,4.0,4.0,3.45,3.5,36858
2003-05-06 00:00:00+05:30,4.0,4.0,3.45,3.5,32443
2003-05-07 00:00:00+05:30,3.6,3.6,3.5,3.5,36332
2003-05-08 00:00:00+05:30,4.0,4.0,3.45,3.45,17827
2003-05-09 00:00:00+05:30,3.45,3.55,3.45,3.5,12136
2003-05-12 00:00:00+05:30,3.5,3.5,3.4,3.45,16682
2003-05-13 00:00:00+05:30,3.35,3.45,3.35,3.45,11131
2003-05-14 00:00:00+05:30,3.3,3.6,3.3,3.55,53264
2003-05-15 00:00:00+05:30,3.55,4.25,3.55,4.2,135857
2003-05-16 00:00:00+05:30,5.0,5.0,4.05,4.6,164905
2003-05-19 00:00:00+05:30,4.6,4.7,4.3,4.3,81938
2003-05-20 00:00:00+05:30,3.9,4.6,3.9,4.25,12926
2003-05-21 00:00:00+05:30,4.4,4.4,4.3,4.3,24837
2003-05-22 00:00:00+05:30,4.3,4.5,4.2,4.2,49145
2003-05-23 00:00:00+05:30,4.4,4.4,4.15,4.2,22621
2003-05-26 00:00:00+05:30,4.25,4.55,4.25,4.4,40338
2003-05-27 00:00:00+05:30,4.35,4.5,4.3,4.35,28494
2003-05-28 00:00:00+05:30,4.3,4.4,4.25,4.35,15182
2003-05-29 00:00:00+05:30,4.95,4.95,4.15,4.45,85658
2003-05-30 00:00:00+05:30,4.5,4.6,4.25,4.45,67264
2003-06-02 00:00:00+05:30,4.55,4.85,4.4,4.75,55121
2003-06-03 00:00:00+05:30,4.55,5.0,4.5,4.85,83335
2003-06-04 00:00:00+05:30,4.95,5.5,4.75,5.2,206656
2003-06-05 00:00:00+05:30,5.3,5.5,5.15,5.2,153647
2003-06-06 00:00:00+05:30,5.6,5.6,4.95,5.0,138155
2003-06-09 00:00:00+05:30,5.7,6.0,5.0,6.0,329348
2003-06-10 00:00:00+05:30,6.25,6.5,5.5,5.65,330750
2003-06-11 00:00:00+05:30,5.75,5.8,5.5,5.55,105319
2003-06-12 00:00:00+05:30,5.8,5.8,5.55,5.6,75052
2003-06-13 00:00:00+05:30,5.5,5.6,5.3,5.4,47021
2003-06-16 00:00:00+05:30,5.1,5.4,5.1,5.25,43744
2003-06-17 00:00:00+05:30,5.75,5.75,5.1,5.15,71915
2003-06-18 00:00:00+05:30,5.25,5.55,5.2,5.2,53942
2003-06-19 00:00:00+05:30,5.25,5.25,4.95,5.05,105041
2003-06-20 00:00:00+05:30,6.0,6.0,5.0,5.15,50302
2003-06-23 00:00:00+05:30,5.15,5.45,5.0,5.05,38392
2003-06-24 00:00:00+05:30,5.1,5.9,5.0,5.7,303287
2003-06-25 00:00:00+05:30,5.95,6.15,5.55,5.8,210008
2003-06-26 00:00:00+05:30,6.95,6.95,5.7,5.8,120853
2003-06-27 00:00:00+05:30,5.9,5.95,5.65,5.8,129414
2003-06-30 00:00:00+05:30,5.95,5.95,5.7,5.7,98388
2003-07-01 00:00:00+05:30,5.9,6.25,5.5,5.8,196920
2003-07-02 00:00:00+05:30,6.95,6.95,5.8,6.0,305403
2003-07-03 00:00:00+05:30,6.4,6.4,6.1,6.15,169911
2003-07-04 00:00:00+05:30,7.4,7.4,6.15,6.5,266299
2003-07-07 00:00:00+05:30,7.4,7.4,6.5,6.9,279893
2003-07-08 00:00:00+05:30,6.75,7.0,6.55,6.65,163602
2003-07-09 00:00:00+05:30,6.75,6.75,6.15,6.25,111004
2003-07-10 00:00:00+05:30,6.2,6.3,5.8,5.95,72702
2003-07-11 00:00:00+05:30,5.85,6.1,5.85,5.95,55993
2003-07-14 00:00:00+05:30,6.15,6.15,5.85,5.95,36914
2003-07-15 00:00:00+05:30,5.95,6.05,5.55,5.65,59609
2003-07-16 00:00:00+05:30,5.6,5.8,5.55,5.75,82055
2003-07-17 00:00:00+05:30,5.9,6.0,5.6,5.7,57704
2003-07-18 00:00:00+05:30,5.6,5.8,5.55,5.6,42230
2003-07-21 00:00:00+05:30,5.65,5.65,5.4,5.45,29661
2003-07-22 00:00:00+05:30,5.6,5.6,5.2,5.25,50032
2003-07-23 00:00:00+05:30,5.3,5.45,5.1,5.15,35202
2003-07-24 00:00:00+05:30,5.0,5.4,5.0,5.15,24449
2003-07-25 00:00:00+05:30,5.15,5.35,5.15,5.25,41073
2003-07-28 00:00:00+05:30,5.35,5.55,5.35,5.4,51164
2003-07-29 00:00:00+05:30,5.95,5.95,5.2,5.45,37017
2003-07-30 00:00:00+05:30,5.4,5.45,5.25,5.35,42273
2003-07-31 00:00:00+05:30,5.45,6.15,5.3,5.85,139000
2003-08-01 00:00:00+05:30,5.65,5.85,5.65,5.75,56273
2003-08-04 00:00:00+05:30,5.65,5.9,5.65,5.7,101177
2003-08-05 00:00:00+05:30,5.65,5.95,5.65,5.85,196257
2003-08-06 00:00:00+05:30,5.85,5.85,5.6,5.7,41324
2003-08-07 00:00:00+05:30,5.65,5.9,5.65,5.75,43995
2003-08-08 00:00:00+05:30,5.9,6.0,5.7,5.75,94149
2003-08-11 00:00:00+05:30,5.75,6.15,5.75,5.95,104734
2003-08-12 00:00:00+05:30,6.4,7.1,6.1,6.75,472034
2003-08-13 00:00:00+05:30,7.0,7.6,6.75,7.35,917294
2003-08-14 00:00:00+05:30,7.9,8.5,7.45,8.2,1177612
2003-08-18 00:00:00+05:30,8.1,9.85,8.1,9.85,867325
2003-08-19 00:00:00+05:30,11.7,11.7,8.45,9.15,1253086
2003-08-20 00:00:00+05:30,9.5,9.5,8.5,8.8,357504
2003-08-21 00:00:00+05:30,9.0,9.25,8.5,8.9,409153
2003-08-22 00:00:00+05:30,9.7,9.7,8.05,8.05,200291
2003-08-25 00:00:00+05:30,8.2,8.5,7.25,7.35,270592
2003-08-26 00:00:00+05:30,7.05,8.1,7.05,8.1,357317
2003-08-27 00:00:00+05:30,8.6,8.7,7.9,8.0,191635
2003-08-28 00:00:00+05:30,7.7,8.1,7.5,7.75,139886
2003-08-29 00:00:00+05:30,7.7,7.9,7.4,7.45,107439
2003-09-01 00:00:00+05:30,7.55,7.75,7.0,7.3,129308
2003-09-02 00:00:00+05:30,8.0,8.0,6.75,6.8,204451
2003-09-03 00:00:00+05:30,6.8,7.5,6.75,7.15,376813
2003-09-04 00:00:00+05:30,7.25,7.45,7.0,7.05,135941
2003-09-05 00:00:00+05:30,7.05,7.3,6.8,6.85,95044
2003-09-08 00:00:00+05:30,6.3,7.5,6.2,6.35,221309
2003-09-09 00:00:00+05:30,6.5,6.5,6.05,6.1,158794
2003-09-11 00:00:00+05:30,5.8,5.8,5.8,5.8,2000
2003-09-12 00:00:00+05:30,5.35,5.35,5.35,5.35,3200
2003-09-15 00:00:00+05:30,4.95,4.95,4.95,4.95,5000
2003-09-23 00:00:00+05:30,4.75,4.8,4.7,4.8,1600
2003-09-24 00:00:00+05:30,4.8,4.8,4.8,4.8,100
2003-09-26 00:00:00+05:30,4.55,4.75,4.5,4.75,2700
2003-09-29 00:00:00+05:30,4.7,5.05,4.65,5.05,9140
2003-09-30 00:00:00+05:30,4.8,4.95,4.65,4.75,18300
2003-10-01 00:00:00+05:30,4.85,4.85,4.4,4.5,88373
2003-10-03 00:00:00+05:30,4.75,4.75,4.4,4.5,44634
2003-10-06 00:00:00+05:30,4.75,4.75,4.25,4.3,40049
2003-10-07 00:00:00+05:30,4.2,4.5,4.2,4.4,20340
2003-10-08 00:00:00+05:30,4.5,4.5,4.3,4.3,12011
2003-10-09 00:00:00+05:30,4.3,4.5,4.25,4.4,48926
2003-10-10 00:00:00+05:30,4.45,4.75,4.35,4.55,44703
2003-10-13 00:00:00+05:30,4.5,4.6,4.4,4.45,37395
2003-10-14 00:00:00+05:30,4.6,4.7,4.4,4.5,45555
2003-10-15 00:00:00+05:30,4.5,4.6,4.35,4.45,40802
2003-10-16 00:00:00+05:30,4.4,4.55,4.35,4.5,25250
2003-10-17 00:00:00+05:30,4.4,4.5,4.3,4.4,34030
2003-10-20 00:00:00+05:30,4.45,4.45,4.3,4.35,41466
2003-10-21 00:00:00+05:30,4.35,4.4,4.15,4.15,24323
2003-10-22 00:00:00+05:30,4.25,4.3,4.05,4.1,26498
2003-10-23 00:00:00+05:30,4.4,4.4,4.05,4.15,15831
2003-10-24 00:00:00+05:30,4.05,4.15,3.95,4.15,45735
2003-10-25 00:00:00+05:30,4.1,4.3,4.1,4.2,2800
2003-10-27 00:00:00+05:30,4.5,4.5,4.05,4.25,28189
2003-10-28 00:00:00+05:30,4.1,4.15,4.0,4.15,35430
2003-10-29 00:00:00+05:30,4.05,4.2,4.0,4.15,37864
2003-10-30 00:00:00+05:30,4.4,4.4,4.05,4.1,14956
2003-10-31 00:00:00+05:30,4.4,4.4,3.95,4.0,41895
2003-11-03 00:00:00+05:30,4.0,4.1,3.9,4.0,33372
2003-11-04 00:00:00+05:30,3.9,4.05,3.8,4.0,42542
2003-11-05 00:00:00+05:30,3.9,4.25,3.85,4.05,124395
2003-11-06 00:00:00+05:30,4.0,4.5,4.0,4.5,101373
2003-11-07 00:00:00+05:30,4.75,4.95,4.55,4.95,118945
2003-11-10 00:00:00+05:30,4.75,4.95,4.65,4.9,24632
2003-11-11 00:00:00+05:30,4.9,5.05,4.9,5.0,86950
2003-11-12 00:00:00+05:30,5.1,5.1,4.9,4.95,111852
2003-11-13 00:00:00+05:30,5.25,5.25,4.9,5.0,163359
2003-11-14 00:00:00+05:30,5.05,5.5,5.0,5.5,318114
2003-11-15 00:00:00+05:30,5.5,5.7,5.2,5.25,49146
2003-11-17 00:00:00+05:30,5.05,5.2,5.0,5.1,71766
2003-11-18 00:00:00+05:30,5.1,5.25,5.1,5.1,55425
2003-11-19 00:00:00+05:30,5.25,5.65,5.1,5.65,126069
2003-11-20 00:00:00+05:30,5.85,6.25,5.5,6.15,221536
2003-11-21 00:00:00+05:30,6.35,6.35,5.6,5.8,75631
2003-11-24 00:00:00+05:30,5.7,5.7,5.4,5.5,103460
2003-11-25 00:00:00+05:30,5.6,5.65,5.45,5.55,104417
2003-11-27 00:00:00+05:30,5.65,6.15,5.5,6.15,214561
2003-11-28 00:00:00+05:30,6.25,6.35,5.85,6.05,82585
2003-12-01 00:00:00+05:30,6.25,6.7,6.0,6.7,293972
2003-12-02 00:00:00+05:30,6.95,7.0,6.1,6.2,109863
2003-12-03 00:00:00+05:30,6.7,6.7,6.15,6.35,107096
2003-12-04 00:00:00+05:30,6.25,6.45,6.25,6.4,63369
2003-12-05 00:00:00+05:30,6.6,7.05,6.45,6.8,223129
2003-12-08 00:00:00+05:30,6.9,7.5,6.9,7.45,308319
2003-12-09 00:00:00+05:30,7.7,8.2,7.55,8.1,260439
2003-12-10 00:00:00+05:30,8.35,8.5,7.7,7.75,215510
2003-12-11 00:00:00+05:30,7.9,8.0,7.15,7.45,96886
2003-12-12 00:00:00+05:30,7.15,7.8,7.1,7.5,116761
2003-12-15 00:00:00+05:30,7.6,7.85,7.2,7.45,133038
2003-12-16 00:00:00+05:30,7.3,7.5,7.15,7.25,139130
2003-12-17 00:00:00+05:30,7.15,7.6,7.1,7.3,119140
2003-12-18 00:00:00+05:30,7.2,8.05,7.2,8.05,336962
2003-12-19 00:00:00+05:30,8.45,8.8,8.05,8.2,234270
2003-12-22 00:00:00+05:30,8.5,9.05,8.4,8.6,295603
2003-12-23 00:00:00+05:30,9.0,9.0,8.25,8.3,159169
2003-12-24 00:00:00+05:30,8.4,9.15,8.4,9.15,530073
2003-12-26 00:00:00+05:30,9.5,9.5,8.6,8.65,165766
2003-12-29 00:00:00+05:30,9.15,9.15,8.55,8.7,137129
2003-12-30 00:00:00+05:30,8.0,8.5,7.85,8.05,158368
2003-12-31 00:00:00+05:30,8.0,8.15,7.75,7.85,120709
2004-01-01 00:00:00+05:30,8.15,8.45,7.8,8.35,202710
2004-01-02 00:00:00+05:30,8.6,8.65,8.0,8.3,400899
2004-01-05 00:00:00+05:30,8.0,8.45,7.9,8.0,213976
2004-01-06 00:00:00+05:30,8.35,8.35,7.7,7.75,114518
2004-01-07 00:00:00+05:30,7.65,7.95,7.4,7.6,178774
2004-01-08 00:00:00+05:30,7.6,8.1,7.55,7.95,221016
2004-01-09 00:00:00+05:30,8.45,8.45,7.5,7.65,165724
2004-01-12 00:00:00+05:30,7.7,8.0,7.5,7.8,237329
2004-01-13 00:00:00+05:30,8.0,8.0,7.5,7.55,196595
2004-01-14 00:00:00+05:30,7.55,7.7,7.25,7.3,210736
2004-01-15 00:00:00+05:30,7.35,7.7,7.2,7.25,103514
2004-01-16 00:00:00+05:30,7.05,7.3,6.7,6.75,153854
2004-01-19 00:00:00+05:30,6.2,6.75,6.2,6.65,112087
2004-01-20 00:00:00+05:30,6.7,7.0,6.5,6.6,65568
2004-01-21 00:00:00+05:30,6.45,6.5,5.95,6.0,131271
2004-01-22 00:00:00+05:30,6.1,6.1,5.5,5.6,90380
2004-01-23 00:00:00+05:30,5.5,6.2,5.5,6.15,118377
2004-01-27 00:00:00+05:30,6.25,6.55,6.0,6.5,107521
2004-01-28 00:00:00+05:30,7.0,7.0,6.2,6.25,88266
2004-01-29 00:00:00+05:30,6.05,6.25,6.0,6.15,52184
2004-01-30 00:00:00+05:30,6.1,6.15,6.0,6.05,82289
2004-02-03 00:00:00+05:30,6.0,6.0,5.65,5.65,30566
2004-02-04 00:00:00+05:30,6.0,6.0,5.55,5.85,54815
2004-02-05 00:00:00+05:30,5.85,6.0,5.8,5.85,46253
2004-02-06 00:00:00+05:30,5.8,5.8,5.5,5.55,40478
2004-02-09 00:00:00+05:30,5.5,5.9,5.4,5.75,49213
2004-02-10 00:00:00+05:30,5.95,5.95,5.5,5.6,84380
2004-02-11 00:00:00+05:30,5.9,5.9,5.5,5.55,39747
2004-02-12 00:00:00+05:30,5.5,5.7,5.5,5.6,44378
2004-02-13 00:00:00+05:30,5.65,5.75,5.5,5.7,34169
2004-02-16 00:00:00+05:30,5.6,5.7,5.5,5.55,44110
2004-02-17 00:00:00+05:30,5.5,5.6,5.4,5.5,54636
2004-02-18 00:00:00+05:30,5.35,6.05,5.35,6.05,170207
2004-02-19 00:00:00+05:30,6.2,6.3,5.8,5.85,120413
2004-02-20 00:00:00+05:30,5.8,5.8,5.45,5.65,62643
2004-02-23 00:00:00+05:30,5.5,5.6,5.15,5.45,115422
2004-02-24 00:00:00+05:30,5.2,5.5,5.2,5.5,30700
2004-02-25 00:00:00+05:30,5.45,5.55,5.3,5.45,56223
2004-02-26 00:00:00+05:30,5.6,5.6,5.25,5.35,30112
2004-02-27 00:00:00+05:30,5.4,5.5,5.25,5.3,45751
2004-03-01 00:00:00+05:30,5.25,5.5,5.25,5.4,67358
2004-03-03 00:00:00+05:30,4.9,5.35,4.6,5.1,288787
2004-03-04 00:00:00+05:30,4.95,5.0,4.75,4.9,161625
2004-03-05 00:00:00+05:30,5.3,5.3,4.75,4.85,86600
2004-03-08 00:00:00+05:30,4.75,4.85,4.75,4.75,49051
2004-03-09 00:00:00+05:30,4.75,4.8,4.55,4.6,74852
2004-03-10 00:00:00+05:30,4.5,4.55,4.35,4.4,68019
2004-03-11 00:00:00+05:30,4.45,4.5,4.35,4.4,60093
2004-03-12 00:00:00+05:30,4.2,4.45,4.2,4.4,66675
2004-03-15 00:00:00+05:30,4.3,4.6,4.0,4.2,81812
2004-03-16 00:00:00+05:30,4.3,4.4,4.2,4.2,33938
2004-03-17 00:00:00+05:30,4.3,4.6,4.25,4.45,16730
2004-03-18 00:00:00+05:30,4.35,4.55,4.25,4.35,43398
2004-03-19 00:00:00+05:30,4.2,4.45,4.15,4.25,35155
2004-03-22 00:00:00+05:30,4.1,4.35,4.1,4.2,27512
2004-03-23 00:00:00+05:30,4.15,4.4,4.0,4.15,54899
2004-03-24 00:00:00+05:30,4.1,4.25,4.1,4.25,34315
2004-03-25 00:00:00+05:30,4.15,4.4,4.15,4.35,109522
2004-03-26 00:00:00+05:30,4.35,4.6,4.35,4.45,155319
2004-03-29 00:00:00+05:30,4.55,4.65,4.25,4.5,48847
2004-03-30 00:00:00+05:30,4.35,4.75,4.35,4.6,29104
2004-03-31 00:00:00+05:30,4.55,5.05,4.55,4.9,57449
2004-04-01 00:00:00+05:30,5.2,5.35,5.05,5.3,33339
2004-04-02 00:00:00+05:30,5.5,5.5,5.1,5.2,53444
2004-04-05 00:00:00+05:30,5.2,5.5,5.2,5.3,26317
2004-04-06 00:00:00+05:30,5.2,5.45,5.2,5.3,34968
2004-04-07 00:00:00+05:30,5.1,5.1,4.9,5.05,37211
2004-04-08 00:00:00+05:30,5.85,5.85,4.5,5.05,20087
2004-04-12 00:00:00+05:30,5.1,5.1,4.8,4.95,27950
2004-04-13 00:00:00+05:30,4.95,5.05,4.9,5.0,36888
2004-04-15 00:00:00+05:30,4.9,5.2,4.9,5.05,57015
2004-04-16 00:00:00+05:30,4.95,5.85,4.95,5.6,223756
2004-04-17 00:00:00+05:30,5.5,6.1,5.5,5.95,72126
2004-04-19 00:00:00+05:30,5.95,6.05,5.5,5.65,61975
2004-04-20 00:00:00+05:30,5.45,5.6,5.3,5.4,28717
2004-04-21 00:00:00+05:30,5.45,5.9,5.45,5.65,73147
2004-04-22 00:00:00+05:30,5.75,5.75,5.4,5.45,51872
2004-04-23 00:00:00+05:30,5.5,5.5,5.4,5.5,94517
2004-04-27 00:00:00+05:30,5.35,5.5,5.0,5.1,80712
2004-04-28 00:00:00+05:30,5.3,5.3,4.9,4.95,93975
2004-04-29 00:00:00+05:30,4.75,5.3,4.75,5.15,61710
2004-04-30 00:00:00+05:30,5.1,5.6,5.1,5.5,120699
2004-05-03 00:00:00+05:30,5.25,5.4,5.1,5.25,38089
2004-05-04 00:00:00+05:30,5.2,5.6,5.2,5.4,60743
2004-05-05 00:00:00+05:30,5.35,5.65,5.35,5.5,69682
2004-05-06 00:00:00+05:30,5.55,6.2,5.4,6.05,365871
2004-05-07 00:00:00+05:30,6.1,6.4,5.7,5.95,226755
2004-05-10 00:00:00+05:30,5.7,5.7,5.35,5.55,200439
2004-05-11 00:00:00+05:30,5.35,5.55,5.2,5.35,95148
2004-05-12 00:00:00+05:30,5.25,5.55,5.25,5.45,55562
2004-05-13 00:00:00+05:30,5.3,6.0,5.25,5.7,124051
2004-05-14 00:00:00+05:30,5.65,5.85,5.15,5.3,296020
2004-05-17 00:00:00+05:30,5.0,5.0,4.25,4.55,144751
2004-05-18 00:00:00+05:30,4.75,5.0,4.6,4.75,156966
2004-05-19 00:00:00+05:30,4.8,5.0,4.45,4.75,198889
2004-05-20 00:00:00+05:30,4.8,5.3,4.75,5.05,117177
2004-05-21 00:00:00+05:30,5.0,5.25,4.8,5.1,53575
2004-05-24 00:00:00+05:30,5.15,5.35,5.0,5.15,108508
2004-05-25 00:00:00+05:30,5.25,5.3,4.95,5.15,109585
2004-05-26 00:00:00+05:30,5.25,5.3,5.1,5.15,100783
2004-05-27 00:00:00+05:30,5.25,5.4,5.15,5.3,59458
2004-05-28 00:00:00+05:30,5.2,5.25,4.9,4.95,74575
2004-05-31 00:00:00+05:30,4.9,4.95,4.75,4.8,32100
2004-06-01 00:00:00+05:30,4.8,5.0,4.8,4.85,17286
2004-06-02 00:00:00+05:30,4.9,4.9,4.45,4.55,113724
2004-06-03 00:00:00+05:30,4.7,4.7,4.45,4.5,77499
2004-06-04 00:00:00+05:30,4.55,4.55,4.25,4.4,76391
2004-06-07 00:00:00+05:30,4.5,4.55,4.45,4.5,24427
2004-06-08 00:00:00+05:30,4.65,4.8,4.45,4.7,62649
2004-06-09 00:00:00+05:30,4.8,4.8,4.45,4.6,78193
2004-06-10 00:00:00+05:30,4.55,4.85,4.5,4.75,40568
2004-06-11 00:00:00+05:30,4.0,4.95,4.0,4.85,27287
2004-06-14 00:00:00+05:30,4.8,5.0,4.7,4.95,59199
2004-06-15 00:00:00+05:30,5.2,5.2,4.85,4.85,31741
2004-06-16 00:00:00+05:30,5.0,5.1,4.95,5.05,48023
2004-06-17 00:00:00+05:30,4.9,5.0,4.9,4.9,13885
2004-06-18 00:00:00+05:30,4.9,5.0,4.7,4.7,83101
2004-06-21 00:00:00+05:30,4.9,4.9,4.35,4.45,109169
2004-06-22 00:00:00+05:30,4.5,4.6,4.25,4.3,79270
2004-06-23 00:00:00+05:30,4.3,4.4,4.3,4.4,24445
2004-06-24 00:00:00+05:30,4.35,4.5,4.3,4.4,15638
2004-06-25 00:00:00+05:30,4.35,4.65,4.35,4.5,25137
2004-06-28 00:00:00+05:30,4.5,4.75,4.5,4.65,18355
2004-06-29 00:00:00+05:30,4.75,4.8,4.6,4.7,24114
2004-06-30 00:00:00+05:30,4.55,4.95,4.55,4.8,28226
2004-07-01 00:00:00+05:30,4.8,4.95,4.7,4.85,30019
2004-07-02 00:00:00+05:30,4.85,5.0,4.85,5.0,95886
2004-07-05 00:00:00+05:30,5.0,5.0,4.7,4.75,62109
2004-07-06 00:00:00+05:30,4.9,5.1,4.75,4.9,69522
2004-07-07 00:00:00+05:30,4.95,5.05,4.9,4.9,38668
2004-07-08 00:00:00+05:30,4.95,5.35,4.5,4.5,217675
2004-07-09 00:00:00+05:30,4.6,4.75,4.5,4.65,50490
2004-07-12 00:00:00+05:30,4.85,4.85,4.6,4.65,8600
2004-07-13 00:00:00+05:30,4.95,4.95,4.6,4.65,25905
2004-07-14 00:00:00+05:30,4.65,4.65,4.4,4.55,32645
2004-07-15 00:00:00+05:30,4.5,4.8,4.5,4.75,46658
2004-07-16 00:00:00+05:30,4.95,5.1,4.7,4.9,130968
2004-07-19 00:00:00+05:30,5.1,5.1,4.85,4.95,79491
2004-07-20 00:00:00+05:30,4.75,5.05,4.75,4.9,94201
2004-07-21 00:00:00+05:30,4.85,5.0,4.8,4.95,30618
2004-07-22 00:00:00+05:30,5.0,5.0,4.75,4.75,36671
2004-07-23 00:00:00+05:30,4.8,4.9,4.75,4.8,43775
2004-07-26 00:00:00+05:30,4.9,4.9,4.65,4.7,44266
2004-07-27 00:00:00+05:30,4.65,4.75,4.6,4.65,18935
2004-07-28 00:00:00+05:30,4.65,4.8,4.55,4.65,9727
2004-07-29 00:00:00+05:30,4.6,4.6,4.5,4.55,66750
2004-07-30 00:00:00+05:30,4.5,4.6,4.5,4.55,53716
2004-08-02 00:00:00+05:30,4.5,4.65,4.5,4.6,22399
2004-08-03 00:00:00+05:30,4.2,4.65,4.2,4.6,28257
2004-08-04 00:00:00+05:30,4.6,4.6,4.45,4.45,79036
2004-08-05 00:00:00+05:30,4.45,4.5,4.4,4.5,71259
2004-08-06 00:00:00+05:30,4.5,4.5,4.25,4.3,157671
2004-08-09 00:00:00+05:30,4.35,4.4,4.25,4.25,49583
2004-08-10 00:00:00+05:30,4.35,4.5,4.35,4.5,161731
2004-08-11 00:00:00+05:30,4.5,4.5,4.4,4.4,39300
2004-08-12 00:00:00+05:30,4.35,4.5,4.25,4.25,18855
2004-08-13 00:00:00+05:30,4.3,4.4,4.25,4.25,70150
2004-08-16 00:00:00+05:30,4.3,4.3,4.2,4.25,53899
2004-08-17 00:00:00+05:30,4.2,4.3,4.15,4.2,63100
2004-08-18 00:00:00+05:30,4.2,4.6,4.1,4.25,186025
2004-08-19 00:00:00+05:30,4.2,4.35,4.1,4.2,120880
2004-08-20 00:00:00+05:30,4.1,4.3,4.0,4.15,112696
2004-08-23 00:00:00+05:30,4.1,4.7,4.05,4.4,241719
2004-08-24 00:00:00+05:30,4.35,4.45,4.25,4.3,111186
2004-08-25 00:00:00+05:30,4.2,4.3,4.1,4.15,107810
2004-08-26 00:00:00+05:30,4.15,4.25,4.0,4.2,97751
2004-08-27 00:00:00+05:30,4.2,4.4,4.0,4.3,122010
2004-08-30 00:00:00+05:30,4.1,4.55,4.1,4.5,177565
2004-08-31 00:00:00+05:30,4.5,4.65,4.45,4.6,228554
2004-09-01 00:00:00+05:30,4.85,4.85,4.5,4.7,149665
2004-09-02 00:00:00+05:30,4.65,4.9,4.55,4.6,213146
2004-09-03 00:00:00+05:30,4.6,4.7,4.5,4.6,131071
2004-09-06 00:00:00+05:30,4.6,4.65,4.5,4.55,102408
2004-09-07 00:00:00+05:30,4.55,4.6,4.5,4.55,128157
2004-09-08 00:00:00+05:30,4.6,5.5,4.45,5.35,770998
2004-09-09 00:00:00+05:30,5.9,5.95,5.0,5.45,1174981
2004-09-10 00:00:00+05:30,5.75,6.3,5.45,6.1,1085692
2004-09-13 00:00:00+05:30,6.45,6.6,5.85,5.95,660672
2004-09-14 00:00:00+05:30,5.95,6.0,5.4,5.45,380787
2004-09-15 00:00:00+05:30,5.65,5.65,5.2,5.4,224672
2004-09-16 00:00:00+05:30,5.5,5.75,4.95,5.0,559290
2004-09-17 00:00:00+05:30,4.95,5.1,4.6,4.95,393128
2004-09-20 00:00:00+05:30,5.2,5.3,4.5,4.7,398482
2004-09-21 00:00:00+05:30,4.65,4.75,4.6,4.7,202610
2004-09-22 00:00:00+05:30,4.85,5.35,4.65,5.15,486371
2004-09-23 00:00:00+05:30,5.1,5.25,4.95,4.95,253374
2004-09-24 00:00:00+05:30,5.25,5.9,4.9,5.5,953110
2004-09-27 00:00:00+05:30,5.55,5.9,5.55,5.7,474283
2004-09-28 00:00:00+05:30,5.75,5.8,5.35,5.5,275847
2004-09-29 00:00:00+05:30,5.55,6.3,5.45,6.0,949190
2004-09-30 00:00:00+05:30,6.0,6.2,5.8,5.85,329652
2004-10-01 00:00:00+05:30,6.0,6.05,5.75,5.75,108292
2004-10-04 00:00:00+05:30,6.0,6.0,5.4,5.55,245200
2004-10-05 00:00:00+05:30,5.55,5.6,5.2,5.35,156375
2004-10-06 00:00:00+05:30,5.5,5.65,5.25,5.4,206805
2004-10-07 00:00:00+05:30,5.15,5.6,5.1,5.2,43221
2004-10-08 00:00:00+05:30,5.25,5.5,5.2,5.4,57725
2004-10-09 00:00:00+05:30,5.45,5.7,5.4,5.65,60215
2004-10-11 00:00:00+05:30,5.6,6.15,5.35,5.6,227632
2004-10-12 00:00:00+05:30,5.55,5.9,5.35,5.45,62958
2004-10-14 00:00:00+05:30,5.75,5.75,5.3,5.3,22050
2004-10-15 00:00:00+05:30,5.3,5.4,5.15,5.15,56861
2004-10-18 00:00:00+05:30,5.2,5.35,5.05,5.1,50437
2004-10-19 00:00:00+05:30,5.1,5.2,5.0,5.1,19774
2004-10-20 00:00:00+05:30,5.2,5.25,4.95,5.0,110307
2004-10-21 00:00:00+05:30,5.1,5.1,4.95,5.0,40678
2004-10-25 00:00:00+05:30,4.8,5.0,4.75,4.9,82634
2004-10-26 00:00:00+05:30,4.95,5.05,4.9,4.9,14950
2004-10-27 00:00:00+05:30,4.9,5.0,4.9,4.9,29084
2004-10-28 00:00:00+05:30,5.0,5.0,4.8,4.9,43630
2004-10-29 00:00:00+05:30,5.0,5.0,4.85,4.9,30829
2004-11-01 00:00:00+05:30,4.9,4.9,4.75,4.85,42236
2004-11-02 00:00:00+05:30,4.75,4.95,4.75,4.9,44706
2004-11-03 00:00:00+05:30,4.8,5.0,4.65,4.75,178376
2004-11-04 00:00:00+05:30,4.9,5.0,4.8,4.85,112749
2004-11-05 00:00:00+05:30,5.2,5.2,4.8,5.0,40284
2004-11-08 00:00:00+05:30,5.05,5.5,5.05,5.2,498163
2004-11-09 00:00:00+05:30,5.3,5.35,4.85,4.9,103838
2004-11-10 00:00:00+05:30,5.0,5.05,4.85,4.9,79742
2004-11-11 00:00:00+05:30,5.0,5.1,4.85,4.95,76429
2004-11-12 00:00:00+05:30,5.15,5.15,4.85,4.95,49090
2004-11-16 00:00:00+05:30,5.0,5.2,4.8,5.15,75695
2004-11-17 00:00:00+05:30,5.25,5.45,5.2,5.35,218230
2004-11-18 00:00:00+05:30,5.4,5.75,5.4,5.7,386584
2004-11-19 00:00:00+05:30,5.7,5.8,5.5,5.5,198890
2004-11-22 00:00:00+05:30,5.7,6.6,5.55,6.6,779111
2004-11-23 00:00:00+05:30,6.8,7.0,6.15,6.3,746082
2004-11-24 00:00:00+05:30,6.85,6.9,6.15,6.2,354251
2004-11-25 00:00:00+05:30,6.15,6.55,5.9,5.95,312230
2004-11-29 00:00:00+05:30,6.2,6.25,5.9,6.0,276702
2004-11-30 00:00:00+05:30,6.05,6.25,5.6,5.7,225572
2004-12-01 00:00:00+05:30,5.9,6.2,5.6,6.05,217364
2004-12-02 00:00:00+05:30,6.2,6.4,5.95,6.0,179946
2004-12-03 00:00:00+05:30,6.2,6.2,5.8,5.85,130540
2004-12-06 00:00:00+05:30,5.5,6.15,5.5,6.05,168519
2004-12-07 00:00:00+05:30,5.9,6.2,5.9,6.05,195935
2004-12-08 00:00:00+05:30,6.15,6.2,5.95,6.05,325427
2004-12-09 00:00:00+05:30,6.25,6.35,6.1,6.15,235427
2004-12-10 00:00:00+05:30,6.25,6.75,6.2,6.3,506398
2004-12-13 00:00:00+05:30,6.55,6.85,6.4,6.65,378158
2004-12-14 00:00:00+05:30,6.65,6.95,6.65,6.8,351831
2004-12-15 00:00:00+05:30,7.0,7.25,6.8,6.85,579881
2004-12-16 00:00:00+05:30,6.95,6.95,6.55,6.6,237046
2004-12-17 00:00:00+05:30,6.55,7.1,6.55,6.7,524814
2004-12-20 00:00:00+05:30,7.0,7.15,6.8,6.95,373813
2004-12-21 00:00:00+05:30,7.2,7.7,6.95,7.25,1164887
2004-12-22 00:00:00+05:30,7.45,7.45,6.8,6.95,410183
2004-12-23 00:00:00+05:30,6.95,7.3,6.95,7.2,405510
2004-12-24 00:00:00+05:30,7.2,7.5,7.1,7.4,534816
2004-12-27 00:00:00+05:30,7.3,8.9,7.0,8.9,1785902
2004-12-28 00:00:00+05:30,9.4,10.7,8.65,10.7,3149633
2004-12-29 00:00:00+05:30,11.8,11.9,10.0,10.2,3643545
2004-12-30 00:00:00+05:30,10.5,10.55,9.5,9.65,933683
2004-12-31 00:00:00+05:30,9.7,10.6,9.65,10.05,1161828
2005-01-03 00:00:00+05:30,10.4,10.4,9.8,9.95,764948
2005-01-04 00:00:00+05:30,10.0,10.7,9.65,10.3,1620031
2005-01-05 00:00:00+05:30,10.3,10.6,8.5,9.4,1332970
2005-01-06 00:00:00+05:30,9.95,9.95,8.6,9.1,643442
2005-01-07 00:00:00+05:30,9.45,9.45,8.8,9.1,530984
2005-01-10 00:00:00+05:30,9.45,10.7,9.3,10.1,1819271
2005-01-11 00:00:00+05:30,10.5,10.8,9.5,9.7,1095731
2005-01-12 00:00:00+05:30,9.9,10.2,8.5,8.8,737904
2005-01-13 00:00:00+05:30,9.2,10.0,8.9,9.1,501963
2005-01-14 00:00:00+05:30,9.25,9.3,8.7,8.8,265372
2005-01-17 00:00:00+05:30,9.0,9.0,8.0,8.2,352903
2005-01-18 00:00:00+05:30,8.45,8.95,8.3,8.4,286257
2005-01-19 00:00:00+05:30,8.4,8.65,8.3,8.35,260463
2005-01-20 00:00:00+05:30,8.5,8.5,7.95,8.1,210606
2005-01-24 00:00:00+05:30,8.15,8.2,7.55,7.65,161690
2005-01-25 00:00:00+05:30,7.8,8.0,7.0,7.9,378245
2005-01-27 00:00:00+05:30,8.0,8.5,8.0,8.2,284877
2005-01-28 00:00:00+05:30,8.5,8.5,8.25,8.3,225693
2005-01-31 00:00:00+05:30,8.7,8.75,8.4,8.45,276157
2005-02-01 00:00:00+05:30,8.4,9.2,7.65,8.75,826764
2005-02-02 00:00:00+05:30,8.95,10.5,8.85,10.5,2929572
2005-02-03 00:00:00+05:30,11.0,12.6,11.0,12.6,4803303
2005-02-04 00:00:00+05:30,13.9,13.9,13.3,13.9,3052675
2005-02-07 00:00:00+05:30,14.85,15.15,12.55,12.75,4437569
2005-02-08 00:00:00+05:30,12.8,13.95,12.6,13.5,2663633
2005-02-09 00:00:00+05:30,13.5,14.85,12.65,14.5,7477603
2005-02-10 00:00:00+05:30,14.75,14.75,13.2,13.4,2593297
2005-02-11 00:00:00+05:30,13.6,14.0,13.3,13.45,1020155
2005-02-14 00:00:00+05:30,13.7,13.95,12.7,12.8,1043220
2005-02-15 00:00:00+05:30,13.15,13.15,12.05,12.6,1075490
2005-02-16 00:00:00+05:30,12.7,13.0,11.9,12.05,565979
2005-02-17 00:00:00+05:30,12.2,12.8,11.4,12.05,1267682
2005-02-18 00:00:00+05:30,12.05,12.75,11.85,12.05,816885
2005-02-21 00:00:00+05:30,12.35,12.35,11.7,11.85,429243
2005-02-22 00:00:00+05:30,11.7,11.9,11.25,11.3,459911
2005-02-23 00:00:00+05:30,11.3,12.45,11.3,12.45,519224
2005-02-24 00:00:00+05:30,13.3,13.35,12.0,12.2,1080508
2005-02-25 00:00:00+05:30,12.2,12.45,11.5,11.65,457797
2005-02-28 00:00:00+05:30,12.0,12.3,11.45,11.55,677253
2005-03-01 00:00:00+05:30,11.65,11.7,11.0,11.15,344891
2005-03-02 00:00:00+05:30,11.25,11.55,11.15,11.25,351501
2005-03-03 00:00:00+05:30,11.4,11.4,10.9,11.0,523639
2005-03-04 00:00:00+05:30,11.2,11.3,10.75,10.9,699724
2005-03-07 00:00:00+05:30,10.4,11.0,10.25,10.3,522752
2005-03-08 00:00:00+05:30,10.4,11.35,10.2,11.35,491299
2005-03-09 00:00:00+05:30,11.75,12.0,10.6,10.85,886822
2005-03-10 00:00:00+05:30,11.0,11.3,10.55,11.0,435153
2005-03-11 00:00:00+05:30,11.5,11.5,10.4,10.75,361605
2005-03-14 00:00:00+05:30,10.9,11.0,10.3,10.35,257535
2005-03-15 00:00:00+05:30,10.5,10.65,10.0,10.1,242763
2005-03-16 00:00:00+05:30,10.4,10.4,10.0,10.1,273352
2005-03-17 00:00:00+05:30,10.2,10.8,9.1,9.95,898589
2005-03-18 00:00:00+05:30,10.25,10.25,9.4,10.0,495952
2005-03-21 00:00:00+05:30,10.1,10.4,9.75,9.85,450270
2005-03-22 00:00:00+05:30,9.6,10.7,9.6,10.15,1170250
2005-03-23 00:00:00+05:30,10.5,10.9,9.75,9.9,1323377
2005-03-24 00:00:00+05:30,10.25,10.35,9.6,9.75,554029
2005-03-28 00:00:00+05:30,9.85,10.0,9.35,9.45,296238
2005-03-29 00:00:00+05:30,9.4,9.4,8.5,8.6,473092
2005-03-30 00:00:00+05:30,8.25,9.5,8.25,9.2,269028
2005-03-31 00:00:00+05:30,9.6,9.75,9.25,9.4,248058
2005-04-01 00:00:00+05:30,9.85,10.0,9.6,9.95,231320
2005-04-04 00:00:00+05:30,10.0,10.25,9.75,9.85,241091
2005-04-05 00:00:00+05:30,9.9,10.1,9.5,9.6,116958
2005-04-06 00:00:00+05:30,9.65,10.35,9.65,10.1,606273
2005-04-07 00:00:00+05:30,10.2,10.45,9.85,9.9,614765
2005-04-08 00:00:00+05:30,10.3,10.3,8.95,9.1,744350
2005-04-11 00:00:00+05:30,9.25,9.25,9.0,9.05,287365
2005-04-12 00:00:00+05:30,9.25,9.4,9.05,9.1,143563
2005-04-13 00:00:00+05:30,8.9,9.35,8.9,9.0,225079
2005-04-15 00:00:00+05:30,9.1,9.1,8.55,8.65,226178
2005-04-18 00:00:00+05:30,8.5,8.6,8.35,8.45,198568
2005-04-19 00:00:00+05:30,8.75,9.0,8.1,8.25,162912
2005-04-20 00:00:00+05:30,8.4,8.55,8.1,8.25,187816
2005-04-21 00:00:00+05:30,8.25,8.7,8.2,8.6,191458
2005-04-22 00:00:00+05:30,8.65,9.4,8.65,8.75,132775
2005-04-25 00:00:00+05:30,8.75,8.75,8.5,8.55,116986
2005-04-26 00:00:00+05:30,8.6,8.8,8.5,8.55,143494
2005-04-27 00:00:00+05:30,8.7,8.7,8.5,8.5,107692
2005-04-28 00:00:00+05:30,8.45,8.55,8.3,8.35,80054
2005-04-29 00:00:00+05:30,8.4,8.45,8.15,8.15,95138
2005-05-02 00:00:00+05:30,8.3,8.5,7.75,7.85,119049
2005-05-03 00:00:00+05:30,7.7,7.9,7.55,7.7,149035
2005-05-04 00:00:00+05:30,7.8,8.0,7.6,7.95,115538
2005-05-05 00:00:00+05:30,8.1,8.45,7.9,8.0,240395
2005-05-06 00:00:00+05:30,8.05,8.1,7.75,7.9,117619
2005-05-09 00:00:00+05:30,8.0,8.15,7.85,7.95,197164
2005-05-10 00:00:00+05:30,7.9,8.15,7.85,7.9,168587
2005-05-11 00:00:00+05:30,7.9,8.05,7.8,7.85,158758
2005-05-12 00:00:00+05:30,8.05,8.55,7.95,8.4,413294
2005-05-13 00:00:00+05:30,8.65,9.15,8.45,9.0,507775
2005-05-16 00:00:00+05:30,9.05,9.1,8.85,8.95,262261
2005-05-17 00:00:00+05:30,9.1,9.15,8.4,8.45,240007
2005-05-18 00:00:00+05:30,8.5,8.65,8.3,8.5,266699
2005-05-19 00:00:00+05:30,8.75,9.0,8.7,8.85,251779
2005-05-20 00:00:00+05:30,9.0,9.1,8.8,8.9,175440
2005-05-23 00:00:00+05:30,9.15,9.65,8.9,9.4,660846
2005-05-24 00:00:00+05:30,9.0,9.7,9.0,9.35,250058
2005-05-25 00:00:00+05:30,9.3,9.75,9.1,9.3,211973
2005-05-26 00:00:00+05:30,10.95,10.95,8.5,9.5,371067
2005-05-27 00:00:00+05:30,9.4,9.85,9.25,9.4,478849
2005-05-30 00:00:00+05:30,8.6,9.5,8.6,9.1,205465
2005-05-31 00:00:00+05:30,9.1,9.15,8.9,9.0,163528
2005-06-01 00:00:00+05:30,8.75,9.4,8.75,9.15,322147
2005-06-02 00:00:00+05:30,9.1,9.35,8.75,8.85,232460
2005-06-03 00:00:00+05:30,9.0,9.15,8.8,8.9,392414
2005-06-04 00:00:00+05:30,8.95,9.65,8.9,9.55,521965
2005-06-06 00:00:00+05:30,9.9,9.95,9.55,9.65,635821
2005-06-07 00:00:00+05:30,9.25,10.5,9.25,10.2,1020495
2005-06-08 00:00:00+05:30,10.65,11.15,10.05,10.3,2070510
2005-06-09 00:00:00+05:30,10.45,10.65,10.05,10.35,783457
2005-06-10 00:00:00+05:30,10.35,10.55,10.05,10.05,397527
2005-06-13 00:00:00+05:30,9.75,10.35,9.7,10.2,301181
2005-06-14 00:00:00+05:30,10.45,10.5,9.8,9.9,405191
2005-06-15 00:00:00+05:30,10.25,10.25,9.95,10.0,430914
2005-06-16 00:00:00+05:30,10.1,10.25,9.4,9.45,415246
2005-06-17 00:00:00+05:30,9.35,9.55,9.0,9.15,322521
2005-06-20 00:00:00+05:30,9.3,9.7,8.75,8.8,231241
2005-06-21 00:00:00+05:30,8.8,9.2,8.8,8.95,249957
2005-06-22 00:00:00+05:30,9.0,9.05,8.0,8.2,900765
2005-06-23 00:00:00+05:30,8.45,9.05,8.2,8.85,689104
2005-06-24 00:00:00+05:30,8.8,9.1,8.7,8.75,508660
2005-06-27 00:00:00+05:30,9.8,9.8,8.55,8.6,435965
2005-06-28 00:00:00+05:30,9.0,9.0,8.55,8.55,143005
2005-06-29 00:00:00+05:30,8.75,9.15,8.6,8.95,464081
2005-06-30 00:00:00+05:30,9.2,9.2,8.7,8.75,253324
2005-07-01 00:00:00+05:30,9.0,9.05,8.6,8.7,188086
2005-07-04 00:00:00+05:30,8.55,9.1,8.55,8.9,418920
2005-07-05 00:00:00+05:30,9.0,9.1,8.7,8.75,470024
2005-07-06 00:00:00+05:30,8.8,9.1,8.8,8.95,259542
2005-07-07 00:00:00+05:30,9.5,9.5,8.8,8.85,226118
2005-07-08 00:00:00+05:30,8.85,9.05,8.75,8.75,222386
2005-07-11 00:00:00+05:30,8.9,9.1,8.85,8.9,352766
2005-07-12 00:00:00+05:30,9.45,9.45,8.7,8.75,271246
2005-07-13 00:00:00+05:30,8.95,9.35,8.75,8.95,641945
2005-07-14 00:00:00+05:30,9.25,9.7,8.8,9.05,942947
2005-07-15 00:00:00+05:30,9.65,9.8,9.2,9.55,628039
2005-07-18 00:00:00+05:30,9.95,10.45,9.7,10.25,1621214
2005-07-19 00:00:00+05:30,10.6,10.6,10.1,10.25,1043520
2005-07-20 00:00:00+05:30,10.2,12.3,10.2,12.3,4189398
2005-07-21 00:00:00+05:30,12.8,13.4,11.5,11.75,3846225
2005-07-22 00:00:00+05:30,12.25,12.4,11.55,11.7,1347550
2005-07-25 00:00:00+05:30,12.0,12.25,11.25,11.35,926212
2005-07-26 00:00:00+05:30,11.1,11.45,10.4,10.7,674625
2005-07-27 00:00:00+05:30,10.7,10.8,10.2,10.5,395785
2005-07-29 00:00:00+05:30,10.25,10.5,10.0,10.1,395087
2005-08-01 00:00:00+05:30,10.2,11.35,9.8,11.05,1172225
2005-08-02 00:00:00+05:30,11.35,11.45,11.0,11.3,735184
2005-08-03 00:00:00+05:30,11.35,11.35,10.6,10.85,387350
2005-08-04 00:00:00+05:30,10.95,11.25,10.6,10.7,315325
2005-08-05 00:00:00+05:30,10.55,10.85,10.5,10.65,345024
2005-08-08 00:00:00+05:30,10.4,10.9,10.3,10.5,376810
2005-08-09 00:00:00+05:30,10.7,11.15,10.5,11.0,711635
2005-08-10 00:00:00+05:30,11.0,12.4,11.0,12.2,2630163
2005-08-11 00:00:00+05:30,12.9,14.1,12.4,13.2,3751328
2005-08-12 00:00:00+05:30,13.45,15.85,12.85,15.85,10807514
2005-08-16 00:00:00+05:30,16.1,18.85,16.1,17.85,9412069
2005-08-17 00:00:00+05:30,18.25,19.65,17.7,19.65,8434821
2005-08-18 00:00:00+05:30,20.5,21.6,20.0,21.25,9513733
2005-08-19 00:00:00+05:30,22.0,23.4,21.7,23.4,5923577
2005-08-22 00:00:00+05:30,25.4,25.75,24.05,25.75,4388486
2005-08-23 00:00:00+05:30,26.75,28.15,23.35,23.7,11263271
2005-08-24 00:00:00+05:30,24.0,24.9,23.7,24.9,2616141
2005-08-25 00:00:00+05:30,26.15,26.15,24.55,25.25,4573406
2005-08-26 00:00:00+05:30,25.4,25.95,24.0,24.15,1861589
2005-08-29 00:00:00+05:30,25.3,25.3,22.95,23.1,2308338
2005-08-30 00:00:00+05:30,23.25,23.9,22.4,22.7,2077756
2005-08-31 00:00:00+05:30,22.95,23.85,22.0,23.85,1888486
2005-09-01 00:00:00+05:30,24.6,25.05,23.55,23.9,2151062
2005-09-02 00:00:00+05:30,24.0,24.45,23.05,23.15,1070753
2005-09-05 00:00:00+05:30,23.45,24.0,22.5,23.05,1059097
2005-09-06 00:00:00+05:30,23.2,23.6,22.2,22.4,827576
2005-09-08 00:00:00+05:30,22.95,23.55,22.6,23.55,954833
2005-09-09 00:00:00+05:30,24.05,24.75,24.05,24.75,505034
2005-09-12 00:00:00+05:30,26.0,26.0,26.0,26.0,270900
2005-09-13 00:00:00+05:30,27.3,27.3,27.3,27.3,285708
2005-09-14 00:00:00+05:30,28.7,28.7,28.7,28.7,525129
2005-09-15 00:00:00+05:30,30.15,30.15,30.15,30.15,310962
2005-09-16 00:00:00+05:30,31.7,31.7,31.7,31.7,467172
2005-09-19 00:00:00+05:30,33.3,33.3,33.3,33.3,418503
2005-09-20 00:00:00+05:30,35.0,35.0,33.6,35.0,5889373
2005-09-21 00:00:00+05:30,36.75,36.75,33.25,36.7,10092756
2005-09-22 00:00:00+05:30,36.0,37.5,34.9,34.9,3378744
2005-09-23 00:00:00+05:30,33.15,35.6,33.15,34.7,5775532
2005-09-26 00:00:00+05:30,35.0,36.45,34.1,36.45,1661635
2005-09-27 00:00:00+05:30,37.5,38.3,37.25,38.3,1152901
2005-09-28 00:00:00+05:30,39.9,40.25,38.2,39.1,3553894
2005-09-29 00:00:00+05:30,39.8,40.25,37.15,37.25,2244822
2005-09-30 00:00:00+05:30,38.0,38.5,35.4,36.05,2209930
2005-10-03 00:00:00+05:30,35.95,36.7,34.3,34.7,1103206
2005-10-04 00:00:00+05:30,35.0,36.45,34.75,36.45,745302
2005-10-05 00:00:00+05:30,37.6,38.3,36.9,38.3,1344388
2005-10-06 00:00:00+05:30,39.9,40.2,37.5,38.2,1804410
2005-10-07 00:00:00+05:30,37.95,39.55,36.65,37.3,845597
2005-10-10 00:00:00+05:30,36.0,39.15,36.0,37.4,1272193
2005-10-11 00:00:00+05:30,37.85,38.25,35.65,36.65,942405
2005-10-13 00:00:00+05:30,36.55,37.25,35.7,35.95,770537
2005-10-14 00:00:00+05:30,36.4,36.4,34.15,34.4,705368
2005-10-17 00:00:00+05:30,34.9,35.3,32.7,32.75,1063469
2005-10-18 00:00:00+05:30,33.95,34.4,31.6,33.9,964511
2005-10-19 00:00:00+05:30,35.0,35.0,32.2,32.2,633693
2005-10-20 00:00:00+05:30,33.1,33.1,30.6,30.6,501301
2005-10-21 00:00:00+05:30,29.1,32.0,29.1,31.5,845239
2005-10-24 00:00:00+05:30,32.4,32.4,29.95,29.95,508960
2005-10-25 00:00:00+05:30,29.0,30.9,28.45,28.5,334754
2005-10-26 00:00:00+05:30,27.3,27.95,27.1,27.1,409498
2005-10-27 00:00:00+05:30,28.15,28.15,25.75,25.75,788021
2005-10-28 00:00:00+05:30,24.55,25.0,24.5,24.5,999270
2005-10-31 00:00:00+05:30,24.05,25.45,24.0,25.05,548575
2005-11-01 00:00:00+05:30,25.75,26.3,25.15,26.25,395887
2005-11-02 00:00:00+05:30,26.95,27.2,25.5,26.5,719451
2005-11-07 00:00:00+05:30,27.4,27.85,27.4,27.85,59612
2005-11-08 00:00:00+05:30,29.25,29.25,29.25,29.25,25280
2005-11-09 00:00:00+05:30,30.75,30.75,30.75,30.75,36866
2005-11-10 00:00:00+05:30,32.3,32.3,32.3,32.3,46449
2005-11-11 00:00:00+05:30,33.95,33.95,33.95,33.95,70841
2005-11-14 00:00:00+05:30,35.65,35.65,34.5,35.65,3160417
2005-11-16 00:00:00+05:30,34.0,37.45,33.9,36.4,2339607
2005-11-17 00:00:00+05:30,36.4,36.45,34.6,34.6,642208
2005-11-18 00:00:00+05:30,33.1,36.15,33.1,35.8,1008623
2005-11-21 00:00:00+05:30,35.5,36.2,34.15,34.4,386692
2005-11-22 00:00:00+05:30,34.0,34.95,33.3,34.1,678545
2005-11-23 00:00:00+05:30,34.5,35.0,33.2,33.9,301463
2005-11-24 00:00:00+05:30,34.9,35.6,33.3,34.95,1408943
2005-11-25 00:00:00+05:30,35.15,35.5,34.25,34.65,355032
2005-11-26 00:00:00+05:30,35.5,35.95,34.6,34.85,216007
2005-11-28 00:00:00+05:30,35.25,35.3,34.1,34.85,426611
2005-11-29 00:00:00+05:30,34.05,34.65,33.55,33.75,331274
2005-11-30 00:00:00+05:30,34.0,34.45,32.1,32.35,352348
2005-12-01 00:00:00+05:30,32.75,33.25,32.1,32.95,311027
2005-12-02 00:00:00+05:30,33.35,33.6,31.3,31.35,298263
2005-12-05 00:00:00+05:30,29.9,31.4,29.8,29.8,310100
2005-12-06 00:00:00+05:30,29.85,31.3,28.5,31.3,541186
2005-12-07 00:00:00+05:30,32.45,32.9,32.45,32.9,279439
2005-12-08 00:00:00+05:30,33.85,34.55,32.55,32.75,770862
2005-12-09 00:00:00+05:30,33.2,33.2,31.5,31.9,275096
2005-12-12 00:00:00+05:30,32.0,33.5,31.5,31.75,300806
2005-12-13 00:00:00+05:30,31.15,32.6,30.7,31.8,351943
2005-12-14 00:00:00+05:30,31.8,32.2,31.0,31.35,237537
2005-12-15 00:00:00+05:30,31.6,31.75,30.0,30.2,192774
2005-12-16 00:00:00+05:30,30.95,31.7,29.5,30.95,333781
2005-12-19 00:00:00+05:30,31.3,34.05,30.3,34.05,1103369
2005-12-20 00:00:00+05:30,36.9,37.5,35.15,36.25,1585357
2005-12-21 00:00:00+05:30,36.85,39.3,36.5,37.65,2182025
2005-12-22 00:00:00+05:30,37.9,38.4,35.8,36.2,709951
2005-12-23 00:00:00+05:30,36.3,36.6,34.4,34.95,775870
2005-12-26 00:00:00+05:30,34.2,35.2,33.2,33.2,326991
2005-12-27 00:00:00+05:30,32.2,34.2,32.2,33.35,402213
2005-12-28 00:00:00+05:30,33.7,34.2,33.0,33.4,233462
2005-12-29 00:00:00+05:30,33.3,35.1,33.3,35.1,430583
2005-12-30 00:00:00+05:30,36.7,36.9,35.25,36.9,540122
2006-01-02 00:00:00+05:30,38.65,38.75,37.5,38.75,2645248
2006-01-03 00:00:00+05:30,39.25,40.15,37.55,38.3,1265121
2006-01-04 00:00:00+05:30,38.75,38.9,36.4,36.7,652070
2006-01-05 00:00:00+05:30,36.7,38.55,36.25,38.55,625597
2006-01-06 00:00:00+05:30,40.5,40.5,39.45,40.5,3346767
2006-01-09 00:00:00+05:30,42.55,42.55,40.05,42.15,3038728
2006-01-10 00:00:00+05:30,42.5,42.5,40.05,40.6,3493672
2006-01-12 00:00:00+05:30,40.0,42.65,38.8,42.65,4087681
2006-01-13 00:00:00+05:30,43.25,44.8,42.5,43.5,2827829
2006-01-16 00:00:00+05:30,44.0,45.0,42.7,43.0,1211820
2006-01-17 00:00:00+05:30,43.4,45.15,42.8,45.15,1431245
2006-01-18 00:00:00+05:30,45.95,45.95,43.5,44.85,2015978
2006-01-19 00:00:00+05:30,45.2,46.8,45.2,45.5,1020621
2006-01-20 00:00:00+05:30,45.95,46.5,44.6,45.9,909534
2006-01-23 00:00:00+05:30,46.9,48.2,45.5,45.9,1026406
2006-01-24 00:00:00+05:30,46.25,47.0,45.0,45.2,957072
2006-01-25 00:00:00+05:30,45.3,45.85,42.95,42.95,658969
2006-01-27 00:00:00+05:30,42.1,42.5,40.85,40.95,773595
2006-01-30 00:00:00+05:30,41.5,43.0,39.9,40.55,915556
2006-01-31 00:00:00+05:30,40.9,42.6,38.75,42.35,2064409
2006-02-01 00:00:00+05:30,43.0,43.4,40.25,40.25,727760
2006-02-02 00:00:00+05:30,40.5,41.3,38.95,39.5,494600
2006-02-03 00:00:00+05:30,39.6,39.65,37.6,37.75,522914
2006-02-06 00:00:00+05:30,38.6,39.0,37.0,38.0,497729
2006-02-07 00:00:00+05:30,37.55,37.9,36.1,36.15,772990
2006-02-08 00:00:00+05:30,36.0,36.25,34.5,34.8,808262
2006-02-10 00:00:00+05:30,35.0,38.3,33.65,38.3,674645
2006-02-13 00:00:00+05:30,41.4,41.4,38.35,39.3,1212746
2006-02-14 00:00:00+05:30,39.8,39.8,37.0,37.4,360451
2006-02-15 00:00:00+05:30,37.95,39.1,36.15,36.7,390944
2006-02-16 00:00:00+05:30,36.5,37.65,34.85,35.35,598906
2006-02-17 00:00:00+05:30,35.85,36.85,34.6,35.65,1097141
2006-02-20 00:00:00+05:30,35.9,38.2,35.0,35.85,834953
2006-02-21 00:00:00+05:30,35.9,35.95,35.1,35.3,322953
2006-02-22 00:00:00+05:30,35.8,38.75,35.55,36.8,1289503
2006-02-23 00:00:00+05:30,37.1,38.35,35.8,36.45,710034
2006-02-24 00:00:00+05:30,36.25,36.7,35.7,35.95,335044
2006-02-27 00:00:00+05:30,36.05,37.0,35.95,36.25,474325
2006-02-28 00:00:00+05:30,36.6,37.0,35.65,36.4,648028
2006-03-01 00:00:00+05:30,36.5,36.5,34.9,35.4,502222
2006-03-02 00:00:00+05:30,35.9,36.0,35.0,35.5,340272
2006-03-03 00:00:00+05:30,35.55,35.6,34.55,34.85,256165
2006-03-06 00:00:00+05:30,34.9,35.6,33.5,33.9,462904
2006-03-07 00:00:00+05:30,33.55,34.7,33.0,33.3,488910
2006-03-08 00:00:00+05:30,33.75,35.25,33.1,33.5,698920
2006-03-09 00:00:00+05:30,33.0,34.1,33.0,33.35,249419
2006-03-10 00:00:00+05:30,33.5,34.25,33.2,33.55,415259
2006-03-13 00:00:00+05:30,34.5,34.5,32.1,32.5,211859
2006-03-14 00:00:00+05:30,32.9,35.75,32.1,35.75,438373
2006-03-16 00:00:00+05:30,39.35,39.35,35.55,37.4,1862845
2006-03-17 00:00:00+05:30,35.4,37.25,35.3,35.9,1435730
2006-03-20 00:00:00+05:30,35.25,37.0,34.5,35.8,983828
2006-03-21 00:00:00+05:30,35.5,36.0,34.1,34.25,464465
2006-03-22 00:00:00+05:30,34.1,35.05,33.7,33.95,489930
2006-03-23 00:00:00+05:30,34.3,35.0,33.1,33.4,358469
2006-03-24 00:00:00+05:30,33.5,34.2,33.1,33.45,375114
2006-03-27 00:00:00+05:30,34.0,34.5,33.75,34.05,509200
2006-03-28 00:00:00+05:30,34.0,34.3,33.2,33.6,1192070
2006-03-29 00:00:00+05:30,33.75,35.5,33.75,34.75,461717
2006-03-30 00:00:00+05:30,35.25,38.25,35.25,38.25,1010414
2006-03-31 00:00:00+05:30,39.8,40.7,36.6,37.1,752232
2006-04-03 00:00:00+05:30,37.75,39.95,37.6,38.85,1141376
2006-04-04 00:00:00+05:30,39.2,40.1,37.0,37.6,379463
2006-04-05 00:00:00+05:30,37.2,38.3,36.55,36.8,402714
2006-04-07 00:00:00+05:30,37.2,38.45,35.0,35.55,441934
2006-04-10 00:00:00+05:30,35.7,36.0,33.55,34.2,404969
2006-04-12 00:00:00+05:30,34.5,34.6,33.5,34.0,374129
2006-04-13 00:00:00+05:30,33.3,35.45,33.0,33.6,588762
2006-04-17 00:00:00+05:30,34.8,34.8,33.4,34.3,711717
2006-04-18 00:00:00+05:30,35.05,35.5,34.25,35.0,453322
2006-04-19 00:00:00+05:30,36.0,36.5,34.8,35.0,404868
2006-04-20 00:00:00+05:30,34.85,35.0,33.55,33.9,228386
2006-04-21 00:00:00+05:30,34.0,34.2,33.25,33.55,177699
2006-04-24 00:00:00+05:30,33.4,34.0,32.05,32.65,265474
2006-04-25 00:00:00+05:30,33.0,34.0,32.0,32.15,248970
2006-04-26 00:00:00+05:30,32.45,38.6,32.05,38.6,957496
2006-04-27 00:00:00+05:30,40.6,43.55,37.1,38.15,2582164
2006-04-28 00:00:00+05:30,37.0,38.05,35.7,37.7,738323
2006-04-29 00:00:00+05:30,38.0,38.45,36.85,37.15,156049
2006-05-02 00:00:00+05:30,37.45,38.5,36.05,36.25,476609
2006-05-03 00:00:00+05:30,36.8,42.0,35.4,40.45,3140550
2006-05-04 00:00:00+05:30,40.75,48.55,40.5,48.55,7406344
2006-05-05 00:00:00+05:30,54.0,58.3,51.1,54.15,11992034
2006-05-08 00:00:00+05:30,55.9,56.4,49.75,51.95,3668353
2006-05-09 00:00:00+05:30,52.5,56.0,46.8,52.6,6091883
2006-05-10 00:00:00+05:30,56.0,56.0,49.5,50.0,2560374
2006-05-11 00:00:00+05:30,46.0,51.2,45.0,46.05,1919408
2006-05-12 00:00:00+05:30,46.0,47.9,44.7,46.55,1520110
2006-05-15 00:00:00+05:30,47.5,50.95,43.55,44.6,2953134
2006-05-16 00:00:00+05:30,45.4,46.85,39.3,42.95,1910745
2006-05-17 00:00:00+05:30,43.9,50.0,43.5,48.75,2448925
2006-05-18 00:00:00+05:30,48.0,48.0,40.5,41.1,2490099
2006-05-19 00:00:00+05:30,42.2,44.8,38.15,39.3,1922657
2006-05-22 00:00:00+05:30,41.0,41.1,31.45,32.9,1207634
2006-05-23 00:00:00+05:30,33.15,35.5,31.0,34.9,885867
2006-05-24 00:00:00+05:30,35.9,37.0,34.0,34.95,676442
2006-05-25 00:00:00+05:30,36.0,36.0,33.5,34.3,359638
2006-05-26 00:00:00+05:30,34.7,37.5,34.55,34.9,754872
2006-05-29 00:00:00+05:30,35.35,36.4,34.1,34.85,426714
2006-05-30 00:00:00+05:30,34.95,37.75,34.65,35.15,852576
2006-05-31 00:00:00+05:30,35.0,35.0,32.0,32.95,551964
2006-06-01 00:00:00+05:30,33.5,34.7,30.1,31.15,478001
2006-06-02 00:00:00+05:30,31.4,32.0,25.75,27.85,1686537
2006-06-05 00:00:00+05:30,29.5,29.5,26.1,26.45,576316
2006-06-06 00:00:00+05:30,25.5,26.9,24.5,26.15,592670
2006-06-07 00:00:00+05:30,25.0,27.2,21.05,22.3,1274944
2006-06-08 00:00:00+05:30,23.0,23.0,18.4,19.35,1944648
2006-06-09 00:00:00+05:30,20.25,23.25,18.1,23.05,1432422
2006-06-12 00:00:00+05:30,23.45,24.0,20.5,21.45,947780
2006-06-13 00:00:00+05:30,22.0,22.0,18.7,19.3,2216744
2006-06-14 00:00:00+05:30,19.65,21.9,18.0,18.3,1486543
2006-06-15 00:00:00+05:30,20.3,22.0,19.05,22.0,1220421
2006-06-16 00:00:00+05:30,23.0,25.2,20.65,21.7,2434098
2006-06-19 00:00:00+05:30,21.1,24.25,21.1,23.95,909112
2006-06-20 00:00:00+05:30,23.0,24.0,22.0,23.6,719779
2006-06-21 00:00:00+05:30,23.1,24.8,23.1,23.9,632354
2006-06-22 00:00:00+05:30,24.95,25.8,24.5,24.65,722723
2006-06-23 00:00:00+05:30,23.9,24.75,23.0,23.7,612386
2006-06-25 00:00:00+05:30,24.7,24.7,23.4,23.55,143722
2006-06-26 00:00:00+05:30,23.75,24.15,21.1,21.4,462991
2006-06-27 00:00:00+05:30,20.75,22.25,19.5,20.35,629906
2006-06-28 00:00:00+05:30,20.1,20.7,19.3,20.35,348093
2006-06-29 00:00:00+05:30,21.0,22.3,20.5,21.3,631455
2006-06-30 00:00:00+05:30,22.1,22.6,21.65,22.5,434790
2006-07-03 00:00:00+05:30,22.45,23.5,21.85,22.25,225560
2006-07-04 00:00:00+05:30,22.45,22.6,21.3,21.65,189093
2006-07-05 00:00:00+05:30,21.6,22.2,21.25,21.95,124925
2006-07-06 00:00:00+05:30,21.65,21.9,20.9,21.15,229623
2006-07-07 00:00:00+05:30,21.5,22.4,20.5,20.75,457548
2006-07-10 00:00:00+05:30,20.85,21.4,19.65,20.9,518266
2006-07-11 00:00:00+05:30,21.05,21.95,20.75,21.45,393800
2006-07-12 00:00:00+05:30,21.0,21.75,20.85,21.6,219739
2006-07-13 00:00:00+05:30,21.6,22.8,21.1,21.9,1363081
2006-07-14 00:00:00+05:30,21.7,21.7,19.5,20.5,596951
2006-07-17 00:00:00+05:30,20.7,21.0,19.4,19.7,265322
2006-07-18 00:00:00+05:30,19.7,20.3,18.8,18.95,273340
2006-07-19 00:00:00+05:30,19.45,19.45,16.5,16.8,1383128
2006-07-20 00:00:00+05:30,17.5,20.2,17.25,19.45,3587769
2006-07-21 00:00:00+05:30,19.5,19.95,18.0,18.65,697576
2006-07-24 00:00:00+05:30,18.15,19.4,17.5,19.0,635937
2006-07-25 00:00:00+05:30,19.4,21.4,19.2,20.75,1477991
2006-07-26 00:00:00+05:30,20.85,24.9,20.7,24.1,2532271
2006-07-27 00:00:00+05:30,25.0,25.9,24.3,24.55,1194648
2006-07-28 00:00:00+05:30,24.25,25.2,23.1,23.95,637933
2006-07-31 00:00:00+05:30,24.2,24.55,22.55,23.25,372017
2006-08-01 00:00:00+05:30,23.25,23.25,20.85,21.75,647710
2006-08-02 00:00:00+05:30,21.75,22.9,21.65,22.75,465291
2006-08-03 00:00:00+05:30,23.2,23.5,21.5,22.1,456520
2006-08-04 00:00:00+05:30,22.25,22.95,21.9,22.15,322847
2006-08-07 00:00:00+05:30,22.05,26.6,21.8,26.6,2232369
2006-08-08 00:00:00+05:30,28.0,30.8,27.3,27.55,3495530
2006-08-09 00:00:00+05:30,29.95,29.95,27.0,28.05,1075688
2006-08-10 00:00:00+05:30,28.9,28.9,27.4,27.75,915330
2006-08-11 00:00:00+05:30,27.2,28.4,26.85,27.0,1100377
2006-08-14 00:00:00+05:30,27.15,27.85,26.45,26.85,421991
2006-08-16 00:00:00+05:30,26.85,27.65,26.0,26.15,594144
2006-08-17 00:00:00+05:30,26.15,29.6,25.5,27.5,1888980
2006-08-18 00:00:00+05:30,27.9,27.9,26.45,26.65,1021736
2006-08-21 00:00:00+05:30,25.8,29.75,25.8,29.3,3888779
2006-08-22 00:00:00+05:30,28.3,31.3,28.3,30.7,5693757
2006-08-23 00:00:00+05:30,32.0,33.2,30.3,30.55,7406367
2006-08-24 00:00:00+05:30,30.6,30.9,29.5,29.65,1375308
2006-08-25 00:00:00+05:30,30.0,30.45,28.75,29.1,1390659
2006-08-28 00:00:00+05:30,29.2,29.25,27.0,27.25,1645251
2006-08-29 00:00:00+05:30,27.6,28.5,27.35,28.05,1507531
2006-08-30 00:00:00+05:30,28.35,28.5,27.0,27.3,877367
2006-08-31 00:00:00+05:30,27.5,27.85,26.4,26.8,790025
2006-09-01 00:00:00+05:30,26.65,26.9,26.05,26.4,730726
2006-09-04 00:00:00+05:30,26.4,28.0,26.4,27.4,1164476
2006-09-05 00:00:00+05:30,27.6,27.65,26.6,26.9,676438
2006-09-06 00:00:00+05:30,27.1,30.0,27.1,29.75,3786386
2006-09-07 00:00:00+05:30,29.45,32.0,29.25,31.85,4870560
2006-09-08 00:00:00+05:30,32.0,35.9,31.15,33.4,7332034
2006-09-11 00:00:00+05:30,33.5,33.8,30.0,30.5,2625247
2006-09-12 00:00:00+05:30,30.25,32.7,30.0,32.45,2194067
2006-09-13 00:00:00+05:30,33.0,35.4,32.8,33.85,2921788
2006-09-14 00:00:00+05:30,34.5,35.1,32.75,33.4,1884467
2006-09-15 00:00:00+05:30,33.8,34.0,32.05,33.4,1508676
2006-09-18 00:00:00+05:30,33.4,34.25,33.0,33.15,847347
2006-09-19 00:00:00+05:30,33.45,33.6,31.5,32.1,1227592
2006-09-20 00:00:00+05:30,31.5,33.05,31.2,32.85,940469
2006-09-21 00:00:00+05:30,33.5,33.9,33.0,33.55,1022458
2006-09-22 00:00:00+05:30,33.05,37.35,33.05,36.25,5855651
2006-09-25 00:00:00+05:30,36.25,36.85,34.8,35.2,1465644
2006-09-26 00:00:00+05:30,35.6,42.25,35.3,42.25,9694364
2006-09-27 00:00:00+05:30,43.8,50.7,41.15,48.05,21248054
2006-09-28 00:00:00+05:30,48.75,49.8,44.2,45.3,4701417
2006-09-29 00:00:00+05:30,45.3,47.5,44.3,45.25,3954852
2006-10-03 00:00:00+05:30,45.0,47.0,44.0,44.55,2440921
2006-10-04 00:00:00+05:30,44.65,46.9,44.55,45.5,2805257
2006-10-05 00:00:00+05:30,45.95,47.0,45.4,46.15,1743359
2006-10-06 00:00:00+05:30,46.65,48.35,46.0,47.0,1890568
2006-10-09 00:00:00+05:30,46.8,46.95,44.8,45.3,931235
2006-10-10 00:00:00+05:30,45.3,46.75,44.25,44.5,1201673
2006-10-11 00:00:00+05:30,44.6,45.25,39.7,40.45,1968345
2006-10-12 00:00:00+05:30,41.0,42.95,39.75,42.45,1588529
2006-10-13 00:00:00+05:30,42.95,44.0,42.45,43.25,1504888
2006-10-16 00:00:00+05:30,43.8,43.8,40.65,41.35,865977
2006-10-17 00:00:00+05:30,41.85,41.85,39.65,40.3,831641
2006-10-18 00:00:00+05:30,40.25,44.2,39.85,43.55,2298118
2006-10-19 00:00:00+05:30,44.25,44.65,41.5,41.8,1177413
2006-10-20 00:00:00+05:30,42.3,42.9,41.5,42.0,608888
2006-10-21 00:00:00+05:30,42.45,42.75,41.75,42.45,263499
2006-10-23 00:00:00+05:30,43.15,44.0,41.5,42.8,936440
2006-10-26 00:00:00+05:30,43.1,43.25,41.5,41.65,656983
2006-10-27 00:00:00+05:30,41.9,47.3,41.4,45.7,3880139
2006-10-30 00:00:00+05:30,53.0,53.0,45.05,45.3,3511487
2006-10-31 00:00:00+05:30,45.8,45.95,43.05,43.65,1211546
2006-11-01 00:00:00+05:30,43.5,44.6,42.15,42.9,918497
2006-11-02 00:00:00+05:30,43.0,45.2,42.55,43.15,1738574
2006-11-03 00:00:00+05:30,43.4,43.55,41.7,42.1,1003546
2006-11-06 00:00:00+05:30,49.8,49.8,42.05,42.4,1152829
2006-11-07 00:00:00+05:30,43.95,44.25,41.8,42.35,1645415
2006-11-08 00:00:00+05:30,50.0,50.0,41.25,41.75,914662
2006-11-09 00:00:00+05:30,42.45,42.45,41.2,41.4,476186
2006-11-10 00:00:00+05:30,41.5,41.9,39.1,40.85,575769
2006-11-13 00:00:00+05:30,41.35,44.0,40.7,43.55,1270843
2006-11-14 00:00:00+05:30,50.0,50.0,42.55,42.7,980637
2006-11-15 00:00:00+05:30,49.0,49.0,42.0,42.2,734705
2006-11-16 00:00:00+05:30,44.9,44.9,40.0,41.85,772330
2006-11-17 00:00:00+05:30,42.3,42.3,40.8,41.1,804956
2006-11-20 00:00:00+05:30,43.0,43.0,38.7,42.05,1124930
2006-11-21 00:00:00+05:30,50.0,50.0,41.25,41.45,676827
2006-11-22 00:00:00+05:30,42.4,42.4,40.25,40.65,1124666
2006-11-23 00:00:00+05:30,40.9,41.65,40.1,40.4,707995
2006-11-24 00:00:00+05:30,40.9,42.0,40.1,40.5,576403
2006-11-27 00:00:00+05:30,40.85,44.25,40.65,42.9,1837786
2006-11-28 00:00:00+05:30,42.55,44.5,41.35,42.45,1443926
2006-11-29 00:00:00+05:30,42.75,43.8,41.4,41.8,1001112
2006-11-30 00:00:00+05:30,42.95,43.45,41.5,41.7,848778
2006-12-01 00:00:00+05:30,42.0,43.2,42.0,42.5,734033
2006-12-04 00:00:00+05:30,43.25,43.5,42.1,42.2,735232
2006-12-05 00:00:00+05:30,42.8,43.5,42.1,42.25,733137
2006-12-06 00:00:00+05:30,42.9,42.9,41.3,41.55,538130
2006-12-07 00:00:00+05:30,41.0,43.3,39.0,41.65,1032222
2006-12-08 00:00:00+05:30,41.9,42.7,40.55,40.95,1110854
2006-12-11 00:00:00+05:30,41.15,41.5,37.2,38.65,1068281
2006-12-12 00:00:00+05:30,38.65,39.75,34.1,36.0,1246068
2006-12-13 00:00:00+05:30,36.8,38.85,34.5,35.45,1313701
2006-12-14 00:00:00+05:30,36.4,39.1,36.0,38.7,1331257
2006-12-15 00:00:00+05:30,39.4,39.9,37.55,37.8,595446
2006-12-18 00:00:00+05:30,38.35,38.9,37.3,38.4,513232
2006-12-19 00:00:00+05:30,37.0,38.5,36.0,36.8,698597
2006-12-20 00:00:00+05:30,37.05,37.6,35.1,35.85,687213
2006-12-21 00:00:00+05:30,36.0,37.2,35.4,36.85,346134
2006-12-22 00:00:00+05:30,37.1,44.25,36.5,44.25,2960791
2006-12-26 00:00:00+05:30,46.4,47.7,43.3,43.65,2582100
2006-12-27 00:00:00+05:30,44.4,44.45,42.1,42.4,709369
2006-12-28 00:00:00+05:30,42.8,45.0,41.6,43.05,1647457
2006-12-29 00:00:00+05:30,43.05,43.6,42.0,42.2,466281
2007-01-02 00:00:00+05:30,42.85,43.85,42.5,42.65,482476
2007-01-03 00:00:00+05:30,43.0,43.1,41.75,41.95,489653
2007-01-04 00:00:00+05:30,42.2,43.0,41.4,41.55,521467
2007-01-05 00:00:00+05:30,41.1,44.7,41.1,42.2,1048142
2007-01-08 00:00:00+05:30,42.2,42.5,40.5,41.15,517773
2007-01-09 00:00:00+05:30,41.5,41.9,40.6,40.9,378124
2007-01-10 00:00:00+05:30,41.2,41.3,38.8,38.95,771519
2007-01-11 00:00:00+05:30,39.15,40.1,38.5,39.8,679146
2007-01-12 00:00:00+05:30,40.0,42.95,39.85,42.35,1217226
2007-01-15 00:00:00+05:30,42.95,43.5,41.1,41.55,599160
2007-01-16 00:00:00+05:30,41.8,41.95,40.45,40.85,346321
2007-01-17 00:00:00+05:30,41.15,42.8,40.75,41.8,753502
2007-01-18 00:00:00+05:30,41.5,42.1,40.5,40.95,454429
2007-01-19 00:00:00+05:30,41.35,43.0,40.5,41.85,1269968
2007-01-22 00:00:00+05:30,43.5,43.65,40.0,40.1,797207
2007-01-23 00:00:00+05:30,39.75,41.3,39.75,40.95,617812
2007-01-24 00:00:00+05:30,41.1,41.45,40.4,41.05,506052
2007-01-25 00:00:00+05:30,41.5,41.5,40.35,40.9,420181
2007-01-29 00:00:00+05:30,41.1,42.2,40.55,40.75,580621
2007-01-31 00:00:00+05:30,40.95,41.2,40.0,40.2,300240
2007-02-01 00:00:00+05:30,40.25,41.5,38.55,41.05,772978
2007-02-02 00:00:00+05:30,41.2,41.2,39.6,39.85,433023
2007-02-05 00:00:00+05:30,40.45,40.5,39.5,39.6,284592
2007-02-06 00:00:00+05:30,39.8,39.85,38.5,38.7,417089
2007-02-07 00:00:00+05:30,39.0,41.95,38.85,40.1,1297523
2007-02-08 00:00:00+05:30,40.7,40.85,39.6,40.0,427920
2007-02-09 00:00:00+05:30,39.75,41.25,39.75,40.0,907469
2007-02-12 00:00:00+05:30,40.1,40.3,38.15,38.45,1399603
2007-02-13 00:00:00+05:30,38.0,39.6,38.0,38.5,841291
2007-02-14 00:00:00+05:30,38.2,39.25,38.05,39.1,483583
2007-02-15 00:00:00+05:30,39.6,40.3,39.3,40.05,587036
2007-02-19 00:00:00+05:30,40.5,41.25,39.8,40.0,476532
2007-02-20 00:00:00+05:30,40.4,40.4,39.9,40.0,312362
2007-02-21 00:00:00+05:30,40.0,40.3,39.1,39.8,257455
2007-02-22 00:00:00+05:30,39.9,40.6,39.25,39.8,364936
2007-02-23 00:00:00+05:30,40.0,40.15,34.65,36.0,458255
2007-02-26 00:00:00+05:30,36.15,36.95,34.8,36.15,438177
2007-02-27 00:00:00+05:30,36.45,38.7,36.0,38.05,1053414
2007-02-28 00:00:00+05:30,35.1,38.5,32.0,37.05,756988
2007-03-01 00:00:00+05:30,37.0,37.5,36.6,37.3,573138
2007-03-02 00:00:00+05:30,37.45,41.45,37.25,38.45,1012719
2007-03-05 00:00:00+05:30,37.0,37.0,35.65,36.5,481275
2007-03-06 00:00:00+05:30,39.75,40.0,34.55,35.9,237153
2007-03-07 00:00:00+05:30,36.5,37.25,34.85,35.25,355663
2007-03-08 00:00:00+05:30,35.6,37.25,34.2,36.85,281284
2007-03-09 00:00:00+05:30,36.35,37.3,36.0,36.5,181341
2007-03-12 00:00:00+05:30,36.5,36.5,35.0,35.2,302557
2007-03-13 00:00:00+05:30,35.2,36.3,35.2,36.05,396623
2007-03-14 00:00:00+05:30,35.4,36.15,35.0,35.4,230917
2007-03-15 00:00:00+05:30,35.7,36.5,34.5,35.25,1203341
2007-03-16 00:00:00+05:30,35.25,35.8,34.5,34.75,160204
2007-03-19 00:00:00+05:30,34.85,35.3,34.5,34.7,165946
2007-03-20 00:00:00+05:30,35.1,35.4,34.7,35.05,177919
2007-03-21 00:00:00+05:30,35.05,35.4,32.05,35.0,662735
2007-03-22 00:00:00+05:30,35.15,35.4,34.5,34.8,387517
2007-03-23 00:00:00+05:30,35.3,35.3,34.15,34.25,216343
2007-03-26 00:00:00+05:30,34.35,34.7,32.45,32.8,250216
2007-03-28 00:00:00+05:30,33.0,33.0,31.7,32.0,431006
2007-03-29 00:00:00+05:30,32.1,33.0,31.0,32.85,180108
2007-03-30 00:00:00+05:30,33.0,33.5,31.5,32.1,190545
2007-04-02 00:00:00+05:30,31.1,32.0,29.15,29.85,142621
2007-04-03 00:00:00+05:30,30.3,31.0,30.05,30.75,130152
2007-04-04 00:00:00+05:30,31.1,32.45,31.1,32.05,454371
2007-04-05 00:00:00+05:30,32.5,33.25,31.2,32.0,242399
2007-04-09 00:00:00+05:30,32.0,33.0,31.9,32.1,286908
2007-04-10 00:00:00+05:30,32.1,32.45,30.8,31.25,249631
2007-04-11 00:00:00+05:30,31.35,32.1,30.8,31.0,193614
2007-04-12 00:00:00+05:30,29.9,33.8,29.8,32.2,506524
2007-04-13 00:00:00+05:30,32.45,38.5,32.45,36.0,2631518
2007-04-16 00:00:00+05:30,37.0,39.0,36.25,37.0,1700782
2007-04-17 00:00:00+05:30,36.95,37.35,35.55,36.35,642453
2007-04-18 00:00:00+05:30,36.75,38.5,35.65,36.2,1336715
2007-04-19 00:00:00+05:30,35.7,37.25,34.75,36.9,360077
2007-04-20 00:00:00+05:30,37.4,38.0,35.7,36.05,504000
2007-04-23 00:00:00+05:30,36.2,42.0,36.05,39.0,2660360
2007-04-24 00:00:00+05:30,39.0,40.0,37.05,37.3,649835
2007-04-25 00:00:00+05:30,37.75,38.3,36.65,36.9,459419
2007-04-26 00:00:00+05:30,37.3,38.0,36.5,36.75,268611
2007-04-27 00:00:00+05:30,36.45,37.25,36.1,36.5,250545
2007-04-30 00:00:00+05:30,36.5,40.55,36.5,39.7,2117667
2007-05-03 00:00:00+05:30,40.1,42.45,39.2,40.8,4378259
2007-05-04 00:00:00+05:30,40.1,41.4,38.05,38.8,932605
2007-05-07 00:00:00+05:30,39.25,41.0,38.35,38.65,1825239
2007-05-08 00:00:00+05:30,39.0,39.6,37.5,37.6,647059
2007-05-09 00:00:00+05:30,37.55,38.8,36.15,37.95,805461
2007-05-10 00:00:00+05:30,40.0,40.35,38.65,38.95,1227626
2007-05-11 00:00:00+05:30,37.9,41.7,37.65,40.45,2934394
2007-05-14 00:00:00+05:30,42.0,43.4,40.65,41.85,4946397
2007-05-15 00:00:00+05:30,42.25,45.45,41.25,43.35,8107522
2007-05-16 00:00:00+05:30,43.5,44.7,42.65,43.1,3412142
2007-05-17 00:00:00+05:30,43.0,43.75,42.0,42.3,1555198
2007-05-18 00:00:00+05:30,42.75,44.9,41.6,44.1,5531048
2007-05-21 00:00:00+05:30,45.0,46.3,44.1,45.25,3685174
2007-05-22 00:00:00+05:30,45.2,45.5,43.45,44.35,1708068
2007-05-23 00:00:00+05:30,44.8,44.9,42.15,42.6,1011370
2007-05-24 00:00:00+05:30,42.7,42.7,41.2,41.6,1044953
2007-05-25 00:00:00+05:30,41.2,42.9,40.45,41.9,1116615
2007-05-28 00:00:00+05:30,42.05,42.8,41.55,41.85,673155
2007-05-29 00:00:00+05:30,42.0,44.25,41.6,42.05,1508293
2007-05-30 00:00:00+05:30,42.5,43.0,40.5,41.55,2325078
2007-05-31 00:00:00+05:30,42.4,42.4,41.05,41.65,781960
2007-06-01 00:00:00+05:30,42.45,43.5,41.35,42.1,3280454
2007-06-04 00:00:00+05:30,43.0,44.9,42.25,43.95,6176736
2007-06-05 00:00:00+05:30,43.85,44.6,42.35,43.25,3752267
2007-06-06 00:00:00+05:30,43.6,43.8,40.75,41.1,4451721
2007-06-07 00:00:00+05:30,41.4,41.65,38.8,39.45,3524629
2007-06-08 00:00:00+05:30,39.0,39.55,38.0,38.45,1466171
2007-06-11 00:00:00+05:30,39.0,39.4,37.9,38.05,1040502
2007-06-12 00:00:00+05:30,38.45,38.5,35.1,36.5,1738842
2007-06-13 00:00:00+05:30,36.2,37.75,35.75,37.4,2083588
2007-06-14 00:00:00+05:30,37.65,39.0,36.85,38.05,2407978
2007-06-15 00:00:00+05:30,38.45,39.55,37.8,38.85,3290409
2008-12-26 00:00:00+05:30,13.75,14.4,13.1,13.2,1924321
2008-12-29 00:00:00+05:30,13.1,14.3,12.85,13.95,1013970
2008-12-30 00:00:00+05:30,13.95,14.75,13.85,14.45,487204
2008-12-31 00:00:00+05:30,15.0,15.15,14.3,14.55,929665
2009-01-01 00:00:00+05:30,14.4,15.15,14.4,14.95,668659
2009-01-02 00:00:00+05:30,15.1,15.6,14.6,15.25,1170925
2009-01-05 00:00:00+05:30,15.5,15.7,14.85,15.15,906844
2009-01-06 00:00:00+05:30,15.15,15.9,14.7,14.95,972944
2009-01-07 00:00:00+05:30,15.3,15.4,12.05,13.1,1260264
2009-01-09 00:00:00+05:30,12.5,13.2,11.45,12.2,744880
2009-01-12 00:00:00+05:30,12.5,12.5,11.1,11.9,339636
2009-01-13 00:00:00+05:30,12.0,12.15,11.5,11.75,357648
2009-01-14 00:00:00+05:30,12.15,12.45,11.75,12.2,648967
2009-01-15 00:00:00+05:30,11.75,12.85,11.35,12.35,895757
2009-01-16 00:00:00+05:30,12.5,12.7,12.05,12.15,346692
2009-01-19 00:00:00+05:30,12.6,12.6,12.05,12.15,363447
2009-01-20 00:00:00+05:30,12.2,12.2,11.7,11.85,257666
2009-01-21 00:00:00+05:30,11.6,12.25,11.1,11.4,366242
2009-01-22 00:00:00+05:30,11.85,11.85,10.75,11.1,331465
2009-01-23 00:00:00+05:30,10.95,11.2,10.1,10.2,516785
2009-01-27 00:00:00+05:30,10.5,10.8,10.05,10.2,487096
2009-01-28 00:00:00+05:30,10.5,10.7,10.15,10.4,527370
2009-01-29 00:00:00+05:30,10.6,10.9,10.15,10.2,821380
2009-01-30 00:00:00+05:30,10.25,11.25,10.05,11.0,2603338
2009-02-02 00:00:00+05:30,11.15,11.75,10.9,11.3,1099898
2009-02-03 00:00:00+05:30,11.4,11.65,10.6,10.8,573846
2009-02-04 00:00:00+05:30,10.95,14.8,10.75,13.55,7088608
2009-02-05 00:00:00+05:30,13.0,14.1,12.2,12.5,3453007
2009-02-06 00:00:00+05:30,12.7,13.5,12.45,12.9,1890149
2009-02-09 00:00:00+05:30,13.0,13.3,12.75,13.0,2181463
2009-02-10 00:00:00+05:30,13.0,13.25,12.55,12.95,1021267
2009-02-11 00:00:00+05:30,12.5,13.75,12.35,13.55,2000372
2009-02-12 00:00:00+05:30,13.6,13.65,13.0,13.4,1521188
2009-02-13 00:00:00+05:30,13.6,13.85,13.1,13.25,931860
2009-02-16 00:00:00+05:30,13.65,13.65,12.5,12.7,3014503
2009-02-17 00:00:00+05:30,12.5,12.6,11.65,11.85,711823
2009-02-18 00:00:00+05:30,11.5,12.05,11.35,11.7,544656
2009-02-19 00:00:00+05:30,11.95,12.0,11.3,11.45,379085
2009-02-20 00:00:00+05:30,11.0,11.6,11.0,11.05,410750
2009-02-24 00:00:00+05:30,10.8,11.0,10.55,10.9,528047
2009-02-25 00:00:00+05:30,11.5,11.5,10.6,10.8,545868
2009-02-26 00:00:00+05:30,10.85,11.2,10.55,10.85,1967657
2009-02-27 00:00:00+05:30,10.95,11.05,10.4,10.6,625268
2009-03-02 00:00:00+05:30,10.15,10.5,10.05,10.1,360587
2009-03-03 00:00:00+05:30,10.0,10.35,9.6,9.8,417455
2009-03-04 00:00:00+05:30,10.1,10.4,9.75,10.15,242944
2009-03-05 00:00:00+05:30,10.35,10.4,9.4,9.5,357542
2009-03-06 00:00:00+05:30,9.4,9.75,9.25,9.55,345999
2009-03-09 00:00:00+05:30,9.5,9.5,9.15,9.3,246528
2009-03-12 00:00:00+05:30,9.5,9.6,9.25,9.35,204887
2009-03-13 00:00:00+05:30,9.5,10.35,9.5,10.1,2590950
2009-03-16 00:00:00+05:30,10.2,10.4,10.0,10.3,263317
2009-03-17 00:00:00+05:30,10.25,10.75,10.15,10.2,420887
2009-03-18 00:00:00+05:30,10.3,11.35,10.3,10.95,958539
2009-03-19 00:00:00+05:30,11.45,11.5,10.75,10.9,1518253
2009-03-20 00:00:00+05:30,11.35,11.4,10.4,10.65,1055161
2009-03-23 00:00:00+05:30,10.9,11.2,10.75,11.0,1086162
2009-03-24 00:00:00+05:30,11.1,11.2,10.35,10.5,927482
2009-03-25 00:00:00+05:30,10.35,10.5,9.95,10.35,957504
2009-03-26 00:00:00+05:30,10.5,10.95,9.95,10.2,2854983
2009-03-27 00:00:00+05:30,10.35,10.8,10.3,10.7,2246017
2009-03-30 00:00:00+05:30,10.4,11.6,10.4,10.85,2057598
2009-03-31 00:00:00+05:30,11.0,11.25,10.7,10.85,738033
2009-04-01 00:00:00+05:30,10.7,11.2,10.7,11.05,755173
2009-04-02 00:00:00+05:30,11.25,11.5,11.1,11.2,1238079
2009-04-06 00:00:00+05:30,11.75,12.9,11.7,12.7,2955417
2009-04-08 00:00:00+05:30,11.8,13.35,11.8,13.2,2220347
2009-04-09 00:00:00+05:30,13.5,13.6,12.6,13.0,1909644
2009-04-13 00:00:00+05:30,13.45,13.9,13.05,13.5,1657278
2009-04-15 00:00:00+05:30,13.5,15.2,13.25,14.6,3604966
2009-04-16 00:00:00+05:30,14.8,15.3,12.9,13.25,2296099
2009-04-17 00:00:00+05:30,13.6,13.9,12.8,13.05,1030741
2009-04-20 00:00:00+05:30,13.3,14.15,13.0,13.5,1021726
2009-04-21 00:00:00+05:30,13.3,14.35,12.8,14.05,1660968
2009-04-22 00:00:00+05:30,14.4,14.75,13.5,13.65,1309546
2009-04-23 00:00:00+05:30,13.8,14.0,13.15,13.5,586621
2009-04-24 00:00:00+05:30,13.65,14.0,13.45,13.75,811789
2009-04-27 00:00:00+05:30,14.0,14.0,13.1,13.3,536229
2009-04-28 00:00:00+05:30,13.2,13.4,12.4,12.55,484688
2009-04-29 00:00:00+05:30,12.8,12.8,12.55,12.7,445328
2009-05-04 00:00:00+05:30,13.1,13.4,12.9,13.1,526993
2009-05-05 00:00:00+05:30,13.0,13.5,13.0,13.35,706114
2009-05-06 00:00:00+05:30,13.5,14.05,13.1,13.35,1215063
2009-05-07 00:00:00+05:30,13.5,13.8,13.3,13.65,805712
2009-05-08 00:00:00+05:30,13.6,14.2,13.4,13.5,1003517
2009-05-11 00:00:00+05:30,13.9,13.9,12.75,12.95,714399
2009-05-12 00:00:00+05:30,12.75,13.15,12.6,13.0,447967
2009-05-13 00:00:00+05:30,13.25,14.7,12.8,13.6,2629762
2009-05-14 00:00:00+05:30,13.5,14.1,13.2,13.7,1013797
2009-05-15 00:00:00+05:30,13.85,14.1,13.05,13.5,783793
2009-05-18 00:00:00+05:30,15.6,15.9,14.35,15.25,39260
2009-05-19 00:00:00+05:30,15.75,16.4,13.7,14.45,2118497
2009-05-20 00:00:00+05:30,14.45,17.35,14.3,17.25,4609590
2009-05-21 00:00:00+05:30,18.2,20.7,18.2,19.3,6987605
2009-05-22 00:00:00+05:30,19.3,20.5,18.6,20.25,3351712
2009-05-25 00:00:00+05:30,21.45,21.5,20.05,21.35,2537894
2009-05-26 00:00:00+05:30,22.0,23.0,20.25,20.75,3084705
2009-05-27 00:00:00+05:30,21.5,22.8,20.85,22.45,2481338
2009-05-28 00:00:00+05:30,22.5,22.6,21.0,21.4,1370078
2009-05-29 00:00:00+05:30,21.5,22.45,21.4,21.65,1868852
2009-06-01 00:00:00+05:30,22.05,22.85,21.3,22.5,2624989
2009-06-02 00:00:00+05:30,23.0,23.5,21.8,22.8,2986772
2009-06-03 00:00:00+05:30,23.25,23.5,22.3,22.65,2860043
2009-06-04 00:00:00+05:30,22.25,24.55,22.2,23.8,3465908
2009-06-05 00:00:00+05:30,24.25,24.8,23.0,23.15,1945724
2009-06-08 00:00:00+05:30,23.2,23.65,20.85,20.95,1204662
2009-06-09 00:00:00+05:30,20.55,23.05,19.5,23.05,1560128
2009-06-10 00:00:00+05:30,24.5,25.4,24.25,25.4,819775
2009-06-11 00:00:00+05:30,27.95,27.95,25.55,27.75,8632650
2009-06-12 00:00:00+05:30,29.15,29.15,26.4,26.4,2601675
2009-06-15 00:00:00+05:30,25.5,26.4,25.1,25.25,1787345
2009-06-16 00:00:00+05:30,24.0,25.4,24.0,25.05,1928874
2009-06-17 00:00:00+05:30,25.2,25.6,23.8,23.8,903623
2009-06-18 00:00:00+05:30,23.5,24.05,22.65,22.65,642234
2009-06-19 00:00:00+05:30,22.95,23.25,21.75,22.3,1129588
2009-06-22 00:00:00+05:30,22.8,23.4,22.3,22.5,678469
2009-06-23 00:00:00+05:30,21.9,22.6,21.5,22.25,1706418
2009-06-24 00:00:00+05:30,22.8,22.8,21.7,21.9,1099917
2009-06-25 00:00:00+05:30,22.4,23.0,22.0,22.9,1492190
2009-06-26 00:00:00+05:30,23.5,23.5,22.55,22.75,697281
2009-06-29 00:00:00+05:30,22.85,23.65,22.65,22.9,548782
2009-06-30 00:00:00+05:30,23.25,23.3,21.75,21.75,519274
2009-07-01 00:00:00+05:30,22.0,22.2,21.2,21.95,445431
2009-07-02 00:00:00+05:30,22.0,23.05,21.85,22.25,675749
2009-07-03 00:00:00+05:30,22.25,23.1,21.75,22.8,726916
2009-07-06 00:00:00+05:30,23.0,23.4,21.7,21.7,610294
2009-07-07 00:00:00+05:30,21.15,21.75,19.55,19.95,854547
2009-07-08 00:00:00+05:30,19.6,19.6,18.05,18.4,498806
2009-07-09 00:00:00+05:30,18.35,18.4,17.6,17.8,516415
2009-07-10 00:00:00+05:30,17.95,18.4,16.6,17.05,326438
2009-07-13 00:00:00+05:30,16.6,16.6,16.2,16.2,313016
2009-07-14 00:00:00+05:30,16.8,17.05,16.35,17.05,158700
2009-07-15 00:00:00+05:30,17.8,17.9,17.4,17.9,414729
2009-07-16 00:00:00+05:30,18.8,18.8,17.9,18.75,985596
2009-07-17 00:00:00+05:30,19.7,19.7,18.8,19.15,554082
2009-07-20 00:00:00+05:30,19.8,19.8,19.2,19.3,315275
2009-07-21 00:00:00+05:30,19.3,19.9,18.8,19.3,495340
2009-07-22 00:00:00+05:30,19.45,20.0,18.4,18.85,552296
2009-07-23 00:00:00+05:30,19.3,19.8,18.75,19.65,424338
2009-07-24 00:00:00+05:30,20.45,20.65,19.3,20.65,1418179
2009-07-27 00:00:00+05:30,21.0,21.3,19.85,20.3,569592
2009-07-28 00:00:00+05:30,20.3,20.8,20.2,20.45,480313
2009-07-29 00:00:00+05:30,20.3,20.7,19.5,19.9,447447
2009-07-30 00:00:00+05:30,19.8,20.1,19.5,19.95,269536
2009-07-31 00:00:00+05:30,20.35,20.7,19.7,19.85,366894
2009-08-03 00:00:00+05:30,19.9,20.2,19.8,20.0,368642
2009-08-04 00:00:00+05:30,20.2,20.35,19.75,19.9,394513
2009-08-05 00:00:00+05:30,19.9,20.45,19.75,20.15,428641
2009-08-06 00:00:00+05:30,20.3,21.2,19.85,20.0,1531010
2009-08-07 00:00:00+05:30,19.95,20.0,19.15,19.35,428544
2009-08-10 00:00:00+05:30,19.8,20.0,18.45,18.7,322635
2009-08-11 00:00:00+05:30,18.75,19.2,18.3,18.65,273231
2009-08-12 00:00:00+05:30,18.75,18.75,18.0,18.25,250134
2009-08-13 00:00:00+05:30,18.5,19.2,18.4,19.2,334227
2009-08-14 00:00:00+05:30,19.8,20.0,18.95,19.25,563908
2009-08-17 00:00:00+05:30,18.9,19.1,18.3,18.3,382911
2009-08-18 00:00:00+05:30,18.15,18.7,18.05,18.25,359371
2009-08-19 00:00:00+05:30,18.55,18.7,17.35,18.05,463585
2009-08-20 00:00:00+05:30,18.2,18.6,18.15,18.3,231751
2009-08-21 00:00:00+05:30,18.3,18.8,18.05,18.6,420590
2009-08-24 00:00:00+05:30,19.0,19.25,18.6,18.9,405926
2009-08-25 00:00:00+05:30,18.65,19.45,18.65,19.05,545766
2009-08-26 00:00:00+05:30,19.3,19.75,18.9,19.25,875527
2009-08-27 00:00:00+05:30,19.3,20.25,19.3,20.25,1233942
2009-08-28 00:00:00+05:30,20.85,21.2,19.5,20.55,1583916
2009-08-31 00:00:00+05:30,20.5,20.6,19.8,20.25,701441
2009-09-01 00:00:00+05:30,20.25,20.5,19.35,19.55,613643
2009-09-02 00:00:00+05:30,19.05,19.6,19.05,19.15,382178
2009-09-03 00:00:00+05:30,19.6,19.7,19.0,19.35,485080
2009-09-04 00:00:00+05:30,19.55,19.95,19.3,19.55,510451
2009-09-07 00:00:00+05:30,19.9,20.8,19.8,20.55,1007842
2009-09-08 00:00:00+05:30,20.5,20.85,19.9,20.2,736829
2009-09-09 00:00:00+05:30,19.6,20.2,19.4,19.75,1090298
2009-09-10 00:00:00+05:30,20.15,20.3,19.4,19.65,600560
2009-09-11 00:00:00+05:30,19.75,19.9,19.1,19.3,328331
2009-09-14 00:00:00+05:30,19.65,20.2,19.0,19.35,625592
2009-09-15 00:00:00+05:30,19.6,19.85,19.25,19.4,487709
2009-09-16 00:00:00+05:30,19.75,19.9,19.4,19.6,379611
2009-09-17 00:00:00+05:30,19.8,20.15,19.6,19.95,699012
2009-09-18 00:00:00+05:30,19.95,20.45,19.8,20.1,713106
2009-09-22 00:00:00+05:30,20.25,20.45,19.8,20.1,474544
2009-09-23 00:00:00+05:30,20.0,20.2,19.65,19.7,544948
2009-09-24 00:00:00+05:30,19.45,20.3,19.35,19.95,428248
2009-09-25 00:00:00+05:30,19.75,21.95,19.5,21.9,4284760
2009-09-29 00:00:00+05:30,22.5,22.75,21.6,21.85,1845241
2009-09-30 00:00:00+05:30,22.05,22.1,21.25,21.45,598950
2009-10-01 00:00:00+05:30,21.45,21.6,20.7,21.0,492777
2009-10-05 00:00:00+05:30,20.7,22.2,20.3,20.55,914664
2009-10-06 00:00:00+05:30,20.75,21.35,19.6,20.15,673511
2009-10-07 00:00:00+05:30,20.3,21.1,20.1,20.3,678575
2009-10-08 00:00:00+05:30,20.5,20.95,20.05,20.4,654571
2009-10-09 00:00:00+05:30,20.5,20.6,19.8,19.85,360241
2009-10-12 00:00:00+05:30,20.0,20.5,19.8,19.95,306285
2009-10-14 00:00:00+05:30,20.25,20.45,19.85,20.05,594724
2009-10-15 00:00:00+05:30,20.15,20.25,19.9,19.95,423411
2009-10-16 00:00:00+05:30,20.15,20.45,19.75,20.3,772748
2009-10-17 00:00:00+05:30,20.6,20.6,20.1,20.25,149792
2009-10-20 00:00:00+05:30,20.45,20.6,20.05,20.1,671165
2009-10-21 00:00:00+05:30,20.2,20.35,19.7,19.8,536385
2009-10-22 00:00:00+05:30,19.75,20.1,19.4,19.55,415604
2009-10-23 00:00:00+05:30,19.6,19.85,19.1,19.15,395021
2009-10-26 00:00:00+05:30,19.75,19.75,18.5,18.6,265417
2009-10-27 00:00:00+05:30,18.1,18.55,17.55,17.7,310626
2009-10-28 00:00:00+05:30,17.6,18.35,16.75,18.0,468354
2009-10-29 00:00:00+05:30,17.0,17.8,17.0,17.25,257628
2009-10-30 00:00:00+05:30,17.9,18.2,16.95,17.05,347823
2009-11-03 00:00:00+05:30,16.85,17.25,16.15,16.3,257554
2009-11-04 00:00:00+05:30,16.9,17.2,15.8,16.85,425286
2009-11-05 00:00:00+05:30,16.9,17.4,16.55,17.25,271441
2009-11-06 00:00:00+05:30,17.7,18.35,17.35,17.7,440069
2009-11-09 00:00:00+05:30,17.8,18.9,17.6,18.6,511940
2009-11-10 00:00:00+05:30,19.0,19.0,18.2,18.55,364994
2009-11-11 00:00:00+05:30,18.5,18.85,18.4,18.7,281170
2009-11-12 00:00:00+05:30,18.75,19.5,18.4,18.8,421640
2009-11-13 00:00:00+05:30,18.95,19.15,18.4,18.5,344548
2009-11-16 00:00:00+05:30,18.85,19.2,18.15,18.45,275046
2009-11-17 00:00:00+05:30,17.6,18.5,17.6,18.3,292789
2009-11-18 00:00:00+05:30,18.45,18.95,18.25,18.4,297634
2009-11-19 00:00:00+05:30,18.1,18.9,17.9,18.05,259323
2009-11-20 00:00:00+05:30,17.9,18.3,17.7,17.95,285352
2009-11-23 00:00:00+05:30,17.95,18.2,17.7,17.85,170028
2009-11-24 00:00:00+05:30,18.4,18.4,17.6,18.2,354100
2009-11-25 00:00:00+05:30,18.5,18.5,17.75,17.85,193436
2009-11-26 00:00:00+05:30,18.25,18.25,17.5,17.55,252635
2009-11-27 00:00:00+05:30,17.3,17.5,16.75,17.1,251779
2009-11-30 00:00:00+05:30,17.2,17.55,17.2,17.4,262749
2009-12-01 00:00:00+05:30,17.65,18.25,17.5,18.0,267958
2009-12-02 00:00:00+05:30,18.5,21.6,17.9,20.75,2427963
2009-12-03 00:00:00+05:30,21.4,22.45,21.1,21.45,4927040
2009-12-04 00:00:00+05:30,21.6,21.6,20.65,20.75,824352
2009-12-07 00:00:00+05:30,20.95,20.95,19.9,20.1,597976
2009-12-08 00:00:00+05:30,20.0,20.75,19.9,20.35,583042
2009-12-09 00:00:00+05:30,20.2,21.2,19.75,20.65,1110661
2009-12-10 00:00:00+05:30,20.75,21.85,20.35,21.45,1286520
2009-12-11 00:00:00+05:30,21.75,21.8,20.2,20.5,935819
2009-12-14 00:00:00+05:30,20.6,20.75,20.0,20.1,504473
2009-12-15 00:00:00+05:30,20.1,20.45,19.6,19.75,510244
2009-12-16 00:00:00+05:30,20.0,20.0,19.2,19.25,632797
2009-12-17 00:00:00+05:30,19.4,19.7,19.05,19.2,397838
2009-12-18 00:00:00+05:30,19.05,19.85,19.05,19.25,591827
2009-12-21 00:00:00+05:30,19.9,19.9,18.75,18.85,423677
2009-12-22 00:00:00+05:30,19.0,19.35,18.8,18.85,345047
2009-12-23 00:00:00+05:30,19.0,19.45,18.9,19.1,538436
2009-12-24 00:00:00+05:30,19.15,19.6,19.05,19.1,461480
2009-12-29 00:00:00+05:30,19.05,19.35,18.8,19.05,391058
2009-12-30 00:00:00+05:30,19.25,20.1,19.15,19.65,808891
2009-12-31 00:00:00+05:30,19.95,20.1,19.2,19.35,555461
2010-01-04 00:00:00+05:30,19.4,21.65,19.3,21.05,2601474
2010-01-05 00:00:00+05:30,21.65,22.3,21.2,21.35,2498083
2010-01-06 00:00:00+05:30,21.5,21.8,20.8,21.3,1525931
2010-01-07 00:00:00+05:30,21.35,21.75,20.8,21.0,1398836
2010-01-08 00:00:00+05:30,21.15,21.55,21.0,21.05,736243
2010-01-11 00:00:00+05:30,21.3,23.0,21.1,21.5,930514
2010-01-12 00:00:00+05:30,21.9,22.15,21.0,21.1,1364594
2010-01-13 00:00:00+05:30,21.1,21.45,20.75,21.15,929565
2010-01-14 00:00:00+05:30,21.45,21.8,21.05,21.3,890152
2010-01-15 00:00:00+05:30,21.55,21.75,21.05,21.3,1251137
2010-01-18 00:00:00+05:30,21.3,22.05,21.15,21.7,1788527
2010-01-19 00:00:00+05:30,21.6,23.75,21.6,22.95,8066203
2010-01-20 00:00:00+05:30,23.5,24.15,22.55,22.65,4623523
2010-01-21 00:00:00+05:30,22.6,23.35,21.8,22.1,3282241
2010-01-22 00:00:00+05:30,21.4,21.5,20.4,21.15,2350453
2010-01-25 00:00:00+05:30,20.9,21.35,20.5,20.8,1084400
2010-01-27 00:00:00+05:30,20.45,20.85,18.5,18.9,1231124
2010-01-28 00:00:00+05:30,19.3,19.4,18.75,19.15,881044
2010-01-29 00:00:00+05:30,18.95,20.35,18.35,20.0,1323423
2010-02-01 00:00:00+05:30,19.9,20.6,19.7,20.25,935047
2010-02-02 00:00:00+05:30,20.45,20.95,19.85,20.05,1229672
2010-02-03 00:00:00+05:30,20.3,20.65,19.85,19.95,948155
2010-02-04 00:00:00+05:30,20.3,20.4,19.4,19.6,682093
2010-02-05 00:00:00+05:30,19.1,19.2,18.4,18.65,772771
2010-02-06 00:00:00+05:30,18.8,19.35,18.75,19.2,145152
2010-02-08 00:00:00+05:30,19.2,20.25,18.65,19.85,1275566
2010-02-09 00:00:00+05:30,20.05,20.2,19.4,19.7,954513
2010-02-10 00:00:00+05:30,19.9,20.0,19.0,19.1,591988
2010-02-11 00:00:00+05:30,19.35,19.55,19.15,19.35,456597
2010-02-15 00:00:00+05:30,19.5,19.5,19.05,19.1,323701
2010-02-16 00:00:00+05:30,19.35,19.35,19.0,19.2,408068
2010-02-17 00:00:00+05:30,19.4,19.8,19.15,19.25,456075
2010-02-18 00:00:00+05:30,19.4,20.15,19.0,19.75,624967
2010-02-19 00:00:00+05:30,20.9,20.9,19.05,19.2,1218581
2010-02-22 00:00:00+05:30,19.4,19.6,18.5,18.75,485173
2010-02-23 00:00:00+05:30,18.5,18.65,17.95,18.1,432039
2010-02-24 00:00:00+05:30,17.8,18.35,17.7,17.95,438278
2010-02-25 00:00:00+05:30,18.15,18.35,17.85,17.9,495507
2010-02-26 00:00:00+05:30,17.95,18.55,17.9,18.1,597011
2010-03-02 00:00:00+05:30,18.4,18.5,17.75,18.15,659556
2010-03-03 00:00:00+05:30,18.4,18.6,18.2,18.35,408391
2010-03-04 00:00:00+05:30,18.5,18.8,18.2,18.55,479900
2010-03-05 00:00:00+05:30,18.5,18.75,18.3,18.35,417772
2010-03-08 00:00:00+05:30,18.8,18.8,18.25,18.25,304846
2010-03-09 00:00:00+05:30,18.6,18.6,18.0,18.0,291721
2010-03-10 00:00:00+05:30,18.4,18.4,17.3,17.5,422112
2010-03-11 00:00:00+05:30,17.6,17.65,17.35,17.55,351919
2010-03-12 00:00:00+05:30,17.8,17.9,17.15,17.3,354933
2010-03-15 00:00:00+05:30,17.5,17.5,17.0,17.0,561875
2010-03-16 00:00:00+05:30,17.35,17.35,16.6,16.9,799890
2010-03-17 00:00:00+05:30,17.3,17.3,16.75,16.85,468218
2010-03-18 00:00:00+05:30,16.9,17.15,16.8,16.95,311019
2010-03-19 00:00:00+05:30,17.0,17.25,16.8,16.95,527571
2010-03-22 00:00:00+05:30,17.0,17.0,16.55,16.6,209419
2010-03-23 00:00:00+05:30,16.85,17.05,16.55,16.6,381065
2010-03-25 00:00:00+05:30,16.6,16.8,16.35,16.55,351621
2010-03-26 00:00:00+05:30,16.5,16.75,16.4,16.65,339797
2010-03-29 00:00:00+05:30,16.45,16.75,16.05,16.3,486254
2010-03-30 00:00:00+05:30,16.5,16.95,16.1,16.65,456117
2010-03-31 00:00:00+05:30,16.75,16.8,16.2,16.3,222883
2010-04-01 00:00:00+05:30,16.5,18.35,16.45,17.7,1118918
2010-04-05 00:00:00+05:30,17.9,18.75,17.3,18.35,823892
2010-04-06 00:00:00+05:30,18.5,18.65,17.9,18.4,587996
2010-04-07 00:00:00+05:30,18.4,19.35,18.35,18.75,840956
2010-04-08 00:00:00+05:30,18.9,19.2,18.4,18.5,633453
2010-04-09 00:00:00+05:30,18.7,19.0,18.55,18.65,302597
2010-04-12 00:00:00+05:30,18.85,18.85,18.35,18.65,273485
2010-04-13 00:00:00+05:30,18.55,19.1,18.55,18.65,432687
2010-04-15 00:00:00+05:30,18.65,19.25,18.4,18.65,478644
2010-04-16 00:00:00+05:30,18.5,18.85,18.15,18.55,272603
2010-04-19 00:00:00+05:30,18.4,18.45,18.0,18.1,196986
2010-04-20 00:00:00+05:30,18.3,18.8,18.1,18.4,249225
2010-04-21 00:00:00+05:30,18.4,18.7,18.1,18.25,166058
2010-04-22 00:00:00+05:30,18.3,19.3,18.25,18.8,1015723
2010-04-23 00:00:00+05:30,19.5,19.5,18.55,18.7,376464
2010-04-26 00:00:00+05:30,18.9,18.9,18.35,18.55,282630
2010-04-27 00:00:00+05:30,18.5,18.95,18.45,18.8,566578
2010-04-28 00:00:00+05:30,18.5,18.7,18.05,18.15,320541
2010-04-29 00:00:00+05:30,18.25,18.45,17.95,18.05,279510
2010-04-30 00:00:00+05:30,18.3,18.4,18.05,18.1,379160
2010-05-03 00:00:00+05:30,17.9,18.3,17.8,17.9,189033
2010-05-04 00:00:00+05:30,18.0,18.15,17.3,17.45,184453
2010-05-05 00:00:00+05:30,17.0,17.35,16.75,17.2,287251
2010-05-06 00:00:00+05:30,17.3,17.7,17.15,17.3,198690
2010-05-07 00:00:00+05:30,17.0,17.2,16.7,16.85,177798
2010-05-10 00:00:00+05:30,17.4,17.6,17.05,17.2,193036
2010-05-11 00:00:00+05:30,17.2,17.85,17.2,17.35,360547
2010-05-12 00:00:00+05:30,17.6,17.75,17.0,17.1,242484
2010-05-13 00:00:00+05:30,17.3,17.5,17.0,17.1,107939
2010-05-14 00:00:00+05:30,17.25,17.25,16.6,16.65,244229
2010-05-17 00:00:00+05:30,16.25,16.7,15.65,15.95,543117
2010-05-18 00:00:00+05:30,16.25,16.3,15.9,16.0,203070
2010-05-19 00:00:00+05:30,15.85,16.1,15.5,15.6,239648
2010-05-20 00:00:00+05:30,15.6,15.9,15.05,15.2,283810
2010-05-21 00:00:00+05:30,14.95,15.1,13.9,14.3,534455
2010-05-24 00:00:00+05:30,14.75,15.0,14.2,14.5,356391
2010-05-25 00:00:00+05:30,14.4,14.6,13.95,14.05,223173
2010-05-26 00:00:00+05:30,14.15,14.45,14.1,14.3,136176
2010-05-27 00:00:00+05:30,14.5,14.5,13.8,14.05,334082
2010-05-28 00:00:00+05:30,14.45,15.0,14.15,14.9,335607
2010-05-31 00:00:00+05:30,15.0,15.8,14.5,15.65,361722
2010-06-01 00:00:00+05:30,15.2,16.35,15.2,15.8,536494
2010-06-02 00:00:00+05:30,15.85,16.3,15.5,15.9,226616
2010-06-03 00:00:00+05:30,16.0,16.5,15.95,16.05,351249
2010-06-04 00:00:00+05:30,16.05,17.0,16.0,16.25,412311
2010-06-07 00:00:00+05:30,16.0,16.0,15.55,15.6,180052
2010-06-08 00:00:00+05:30,15.4,16.1,15.4,15.5,208137
2010-06-09 00:00:00+05:30,15.85,15.9,15.45,15.55,117084
2010-06-10 00:00:00+05:30,15.9,15.9,15.5,15.7,147089
2010-06-11 00:00:00+05:30,16.0,16.05,15.45,15.8,363396
2010-06-14 00:00:00+05:30,15.85,16.05,15.55,15.8,252038
2010-06-15 00:00:00+05:30,15.95,16.6,15.65,16.2,471185
2010-06-16 00:00:00+05:30,16.25,16.9,16.05,16.55,365073
2010-06-17 00:00:00+05:30,16.5,17.05,16.25,16.8,423117
2010-06-18 00:00:00+05:30,17.4,17.5,16.6,16.7,456377
2010-06-21 00:00:00+05:30,16.95,17.0,16.6,16.65,153668
2010-06-22 00:00:00+05:30,16.9,16.9,16.3,16.5,182303
2010-06-23 00:00:00+05:30,16.7,16.9,16.2,16.75,202559
2010-06-24 00:00:00+05:30,16.85,17.1,16.5,16.6,260661
2010-06-25 00:00:00+05:30,16.95,17.75,16.55,16.95,848918
2010-06-28 00:00:00+05:30,17.0,17.35,16.85,17.1,209487
2010-06-29 00:00:00+05:30,17.1,17.25,16.7,16.8,192356
2010-06-30 00:00:00+05:30,16.55,16.95,16.3,16.75,202742
2010-07-01 00:00:00+05:30,16.95,16.95,16.55,16.6,154461
2010-07-02 00:00:00+05:30,16.95,17.65,16.75,17.2,721096
2010-07-05 00:00:00+05:30,17.2,17.8,17.2,17.4,618667
2010-07-06 00:00:00+05:30,17.8,17.8,17.1,17.15,224705
2010-07-07 00:00:00+05:30,17.5,17.5,16.8,17.1,300561
2010-07-08 00:00:00+05:30,17.45,17.55,17.0,17.1,287201
2010-07-09 00:00:00+05:30,17.1,17.35,16.95,17.0,241450
2010-07-12 00:00:00+05:30,17.3,17.3,16.85,16.95,198271
2010-07-13 00:00:00+05:30,16.95,17.35,16.85,17.25,309803
2010-07-14 00:00:00+05:30,17.4,17.4,16.8,16.9,224630
2010-07-15 00:00:00+05:30,17.05,17.1,16.65,16.85,212431
2010-07-16 00:00:00+05:30,17.15,17.5,16.8,17.15,353065
2010-07-19 00:00:00+05:30,17.0,17.35,16.15,17.15,266549
2010-07-20 00:00:00+05:30,17.4,17.4,16.5,16.65,196058
2010-07-21 00:00:00+05:30,16.8,17.0,16.5,16.85,330518
2010-07-22 00:00:00+05:30,16.95,17.15,16.75,16.9,311673
2010-07-23 00:00:00+05:30,17.25,17.4,16.75,16.85,293572
2010-07-26 00:00:00+05:30,16.8,17.3,16.75,16.9,319084
2010-07-27 00:00:00+05:30,16.95,16.95,16.65,16.65,135555
2010-07-28 00:00:00+05:30,17.0,17.0,16.4,16.45,146336
2010-07-29 00:00:00+05:30,16.6,18.8,16.45,18.25,2926805
2010-07-30 00:00:00+05:30,18.25,18.45,17.25,17.35,491189
2010-08-02 00:00:00+05:30,17.75,17.9,17.35,17.5,435770
2010-08-03 00:00:00+05:30,17.7,17.7,17.15,17.3,218529
2010-08-04 00:00:00+05:30,17.15,17.6,17.15,17.2,167419
2010-08-05 00:00:00+05:30,17.4,17.45,17.05,17.15,426886
2010-08-06 00:00:00+05:30,17.0,18.6,16.9,17.65,1158352
2010-08-09 00:00:00+05:30,17.9,17.9,17.4,17.55,368121
2010-08-10 00:00:00+05:30,17.6,18.2,17.45,17.65,364107
2010-08-11 00:00:00+05:30,17.45,17.9,17.4,17.6,259623
2010-08-12 00:00:00+05:30,17.25,17.65,17.25,17.45,164494
2010-08-13 00:00:00+05:30,17.55,17.7,17.2,17.3,370103
2010-08-16 00:00:00+05:30,17.2,17.5,17.05,17.1,177494
2010-08-17 00:00:00+05:30,17.45,17.65,17.05,17.1,291219
2010-08-18 00:00:00+05:30,17.0,18.1,17.0,17.55,1150325
2010-08-19 00:00:00+05:30,17.7,17.75,17.2,17.3,254720
2010-08-20 00:00:00+05:30,17.15,17.8,17.15,17.25,264687
2010-08-23 00:00:00+05:30,17.3,17.75,17.2,17.4,271587
2010-08-24 00:00:00+05:30,17.3,17.85,17.1,17.15,486549
2010-08-25 00:00:00+05:30,17.05,17.35,16.45,16.45,451978
2010-08-26 00:00:00+05:30,16.85,16.9,16.2,16.25,249692
2010-08-27 00:00:00+05:30,16.3,16.75,16.15,16.2,208516
2010-08-30 00:00:00+05:30,16.5,16.5,15.95,16.15,169031
2010-08-31 00:00:00+05:30,16.0,16.6,15.65,16.15,609216
2010-09-01 00:00:00+05:30,16.15,16.55,16.05,16.4,254942
2010-09-02 00:00:00+05:30,16.4,16.7,16.3,16.45,224214
2010-09-03 00:00:00+05:30,16.35,17.0,16.35,16.65,542500
2010-09-06 00:00:00+05:30,17.2,17.2,16.85,16.9,347751
2010-09-07 00:00:00+05:30,16.9,17.35,16.65,16.75,247123
2010-09-08 00:00:00+05:30,17.0,17.35,16.7,16.95,426318
2010-09-09 00:00:00+05:30,17.2,17.45,16.9,17.15,629626
2010-09-13 00:00:00+05:30,17.3,17.3,17.0,17.05,226589
2010-09-14 00:00:00+05:30,16.9,17.25,16.8,16.8,212463
2010-09-15 00:00:00+05:30,16.8,17.0,16.6,16.7,192494
2010-09-16 00:00:00+05:30,16.95,16.95,16.55,16.6,160015
2010-09-17 00:00:00+05:30,16.35,17.0,16.35,16.8,255574
2010-09-20 00:00:00+05:30,16.9,17.4,16.8,17.1,454636
2010-09-21 00:00:00+05:30,17.3,17.35,16.3,16.5,477981
2010-09-22 00:00:00+05:30,16.9,19.25,16.6,18.3,4220433
2010-09-23 00:00:00+05:30,18.3,18.8,17.2,17.3,863275
2010-09-24 00:00:00+05:30,17.5,17.9,17.2,17.35,447827
2010-09-27 00:00:00+05:30,17.5,17.7,17.3,17.4,286790
2010-09-28 00:00:00+05:30,17.4,17.6,17.1,17.25,305431
2010-09-29 00:00:00+05:30,17.25,17.4,17.0,17.0,231280
2010-09-30 00:00:00+05:30,16.65,17.15,16.65,16.85,217023
2010-10-01 00:00:00+05:30,17.0,17.25,16.9,16.95,269037
2010-10-04 00:00:00+05:30,17.25,17.4,16.8,16.9,345012
2010-10-05 00:00:00+05:30,17.2,17.25,16.8,16.95,237556
2010-10-06 00:00:00+05:30,17.1,18.3,17.05,17.75,1309899
2010-10-07 00:00:00+05:30,17.95,18.4,17.25,17.45,916509
2010-10-08 00:00:00+05:30,17.8,17.85,17.1,17.15,265421
2010-10-11 00:00:00+05:30,17.25,18.8,17.2,18.6,1813060
2010-10-12 00:00:00+05:30,18.7,18.7,17.75,18.55,1307698
2010-10-13 00:00:00+05:30,18.55,21.6,18.5,20.3,6183622
2010-10-14 00:00:00+05:30,20.5,21.8,19.65,20.4,3858450
2010-10-15 00:00:00+05:30,20.6,21.05,19.45,19.6,1872649
2010-10-18 00:00:00+05:30,19.8,19.8,18.75,19.15,605809
2010-10-19 00:00:00+05:30,19.2,19.85,19.0,19.15,691986
2010-10-20 00:00:00+05:30,18.85,19.65,18.55,18.7,637762
2010-10-21 00:00:00+05:30,18.95,19.3,18.7,18.8,433871
2010-10-22 00:00:00+05:30,18.95,22.6,18.9,22.6,9941355
2010-10-25 00:00:00+05:30,23.15,25.85,20.4,20.8,17208561
2010-10-26 00:00:00+05:30,20.8,21.65,20.45,20.85,1634685
2010-10-27 00:00:00+05:30,21.0,21.0,19.75,19.9,1194616
2010-10-28 00:00:00+05:30,19.8,20.85,19.55,19.8,1392058
2010-10-29 00:00:00+05:30,19.8,23.2,19.6,21.1,6869267
2010-11-01 00:00:00+05:30,22.0,22.5,21.2,21.85,1763757
2010-11-02 00:00:00+05:30,21.95,22.1,21.35,21.8,1215555
2010-11-03 00:00:00+05:30,21.95,23.4,21.95,22.25,4579421
2010-11-04 00:00:00+05:30,23.25,23.75,22.7,22.85,3674949
2010-11-05 00:00:00+05:30,23.0,23.45,22.85,22.95,437355
2010-11-08 00:00:00+05:30,23.0,23.35,22.1,22.8,1983741
2010-11-09 00:00:00+05:30,23.0,23.8,22.25,23.35,3027007
2010-11-10 00:00:00+05:30,23.5,23.7,22.65,22.8,2043574
2010-11-11 00:00:00+05:30,23.0,23.25,21.95,22.2,1427504
2010-11-12 00:00:00+05:30,22.8,22.8,21.1,21.25,1689859
2010-11-15 00:00:00+05:30,21.4,21.65,20.6,21.1,1113086
2010-11-16 00:00:00+05:30,21.2,22.1,21.0,21.75,1868852
2010-11-18 00:00:00+05:30,22.0,22.25,20.5,22.1,1398897
2010-11-19 00:00:00+05:30,22.0,22.2,21.3,21.7,1296770
2010-11-22 00:00:00+05:30,21.5,21.95,20.75,20.85,710284
2010-11-23 00:00:00+05:30,20.35,21.15,19.5,20.55,1178640
2010-11-24 00:00:00+05:30,20.9,22.8,20.35,22.3,2629780
2010-11-25 00:00:00+05:30,22.5,22.9,21.55,22.1,1561165
2010-11-26 00:00:00+05:30,22.35,22.35,19.1,21.8,3291679
2010-11-29 00:00:00+05:30,22.05,22.6,21.6,22.35,940021
2010-11-30 00:00:00+05:30,22.1,23.25,21.85,22.75,1038207
2010-12-01 00:00:00+05:30,22.7,23.4,22.5,22.8,777543
2010-12-02 00:00:00+05:30,23.0,23.45,21.3,22.05,2230088
2010-12-03 00:00:00+05:30,22.25,22.45,21.65,22.1,1071568
2010-12-06 00:00:00+05:30,21.55,22.6,21.55,22.15,562332
2010-12-07 00:00:00+05:30,22.45,23.3,21.5,23.05,1277423
2010-12-08 00:00:00+05:30,22.95,23.4,22.5,23.05,1017985
2010-12-09 00:00:00+05:30,23.25,23.5,21.3,22.0,1394235
2010-12-10 00:00:00+05:30,21.5,23.0,21.5,22.45,906349
2010-12-13 00:00:00+05:30,22.6,22.95,22.3,22.5,355424
2010-12-14 00:00:00+05:30,22.7,25.9,22.5,24.6,1470993
2010-12-15 00:00:00+05:30,25.1,27.8,24.55,26.75,4196859
2010-12-16 00:00:00+05:30,28.4,28.4,25.25,25.9,2254560
2010-12-20 00:00:00+05:30,25.95,26.7,25.1,26.0,1202497
2010-12-21 00:00:00+05:30,25.7,27.85,24.35,27.6,2339759
2010-12-22 00:00:00+05:30,27.8,30.2,27.25,29.75,3939432
2010-12-23 00:00:00+05:30,30.5,32.85,29.25,32.15,6481757
2010-12-24 00:00:00+05:30,32.2,38.5,31.25,37.55,12931114
2010-12-27 00:00:00+05:30,38.4,40.15,36.35,38.45,8645278
2010-12-28 00:00:00+05:30,38.5,39.85,37.5,39.5,4845653
2010-12-29 00:00:00+05:30,39.8,40.2,38.25,39.05,3269612
2010-12-30 00:00:00+05:30,39.1,40.85,38.6,40.05,2991585
2010-12-31 00:00:00+05:30,39.1,41.2,39.1,40.2,1359150
2011-01-03 00:00:00+05:30,40.5,42.65,40.5,42.15,2918911
2011-01-04 00:00:00+05:30,43.9,44.15,42.6,42.9,2786965
2011-01-05 00:00:00+05:30,43.1,43.35,42.0,42.05,1186419
2011-01-06 00:00:00+05:30,42.0,42.7,41.35,42.15,1774265
2011-01-07 00:00:00+05:30,42.15,42.4,41.8,42.2,1862267
2011-01-10 00:00:00+05:30,41.8,43.25,41.8,42.75,1494594
2011-01-11 00:00:00+05:30,42.8,44.6,42.4,44.1,1642227
2011-01-12 00:00:00+05:30,44.5,45.65,43.9,44.45,1992619
2011-01-13 00:00:00+05:30,44.3,44.4,43.4,43.85,789932
2011-01-14 00:00:00+05:30,43.9,45.2,43.6,45.0,1774110
2011-01-17 00:00:00+05:30,45.1,46.15,44.8,45.0,1003067
2011-01-18 00:00:00+05:30,45.3,45.5,45.0,45.05,467913
2011-01-19 00:00:00+05:30,45.1,45.35,44.85,45.0,815914
2011-01-20 00:00:00+05:30,45.0,45.35,44.8,45.05,620400
2011-01-21 00:00:00+05:30,45.25,45.25,44.85,45.0,719328
2011-01-24 00:00:00+05:30,45.0,47.0,45.0,45.55,1077233
2011-01-25 00:00:00+05:30,45.8,46.15,45.5,45.55,316623
2011-01-27 00:00:00+05:30,45.7,45.7,44.85,45.45,400334
2011-01-28 00:00:00+05:30,45.45,45.7,40.9,42.3,1070163
2011-01-31 00:00:00+05:30,41.0,41.0,38.1,39.4,1760079
2011-02-01 00:00:00+05:30,40.0,41.1,37.55,38.15,543877
2011-02-02 00:00:00+05:30,39.0,39.2,34.35,34.4,469088
2011-02-03 00:00:00+05:30,33.45,33.45,32.7,32.7,335366
2011-02-04 00:00:00+05:30,32.0,33.9,31.1,31.65,515641
2011-02-07 00:00:00+05:30,32.0,32.65,30.6,31.05,164980
2011-02-08 00:00:00+05:30,31.45,31.45,29.5,29.5,176183
2011-02-09 00:00:00+05:30,28.15,31.0,28.15,31.0,567266
2011-02-10 00:00:00+05:30,32.45,32.55,31.9,32.55,112595
2011-02-11 00:00:00+05:30,34.2,34.2,33.55,34.2,162382
2011-02-14 00:00:00+05:30,35.95,35.95,35.95,35.95,22559
2011-02-15 00:00:00+05:30,37.75,37.75,37.75,37.75,42360
2011-02-16 00:00:00+05:30,39.65,39.65,37.05,38.8,1038086
2011-02-17 00:00:00+05:30,39.6,39.9,38.25,39.5,301275
2011-02-18 00:00:00+05:30,39.6,40.85,39.0,39.55,518726
2011-02-21 00:00:00+05:30,39.55,40.0,38.9,39.35,178126
2011-02-22 00:00:00+05:30,38.8,39.7,38.6,38.8,145495
2011-02-23 00:00:00+05:30,38.75,39.6,38.5,38.8,116587
2011-02-24 00:00:00+05:30,38.5,39.2,37.0,37.9,334091
2011-02-25 00:00:00+05:30,38.0,38.1,36.0,36.0,128574
2011-02-28 00:00:00+05:30,34.2,35.9,34.2,34.2,290255
2011-03-01 00:00:00+05:30,32.5,35.95,32.5,35.95,213736
2011-03-03 00:00:00+05:30,37.75,37.75,36.3,37.15,204271
2011-03-04 00:00:00+05:30,37.15,39.0,35.6,38.15,239493
2011-03-07 00:00:00+05:30,38.8,39.7,38.1,39.5,443771
2011-03-08 00:00:00+05:30,39.9,45.0,39.05,42.55,1477353
2011-03-09 00:00:00+05:30,43.0,45.0,41.35,43.5,905354
2011-03-10 00:00:00+05:30,44.1,48.6,44.1,47.2,1375226
2011-03-11 00:00:00+05:30,46.3,54.0,45.7,51.95,3835603
2011-03-14 00:00:00+05:30,52.5,62.35,52.5,62.35,8121134
2011-03-15 00:00:00+05:30,61.0,65.5,59.9,62.7,4845431
2011-03-16 00:00:00+05:30,62.8,66.95,62.8,64.7,2236023
2011-03-17 00:00:00+05:30,64.7,65.9,62.7,63.0,1506899
2011-03-18 00:00:00+05:30,63.0,65.85,62.6,63.4,1696118
2011-03-21 00:00:00+05:30,63.85,64.15,60.05,62.05,1095255
2011-03-22 00:00:00+05:30,62.4,63.35,61.4,62.0,1194598
2011-03-23 00:00:00+05:30,61.7,62.35,61.6,62.0,776743
2011-03-24 00:00:00+05:30,62.0,62.35,59.1,60.0,1380244
2011-03-25 00:00:00+05:30,60.5,60.7,54.0,54.0,1448408
2011-03-28 00:00:00+05:30,54.0,57.3,49.6,54.65,1792595
2011-03-29 00:00:00+05:30,55.0,59.4,52.15,58.3,1212662
2011-03-30 00:00:00+05:30,58.9,62.0,58.5,60.3,1178069
2011-03-31 00:00:00+05:30,60.8,61.25,57.5,58.3,400053
2011-04-01 00:00:00+05:30,57.7,64.15,57.7,63.85,1400916
2011-04-04 00:00:00+05:30,63.85,66.65,62.8,65.15,1306891
2011-04-05 00:00:00+05:30,65.0,71.7,64.6,71.4,3107092
2011-04-06 00:00:00+05:30,72.0,74.3,69.15,70.05,2233518
2011-04-07 00:00:00+05:30,70.4,71.85,70.0,70.05,608535
2011-04-08 00:00:00+05:30,70.45,70.75,69.25,69.65,1120126
2011-04-11 00:00:00+05:30,70.25,71.75,69.0,69.1,486331
2011-04-13 00:00:00+05:30,68.35,70.25,68.1,69.25,265208
2011-04-15 00:00:00+05:30,69.35,69.85,67.55,68.0,515417
2011-04-18 00:00:00+05:30,68.4,73.45,67.45,71.55,1877538
2011-04-19 00:00:00+05:30,70.95,72.35,69.35,69.8,474193
2011-04-20 00:00:00+05:30,70.2,70.85,69.0,69.2,396709
2011-04-21 00:00:00+05:30,69.7,70.55,68.6,69.0,393833
2011-04-25 00:00:00+05:30,69.15,69.5,68.65,69.0,234390
2011-04-26 00:00:00+05:30,69.0,69.15,63.35,67.2,1001529
2011-04-27 00:00:00+05:30,68.0,69.25,66.15,68.0,247051
2011-04-28 00:00:00+05:30,68.4,69.25,67.5,67.55,225145
2011-04-29 00:00:00+05:30,67.45,70.0,67.1,69.25,374641
2011-05-02 00:00:00+05:30,69.0,69.5,68.3,68.5,185633
2011-05-03 00:00:00+05:30,68.1,70.5,67.5,68.45,422952
2011-05-04 00:00:00+05:30,68.35,69.5,68.05,68.55,252126
2011-05-05 00:00:00+05:30,68.0,68.9,68.0,68.5,187856
2011-05-06 00:00:00+05:30,68.5,69.2,68.25,68.5,162895
2011-05-09 00:00:00+05:30,68.95,69.15,68.5,68.5,106706
2011-05-10 00:00:00+05:30,68.7,68.7,67.7,68.5,181795
2011-05-11 00:00:00+05:30,68.5,68.8,68.3,68.5,110846
2011-05-12 00:00:00+05:30,68.9,76.7,68.3,75.2,1408925
2011-05-13 00:00:00+05:30,75.8,81.4,75.25,80.05,2084110
2011-05-16 00:00:00+05:30,80.0,82.9,80.0,80.05,814429
2011-05-17 00:00:00+05:30,80.5,80.5,79.1,80.1,502770
2011-05-18 00:00:00+05:30,80.3,80.7,79.65,80.0,344203
2011-05-19 00:00:00+05:30,80.0,84.9,79.85,81.9,1151968
2011-05-20 00:00:00+05:30,82.5,85.25,81.1,83.5,642771
2011-05-23 00:00:00+05:30,82.1,83.75,80.0,80.25,290489
2011-05-24 00:00:00+05:30,80.1,82.35,80.1,81.35,263263
2011-05-25 00:00:00+05:30,81.25,81.9,80.0,80.0,263594
2011-05-26 00:00:00+05:30,80.6,81.8,80.0,80.05,230406
2011-05-27 00:00:00+05:30,80.3,94.75,80.0,93.2,4459145
2011-05-30 00:00:00+05:30,93.0,95.85,90.0,92.95,1749566
2011-05-31 00:00:00+05:30,93.45,97.5,92.15,96.3,1994019
2011-06-01 00:00:00+05:30,97.35,101.25,91.85,94.45,2283615
2011-06-02 00:00:00+05:30,93.3,95.0,90.2,90.9,1170585
2011-06-03 00:00:00+05:30,90.0,93.0,90.0,90.35,445337
2011-06-06 00:00:00+05:30,90.7,91.75,89.5,90.1,415944
2011-06-07 00:00:00+05:30,90.2,91.45,89.3,90.9,321700
2011-06-08 00:00:00+05:30,91.2,96.7,91.0,94.0,1247154
2011-06-09 00:00:00+05:30,94.4,95.7,92.2,92.9,496395
2011-06-10 00:00:00+05:30,93.4,93.75,90.55,91.4,363043
2011-06-13 00:00:00+05:30,91.0,92.4,90.05,90.65,381718
2011-06-14 00:00:00+05:30,91.15,91.75,90.2,90.35,333925
2011-06-15 00:00:00+05:30,90.85,95.7,90.5,92.4,1139543
2011-06-16 00:00:00+05:30,91.3,92.75,90.35,90.7,360327
2011-06-17 00:00:00+05:30,91.2,92.85,90.0,90.35,586802
2011-06-20 00:00:00+05:30,90.5,91.9,75.0,89.75,1580408
2011-06-21 00:00:00+05:30,90.1,91.4,86.8,89.6,566378
2011-06-22 00:00:00+05:30,90.6,90.7,89.3,90.0,462343
2011-06-23 00:00:00+05:30,90.0,94.25,90.0,91.05,482233
2011-06-24 00:00:00+05:30,91.9,92.8,90.45,90.85,300088
2011-06-27 00:00:00+05:30,90.05,91.8,89.65,90.0,382901
2011-06-28 00:00:00+05:30,90.6,91.8,90.4,91.2,340489
2011-06-29 00:00:00+05:30,91.7,93.4,91.5,91.75,432729
2011-06-30 00:00:00+05:30,91.75,93.65,90.7,91.45,287952
2011-07-01 00:00:00+05:30,91.95,92.3,90.3,90.7,246809
2011-07-04 00:00:00+05:30,91.4,91.75,90.15,90.8,241516
2011-07-05 00:00:00+05:30,91.0,91.7,90.1,90.25,271449
2011-07-06 00:00:00+05:30,90.35,91.5,89.55,90.0,600706
2011-07-07 00:00:00+05:30,90.1,90.85,90.0,90.05,445872
2011-07-08 00:00:00+05:30,90.1,90.5,89.9,90.0,392655
2011-07-11 00:00:00+05:30,90.0,92.0,90.0,90.15,275942
2011-07-12 00:00:00+05:30,89.25,90.75,89.1,90.0,484255
2011-07-13 00:00:00+05:30,91.0,93.2,90.15,91.2,462336
2011-07-14 00:00:00+05:30,90.9,92.75,90.15,90.5,315484
2011-07-15 00:00:00+05:30,90.7,91.4,90.0,90.1,192033
2011-07-18 00:00:00+05:30,90.2,91.55,90.0,90.0,209952
2011-07-19 00:00:00+05:30,90.25,91.4,90.0,90.05,353204
2011-07-20 00:00:00+05:30,90.45,90.65,89.8,90.0,238622
2011-07-21 00:00:00+05:30,90.1,90.75,90.0,90.0,231577
2011-07-22 00:00:00+05:30,90.2,90.4,90.0,90.0,193868
2011-07-25 00:00:00+05:30,90.1,90.6,90.0,90.0,175206
2011-07-26 00:00:00+05:30,90.05,90.9,90.0,90.0,212219
2011-07-27 00:00:00+05:30,90.15,98.4,90.05,97.15,1420213
2011-07-28 00:00:00+05:30,96.4,98.7,94.1,95.45,815166
2011-07-29 00:00:00+05:30,95.2,96.85,90.1,90.5,495694
2011-08-01 00:00:00+05:30,91.55,91.95,90.1,90.75,262393
2011-08-02 00:00:00+05:30,90.9,92.5,90.0,90.05,395640
2011-08-03 00:00:00+05:30,89.8,91.15,88.2,90.1,416165
2011-08-04 00:00:00+05:30,90.25,90.9,89.4,90.0,235978
2011-08-05 00:00:00+05:30,89.9,89.9,74.35,77.75,760717
2011-08-08 00:00:00+05:30,76.9,76.9,70.0,70.15,411477
2011-08-09 00:00:00+05:30,66.95,78.0,63.3,73.4,703409
2011-08-10 00:00:00+05:30,75.9,79.8,75.9,78.45,301878
2011-08-11 00:00:00+05:30,77.8,81.9,75.0,78.15,302175
2011-08-12 00:00:00+05:30,79.0,81.2,77.5,78.0,126471
2011-08-16 00:00:00+05:30,79.9,81.65,75.05,77.05,201249
2011-08-17 00:00:00+05:30,77.3,78.25,75.15,75.55,123602
2011-08-18 00:00:00+05:30,76.2,76.9,73.6,74.95,350603
2011-08-19 00:00:00+05:30,73.2,74.0,66.7,68.2,173358
2011-08-22 00:00:00+05:30,68.0,69.9,66.8,68.5,94467
2011-08-23 00:00:00+05:30,68.75,70.85,68.05,68.55,104210
2011-08-24 00:00:00+05:30,68.6,72.6,68.2,70.1,150782
2011-08-25 00:00:00+05:30,71.45,71.9,69.15,69.85,94097
2011-08-26 00:00:00+05:30,69.0,70.9,60.0,60.5,178242
2011-08-29 00:00:00+05:30,61.8,66.5,61.75,64.4,148619
2011-08-30 00:00:00+05:30,65.65,67.85,64.2,65.0,90890
2011-09-02 00:00:00+05:30,66.0,66.35,62.5,64.05,58769
2011-09-05 00:00:00+05:30,63.8,65.8,63.0,64.35,74924
2011-09-06 00:00:00+05:30,64.0,66.65,64.0,65.8,90032
2011-09-07 00:00:00+05:30,66.45,69.8,66.2,68.55,168579
2011-09-08 00:00:00+05:30,69.5,75.35,68.0,74.2,293042
2011-09-09 00:00:00+05:30,74.15,76.35,73.15,73.9,151113
2011-09-12 00:00:00+05:30,73.0,73.7,70.05,71.4,89703
2011-09-13 00:00:00+05:30,71.7,73.75,68.65,70.0,112853
2011-09-14 00:00:00+05:30,70.85,71.65,69.7,71.25,65995
2011-09-15 00:00:00+05:30,71.95,72.0,70.1,71.1,44349
2011-09-16 00:00:00+05:30,71.4,72.8,69.75,71.2,73107
2011-09-19 00:00:00+05:30,70.15,72.9,69.1,69.65,74806
2011-09-20 00:00:00+05:30,70.0,71.5,69.0,69.55,70248
2011-09-21 00:00:00+05:30,69.9,70.7,68.6,69.2,53364
2011-09-22 00:00:00+05:30,68.0,68.5,63.15,64.2,84173
2011-09-23 00:00:00+05:30,62.15,64.95,62.15,63.45,100978
2011-09-26 00:00:00+05:30,63.5,65.7,61.2,61.85,77896
2011-09-27 00:00:00+05:30,63.45,64.7,62.55,63.15,73998
2011-09-28 00:00:00+05:30,63.35,63.6,61.1,61.6,36897
2011-09-29 00:00:00+05:30,61.6,63.0,60.2,61.65,72178
2011-09-30 00:00:00+05:30,61.1,64.15,60.7,62.8,91196
2011-10-03 00:00:00+05:30,61.35,61.9,60.0,60.0,99625
2011-10-04 00:00:00+05:30,60.25,61.7,59.35,60.1,104943
2011-10-05 00:00:00+05:30,60.5,61.55,60.0,60.05,98716
2011-10-07 00:00:00+05:30,61.45,62.0,60.0,60.1,80693
2011-10-10 00:00:00+05:30,60.05,61.65,60.05,60.2,74741
2011-10-11 00:00:00+05:30,60.75,61.0,60.05,60.25,92092
2011-10-12 00:00:00+05:30,60.35,61.0,59.15,60.6,112002
2011-10-13 00:00:00+05:30,60.95,61.9,60.2,60.6,70447
2011-10-14 00:00:00+05:30,60.95,61.2,60.0,60.0,94422
2011-10-17 00:00:00+05:30,60.25,61.35,59.7,60.15,103089
2011-10-18 00:00:00+05:30,60.0,60.65,59.7,60.05,50676
2011-10-19 00:00:00+05:30,60.25,61.25,60.0,60.05,81213
2011-10-20 00:00:00+05:30,59.95,61.0,59.9,60.05,103659
2011-10-21 00:00:00+05:30,60.4,60.5,60.0,60.0,48484
2011-10-24 00:00:00+05:30,60.4,60.55,60.0,60.0,57596
2011-10-25 00:00:00+05:30,60.45,60.7,60.0,60.05,71132
2011-10-26 00:00:00+05:30,60.5,60.5,60.05,60.15,12567
2011-10-28 00:00:00+05:30,60.9,61.45,59.95,60.35,76744
2011-10-31 00:00:00+05:30,60.6,60.6,60.0,60.05,54577
2011-11-01 00:00:00+05:30,60.05,60.95,60.0,60.05,78655
2011-11-02 00:00:00+05:30,60.05,60.7,59.5,60.05,84042
2011-11-03 00:00:00+05:30,60.05,60.65,60.0,60.1,51391
2011-11-04 00:00:00+05:30,60.1,60.75,60.05,60.55,52133
2011-11-08 00:00:00+05:30,60.2,62.45,60.0,61.25,138403
2011-11-09 00:00:00+05:30,61.25,71.45,61.25,66.45,1095815
2011-11-11 00:00:00+05:30,66.85,69.2,63.5,64.15,226802
2011-11-14 00:00:00+05:30,66.4,70.45,65.0,65.5,419887
2011-11-15 00:00:00+05:30,65.95,66.4,60.15,60.35,93527
2011-11-16 00:00:00+05:30,60.7,62.55,60.0,60.15,124287
2011-11-17 00:00:00+05:30,60.25,61.7,60.0,60.05,103355
2011-11-18 00:00:00+05:30,60.05,60.35,59.65,60.05,109005
2011-11-21 00:00:00+05:30,60.4,60.8,59.8,60.0,121666
2011-11-22 00:00:00+05:30,60.2,60.8,60.0,60.0,45250
2011-11-23 00:00:00+05:30,60.05,60.25,59.6,60.1,151796
2011-11-24 00:00:00+05:30,60.0,64.45,60.0,60.7,253112
2011-11-25 00:00:00+05:30,60.1,63.7,59.5,60.35,130938
2011-11-28 00:00:00+05:30,61.35,62.35,60.6,61.15,64975
2011-11-29 00:00:00+05:30,61.8,62.45,60.2,60.5,51997
2011-11-30 00:00:00+05:30,60.9,61.45,60.1,60.2,51696
2011-12-01 00:00:00+05:30,61.2,61.8,60.1,60.15,50517
2011-12-02 00:00:00+05:30,60.3,61.2,60.15,60.25,55663
2011-12-05 00:00:00+05:30,60.5,60.7,60.0,60.0,72080
2011-12-07 00:00:00+05:30,60.2,60.8,60.0,60.05,89356
2011-12-08 00:00:00+05:30,60.05,61.45,60.0,60.05,151505
2011-12-09 00:00:00+05:30,60.05,60.2,59.65,60.0,69327
2011-12-12 00:00:00+05:30,60.2,60.6,60.0,60.0,83292
2011-12-13 00:00:00+05:30,59.9,60.4,59.9,60.05,86470
2011-12-14 00:00:00+05:30,60.0,60.3,59.85,60.0,43649
2011-12-15 00:00:00+05:30,61.45,61.45,59.35,60.0,183266
2011-12-16 00:00:00+05:30,60.0,61.7,59.85,60.0,96221
2011-12-19 00:00:00+05:30,59.15,60.75,55.35,60.35,354260
2011-12-20 00:00:00+05:30,60.5,60.5,48.3,49.2,386927
2011-12-21 00:00:00+05:30,39.4,53.0,39.4,46.75,197252
2011-12-22 00:00:00+05:30,46.75,52.9,46.0,48.85,209912
2011-12-23 00:00:00+05:30,49.1,50.8,48.5,49.0,110037
2011-12-26 00:00:00+05:30,49.05,49.9,47.25,48.75,58812
2011-12-27 00:00:00+05:30,48.5,49.2,48.4,48.6,54526
2011-12-28 00:00:00+05:30,48.4,48.75,44.5,45.4,95127
2011-12-29 00:00:00+05:30,43.0,46.75,40.5,44.0,45929
2011-12-30 00:00:00+05:30,44.3,45.4,42.25,43.2,37780
2012-01-02 00:00:00+05:30,43.25,44.45,42.05,42.6,40133
2012-01-03 00:00:00+05:30,40.5,47.0,40.5,44.85,127868
2012-01-04 00:00:00+05:30,44.0,47.5,44.0,45.3,63505
2012-01-05 00:00:00+05:30,46.9,47.3,44.55,45.0,27772
2012-01-06 00:00:00+05:30,44.5,45.25,44.3,44.75,20980
2012-01-07 00:00:00+05:30,44.55,47.9,44.55,47.2,89180
2012-01-09 00:00:00+05:30,47.2,48.8,46.55,47.05,104444
2012-01-10 00:00:00+05:30,47.5,50.25,46.4,48.65,168893
2012-01-11 00:00:00+05:30,49.0,51.85,48.3,49.7,153190
2012-01-12 00:00:00+05:30,49.15,51.0,47.5,48.0,85702
2012-01-13 00:00:00+05:30,49.0,52.5,48.5,50.25,172317
2012-01-16 00:00:00+05:30,50.7,51.95,50.25,50.8,99308
2012-01-17 00:00:00+05:30,50.8,51.8,50.4,51.45,76571
2012-01-18 00:00:00+05:30,51.6,51.6,48.9,49.65,41448
2012-01-19 00:00:00+05:30,49.7,50.9,49.65,50.0,26382
2012-01-20 00:00:00+05:30,50.05,54.5,50.0,51.4,193762
2012-01-23 00:00:00+05:30,51.05,52.75,50.95,52.0,64494
2012-01-24 00:00:00+05:30,51.5,52.45,51.0,51.35,47113
2012-01-25 00:00:00+05:30,51.35,52.8,50.4,51.15,75657
2012-01-27 00:00:00+05:30,52.0,52.5,50.3,51.0,63017
2012-01-30 00:00:00+05:30,50.5,52.7,50.5,50.65,50889
2012-01-31 00:00:00+05:30,50.8,51.75,50.15,50.6,89172
2012-02-01 00:00:00+05:30,50.95,51.25,49.1,50.35,70319
2012-02-02 00:00:00+05:30,50.5,52.7,50.25,50.75,83222
2012-02-03 00:00:00+05:30,50.7,52.45,50.2,50.75,69136
2012-02-06 00:00:00+05:30,51.0,52.8,50.4,51.05,91313
2012-02-07 00:00:00+05:30,51.1,52.25,50.2,50.35,80301
2012-02-08 00:00:00+05:30,51.3,52.95,50.55,51.85,190879
2012-02-09 00:00:00+05:30,51.5,57.7,51.5,55.1,516333
2012-02-10 00:00:00+05:30,55.5,56.6,53.7,54.1,153161
2012-02-13 00:00:00+05:30,54.0,56.3,53.5,54.65,142420
2012-02-14 00:00:00+05:30,54.85,56.0,54.1,55.05,138670
2012-02-15 00:00:00+05:30,55.8,58.4,55.2,55.75,505783
2012-02-16 00:00:00+05:30,55.4,56.25,53.9,54.3,203209
2012-02-17 00:00:00+05:30,55.25,55.85,53.05,54.05,131151
2012-02-21 00:00:00+05:30,54.9,55.5,53.5,53.85,50182
2012-02-22 00:00:00+05:30,54.3,54.4,50.5,50.9,96693
2012-02-23 00:00:00+05:30,50.8,51.4,47.5,49.7,136455
2012-02-24 00:00:00+05:30,50.35,50.9,47.6,47.9,58094
2012-02-27 00:00:00+05:30,48.2,48.3,44.35,45.1,54161
2012-02-28 00:00:00+05:30,45.5,48.75,45.5,47.1,108023
2012-02-29 00:00:00+05:30,47.8,49.45,47.15,47.75,54445
2012-03-01 00:00:00+05:30,48.0,48.8,46.1,46.6,62232
2012-03-02 00:00:00+05:30,47.15,47.5,45.5,46.55,25722
2012-03-03 00:00:00+05:30,46.55,47.2,46.15,46.5,21425
2012-03-05 00:00:00+05:30,46.2,46.8,44.6,45.15,72348
2012-03-06 00:00:00+05:30,44.0,45.85,43.3,44.05,54467
2012-03-07 00:00:00+05:30,43.2,44.5,42.75,43.3,48859
2012-03-09 00:00:00+05:30,44.0,44.75,43.4,43.65,51194
2012-03-12 00:00:00+05:30,44.0,45.2,43.55,44.6,71568
2012-03-13 00:00:00+05:30,44.9,45.6,44.5,44.9,42958
2012-03-14 00:00:00+05:30,45.05,45.45,44.0,44.1,39261
2012-03-15 00:00:00+05:30,43.2,44.9,43.2,43.7,37222
2012-03-16 00:00:00+05:30,44.15,45.5,41.4,42.0,78098
2012-03-19 00:00:00+05:30,42.8,43.35,39.45,39.9,99229
2012-03-20 00:00:00+05:30,40.75,41.0,39.5,39.85,50602
2012-03-21 00:00:00+05:30,39.0,40.9,38.6,40.45,40246
2012-03-22 00:00:00+05:30,40.2,40.9,39.0,39.45,36070
2012-03-23 00:00:00+05:30,39.45,40.25,39.2,39.75,36955
2012-03-26 00:00:00+05:30,39.75,40.0,38.0,38.4,57217
2012-03-27 00:00:00+05:30,38.05,39.0,37.0,37.3,77421
2012-03-28 00:00:00+05:30,37.6,38.5,35.5,37.75,134517
2012-03-29 00:00:00+05:30,38.4,38.8,36.75,37.5,119555
2012-03-30 00:00:00+05:30,37.5,39.0,37.15,37.95,88928
2012-04-02 00:00:00+05:30,38.0,38.3,37.3,37.65,30854
2012-04-03 00:00:00+05:30,38.3,38.9,37.85,38.65,70957
2012-04-04 00:00:00+05:30,38.2,40.0,38.2,39.8,89805
2012-04-09 00:00:00+05:30,38.1,47.7,38.1,46.95,631877
2012-04-10 00:00:00+05:30,47.5,48.8,44.2,44.95,270060
2012-04-11 00:00:00+05:30,44.05,45.25,42.15,42.35,165298
2012-04-12 00:00:00+05:30,43.3,43.65,40.05,40.65,133619
2012-04-13 00:00:00+05:30,40.6,43.3,39.85,40.2,176691
2012-04-16 00:00:00+05:30,40.2,41.6,39.0,39.65,65341
2012-04-17 00:00:00+05:30,39.55,40.75,39.5,39.7,92642
2012-04-18 00:00:00+05:30,40.0,40.5,38.9,39.3,137320
2012-04-19 00:00:00+05:30,39.3,39.9,38.25,38.4,117731
2012-04-20 00:00:00+05:30,38.45,39.3,37.95,38.05,88290
2012-04-23 00:00:00+05:30,38.65,38.7,37.2,37.4,70315
2012-04-24 00:00:00+05:30,37.5,37.75,35.5,36.1,81464
2012-04-25 00:00:00+05:30,36.0,37.15,35.75,36.35,98632
2012-04-26 00:00:00+05:30,36.2,37.3,35.8,36.05,64542
2012-04-27 00:00:00+05:30,36.05,36.6,35.9,36.1,39077
2012-04-28 00:00:00+05:30,36.1,37.85,36.05,37.05,49987
2012-04-30 00:00:00+05:30,37.2,37.65,36.1,36.35,35458
2012-05-02 00:00:00+05:30,36.45,37.3,36.15,36.35,53542
2012-05-03 00:00:00+05:30,37.8,42.9,36.95,38.75,462263
2012-05-04 00:00:00+05:30,39.0,39.75,37.55,38.35,172272
2012-05-07 00:00:00+05:30,38.0,41.9,37.55,40.05,246125
2012-05-08 00:00:00+05:30,40.5,41.8,38.05,38.25,129637
2012-05-09 00:00:00+05:30,38.9,38.9,36.45,36.75,67182
2012-05-10 00:00:00+05:30,36.75,37.3,35.85,36.0,85327
2012-05-11 00:00:00+05:30,35.95,36.75,35.5,36.1,48698
2012-05-14 00:00:00+05:30,36.6,37.25,35.8,35.9,80554
2012-05-15 00:00:00+05:30,35.8,39.2,35.7,37.5,176893
2012-05-16 00:00:00+05:30,36.9,37.9,35.55,35.9,106284
2012-05-17 00:00:00+05:30,36.25,36.6,34.8,35.05,78288
2012-05-18 00:00:00+05:30,34.75,34.75,33.2,34.15,78421
2012-05-21 00:00:00+05:30,34.3,34.95,33.5,33.65,43377
2012-05-22 00:00:00+05:30,34.0,35.25,33.7,34.1,95047
2012-05-23 00:00:00+05:30,34.1,34.4,33.5,33.9,47130
2012-05-24 00:00:00+05:30,34.0,34.0,33.2,33.7,43308
2012-05-25 00:00:00+05:30,33.7,34.0,33.15,33.5,56702
2012-05-28 00:00:00+05:30,33.9,34.75,33.35,34.4,40043
2012-05-29 00:00:00+05:30,34.9,34.9,33.8,34.1,35410
2012-05-30 00:00:00+05:30,33.7,34.2,33.3,33.4,18401
2012-05-31 00:00:00+05:30,33.05,33.4,26.75,28.45,325456
2012-06-01 00:00:00+05:30,28.1,28.85,25.3,25.65,189108
2012-06-04 00:00:00+05:30,26.0,26.2,24.6,24.9,118506
2012-06-05 00:00:00+05:30,25.1,27.2,25.1,25.35,247363
2012-06-06 00:00:00+05:30,25.9,26.15,25.45,25.6,148836
2012-06-07 00:00:00+05:30,25.8,25.95,25.0,25.2,167708
2012-06-08 00:00:00+05:30,25.1,25.5,24.5,24.9,122056
2012-06-11 00:00:00+05:30,25.0,29.0,24.6,27.75,741805
2012-06-12 00:00:00+05:30,27.75,28.8,27.6,28.25,307308
2012-06-13 00:00:00+05:30,28.25,28.65,27.55,27.85,134557
2012-06-14 00:00:00+05:30,28.2,28.85,27.15,27.7,258874
2012-06-15 00:00:00+05:30,27.65,27.95,26.5,26.8,97726
2012-06-18 00:00:00+05:30,26.95,27.55,25.6,27.35,141602
2012-06-19 00:00:00+05:30,27.4,27.8,27.05,27.35,56951
2012-06-20 00:00:00+05:30,27.5,27.9,27.1,27.4,43099
2012-06-21 00:00:00+05:30,27.2,27.65,26.3,27.35,31665
2012-06-22 00:00:00+05:30,27.25,27.75,26.7,27.4,39701
2012-06-25 00:00:00+05:30,27.85,29.3,27.25,28.05,124629
2012-06-26 00:00:00+05:30,27.9,29.45,27.75,28.55,245982
2012-06-27 00:00:00+05:30,28.8,29.4,28.3,28.75,90203
2012-06-28 00:00:00+05:30,29.7,29.7,28.6,28.85,86432
2012-06-29 00:00:00+05:30,29.3,29.9,29.1,29.25,135811
2012-07-02 00:00:00+05:30,30.0,30.55,29.1,30.15,104884
2012-07-03 00:00:00+05:30,30.3,32.4,30.15,31.85,324071
2012-07-04 00:00:00+05:30,32.0,37.7,32.0,37.1,1347806
2012-07-05 00:00:00+05:30,37.9,43.15,37.1,42.2,1810945
2012-07-06 00:00:00+05:30,42.9,44.65,42.0,43.25,1153959
2012-07-09 00:00:00+05:30,43.1,43.2,39.0,39.45,469431
2012-07-10 00:00:00+05:30,39.0,42.15,39.0,41.0,473369
2012-07-11 00:00:00+05:30,39.5,41.75,39.5,39.7,277002
2012-07-12 00:00:00+05:30,39.5,39.95,35.8,38.25,400711
2012-07-13 00:00:00+05:30,38.7,40.45,38.5,38.7,245657
2012-07-16 00:00:00+05:30,39.4,39.9,38.55,38.7,136691
2012-07-17 00:00:00+05:30,39.1,39.45,37.05,37.35,120650
2012-07-18 00:00:00+05:30,37.35,37.95,35.6,36.7,232835
2012-07-19 00:00:00+05:30,37.3,38.4,36.85,37.2,184289
2012-07-20 00:00:00+05:30,37.1,37.7,35.85,36.05,88997
2012-07-23 00:00:00+05:30,35.4,36.2,34.9,35.15,147113
2012-07-24 00:00:00+05:30,35.3,35.9,33.9,34.05,124093
2012-07-25 00:00:00+05:30,34.0,34.0,32.45,33.0,95680
2012-07-26 00:00:00+05:30,33.2,33.4,31.5,31.7,95937
2012-07-27 00:00:00+05:30,32.2,34.6,32.05,33.1,240422
2012-07-30 00:00:00+05:30,34.15,35.75,32.8,34.15,119878
2012-07-31 00:00:00+05:30,34.1,35.8,34.1,34.75,101124
2012-08-01 00:00:00+05:30,34.7,35.95,34.15,35.0,110558
2012-08-02 00:00:00+05:30,34.65,36.35,34.65,35.0,125009
2012-08-03 00:00:00+05:30,34.8,35.45,34.0,34.55,139602
2012-08-06 00:00:00+05:30,34.9,35.4,33.75,34.2,74031
2012-08-07 00:00:00+05:30,34.55,35.6,33.9,34.35,179849
2012-08-08 00:00:00+05:30,34.8,36.3,34.15,35.3,238210
2012-08-09 00:00:00+05:30,35.1,35.7,34.2,34.4,105937
2012-08-10 00:00:00+05:30,34.15,34.9,33.0,33.35,118239
2012-08-13 00:00:00+05:30,33.9,34.5,33.15,33.75,117023
2012-08-14 00:00:00+05:30,34.2,34.35,33.4,34.0,90361
2012-08-16 00:00:00+05:30,33.65,35.2,33.6,34.6,156045
2012-08-17 00:00:00+05:30,34.9,35.2,33.75,33.9,68626
2012-08-21 00:00:00+05:30,34.0,34.4,33.6,33.8,45217
2012-08-22 00:00:00+05:30,33.7,34.4,33.35,33.45,59473
2012-08-23 00:00:00+05:30,33.5,34.8,33.2,33.4,63986
2012-08-24 00:00:00+05:30,33.9,33.9,31.6,32.35,72371
2012-08-27 00:00:00+05:30,30.9,32.5,30.6,30.85,86962
2012-08-28 00:00:00+05:30,31.5,31.5,29.1,29.45,75813
2012-08-29 00:00:00+05:30,29.5,29.9,28.85,29.3,63169
2012-08-30 00:00:00+05:30,29.1,30.3,28.85,30.0,90222
2012-08-31 00:00:00+05:30,30.0,30.25,29.2,29.35,51494
2012-09-03 00:00:00+05:30,29.5,29.95,29.1,29.3,45887
2012-09-04 00:00:00+05:30,29.6,30.9,29.2,29.9,160613
2012-09-05 00:00:00+05:30,30.0,30.15,29.3,29.45,54957
2012-09-06 00:00:00+05:30,29.5,30.1,28.9,29.05,56590
2012-09-07 00:00:00+05:30,29.95,29.95,29.25,29.75,35574
2012-09-08 00:00:00+05:30,29.6,31.1,29.6,30.75,59573
2012-09-10 00:00:00+05:30,30.85,31.8,29.5,29.65,123783
2012-09-11 00:00:00+05:30,29.9,30.5,29.55,29.7,82138
2012-09-12 00:00:00+05:30,29.8,30.25,29.25,29.5,111068
2012-09-13 00:00:00+05:30,29.75,30.55,29.2,29.35,77847
2012-09-14 00:00:00+05:30,30.0,30.0,29.5,29.6,76384
2012-09-17 00:00:00+05:30,29.65,30.4,29.65,29.75,102156
2012-09-18 00:00:00+05:30,29.5,31.2,29.5,30.5,306924
2012-09-20 00:00:00+05:30,30.45,30.7,29.7,29.8,125120
2012-09-21 00:00:00+05:30,30.25,33.8,30.05,32.7,859167
2012-09-24 00:00:00+05:30,32.45,34.0,31.45,31.85,230941
2012-09-25 00:00:00+05:30,32.25,32.25,30.1,30.7,209356
2012-09-26 00:00:00+05:30,31.0,31.65,30.55,30.85,126479
2012-09-27 00:00:00+05:30,31.5,33.45,31.2,32.75,522248
2012-09-28 00:00:00+05:30,33.0,33.4,31.6,31.7,301251
2012-10-01 00:00:00+05:30,31.55,32.1,31.0,31.8,124834
2012-10-03 00:00:00+05:30,31.7,32.65,31.65,31.8,126585
2012-10-04 00:00:00+05:30,32.5,33.4,31.95,32.7,280442
2012-10-05 00:00:00+05:30,33.35,33.7,31.2,32.15,151375
2012-10-08 00:00:00+05:30,32.25,32.7,31.5,31.7,90031
2012-10-09 00:00:00+05:30,32.0,36.8,31.75,35.5,1877424
2012-10-10 00:00:00+05:30,35.8,36.75,33.75,34.7,715288
2012-10-11 00:00:00+05:30,35.3,36.45,34.25,35.7,640720
2012-10-12 00:00:00+05:30,35.55,36.25,33.6,34.25,189851
2012-10-15 00:00:00+05:30,34.5,34.5,33.2,33.45,117088
2012-10-16 00:00:00+05:30,31.9,34.0,31.7,32.1,180508
2012-10-17 00:00:00+05:30,32.6,32.75,31.7,31.9,88616
2012-10-18 00:00:00+05:30,31.8,33.4,31.8,32.4,157299
2012-10-19 00:00:00+05:30,32.4,32.6,31.55,31.7,78790
2012-10-22 00:00:00+05:30,31.55,32.2,31.55,31.75,51165
2012-10-23 00:00:00+05:30,31.7,32.65,31.5,31.65,71367
2012-10-25 00:00:00+05:30,32.0,32.0,31.3,31.45,40856
2012-10-26 00:00:00+05:30,31.25,31.85,30.2,30.45,79746
2012-10-29 00:00:00+05:30,30.75,31.7,30.2,30.8,123220
2012-10-30 00:00:00+05:30,30.55,31.25,30.0,30.1,77842
2012-10-31 00:00:00+05:30,30.4,30.6,29.5,30.15,51244
2012-11-01 00:00:00+05:30,30.35,30.9,30.2,30.55,80099
2012-11-02 00:00:00+05:30,30.6,31.25,30.4,30.7,82264
2012-11-05 00:00:00+05:30,30.6,31.1,30.3,30.55,66853
2012-11-06 00:00:00+05:30,30.35,30.9,30.1,30.25,45650
2012-11-07 00:00:00+05:30,30.2,31.35,30.2,30.55,87313
2012-11-08 00:00:00+05:30,30.4,30.85,29.2,30.35,46020
2012-11-09 00:00:00+05:30,30.3,30.8,29.6,30.0,57123
2012-11-12 00:00:00+05:30,30.0,30.3,29.2,29.35,65209
2012-11-13 00:00:00+05:30,29.4,29.9,29.4,29.7,37695
2012-11-15 00:00:00+05:30,29.3,30.0,29.25,29.75,44113
2012-11-16 00:00:00+05:30,29.9,30.0,29.35,29.75,72740
2012-11-19 00:00:00+05:30,29.8,29.95,28.7,28.8,59478
2012-11-20 00:00:00+05:30,29.05,29.3,28.4,28.55,39321
2012-11-21 00:00:00+05:30,28.5,29.2,28.05,28.8,37961
2012-11-22 00:00:00+05:30,29.45,29.45,28.35,28.5,20044
2012-11-23 00:00:00+05:30,28.65,28.75,28.25,28.4,24887
2012-11-26 00:00:00+05:30,28.5,30.3,28.35,29.1,84300
2012-11-27 00:00:00+05:30,29.35,29.8,28.75,28.95,44878
2012-11-29 00:00:00+05:30,29.25,29.4,28.75,29.0,55335
2012-11-30 00:00:00+05:30,29.3,30.25,29.1,29.45,103241
2012-12-03 00:00:00+05:30,29.7,31.2,29.55,30.45,149264
2012-12-04 00:00:00+05:30,30.7,31.25,30.3,30.45,103765
2012-12-05 00:00:00+05:30,30.7,31.35,30.6,30.7,76655
2012-12-06 00:00:00+05:30,31.0,31.75,30.6,31.0,132228
2012-12-07 00:00:00+05:30,31.2,33.4,30.85,32.25,376438
2012-12-10 00:00:00+05:30,32.3,32.6,31.0,31.2,107569
2012-12-11 00:00:00+05:30,31.0,32.2,30.4,30.7,99676
2012-12-12 00:00:00+05:30,30.65,31.2,30.4,30.6,46609
2012-12-13 00:00:00+05:30,30.6,31.2,29.8,30.05,51869
2012-12-14 00:00:00+05:30,30.75,31.6,30.4,30.6,113103
2012-12-17 00:00:00+05:30,30.55,31.15,29.9,30.05,63728
2012-12-18 00:00:00+05:30,30.25,30.5,30.05,30.35,55051
2012-12-19 00:00:00+05:30,30.85,31.1,30.2,30.35,64283
2012-12-20 00:00:00+05:30,30.2,30.85,29.8,30.1,54002
2012-12-21 00:00:00+05:30,30.45,30.5,29.0,29.15,50951
2012-12-24 00:00:00+05:30,29.35,29.75,28.9,29.0,46524
2012-12-26 00:00:00+05:30,29.05,29.8,28.9,29.0,40484
2012-12-27 00:00:00+05:30,29.15,29.5,28.7,29.05,47278
2012-12-28 00:00:00+05:30,29.1,29.45,28.95,29.2,37931
2012-12-31 00:00:00+05:30,29.05,33.4,29.05,32.1,566800
2013-01-01 00:00:00+05:30,32.4,33.3,31.7,32.05,241736
2013-01-02 00:00:00+05:30,32.5,32.5,31.45,31.7,100601
2013-01-03 00:00:00+05:30,31.75,32.6,31.5,31.55,104748
2013-01-04 00:00:00+05:30,31.5,31.85,31.15,31.4,71011
2013-01-07 00:00:00+05:30,31.45,32.0,31.15,31.3,101752
2013-01-08 00:00:00+05:30,31.1,31.8,31.1,31.25,42641
2013-01-09 00:00:00+05:30,31.2,33.2,31.2,32.1,379613
2013-01-10 00:00:00+05:30,32.45,32.75,31.3,31.5,95847
2013-01-11 00:00:00+05:30,31.4,31.8,30.3,30.7,59218
2013-01-14 00:00:00+05:30,31.0,31.45,30.3,30.75,59477
2013-01-15 00:00:00+05:30,31.0,31.15,30.3,30.45,45867
2013-01-16 00:00:00+05:30,30.75,30.75,29.65,29.7,55387
2013-01-17 00:00:00+05:30,29.4,30.55,29.4,29.65,65642
2013-01-18 00:00:00+05:30,29.6,31.5,29.6,30.55,227704
2013-01-21 00:00:00+05:30,31.9,32.0,30.5,30.6,65643
2013-01-22 00:00:00+05:30,30.45,30.8,29.75,29.95,51010
2013-01-23 00:00:00+05:30,30.0,30.5,29.35,30.0,67194
2013-01-24 00:00:00+05:30,29.75,29.85,28.6,28.95,47420
2013-01-25 00:00:00+05:30,28.95,29.45,27.6,28.7,77538
2013-01-28 00:00:00+05:30,28.7,29.7,28.7,28.8,44745
2013-01-29 00:00:00+05:30,28.4,29.0,28.1,28.4,48897
2013-01-30 00:00:00+05:30,28.25,28.8,28.05,28.25,47064
2013-01-31 00:00:00+05:30,28.25,28.6,28.1,28.2,31903
2013-02-01 00:00:00+05:30,28.3,28.9,27.8,28.0,43352
2013-02-04 00:00:00+05:30,28.35,28.7,27.85,28.05,39337
2013-02-05 00:00:00+05:30,27.9,27.9,27.0,27.25,53639
2013-02-06 00:00:00+05:30,27.5,27.65,26.8,26.9,56082
2013-02-07 00:00:00+05:30,26.75,27.2,26.2,26.35,58255
2013-02-08 00:00:00+05:30,26.5,26.5,25.7,25.85,62759
2013-02-11 00:00:00+05:30,26.25,26.25,24.9,25.0,122613
2013-02-12 00:00:00+05:30,25.6,25.6,24.7,24.85,58437
2013-02-13 00:00:00+05:30,24.85,25.2,24.5,24.7,48440
2013-02-14 00:00:00+05:30,26.0,26.0,23.7,23.95,70461
2013-02-15 00:00:00+05:30,24.0,24.2,22.75,23.0,109455
2013-02-18 00:00:00+05:30,23.4,23.5,22.9,23.25,69555
2013-02-19 00:00:00+05:30,23.45,23.9,23.25,23.6,48388
2013-02-20 00:00:00+05:30,23.45,24.5,23.45,23.8,73125
2013-02-21 00:00:00+05:30,23.75,23.8,22.3,22.65,88081
2013-02-22 00:00:00+05:30,23.1,23.1,22.35,22.5,73612
2013-02-25 00:00:00+05:30,22.5,22.9,22.2,22.6,33999
2013-02-26 00:00:00+05:30,22.5,22.5,21.25,21.4,50512
2013-02-27 00:00:00+05:30,21.3,22.0,20.75,21.45,48559
2013-02-28 00:00:00+05:30,21.8,23.0,20.7,20.85,127198
2013-03-01 00:00:00+05:30,21.4,21.5,20.45,20.55,61704
2013-03-04 00:00:00+05:30,20.15,20.7,18.65,19.05,94638
2013-03-05 00:00:00+05:30,19.1,20.0,18.45,19.7,101956
2013-03-06 00:00:00+05:30,20.0,23.5,19.9,22.6,310487
2013-03-07 00:00:00+05:30,22.6,24.85,22.5,23.8,484212
2013-03-08 00:00:00+05:30,24.1,24.4,23.0,23.4,134905
2013-03-11 00:00:00+05:30,23.75,23.75,22.4,22.55,76288
2013-03-12 00:00:00+05:30,22.9,23.55,22.35,22.65,120580
2013-03-13 00:00:00+05:30,22.4,23.1,21.85,22.1,65552
2013-03-14 00:00:00+05:30,22.1,22.45,21.6,21.75,44419
2013-03-15 00:00:00+05:30,21.9,22.6,21.35,21.55,71781
2013-03-18 00:00:00+05:30,21.2,21.5,20.65,20.7,44418
2013-03-19 00:00:00+05:30,20.75,21.15,20.5,20.7,60620
2013-03-20 00:00:00+05:30,20.5,20.6,20.0,20.2,40949
2013-03-21 00:00:00+05:30,20.1,20.45,19.5,19.8,45501
2013-03-22 00:00:00+05:30,19.5,19.95,19.0,19.1,41928
2013-03-25 00:00:00+05:30,19.85,20.2,19.05,19.25,95868
2013-03-26 00:00:00+05:30,19.35,19.8,19.15,19.3,57591
2013-03-28 00:00:00+05:30,19.7,19.8,19.0,19.35,30207
2013-04-01 00:00:00+05:30,19.1,22.7,19.1,21.2,77763
2013-04-02 00:00:00+05:30,22.5,22.9,21.35,22.2,122027
2013-04-03 00:00:00+05:30,22.2,22.55,21.05,21.25,77801
2013-04-04 00:00:00+05:30,21.3,21.3,20.05,20.35,40612
2013-04-05 00:00:00+05:30,20.65,20.85,20.1,20.55,45119
2013-04-08 00:00:00+05:30,20.75,21.25,20.15,20.4,38890
2013-04-09 00:00:00+05:30,20.7,21.25,20.0,20.1,45115
2013-04-10 00:00:00+05:30,20.25,20.45,19.65,20.25,49032
2013-04-11 00:00:00+05:30,20.3,20.75,20.05,20.4,39673
2013-04-12 00:00:00+05:30,20.0,20.2,19.6,20.0,33742
2013-04-15 00:00:00+05:30,20.0,20.6,19.55,20.1,22277
2013-04-16 00:00:00+05:30,20.25,20.7,19.8,20.55,45042
2013-04-17 00:00:00+05:30,20.6,20.85,20.1,20.2,31469
2013-04-18 00:00:00+05:30,19.75,20.85,19.75,20.55,39880
2013-04-22 00:00:00+05:30,20.25,20.8,20.25,20.4,50989
2013-04-23 00:00:00+05:30,20.4,21.1,20.4,20.8,137424
2013-04-25 00:00:00+05:30,21.0,21.1,20.3,20.45,106316
2013-04-26 00:00:00+05:30,20.05,20.7,19.65,19.85,40445
2013-04-29 00:00:00+05:30,20.15,20.15,19.6,19.85,49772
2013-04-30 00:00:00+05:30,20.0,20.0,19.15,19.25,46985
2013-05-02 00:00:00+05:30,19.05,19.7,18.9,19.1,77845
2013-05-03 00:00:00+05:30,19.2,19.35,18.9,19.0,35068
2013-05-06 00:00:00+05:30,19.0,19.25,19.0,19.1,25692
2013-05-07 00:00:00+05:30,19.0,22.45,19.0,22.1,252754
2013-05-08 00:00:00+05:30,21.9,22.1,20.85,21.1,94730
2013-05-09 00:00:00+05:30,21.4,21.4,20.1,20.25,103168
2013-05-10 00:00:00+05:30,20.55,22.4,20.35,22.05,305334
2013-05-11 00:00:00+05:30,22.0,23.1,21.65,22.7,89651
2013-05-13 00:00:00+05:30,22.3,23.0,21.55,21.75,93075
2013-05-14 00:00:00+05:30,22.0,22.8,21.6,22.05,99410
2013-05-15 00:00:00+05:30,22.05,22.55,21.85,21.9,57386
2013-05-16 00:00:00+05:30,21.95,22.25,21.45,21.65,42423
2013-05-17 00:00:00+05:30,21.9,22.5,21.5,21.8,50360
2013-05-20 00:00:00+05:30,22.2,22.2,21.5,21.6,66667
2013-05-21 00:00:00+05:30,21.65,21.9,20.8,20.9,54762
2013-05-22 00:00:00+05:30,20.9,21.4,19.9,20.0,65223
2013-05-23 00:00:00+05:30,19.9,20.1,19.5,19.65,40030
2013-05-24 00:00:00+05:30,19.25,21.45,19.25,20.9,85202
2013-05-27 00:00:00+05:30,20.55,21.4,20.3,21.05,41394
2013-05-28 00:00:00+05:30,20.95,21.35,20.6,20.75,38193
2013-05-29 00:00:00+05:30,21.0,21.05,20.1,20.25,31806
2013-05-30 00:00:00+05:30,20.0,20.4,19.9,20.05,19991
2013-05-31 00:00:00+05:30,20.05,20.25,19.5,19.7,44519
2013-06-03 00:00:00+05:30,19.4,20.25,19.4,20.0,22350
2013-06-04 00:00:00+05:30,19.8,20.5,19.6,19.75,41762
2013-06-05 00:00:00+05:30,19.55,20.25,19.55,19.8,43530
2013-06-06 00:00:00+05:30,19.55,20.1,19.55,19.9,24050
2013-06-07 00:00:00+05:30,19.85,20.3,19.4,19.45,26355
2013-06-10 00:00:00+05:30,19.4,19.8,19.1,19.15,35839
2013-06-11 00:00:00+05:30,19.3,19.4,18.05,18.55,53939
2013-06-12 00:00:00+05:30,18.1,18.65,18.1,18.3,21573
2013-06-13 00:00:00+05:30,18.1,18.5,18.0,18.1,23726
2013-06-14 00:00:00+05:30,18.1,18.9,18.1,18.6,19531
2013-06-17 00:00:00+05:30,18.15,19.1,18.15,19.0,27940
2013-06-18 00:00:00+05:30,19.0,19.3,18.8,19.05,24641
2013-06-19 00:00:00+05:30,19.0,19.4,18.8,18.85,10527
2013-06-20 00:00:00+05:30,18.8,18.95,17.1,17.3,75063
2013-06-21 00:00:00+05:30,17.5,17.8,17.05,17.45,35517
2013-06-24 00:00:00+05:30,17.35,17.6,16.5,16.65,30146
2013-06-25 00:00:00+05:30,16.95,17.1,16.1,16.3,65937
2013-06-26 00:00:00+05:30,16.55,16.8,15.65,15.85,47754
2013-06-27 00:00:00+05:30,16.4,16.45,15.75,16.15,47369
2013-06-28 00:00:00+05:30,16.0,17.85,16.0,17.55,101871
2013-07-01 00:00:00+05:30,17.1,19.35,17.1,19.0,128208
2013-07-02 00:00:00+05:30,19.75,19.75,17.65,17.85,91342
2013-07-03 00:00:00+05:30,18.0,18.0,17.1,17.5,28856
2013-07-04 00:00:00+05:30,18.0,18.8,17.55,17.75,95540
2013-07-05 00:00:00+05:30,18.45,18.45,17.2,17.6,54265
2013-07-08 00:00:00+05:30,17.5,18.0,17.25,17.8,36892
2013-07-09 00:00:00+05:30,17.85,18.15,17.7,17.85,34728
2013-07-10 00:00:00+05:30,18.0,18.05,17.65,17.8,21187
2013-07-11 00:00:00+05:30,18.0,18.3,17.15,17.3,92184
2013-07-12 00:00:00+05:30,17.8,17.8,17.25,17.35,18170
2013-07-15 00:00:00+05:30,17.0,17.7,17.0,17.3,40273
2013-07-16 00:00:00+05:30,16.6,17.4,16.6,17.2,14735
2013-07-17 00:00:00+05:30,17.2,17.7,16.8,16.95,36489
2013-07-18 00:00:00+05:30,16.6,17.25,16.6,16.85,18197
2013-07-19 00:00:00+05:30,16.7,17.15,16.6,16.95,25981
2013-07-22 00:00:00+05:30,16.7,17.0,16.5,16.8,22946
2013-07-23 00:00:00+05:30,16.8,16.85,16.5,16.55,18823
2013-07-24 00:00:00+05:30,16.75,16.75,15.65,16.15,32199
2013-07-25 00:00:00+05:30,16.15,16.45,15.9,16.1,21750
2013-07-26 00:00:00+05:30,16.0,16.45,15.0,15.35,59646
2013-07-29 00:00:00+05:30,15.0,15.6,13.9,14.1,126273
2013-07-30 00:00:00+05:30,13.9,14.2,12.8,13.45,53032
2013-07-31 00:00:00+05:30,13.2,13.7,11.55,13.45,98657
2013-08-01 00:00:00+05:30,13.2,14.0,12.75,12.95,54868
2013-08-02 00:00:00+05:30,13.05,13.05,12.1,12.5,34440
2013-08-05 00:00:00+05:30,12.8,12.85,12.25,12.75,30732
2013-08-06 00:00:00+05:30,12.7,14.5,12.15,13.55,110823
2013-08-07 00:00:00+05:30,13.95,15.45,13.65,15.05,131797
2013-08-08 00:00:00+05:30,15.65,15.65,14.85,15.2,47530
2013-08-12 00:00:00+05:30,16.35,16.45,15.1,16.25,60445
2013-08-13 00:00:00+05:30,16.3,17.15,15.8,16.65,76294
2013-08-14 00:00:00+05:30,16.2,16.95,16.2,16.7,27620
2013-08-16 00:00:00+05:30,16.5,17.0,15.4,16.7,81482
2013-08-19 00:00:00+05:30,16.4,17.0,15.3,16.45,70241
2013-08-20 00:00:00+05:30,16.3,17.1,16.2,16.9,46611
2013-08-21 00:00:00+05:30,17.4,17.85,16.8,17.2,48963
2013-08-22 00:00:00+05:30,17.75,17.9,17.0,17.6,61772
2013-08-23 00:00:00+05:30,17.7,18.95,17.7,18.55,61354
2013-08-26 00:00:00+05:30,18.35,18.9,17.6,17.8,41685
2013-08-27 00:00:00+05:30,17.7,18.75,17.15,18.05,69948
2013-08-28 00:00:00+05:30,17.7,18.35,17.1,17.9,30799
2013-08-29 00:00:00+05:30,17.65,18.8,17.65,18.65,120766
2013-08-30 00:00:00+05:30,19.1,19.1,17.75,18.1,42580
2013-09-02 00:00:00+05:30,18.0,18.5,17.25,17.95,19481
2013-09-03 00:00:00+05:30,17.75,18.45,17.65,18.25,16202
2013-09-04 00:00:00+05:30,18.3,18.3,17.35,17.9,45184
2013-09-05 00:00:00+05:30,17.35,18.25,17.35,17.65,10691
2013-09-06 00:00:00+05:30,17.5,18.5,17.5,17.8,53763
2013-09-10 00:00:00+05:30,18.3,18.5,17.5,18.0,65348
2013-09-11 00:00:00+05:30,18.35,18.6,17.85,18.3,80236
2013-09-12 00:00:00+05:30,18.1,18.6,18.0,18.5,72660
2013-09-13 00:00:00+05:30,18.2,18.5,18.15,18.45,22310
2013-09-16 00:00:00+05:30,18.65,18.75,18.1,18.5,76188
2013-09-17 00:00:00+05:30,18.9,18.9,18.0,18.5,44585
2013-09-18 00:00:00+05:30,18.5,18.6,18.4,18.5,23755
2013-09-19 00:00:00+05:30,18.55,18.9,18.4,18.65,66693
2013-09-20 00:00:00+05:30,18.55,18.85,18.35,18.4,76228
2013-09-23 00:00:00+05:30,18.35,18.5,18.25,18.25,13995
2013-09-24 00:00:00+05:30,18.0,18.45,18.0,18.25,10220
2013-09-25 00:00:00+05:30,18.2,18.55,17.6,18.5,66572
2013-09-26 00:00:00+05:30,18.1,18.65,18.1,18.5,62910
2013-09-27 00:00:00+05:30,18.25,18.55,18.25,18.25,23919
2013-09-30 00:00:00+05:30,18.15,18.45,17.8,17.9,17437
2013-10-01 00:00:00+05:30,17.9,18.2,17.8,18.0,18377
2013-10-03 00:00:00+05:30,17.9,18.45,17.85,18.35,52931
2013-10-04 00:00:00+05:30,18.45,18.55,18.25,18.25,22415
2013-10-07 00:00:00+05:30,18.45,18.75,18.2,18.45,23359
2013-10-08 00:00:00+05:30,18.5,19.25,18.45,19.0,49363
2013-10-09 00:00:00+05:30,18.95,19.9,18.95,19.8,34339
2013-10-10 00:00:00+05:30,20.4,20.55,19.5,19.95,36046
2013-10-11 00:00:00+05:30,19.9,20.4,19.0,19.2,36310
2013-10-14 00:00:00+05:30,19.0,19.4,18.8,19.15,13759
2013-10-15 00:00:00+05:30,19.0,19.2,18.8,18.85,9277
2013-10-17 00:00:00+05:30,19.15,19.75,19.0,19.75,34649
2013-10-18 00:00:00+05:30,20.7,20.7,19.8,20.05,33083
2013-10-21 00:00:00+05:30,20.3,21.05,20.3,20.75,37613
2013-10-22 00:00:00+05:30,20.5,21.4,20.5,20.95,33444
2013-10-23 00:00:00+05:30,21.9,21.9,20.65,21.25,43080
2013-10-24 00:00:00+05:30,21.2,21.5,20.85,21.45,31450
2013-10-25 00:00:00+05:30,21.0,21.5,20.85,21.15,28676
2013-10-28 00:00:00+05:30,21.0,21.25,20.15,20.75,21880
2013-10-29 00:00:00+05:30,20.1,21.35,20.05,21.15,21713
2013-10-30 00:00:00+05:30,20.55,21.6,20.55,21.45,46404
2013-10-31 00:00:00+05:30,21.8,22.5,21.05,21.75,27947
2013-11-01 00:00:00+05:30,21.0,22.4,20.8,22.05,22935
2013-11-03 00:00:00+05:30,21.05,22.45,21.05,21.95,13390
2013-11-05 00:00:00+05:30,21.35,22.7,21.3,22.5,40900
2013-11-06 00:00:00+05:30,22.75,22.8,22.15,22.4,32073
2013-11-07 00:00:00+05:30,21.75,23.2,21.75,22.9,44397
2013-11-08 00:00:00+05:30,22.5,23.25,22.5,22.95,40488
2013-11-11 00:00:00+05:30,23.05,24.05,22.55,23.9,58439
2013-11-12 00:00:00+05:30,24.2,24.4,23.65,24.1,43145
2013-11-13 00:00:00+05:30,24.0,24.1,23.15,24.05,23445
2013-11-14 00:00:00+05:30,23.75,24.5,23.55,23.9,17769
2013-11-18 00:00:00+05:30,23.9,25.0,22.75,23.6,37947
2013-11-19 00:00:00+05:30,23.9,24.75,22.95,24.5,44420
2013-11-20 00:00:00+05:30,23.8,24.9,23.8,24.45,14089
2013-11-21 00:00:00+05:30,24.05,24.5,23.9,24.25,13458
2013-11-22 00:00:00+05:30,24.05,25.25,23.65,24.85,35913
2013-11-25 00:00:00+05:30,24.85,24.9,24.0,24.4,28829
2013-11-26 00:00:00+05:30,24.0,24.4,23.8,23.85,16704
2013-11-27 00:00:00+05:30,23.4,24.4,23.05,23.35,20069
2013-11-28 00:00:00+05:30,23.2,24.0,23.15,23.45,8125
2013-11-29 00:00:00+05:30,22.3,24.0,22.3,22.85,32453
2013-12-02 00:00:00+05:30,22.5,23.0,22.45,22.65,19223
2013-12-03 00:00:00+05:30,23.4,23.4,21.9,21.95,25744
2013-12-04 00:00:00+05:30,21.8,22.35,21.5,21.55,22065
2013-12-05 00:00:00+05:30,22.5,22.5,21.1,21.25,10229
2013-12-06 00:00:00+05:30,21.9,21.95,20.4,20.7,36342
2013-12-09 00:00:00+05:30,21.0,21.0,20.25,20.7,16426
2013-12-10 00:00:00+05:30,20.5,21.7,20.15,21.7,60493
2013-12-11 00:00:00+05:30,22.75,22.75,22.0,22.75,93474
2013-12-12 00:00:00+05:30,23.85,23.85,21.65,23.85,472616
2013-12-13 00:00:00+05:30,24.4,24.4,22.8,23.6,110727
2013-12-16 00:00:00+05:30,24.4,24.4,23.45,23.95,73037
2013-12-17 00:00:00+05:30,23.7,23.95,23.0,23.05,44936
2013-12-18 00:00:00+05:30,23.05,23.25,22.6,23.1,75388
2013-12-19 00:00:00+05:30,23.05,24.25,22.4,23.9,57903
2013-12-20 00:00:00+05:30,24.3,25.05,24.25,24.4,38336
2013-12-23 00:00:00+05:30,24.1,25.0,24.0,24.25,29295
2013-12-24 00:00:00+05:30,24.1,25.0,23.8,24.9,48991
2013-12-26 00:00:00+05:30,24.5,25.0,24.25,24.3,50964
2013-12-27 00:00:00+05:30,24.3,24.8,23.15,23.9,26078
2013-12-30 00:00:00+05:30,24.0,24.6,23.6,24.4,35514
2013-12-31 00:00:00+05:30,24.9,24.9,24.0,24.25,33755
2014-01-01 00:00:00+05:30,24.35,24.9,24.35,24.7,14797
2014-01-02 00:00:00+05:30,24.5,25.0,24.25,24.6,32783
2014-01-03 00:00:00+05:30,24.7,24.9,24.25,24.35,13235
2014-01-06 00:00:00+05:30,24.9,25.55,23.55,25.1,134386
2014-01-07 00:00:00+05:30,25.2,27.6,24.75,27.1,110604
2014-01-08 00:00:00+05:30,27.1,29.8,26.8,29.6,400934
2014-01-09 00:00:00+05:30,30.5,30.9,27.6,28.1,139133
2014-01-10 00:00:00+05:30,27.5,29.25,27.0,27.1,84895
2014-01-13 00:00:00+05:30,27.1,28.4,25.5,25.9,43980
2014-01-14 00:00:00+05:30,26.2,27.05,25.25,25.6,63452
2014-01-15 00:00:00+05:30,25.25,26.95,25.25,25.9,28843
2014-01-16 00:00:00+05:30,25.4,26.6,25.15,25.35,36653
2014-01-17 00:00:00+05:30,25.45,25.7,24.25,24.75,82122
2014-01-20 00:00:00+05:30,24.55,24.95,24.15,24.65,29651
2014-01-21 00:00:00+05:30,25.0,25.5,25.0,25.35,10202
2014-01-22 00:00:00+05:30,26.8,26.8,24.45,26.15,38095
2014-01-23 00:00:00+05:30,26.45,26.45,25.3,25.45,18289
2014-01-24 00:00:00+05:30,24.5,25.7,24.25,24.45,18392
2014-01-27 00:00:00+05:30,24.3,24.65,23.15,24.25,34564
2014-01-28 00:00:00+05:30,24.5,24.65,23.75,24.0,31255
2014-01-29 00:00:00+05:30,24.2,24.45,23.6,24.0,10640
2014-01-30 00:00:00+05:30,24.0,24.95,23.5,24.3,43314
2014-01-31 00:00:00+05:30,25.35,25.4,24.25,24.3,10560
2014-02-03 00:00:00+05:30,25.8,25.8,23.7,24.25,18843
2014-02-04 00:00:00+05:30,23.65,24.45,23.4,24.25,16507
2014-02-05 00:00:00+05:30,24.2,24.3,23.75,24.25,14876
2014-02-06 00:00:00+05:30,24.3,24.8,24.25,24.25,8283
2014-02-07 00:00:00+05:30,24.15,24.65,24.0,24.3,14232
2014-02-10 00:00:00+05:30,24.85,24.85,23.8,23.9,6768
2014-02-11 00:00:00+05:30,24.0,24.3,23.5,24.25,9360
2014-02-12 00:00:00+05:30,24.75,24.8,24.05,24.1,5287
2014-02-13 00:00:00+05:30,23.7,24.35,23.05,24.25,21304
2014-02-14 00:00:00+05:30,23.8,25.8,23.75,24.3,33338
2014-02-17 00:00:00+05:30,24.0,24.7,23.8,24.3,17056
2014-02-18 00:00:00+05:30,24.0,24.6,23.75,24.25,10809
2014-02-19 00:00:00+05:30,24.35,24.35,23.8,24.0,6668
2014-02-20 00:00:00+05:30,23.8,24.3,23.7,24.25,18910
2014-02-21 00:00:00+05:30,24.1,24.45,23.8,24.25,21057
2014-02-24 00:00:00+05:30,24.5,24.6,23.85,24.05,16502
2014-02-25 00:00:00+05:30,24.5,24.65,23.8,24.15,20025
2014-02-26 00:00:00+05:30,23.9,24.5,23.9,24.45,18356
2014-02-28 00:00:00+05:30,24.05,25.0,23.8,24.1,23089
2014-03-03 00:00:00+05:30,24.1,24.35,23.8,24.25,26245
2014-03-04 00:00:00+05:30,24.15,24.65,23.95,24.4,22068
2014-03-05 00:00:00+05:30,24.2,24.5,24.0,24.3,24906
2014-03-06 00:00:00+05:30,24.3,24.5,24.1,24.25,25593
2014-03-07 00:00:00+05:30,24.6,25.0,24.2,24.55,58394
2014-03-10 00:00:00+05:30,24.25,25.0,24.25,24.25,43369
2014-03-11 00:00:00+05:30,24.25,24.75,23.85,23.95,28864
2014-03-12 00:00:00+05:30,24.45,24.45,23.65,23.8,22808
2014-03-13 00:00:00+05:30,23.6,24.4,23.6,23.8,39206
2014-03-14 00:00:00+05:30,24.2,24.2,23.6,23.7,8514
2014-03-18 00:00:00+05:30,24.45,24.5,23.3,23.45,31138
2014-03-19 00:00:00+05:30,23.5,24.25,23.25,23.6,53830
2014-03-20 00:00:00+05:30,23.5,24.6,23.25,23.95,59011
2014-03-21 00:00:00+05:30,23.95,24.2,23.25,23.5,23864
2014-03-22 00:00:00+05:30,23.5,24.15,23.5,23.55,1004
2014-03-24 00:00:00+05:30,23.35,24.2,23.25,23.95,37675
2014-03-25 00:00:00+05:30,24.1,24.1,23.4,23.75,24988
2014-03-26 00:00:00+05:30,23.55,24.25,23.3,23.55,41922
2014-03-27 00:00:00+05:30,23.55,23.9,23.25,23.3,19386
2014-03-28 00:00:00+05:30,23.3,23.85,23.3,23.7,17136
2014-03-31 00:00:00+05:30,23.2,24.35,23.2,24.2,25893
2014-04-01 00:00:00+05:30,24.3,25.5,23.8,24.95,54405
2014-04-02 00:00:00+05:30,24.55,25.4,24.55,24.75,33908
2014-04-03 00:00:00+05:30,24.5,25.4,24.5,24.7,28153
2014-04-04 00:00:00+05:30,24.7,25.75,24.4,25.6,46934
2014-04-07 00:00:00+05:30,25.85,25.95,24.8,25.0,23528
2014-04-09 00:00:00+05:30,25.5,28.3,25.1,27.25,92342
2014-04-10 00:00:00+05:30,27.2,27.9,26.0,26.55,47822
2014-04-11 00:00:00+05:30,26.2,27.5,26.2,26.85,31411
2014-04-15 00:00:00+05:30,26.85,26.85,25.25,25.65,28424
2014-04-16 00:00:00+05:30,25.65,26.0,24.65,25.0,17027
2014-04-17 00:00:00+05:30,25.0,25.65,25.0,25.4,24448
2014-04-21 00:00:00+05:30,25.3,30.45,25.3,28.85,202825
2014-04-22 00:00:00+05:30,29.4,29.8,27.5,27.7,81815
2014-04-23 00:00:00+05:30,28.9,29.0,27.1,27.25,53955
2014-04-25 00:00:00+05:30,26.1,27.9,26.1,26.7,28949
2014-04-28 00:00:00+05:30,26.75,27.2,26.05,26.2,22610
2014-04-29 00:00:00+05:30,26.25,26.9,26.1,26.2,34822
2014-04-30 00:00:00+05:30,26.0,26.95,25.6,25.75,33206
2014-05-02 00:00:00+05:30,27.1,27.1,25.35,25.45,15320
2014-05-05 00:00:00+05:30,25.65,26.35,25.1,25.25,11780
2014-05-06 00:00:00+05:30,26.0,26.25,24.9,25.0,22250
2014-05-07 00:00:00+05:30,25.9,25.9,24.3,24.45,17429
2014-05-08 00:00:00+05:30,25.6,25.6,24.1,24.45,10041
2014-05-09 00:00:00+05:30,25.4,25.45,24.25,24.7,34819
2014-05-12 00:00:00+05:30,24.8,25.25,24.05,24.5,63710
2014-05-13 00:00:00+05:30,25.5,25.5,24.05,24.6,61725
2014-05-14 00:00:00+05:30,25.1,26.2,24.95,25.75,70200
2014-05-15 00:00:00+05:30,26.5,26.55,25.0,25.4,46642
2014-05-16 00:00:00+05:30,24.15,25.85,24.15,24.45,75113
2014-05-19 00:00:00+05:30,24.9,28.0,24.9,27.25,209297
2014-05-20 00:00:00+05:30,27.8,29.3,27.4,28.3,166247
2014-05-21 00:00:00+05:30,28.85,32.5,28.4,29.6,484832
2014-05-22 00:00:00+05:30,30.0,31.05,29.2,29.35,352077
2014-05-23 00:00:00+05:30,30.0,35.2,29.4,34.35,1179148
2014-05-26 00:00:00+05:30,34.7,36.8,29.15,30.65,362012
2014-05-27 00:00:00+05:30,31.75,31.75,28.85,29.55,151485
2014-05-28 00:00:00+05:30,29.55,32.75,29.15,31.3,315532
2014-05-29 00:00:00+05:30,31.45,32.8,30.8,31.0,112764
2014-05-30 00:00:00+05:30,31.4,31.95,30.25,30.55,91963
2014-06-02 00:00:00+05:30,30.95,32.5,30.65,31.7,95697
2014-06-03 00:00:00+05:30,32.2,32.3,30.2,31.0,176820
2014-06-04 00:00:00+05:30,31.0,33.9,31.0,31.95,395506
2014-06-05 00:00:00+05:30,32.2,33.0,31.3,31.65,352095
2014-06-06 00:00:00+05:30,32.1,37.95,32.1,37.3,1073519
2014-06-09 00:00:00+05:30,37.35,41.3,37.35,40.15,829656
2014-06-10 00:00:00+05:30,40.7,47.45,38.65,47.0,1026858
2014-06-11 00:00:00+05:30,47.6,51.7,44.95,51.7,1163474
2014-06-12 00:00:00+05:30,52.9,56.6,46.6,47.1,1180827
2014-06-13 00:00:00+05:30,48.0,48.0,42.4,42.4,445996
2014-06-16 00:00:00+05:30,42.95,42.95,38.2,38.2,306257
2015-12-28 00:00:00+05:30,39.15,39.5,38.7,39.0,20878
2015-12-29 00:00:00+05:30,38.7,39.4,37.3,37.55,35297
2015-12-30 00:00:00+05:30,37.65,38.05,36.65,37.0,29114
2015-12-31 00:00:00+05:30,37.5,37.8,37.0,37.15,21981
2016-01-01 00:00:00+05:30,37.5,38.75,37.5,37.75,27133
2016-01-04 00:00:00+05:30,38.5,38.5,36.85,37.15,25013
2016-01-05 00:00:00+05:30,36.4,38.3,36.4,37.65,40945
2016-01-06 00:00:00+05:30,37.4,38.95,37.05,37.2,37176
2016-01-07 00:00:00+05:30,38.0,40.0,36.5,38.6,169757
2016-01-08 00:00:00+05:30,38.35,44.0,38.0,43.25,339120
2016-01-11 00:00:00+05:30,42.65,45.8,40.35,44.8,312178
2016-01-12 00:00:00+05:30,46.45,46.45,39.25,39.8,283889
2016-01-13 00:00:00+05:30,39.8,40.85,36.3,38.65,157718
2016-01-14 00:00:00+05:30,38.7,38.7,36.9,37.15,53963
2016-01-15 00:00:00+05:30,38.0,38.0,36.2,36.5,31951
2016-01-18 00:00:00+05:30,33.75,36.0,33.4,34.1,44286
2016-01-19 00:00:00+05:30,34.05,35.1,33.5,34.5,25247
2016-01-20 00:00:00+05:30,34.15,35.7,33.5,33.6,37219
2016-01-21 00:00:00+05:30,33.6,34.75,33.35,33.9,20818
2016-01-22 00:00:00+05:30,33.65,35.9,33.5,34.4,58659
2016-01-25 00:00:00+05:30,35.0,35.45,33.5,33.9,21619
2016-01-27 00:00:00+05:30,34.0,34.5,33.15,33.95,18261
2016-01-28 00:00:00+05:30,33.8,34.4,33.1,33.8,16833
2016-01-29 00:00:00+05:30,33.2,34.85,33.2,34.25,15485
2016-02-01 00:00:00+05:30,34.75,35.75,34.25,34.95,22565
2016-02-02 00:00:00+05:30,34.8,35.7,34.0,34.15,8703
2016-02-03 00:00:00+05:30,33.75,34.3,32.2,33.65,21187
2016-02-04 00:00:00+05:30,33.25,34.35,32.5,32.8,13819
2016-02-05 00:00:00+05:30,32.4,34.55,31.15,34.3,67199
2016-02-08 00:00:00+05:30,35.75,35.75,33.15,33.9,13234
2016-02-09 00:00:00+05:30,33.25,34.0,32.8,33.2,9466
2016-02-10 00:00:00+05:30,33.5,34.2,33.25,33.45,13320
2016-02-11 00:00:00+05:30,33.1,34.35,29.15,29.9,22938
2016-02-12 00:00:00+05:30,33.45,33.45,28.0,30.65,29997
2016-02-15 00:00:00+05:30,31.1,32.7,31.1,31.95,18533
2016-02-16 00:00:00+05:30,32.9,32.9,30.1,30.65,8819
2016-02-17 00:00:00+05:30,30.0,31.25,28.65,30.75,10381
2016-02-18 00:00:00+05:30,30.95,32.1,29.7,30.15,5877
2016-02-19 00:00:00+05:30,30.1,31.0,30.0,30.6,10614
2016-02-22 00:00:00+05:30,31.35,35.85,30.65,33.7,201168
2016-02-23 00:00:00+05:30,33.7,35.45,32.05,32.4,72326
2016-02-24 00:00:00+05:30,32.05,33.45,31.2,31.55,16704
2016-02-25 00:00:00+05:30,31.9,31.95,30.1,30.3,27065
2016-02-26 00:00:00+05:30,31.5,32.45,30.0,31.0,1247762
2016-02-29 00:00:00+05:30,31.0,32.5,30.2,30.8,52274
2016-03-01 00:00:00+05:30,30.7,34.5,30.7,33.3,74268
2016-03-02 00:00:00+05:30,33.6,34.2,32.55,32.9,32906
2016-03-03 00:00:00+05:30,33.55,33.8,32.15,32.95,24442
2016-03-04 00:00:00+05:30,32.25,33.0,32.05,32.3,35571
2016-03-08 00:00:00+05:30,31.5,34.5,31.5,32.85,38258
2016-03-09 00:00:00+05:30,33.0,33.0,31.6,31.8,34087
2016-03-10 00:00:00+05:30,32.0,32.5,31.5,31.6,8432
2016-03-11 00:00:00+05:30,32.0,32.35,31.65,31.75,7874
2016-03-14 00:00:00+05:30,32.4,32.4,31.85,32.0,11594
2016-03-15 00:00:00+05:30,32.5,32.5,31.3,31.65,10291
2016-03-16 00:00:00+05:30,31.55,32.4,31.2,31.6,11311
2016-03-17 00:00:00+05:30,32.35,32.35,31.6,31.6,26226
2016-03-18 00:00:00+05:30,32.3,32.3,31.15,31.75,10983
2016-03-21 00:00:00+05:30,32.4,32.4,31.25,31.65,10046
2016-03-22 00:00:00+05:30,31.15,33.35,31.15,32.55,45451
2016-03-23 00:00:00+05:30,32.45,32.5,31.6,31.75,20794
2016-03-28 00:00:00+05:30,32.0,33.25,29.4,30.4,46858
2016-03-29 00:00:00+05:30,32.45,32.45,29.65,30.7,53501
2016-03-30 00:00:00+05:30,30.6,30.6,24.6,24.6,1053827
2016-03-31 00:00:00+05:30,22.0,23.3,19.7,21.4,6918498
2016-04-01 00:00:00+05:30,21.1,23.5,21.0,23.5,1193814
2016-04-04 00:00:00+05:30,24.2,24.75,22.55,23.25,491207
2016-04-05 00:00:00+05:30,23.15,23.3,21.8,22.0,370169
2016-04-06 00:00:00+05:30,22.0,22.8,21.85,22.0,239399
2016-04-07 00:00:00+05:30,22.3,23.0,21.6,22.05,273521
2016-04-08 00:00:00+05:30,22.5,22.8,21.7,22.3,167020
2016-04-11 00:00:00+05:30,22.3,23.35,22.0,23.05,380200
2016-04-12 00:00:00+05:30,23.1,23.95,22.75,23.05,228853
2016-04-13 00:00:00+05:30,23.5,25.35,22.9,25.35,771549
2016-04-18 00:00:00+05:30,26.0,26.65,25.3,25.8,298782
2016-04-20 00:00:00+05:30,25.7,26.0,24.7,25.8,134961
2016-04-21 00:00:00+05:30,26.0,26.5,25.15,25.4,143180
2016-04-22 00:00:00+05:30,25.5,25.6,25.1,25.4,28885
2016-04-25 00:00:00+05:30,25.35,25.5,24.8,25.05,52460
2016-04-26 00:00:00+05:30,25.0,25.95,24.5,25.55,113972
2016-04-27 00:00:00+05:30,25.75,26.4,25.3,25.55,86622
2016-04-28 00:00:00+05:30,25.55,25.9,25.0,25.15,47661
2016-04-29 00:00:00+05:30,24.75,25.4,24.75,24.85,36943
2016-05-02 00:00:00+05:30,25.0,25.2,24.5,24.75,51293
2016-05-03 00:00:00+05:30,24.8,25.8,24.8,25.35,143227
2016-05-04 00:00:00+05:30,25.2,25.4,24.5,24.55,70927
2016-05-05 00:00:00+05:30,24.55,24.95,24.3,24.55,36418
2016-05-06 00:00:00+05:30,24.6,24.85,24.05,24.55,44837
2016-05-09 00:00:00+05:30,24.3,26.15,24.3,25.65,115419
2016-05-10 00:00:00+05:30,25.9,27.5,25.45,26.65,178927
2016-05-11 00:00:00+05:30,26.6,27.7,25.9,26.95,162669
2016-05-12 00:00:00+05:30,27.0,28.15,25.2,27.8,156012
2016-05-13 00:00:00+05:30,28.0,28.8,27.5,27.85,138831
2016-05-16 00:00:00+05:30,28.5,29.0,26.25,28.05,290983
2016-05-17 00:00:00+05:30,29.0,29.3,27.75,28.5,232717
2016-05-18 00:00:00+05:30,28.55,28.8,27.8,27.95,88073
2016-05-19 00:00:00+05:30,28.0,28.0,26.85,27.1,73328
2016-05-20 00:00:00+05:30,27.0,27.5,26.5,26.65,44682
2016-05-23 00:00:00+05:30,27.0,27.0,26.0,26.15,42304
2016-05-24 00:00:00+05:30,26.5,26.9,24.8,26.15,428949
2016-05-25 00:00:00+05:30,27.35,27.35,25.65,26.4,60393
2016-05-26 00:00:00+05:30,26.5,26.85,26.0,26.1,43958
2016-05-27 00:00:00+05:30,26.4,27.2,25.85,26.0,46260
2016-05-30 00:00:00+05:30,26.5,26.9,25.8,26.05,52917
2016-05-31 00:00:00+05:30,26.0,26.7,25.5,26.45,94932
2016-06-01 00:00:00+05:30,26.65,26.7,25.4,25.5,156249
2016-06-02 00:00:00+05:30,26.0,26.25,24.9,25.1,77136
2016-06-03 00:00:00+05:30,25.5,25.5,24.1,24.4,75194
2016-06-06 00:00:00+05:30,24.3,24.8,23.55,23.95,93244
2016-06-07 00:00:00+05:30,24.25,25.25,24.1,25.0,72186
2016-06-08 00:00:00+05:30,24.75,25.85,24.75,25.35,107137
2016-06-09 00:00:00+05:30,25.15,26.45,24.9,25.3,120765
2016-06-10 00:00:00+05:30,25.65,25.9,25.1,25.25,104784
2016-06-13 00:00:00+05:30,25.3,25.4,24.75,25.0,66654
2016-06-14 00:00:00+05:30,25.1,25.8,24.9,25.55,796548
2016-06-15 00:00:00+05:30,25.6,26.05,25.2,25.45,184794
2016-06-16 00:00:00+05:30,25.25,25.4,24.75,25.25,109469
2016-06-17 00:00:00+05:30,25.5,25.85,25.0,25.2,53208
2016-06-20 00:00:00+05:30,24.75,26.4,24.75,25.5,183253
2016-06-21 00:00:00+05:30,25.65,25.8,25.05,25.1,75660
2016-06-22 00:00:00+05:30,25.35,25.35,24.5,24.65,81541
2016-06-23 00:00:00+05:30,25.05,25.05,24.45,24.6,43037
2016-06-24 00:00:00+05:30,23.9,24.15,23.15,24.0,76139
2016-06-27 00:00:00+05:30,24.0,24.7,23.75,24.3,22203
2016-06-28 00:00:00+05:30,24.6,26.9,24.4,26.65,569623
2016-06-29 00:00:00+05:30,28.35,30.8,27.3,28.3,1578503
2016-06-30 00:00:00+05:30,28.95,29.7,27.7,28.0,439744
2016-07-01 00:00:00+05:30,28.4,28.8,27.1,27.2,176329
2016-07-04 00:00:00+05:30,27.35,28.0,26.6,27.45,122516
2016-07-05 00:00:00+05:30,27.45,28.7,26.9,27.4,191337
2016-07-07 00:00:00+05:30,27.4,30.1,27.2,29.7,937074
2016-07-08 00:00:00+05:30,30.4,30.85,29.4,30.05,1088607
2016-07-11 00:00:00+05:30,31.0,31.95,29.9,30.3,775062
2016-07-12 00:00:00+05:30,30.5,30.7,29.35,29.7,297842
2016-07-13 00:00:00+05:30,29.9,30.2,28.5,28.6,325194
2016-07-14 00:00:00+05:30,28.3,28.85,27.8,28.15,116731
2016-07-15 00:00:00+05:30,28.45,28.8,27.55,27.75,196461
2016-07-18 00:00:00+05:30,28.0,28.0,27.5,27.55,121901
2016-07-19 00:00:00+05:30,27.35,27.7,26.65,26.9,149285
2016-07-20 00:00:00+05:30,26.9,27.05,26.35,26.9,138643
2016-07-21 00:00:00+05:30,26.9,27.3,26.1,26.35,226857
2016-07-22 00:00:00+05:30,26.7,26.75,26.0,26.05,150962
2016-07-25 00:00:00+05:30,26.55,26.7,26.15,26.4,141888
2016-07-26 00:00:00+05:30,26.5,26.65,26.0,26.1,163754
2016-07-27 00:00:00+05:30,26.2,26.65,25.55,26.25,72162
2016-07-28 00:00:00+05:30,26.5,26.8,26.2,26.3,76906
2016-07-29 00:00:00+05:30,26.65,26.8,26.25,26.3,69175
2016-08-01 00:00:00+05:30,26.25,26.75,25.9,26.0,71852
2016-08-02 00:00:00+05:30,26.3,26.3,25.25,25.35,77466
2016-08-03 00:00:00+05:30,25.2,25.65,24.95,25.05,53596
2016-08-04 00:00:00+05:30,25.05,25.7,25.05,25.4,34941
2016-08-05 00:00:00+05:30,25.2,26.6,25.2,26.25,56258
2016-08-08 00:00:00+05:30,26.2,26.4,25.45,25.65,63658
2016-08-09 00:00:00+05:30,25.55,25.95,25.2,25.35,35330
2016-08-10 00:00:00+05:30,25.2,25.65,24.75,24.8,89456
2016-08-11 00:00:00+05:30,24.6,25.4,24.25,24.35,62557
2016-08-12 00:00:00+05:30,24.75,25.1,24.1,24.2,66859
2016-08-16 00:00:00+05:30,24.15,25.1,23.55,23.75,107700
2016-08-17 00:00:00+05:30,23.6,24.25,23.35,24.1,41784
2016-08-18 00:00:00+05:30,24.2,24.55,24.0,24.45,33166
2016-08-19 00:00:00+05:30,24.65,24.8,24.2,24.7,58303
2016-08-22 00:00:00+05:30,24.9,26.0,24.75,25.4,92486
2016-08-23 00:00:00+05:30,25.7,26.2,25.5,25.7,63228
2016-08-24 00:00:00+05:30,25.05,27.25,25.05,26.8,236763
2016-08-25 00:00:00+05:30,27.1,27.5,26.7,27.15,245959
2016-08-26 00:00:00+05:30,27.5,27.5,26.05,26.15,109882
2016-08-29 00:00:00+05:30,26.2,29.55,26.05,27.55,830561
2016-08-30 00:00:00+05:30,27.85,29.85,27.85,29.6,864695
2016-08-31 00:00:00+05:30,29.85,29.85,28.3,29.15,239563
2016-09-01 00:00:00+05:30,28.6,29.8,28.1,28.6,173546
2016-09-02 00:00:00+05:30,28.85,33.4,28.85,31.3,2213014
2016-09-06 00:00:00+05:30,31.0,31.95,28.5,28.7,537748
2016-09-07 00:00:00+05:30,28.35,30.65,28.0,28.6,313791
2016-09-08 00:00:00+05:30,28.55,29.7,28.4,28.8,140062
2016-09-09 00:00:00+05:30,29.0,29.4,28.3,28.75,167022
2016-09-12 00:00:00+05:30,28.2,28.7,27.3,27.75,112031
2016-09-14 00:00:00+05:30,27.95,28.7,27.5,28.5,146380
2016-09-15 00:00:00+05:30,28.7,30.5,28.2,29.75,613660
2016-09-16 00:00:00+05:30,29.8,30.2,28.55,28.75,255860
2016-09-19 00:00:00+05:30,28.5,30.0,28.5,29.7,317968
2016-09-20 00:00:00+05:30,29.9,30.1,28.9,29.55,260710
2016-09-21 00:00:00+05:30,29.55,30.5,29.15,29.7,275641
2016-09-22 00:00:00+05:30,30.4,30.75,29.5,30.4,280817
2016-09-23 00:00:00+05:30,30.2,30.4,28.5,28.65,277801
2016-09-26 00:00:00+05:30,28.6,28.85,27.85,28.35,115213
2016-09-27 00:00:00+05:30,28.65,28.85,27.85,28.05,80551
2016-09-28 00:00:00+05:30,28.1,28.5,27.75,28.05,122695
2016-09-29 00:00:00+05:30,28.2,28.9,24.9,27.1,355143
2016-09-30 00:00:00+05:30,26.8,28.25,25.35,27.95,187567
2016-10-03 00:00:00+05:30,28.65,28.7,27.7,28.0,124583
2016-10-04 00:00:00+05:30,27.55,28.6,27.55,27.9,114257
2016-10-05 00:00:00+05:30,28.0,28.35,27.6,27.8,144428
2016-10-06 00:00:00+05:30,28.15,28.5,27.5,27.55,76046
2016-10-07 00:00:00+05:30,27.9,28.0,27.4,27.55,79306
2016-10-10 00:00:00+05:30,27.95,28.1,27.4,27.75,90562
2016-10-13 00:00:00+05:30,27.6,27.8,26.6,26.9,84544
2016-10-14 00:00:00+05:30,26.9,27.25,26.5,26.7,79298
2016-10-17 00:00:00+05:30,26.6,28.45,26.6,27.95,308512
2016-10-18 00:00:00+05:30,27.8,28.3,27.55,28.1,137599
2016-10-19 00:00:00+05:30,28.4,29.95,28.2,29.25,439893
2016-10-20 00:00:00+05:30,29.5,29.6,28.35,28.5,176483
2016-10-21 00:00:00+05:30,28.5,34.2,28.35,33.9,2124302
2016-10-24 00:00:00+05:30,34.4,34.5,31.85,32.05,616507
2016-10-25 00:00:00+05:30,32.65,32.7,31.1,31.8,234853
2016-10-26 00:00:00+05:30,31.9,33.0,30.5,30.85,329749
2016-10-27 00:00:00+05:30,30.85,31.6,29.65,30.1,231893
2016-10-28 00:00:00+05:30,30.3,30.75,29.45,29.65,170483
2016-10-30 00:00:00+05:30,30.05,30.8,29.7,30.4,80246
2016-11-01 00:00:00+05:30,30.35,31.8,29.75,31.3,198665
2016-11-02 00:00:00+05:30,30.3,30.7,30.0,30.15,74702
2016-11-03 00:00:00+05:30,29.85,32.8,29.85,30.55,590001
2016-11-04 00:00:00+05:30,30.85,31.35,29.65,30.2,267966
2016-11-07 00:00:00+05:30,30.8,31.4,30.0,30.25,79349
2016-11-08 00:00:00+05:30,30.9,30.9,29.3,29.65,118256
2016-11-09 00:00:00+05:30,25.5,27.8,24.2,27.35,277474
2016-11-10 00:00:00+05:30,28.7,29.0,28.15,28.45,102167
2016-11-11 00:00:00+05:30,27.6,28.35,27.0,27.2,66411
2016-11-15 00:00:00+05:30,27.0,27.0,25.1,25.4,77233
2016-11-16 00:00:00+05:30,25.4,26.2,24.5,24.7,83583
2016-11-17 00:00:00+05:30,24.4,25.2,23.9,24.05,56147
2016-11-18 00:00:00+05:30,24.0,25.25,23.5,24.05,122194
2016-11-21 00:00:00+05:30,24.0,24.4,22.8,22.9,81510
2016-11-22 00:00:00+05:30,23.75,23.75,22.7,23.15,70375
2016-11-23 00:00:00+05:30,23.1,24.15,23.1,23.95,65856
2016-11-24 00:00:00+05:30,23.55,24.6,23.25,24.05,64568
2016-11-25 00:00:00+05:30,24.25,24.9,24.25,24.65,53163
2016-11-28 00:00:00+05:30,24.65,25.5,24.65,24.95,73828
2016-11-29 00:00:00+05:30,24.85,26.1,24.75,25.55,67559
2016-11-30 00:00:00+05:30,25.55,26.3,25.55,25.75,48660
2016-12-01 00:00:00+05:30,26.0,26.95,25.8,26.25,120644
2016-12-02 00:00:00+05:30,26.15,26.2,25.6,25.7,41026
2016-12-05 00:00:00+05:30,26.1,26.1,25.2,25.7,38911
2016-12-06 00:00:00+05:30,25.55,26.55,25.55,26.2,66193
2016-12-07 00:00:00+05:30,26.1,26.45,25.7,25.95,38975
2016-12-08 00:00:00+05:30,26.2,28.75,26.2,26.8,294987
2016-12-09 00:00:00+05:30,26.9,27.1,26.3,26.5,52241
2016-12-12 00:00:00+05:30,26.35,27.1,26.35,26.55,48628
2016-12-13 00:00:00+05:30,26.4,27.3,26.4,27.0,81617
2016-12-14 00:00:00+05:30,27.0,28.8,26.65,26.8,655424
2016-12-15 00:00:00+05:30,26.3,27.3,26.1,26.4,54264
2016-12-16 00:00:00+05:30,26.4,27.25,26.3,26.5,74253
2016-12-19 00:00:00+05:30,26.1,26.75,26.0,26.1,42454
2016-12-20 00:00:00+05:30,26.45,26.45,25.4,25.55,34656
2016-12-21 00:00:00+05:30,25.6,26.3,25.1,25.3,28018
2016-12-22 00:00:00+05:30,25.3,25.65,24.65,24.75,42452
2016-12-23 00:00:00+05:30,25.1,25.4,24.2,24.95,82689
2016-12-26 00:00:00+05:30,24.95,25.0,24.1,24.2,60448
2016-12-27 00:00:00+05:30,24.0,24.5,24.0,24.4,54228
2016-12-28 00:00:00+05:30,24.3,25.2,24.0,25.05,65398
2016-12-29 00:00:00+05:30,25.25,25.25,24.7,24.85,21779
2016-12-30 00:00:00+05:30,24.6,25.75,24.6,25.2,40738
2017-01-02 00:00:00+05:30,25.2,25.8,25.15,25.6,38266
2017-01-03 00:00:00+05:30,25.75,26.3,25.55,25.95,55574
2017-01-04 00:00:00+05:30,26.5,27.75,25.65,27.3,247626
2017-01-05 00:00:00+05:30,27.3,28.35,27.05,27.7,182888
2017-01-06 00:00:00+05:30,28.25,28.25,26.9,27.35,137306
2017-01-09 00:00:00+05:30,27.6,28.35,27.1,27.65,132087
2017-01-10 00:00:00+05:30,27.95,28.15,27.3,27.4,92058
2017-01-11 00:00:00+05:30,27.55,28.8,27.55,27.75,447215
2017-01-12 00:00:00+05:30,27.95,28.1,27.3,27.4,84302
2017-01-13 00:00:00+05:30,27.6,28.45,27.1,27.7,147523
2017-01-16 00:00:00+05:30,28.1,29.3,27.75,28.65,237245
2017-01-17 00:00:00+05:30,28.75,29.9,28.15,29.05,328963
2017-01-18 00:00:00+05:30,29.0,29.8,28.2,28.5,245928
2017-01-19 00:00:00+05:30,28.85,31.15,28.35,29.15,789074
2017-01-20 00:00:00+05:30,29.3,29.5,27.9,28.1,148931
2017-01-23 00:00:00+05:30,28.2,28.55,27.6,27.75,69962
2017-01-24 00:00:00+05:30,28.1,28.35,27.65,27.8,102545
2017-01-25 00:00:00+05:30,27.6,28.5,27.6,27.95,79650
2017-01-27 00:00:00+05:30,28.25,28.35,27.55,27.65,96370
2017-01-30 00:00:00+05:30,27.75,28.7,27.75,27.95,132246
2017-01-31 00:00:00+05:30,28.2,28.2,26.7,27.0,66226
2017-02-01 00:00:00+05:30,27.3,27.55,27.0,27.3,86896
2017-02-02 00:00:00+05:30,27.3,27.4,26.6,26.8,152007
2017-02-03 00:00:00+05:30,26.9,27.75,26.75,27.55,94131
2017-02-06 00:00:00+05:30,27.75,28.75,27.5,27.85,149756
2017-02-07 00:00:00+05:30,28.0,28.55,27.5,27.65,63342
2017-02-08 00:00:00+05:30,28.0,28.0,27.2,27.55,89259
2017-02-09 00:00:00+05:30,27.65,27.85,27.0,27.15,81115
2017-02-10 00:00:00+05:30,27.6,27.85,27.0,27.2,55491
2017-02-13 00:00:00+05:30,27.4,27.75,26.95,27.05,89092
2017-02-14 00:00:00+05:30,27.0,27.2,26.55,26.75,55856
2017-02-15 00:00:00+05:30,26.75,27.0,25.1,25.35,128800
2017-02-16 00:00:00+05:30,25.0,25.95,25.0,25.85,34461
2017-02-17 00:00:00+05:30,26.3,26.3,25.6,25.95,44947
2017-02-20 00:00:00+05:30,26.15,26.6,26.05,26.3,37757
2017-02-21 00:00:00+05:30,26.4,26.5,25.8,26.05,45423
2017-02-22 00:00:00+05:30,26.35,27.15,26.0,26.35,103989
2017-02-23 00:00:00+05:30,26.5,27.0,26.05,26.25,54739
2017-02-27 00:00:00+05:30,26.1,26.5,25.8,25.85,44624
2017-02-28 00:00:00+05:30,25.95,26.2,25.65,25.8,41819
2017-03-01 00:00:00+05:30,26.15,26.3,25.7,25.95,28809
2017-03-02 00:00:00+05:30,26.1,26.7,25.85,25.95,63412
2017-03-03 00:00:00+05:30,26.15,26.25,25.65,25.75,33588
2017-03-06 00:00:00+05:30,26.1,27.0,25.9,26.25,76219
2017-03-07 00:00:00+05:30,26.5,26.6,25.4,25.6,44914
2017-03-08 00:00:00+05:30,25.6,25.8,25.0,25.1,51833
2017-03-09 00:00:00+05:30,25.05,25.35,25.0,25.1,34781
2017-03-10 00:00:00+05:30,25.45,25.45,24.9,25.1,48219
2017-03-14 00:00:00+05:30,26.0,26.0,25.25,25.6,62288
2017-03-15 00:00:00+05:30,25.8,25.95,25.3,25.45,72786
2017-03-16 00:00:00+05:30,25.6,27.0,25.5,26.7,152687
2017-03-17 00:00:00+05:30,26.6,27.7,26.2,26.8,122360
2017-03-20 00:00:00+05:30,26.25,26.75,25.85,26.45,108273
2017-03-21 00:00:00+05:30,26.6,26.7,26.0,26.15,38412
2017-03-22 00:00:00+05:30,26.0,26.2,25.5,25.65,38435
2017-03-23 00:00:00+05:30,25.8,26.3,25.7,25.9,34794
2017-03-24 00:00:00+05:30,25.9,26.5,25.35,25.7,54356
2017-03-27 00:00:00+05:30,25.7,26.05,25.4,25.5,39430
2017-03-28 00:00:00+05:30,25.45,26.35,25.45,25.7,113430
2017-03-29 00:00:00+05:30,25.9,26.0,25.25,25.4,165098
2017-03-30 00:00:00+05:30,25.55,26.3,25.5,25.95,71612
2017-03-31 00:00:00+05:30,26.35,28.35,26.2,26.45,794361
2017-04-03 00:00:00+05:30,26.4,27.9,26.3,27.35,233542
2017-04-05 00:00:00+05:30,27.5,28.15,27.2,27.8,179307
2017-04-06 00:00:00+05:30,27.6,27.95,27.15,27.2,105430
2017-04-07 00:00:00+05:30,26.9,27.65,26.6,26.95,137017
2017-04-10 00:00:00+05:30,26.8,28.0,26.6,27.1,145770
2017-04-11 00:00:00+05:30,27.2,28.65,27.2,27.7,271306
2017-04-12 00:00:00+05:30,27.7,27.95,27.05,27.25,66494
2017-04-13 00:00:00+05:30,27.55,27.65,26.85,26.95,86207
2017-04-17 00:00:00+05:30,26.8,27.85,26.8,27.65,99975
2017-04-18 00:00:00+05:30,27.55,28.5,27.1,27.2,162830
2017-04-19 00:00:00+05:30,27.0,27.5,27.0,27.25,65007
2017-04-20 00:00:00+05:30,27.25,28.8,27.2,28.65,519080
2017-04-21 00:00:00+05:30,28.8,30.75,28.65,30.2,917228
2017-04-24 00:00:00+05:30,30.8,31.55,30.4,30.65,501734
2017-04-25 00:00:00+05:30,31.05,31.3,29.4,29.55,336807
2017-04-26 00:00:00+05:30,29.8,30.2,28.2,28.7,336221
2017-04-27 00:00:00+05:30,28.7,29.1,28.1,28.35,250532
2017-04-28 00:00:00+05:30,28.4,29.1,28.05,28.4,201252
2017-05-02 00:00:00+05:30,28.7,30.3,28.35,29.45,325771
2017-05-03 00:00:00+05:30,29.9,30.3,29.2,29.45,199921
2017-05-04 00:00:00+05:30,29.8,30.8,28.4,30.4,690979
2017-05-05 00:00:00+05:30,30.4,30.5,28.65,28.95,243951
2017-05-08 00:00:00+05:30,29.05,29.8,28.9,29.3,156696
2017-05-09 00:00:00+05:30,29.1,30.5,28.95,29.75,341516
2017-05-10 00:00:00+05:30,30.0,32.05,30.0,30.45,848934
2017-05-11 00:00:00+05:30,31.0,31.0,29.2,29.35,228903
2017-05-12 00:00:00+05:30,29.65,29.65,28.7,28.9,99976
2017-05-15 00:00:00+05:30,29.45,30.2,29.25,29.9,236666
2017-05-16 00:00:00+05:30,29.7,30.3,29.55,29.6,94999
2017-05-17 00:00:00+05:30,29.4,29.75,29.05,29.2,62595
2017-05-18 00:00:00+05:30,29.0,29.25,28.25,28.4,62274
2017-05-19 00:00:00+05:30,28.05,29.0,27.4,27.8,132633
2017-05-22 00:00:00+05:30,28.2,28.25,27.4,27.55,59988
2017-05-23 00:00:00+05:30,27.3,27.3,26.0,26.4,93436
2017-05-24 00:00:00+05:30,26.3,26.6,25.2,25.75,142356
2017-05-25 00:00:00+05:30,26.0,26.7,25.8,26.5,88617
2017-05-26 00:00:00+05:30,26.5,27.7,26.5,26.8,83112
2017-05-29 00:00:00+05:30,26.75,27.7,26.0,26.0,73795
2017-05-30 00:00:00+05:30,26.25,26.4,25.85,25.95,103662
2017-05-31 00:00:00+05:30,26.0,26.85,25.75,25.85,84026
2017-06-01 00:00:00+05:30,26.0,26.25,25.7,25.85,36607
2017-06-02 00:00:00+05:30,25.9,26.4,25.65,25.7,81260
2017-06-05 00:00:00+05:30,25.4,26.05,25.4,25.55,41153
2017-06-06 00:00:00+05:30,25.9,25.9,25.35,25.5,37284
2017-06-07 00:00:00+05:30,25.75,25.9,25.55,25.6,30335
2017-06-08 00:00:00+05:30,25.75,25.85,25.3,25.35,56290
2017-06-09 00:00:00+05:30,25.5,25.55,25.1,25.2,77060
2017-06-12 00:00:00+05:30,25.1,25.25,24.6,24.75,51350
2017-06-13 00:00:00+05:30,25.0,25.0,24.65,24.8,57569
2017-06-14 00:00:00+05:30,24.7,25.6,24.7,25.05,94801
2017-06-15 00:00:00+05:30,25.0,25.5,25.0,25.1,79036
2017-06-16 00:00:00+05:30,25.15,25.7,24.9,24.95,82624
2017-06-19 00:00:00+05:30,25.2,25.3,24.65,24.85,94795
2017-06-20 00:00:00+05:30,25.05,25.1,24.75,24.75,82392
2017-06-21 00:00:00+05:30,24.75,24.95,24.6,24.8,62221
2017-06-22 00:00:00+05:30,25.0,25.0,24.6,24.7,46452
2017-06-23 00:00:00+05:30,24.75,24.8,24.0,24.1,68449
2017-06-27 00:00:00+05:30,24.3,24.3,23.15,23.45,63758
2017-06-28 00:00:00+05:30,23.5,23.9,23.35,23.55,35071
2017-06-29 00:00:00+05:30,24.0,24.45,23.8,24.15,49482
2017-06-30 00:00:00+05:30,23.9,24.6,23.65,23.8,48000
2017-07-03 00:00:00+05:30,24.2,24.95,24.2,24.7,67309
2017-07-04 00:00:00+05:30,24.7,25.8,24.55,24.85,155901
2017-07-05 00:00:00+05:30,25.0,25.4,24.7,24.9,146993
2017-07-06 00:00:00+05:30,25.0,25.65,24.7,24.8,215895
2017-07-07 00:00:00+05:30,24.8,25.15,24.75,24.95,102074
2017-07-10 00:00:00+05:30,24.8,24.95,24.6,24.85,18474
2017-07-11 00:00:00+05:30,24.85,25.5,24.55,24.65,121455
2017-07-12 00:00:00+05:30,24.95,25.15,24.5,24.95,88265
2017-07-13 00:00:00+05:30,24.85,26.1,24.85,25.4,147431
2017-07-14 00:00:00+05:30,25.6,27.7,25.2,27.05,430240
2017-07-17 00:00:00+05:30,27.15,27.4,26.3,26.5,102970
2017-07-18 00:00:00+05:30,26.5,26.6,25.25,25.55,96707
2017-07-19 00:00:00+05:30,25.9,26.75,25.3,26.05,64056
2017-07-20 00:00:00+05:30,25.8,26.4,25.55,25.8,82267
2017-07-21 00:00:00+05:30,25.5,26.05,25.35,25.6,67300
2017-07-24 00:00:00+05:30,25.45,26.25,25.3,25.45,159823
2017-07-25 00:00:00+05:30,26.0,26.25,25.45,25.95,135357
2017-07-26 00:00:00+05:30,26.2,26.7,25.8,25.9,112590
2017-07-27 00:00:00+05:30,25.7,26.5,25.15,25.3,110772
2017-07-28 00:00:00+05:30,24.8,25.5,24.75,25.1,49081
2017-07-31 00:00:00+05:30,24.75,25.45,24.2,24.35,78128
2017-08-01 00:00:00+05:30,24.5,24.85,24.15,24.3,70086
2017-08-02 00:00:00+05:30,24.25,25.3,24.25,24.35,88908
2017-08-03 00:00:00+05:30,24.6,24.75,24.05,24.1,33338
2017-08-04 00:00:00+05:30,24.6,24.7,23.9,24.15,72412
2017-08-07 00:00:00+05:30,24.35,24.7,24.15,24.4,27472
2017-08-08 00:00:00+05:30,24.3,24.55,23.8,23.9,51160
2017-08-09 00:00:00+05:30,24.1,24.9,23.5,24.35,70819
2017-08-10 00:00:00+05:30,24.2,24.2,22.75,22.95,91396
2017-08-11 00:00:00+05:30,22.3,23.35,21.5,22.3,100541
2017-08-14 00:00:00+05:30,22.6,23.0,22.0,22.85,63107
2017-08-16 00:00:00+05:30,23.0,23.4,22.7,23.25,27217
2017-08-17 00:00:00+05:30,22.9,23.4,22.8,23.0,62482
2017-08-18 00:00:00+05:30,23.0,23.5,22.15,22.75,65313
2017-08-21 00:00:00+05:30,22.95,23.15,22.25,22.55,37927
2017-08-22 00:00:00+05:30,22.35,23.2,22.15,22.35,28760
2017-08-23 00:00:00+05:30,22.4,22.9,22.4,22.75,26168
2017-08-24 00:00:00+05:30,22.6,23.5,22.55,23.25,73068
2017-08-28 00:00:00+05:30,23.5,24.3,23.15,23.95,68963
2017-08-29 00:00:00+05:30,23.75,23.75,23.35,23.65,36589
2017-08-30 00:00:00+05:30,23.45,25.35,23.45,25.0,182762
2017-08-31 00:00:00+05:30,25.15,26.2,24.65,25.85,141864
2017-09-01 00:00:00+05:30,25.85,26.3,25.6,26.05,57757
2017-09-04 00:00:00+05:30,25.8,26.7,25.55,25.95,114776
2017-09-05 00:00:00+05:30,25.7,27.95,25.55,26.9,344466
2017-09-06 00:00:00+05:30,26.9,27.45,26.7,26.85,108369
2017-09-07 00:00:00+05:30,27.05,27.4,26.8,26.9,59196
2017-09-08 00:00:00+05:30,27.3,27.8,26.35,26.45,80629
2017-09-11 00:00:00+05:30,26.9,27.4,26.4,26.5,90793
2017-09-12 00:00:00+05:30,26.7,26.95,26.05,26.1,44945
2017-09-13 00:00:00+05:30,25.65,26.4,25.55,25.7,30723
2017-09-14 00:00:00+05:30,26.15,26.4,25.7,26.05,34411
2017-09-15 00:00:00+05:30,26.25,26.7,25.3,26.25,138711
2017-09-18 00:00:00+05:30,26.4,26.4,25.55,25.9,76589
2017-09-19 00:00:00+05:30,25.7,26.5,25.55,26.15,99633
2017-09-20 00:00:00+05:30,26.4,27.5,26.0,26.4,108439
2017-09-21 00:00:00+05:30,26.4,27.3,26.25,26.35,86388
2017-09-22 00:00:00+05:30,26.2,26.4,25.3,25.35,78790
2017-09-25 00:00:00+05:30,25.95,25.95,24.55,24.8,40314
2017-09-26 00:00:00+05:30,25.25,25.25,24.6,24.85,25093
2017-09-27 00:00:00+05:30,25.2,25.2,24.1,24.2,36693
2017-09-28 00:00:00+05:30,24.05,24.7,24.0,24.35,51588
2017-09-29 00:00:00+05:30,24.25,24.8,24.25,24.5,28090
2017-10-03 00:00:00+05:30,24.4,24.4,23.85,24.05,98088
2017-10-04 00:00:00+05:30,24.0,24.8,24.0,24.1,35281
2017-10-05 00:00:00+05:30,24.2,24.4,24.0,24.15,20812
2017-10-06 00:00:00+05:30,24.5,24.5,24.1,24.3,59706
2017-10-09 00:00:00+05:30,24.3,24.55,24.05,24.25,85979
2017-10-10 00:00:00+05:30,24.4,25.35,24.2,24.8,76160
2017-10-11 00:00:00+05:30,24.8,26.0,24.8,25.2,163602
2017-10-12 00:00:00+05:30,25.5,26.0,25.0,25.5,59260
2017-10-13 00:00:00+05:30,25.65,25.75,25.05,25.25,41123
2017-10-16 00:00:00+05:30,25.3,25.45,24.55,24.65,32356
2017-10-17 00:00:00+05:30,24.4,24.9,24.05,24.25,79407
2017-10-18 00:00:00+05:30,24.2,25.25,24.15,24.65,66852
2017-10-19 00:00:00+05:30,24.7,24.75,24.15,24.45,39268
2017-10-23 00:00:00+05:30,24.65,25.2,24.1,24.55,60426
2017-10-24 00:00:00+05:30,24.4,26.7,24.4,25.8,310163
2017-10-25 00:00:00+05:30,26.0,26.5,25.4,25.85,135443
2017-10-26 00:00:00+05:30,26.1,26.5,25.4,25.6,80896
2017-10-27 00:00:00+05:30,25.5,30.2,25.5,28.45,1021241
2017-10-30 00:00:00+05:30,28.55,33.75,28.3,32.9,1781020
2017-10-31 00:00:00+05:30,33.15,34.45,31.05,32.05,965047
2017-11-01 00:00:00+05:30,32.35,32.75,30.7,31.0,235117
2017-11-02 00:00:00+05:30,30.9,33.0,30.15,31.55,264819
2017-11-03 00:00:00+05:30,31.85,32.0,31.0,31.4,150104
2017-11-06 00:00:00+05:30,31.2,34.25,31.2,33.25,375102
2017-11-07 00:00:00+05:30,33.7,33.7,30.5,31.15,300854
2017-11-08 00:00:00+05:30,31.6,32.1,30.3,30.7,87948
2017-11-09 00:00:00+05:30,31.2,31.6,30.5,31.1,91095
2017-11-10 00:00:00+05:30,30.75,31.4,29.5,29.65,93479
2017-11-13 00:00:00+05:30,30.0,30.0,28.5,28.65,99307
2017-11-14 00:00:00+05:30,28.65,28.85,27.9,28.1,45317
2017-11-15 00:00:00+05:30,27.85,28.6,27.25,27.35,53501
2017-11-16 00:00:00+05:30,27.1,31.7,27.1,30.9,595837
2017-11-17 00:00:00+05:30,31.5,31.5,30.15,30.45,143414
2017-11-20 00:00:00+05:30,30.0,31.5,29.75,30.1,138848
2017-11-21 00:00:00+05:30,31.65,31.65,30.5,31.0,57952
2017-11-22 00:00:00+05:30,30.8,32.05,30.8,31.4,128068
2017-11-23 00:00:00+05:30,31.75,32.3,31.2,32.0,129745
2017-11-24 00:00:00+05:30,32.25,33.4,32.05,32.75,159885
2017-11-27 00:00:00+05:30,32.8,39.3,32.8,39.0,2386544
2017-11-28 00:00:00+05:30,38.4,40.65,36.55,37.95,994539
2017-11-29 00:00:00+05:30,37.85,39.4,37.85,38.55,315904
2017-11-30 00:00:00+05:30,38.55,38.55,36.6,37.05,182888
2017-12-01 00:00:00+05:30,37.0,41.5,37.0,38.7,748053
2017-12-04 00:00:00+05:30,38.7,40.65,37.65,38.05,288627
2017-12-05 00:00:00+05:30,37.2,37.85,35.1,36.1,256612
2017-12-06 00:00:00+05:30,36.15,37.6,36.15,36.45,102719
2017-12-07 00:00:00+05:30,37.0,37.5,36.15,36.25,108289
2017-12-08 00:00:00+05:30,36.8,37.0,35.75,35.9,137900
2017-12-11 00:00:00+05:30,36.1,38.3,36.1,36.9,176222
2017-12-12 00:00:00+05:30,36.4,38.4,36.3,37.2,183927
2017-12-13 00:00:00+05:30,36.85,37.7,35.55,35.9,168497
2017-12-14 00:00:00+05:30,36.05,36.5,35.6,36.15,68875
2017-12-15 00:00:00+05:30,36.7,37.4,35.7,36.05,67230
2017-12-18 00:00:00+05:30,36.0,37.5,34.85,36.1,156666
2017-12-19 00:00:00+05:30,36.6,39.2,36.5,38.1,361516
2017-12-20 00:00:00+05:30,38.6,38.95,37.55,37.9,147615
2017-12-21 00:00:00+05:30,38.15,40.65,37.9,39.7,429531
2017-12-22 00:00:00+05:30,40.0,41.2,39.2,39.45,265134
2017-12-26 00:00:00+05:30,38.8,39.7,38.05,38.3,109940
2017-12-27 00:00:00+05:30,38.65,39.25,37.55,37.75,110840
2017-12-28 00:00:00+05:30,38.05,39.6,37.75,38.3,108394
2017-12-29 00:00:00+05:30,38.3,41.45,38.0,39.8,631078
2018-01-01 00:00:00+05:30,40.1,44.0,40.1,42.1,1431441
2018-01-02 00:00:00+05:30,43.2,43.35,39.5,40.35,437385
2018-01-03 00:00:00+05:30,40.65,43.0,40.65,41.5,511649
2018-01-04 00:00:00+05:30,42.0,42.1,41.4,41.5,182366
2018-01-05 00:00:00+05:30,41.85,42.8,41.2,41.35,222437
2018-01-08 00:00:00+05:30,41.4,42.1,41.2,41.3,272322
2018-01-09 00:00:00+05:30,41.5,42.7,40.55,41.0,256736
2018-01-10 00:00:00+05:30,40.95,41.9,39.8,40.15,237467
2018-01-11 00:00:00+05:30,40.0,42.25,40.0,41.65,273464
2018-01-12 00:00:00+05:30,41.95,42.65,39.75,40.45,394381
2018-01-15 00:00:00+05:30,40.45,41.2,39.6,39.8,144979
2018-01-16 00:00:00+05:30,40.35,40.35,37.5,38.95,276943
2018-01-17 00:00:00+05:30,38.5,40.1,37.6,39.6,186582
2018-01-18 00:00:00+05:30,39.6,40.15,36.9,37.05,189773
2018-01-19 00:00:00+05:30,37.05,38.2,36.2,36.75,178907
2018-01-22 00:00:00+05:30,36.75,37.7,36.55,37.55,76605
2018-01-23 00:00:00+05:30,37.55,38.1,36.55,36.65,106265
2018-01-24 00:00:00+05:30,36.25,36.6,35.4,35.65,49850
2018-01-25 00:00:00+05:30,35.2,36.45,35.2,35.65,60981
2018-01-29 00:00:00+05:30,35.65,36.1,34.2,34.65,54449
2018-01-30 00:00:00+05:30,34.65,34.65,33.45,33.6,143089
2018-01-31 00:00:00+05:30,34.35,34.35,32.5,33.05,141424
2018-02-01 00:00:00+05:30,33.35,36.95,33.0,34.05,685112
2018-02-02 00:00:00+05:30,33.9,34.1,31.0,32.2,220504
2018-02-05 00:00:00+05:30,31.15,32.0,30.2,31.35,95734
2018-02-06 00:00:00+05:30,30.6,31.15,29.0,30.45,135775
2018-02-07 00:00:00+05:30,31.15,32.1,30.15,31.2,82584
2018-02-08 00:00:00+05:30,31.4,32.9,30.85,32.3,155998
2018-02-09 00:00:00+05:30,31.3,32.2,30.55,31.5,125170
2018-02-12 00:00:00+05:30,31.5,33.25,31.4,32.7,89784
2018-02-14 00:00:00+05:30,32.75,33.6,31.5,31.85,114373
2018-02-15 00:00:00+05:30,32.25,32.25,30.55,30.8,62316
2018-02-16 00:00:00+05:30,31.2,31.2,30.0,30.1,33614
2018-02-19 00:00:00+05:30,30.1,30.45,28.65,29.25,85449
2018-02-20 00:00:00+05:30,29.3,30.2,28.75,28.95,46938
2018-02-21 00:00:00+05:30,29.0,29.7,28.8,29.2,24043
2018-02-22 00:00:00+05:30,29.2,30.1,28.65,29.6,39263
2018-02-23 00:00:00+05:30,29.95,32.0,29.9,30.55,111625
2018-02-26 00:00:00+05:30,30.65,31.4,30.3,30.7,110043
2018-02-27 00:00:00+05:30,31.0,31.1,29.9,30.05,60253
2018-02-28 00:00:00+05:30,30.05,30.7,29.7,30.45,63433
2018-03-01 00:00:00+05:30,30.7,30.85,29.55,30.0,56128
2018-03-05 00:00:00+05:30,29.4,29.65,28.9,28.95,31870
2018-03-06 00:00:00+05:30,28.9,29.45,28.5,28.65,33232
2018-03-07 00:00:00+05:30,28.65,28.85,27.75,28.0,52693
2018-03-08 00:00:00+05:30,28.0,28.3,27.5,28.05,47617
2018-03-09 00:00:00+05:30,28.05,28.2,26.6,26.9,59115
2018-03-12 00:00:00+05:30,26.35,27.55,26.3,27.2,45289
2018-03-13 00:00:00+05:30,27.5,28.1,27.1,27.4,52217
2018-03-14 00:00:00+05:30,27.65,27.65,27.2,27.5,14144
2018-03-15 00:00:00+05:30,28.4,30.0,28.05,28.8,113865
2018-03-16 00:00:00+05:30,28.9,29.4,28.1,28.15,29071
2018-03-19 00:00:00+05:30,28.5,29.2,27.65,28.9,74810
2018-03-20 00:00:00+05:30,28.5,28.5,27.75,27.8,27229
2018-03-21 00:00:00+05:30,27.85,28.35,27.3,27.4,44942
2018-03-22 00:00:00+05:30,27.85,27.9,25.8,26.0,67052
2018-03-23 00:00:00+05:30,25.2,25.7,24.7,25.35,62954
2018-03-26 00:00:00+05:30,25.8,25.8,24.65,24.85,68351
2018-03-27 00:00:00+05:30,25.4,26.0,25.4,25.8,43707
2018-03-28 00:00:00+05:30,26.2,26.5,25.3,25.85,28926
2018-04-02 00:00:00+05:30,26.6,27.5,25.9,27.0,63186
2018-04-03 00:00:00+05:30,26.95,28.1,26.3,27.8,39308
2018-04-04 00:00:00+05:30,28.0,29.5,28.0,28.8,206937
2018-04-05 00:00:00+05:30,29.3,29.85,29.0,29.45,134832
2018-04-06 00:00:00+05:30,30.0,30.0,29.0,29.4,120437
2018-04-09 00:00:00+05:30,29.9,30.2,29.3,29.6,129790
2018-04-10 00:00:00+05:30,30.3,30.3,29.35,29.65,118604
2018-04-11 00:00:00+05:30,29.85,30.05,29.1,29.4,206102
2018-04-12 00:00:00+05:30,29.85,29.85,29.05,29.1,61754
2018-04-13 00:00:00+05:30,29.85,30.2,29.0,29.85,166895
2018-04-16 00:00:00+05:30,29.15,29.95,28.65,29.5,144279
2018-04-17 00:00:00+05:30,29.75,29.85,28.7,28.85,11874
2018-04-18 00:00:00+05:30,29.3,29.6,28.15,28.35,13572
2018-04-19 00:00:00+05:30,27.75,30.15,27.75,29.2,61375
2018-04-20 00:00:00+05:30,29.65,30.4,28.75,29.1,64895
2018-04-23 00:00:00+05:30,29.7,30.1,28.5,29.4,45383
2018-04-24 00:00:00+05:30,29.9,29.9,28.5,28.55,24823
2018-04-25 00:00:00+05:30,29.0,29.0,28.1,28.45,21151
2018-04-26 00:00:00+05:30,30.65,30.65,28.15,28.5,47043
2018-04-27 00:00:00+05:30,28.1,29.0,28.05,28.45,23610
2018-04-30 00:00:00+05:30,28.9,28.9,28.0,28.3,18238
2018-05-02 00:00:00+05:30,27.9,28.8,27.65,27.85,21328
2018-05-03 00:00:00+05:30,28.0,28.0,27.05,27.3,21932
2018-05-04 00:00:00+05:30,27.9,27.9,27.0,27.2,14478
2018-05-07 00:00:00+05:30,27.8,27.8,26.65,27.3,17221
2018-05-08 00:00:00+05:30,27.5,27.9,27.1,27.15,10653
2018-05-09 00:00:00+05:30,27.7,27.7,26.9,27.1,32548
2018-05-10 00:00:00+05:30,27.1,27.5,26.25,26.6,20929
2018-05-11 00:00:00+05:30,26.3,27.0,25.8,26.15,10121
2018-05-14 00:00:00+05:30,26.65,26.8,26.0,26.15,19391
2018-05-15 00:00:00+05:30,26.6,26.6,24.3,24.55,87263
2018-05-16 00:00:00+05:30,24.55,25.1,23.9,24.9,35055
2018-05-17 00:00:00+05:30,24.9,25.8,24.55,25.6,34356
2018-05-18 00:00:00+05:30,25.4,25.6,24.05,24.55,33321
2018-05-21 00:00:00+05:30,24.7,25.25,24.3,24.45,23037
2018-05-22 00:00:00+05:30,24.2,25.0,24.1,24.45,27178
2018-05-23 00:00:00+05:30,24.5,24.75,24.15,24.35,18141
2018-05-24 00:00:00+05:30,24.1,25.5,24.1,25.1,25806
2018-05-25 00:00:00+05:30,25.5,25.8,24.6,25.3,33663
2018-05-28 00:00:00+05:30,25.7,26.15,25.15,25.5,56208
2018-05-29 00:00:00+05:30,25.95,26.75,24.7,25.15,73919
2018-05-30 00:00:00+05:30,24.9,25.5,24.15,24.3,71597
2018-05-31 00:00:00+05:30,24.55,24.9,24.3,24.65,17792
2018-06-01 00:00:00+05:30,24.5,24.8,23.85,24.1,38274
2018-06-04 00:00:00+05:30,24.0,24.6,23.75,24.0,27695
2018-06-05 00:00:00+05:30,23.65,24.15,22.8,23.0,43134
2018-06-06 00:00:00+05:30,22.9,23.6,22.6,23.45,30646
2018-06-07 00:00:00+05:30,23.1,24.75,23.1,23.7,63789
2018-06-08 00:00:00+05:30,24.2,24.4,23.3,23.65,61496
2018-06-11 00:00:00+05:30,23.45,25.2,23.4,24.35,65501
2018-06-12 00:00:00+05:30,24.6,25.05,24.25,24.5,48222
2018-06-13 00:00:00+05:30,24.35,25.05,24.35,24.65,17994
2018-06-14 00:00:00+05:30,24.35,24.75,24.15,24.2,26229
2018-06-15 00:00:00+05:30,24.2,25.0,23.95,24.5,43705
2018-06-18 00:00:00+05:30,24.75,24.75,23.35,23.6,29780
2018-06-19 00:00:00+05:30,24.1,24.1,22.75,23.25,20711
2018-06-20 00:00:00+05:30,23.0,23.7,22.75,23.45,13224
2018-06-21 00:00:00+05:30,23.2,23.6,23.05,23.25,13819
2018-06-22 00:00:00+05:30,23.0,23.5,22.15,22.85,58906
2018-06-25 00:00:00+05:30,22.4,23.3,22.05,22.25,115995
2018-06-26 00:00:00+05:30,22.9,22.9,21.05,21.9,30565
2018-06-27 00:00:00+05:30,21.5,21.9,20.7,20.8,44549
2018-06-28 00:00:00+05:30,21.05,21.05,20.0,20.5,23424
2018-06-29 00:00:00+05:30,20.75,21.5,20.3,20.6,41838
2018-07-02 00:00:00+05:30,20.85,21.1,20.25,20.65,11572
2018-07-03 00:00:00+05:30,20.3,21.2,20.15,20.95,27085
2018-07-04 00:00:00+05:30,21.2,21.95,20.8,21.35,31139
2018-07-05 00:00:00+05:30,21.25,21.45,19.8,19.95,79385
2018-07-06 00:00:00+05:30,20.15,20.25,19.5,19.95,96238
2018-07-09 00:00:00+05:30,20.1,20.9,20.1,20.4,26957
2018-07-10 00:00:00+05:30,20.9,20.95,20.25,20.4,42138
2018-07-11 00:00:00+05:30,20.75,20.75,20.0,20.25,16365
2018-07-12 00:00:00+05:30,20.55,20.7,19.7,19.9,55256
2018-07-13 00:00:00+05:30,19.8,20.15,19.5,19.8,44403
2018-07-16 00:00:00+05:30,19.55,20.2,18.8,19.0,32830
2018-07-17 00:00:00+05:30,18.75,19.55,18.55,19.0,29500
2018-07-18 00:00:00+05:30,19.05,19.35,18.65,18.7,37196
2018-07-19 00:00:00+05:30,18.4,18.95,17.55,17.8,68249
2018-07-20 00:00:00+05:30,18.0,18.35,17.7,17.95,20058
2018-07-23 00:00:00+05:30,18.15,19.4,18.15,19.15,25520
2018-07-24 00:00:00+05:30,19.15,20.6,18.65,19.6,69984
2018-07-25 00:00:00+05:30,19.8,20.9,19.8,20.75,49880
2018-07-26 00:00:00+05:30,21.0,21.8,20.5,21.1,38011
2018-07-27 00:00:00+05:30,20.85,22.3,20.8,22.05,36649
2018-07-30 00:00:00+05:30,22.3,23.3,22.25,23.05,47860
2018-07-31 00:00:00+05:30,23.3,23.65,21.7,21.95,42700
2018-08-01 00:00:00+05:30,22.0,22.7,21.6,21.8,35530
2018-08-02 00:00:00+05:30,22.05,22.35,21.5,21.95,14179
2018-08-03 00:00:00+05:30,22.25,23.1,22.05,22.35,15093
2018-08-06 00:00:00+05:30,22.0,22.0,21.3,21.75,110588
2018-08-07 00:00:00+05:30,22.0,22.3,21.4,21.8,25788
2018-08-08 00:00:00+05:30,22.0,22.0,20.8,20.95,24892
2018-08-09 00:00:00+05:30,20.5,21.5,20.5,20.85,20439
2018-08-10 00:00:00+05:30,21.0,21.5,20.7,20.8,14014
2018-08-13 00:00:00+05:30,20.8,21.0,20.15,20.25,15812
2018-08-14 00:00:00+05:30,20.3,20.55,19.55,19.75,31878
2018-08-16 00:00:00+05:30,19.95,20.25,19.5,19.95,30819
2018-08-17 00:00:00+05:30,20.15,20.45,19.7,20.1,40579
2018-08-20 00:00:00+05:30,20.35,21.0,20.1,20.4,69209
2018-08-21 00:00:00+05:30,20.65,20.65,20.05,20.15,18840
2018-08-23 00:00:00+05:30,20.2,20.85,19.85,20.3,27162
2018-08-24 00:00:00+05:30,20.5,21.2,20.5,20.8,32442
2018-08-27 00:00:00+05:30,20.65,20.9,20.1,20.15,29013
2018-08-28 00:00:00+05:30,20.45,21.7,20.45,20.6,77610
2018-08-29 00:00:00+05:30,20.35,20.75,19.55,20.0,33590
2018-08-30 00:00:00+05:30,20.25,20.6,19.75,20.05,32594
2018-08-31 00:00:00+05:30,20.3,20.35,19.8,19.95,34442
2018-09-03 00:00:00+05:30,20.15,20.8,19.8,20.65,48356
2018-09-04 00:00:00+05:30,20.9,21.0,20.35,20.5,18322
2018-09-05 00:00:00+05:30,20.5,20.9,19.9,20.15,54540
2018-09-06 00:00:00+05:30,20.45,20.65,20.0,20.05,28263
2018-09-07 00:00:00+05:30,20.35,20.35,20.0,20.25,12763
2018-09-10 00:00:00+05:30,20.45,20.45,19.6,19.9,33732
2018-09-11 00:00:00+05:30,19.75,20.5,19.75,19.95,39604
2018-09-12 00:00:00+05:30,20.15,20.3,19.8,20.2,11308
2018-09-14 00:00:00+05:30,20.4,20.8,20.0,20.25,26101
2018-09-17 00:00:00+05:30,20.45,20.45,19.8,20.1,13137
2018-09-18 00:00:00+05:30,20.35,20.4,19.95,20.1,18387
2018-09-19 00:00:00+05:30,20.35,20.35,19.7,20.1,21600
2018-09-21 00:00:00+05:30,20.05,20.5,16.6,18.8,101807
2018-09-24 00:00:00+05:30,18.9,18.9,17.8,18.2,25796
2018-09-25 00:00:00+05:30,18.2,18.45,17.7,18.0,38950
2018-09-26 00:00:00+05:30,18.0,18.6,17.05,17.9,38103
2018-09-27 00:00:00+05:30,17.9,18.05,17.4,17.65,13951
2018-09-28 00:00:00+05:30,17.85,17.95,16.6,16.8,40140
2018-10-01 00:00:00+05:30,16.4,16.8,15.5,16.0,59282
2018-10-03 00:00:00+05:30,16.0,17.0,15.95,16.55,33380
2018-10-04 00:00:00+05:30,16.7,16.8,16.05,16.6,22394
2018-10-05 00:00:00+05:30,16.75,17.25,16.15,16.7,33573
2018-10-08 00:00:00+05:30,16.9,16.9,15.85,16.65,145924
2018-10-09 00:00:00+05:30,16.65,16.8,16.55,16.6,88857
2018-10-10 00:00:00+05:30,16.05,17.25,16.05,17.05,51446
2018-10-11 00:00:00+05:30,17.1,17.1,16.15,16.3,28382
2018-10-12 00:00:00+05:30,16.45,17.5,16.45,17.25,34490
2018-10-15 00:00:00+05:30,17.0,18.6,17.0,18.4,17628
2018-10-16 00:00:00+05:30,18.5,19.0,18.2,18.45,12153
2018-10-17 00:00:00+05:30,18.9,18.9,17.55,17.7,12634
2018-10-19 00:00:00+05:30,17.9,17.9,16.75,16.85,10283
2018-10-22 00:00:00+05:30,17.7,17.7,16.5,16.6,17333
2018-10-23 00:00:00+05:30,16.7,17.15,16.05,16.55,18811
2018-10-24 00:00:00+05:30,16.7,16.9,16.4,16.65,13291
2018-10-25 00:00:00+05:30,16.75,16.75,16.2,16.45,10509
2018-10-26 00:00:00+05:30,16.65,16.8,16.2,16.3,16591
2018-10-29 00:00:00+05:30,16.1,17.15,16.1,16.9,40835
2018-10-30 00:00:00+05:30,16.9,17.15,16.6,16.75,7691
2018-10-31 00:00:00+05:30,16.95,17.35,16.5,17.15,36512
2018-11-01 00:00:00+05:30,17.0,17.3,16.75,17.2,13682
2018-11-02 00:00:00+05:30,17.35,19.0,17.1,17.95,51143
2018-11-05 00:00:00+05:30,18.15,18.7,17.35,18.0,22307
2018-11-06 00:00:00+05:30,18.2,18.75,17.9,17.95,9055
2018-11-07 00:00:00+05:30,18.75,19.75,18.0,18.2,7992
2018-11-09 00:00:00+05:30,18.45,18.45,17.8,18.05,7907
2018-11-12 00:00:00+05:30,18.25,18.7,17.85,18.35,5863
2018-11-13 00:00:00+05:30,18.15,18.45,17.35,17.95,42944
2018-11-14 00:00:00+05:30,18.45,18.75,17.8,17.85,14288
2018-11-15 00:00:00+05:30,18.05,18.3,17.3,17.85,8780
2018-11-16 00:00:00+05:30,18.35,20.0,17.45,19.1,104077
2018-11-19 00:00:00+05:30,20.0,20.45,19.65,19.95,30097
2018-11-20 00:00:00+05:30,19.95,19.95,18.7,18.8,28503
2018-11-21 00:00:00+05:30,19.05,19.35,18.3,19.0,7310
2018-11-22 00:00:00+05:30,19.2,20.4,19.0,19.75,60544
2018-11-26 00:00:00+05:30,19.75,20.65,19.4,19.75,22979
2018-11-27 00:00:00+05:30,20.4,20.4,19.35,19.7,14772
2018-11-28 00:00:00+05:30,19.75,20.3,18.65,18.85,13835
2018-11-29 00:00:00+05:30,19.45,19.65,18.6,18.75,9158
2018-11-30 00:00:00+05:30,18.35,19.35,18.2,18.3,17053
2018-12-03 00:00:00+05:30,19.45,19.45,18.15,18.65,24893
2018-12-04 00:00:00+05:30,19.25,19.25,18.55,19.1,9841
2018-12-05 00:00:00+05:30,19.0,19.55,17.7,17.85,31951
2018-12-06 00:00:00+05:30,17.9,18.4,17.7,18.1,20849
2018-12-07 00:00:00+05:30,18.65,18.65,17.35,17.8,14513
2018-12-10 00:00:00+05:30,17.9,17.95,17.15,17.4,12905
2018-12-11 00:00:00+05:30,17.8,18.1,16.75,17.85,18275
2018-12-12 00:00:00+05:30,18.45,18.45,17.7,17.9,28747
2018-12-13 00:00:00+05:30,18.45,18.55,17.7,17.8,39274
2018-12-14 00:00:00+05:30,17.6,18.1,17.6,17.65,9197
2018-12-17 00:00:00+05:30,18.05,18.05,17.3,17.85,14563
2018-12-18 00:00:00+05:30,18.25,18.3,17.4,17.9,24578
2018-12-19 00:00:00+05:30,18.25,19.1,17.9,18.3,33410
2018-12-20 00:00:00+05:30,18.8,18.9,18.0,18.4,20570
2018-12-21 00:00:00+05:30,18.3,18.35,17.85,17.9,19818
2018-12-24 00:00:00+05:30,17.4,18.25,17.4,17.6,13283
2018-12-26 00:00:00+05:30,18.25,18.25,17.25,17.5,47079
2018-12-27 00:00:00+05:30,17.55,18.25,17.35,17.55,11796
2018-12-28 00:00:00+05:30,17.25,18.0,17.25,17.9,27033
2018-12-31 00:00:00+05:30,18.25,18.25,17.65,17.9,10729
2019-01-01 00:00:00+05:30,17.7,17.7,16.95,17.3,201532
2019-01-02 00:00:00+05:30,17.45,17.55,17.2,17.25,10238
2019-01-03 00:00:00+05:30,17.4,17.6,17.3,17.35,9691
2019-01-04 00:00:00+05:30,17.5,17.55,17.05,17.4,17443
2019-01-07 00:00:00+05:30,17.6,17.6,17.15,17.5,19569
2019-01-08 00:00:00+05:30,17.25,17.5,17.25,17.35,11879
2019-01-09 00:00:00+05:30,17.5,17.75,17.3,17.35,7547
2019-01-10 00:00:00+05:30,17.35,18.3,17.3,17.65,50239
2019-01-11 00:00:00+05:30,17.85,17.85,17.4,17.45,5724
2019-01-14 00:00:00+05:30,17.45,17.65,17.0,17.15,19185
2019-01-15 00:00:00+05:30,17.25,17.55,16.85,17.0,51961
2019-01-16 00:00:00+05:30,17.4,17.4,16.95,17.0,9558
2019-01-17 00:00:00+05:30,16.95,17.05,16.75,16.9,14134
2019-01-18 00:00:00+05:30,17.05,17.05,16.7,16.7,12352
2019-01-21 00:00:00+05:30,16.85,17.0,16.75,16.75,13622
2019-01-22 00:00:00+05:30,17.0,17.0,16.3,16.4,10695
2019-01-23 00:00:00+05:30,16.0,16.55,16.0,16.15,10857
2019-01-24 00:00:00+05:30,16.85,17.0,16.0,16.3,14137
2019-01-25 00:00:00+05:30,16.45,16.5,15.65,15.75,16812
2019-01-28 00:00:00+05:30,15.7,15.7,15.4,15.4,14333
2019-01-29 00:00:00+05:30,15.35,15.55,15.15,15.25,25630
2019-01-30 00:00:00+05:30,15.5,15.6,15.0,15.4,23902
2019-01-31 00:00:00+05:30,15.45,15.8,15.25,15.4,17624
2019-02-01 00:00:00+05:30,15.95,16.2,15.3,15.35,28960
2019-02-04 00:00:00+05:30,15.25,15.3,14.25,14.35,24750
2019-02-05 00:00:00+05:30,14.1,14.25,13.6,13.8,50925
2019-02-06 00:00:00+05:30,13.85,14.5,13.1,14.35,29187
2019-02-07 00:00:00+05:30,14.4,14.4,13.9,14.05,10397
2019-02-08 00:00:00+05:30,14.05,14.15,13.25,13.8,9971
2019-02-11 00:00:00+05:30,13.8,14.0,13.2,13.75,5613
2019-02-12 00:00:00+05:30,14.75,14.75,13.2,13.45,34624
2019-02-13 00:00:00+05:30,13.5,13.75,13.1,13.2,13079
2019-02-14 00:00:00+05:30,13.0,13.7,13.0,13.4,8850
2019-02-15 00:00:00+05:30,13.6,13.8,13.0,13.35,14579
2019-02-18 00:00:00+05:30,13.6,13.6,13.0,13.15,18921
2019-02-19 00:00:00+05:30,13.4,13.5,12.85,13.05,12919
2019-02-20 00:00:00+05:30,13.05,13.3,12.85,13.05,14458
2019-02-21 00:00:00+05:30,13.1,13.4,13.05,13.2,9123
2019-02-22 00:00:00+05:30,13.0,14.0,13.0,13.8,36421
2019-02-25 00:00:00+05:30,13.9,14.35,13.25,14.3,18629
2019-02-26 00:00:00+05:30,14.0,14.35,13.65,14.2,15391
2019-02-27 00:00:00+05:30,14.45,14.9,14.05,14.45,24482
2019-02-28 00:00:00+05:30,14.25,14.7,14.25,14.55,8001
2019-03-01 00:00:00+05:30,14.5,15.7,14.5,15.4,186058
2019-03-05 00:00:00+05:30,15.95,17.9,15.4,17.15,70377
2019-03-06 00:00:00+05:30,17.15,17.85,16.95,17.1,43736
2019-03-07 00:00:00+05:30,17.45,17.45,16.65,17.1,21803
2019-03-08 00:00:00+05:30,17.35,17.45,16.8,17.2,18844
2019-03-11 00:00:00+05:30,16.65,17.4,16.65,16.95,17092
2019-03-12 00:00:00+05:30,16.95,17.8,16.9,17.35,53265
2019-03-13 00:00:00+05:30,17.0,17.35,16.85,17.0,18659
2019-03-14 00:00:00+05:30,16.45,16.9,16.1,16.2,34280
2019-03-15 00:00:00+05:30,16.45,16.85,16.15,16.55,28009
2019-03-18 00:00:00+05:30,16.4,16.9,16.05,16.25,16913
2019-03-19 00:00:00+05:30,16.45,16.75,16.1,16.4,16975
2019-03-20 00:00:00+05:30,16.4,16.45,16.1,16.2,23735
2019-03-22 00:00:00+05:30,16.35,16.6,15.65,15.85,14419
2019-03-25 00:00:00+05:30,15.95,15.95,15.0,15.3,229143
2019-03-26 00:00:00+05:30,15.05,15.55,15.0,15.1,24378
2019-03-27 00:00:00+05:30,14.75,15.5,14.75,15.2,52586
2019-03-28 00:00:00+05:30,15.3,15.4,15.05,15.2,12970
2019-03-29 00:00:00+05:30,15.1,15.8,15.1,15.7,17849
2019-04-01 00:00:00+05:30,15.8,16.25,15.6,16.0,19531
2019-04-02 00:00:00+05:30,16.0,17.0,15.75,16.5,19714
2019-04-03 00:00:00+05:30,16.2,16.6,15.75,16.0,19301
2019-04-04 00:00:00+05:30,16.0,16.3,15.55,16.05,7116
2019-04-05 00:00:00+05:30,16.55,16.65,15.7,15.8,10313
2019-04-08 00:00:00+05:30,16.25,16.5,15.8,16.05,8441
2019-04-09 00:00:00+05:30,15.9,16.25,15.55,15.75,7131
2019-04-10 00:00:00+05:30,15.75,15.95,14.8,15.0,49151
2019-04-11 00:00:00+05:30,15.2,15.55,15.0,15.2,8308
2019-04-12 00:00:00+05:30,15.2,15.35,14.95,15.05,8792
2019-04-15 00:00:00+05:30,15.3,15.45,14.5,14.75,43381
2019-04-16 00:00:00+05:30,14.8,15.0,13.8,14.2,76077
2019-04-18 00:00:00+05:30,14.2,14.35,14.0,14.2,10678
2019-04-22 00:00:00+05:30,14.4,14.4,13.6,13.8,14906
2019-04-23 00:00:00+05:30,13.8,14.0,13.5,13.75,14497
2019-04-24 00:00:00+05:30,13.8,14.5,13.7,14.0,9793
2019-04-25 00:00:00+05:30,14.0,14.3,13.65,14.05,18555
2019-04-26 00:00:00+05:30,13.95,14.2,13.8,13.85,22352
2019-04-30 00:00:00+05:30,13.85,13.85,12.9,13.0,29641
2019-05-02 00:00:00+05:30,13.3,13.75,12.85,13.15,15533
2019-05-03 00:00:00+05:30,13.05,13.45,12.9,13.05,15485
2019-05-06 00:00:00+05:30,13.0,13.15,12.3,12.45,26440
2019-05-07 00:00:00+05:30,12.6,12.9,12.45,12.65,13978
2019-05-08 00:00:00+05:30,12.7,12.9,12.4,12.8,11153
2019-05-09 00:00:00+05:30,12.65,12.9,12.35,12.75,4871
2019-05-10 00:00:00+05:30,12.8,14.3,12.6,13.2,13666
2019-05-13 00:00:00+05:30,13.1,13.5,12.75,12.85,8974
2019-05-14 00:00:00+05:30,12.45,13.0,12.3,12.9,4771
2019-05-15 00:00:00+05:30,12.8,14.0,12.65,13.7,35821
2019-05-16 00:00:00+05:30,13.7,14.2,13.35,13.9,37337
2019-05-17 00:00:00+05:30,14.05,14.75,13.65,14.55,26802
2019-05-20 00:00:00+05:30,14.7,15.0,14.3,14.8,16810
2019-05-21 00:00:00+05:30,15.0,15.2,13.8,13.8,17368
2019-05-22 00:00:00+05:30,13.75,14.35,13.55,14.0,5012
2019-05-23 00:00:00+05:30,13.75,14.5,13.75,14.0,20154
2019-05-24 00:00:00+05:30,14.25,14.45,13.9,14.2,12029
2019-05-27 00:00:00+05:30,14.9,15.6,14.5,15.4,51642
2019-05-28 00:00:00+05:30,15.35,15.8,15.1,15.45,18088
2019-05-29 00:00:00+05:30,15.15,15.6,14.95,15.15,15437
2019-05-30 00:00:00+05:30,15.0,15.4,14.75,15.05,22693
2019-05-31 00:00:00+05:30,15.15,15.3,14.75,15.0,23562
2019-06-03 00:00:00+05:30,15.0,15.1,14.5,14.95,25313
2019-06-04 00:00:00+05:30,14.85,17.75,14.85,17.1,255881
2019-06-06 00:00:00+05:30,17.15,18.0,15.65,15.85,136048
2019-06-07 00:00:00+05:30,16.2,16.9,16.0,16.15,61865
2019-06-10 00:00:00+05:30,15.65,16.15,14.75,14.9,25978
2019-06-11 00:00:00+05:30,15.5,15.6,14.65,15.35,19623
2019-06-12 00:00:00+05:30,15.4,15.4,14.5,14.7,34253
2019-06-13 00:00:00+05:30,14.65,14.8,14.2,14.3,22892
2019-06-14 00:00:00+05:30,14.55,14.55,13.5,13.7,22973
2019-06-17 00:00:00+05:30,13.4,14.1,13.1,13.15,19505
2019-06-18 00:00:00+05:30,12.9,13.45,12.2,13.05,16436
2019-06-19 00:00:00+05:30,13.75,13.8,12.2,12.45,52903
2019-06-20 00:00:00+05:30,12.15,12.85,12.15,12.85,24342
2019-06-21 00:00:00+05:30,13.4,13.65,12.8,13.2,109460
2019-06-24 00:00:00+05:30,13.95,13.95,12.85,13.1,20415
2019-06-25 00:00:00+05:30,13.0,13.15,12.65,12.85,13172
2019-06-26 00:00:00+05:30,12.65,13.45,12.6,13.1,25416
2019-06-27 00:00:00+05:30,13.15,13.5,13.0,13.3,20012
2019-06-28 00:00:00+05:30,13.7,13.7,13.0,13.0,11117
2019-07-01 00:00:00+05:30,13.05,13.8,13.0,13.25,14331
2019-07-02 00:00:00+05:30,13.3,13.5,12.95,13.15,9569
2019-07-03 00:00:00+05:30,12.9,13.5,12.9,13.2,28768
2019-07-04 00:00:00+05:30,13.3,13.5,13.0,13.1,16576
2019-07-05 00:00:00+05:30,13.15,13.35,12.65,12.7,12550
2019-07-08 00:00:00+05:30,12.65,12.85,12.1,12.45,9259
2019-07-09 00:00:00+05:30,11.6,12.9,11.6,12.8,16928
2019-07-10 00:00:00+05:30,12.65,12.95,12.4,12.6,7092
2019-07-11 00:00:00+05:30,12.8,12.95,12.5,12.55,15045
2019-07-12 00:00:00+05:30,12.85,13.0,12.4,12.85,4065
2019-07-15 00:00:00+05:30,12.9,12.9,12.0,12.3,16938
2019-07-16 00:00:00+05:30,12.3,12.5,11.3,12.25,14625
2019-07-17 00:00:00+05:30,12.45,12.6,12.05,12.3,12251
2019-07-18 00:00:00+05:30,12.2,12.3,12.05,12.15,7731
2019-07-19 00:00:00+05:30,12.1,12.35,11.6,11.95,14004
2019-07-22 00:00:00+05:30,12.5,12.5,11.3,11.45,20193
2019-07-23 00:00:00+05:30,11.5,11.6,11.05,11.4,22895
2019-07-24 00:00:00+05:30,11.35,11.5,11.05,11.5,12388
2019-07-25 00:00:00+05:30,12.35,12.35,11.25,11.8,25109
2019-07-26 00:00:00+05:30,11.95,12.2,11.35,11.9,30275
2019-07-29 00:00:00+05:30,11.85,12.0,11.1,11.1,37043
2019-07-30 00:00:00+05:30,11.1,11.4,10.8,10.95,26202
2019-07-31 00:00:00+05:30,11.05,11.05,10.5,10.75,29398
2019-08-01 00:00:00+05:30,11.0,11.05,10.25,10.75,106781
2019-08-02 00:00:00+05:30,10.7,10.7,10.25,10.4,41498
2019-08-05 00:00:00+05:30,10.2,10.7,9.9,10.4,12244
2019-08-06 00:00:00+05:30,10.4,12.3,10.1,11.2,28623
2019-08-07 00:00:00+05:30,11.3,11.8,10.6,10.95,11517
2019-08-08 00:00:00+05:30,10.85,11.75,10.85,11.35,58902
2019-08-09 00:00:00+05:30,11.25,12.0,11.25,11.45,24328
2019-08-13 00:00:00+05:30,11.8,11.8,10.55,10.8,10184
2019-08-14 00:00:00+05:30,11.0,11.9,9.75,10.95,119683
2019-08-16 00:00:00+05:30,10.95,11.45,10.15,10.7,179184
2019-08-19 00:00:00+05:30,11.05,11.05,10.1,10.25,22878
2019-08-20 00:00:00+05:30,10.7,10.7,9.7,9.8,73535
2019-08-21 00:00:00+05:30,9.55,9.9,9.1,9.25,45697
2019-08-22 00:00:00+05:30,9.25,9.55,7.85,8.05,88646
2019-08-23 00:00:00+05:30,7.95,8.3,7.75,7.9,42307
2019-08-26 00:00:00+05:30,8.7,8.7,7.85,8.0,29430
2019-08-27 00:00:00+05:30,8.15,8.8,8.1,8.7,30955
2019-08-28 00:00:00+05:30,8.5,8.9,8.2,8.35,22732
2019-08-29 00:00:00+05:30,8.6,8.6,8.0,8.1,117191
2019-08-30 00:00:00+05:30,8.25,8.65,8.1,8.45,30828
2019-09-03 00:00:00+05:30,8.25,8.7,7.9,8.2,16016
2019-09-04 00:00:00+05:30,8.7,8.7,8.05,8.2,23719
2019-09-05 00:00:00+05:30,8.3,8.65,8.2,8.3,23790
2019-09-06 00:00:00+05:30,8.3,8.9,8.3,8.75,24820
2019-09-09 00:00:00+05:30,8.7,9.2,8.45,9.1,19157
2019-09-11 00:00:00+05:30,9.1,10.25,9.1,10.05,36424
2019-09-12 00:00:00+05:30,10.95,12.05,10.3,11.55,144788
2019-09-13 00:00:00+05:30,12.6,12.6,11.1,11.55,36573
2019-09-16 00:00:00+05:30,11.55,11.9,11.55,11.8,24106
2019-09-17 00:00:00+05:30,11.8,12.0,11.4,11.7,39697
2019-09-18 00:00:00+05:30,12.0,12.5,11.15,11.7,19275
2019-09-19 00:00:00+05:30,11.6,12.2,11.15,11.5,115269
2019-09-20 00:00:00+05:30,11.2,11.75,11.1,11.3,11208
2019-09-23 00:00:00+05:30,11.8,12.25,11.5,11.9,66531
2019-09-24 00:00:00+05:30,11.8,11.95,11.35,11.4,6754
2019-09-25 00:00:00+05:30,11.9,11.9,10.7,11.15,10764
2019-09-26 00:00:00+05:30,11.2,11.55,10.75,11.05,21539
2019-09-27 00:00:00+05:30,11.3,11.3,10.75,10.95,10778
2019-09-30 00:00:00+05:30,10.95,10.95,10.05,10.3,48911
2019-10-01 00:00:00+05:30,10.4,10.85,9.8,10.1,27685
2019-10-03 00:00:00+05:30,10.0,10.1,9.55,9.75,15825
2019-10-04 00:00:00+05:30,9.7,10.2,9.7,10.0,7027
2019-10-07 00:00:00+05:30,10.3,10.3,9.9,9.9,5747
2019-10-09 00:00:00+05:30,10.0,10.0,9.05,9.6,18330
2019-10-10 00:00:00+05:30,9.6,9.95,9.05,9.15,22101
2019-10-11 00:00:00+05:30,9.15,9.55,9.15,9.25,6075
2019-10-14 00:00:00+05:30,9.6,9.6,9.2,9.3,16088
2019-10-15 00:00:00+05:30,9.3,9.4,8.7,8.8,9418
2019-10-16 00:00:00+05:30,9.0,9.2,8.8,9.15,10706
2019-10-17 00:00:00+05:30,9.2,9.85,9.15,9.4,17859
2019-10-18 00:00:00+05:30,9.8,9.85,9.5,9.8,9101
2019-10-22 00:00:00+05:30,9.9,9.9,9.15,9.65,14625
2019-10-23 00:00:00+05:30,9.65,9.75,9.3,9.4,9847
2019-10-24 00:00:00+05:30,9.55,9.8,9.1,9.25,4660
2019-10-25 00:00:00+05:30,9.2,9.75,9.2,9.55,3937
2019-10-27 00:00:00+05:30,9.25,9.8,9.25,9.7,1711
2019-10-29 00:00:00+05:30,9.35,10.0,9.1,9.8,10942
2019-10-30 00:00:00+05:30,10.1,11.4,9.95,10.25,21443
2019-10-31 00:00:00+05:30,10.45,10.6,9.9,10.35,23765
2019-11-01 00:00:00+05:30,10.25,11.0,10.25,10.8,23421
2019-11-04 00:00:00+05:30,11.0,11.7,10.5,11.35,33945
2019-11-05 00:00:00+05:30,11.2,11.45,10.9,11.25,23792
2019-11-06 00:00:00+05:30,11.25,11.3,11.1,11.2,10579
2019-11-07 00:00:00+05:30,11.1,11.3,10.8,10.85,16719
2019-11-08 00:00:00+05:30,10.75,11.2,10.35,10.45,21377
2019-11-11 00:00:00+05:30,10.7,11.2,10.05,10.6,17129
2019-11-13 00:00:00+05:30,11.15,11.25,10.05,10.25,20833
2019-11-14 00:00:00+05:30,10.85,10.85,10.1,10.25,6257
2019-11-15 00:00:00+05:30,10.4,10.75,9.7,10.05,11318
2019-11-18 00:00:00+05:30,10.0,10.5,10.0,10.35,11100
2019-11-19 00:00:00+05:30,10.15,10.35,9.8,9.9,17979
2019-11-20 00:00:00+05:30,9.85,10.3,9.65,9.95,13551
2019-11-21 00:00:00+05:30,9.8,10.3,9.65,9.75,13677
2019-11-22 00:00:00+05:30,9.8,10.3,9.65,10.1,12370
2019-11-25 00:00:00+05:30,9.5,10.2,9.5,10.0,7170
2019-11-26 00:00:00+05:30,9.95,10.2,9.75,9.8,8824
2019-11-27 00:00:00+05:30,10.0,10.0,9.55,9.55,22487
2019-11-28 00:00:00+05:30,9.55,10.05,9.4,9.8,29599
2019-11-29 00:00:00+05:30,9.75,9.95,9.75,9.9,12159
2019-12-02 00:00:00+05:30,10.2,10.2,9.4,9.7,13074
2019-12-03 00:00:00+05:30,9.7,10.25,9.5,9.65,15068
2019-12-04 00:00:00+05:30,9.55,9.75,9.4,9.55,11862
2019-12-05 00:00:00+05:30,9.55,9.65,9.2,9.3,16436
2019-12-06 00:00:00+05:30,9.15,9.5,9.15,9.4,7789
2019-12-09 00:00:00+05:30,9.15,9.45,9.1,9.2,16276
2019-12-10 00:00:00+05:30,9.4,9.4,8.8,9.05,5433
2019-12-11 00:00:00+05:30,8.95,9.2,8.8,8.95,3404
2019-12-12 00:00:00+05:30,8.9,9.25,8.7,8.8,23022
2019-12-13 00:00:00+05:30,9.1,9.1,7.9,8.95,57347
2019-12-16 00:00:00+05:30,8.5,9.4,8.5,8.8,9168
2019-12-17 00:00:00+05:30,8.8,9.45,8.8,9.05,27805
2019-12-18 00:00:00+05:30,9.05,9.4,9.0,9.0,10968
2019-12-19 00:00:00+05:30,9.4,9.4,8.85,8.95,3750
2019-12-20 00:00:00+05:30,8.8,9.3,8.7,9.1,13686
2019-12-23 00:00:00+05:30,9.3,9.7,8.55,9.05,34604
2019-12-24 00:00:00+05:30,9.5,9.55,8.9,8.95,23284
2019-12-26 00:00:00+05:30,9.35,9.35,8.9,9.0,11739
2019-12-27 00:00:00+05:30,9.25,9.3,8.9,9.05,15625
2019-12-30 00:00:00+05:30,9.05,9.2,9.05,9.1,8813
2019-12-31 00:00:00+05:30,9.0,9.5,9.0,9.3,20746
2020-01-01 00:00:00+05:30,9.3,9.75,9.1,9.45,35043
2020-01-02 00:00:00+05:30,9.35,10.75,9.1,10.35,115047
2020-01-03 00:00:00+05:30,10.85,11.25,10.5,10.75,50010
2020-01-06 00:00:00+05:30,11.0,11.0,10.1,10.65,24886
2020-01-07 00:00:00+05:30,11.0,11.0,10.25,10.65,12805
2020-01-08 00:00:00+05:30,10.4,10.8,10.0,10.15,45345
2020-01-09 00:00:00+05:30,10.25,10.8,10.1,10.65,44319
2020-01-10 00:00:00+05:30,10.9,12.6,10.4,12.3,181328
2020-01-13 00:00:00+05:30,12.9,14.75,12.5,14.5,461671
2020-01-14 00:00:00+05:30,14.5,14.9,13.65,13.75,115528
2020-01-15 00:00:00+05:30,13.1,14.5,13.05,13.95,89475
2020-01-16 00:00:00+05:30,14.0,14.45,13.6,13.8,57014
2020-01-17 00:00:00+05:30,13.75,14.1,13.55,13.65,25817
2020-01-20 00:00:00+05:30,13.65,13.95,12.9,13.1,36565
2020-01-21 00:00:00+05:30,13.0,13.65,12.95,13.05,35949
2020-01-22 00:00:00+05:30,13.75,14.2,13.0,13.95,36970
2020-01-23 00:00:00+05:30,14.25,15.2,13.5,14.8,141777
2020-01-24 00:00:00+05:30,14.8,15.7,14.6,14.85,103469
2020-01-27 00:00:00+05:30,14.9,15.7,14.55,15.2,70606
2020-01-28 00:00:00+05:30,15.6,15.9,14.8,14.85,39425
2020-01-29 00:00:00+05:30,16.0,16.0,14.65,14.85,32327
2020-01-30 00:00:00+05:30,15.0,15.15,14.3,14.35,30541
2020-01-31 00:00:00+05:30,14.95,14.95,13.9,14.0,24557
2020-02-01 00:00:00+05:30,14.25,14.25,12.7,13.05,41878
2020-02-03 00:00:00+05:30,12.85,13.85,12.25,12.75,15992
2020-02-04 00:00:00+05:30,13.0,13.6,12.9,13.25,27511
2020-02-05 00:00:00+05:30,14.0,14.0,12.75,13.3,20592
2020-02-06 00:00:00+05:30,14.0,14.0,13.35,13.4,14935
2020-02-07 00:00:00+05:30,13.15,13.8,13.0,13.4,19067
2020-02-10 00:00:00+05:30,13.15,13.4,12.8,13.15,4539
2020-02-11 00:00:00+05:30,13.7,13.7,12.25,12.5,25972
2020-02-12 00:00:00+05:30,12.15,12.75,12.15,12.25,16616
2020-02-13 00:00:00+05:30,12.25,12.4,11.75,11.95,27777
2020-02-14 00:00:00+05:30,11.95,12.05,11.5,11.8,34565
2020-02-17 00:00:00+05:30,11.25,12.05,11.25,11.9,12442
2020-02-18 00:00:00+05:30,11.65,12.0,11.25,11.55,5449
2020-02-19 00:00:00+05:30,11.45,11.9,11.1,11.75,13341
2020-02-20 00:00:00+05:30,11.2,11.9,11.2,11.5,6141
2020-02-24 00:00:00+05:30,11.5,11.5,11.0,11.05,12030
2020-02-25 00:00:00+05:30,11.05,11.55,10.9,11.45,10736
2020-02-26 00:00:00+05:30,11.5,11.8,11.2,11.3,9471
2020-02-27 00:00:00+05:30,11.5,11.5,11.0,11.2,13230
2020-02-28 00:00:00+05:30,11.75,11.75,10.25,10.45,20694
2020-03-02 00:00:00+05:30,10.6,10.95,10.3,10.35,9806
2020-03-03 00:00:00+05:30,10.05,10.7,9.9,9.95,19957
2020-03-04 00:00:00+05:30,10.8,10.8,9.55,9.8,19659
2020-03-05 00:00:00+05:30,10.4,10.4,9.45,9.7,9092
2020-03-06 00:00:00+05:30,9.1,10.2,9.1,9.65,27011
2020-03-09 00:00:00+05:30,8.85,9.9,8.7,8.85,14758
2020-03-11 00:00:00+05:30,9.65,9.65,8.7,9.0,12956
2020-03-12 00:00:00+05:30,9.0,9.15,8.1,8.2,46932
2020-03-13 00:00:00+05:30,7.4,9.0,7.4,8.95,51408
2020-03-16 00:00:00+05:30,8.15,8.8,8.15,8.35,34646
2020-03-17 00:00:00+05:30,8.25,8.85,7.95,8.05,45085
2020-03-18 00:00:00+05:30,7.95,8.4,7.25,7.25,67577
2020-03-19 00:00:00+05:30,7.55,7.55,6.6,6.9,33159
2020-03-20 00:00:00+05:30,7.2,7.2,6.75,7.1,20307
2020-03-23 00:00:00+05:30,7.1,7.4,6.75,6.9,39474
2020-03-24 00:00:00+05:30,7.2,7.2,6.6,6.6,39563
2020-03-25 00:00:00+05:30,6.6,6.65,6.3,6.4,29989
2020-03-26 00:00:00+05:30,6.2,6.7,6.2,6.55,18754
2020-03-27 00:00:00+05:30,6.85,6.85,6.7,6.85,10045
2020-03-30 00:00:00+05:30,7.1,7.15,6.9,7.15,11114
2020-03-31 00:00:00+05:30,7.5,7.5,7.2,7.5,20574
2020-04-01 00:00:00+05:30,7.85,7.85,7.6,7.85,26132
2020-04-03 00:00:00+05:30,8.2,8.2,8.0,8.2,16914
2020-04-07 00:00:00+05:30,8.6,8.6,8.3,8.6,42440
2020-04-08 00:00:00+05:30,8.9,8.95,8.4,8.5,20562
2020-04-09 00:00:00+05:30,8.9,8.9,8.4,8.9,32506
2020-04-13 00:00:00+05:30,9.3,9.3,8.7,9.0,11157
2020-04-15 00:00:00+05:30,9.0,9.45,9.0,9.1,25002
2020-04-16 00:00:00+05:30,9.5,9.55,9.0,9.2,11689
2020-04-17 00:00:00+05:30,9.55,9.65,9.25,9.65,24259
2020-04-20 00:00:00+05:30,10.1,10.1,9.4,9.8,13076
2020-04-21 00:00:00+05:30,9.7,9.85,9.35,9.5,23489
2020-04-22 00:00:00+05:30,9.5,9.6,9.05,9.35,27386
2020-04-23 00:00:00+05:30,9.3,9.5,8.95,9.0,13644
2020-04-24 00:00:00+05:30,9.0,9.0,8.75,8.9,7500
2020-04-27 00:00:00+05:30,8.9,8.9,8.55,8.6,31595
2020-04-28 00:00:00+05:30,8.75,8.75,8.25,8.45,29844
2020-04-29 00:00:00+05:30,8.8,8.85,8.35,8.7,22072
2020-04-30 00:00:00+05:30,8.5,9.1,8.5,8.95,31163
2020-05-04 00:00:00+05:30,9.3,9.35,8.7,9.35,27174
2020-05-05 00:00:00+05:30,9.75,9.8,9.75,9.8,22178
2020-05-06 00:00:00+05:30,10.25,10.25,9.4,9.45,47581
2020-05-07 00:00:00+05:30,9.2,9.9,9.2,9.9,20834
2020-05-08 00:00:00+05:30,10.35,10.35,9.8,10.25,28848
2020-05-11 00:00:00+05:30,10.75,10.75,10.0,10.1,11819
2020-05-12 00:00:00+05:30,10.0,10.25,9.6,10.2,8734
2020-05-13 00:00:00+05:30,10.7,10.7,10.15,10.25,14374
2020-05-14 00:00:00+05:30,10.6,10.6,9.9,10.05,14351
2020-05-15 00:00:00+05:30,10.35,10.35,9.6,10.0,13773
2020-05-18 00:00:00+05:30,10.05,10.3,9.5,9.55,17074
2020-05-19 00:00:00+05:30,9.8,9.8,9.15,9.3,14796
2020-05-20 00:00:00+05:30,9.7,9.7,9.0,9.2,2780
2020-05-21 00:00:00+05:30,9.5,9.5,9.2,9.35,1290
2020-05-22 00:00:00+05:30,9.35,9.5,8.9,9.05,11483
2020-05-26 00:00:00+05:30,9.1,9.45,8.85,8.95,20690
2020-05-27 00:00:00+05:30,9.25,9.25,8.85,8.95,14073
2020-05-28 00:00:00+05:30,9.2,9.3,8.95,9.0,14623
2020-05-29 00:00:00+05:30,9.0,9.25,8.95,9.1,4156
2020-06-01 00:00:00+05:30,9.5,9.55,9.25,9.55,28652
2020-06-02 00:00:00+05:30,9.7,9.75,9.25,9.55,26677
2020-06-03 00:00:00+05:30,9.7,10.0,9.6,10.0,46289
2020-06-04 00:00:00+05:30,10.45,10.45,10.1,10.35,24166
2020-06-05 00:00:00+05:30,10.35,11.35,10.35,11.3,47268
2020-06-08 00:00:00+05:30,12.15,12.15,11.0,11.3,27455
2020-06-09 00:00:00+05:30,11.3,11.8,10.5,10.5,46675
2020-06-10 00:00:00+05:30,10.45,11.45,10.0,11.0,57443
2020-06-11 00:00:00+05:30,11.5,11.5,10.5,10.7,33761
2020-06-12 00:00:00+05:30,9.8,10.8,9.8,10.65,31473
2020-06-15 00:00:00+05:30,10.25,11.0,10.25,10.6,19264
2020-06-16 00:00:00+05:30,10.7,11.4,10.5,10.8,21275
2020-06-17 00:00:00+05:30,10.95,11.45,10.25,10.65,14543
2020-06-18 00:00:00+05:30,10.5,11.05,10.3,10.6,14172
2020-06-19 00:00:00+05:30,10.65,11.65,10.6,11.5,112608
2020-06-22 00:00:00+05:30,11.5,12.45,11.2,11.55,88950
2020-06-23 00:00:00+05:30,12.4,12.7,12.3,12.7,70346
2020-06-24 00:00:00+05:30,13.95,13.95,13.9,13.95,38024
2020-06-25 00:00:00+05:30,14.6,14.6,13.3,14.6,178683
2020-06-26 00:00:00+05:30,15.1,15.3,14.5,15.05,79092
2020-06-29 00:00:00+05:30,15.75,15.75,14.3,14.3,116244
2020-06-30 00:00:00+05:30,14.5,14.5,13.6,13.6,29140
2020-07-01 00:00:00+05:30,12.95,13.9,12.95,13.0,50947
2020-07-02 00:00:00+05:30,13.0,13.0,12.4,12.55,30084
2020-07-03 00:00:00+05:30,12.55,13.1,12.05,12.2,55544
2020-07-06 00:00:00+05:30,12.0,12.4,11.85,12.25,35081
2020-07-07 00:00:00+05:30,12.3,12.4,12.0,12.25,14292
2020-07-08 00:00:00+05:30,12.45,12.8,12.4,12.4,49882
2020-07-09 00:00:00+05:30,12.4,12.55,12.15,12.25,13638
2020-07-10 00:00:00+05:30,11.9,12.5,11.9,12.2,22364
2020-07-13 00:00:00+05:30,12.0,12.7,12.0,12.6,24066
2020-07-14 00:00:00+05:30,12.4,12.6,12.1,12.15,10908
2020-07-15 00:00:00+05:30,12.3,12.5,12.0,12.05,8801
2020-07-16 00:00:00+05:30,12.05,12.25,11.65,12.0,19824
2020-07-17 00:00:00+05:30,12.15,12.25,11.5,11.6,20897
2020-07-20 00:00:00+05:30,12.0,12.0,11.2,11.5,26596
2020-07-21 00:00:00+05:30,11.95,11.95,11.15,11.45,30709
2020-07-22 00:00:00+05:30,11.75,11.8,10.95,11.0,25680
2020-07-23 00:00:00+05:30,11.2,11.25,10.8,10.95,22393
2020-07-24 00:00:00+05:30,10.95,11.2,10.55,10.65,22604
2020-07-27 00:00:00+05:30,10.65,10.65,10.25,10.25,16072
2020-07-28 00:00:00+05:30,10.25,10.45,9.9,10.1,26193
2020-07-29 00:00:00+05:30,10.0,10.25,9.85,9.95,33608
2020-07-30 00:00:00+05:30,9.95,10.2,9.8,9.9,23707
2020-07-31 00:00:00+05:30,10.1,10.1,9.6,9.65,27452
2020-08-03 00:00:00+05:30,9.5,9.75,9.45,9.7,21524
2020-08-04 00:00:00+05:30,9.7,10.15,9.5,10.1,43807
2020-08-05 00:00:00+05:30,10.1,10.45,10.1,10.35,27957
2020-08-06 00:00:00+05:30,10.3,10.45,10.0,10.05,34693
2020-08-07 00:00:00+05:30,10.05,10.1,9.8,10.0,37023
2020-08-10 00:00:00+05:30,10.4,10.4,9.95,10.3,27015
2020-08-11 00:00:00+05:30,10.5,10.65,10.1,10.45,27562
2020-08-12 00:00:00+05:30,10.7,10.7,10.0,10.25,21158
2020-08-13 00:00:00+05:30,10.4,10.45,10.1,10.2,16839
2020-08-14 00:00:00+05:30,10.2,10.55,10.1,10.35,19335
2020-08-17 00:00:00+05:30,10.4,10.8,10.1,10.55,44629
2020-08-18 00:00:00+05:30,10.8,11.05,10.35,11.05,46753
2020-08-19 00:00:00+05:30,11.55,11.6,11.15,11.6,23658
2020-08-20 00:00:00+05:30,12.15,12.15,11.75,12.15,39700
2020-08-21 00:00:00+05:30,12.75,12.75,12.2,12.75,61326
2020-08-24 00:00:00+05:30,13.15,13.35,13.15,13.35,12744
2020-08-25 00:00:00+05:30,14.0,14.0,13.2,13.9,235493
2020-08-26 00:00:00+05:30,14.45,14.45,13.25,13.3,95090
2020-08-27 00:00:00+05:30,13.3,13.35,12.65,12.65,59059
2020-08-28 00:00:00+05:30,12.4,13.25,12.15,13.25,66267
2020-08-31 00:00:00+05:30,13.8,13.9,12.6,12.6,98775
2020-09-01 00:00:00+05:30,12.15,12.85,12.0,12.3,12904
2020-09-02 00:00:00+05:30,12.0,12.5,11.75,11.95,20015
2020-09-03 00:00:00+05:30,12.35,12.35,11.85,12.2,9667
2020-09-04 00:00:00+05:30,11.65,12.3,11.65,11.8,19391
2020-09-07 00:00:00+05:30,11.4,12.15,11.4,11.65,14981
2020-09-08 00:00:00+05:30,12.2,12.2,11.15,11.25,18814
2020-09-09 00:00:00+05:30,10.75,11.35,10.75,11.05,21964
2020-09-10 00:00:00+05:30,11.0,11.3,10.8,10.9,28436
2020-09-11 00:00:00+05:30,11.1,11.4,11.0,11.4,14272
2020-09-14 00:00:00+05:30,11.9,11.95,11.75,11.95,4360846
2020-09-15 00:00:00+05:30,12.5,12.5,12.5,12.5,7115
2020-09-16 00:00:00+05:30,13.1,13.1,13.1,13.1,14158
2020-09-17 00:00:00+05:30,13.75,13.75,13.15,13.75,65233
2020-09-18 00:00:00+05:30,14.2,14.4,13.3,13.45,212805
2020-09-21 00:00:00+05:30,12.8,13.7,12.8,12.8,34945
2020-09-22 00:00:00+05:30,12.3,12.85,12.2,12.25,21366
2020-09-23 00:00:00+05:30,12.7,12.7,11.75,11.85,13880
2020-09-24 00:00:00+05:30,11.75,12.15,11.35,11.8,25913
2020-09-25 00:00:00+05:30,11.45,12.0,11.45,11.95,20517
2020-09-28 00:00:00+05:30,12.35,12.35,11.75,12.0,14932
2020-09-29 00:00:00+05:30,12.25,12.3,11.55,11.65,11527
2020-09-30 00:00:00+05:30,11.9,11.9,11.55,11.75,5644
2020-10-01 00:00:00+05:30,11.85,12.3,11.8,12.3,32636
2020-10-05 00:00:00+05:30,12.7,12.7,11.95,12.1,40092
2020-10-06 00:00:00+05:30,11.75,12.45,11.75,12.0,13747
2020-10-07 00:00:00+05:30,11.55,12.45,11.55,11.75,13111
2020-10-08 00:00:00+05:30,11.75,11.8,11.3,11.45,46970
2020-10-09 00:00:00+05:30,10.9,11.75,10.9,10.95,31725
2020-10-12 00:00:00+05:30,11.05,11.65,10.9,11.05,18402
2020-10-13 00:00:00+05:30,11.1,11.2,10.7,10.9,14268
2020-10-14 00:00:00+05:30,11.5,11.65,10.9,11.5,14713
2020-10-15 00:00:00+05:30,11.6,11.85,11.0,11.4,42546
2020-10-16 00:00:00+05:30,11.25,11.55,11.0,11.3,7708
2020-10-19 00:00:00+05:30,11.15,11.85,11.1,11.3,19510
2020-10-20 00:00:00+05:30,11.2,11.6,10.75,11.25,26449
2020-10-21 00:00:00+05:30,11.2,11.5,11.05,11.25,8591
2020-10-22 00:00:00+05:30,10.95,11.4,10.95,11.35,13122
2020-10-23 00:00:00+05:30,11.3,11.6,11.25,11.45,9594
2020-10-26 00:00:00+05:30,11.45,12.0,11.45,11.9,25585
2020-10-27 00:00:00+05:30,12.0,12.4,11.75,12.1,29162
2020-10-28 00:00:00+05:30,12.05,12.3,11.8,12.0,17569
2020-10-29 00:00:00+05:30,11.95,12.15,11.55,11.65,25312
2020-10-30 00:00:00+05:30,11.8,12.1,11.0,11.4,16979
2020-11-02 00:00:00+05:30,11.3,11.85,11.15,11.75,47327
2020-11-03 00:00:00+05:30,12.2,12.2,11.35,11.7,8773
2020-11-04 00:00:00+05:30,12.0,12.05,11.3,11.7,27501
2020-11-05 00:00:00+05:30,11.95,12.05,11.55,11.75,8848
2020-11-06 00:00:00+05:30,11.45,11.9,11.45,11.65,24446
2020-11-09 00:00:00+05:30,11.85,11.85,11.4,11.55,18897
2020-11-10 00:00:00+05:30,11.7,11.7,10.95,11.5,62016
2020-11-11 00:00:00+05:30,11.5,11.7,11.2,11.3,19435
2020-11-12 00:00:00+05:30,11.1,11.6,11.1,11.4,17998
2020-11-13 00:00:00+05:30,11.65,11.65,11.25,11.35,22203
2020-11-17 00:00:00+05:30,11.95,12.6,11.45,12.15,47886
2020-11-18 00:00:00+05:30,12.4,13.35,12.15,13.3,146467
2020-11-19 00:00:00+05:30,13.6,13.9,12.1,12.85,97396
2020-11-20 00:00:00+05:30,13.05,13.3,12.7,12.8,50120
2020-11-23 00:00:00+05:30,12.5,13.3,12.4,12.75,140021
2020-11-24 00:00:00+05:30,13.25,13.75,11.6,13.45,175930
2020-11-25 00:00:00+05:30,13.75,13.85,12.85,13.05,96700
2020-11-26 00:00:00+05:30,13.35,13.35,12.7,12.9,43693
2020-11-27 00:00:00+05:30,13.05,13.25,12.65,13.1,39864
2020-12-01 00:00:00+05:30,13.1,13.8,12.75,13.4,56661
2020-12-02 00:00:00+05:30,13.9,13.9,13.1,13.35,58442
2020-12-03 00:00:00+05:30,13.4,14.65,13.35,14.65,152507
2020-12-04 00:00:00+05:30,15.7,15.8,13.75,14.3,184509
2020-12-07 00:00:00+05:30,14.6,17.15,14.3,17.15,296715
2020-12-08 00:00:00+05:30,17.85,17.9,15.7,16.55,249582
2020-12-09 00:00:00+05:30,17.0,17.45,15.1,15.55,122414
2020-12-10 00:00:00+05:30,16.0,16.8,15.1,16.45,237536
2020-12-11 00:00:00+05:30,17.0,17.0,16.0,16.6,71987
2020-12-14 00:00:00+05:30,16.95,16.95,16.2,16.4,42539
2020-12-15 00:00:00+05:30,16.9,16.9,15.9,16.1,39868
2020-12-16 00:00:00+05:30,16.6,18.65,15.75,17.2,418644
2020-12-17 00:00:00+05:30,17.2,17.8,16.6,16.75,80012
2020-12-18 00:00:00+05:30,16.8,16.8,16.0,16.15,48501
2020-12-21 00:00:00+05:30,16.85,17.5,14.4,14.85,114749
2020-12-22 00:00:00+05:30,15.9,15.9,14.0,15.15,70065
2020-12-23 00:00:00+05:30,15.1,16.5,14.85,16.0,64242
2020-12-24 00:00:00+05:30,15.75,16.7,15.75,15.8,62243
2020-12-28 00:00:00+05:30,16.65,16.85,16.0,16.6,97681
2020-12-29 00:00:00+05:30,16.8,16.95,15.9,16.05,63026
2020-12-30 00:00:00+05:30,16.1,16.35,15.6,15.95,23554
2020-12-31 00:00:00+05:30,15.85,16.35,15.8,15.95,33152
2021-01-01 00:00:00+05:30,16.3,17.1,15.6,16.6,115772
2021-01-04 00:00:00+05:30,17.05,19.9,16.65,19.9,1305490
2021-01-05 00:00:00+05:30,19.55,22.0,18.3,19.6,1040897
2021-01-06 00:00:00+05:30,20.4,22.7,20.3,21.05,691998
2021-01-07 00:00:00+05:30,21.35,23.0,21.05,22.0,523172
2021-01-08 00:00:00+05:30,21.85,23.0,21.0,21.2,267246
2021-01-11 00:00:00+05:30,22.05,22.1,19.7,20.2,131331
2021-01-12 00:00:00+05:30,20.5,21.35,19.5,20.15,94203
2021-01-13 00:00:00+05:30,20.5,20.5,18.65,18.85,186376
2021-01-14 00:00:00+05:30,19.8,19.85,18.75,18.95,66745
2021-01-15 00:00:00+05:30,18.95,19.3,17.9,18.45,77392
2021-01-18 00:00:00+05:30,18.5,19.85,18.5,19.55,134876
2021-01-19 00:00:00+05:30,19.9,20.0,19.3,19.4,70104
2021-01-20 00:00:00+05:30,19.85,19.9,18.9,19.05,39086
2021-01-21 00:00:00+05:30,19.1,19.8,17.55,17.8,196606
2021-01-22 00:00:00+05:30,18.05,18.4,17.25,17.4,84348
2021-01-25 00:00:00+05:30,17.75,17.95,16.5,16.6,73291
2021-01-27 00:00:00+05:30,16.7,17.0,16.2,16.75,55334
2021-01-28 00:00:00+05:30,16.8,17.55,16.3,17.15,31036
2021-01-29 00:00:00+05:30,17.1,17.9,17.05,17.35,45592
2021-02-01 00:00:00+05:30,17.7,18.25,17.5,17.85,52841
2021-02-02 00:00:00+05:30,18.0,18.6,17.7,17.85,39407
2021-02-03 00:00:00+05:30,17.85,18.0,17.5,17.7,52223
2021-02-04 00:00:00+05:30,17.55,18.25,17.45,17.95,83552
2021-02-05 00:00:00+05:30,18.3,18.5,17.45,17.5,46928
2021-02-08 00:00:00+05:30,18.25,18.25,17.3,17.35,44730
2021-02-09 00:00:00+05:30,17.85,17.9,17.0,17.05,56453
2021-02-10 00:00:00+05:30,16.4,17.05,16.4,16.8,84600
2021-02-11 00:00:00+05:30,17.0,17.3,16.75,16.9,52310
2021-02-12 00:00:00+05:30,17.35,17.35,16.15,16.55,62076
2021-02-15 00:00:00+05:30,16.65,16.9,16.15,16.25,46964
2021-02-16 00:00:00+05:30,16.0,17.35,15.5,17.25,164223
2021-02-17 00:00:00+05:30,17.5,17.7,17.15,17.3,92314
2021-02-18 00:00:00+05:30,17.25,17.65,17.25,17.35,40733
2021-02-19 00:00:00+05:30,17.8,17.8,16.2,17.15,76789
2021-02-22 00:00:00+05:30,16.5,17.4,16.25,16.35,41954
2021-02-23 00:00:00+05:30,17.0,17.0,16.4,16.5,40023
2021-02-24 00:00:00+05:30,16.85,17.05,16.25,16.45,23028
2021-02-25 00:00:00+05:30,16.5,18.9,16.5,18.1,559099
2021-02-26 00:00:00+05:30,18.65,18.65,17.7,17.85,142857
2021-03-01 00:00:00+05:30,17.95,20.15,17.7,19.6,426671
2021-03-02 00:00:00+05:30,20.75,21.25,19.75,20.0,390935
2021-03-03 00:00:00+05:30,20.4,20.5,18.7,18.95,190710
2021-03-04 00:00:00+05:30,18.9,19.4,18.45,18.6,104765
2021-03-05 00:00:00+05:30,18.5,19.35,16.95,17.75,245826
2021-03-08 00:00:00+05:30,18.75,18.75,16.95,17.65,183462
2021-03-09 00:00:00+05:30,17.95,18.05,17.5,17.65,55291
2021-03-10 00:00:00+05:30,17.65,18.2,17.65,17.95,55724
2021-03-12 00:00:00+05:30,18.3,18.35,17.2,17.4,86419
2021-03-15 00:00:00+05:30,18.05,18.15,16.8,17.0,102037
2021-03-16 00:00:00+05:30,17.55,17.85,17.0,17.25,53286
2021-03-17 00:00:00+05:30,17.6,18.35,16.95,17.35,227159
2021-03-18 00:00:00+05:30,17.7,17.75,16.55,16.85,68363
2021-03-19 00:00:00+05:30,16.6,17.2,16.1,16.7,59199
2021-03-22 00:00:00+05:30,17.05,17.6,16.7,17.05,67032
2021-03-23 00:00:00+05:30,17.15,17.4,16.85,16.95,42887
2021-03-24 00:00:00+05:30,16.9,17.05,16.4,16.5,56574
2021-03-25 00:00:00+05:30,16.6,16.65,15.8,16.05,80514
2021-03-26 00:00:00+05:30,16.5,16.55,15.9,16.15,86114
2021-03-30 00:00:00+05:30,16.8,18.85,16.35,18.25,417710
2021-03-31 00:00:00+05:30,18.35,18.4,16.7,18.0,186643
2021-04-01 00:00:00+05:30,18.0,19.2,18.0,18.75,247495
2021-04-05 00:00:00+05:30,19.05,19.35,17.6,18.1,163754
2021-04-06 00:00:00+05:30,18.5,19.9,18.15,18.5,453723
2021-04-07 00:00:00+05:30,18.9,19.5,17.75,17.95,164327
2021-04-08 00:00:00+05:30,18.55,18.55,17.8,17.85,108877
2021-04-09 00:00:00+05:30,17.7,18.3,17.7,17.9,102083
2021-04-12 00:00:00+05:30,17.9,17.9,16.6,16.65,98602
2021-04-13 00:00:00+05:30,17.05,17.25,16.55,16.95,41520
2021-04-15 00:00:00+05:30,17.3,17.75,16.6,17.2,86992
2021-04-16 00:00:00+05:30,17.6,17.6,17.0,17.0,63966
2021-04-19 00:00:00+05:30,16.8,17.25,16.1,16.7,59056
2021-04-20 00:00:00+05:30,16.7,17.2,16.25,16.35,71264
2021-04-22 00:00:00+05:30,16.25,16.7,15.9,16.4,78406
2021-04-23 00:00:00+05:30,16.7,17.2,16.25,16.75,72777
2021-04-26 00:00:00+05:30,17.3,17.35,16.65,16.8,45219
2021-04-27 00:00:00+05:30,16.8,17.7,16.7,17.1,171210
2021-04-28 00:00:00+05:30,17.5,17.5,16.85,17.0,107230
2021-04-29 00:00:00+05:30,17.0,17.3,16.65,16.95,32733
2021-04-30 00:00:00+05:30,17.25,17.25,16.5,16.8,56620
2021-05-03 00:00:00+05:30,16.55,17.95,16.5,17.6,261686
2021-05-04 00:00:00+05:30,18.05,18.4,17.0,17.15,256174
2021-05-05 00:00:00+05:30,17.5,17.9,16.7,16.85,122792
2021-05-06 00:00:00+05:30,17.0,17.2,16.1,16.95,123679
2021-05-07 00:00:00+05:30,17.35,17.35,16.55,16.7,102037
2021-05-10 00:00:00+05:30,16.9,17.15,16.55,16.7,111876
2021-05-11 00:00:00+05:30,16.7,19.25,16.55,17.55,796471
2021-05-12 00:00:00+05:30,17.95,19.45,17.75,18.8,1115416
2021-05-14 00:00:00+05:30,19.25,19.3,17.75,17.95,435367
2021-05-17 00:00:00+05:30,18.45,18.45,17.3,17.7,354956
2021-05-18 00:00:00+05:30,18.25,18.35,17.4,17.55,264337
2021-05-19 00:00:00+05:30,17.6,20.3,17.55,19.9,1071323
2021-05-20 00:00:00+05:30,20.7,21.4,19.5,19.65,962909
2021-05-21 00:00:00+05:30,19.7,20.35,19.6,19.75,391044
2021-05-24 00:00:00+05:30,20.25,20.9,20.1,20.55,578009
2021-05-25 00:00:00+05:30,20.75,22.15,20.15,21.9,1107170
2021-05-26 00:00:00+05:30,22.5,26.25,22.5,26.25,1676873
2021-05-27 00:00:00+05:30,27.2,27.9,24.6,24.95,1725336
2021-05-28 00:00:00+05:30,25.5,25.9,23.15,23.85,440785
2021-05-31 00:00:00+05:30,24.2,24.2,22.1,22.5,406221
2021-06-01 00:00:00+05:30,22.85,24.6,22.85,24.15,566038
2021-06-02 00:00:00+05:30,24.45,25.85,23.65,24.8,493905
2021-06-03 00:00:00+05:30,25.05,25.6,24.6,24.7,299587
2021-06-04 00:00:00+05:30,24.7,25.45,24.45,24.85,145261
2021-06-07 00:00:00+05:30,25.45,25.45,24.6,24.75,245856
2021-06-08 00:00:00+05:30,24.75,25.25,24.0,24.65,261360
2021-06-09 00:00:00+05:30,24.8,29.5,24.4,27.75,2917185
2021-06-10 00:00:00+05:30,28.1,29.9,27.8,28.85,1100251
2021-06-11 00:00:00+05:30,29.2,30.45,28.5,28.85,700380
2021-06-14 00:00:00+05:30,28.1,28.9,25.55,27.65,989642
2021-06-15 00:00:00+05:30,27.95,29.1,27.65,28.85,560576
2021-06-17 00:00:00+05:30,28.0,28.55,27.4,27.7,283618
2021-06-18 00:00:00+05:30,28.2,28.2,25.1,26.35,491583
2021-06-21 00:00:00+05:30,26.15,27.8,25.1,26.95,237169
2021-06-22 00:00:00+05:30,27.45,28.0,26.75,27.65,345529
2021-06-23 00:00:00+05:30,27.6,28.6,27.3,27.6,392706
2021-06-24 00:00:00+05:30,27.6,28.0,26.5,26.65,185928
2021-06-25 00:00:00+05:30,26.9,27.5,26.5,26.8,159656
2021-06-28 00:00:00+05:30,26.65,27.1,26.3,26.4,178460
2021-06-29 00:00:00+05:30,26.8,26.8,25.8,26.0,188155
2021-06-30 00:00:00+05:30,26.1,31.15,25.95,29.65,3078953
2021-07-01 00:00:00+05:30,29.9,31.0,28.15,28.45,1001925
2021-07-02 00:00:00+05:30,28.1,29.25,28.1,28.8,341142
2021-07-05 00:00:00+05:30,29.2,31.05,28.25,30.35,1081806
2021-07-06 00:00:00+05:30,30.0,32.7,30.0,30.7,1225298
2021-07-07 00:00:00+05:30,30.75,32.45,30.7,32.1,734667
2021-07-08 00:00:00+05:30,32.15,34.7,32.15,33.65,1543485
2021-07-09 00:00:00+05:30,33.55,33.9,32.25,32.6,504035
2021-07-12 00:00:00+05:30,32.75,34.6,32.2,32.4,497743
2021-07-13 00:00:00+05:30,32.45,35.35,31.25,34.25,1585772
2021-07-14 00:00:00+05:30,34.55,35.6,33.3,33.75,513528
2021-07-15 00:00:00+05:30,34.0,34.05,31.25,31.9,529443
2021-07-16 00:00:00+05:30,32.3,32.6,31.55,31.75,258049
2021-07-19 00:00:00+05:30,31.75,31.75,30.5,30.9,333102
2021-07-20 00:00:00+05:30,31.35,31.35,28.3,29.15,328461
2021-07-22 00:00:00+05:30,29.8,31.5,29.65,30.05,358974
2021-07-23 00:00:00+05:30,30.15,30.65,29.05,29.4,174485
2021-07-26 00:00:00+05:30,29.25,30.2,27.0,27.85,358213
2021-07-27 00:00:00+05:30,28.25,28.8,26.35,26.85,332420
2021-07-28 00:00:00+05:30,27.0,27.45,25.8,27.0,282006
2021-07-29 00:00:00+05:30,27.3,29.5,27.1,28.6,381192
2021-07-30 00:00:00+05:30,28.7,29.7,27.7,28.7,249121
2021-08-02 00:00:00+05:30,28.5,31.1,28.5,30.65,589406
2021-08-03 00:00:00+05:30,30.4,31.0,29.45,29.65,237830
2021-08-04 00:00:00+05:30,29.65,29.85,27.95,28.1,272746
2021-08-05 00:00:00+05:30,27.8,28.05,26.75,27.5,150803
2021-08-06 00:00:00+05:30,27.85,28.2,27.7,27.9,132690
2021-08-09 00:00:00+05:30,28.2,28.65,26.5,26.8,146404
2021-08-10 00:00:00+05:30,26.55,28.4,25.05,25.5,261625
2021-08-11 00:00:00+05:30,26.0,26.35,22.4,24.0,404857
2021-08-12 00:00:00+05:30,24.45,25.55,24.3,25.2,190005
2021-08-13 00:00:00+05:30,25.45,25.8,24.3,24.8,156592
2021-08-16 00:00:00+05:30,24.05,25.1,23.65,23.8,85501
2021-08-17 00:00:00+05:30,24.3,24.45,23.0,23.35,83623
2021-08-18 00:00:00+05:30,23.6,23.6,21.7,22.05,191304
2021-08-20 00:00:00+05:30,21.9,24.5,21.35,22.7,310899
2021-08-23 00:00:00+05:30,22.95,22.95,20.05,21.15,231862
2021-08-24 00:00:00+05:30,21.8,22.7,20.6,22.3,136702
2021-08-25 00:00:00+05:30,22.05,23.75,22.05,23.25,140249
2021-08-26 00:00:00+05:30,23.6,23.65,22.5,22.65,121554
2021-08-27 00:00:00+05:30,22.95,23.15,22.2,22.8,89201
2021-08-30 00:00:00+05:30,22.8,23.35,22.5,22.95,88116
2021-08-31 00:00:00+05:30,23.2,23.45,22.25,22.4,89604
2021-09-01 00:00:00+05:30,22.25,23.15,22.25,22.5,83095
2021-09-02 00:00:00+05:30,22.3,23.8,19.6,22.65,289605
2021-09-03 00:00:00+05:30,22.95,23.25,22.3,22.5,115058
2021-09-06 00:00:00+05:30,22.5,24.0,22.5,23.3,166099
2021-09-07 00:00:00+05:30,23.7,23.7,22.9,23.15,60667
2021-09-08 00:00:00+05:30,23.15,23.45,22.75,22.9,81684
2021-09-09 00:00:00+05:30,23.2,23.2,22.4,22.6,95124
2021-09-13 00:00:00+05:30,23.25,23.55,22.15,22.95,106603
2021-09-14 00:00:00+05:30,23.15,23.8,22.9,23.3,195383
2021-09-15 00:00:00+05:30,23.3,27.75,23.3,26.75,1455497
2021-09-16 00:00:00+05:30,26.9,27.0,25.4,25.8,411136
2021-09-17 00:00:00+05:30,26.35,26.65,22.3,23.8,712820
2021-09-20 00:00:00+05:30,24.0,25.45,23.15,23.85,237441
2021-09-21 00:00:00+05:30,24.05,24.8,23.25,23.85,102481
2021-09-22 00:00:00+05:30,24.45,24.45,23.6,23.7,134984
2021-09-23 00:00:00+05:30,23.85,24.55,23.85,24.3,165337
2021-09-24 00:00:00+05:30,24.75,25.5,23.5,24.05,591451
2021-09-27 00:00:00+05:30,24.05,24.25,23.25,23.3,234672
2021-09-28 00:00:00+05:30,23.55,23.8,22.85,23.25,145978
2021-09-29 00:00:00+05:30,23.15,23.7,22.85,23.0,118620
2021-09-30 00:00:00+05:30,23.5,23.5,22.8,22.95,167138
2021-10-01 00:00:00+05:30,22.95,23.25,22.75,23.0,98336
2021-10-04 00:00:00+05:30,23.4,23.4,22.9,23.05,155905
2021-10-05 00:00:00+05:30,23.2,23.8,23.0,23.2,265908
2021-10-06 00:00:00+05:30,23.65,23.85,22.9,23.0,168356
2021-10-07 00:00:00+05:30,23.05,23.55,23.05,23.15,147639
2021-10-08 00:00:00+05:30,23.45,23.55,23.05,23.3,146525
2021-10-11 00:00:00+05:30,23.55,25.1,23.3,23.9,384743
2021-10-12 00:00:00+05:30,24.0,24.2,23.5,23.65,126085
2021-10-13 00:00:00+05:30,23.75,24.1,23.05,23.25,224920
2021-10-14 00:00:00+05:30,23.5,24.85,23.25,24.15,680777
2021-10-18 00:00:00+05:30,24.4,24.6,23.0,23.15,477506
2021-10-19 00:00:00+05:30,23.4,23.4,22.5,22.65,275234
2021-10-20 00:00:00+05:30,22.8,22.95,21.8,22.3,149169
2021-10-21 00:00:00+05:30,22.3,22.45,21.5,21.6,263459
2021-10-22 00:00:00+05:30,21.8,22.15,20.7,21.05,220140
2021-10-25 00:00:00+05:30,21.3,21.75,20.15,20.5,170009
2021-10-26 00:00:00+05:30,20.5,21.3,20.5,21.0,84455
2021-10-27 00:00:00+05:30,20.85,21.45,20.45,20.8,149088
2021-10-28 00:00:00+05:30,20.8,20.9,20.05,20.1,141769
2021-10-29 00:00:00+05:30,20.5,20.5,19.5,19.95,177583
2021-11-01 00:00:00+05:30,20.45,20.65,19.85,19.95,152287
2021-11-02 00:00:00+05:30,20.05,21.6,20.05,21.2,320990
2021-11-03 00:00:00+05:30,21.45,24.4,21.2,23.35,1453526
2021-11-04 00:00:00+05:30,23.4,24.25,23.35,23.8,163493
2021-11-08 00:00:00+05:30,24.2,24.2,22.25,22.75,333638
2021-11-09 00:00:00+05:30,22.5,23.85,22.5,22.85,259619
2021-11-10 00:00:00+05:30,23.0,23.8,22.9,23.05,293593
2021-11-11 00:00:00+05:30,23.2,23.75,23.15,23.3,197486
2021-11-12 00:00:00+05:30,23.7,24.6,23.05,24.05,640278
2021-11-15 00:00:00+05:30,24.4,24.5,23.15,23.4,137803
2021-11-16 00:00:00+05:30,23.05,24.4,23.05,23.75,305252
2021-11-17 00:00:00+05:30,24.0,24.4,23.55,23.9,195223
2021-11-18 00:00:00+05:30,24.2,24.45,23.3,23.5,171345
2021-11-22 00:00:00+05:30,23.9,23.9,21.2,21.45,269524
2021-11-23 00:00:00+05:30,21.5,22.9,21.25,22.2,246190
2021-11-24 00:00:00+05:30,22.55,23.5,22.3,22.5,285730
2021-11-25 00:00:00+05:30,22.55,23.5,22.55,22.9,235622
2021-11-26 00:00:00+05:30,22.95,23.1,22.1,22.15,212490
2021-11-29 00:00:00+05:30,22.3,22.45,20.55,20.7,250591
2021-11-30 00:00:00+05:30,21.0,21.7,20.4,20.6,137599
2021-12-01 00:00:00+05:30,21.3,23.65,20.85,23.05,588586
2021-12-02 00:00:00+05:30,23.3,23.5,22.55,22.8,171393
2021-12-03 00:00:00+05:30,22.8,23.25,22.25,22.5,175929
2021-12-06 00:00:00+05:30,22.85,22.95,21.95,22.05,107456
2021-12-07 00:00:00+05:30,22.4,22.6,22.05,22.2,111174
2021-12-08 00:00:00+05:30,22.7,23.1,21.9,22.15,331821
2021-12-09 00:00:00+05:30,22.55,22.75,21.85,22.25,330022
2021-12-10 00:00:00+05:30,22.5,25.8,22.25,24.7,1576304
2021-12-13 00:00:00+05:30,25.1,26.2,24.1,25.6,889838
2021-12-14 00:00:00+05:30,25.3,25.75,24.4,24.6,402743
2021-12-15 00:00:00+05:30,24.8,25.8,24.0,24.9,691887
2021-12-16 00:00:00+05:30,25.1,25.1,23.6,23.8,316324
2021-12-17 00:00:00+05:30,23.8,23.85,21.7,22.1,546600
2021-12-20 00:00:00+05:30,21.6,21.9,20.6,20.9,482265
2021-12-21 00:00:00+05:30,21.55,23.0,21.3,21.75,846380
2021-12-22 00:00:00+05:30,22.3,22.5,21.9,22.05,190075
2021-12-23 00:00:00+05:30,22.1,22.65,21.85,21.95,273694
2021-12-24 00:00:00+05:30,22.3,25.2,21.65,24.8,2464634
2021-12-27 00:00:00+05:30,27.3,29.75,25.25,29.75,2744539
2021-12-28 00:00:00+05:30,32.45,32.7,31.75,32.7,850803
2021-12-29 00:00:00+05:30,35.8,35.95,31.3,35.9,5679584
2021-12-30 00:00:00+05:30,36.3,36.4,32.5,33.0,2023569
2021-12-31 00:00:00+05:30,33.8,34.65,30.45,32.1,1101445
2022-01-03 00:00:00+05:30,32.45,33.5,31.2,31.7,732161
2022-01-04 00:00:00+05:30,31.7,32.45,29.7,30.15,818235
2022-01-05 00:00:00+05:30,30.15,30.4,28.5,28.85,610713
2022-01-06 00:00:00+05:30,28.5,31.7,28.1,31.7,541354
2022-01-07 00:00:00+05:30,33.95,34.45,31.55,31.95,1028292
2022-01-10 00:00:00+05:30,32.35,33.0,30.75,31.55,545693
2022-01-11 00:00:00+05:30,32.2,32.5,30.7,31.0,345807
2022-01-12 00:00:00+05:30,31.65,31.9,30.1,30.55,341070
2022-01-13 00:00:00+05:30,30.3,31.4,30.3,30.55,212403
2022-01-14 00:00:00+05:30,31.0,31.0,30.05,30.25,181194
2022-01-17 00:00:00+05:30,30.5,32.45,29.9,31.7,615426
2022-01-18 00:00:00+05:30,31.55,31.95,30.1,30.25,355006
2022-01-19 00:00:00+05:30,30.0,30.6,29.3,29.45,170722
2022-01-20 00:00:00+05:30,29.5,31.0,29.5,30.45,261724
2022-01-21 00:00:00+05:30,30.45,30.55,29.15,29.45,304664
2022-01-24 00:00:00+05:30,29.65,29.7,26.8,27.5,421313
2022-01-25 00:00:00+05:30,26.75,28.45,26.2,27.9,243296
2022-01-27 00:00:00+05:30,26.75,29.35,26.75,28.55,268568
2022-01-28 00:00:00+05:30,28.45,29.7,28.45,28.65,218139
2022-01-31 00:00:00+05:30,29.15,29.15,27.9,28.15,200178
2022-02-01 00:00:00+05:30,28.15,28.9,27.45,27.85,191145
2022-02-02 00:00:00+05:30,28.4,29.0,28.2,28.45,175525
2022-02-03 00:00:00+05:30,28.85,29.85,28.45,28.6,206008
2022-02-04 00:00:00+05:30,28.85,29.2,28.6,28.9,120699
2022-02-07 00:00:00+05:30,29.5,29.75,28.1,28.3,217516
2022-02-08 00:00:00+05:30,28.3,28.65,27.7,27.85,142025
2022-02-09 00:00:00+05:30,28.15,28.35,27.3,27.85,199879
2022-02-10 00:00:00+05:30,27.5,28.2,27.5,27.7,114725
2022-02-11 00:00:00+05:30,27.25,28.7,26.7,27.1,227064
2022-02-14 00:00:00+05:30,24.8,26.75,23.8,24.0,444392
2022-02-15 00:00:00+05:30,24.4,24.75,22.05,23.95,400711
2022-02-16 00:00:00+05:30,24.4,25.7,24.4,24.9,360438
2022-02-17 00:00:00+05:30,25.4,25.5,24.15,24.35,185648
2022-02-18 00:00:00+05:30,24.45,24.85,23.85,23.95,154059
2022-02-21 00:00:00+05:30,23.85,24.0,22.0,22.1,367802
2022-02-22 00:00:00+05:30,21.05,21.9,20.3,21.05,296498
2022-02-23 00:00:00+05:30,21.75,22.9,21.6,22.4,530374
2022-02-24 00:00:00+05:30,21.4,21.75,20.05,20.15,373304
2022-02-25 00:00:00+05:30,20.95,21.75,20.4,21.05,540095
2022-02-28 00:00:00+05:30,21.05,21.4,20.25,21.1,274334
2022-03-02 00:00:00+05:30,20.6,21.85,20.6,21.55,207717
2022-03-03 00:00:00+05:30,21.95,22.4,21.65,22.05,230919
2022-03-04 00:00:00+05:30,22.0,22.6,21.25,22.05,207598
2022-03-07 00:00:00+05:30,21.55,23.2,21.0,21.8,257023
2022-03-08 00:00:00+05:30,22.15,22.5,21.55,22.2,174470
2022-03-09 00:00:00+05:30,22.4,23.0,22.2,22.85,188124
2022-03-10 00:00:00+05:30,23.35,23.85,22.7,23.05,233252
2022-03-11 00:00:00+05:30,23.25,24.3,22.85,23.8,318077
2022-03-14 00:00:00+05:30,23.9,24.25,23.05,23.2,191758
2022-03-15 00:00:00+05:30,23.4,23.8,22.35,22.65,201827
2022-03-16 00:00:00+05:30,22.95,23.15,22.1,22.55,178164
2022-03-17 00:00:00+05:30,22.85,23.45,22.6,23.0,190274
2022-03-21 00:00:00+05:30,23.35,23.8,22.75,22.85,205970
2022-03-22 00:00:00+05:30,23.0,24.4,22.7,24.05,501711
2022-03-23 00:00:00+05:30,24.0,24.7,23.5,23.7,258378
2022-03-24 00:00:00+05:30,23.5,24.1,23.15,23.35,210608
2022-03-25 00:00:00+05:30,23.2,23.8,22.85,23.05,170858
2022-03-28 00:00:00+05:30,23.0,23.1,22.15,22.25,213235
2022-03-29 00:00:00+05:30,22.3,23.4,22.1,22.4,550907
2022-03-30 00:00:00+05:30,22.85,23.25,22.5,22.75,217734
2022-03-31 00:00:00+05:30,22.8,24.3,22.75,22.95,338214
2022-04-01 00:00:00+05:30,23.2,24.2,23.15,24.0,306110
2022-04-04 00:00:00+05:30,24.5,25.3,24.1,24.9,379892
2022-04-05 00:00:00+05:30,25.25,29.1,25.15,27.25,1394827
2022-04-06 00:00:00+05:30,27.0,28.4,26.95,27.55,568185
2022-04-07 00:00:00+05:30,27.7,28.0,26.3,26.45,372315
2022-04-08 00:00:00+05:30,26.9,27.8,26.35,27.1,310069
2022-04-11 00:00:00+05:30,27.3,27.45,26.5,26.7,180823
2022-04-12 00:00:00+05:30,26.7,26.75,25.65,25.9,210678
2022-04-13 00:00:00+05:30,26.4,26.95,26.15,26.5,337634
2022-04-18 00:00:00+05:30,26.0,26.8,25.3,26.15,350234
2022-04-19 00:00:00+05:30,26.1,26.9,24.7,25.4,316174
2022-04-20 00:00:00+05:30,25.85,25.85,25.0,25.15,185328
2022-04-21 00:00:00+05:30,25.3,28.65,25.3,28.35,1190943
2022-04-22 00:00:00+05:30,27.5,29.2,27.3,27.7,778862
2022-04-25 00:00:00+05:30,27.5,27.8,26.5,27.05,267610
2022-04-26 00:00:00+05:30,27.2,27.85,26.4,26.5,179551
2022-04-27 00:00:00+05:30,26.7,28.9,26.1,28.2,986709
2022-04-28 00:00:00+05:30,28.5,29.3,26.8,27.15,525736
2022-04-29 00:00:00+05:30,27.4,27.5,26.25,26.55,258597
2022-05-02 00:00:00+05:30,25.65,26.3,25.65,26.1,154580
2022-05-04 00:00:00+05:30,25.75,26.35,25.15,25.25,119455
2022-05-05 00:00:00+05:30,25.6,25.75,24.65,24.8,162462
2022-05-06 00:00:00+05:30,24.35,24.75,23.75,24.3,243822
2022-05-09 00:00:00+05:30,23.85,24.6,23.45,24.15,243580
2022-05-10 00:00:00+05:30,24.35,25.85,23.55,24.35,308494
2022-05-11 00:00:00+05:30,24.7,24.7,22.35,22.85,275485
2022-05-12 00:00:00+05:30,22.4,22.95,21.8,22.0,178311
2022-05-13 00:00:00+05:30,22.35,23.35,22.35,22.5,170931
2022-05-16 00:00:00+05:30,23.0,23.9,22.5,23.1,122968
2022-05-17 00:00:00+05:30,23.45,23.9,23.05,23.75,138057
2022-05-18 00:00:00+05:30,24.1,24.9,23.9,24.6,174305
2022-05-19 00:00:00+05:30,24.0,25.3,23.7,24.15,401918
2022-05-20 00:00:00+05:30,24.65,25.2,24.4,24.55,150914
2022-05-23 00:00:00+05:30,24.8,24.8,23.65,23.85,144463
2022-05-24 00:00:00+05:30,24.2,24.4,23.25,23.5,152047
2022-05-25 00:00:00+05:30,23.9,23.9,21.75,22.5,163859
2022-05-26 00:00:00+05:30,22.5,23.25,21.9,22.9,165625
2022-05-27 00:00:00+05:30,22.8,23.45,22.8,23.05,72940
2022-05-30 00:00:00+05:30,23.45,23.75,23.1,23.3,116503
2022-05-31 00:00:00+05:30,23.0,24.2,23.0,23.45,124372
2022-06-01 00:00:00+05:30,23.8,24.15,23.0,23.3,113655
2022-06-02 00:00:00+05:30,23.3,23.85,23.1,23.45,102775
2022-06-03 00:00:00+05:30,23.7,24.2,23.25,23.35,118676
2022-06-06 00:00:00+05:30,23.4,23.6,22.85,23.35,104490
2022-06-07 00:00:00+05:30,22.9,23.65,22.85,23.4,94724
2022-06-08 00:00:00+05:30,23.8,23.85,23.15,23.6,61865
2022-06-09 00:00:00+05:30,23.65,26.95,23.55,26.3,864310
2022-06-10 00:00:00+05:30,25.8,26.0,25.05,25.15,348794
2022-06-13 00:00:00+05:30,24.8,24.95,23.35,23.6,303717
2022-06-14 00:00:00+05:30,23.15,24.3,23.15,23.35,116351
2022-06-15 00:00:00+05:30,23.75,23.75,23.25,23.35,52721
2022-06-16 00:00:00+05:30,23.6,23.9,21.85,22.1,176535
2022-06-17 00:00:00+05:30,22.1,22.7,21.55,21.95,121944
2022-06-20 00:00:00+05:30,22.35,22.7,20.4,21.15,261344
2022-06-21 00:00:00+05:30,21.05,23.8,21.05,23.65,267055
2022-06-22 00:00:00+05:30,23.5,23.7,23.2,23.25,77665
2022-06-23 00:00:00+05:30,23.85,23.85,23.0,23.15,95855
2022-06-24 00:00:00+05:30,23.35,24.3,23.35,23.55,52576
2022-06-27 00:00:00+05:30,23.9,24.3,23.65,23.85,138946
2022-06-28 00:00:00+05:30,23.85,24.0,23.5,23.55,75669
2022-06-29 00:00:00+05:30,23.85,25.25,23.6,24.35,255326
2022-06-30 00:00:00+05:30,24.4,24.75,23.85,24.0,71401
2022-07-01 00:00:00+05:30,24.25,24.4,23.3,23.5,57144
2022-07-04 00:00:00+05:30,23.95,24.6,23.5,23.65,137578
2022-07-05 00:00:00+05:30,24.0,24.35,23.6,23.65,130923
2022-07-06 00:00:00+05:30,23.25,25.3,23.25,24.9,393758
2022-07-07 00:00:00+05:30,25.3,27.25,25.25,25.5,484195
2022-07-08 00:00:00+05:30,25.7,25.7,24.7,25.05,210237
2022-07-11 00:00:00+05:30,25.0,26.75,25.0,26.35,419530
2022-07-12 00:00:00+05:30,27.1,27.75,26.5,27.0,516142
2022-07-13 00:00:00+05:30,27.05,29.2,26.6,28.45,1146310
2022-07-14 00:00:00+05:30,29.0,29.6,28.05,28.3,527899
2022-07-15 00:00:00+05:30,27.2,27.45,26.35,26.45,349096
2022-07-18 00:00:00+05:30,26.75,26.75,25.65,25.9,200222
2022-07-19 00:00:00+05:30,25.3,27.35,25.3,26.8,297864
2022-07-20 00:00:00+05:30,27.05,27.45,26.1,26.6,195994
2022-07-21 00:00:00+05:30,26.8,26.8,25.9,26.05,223241
2022-07-22 00:00:00+05:30,26.2,27.4,26.15,26.5,332642
2022-07-25 00:00:00+05:30,26.65,27.0,25.85,26.55,201133
2022-07-26 00:00:00+05:30,26.55,26.9,25.8,26.4,268438
2022-07-27 00:00:00+05:30,26.25,26.8,26.2,26.55,145414
2022-07-28 00:00:00+05:30,26.9,26.95,26.05,26.25,152933
2022-07-29 00:00:00+05:30,26.7,26.8,26.35,26.5,138167
2022-08-01 00:00:00+05:30,26.5,27.9,26.4,27.0,383821
2022-08-02 00:00:00+05:30,27.5,27.6,26.55,26.75,153036
2022-08-03 00:00:00+05:30,26.75,27.25,26.0,26.1,188567
2022-08-04 00:00:00+05:30,26.15,26.5,25.4,25.7,252481
2022-08-05 00:00:00+05:30,25.9,26.15,25.45,25.6,140896
2022-08-08 00:00:00+05:30,25.65,26.5,25.65,26.25,238394
2022-08-10 00:00:00+05:30,26.05,26.7,25.75,26.1,145864
2022-08-11 00:00:00+05:30,26.5,26.5,25.45,25.65,171455
2022-08-12 00:00:00+05:30,25.6,26.4,25.6,25.85,163194
2022-08-16 00:00:00+05:30,25.35,25.85,25.0,25.2,218758
2022-08-17 00:00:00+05:30,25.35,26.9,25.35,26.05,376446
2022-08-18 00:00:00+05:30,26.4,26.6,25.55,26.15,195613
2022-08-19 00:00:00+05:30,26.55,26.55,25.85,26.1,168110
2022-08-22 00:00:00+05:30,26.4,26.55,25.75,25.85,141723
2022-08-23 00:00:00+05:30,25.8,26.2,25.6,25.7,87272
2022-08-24 00:00:00+05:30,25.35,26.15,25.35,25.7,152514
2022-08-25 00:00:00+05:30,25.9,26.6,25.5,25.65,223839
2022-08-26 00:00:00+05:30,25.8,26.3,25.65,25.85,134209
2022-08-29 00:00:00+05:30,25.15,25.85,25.15,25.55,130117
2022-08-30 00:00:00+05:30,25.75,26.4,25.75,25.95,271969
2022-09-01 00:00:00+05:30,26.2,28.2,25.65,27.55,1051664
2022-09-02 00:00:00+05:30,27.75,28.25,27.4,27.55,371842
2022-09-05 00:00:00+05:30,27.55,28.35,27.55,27.8,356407
2022-09-06 00:00:00+05:30,28.2,28.2,27.45,27.65,199721
2022-09-07 00:00:00+05:30,27.7,29.65,27.7,28.95,1064283
2022-09-08 00:00:00+05:30,29.3,29.6,28.5,28.6,396164
2022-09-09 00:00:00+05:30,28.6,32.1,28.6,31.05,2002155
2022-09-12 00:00:00+05:30,31.85,33.5,31.3,32.2,1508296
2022-09-13 00:00:00+05:30,32.5,33.4,31.25,31.4,733914
2022-09-14 00:00:00+05:30,31.0,31.45,30.25,30.45,436146
2022-09-15 00:00:00+05:30,30.75,31.05,29.35,29.55,454607
2022-09-16 00:00:00+05:30,31.0,31.2,28.6,28.75,375948
2022-09-19 00:00:00+05:30,28.65,29.6,28.05,28.25,249804
2022-09-20 00:00:00+05:30,28.7,29.0,28.25,28.35,156790
2022-09-21 00:00:00+05:30,28.5,28.9,27.55,27.65,209001
2022-09-22 00:00:00+05:30,27.95,28.4,27.5,27.75,158420
2022-09-23 00:00:00+05:30,28.0,28.0,26.4,26.65,272049
2022-09-26 00:00:00+05:30,26.25,26.4,25.5,25.75,142030
2022-09-27 00:00:00+05:30,25.85,26.3,25.65,25.75,105534
2022-09-28 00:00:00+05:30,25.9,26.4,25.3,25.7,102396
2022-09-29 00:00:00+05:30,25.95,26.35,25.0,25.95,189678
2022-09-30 00:00:00+05:30,26.3,26.75,25.8,26.15,205659
2022-10-03 00:00:00+05:30,26.55,26.55,25.6,25.8,83339
2022-10-04 00:00:00+05:30,26.25,26.35,25.8,25.9,110643
2022-10-06 00:00:00+05:30,25.9,26.7,25.9,26.15,190763
2022-10-07 00:00:00+05:30,26.45,27.65,26.25,27.45,303158
2022-10-10 00:00:00+05:30,27.5,27.5,26.65,26.8,204872
2022-10-11 00:00:00+05:30,26.9,27.15,25.8,26.05,129908
2022-10-12 00:00:00+05:30,26.35,26.4,25.55,25.75,139301
2022-10-13 00:00:00+05:30,25.75,25.8,25.3,25.5,102968
2022-10-14 00:00:00+05:30,25.9,26.1,25.1,25.35,132700
2022-10-17 00:00:00+05:30,25.05,25.3,24.75,25.05,175561
2022-10-18 00:00:00+05:30,25.4,25.7,25.25,25.3,92898
2022-10-19 00:00:00+05:30,25.4,26.75,25.35,26.25,154466
2022-10-20 00:00:00+05:30,26.45,26.55,25.8,26.15,122763
2022-10-21 00:00:00+05:30,26.6,26.9,26.1,26.2,196365
2022-10-24 00:00:00+05:30,26.2,26.65,26.2,26.4,20536
2022-10-25 00:00:00+05:30,26.65,26.65,26.1,26.2,80818
2022-10-27 00:00:00+05:30,26.3,26.9,26.25,26.3,68670
2022-10-28 00:00:00+05:30,26.5,26.8,26.2,26.3,101720
2022-10-31 00:00:00+05:30,26.55,26.75,26.15,26.25,83532
2022-11-01 00:00:00+05:30,26.35,26.6,25.8,26.0,128919
2022-11-02 00:00:00+05:30,26.2,26.8,26.05,26.15,103231
2022-11-03 00:00:00+05:30,26.15,26.65,26.05,26.4,145068
2022-11-04 00:00:00+05:30,26.6,27.8,26.25,26.4,317679
2022-11-07 00:00:00+05:30,26.7,27.2,26.1,26.25,138813
2022-11-09 00:00:00+05:30,26.3,27.05,26.3,26.45,138093
2022-11-10 00:00:00+05:30,26.8,26.8,25.95,26.05,100853
2022-11-11 00:00:00+05:30,26.55,26.6,25.9,26.1,110701
2022-11-14 00:00:00+05:30,26.2,26.55,25.9,26.25,128962
2022-11-15 00:00:00+05:30,26.35,26.6,25.95,26.05,154004
2022-11-16 00:00:00+05:30,26.25,26.6,26.1,26.3,124757
2022-11-17 00:00:00+05:30,26.3,26.8,26.2,26.55,232507
2022-11-18 00:00:00+05:30,26.8,28.9,26.75,28.55,793841
2022-11-21 00:00:00+05:30,29.6,29.6,27.75,28.15,432387
2022-11-22 00:00:00+05:30,28.3,28.8,27.8,28.1,360022
2022-11-23 00:00:00+05:30,28.3,29.4,27.95,28.5,430326
2022-11-24 00:00:00+05:30,28.9,28.9,27.8,28.2,240702
2022-11-25 00:00:00+05:30,28.4,28.7,28.0,28.45,227081
2022-11-28 00:00:00+05:30,28.45,33.5,28.4,30.1,685066
2022-11-29 00:00:00+05:30,30.1,31.75,29.6,30.9,483515
2022-11-30 00:00:00+05:30,31.35,31.35,29.8,30.1,274934
2022-12-01 00:00:00+05:30,30.3,30.8,28.9,29.0,254675
2022-12-02 00:00:00+05:30,29.3,30.0,28.5,29.35,340992
2022-12-05 00:00:00+05:30,29.65,29.8,29.3,29.4,171295
2022-12-06 00:00:00+05:30,29.7,29.75,29.0,29.15,227641
2022-12-07 00:00:00+05:30,29.25,30.6,29.15,29.55,598835
2022-12-08 00:00:00+05:30,29.95,30.6,29.15,29.95,585762
2022-12-09 00:00:00+05:30,30.1,30.35,28.55,29.05,288399
2022-12-12 00:00:00+05:30,29.0,29.3,28.15,28.35,333246
2022-12-13 00:00:00+05:30,28.5,28.6,28.05,28.15,283200
2022-12-14 00:00:00+05:30,28.35,28.35,27.65,27.75,319240
2022-12-15 00:00:00+05:30,27.85,29.8,27.7,28.6,1509976
2022-12-16 00:00:00+05:30,28.55,29.65,27.85,28.15,895378
2022-12-19 00:00:00+05:30,28.4,29.25,27.8,28.45,767515
2022-12-20 00:00:00+05:30,28.6,29.1,27.85,28.4,699615
2022-12-21 00:00:00+05:30,28.6,28.65,26.3,26.65,431573
2022-12-22 00:00:00+05:30,26.75,27.0,24.65,24.95,602425
2022-12-23 00:00:00+05:30,25.0,25.25,23.6,23.8,355419
2022-12-26 00:00:00+05:30,24.15,25.4,24.15,25.1,271348
2022-12-27 00:00:00+05:30,25.4,25.8,24.9,25.5,274515
2022-12-28 00:00:00+05:30,25.35,27.3,25.35,26.75,648245
2022-12-29 00:00:00+05:30,26.8,27.65,26.2,26.85,1051563
2022-12-30 00:00:00+05:30,26.7,27.3,26.4,26.55,449039
2023-01-02 00:00:00+05:30,27.0,27.05,26.7,26.85,251426
2023-01-03 00:00:00+05:30,26.85,27.15,25.95,26.2,291155
2023-01-04 00:00:00+05:30,26.45,26.95,25.75,25.95,312695
2023-01-05 00:00:00+05:30,25.95,26.3,25.4,25.5,178766
2023-01-06 00:00:00+05:30,25.75,25.75,25.05,25.15,164882
2023-01-09 00:00:00+05:30,25.4,25.5,24.85,24.95,157051
2023-01-10 00:00:00+05:30,25.05,25.05,24.5,24.65,122082
2023-01-11 00:00:00+05:30,24.85,25.05,24.6,24.7,144347
2023-01-12 00:00:00+05:30,24.6,25.25,24.2,24.45,196413
2023-01-13 00:00:00+05:30,24.6,25.15,24.35,24.8,114489
2023-01-16 00:00:00+05:30,25.15,25.15,24.45,24.55,123041
2023-01-17 00:00:00+05:30,24.75,24.8,24.3,24.6,155523
2023-01-18 00:00:00+05:30,24.9,25.0,24.5,24.7,100028
2023-01-19 00:00:00+05:30,24.95,25.1,24.5,24.95,209617
2023-01-20 00:00:00+05:30,24.95,25.1,24.6,24.85,90284
2023-01-23 00:00:00+05:30,25.1,27.6,24.6,25.75,537191
2023-01-24 00:00:00+05:30,25.95,28.8,25.8,27.5,1071484
2023-01-25 00:00:00+05:30,27.7,27.75,25.75,26.15,319812
2023-01-27 00:00:00+05:30,26.75,26.75,25.35,25.55,454420
2023-01-30 00:00:00+05:30,26.0,26.45,25.1,25.5,295627
2023-01-31 00:00:00+05:30,25.8,26.5,25.45,26.05,314638
2023-02-01 00:00:00+05:30,26.45,26.5,24.8,25.3,373947
2023-02-02 00:00:00+05:30,25.05,26.25,25.05,25.85,300691
2023-02-03 00:00:00+05:30,26.0,26.0,25.0,25.55,198508
2023-02-06 00:00:00+05:30,25.4,26.0,25.1,25.8,269506
2023-02-07 00:00:00+05:30,25.95,26.0,25.45,25.8,229493
2023-02-08 00:00:00+05:30,26.1,26.1,25.5,25.65,148041
2023-02-09 00:00:00+05:30,25.5,26.05,25.4,25.85,252902
2023-02-10 00:00:00+05:30,25.85,26.35,25.65,25.95,185641
2023-02-13 00:00:00+05:30,25.9,25.9,25.35,25.65,182702
2023-02-14 00:00:00+05:30,25.95,25.95,24.9,25.05,105772
2023-02-15 00:00:00+05:30,25.15,25.35,24.6,24.75,110989
2023-02-16 00:00:00+05:30,24.75,25.1,24.05,24.25,136010
2023-02-17 00:00:00+05:30,24.35,24.55,24.15,24.25,56027
2023-02-20 00:00:00+05:30,24.25,24.9,24.1,24.3,163549
2023-02-21 00:00:00+05:30,24.45,24.5,23.15,23.35,219555
2023-02-22 00:00:00+05:30,23.45,23.7,20.65,22.1,614500
2023-02-23 00:00:00+05:30,22.35,22.35,21.25,21.5,298725
2023-02-24 00:00:00+05:30,21.85,21.85,20.5,20.6,450246
2023-02-27 00:00:00+05:30,20.65,20.9,19.7,19.75,379963
2023-02-28 00:00:00+05:30,19.7,20.0,19.15,19.25,287059
2023-03-01 00:00:00+05:30,19.5,20.0,19.3,19.65,223576
2023-03-02 00:00:00+05:30,19.7,20.0,19.15,19.2,395148
2023-03-03 00:00:00+05:30,19.55,19.9,19.45,19.6,197913
2023-03-06 00:00:00+05:30,19.8,20.5,19.6,19.8,439431
2023-03-08 00:00:00+05:30,19.9,20.35,19.55,20.15,191351
2023-03-09 00:00:00+05:30,20.35,20.45,19.5,19.65,266369
2023-03-10 00:00:00+05:30,19.9,19.95,19.4,19.6,218688
2023-03-13 00:00:00+05:30,19.8,19.9,18.6,18.75,427601
2023-03-14 00:00:00+05:30,19.0,19.85,17.9,18.1,425331
2023-03-15 00:00:00+05:30,18.4,18.6,17.35,17.55,202934
2023-03-16 00:00:00+05:30,17.6,17.75,16.9,17.05,286949
2023-03-17 00:00:00+05:30,17.25,18.8,17.2,17.5,753813
2023-03-20 00:00:00+05:30,17.6,17.6,16.9,17.3,434731
2023-03-21 00:00:00+05:30,17.25,17.6,17.0,17.1,488817
2023-03-22 00:00:00+05:30,17.3,17.6,16.8,17.3,714065
2023-03-23 00:00:00+05:30,17.3,18.9,17.15,18.05,880445
2023-03-24 00:00:00+05:30,18.05,19.35,17.9,18.25,576181
2023-03-27 00:00:00+05:30,18.55,18.85,17.15,18.3,519961
2023-03-28 00:00:00+05:30,18.2,18.8,17.85,18.2,208073
2023-03-29 00:00:00+05:30,18.45,19.85,18.1,19.65,868762
2023-03-31 00:00:00+05:30,19.65,21.25,19.3,20.1,603235
2023-04-03 00:00:00+05:30,20.35,20.8,20.1,20.35,199824
2023-04-05 00:00:00+05:30,20.45,21.2,20.25,21.0,342390
2023-04-06 00:00:00+05:30,21.2,21.4,20.5,21.05,160032
2023-04-10 00:00:00+05:30,21.35,21.4,20.8,21.05,112202
2023-04-11 00:00:00+05:30,21.3,21.8,20.85,21.25,200220
2023-04-12 00:00:00+05:30,21.45,22.15,21.3,21.45,338009
2023-04-13 00:00:00+05:30,21.4,21.7,21.0,21.35,129407
2023-04-17 00:00:00+05:30,21.45,21.45,20.9,21.1,34946
2023-04-18 00:00:00+05:30,21.15,21.65,20.8,20.95,99776
2023-04-19 00:00:00+05:30,20.95,21.25,20.2,20.8,78122
2023-04-20 00:00:00+05:30,21.0,21.35,20.6,20.85,79347
2023-04-21 00:00:00+05:30,20.95,21.7,20.65,21.35,284892
2023-04-24 00:00:00+05:30,21.35,21.7,20.55,21.4,113894
2023-04-25 00:00:00+05:30,21.5,22.15,21.1,21.95,234943
2023-04-26 00:00:00+05:30,22.25,22.3,21.5,21.6,146381
2023-04-27 00:00:00+05:30,21.8,22.2,21.4,21.85,106435
2023-04-28 00:00:00+05:30,22.2,22.2,21.7,21.9,260725
2023-05-02 00:00:00+05:30,22.2,22.3,21.75,21.8,114450
2023-05-03 00:00:00+05:30,21.95,22.55,21.75,22.25,156360
2023-05-04 00:00:00+05:30,22.25,22.9,22.15,22.6,169180
2023-05-05 00:00:00+05:30,23.0,23.0,22.2,22.3,82154
2023-05-08 00:00:00+05:30,22.65,22.65,22.05,22.1,224453
2023-05-09 00:00:00+05:30,22.4,22.4,21.35,21.8,66898
2023-05-10 00:00:00+05:30,22.1,22.1,21.25,21.75,93000
2023-05-11 00:00:00+05:30,21.85,22.0,21.75,21.85,39799
2023-05-12 00:00:00+05:30,21.9,23.2,21.55,22.5,227110
2023-05-15 00:00:00+05:30,22.55,22.95,22.4,22.6,261184
2023-05-16 00:00:00+05:30,22.75,23.25,22.7,22.95,156380
2023-05-17 00:00:00+05:30,23.0,23.6,22.75,22.95,176193
2023-05-18 00:00:00+05:30,23.0,23.2,22.55,22.65,60128
2023-05-19 00:00:00+05:30,22.9,23.0,22.25,22.5,86763
2023-05-22 00:00:00+05:30,22.6,22.8,21.8,22.25,117703
2023-05-23 00:00:00+05:30,22.1,22.65,22.1,22.25,51941
2023-05-24 00:00:00+05:30,22.05,22.45,22.05,22.2,44174
2023-05-25 00:00:00+05:30,22.5,22.75,22.0,22.2,76983
2023-05-26 00:00:00+05:30,22.4,22.4,21.45,21.6,137628
2023-05-29 00:00:00+05:30,21.8,21.8,20.15,21.45,163431
2023-05-30 00:00:00+05:30,21.65,21.85,21.3,21.65,75120
2023-05-31 00:00:00+05:30,21.85,21.85,20.85,21.15,132309
2023-06-01 00:00:00+05:30,21.05,21.55,21.05,21.25,40296
2023-06-02 00:00:00+05:30,21.35,21.75,21.3,21.45,54798
2023-06-05 00:00:00+05:30,21.75,22.0,21.3,21.55,112992
2023-06-06 00:00:00+05:30,21.55,21.7,21.1,21.5,62773
2023-06-07 00:00:00+05:30,21.7,21.9,21.55,21.75,159908
2023-06-08 00:00:00+05:30,21.9,22.6,21.75,21.95,327144
2023-06-09 00:00:00+05:30,22.25,22.35,21.85,22.0,73645
2023-06-12 00:00:00+05:30,22.0,22.4,21.8,22.1,134123
2023-06-13 00:00:00+05:30,22.1,22.4,21.95,22.0,84624
2023-06-14 00:00:00+05:30,22.25,22.35,21.65,21.85,266439
2023-06-15 00:00:00+05:30,21.9,22.2,21.6,21.75,124330
2023-06-16 00:00:00+05:30,21.95,22.25,21.8,22.1,144170
2023-06-19 00:00:00+05:30,22.1,22.25,21.9,22.0,62393
2023-06-20 00:00:00+05:30,22.2,22.3,21.95,21.95,69589
2023-06-21 00:00:00+05:30,21.95,22.3,21.6,21.6,141030
2023-06-22 00:00:00+05:30,22.0,22.0,21.6,21.6,65281
2023-06-23 00:00:00+05:30,21.65,21.7,21.3,21.35,62847
2023-06-26 00:00:00+05:30,21.4,22.8,21.35,22.0,148326
2023-06-27 00:00:00+05:30,22.2,22.45,21.65,21.75,59005
2023-06-28 00:00:00+05:30,22.25,22.25,21.5,21.85,139660
2023-06-30 00:00:00+05:30,21.8,22.1,21.55,21.95,128381
2023-07-03 00:00:00+05:30,21.95,22.6,21.85,22.3,199146
2023-07-04 00:00:00+05:30,22.25,23.2,22.0,22.8,279464
2023-07-05 00:00:00+05:30,23.0,23.45,22.6,23.35,202963
2023-07-06 00:00:00+05:30,23.5,24.3,23.1,24.05,408452
2023-07-07 00:00:00+05:30,24.4,24.55,23.5,24.0,192838
2023-07-10 00:00:00+05:30,24.3,24.45,23.75,23.9,92191
2023-07-11 00:00:00+05:30,24.35,24.35,23.65,23.9,159661
2023-07-12 00:00:00+05:30,24.25,24.25,23.35,23.55,105778
2023-07-13 00:00:00+05:30,23.7,24.1,23.25,23.65,118406
2023-07-14 00:00:00+05:30,23.7,23.8,23.2,23.25,103316
2023-07-17 00:00:00+05:30,23.45,23.85,23.2,23.2,100843
2023-07-18 00:00:00+05:30,23.3,23.5,22.85,23.2,126703
2023-07-19 00:00:00+05:30,23.2,23.5,22.9,22.95,136655
2023-07-20 00:00:00+05:30,23.25,23.35,22.85,23.0,179079
2023-07-21 00:00:00+05:30,23.4,23.4,22.75,22.8,54591
2023-07-24 00:00:00+05:30,23.25,23.25,22.7,22.85,96161
2023-07-25 00:00:00+05:30,23.4,23.5,22.85,23.0,128503
2023-07-26 00:00:00+05:30,23.3,23.3,22.6,22.9,233857
2023-07-27 00:00:00+05:30,23.3,23.4,22.9,23.2,206155
2023-07-28 00:00:00+05:30,23.4,24.3,22.95,23.55,275102
2023-07-31 00:00:00+05:30,23.95,23.95,23.45,23.75,110298
2023-08-01 00:00:00+05:30,23.65,24.25,23.65,23.8,134541
2023-08-02 00:00:00+05:30,23.85,24.1,22.85,22.95,146729
2023-08-03 00:00:00+05:30,23.4,23.45,22.8,23.0,106411
2023-08-04 00:00:00+05:30,23.15,23.5,22.75,23.1,210040
2023-08-07 00:00:00+05:30,23.45,23.5,22.9,22.95,111204
2023-08-08 00:00:00+05:30,23.0,23.3,22.75,22.85,280391
2023-08-09 00:00:00+05:30,23.05,23.2,22.8,23.0,101421
2023-08-10 00:00:00+05:30,22.6,24.3,22.6,23.9,385606
2023-08-11 00:00:00+05:30,24.2,25.95,23.7,24.8,882169
2023-08-14 00:00:00+05:30,24.95,25.35,24.25,25.1,287366
2023-08-16 00:00:00+05:30,25.1,25.7,24.8,25.5,233856
2023-08-17 00:00:00+05:30,25.5,28.2,25.0,26.25,1215458
2023-08-18 00:00:00+05:30,26.8,28.8,26.6,28.55,1970120
2023-08-21 00:00:00+05:30,29.1,30.15,28.7,29.75,1140811
2023-08-22 00:00:00+05:30,29.9,29.95,27.4,27.6,806181
2023-08-23 00:00:00+05:30,27.75,28.2,26.85,27.4,943466
2023-08-24 00:00:00+05:30,27.65,28.75,27.05,27.95,1633949
2023-08-25 00:00:00+05:30,27.6,27.95,26.4,26.8,537449
2023-08-28 00:00:00+05:30,27.6,27.65,26.3,26.55,468876
2023-08-29 00:00:00+05:30,26.8,26.8,25.9,26.0,306020
2023-08-30 00:00:00+05:30,26.25,26.65,25.8,26.2,695040
2023-08-31 00:00:00+05:30,26.8,27.3,26.0,26.6,691400
2023-09-01 00:00:00+05:30,26.2,27.45,26.2,26.8,268891
2023-09-04 00:00:00+05:30,26.95,27.25,25.6,25.8,713861
2023-09-05 00:00:00+05:30,26.0,26.4,23.7,24.05,1204939
2023-09-06 00:00:00+05:30,24.4,24.9,23.35,23.55,1286024
2023-09-07 00:00:00+05:30,23.65,24.3,23.1,23.95,1933186
2023-09-08 00:00:00+05:30,24.3,25.2,24.15,24.8,1915051
2023-09-11 00:00:00+05:30,25.2,25.2,24.5,24.7,495728
2023-09-12 00:00:00+05:30,24.9,24.9,23.35,23.65,563220
2023-09-13 00:00:00+05:30,23.75,24.15,23.2,23.7,517229
2023-09-14 00:00:00+05:30,24.0,24.6,23.9,24.35,251769
2023-09-15 00:00:00+05:30,24.55,25.2,24.45,24.75,695765
2023-09-18 00:00:00+05:30,24.85,25.3,24.25,24.6,465432
2023-09-20 00:00:00+05:30,24.5,25.2,24.15,24.4,288108
2023-09-21 00:00:00+05:30,24.6,24.8,23.9,24.05,206321
2023-09-22 00:00:00+05:30,24.2,25.15,23.85,24.55,552038
2023-09-25 00:00:00+05:30,24.75,26.7,24.75,26.25,1653923
2023-09-26 00:00:00+05:30,26.4,26.45,25.5,25.65,352483
2023-09-27 00:00:00+05:30,25.75,25.85,25.2,25.25,234500
2023-09-28 00:00:00+05:30,25.7,25.75,24.9,25.05,267196
2023-09-29 00:00:00+05:30,25.1,25.4,24.6,24.8,321913
2023-10-03 00:00:00+05:30,24.7,25.3,24.6,24.6,305269
2023-10-04 00:00:00+05:30,24.55,25.0,24.4,24.65,226315
2023-10-05 00:00:00+05:30,24.55,27.55,24.55,27.3,2316939
2023-10-06 00:00:00+05:30,27.75,27.95,26.85,27.2,954347
2023-10-09 00:00:00+05:30,26.5,28.85,26.25,27.15,1278162
2023-10-10 00:00:00+05:30,27.15,27.9,26.8,27.05,696719
2023-10-11 00:00:00+05:30,30.05,30.05,27.05,27.4,1670565
2023-10-12 00:00:00+05:30,27.4,27.65,27.0,27.15,316872
2023-10-13 00:00:00+05:30,27.05,28.15,27.0,27.25,480659
2023-10-16 00:00:00+05:30,27.35,29.7,26.9,28.7,1971307
2023-10-17 00:00:00+05:30,29.0,29.9,28.5,28.8,1233556
2023-10-18 00:00:00+05:30,29.0,29.15,27.6,28.05,499316
2023-10-19 00:00:00+05:30,27.95,28.85,27.5,28.15,465985
2023-10-20 00:00:00+05:30,28.3,28.65,27.15,27.35,394010
2023-10-23 00:00:00+05:30,27.15,27.6,25.1,25.9,482432
2023-10-25 00:00:00+05:30,25.9,26.3,24.3,25.1,395928
2023-10-26 00:00:00+05:30,24.6,25.3,23.85,24.95,305884
2023-10-27 00:00:00+05:30,25.25,25.85,25.1,25.4,206089
2023-10-30 00:00:00+05:30,25.3,25.55,24.9,25.2,261717
2023-10-31 00:00:00+05:30,25.45,25.7,25.05,25.2,87793
2023-11-01 00:00:00+05:30,25.0,25.65,25.0,25.15,121585
2023-11-02 00:00:00+05:30,25.35,26.7,25.25,26.2,301423
2023-11-03 00:00:00+05:30,26.25,26.9,26.05,26.2,316179
2023-11-06 00:00:00+05:30,26.2,27.15,25.85,26.1,450499
2023-11-07 00:00:00+05:30,26.1,26.55,25.6,26.0,303266
2023-11-08 00:00:00+05:30,25.8,26.35,25.7,25.8,222937
2023-11-09 00:00:00+05:30,25.9,26.15,25.55,25.6,196137
2023-11-10 00:00:00+05:30,25.7,26.0,25.2,25.55,260951
2023-11-12 00:00:00+05:30,26.25,26.3,25.65,25.9,57657
2023-11-13 00:00:00+05:30,26.25,26.25,25.65,25.8,143191
2023-11-15 00:00:00+05:30,26.05,26.25,25.75,25.8,220161
2023-11-16 00:00:00+05:30,25.5,26.6,25.5,25.8,398730
2023-11-17 00:00:00+05:30,26.3,26.35,25.4,25.9,221483
2023-11-20 00:00:00+05:30,26.1,26.1,25.4,25.6,168050
2023-11-21 00:00:00+05:30,26.0,26.0,25.25,25.4,262302
2023-11-22 00:00:00+05:30,25.25,25.55,24.95,25.1,200935
2023-11-23 00:00:00+05:30,25.25,25.95,25.15,25.75,278919
2023-11-24 00:00:00+05:30,25.95,26.0,25.5,25.6,114830
2023-11-28 00:00:00+05:30,25.9,25.9,24.9,25.1,235507
2023-11-29 00:00:00+05:30,25.45,25.45,24.8,24.9,194365
2023-11-30 00:00:00+05:30,24.9,25.85,24.65,24.95,409551
2023-12-01 00:00:00+05:30,25.4,25.7,24.9,24.95,186508
2023-12-04 00:00:00+05:30,25.4,25.55,24.9,25.0,332100
2023-12-05 00:00:00+05:30,25.45,25.55,24.95,25.4,255005
2023-12-06 00:00:00+05:30,25.75,26.15,25.25,25.9,395289
2023-12-07 00:00:00+05:30,25.9,26.85,25.6,26.0,532490
2023-12-08 00:00:00+05:30,26.1,26.45,25.55,25.65,269471
2023-12-11 00:00:00+05:30,25.75,26.5,25.65,26.25,342174
2023-12-12 00:00:00+05:30,26.55,27.2,26.05,26.5,737700
2023-12-13 00:00:00+05:30,26.75,27.0,26.45,26.6,299638
2023-12-14 00:00:00+05:30,26.85,27.1,26.2,26.25,265632
2023-12-15 00:00:00+05:30,26.4,27.2,26.25,26.35,491301
2023-12-18 00:00:00+05:30,26.3,26.7,26.2,26.3,210961
2023-12-19 00:00:00+05:30,26.35,26.65,26.05,26.2,168919
2023-12-20 00:00:00+05:30,26.5,26.9,24.8,25.0,494439
2023-12-21 00:00:00+05:30,24.9,25.75,24.6,25.25,320278
2023-12-22 00:00:00+05:30,25.5,25.85,25.15,25.25,250268
2023-12-26 00:00:00+05:30,25.35,26.15,25.3,25.8,301254
2023-12-27 00:00:00+05:30,26.15,26.9,26.05,26.15,329456
2023-12-28 00:00:00+05:30,26.35,26.8,25.55,26.6,433034
2023-12-29 00:00:00+05:30,26.6,26.6,25.85,26.1,311163
2024-01-01 00:00:00+05:30,26.2,27.7,26.2,26.85,974688
2024-01-02 00:00:00+05:30,27.05,29.6,26.8,28.35,3227474
2024-01-03 00:00:00+05:30,28.7,30.3,28.3,29.4,2177987
2024-01-04 00:00:00+05:30,29.8,34.85,29.8,33.55,6509725
2024-01-05 00:00:00+05:30,33.9,34.75,32.3,32.65,2552941
2024-01-08 00:00:00+05:30,32.95,33.5,31.8,32.05,709417
2024-01-09 00:00:00+05:30,32.7,32.9,31.5,31.75,546855
2024-01-10 00:00:00+05:30,31.55,32.45,31.1,31.6,418383
2024-01-11 00:00:00+05:30,32.0,32.35,31.5,31.65,303155
2024-01-12 00:00:00+05:30,31.95,32.15,31.35,31.5,374047
2024-01-15 00:00:00+05:30,31.9,32.65,30.9,31.05,463890
2024-01-16 00:00:00+05:30,31.25,32.6,30.0,30.4,1031494
2024-01-17 00:00:00+05:30,30.4,30.85,29.9,30.3,602967
2024-01-18 00:00:00+05:30,30.35,31.15,29.25,30.1,597198
2024-01-19 00:00:00+05:30,30.6,31.4,30.25,31.15,765606
2024-01-20 00:00:00+05:30,31.45,32.85,31.0,31.85,941721
2024-01-23 00:00:00+05:30,31.8,32.05,30.15,30.4,585917
2024-01-24 00:00:00+05:30,30.05,31.7,29.55,31.4,713623
2024-01-25 00:00:00+05:30,32.25,37.65,32.05,37.65,7904515
2024-01-29 00:00:00+05:30,40.7,45.15,38.6,45.15,14089971
2024-01-30 00:00:00+05:30,46.65,49.4,42.7,44.45,5874535
2024-01-31 00:00:00+05:30,45.25,45.25,41.25,41.75,2297733
2024-02-01 00:00:00+05:30,42.1,45.35,41.0,42.35,2723620
2024-02-02 00:00:00+05:30,42.95,44.85,41.55,42.0,1124398
2024-02-05 00:00:00+05:30,42.35,42.75,38.6,38.95,1326470
2024-02-06 00:00:00+05:30,39.35,41.4,38.1,39.75,1147115
2024-02-07 00:00:00+05:30,40.2,42.25,39.55,40.0,2267095
2024-02-08 00:00:00+05:30,40.35,40.8,38.8,39.15,897819
2024-02-09 00:00:00+05:30,40.75,40.75,36.75,37.9,1485679
2024-02-12 00:00:00+05:30,37.9,38.35,35.0,35.4,1135252
2024-02-13 00:00:00+05:30,35.35,35.7,33.55,35.2,1041635
2024-02-14 00:00:00+05:30,34.85,38.45,34.25,37.5,1066547
2024-02-15 00:00:00+05:30,37.95,39.75,36.5,37.25,843219
2024-02-16 00:00:00+05:30,37.5,38.4,37.25,37.55,608168
2024-02-19 00:00:00+05:30,37.9,39.3,37.3,37.95,565918
2024-02-20 00:00:00+05:30,38.2,38.35,37.05,37.25,413879
2024-02-21 00:00:00+05:30,37.45,37.8,36.1,36.8,379008
2024-02-22 00:00:00+05:30,36.35,38.1,35.65,37.4,493049
2024-02-23 00:00:00+05:30,37.1,37.7,36.7,36.95,226662
2024-02-26 00:00:00+05:30,36.95,37.35,35.65,36.45,369173
2024-02-27 00:00:00+05:30,36.45,37.0,35.15,35.75,306036
2024-02-28 00:00:00+05:30,35.9,36.45,35.15,35.95,421024
2024-02-29 00:00:00+05:30,35.95,36.0,34.6,35.0,354366
2024-03-01 00:00:00+05:30,35.75,36.4,35.05,35.85,268766
2024-03-02 00:00:00+05:30,35.95,37.6,35.95,36.6,79634
2024-03-04 00:00:00+05:30,37.0,37.5,35.5,35.75,339987
2024-03-05 00:00:00+05:30,36.35,36.85,34.45,35.6,526409
2024-03-06 00:00:00+05:30,35.75,36.45,32.85,33.7,626099
2024-03-07 00:00:00+05:30,34.5,34.5,33.1,33.6,262126
2024-03-11 00:00:00+05:30,33.7,33.9,31.15,31.8,475736
2024-03-12 00:00:00+05:30,31.8,33.0,30.25,30.9,729712
2024-03-13 00:00:00+05:30,31.15,31.3,28.25,28.65,861793
2024-03-14 00:00:00+05:30,28.65,30.9,27.75,30.55,365863
2024-03-15 00:00:00+05:30,30.75,31.2,29.45,29.95,295882
2024-03-18 00:00:00+05:30,30.45,31.0,29.6,29.95,287410
2024-03-19 00:00:00+05:30,30.0,30.35,28.1,29.15,342250
2024-03-20 00:00:00+05:30,29.4,30.1,28.85,29.4,287217
2024-03-21 00:00:00+05:30,29.65,31.9,29.65,31.05,466686
2024-03-22 00:00:00+05:30,31.15,31.15,30.0,30.05,264308
2024-03-26 00:00:00+05:30,30.55,30.6,28.05,28.5,592620
2024-03-27 00:00:00+05:30,28.55,29.45,28.05,28.55,701509
2024-03-28 00:00:00+05:30,28.7,29.95,28.7,29.1,646538
2024-04-01 00:00:00+05:30,29.9,32.0,29.75,31.45,650512
2024-04-02 00:00:00+05:30,32.0,32.6,31.45,32.2,425461
2024-04-03 00:00:00+05:30,32.3,34.45,32.0,33.85,543687
2024-04-04 00:00:00+05:30,35.0,35.4,33.8,34.3,271224
2024-04-05 00:00:00+05:30,34.5,38.45,34.05,37.5,1348553
2024-04-08 00:00:00+05:30,37.7,37.8,35.0,35.15,645252
2024-04-09 00:00:00+05:30,35.45,35.8,34.85,35.3,228072
2024-04-10 00:00:00+05:30,35.8,36.4,35.55,36.0,336587
2024-04-12 00:00:00+05:30,36.35,37.0,35.45,35.65,441754
2024-04-15 00:00:00+05:30,34.6,35.4,32.8,34.15,372122
2024-04-16 00:00:00+05:30,34.2,36.95,34.2,35.85,417263
2024-04-18 00:00:00+05:30,36.15,36.7,34.8,35.05,287188
2024-04-19 00:00:00+05:30,35.0,35.2,34.05,34.3,214430
2024-04-22 00:00:00+05:30,34.45,36.4,34.35,34.85,669706
2024-04-23 00:00:00+05:30,35.05,35.5,34.5,34.65,318247
2024-04-24 00:00:00+05:30,34.8,35.65,34.45,34.7,354880
2024-04-25 00:00:00+05:30,35.15,35.45,34.55,34.9,310587
2024-04-26 00:00:00+05:30,35.15,37.1,34.65,36.0,1736263
2024-04-29 00:00:00+05:30,36.7,36.95,35.9,36.15,415962
2024-04-30 00:00:00+05:30,36.45,36.45,35.4,35.65,249013
2024-05-02 00:00:00+05:30,36.15,36.15,34.9,35.05,203167
2024-05-03 00:00:00+05:30,35.4,35.45,34.2,34.8,244653
2024-05-06 00:00:00+05:30,35.05,35.2,33.9,34.35,181481
2024-05-07 00:00:00+05:30,34.3,34.65,32.75,33.1,216007
2024-05-08 00:00:00+05:30,33.35,33.85,33.0,33.45,204173
2024-05-09 00:00:00+05:30,33.65,33.9,32.05,32.35,185368
2024-05-10 00:00:00+05:30,32.25,32.75,31.65,32.65,227497
2024-05-13 00:00:00+05:30,32.9,33.7,31.9,33.05,191484
2024-05-14 00:00:00+05:30,33.6,33.9,33.15,33.55,137497
2024-05-15 00:00:00+05:30,33.9,34.3,33.3,33.4,203330
2024-05-16 00:00:00+05:30,33.55,33.75,32.45,32.7,195013
2024-05-17 00:00:00+05:30,33.3,33.35,32.65,32.85,177990
2024-05-18 00:00:00+05:30,32.85,34.05,32.85,33.45,42492
2024-05-21 00:00:00+05:30,33.45,34.2,32.65,32.8,219892
2024-05-22 00:00:00+05:30,33.6,33.6,32.6,32.9,178793
2024-05-23 00:00:00+05:30,32.9,34.55,32.9,33.9,738726
2024-05-24 00:00:00+05:30,34.4,35.1,33.45,34.1,546999
2024-05-27 00:00:00+05:30,34.6,34.8,32.85,33.05,350821
2024-05-28 00:00:00+05:30,33.1,33.45,32.0,32.25,187978
2024-05-29 00:00:00+05:30,32.7,32.7,31.5,31.65,219674
2024-05-30 00:00:00+05:30,31.95,32.15,31.15,31.25,180158
2024-05-31 00:00:00+05:30,30.8,31.55,30.6,31.1,174270
2024-06-03 00:00:00+05:30,32.4,34.5,31.7,34.05,885203
2024-06-04 00:00:00+05:30,34.95,34.95,30.0,31.15,627546
2024-06-05 00:00:00+05:30,31.15,33.95,30.35,33.2,373754
2024-06-06 00:00:00+05:30,34.05,35.0,33.1,33.45,510218
2024-06-07 00:00:00+05:30,34.1,34.4,33.3,33.5,200334
2024-06-10 00:00:00+05:30,34.3,34.79,33.26,34.19,376178
2024-06-11 00:00:00+05:30,34.2,34.7,33.81,33.99,308041
2024-06-12 00:00:00+05:30,34.01,35.54,34.01,34.45,727022
2024-06-13 00:00:00+05:30,35.27,35.27,33.6,33.82,347412
2024-06-14 00:00:00+05:30,34.5,34.84,33.68,33.83,302313
2024-06-18 00:00:00+05:30,34.86,34.86,33.8,34.47,375762
2024-06-19 00:00:00+05:30,35.0,39.9,34.81,37.55,5995802
2024-06-20 00:00:00+05:30,37.69,39.45,36.34,39.0,2643082
2024-06-21 00:00:00+05:30,39.4,39.5,37.2,37.42,953834
2024-06-24 00:00:00+05:30,37.42,39.95,36.48,39.49,1990581
2024-06-25 00:00:00+05:30,40.3,40.7,37.05,37.9,1933397
2024-06-26 00:00:00+05:30,38.9,39.0,38.0,38.37,677794
2024-06-27 00:00:00+05:30,38.21,38.94,37.0,37.23,606174
2024-06-28 00:00:00+05:30,37.53,38.04,35.0,35.9,682190
2024-07-01 00:00:00+05:30,36.0,37.66,36.0,37.41,472748
2024-07-02 00:00:00+05:30,37.44,37.81,36.32,36.55,379615
2024-07-03 00:00:00+05:30,36.81,37.71,36.32,37.07,476995
2024-07-04 00:00:00+05:30,37.33,37.59,36.8,36.98,439322
2024-07-05 00:00:00+05:30,36.95,37.17,36.12,36.51,503831
2024-07-08 00:00:00+05:30,36.55,37.23,36.08,36.48,612851
2024-07-09 00:00:00+05:30,36.74,37.51,36.24,36.32,497579
2024-07-10 00:00:00+05:30,36.5,36.62,34.6,35.71,367854
2024-07-11 00:00:00+05:30,35.31,35.78,34.5,34.7,459977
2024-07-12 00:00:00+05:30,34.95,36.36,34.81,35.3,477929
2024-07-15 00:00:00+05:30,35.55,35.55,34.31,34.9,381157
2024-07-16 00:00:00+05:30,34.9,36.28,34.66,35.65,411584
2024-07-18 00:00:00+05:30,35.65,35.65,34.26,34.37,402821
2024-07-19 00:00:00+05:30,34.5,34.53,32.84,33.0,435553
2024-07-22 00:00:00+05:30,33.0,34.5,32.5,34.17,386987
2024-07-23 00:00:00+05:30,34.15,34.39,33.0,33.99,337066
2024-07-24 00:00:00+05:30,33.99,34.92,33.72,34.13,325389
2024-07-25 00:00:00+05:30,34.36,40.95,33.75,40.1,13166040
2024-07-26 00:00:00+05:30,40.94,42.22,37.8,38.23,3343368
2024-07-29 00:00:00+05:30,38.61,39.45,37.3,37.64,931381
2024-07-30 00:00:00+05:30,37.64,38.24,36.79,36.93,803296
2024-07-31 00:00:00+05:30,37.49,43.5,36.82,40.92,11118605
2024-08-01 00:00:00+05:30,42.26,43.34,38.91,39.42,2330301
2024-08-02 00:00:00+05:30,38.2,41.9,38.2,40.69,1794616
2024-08-05 00:00:00+05:30,38.2,46.25,38.0,44.38,19293767
2024-08-06 00:00:00+05:30,48.82,48.82,43.1,44.18,10189334
2024-08-07 00:00:00+05:30,47.5,48.6,45.41,47.8,9281739
2024-08-08 00:00:00+05:30,48.5,53.0,47.05,52.22,14854982
2024-08-09 00:00:00+05:30,53.35,54.2,49.0,49.68,6298604
2024-08-12 00:00:00+05:30,50.25,52.2,49.04,51.0,3050053
2024-08-13 00:00:00+05:30,51.4,51.65,46.75,47.14,2133245
2024-08-14 00:00:00+05:30,47.25,47.84,44.65,45.53,1126403
2024-08-16 00:00:00+05:30,46.0,46.1,42.5,43.96,1866398
2024-08-19 00:00:00+05:30,45.85,45.93,43.01,44.91,2111854
2024-08-20 00:00:00+05:30,45.48,48.5,44.81,48.17,2216334
2024-08-21 00:00:00+05:30,48.38,48.45,46.5,47.28,1273687
2024-08-22 00:00:00+05:30,47.29,51.45,47.01,50.34,3099205
2024-08-23 00:00:00+05:30,51.1,52.48,50.0,50.73,2976914
2024-08-26 00:00:00+05:30,50.8,50.85,48.26,48.76,1034232
2024-08-27 00:00:00+05:30,48.75,50.64,47.72,49.28,1728011
2024-08-28 00:00:00+05:30,49.56,49.88,48.16,48.37,651877
2024-08-29 00:00:00+05:30,48.0,49.04,47.21,47.54,842179
2024-08-30 00:00:00+05:30,47.89,50.0,47.05,48.49,1522411
2024-09-02 00:00:00+05:30,48.7,50.85,47.86,49.83,1850043
2024-09-03 00:00:00+05:30,50.9,50.98,49.05,50.01,1426236
2024-09-04 00:00:00+05:30,49.1,50.8,48.04,49.95,1090984
2024-09-05 00:00:00+05:30,52.0,53.5,49.23,50.65,9396981
2024-09-06 00:00:00+05:30,51.4,51.5,48.69,49.2,2256063
2024-09-09 00:00:00+05:30,49.2,49.26,46.79,48.04,1449236
2024-09-10 00:00:00+05:30,48.4,51.8,48.4,50.33,2861102
2024-09-11 00:00:00+05:30,50.6,50.95,49.5,50.18,948431
2024-09-12 00:00:00+05:30,50.68,52.84,48.11,48.61,3432939
2024-09-13 00:00:00+05:30,48.88,57.6,48.52,56.0,28507328
2024-09-16 00:00:00+05:30,59.1,67.2,59.05,66.31,33506735
2024-09-17 00:00:00+05:30,68.35,68.9,61.05,62.02,16355708
2024-09-18 00:00:00+05:30,62.98,65.25,59.74,60.66,4604785
2024-09-19 00:00:00+05:30,61.47,61.49,57.23,58.3,3538893
2024-09-20 00:00:00+05:30,58.9,63.71,58.21,61.32,5129012
2024-09-23 00:00:00+05:30,61.7,62.19,59.51,59.8,1786740
2024-09-24 00:00:00+05:30,60.0,62.74,59.05,60.37,1936598
2024-09-25 00:00:00+05:30,60.55,60.6,58.8,59.21,977380
2024-09-26 00:00:00+05:30,59.28,59.43,56.66,57.11,1265106
2024-09-27 00:00:00+05:30,57.19,61.16,57.15,59.68,2759507
2024-09-30 00:00:00+05:30,58.99,59.42,57.5,58.54,1085145
2024-10-01 00:00:00+05:30,58.83,59.9,57.8,59.31,1111060
2024-10-03 00:00:00+05:30,57.39,58.75,55.62,56.21,1702311
2024-10-04 00:00:00+05:30,56.21,56.92,53.66,55.57,1492287
2024-10-07 00:00:00+05:30,55.58,56.78,51.35,51.82,1493725
2024-10-08 00:00:00+05:30,51.83,57.0,50.86,55.47,2361855
2024-10-09 00:00:00+05:30,56.0,58.5,53.55,53.95,2123552
2024-10-10 00:00:00+05:30,54.25,55.14,53.64,54.27,825879
2024-10-11 00:00:00+05:30,54.48,54.84,53.23,53.98,506228
2024-10-14 00:00:00+05:30,54.43,54.43,52.56,53.31,502143
2024-10-15 00:00:00+05:30,53.49,53.94,52.54,53.13,429130
2024-10-16 00:00:00+05:30,53.13,53.78,52.06,53.41,501935
2024-10-17 00:00:00+05:30,53.7,53.7,51.15,51.37,595030
2024-10-18 00:00:00+05:30,51.0,51.27,49.32,50.32,862296
2024-10-21 00:00:00+05:30,50.32,51.34,48.81,49.11,766681
2024-10-22 00:00:00+05:30,49.01,49.38,46.02,46.44,909209
2024-10-23 00:00:00+05:30,45.99,48.36,45.11,47.14,947664
2024-10-24 00:00:00+05:30,47.14,47.64,45.1,45.55,724531
2024-10-25 00:00:00+05:30,45.65,46.39,43.01,44.18,860351
2024-10-28 00:00:00+05:30,43.3,45.27,42.11,44.53,1666688
2024-10-29 00:00:00+05:30,44.4,45.17,43.41,44.21,815588
2024-10-30 00:00:00+05:30,44.3,46.47,43.51,45.53,781345
2024-10-31 00:00:00+05:30,45.9,46.85,44.92,45.18,718539
2024-11-01 00:00:00+05:30,46.28,52.0,45.67,49.87,1578128
2024-11-04 00:00:00+05:30,51.38,51.38,48.1,48.84,1585274
2024-11-05 00:00:00+05:30,48.91,51.02,48.4,48.84,1501847
2024-11-06 00:00:00+05:30,48.84,50.9,48.84,49.94,937633
2024-11-07 00:00:00+05:30,50.4,56.95,50.39,54.07,5566683
2024-11-08 00:00:00+05:30,55.34,56.9,54.15,54.82,3401783
2024-11-11 00:00:00+05:30,54.55,54.55,51.16,51.53,1224805
2024-11-12 00:00:00+05:30,51.01,52.0,49.0,49.25,755918
2024-11-13 00:00:00+05:30,49.25,50.65,47.84,48.12,981301
2024-11-14 00:00:00+05:30,48.18,49.13,47.5,47.9,656944
2024-11-18 00:00:00+05:30,48.5,49.9,46.69,48.82,597760
2024-11-19 00:00:00+05:30,49.3,50.5,48.0,49.1,653191
2024-11-21 00:00:00+05:30,49.09,49.09,47.4,47.81,406175
2024-11-22 00:00:00+05:30,48.49,49.0,47.71,48.75,387331
2024-11-25 00:00:00+05:30,49.5,54.16,49.5,52.04,2550837
2024-11-26 00:00:00+05:30,52.84,53.4,51.46,51.87,827575
2024-11-27 00:00:00+05:30,52.01,52.45,51.01,51.26,659574
2024-11-28 00:00:00+05:30,51.39,52.47,50.38,50.83,685258
2024-11-29 00:00:00+05:30,51.0,53.8,50.59,50.88,699733
2024-12-02 00:00:00+05:30,50.99,52.55,49.75,52.04,740645
2024-12-03 00:00:00+05:30,54.0,57.37,53.89,55.2,4423590
2024-12-04 00:00:00+05:30,56.4,56.5,54.05,55.17,1186904
2024-12-05 00:00:00+05:30,55.27,55.47,53.78,54.27,509754
2024-12-06 00:00:00+05:30,54.57,55.0,53.71,54.18,591116
2024-12-09 00:00:00+05:30,54.1,56.29,53.99,54.66,864087
2024-12-10 00:00:00+05:30,55.1,55.48,53.6,53.79,651259
2024-12-11 00:00:00+05:30,53.7,54.84,53.01,53.58,554648
2024-12-12 00:00:00+05:30,53.58,55.67,52.21,54.46,976808
2024-12-13 00:00:00+05:30,54.46,54.49,52.33,53.52,680197
2024-12-16 00:00:00+05:30,53.29,53.94,52.15,52.95,433531
2024-12-17 00:00:00+05:30,52.7,53.27,51.6,52.37,370327
2024-12-18 00:00:00+05:30,52.1,52.45,50.15,50.3,521878
2024-12-19 00:00:00+05:30,49.49,51.46,49.15,50.38,660924
2024-12-20 00:00:00+05:30,50.3,51.22,48.1,48.46,581305
2024-12-23 00:00:00+05:30,49.98,50.0,48.1,48.74,474310
2024-12-24 00:00:00+05:30,48.89,49.19,48.31,48.49,225228
2024-12-26 00:00:00+05:30,48.55,48.99,47.3,47.6,268802
2024-12-27 00:00:00+05:30,47.79,48.89,47.56,48.16,297499
2024-12-30 00:00:00+05:30,48.25,48.4,47.0,47.14,342037
2024-12-31 00:00:00+05:30,46.92,47.64,46.5,47.41,344323
2025-01-01 00:00:00+05:30,47.6,48.9,47.31,48.19,413098
2025-01-02 00:00:00+05:30,48.2,48.7,47.6,47.96,236101
2025-01-03 00:00:00+05:30,48.07,49.73,47.93,48.78,507353
2025-01-06 00:00:00+05:30,48.97,49.29,45.3,45.7,634012
2025-01-07 00:00:00+05:30,45.56,49.9,45.56,49.53,981800
2025-01-08 00:00:00+05:30,48.6,49.98,47.92,48.81,474046
2025-01-09 00:00:00+05:30,48.74,49.8,47.68,48.68,500642
2025-01-10 00:00:00+05:30,48.85,49.19,46.12,47.0,560666
2025-01-13 00:00:00+05:30,46.9,46.9,43.2,44.31,634295
2025-01-14 00:00:00+05:30,44.31,47.61,44.31,47.05,585722
2025-01-15 00:00:00+05:30,47.61,47.99,46.0,46.71,388586
2025-01-16 00:00:00+05:30,46.99,48.17,46.99,47.33,200336
2025-01-17 00:00:00+05:30,47.32,50.7,46.5,50.23,920472
2025-01-20 00:00:00+05:30,50.0,53.1,49.15,51.14,688877
2025-01-21 00:00:00+05:30,50.2,52.45,50.1,51.15,692529
2025-01-22 00:00:00+05:30,51.0,51.09,49.0,49.33,238778
2025-01-23 00:00:00+05:30,49.45,50.5,48.05,48.6,344725
2025-01-24 00:00:00+05:30,49.15,49.35,47.22,47.45,204002
2025-01-27 00:00:00+05:30,48.0,48.0,45.47,45.7,258702
2025-01-28 00:00:00+05:30,46.4,47.5,42.9,45.05,384536
2025-01-29 00:00:00+05:30,46.5,47.61,45.31,45.78,531145
2025-01-30 00:00:00+05:30,46.45,46.77,45.6,46.02,240168
2025-01-31 00:00:00+05:30,46.05,46.88,45.81,46.44,243266
2025-02-01 00:00:00+05:30,46.49,47.4,45.99,46.13,188384
2025-02-03 00:00:00+05:30,46.2,46.2,45.11,45.31,110634
2025-02-04 00:00:00+05:30,45.31,46.39,45.31,46.12,94433
2025-02-05 00:00:00+05:30,46.5,47.62,45.88,46.29,239178
2025-02-06 00:00:00+05:30,46.7,48.0,46.01,46.12,264891
2025-02-07 00:00:00+05:30,46.8,47.36,45.86,46.16,205604
2025-02-10 00:00:00+05:30,46.49,46.93,45.0,45.18,144710
2025-02-11 00:00:00+05:30,44.94,44.94,43.15,43.62,173056
2025-02-12 00:00:00+05:30,43.0,43.95,41.34,42.82,264034
2025-02-13 00:00:00+05:30,42.98,43.62,42.22,42.47,155572
2025-02-14 00:00:00+05:30,42.61,43.46,40.8,41.15,182535
2025-02-17 00:00:00+05:30,41.0,41.25,38.49,38.68,569616
2025-02-18 00:00:00+05:30,38.75,39.55,36.5,37.02,366525
2025-02-19 00:00:00+05:30,36.96,39.09,36.42,38.95,277659
2025-02-20 00:00:00+05:30,38.4,39.79,38.32,39.52,169430
2025-02-21 00:00:00+05:30,39.7,40.53,38.4,38.62,191362
2025-02-24 00:00:00+05:30,38.6,38.6,37.08,37.63,160602
2025-02-25 00:00:00+05:30,37.7,38.61,37.34,37.69,142486
2025-02-27 00:00:00+05:30,37.85,37.95,35.51,36.17,161028
2025-02-28 00:00:00+05:30,36.0,36.0,33.8,34.48,377518
2025-03-03 00:00:00+05:30,34.54,35.24,31.76,32.8,367476
2025-03-04 00:00:00+05:30,32.49,34.0,31.36,33.43,230894
2025-03-05 00:00:00+05:30,33.97,36.69,33.97,34.94,227199
2025-03-06 00:00:00+05:30,36.5,37.05,35.72,36.42,472049
2025-03-07 00:00:00+05:30,36.42,38.14,36.27,37.24,243241
2025-03-10 00:00:00+05:30,36.8,37.75,35.12,35.53,223500
2025-03-11 00:00:00+05:30,35.4,35.4,34.25,35.14,138535
2025-03-12 00:00:00+05:30,34.89,35.89,34.8,35.09,129364
2025-03-13 00:00:00+05:30,34.8,35.35,34.02,34.43,207091
2025-03-17 00:00:00+05:30,34.6,34.88,33.5,33.77,138389
2025-03-18 00:00:00+05:30,34.51,35.51,34.1,34.96,451268
2025-03-19 00:00:00+05:30,35.5,36.65,35.5,36.3,310502
2025-03-20 00:00:00+05:30,36.32,37.05,35.95,36.16,186958
2025-03-21 00:00:00+05:30,36.79,37.6,36.16,36.65,313684
2025-03-24 00:00:00+05:30,37.27,38.8,36.5,37.31,442500
2025-03-25 00:00:00+05:30,37.4,38.7,36.26,36.59,326322
2025-03-26 00:00:00+05:30,36.6,36.92,35.03,35.39,205735
2025-03-27 00:00:00+05:30,35.15,38.04,34.86,36.83,561527
2025-03-28 00:00:00+05:30,36.83,37.39,35.5,35.69,310820
2025-04-01 00:00:00+05:30,35.51,37.1,35.51,36.81,156589
2025-04-02 00:00:00+05:30,36.81,38.0,36.01,37.24,265030
2025-04-03 00:00:00+05:30,36.3,38.24,36.3,37.83,231915
2025-04-04 00:00:00+05:30,37.79,37.84,34.92,35.26,455976
2025-04-07 00:00:00+05:30,31.2,33.62,30.15,33.47,331479
2025-04-08 00:00:00+05:30,33.95,35.49,33.71,34.32,170642
2025-04-09 00:00:00+05:30,34.3,34.49,33.5,33.84,155465
2025-04-11 00:00:00+05:30,34.35,35.1,34.1,34.31,172048
2025-04-15 00:00:00+05:30,35.0,36.6,34.99,36.34,197137
2025-04-16 00:00:00+05:30,36.49,37.45,36.34,36.79,180355
2025-04-17 00:00:00+05:30,36.75,44.14,36.34,43.33,4885406
2025-04-21 00:00:00+05:30,43.5,46.5,42.54,45.02,3731283
2025-04-22 00:00:00+05:30,45.4,46.3,44.1,45.09,1137167
2025-04-23 00:00:00+05:30,45.1,45.94,43.7,44.0,808298
2025-04-24 00:00:00+05:30,44.16,45.09,43.75,43.9,530713
2025-04-25 00:00:00+05:30,43.9,44.19,41.4,42.21,478245
2025-04-28 00:00:00+05:30,41.9,43.0,41.22,41.56,304537
2025-04-29 00:00:00+05:30,41.85,42.9,40.55,41.38,376025
2025-04-30 00:00:00+05:30,41.25,41.46,40.01,40.26,187553
2025-05-02 00:00:00+05:30,40.3,41.1,39.95,40.16,184914
2025-05-05 00:00:00+05:30,40.0,40.5,39.62,40.38,157674
2025-05-06 00:00:00+05:30,40.39,41.09,38.07,38.3,352639
2025-05-07 00:00:00+05:30,37.75,38.3,37.11,38.05,279330
2025-05-08 00:00:00+05:30,38.6,39.59,36.96,37.19,277714
2025-05-09 00:00:00+05:30,37.0,37.0,35.5,36.5,236228
2025-05-12 00:00:00+05:30,39.6,39.99,38.17,39.74,385047
2025-05-13 00:00:00+05:30,39.75,40.39,39.11,39.8,227694
2025-05-14 00:00:00+05:30,40.4,40.9,39.86,40.56,198054
2025-05-15 00:00:00+05:30,40.41,41.47,40.41,40.96,209480
2025-05-16 00:00:00+05:30,41.5,42.15,40.78,41.97,281609
2025-05-19 00:00:00+05:30,42.17,43.49,41.78,42.18,403863
2025-05-20 00:00:00+05:30,42.7,42.77,40.86,41.12,235231
2025-05-21 00:00:00+05:30,41.12,43.88,40.03,42.39,1276473
2025-05-22 00:00:00+05:30,42.0,42.05,40.8,41.03,275691
2025-05-23 00:00:00+05:30,41.5,42.41,41.2,41.45,205244
2025-05-26 00:00:00+05:30,41.59,42.04,41.25,41.45,224500
2025-05-27 00:00:00+05:30,41.5,41.62,40.64,40.97,179909
2025-05-28 00:00:00+05:30,41.15,41.85,41.02,41.3,209695
2025-05-29 00:00:00+05:30,41.3,41.86,41.01,41.18,169045
2025-05-30 00:00:00+05:30,41.15,41.35,40.32,40.71,155278
2025-06-02 00:00:00+05:30,40.99,44.89,40.15,44.24,1753973
2025-06-03 00:00:00+05:30,45.09,46.8,44.16,44.72,1451158
2025-06-04 00:00:00+05:30,44.51,44.52,42.9,43.4,284638
2025-06-05 00:00:00+05:30,44.5,49.85,44.01,47.14,6570940
2025-06-06 00:00:00+05:30,47.37,48.4,45.91,46.24,746390
2025-06-09 00:00:00+05:30,46.65,47.69,45.94,46.33,513226
2025-06-10 00:00:00+05:30,46.56,48.9,46.56,48.51,1129295
2025-06-11 00:00:00+05:30,48.94,50.9,48.0,48.49,1038625
2025-06-12 00:00:00+05:30,48.73,49.06,46.95,47.27,426925
2025-06-13 00:00:00+05:30,46.0,49.07,45.01,47.27,772581
2025-06-16 00:00:00+05:30,47.16,47.63,45.83,46.47,348377
2025-06-17 00:00:00+05:30,46.89,47.32,45.09,45.29,359896
2025-06-18 00:00:00+05:30,45.49,45.72,44.1,44.41,265275
2025-06-19 00:00:00+05:30,44.51,44.72,42.71,42.99,276636
2025-06-20 00:00:00+05:30,43.23,49.4,43.15,46.57,8004892
2025-06-23 00:00:00+05:30,46.37,48.3,45.26,47.64,1188893
2025-06-24 00:00:00+05:30,47.64,49.1,46.66,47.1,585342
2025-06-25 00:00:00+05:30,47.34,48.3,46.8,46.96,382652
2025-06-26 00:00:00+05:30,47.17,47.58,46.0,46.28,371647
2025-06-27 00:00:00+05:30,46.6,46.99,46.01,46.17,239632
2025-06-30 00:00:00+05:30,46.3,47.4,45.2,45.69,651458
2025-07-01 00:00:00+05:30,45.99,46.5,45.5,45.97,258478
2025-07-02 00:00:00+05:30,46.21,47.0,45.43,46.06,235346
2025-07-03 00:00:00+05:30,46.02,47.11,45.91,46.43,351263
2025-07-04 00:00:00+05:30,46.44,46.88,45.66,46.55,175724
2025-07-07 00:00:00+05:30,46.6,48.31,45.58,45.76,390467
2025-07-08 00:00:00+05:30,46.02,46.7,45.35,45.6,227471
2025-07-09 00:00:00+05:30,45.9,46.7,45.48,45.87,319803
2025-07-10 00:00:00+05:30,46.2,46.53,45.34,45.78,226039
2025-07-11 00:00:00+05:30,45.78,45.9,44.69,45.24,136895
2025-07-14 00:00:00+05:30,45.39,47.25,44.4,46.05,753888
2025-07-15 00:00:00+05:30,46.11,46.68,45.9,46.14,202559
2025-07-16 00:00:00+05:30,46.7,47.7,46.14,46.6,566983
2025-07-17 00:00:00+05:30,47.05,48.3,46.73,47.22,715669
2025-07-18 00:00:00+05:30,47.7,47.7,45.82,46.32,295954
2025-07-21 00:00:00+05:30,47.99,47.99,44.7,45.45,380295
2025-07-22 00:00:00+05:30,46.0,46.4,45.0,45.15,266226
2025-07-23 00:00:00+05:30,45.48,45.75,44.5,44.94,199247
2025-07-24 00:00:00+05:30,45.4,45.4,44.41,44.72,284194
2025-07-25 00:00:00+05:30,45.99,46.39,43.55,44.26,416942
2025-07-28 00:00:00+05:30,44.26,44.39,42.9,43.11,232276
2025-07-29 00:00:00+05:30,43.36,44.0,42.56,43.52,139894
2025-07-30 00:00:00+05:30,43.72,44.75,43.35,44.37,222841
2025-07-31 00:00:00+05:30,43.89,43.89,42.55,42.72,234318
2025-08-01 00:00:00+05:30,43.15,43.25,41.47,41.63,181883
2025-08-04 00:00:00+05:30,41.99,42.49,41.56,42.32,139537
2025-08-05 00:00:00+05:30,42.19,45.54,42.05,43.82,840121
2025-08-06 00:00:00+05:30,43.05,45.36,43.02,43.47,515069
2025-08-07 00:00:00+05:30,43.68,46.99,42.62,45.45,2325795
2025-08-08 00:00:00+05:30,44.95,45.24,42.55,42.84,638516
2025-08-11 00:00:00+05:30,43.18,43.68,42.24,42.81,226869
2025-08-12 00:00:00+05:30,42.81,43.09,41.9,42.15,203674
2025-08-13 00:00:00+05:30,42.29,42.44,41.67,41.78,183937
2025-08-14 00:00:00+05:30,41.78,42.01,41.05,41.7,159048
2025-08-18 00:00:00+05:30,42.0,42.44,41.82,42.05,132449
2025-08-19 00:00:00+05:30,41.96,42.16,41.5,41.65,176787
2025-08-20 00:00:00+05:30,41.7,42.6,41.62,41.93,196549
2025-08-21 00:00:00+05:30,42.01,43.15,41.53,41.92,288715
2025-08-22 00:00:00+05:30,41.9,42.99,41.65,42.6,246495
2025-08-25 00:00:00+05:30,42.67,43.09,41.61,41.88,205323
2025-08-26 00:00:00+05:30,41.6,41.87,41.05,41.18,132989
2025-08-28 00:00:00+05:30,40.7,41.6,40.05,40.26,245290
2025-08-29 00:00:00+05:30,40.31,41.29,39.9,40.02,145986
2025-09-01 00:00:00+05:30,40.02,41.38,40.02,40.57,191290
2025-09-02 00:00:00+05:30,41.0,41.5,40.64,41.09,158482
2025-09-03 00:00:00+05:30,40.87,41.5,40.82,41.19,147341
2025-09-04 00:00:00+05:30,41.88,42.1,40.8,40.93,100747
2025-09-05 00:00:00+05:30,41.41,41.44,40.02,40.18,173802
2025-09-08 00:00:00+05:30,40.2,40.89,40.07,40.25,130807
2025-09-09 00:00:00+05:30,40.23,40.76,40.1,40.27,84983
2025-09-10 00:00:00+05:30,40.75,41.16,40.08,40.38,191034
2025-09-11 00:00:00+05:30,40.44,41.15,40.2,40.24,113611
2025-09-12 00:00:00+05:30,40.2,40.57,39.5,39.76,221900
2025-09-15 00:00:00+05:30,39.62,40.4,39.62,39.89,111005
2025-09-16 00:00:00+05:30,40.3,41.47,40.11,40.59,223034
2025-09-17 00:00:00+05:30,40.95,41.25,40.62,40.98,154557
2025-09-18 00:00:00+05:30,41.05,41.9,40.95,41.03,186965
2025-09-19 00:00:00+05:30,41.44,41.9,40.91,41.0,102290
2025-09-22 00:00:00+05:30,40.97,41.0,40.33,40.56,138948
2025-09-23 00:00:00+05:30,40.66,40.9,40.01,40.19,119883
2025-09-24 00:00:00+05:30,40.11,40.37,39.9,40.0,116115
2025-09-25 00:00:00+05:30,39.91,40.11,39.72,39.83,78770
2025-09-26 00:00:00+05:30,39.54,39.88,37.55,37.89,251592
2025-09-29 00:00:00+05:30,38.66,38.67,37.3,37.49,118185
2025-09-30 00:00:00+05:30,37.66,43.79,37.66,41.07,8827613
2025-10-01 00:00:00+05:30,41.4,42.5,40.0,40.2,768799
2025-10-03 00:00:00+05:30,40.7,41.2,40.1,40.93,335154
2025-10-06 00:00:00+05:30,40.51,41.16,40.1,40.2,137194
2025-10-07 00:00:00+05:30,40.2,40.79,39.8,40.1,169485
2025-10-08 00:00:00+05:30,39.9,40.08,38.55,39.25,168088
2025-10-09 00:00:00+05:30,39.99,40.9,39.54,39.82,182001
2025-10-10 00:00:00+05:30,39.82,40.79,39.58,40.0,169564
2025-10-13 00:00:00+05:30,40.0,40.0,38.77,39.18,189316
2025-10-14 00:00:00+05:30,39.39,39.73,38.12,38.5,236192
2025-10-15 00:00:00+05:30,38.8,39.28,38.36,38.65,138892
2025-10-16 00:00:00+05:30,38.65,39.5,38.65,38.8,116064
2025-10-17 00:00:00+05:30,39.17,39.17,37.76,38.04,267496
2025-10-20 00:00:00+05:30,38.02,38.74,38.0,38.24,130964
2025-10-21 00:00:00+05:30,38.99,39.0,38.2,38.5,40141
2025-10-23 00:00:00+05:30,38.55,39.9,38.25,38.39,218417
2025-10-24 00:00:00+05:30,38.5,38.6,37.9,38.2,154100
2025-10-27 00:00:00+05:30,38.2,38.42,37.7,37.75,128991
2025-10-28 00:00:00+05:30,37.75,37.97,37.0,37.38,274554
2025-10-29 00:00:00+05:30,37.56,38.1,37.17,37.86,212718
2025-10-30 00:00:00+05:30,37.8,38.33,37.52,37.81,192556
2025-10-31 00:00:00+05:30,37.78,38.7,37.5,37.84,239446
2025-11-03 00:00:00+05:30,37.9,38.79,37.73,38.05,282612
2025-11-04 00:00:00+05:30,38.2,39.35,37.41,38.52,369547
2025-11-06 00:00:00+05:30,38.52,38.52,37.01,37.3,238325
2025-11-07 00:00:00+05:30,37.5,37.5,36.8,36.91,147267
2025-11-10 00:00:00+05:30,36.91,37.66,36.91,37.29,150197
2025-11-11 00:00:00+05:30,37.01,37.47,36.31,36.69,204497
2025-11-12 00:00:00+05:30,36.53,37.2,36.53,36.69,265446
2025-11-13 00:00:00+05:30,36.96,37.24,36.27,36.74,206265
2025-11-14 00:00:00+05:30,36.4,36.43,36.03,36.16,115946
2025-11-17 00:00:00+05:30,36.18,36.54,36.01,36.28,125337
2025-11-18 00:00:00+05:30,35.56,36.45,35.5,36.45,148271
2025-11-19 00:00:00+05:30,36.05,36.09,35.0,35.62,382148
2025-11-20 00:00:00+05:30,36.0,36.07,35.33,35.77,138075
2025-11-21 00:00:00+05:30,35.51,35.94,35.0,35.02,120936
2025-11-24 00:00:00+05:30,35.99,36.23,34.42,34.5,119603
2025-11-25 00:00:00+05:30,34.97,35.36,34.61,34.64,147120
2025-11-26 00:00:00+05:30,35.0,35.16,34.3,34.66,344948
2025-11-27 00:00:00+05:30,35.0,35.5,34.61,34.88,333817
2025-11-28 00:00:00+05:30,35.2,35.27,34.5,34.58,102713
2025-12-01 00:00:00+05:30,35.4,35.75,35.03,35.5,355098
2025-12-02 00:00:00+05:30,35.35,35.99,35.35,35.8,189362
2025-12-03 00:00:00+05:30,35.97,35.97,34.03,34.75,291166
2025-12-04 00:00:00+05:30,34.99,34.99,33.16,33.55,182852
2025-12-05 00:00:00+05:30,33.6,33.89,32.91,33.06,148209
2025-12-08 00:00:00+05:30,33.06,33.5,31.53,32.65,337749
2025-12-09 00:00:00+05:30,32.19,33.19,31.26,32.74,408978
2025-12-10 00:00:00+05:30,32.16,33.99,32.16,33.41,233297
2025-12-11 00:00:00+05:30,33.89,34.2,32.51,33.9,143349
2025-12-12 00:00:00+05:30,34.4,34.4,33.16,33.88,285988
2025-12-15 00:00:00+05:30,33.88,34.28,33.49,34.2,129181
2025-12-16 00:00:00+05:30,34.49,34.5,33.32,33.72,140376
2025-12-17 00:00:00+05:30,33.95,34.5,32.78,33.08,280810
2025-12-18 00:00:00+05:30,33.0,33.42,32.1,32.89,322014
2025-12-19 00:00:00+05:30,32.41,33.3,32.41,33.3,132928
2025-12-22 00:00:00+05:30,33.23,33.88,33.16,33.45,333424
2025-12-23 00:00:00+05:30,33.33,33.74,33.01,33.01,170962
2025-12-24 00:00:00+05:30,33.25,33.75,33.1,33.26,387599
2025-12-26 00:00:00+05:30,33.02,33.96,32.65,33.12,316779
2025-12-29 00:00:00+05:30,32.7,33.23,32.3,32.65,389556
2025-12-30 00:00:00+05:30,32.8,33.14,32.43,32.65,310772
2025-12-31 00:00:00+05:30,32.63,33.72,32.59,33.23,281460
2026-01-01 00:00:00+05:30,33.67,33.9,32.89,33.39,168264
2026-01-02 00:00:00+05:30,33.13,33.79,32.92,33.69,207329
2026-01-05 00:00:00+05:30,33.7,34.45,33.51,33.68,151768
2026-01-06 00:00:00+05:30,33.7,33.98,32.85,33.15,128227
2026-01-07 00:00:00+05:30,33.0,33.9,33.0,33.25,132613
2026-01-08 00:00:00+05:30,33.25,33.6,32.13,32.68,167293
2026-01-09 00:00:00+05:30,32.44,32.9,30.7,30.91,249718
2026-01-12 00:00:00+05:30,31.2,31.21,29.25,29.96,396081
2026-01-13 00:00:00+05:30,30.15,30.6,29.51,29.76,162907
2026-01-14 00:00:00+05:30,29.68,30.27,29.25,29.47,131882
2026-01-16 00:00:00+05:30,30.24,30.4,29.12,29.38,207169
2026-01-19 00:00:00+05:30,29.18,29.34,28.5,29.0,165422
2026-01-20 00:00:00+05:30,28.98,28.98,27.02,27.34,227281
2026-01-21 00:00:00+05:30,27.0,27.77,26.12,26.66,332618
2026-01-22 00:00:00+05:30,26.62,27.69,26.6,27.46,202272
2026-01-23 00:00:00+05:30,27.5,27.69,26.0,26.21,258294
2026-01-27 00:00:00+05:30,26.63,28.94,25.48,27.85,481601
2026-01-28 00:00:00+05:30,27.85,28.12,27.34,27.94,185648
2026-01-29 00:00:00+05:30,28.19,28.53,26.72,27.09,226631
2026-01-30 00:00:00+05:30,26.93,27.9,26.56,27.68,181990
2026-02-01 00:00:00+05:30,27.6,29.44,27.0,27.37,239777
2026-02-02 00:00:00+05:30,27.5,27.95,26.4,27.25,98212
2026-02-03 00:00:00+05:30,28.2,28.5,27.32,28.07,253024
2026-02-04 00:00:00+05:30,28.2,29.0,27.52,28.65,240103
2026-02-05 00:00:00+05:30,28.65,30.0,28.15,29.63,261684
2026-02-06 00:00:00+05:30,29.9,29.99,28.18,28.65,102296
2026-02-09 00:00:00+05:30,29.4,30.7,28.96,30.45,211988
2026-02-10 00:00:00+05:30,30.7,31.0,30.0,30.45,81651
2026-02-11 00:00:00+05:30,30.4,31.5,29.91,30.11,95275
2026-02-12 00:00:00+05:30,30.59,30.84,29.41,29.52,85383
2026-02-13 00:00:00+05:30,29.4,29.49,28.55,28.79,111770
2026-02-16 00:00:00+05:30,28.04,29.4,26.91,27.65,245345
2026-02-17 00:00:00+05:30,27.52,28.82,27.5,28.44,105845
2026-02-18 00:00:00+05:30,28.47,28.82,28.19,28.36,48047
2026-02-19 00:00:00+05:30,28.0,29.45,27.1,27.83,381753
2026-02-20 00:00:00+05:30,27.33,27.9,27.33,27.61,51259
2026-02-23 00:00:00+05:30,28.0,28.25,26.95,27.06,84036
2026-02-24 00:00:00+05:30,27.02,28.4,26.25,27.37,386566
2026-02-25 00:00:00+05:30,28.4,28.49,26.5,26.88,188462
2026-02-26 00:00:00+05:30,26.88,29.0,26.59,27.8,326409
2026-02-27 00:00:00+05:30,27.78,27.78,27.02,27.22,82106
2026-03-02 00:00:00+05:30,26.39,26.39,25.3,25.82,194504
2026-03-04 00:00:00+05:30,25.3,26.77,24.06,25.26,575606
2026-03-05 00:00:00+05:30,25.6,25.6,24.66,25.0,137624
2026-03-06 00:00:00+05:30,25.49,25.53,24.57,25.19,323506
2026-03-09 00:00:00+05:30,25.0,25.0,23.65,24.03,166653
2026-03-10 00:00:00+05:30,24.42,26.13,24.24,25.31,327215
2026-03-11 00:00:00+05:30,25.31,25.98,25.01,25.15,85294
2026-03-12 00:00:00+05:30,25.15,26.19,24.61,25.05,210625
2026-03-13 00:00:00+05:30,25.05,25.39,23.87,24.08,147381
2026-03-16 00:00:00+05:30,23.6,24.04,23.16,23.74,131670
2026-03-17 00:00:00+05:30,23.65,24.0,23.16,23.52,149933
2026-03-18 00:00:00+05:30,23.11,26.44,23.11,25.35,642062
2026-03-19 00:00:00+05:30,25.3,25.3,24.05,24.22,94410
2026-03-20 00:00:00+05:30,24.22,25.5,23.39,24.9,702692
2026-03-23 00:00:00+05:30,24.9,24.99,22.43,22.94,225477
2026-03-24 00:00:00+05:30,23.68,24.0,21.2,22.53,663076
2026-03-25 00:00:00+05:30,22.5,25.1,22.5,23.86,541624
2026-03-27 00:00:00+05:30,23.5,23.69,21.06,21.93,1022944
2026-03-30 00:00:00+05:30,21.5,21.73,19.76,19.97,543569
2026-04-01 00:00:00+05:30,20.65,23.45,20.65,22.83,378022
2026-04-02 00:00:00+05:30,22.01,23.39,21.71,22.97,259409
2026-04-06 00:00:00+05:30,23.5,24.56,22.63,24.29,273274
2026-04-07 00:00:00+05:30,24.29,25.18,23.85,24.62,230383
2026-04-08 00:00:00+05:30,25.74,27.85,25.12,27.49,460986
2026-04-09 00:00:00+05:30,27.75,28.5,26.99,27.21,292910
2026-04-10 00:00:00+05:30,27.62,28.2,27.4,27.76,120574
2026-04-13 00:00:00+05:30,27.01,27.8,26.49,27.29,131846
2026-04-15 00:00:00+05:30,27.95,29.7,27.86,29.25,326717
2026-04-16 00:00:00+05:30,29.71,30.25,28.56,29.12,263873
2026-04-17 00:00:00+05:30,29.44,29.58,28.81,29.28,266492
2026-04-20 00:00:00+05:30,29.28,29.37,28.36,28.57,171727
2026-04-21 00:00:00+05:30,28.5,28.98,28.25,28.38,250658
2026-04-22 00:00:00+05:30,28.47,29.38,28.4,29.09,250682
2026-04-23 00:00:00+05:30,29.15,29.41,28.79,28.89,133197
2026-04-24 00:00:00+05:30,29.43,29.43,27.66,28.04,163103
2026-04-27 00:00:00+05:30,27.51,28.58,27.05,28.28,274177
2026-04-28 00:00:00+05:30,28.69,28.9,28.0,28.4,200531
2026-04-29 00:00:00+05:30,28.79,29.0,27.57,28.01,266644
2026-04-30 00:00:00+05:30,28.01,28.24,27.31,27.69,91396
2026-05-04 00:00:00+05:30,28.0,28.6,27.87,28.23,170560
2026-05-05 00:00:00+05:30,28.0,28.4,27.76,27.99,76185
2026-05-06 00:00:00+05:30,28.4,28.5,27.76,28.27,203001
2026-05-07 00:00:00+05:30,28.52,28.8,27.51,28.05,472298
2026-05-08 00:00:00+05:30,27.91,28.24,27.5,27.65,156615
2026-05-11 00:00:00+05:30,27.03,27.65,26.71,26.89,443325
2026-05-12 00:00:00+05:30,26.5,26.81,25.5,25.64,189925
2026-05-13 00:00:00+05:30,25.7,26.9,25.59,26.12,217492
2026-05-14 00:00:00+05:30,26.12,26.59,25.4,25.58,162896
2026-05-15 00:00:00+05:30,25.59,26.19,24.8,25.02,229809
2026-05-18 00:00:00+05:30,25.03,25.38,23.78,24.38,266413
2026-05-19 00:00:00+05:30,24.1,26.0,24.1,25.21,533410
2026-05-20 00:00:00+05:30,25.3,25.7,25.04,25.51,104563
2026-05-21 00:00:00+05:30,25.75,26.5,25.16,25.43,117212
2026-05-22 00:00:00+05:30,25.5,25.77,25.13,25.32,59520
2026-05-25 00:00:00+05:30,25.9,25.9,25.0,25.23,176869
2026-05-26 00:00:00+05:30,25.15,25.87,25.11,25.33,152123
2026-05-27 00:00:00+05:30,24.61,25.08,23.84,23.92,663408
2026-05-29 00:00:00+05:30,24.42,24.7,23.9,24.11,264218
2026-06-01 00:00:00+05:30,24.06,24.63,23.78,24.13,192759
2026-06-02 00:00:00+05:30,24.39,24.39,23.64,24.07,125488
2026-06-03 00:00:00+05:30,24.38,24.38,23.45,23.83,72067
2026-06-04 00:00:00+05:30,23.5,24.08,23.5,23.68,127750
2026-06-05 00:00:00+05:30,23.61,24.1,23.28,23.49,217841
2026-06-08 00:00:00+05:30,22.8,23.67,22.71,22.81,127778
2026-06-09 00:00:00+05:30,23.0,23.56,22.66,23.21,143570
2026-06-10 00:00:00+05:30,23.4,23.75,22.56,22.75,102560
2026-06-11 00:00:00+05:30,23.0,23.45,22.55,22.81,172352
2026-06-12 00:00:00+05:30,23.1,23.48,22.81,23.22,98784
2026-06-15 00:00:00+05:30,23.98,24.87,23.6,24.34,319728
2026-06-16 00:00:00+05:30,24.33,24.69,24.11,24.3,149228
2026-06-17 00:00:00+05:30,24.3,24.5,24.11,24.42,79727
2026-06-18 00:00:00+05:30,24.42,24.59,23.89,24.14,200067
2026-06-19 00:00:00+05:30,24.0,24.25,23.62,23.82,155447
2026-06-22 00:00:00+05:30,23.98,24.44,23.71,23.8,177367
2026-06-23 00:00:00+05:30,24.4,24.4,22.76,22.84,447271
2026-06-24 00:00:00+05:30,23.2,23.35,22.62,22.89,200919
2026-06-25 00:00:00+05:30,23.0,23.02,22.5,22.6,134840
2026-06-29 00:00:00+05:30,22.6,23.99,22.27,22.61,620340
2026-06-30 00:00:00+05:30,24.4,24.4,22.7,22.78,660721
2026-07-01 00:00:00+05:30,22.99,23.21,22.73,22.95,132323
2026-07-02 00:00:00+05:30,23.2,23.38,21.75,22.81,401328
2026-07-03 00:00:00+05:30,23.0,23.45,22.44,22.74,230382
2026-07-06 00:00:00+05:30,22.83,22.91,22.5,22.6,95125
2026-07-07 00:00:00+05:30,22.61,22.88,22.33,22.5,104932
2026-07-08 00:00:00+05:30,22.5,22.79,20.56,21.56,306666
2026-07-09 00:00:00+05:30,21.61,22.12,21.45,21.8,104231
2026-07-10 00:00:00+05:30,22.25,22.59,22.06,22.46,87030
2026-07-13 00:00:00+05:30,22.1,22.8,22.1,22.47,125617
2026-07-14 00:00:00+05:30,22.36,22.59,21.78,21.88,93807
2026-07-15 00:00:00+05:30,22.19,22.19,21.69,21.98,73110
2026-07-16 00:00:00+05:30,22.19,22.4,21.78,21.82,57498
2026-07-17 00:00:00+05:30,21.8,22.15,21.21,21.62,82394
2026-07-20 00:00:00+05:30,21.67,21.79,21.35,21.58,79856
2026-07-21 00:00:00+05:30,21.58,21.98,21.3,21.7,100185
2026-07-22 00:00:00+05:30,22.0,22.0,21.1,21.37,92058
2026-07-23 00:00:00+05:30,21.11,21.66,20.61,20.81,124194
2026-07-24 00:00:00+05:30,20.81,20.94,20.37,20.71,61627
2026-07-27 00:00:00+05:30,21.03,21.27,20.86,21.17,56565
2026-07-28 00:00:00+05:30,21.5,21.5,20.61,20.76,67067
2026-07-29 00:00:00+05:30,20.7,21.26,19.8,20.13,393304
2026-07-30 00:00:00+05:30,20.49,22.8,20.36,21.35,3091161
2026-07-31 00:00:00+05:30,21.35,22.05,20.5,21.04,600595
2026-08-03 00:00:00+05:30,21.04,22.04,21.04,21.76,263168
2026-08-04 00:00:00+05:30,21.76,22.5,21.16,21.52,167017
2026-08-05 00:00:00+05:30,21.55,22.2,21.55,22.0,92724
2026-08-06 00:00:00+05:30,21.91,22.9,21.91,22.07,183499
2026-08-07 00:00:00+05:30,21.93,22.85,21.51,22.04,120769
2026-08-10 00:00:00+05:30,21.97,22.03,21.6,21.72,83859
2026-08-11 00:00:00+05:30,21.6,21.98,21.26,21.48,82927
2026-08-12 00:00:00+05:30,21.3,21.69,20.95,21.05,116893
2026-08-13 00:00:00+05:30,21.09,21.56,21.05,21.33,64799
2026-08-14 00:00:00+05:30,21.21,21.46,20.95,20.99,63794
2026-08-17 00:00:00+05:30,21.0,21.45,20.58,21.08,65720
2026-08-18 00:00:00+05:30,21.08,21.4,20.85,20.92,52882
2026-08-19 00:00:00+05:30,20.8,21.07,20.72,20.89,61734
2026-08-20 00:00:00+05:30,20.99,21.38,20.99,21.27,57261
2026-08-21 00:00:00+05:30,21.49,21.49,20.8,20.85,91575
2026-08-24 00:00:00+05:30,20.85,21.45,20.76,21.0,238244
2026-08-25 00:00:00+05:30,21.0,21.27,20.8,20.98,95126
2026-08-26 00:00:00+05:30,21.15,21.23,20.63,20.79,132699
2026-08-27 00:00:00+05:30,21.12,21.18,20.73,20.9,102763
2026-08-28 00:00:00+05:30,21.25,21.25,20.65,20.74,153640
2026-08-31 00:00:00+05:30,20.41,20.73,19.66,20.11,227383
2026-09-01 00:00:00+05:30,20.49,20.73,20.12,20.41,98468
2026-09-02 00:00:00+05:30,20.69,20.69,20.11,20.46,60322
2026-09-03 00:00:00+05:30,20.5,20.67,19.55,19.86,165052
2026-09-04 00:00:00+05:30,20.0,20.63,20.0,20.39,158014
2026-09-07 00:00:00+05:30,20.59,20.88,20.13,20.27,116996
2026-09-08 00:00:00+05:30,20.38,20.44,20.01,20.29,100368
2026-09-09 00:00:00+05:30,20.11,20.34,20.1,20.15,77391
2026-09-10 00:00:00+05:30,20.2,20.35,19.5,19.79,123485
2026-09-11 00:00:00+05:30,19.79,20.09,19.65,20.01,43802
2026-09-15 00:00:00+05:30,20.03,20.36,19.5,19.59,101172
2026-09-16 00:00:00+05:30,19.95,20.11,18.55,19.29,294796
2026-09-17 00:00:00+05:30,18.7,19.5,18.63,19.04,132784
2026-09-18 00:00:00+05:30,19.2,19.95,18.76,19.44,107196
2026-09-21 00:00:00+05:30,19.89,20.19,19.12,19.75,142638
2026-09-22 00:00:00+05:30,19.75,20.15,19.57,20.06,65670
2026-09-23 00:00:00+05:30,19.75,20.3,19.75,20.2,70616
2026-09-24 00:00:00+05:30,20.08,20.26,19.86,19.9,37809
2026-09-25 00:00:00+05:30,20.09,20.1,19.7,20.02,54062
