Date,Open,High,Low,Close,Volume
2002-04-12 00:00:00+05:30,9.44,9.6,9.44,9.6,500
2002-04-15 00:00:00+05:30,9.4,9.4,9.4,9.4,25
2002-06-10 00:00:00+05:30,9.4,9.4,9.4,9.4,475
2002-06-28 00:00:00+05:30,8.93,9.87,8.93,9.87,10
2002-07-01 00:00:00+05:30,9.4,9.4,9.4,9.4,500
2002-07-02 00:00:00+05:30,8.99,9.2,8.99,9.19,510
2002-07-25 00:00:00+05:30,9.4,9.4,9.4,9.4,50
2002-08-02 00:00:00+05:30,9.8,9.8,9.8,9.8,50
2002-08-14 00:00:00+05:30,10.2,10.2,10.2,10.2,25
2002-08-16 00:00:00+05:30,10.6,10.6,9.7,9.7,275
2002-08-20 00:00:00+05:30,9.9,9.9,9.9,9.9,50
2002-10-07 00:00:00+05:30,9.7,9.8,9.6,9.6,600
2002-10-11 00:00:00+05:30,9.18,9.18,9.12,9.12,10
2002-12-06 00:00:00+05:30,9.2,9.2,9.2,9.2,5
2002-12-09 00:00:00+05:30,9.6,9.6,8.87,9.18,20
2002-12-10 00:00:00+05:30,9.5,9.5,9.5,9.5,500
2002-12-24 00:00:00+05:30,9.53,9.53,9.53,9.53,5
2003-01-03 00:00:00+05:30,9.6,9.6,9.6,9.6,5
2003-01-06 00:00:00+05:30,9.6,9.6,9.6,9.6,5
2003-01-07 00:00:00+05:30,9.97,9.97,9.97,9.97,5
2003-01-08 00:00:00+05:30,10.1,10.1,10.1,10.1,5
2003-01-10 00:00:00+05:30,10.0,10.0,10.0,10.0,5
2003-08-18 00:00:00+05:30,2.8,3.25,2.8,3.25,15
2003-08-19 00:00:00+05:30,3.4,3.9,3.29,3.45,33570
2003-08-20 00:00:00+05:30,3.4,3.57,3.3,3.32,9750
2003-08-21 00:00:00+05:30,3.4,3.4,3.0,3.26,71595
2003-08-22 00:00:00+05:30,3.48,3.92,3.13,3.92,77605
2003-08-25 00:00:00+05:30,4.24,4.71,4.1,4.31,83520
2003-08-26 00:00:00+05:30,4.4,5.18,4.4,5.18,188705
2003-08-27 00:00:00+05:30,5.97,6.22,5.8,6.22,147115
2003-08-28 00:00:00+05:30,6.78,6.84,6.23,6.77,129175
2003-08-29 00:00:00+05:30,7.29,7.45,6.65,7.45,139315
2003-09-01 00:00:00+05:30,7.91,7.96,7.2,7.78,111880
2003-09-02 00:00:00+05:30,8.2,8.56,8.0,8.56,260015
2003-09-03 00:00:00+05:30,9.15,9.42,8.67,8.99,69335
2003-09-04 00:00:00+05:30,8.91,9.26,8.6,8.67,132005
2003-09-05 00:00:00+05:30,8.64,9.1,8.24,8.87,75625
2003-09-08 00:00:00+05:30,8.44,8.8,8.44,8.44,29500
2003-09-09 00:00:00+05:30,8.5,8.5,8.2,8.2,25260
2003-09-10 00:00:00+05:30,7.8,7.8,7.8,7.8,250
2003-09-11 00:00:00+05:30,7.57,7.57,7.41,7.41,59500
2003-09-12 00:00:00+05:30,7.04,7.52,7.04,7.33,73605
2003-09-15 00:00:00+05:30,7.49,7.49,6.97,6.97,51600
2003-09-16 00:00:00+05:30,6.8,7.2,6.63,7.08,196750
2003-09-17 00:00:00+05:30,7.34,7.44,7.05,7.39,143800
2003-09-18 00:00:00+05:30,7.06,7.4,7.05,7.4,17000
2003-09-19 00:00:00+05:30,7.2,7.52,7.2,7.34,5000
2003-09-22 00:00:00+05:30,7.5,7.5,7.2,7.2,5500
2003-09-23 00:00:00+05:30,7.45,7.45,7.2,7.2,10000
2003-09-24 00:00:00+05:30,7.35,7.35,7.0,7.0,2505
2003-09-25 00:00:00+05:30,6.8,6.96,6.8,6.96,23000
2003-09-26 00:00:00+05:30,6.98,7.0,6.98,7.0,14005
2003-09-30 00:00:00+05:30,6.8,6.8,6.8,6.8,5000
2003-10-03 00:00:00+05:30,6.46,6.46,6.46,6.46,500
2003-10-06 00:00:00+05:30,6.14,6.14,6.14,6.14,25
2003-10-07 00:00:00+05:30,5.86,5.86,5.84,5.84,10
2003-10-08 00:00:00+05:30,5.55,5.95,5.55,5.78,270
2003-10-09 00:00:00+05:30,5.49,5.5,5.49,5.5,520
2003-10-10 00:00:00+05:30,5.23,5.5,5.23,5.23,1350
2003-10-13 00:00:00+05:30,5.0,5.5,5.0,5.5,2020
2003-10-14 00:00:00+05:30,5.78,5.78,5.5,5.52,30365
2003-10-15 00:00:00+05:30,5.25,5.75,5.25,5.75,3265
2003-10-16 00:00:00+05:30,5.78,5.78,5.5,5.76,350
2003-10-17 00:00:00+05:30,5.48,5.98,5.48,5.5,3000
2003-10-20 00:00:00+05:30,5.25,5.3,5.23,5.24,1270
2003-10-21 00:00:00+05:30,4.98,4.98,4.98,4.98,510
2003-10-22 00:00:00+05:30,4.73,4.73,4.73,4.73,15
2003-10-23 00:00:00+05:30,4.5,4.59,4.5,4.53,260
2003-10-24 00:00:00+05:30,4.4,4.45,4.4,4.45,310
2003-10-25 00:00:00+05:30,4.31,4.31,4.23,4.23,35
2003-10-27 00:00:00+05:30,4.02,4.02,4.02,4.02,15
2003-10-28 00:00:00+05:30,3.82,3.83,3.82,3.82,1260
2003-10-29 00:00:00+05:30,3.65,3.65,3.64,3.64,510
2003-10-30 00:00:00+05:30,3.48,3.59,3.48,3.52,360
2003-10-31 00:00:00+05:30,3.36,3.7,3.36,3.7,3845
2003-11-03 00:00:00+05:30,3.6,3.82,3.52,3.55,18015
2003-11-04 00:00:00+05:30,3.39,3.44,3.39,3.43,2520
2003-11-05 00:00:00+05:30,3.27,3.43,3.27,3.43,870
2003-11-06 00:00:00+05:30,3.54,3.54,3.26,3.26,185
2003-11-10 00:00:00+05:30,3.11,3.11,3.11,3.11,10
2003-11-11 00:00:00+05:30,2.97,3.27,2.96,3.27,9030
2003-11-12 00:00:00+05:30,3.28,3.44,3.28,3.44,5010
2003-11-13 00:00:00+05:30,3.62,3.62,3.62,3.62,500
2003-11-18 00:00:00+05:30,3.81,3.81,3.81,3.81,17000
2003-11-19 00:00:00+05:30,3.64,3.72,3.64,3.72,20
2003-11-20 00:00:00+05:30,3.55,3.91,3.55,3.91,20030
2003-11-21 00:00:00+05:30,3.73,4.11,3.73,4.02,29005
2003-11-24 00:00:00+05:30,4.23,4.23,4.15,4.23,5550
2003-11-25 00:00:00+05:30,4.44,4.45,4.44,4.45,15
2003-11-27 00:00:00+05:30,4.68,4.68,4.68,4.68,520
2003-11-28 00:00:00+05:30,4.92,4.92,4.92,4.92,510
2003-12-01 00:00:00+05:30,5.16,5.17,5.16,5.17,30680
2003-12-02 00:00:00+05:30,5.43,5.43,5.05,5.43,25945
2003-12-03 00:00:00+05:30,5.7,5.71,5.49,5.71,47985
2003-12-04 00:00:00+05:30,6.0,6.0,5.5,5.67,19075
2003-12-05 00:00:00+05:30,5.9,5.9,5.4,5.4,23165
2003-12-08 00:00:00+05:30,5.13,5.39,5.13,5.26,10550
2003-12-09 00:00:00+05:30,5.5,5.5,5.11,5.31,18660
2003-12-10 00:00:00+05:30,5.5,5.5,5.3,5.38,10330
2003-12-11 00:00:00+05:30,5.6,5.63,5.12,5.13,19940
2003-12-12 00:00:00+05:30,5.29,5.29,5.0,5.14,4235
2003-12-15 00:00:00+05:30,5.4,5.4,4.89,5.06,15720
2003-12-16 00:00:00+05:30,5.19,5.19,4.9,4.9,8005
2003-12-17 00:00:00+05:30,5.02,5.15,5.02,5.15,26610
2003-12-18 00:00:00+05:30,5.41,5.41,5.41,5.41,18825
2003-12-19 00:00:00+05:30,5.65,5.68,5.65,5.68,7970
2003-12-22 00:00:00+05:30,5.96,5.97,5.9,5.97,14925
2003-12-23 00:00:00+05:30,6.27,6.27,6.27,6.27,18250
2003-12-24 00:00:00+05:30,6.56,6.59,6.56,6.59,8900
2003-12-26 00:00:00+05:30,6.9,6.92,6.9,6.92,5350
2003-12-29 00:00:00+05:30,7.25,7.27,6.92,7.27,40415
2003-12-30 00:00:00+05:30,7.64,7.64,6.91,6.98,34085
2003-12-31 00:00:00+05:30,7.05,7.05,6.64,6.77,3500
2004-01-01 00:00:00+05:30,6.46,6.46,6.44,6.45,6060
2004-01-02 00:00:00+05:30,6.13,6.42,6.13,6.13,18500
2004-01-05 00:00:00+05:30,6.06,6.06,6.03,6.04,6500
2004-01-06 00:00:00+05:30,5.99,5.99,5.75,5.75,3500
2004-01-07 00:00:00+05:30,5.6,5.6,5.47,5.47,10800
2004-01-08 00:00:00+05:30,5.27,5.6,5.25,5.41,16005
2004-01-09 00:00:00+05:30,5.68,5.68,5.68,5.68,470
2004-01-12 00:00:00+05:30,5.7,5.7,5.55,5.55,2500
2004-01-13 00:00:00+05:30,5.4,5.4,5.28,5.4,2830
2004-01-14 00:00:00+05:30,5.67,5.67,5.3,5.3,3725
2004-01-15 00:00:00+05:30,5.06,5.56,5.04,5.12,91040
2004-01-16 00:00:00+05:30,5.34,5.34,5.0,5.0,5510
2004-01-20 00:00:00+05:30,5.25,5.25,4.8,4.8,6015
2004-01-21 00:00:00+05:30,4.6,4.6,4.56,4.56,2005
2004-01-22 00:00:00+05:30,4.34,4.76,4.34,4.75,2510
2004-01-23 00:00:00+05:30,4.97,4.97,4.6,4.63,7755
2004-01-27 00:00:00+05:30,4.59,4.59,4.59,4.59,500
2004-01-28 00:00:00+05:30,4.58,4.58,4.58,4.58,1250
2004-01-29 00:00:00+05:30,4.35,4.8,4.35,4.79,3260
2004-01-30 00:00:00+05:30,4.55,4.55,4.55,4.55,10
2004-02-05 00:00:00+05:30,4.33,4.33,4.33,4.33,10
2004-02-09 00:00:00+05:30,4.15,4.15,4.13,4.13,10
2004-02-10 00:00:00+05:30,3.93,3.93,3.93,3.93,20
2004-02-11 00:00:00+05:30,3.77,3.89,3.74,3.89,3180
2004-02-12 00:00:00+05:30,4.09,4.09,3.8,3.8,3520
2004-02-13 00:00:00+05:30,3.8,3.99,3.8,3.99,4220
2004-02-16 00:00:00+05:30,4.16,4.19,4.04,4.19,1625
2004-02-17 00:00:00+05:30,4.4,4.4,4.2,4.34,550
2004-02-18 00:00:00+05:30,4.55,4.55,4.25,4.25,5510
2004-02-19 00:00:00+05:30,4.46,4.46,4.06,4.14,325
2004-02-20 00:00:00+05:30,4.27,4.27,3.94,4.0,3020
2004-02-23 00:00:00+05:30,3.83,3.97,3.8,3.83,5790
2004-02-24 00:00:00+05:30,3.8,4.0,3.76,4.0,2010
2004-02-25 00:00:00+05:30,4.1,4.1,3.9,3.98,3000
2004-02-26 00:00:00+05:30,4.01,4.01,3.9,3.99,7005
2004-02-27 00:00:00+05:30,3.79,4.12,3.79,4.12,1010
2004-03-03 00:00:00+05:30,4.28,4.29,4.28,4.29,10
2004-03-10 00:00:00+05:30,4.08,4.08,4.08,4.08,15000
2004-03-11 00:00:00+05:30,4.18,4.18,3.9,3.9,7585
2004-03-12 00:00:00+05:30,3.99,4.0,3.99,4.0,10
2004-03-15 00:00:00+05:30,3.8,3.8,3.8,3.8,5
2004-03-16 00:00:00+05:30,3.8,3.8,3.8,3.8,5
2004-03-17 00:00:00+05:30,3.7,3.96,3.68,3.7,4605
2004-03-18 00:00:00+05:30,3.53,3.54,3.52,3.53,1055
2004-03-19 00:00:00+05:30,3.4,3.4,3.4,3.4,250
2004-03-22 00:00:00+05:30,3.4,3.4,3.25,3.25,6000
2004-03-24 00:00:00+05:30,3.1,3.42,3.1,3.26,3770
2004-03-26 00:00:00+05:30,3.12,3.12,3.12,3.12,13500
2004-03-29 00:00:00+05:30,3.21,3.28,3.21,3.28,1270
2004-03-30 00:00:00+05:30,3.39,3.45,3.39,3.45,1260
2004-03-31 00:00:00+05:30,3.62,3.62,3.42,3.5,110
2004-04-02 00:00:00+05:30,3.68,3.68,3.68,3.68,250
2004-04-05 00:00:00+05:30,3.87,3.87,3.8,3.8,1510
2004-04-06 00:00:00+05:30,3.99,3.99,3.92,3.92,255
2004-04-07 00:00:00+05:30,4.12,4.12,4.12,4.12,2500
2004-04-08 00:00:00+05:30,4.1,4.1,4.1,4.1,1500
2004-04-12 00:00:00+05:30,4.3,4.3,4.3,4.3,255
2004-04-29 00:00:00+05:30,3.7,3.7,3.7,3.7,250
2004-04-30 00:00:00+05:30,3.7,3.7,3.54,3.54,1000
2004-05-03 00:00:00+05:30,3.37,3.4,3.37,3.38,310
2004-05-04 00:00:00+05:30,3.5,3.55,3.45,3.55,50250
2004-05-05 00:00:00+05:30,3.63,3.73,3.56,3.73,33765
2004-05-06 00:00:00+05:30,3.8,3.92,3.69,3.92,38000
2004-05-07 00:00:00+05:30,4.07,4.12,4.07,4.12,16840
2004-05-10 00:00:00+05:30,4.31,4.33,4.31,4.33,31035
2004-05-11 00:00:00+05:30,4.26,4.55,4.26,4.55,40190
2004-05-12 00:00:00+05:30,4.78,4.78,4.66,4.78,30000
2004-05-13 00:00:00+05:30,4.61,4.98,4.6,4.74,49290
2004-05-14 00:00:00+05:30,4.94,4.94,4.6,4.6,15410
2004-05-17 00:00:00+05:30,4.6,4.6,4.6,4.6,1000
2004-05-18 00:00:00+05:30,4.4,4.4,4.37,4.37,5500
2004-05-19 00:00:00+05:30,4.16,4.16,4.16,4.16,500
2004-05-20 00:00:00+05:30,4.16,4.16,3.96,3.96,1625
2004-05-24 00:00:00+05:30,4.1,4.16,4.1,4.16,4750
2004-05-25 00:00:00+05:30,4.16,4.16,4.01,4.08,5000
2004-05-26 00:00:00+05:30,4.38,4.38,4.2,4.2,1250
2004-05-27 00:00:00+05:30,4.6,4.6,4.06,4.3,3500
2004-05-28 00:00:00+05:30,3.9,3.9,3.82,3.83,2500
2004-05-31 00:00:00+05:30,3.7,3.71,3.62,3.62,2500
2004-06-01 00:00:00+05:30,3.62,3.62,3.62,3.62,250
2004-06-02 00:00:00+05:30,3.78,3.8,3.78,3.79,30
2004-06-04 00:00:00+05:30,3.6,4.08,3.55,3.78,1510
2004-06-07 00:00:00+05:30,3.61,3.61,3.61,3.61,500
2004-06-08 00:00:00+05:30,3.52,3.75,3.32,3.56,3030
2004-06-09 00:00:00+05:30,3.7,3.7,3.7,3.7,1000
2004-06-10 00:00:00+05:30,3.6,3.6,3.54,3.54,2000
2004-06-11 00:00:00+05:30,3.6,3.6,3.42,3.5,4000
2004-06-14 00:00:00+05:30,3.5,3.5,3.5,3.5,500
2004-06-16 00:00:00+05:30,3.8,3.8,3.8,3.8,365
2004-06-18 00:00:00+05:30,3.54,3.93,3.5,3.7,6260
2004-06-21 00:00:00+05:30,3.43,3.59,3.42,3.5,510
2004-06-24 00:00:00+05:30,3.45,3.45,3.45,3.45,500
2004-06-25 00:00:00+05:30,3.56,4.1,3.56,3.98,3750
2004-06-28 00:00:00+05:30,3.78,3.78,3.78,3.78,5
2004-06-29 00:00:00+05:30,4.51,4.51,3.8,3.99,5535
2004-06-30 00:00:00+05:30,4.1,4.1,3.72,3.72,3255
2004-07-01 00:00:00+05:30,3.95,3.95,3.76,3.86,5920
2004-07-02 00:00:00+05:30,3.94,3.95,3.84,3.92,2755
2004-07-06 00:00:00+05:30,3.72,3.72,3.72,3.72,1500
2004-07-07 00:00:00+05:30,3.8,3.84,3.8,3.84,1000
2004-07-08 00:00:00+05:30,3.93,3.93,3.8,3.8,5050
2004-07-12 00:00:00+05:30,3.65,3.75,3.65,3.71,1500
2004-07-13 00:00:00+05:30,3.52,3.52,3.47,3.5,30
2004-07-14 00:00:00+05:30,2.65,3.73,2.65,3.64,650
2004-07-15 00:00:00+05:30,3.4,3.7,3.4,3.7,4260
2004-07-16 00:00:00+05:30,3.0,3.53,3.0,3.53,10
2004-07-19 00:00:00+05:30,2.84,3.48,2.84,3.48,50
2004-07-20 00:00:00+05:30,3.4,3.9,3.4,3.64,8675
2004-07-21 00:00:00+05:30,3.52,3.52,3.52,3.52,5
2004-07-22 00:00:00+05:30,2.93,3.9,2.93,3.8,10980
2004-07-23 00:00:00+05:30,3.42,3.89,3.42,3.6,2760
2004-07-28 00:00:00+05:30,3.0,3.79,3.0,3.54,1040
2004-07-29 00:00:00+05:30,3.2,3.6,3.2,3.6,15
2004-07-30 00:00:00+05:30,3.25,3.8,3.25,3.8,2515
2004-08-02 00:00:00+05:30,3.47,3.47,3.47,3.47,5
2004-08-03 00:00:00+05:30,3.35,3.35,3.35,3.35,2500
2004-08-04 00:00:00+05:30,3.5,3.7,3.41,3.49,2275
2004-08-05 00:00:00+05:30,2.8,3.6,2.8,3.51,1025
2004-08-06 00:00:00+05:30,2.82,3.85,2.82,3.85,2360
2004-08-09 00:00:00+05:30,3.65,3.65,3.54,3.56,2000
2004-08-11 00:00:00+05:30,3.56,3.65,3.56,3.6,5305
2004-08-16 00:00:00+05:30,3.6,3.79,3.4,3.76,10020
2004-08-17 00:00:00+05:30,3.56,3.92,3.39,3.4,21875
2004-08-18 00:00:00+05:30,3.73,3.73,3.45,3.52,7310
2004-08-19 00:00:00+05:30,3.45,3.5,3.4,3.5,13385
2004-08-20 00:00:00+05:30,3.84,3.84,3.36,3.57,1545
2004-08-23 00:00:00+05:30,3.7,3.7,3.4,3.56,9095
2004-08-24 00:00:00+05:30,3.78,3.92,3.65,3.92,23870
2004-08-25 00:00:00+05:30,4.01,4.32,3.65,4.32,60315
2004-08-26 00:00:00+05:30,4.54,4.54,4.54,4.54,12570
2004-08-27 00:00:00+05:30,4.77,4.77,4.4,4.77,39385
2004-08-30 00:00:00+05:30,5.0,5.01,4.6,5.01,54075
2004-08-31 00:00:00+05:30,5.24,5.26,4.9,5.26,12255
2004-09-01 00:00:00+05:30,5.5,5.52,5.49,5.52,5390
2004-09-02 00:00:00+05:30,5.26,5.8,5.26,5.8,9010
2004-09-03 00:00:00+05:30,6.05,6.09,5.84,6.02,311285
2004-09-06 00:00:00+05:30,6.1,6.28,5.9,5.96,47420
2004-09-07 00:00:00+05:30,6.03,6.03,5.67,5.7,31310
2004-09-08 00:00:00+05:30,5.8,5.82,5.42,5.42,60255
2004-09-09 00:00:00+05:30,5.35,5.35,5.15,5.22,43445
2004-09-10 00:00:00+05:30,5.01,5.14,4.93,5.08,12510
2004-09-13 00:00:00+05:30,4.99,4.99,4.96,4.96,15150
2004-09-14 00:00:00+05:30,4.83,5.45,4.8,5.37,31140
2004-09-15 00:00:00+05:30,5.76,5.76,5.16,5.17,28160
2004-09-16 00:00:00+05:30,4.92,5.34,4.92,5.2,750
2004-09-17 00:00:00+05:30,5.39,5.39,4.98,5.05,9265
2004-09-20 00:00:00+05:30,5.36,5.36,5.06,5.08,15000
2004-09-21 00:00:00+05:30,5.02,5.1,4.96,4.97,6235
2004-09-22 00:00:00+05:30,5.05,5.05,4.8,4.84,5050
2004-09-23 00:00:00+05:30,4.84,4.84,4.78,4.78,1000
2004-09-24 00:00:00+05:30,4.75,5.0,4.75,4.9,7250
2004-09-27 00:00:00+05:30,4.78,4.94,4.75,4.82,3025
2004-09-28 00:00:00+05:30,4.98,4.98,4.7,4.8,10050
2004-09-29 00:00:00+05:30,4.84,4.84,4.75,4.75,3980
2004-09-30 00:00:00+05:30,4.43,4.85,4.43,4.73,9430
2004-10-01 00:00:00+05:30,4.4,4.98,4.4,4.65,19420
2004-10-04 00:00:00+05:30,4.8,4.8,4.5,4.56,6260
2004-10-05 00:00:00+05:30,4.6,4.8,4.6,4.63,4330
2004-10-06 00:00:00+05:30,4.79,4.79,4.62,4.62,6000
2004-10-07 00:00:00+05:30,4.26,4.7,4.26,4.7,1250
2004-10-08 00:00:00+05:30,4.6,4.62,4.6,4.61,3000
2004-10-09 00:00:00+05:30,5.0,5.0,4.79,4.79,500
2004-10-11 00:00:00+05:30,4.62,4.86,4.6,4.7,13975
2004-10-12 00:00:00+05:30,4.6,4.6,4.46,4.48,625
2004-10-14 00:00:00+05:30,4.4,4.69,4.4,4.69,1075
2004-10-15 00:00:00+05:30,4.5,4.5,4.4,4.4,250
2004-10-18 00:00:00+05:30,4.76,4.76,4.3,4.4,510
2004-10-19 00:00:00+05:30,4.4,4.4,4.3,4.3,500
2004-10-20 00:00:00+05:30,4.5,4.5,4.2,4.35,2000
2004-10-21 00:00:00+05:30,4.35,4.5,4.35,4.45,2000
2004-10-25 00:00:00+05:30,4.6,4.7,4.4,4.48,3145
2004-10-27 00:00:00+05:30,4.23,4.24,4.22,4.23,3460
2004-10-28 00:00:00+05:30,4.48,4.48,4.48,4.48,1000
2004-10-29 00:00:00+05:30,4.6,4.6,4.3,4.35,1750
2004-11-01 00:00:00+05:30,4.3,4.3,4.3,4.3,250
2004-11-02 00:00:00+05:30,4.2,4.54,4.2,4.54,3500
2004-11-03 00:00:00+05:30,4.12,4.7,4.12,4.66,3450
2004-11-04 00:00:00+05:30,4.45,4.6,4.36,4.44,3000
2004-11-05 00:00:00+05:30,4.25,4.25,4.25,4.25,250
2004-11-08 00:00:00+05:30,4.38,4.38,4.37,4.37,1250
2004-11-09 00:00:00+05:30,4.75,4.8,4.6,4.6,3000
2004-11-10 00:00:00+05:30,4.6,5.09,4.6,4.83,13225
2004-11-11 00:00:00+05:30,4.81,5.0,4.8,4.8,4475
2004-11-16 00:00:00+05:30,4.84,4.84,4.84,4.84,500
2004-11-17 00:00:00+05:30,4.8,5.04,4.6,4.76,12870
2004-11-18 00:00:00+05:30,4.8,4.85,4.71,4.8,9255
2004-11-19 00:00:00+05:30,4.7,4.7,4.61,4.61,2000
2004-11-22 00:00:00+05:30,4.89,4.89,4.77,4.78,1125
2004-11-23 00:00:00+05:30,4.95,5.13,4.9,4.98,11130
2004-11-24 00:00:00+05:30,4.99,5.08,4.92,5.0,2530
2004-11-25 00:00:00+05:30,5.0,5.09,5.0,5.02,8125
2004-11-29 00:00:00+05:30,5.15,5.2,5.0,5.12,9360
2004-11-30 00:00:00+05:30,5.04,5.04,4.86,4.94,6725
2004-12-01 00:00:00+05:30,5.6,5.6,4.8,4.8,5575
2004-12-02 00:00:00+05:30,4.95,5.58,4.95,5.21,30775
2004-12-03 00:00:00+05:30,5.78,5.78,5.19,5.36,18195
2004-12-06 00:00:00+05:30,5.8,5.8,4.97,5.02,25170
2004-12-07 00:00:00+05:30,5.18,6.03,4.91,5.91,228575
2004-12-08 00:00:00+05:30,6.05,6.89,6.0,6.05,169850
2004-12-09 00:00:00+05:30,6.06,6.29,5.7,5.79,47805
2004-12-10 00:00:00+05:30,6.22,6.22,5.7,5.83,18915
2004-12-13 00:00:00+05:30,6.2,6.2,5.86,6.05,19455
2004-12-14 00:00:00+05:30,6.12,6.7,5.87,5.91,19795
2004-12-15 00:00:00+05:30,5.98,7.1,5.98,7.09,381885
2004-12-16 00:00:00+05:30,7.76,8.51,7.76,8.06,2014845
2004-12-17 00:00:00+05:30,8.2,8.4,7.71,7.83,478355
2004-12-20 00:00:00+05:30,7.88,7.98,7.62,7.7,73005
2004-12-21 00:00:00+05:30,7.78,7.94,7.5,7.73,86165
2004-12-22 00:00:00+05:30,7.92,8.3,7.24,7.49,56680
2004-12-23 00:00:00+05:30,7.52,7.54,7.25,7.39,27635
2004-12-24 00:00:00+05:30,7.5,7.6,6.8,7.03,103500
2004-12-27 00:00:00+05:30,6.96,7.68,6.96,7.29,75745
2004-12-28 00:00:00+05:30,7.51,7.9,7.0,7.31,78110
2004-12-29 00:00:00+05:30,7.25,7.33,7.1,7.15,28500
2004-12-30 00:00:00+05:30,7.1,7.68,7.1,7.15,27545
2004-12-31 00:00:00+05:30,7.22,7.22,6.84,6.95,133925
2005-01-03 00:00:00+05:30,7.4,7.4,7.0,7.03,31725
2005-01-04 00:00:00+05:30,6.62,7.2,6.62,7.1,32015
2005-01-05 00:00:00+05:30,7.2,7.22,6.47,6.64,32875
2005-01-06 00:00:00+05:30,6.0,6.6,6.0,6.52,23125
2005-01-07 00:00:00+05:30,6.24,6.6,6.24,6.51,25700
2005-01-10 00:00:00+05:30,6.44,7.16,6.44,6.83,26505
2005-01-11 00:00:00+05:30,6.6,6.69,6.23,6.36,57380
2005-01-12 00:00:00+05:30,6.1,6.4,6.02,6.1,29500
2005-01-13 00:00:00+05:30,6.19,6.19,5.9,6.08,21520
2005-01-14 00:00:00+05:30,6.12,6.2,6.0,6.12,9785
2005-01-17 00:00:00+05:30,6.0,6.0,5.7,5.72,21275
2005-01-18 00:00:00+05:30,6.2,6.2,5.66,6.0,21405
2005-01-19 00:00:00+05:30,5.74,6.08,5.73,5.74,2015
2005-01-20 00:00:00+05:30,5.99,5.99,5.2,5.41,29600
2005-01-24 00:00:00+05:30,5.6,5.6,5.3,5.36,1515
2005-01-25 00:00:00+05:30,5.6,5.6,5.21,5.5,13060
2005-01-27 00:00:00+05:30,5.7,5.98,5.45,5.86,21990
2005-01-28 00:00:00+05:30,6.18,6.45,6.02,6.38,52425
2005-01-31 00:00:00+05:30,6.8,6.8,6.06,6.06,3640
2005-02-01 00:00:00+05:30,6.54,6.54,6.12,6.22,16770
2005-02-02 00:00:00+05:30,6.21,6.4,6.14,6.39,9445
2005-02-03 00:00:00+05:30,6.36,6.82,6.36,6.55,36560
2005-02-04 00:00:00+05:30,6.6,6.6,6.3,6.35,8625
2005-02-07 00:00:00+05:30,6.59,6.6,6.31,6.42,26740
2005-02-08 00:00:00+05:30,6.34,6.38,6.3,6.31,2445
2005-02-09 00:00:00+05:30,6.4,6.5,6.13,6.4,13305
2005-02-10 00:00:00+05:30,6.3,6.5,6.3,6.48,17035
2005-02-11 00:00:00+05:30,6.17,6.4,6.17,6.4,6750
2005-02-14 00:00:00+05:30,6.26,6.48,6.04,6.14,6260
2005-02-15 00:00:00+05:30,6.2,6.3,6.03,6.13,4510
2005-02-16 00:00:00+05:30,6.1,6.2,6.05,6.06,2365
2005-02-17 00:00:00+05:30,5.9,6.0,5.75,6.0,15500
2005-02-18 00:00:00+05:30,6.0,6.1,5.7,5.72,13005
2005-02-21 00:00:00+05:30,5.9,6.09,5.81,5.83,9305
2005-02-22 00:00:00+05:30,6.0,6.18,5.8,5.94,20690
2005-02-23 00:00:00+05:30,6.06,6.16,5.9,6.0,8810
2005-02-24 00:00:00+05:30,5.85,6.1,5.84,5.92,9500
2005-02-25 00:00:00+05:30,5.84,5.98,5.78,5.87,19465
2005-02-28 00:00:00+05:30,5.99,6.0,5.86,6.0,5250
2005-03-01 00:00:00+05:30,5.65,5.99,5.65,5.66,4510
2005-03-02 00:00:00+05:30,6.0,6.0,5.6,5.66,17015
2005-03-03 00:00:00+05:30,5.9,5.9,5.67,5.7,12005
2005-03-04 00:00:00+05:30,5.8,6.26,5.71,6.11,32135
2005-03-07 00:00:00+05:30,5.75,6.7,5.75,6.32,99155
2005-03-08 00:00:00+05:30,6.01,6.28,6.01,6.17,15225
2005-03-09 00:00:00+05:30,6.14,6.4,5.76,5.77,35095
2005-03-10 00:00:00+05:30,6.35,6.35,5.61,5.75,7795
2005-03-11 00:00:00+05:30,6.14,6.14,5.75,5.81,8750
2005-03-14 00:00:00+05:30,6.39,6.39,5.69,5.69,17150
2005-03-15 00:00:00+05:30,5.79,5.79,5.61,5.66,8660
2005-03-16 00:00:00+05:30,5.9,5.9,5.62,5.72,9895
2005-03-17 00:00:00+05:30,5.51,5.69,5.51,5.58,14780
2005-03-18 00:00:00+05:30,5.75,5.75,5.27,5.55,14670
2005-03-21 00:00:00+05:30,5.98,5.98,5.4,5.47,6080
2005-03-22 00:00:00+05:30,5.3,5.66,5.13,5.22,13930
2005-03-23 00:00:00+05:30,5.58,5.58,5.01,5.13,6870
2005-03-24 00:00:00+05:30,5.44,5.44,4.81,5.13,2865
2005-03-28 00:00:00+05:30,5.23,5.23,4.8,4.86,4765
2005-03-29 00:00:00+05:30,5.33,5.33,4.4,4.41,32135
2005-03-30 00:00:00+05:30,4.74,4.74,4.02,4.1,85000
2005-03-31 00:00:00+05:30,4.3,4.31,4.24,4.31,13975
2005-04-01 00:00:00+05:30,4.44,4.52,4.26,4.52,8050
2005-04-04 00:00:00+05:30,4.7,4.75,4.69,4.75,5005
2005-04-05 00:00:00+05:30,4.99,4.99,4.72,4.91,38535
2005-04-06 00:00:00+05:30,5.07,5.16,4.94,5.16,27800
2005-04-07 00:00:00+05:30,5.4,5.4,5.22,5.23,21590
2005-04-08 00:00:00+05:30,5.4,5.5,5.23,5.23,11625
2005-04-11 00:00:00+05:30,5.3,5.3,4.91,5.08,1920
2005-04-12 00:00:00+05:30,5.28,5.28,5.28,5.28,5
2005-04-13 00:00:00+05:30,4.86,5.09,4.86,5.03,14750
2005-04-15 00:00:00+05:30,4.8,4.8,4.8,4.8,495
2005-04-18 00:00:00+05:30,4.9,4.9,4.9,4.9,210
2005-04-19 00:00:00+05:30,4.8,4.8,4.8,4.8,1000
2005-04-20 00:00:00+05:30,5.2,5.2,4.52,5.18,2500
2005-04-21 00:00:00+05:30,4.82,4.82,4.8,4.8,925
2005-04-22 00:00:00+05:30,4.7,4.7,4.7,4.7,850
2005-04-26 00:00:00+05:30,4.64,4.73,4.64,4.66,8000
2005-04-27 00:00:00+05:30,4.7,4.7,4.61,4.62,3500
2005-04-28 00:00:00+05:30,4.68,4.68,4.61,4.61,5130
2005-04-29 00:00:00+05:30,4.62,4.62,4.5,4.5,3000
2005-05-02 00:00:00+05:30,4.58,4.58,4.58,4.58,5000
2005-05-03 00:00:00+05:30,4.6,4.6,4.51,4.51,3000
2005-05-04 00:00:00+05:30,4.68,4.7,4.68,4.69,3750
2005-05-05 00:00:00+05:30,4.63,4.8,4.53,4.64,10505
2005-05-06 00:00:00+05:30,4.5,4.7,4.5,4.57,29000
2005-05-10 00:00:00+05:30,4.94,4.95,4.94,4.95,1000
2005-05-11 00:00:00+05:30,5.0,5.0,4.73,5.0,22295
2005-05-12 00:00:00+05:30,5.38,5.4,4.94,5.12,5455
2005-05-13 00:00:00+05:30,5.3,5.3,4.95,5.01,25000
2005-05-16 00:00:00+05:30,5.01,5.52,5.01,5.52,14775
2005-05-17 00:00:00+05:30,5.8,5.8,5.33,5.8,50835
2005-05-18 00:00:00+05:30,5.61,6.08,5.61,5.92,19100
2005-05-19 00:00:00+05:30,6.18,6.22,5.96,5.99,17875
2005-05-20 00:00:00+05:30,6.29,6.29,6.28,6.29,13800
2005-05-23 00:00:00+05:30,6.4,6.61,6.4,6.61,19455
2005-05-24 00:00:00+05:30,6.6,6.79,6.3,6.3,8505
2005-05-25 00:00:00+05:30,6.5,6.6,6.03,6.2,6000
2005-05-26 00:00:00+05:30,6.1,6.1,6.06,6.06,5580
2005-05-27 00:00:00+05:30,6.16,6.18,5.82,5.82,5240
2005-05-30 00:00:00+05:30,5.8,6.09,5.6,5.63,6330
2005-05-31 00:00:00+05:30,5.6,5.92,5.6,5.92,2510
2005-06-01 00:00:00+05:30,5.7,6.04,5.66,5.8,2250
2005-06-02 00:00:00+05:30,5.79,5.8,5.79,5.8,2750
2005-06-03 00:00:00+05:30,6.0,6.08,5.72,6.02,9005
2005-06-04 00:00:00+05:30,6.0,6.0,6.0,6.0,750
2005-06-06 00:00:00+05:30,6.29,6.29,5.8,5.8,4250
2005-06-07 00:00:00+05:30,5.94,6.08,5.73,5.87,7635
2005-06-08 00:00:00+05:30,6.06,6.1,5.85,6.04,7950
2005-06-09 00:00:00+05:30,6.2,6.2,5.87,5.89,6375
2005-06-10 00:00:00+05:30,6.0,6.0,5.85,5.85,4500
2005-06-13 00:00:00+05:30,5.81,5.81,5.63,5.63,6000
2005-06-14 00:00:00+05:30,5.82,5.82,5.6,5.65,8640
2005-06-15 00:00:00+05:30,5.96,5.96,5.5,5.53,7000
2005-06-16 00:00:00+05:30,5.79,5.8,5.5,5.59,6885
2005-06-17 00:00:00+05:30,5.57,5.57,5.5,5.5,3150
2005-06-20 00:00:00+05:30,5.4,5.4,5.4,5.4,500
2005-06-21 00:00:00+05:30,5.31,5.31,5.27,5.27,2750
2005-06-22 00:00:00+05:30,5.7,5.7,5.4,5.4,4900
2005-06-23 00:00:00+05:30,5.02,5.49,5.02,5.35,4600
2005-06-24 00:00:00+05:30,5.74,5.74,5.4,5.4,3000
2005-06-27 00:00:00+05:30,5.6,5.61,5.6,5.6,1100
2005-06-28 00:00:00+05:30,5.4,5.4,5.4,5.4,100
2005-06-30 00:00:00+05:30,5.4,5.7,5.39,5.65,2255
2005-07-01 00:00:00+05:30,5.97,5.97,5.39,5.48,9615
2005-07-04 00:00:00+05:30,6.0,6.0,5.7,5.89,21010
2005-07-05 00:00:00+05:30,5.9,6.1,5.73,6.07,3625
2005-07-06 00:00:00+05:30,5.85,6.01,5.8,5.8,3000
2005-07-07 00:00:00+05:30,5.56,6.09,5.56,5.8,18955
2005-07-08 00:00:00+05:30,5.9,6.38,5.9,6.38,28200
2005-07-11 00:00:00+05:30,7.02,7.02,7.0,7.02,40955
2005-07-12 00:00:00+05:30,7.54,7.73,7.31,7.69,219535
2005-07-13 00:00:00+05:30,8.07,8.07,7.33,7.62,86040
2005-07-14 00:00:00+05:30,7.63,7.78,7.34,7.4,27945
2005-07-15 00:00:00+05:30,7.38,7.77,7.33,7.57,75105
2005-07-18 00:00:00+05:30,7.95,7.95,7.95,7.95,20680
2005-07-19 00:00:00+05:30,8.2,8.35,8.2,8.35,39740
2005-07-20 00:00:00+05:30,8.75,8.75,7.96,8.17,59730
2005-07-21 00:00:00+05:30,8.4,8.55,8.0,8.01,45210
2005-07-22 00:00:00+05:30,8.2,8.2,7.83,7.97,26585
2005-07-25 00:00:00+05:30,8.33,8.37,8.0,8.04,65330
2005-07-26 00:00:00+05:30,8.2,8.35,7.64,7.71,14820
2005-07-27 00:00:00+05:30,7.51,7.78,7.35,7.41,22025
2005-07-29 00:00:00+05:30,7.4,7.7,7.26,7.37,16230
2005-08-01 00:00:00+05:30,7.54,7.54,7.2,7.25,7200
2005-08-02 00:00:00+05:30,7.44,7.6,7.3,7.38,17290
2005-08-03 00:00:00+05:30,7.4,7.55,7.22,7.31,24965
2005-08-04 00:00:00+05:30,7.2,7.4,7.18,7.18,7435
2005-08-05 00:00:00+05:30,7.02,7.27,6.86,6.95,19255
2005-08-08 00:00:00+05:30,7.28,7.28,6.8,6.99,30935
2005-08-09 00:00:00+05:30,6.99,7.2,6.96,7.2,4000
2005-08-10 00:00:00+05:30,7.4,7.6,7.05,7.13,21815
2005-08-11 00:00:00+05:30,7.1,7.3,7.0,7.19,13590
2005-08-12 00:00:00+05:30,7.2,7.46,7.08,7.46,8000
2005-08-16 00:00:00+05:30,7.22,7.79,7.07,7.63,7575
2005-08-17 00:00:00+05:30,7.76,7.9,7.33,7.64,19795
2005-08-18 00:00:00+05:30,7.62,7.62,7.42,7.5,8750
2005-08-19 00:00:00+05:30,8.18,8.18,7.61,7.77,33240
2005-08-22 00:00:00+05:30,7.4,8.1,7.38,7.98,49035
2005-08-23 00:00:00+05:30,8.38,8.4,7.87,8.08,42430
2005-08-24 00:00:00+05:30,7.7,8.1,7.42,7.86,22435
2005-08-25 00:00:00+05:30,8.0,8.2,8.0,8.19,9160
2005-08-26 00:00:00+05:30,8.2,8.23,7.7,7.87,16515
2005-08-29 00:00:00+05:30,8.29,8.3,7.88,7.89,6695
2005-08-30 00:00:00+05:30,8.3,8.3,7.76,8.02,14505
2005-08-31 00:00:00+05:30,8.0,8.0,7.68,7.75,10495
2005-09-01 00:00:00+05:30,8.4,8.4,7.61,7.85,11255
2005-09-02 00:00:00+05:30,7.89,8.0,7.73,7.94,17625
2005-09-05 00:00:00+05:30,7.8,8.18,7.79,7.82,25500
2005-09-06 00:00:00+05:30,8.07,8.61,8.02,8.61,90810
2005-09-08 00:00:00+05:30,9.47,9.48,9.3,9.48,94705
2005-09-09 00:00:00+05:30,9.94,9.96,9.94,9.96,43495
2005-09-12 00:00:00+05:30,10.4,10.46,9.48,10.43,253125
2005-09-13 00:00:00+05:30,10.5,10.6,10.08,10.24,159600
2005-09-14 00:00:00+05:30,10.59,10.76,10.2,10.4,105555
2005-09-15 00:00:00+05:30,10.52,10.92,10.51,10.92,38470
2005-09-16 00:00:00+05:30,11.47,11.47,10.82,11.28,39590
2005-09-19 00:00:00+05:30,11.4,11.79,10.75,10.75,17955
2005-09-20 00:00:00+05:30,10.6,10.7,10.22,10.22,19955
2005-09-21 00:00:00+05:30,9.8,10.18,9.71,9.71,8250
2005-09-22 00:00:00+05:30,9.23,9.96,9.23,9.25,10050
2005-09-23 00:00:00+05:30,8.91,8.94,8.9,8.9,3500
2005-09-26 00:00:00+05:30,8.6,8.9,8.47,8.9,7250
2005-09-27 00:00:00+05:30,9.28,9.28,8.84,9.08,6225
2005-09-28 00:00:00+05:30,8.72,8.73,8.71,8.73,7000
2005-09-29 00:00:00+05:30,8.51,8.58,8.38,8.38,4600
2005-09-30 00:00:00+05:30,8.38,8.38,7.96,7.96,4600
2005-10-03 00:00:00+05:30,7.58,7.96,7.57,7.95,11765
2005-10-04 00:00:00+05:30,7.57,8.0,7.56,8.0,6240
2005-10-05 00:00:00+05:30,8.16,8.16,7.6,7.79,7010
2005-10-06 00:00:00+05:30,7.8,7.8,7.4,7.4,11690
2005-10-07 00:00:00+05:30,7.6,7.6,7.03,7.2,23850
2005-10-10 00:00:00+05:30,7.47,7.48,7.07,7.22,5330
2005-10-11 00:00:00+05:30,7.13,7.13,7.13,7.13,230
2005-10-13 00:00:00+05:30,7.4,7.4,6.82,6.82,2250
2005-10-14 00:00:00+05:30,6.71,6.71,6.48,6.54,6210
2005-10-17 00:00:00+05:30,6.3,6.6,6.3,6.36,5270
2005-10-18 00:00:00+05:30,6.32,6.32,6.3,6.31,2500
2005-10-19 00:00:00+05:30,6.35,6.35,6.35,6.35,500
2005-10-20 00:00:00+05:30,6.2,6.28,6.04,6.28,5755
2005-10-21 00:00:00+05:30,5.97,5.97,5.97,5.97,250
2005-10-24 00:00:00+05:30,5.79,6.0,5.68,6.0,3005
2005-10-26 00:00:00+05:30,5.8,5.8,5.7,5.7,5750
2005-10-27 00:00:00+05:30,5.5,5.5,5.42,5.42,1500
2005-10-31 00:00:00+05:30,5.42,5.42,5.42,5.42,275
2005-11-01 00:00:00+05:30,5.24,5.67,5.18,5.26,2255
2005-11-02 00:00:00+05:30,5.53,5.53,5.0,5.18,800
2005-11-07 00:00:00+05:30,5.3,5.4,5.1,5.4,2195
2005-11-08 00:00:00+05:30,5.2,5.67,5.2,5.67,4505
2005-11-09 00:00:00+05:30,5.92,5.96,5.71,5.96,4250
2005-11-10 00:00:00+05:30,6.1,6.1,5.82,6.09,7055
2005-11-11 00:00:00+05:30,6.07,6.4,6.07,6.36,5000
2005-11-23 00:00:00+05:30,6.67,6.67,6.19,6.2,695
2005-11-24 00:00:00+05:30,6.5,6.5,5.89,6.24,10900
2005-11-25 00:00:00+05:30,6.25,6.26,6.0,6.02,8595
2005-11-28 00:00:00+05:30,6.33,6.33,5.8,6.2,2755
2005-11-29 00:00:00+05:30,5.91,6.4,5.91,6.4,605
2005-11-30 00:00:00+05:30,6.17,6.54,6.09,6.1,6255
2005-12-02 00:00:00+05:30,5.84,6.0,5.8,6.0,4125
2005-12-05 00:00:00+05:30,5.75,6.2,5.75,5.75,2750
2005-12-06 00:00:00+05:30,6.03,6.03,5.56,6.02,2050
2005-12-07 00:00:00+05:30,5.8,6.03,5.72,6.03,5000
2005-12-09 00:00:00+05:30,5.9,6.25,5.9,6.25,3945
2005-12-12 00:00:00+05:30,6.52,6.53,6.18,6.2,13355
2005-12-13 00:00:00+05:30,6.3,6.3,5.94,6.2,6250
2005-12-14 00:00:00+05:30,6.3,6.44,6.3,6.44,1250
2005-12-16 00:00:00+05:30,6.44,6.44,6.44,6.44,500
2005-12-19 00:00:00+05:30,6.2,6.32,6.12,6.32,750
2005-12-21 00:00:00+05:30,6.02,6.4,6.02,6.4,1000
2005-12-23 00:00:00+05:30,6.08,6.29,6.08,6.27,860
2005-12-30 00:00:00+05:30,5.96,5.96,5.96,5.96,1000
2006-01-02 00:00:00+05:30,5.7,6.09,5.68,6.0,2630
2006-01-03 00:00:00+05:30,5.71,6.17,5.71,5.9,4500
2006-01-04 00:00:00+05:30,6.2,6.2,6.1,6.15,2750
2006-01-05 00:00:00+05:30,6.2,6.4,6.1,6.4,995
2006-01-13 00:00:00+05:30,6.3,6.3,6.1,6.28,1555
2006-01-16 00:00:00+05:30,6.51,6.6,6.24,6.24,15310
2006-01-17 00:00:00+05:30,6.23,6.41,6.23,6.41,1750
2006-01-18 00:00:00+05:30,6.6,6.7,6.5,6.51,8180
2006-01-19 00:00:00+05:30,6.65,6.66,6.62,6.62,2000
2006-01-20 00:00:00+05:30,6.8,6.8,6.8,6.8,2000
2006-01-23 00:00:00+05:30,7.14,7.14,6.87,6.9,5990
2006-01-24 00:00:00+05:30,7.13,7.21,6.85,7.17,7155
2006-01-25 00:00:00+05:30,7.2,7.36,6.86,6.96,3750
2006-01-27 00:00:00+05:30,7.24,7.24,7.24,7.24,250
2006-02-01 00:00:00+05:30,6.88,6.88,6.88,6.88,25
2006-02-07 00:00:00+05:30,6.54,6.54,6.54,6.54,500
2006-02-08 00:00:00+05:30,6.22,6.22,6.22,6.22,5500
2006-02-10 00:00:00+05:30,6.2,6.2,5.92,6.04,9955
2006-02-13 00:00:00+05:30,6.0,6.2,5.86,6.2,2400
2006-02-14 00:00:00+05:30,6.02,6.2,6.0,6.04,2500
2006-02-16 00:00:00+05:30,6.08,6.1,6.08,6.1,35
2006-02-17 00:00:00+05:30,5.81,6.1,5.81,6.1,1920
2006-02-20 00:00:00+05:30,6.0,6.17,6.0,6.0,510
2006-02-21 00:00:00+05:30,5.74,6.0,5.74,6.0,1285
2006-02-22 00:00:00+05:30,5.76,5.76,5.72,5.72,1500
2006-02-23 00:00:00+05:30,5.8,5.8,5.8,5.8,1500
2006-02-24 00:00:00+05:30,5.67,5.99,5.6,5.99,6365
2006-02-27 00:00:00+05:30,5.97,6.1,5.85,6.1,4005
2006-02-28 00:00:00+05:30,6.1,6.4,6.1,6.39,17995
2006-03-01 00:00:00+05:30,6.13,6.13,6.1,6.1,2995
2006-03-02 00:00:00+05:30,5.84,6.2,5.84,6.2,400
2006-03-03 00:00:00+05:30,6.1,6.1,6.1,6.1,5
2006-03-06 00:00:00+05:30,5.83,6.35,5.83,5.86,1775
2006-03-07 00:00:00+05:30,6.0,6.14,5.92,5.97,1745
2006-03-08 00:00:00+05:30,6.25,6.25,5.72,5.73,1505
2006-03-09 00:00:00+05:30,5.61,5.61,5.59,5.59,2860
2006-03-10 00:00:00+05:30,5.59,5.77,5.4,5.43,3325
2006-03-16 00:00:00+05:30,5.47,5.47,5.47,5.47,1105
2006-03-17 00:00:00+05:30,5.42,5.55,5.23,5.23,1785
2006-03-20 00:00:00+05:30,5.23,5.23,5.02,5.02,1250
2006-03-22 00:00:00+05:30,5.1,5.2,5.1,5.2,2000
2006-03-23 00:00:00+05:30,5.1,5.1,5.1,5.1,980
2006-03-24 00:00:00+05:30,5.1,5.1,5.1,5.1,125
2006-03-27 00:00:00+05:30,4.98,4.98,4.85,4.85,1500
2006-03-28 00:00:00+05:30,4.85,4.85,4.61,4.63,1620
2006-03-29 00:00:00+05:30,4.45,4.87,4.45,4.56,3110
2006-03-30 00:00:00+05:30,4.6,4.6,4.6,4.6,250
2006-04-04 00:00:00+05:30,4.83,4.83,4.83,4.83,500
2006-04-07 00:00:00+05:30,4.65,4.65,4.65,4.65,250
2006-04-10 00:00:00+05:30,4.61,4.61,4.61,4.61,360
2006-04-18 00:00:00+05:30,4.67,4.84,4.67,4.84,1000
2006-04-19 00:00:00+05:30,4.88,4.88,4.87,4.87,1050
2006-04-20 00:00:00+05:30,5.12,5.12,5.12,5.12,375
2006-04-21 00:00:00+05:30,5.01,5.01,4.9,4.95,2505
2006-04-24 00:00:00+05:30,4.75,5.18,4.75,5.18,280
2006-04-25 00:00:00+05:30,5.0,5.2,4.95,4.95,5510
2006-04-26 00:00:00+05:30,5.14,5.14,5.14,5.14,50
2006-04-29 00:00:00+05:30,4.89,5.26,4.89,5.23,1245
2006-05-03 00:00:00+05:30,5.4,5.5,5.4,5.46,2695
2006-05-04 00:00:00+05:30,5.4,5.4,5.2,5.2,5250
2006-05-05 00:00:00+05:30,5.45,5.45,5.04,5.4,3300
2006-05-10 00:00:00+05:30,5.4,5.4,5.3,5.3,1125
2006-05-11 00:00:00+05:30,5.17,5.17,5.17,5.17,225
2006-05-12 00:00:00+05:30,5.34,5.34,5.34,5.34,100
2006-05-15 00:00:00+05:30,5.3,5.3,5.09,5.09,3625
2006-05-16 00:00:00+05:30,4.93,4.93,4.84,4.84,11280
2006-05-19 00:00:00+05:30,4.8,4.8,4.8,4.8,2500
2006-05-23 00:00:00+05:30,4.61,4.61,4.61,4.61,1500
2006-05-24 00:00:00+05:30,4.38,4.84,4.38,4.46,1000
2006-05-25 00:00:00+05:30,4.48,4.48,4.48,4.48,500
2006-06-07 00:00:00+05:30,4.2,4.22,4.2,4.21,1995
2006-06-08 00:00:00+05:30,4.3,4.3,4.3,4.3,500
2006-06-09 00:00:00+05:30,4.09,4.09,4.09,4.09,500
2006-06-14 00:00:00+05:30,4.0,4.0,4.0,4.0,50
2006-06-15 00:00:00+05:30,3.91,3.91,3.91,3.91,860
2006-06-19 00:00:00+05:30,3.72,4.1,3.72,4.1,100
2006-06-26 00:00:00+05:30,4.1,4.1,3.96,3.96,750
2006-07-05 00:00:00+05:30,4.35,4.57,4.35,4.55,6100
2006-07-06 00:00:00+05:30,4.39,4.39,4.39,4.39,250
2006-07-10 00:00:00+05:30,4.55,4.55,4.39,4.39,715
2006-07-14 00:00:00+05:30,4.59,4.59,4.59,4.59,25
2006-07-21 00:00:00+05:30,4.8,4.8,4.79,4.79,55
2006-07-26 00:00:00+05:30,4.81,4.81,4.81,4.81,5
2006-08-03 00:00:00+05:30,4.69,4.69,4.69,4.69,130
2006-08-07 00:00:00+05:30,4.56,4.56,4.56,4.56,475
2006-08-09 00:00:00+05:30,4.34,4.34,4.34,4.34,1405
2006-08-11 00:00:00+05:30,4.2,4.56,4.2,4.56,10
2006-08-14 00:00:00+05:30,4.4,4.4,4.4,4.4,250
2006-08-16 00:00:00+05:30,4.4,4.58,4.21,4.23,9970
2006-08-22 00:00:00+05:30,4.21,4.24,4.06,4.06,1510
2006-08-24 00:00:00+05:30,4.19,4.27,4.17,4.27,6000
2006-08-25 00:00:00+05:30,4.15,4.15,4.15,4.15,25
2006-08-29 00:00:00+05:30,4.03,4.03,4.01,4.02,2000
2006-08-30 00:00:00+05:30,4.02,4.02,4.02,4.02,5
2006-08-31 00:00:00+05:30,4.03,4.03,4.03,4.03,1000
2006-09-01 00:00:00+05:30,4.0,4.0,4.0,4.0,500
2006-09-04 00:00:00+05:30,4.0,4.0,4.0,4.0,1000
2006-09-06 00:00:00+05:30,4.2,4.2,4.2,4.2,500
2006-09-07 00:00:00+05:30,4.4,4.41,4.4,4.41,8000
2006-09-08 00:00:00+05:30,4.61,4.61,4.61,4.61,2500
2006-09-11 00:00:00+05:30,4.6,4.61,4.6,4.6,2750
2006-09-12 00:00:00+05:30,4.76,4.76,4.71,4.71,7500
2006-09-13 00:00:00+05:30,4.78,4.8,4.78,4.8,745
2006-09-14 00:00:00+05:30,4.7,4.71,4.7,4.71,550
2006-09-15 00:00:00+05:30,4.71,4.89,4.71,4.8,3760
2006-09-18 00:00:00+05:30,4.56,5.0,4.56,4.6,4225
2006-09-19 00:00:00+05:30,4.55,4.55,4.55,4.55,500
2006-09-20 00:00:00+05:30,4.55,4.57,4.4,4.57,1100
2006-09-26 00:00:00+05:30,4.45,4.45,4.41,4.41,1000
2006-09-27 00:00:00+05:30,4.3,4.58,4.3,4.4,4015
2006-09-29 00:00:00+05:30,4.5,4.5,4.5,4.5,1500
2006-10-12 00:00:00+05:30,4.68,4.68,4.68,4.68,375
2006-10-13 00:00:00+05:30,4.55,4.55,4.55,4.55,500
2006-10-16 00:00:00+05:30,4.5,4.5,4.35,4.5,1025
2006-10-17 00:00:00+05:30,4.3,4.3,4.3,4.3,500
2006-10-26 00:00:00+05:30,4.3,4.32,4.3,4.32,500
2006-10-30 00:00:00+05:30,4.21,4.21,4.21,4.21,500
2006-11-01 00:00:00+05:30,4.4,4.4,4.02,4.02,1125
2006-11-03 00:00:00+05:30,3.83,3.83,3.83,3.83,250
2006-11-07 00:00:00+05:30,3.84,3.84,3.84,3.84,150
2006-11-10 00:00:00+05:30,4.0,4.0,4.0,4.0,500
2006-11-14 00:00:00+05:30,3.9,3.9,3.9,3.9,500
2006-12-01 00:00:00+05:30,3.92,4.0,3.92,3.93,3000
2006-12-04 00:00:00+05:30,4.0,4.0,4.0,4.0,330
2006-12-05 00:00:00+05:30,3.8,3.8,3.8,3.8,250
2006-12-07 00:00:00+05:30,3.9,3.9,3.9,3.9,2995
2006-12-08 00:00:00+05:30,4.1,4.1,4.1,4.1,295
2006-12-12 00:00:00+05:30,3.96,3.96,3.96,3.96,25
2006-12-13 00:00:00+05:30,3.96,3.96,3.96,3.96,500
2006-12-14 00:00:00+05:30,3.84,3.88,3.84,3.88,195
2006-12-18 00:00:00+05:30,4.08,4.08,4.08,4.08,150
2006-12-22 00:00:00+05:30,4.29,4.29,4.29,4.29,400
2006-12-26 00:00:00+05:30,4.51,4.51,4.51,4.51,120
2006-12-27 00:00:00+05:30,4.74,4.74,4.74,4.74,20
2006-12-28 00:00:00+05:30,4.98,4.98,4.98,4.98,500
2006-12-29 00:00:00+05:30,5.23,5.23,5.23,5.23,500
2007-01-02 00:00:00+05:30,5.5,5.5,5.5,5.5,500
2007-01-03 00:00:00+05:30,5.7,5.78,5.7,5.78,3500
2007-01-04 00:00:00+05:30,6.07,6.07,6.07,6.07,500
2007-01-05 00:00:00+05:30,5.81,5.81,5.81,5.81,90
2007-01-08 00:00:00+05:30,5.57,6.02,5.57,6.01,1850
2007-01-09 00:00:00+05:30,6.3,6.3,6.3,6.3,1000
2007-01-10 00:00:00+05:30,6.62,6.62,6.62,6.62,3575
2007-01-11 00:00:00+05:30,6.96,6.96,6.96,6.96,3000
2007-01-12 00:00:00+05:30,7.31,7.31,7.31,7.31,2595
2007-01-15 00:00:00+05:30,7.68,7.68,7.68,7.68,3000
2007-01-16 00:00:00+05:30,7.68,8.07,7.68,8.07,2625
2007-01-17 00:00:00+05:30,8.46,8.47,7.8,7.82,15125
2007-01-18 00:00:00+05:30,7.65,7.65,7.65,7.65,1000
2007-01-19 00:00:00+05:30,7.39,7.4,7.39,7.39,1500
2007-01-22 00:00:00+05:30,7.02,7.02,7.02,7.02,475
2007-01-23 00:00:00+05:30,7.0,7.0,7.0,7.0,250
2007-01-24 00:00:00+05:30,7.0,7.0,6.65,6.65,9005
2007-02-05 00:00:00+05:30,5.7,6.2,5.7,6.2,1875
2007-02-06 00:00:00+05:30,5.91,5.92,5.91,5.92,1000
2007-02-09 00:00:00+05:30,5.63,5.63,5.63,5.63,1000
2007-02-19 00:00:00+05:30,5.64,5.71,5.64,5.71,910
2007-02-20 00:00:00+05:30,6.0,6.0,6.0,6.0,1500
2007-03-12 00:00:00+05:30,5.05,5.05,5.05,5.05,50
2007-03-28 00:00:00+05:30,4.4,4.4,4.01,4.1,51015
2007-03-30 00:00:00+05:30,3.96,4.29,3.9,3.91,6150
2007-04-02 00:00:00+05:30,3.9,4.11,3.9,4.1,555
2007-04-03 00:00:00+05:30,4.3,4.3,4.3,4.3,475
2007-04-04 00:00:00+05:30,4.47,4.47,4.47,4.47,25
2007-04-05 00:00:00+05:30,4.5,4.5,4.5,4.5,980
2007-04-09 00:00:00+05:30,4.73,4.73,4.73,4.73,250
2007-04-10 00:00:00+05:30,4.8,4.89,4.74,4.89,900
2007-04-11 00:00:00+05:30,5.0,5.0,5.0,5.0,5
2007-04-13 00:00:00+05:30,4.8,4.84,4.8,4.84,150
2007-04-16 00:00:00+05:30,4.6,5.0,4.6,4.62,265
2007-04-17 00:00:00+05:30,4.41,4.86,4.41,4.86,255
2007-04-20 00:00:00+05:30,5.11,5.11,5.11,5.11,500
2007-04-30 00:00:00+05:30,4.4,4.4,4.4,4.4,500
2007-05-03 00:00:00+05:30,4.6,4.6,4.41,4.41,1500
2007-05-04 00:00:00+05:30,4.25,4.25,4.25,4.25,125
2007-05-11 00:00:00+05:30,4.09,4.47,4.09,4.15,2750
2007-06-11 00:00:00+05:30,4.86,4.86,4.43,4.85,2000
2007-06-12 00:00:00+05:30,5.0,5.1,4.61,4.88,2450
2007-06-13 00:00:00+05:30,4.89,4.89,4.89,4.89,500
2009-01-06 00:00:00+05:30,4.58,4.58,4.58,4.58,250
2009-01-14 00:00:00+05:30,4.58,4.58,4.58,4.58,500
2009-02-26 00:00:00+05:30,3.56,3.56,3.56,3.56,55
2009-04-15 00:00:00+05:30,3.28,3.28,3.28,3.28,20
2009-04-16 00:00:00+05:30,3.15,3.44,3.15,3.44,600
2009-04-17 00:00:00+05:30,3.44,3.6,3.44,3.6,1135
2009-04-20 00:00:00+05:30,3.42,3.42,3.42,3.42,50
2009-04-21 00:00:00+05:30,3.42,3.42,3.42,3.42,1000
2009-04-22 00:00:00+05:30,3.43,3.43,3.43,3.43,250
2009-04-23 00:00:00+05:30,3.45,3.45,3.4,3.4,2505
2009-04-27 00:00:00+05:30,3.51,3.51,3.51,3.51,500
2009-04-29 00:00:00+05:30,3.4,3.4,3.4,3.4,30
2009-05-06 00:00:00+05:30,3.24,3.24,3.24,3.24,500
2009-05-07 00:00:00+05:30,3.1,3.2,3.08,3.16,2375
2009-05-08 00:00:00+05:30,3.03,3.03,3.02,3.02,550
2009-05-11 00:00:00+05:30,3.05,3.05,3.0,3.0,2450
2009-05-13 00:00:00+05:30,3.0,3.0,2.85,2.9,8855
2009-05-15 00:00:00+05:30,2.76,3.0,2.76,3.0,650
2009-05-19 00:00:00+05:30,2.85,2.85,2.85,2.85,1000
2009-05-20 00:00:00+05:30,2.71,3.0,2.71,3.0,1215
2009-05-21 00:00:00+05:30,3.14,3.14,3.14,3.14,250
2009-05-22 00:00:00+05:30,3.14,3.14,3.08,3.09,11890
2009-05-25 00:00:00+05:30,3.25,3.25,3.25,3.25,5
2009-05-26 00:00:00+05:30,3.42,3.42,3.42,3.42,505
2009-05-27 00:00:00+05:30,3.32,3.59,3.3,3.59,6235
2009-05-28 00:00:00+05:30,3.41,3.77,3.41,3.71,33000
2009-05-29 00:00:00+05:30,3.77,3.77,3.77,3.77,125
2009-06-01 00:00:00+05:30,3.62,3.76,3.62,3.67,12275
2009-06-02 00:00:00+05:30,3.5,3.7,3.49,3.68,11755
2009-06-03 00:00:00+05:30,3.73,3.73,3.53,3.73,3300
2009-06-04 00:00:00+05:30,3.8,3.84,3.55,3.58,10515
2009-06-05 00:00:00+05:30,3.6,3.6,3.6,3.6,3355
2009-06-08 00:00:00+05:30,3.6,3.6,3.6,3.6,250
2009-06-11 00:00:00+05:30,3.6,3.74,3.6,3.6,1005
2009-06-18 00:00:00+05:30,3.42,3.58,3.42,3.57,165
2009-06-25 00:00:00+05:30,3.73,3.73,3.73,3.73,25
2009-07-02 00:00:00+05:30,3.79,3.79,3.55,3.78,30
2009-07-07 00:00:00+05:30,3.59,3.77,3.59,3.77,2050
2009-07-15 00:00:00+05:30,3.59,3.59,3.59,3.59,1680
2009-07-17 00:00:00+05:30,3.41,3.41,3.41,3.41,1000
2009-07-20 00:00:00+05:30,3.55,3.55,3.55,3.55,500
2009-07-21 00:00:00+05:30,3.38,3.38,3.38,3.38,10000
2009-07-22 00:00:00+05:30,3.22,3.22,3.22,3.22,300
2009-07-23 00:00:00+05:30,3.3,3.3,3.22,3.22,2465
2009-07-24 00:00:00+05:30,3.38,3.38,3.2,3.2,5750
2009-07-27 00:00:00+05:30,3.06,3.06,3.06,3.06,360
2009-07-28 00:00:00+05:30,2.98,3.06,2.92,3.06,3000
2009-07-30 00:00:00+05:30,3.18,3.2,3.18,3.2,2500
2009-07-31 00:00:00+05:30,3.04,3.34,3.04,3.34,1000
2009-08-03 00:00:00+05:30,3.18,3.18,3.18,3.18,500
2009-08-04 00:00:00+05:30,3.11,3.29,3.11,3.29,1310
2009-08-05 00:00:00+05:30,3.18,3.27,3.13,3.24,10100
2009-08-06 00:00:00+05:30,3.31,3.31,3.31,3.31,250
2009-08-11 00:00:00+05:30,3.2,3.21,3.2,3.2,775
2009-08-13 00:00:00+05:30,3.2,3.36,3.2,3.33,260
2009-08-14 00:00:00+05:30,3.25,3.25,3.25,3.25,5
2009-08-17 00:00:00+05:30,3.09,3.09,3.09,3.09,50
2009-08-18 00:00:00+05:30,2.95,2.95,2.94,2.94,2450
2009-08-19 00:00:00+05:30,2.9,3.08,2.9,3.08,3850
2009-08-20 00:00:00+05:30,3.0,3.0,3.0,3.0,3000
2009-08-21 00:00:00+05:30,3.0,3.15,3.0,3.15,625
2009-08-25 00:00:00+05:30,3.15,3.2,3.0,3.03,9435
2009-08-26 00:00:00+05:30,3.17,3.17,3.17,3.17,80
2009-08-27 00:00:00+05:30,3.22,3.33,3.12,3.33,9780
2009-08-28 00:00:00+05:30,3.39,3.49,3.39,3.42,1400
2009-08-31 00:00:00+05:30,3.49,3.49,3.49,3.49,10000
2009-09-01 00:00:00+05:30,3.36,3.66,3.36,3.52,19770
2009-09-02 00:00:00+05:30,3.59,3.59,3.59,3.59,50
2009-09-03 00:00:00+05:30,3.6,3.75,3.44,3.75,5810
2009-09-04 00:00:00+05:30,3.57,3.57,3.57,3.57,10100
2009-09-07 00:00:00+05:30,3.6,3.75,3.57,3.75,680
2009-09-09 00:00:00+05:30,3.57,3.7,3.57,3.7,5000
2009-09-10 00:00:00+05:30,3.57,3.57,3.57,3.57,2995
2009-09-11 00:00:00+05:30,3.5,3.5,3.5,3.5,945
2009-09-14 00:00:00+05:30,3.36,3.36,3.35,3.35,2500
2009-09-15 00:00:00+05:30,3.22,3.52,3.22,3.52,6025
2009-09-16 00:00:00+05:30,3.35,3.36,3.35,3.36,1560
2009-09-17 00:00:00+05:30,3.2,3.26,3.2,3.26,505
2009-09-18 00:00:00+05:30,3.43,3.43,3.43,3.43,2280
2009-09-24 00:00:00+05:30,3.58,3.58,3.58,3.58,50
2009-09-25 00:00:00+05:30,3.4,3.43,3.4,3.42,450
2009-09-29 00:00:00+05:30,3.6,3.6,3.6,3.6,275
2009-09-30 00:00:00+05:30,3.74,3.75,3.6,3.6,2725
2009-10-01 00:00:00+05:30,3.75,3.75,3.74,3.74,710
2009-10-05 00:00:00+05:30,3.74,3.74,3.74,3.74,500
2009-10-07 00:00:00+05:30,3.93,3.93,3.58,3.6,1200
2009-10-14 00:00:00+05:30,3.6,3.6,3.6,3.6,500
2009-10-15 00:00:00+05:30,3.42,3.46,3.42,3.42,6690
2009-10-16 00:00:00+05:30,3.6,3.6,3.6,3.6,1315
2009-10-22 00:00:00+05:30,3.74,3.74,3.46,3.74,100
2009-10-23 00:00:00+05:30,3.8,3.8,3.8,3.8,10
2009-10-26 00:00:00+05:30,3.61,3.65,3.61,3.65,1490
2009-10-29 00:00:00+05:30,3.47,3.47,3.47,3.47,5
2009-11-04 00:00:00+05:30,3.65,3.65,3.65,3.65,500
2009-11-11 00:00:00+05:30,3.7,3.7,3.7,3.7,50
2009-11-13 00:00:00+05:30,3.8,3.8,3.8,3.8,500
2009-11-16 00:00:00+05:30,3.84,3.84,3.84,3.84,250
2009-11-18 00:00:00+05:30,3.8,3.8,3.8,3.8,1500
2009-11-19 00:00:00+05:30,3.8,3.8,3.8,3.8,555
2009-11-20 00:00:00+05:30,3.88,3.88,3.88,3.88,1000
2009-11-23 00:00:00+05:30,3.96,3.96,3.71,3.95,80020
2009-11-26 00:00:00+05:30,3.76,3.76,3.76,3.76,1000
2009-11-27 00:00:00+05:30,3.7,3.7,3.58,3.58,3555
2009-11-30 00:00:00+05:30,3.4,3.66,3.4,3.4,325
2009-12-01 00:00:00+05:30,3.57,3.57,3.56,3.56,5000
2009-12-02 00:00:00+05:30,3.4,3.4,3.39,3.39,250
2009-12-03 00:00:00+05:30,3.23,3.55,3.23,3.28,25300
2009-12-08 00:00:00+05:30,3.4,3.45,3.4,3.45,4505
2009-12-09 00:00:00+05:30,3.63,3.63,3.33,3.46,5740
2009-12-10 00:00:00+05:30,3.56,3.64,3.39,3.64,1525
2009-12-11 00:00:00+05:30,3.82,3.83,3.7,3.83,37105
2009-12-14 00:00:00+05:30,3.8,4.03,3.8,3.84,10260
2009-12-15 00:00:00+05:30,3.68,3.68,3.68,3.68,125
2009-12-16 00:00:00+05:30,3.71,3.87,3.62,3.87,1555
2009-12-17 00:00:00+05:30,4.07,4.07,3.74,4.0,1025
2009-12-18 00:00:00+05:30,3.8,4.16,3.8,4.16,5005
2009-12-21 00:00:00+05:30,4.0,4.34,4.0,4.06,2865
2009-12-22 00:00:00+05:30,4.18,4.27,3.89,4.08,9200
2009-12-24 00:00:00+05:30,4.27,4.27,4.01,4.01,2750
2009-12-29 00:00:00+05:30,4.21,4.21,4.21,4.21,500
2009-12-30 00:00:00+05:30,4.0,4.0,4.0,4.0,250
2009-12-31 00:00:00+05:30,3.81,3.81,3.81,3.81,5
2010-01-05 00:00:00+05:30,3.83,3.83,3.83,3.83,50
2010-01-06 00:00:00+05:30,3.83,3.83,3.83,3.83,235
2010-01-12 00:00:00+05:30,4.03,4.03,4.03,4.03,875
2010-01-15 00:00:00+05:30,4.24,4.24,4.24,4.24,5565
2010-01-18 00:00:00+05:30,4.46,4.46,4.46,4.46,250
2010-01-19 00:00:00+05:30,4.69,4.69,4.69,4.69,175
2010-01-20 00:00:00+05:30,4.8,4.8,4.8,4.8,500
2010-01-21 00:00:00+05:30,4.96,4.96,4.96,4.96,5
2010-01-28 00:00:00+05:30,4.89,4.9,4.89,4.9,500
2010-01-29 00:00:00+05:30,4.67,4.67,4.67,4.67,325
2010-02-02 00:00:00+05:30,4.67,4.8,4.67,4.71,995
2010-02-04 00:00:00+05:30,4.95,4.95,4.95,4.95,500
2010-02-05 00:00:00+05:30,5.2,5.2,5.2,5.2,2450
2010-02-08 00:00:00+05:30,5.46,5.46,5.04,5.04,6925
2010-02-11 00:00:00+05:30,5.05,5.05,5.04,5.05,550
2010-02-24 00:00:00+05:30,5.06,5.06,5.06,5.06,50
2010-02-26 00:00:00+05:30,5.1,5.1,5.1,5.1,10
2010-03-08 00:00:00+05:30,4.6,4.7,4.6,4.6,1055
2010-03-09 00:00:00+05:30,4.38,4.38,4.38,4.38,1245
2010-03-17 00:00:00+05:30,4.32,4.32,4.32,4.32,20
2010-03-23 00:00:00+05:30,4.5,4.5,4.5,4.5,250
2010-03-26 00:00:00+05:30,4.7,4.7,4.45,4.47,6250
2010-03-29 00:00:00+05:30,4.4,4.4,4.25,4.32,7255
2010-03-30 00:00:00+05:30,4.13,4.54,4.13,4.39,1795
2010-03-31 00:00:00+05:30,4.61,4.61,4.61,4.61,5
2010-04-01 00:00:00+05:30,4.66,4.66,4.66,4.66,5
2010-04-06 00:00:00+05:30,4.8,4.9,4.8,4.9,500
2010-04-09 00:00:00+05:30,4.68,4.68,4.68,4.68,65
2010-04-12 00:00:00+05:30,4.61,4.61,4.61,4.61,75
2010-04-13 00:00:00+05:30,4.46,4.46,4.46,4.46,125
2010-04-20 00:00:00+05:30,4.69,4.69,4.69,4.69,5
2010-05-10 00:00:00+05:30,5.75,5.75,5.75,5.75,505
2010-05-11 00:00:00+05:30,5.6,5.6,5.47,5.47,255
2010-05-12 00:00:00+05:30,5.3,5.3,5.2,5.2,495
2010-05-27 00:00:00+05:30,4.8,4.8,4.8,4.8,250
2010-05-28 00:00:00+05:30,4.6,4.6,4.6,4.6,500
2010-06-01 00:00:00+05:30,4.7,4.7,4.6,4.6,750
2010-06-04 00:00:00+05:30,4.4,4.4,4.4,4.4,20
2010-06-07 00:00:00+05:30,4.5,4.5,4.5,4.5,250
2010-06-11 00:00:00+05:30,4.71,4.73,4.5,4.73,1155
2010-06-14 00:00:00+05:30,4.6,4.6,4.6,4.6,100
2010-06-16 00:00:00+05:30,4.8,4.8,4.8,4.8,250
2010-06-17 00:00:00+05:30,4.6,4.6,4.6,4.6,250
2010-06-22 00:00:00+05:30,4.83,4.83,4.83,4.83,500
2010-06-23 00:00:00+05:30,4.83,4.83,4.83,4.83,185
2010-06-24 00:00:00+05:30,4.6,4.83,4.6,4.83,2450
2010-06-28 00:00:00+05:30,4.62,4.62,4.62,4.62,250
2010-06-29 00:00:00+05:30,4.86,4.86,4.86,4.86,500
2010-06-30 00:00:00+05:30,4.67,4.67,4.67,4.67,500
2010-07-05 00:00:00+05:30,4.46,4.91,4.46,4.9,1125
2010-07-06 00:00:00+05:30,4.67,5.15,4.67,5.15,1250
2010-07-07 00:00:00+05:30,4.9,5.1,4.9,4.91,5215
2010-07-08 00:00:00+05:30,5.05,5.15,5.05,5.14,1500
2010-07-09 00:00:00+05:30,5.4,5.4,4.93,5.3,1545
2010-07-12 00:00:00+05:30,5.49,5.54,5.49,5.54,1000
2010-07-13 00:00:00+05:30,5.3,5.3,5.27,5.27,1125
2010-07-15 00:00:00+05:30,5.4,5.54,5.4,5.52,4125
2010-07-16 00:00:00+05:30,5.8,5.8,5.8,5.8,2500
2010-07-19 00:00:00+05:30,6.08,6.09,6.08,6.09,5385
2010-07-20 00:00:00+05:30,5.92,6.0,5.92,6.0,1435
2010-07-26 00:00:00+05:30,5.7,5.7,5.7,5.7,500
2010-08-02 00:00:00+05:30,5.7,5.9,5.54,5.8,8070
2010-08-03 00:00:00+05:30,5.79,6.01,5.79,6.01,955
2010-08-04 00:00:00+05:30,6.0,6.0,5.8,5.82,995
2010-08-05 00:00:00+05:30,5.78,5.78,5.62,5.62,75
2010-08-06 00:00:00+05:30,5.66,5.91,5.66,5.69,11480
2010-08-09 00:00:00+05:30,5.5,5.98,5.5,5.98,3000
2010-08-10 00:00:00+05:30,5.95,5.95,5.85,5.85,250
2010-08-16 00:00:00+05:30,6.05,6.05,6.02,6.02,510
2010-08-18 00:00:00+05:30,5.96,5.96,5.8,5.8,295
2010-08-20 00:00:00+05:30,5.52,5.52,5.51,5.51,750
2010-08-23 00:00:00+05:30,5.45,5.6,5.45,5.6,5990
2010-08-24 00:00:00+05:30,5.6,5.6,5.6,5.6,250
2010-08-25 00:00:00+05:30,5.32,5.48,5.32,5.4,2275
2010-08-27 00:00:00+05:30,5.4,5.4,5.13,5.13,15985
2010-08-30 00:00:00+05:30,5.13,5.13,4.88,4.89,34090
2010-08-31 00:00:00+05:30,4.66,4.68,4.65,4.65,52770
2010-09-01 00:00:00+05:30,4.66,4.72,4.42,4.56,113000
2010-09-02 00:00:00+05:30,4.54,4.78,4.54,4.75,855
2010-09-03 00:00:00+05:30,4.8,4.87,4.75,4.75,850
2010-09-06 00:00:00+05:30,4.81,4.99,4.76,4.99,3440
2010-09-07 00:00:00+05:30,4.9,4.9,4.74,4.75,22235
2010-09-08 00:00:00+05:30,4.9,4.94,4.9,4.92,1000
2010-09-14 00:00:00+05:30,4.93,4.93,4.86,4.86,100
2010-09-15 00:00:00+05:30,5.0,5.11,4.85,4.99,905
2010-09-16 00:00:00+05:30,4.8,5.01,4.8,4.98,2705
2010-09-17 00:00:00+05:30,5.0,5.14,5.0,5.03,2220
2010-09-20 00:00:00+05:30,5.25,5.25,5.03,5.03,40
2010-09-21 00:00:00+05:30,5.04,5.04,5.03,5.03,50
2010-09-23 00:00:00+05:30,4.9,5.1,4.8,5.1,1005
2010-09-24 00:00:00+05:30,5.08,5.08,4.97,5.01,145
2010-09-27 00:00:00+05:30,5.01,5.01,5.01,5.01,20
2010-09-28 00:00:00+05:30,5.01,5.01,4.95,4.95,100
2010-10-01 00:00:00+05:30,4.83,5.14,4.83,5.14,60
2010-10-05 00:00:00+05:30,5.1,5.1,5.0,5.01,45
2010-10-06 00:00:00+05:30,4.95,4.95,4.93,4.93,15
2010-10-07 00:00:00+05:30,4.93,4.93,4.7,4.7,125
2010-10-08 00:00:00+05:30,4.47,4.94,4.47,4.6,555
2010-10-12 00:00:00+05:30,4.49,4.83,4.49,4.64,3030
2010-10-13 00:00:00+05:30,4.8,4.83,4.7,4.83,595
2010-10-14 00:00:00+05:30,5.0,5.0,4.9,4.9,255
2010-10-15 00:00:00+05:30,4.67,5.15,4.67,5.03,1625
2010-10-18 00:00:00+05:30,4.81,5.1,4.81,5.0,250
2010-10-19 00:00:00+05:30,5.2,5.2,5.2,5.2,5
2010-10-20 00:00:00+05:30,5.46,5.46,5.2,5.26,35
2010-10-21 00:00:00+05:30,5.53,5.53,5.2,5.2,1750
2010-10-22 00:00:00+05:30,5.46,5.46,4.97,5.22,6870
2010-10-25 00:00:00+05:30,5.22,5.22,4.98,4.98,310
2010-10-26 00:00:00+05:30,5.2,5.2,4.8,4.85,2575
2010-10-27 00:00:00+05:30,5.1,5.1,4.96,4.99,6275
2010-10-28 00:00:00+05:30,5.24,5.24,5.2,5.24,17750
2010-10-29 00:00:00+05:30,5.24,5.24,4.98,5.03,1275
2010-11-01 00:00:00+05:30,5.24,5.24,5.0,5.04,770
2010-11-02 00:00:00+05:30,5.3,5.3,5.02,5.02,840
2010-11-03 00:00:00+05:30,5.26,5.26,5.03,5.03,10
2010-11-04 00:00:00+05:30,5.26,5.26,4.91,4.97,1810
2010-11-05 00:00:00+05:30,5.2,5.2,5.2,5.2,5
2010-11-08 00:00:00+05:30,5.72,5.72,4.68,5.14,2495
2010-11-09 00:00:00+05:30,5.65,5.65,5.12,5.14,11635
2010-11-10 00:00:00+05:30,5.39,5.39,5.14,5.15,570
2010-11-11 00:00:00+05:30,5.22,5.53,5.22,5.4,5020
2010-11-12 00:00:00+05:30,5.4,5.4,5.4,5.4,5
2010-11-15 00:00:00+05:30,5.59,5.6,5.0,5.14,5055
2010-11-16 00:00:00+05:30,5.59,5.59,4.81,5.1,1660
2010-11-18 00:00:00+05:30,5.6,5.6,4.7,5.08,3730
2010-11-19 00:00:00+05:30,5.59,5.59,4.71,4.94,17625
2010-11-22 00:00:00+05:30,4.5,5.34,4.5,4.99,2975
2010-11-23 00:00:00+05:30,4.55,4.9,4.51,4.9,3610
2010-11-24 00:00:00+05:30,5.25,5.25,4.8,4.83,1340
2010-11-25 00:00:00+05:30,5.3,5.3,4.43,4.75,3025
2010-11-26 00:00:00+05:30,4.4,4.69,4.3,4.6,1975
2010-11-29 00:00:00+05:30,4.24,4.79,4.2,4.54,3735
2010-11-30 00:00:00+05:30,4.97,4.97,4.2,4.48,4575
2010-12-01 00:00:00+05:30,4.26,4.4,4.2,4.28,1475
2010-12-02 00:00:00+05:30,4.6,4.7,4.26,4.62,1365
2010-12-03 00:00:00+05:30,5.0,5.08,4.29,4.52,3400
2010-12-06 00:00:00+05:30,4.2,4.97,4.2,4.95,55
2010-12-08 00:00:00+05:30,4.47,4.6,4.46,4.55,3320
2010-12-09 00:00:00+05:30,4.11,4.11,4.11,4.11,880
2010-12-10 00:00:00+05:30,3.8,4.2,3.8,3.9,7085
2010-12-13 00:00:00+05:30,3.55,3.55,3.55,3.55,5
2010-12-15 00:00:00+05:30,3.41,3.73,3.41,3.73,85
2010-12-20 00:00:00+05:30,3.86,3.92,3.86,3.92,20
2010-12-22 00:00:00+05:30,4.12,4.12,4.03,4.03,10
2010-12-23 00:00:00+05:30,4.12,4.12,4.12,4.12,5
2010-12-28 00:00:00+05:30,4.33,4.33,4.33,4.33,20
2011-01-03 00:00:00+05:30,4.14,4.34,4.14,4.27,1300
2011-01-05 00:00:00+05:30,4.49,4.49,4.25,4.49,245
2011-01-10 00:00:00+05:30,4.06,4.44,4.06,4.44,1640
2011-01-11 00:00:00+05:30,4.28,4.28,4.28,4.28,500
2011-01-12 00:00:00+05:30,4.71,4.71,4.71,4.71,675
2011-01-13 00:00:00+05:30,4.71,4.71,4.71,4.71,5
2011-01-17 00:00:00+05:30,4.71,4.71,4.65,4.65,95
2011-01-20 00:00:00+05:30,5.12,5.12,4.47,4.72,1080
2011-01-21 00:00:00+05:30,4.41,4.98,4.4,4.98,825
2011-01-24 00:00:00+05:30,4.55,4.55,4.55,4.55,5
2011-01-25 00:00:00+05:30,4.55,4.98,4.55,4.6,265
2011-01-27 00:00:00+05:30,5.06,5.06,4.14,5.02,1735
2011-01-28 00:00:00+05:30,5.0,5.0,4.99,4.99,5005
2011-02-01 00:00:00+05:30,4.49,4.49,4.49,4.49,250
2011-02-02 00:00:00+05:30,4.07,4.75,4.07,4.75,160
2011-02-03 00:00:00+05:30,4.6,4.6,4.6,4.6,250
2011-02-04 00:00:00+05:30,4.22,5.06,4.22,4.6,8705
2011-02-07 00:00:00+05:30,4.22,4.92,4.2,4.41,765
2011-02-10 00:00:00+05:30,4.6,4.6,4.37,4.37,30
2011-02-11 00:00:00+05:30,4.69,4.69,3.97,4.0,12010
2011-02-14 00:00:00+05:30,4.0,4.0,4.0,4.0,250
2011-02-15 00:00:00+05:30,3.72,4.34,3.72,3.8,165
2011-02-16 00:00:00+05:30,4.17,4.17,4.17,4.17,60
2011-02-17 00:00:00+05:30,4.59,4.59,3.91,4.35,4620
2011-02-18 00:00:00+05:30,4.4,4.4,4.0,4.38,1290
2011-02-21 00:00:00+05:30,4.0,4.0,4.0,4.0,100
2011-02-22 00:00:00+05:30,4.39,4.39,4.0,4.3,11000
2011-02-24 00:00:00+05:30,3.88,4.34,3.87,3.89,4765
2011-02-25 00:00:00+05:30,3.66,4.24,3.6,3.68,5080
2011-02-28 00:00:00+05:30,3.91,3.94,3.91,3.92,590
2011-03-03 00:00:00+05:30,4.3,4.31,4.04,4.09,625
2011-03-04 00:00:00+05:30,4.09,4.09,3.95,3.97,435
2011-03-09 00:00:00+05:30,3.46,4.35,3.46,3.62,320
2011-03-11 00:00:00+05:30,3.99,4.35,3.24,4.02,64135
2011-03-14 00:00:00+05:30,3.85,4.07,3.85,4.04,860
2011-03-15 00:00:00+05:30,4.07,4.07,4.07,4.07,1000
2011-03-16 00:00:00+05:30,3.7,4.15,3.6,4.0,3205
2011-03-17 00:00:00+05:30,3.62,3.67,3.43,3.6,38045
2011-03-18 00:00:00+05:30,3.4,3.74,3.4,3.46,555
2011-03-21 00:00:00+05:30,3.6,3.6,3.5,3.6,10035
2011-03-22 00:00:00+05:30,3.62,3.62,3.6,3.6,1010
2011-03-24 00:00:00+05:30,3.68,3.68,3.31,3.63,8065
2011-03-25 00:00:00+05:30,3.43,3.43,3.31,3.31,750
2011-03-28 00:00:00+05:30,3.4,3.6,3.34,3.6,3480
2011-03-29 00:00:00+05:30,3.6,4.0,3.5,3.6,45565
2011-03-30 00:00:00+05:30,3.4,4.32,3.4,3.6,3990
2011-04-01 00:00:00+05:30,3.72,3.72,3.62,3.63,120
2011-04-04 00:00:00+05:30,3.8,3.8,3.8,3.8,1000
2011-04-05 00:00:00+05:30,3.8,3.84,3.8,3.83,350
2011-04-06 00:00:00+05:30,3.82,3.88,3.82,3.88,1375
2011-04-07 00:00:00+05:30,3.73,3.73,3.72,3.72,500
2011-04-08 00:00:00+05:30,3.72,3.88,3.72,3.72,3050
2011-04-11 00:00:00+05:30,3.67,4.17,3.67,4.15,1615
2011-04-13 00:00:00+05:30,3.91,3.95,3.91,3.95,515
2011-04-15 00:00:00+05:30,4.63,4.63,4.15,4.15,7360
2011-04-18 00:00:00+05:30,3.45,4.35,3.45,4.35,2375
2011-04-19 00:00:00+05:30,5.22,5.22,3.72,4.39,5005
2011-04-20 00:00:00+05:30,4.25,4.25,4.25,4.25,25
2011-04-27 00:00:00+05:30,3.9,4.44,3.9,4.44,3925
2011-04-28 00:00:00+05:30,4.1,4.38,4.1,4.2,1505
2011-05-04 00:00:00+05:30,3.76,3.76,3.76,3.76,250
2011-05-06 00:00:00+05:30,3.67,3.92,3.2,3.7,3750
2011-05-10 00:00:00+05:30,3.8,3.83,3.8,3.83,55
2011-05-11 00:00:00+05:30,3.71,4.25,3.71,4.19,3500
2011-05-12 00:00:00+05:30,3.53,3.79,3.53,3.73,1240
2011-05-16 00:00:00+05:30,4.02,4.18,4.02,4.07,115
2011-05-18 00:00:00+05:30,4.6,4.6,3.6,3.88,1105
2011-05-24 00:00:00+05:30,4.57,4.57,4.55,4.55,395
2011-05-26 00:00:00+05:30,4.01,4.8,4.01,4.63,3310
2011-05-30 00:00:00+05:30,4.47,5.25,4.47,5.25,5795
2011-05-31 00:00:00+05:30,5.25,5.4,4.68,5.12,11010
2011-06-01 00:00:00+05:30,4.8,5.6,4.6,5.44,151015
2011-06-02 00:00:00+05:30,5.13,5.13,4.96,4.96,1000
2011-06-03 00:00:00+05:30,5.4,5.4,4.9,5.01,1045
2011-06-06 00:00:00+05:30,5.0,5.0,4.86,4.87,1150
2011-06-07 00:00:00+05:30,4.62,5.12,4.6,4.6,805
2011-06-08 00:00:00+05:30,5.06,5.06,4.57,4.98,6290
2011-06-09 00:00:00+05:30,5.0,5.0,5.0,5.0,120
2011-06-10 00:00:00+05:30,5.0,5.0,4.9,4.97,520
2011-06-13 00:00:00+05:30,4.62,4.89,4.62,4.89,405
2011-06-14 00:00:00+05:30,4.7,5.0,4.7,4.81,4630
2011-06-15 00:00:00+05:30,5.28,5.28,5.12,5.12,10
2011-06-16 00:00:00+05:30,4.71,5.1,4.71,5.05,35
2011-06-28 00:00:00+05:30,4.95,4.96,4.95,4.96,1500
2011-06-29 00:00:00+05:30,4.8,4.8,4.8,4.8,435
2011-07-01 00:00:00+05:30,4.91,4.91,4.91,4.91,25
2011-07-04 00:00:00+05:30,4.89,4.89,4.89,4.89,135
2011-07-06 00:00:00+05:30,4.99,4.99,4.65,4.65,1080
2011-07-07 00:00:00+05:30,4.51,4.51,4.5,4.5,500
2011-07-08 00:00:00+05:30,4.5,4.5,4.4,4.4,500
2011-07-11 00:00:00+05:30,4.4,4.6,4.4,4.6,1140
2011-07-12 00:00:00+05:30,4.38,4.38,4.38,4.38,200
2011-07-13 00:00:00+05:30,4.38,4.38,4.38,4.38,500
2011-07-19 00:00:00+05:30,4.6,4.6,4.6,4.6,250
2011-07-26 00:00:00+05:30,4.43,4.43,4.43,4.43,1000
2011-08-02 00:00:00+05:30,4.64,4.65,4.64,4.65,255
2011-08-03 00:00:00+05:30,4.8,4.8,4.8,4.8,250
2011-08-04 00:00:00+05:30,4.83,5.04,4.56,4.6,2935
2011-08-05 00:00:00+05:30,4.83,4.83,4.83,4.83,500
2011-08-08 00:00:00+05:30,5.07,5.08,4.92,4.92,13315
2011-08-09 00:00:00+05:30,4.7,4.7,4.69,4.69,750
2011-08-10 00:00:00+05:30,4.48,4.92,4.47,4.84,6025
2011-08-11 00:00:00+05:30,4.6,4.66,4.6,4.61,2510
2011-08-12 00:00:00+05:30,4.61,4.84,4.61,4.84,2250
2011-08-16 00:00:00+05:30,4.6,5.0,4.6,4.61,3055
2011-08-17 00:00:00+05:30,4.84,4.84,4.6,4.84,14500
2011-08-19 00:00:00+05:30,4.6,4.6,4.6,4.6,1250
2011-08-22 00:00:00+05:30,4.4,4.4,4.4,4.4,5
2011-08-23 00:00:00+05:30,4.6,4.61,4.6,4.61,1500
2011-08-24 00:00:00+05:30,4.43,4.6,4.43,4.6,2245
2011-08-25 00:00:00+05:30,4.59,4.6,4.59,4.6,1390
2011-08-26 00:00:00+05:30,4.41,4.41,4.41,4.41,250
2011-08-29 00:00:00+05:30,4.63,4.63,4.63,4.63,1840
2011-09-02 00:00:00+05:30,4.44,4.44,4.44,4.44,1025
2011-09-15 00:00:00+05:30,5.2,5.2,4.8,4.8,515
2011-09-20 00:00:00+05:30,4.56,4.56,4.56,4.56,500
2011-09-26 00:00:00+05:30,4.4,4.42,4.4,4.41,22450
2011-09-28 00:00:00+05:30,4.32,4.6,4.32,4.33,755
2011-09-29 00:00:00+05:30,4.55,4.55,4.55,4.55,5
2011-09-30 00:00:00+05:30,4.78,4.78,4.78,4.78,1000
2011-10-05 00:00:00+05:30,4.55,4.55,4.55,4.55,250
2011-10-14 00:00:00+05:30,4.56,4.56,4.37,4.37,2750
2011-10-17 00:00:00+05:30,4.59,4.59,4.59,4.59,500
2011-10-18 00:00:00+05:30,4.75,4.75,4.4,4.4,500
2011-10-28 00:00:00+05:30,4.62,4.62,4.62,4.62,925
2011-10-31 00:00:00+05:30,4.86,4.86,4.86,4.86,5
2011-11-02 00:00:00+05:30,5.11,5.11,5.11,5.11,5
2011-11-03 00:00:00+05:30,5.37,5.37,5.37,5.37,500
2011-11-04 00:00:00+05:30,5.64,5.64,5.64,5.64,1375
2011-11-08 00:00:00+05:30,5.84,5.93,5.84,5.9,15610
2011-11-09 00:00:00+05:30,5.66,6.14,5.61,5.98,3260
2011-11-14 00:00:00+05:30,6.14,6.14,5.87,5.87,550
2011-11-15 00:00:00+05:30,5.58,5.58,5.58,5.58,450
2011-11-18 00:00:00+05:30,5.3,5.3,5.3,5.3,450
2011-11-21 00:00:00+05:30,5.3,5.3,5.3,5.3,855
2011-11-28 00:00:00+05:30,5.4,5.57,5.4,5.57,3650
2011-11-29 00:00:00+05:30,5.83,5.84,5.62,5.82,5180
2011-11-30 00:00:00+05:30,6.09,6.09,5.58,5.58,2900
2011-12-02 00:00:00+05:30,5.3,5.3,5.3,5.3,500
2011-12-09 00:00:00+05:30,5.54,5.54,5.54,5.54,450
2011-12-12 00:00:00+05:30,5.59,5.59,5.59,5.59,270
2011-12-16 00:00:00+05:30,5.32,5.32,5.32,5.32,5
2011-12-26 00:00:00+05:30,4.41,4.41,4.41,4.41,750
2011-12-27 00:00:00+05:30,4.41,4.41,4.41,4.41,5
2011-12-29 00:00:00+05:30,4.27,4.27,4.27,4.27,25
2011-12-30 00:00:00+05:30,4.24,4.24,4.22,4.23,1500
2012-01-03 00:00:00+05:30,4.02,4.02,4.02,4.02,5
2012-01-11 00:00:00+05:30,4.22,4.22,4.22,4.22,825
2012-01-19 00:00:00+05:30,4.43,4.43,4.43,4.43,750
2012-01-23 00:00:00+05:30,4.23,4.23,4.23,4.23,2400
2012-01-24 00:00:00+05:30,4.44,4.44,4.44,4.44,690
2012-01-25 00:00:00+05:30,4.66,4.66,4.66,4.66,10
2012-01-27 00:00:00+05:30,4.52,4.52,4.52,4.52,40
2012-02-02 00:00:00+05:30,4.74,4.74,4.4,4.5,1135
2012-02-03 00:00:00+05:30,4.72,4.72,4.72,4.72,35
2012-02-06 00:00:00+05:30,4.8,4.8,4.8,4.8,20
2012-02-07 00:00:00+05:30,4.7,4.72,4.7,4.72,615
2012-02-09 00:00:00+05:30,4.57,4.57,4.57,4.57,50
2012-02-10 00:00:00+05:30,4.37,4.4,4.37,4.4,680
2012-02-14 00:00:00+05:30,4.62,4.62,4.62,4.62,20
2012-02-15 00:00:00+05:30,4.85,4.85,4.85,4.85,1875
2012-02-17 00:00:00+05:30,4.65,5.09,4.65,5.09,1625
2012-02-21 00:00:00+05:30,4.85,5.06,4.85,5.06,650
2012-02-22 00:00:00+05:30,5.3,5.3,5.3,5.3,200
2012-02-27 00:00:00+05:30,5.5,5.5,5.5,5.5,500
2012-02-28 00:00:00+05:30,5.23,5.23,5.23,5.23,3125
2012-02-29 00:00:00+05:30,5.2,5.2,5.2,5.2,250
2012-03-01 00:00:00+05:30,5.35,5.36,4.95,5.15,2000
2012-03-02 00:00:00+05:30,5.1,5.1,4.92,4.93,520
2012-03-03 00:00:00+05:30,4.92,4.92,4.91,4.92,1300
2012-03-13 00:00:00+05:30,4.89,4.89,4.89,4.89,450
2012-03-16 00:00:00+05:30,4.84,4.84,4.84,4.84,500
2012-03-20 00:00:00+05:30,4.78,4.78,4.78,4.78,5
2012-03-21 00:00:00+05:30,4.9,5.0,4.9,5.0,11000
2012-03-26 00:00:00+05:30,4.9,4.9,4.9,4.9,85
2012-03-30 00:00:00+05:30,4.8,4.8,4.8,4.8,500
2012-04-02 00:00:00+05:30,4.98,4.98,4.98,4.98,25
2012-04-03 00:00:00+05:30,5.22,5.22,4.75,5.21,90
2012-04-04 00:00:00+05:30,5.41,5.41,5.34,5.34,30
2012-04-09 00:00:00+05:30,5.4,5.6,5.4,5.59,265
2012-04-10 00:00:00+05:30,5.86,5.86,5.59,5.59,25
2012-04-12 00:00:00+05:30,5.4,5.4,5.4,5.4,5
2012-04-13 00:00:00+05:30,5.64,5.64,5.64,5.64,10
2012-04-16 00:00:00+05:30,5.92,5.92,5.36,5.41,30440
2012-04-17 00:00:00+05:30,5.68,5.68,5.38,5.38,55
2012-04-18 00:00:00+05:30,5.16,5.16,5.16,5.16,50
2012-04-19 00:00:00+05:30,5.12,5.12,5.12,5.12,500
2012-04-20 00:00:00+05:30,5.37,5.37,5.28,5.28,510
2012-04-24 00:00:00+05:30,5.48,5.48,5.04,5.04,265
2012-04-25 00:00:00+05:30,5.29,5.29,5.18,5.2,80
2012-04-26 00:00:00+05:30,5.46,5.46,5.36,5.46,15
2012-04-28 00:00:00+05:30,5.72,5.72,5.7,5.7,15
2012-04-30 00:00:00+05:30,5.98,5.98,5.9,5.94,15
2012-05-02 00:00:00+05:30,6.16,6.16,5.9,5.9,10
2012-05-04 00:00:00+05:30,5.97,5.97,5.97,5.97,5
2012-05-08 00:00:00+05:30,6.2,6.2,6.2,6.2,5
2012-05-09 00:00:00+05:30,6.51,6.51,6.4,6.4,20
2012-05-11 00:00:00+05:30,6.72,6.72,6.68,6.68,15
2012-05-14 00:00:00+05:30,6.68,6.68,6.68,6.68,5
2012-05-16 00:00:00+05:30,6.35,6.35,6.35,6.35,30
2012-06-13 00:00:00+05:30,5.17,5.17,5.17,5.17,1250
2012-06-14 00:00:00+05:30,4.92,4.92,4.92,4.92,150
2012-06-20 00:00:00+05:30,4.71,4.71,4.71,4.71,125
2012-06-22 00:00:00+05:30,4.62,4.62,4.62,4.62,200
2012-06-25 00:00:00+05:30,4.63,4.63,4.63,4.63,1495
2012-06-28 00:00:00+05:30,4.62,4.62,4.62,4.62,360
2012-06-29 00:00:00+05:30,4.39,4.39,4.39,4.39,400
2012-07-03 00:00:00+05:30,4.6,4.6,4.6,4.6,490
2012-07-06 00:00:00+05:30,4.83,4.83,4.83,4.83,495
2012-07-19 00:00:00+05:30,5.31,5.31,5.31,5.31,10
2012-07-25 00:00:00+05:30,5.31,5.31,5.31,5.31,5
2012-07-30 00:00:00+05:30,5.37,5.37,5.37,5.37,705
2012-08-07 00:00:00+05:30,5.2,5.2,5.2,5.2,80
2012-08-21 00:00:00+05:30,4.8,4.99,4.57,4.57,5210
2012-09-10 00:00:00+05:30,4.11,4.38,4.0,4.16,5010
2012-09-11 00:00:00+05:30,4.02,4.36,3.96,4.02,2160
2012-09-12 00:00:00+05:30,4.0,4.1,3.83,4.1,1275
2012-09-13 00:00:00+05:30,4.28,4.28,3.9,3.9,11505
2012-09-14 00:00:00+05:30,3.73,4.09,3.71,4.02,32615
2012-09-17 00:00:00+05:30,3.87,3.87,3.86,3.86,5325
2012-09-18 00:00:00+05:30,3.87,3.87,3.87,3.87,1500
2012-09-20 00:00:00+05:30,3.8,3.8,3.8,3.8,2500
2012-09-24 00:00:00+05:30,3.81,3.81,3.81,3.81,700
2012-09-25 00:00:00+05:30,3.94,3.94,3.94,3.94,500
2012-09-27 00:00:00+05:30,3.92,3.92,3.92,3.92,300
2012-09-28 00:00:00+05:30,3.82,3.98,3.73,3.98,4475
2012-10-03 00:00:00+05:30,3.8,3.85,3.8,3.85,495
2012-10-04 00:00:00+05:30,4.02,4.02,4.02,4.02,75
2012-10-05 00:00:00+05:30,3.82,3.82,3.82,3.82,500
2012-10-08 00:00:00+05:30,4.0,4.0,4.0,4.0,500
2012-10-09 00:00:00+05:30,3.93,3.93,3.93,3.93,35
2012-10-17 00:00:00+05:30,3.9,3.9,3.74,3.79,2795
2012-10-18 00:00:00+05:30,3.84,3.85,3.84,3.85,2500
2012-10-19 00:00:00+05:30,3.81,3.81,3.81,3.81,40
2012-10-22 00:00:00+05:30,4.0,4.0,3.94,3.99,35
2012-10-25 00:00:00+05:30,3.8,3.8,3.8,3.8,1000
2012-10-26 00:00:00+05:30,3.62,3.62,3.62,3.62,225
2012-11-08 00:00:00+05:30,3.63,3.63,3.63,3.63,20
2012-12-17 00:00:00+05:30,4.08,4.08,4.08,4.08,20
2012-12-18 00:00:00+05:30,4.26,4.26,4.26,4.26,5
2012-12-19 00:00:00+05:30,4.47,4.47,4.47,4.47,5
2012-12-20 00:00:00+05:30,4.69,4.69,4.69,4.69,5
2012-12-21 00:00:00+05:30,4.86,4.86,4.8,4.8,15
2012-12-27 00:00:00+05:30,5.04,5.04,5.0,5.0,10
2012-12-28 00:00:00+05:30,5.25,5.25,5.04,5.04,10
2013-01-01 00:00:00+05:30,5.29,5.29,4.79,4.79,2560
2013-01-04 00:00:00+05:30,4.56,4.56,4.56,4.56,1250
2013-01-08 00:00:00+05:30,4.34,4.34,4.34,4.34,255
2013-01-09 00:00:00+05:30,4.14,4.14,4.14,4.14,500
2013-01-10 00:00:00+05:30,4.08,4.08,4.08,4.08,500
2013-01-14 00:00:00+05:30,3.91,3.91,3.91,3.91,175
2013-01-21 00:00:00+05:30,3.75,3.75,3.74,3.74,1500
2013-01-22 00:00:00+05:30,3.61,3.61,3.56,3.56,2940
2013-01-23 00:00:00+05:30,3.43,3.43,3.43,3.43,1000
2013-01-29 00:00:00+05:30,3.4,3.4,3.4,3.4,10
2013-02-07 00:00:00+05:30,3.35,3.35,3.35,3.35,150
2013-02-12 00:00:00+05:30,3.22,3.22,3.22,3.22,150
2013-02-14 00:00:00+05:30,3.09,3.09,3.08,3.08,500
2013-02-15 00:00:00+05:30,3.09,3.09,3.09,3.09,175
2013-02-18 00:00:00+05:30,3.0,3.0,3.0,3.0,500
2013-02-28 00:00:00+05:30,2.86,2.86,2.85,2.85,1850
2013-03-05 00:00:00+05:30,2.85,2.85,2.85,2.85,15
2013-03-08 00:00:00+05:30,2.99,2.99,2.85,2.85,2500
2013-03-12 00:00:00+05:30,2.73,2.8,2.73,2.8,200
2013-12-11 00:00:00+05:30,2.54,2.54,2.54,2.54,20
2013-12-12 00:00:00+05:30,2.42,2.42,2.42,2.42,10
2013-12-13 00:00:00+05:30,2.3,2.3,2.3,2.3,20
2013-12-16 00:00:00+05:30,2.2,2.2,2.2,2.2,10
2013-12-18 00:00:00+05:30,2.2,2.2,2.2,2.2,510
2013-12-19 00:00:00+05:30,2.3,2.3,2.3,2.3,2500
2013-12-23 00:00:00+05:30,2.3,2.3,2.3,2.3,3000
2013-12-27 00:00:00+05:30,2.35,2.35,2.35,2.35,5000
2013-12-30 00:00:00+05:30,2.28,2.28,2.28,2.28,40
2014-01-15 00:00:00+05:30,2.2,2.2,2.2,2.2,25
2014-01-17 00:00:00+05:30,2.1,2.1,2.1,2.1,25
2014-01-23 00:00:00+05:30,2.02,2.02,2.02,2.02,15
2014-02-07 00:00:00+05:30,2.12,2.12,2.12,2.12,5
2014-02-10 00:00:00+05:30,2.22,2.22,2.22,2.22,5
2014-02-19 00:00:00+05:30,2.13,2.13,2.13,2.13,10
2014-02-26 00:00:00+05:30,2.23,2.23,2.23,2.23,5
2014-02-28 00:00:00+05:30,2.34,2.34,2.34,2.34,5
2014-03-04 00:00:00+05:30,2.45,2.45,2.45,2.45,5
2014-03-05 00:00:00+05:30,2.57,2.57,2.57,2.57,100
2014-03-07 00:00:00+05:30,2.69,2.69,2.69,2.69,5
2014-03-10 00:00:00+05:30,2.82,2.82,2.82,2.82,1200
2014-03-11 00:00:00+05:30,2.96,2.96,2.96,2.96,350
2014-03-12 00:00:00+05:30,2.9,3.1,2.9,3.1,1000
2014-04-09 00:00:00+05:30,3.2,3.2,3.2,3.2,500
2014-04-15 00:00:00+05:30,3.2,3.2,3.2,3.2,2500
2014-05-06 00:00:00+05:30,3.36,3.36,3.36,3.36,2000
2014-05-12 00:00:00+05:30,3.2,3.2,3.2,3.2,500
2014-05-13 00:00:00+05:30,3.04,3.04,3.04,3.04,5
2014-05-14 00:00:00+05:30,2.9,2.9,2.9,2.9,10
2014-05-23 00:00:00+05:30,3.04,3.04,3.04,3.04,175
2014-06-10 00:00:00+05:30,3.19,3.19,3.19,3.19,780
2015-12-28 00:00:00+05:30,9.86,10.65,9.79,9.8,4295
2015-12-29 00:00:00+05:30,9.82,10.66,9.82,10.47,12155
2015-12-30 00:00:00+05:30,10.2,11.59,9.81,10.4,133035
2015-12-31 00:00:00+05:30,10.4,10.8,10.4,10.8,3770
2016-01-01 00:00:00+05:30,10.8,11.39,10.02,10.8,2530
2016-01-04 00:00:00+05:30,10.79,10.79,10.0,10.4,5160
2016-01-05 00:00:00+05:30,11.0,11.0,10.4,10.4,3735
2016-01-06 00:00:00+05:30,10.4,11.18,10.4,11.18,10250
2016-01-07 00:00:00+05:30,11.08,11.08,10.0,10.0,1125
2016-01-08 00:00:00+05:30,10.1,11.0,10.1,10.21,105
2016-01-11 00:00:00+05:30,10.5,11.6,10.5,10.6,17140
2016-01-12 00:00:00+05:30,10.6,10.6,10.21,10.4,630
2016-01-13 00:00:00+05:30,11.18,11.18,9.75,10.4,10410
2016-01-14 00:00:00+05:30,10.0,10.0,10.0,10.0,525
2016-01-15 00:00:00+05:30,10.0,10.6,9.53,10.03,96025
2016-01-18 00:00:00+05:30,8.43,9.99,8.4,9.99,1880
2016-01-19 00:00:00+05:30,9.7,9.8,9.7,9.8,17085
2016-01-20 00:00:00+05:30,9.79,9.99,7.92,8.55,22035
2016-01-21 00:00:00+05:30,8.41,9.89,8.41,8.42,4050
2016-01-22 00:00:00+05:30,9.4,10.1,9.4,10.1,9650
2016-01-25 00:00:00+05:30,11.58,11.58,10.1,10.1,85
2016-01-27 00:00:00+05:30,10.6,11.0,9.01,10.4,10115
2016-01-28 00:00:00+05:30,10.4,10.8,10.4,10.58,1015
2016-01-29 00:00:00+05:30,11.53,11.57,10.16,10.16,1005
2016-02-01 00:00:00+05:30,11.4,11.41,9.74,10.32,15315
2016-02-02 00:00:00+05:30,11.0,11.0,10.99,10.99,4255
2016-02-03 00:00:00+05:30,9.4,11.21,9.4,10.78,1300
2016-02-04 00:00:00+05:30,9.96,10.99,9.96,10.89,2505
2016-02-05 00:00:00+05:30,10.89,11.37,10.6,11.37,2555
2016-02-08 00:00:00+05:30,9.73,11.6,9.73,11.53,2445
2016-02-09 00:00:00+05:30,11.89,11.95,10.45,11.59,59855
2016-02-10 00:00:00+05:30,10.62,10.62,10.62,10.62,5
2016-02-11 00:00:00+05:30,10.2,10.2,9.98,10.01,7240
2016-02-12 00:00:00+05:30,10.01,10.01,10.01,10.01,2500
2016-02-19 00:00:00+05:30,9.8,10.7,8.81,9.6,6380
2016-02-22 00:00:00+05:30,9.62,10.8,9.62,10.7,690
2016-02-24 00:00:00+05:30,10.6,10.6,9.14,10.3,10310
2016-02-25 00:00:00+05:30,10.94,10.94,9.21,9.96,2675
2016-02-26 00:00:00+05:30,10.58,10.6,9.2,10.1,20575
2016-02-29 00:00:00+05:30,9.03,9.96,8.08,8.24,18780
2016-03-01 00:00:00+05:30,9.1,9.3,8.0,8.38,11605
2016-03-02 00:00:00+05:30,8.9,8.9,8.1,8.54,53410
2016-03-03 00:00:00+05:30,8.56,8.56,8.2,8.55,480
2016-03-04 00:00:00+05:30,8.21,8.4,8.2,8.4,5950
2016-03-10 00:00:00+05:30,7.56,8.69,7.56,8.58,10050
2016-03-11 00:00:00+05:30,8.59,8.59,7.0,8.01,9675
2016-03-14 00:00:00+05:30,8.0,8.0,7.68,7.68,135
2016-03-15 00:00:00+05:30,7.71,7.71,7.71,7.71,250
2016-03-16 00:00:00+05:30,8.37,8.37,8.37,8.37,5
2016-03-18 00:00:00+05:30,7.66,9.06,7.66,7.93,25170
2016-03-21 00:00:00+05:30,7.87,8.69,7.8,8.0,28085
2016-03-22 00:00:00+05:30,8.69,8.69,8.69,8.69,5
2016-03-23 00:00:00+05:30,8.0,8.56,8.0,8.28,10
2016-03-28 00:00:00+05:30,8.0,8.77,7.66,8.4,505
2016-03-29 00:00:00+05:30,7.66,7.66,7.66,7.66,415
2016-03-30 00:00:00+05:30,7.28,8.2,7.28,8.2,255
2016-04-01 00:00:00+05:30,8.2,8.49,7.6,7.68,1540
2016-04-05 00:00:00+05:30,7.8,8.0,7.8,7.9,610
2016-04-06 00:00:00+05:30,9.0,9.0,8.55,8.81,3755
2016-04-08 00:00:00+05:30,8.12,9.08,8.12,9.0,12265
2016-04-11 00:00:00+05:30,10.0,10.36,8.2,8.59,915
2016-04-12 00:00:00+05:30,9.55,9.55,8.9,8.9,45
2016-04-13 00:00:00+05:30,9.39,9.39,8.42,8.42,750
2016-04-20 00:00:00+05:30,8.44,9.37,8.4,9.29,11365
2016-04-21 00:00:00+05:30,8.53,9.18,8.4,8.4,10325
2016-04-22 00:00:00+05:30,8.26,8.96,8.26,8.8,17075
2016-04-26 00:00:00+05:30,9.2,10.36,8.4,9.2,8670
2016-04-27 00:00:00+05:30,9.2,10.98,8.64,9.89,12335
2016-04-28 00:00:00+05:30,9.0,9.12,9.0,9.12,630
2016-04-29 00:00:00+05:30,9.16,9.84,9.15,9.68,11000
2016-05-02 00:00:00+05:30,9.67,9.67,9.6,9.6,85
2016-05-03 00:00:00+05:30,9.6,9.6,9.6,9.6,450
2016-05-04 00:00:00+05:30,8.65,8.92,8.61,8.91,1975
2016-05-06 00:00:00+05:30,8.4,8.69,8.4,8.69,10
2016-05-11 00:00:00+05:30,9.7,9.7,9.69,9.69,10
2016-05-12 00:00:00+05:30,11.62,11.62,8.4,8.84,14640
2016-05-13 00:00:00+05:30,9.78,9.78,8.42,8.76,20170
2016-05-16 00:00:00+05:30,8.53,8.63,8.53,8.63,2590
2016-05-19 00:00:00+05:30,9.54,9.91,8.56,8.56,27910
2016-05-20 00:00:00+05:30,9.2,9.2,8.4,8.64,3295
2016-05-23 00:00:00+05:30,9.4,9.4,8.56,8.69,1400
2016-05-24 00:00:00+05:30,8.56,8.56,8.12,8.12,550
2016-05-25 00:00:00+05:30,8.12,9.16,7.8,8.79,17590
2016-05-26 00:00:00+05:30,8.9,8.9,8.61,8.61,1540
2016-05-27 00:00:00+05:30,9.5,9.5,8.62,9.0,5370
2016-05-30 00:00:00+05:30,9.6,9.6,8.8,9.25,1260
2016-05-31 00:00:00+05:30,8.65,9.16,8.65,9.16,900
2016-06-07 00:00:00+05:30,10.44,10.44,9.08,9.56,11370
2016-06-08 00:00:00+05:30,9.0,10.16,9.0,9.13,21070
2016-06-10 00:00:00+05:30,9.4,9.4,8.94,8.94,5915
2016-06-13 00:00:00+05:30,8.5,9.54,8.49,9.54,5335
2016-06-14 00:00:00+05:30,8.49,9.5,8.31,9.43,5550
2016-06-15 00:00:00+05:30,9.79,9.79,9.79,9.79,1000
2016-06-16 00:00:00+05:30,10.36,10.36,8.77,9.82,16065
2016-06-17 00:00:00+05:30,9.2,10.12,9.2,10.12,5060
2016-06-20 00:00:00+05:30,9.99,9.99,9.99,9.99,100
2016-06-21 00:00:00+05:30,9.97,11.16,9.6,11.06,2240
2016-06-22 00:00:00+05:30,10.6,10.6,9.33,10.55,745
2016-06-23 00:00:00+05:30,10.56,10.56,10.56,10.56,235
2016-06-28 00:00:00+05:30,9.2,10.4,9.2,10.24,775
2016-06-29 00:00:00+05:30,9.34,10.69,9.2,9.45,21830
2016-06-30 00:00:00+05:30,9.74,9.74,9.73,9.74,255
2016-07-01 00:00:00+05:30,9.69,9.8,9.34,9.8,1570
2016-07-04 00:00:00+05:30,9.4,9.79,9.02,9.31,10790
2016-07-05 00:00:00+05:30,9.78,10.09,9.43,9.74,1210
2016-07-07 00:00:00+05:30,9.79,9.79,9.59,9.59,375
2016-07-08 00:00:00+05:30,9.03,9.6,9.03,9.6,1210
2016-07-11 00:00:00+05:30,9.76,9.79,8.05,9.4,1515
2016-07-12 00:00:00+05:30,9.32,9.42,9.32,9.42,1145
2016-07-13 00:00:00+05:30,8.86,9.72,8.86,9.6,3675
2016-07-14 00:00:00+05:30,9.6,9.6,9.4,9.4,3140
2016-07-15 00:00:00+05:30,9.4,9.7,9.4,9.6,1065
2016-07-18 00:00:00+05:30,9.77,10.0,9.2,9.46,10805
2016-07-19 00:00:00+05:30,9.8,11.14,9.6,10.07,18740
2016-07-20 00:00:00+05:30,9.41,10.0,9.41,9.57,1110
2016-07-21 00:00:00+05:30,9.37,9.65,9.05,9.34,15170
2016-07-22 00:00:00+05:30,9.25,9.25,9.22,9.22,510
2016-07-25 00:00:00+05:30,9.6,9.94,9.4,9.81,605
2016-07-26 00:00:00+05:30,9.6,9.6,9.2,9.59,2950
2016-07-27 00:00:00+05:30,9.6,9.8,9.21,9.21,705
2016-07-28 00:00:00+05:30,9.64,9.64,9.64,9.64,250
2016-07-29 00:00:00+05:30,9.58,10.4,9.41,9.99,4895
2016-08-01 00:00:00+05:30,9.8,9.8,9.64,9.64,1250
2016-08-02 00:00:00+05:30,8.8,10.4,8.8,10.26,5065
2016-08-04 00:00:00+05:30,10.2,10.2,9.31,9.65,2010
2016-08-05 00:00:00+05:30,9.6,9.61,9.6,9.6,770
2016-08-08 00:00:00+05:30,9.01,10.12,9.01,9.62,5815
2016-08-09 00:00:00+05:30,9.24,10.3,9.24,10.3,1500
2016-08-11 00:00:00+05:30,9.33,9.33,9.33,9.33,5000
2016-08-12 00:00:00+05:30,9.4,9.4,9.2,9.28,4730
2016-08-16 00:00:00+05:30,8.76,9.75,8.76,8.9,120
2016-08-17 00:00:00+05:30,9.0,9.0,9.0,9.0,445
2016-08-19 00:00:00+05:30,9.0,9.38,9.0,9.35,3480
2016-08-22 00:00:00+05:30,8.8,8.8,8.8,8.8,120
2016-08-24 00:00:00+05:30,9.39,9.39,9.0,9.0,320
2016-08-26 00:00:00+05:30,8.8,9.3,8.0,9.25,3285
2016-08-29 00:00:00+05:30,9.05,9.05,7.63,8.45,7785
2016-08-30 00:00:00+05:30,9.26,9.26,8.48,8.87,53755
2016-08-31 00:00:00+05:30,8.99,8.99,8.99,8.99,10
2016-09-01 00:00:00+05:30,8.98,8.98,8.98,8.98,3000
2016-09-02 00:00:00+05:30,8.96,8.96,8.96,8.96,1250
2016-09-06 00:00:00+05:30,8.9,9.0,8.3,8.99,9910
2016-09-07 00:00:00+05:30,8.96,8.96,8.96,8.96,1000
2016-09-09 00:00:00+05:30,8.42,8.8,8.4,8.5,1625
2016-09-12 00:00:00+05:30,8.78,8.78,8.16,8.58,30025
2016-09-16 00:00:00+05:30,8.9,9.4,8.9,9.0,10365
2016-09-19 00:00:00+05:30,9.1,10.38,8.6,9.5,14945
2016-09-20 00:00:00+05:30,9.78,9.78,8.85,8.86,260
2016-09-21 00:00:00+05:30,9.2,9.49,8.71,9.11,850
2016-09-22 00:00:00+05:30,8.92,8.92,8.92,8.92,2500
2016-09-23 00:00:00+05:30,8.6,8.9,8.6,8.6,16280
2016-09-27 00:00:00+05:30,8.34,9.38,8.34,8.97,3775
2016-09-28 00:00:00+05:30,9.0,9.0,8.6,8.6,750
2016-09-29 00:00:00+05:30,8.7,8.7,8.6,8.6,750
2016-09-30 00:00:00+05:30,7.7,9.0,7.7,8.1,2950
2016-10-03 00:00:00+05:30,9.2,9.72,8.7,9.72,34640
2016-10-04 00:00:00+05:30,10.76,10.76,9.8,10.09,38000
2016-10-05 00:00:00+05:30,9.7,10.2,9.6,9.65,11695
2016-10-06 00:00:00+05:30,9.63,11.18,9.62,10.62,42330
2016-10-07 00:00:00+05:30,10.61,10.99,10.01,10.91,2970
2016-10-10 00:00:00+05:30,10.8,11.35,10.8,10.82,5070
2016-10-13 00:00:00+05:30,11.15,11.16,9.41,9.97,17450
2016-10-14 00:00:00+05:30,10.54,10.8,9.7,10.65,27315
2016-10-17 00:00:00+05:30,10.9,10.9,10.1,10.6,12590
2016-10-18 00:00:00+05:30,10.9,10.9,10.52,10.52,1950
2016-10-19 00:00:00+05:30,10.07,10.7,10.07,10.69,2935
2016-10-20 00:00:00+05:30,9.7,12.8,9.7,11.52,40305
2016-10-21 00:00:00+05:30,11.74,12.4,11.22,12.22,43800
2016-10-24 00:00:00+05:30,12.2,12.2,11.5,12.2,21000
2016-10-25 00:00:00+05:30,12.2,12.4,11.92,12.4,8365
2016-10-26 00:00:00+05:30,11.65,12.36,11.64,11.81,2735
2016-10-27 00:00:00+05:30,11.4,12.0,11.2,11.2,1700
2016-10-28 00:00:00+05:30,11.2,11.9,11.2,11.6,3050
2016-11-01 00:00:00+05:30,12.1,12.1,11.11,11.11,2945
2016-11-02 00:00:00+05:30,12.52,12.52,10.63,11.34,885
2016-11-03 00:00:00+05:30,11.02,12.04,11.02,11.12,17115
2016-11-04 00:00:00+05:30,10.7,10.7,9.9,9.9,2685
2016-11-07 00:00:00+05:30,10.4,11.38,10.4,11.19,8335
2016-11-08 00:00:00+05:30,11.0,11.0,10.21,10.8,56580
2016-11-09 00:00:00+05:30,11.98,12.0,9.02,10.67,42490
2016-11-10 00:00:00+05:30,11.2,11.2,11.2,11.2,10
2016-11-11 00:00:00+05:30,10.84,11.38,10.05,10.55,6220
2016-11-15 00:00:00+05:30,10.2,11.0,10.2,10.24,8000
2016-11-16 00:00:00+05:30,8.6,11.0,8.6,10.2,10715
2016-11-17 00:00:00+05:30,9.5,10.78,9.5,10.52,2250
2016-11-18 00:00:00+05:30,9.9,9.9,9.9,9.9,50
2016-11-21 00:00:00+05:30,10.8,10.8,10.77,10.77,100
2016-11-22 00:00:00+05:30,10.6,10.6,10.0,10.01,4505
2016-11-23 00:00:00+05:30,11.2,11.6,10.11,10.27,12800
2016-11-24 00:00:00+05:30,9.67,10.17,9.67,10.0,6575
2016-11-28 00:00:00+05:30,9.66,9.75,9.66,9.72,25
2016-11-30 00:00:00+05:30,9.7,10.95,9.7,9.98,1255
2016-12-01 00:00:00+05:30,10.3,10.3,10.3,10.3,20
2016-12-05 00:00:00+05:30,9.52,9.52,9.52,9.52,100
2016-12-06 00:00:00+05:30,10.78,10.78,10.08,10.1,7015
2016-12-07 00:00:00+05:30,10.2,10.2,9.97,9.98,8385
2016-12-08 00:00:00+05:30,10.0,10.6,10.0,10.4,4715
2016-12-09 00:00:00+05:30,9.76,10.34,9.76,9.94,4625
2016-12-13 00:00:00+05:30,9.56,9.6,9.56,9.59,6625
2016-12-15 00:00:00+05:30,9.57,9.8,9.43,9.8,445
2016-12-20 00:00:00+05:30,9.62,9.62,9.44,9.48,14250
2016-12-21 00:00:00+05:30,9.9,10.27,9.9,10.1,240
2016-12-22 00:00:00+05:30,9.5,9.5,9.5,9.5,50
2016-12-26 00:00:00+05:30,9.5,9.5,9.5,9.5,150
2016-12-28 00:00:00+05:30,9.5,10.0,9.5,10.0,6000
2016-12-30 00:00:00+05:30,10.68,10.68,10.1,10.1,2505
2017-01-02 00:00:00+05:30,9.13,10.45,9.13,10.45,3585
2017-01-03 00:00:00+05:30,10.34,10.34,10.3,10.3,2940
2017-01-04 00:00:00+05:30,10.41,10.54,10.41,10.5,15
2017-01-05 00:00:00+05:30,10.34,10.5,9.35,10.19,10550
2017-01-09 00:00:00+05:30,9.34,10.19,9.34,9.42,370
2017-01-10 00:00:00+05:30,9.5,10.19,9.5,10.19,875
2017-01-11 00:00:00+05:30,10.78,10.78,9.99,10.0,3035
2017-01-12 00:00:00+05:30,10.0,10.0,9.99,9.99,190
2017-01-13 00:00:00+05:30,10.4,11.2,10.4,10.58,18780
2017-01-16 00:00:00+05:30,9.8,11.3,9.8,10.91,7910
2017-01-17 00:00:00+05:30,11.2,11.2,10.47,10.52,900
2017-01-18 00:00:00+05:30,10.9,10.9,10.9,10.9,1250
2017-01-19 00:00:00+05:30,10.9,10.9,10.79,10.79,700
2017-01-20 00:00:00+05:30,10.35,10.37,10.34,10.34,915
2017-01-23 00:00:00+05:30,10.4,11.4,10.4,11.39,5080
2017-01-24 00:00:00+05:30,11.4,13.66,11.4,13.66,184005
2017-01-25 00:00:00+05:30,14.75,16.1,14.75,15.31,447115
2017-01-27 00:00:00+05:30,15.31,17.8,14.57,17.32,526315
2017-01-30 00:00:00+05:30,17.04,17.94,16.4,16.83,240595
2017-01-31 00:00:00+05:30,16.2,16.7,15.15,15.42,82645
2017-02-01 00:00:00+05:30,15.71,15.71,14.05,14.72,45785
2017-02-02 00:00:00+05:30,14.0,14.0,13.99,13.99,955
2017-02-03 00:00:00+05:30,13.3,13.4,13.3,13.36,585
2017-02-06 00:00:00+05:30,13.2,13.2,12.7,12.8,28990
2017-02-07 00:00:00+05:30,12.63,13.44,12.17,13.42,45110
2017-02-08 00:00:00+05:30,13.8,13.8,12.77,13.17,10405
2017-02-09 00:00:00+05:30,12.82,12.82,12.52,12.8,8565
2017-02-10 00:00:00+05:30,12.25,13.2,12.25,12.76,6505
2017-02-13 00:00:00+05:30,12.2,12.2,12.13,12.13,15085
2017-02-14 00:00:00+05:30,12.0,12.0,11.53,11.53,6590
2017-02-15 00:00:00+05:30,11.02,11.7,11.0,11.42,7335
2017-02-16 00:00:00+05:30,11.9,11.9,11.9,11.9,2580
2017-02-17 00:00:00+05:30,11.32,11.74,11.31,11.73,3930
2017-02-20 00:00:00+05:30,12.28,12.3,11.8,12.3,4240
2017-02-21 00:00:00+05:30,12.0,12.0,12.0,12.0,150
2017-02-27 00:00:00+05:30,11.6,12.2,11.4,12.2,1735
2017-02-28 00:00:00+05:30,11.6,12.3,11.59,11.59,1865
2017-03-01 00:00:00+05:30,11.2,12.0,11.02,11.16,13155
2017-03-02 00:00:00+05:30,11.68,11.68,11.36,11.36,2040
2017-03-03 00:00:00+05:30,11.36,11.8,11.0,11.3,1355
2017-03-06 00:00:00+05:30,10.74,11.04,10.74,11.04,1800
2017-03-07 00:00:00+05:30,11.4,11.59,11.2,11.59,1150
2017-03-08 00:00:00+05:30,11.99,11.99,11.55,11.8,2585
2017-03-09 00:00:00+05:30,11.22,12.2,11.22,11.62,4440
2017-03-10 00:00:00+05:30,11.04,12.2,11.04,12.0,13360
2017-03-14 00:00:00+05:30,11.75,11.75,11.74,11.74,10
2017-03-15 00:00:00+05:30,11.3,12.32,11.2,12.32,2000
2017-03-16 00:00:00+05:30,11.72,12.16,11.71,11.71,3375
2017-03-17 00:00:00+05:30,11.4,11.96,11.16,11.22,44025
2017-03-20 00:00:00+05:30,11.78,11.78,11.02,11.1,12115
2017-03-21 00:00:00+05:30,11.39,11.6,10.8,11.27,8965
2017-03-22 00:00:00+05:30,11.4,11.59,10.71,11.02,9845
2017-03-23 00:00:00+05:30,11.02,11.02,10.7,11.0,2075
2017-03-24 00:00:00+05:30,10.7,11.0,10.7,10.74,1955
2017-03-27 00:00:00+05:30,10.24,10.76,10.24,10.53,4960
2017-03-28 00:00:00+05:30,10.02,10.92,10.02,10.26,10595
2017-03-29 00:00:00+05:30,10.31,10.77,10.02,10.21,8235
2017-03-30 00:00:00+05:30,10.71,10.71,10.21,10.45,1200
2017-03-31 00:00:00+05:30,10.42,10.96,10.25,10.58,715
2017-04-03 00:00:00+05:30,10.89,11.09,10.4,10.93,905
2017-04-05 00:00:00+05:30,10.5,11.18,10.46,10.82,3255
2017-04-06 00:00:00+05:30,10.72,10.98,10.35,10.98,3020
2017-04-07 00:00:00+05:30,10.52,11.44,10.52,11.01,5415
2017-04-10 00:00:00+05:30,11.38,11.38,10.7,10.7,850
2017-04-11 00:00:00+05:30,10.8,11.3,10.8,11.28,1800
2017-04-12 00:00:00+05:30,10.7,11.55,10.7,11.38,3795
2017-04-13 00:00:00+05:30,11.4,11.4,10.45,10.64,23905
2017-04-17 00:00:00+05:30,10.97,11.46,10.69,11.37,22350
2017-04-18 00:00:00+05:30,11.2,11.4,10.84,10.88,11885
2017-04-19 00:00:00+05:30,10.9,11.16,10.5,10.63,2280
2017-04-20 00:00:00+05:30,11.43,11.43,10.75,10.91,90
2017-04-21 00:00:00+05:30,11.4,11.4,10.63,10.69,13335
2017-04-24 00:00:00+05:30,10.66,11.4,10.4,11.24,45290
2017-04-25 00:00:00+05:30,10.82,11.4,10.82,10.85,5355
2017-04-26 00:00:00+05:30,11.24,11.25,10.85,11.01,695
2017-04-27 00:00:00+05:30,11.39,11.39,10.7,10.77,1215
2017-04-28 00:00:00+05:30,10.62,10.63,10.62,10.62,115
2017-05-02 00:00:00+05:30,11.2,11.2,10.72,11.17,665
2017-05-03 00:00:00+05:30,11.3,11.6,10.62,11.1,4225
2017-05-04 00:00:00+05:30,11.02,11.02,10.54,10.55,3745
2017-05-05 00:00:00+05:30,10.62,10.99,10.3,10.61,7820
2017-05-08 00:00:00+05:30,10.6,11.08,10.05,10.44,20330
2017-05-09 00:00:00+05:30,11.19,11.19,10.52,10.9,5475
2017-05-10 00:00:00+05:30,10.82,11.15,10.6,10.69,12435
2017-05-11 00:00:00+05:30,10.6,10.95,10.6,10.8,4380
2017-05-12 00:00:00+05:30,10.62,11.32,10.4,10.5,3100
2017-05-15 00:00:00+05:30,10.8,10.8,10.8,10.8,750
2017-05-16 00:00:00+05:30,11.28,11.28,10.8,10.97,70
2017-05-17 00:00:00+05:30,10.62,10.7,10.62,10.7,3230
2017-05-18 00:00:00+05:30,11.1,11.1,10.24,10.4,6655
2017-05-19 00:00:00+05:30,10.09,10.74,10.09,10.3,1890
2017-05-22 00:00:00+05:30,10.89,10.9,10.34,10.38,4005
2017-05-23 00:00:00+05:30,10.38,10.67,9.52,10.2,8415
2017-05-25 00:00:00+05:30,10.56,11.22,10.39,11.12,35770
2017-05-26 00:00:00+05:30,11.18,12.23,11.18,12.12,41760
2017-05-29 00:00:00+05:30,13.14,13.14,11.22,11.52,42200
2017-05-30 00:00:00+05:30,11.48,11.5,10.61,11.36,7510
2017-05-31 00:00:00+05:30,10.8,11.0,10.71,10.87,26780
2017-06-01 00:00:00+05:30,10.51,11.3,10.5,11.16,3200
2017-06-02 00:00:00+05:30,11.18,11.18,10.65,11.09,1930
2017-06-05 00:00:00+05:30,10.68,11.32,10.68,11.32,2000
2017-06-06 00:00:00+05:30,10.82,11.5,10.62,10.84,3740
2017-06-07 00:00:00+05:30,11.0,11.6,11.0,11.19,3535
2017-06-08 00:00:00+05:30,11.0,11.58,10.68,10.86,2630
2017-06-09 00:00:00+05:30,10.64,11.32,10.64,11.27,2175
2017-06-12 00:00:00+05:30,11.16,11.16,11.09,11.13,9005
2017-06-13 00:00:00+05:30,10.46,11.0,10.45,10.91,22140
2017-06-14 00:00:00+05:30,11.58,11.58,10.54,11.35,2655
2017-06-15 00:00:00+05:30,10.68,11.12,10.68,10.8,31415
2017-06-16 00:00:00+05:30,10.6,11.78,10.41,11.16,120
2017-06-19 00:00:00+05:30,11.18,11.68,10.82,10.84,20305
2017-06-20 00:00:00+05:30,11.76,11.76,10.86,10.86,1420
2017-06-21 00:00:00+05:30,10.86,11.76,10.86,11.17,1915
2017-06-22 00:00:00+05:30,11.89,11.9,10.9,10.92,3975
2017-06-23 00:00:00+05:30,10.74,11.68,10.74,10.75,5680
2017-06-27 00:00:00+05:30,10.6,11.1,10.6,11.1,10
2017-06-28 00:00:00+05:30,10.44,11.59,10.44,11.4,60
2017-06-29 00:00:00+05:30,11.4,11.8,10.8,11.78,19895
2017-06-30 00:00:00+05:30,12.0,12.2,11.08,11.77,8370
2017-07-03 00:00:00+05:30,11.58,11.58,11.21,11.57,205
2017-07-04 00:00:00+05:30,11.3,11.59,10.82,11.54,2975
2017-07-05 00:00:00+05:30,11.2,11.58,10.75,11.58,4310
2017-07-06 00:00:00+05:30,11.44,11.59,11.44,11.58,1295
2017-07-07 00:00:00+05:30,11.68,12.8,11.21,12.19,63980
2017-07-10 00:00:00+05:30,11.6,13.4,11.6,12.14,1455
2017-07-11 00:00:00+05:30,12.14,13.4,11.8,12.69,18225
2017-07-12 00:00:00+05:30,13.8,14.2,12.52,13.36,51925
2017-07-13 00:00:00+05:30,13.36,14.2,12.92,13.98,21635
2017-07-14 00:00:00+05:30,13.5,14.6,13.24,13.98,43325
2017-07-17 00:00:00+05:30,14.39,15.99,13.53,14.88,83670
2017-07-18 00:00:00+05:30,15.58,16.4,14.0,14.84,317735
2017-07-19 00:00:00+05:30,14.56,16.2,14.56,16.01,65070
2017-07-20 00:00:00+05:30,16.99,16.99,15.8,16.39,39910
2017-07-21 00:00:00+05:30,17.38,17.4,16.0,16.35,201580
2017-07-24 00:00:00+05:30,16.42,16.9,15.52,15.72,22120
2017-07-25 00:00:00+05:30,15.72,16.59,14.68,15.42,13230
2017-07-26 00:00:00+05:30,14.8,16.9,14.8,15.86,29170
2017-07-27 00:00:00+05:30,15.4,16.18,15.4,15.75,18515
2017-07-28 00:00:00+05:30,15.81,17.88,15.02,17.2,378075
2017-07-31 00:00:00+05:30,17.6,17.92,15.42,17.08,172800
2017-08-01 00:00:00+05:30,16.73,17.4,16.0,16.2,15305
2017-08-02 00:00:00+05:30,16.2,16.8,15.72,15.86,14755
2017-08-03 00:00:00+05:30,15.78,16.38,15.4,15.71,11570
2017-08-04 00:00:00+05:30,15.6,15.76,15.34,15.76,8975
2017-08-07 00:00:00+05:30,15.4,15.75,15.32,15.4,7125
2017-08-08 00:00:00+05:30,16.0,16.2,15.03,15.11,18830
2017-08-09 00:00:00+05:30,14.98,15.15,13.65,14.4,16820
2017-08-10 00:00:00+05:30,14.4,14.74,13.81,13.85,8000
2017-08-11 00:00:00+05:30,13.2,14.19,13.0,13.11,5740
2017-08-14 00:00:00+05:30,13.11,14.4,12.42,13.28,15185
2017-08-16 00:00:00+05:30,13.28,13.28,13.28,13.28,225
2017-08-17 00:00:00+05:30,14.52,14.72,13.5,13.99,4175
2017-08-18 00:00:00+05:30,13.52,13.98,13.28,13.48,2690
2017-08-21 00:00:00+05:30,13.41,14.18,13.41,13.89,1705
2017-08-22 00:00:00+05:30,14.6,14.6,13.21,13.91,4205
2017-08-23 00:00:00+05:30,13.2,13.74,13.13,13.4,1640
2017-08-24 00:00:00+05:30,13.12,13.8,13.03,13.03,1810
2017-08-28 00:00:00+05:30,13.92,13.94,12.83,13.66,3540
2017-08-29 00:00:00+05:30,13.21,14.4,13.21,14.15,4410
2017-08-30 00:00:00+05:30,13.68,15.18,13.68,14.2,13860
2017-08-31 00:00:00+05:30,14.67,14.67,13.64,13.64,2020
2017-09-01 00:00:00+05:30,13.3,15.55,13.3,14.56,9545
2017-09-04 00:00:00+05:30,14.98,16.99,13.4,14.36,23270
2017-09-05 00:00:00+05:30,14.02,14.68,14.0,14.54,5035
2017-09-06 00:00:00+05:30,14.8,14.88,14.2,14.67,9235
2017-09-07 00:00:00+05:30,14.8,15.08,14.53,14.64,2865
2017-09-08 00:00:00+05:30,15.24,15.38,14.41,14.42,3630
2017-09-11 00:00:00+05:30,14.32,15.6,14.32,14.55,8875
2017-09-12 00:00:00+05:30,15.2,15.8,14.7,15.19,5280
2017-09-13 00:00:00+05:30,14.2,15.8,14.2,14.9,2800
2017-09-14 00:00:00+05:30,15.15,16.4,14.9,15.75,16930
2017-09-15 00:00:00+05:30,15.44,15.99,15.08,15.19,2660
2017-09-18 00:00:00+05:30,14.51,15.01,14.4,14.41,26615
2017-09-19 00:00:00+05:30,14.48,14.48,13.62,13.99,12640
2017-09-20 00:00:00+05:30,14.5,14.5,13.95,13.95,540
2017-09-21 00:00:00+05:30,13.96,14.32,13.81,13.94,2020
2017-09-22 00:00:00+05:30,13.94,13.94,13.6,13.6,1000
2017-09-25 00:00:00+05:30,14.32,14.32,13.21,13.89,6010
2017-09-26 00:00:00+05:30,12.81,14.3,12.81,12.88,6360
2017-09-27 00:00:00+05:30,12.94,14.19,12.94,13.1,5130
2017-09-28 00:00:00+05:30,13.03,13.98,13.03,13.72,780
2017-09-29 00:00:00+05:30,13.95,13.95,13.95,13.95,500
2017-10-03 00:00:00+05:30,13.6,14.4,12.1,14.38,6120
2017-10-04 00:00:00+05:30,14.02,14.25,13.41,14.0,1145
2017-10-05 00:00:00+05:30,13.66,13.78,12.8,13.41,6495
2017-10-06 00:00:00+05:30,13.12,13.6,13.08,13.6,3790
2017-10-09 00:00:00+05:30,13.88,14.35,13.6,14.35,2600
2017-10-10 00:00:00+05:30,13.92,14.78,13.9,14.37,5675
2017-10-11 00:00:00+05:30,14.08,14.08,13.62,13.98,2670
2017-10-12 00:00:00+05:30,14.1,14.1,13.6,13.89,2835
2017-10-13 00:00:00+05:30,13.29,13.99,13.29,13.43,5040
2017-10-16 00:00:00+05:30,13.84,15.08,13.5,13.79,10155
2017-10-17 00:00:00+05:30,13.81,15.28,13.24,13.85,62585
2017-10-18 00:00:00+05:30,14.28,14.39,13.39,14.03,3090
2017-10-19 00:00:00+05:30,14.78,14.78,13.42,14.46,890
2017-10-23 00:00:00+05:30,14.39,15.17,14.39,14.96,32905
2017-10-24 00:00:00+05:30,15.0,15.37,15.0,15.0,19035
2017-10-25 00:00:00+05:30,15.1,15.1,15.1,15.1,1610
2017-10-26 00:00:00+05:30,14.82,15.39,14.81,15.3,3935
2017-10-27 00:00:00+05:30,15.2,15.28,14.88,15.04,52610
2017-10-30 00:00:00+05:30,16.62,16.62,15.02,15.49,51310
2017-10-31 00:00:00+05:30,15.78,16.2,15.6,16.02,9855
2017-11-01 00:00:00+05:30,16.6,16.88,14.9,15.56,17945
2017-11-02 00:00:00+05:30,15.4,15.68,14.7,15.59,3100
2017-11-03 00:00:00+05:30,15.4,15.86,15.0,15.47,14620
2017-11-06 00:00:00+05:30,14.44,16.0,14.44,15.66,7795
2017-11-07 00:00:00+05:30,16.26,16.26,14.93,14.95,26575
2017-11-08 00:00:00+05:30,15.79,16.0,14.79,15.62,26705
2017-11-09 00:00:00+05:30,15.88,15.98,15.23,15.8,2315
2017-11-10 00:00:00+05:30,15.12,15.98,15.0,15.45,15075
2017-11-13 00:00:00+05:30,16.35,16.35,15.05,15.27,19910
2017-11-14 00:00:00+05:30,15.97,15.97,14.47,14.96,5605
2017-11-15 00:00:00+05:30,14.9,15.0,14.51,14.96,515
2017-11-16 00:00:00+05:30,14.49,15.19,14.44,14.45,17725
2017-11-17 00:00:00+05:30,15.0,15.0,14.34,14.45,1255
2017-11-20 00:00:00+05:30,14.12,15.38,14.1,14.37,24170
2017-11-21 00:00:00+05:30,14.8,15.88,14.49,14.5,7385
2017-11-22 00:00:00+05:30,15.39,15.39,14.5,14.5,4515
2017-11-23 00:00:00+05:30,14.99,14.99,14.41,14.64,7205
2017-11-24 00:00:00+05:30,15.4,15.48,14.28,14.75,27875
2017-11-27 00:00:00+05:30,14.49,17.7,14.48,17.7,401155
2017-11-28 00:00:00+05:30,18.0,20.36,18.0,18.71,867185
2017-11-29 00:00:00+05:30,19.0,19.58,17.91,18.09,110190
2017-11-30 00:00:00+05:30,18.2,18.58,16.5,16.72,59340
2017-12-01 00:00:00+05:30,17.5,17.5,15.46,15.63,51570
2017-12-04 00:00:00+05:30,15.98,18.75,15.32,18.75,325430
2017-12-05 00:00:00+05:30,20.5,22.14,20.5,21.59,2228210
2017-12-06 00:00:00+05:30,21.6,25.9,20.52,25.9,3433270
2017-12-07 00:00:00+05:30,27.77,28.49,25.6,27.97,3158100
2017-12-08 00:00:00+05:30,27.2,29.36,25.18,27.48,1895820
2017-12-11 00:00:00+05:30,28.8,29.2,27.02,28.14,309100
2017-12-12 00:00:00+05:30,28.99,28.99,27.11,27.7,134385
2017-12-13 00:00:00+05:30,27.8,27.8,25.2,25.47,328575
2017-12-14 00:00:00+05:30,25.3,26.0,22.93,23.21,239345
2017-12-15 00:00:00+05:30,23.96,25.53,21.46,25.51,1425000
2017-12-18 00:00:00+05:30,25.6,26.56,23.12,25.16,361730
2017-12-19 00:00:00+05:30,24.8,26.26,24.79,25.55,151965
2017-12-20 00:00:00+05:30,25.56,26.2,24.02,24.77,114590
2017-12-21 00:00:00+05:30,24.4,24.4,23.54,23.54,32325
2017-12-22 00:00:00+05:30,23.0,24.6,22.37,23.87,54370
2017-12-26 00:00:00+05:30,23.6,25.06,22.85,24.49,44560
2017-12-27 00:00:00+05:30,23.6,25.0,23.4,23.88,34235
2017-12-28 00:00:00+05:30,22.81,24.76,22.8,22.95,26535
2017-12-29 00:00:00+05:30,22.01,23.2,22.01,23.04,33935
2018-01-01 00:00:00+05:30,23.04,23.6,22.02,22.27,27000
2018-01-02 00:00:00+05:30,21.44,23.2,21.44,22.39,38780
2018-01-03 00:00:00+05:30,23.0,23.0,21.48,21.65,29125
2018-01-04 00:00:00+05:30,21.31,22.71,21.3,22.14,20945
2018-01-05 00:00:00+05:30,22.0,22.69,21.12,22.09,36980
2018-01-08 00:00:00+05:30,23.19,23.19,21.0,21.97,33470
2018-01-09 00:00:00+05:30,22.48,22.5,21.22,21.33,7945
2018-01-10 00:00:00+05:30,21.02,21.99,20.54,20.82,25305
2018-01-11 00:00:00+05:30,20.6,20.7,20.4,20.45,15620
2018-01-12 00:00:00+05:30,20.45,20.45,19.46,19.54,47105
2018-01-15 00:00:00+05:30,19.6,20.51,18.73,19.25,16435
2018-01-16 00:00:00+05:30,19.99,20.2,18.65,18.85,40880
2018-01-17 00:00:00+05:30,19.0,19.2,18.01,18.77,7930
2018-01-18 00:00:00+05:30,19.0,19.0,18.2,18.29,16110
2018-01-19 00:00:00+05:30,19.2,19.2,17.42,18.03,16680
2018-01-22 00:00:00+05:30,18.03,18.8,17.42,17.99,15190
2018-01-23 00:00:00+05:30,18.0,18.79,17.6,17.87,16335
2018-01-24 00:00:00+05:30,17.67,18.6,17.08,17.6,27270
2018-01-25 00:00:00+05:30,17.02,18.47,17.02,17.52,12575
2018-01-29 00:00:00+05:30,17.5,18.39,17.07,17.1,14500
2018-01-30 00:00:00+05:30,17.02,17.2,16.36,17.19,13015
2018-01-31 00:00:00+05:30,17.0,17.6,16.42,17.08,10400
2018-02-01 00:00:00+05:30,17.59,17.59,16.42,16.79,2105
2018-02-02 00:00:00+05:30,16.8,17.4,16.08,16.6,17300
2018-02-05 00:00:00+05:30,15.81,17.43,15.81,17.43,16280
2018-02-06 00:00:00+05:30,17.43,18.3,16.62,18.24,19185
2018-02-07 00:00:00+05:30,18.24,19.15,17.6,18.0,33030
2018-02-08 00:00:00+05:30,18.0,18.84,17.93,18.73,16345
2018-02-09 00:00:00+05:30,19.13,19.66,18.17,19.65,45180
2018-02-12 00:00:00+05:30,20.38,20.63,20.28,20.34,15865
2018-02-14 00:00:00+05:30,20.59,20.59,19.48,20.28,7555
2018-02-15 00:00:00+05:30,20.6,20.6,19.27,19.88,21885
2018-02-16 00:00:00+05:30,19.68,19.74,18.89,18.9,12080
2018-02-19 00:00:00+05:30,18.9,19.6,18.0,18.03,28775
2018-02-20 00:00:00+05:30,18.42,18.93,18.11,18.54,6505
2018-02-21 00:00:00+05:30,18.5,18.5,17.81,17.88,1745
2018-02-22 00:00:00+05:30,17.8,18.56,17.27,17.45,6650
2018-02-23 00:00:00+05:30,17.78,17.78,17.1,17.11,2010
2018-02-26 00:00:00+05:30,17.95,17.95,17.22,17.26,9670
2018-02-27 00:00:00+05:30,17.54,18.0,17.27,17.61,4530
2018-02-28 00:00:00+05:30,17.8,17.8,17.05,17.68,1670
2018-03-01 00:00:00+05:30,17.5,17.5,16.93,17.05,6935
2018-03-05 00:00:00+05:30,16.9,17.0,16.32,17.0,5200
2018-03-06 00:00:00+05:30,17.2,17.2,16.39,16.47,8795
2018-03-07 00:00:00+05:30,16.39,16.58,15.8,15.82,15270
2018-03-08 00:00:00+05:30,15.8,15.88,15.03,15.8,18300
2018-03-09 00:00:00+05:30,16.0,16.1,15.24,15.31,11165
2018-03-12 00:00:00+05:30,15.2,15.2,14.91,14.91,17640
2018-03-13 00:00:00+05:30,14.68,15.4,14.52,15.21,15440
2018-03-14 00:00:00+05:30,15.14,15.7,15.0,15.59,11760
2018-03-15 00:00:00+05:30,15.66,16.36,15.66,16.28,22520
2018-03-16 00:00:00+05:30,16.0,17.04,15.8,16.74,9070
2018-03-19 00:00:00+05:30,17.14,17.14,15.91,15.92,9225
2018-03-20 00:00:00+05:30,15.21,15.8,15.21,15.57,15255
2018-03-21 00:00:00+05:30,15.41,15.78,14.8,14.93,42850
2018-03-22 00:00:00+05:30,14.94,15.67,14.19,14.87,35300
2018-03-23 00:00:00+05:30,14.22,14.95,14.13,14.13,43485
2018-03-26 00:00:00+05:30,14.13,14.76,13.43,14.62,48790
2018-03-27 00:00:00+05:30,14.3,15.17,14.2,14.89,9550
2018-03-28 00:00:00+05:30,15.56,15.56,14.5,14.53,9010
2018-04-02 00:00:00+05:30,14.4,15.02,14.4,14.42,32430
2018-04-03 00:00:00+05:30,15.06,15.06,14.42,14.78,56125
2018-04-04 00:00:00+05:30,14.89,15.51,14.89,15.35,85070
2018-04-05 00:00:00+05:30,15.13,16.11,15.13,15.81,82550
2018-04-06 00:00:00+05:30,16.0,16.96,15.7,16.4,56175
2018-04-09 00:00:00+05:30,16.4,17.59,16.4,16.83,72370
2018-04-10 00:00:00+05:30,17.0,18.51,17.0,18.51,63650
2018-04-11 00:00:00+05:30,19.02,20.36,19.02,20.34,307555
2018-04-12 00:00:00+05:30,20.98,20.98,19.4,19.57,111985
2018-04-13 00:00:00+05:30,19.45,20.36,18.65,18.94,80220
2018-04-16 00:00:00+05:30,19.39,19.61,18.44,18.78,63465
2018-04-17 00:00:00+05:30,19.19,19.19,18.06,18.69,68100
2018-04-18 00:00:00+05:30,18.4,19.0,18.15,18.36,65790
2018-04-19 00:00:00+05:30,18.15,18.76,17.7,17.94,59705
2018-04-20 00:00:00+05:30,17.71,18.35,17.05,17.23,67745
2018-04-23 00:00:00+05:30,16.9,18.09,16.74,17.99,62870
2018-04-24 00:00:00+05:30,17.8,18.8,17.8,18.48,44325
2018-04-25 00:00:00+05:30,18.66,18.8,17.7,18.08,38615
2018-04-26 00:00:00+05:30,17.6,18.53,17.6,17.71,54920
2018-04-27 00:00:00+05:30,17.41,18.25,17.41,17.71,36370
2018-04-30 00:00:00+05:30,17.2,18.59,17.2,18.59,45855
2018-05-02 00:00:00+05:30,19.1,19.19,18.0,18.2,20270
2018-05-03 00:00:00+05:30,17.7,18.58,17.68,17.81,3805
2018-05-04 00:00:00+05:30,18.24,18.24,17.42,17.63,9855
2018-05-07 00:00:00+05:30,17.4,17.99,17.4,17.51,50010
2018-05-08 00:00:00+05:30,17.8,17.93,17.37,17.45,53680
2018-05-09 00:00:00+05:30,17.61,17.74,17.2,17.62,46595
2018-05-10 00:00:00+05:30,17.65,17.89,17.25,17.76,42590
2018-05-11 00:00:00+05:30,17.21,18.0,17.21,17.67,51685
2018-05-14 00:00:00+05:30,18.2,18.25,16.91,18.01,66170
2018-05-15 00:00:00+05:30,17.26,18.31,17.25,17.77,49960
2018-05-16 00:00:00+05:30,17.85,18.1,17.55,17.7,48985
2018-05-17 00:00:00+05:30,17.75,18.35,17.47,17.8,49075
2018-05-18 00:00:00+05:30,17.85,18.19,17.6,17.63,45210
2018-05-21 00:00:00+05:30,17.11,17.96,16.81,17.15,44720
2018-05-22 00:00:00+05:30,17.48,17.67,17.04,17.56,48460
2018-05-23 00:00:00+05:30,17.57,17.57,16.84,17.35,43270
2018-05-24 00:00:00+05:30,17.45,17.6,16.82,17.0,51095
2018-05-25 00:00:00+05:30,17.35,17.76,16.39,17.51,45140
2018-05-28 00:00:00+05:30,17.53,18.38,17.53,18.38,28155
2018-05-29 00:00:00+05:30,19.29,19.29,19.29,19.29,7430
2018-05-30 00:00:00+05:30,20.0,20.25,20.0,20.25,17540
2018-05-31 00:00:00+05:30,21.2,21.26,20.4,21.26,178830
2018-06-01 00:00:00+05:30,21.58,22.32,21.36,22.32,99455
2018-06-04 00:00:00+05:30,23.38,23.4,21.21,21.21,82770
2018-06-05 00:00:00+05:30,20.21,20.22,20.15,20.15,9175
2018-06-06 00:00:00+05:30,20.15,21.15,19.42,20.79,67480
2018-06-07 00:00:00+05:30,21.15,21.8,20.6,21.05,67200
2018-06-08 00:00:00+05:30,20.44,21.5,20.44,21.31,49415
2018-06-11 00:00:00+05:30,20.58,21.78,20.58,21.47,46890
2018-06-12 00:00:00+05:30,21.3,22.54,20.8,22.43,55875
2018-06-13 00:00:00+05:30,23.0,23.0,21.32,21.63,63270
2018-06-14 00:00:00+05:30,21.41,21.8,21.14,21.38,49980
2018-06-15 00:00:00+05:30,21.38,22.3,21.1,21.65,46250
2018-06-18 00:00:00+05:30,21.65,22.0,20.87,21.94,48910
2018-06-19 00:00:00+05:30,21.07,22.0,21.07,21.66,45720
2018-06-20 00:00:00+05:30,20.74,21.68,20.6,21.24,61960
2018-06-21 00:00:00+05:30,21.78,21.78,20.8,21.41,44170
2018-06-22 00:00:00+05:30,21.4,21.47,20.43,21.06,62155
2018-06-25 00:00:00+05:30,21.2,21.8,20.54,20.72,54720
2018-06-26 00:00:00+05:30,20.62,20.62,19.88,20.15,8915
2018-06-27 00:00:00+05:30,19.52,21.0,19.18,19.52,7570
2018-06-28 00:00:00+05:30,19.41,19.41,18.56,18.56,12275
2018-06-29 00:00:00+05:30,17.75,19.4,17.72,18.41,13725
2018-07-02 00:00:00+05:30,18.03,19.13,17.72,17.82,1945
2018-07-03 00:00:00+05:30,17.74,18.44,17.6,18.3,1915
2018-07-04 00:00:00+05:30,19.08,19.08,18.0,18.77,2440
2018-07-05 00:00:00+05:30,18.23,19.68,18.23,19.19,3755
2018-07-06 00:00:00+05:30,18.68,18.99,18.41,18.5,1575
2018-07-09 00:00:00+05:30,18.51,18.51,18.0,18.01,2735
2018-07-10 00:00:00+05:30,17.44,18.86,17.44,18.86,2440
2018-07-11 00:00:00+05:30,18.1,18.98,18.1,18.26,2245
2018-07-12 00:00:00+05:30,18.26,18.26,18.02,18.05,690
2018-07-13 00:00:00+05:30,18.05,18.05,17.2,17.36,3580
2018-07-16 00:00:00+05:30,17.36,17.73,16.5,16.7,14140
2018-07-17 00:00:00+05:30,17.49,17.49,16.51,17.49,1550
2018-07-18 00:00:00+05:30,18.25,18.25,16.62,16.65,4665
2018-07-19 00:00:00+05:30,16.68,17.35,16.27,16.33,2060
2018-07-20 00:00:00+05:30,17.1,17.1,15.89,15.93,5040
2018-07-23 00:00:00+05:30,15.87,16.59,15.52,16.31,700
2018-07-24 00:00:00+05:30,16.96,17.0,16.96,17.0,3535
2018-07-25 00:00:00+05:30,17.8,17.85,17.12,17.85,920
2018-07-26 00:00:00+05:30,18.0,18.0,18.0,18.0,100
2018-07-27 00:00:00+05:30,17.64,18.18,17.23,17.34,13175
2018-07-30 00:00:00+05:30,18.18,18.18,16.94,17.68,670
2018-07-31 00:00:00+05:30,17.62,17.67,17.13,17.2,2875
2018-08-01 00:00:00+05:30,17.2,18.06,17.2,17.63,5740
2018-08-02 00:00:00+05:30,17.65,18.0,17.25,17.45,5175
2018-08-03 00:00:00+05:30,18.0,18.32,17.71,17.79,4045
2018-08-06 00:00:00+05:30,17.82,18.6,17.82,18.0,3135
2018-08-07 00:00:00+05:30,19.78,19.78,17.72,19.03,9360
2018-08-08 00:00:00+05:30,19.29,20.9,19.2,19.71,62970
2018-08-09 00:00:00+05:30,19.82,20.44,19.0,19.2,15005
2018-08-10 00:00:00+05:30,19.26,20.4,19.18,20.39,5645
2018-08-13 00:00:00+05:30,19.79,19.79,18.61,18.61,12520
2018-08-14 00:00:00+05:30,17.6,18.8,17.6,18.21,6460
2018-08-16 00:00:00+05:30,18.02,18.4,17.23,17.4,14425
2018-08-17 00:00:00+05:30,18.94,18.94,17.42,18.35,8515
2018-08-20 00:00:00+05:30,18.58,18.58,17.6,18.47,17730
2018-08-21 00:00:00+05:30,17.8,18.6,17.8,18.24,20605
2018-08-23 00:00:00+05:30,18.2,19.8,18.2,19.18,24865
2018-08-24 00:00:00+05:30,20.0,21.09,19.2,21.03,77550
2018-08-27 00:00:00+05:30,20.8,23.13,20.8,23.13,245395
2018-08-28 00:00:00+05:30,24.16,24.28,22.2,24.28,92670
2018-08-29 00:00:00+05:30,24.97,25.0,23.4,24.19,23890
2018-08-30 00:00:00+05:30,24.25,24.39,23.0,23.1,18825
2018-08-31 00:00:00+05:30,22.79,23.75,22.01,22.95,16600
2018-09-03 00:00:00+05:30,22.8,24.09,22.5,23.48,71970
2018-09-04 00:00:00+05:30,24.6,24.6,22.6,22.6,10200
2018-09-05 00:00:00+05:30,22.6,23.73,22.4,23.73,29495
2018-09-06 00:00:00+05:30,23.0,23.8,22.7,23.06,23175
2018-09-07 00:00:00+05:30,23.9,24.21,22.82,24.21,29035
2018-09-10 00:00:00+05:30,24.3,25.42,24.22,25.42,94795
2018-09-11 00:00:00+05:30,26.0,26.4,24.9,25.76,22690
2018-09-12 00:00:00+05:30,25.8,26.8,24.85,26.37,16235
2018-09-14 00:00:00+05:30,26.4,27.35,25.11,26.58,30795
2018-09-17 00:00:00+05:30,26.58,26.79,25.5,26.38,16875
2018-09-18 00:00:00+05:30,25.69,26.32,25.08,25.52,3050
2018-09-19 00:00:00+05:30,26.5,26.5,24.31,24.31,3540
2018-09-21 00:00:00+05:30,24.31,24.5,23.3,23.34,15980
2018-09-24 00:00:00+05:30,22.43,24.5,22.43,23.6,17400
2018-09-25 00:00:00+05:30,23.02,24.78,22.83,23.39,6820
2018-09-26 00:00:00+05:30,23.61,24.55,23.6,24.52,10950
2018-09-27 00:00:00+05:30,25.58,25.74,23.31,24.02,23735
2018-09-28 00:00:00+05:30,24.0,24.0,22.82,22.82,3580
2018-10-01 00:00:00+05:30,21.84,23.96,21.84,23.96,13185
2018-10-03 00:00:00+05:30,23.23,25.15,23.22,25.15,13230
2018-10-04 00:00:00+05:30,26.38,26.4,24.62,26.38,39165
2018-10-05 00:00:00+05:30,27.0,27.69,25.65,26.77,85380
2018-10-08 00:00:00+05:30,28.39,29.0,26.02,27.37,38200
2018-10-09 00:00:00+05:30,28.6,28.9,25.6,27.49,25955
2018-10-10 00:00:00+05:30,28.72,28.72,27.05,27.23,12065
2018-10-11 00:00:00+05:30,25.44,27.96,25.42,27.72,16065
2018-10-12 00:00:00+05:30,28.05,28.72,27.4,27.98,69830
2018-10-15 00:00:00+05:30,27.4,28.19,27.4,27.5,385
2018-10-16 00:00:00+05:30,27.5,28.0,27.11,27.53,6470
2018-10-17 00:00:00+05:30,27.53,27.99,27.38,27.38,3160
2018-10-19 00:00:00+05:30,27.29,27.29,25.46,25.59,3665
2018-10-22 00:00:00+05:30,25.41,25.6,24.4,24.42,8135
2018-10-23 00:00:00+05:30,23.62,24.38,23.37,24.0,1060
2018-10-24 00:00:00+05:30,23.42,24.0,22.4,22.64,16525
2018-10-25 00:00:00+05:30,21.16,21.96,20.7,21.36,3420
2018-10-26 00:00:00+05:30,20.4,20.98,20.3,20.37,2175
2018-10-29 00:00:00+05:30,21.36,21.36,20.4,21.15,8560
2018-10-30 00:00:00+05:30,21.82,22.16,20.72,22.0,1165
2018-10-31 00:00:00+05:30,21.43,22.95,21.28,21.99,9595
2018-11-01 00:00:00+05:30,22.73,22.73,22.0,22.01,2670
2018-11-02 00:00:00+05:30,22.0,22.95,21.66,22.44,1290
2018-11-05 00:00:00+05:30,22.68,23.19,21.32,21.49,13890
2018-11-06 00:00:00+05:30,20.98,21.8,20.42,20.42,27415
2018-11-07 00:00:00+05:30,20.4,20.93,19.99,20.06,12795
2018-11-09 00:00:00+05:30,20.77,20.8,19.4,20.71,3805
2018-11-12 00:00:00+05:30,19.74,21.4,19.7,20.22,20380
2018-11-13 00:00:00+05:30,20.74,20.74,19.72,20.49,7865
2018-11-14 00:00:00+05:30,20.58,21.51,20.58,21.51,17415
2018-11-15 00:00:00+05:30,22.51,22.51,20.8,21.05,15365
2018-11-16 00:00:00+05:30,20.9,21.18,20.2,20.22,2950
2018-11-19 00:00:00+05:30,20.19,20.98,19.65,19.83,4385
2018-11-20 00:00:00+05:30,19.77,20.33,19.7,20.07,2850
2018-11-21 00:00:00+05:30,20.07,20.56,20.03,20.03,3485
2018-11-22 00:00:00+05:30,20.38,20.38,19.84,20.0,30
2018-11-26 00:00:00+05:30,20.78,20.78,20.02,20.16,520
2018-11-27 00:00:00+05:30,19.8,20.95,19.8,20.2,2645
2018-11-28 00:00:00+05:30,20.2,20.2,20.2,20.2,100
2018-11-29 00:00:00+05:30,19.62,19.98,19.6,19.61,2505
2018-11-30 00:00:00+05:30,19.61,20.58,19.42,20.56,2745
2018-12-03 00:00:00+05:30,20.99,20.99,19.82,19.9,510
2018-12-04 00:00:00+05:30,20.39,20.39,19.52,19.77,1010
2018-12-05 00:00:00+05:30,19.45,19.88,19.0,19.52,2600
2018-12-06 00:00:00+05:30,19.4,20.1,19.4,20.1,670
2018-12-07 00:00:00+05:30,20.12,20.12,20.0,20.0,10
2018-12-10 00:00:00+05:30,19.0,19.98,19.0,19.4,700
2018-12-11 00:00:00+05:30,19.02,20.8,19.0,20.1,6560
2018-12-12 00:00:00+05:30,19.31,21.4,19.31,21.4,6755
2018-12-13 00:00:00+05:30,19.85,22.0,19.85,21.72,8345
2018-12-14 00:00:00+05:30,20.82,22.4,20.82,21.65,6875
2018-12-17 00:00:00+05:30,20.65,22.2,20.65,21.48,235
2018-12-18 00:00:00+05:30,21.77,21.77,20.3,21.75,285
2018-12-19 00:00:00+05:30,20.32,21.98,20.32,21.3,5015
2018-12-20 00:00:00+05:30,21.92,21.92,21.04,21.75,170
2018-12-21 00:00:00+05:30,21.6,21.6,20.39,20.54,3370
2018-12-24 00:00:00+05:30,21.8,21.8,20.16,20.89,3065
2018-12-26 00:00:00+05:30,20.04,21.56,20.04,21.55,4475
2018-12-28 00:00:00+05:30,21.5,21.5,20.65,21.38,1310
2018-12-31 00:00:00+05:30,21.34,21.34,20.42,20.42,90
2019-01-02 00:00:00+05:30,20.4,22.46,20.27,21.8,17970
2019-01-03 00:00:00+05:30,21.6,22.39,21.6,22.23,1485
2019-01-04 00:00:00+05:30,24.1,24.1,21.0,21.8,15405
2019-01-07 00:00:00+05:30,23.57,23.57,21.62,21.99,2035
2019-01-08 00:00:00+05:30,21.8,22.5,21.44,22.49,790
2019-01-09 00:00:00+05:30,23.0,23.0,21.04,21.6,105
2019-01-10 00:00:00+05:30,22.97,22.97,21.6,21.99,4705
2019-01-11 00:00:00+05:30,22.58,22.58,20.66,21.1,1355
2019-01-14 00:00:00+05:30,22.56,22.56,21.01,21.14,22050
2019-01-15 00:00:00+05:30,22.38,22.38,21.28,21.53,8220
2019-01-16 00:00:00+05:30,21.4,22.48,21.4,22.0,3885
2019-01-17 00:00:00+05:30,22.52,22.52,21.5,21.95,635
2019-01-18 00:00:00+05:30,23.4,24.14,21.57,24.01,86140
2019-01-21 00:00:00+05:30,24.79,24.79,22.0,22.75,20865
2019-01-22 00:00:00+05:30,23.48,23.55,21.43,21.91,20860
2019-01-23 00:00:00+05:30,23.36,23.97,20.5,22.14,87475
2019-01-24 00:00:00+05:30,23.39,23.39,21.72,22.55,13785
2019-01-25 00:00:00+05:30,23.69,23.69,21.42,23.08,3615
2019-01-28 00:00:00+05:30,21.65,22.98,21.65,22.62,1120
2019-01-29 00:00:00+05:30,23.78,23.78,22.0,22.15,152250
2019-01-30 00:00:00+05:30,22.4,23.58,22.0,22.95,1765
2019-01-31 00:00:00+05:30,24.15,25.0,21.5,24.54,45765
2019-02-01 00:00:00+05:30,26.1,26.1,23.6,25.08,87395
2019-02-04 00:00:00+05:30,25.1,26.56,23.23,25.59,30425
2019-02-05 00:00:00+05:30,27.2,27.2,24.4,26.16,42665
2019-02-06 00:00:00+05:30,27.2,27.2,24.07,24.67,158585
2019-02-07 00:00:00+05:30,24.8,25.6,23.59,23.8,6645
2019-02-08 00:00:00+05:30,23.63,23.63,21.6,21.8,5460
2019-02-11 00:00:00+05:30,20.26,23.78,20.25,20.99,13155
2019-02-12 00:00:00+05:30,20.3,20.79,16.8,17.36,62610
2019-02-13 00:00:00+05:30,18.0,19.09,17.4,17.7,64575
2019-02-14 00:00:00+05:30,17.4,17.4,15.93,15.93,60010
2019-02-15 00:00:00+05:30,14.8,16.0,14.34,15.37,180475
2019-02-18 00:00:00+05:30,15.8,16.9,14.84,16.76,33330
2019-02-19 00:00:00+05:30,17.56,17.56,16.4,16.67,36815
2019-02-20 00:00:00+05:30,16.67,16.8,16.1,16.31,8910
2019-02-21 00:00:00+05:30,16.27,17.0,16.27,16.99,4815
2019-02-22 00:00:00+05:30,16.2,16.8,16.1,16.35,16960
2019-02-25 00:00:00+05:30,15.8,16.77,15.8,16.04,17865
2019-02-26 00:00:00+05:30,15.44,16.62,15.44,16.19,19300
2019-02-27 00:00:00+05:30,16.14,16.6,16.14,16.56,9145
2019-02-28 00:00:00+05:30,16.59,16.6,16.14,16.24,1820
2019-03-01 00:00:00+05:30,16.89,16.89,16.21,16.55,2325
2019-03-05 00:00:00+05:30,16.98,17.6,16.44,17.16,7025
2019-03-06 00:00:00+05:30,18.0,18.1,16.95,17.22,19200
2019-03-07 00:00:00+05:30,17.2,18.18,16.4,17.26,19630
2019-03-08 00:00:00+05:30,17.41,17.6,17.25,17.6,2865
2019-03-11 00:00:00+05:30,18.62,18.62,17.6,17.64,4580
2019-03-12 00:00:00+05:30,18.01,18.01,17.4,17.71,11590
2019-03-13 00:00:00+05:30,18.05,18.05,17.2,17.33,2510
2019-03-14 00:00:00+05:30,17.96,17.96,16.8,17.6,35580
2019-03-15 00:00:00+05:30,18.39,18.39,17.11,17.22,1615
2019-03-18 00:00:00+05:30,18.6,18.6,16.6,17.06,14175
2019-03-19 00:00:00+05:30,17.96,17.96,16.6,16.78,25275
2019-03-20 00:00:00+05:30,17.2,17.2,16.64,16.9,1030
2019-03-22 00:00:00+05:30,16.47,17.0,16.47,16.53,7065
2019-03-25 00:00:00+05:30,16.38,16.67,16.02,16.49,6825
2019-03-26 00:00:00+05:30,16.58,16.76,16.21,16.64,166870
2019-03-27 00:00:00+05:30,16.68,16.68,16.0,16.35,2795
2019-03-28 00:00:00+05:30,16.51,16.7,15.98,16.22,31700
2019-03-29 00:00:00+05:30,16.01,16.4,16.0,16.2,54990
2019-04-01 00:00:00+05:30,16.4,17.1,16.25,17.08,38965
2019-04-02 00:00:00+05:30,17.28,17.5,17.0,17.26,39640
2019-04-03 00:00:00+05:30,16.86,17.23,16.86,17.06,28700
2019-04-04 00:00:00+05:30,17.29,17.3,16.87,17.24,16995
2019-04-05 00:00:00+05:30,17.25,17.9,16.85,17.27,59445
2019-04-08 00:00:00+05:30,16.8,17.8,16.8,17.21,19350
2019-04-09 00:00:00+05:30,17.6,17.79,17.17,17.51,20895
2019-04-10 00:00:00+05:30,18.73,18.73,17.24,17.94,42470
2019-04-11 00:00:00+05:30,18.08,18.08,17.52,17.7,21885
2019-04-12 00:00:00+05:30,18.75,18.75,17.59,17.78,37920
2019-04-15 00:00:00+05:30,18.59,18.59,17.7,17.92,22615
2019-04-16 00:00:00+05:30,18.57,18.57,17.25,17.86,29470
2019-04-18 00:00:00+05:30,18.6,18.6,17.64,18.01,19505
2019-04-22 00:00:00+05:30,18.66,18.86,17.76,18.2,29090
2019-04-23 00:00:00+05:30,18.8,19.83,18.54,18.76,60230
2019-04-24 00:00:00+05:30,19.6,19.6,18.45,18.7,25495
2019-04-25 00:00:00+05:30,19.29,19.29,18.03,18.23,19610
2019-04-26 00:00:00+05:30,18.6,18.68,18.05,18.08,18835
2019-04-30 00:00:00+05:30,18.8,18.8,17.12,18.19,20600
2019-05-02 00:00:00+05:30,18.4,18.6,17.3,17.68,17410
2019-05-03 00:00:00+05:30,18.6,18.66,17.55,17.6,15840
2019-05-06 00:00:00+05:30,18.05,18.18,17.44,17.53,15995
2019-05-07 00:00:00+05:30,18.56,18.56,17.16,17.16,18005
2019-05-08 00:00:00+05:30,18.2,18.2,17.0,17.07,15260
2019-05-09 00:00:00+05:30,18.0,18.0,16.7,17.24,23080
2019-05-10 00:00:00+05:30,16.27,17.45,16.27,17.09,19155
2019-05-13 00:00:00+05:30,16.6,17.8,16.6,16.79,21685
2019-05-14 00:00:00+05:30,16.2,17.2,16.1,16.67,26865
2019-05-15 00:00:00+05:30,16.8,17.34,16.43,16.91,16845
2019-05-16 00:00:00+05:30,16.06,17.2,16.06,16.67,15785
2019-05-17 00:00:00+05:30,16.11,17.16,16.11,16.99,18325
2019-05-20 00:00:00+05:30,16.22,17.25,16.22,16.85,15930
2019-05-21 00:00:00+05:30,16.8,16.93,15.61,16.48,40390
2019-05-22 00:00:00+05:30,16.03,16.98,16.03,16.7,16885
2019-05-23 00:00:00+05:30,16.04,17.2,16.04,16.4,19915
2019-05-24 00:00:00+05:30,16.8,17.8,16.2,16.59,23785
2019-05-27 00:00:00+05:30,17.58,17.58,16.27,16.79,21915
2019-05-28 00:00:00+05:30,16.8,16.96,16.24,16.24,22715
2019-05-29 00:00:00+05:30,16.4,16.8,16.1,16.26,29200
2019-05-30 00:00:00+05:30,16.4,16.54,15.8,16.0,26165
2019-05-31 00:00:00+05:30,15.64,16.4,15.47,15.58,25005
2019-06-03 00:00:00+05:30,15.6,16.0,15.4,15.59,29695
2019-06-04 00:00:00+05:30,15.4,15.56,15.0,15.0,35870
2019-06-06 00:00:00+05:30,15.2,15.38,15.1,15.38,18830
2019-06-07 00:00:00+05:30,15.4,16.0,15.29,15.58,15335
2019-06-10 00:00:00+05:30,16.68,18.56,15.56,18.06,88620
2019-06-11 00:00:00+05:30,19.0,20.76,17.93,18.55,295550
2019-06-12 00:00:00+05:30,18.55,19.48,18.0,18.4,95675
2019-06-13 00:00:00+05:30,18.0,19.5,18.0,19.0,77050
2019-06-14 00:00:00+05:30,19.6,19.9,19.02,19.34,17125
2019-06-17 00:00:00+05:30,19.34,19.93,19.2,19.39,33905
2019-06-18 00:00:00+05:30,19.4,20.8,19.28,19.59,28110
2019-06-19 00:00:00+05:30,19.59,20.27,19.3,19.58,7865
2019-06-20 00:00:00+05:30,19.55,20.19,19.25,19.98,34400
2019-06-21 00:00:00+05:30,19.53,20.38,19.12,19.12,46115
2019-06-24 00:00:00+05:30,19.4,19.49,19.1,19.1,33630
2019-06-25 00:00:00+05:30,19.0,19.09,19.0,19.07,34335
2019-06-26 00:00:00+05:30,18.6,20.36,17.36,19.38,62440
2019-06-27 00:00:00+05:30,19.23,19.58,19.2,19.21,29190
2019-06-28 00:00:00+05:30,19.21,20.5,18.71,19.26,36145
2019-07-01 00:00:00+05:30,19.96,19.96,19.22,19.33,28485
2019-07-02 00:00:00+05:30,19.25,19.7,19.2,19.59,28430
2019-07-03 00:00:00+05:30,19.23,19.6,19.03,19.11,30235
2019-07-04 00:00:00+05:30,18.32,19.5,18.32,19.2,26780
2019-07-05 00:00:00+05:30,19.4,19.98,18.7,19.95,25535
2019-07-08 00:00:00+05:30,20.1,20.1,18.6,19.19,31905
2019-07-09 00:00:00+05:30,18.64,19.56,18.64,19.31,25640
2019-07-10 00:00:00+05:30,18.41,19.78,18.41,18.95,29510
2019-07-11 00:00:00+05:30,18.84,19.4,18.81,18.81,25445
2019-07-12 00:00:00+05:30,19.88,19.88,18.42,19.02,29520
2019-07-15 00:00:00+05:30,19.8,19.88,19.05,19.35,26650
2019-07-16 00:00:00+05:30,19.91,19.95,18.86,19.21,28485
2019-07-17 00:00:00+05:30,19.89,19.95,18.44,18.84,28215
2019-07-18 00:00:00+05:30,19.33,19.39,18.06,18.57,27500
2019-07-19 00:00:00+05:30,18.02,19.13,18.02,18.4,35480
2019-07-22 00:00:00+05:30,18.43,18.59,17.22,18.59,27300
2019-07-23 00:00:00+05:30,17.42,18.62,17.42,18.26,26730
2019-07-24 00:00:00+05:30,18.4,18.43,16.06,16.68,40480
2019-07-25 00:00:00+05:30,17.0,17.2,16.66,16.98,26360
2019-07-26 00:00:00+05:30,18.4,18.4,16.2,17.1,32375
2019-07-29 00:00:00+05:30,17.1,18.18,16.6,17.6,34015
2019-07-30 00:00:00+05:30,16.91,18.39,16.91,16.98,27955
2019-07-31 00:00:00+05:30,16.98,17.2,16.44,17.02,25695
2019-08-01 00:00:00+05:30,17.01,17.04,16.0,16.33,30325
2019-08-02 00:00:00+05:30,16.33,17.16,15.68,16.59,29505
2019-08-05 00:00:00+05:30,15.64,17.14,15.64,15.91,25845
2019-08-06 00:00:00+05:30,16.2,16.8,16.2,16.6,25765
2019-08-07 00:00:00+05:30,16.8,17.2,16.62,16.8,25050
2019-08-08 00:00:00+05:30,16.8,17.3,16.6,16.82,25340
2019-08-09 00:00:00+05:30,16.83,17.6,16.33,17.21,28200
2019-08-13 00:00:00+05:30,17.8,18.56,16.25,16.81,33615
2019-08-14 00:00:00+05:30,18.0,18.0,16.34,16.99,27610
2019-08-16 00:00:00+05:30,16.32,17.4,16.32,17.07,25765
2019-08-19 00:00:00+05:30,17.97,17.97,15.43,16.14,33420
2019-08-20 00:00:00+05:30,16.18,16.27,15.19,15.8,27955
2019-08-21 00:00:00+05:30,15.98,16.42,15.22,16.21,38520
2019-08-22 00:00:00+05:30,17.34,17.6,15.45,16.52,32120
2019-08-23 00:00:00+05:30,16.5,16.5,15.64,16.21,25930
2019-08-26 00:00:00+05:30,16.2,17.08,16.06,16.5,31055
2019-08-27 00:00:00+05:30,16.5,17.98,16.3,17.62,37910
2019-08-28 00:00:00+05:30,17.6,18.08,17.1,17.4,36095
2019-08-29 00:00:00+05:30,17.45,18.56,17.12,17.71,31405
2019-08-30 00:00:00+05:30,17.72,18.79,16.7,17.44,93550
2019-09-03 00:00:00+05:30,17.3,17.44,15.82,16.13,60975
2019-09-04 00:00:00+05:30,16.4,17.34,16.04,16.88,27095
2019-09-05 00:00:00+05:30,16.82,17.27,16.64,16.94,25805
2019-09-06 00:00:00+05:30,16.95,17.2,16.68,17.01,69325
2019-09-09 00:00:00+05:30,17.0,18.71,16.12,16.78,99965
2019-09-11 00:00:00+05:30,16.79,17.59,16.79,17.19,105105
2019-09-12 00:00:00+05:30,17.2,17.59,16.84,17.0,26000
2019-09-13 00:00:00+05:30,17.2,17.7,16.81,17.45,46045
2019-09-16 00:00:00+05:30,17.45,18.21,16.81,17.16,28140
2019-09-17 00:00:00+05:30,17.2,17.58,17.2,17.55,30035
2019-09-18 00:00:00+05:30,16.66,19.2,16.66,17.14,106620
2019-09-19 00:00:00+05:30,17.34,17.74,17.12,17.39,76095
2019-09-20 00:00:00+05:30,17.68,18.36,17.19,17.56,34995
2019-09-23 00:00:00+05:30,17.56,17.8,17.24,17.53,30435
2019-09-24 00:00:00+05:30,17.4,18.0,17.28,17.46,47800
2019-09-25 00:00:00+05:30,17.46,17.8,17.0,17.02,31685
2019-09-26 00:00:00+05:30,17.3,17.6,17.01,17.1,28660
2019-09-27 00:00:00+05:30,17.3,17.34,17.0,17.06,37840
2019-09-30 00:00:00+05:30,17.4,17.6,16.66,16.8,29825
2019-10-01 00:00:00+05:30,16.8,17.72,16.41,16.9,26475
2019-10-03 00:00:00+05:30,16.06,17.4,16.06,17.0,40690
2019-10-04 00:00:00+05:30,17.0,17.15,16.98,17.05,32865
2019-10-07 00:00:00+05:30,17.05,17.99,16.88,17.06,29850
2019-10-09 00:00:00+05:30,17.06,17.15,16.8,16.97,30570
2019-10-10 00:00:00+05:30,16.98,17.08,16.92,17.08,29225
2019-10-11 00:00:00+05:30,17.08,17.6,16.61,17.17,25315
2019-10-14 00:00:00+05:30,17.17,17.28,16.81,16.9,30035
2019-10-15 00:00:00+05:30,17.06,17.23,17.05,17.05,31580
2019-10-16 00:00:00+05:30,17.22,17.7,16.98,17.03,27205
2019-10-17 00:00:00+05:30,17.22,17.39,17.13,17.37,25135
2019-10-18 00:00:00+05:30,17.37,17.4,17.0,17.19,38250
2019-10-22 00:00:00+05:30,16.83,18.1,16.83,17.36,29140
2019-10-23 00:00:00+05:30,17.99,17.99,17.04,17.08,27740
2019-10-24 00:00:00+05:30,17.3,17.9,17.24,17.35,27480
2019-10-25 00:00:00+05:30,17.4,19.07,17.21,17.86,48765
2019-10-27 00:00:00+05:30,18.0,18.9,17.61,17.79,7810
2019-10-29 00:00:00+05:30,17.6,18.08,17.48,17.84,50075
2019-10-30 00:00:00+05:30,17.84,18.0,17.31,17.32,38320
2019-10-31 00:00:00+05:30,17.32,17.88,17.01,17.22,43770
2019-11-01 00:00:00+05:30,17.22,17.77,16.86,17.21,43185
2019-11-04 00:00:00+05:30,16.84,17.79,16.84,17.22,38705
2019-11-05 00:00:00+05:30,17.22,17.4,16.45,16.76,72480
2019-11-06 00:00:00+05:30,18.36,18.36,16.44,16.98,102720
2019-11-07 00:00:00+05:30,17.0,17.48,16.12,16.67,111125
2019-11-08 00:00:00+05:30,17.2,17.2,16.23,16.56,46165
2019-11-11 00:00:00+05:30,16.2,17.18,16.2,16.54,71900
2019-11-13 00:00:00+05:30,15.4,17.36,15.4,16.31,107975
2019-11-14 00:00:00+05:30,16.22,16.6,16.21,16.39,38060
2019-11-15 00:00:00+05:30,16.39,16.48,15.84,16.14,42640
2019-11-18 00:00:00+05:30,16.11,16.6,15.92,16.2,47850
2019-11-19 00:00:00+05:30,16.2,16.77,15.11,15.79,136490
2019-11-20 00:00:00+05:30,16.02,16.02,14.24,14.99,43650
2019-11-21 00:00:00+05:30,16.18,16.72,14.5,15.38,180690
2019-11-22 00:00:00+05:30,15.8,16.0,15.52,15.6,33085
2019-11-25 00:00:00+05:30,15.43,16.16,15.43,15.49,37045
2019-11-26 00:00:00+05:30,16.08,16.09,15.63,15.63,23195
2019-11-27 00:00:00+05:30,15.22,18.44,15.22,16.48,56610
2019-11-28 00:00:00+05:30,16.01,16.02,15.93,15.97,80
2019-11-29 00:00:00+05:30,16.28,16.28,15.04,15.35,32790
2019-12-02 00:00:00+05:30,15.89,15.89,15.6,15.6,405
2019-12-03 00:00:00+05:30,15.06,15.77,14.63,14.87,1770
2019-12-04 00:00:00+05:30,14.87,15.2,14.25,14.82,14135
2019-12-05 00:00:00+05:30,14.6,15.02,14.6,14.81,24925
2019-12-06 00:00:00+05:30,14.81,15.98,14.26,14.53,50625
2019-12-09 00:00:00+05:30,15.97,15.97,14.6,15.12,30100
2019-12-10 00:00:00+05:30,14.06,16.1,14.06,14.52,2245
2019-12-11 00:00:00+05:30,14.01,15.29,13.86,14.28,12945
2019-12-12 00:00:00+05:30,14.6,14.79,13.86,14.07,16175
2019-12-13 00:00:00+05:30,14.55,14.67,14.01,14.36,13425
2019-12-16 00:00:00+05:30,15.2,15.2,14.3,14.5,12090
2019-12-17 00:00:00+05:30,14.7,14.7,14.02,14.23,12275
2019-12-18 00:00:00+05:30,15.2,15.2,14.0,14.44,12190
2019-12-19 00:00:00+05:30,14.9,14.9,13.99,14.9,16585
2019-12-20 00:00:00+05:30,14.4,14.89,14.27,14.3,14725
2019-12-23 00:00:00+05:30,14.27,14.97,14.27,14.7,12760
2019-12-24 00:00:00+05:30,14.9,14.9,14.42,14.8,12315
2019-12-26 00:00:00+05:30,14.85,14.86,14.85,14.86,12000
2019-12-27 00:00:00+05:30,15.59,15.59,14.22,14.62,63720
2019-12-30 00:00:00+05:30,14.7,14.82,14.2,14.6,19035
2019-12-31 00:00:00+05:30,14.02,15.38,14.02,14.89,16200
2020-01-01 00:00:00+05:30,15.1,15.1,14.52,14.52,65
2020-01-02 00:00:00+05:30,14.1,14.98,14.1,14.47,16605
2020-01-03 00:00:00+05:30,14.66,14.67,14.61,14.62,3850
2020-01-06 00:00:00+05:30,14.09,14.8,14.09,14.64,495
2020-01-07 00:00:00+05:30,15.98,15.98,14.24,14.32,1760
2020-01-08 00:00:00+05:30,14.0,14.56,14.0,14.01,1210
2020-01-09 00:00:00+05:30,15.57,15.57,14.3,14.31,825
2020-01-10 00:00:00+05:30,15.36,15.36,14.2,14.53,340
2020-01-13 00:00:00+05:30,14.4,15.57,14.4,15.19,114680
2020-01-14 00:00:00+05:30,15.78,15.78,14.88,15.54,3745
2020-01-15 00:00:00+05:30,16.19,16.19,14.21,15.18,11995
2020-01-16 00:00:00+05:30,14.93,15.24,14.93,14.93,360
2020-01-17 00:00:00+05:30,14.88,15.0,14.82,14.98,600
2020-01-20 00:00:00+05:30,15.74,15.96,14.9,14.99,3035
2020-01-21 00:00:00+05:30,15.0,15.0,15.0,15.0,65
2020-01-22 00:00:00+05:30,14.44,14.8,14.22,14.41,3295
2020-01-23 00:00:00+05:30,14.51,15.25,14.5,14.6,6535
2020-01-24 00:00:00+05:30,14.25,15.18,14.25,14.41,7240
2020-01-27 00:00:00+05:30,14.99,15.2,14.1,14.6,5750
2020-01-28 00:00:00+05:30,14.33,14.5,14.2,14.24,2635
2020-01-30 00:00:00+05:30,15.54,15.54,14.43,14.53,19160
2020-01-31 00:00:00+05:30,15.98,15.98,14.02,14.4,7525
2020-02-01 00:00:00+05:30,15.34,15.34,14.01,14.13,2855
2020-02-03 00:00:00+05:30,14.97,14.97,14.2,14.2,455
2020-02-04 00:00:00+05:30,14.24,14.79,13.81,13.81,905
2020-02-05 00:00:00+05:30,13.5,15.64,13.5,15.25,11220
2020-02-06 00:00:00+05:30,15.2,18.3,15.2,16.21,86320
2020-02-07 00:00:00+05:30,15.5,16.45,15.4,15.48,8170
2020-02-10 00:00:00+05:30,15.98,15.98,15.3,15.8,1100
2020-02-11 00:00:00+05:30,17.59,18.96,17.2,18.96,240545
2020-02-12 00:00:00+05:30,19.98,19.98,16.19,16.9,165095
2020-02-13 00:00:00+05:30,16.41,17.18,16.41,16.57,27375
2020-02-14 00:00:00+05:30,15.61,16.98,15.61,16.0,8750
2020-02-17 00:00:00+05:30,16.0,16.0,15.12,15.34,17685
2020-02-18 00:00:00+05:30,14.6,16.28,14.53,15.47,3250
2020-02-19 00:00:00+05:30,15.41,16.68,15.41,16.2,7170
2020-02-20 00:00:00+05:30,16.2,16.34,15.63,16.33,1100
2020-02-24 00:00:00+05:30,16.34,16.4,15.53,15.65,9460
2020-02-25 00:00:00+05:30,15.13,16.16,15.13,15.89,11930
2020-02-26 00:00:00+05:30,16.59,16.59,14.85,15.27,6730
2020-02-27 00:00:00+05:30,16.4,16.4,14.75,15.51,4060
2020-02-28 00:00:00+05:30,15.94,15.98,13.15,14.07,7660
2020-03-02 00:00:00+05:30,14.0,14.79,13.69,14.18,5520
2020-03-03 00:00:00+05:30,13.9,13.9,11.98,12.77,23730
2020-03-04 00:00:00+05:30,12.6,13.53,11.21,12.24,18905
2020-03-05 00:00:00+05:30,12.23,13.6,12.23,13.28,8550
2020-03-06 00:00:00+05:30,13.6,14.0,12.41,12.6,4370
2020-03-09 00:00:00+05:30,12.6,12.6,12.2,12.31,1250
2020-03-11 00:00:00+05:30,12.2,13.0,12.0,12.5,2620
2020-03-12 00:00:00+05:30,12.5,12.97,10.82,10.97,9525
2020-03-13 00:00:00+05:30,10.6,12.78,8.62,11.99,2670
2020-03-16 00:00:00+05:30,11.99,11.99,11.08,11.29,4595
2020-03-17 00:00:00+05:30,11.08,11.98,10.65,10.97,2765
2020-03-18 00:00:00+05:30,11.1,11.4,10.7,10.7,1215
2020-03-19 00:00:00+05:30,10.7,11.2,9.01,9.7,3245
2020-03-20 00:00:00+05:30,9.7,11.6,9.64,11.01,2905
2020-03-23 00:00:00+05:30,10.6,10.6,9.14,9.24,435
2020-03-24 00:00:00+05:30,8.2,11.0,8.2,9.62,2295
2020-03-25 00:00:00+05:30,8.74,11.52,8.52,10.4,535
2020-03-26 00:00:00+05:30,10.4,11.0,10.4,10.8,75
2020-03-27 00:00:00+05:30,10.6,12.8,10.6,12.06,2505
2020-03-30 00:00:00+05:30,11.0,14.38,9.72,10.44,23510
2020-03-31 00:00:00+05:30,10.45,10.98,10.01,10.42,2590
2020-04-01 00:00:00+05:30,10.15,10.59,10.02,10.13,2305
2020-04-03 00:00:00+05:30,11.1,11.15,10.02,10.21,475
2020-04-07 00:00:00+05:30,10.02,11.1,9.64,10.34,1595
2020-04-08 00:00:00+05:30,10.2,10.8,10.03,10.17,3600
2020-04-09 00:00:00+05:30,11.17,12.2,10.3,11.72,6010
2020-04-13 00:00:00+05:30,12.2,13.6,11.2,11.58,3955
2020-04-15 00:00:00+05:30,12.2,12.4,11.12,11.42,6185
2020-04-16 00:00:00+05:30,11.7,13.4,9.79,11.74,14520
2020-04-17 00:00:00+05:30,12.55,13.98,11.28,12.22,17770
2020-04-20 00:00:00+05:30,13.0,13.3,11.74,12.33,4845
2020-04-21 00:00:00+05:30,11.84,12.99,11.23,11.55,2075
2020-04-22 00:00:00+05:30,11.84,11.84,11.05,11.81,325
2020-04-23 00:00:00+05:30,11.38,12.0,10.85,11.53,2550
2020-04-24 00:00:00+05:30,11.02,11.6,11.02,11.19,405
2020-04-27 00:00:00+05:30,10.72,11.63,10.46,11.59,1050
2020-04-28 00:00:00+05:30,11.68,11.68,10.74,11.14,1875
2020-04-29 00:00:00+05:30,11.14,11.4,10.53,10.86,3845
2020-04-30 00:00:00+05:30,10.63,11.3,10.63,11.29,1250
2020-05-04 00:00:00+05:30,11.29,12.18,10.44,10.66,15215
2020-05-05 00:00:00+05:30,10.66,11.07,10.66,10.71,810
2020-05-06 00:00:00+05:30,10.65,11.03,10.61,10.8,6000
2020-05-07 00:00:00+05:30,11.23,11.24,10.61,10.71,2305
2020-05-08 00:00:00+05:30,11.32,11.32,11.18,11.2,3535
2020-05-11 00:00:00+05:30,11.86,12.6,10.13,10.62,44795
2020-05-12 00:00:00+05:30,11.28,11.29,10.55,10.94,15605
2020-05-13 00:00:00+05:30,10.94,11.24,10.52,10.62,18235
2020-05-14 00:00:00+05:30,10.92,10.98,10.59,10.71,15420
2020-05-15 00:00:00+05:30,11.1,11.1,10.28,10.77,9435
2020-05-18 00:00:00+05:30,10.7,10.99,9.74,10.6,5070
2020-05-19 00:00:00+05:30,10.18,10.44,9.6,9.76,27485
2020-05-20 00:00:00+05:30,9.6,10.54,9.02,9.44,12465
2020-05-21 00:00:00+05:30,9.14,10.07,9.14,9.74,4850
2020-05-22 00:00:00+05:30,9.87,9.87,9.2,9.3,7190
2020-05-26 00:00:00+05:30,9.58,9.6,9.22,9.6,1420
2020-05-27 00:00:00+05:30,9.98,10.19,9.81,9.85,7820
2020-05-28 00:00:00+05:30,10.2,11.56,9.8,10.49,25090
2020-05-29 00:00:00+05:30,10.43,10.43,10.18,10.23,880
2020-06-01 00:00:00+05:30,10.2,11.04,10.2,10.62,22015
2020-06-02 00:00:00+05:30,10.52,11.59,10.26,11.01,84875
2020-06-03 00:00:00+05:30,12.2,12.2,11.05,11.59,19740
2020-06-04 00:00:00+05:30,11.14,11.32,11.12,11.14,1440
2020-06-05 00:00:00+05:30,10.8,11.12,10.8,11.12,7275
2020-06-08 00:00:00+05:30,11.58,13.34,11.58,13.34,49580
2020-06-09 00:00:00+05:30,14.98,16.0,14.02,16.0,225090
2020-06-10 00:00:00+05:30,16.8,17.4,14.62,15.59,130210
2020-06-11 00:00:00+05:30,15.4,15.6,14.05,14.37,14550
2020-06-12 00:00:00+05:30,14.16,15.4,13.1,15.07,32085
2020-06-15 00:00:00+05:30,14.76,15.18,13.57,14.37,16170
2020-06-16 00:00:00+05:30,14.95,14.95,13.81,14.1,7290
2020-06-17 00:00:00+05:30,13.25,14.6,13.25,13.75,4675
2020-06-18 00:00:00+05:30,13.79,14.88,13.64,14.3,13010
2020-06-19 00:00:00+05:30,14.47,14.96,13.72,14.37,34890
2020-06-22 00:00:00+05:30,14.24,15.08,14.24,14.61,7755
2020-06-23 00:00:00+05:30,14.2,15.08,14.2,14.54,10565
2020-06-24 00:00:00+05:30,14.38,15.74,13.82,14.92,18360
2020-06-25 00:00:00+05:30,14.8,15.18,14.36,14.51,4735
2020-06-26 00:00:00+05:30,14.68,15.6,14.53,15.07,25605
2020-06-29 00:00:00+05:30,14.52,15.12,14.52,14.8,1745
2020-06-30 00:00:00+05:30,15.6,15.6,14.2,14.31,323980
2020-07-01 00:00:00+05:30,14.02,14.27,13.76,13.94,18865
2020-07-02 00:00:00+05:30,13.46,13.99,13.04,13.6,27650
2020-07-03 00:00:00+05:30,13.6,14.58,13.46,13.66,16330
2020-07-06 00:00:00+05:30,14.24,14.24,13.42,13.55,10045
2020-07-07 00:00:00+05:30,13.59,13.74,13.25,13.38,8830
2020-07-08 00:00:00+05:30,13.04,13.86,13.04,13.18,15600
2020-07-09 00:00:00+05:30,13.23,13.5,13.23,13.27,2865
2020-07-10 00:00:00+05:30,13.26,14.0,13.11,13.6,26220
2020-07-13 00:00:00+05:30,13.42,13.79,13.11,13.41,3805
2020-07-14 00:00:00+05:30,13.69,13.7,13.15,13.59,8850
2020-07-15 00:00:00+05:30,13.68,13.82,13.36,13.37,8500
2020-07-16 00:00:00+05:30,13.42,13.8,13.31,13.31,900
2020-07-17 00:00:00+05:30,13.31,13.4,12.96,13.12,6410
2020-07-20 00:00:00+05:30,13.04,13.4,12.78,12.8,2850
2020-07-21 00:00:00+05:30,13.4,13.4,12.57,12.79,83095
2020-07-22 00:00:00+05:30,13.16,13.16,12.8,12.82,36715
2020-07-23 00:00:00+05:30,12.96,13.14,12.81,12.81,33450
2020-07-24 00:00:00+05:30,12.64,13.0,12.61,13.0,42050
2020-07-27 00:00:00+05:30,12.54,13.96,12.54,13.35,102625
2020-07-28 00:00:00+05:30,13.35,13.54,12.93,13.41,26475
2020-07-29 00:00:00+05:30,13.1,13.9,13.1,13.52,115310
2020-07-30 00:00:00+05:30,13.7,13.96,13.48,13.5,25675
2020-07-31 00:00:00+05:30,13.34,13.74,13.33,13.6,29035
2020-08-03 00:00:00+05:30,13.48,14.3,13.48,13.87,24625
2020-08-04 00:00:00+05:30,14.36,14.36,13.8,13.85,28075
2020-08-05 00:00:00+05:30,14.3,14.3,13.8,14.08,26675
2020-08-06 00:00:00+05:30,14.38,14.38,13.8,14.11,35170
2020-08-07 00:00:00+05:30,14.11,14.48,13.62,13.84,56795
2020-08-10 00:00:00+05:30,14.0,14.02,13.6,13.8,20825
2020-08-11 00:00:00+05:30,13.99,14.0,13.72,13.74,29470
2020-08-12 00:00:00+05:30,13.24,13.93,13.24,13.61,35965
2020-08-13 00:00:00+05:30,14.0,15.95,13.6,14.5,21050
2020-08-14 00:00:00+05:30,15.1,15.79,13.82,14.26,42685
2020-08-17 00:00:00+05:30,15.0,15.0,13.82,14.52,10750
2020-08-18 00:00:00+05:30,14.4,17.3,14.11,15.92,433860
2020-08-19 00:00:00+05:30,16.3,19.0,16.03,16.8,253060
2020-08-20 00:00:00+05:30,17.73,17.73,16.01,17.31,216450
2020-08-21 00:00:00+05:30,17.2,18.6,17.04,18.0,149085
2020-08-24 00:00:00+05:30,18.75,19.2,17.59,18.85,41895
2020-08-25 00:00:00+05:30,19.1,22.62,19.1,22.62,728355
2020-08-26 00:00:00+05:30,23.58,23.58,20.48,21.73,387430
2020-08-27 00:00:00+05:30,21.6,22.97,20.85,21.47,199305
2020-08-28 00:00:00+05:30,21.4,21.95,19.33,19.76,96765
2020-08-31 00:00:00+05:30,19.24,19.78,17.79,17.8,54940
2020-09-01 00:00:00+05:30,18.56,18.68,17.03,18.19,11675
2020-09-02 00:00:00+05:30,17.5,18.58,17.47,17.75,5660
2020-09-03 00:00:00+05:30,18.56,18.56,17.51,17.95,8575
2020-09-04 00:00:00+05:30,18.56,18.56,17.12,17.9,10085
2020-09-07 00:00:00+05:30,18.19,18.3,17.28,17.91,7215
2020-09-08 00:00:00+05:30,17.9,18.66,17.5,17.75,48130
2020-09-09 00:00:00+05:30,17.57,18.3,17.39,18.02,30520
2020-09-10 00:00:00+05:30,17.75,18.51,17.7,17.75,6640
2020-09-11 00:00:00+05:30,17.65,18.63,17.59,18.62,50910
2020-09-14 00:00:00+05:30,18.62,19.38,18.61,18.62,67900
2020-09-15 00:00:00+05:30,19.4,19.4,18.21,18.54,10440
2020-09-16 00:00:00+05:30,18.22,19.08,18.21,18.6,5515
2020-09-17 00:00:00+05:30,18.6,19.53,18.13,18.4,36075
2020-09-18 00:00:00+05:30,18.91,18.91,17.61,17.84,11890
2020-09-21 00:00:00+05:30,18.47,18.56,16.95,16.95,10900
2020-09-22 00:00:00+05:30,16.23,16.96,16.11,16.16,16690
2020-09-23 00:00:00+05:30,16.2,16.67,16.1,16.17,2840
2020-09-24 00:00:00+05:30,16.57,16.57,15.38,15.47,6190
2020-09-25 00:00:00+05:30,15.11,15.81,15.11,15.4,3615
2020-09-28 00:00:00+05:30,14.83,16.16,14.83,16.16,1570
2020-09-29 00:00:00+05:30,16.02,16.88,16.0,16.31,5160
2020-09-30 00:00:00+05:30,15.76,17.08,15.76,16.46,405
2020-10-01 00:00:00+05:30,16.2,17.16,16.2,17.03,9950
2020-10-05 00:00:00+05:30,17.1,17.68,17.01,17.01,12550
2020-10-06 00:00:00+05:30,17.01,17.3,16.43,16.47,4335
2020-10-07 00:00:00+05:30,16.48,17.2,16.48,17.18,3810
2020-10-08 00:00:00+05:30,16.68,17.3,15.66,16.03,21610
2020-10-09 00:00:00+05:30,16.51,17.38,15.91,15.92,7280
2020-10-12 00:00:00+05:30,15.43,16.74,15.43,16.46,2395
2020-10-13 00:00:00+05:30,16.17,16.8,15.55,16.65,1180
2020-10-14 00:00:00+05:30,16.71,16.79,15.6,15.97,4910
2020-10-15 00:00:00+05:30,15.26,16.7,15.26,16.24,4405
2020-10-16 00:00:00+05:30,15.99,16.61,15.4,15.94,3785
2020-10-19 00:00:00+05:30,15.8,16.61,15.67,15.72,455
2020-10-20 00:00:00+05:30,16.8,16.8,16.0,16.49,5590
2020-10-21 00:00:00+05:30,16.4,16.79,15.71,16.0,625
2020-10-22 00:00:00+05:30,16.61,17.2,15.33,16.75,8835
2020-10-23 00:00:00+05:30,17.2,18.0,16.22,16.98,37395
2020-10-26 00:00:00+05:30,16.95,18.18,16.1,16.71,13645
2020-10-27 00:00:00+05:30,16.91,16.91,16.19,16.25,300
2020-10-28 00:00:00+05:30,16.49,16.55,16.21,16.21,11900
2020-10-29 00:00:00+05:30,16.02,17.41,15.8,16.66,4235
2020-10-30 00:00:00+05:30,16.91,16.98,15.79,16.78,325
2020-11-02 00:00:00+05:30,16.97,17.89,15.89,16.3,4390
2020-11-03 00:00:00+05:30,16.51,16.96,16.2,16.2,1855
2020-11-04 00:00:00+05:30,16.28,16.49,16.2,16.2,385
2020-11-05 00:00:00+05:30,15.6,16.8,15.6,16.62,23395
2020-11-06 00:00:00+05:30,15.99,17.6,15.95,16.55,9145
2020-11-09 00:00:00+05:30,16.92,17.39,16.47,16.6,2475
2020-11-10 00:00:00+05:30,16.48,16.98,16.0,16.26,15270
2020-11-11 00:00:00+05:30,16.85,16.94,16.32,16.69,3430
2020-11-12 00:00:00+05:30,16.81,16.89,16.3,16.78,3575
2020-11-13 00:00:00+05:30,16.42,16.59,15.79,16.2,5980
2020-11-17 00:00:00+05:30,16.08,16.58,15.87,15.89,9265
2020-11-18 00:00:00+05:30,15.9,16.6,15.9,16.12,4950
2020-11-19 00:00:00+05:30,16.51,17.59,16.27,16.84,28910
2020-11-20 00:00:00+05:30,16.8,17.87,16.51,16.52,6725
2020-11-23 00:00:00+05:30,17.0,17.29,16.4,16.43,1755
2020-11-24 00:00:00+05:30,16.49,17.0,16.48,16.73,3830
2020-11-25 00:00:00+05:30,16.81,16.81,16.4,16.43,4250
2020-11-26 00:00:00+05:30,16.31,18.07,16.29,18.07,54390
2020-11-27 00:00:00+05:30,18.88,18.88,17.91,18.52,25580
2020-12-01 00:00:00+05:30,19.06,19.06,18.0,18.61,9505
2020-12-02 00:00:00+05:30,18.29,20.47,18.21,20.47,59795
2020-12-03 00:00:00+05:30,21.0,21.8,20.25,20.75,37225
2020-12-04 00:00:00+05:30,20.81,21.47,20.29,20.39,33430
2020-12-07 00:00:00+05:30,20.41,21.0,20.4,20.43,5535
2020-12-08 00:00:00+05:30,19.7,21.0,19.61,19.96,17735
2020-12-09 00:00:00+05:30,20.97,20.97,19.33,20.2,6655
2020-12-10 00:00:00+05:30,19.32,20.89,19.3,20.2,3910
2020-12-11 00:00:00+05:30,19.43,20.89,19.14,19.47,8495
2020-12-14 00:00:00+05:30,19.46,20.69,19.19,19.98,9540
2020-12-15 00:00:00+05:30,20.48,20.48,19.66,19.93,3820
2020-12-16 00:00:00+05:30,19.39,20.55,19.39,20.1,11540
2020-12-17 00:00:00+05:30,19.51,20.94,19.51,19.85,9800
2020-12-18 00:00:00+05:30,19.96,19.96,19.47,19.91,2875
2020-12-21 00:00:00+05:30,19.3,20.11,19.27,19.36,6730
2020-12-22 00:00:00+05:30,18.58,20.67,18.05,18.98,10475
2020-12-23 00:00:00+05:30,19.49,19.67,18.59,19.5,6090
2020-12-24 00:00:00+05:30,19.1,20.31,19.1,19.45,2780
2020-12-28 00:00:00+05:30,19.12,19.8,19.12,19.59,7330
2020-12-29 00:00:00+05:30,18.95,20.31,18.95,19.95,47615
2020-12-30 00:00:00+05:30,19.29,20.5,19.27,20.01,15690
2020-12-31 00:00:00+05:30,19.59,21.96,19.59,21.39,43160
2021-01-01 00:00:00+05:30,22.0,23.52,21.11,23.19,258585
2021-01-04 00:00:00+05:30,23.62,24.94,23.47,24.41,287765
2021-01-05 00:00:00+05:30,23.02,24.74,22.0,23.38,208040
2021-01-06 00:00:00+05:30,23.98,24.5,22.87,23.35,60670
2021-01-07 00:00:00+05:30,23.4,24.15,23.05,23.6,35010
2021-01-08 00:00:00+05:30,23.6,23.6,22.5,22.94,53235
2021-01-11 00:00:00+05:30,22.81,23.5,22.19,22.51,14145
2021-01-12 00:00:00+05:30,23.0,23.19,22.39,22.55,25070
2021-01-13 00:00:00+05:30,23.0,24.4,22.71,23.42,38075
2021-01-14 00:00:00+05:30,24.75,24.76,22.21,23.35,25365
2021-01-15 00:00:00+05:30,23.25,23.3,22.39,22.82,16210
2021-01-18 00:00:00+05:30,22.82,23.16,21.8,21.91,17575
2021-01-19 00:00:00+05:30,22.62,22.74,22.07,22.33,4630
2021-01-20 00:00:00+05:30,22.65,22.92,21.79,22.55,23670
2021-01-21 00:00:00+05:30,22.66,22.66,21.42,21.79,19305
2021-01-22 00:00:00+05:30,21.78,23.77,20.1,22.18,65175
2021-01-25 00:00:00+05:30,22.75,22.88,21.59,21.78,19240
2021-01-27 00:00:00+05:30,21.71,22.4,21.22,22.01,19640
2021-01-28 00:00:00+05:30,22.09,22.34,21.38,21.87,13960
2021-01-29 00:00:00+05:30,22.13,22.22,21.43,21.72,12430
2021-02-01 00:00:00+05:30,21.91,22.39,20.82,22.15,13640
2021-02-02 00:00:00+05:30,21.58,22.56,21.39,22.06,7120
2021-02-03 00:00:00+05:30,22.1,22.79,21.27,22.48,18960
2021-02-04 00:00:00+05:30,21.9,22.7,21.62,22.38,27320
2021-02-05 00:00:00+05:30,22.59,24.42,22.59,23.5,94005
2021-02-08 00:00:00+05:30,24.19,24.94,23.4,24.42,107990
2021-02-09 00:00:00+05:30,24.8,24.98,23.6,24.21,32015
2021-02-10 00:00:00+05:30,23.6,24.59,23.0,24.31,22790
2021-02-11 00:00:00+05:30,24.4,26.0,23.88,24.55,27160
2021-02-12 00:00:00+05:30,24.79,25.0,23.62,24.38,12175
2021-02-15 00:00:00+05:30,24.39,26.41,23.87,25.69,37120
2021-02-16 00:00:00+05:30,26.48,30.82,25.93,30.82,481580
2021-02-17 00:00:00+05:30,30.8,36.4,29.22,35.2,963520
2021-02-18 00:00:00+05:30,35.3,35.3,33.41,33.72,94995
2021-02-19 00:00:00+05:30,34.01,34.01,31.8,32.27,65865
2021-02-22 00:00:00+05:30,31.6,31.6,29.05,29.82,52735
2021-02-23 00:00:00+05:30,30.8,32.6,29.22,30.03,61840
2021-02-24 00:00:00+05:30,30.63,30.63,29.23,29.9,14410
2021-02-25 00:00:00+05:30,29.85,30.2,29.6,30.14,12215
2021-02-26 00:00:00+05:30,29.59,29.91,28.2,29.78,11300
2021-03-01 00:00:00+05:30,28.8,29.8,28.6,29.72,14780
2021-03-02 00:00:00+05:30,29.56,30.35,28.5,29.06,11400
2021-03-03 00:00:00+05:30,29.0,29.7,28.6,29.15,12955
2021-03-04 00:00:00+05:30,29.93,29.94,28.2,28.94,14955
2021-03-05 00:00:00+05:30,28.87,28.87,27.6,28.04,20730
2021-03-08 00:00:00+05:30,28.5,28.5,27.26,28.14,12005
2021-03-09 00:00:00+05:30,28.68,29.02,27.28,28.07,13405
2021-03-10 00:00:00+05:30,28.19,28.79,27.5,28.2,8070
2021-03-12 00:00:00+05:30,28.24,28.24,26.8,27.25,24065
2021-03-15 00:00:00+05:30,27.91,28.07,27.0,27.5,17620
2021-03-16 00:00:00+05:30,27.99,27.99,27.6,27.72,6845
2021-03-17 00:00:00+05:30,27.62,27.99,27.6,27.86,3295
2021-03-18 00:00:00+05:30,27.3,29.21,25.3,26.81,24540
2021-03-19 00:00:00+05:30,26.34,27.92,25.35,27.75,42275
2021-03-22 00:00:00+05:30,29.57,29.57,27.09,27.47,30515
2021-03-23 00:00:00+05:30,28.64,28.91,26.44,27.16,18560
2021-03-24 00:00:00+05:30,27.61,27.61,25.3,26.62,19630
2021-03-25 00:00:00+05:30,26.82,27.49,25.31,26.02,25215
2021-03-26 00:00:00+05:30,25.5,28.59,25.5,27.7,12020
2021-03-30 00:00:00+05:30,26.93,29.75,26.93,29.7,9845
2021-03-31 00:00:00+05:30,29.7,29.7,28.52,28.8,1650
2021-04-01 00:00:00+05:30,30.59,30.59,27.61,28.1,7390
2021-04-05 00:00:00+05:30,29.48,29.67,28.4,29.51,5295
2021-04-06 00:00:00+05:30,30.56,30.57,28.03,28.5,20615
2021-04-07 00:00:00+05:30,29.25,29.36,28.6,29.04,46720
2021-04-08 00:00:00+05:30,29.39,29.99,29.0,29.23,33255
2021-04-09 00:00:00+05:30,29.31,29.57,28.91,29.4,27330
2021-04-12 00:00:00+05:30,28.71,29.96,27.38,29.49,21195
2021-04-13 00:00:00+05:30,29.72,29.72,28.41,28.96,45480
2021-04-15 00:00:00+05:30,29.36,29.8,28.62,29.58,38805
2021-04-16 00:00:00+05:30,30.06,30.2,28.91,29.54,41840
2021-04-19 00:00:00+05:30,27.47,29.07,27.47,28.34,39575
2021-04-20 00:00:00+05:30,28.99,29.75,28.2,29.07,32290
2021-04-22 00:00:00+05:30,28.82,29.51,27.69,28.63,38370
2021-04-23 00:00:00+05:30,29.02,31.49,29.02,31.49,57715
2021-04-26 00:00:00+05:30,34.18,34.18,31.6,33.41,107100
2021-04-27 00:00:00+05:30,33.0,35.2,33.0,33.57,44465
2021-04-28 00:00:00+05:30,33.05,33.6,31.74,32.72,42310
2021-04-29 00:00:00+05:30,32.84,32.96,31.05,31.45,58790
2021-04-30 00:00:00+05:30,31.2,32.95,31.2,31.74,48030
2021-05-03 00:00:00+05:30,30.99,31.97,30.25,31.5,45145
2021-05-04 00:00:00+05:30,32.03,32.03,31.0,31.08,40650
2021-05-05 00:00:00+05:30,31.98,34.18,31.51,32.52,71900
2021-05-06 00:00:00+05:30,32.6,33.43,32.0,32.38,38350
2021-05-07 00:00:00+05:30,32.83,32.96,31.8,31.9,51925
2021-05-10 00:00:00+05:30,32.44,33.46,31.6,31.87,52995
2021-05-11 00:00:00+05:30,31.98,32.28,31.7,31.86,25910
2021-05-12 00:00:00+05:30,32.19,32.58,31.52,32.16,35545
2021-05-14 00:00:00+05:30,31.2,32.4,31.2,31.88,27160
2021-05-17 00:00:00+05:30,31.73,32.71,31.6,32.44,40155
2021-05-18 00:00:00+05:30,32.63,32.99,31.95,32.48,67980
2021-05-19 00:00:00+05:30,33.18,33.3,31.31,31.98,39820
2021-05-20 00:00:00+05:30,32.87,32.87,31.92,32.48,37370
2021-05-21 00:00:00+05:30,32.7,34.4,31.9,33.74,69260
2021-05-24 00:00:00+05:30,34.43,37.0,33.0,36.12,116390
2021-05-25 00:00:00+05:30,37.92,37.92,36.12,36.77,66085
2021-05-26 00:00:00+05:30,37.54,39.6,37.05,38.01,123485
2021-05-27 00:00:00+05:30,38.2,38.77,37.02,37.65,44145
2021-05-28 00:00:00+05:30,39.0,39.0,36.0,36.2,45950
2021-05-31 00:00:00+05:30,36.01,37.34,35.71,36.17,70955
2021-06-01 00:00:00+05:30,36.58,36.58,33.47,34.95,83205
2021-06-02 00:00:00+05:30,36.4,36.51,34.87,35.33,40240
2021-06-03 00:00:00+05:30,35.92,35.98,33.4,34.67,29825
2021-06-04 00:00:00+05:30,36.58,36.58,34.99,35.36,39885
2021-06-07 00:00:00+05:30,36.12,42.43,36.11,42.43,539335
2021-06-08 00:00:00+05:30,47.6,47.6,42.1,42.55,412160
2021-06-09 00:00:00+05:30,41.8,42.19,39.82,40.38,104185
2021-06-10 00:00:00+05:30,40.47,42.67,39.05,40.12,90270
2021-06-11 00:00:00+05:30,41.36,41.4,40.2,40.39,79085
2021-06-14 00:00:00+05:30,40.5,40.5,38.22,39.13,67740
2021-06-15 00:00:00+05:30,39.28,41.98,38.67,41.16,68930
2021-06-17 00:00:00+05:30,40.88,49.56,40.15,49.56,1380735
2021-06-18 00:00:00+05:30,52.22,54.94,44.28,45.02,1361015
2021-06-21 00:00:00+05:30,44.58,47.6,44.27,46.59,143695
2021-06-22 00:00:00+05:30,46.97,47.38,43.42,44.36,89550
2021-06-23 00:00:00+05:30,44.91,45.25,43.05,43.83,57820
2021-06-24 00:00:00+05:30,43.83,44.4,42.85,44.02,58560
2021-06-25 00:00:00+05:30,44.03,44.4,42.42,44.04,82560
2021-06-28 00:00:00+05:30,44.8,50.4,41.81,48.29,410660
2021-06-29 00:00:00+05:30,49.7,49.7,45.0,45.42,145540
2021-06-30 00:00:00+05:30,46.6,52.61,46.28,51.34,635135
2021-07-01 00:00:00+05:30,52.17,59.77,50.44,52.52,1219435
2021-07-02 00:00:00+05:30,53.0,55.6,51.54,54.31,308390
2021-07-05 00:00:00+05:30,56.6,61.76,53.61,59.34,1430035
2021-07-06 00:00:00+05:30,60.0,62.94,55.61,56.47,767020
2021-07-07 00:00:00+05:30,58.0,58.0,55.56,57.32,89635
2021-07-08 00:00:00+05:30,57.39,57.75,55.0,55.57,42890
2021-07-09 00:00:00+05:30,57.98,57.98,55.31,55.72,26950
2021-07-12 00:00:00+05:30,55.82,57.31,54.03,54.87,39525
2021-07-13 00:00:00+05:30,55.11,56.4,53.21,53.88,53850
2021-07-14 00:00:00+05:30,55.98,55.98,53.69,54.04,38285
2021-07-15 00:00:00+05:30,55.36,55.36,51.49,52.56,43770
2021-07-16 00:00:00+05:30,52.82,53.18,48.75,50.55,100795
2021-07-19 00:00:00+05:30,50.5,52.38,49.61,51.28,35310
2021-07-20 00:00:00+05:30,50.12,50.2,48.72,48.72,16660
2021-07-22 00:00:00+05:30,48.74,48.74,46.29,46.29,14245
2021-07-23 00:00:00+05:30,44.0,48.35,44.0,48.14,49585
2021-07-26 00:00:00+05:30,47.99,50.0,47.99,49.55,10550
2021-07-27 00:00:00+05:30,49.55,50.8,47.61,49.87,19020
2021-07-28 00:00:00+05:30,47.65,49.4,47.38,47.94,14135
2021-07-29 00:00:00+05:30,47.8,50.33,46.4,49.39,8970
2021-07-30 00:00:00+05:30,50.4,50.4,47.4,48.57,6125
2021-08-02 00:00:00+05:30,47.01,49.6,47.01,47.93,13405
2021-08-03 00:00:00+05:30,48.89,49.32,46.54,47.98,9825
2021-08-04 00:00:00+05:30,47.0,49.32,46.92,47.65,13210
2021-08-05 00:00:00+05:30,46.4,49.2,45.3,45.71,23535
2021-08-06 00:00:00+05:30,47.12,47.9,45.2,47.39,12240
2021-08-09 00:00:00+05:30,48.8,48.8,45.03,47.2,25015
2021-08-10 00:00:00+05:30,46.48,47.0,44.84,45.68,30020
2021-08-11 00:00:00+05:30,45.0,45.0,43.4,44.86,29265
2021-08-12 00:00:00+05:30,44.4,46.3,42.93,46.19,6885
2021-08-13 00:00:00+05:30,45.36,47.99,44.24,47.36,8800
2021-08-16 00:00:00+05:30,47.4,47.4,45.0,45.02,11800
2021-08-17 00:00:00+05:30,46.92,46.92,42.77,43.69,26850
2021-08-18 00:00:00+05:30,42.8,44.0,41.6,43.47,34095
2021-08-20 00:00:00+05:30,43.4,44.0,41.3,41.37,7005
2021-08-23 00:00:00+05:30,39.73,43.37,39.31,39.76,35830
2021-08-24 00:00:00+05:30,38.01,41.0,38.01,40.75,13785
2021-08-25 00:00:00+05:30,39.6,40.7,39.4,40.44,2785
2021-08-26 00:00:00+05:30,39.45,40.9,39.0,40.9,19580
2021-08-27 00:00:00+05:30,41.0,41.7,40.4,41.18,14850
2021-08-30 00:00:00+05:30,40.8,41.99,40.0,41.6,6490
2021-08-31 00:00:00+05:30,41.64,41.64,39.82,40.77,12325
2021-09-01 00:00:00+05:30,40.0,41.98,40.0,40.09,5105
2021-09-02 00:00:00+05:30,39.6,40.6,39.0,39.91,26505
2021-09-03 00:00:00+05:30,41.3,41.3,39.6,39.99,7620
2021-09-06 00:00:00+05:30,39.2,40.98,38.31,40.34,12830
2021-09-07 00:00:00+05:30,41.0,41.99,40.4,40.59,11020
2021-09-08 00:00:00+05:30,40.6,42.6,40.51,42.45,7925
2021-09-09 00:00:00+05:30,41.6,42.0,41.0,41.84,13120
2021-09-13 00:00:00+05:30,43.6,43.6,40.06,43.11,20790
2021-09-14 00:00:00+05:30,42.0,44.4,41.8,43.98,10615
2021-09-15 00:00:00+05:30,43.98,46.17,43.98,46.13,23590
2021-09-16 00:00:00+05:30,46.0,47.8,44.65,46.37,30440
2021-09-17 00:00:00+05:30,47.78,47.78,44.1,45.72,23060
2021-09-20 00:00:00+05:30,46.2,46.8,45.2,45.85,11645
2021-09-21 00:00:00+05:30,44.01,45.0,44.0,44.79,7725
2021-09-22 00:00:00+05:30,45.2,45.2,43.02,43.85,16380
2021-09-23 00:00:00+05:30,43.6,45.97,43.2,45.04,10365
2021-09-24 00:00:00+05:30,46.67,46.67,43.42,45.28,15720
2021-09-27 00:00:00+05:30,45.2,45.2,43.02,44.52,22485
2021-09-28 00:00:00+05:30,43.6,43.99,42.6,43.39,5370
2021-09-29 00:00:00+05:30,44.0,44.0,41.4,43.37,7545
2021-09-30 00:00:00+05:30,42.53,44.17,42.53,43.0,1775
2021-10-01 00:00:00+05:30,43.2,43.98,41.92,42.78,10575
2021-10-04 00:00:00+05:30,40.87,44.0,40.87,41.54,22565
2021-10-05 00:00:00+05:30,42.79,42.79,41.2,42.4,2130
2021-10-06 00:00:00+05:30,43.6,43.6,41.8,42.98,12800
2021-10-07 00:00:00+05:30,42.98,43.59,42.0,43.04,10040
2021-10-08 00:00:00+05:30,43.9,45.19,43.9,45.19,37560
2021-10-11 00:00:00+05:30,47.12,47.4,45.21,47.09,19510
2021-10-12 00:00:00+05:30,48.2,49.38,45.25,48.45,27590
2021-10-13 00:00:00+05:30,50.58,50.58,47.66,48.81,27635
2021-10-14 00:00:00+05:30,49.92,49.92,47.0,47.81,23960
2021-10-18 00:00:00+05:30,48.19,50.2,47.4,48.62,61980
2021-10-19 00:00:00+05:30,48.06,48.78,46.6,47.1,49450
2021-10-20 00:00:00+05:30,47.8,47.8,45.0,46.09,41980
2021-10-21 00:00:00+05:30,47.03,47.37,45.03,46.28,49675
2021-10-22 00:00:00+05:30,46.59,46.99,45.06,46.05,39130
2021-10-25 00:00:00+05:30,46.26,47.0,43.92,46.1,61100
2021-10-26 00:00:00+05:30,46.49,46.9,45.84,46.79,25890
2021-10-27 00:00:00+05:30,46.74,47.51,45.32,46.49,45375
2021-10-28 00:00:00+05:30,47.02,47.02,45.61,45.75,23295
2021-10-29 00:00:00+05:30,45.04,46.56,43.8,45.66,47465
2021-11-01 00:00:00+05:30,45.23,47.56,45.23,47.16,42595
2021-11-02 00:00:00+05:30,46.86,47.5,46.0,46.9,33390
2021-11-03 00:00:00+05:30,46.9,48.31,46.51,47.31,46075
2021-11-04 00:00:00+05:30,47.69,47.7,46.2,47.15,23060
2021-11-08 00:00:00+05:30,46.43,48.6,46.43,47.93,40760
2021-11-09 00:00:00+05:30,48.1,49.39,47.07,48.0,29590
2021-11-10 00:00:00+05:30,49.6,50.4,46.82,50.03,252290
2021-11-11 00:00:00+05:30,50.39,51.47,49.31,50.26,99335
2021-11-12 00:00:00+05:30,50.89,50.89,48.25,49.89,40355
2021-11-15 00:00:00+05:30,51.2,51.6,47.54,48.94,64845
2021-11-16 00:00:00+05:30,48.0,49.5,47.6,48.03,51505
2021-11-17 00:00:00+05:30,48.6,49.29,47.7,48.51,35760
2021-11-18 00:00:00+05:30,48.0,49.19,46.84,48.13,99500
2021-11-22 00:00:00+05:30,47.13,49.2,46.81,47.41,46645
2021-11-23 00:00:00+05:30,47.55,48.39,46.63,47.87,37450
2021-11-24 00:00:00+05:30,49.2,49.2,47.51,47.85,47335
2021-11-25 00:00:00+05:30,46.4,48.37,46.4,47.67,38985
2021-11-26 00:00:00+05:30,46.0,47.86,46.0,46.38,41810
2021-11-29 00:00:00+05:30,44.47,47.6,44.47,46.23,54680
2021-11-30 00:00:00+05:30,46.67,47.1,45.85,46.65,51800
2021-12-01 00:00:00+05:30,47.98,48.16,46.44,47.19,35275
2021-12-02 00:00:00+05:30,46.8,47.75,46.54,47.48,43750
2021-12-03 00:00:00+05:30,48.07,48.07,46.64,46.92,42780
2021-12-06 00:00:00+05:30,45.4,47.84,45.05,45.5,33890
2021-12-07 00:00:00+05:30,46.82,47.0,44.92,46.19,55595
2021-12-08 00:00:00+05:30,46.39,47.03,45.13,46.01,66245
2021-12-09 00:00:00+05:30,46.54,47.43,46.18,47.16,34980
2021-12-10 00:00:00+05:30,48.32,48.32,46.3,46.86,49630
2021-12-13 00:00:00+05:30,47.91,47.91,45.0,45.61,39100
2021-12-14 00:00:00+05:30,46.52,46.52,45.1,46.23,26305
2021-12-15 00:00:00+05:30,46.19,46.59,45.4,46.05,24370
2021-12-16 00:00:00+05:30,44.82,46.54,44.82,45.96,34545
2021-12-17 00:00:00+05:30,45.83,46.17,43.11,44.29,62485
2021-12-20 00:00:00+05:30,40.66,45.79,40.66,44.12,72755
2021-12-21 00:00:00+05:30,44.65,45.48,42.28,42.99,84835
2021-12-22 00:00:00+05:30,41.41,43.95,41.41,43.27,42985
2021-12-23 00:00:00+05:30,43.54,44.19,42.69,43.3,36900
2021-12-24 00:00:00+05:30,43.0,44.41,42.89,43.88,48375
2021-12-27 00:00:00+05:30,44.27,45.3,44.0,44.76,53505
2021-12-28 00:00:00+05:30,44.19,46.01,44.19,45.85,44065
2021-12-29 00:00:00+05:30,44.83,47.82,44.67,47.52,47855
2021-12-30 00:00:00+05:30,47.63,48.15,45.0,46.21,33795
2021-12-31 00:00:00+05:30,46.27,46.98,45.8,46.28,32225
2022-01-03 00:00:00+05:30,45.6,47.57,43.08,45.69,31300
2022-01-04 00:00:00+05:30,45.67,45.97,44.4,44.59,32270
2022-01-05 00:00:00+05:30,45.99,45.99,44.67,45.79,38395
2022-01-06 00:00:00+05:30,45.2,46.96,44.2,45.76,30680
2022-01-07 00:00:00+05:30,45.62,45.77,44.8,45.59,45670
2022-01-10 00:00:00+05:30,45.28,46.97,44.46,46.37,32690
2022-01-11 00:00:00+05:30,46.54,47.0,45.6,45.99,53955
2022-01-12 00:00:00+05:30,44.02,50.58,44.02,50.58,102170
2022-01-13 00:00:00+05:30,51.6,52.74,49.31,50.25,92785
2022-01-14 00:00:00+05:30,49.82,50.0,48.74,49.76,49600
2022-01-17 00:00:00+05:30,46.66,50.4,46.66,48.04,67460
2022-01-18 00:00:00+05:30,50.4,50.4,47.05,47.96,47100
2022-01-19 00:00:00+05:30,47.99,48.9,47.2,48.02,38775
2022-01-20 00:00:00+05:30,49.4,49.6,44.46,45.85,74630
2022-01-21 00:00:00+05:30,45.0,48.4,44.51,46.81,50845
2022-01-24 00:00:00+05:30,47.12,47.39,42.67,43.76,38550
2022-01-25 00:00:00+05:30,43.36,45.6,43.36,44.94,45020
2022-01-27 00:00:00+05:30,43.82,45.94,43.25,45.04,31420
2022-01-28 00:00:00+05:30,45.19,46.14,44.57,45.99,37735
2022-01-31 00:00:00+05:30,45.29,46.2,44.41,45.91,50660
2022-02-01 00:00:00+05:30,46.18,46.18,44.91,45.52,34445
2022-02-02 00:00:00+05:30,46.78,46.78,45.32,46.13,28535
2022-02-03 00:00:00+05:30,45.21,46.09,44.81,45.11,39305
2022-02-04 00:00:00+05:30,46.0,46.0,44.54,45.4,34190
2022-02-07 00:00:00+05:30,46.55,46.56,45.11,45.71,30935
2022-02-08 00:00:00+05:30,46.19,46.23,44.27,45.54,52650
2022-02-09 00:00:00+05:30,45.74,45.99,44.51,45.54,32060
2022-02-10 00:00:00+05:30,42.47,45.39,42.47,45.2,25715
2022-02-11 00:00:00+05:30,44.24,45.56,42.8,44.07,87095
2022-02-14 00:00:00+05:30,44.07,44.07,41.3,42.91,57660
2022-02-15 00:00:00+05:30,44.0,45.56,42.0,43.57,42980
2022-02-16 00:00:00+05:30,44.0,44.0,42.54,43.13,44370
2022-02-17 00:00:00+05:30,44.78,44.78,41.41,42.41,40510
2022-02-18 00:00:00+05:30,40.82,43.2,40.82,41.52,26010
2022-02-21 00:00:00+05:30,42.77,42.77,40.84,41.58,30060
2022-02-22 00:00:00+05:30,40.99,41.8,36.4,39.52,107760
2022-02-23 00:00:00+05:30,40.0,40.94,39.13,39.99,25025
2022-02-24 00:00:00+05:30,39.61,39.61,36.8,37.99,34805
2022-02-25 00:00:00+05:30,35.38,39.97,35.38,37.66,27125
2022-02-28 00:00:00+05:30,41.04,45.1,34.26,38.28,30530
2022-03-02 00:00:00+05:30,37.8,38.93,36.3,38.4,41540
2022-03-03 00:00:00+05:30,38.61,39.47,37.6,39.14,32160
2022-03-04 00:00:00+05:30,37.8,38.2,36.12,37.77,41455
2022-03-07 00:00:00+05:30,34.8,38.99,34.8,37.69,53815
2022-03-08 00:00:00+05:30,39.04,39.69,38.65,38.9,24770
2022-03-09 00:00:00+05:30,39.01,39.6,39.0,39.2,25600
2022-03-10 00:00:00+05:30,40.0,40.4,39.17,39.45,36155
2022-03-11 00:00:00+05:30,39.77,41.39,39.4,39.91,29075
2022-03-14 00:00:00+05:30,39.9,40.8,39.58,40.37,27865
2022-03-15 00:00:00+05:30,39.94,40.5,37.92,39.02,40350
2022-03-16 00:00:00+05:30,39.79,40.07,38.34,39.39,43430
2022-03-17 00:00:00+05:30,39.69,40.0,39.0,39.9,34230
2022-03-21 00:00:00+05:30,39.15,39.97,38.89,39.81,25725
2022-03-22 00:00:00+05:30,39.41,39.64,38.4,39.32,39940
2022-03-23 00:00:00+05:30,39.97,39.97,38.4,38.83,26695
2022-03-24 00:00:00+05:30,38.68,38.93,36.65,37.2,37830
2022-03-25 00:00:00+05:30,37.55,37.77,36.6,36.89,95400
2022-03-28 00:00:00+05:30,37.5,37.91,36.31,36.74,44435
2022-03-29 00:00:00+05:30,36.74,37.19,35.9,36.18,73400
2022-03-30 00:00:00+05:30,35.83,36.8,31.48,35.37,43335
2022-03-31 00:00:00+05:30,36.2,37.4,34.26,36.21,42735
2022-04-01 00:00:00+05:30,36.78,40.0,36.4,38.75,47220
2022-04-04 00:00:00+05:30,41.0,41.0,38.89,39.64,13975
2022-04-05 00:00:00+05:30,39.43,39.89,39.0,39.3,8290
2022-04-06 00:00:00+05:30,38.9,40.0,38.44,39.49,14870
2022-04-07 00:00:00+05:30,40.0,40.0,39.0,39.7,38855
2022-04-08 00:00:00+05:30,40.79,40.79,39.2,39.46,51340
2022-04-11 00:00:00+05:30,39.79,47.35,39.57,47.35,331645
2022-04-12 00:00:00+05:30,52.04,52.99,47.2,47.85,350445
2022-04-13 00:00:00+05:30,47.06,47.7,45.48,46.38,48045
2022-04-18 00:00:00+05:30,46.81,46.99,44.53,45.6,28465
2022-04-19 00:00:00+05:30,47.8,47.8,43.6,45.1,20955
2022-04-20 00:00:00+05:30,47.78,47.78,44.41,44.89,25150
2022-04-21 00:00:00+05:30,44.25,45.99,44.25,45.42,37085
2022-04-22 00:00:00+05:30,46.4,46.4,43.42,44.75,20600
2022-04-25 00:00:00+05:30,47.6,47.6,43.2,43.57,7695
2022-04-26 00:00:00+05:30,43.4,45.34,43.0,43.45,23115
2022-04-27 00:00:00+05:30,42.58,43.22,42.01,42.11,10290
2022-04-28 00:00:00+05:30,42.89,43.14,41.38,41.87,16990
2022-04-29 00:00:00+05:30,41.0,42.54,41.0,41.49,8910
2022-05-02 00:00:00+05:30,41.3,42.51,40.52,41.89,7540
2022-05-04 00:00:00+05:30,44.19,44.4,41.34,42.01,17860
2022-05-05 00:00:00+05:30,41.83,43.81,41.73,42.43,15240
2022-05-06 00:00:00+05:30,42.1,42.1,38.6,40.46,37535
2022-05-09 00:00:00+05:30,40.59,43.01,38.74,40.63,35605
2022-05-10 00:00:00+05:30,41.2,41.2,39.0,40.21,13770
2022-05-11 00:00:00+05:30,40.0,40.34,36.81,39.14,14705
2022-05-12 00:00:00+05:30,38.3,40.03,37.45,39.29,16680
2022-05-13 00:00:00+05:30,38.71,39.97,38.55,38.88,12915
2022-05-16 00:00:00+05:30,39.33,40.19,38.8,39.2,9370
2022-05-17 00:00:00+05:30,40.14,43.8,38.5,41.05,37840
2022-05-18 00:00:00+05:30,41.97,41.98,39.81,40.11,14530
2022-05-19 00:00:00+05:30,39.12,39.8,37.76,38.29,10195
2022-05-20 00:00:00+05:30,39.23,45.6,38.19,44.28,214185
2022-05-23 00:00:00+05:30,46.32,49.1,42.71,44.1,183140
2022-05-24 00:00:00+05:30,43.8,43.9,41.99,42.83,20690
2022-05-25 00:00:00+05:30,42.99,43.8,38.27,39.34,25210
2022-05-26 00:00:00+05:30,40.01,40.97,38.02,39.07,25975
2022-05-27 00:00:00+05:30,39.99,43.3,39.99,40.84,6755
2022-05-30 00:00:00+05:30,41.85,41.88,40.33,40.58,5550
2022-05-31 00:00:00+05:30,40.17,41.1,40.0,40.26,9410
2022-06-01 00:00:00+05:30,41.0,41.57,39.6,39.9,6965
2022-06-02 00:00:00+05:30,40.21,40.99,39.23,40.41,4345
2022-06-03 00:00:00+05:30,40.73,40.76,39.7,40.61,9440
2022-06-06 00:00:00+05:30,40.98,40.98,39.01,39.1,20015
2022-06-07 00:00:00+05:30,39.48,40.8,38.7,39.88,6880
2022-06-08 00:00:00+05:30,39.78,40.67,39.16,39.63,5830
2022-06-09 00:00:00+05:30,39.89,39.89,38.78,39.4,9945
2022-06-10 00:00:00+05:30,39.59,46.0,38.67,40.76,168355
2022-06-13 00:00:00+05:30,39.8,40.37,38.82,39.76,25635
2022-06-14 00:00:00+05:30,40.0,40.4,39.44,39.91,10310
2022-06-15 00:00:00+05:30,40.02,40.89,39.61,40.58,10525
2022-06-16 00:00:00+05:30,40.58,42.58,39.5,40.79,27400
2022-06-17 00:00:00+05:30,42.08,42.08,39.12,40.98,25295
2022-06-20 00:00:00+05:30,41.36,41.39,39.0,40.57,28390
2022-06-21 00:00:00+05:30,40.71,40.8,39.67,40.6,17125
2022-06-22 00:00:00+05:30,40.03,40.8,39.31,40.09,13705
2022-06-23 00:00:00+05:30,39.96,40.36,39.26,39.8,9960
2022-06-24 00:00:00+05:30,40.24,42.74,39.8,42.17,18280
2022-06-27 00:00:00+05:30,42.98,42.98,40.33,41.74,13030
2022-06-28 00:00:00+05:30,41.04,42.99,40.73,41.93,12785
2022-06-29 00:00:00+05:30,41.76,42.55,41.11,41.96,10090
2022-06-30 00:00:00+05:30,42.0,44.5,41.44,43.02,25550
2022-07-01 00:00:00+05:30,43.17,44.84,42.6,43.3,20665
2022-07-04 00:00:00+05:30,45.4,47.72,43.95,46.39,157975
2022-07-05 00:00:00+05:30,47.3,47.3,43.82,44.73,25440
2022-07-06 00:00:00+05:30,45.46,45.82,43.0,44.0,28835
2022-07-07 00:00:00+05:30,44.08,46.4,43.74,44.59,35775
2022-07-08 00:00:00+05:30,45.47,46.0,44.26,45.86,38090
2022-07-11 00:00:00+05:30,46.76,46.76,45.0,45.66,20255
2022-07-12 00:00:00+05:30,45.84,45.84,43.38,44.56,14865
2022-07-13 00:00:00+05:30,44.84,45.22,42.07,43.03,10830
2022-07-14 00:00:00+05:30,43.89,43.89,42.52,42.94,14430
2022-07-15 00:00:00+05:30,41.93,43.36,41.4,41.93,6795
2022-07-18 00:00:00+05:30,42.51,43.51,41.47,43.0,11085
2022-07-19 00:00:00+05:30,43.1,43.85,41.35,42.69,18120
2022-07-20 00:00:00+05:30,42.84,44.99,42.71,44.01,16040
2022-07-21 00:00:00+05:30,43.94,44.52,43.13,44.02,3810
2022-07-22 00:00:00+05:30,44.61,44.68,42.28,44.36,8350
2022-07-25 00:00:00+05:30,44.99,44.99,42.66,44.19,13495
2022-07-26 00:00:00+05:30,44.02,44.68,42.32,44.01,15870
2022-07-27 00:00:00+05:30,43.64,44.39,43.07,44.18,14335
2022-07-28 00:00:00+05:30,44.33,44.81,43.54,44.11,4235
2022-07-29 00:00:00+05:30,44.09,46.01,43.43,44.84,12235
2022-08-01 00:00:00+05:30,43.95,49.0,43.95,45.22,33335
2022-08-02 00:00:00+05:30,45.41,46.76,43.32,44.7,13685
2022-08-03 00:00:00+05:30,44.52,44.85,43.41,44.14,15925
2022-08-04 00:00:00+05:30,44.36,44.62,43.41,43.79,7695
2022-08-05 00:00:00+05:30,43.99,43.99,42.92,43.5,4830
2022-08-08 00:00:00+05:30,42.43,44.07,42.43,43.11,18690
2022-08-10 00:00:00+05:30,43.31,43.96,42.07,43.14,11900
2022-08-11 00:00:00+05:30,43.19,43.61,42.41,43.16,9330
2022-08-12 00:00:00+05:30,43.33,43.63,41.6,41.99,6785
2022-08-16 00:00:00+05:30,42.41,44.66,41.88,42.48,21025
2022-08-17 00:00:00+05:30,42.39,42.74,41.73,42.31,10290
2022-08-18 00:00:00+05:30,42.32,43.4,41.74,43.25,14495
2022-08-19 00:00:00+05:30,43.49,46.0,42.39,44.17,10270
2022-08-22 00:00:00+05:30,44.8,44.97,43.23,43.49,10445
2022-08-23 00:00:00+05:30,44.29,47.4,43.62,45.65,25470
2022-08-24 00:00:00+05:30,46.4,46.4,43.46,44.61,25425
2022-08-25 00:00:00+05:30,44.38,45.4,42.69,44.34,39320
2022-08-26 00:00:00+05:30,44.35,44.76,43.42,43.79,3710
2022-08-29 00:00:00+05:30,43.68,44.18,42.61,43.83,3895
2022-08-30 00:00:00+05:30,44.12,44.69,43.39,43.68,7355
2022-09-01 00:00:00+05:30,43.84,44.55,43.47,44.19,7185
2022-09-02 00:00:00+05:30,44.4,44.4,43.0,43.36,4705
2022-09-05 00:00:00+05:30,43.05,44.2,42.71,43.54,17835
2022-09-06 00:00:00+05:30,43.36,44.57,43.35,44.08,14685
2022-09-07 00:00:00+05:30,43.81,44.14,43.37,43.91,5930
2022-09-08 00:00:00+05:30,43.94,44.39,43.61,43.98,8245
2022-09-09 00:00:00+05:30,44.84,45.13,43.31,44.41,31515
2022-09-12 00:00:00+05:30,44.32,47.8,43.48,46.32,48895
2022-09-13 00:00:00+05:30,47.19,47.54,44.66,46.0,28935
2022-09-14 00:00:00+05:30,45.49,45.84,44.42,45.55,18800
2022-09-15 00:00:00+05:30,45.19,45.69,44.39,45.56,6015
2022-09-16 00:00:00+05:30,45.43,45.97,44.0,45.27,37305
2022-09-19 00:00:00+05:30,45.85,45.98,44.65,45.24,14465
2022-09-20 00:00:00+05:30,45.4,47.96,45.4,46.98,58965
2022-09-21 00:00:00+05:30,47.8,51.6,45.81,50.34,155790
2022-09-22 00:00:00+05:30,49.4,60.4,49.4,55.56,1691430
2022-09-23 00:00:00+05:30,55.98,55.98,48.02,49.48,378280
2022-09-26 00:00:00+05:30,48.4,49.56,45.02,47.82,195770
2022-09-27 00:00:00+05:30,46.75,50.88,46.75,48.53,134070
2022-09-28 00:00:00+05:30,47.34,50.49,46.76,48.03,120415
2022-09-29 00:00:00+05:30,49.97,50.18,45.26,47.0,58415
2022-09-30 00:00:00+05:30,46.4,47.82,45.22,46.43,31795
2022-10-03 00:00:00+05:30,47.59,47.59,42.35,44.15,151465
2022-10-04 00:00:00+05:30,45.25,45.51,42.82,44.39,45440
2022-10-06 00:00:00+05:30,44.87,46.8,44.04,44.58,37975
2022-10-07 00:00:00+05:30,45.04,45.78,44.0,44.55,26150
2022-10-10 00:00:00+05:30,44.37,45.94,42.82,45.13,18905
2022-10-11 00:00:00+05:30,44.71,46.19,44.32,44.71,12635
2022-10-12 00:00:00+05:30,44.65,45.78,44.11,45.14,13480
2022-10-13 00:00:00+05:30,45.06,45.4,44.4,45.03,15390
2022-10-14 00:00:00+05:30,45.23,46.0,43.69,44.41,32280
2022-10-17 00:00:00+05:30,43.81,44.39,43.13,43.72,9610
2022-10-18 00:00:00+05:30,43.8,45.88,43.8,44.37,29045
2022-10-19 00:00:00+05:30,44.86,45.94,43.0,44.28,52485
2022-10-20 00:00:00+05:30,43.79,44.79,43.0,43.93,27950
2022-10-21 00:00:00+05:30,43.95,44.57,43.95,44.42,8020
2022-10-24 00:00:00+05:30,45.0,45.2,44.4,44.45,6405
2022-10-25 00:00:00+05:30,44.78,45.38,43.6,45.14,15445
2022-10-27 00:00:00+05:30,45.13,45.29,44.0,45.11,20940
2022-10-28 00:00:00+05:30,44.49,45.58,44.2,44.74,21485
2022-10-31 00:00:00+05:30,45.22,45.22,43.8,43.98,22085
2022-11-01 00:00:00+05:30,44.04,44.72,43.98,44.23,5310
2022-11-02 00:00:00+05:30,44.23,44.39,43.59,44.13,5150
2022-11-03 00:00:00+05:30,44.86,44.86,43.88,44.25,6315
2022-11-04 00:00:00+05:30,44.37,53.1,43.83,52.41,550840
2022-11-07 00:00:00+05:30,52.96,53.4,47.88,48.92,214880
2022-11-09 00:00:00+05:30,48.78,50.38,47.23,49.44,58055
2022-11-10 00:00:00+05:30,49.78,50.18,48.61,49.61,16735
2022-11-11 00:00:00+05:30,49.62,50.37,48.8,49.21,19825
2022-11-14 00:00:00+05:30,49.0,51.02,48.29,50.46,21540
2022-11-15 00:00:00+05:30,51.71,52.42,49.45,50.5,45820
2022-11-16 00:00:00+05:30,51.19,51.19,48.82,50.26,30510
2022-11-17 00:00:00+05:30,50.8,50.81,48.48,48.7,23880
2022-11-18 00:00:00+05:30,49.67,51.8,47.21,48.55,20380
2022-11-21 00:00:00+05:30,47.96,48.49,46.7,47.98,21625
2022-11-22 00:00:00+05:30,48.28,50.69,47.64,49.8,21690
2022-11-23 00:00:00+05:30,48.64,50.76,48.64,49.85,7020
2022-11-24 00:00:00+05:30,49.86,50.17,49.02,49.22,9590
2022-11-25 00:00:00+05:30,48.92,50.3,48.07,48.88,30425
2022-11-28 00:00:00+05:30,48.55,49.74,48.01,48.69,24630
2022-11-29 00:00:00+05:30,48.96,49.99,48.44,49.74,15930
2022-11-30 00:00:00+05:30,49.76,56.6,48.82,52.85,265185
2022-12-01 00:00:00+05:30,52.98,53.9,52.0,52.78,55465
2022-12-02 00:00:00+05:30,53.76,53.76,51.41,52.07,37490
2022-12-05 00:00:00+05:30,53.19,53.98,49.81,51.75,56690
2022-12-06 00:00:00+05:30,52.2,52.74,50.42,51.76,35955
2022-12-07 00:00:00+05:30,51.62,53.28,51.47,52.61,14535
2022-12-08 00:00:00+05:30,52.19,53.0,51.69,52.27,15805
2022-12-09 00:00:00+05:30,53.19,53.57,50.65,52.46,27335
2022-12-12 00:00:00+05:30,52.62,52.7,51.25,51.97,20220
2022-12-13 00:00:00+05:30,52.03,52.25,50.12,51.62,22380
2022-12-14 00:00:00+05:30,51.86,51.91,50.41,50.98,9635
2022-12-15 00:00:00+05:30,50.99,50.99,49.42,50.51,16400
2022-12-16 00:00:00+05:30,51.51,51.51,48.52,49.46,14945
2022-12-19 00:00:00+05:30,50.01,50.38,48.62,49.95,6435
2022-12-20 00:00:00+05:30,50.93,50.93,48.86,49.99,31655
2022-12-21 00:00:00+05:30,50.96,50.96,44.31,47.3,67660
2022-12-22 00:00:00+05:30,47.07,47.99,45.6,46.99,17675
2022-12-23 00:00:00+05:30,47.06,48.76,45.0,47.03,46850
2022-12-26 00:00:00+05:30,45.87,48.55,45.87,47.44,13160
2022-12-27 00:00:00+05:30,47.9,49.76,47.82,49.37,6050
2022-12-28 00:00:00+05:30,49.12,50.18,48.2,49.25,30740
2022-12-29 00:00:00+05:30,49.51,49.67,48.24,48.24,11015
2022-12-30 00:00:00+05:30,48.58,49.09,47.62,48.1,7580
2023-01-02 00:00:00+05:30,48.4,49.57,47.71,48.28,27960
2023-01-03 00:00:00+05:30,48.49,48.69,46.84,46.84,22990
2023-01-04 00:00:00+05:30,46.93,48.14,46.8,47.6,12400
2023-01-05 00:00:00+05:30,47.28,47.95,46.16,47.26,24145
2023-01-06 00:00:00+05:30,46.93,47.56,45.82,47.06,14505
2023-01-09 00:00:00+05:30,47.35,47.96,47.08,47.84,5665
2023-01-10 00:00:00+05:30,47.69,47.81,46.41,47.49,8825
2023-01-11 00:00:00+05:30,47.06,47.55,46.8,46.8,10900
2023-01-12 00:00:00+05:30,46.65,47.32,45.66,46.86,16000
2023-01-13 00:00:00+05:30,47.78,47.78,45.99,46.52,9090
2023-01-16 00:00:00+05:30,46.98,47.0,45.4,46.34,16095
2023-01-17 00:00:00+05:30,46.41,46.89,46.02,46.54,12720
2023-01-18 00:00:00+05:30,46.41,46.78,45.84,46.34,7675
2023-01-19 00:00:00+05:30,47.25,47.25,45.31,46.19,21905
2023-01-20 00:00:00+05:30,46.17,47.56,45.81,46.78,11000
2023-01-23 00:00:00+05:30,46.48,47.18,46.25,46.52,12945
2023-01-24 00:00:00+05:30,46.9,47.0,46.03,46.79,8095
2023-01-25 00:00:00+05:30,46.44,47.0,45.41,46.42,10785
2023-01-27 00:00:00+05:30,46.8,53.0,45.46,50.26,108655
2023-01-30 00:00:00+05:30,49.2,49.94,48.03,48.48,38290
2023-01-31 00:00:00+05:30,49.0,50.08,47.0,49.59,21310
2023-02-01 00:00:00+05:30,49.77,51.54,47.68,48.22,33275
2023-02-02 00:00:00+05:30,48.22,49.74,48.22,48.68,9605
2023-02-03 00:00:00+05:30,49.61,50.2,47.12,47.31,36415
2023-02-06 00:00:00+05:30,48.49,48.97,46.63,48.11,13265
2023-02-07 00:00:00+05:30,48.36,48.78,47.0,48.09,19610
2023-02-08 00:00:00+05:30,48.1,49.32,46.9,47.0,41575
2023-02-09 00:00:00+05:30,47.98,48.15,43.87,44.49,55625
2023-02-10 00:00:00+05:30,44.2,48.96,44.15,46.04,71190
2023-02-13 00:00:00+05:30,45.27,46.96,45.27,46.47,30765
2023-02-14 00:00:00+05:30,46.36,47.44,46.04,46.42,15245
2023-02-15 00:00:00+05:30,46.56,46.56,45.47,45.93,19555
2023-02-16 00:00:00+05:30,46.5,46.5,44.85,45.3,13630
2023-02-17 00:00:00+05:30,45.98,46.08,42.71,42.71,14210
2023-02-20 00:00:00+05:30,44.95,44.95,43.27,43.27,36505
2023-02-21 00:00:00+05:30,43.99,43.99,42.4,42.4,11870
2023-02-22 00:00:00+05:30,42.4,43.6,41.31,43.4,28075
2023-02-23 00:00:00+05:30,42.81,44.54,42.81,44.54,9760
2023-02-24 00:00:00+05:30,44.56,44.56,42.88,43.13,20610
2023-02-27 00:00:00+05:30,43.62,44.37,42.37,43.71,9950
2023-02-28 00:00:00+05:30,43.24,43.8,42.13,43.22,22070
2023-03-01 00:00:00+05:30,42.53,43.17,42.53,42.6,1795
2023-03-02 00:00:00+05:30,43.07,45.0,42.52,44.36,22575
2023-03-03 00:00:00+05:30,44.75,44.77,43.48,43.72,9255
2023-03-06 00:00:00+05:30,43.6,43.77,42.45,42.9,15310
2023-03-08 00:00:00+05:30,43.37,43.5,42.44,43.05,16315
2023-03-09 00:00:00+05:30,43.06,43.56,42.56,43.19,18225
2023-03-10 00:00:00+05:30,42.8,43.53,42.13,43.12,4805
2023-03-13 00:00:00+05:30,43.03,43.31,42.2,42.99,21195
2023-03-14 00:00:00+05:30,42.02,43.13,41.69,42.15,14880
2023-03-15 00:00:00+05:30,42.6,42.6,40.82,41.76,14230
2023-03-16 00:00:00+05:30,40.74,41.39,39.63,40.51,36825
2023-03-17 00:00:00+05:30,40.23,41.37,37.61,39.99,46115
2023-03-20 00:00:00+05:30,39.06,40.87,39.06,39.99,16130
2023-03-21 00:00:00+05:30,39.46,40.77,39.46,40.28,6315
2023-03-22 00:00:00+05:30,40.09,40.57,39.7,39.91,14735
2023-03-23 00:00:00+05:30,39.86,39.86,38.41,39.26,16280
2023-03-24 00:00:00+05:30,39.17,39.69,37.31,38.1,26560
2023-03-27 00:00:00+05:30,38.61,38.8,36.98,38.17,38740
2023-03-28 00:00:00+05:30,38.38,38.48,36.4,36.68,24360
2023-03-29 00:00:00+05:30,37.04,38.06,36.8,37.57,6370
2023-03-31 00:00:00+05:30,36.71,38.83,36.71,38.77,7470
2023-04-03 00:00:00+05:30,38.11,38.29,37.22,37.62,9825
2023-04-05 00:00:00+05:30,38.16,40.79,37.24,39.31,26995
2023-04-06 00:00:00+05:30,40.02,47.17,39.61,47.17,181690
2023-04-10 00:00:00+05:30,48.38,49.99,44.84,45.41,190415
2023-04-11 00:00:00+05:30,45.41,45.53,44.0,44.26,16300
2023-04-12 00:00:00+05:30,44.26,44.4,43.62,44.25,9000
2023-04-13 00:00:00+05:30,43.39,43.99,42.83,43.17,3375
2023-04-17 00:00:00+05:30,43.0,43.52,42.43,42.86,3420
2023-04-18 00:00:00+05:30,43.69,44.37,42.41,43.61,10855
2023-04-19 00:00:00+05:30,43.59,45.0,43.41,44.75,8965
2023-04-20 00:00:00+05:30,44.96,44.96,43.34,44.52,19590
2023-04-21 00:00:00+05:30,44.15,44.77,43.47,44.02,23030
2023-04-24 00:00:00+05:30,44.45,44.89,43.61,44.79,6150
2023-04-25 00:00:00+05:30,44.23,44.73,42.73,43.7,24135
2023-04-26 00:00:00+05:30,44.78,44.78,43.16,43.45,20215
2023-04-27 00:00:00+05:30,43.67,44.12,43.16,43.83,17210
2023-04-28 00:00:00+05:30,43.72,44.16,43.2,43.9,19795
2023-05-02 00:00:00+05:30,44.9,44.9,43.5,43.87,10845
2023-05-03 00:00:00+05:30,44.0,44.59,43.59,43.96,16780
2023-05-04 00:00:00+05:30,43.94,44.26,43.53,44.05,2820
2023-05-05 00:00:00+05:30,42.95,44.58,42.95,44.04,14655
2023-05-08 00:00:00+05:30,45.12,45.12,43.5,43.95,9905
2023-05-09 00:00:00+05:30,43.98,43.98,42.81,43.44,6450
2023-05-10 00:00:00+05:30,43.82,44.0,43.42,43.68,12705
2023-05-11 00:00:00+05:30,43.74,46.95,43.59,45.27,28960
2023-05-12 00:00:00+05:30,44.85,46.78,44.71,45.62,48885
2023-05-15 00:00:00+05:30,45.2,46.34,44.94,45.17,11015
2023-05-16 00:00:00+05:30,46.39,46.39,44.27,44.89,15320
2023-05-17 00:00:00+05:30,44.75,45.0,43.82,44.54,4430
2023-05-18 00:00:00+05:30,46.55,53.39,45.64,52.86,507365
2023-05-19 00:00:00+05:30,55.0,56.94,48.31,49.07,341585
2023-05-22 00:00:00+05:30,49.8,50.98,49.08,49.72,64390
2023-05-23 00:00:00+05:30,51.6,51.6,48.02,48.4,43180
2023-05-24 00:00:00+05:30,48.4,50.0,48.39,48.94,14500
2023-05-25 00:00:00+05:30,48.82,49.98,48.71,49.83,14475
2023-05-26 00:00:00+05:30,50.26,50.67,48.99,49.97,43340
2023-05-29 00:00:00+05:30,50.92,50.92,49.06,49.28,13675
2023-05-30 00:00:00+05:30,48.82,49.6,47.75,48.3,13305
2023-05-31 00:00:00+05:30,48.3,50.77,45.25,46.12,54345
2023-06-01 00:00:00+05:30,46.13,48.24,46.13,46.57,20400
2023-06-02 00:00:00+05:30,47.37,48.0,47.2,47.73,14005
2023-06-05 00:00:00+05:30,48.19,49.76,47.82,49.17,29440
2023-06-06 00:00:00+05:30,50.8,50.8,48.85,49.37,11645
2023-06-07 00:00:00+05:30,51.6,51.8,49.41,49.92,74780
2023-06-08 00:00:00+05:30,50.06,50.4,49.01,49.17,14565
2023-06-09 00:00:00+05:30,48.6,49.97,47.24,48.36,29375
2023-06-12 00:00:00+05:30,49.38,50.34,48.02,49.34,24950
2023-06-13 00:00:00+05:30,49.34,50.16,48.82,49.26,16420
2023-06-14 00:00:00+05:30,49.77,51.0,48.04,50.03,31055
2023-06-15 00:00:00+05:30,48.9,50.99,48.9,49.97,31330
2023-06-16 00:00:00+05:30,50.26,50.37,49.2,49.2,11475
2023-06-19 00:00:00+05:30,50.4,50.4,48.22,48.22,36885
2023-06-20 00:00:00+05:30,48.38,49.39,46.83,47.05,28585
2023-06-21 00:00:00+05:30,47.97,49.0,47.5,48.89,21655
2023-06-22 00:00:00+05:30,49.5,49.5,47.22,47.69,27530
2023-06-23 00:00:00+05:30,47.98,47.98,46.4,47.77,12965
2023-06-26 00:00:00+05:30,46.86,47.49,45.6,45.6,12895
2023-06-27 00:00:00+05:30,46.58,48.54,46.58,47.9,15130
2023-06-28 00:00:00+05:30,47.39,48.5,47.08,47.4,16675
2023-06-30 00:00:00+05:30,48.2,48.2,46.0,46.16,18305
2023-07-03 00:00:00+05:30,47.14,47.56,46.06,46.35,14385
2023-07-04 00:00:00+05:30,46.05,52.01,45.4,48.0,164475
2023-07-05 00:00:00+05:30,47.6,48.86,47.6,48.2,17555
2023-07-06 00:00:00+05:30,49.06,50.0,48.6,49.4,22000
2023-07-07 00:00:00+05:30,49.61,51.36,48.95,49.4,52895
2023-07-10 00:00:00+05:30,49.66,53.4,49.66,50.4,49635
2023-07-11 00:00:00+05:30,50.98,51.99,48.26,48.26,35795
2023-07-12 00:00:00+05:30,49.6,50.3,48.78,49.57,32775
2023-07-13 00:00:00+05:30,50.08,50.77,49.2,49.97,42205
2023-07-14 00:00:00+05:30,50.0,50.78,48.59,48.66,23450
2023-07-17 00:00:00+05:30,50.2,50.59,49.03,49.64,32265
2023-07-18 00:00:00+05:30,50.0,50.01,47.62,47.62,30580
2023-07-19 00:00:00+05:30,48.38,49.6,48.33,49.24,29240
2023-07-20 00:00:00+05:30,49.29,49.29,48.25,48.89,7845
2023-07-21 00:00:00+05:30,48.36,49.54,47.18,49.13,274115
2023-07-24 00:00:00+05:30,49.17,49.81,48.07,48.19,652020
2023-07-25 00:00:00+05:30,48.2,57.0,47.59,53.38,2804945
2023-07-26 00:00:00+05:30,53.72,62.4,53.2,59.8,1664890
2023-07-27 00:00:00+05:30,60.96,60.96,57.7,58.98,387425
2023-07-28 00:00:00+05:30,58.97,58.97,56.51,58.2,96830
2023-07-31 00:00:00+05:30,59.4,69.21,59.4,69.21,2168830
2023-08-01 00:00:00+05:30,71.6,75.69,71.6,74.0,872090
2023-08-02 00:00:00+05:30,72.0,72.32,68.71,69.99,378810
2023-08-03 00:00:00+05:30,67.0,70.7,66.51,70.7,59430
2023-08-04 00:00:00+05:30,71.11,72.97,69.62,69.8,45205
2023-08-07 00:00:00+05:30,71.4,73.87,69.2,73.87,138790
2023-08-08 00:00:00+05:30,73.4,74.8,71.07,74.2,91950
2023-08-09 00:00:00+05:30,74.0,75.58,70.6,75.4,86620
2023-08-10 00:00:00+05:30,74.0,76.6,74.0,76.35,183295
2023-08-11 00:00:00+05:30,78.0,78.6,75.2,77.7,60340
2023-08-14 00:00:00+05:30,75.6,77.39,74.4,76.1,68945
2023-08-16 00:00:00+05:30,73.8,77.89,73.8,75.6,40035
2023-08-17 00:00:00+05:30,75.0,77.79,74.78,75.96,19535
2023-08-18 00:00:00+05:30,74.8,76.39,72.6,76.27,8905
2023-08-21 00:00:00+05:30,75.52,77.9,72.25,77.2,31525
2023-08-22 00:00:00+05:30,77.02,80.87,74.71,78.07,122515
2023-08-23 00:00:00+05:30,79.4,80.9,79.1,80.8,34930
2023-08-24 00:00:00+05:30,79.96,81.8,79.2,81.7,83680
2023-08-25 00:00:00+05:30,82.34,82.34,80.65,82.1,20240
2023-08-28 00:00:00+05:30,82.4,84.0,82.0,83.6,61300
2023-08-29 00:00:00+05:30,83.0,85.42,79.36,80.6,276225
2023-08-30 00:00:00+05:30,83.2,84.8,81.2,83.78,76410
2023-08-31 00:00:00+05:30,81.04,84.2,81.04,84.2,98360
2023-09-01 00:00:00+05:30,84.08,86.0,83.0,85.2,19355
2023-09-04 00:00:00+05:30,85.2,86.52,82.5,84.0,18275
2023-09-05 00:00:00+05:30,86.0,86.0,81.0,83.4,32375
2023-09-06 00:00:00+05:30,83.48,83.6,81.04,82.1,15155
2023-09-07 00:00:00+05:30,82.2,84.87,81.31,83.89,21970
2023-09-08 00:00:00+05:30,81.0,84.0,80.53,83.44,15775
2023-09-11 00:00:00+05:30,83.8,85.77,81.98,84.0,10705
2023-09-12 00:00:00+05:30,82.0,83.6,79.82,79.82,25455
2023-09-13 00:00:00+05:30,81.98,84.19,80.0,84.0,28975
2023-09-14 00:00:00+05:30,84.05,86.0,84.05,86.0,13445
2023-09-15 00:00:00+05:30,87.2,87.56,84.3,87.0,18685
2023-09-18 00:00:00+05:30,87.2,88.0,85.02,86.0,7055
2023-09-20 00:00:00+05:30,86.0,86.0,84.2,84.8,4190
2023-09-21 00:00:00+05:30,84.8,85.98,82.0,83.81,18855
2023-09-22 00:00:00+05:30,84.0,87.57,83.0,87.0,9490
2023-09-25 00:00:00+05:30,86.8,88.0,83.96,85.24,22980
2023-09-26 00:00:00+05:30,89.0,89.0,85.2,87.59,60335
2023-09-27 00:00:00+05:30,87.0,91.14,85.8,88.26,35745
2023-09-28 00:00:00+05:30,89.0,89.6,86.16,87.3,14555
2023-09-29 00:00:00+05:30,91.75,91.75,87.0,88.8,18795
2023-10-03 00:00:00+05:30,89.26,89.26,85.12,88.48,6540
2023-10-04 00:00:00+05:30,85.25,91.4,85.25,91.36,18355
2023-10-05 00:00:00+05:30,92.87,92.87,89.6,91.4,9975
2023-10-06 00:00:00+05:30,89.8,92.61,87.2,90.0,13870
2023-10-09 00:00:00+05:30,89.94,91.0,86.66,90.0,54510
2023-10-10 00:00:00+05:30,90.0,90.96,88.23,90.8,9415
2023-10-11 00:00:00+05:30,92.0,92.0,88.01,91.28,6765
2023-10-12 00:00:00+05:30,91.0,93.6,87.2,92.0,115790
2023-10-13 00:00:00+05:30,92.0,93.99,91.0,92.0,7615
2023-10-16 00:00:00+05:30,92.4,95.0,91.2,93.8,32155
2023-10-17 00:00:00+05:30,94.19,95.0,93.21,94.0,3070
2023-10-18 00:00:00+05:30,94.0,95.0,90.2,90.81,41585
2023-10-19 00:00:00+05:30,90.81,93.18,89.6,90.13,22145
2023-10-20 00:00:00+05:30,86.51,91.89,86.51,89.6,5355
2023-10-23 00:00:00+05:30,89.75,90.0,87.01,87.2,40175
2023-10-25 00:00:00+05:30,87.52,89.2,87.0,89.2,52680
2023-10-26 00:00:00+05:30,87.12,88.96,87.12,88.22,8830
2023-10-27 00:00:00+05:30,88.88,89.96,87.11,88.99,5595
2023-10-30 00:00:00+05:30,90.0,91.76,89.6,89.8,5705
2023-10-31 00:00:00+05:30,91.54,91.54,89.03,89.03,1785
2023-11-01 00:00:00+05:30,90.2,92.0,88.6,89.66,94630
2023-11-02 00:00:00+05:30,90.8,90.8,88.4,90.77,78525
2023-11-03 00:00:00+05:30,91.0,91.0,88.4,89.31,83330
2023-11-06 00:00:00+05:30,89.4,91.89,89.4,89.42,8520
2023-11-07 00:00:00+05:30,90.0,92.01,89.2,89.4,51225
2023-11-08 00:00:00+05:30,94.0,94.26,89.1,89.2,49845
2023-11-09 00:00:00+05:30,94.37,94.37,89.65,90.18,72305
2023-11-10 00:00:00+05:30,93.7,94.68,90.6,94.47,82875
2023-11-12 00:00:00+05:30,96.0,96.2,93.4,96.2,38275
2023-11-13 00:00:00+05:30,100.91,100.91,93.0,95.65,31035
2023-11-15 00:00:00+05:30,98.0,99.8,96.1,98.54,18930
2023-11-16 00:00:00+05:30,99.2,101.71,99.2,101.4,96100
2023-11-17 00:00:00+05:30,102.0,106.39,100.03,102.46,48490
2023-11-20 00:00:00+05:30,103.01,107.24,103.01,107.24,87630
2023-11-21 00:00:00+05:30,108.6,110.98,107.51,110.98,37940
2023-11-22 00:00:00+05:30,116.52,116.52,116.52,116.52,26820
2023-11-23 00:00:00+05:30,118.85,118.85,118.85,118.85,19415
2023-11-24 00:00:00+05:30,121.22,121.22,121.22,121.22,9345
2023-11-28 00:00:00+05:30,123.64,123.64,123.64,123.64,5700
2023-11-29 00:00:00+05:30,126.11,126.11,126.11,126.11,7745
2023-11-30 00:00:00+05:30,128.63,128.63,128.62,128.63,144920
2023-12-01 00:00:00+05:30,131.2,131.2,129.04,131.2,78730
2023-12-04 00:00:00+05:30,133.82,133.82,133.82,133.82,13400
2023-12-05 00:00:00+05:30,136.49,136.49,136.4,136.49,6410
2023-12-06 00:00:00+05:30,139.21,139.21,139.21,139.21,16665
2023-12-07 00:00:00+05:30,141.99,141.99,138.6,141.99,46735
2023-12-08 00:00:00+05:30,141.2,141.2,139.15,141.2,159775
2023-12-11 00:00:00+05:30,139.04,141.6,139.04,139.04,11825
2023-12-12 00:00:00+05:30,138.98,139.0,136.26,138.98,26650
2023-12-13 00:00:00+05:30,138.0,138.0,136.2,138.0,24120
2023-12-14 00:00:00+05:30,135.27,137.0,135.24,135.27,4730
2023-12-15 00:00:00+05:30,135.1,135.1,132.57,135.1,30245
2023-12-18 00:00:00+05:30,133.0,134.4,132.4,133.0,61320
2023-12-19 00:00:00+05:30,130.34,132.4,130.34,130.34,9180
2023-12-20 00:00:00+05:30,127.74,128.4,127.74,127.74,68725
2023-12-21 00:00:00+05:30,127.2,127.2,125.19,127.2,48870
2023-12-22 00:00:00+05:30,128.98,128.98,124.66,128.98,27585
2023-12-26 00:00:00+05:30,128.0,128.0,126.4,128.0,20140
2023-12-27 00:00:00+05:30,130.56,130.56,130.56,130.56,35510
2023-12-28 00:00:00+05:30,132.0,133.17,130.56,132.0,25955
2023-12-29 00:00:00+05:30,134.64,134.64,134.0,134.64,13330
2024-01-01 00:00:00+05:30,141.2,141.37,135.22,141.37,209325
2024-01-02 00:00:00+05:30,142.4,144.48,134.05,144.37,217355
2024-01-03 00:00:00+05:30,148.45,149.15,138.4,149.15,238830
2024-01-04 00:00:00+05:30,152.0,156.42,150.0,156.42,96765
2024-01-05 00:00:00+05:30,163.8,164.24,158.42,164.24,117040
2024-01-08 00:00:00+05:30,167.0,167.0,162.0,163.4,89330
2024-01-09 00:00:00+05:30,169.0,169.0,162.0,166.2,40235
2024-01-10 00:00:00+05:30,165.0,166.0,164.4,165.0,144770
2024-01-11 00:00:00+05:30,165.0,165.0,162.0,165.0,25005
2024-01-12 00:00:00+05:30,165.0,166.8,164.0,165.0,19685
2024-01-15 00:00:00+05:30,167.18,167.18,164.6,167.18,37790
2024-01-16 00:00:00+05:30,166.2,166.2,163.84,166.2,38545
2024-01-17 00:00:00+05:30,162.88,166.2,162.88,162.88,6100
2024-01-18 00:00:00+05:30,163.0,163.0,159.63,163.0,29665
2024-01-19 00:00:00+05:30,163.6,164.0,163.6,163.6,12330
2024-01-20 00:00:00+05:30,163.7,164.0,163.4,163.7,5925
2024-01-23 00:00:00+05:30,161.2,163.6,161.2,161.2,5760
2024-01-24 00:00:00+05:30,164.0,164.0,161.2,164.0,4065
2024-01-25 00:00:00+05:30,160.72,163.2,160.72,160.72,8220
2024-01-29 00:00:00+05:30,162.2,163.2,161.2,162.2,72625
2024-01-30 00:00:00+05:30,164.0,164.0,159.8,164.0,7295
2024-01-31 00:00:00+05:30,160.72,160.8,160.72,160.72,13935
2024-02-01 00:00:00+05:30,163.79,163.89,160.02,163.79,53520
2024-02-02 00:00:00+05:30,167.0,167.0,160.82,167.0,22435
2024-02-05 00:00:00+05:30,166.0,167.0,164.07,166.0,56510
2024-02-06 00:00:00+05:30,162.68,166.0,162.68,162.68,1495
2024-02-07 00:00:00+05:30,162.61,162.61,159.43,162.61,10165
2024-02-08 00:00:00+05:30,159.36,162.0,159.36,159.36,16840
2024-02-09 00:00:00+05:30,162.4,162.4,159.0,162.4,71025
2024-02-12 00:00:00+05:30,165.6,165.64,165.6,165.64,37470
2024-02-13 00:00:00+05:30,167.99,168.95,167.99,168.0,13055
2024-02-14 00:00:00+05:30,171.36,171.36,168.2,171.36,13430
2024-02-15 00:00:00+05:30,174.0,174.78,174.0,174.76,5135
2024-02-16 00:00:00+05:30,178.25,178.25,178.25,178.25,1375
2024-02-19 00:00:00+05:30,187.16,187.16,183.0,187.16,36720
2024-02-20 00:00:00+05:30,192.99,192.99,182.0,186.12,47910
2024-02-21 00:00:00+05:30,184.0,190.0,180.0,183.54,19180
2024-02-22 00:00:00+05:30,183.54,191.97,181.0,188.34,36130
2024-02-23 00:00:00+05:30,196.2,196.2,188.41,195.61,32280
2024-02-26 00:00:00+05:30,203.76,203.79,197.0,200.93,43810
2024-02-27 00:00:00+05:30,207.59,207.6,202.2,204.94,34120
2024-02-28 00:00:00+05:30,209.0,213.66,205.4,209.35,77755
2024-02-29 00:00:00+05:30,212.0,213.0,198.89,205.06,43895
2024-03-01 00:00:00+05:30,205.06,212.8,205.0,210.12,19235
2024-03-02 00:00:00+05:30,220.0,220.0,208.0,209.44,14645
2024-03-04 00:00:00+05:30,215.2,217.0,200.03,204.89,19565
2024-03-05 00:00:00+05:30,204.85,204.85,194.65,196.69,89685
2024-03-06 00:00:00+05:30,204.8,204.8,186.86,196.31,49990
2024-03-07 00:00:00+05:30,196.0,199.0,193.0,197.86,8120
2024-03-11 00:00:00+05:30,198.0,198.0,187.97,189.79,19655
2024-03-12 00:00:00+05:30,189.79,198.0,180.3,180.3,8485
2024-03-13 00:00:00+05:30,187.0,187.0,171.29,180.03,70540
2024-03-14 00:00:00+05:30,171.1,185.0,171.04,184.56,43925
2024-03-15 00:00:00+05:30,184.56,184.56,175.34,177.02,247210
2024-03-18 00:00:00+05:30,172.03,178.99,172.03,173.93,95800
2024-03-19 00:00:00+05:30,176.0,177.99,171.31,175.14,96985
2024-03-20 00:00:00+05:30,172.2,177.57,170.0,172.0,33025
2024-03-21 00:00:00+05:30,180.0,180.0,171.0,171.99,63560
2024-03-22 00:00:00+05:30,174.2,174.98,166.04,172.84,207450
2024-03-26 00:00:00+05:30,164.6,175.76,164.6,172.06,27010
2024-03-27 00:00:00+05:30,174.2,179.8,172.06,178.98,68625
2024-04-01 00:00:00+05:30,187.8,192.8,181.4,188.13,12390
2024-04-02 00:00:00+05:30,192.2,195.4,186.2,192.03,29380
2024-04-03 00:00:00+05:30,196.19,196.19,190.0,194.28,12545
2024-04-04 00:00:00+05:30,196.6,197.0,191.21,195.42,5190
2024-04-05 00:00:00+05:30,198.0,198.0,192.0,194.29,6170
2024-04-08 00:00:00+05:30,192.12,192.12,186.8,189.73,18310
2024-04-09 00:00:00+05:30,191.97,191.97,186.53,190.39,7890
2024-04-10 00:00:00+05:30,190.39,190.7,183.6,187.65,18840
2024-04-12 00:00:00+05:30,189.98,189.98,181.01,186.26,6830
2024-04-15 00:00:00+05:30,186.26,188.76,177.01,186.89,11170
2024-04-16 00:00:00+05:30,185.98,185.98,180.2,184.54,7455
2024-04-18 00:00:00+05:30,193.74,193.74,186.23,191.44,42225
2024-04-19 00:00:00+05:30,198.0,198.0,188.0,190.81,12120
2024-04-22 00:00:00+05:30,194.2,194.2,187.02,191.2,9205
2024-04-23 00:00:00+05:30,192.0,192.0,187.01,188.38,33045
2024-04-24 00:00:00+05:30,190.21,195.6,188.4,190.47,60155
2024-04-25 00:00:00+05:30,190.91,196.57,190.72,193.98,153570
2024-04-26 00:00:00+05:30,195.0,199.4,195.0,195.71,133195
2024-04-29 00:00:00+05:30,188.4,196.94,187.25,195.68,60775
2024-04-30 00:00:00+05:30,197.6,198.0,195.0,195.88,89245
2024-05-02 00:00:00+05:30,199.3,199.3,196.0,197.25,66975
2024-05-03 00:00:00+05:30,199.74,201.0,195.7,196.7,102565
2024-05-06 00:00:00+05:30,190.61,198.0,190.61,195.68,33580
2024-05-07 00:00:00+05:30,195.61,195.61,185.9,186.62,58485
2024-05-08 00:00:00+05:30,189.77,191.6,183.4,189.02,51825
2024-05-09 00:00:00+05:30,188.57,192.96,182.05,186.42,41620
2024-05-10 00:00:00+05:30,177.2,188.38,177.2,185.04,40250
2024-05-13 00:00:00+05:30,187.98,187.98,178.93,186.14,72015
2024-05-14 00:00:00+05:30,187.2,193.6,187.2,192.32,51735
2024-05-15 00:00:00+05:30,192.91,195.6,191.44,195.32,69810
2024-05-16 00:00:00+05:30,199.0,199.0,191.2,193.27,70215
2024-05-17 00:00:00+05:30,193.4,193.78,190.04,192.32,73145
2024-05-18 00:00:00+05:30,198.0,201.0,191.4,195.7,9285
2024-05-21 00:00:00+05:30,190.66,198.8,188.83,191.03,67360
2024-05-22 00:00:00+05:30,186.4,195.06,185.0,187.7,87560
2024-05-23 00:00:00+05:30,190.87,190.87,183.61,186.36,83750
2024-05-24 00:00:00+05:30,186.34,186.35,182.42,185.64,69900
2024-05-27 00:00:00+05:30,187.46,187.94,182.47,186.6,63890
2024-05-28 00:00:00+05:30,186.6,187.96,183.3,186.27,59745
2024-05-29 00:00:00+05:30,181.0,184.43,178.0,180.27,65860
2024-05-30 00:00:00+05:30,182.3,183.99,176.5,178.0,64160
2024-05-31 00:00:00+05:30,174.6,181.97,171.14,177.61,10530
2024-06-03 00:00:00+05:30,182.8,186.35,172.8,177.59,167805
2024-06-04 00:00:00+05:30,174.48,174.48,168.71,168.71,18870
2024-06-05 00:00:00+05:30,160.81,172.0,160.28,169.25,56540
2024-06-06 00:00:00+05:30,164.0,172.76,164.0,170.6,11685
2024-06-07 00:00:00+05:30,169.98,173.5,169.4,172.93,9935
2024-06-10 00:00:00+05:30,178.76,178.76,165.33,169.95,24145
2024-06-11 00:00:00+05:30,171.15,172.74,168.98,171.58,9515
2024-06-12 00:00:00+05:30,180.0,180.15,177.5,180.15,125415
2024-06-13 00:00:00+05:30,187.2,187.2,183.3,183.67,62215
2024-06-14 00:00:00+05:30,185.6,185.77,181.41,183.83,54250
2024-06-18 00:00:00+05:30,192.8,193.02,190.0,193.02,277475
2024-06-19 00:00:00+05:30,198.6,202.67,193.4,202.66,234380
2024-06-20 00:00:00+05:30,202.66,212.74,198.81,203.32,207490
2024-06-21 00:00:00+05:30,208.6,208.6,201.19,205.0,62755
2024-06-24 00:00:00+05:30,209.9,214.24,205.61,206.94,176075
2024-06-25 00:00:00+05:30,210.0,210.0,200.53,205.34,115195
2024-06-26 00:00:00+05:30,207.4,207.6,201.41,203.56,58520
2024-06-27 00:00:00+05:30,203.0,205.32,193.92,201.67,49470
2024-06-28 00:00:00+05:30,203.4,203.4,197.0,199.81,36935
2024-07-01 00:00:00+05:30,202.0,208.85,202.0,203.5,103085
2024-07-02 00:00:00+05:30,203.99,208.6,203.99,208.06,63630
2024-07-03 00:00:00+05:30,210.01,213.0,202.44,204.65,109060
2024-07-04 00:00:00+05:30,207.21,214.88,206.0,214.6,329725
2024-07-05 00:00:00+05:30,214.1,214.8,203.9,207.55,191780
2024-07-08 00:00:00+05:30,200.0,211.0,197.2,202.4,105967
2024-07-09 00:00:00+05:30,202.45,205.35,195.0,200.3,109973
2024-07-10 00:00:00+05:30,204.0,204.65,199.65,201.85,35226
2024-07-11 00:00:00+05:30,202.45,202.45,195.5,197.8,28038
2024-07-12 00:00:00+05:30,201.9,201.9,193.25,194.05,25151
2024-07-15 00:00:00+05:30,196.9,200.0,192.8,193.9,20183
2024-07-16 00:00:00+05:30,191.25,196.85,190.05,191.7,16370
2024-07-18 00:00:00+05:30,192.6,201.25,183.25,199.4,65637
2024-07-19 00:00:00+05:30,199.4,201.0,190.0,192.9,28863
2024-07-22 00:00:00+05:30,184.0,195.0,184.0,191.0,13275
2024-07-23 00:00:00+05:30,194.9,196.85,185.0,193.6,21139
2024-07-24 00:00:00+05:30,198.5,200.55,188.65,190.45,26736
2024-07-25 00:00:00+05:30,194.35,194.35,187.6,189.5,13616
2024-07-26 00:00:00+05:30,197.7,197.7,185.6,188.8,13293
2024-07-29 00:00:00+05:30,188.95,191.2,184.55,188.4,25948
2024-07-30 00:00:00+05:30,193.4,193.4,182.3,186.35,12816
2024-07-31 00:00:00+05:30,188.35,190.35,183.05,187.0,18499
2024-08-01 00:00:00+05:30,188.38,189.6,183.0,183.26,30318
2024-08-02 00:00:00+05:30,186.0,186.0,177.0,180.65,27069
2024-08-05 00:00:00+05:30,176.0,180.0,172.7,179.76,24475
2024-08-06 00:00:00+05:30,175.5,182.15,175.08,176.97,9491
2024-08-07 00:00:00+05:30,178.99,179.51,172.81,174.21,13329
2024-08-08 00:00:00+05:30,178.97,182.92,173.99,182.22,20794
2024-08-09 00:00:00+05:30,189.0,189.0,181.26,182.1,9344
2024-08-12 00:00:00+05:30,183.55,183.99,179.41,181.05,6151
2024-08-13 00:00:00+05:30,181.05,182.7,177.07,181.53,11759
2024-08-14 00:00:00+05:30,185.16,185.59,174.5,175.02,19075
2024-08-16 00:00:00+05:30,177.7,181.77,170.1,176.71,19819
2024-08-19 00:00:00+05:30,181.6,185.54,174.64,184.09,107733
2024-08-20 00:00:00+05:30,184.09,190.0,176.55,180.05,21666
2024-08-21 00:00:00+05:30,182.29,182.29,176.2,179.99,17137
2024-08-22 00:00:00+05:30,181.0,187.78,174.0,179.75,30121
2024-08-23 00:00:00+05:30,180.42,185.78,176.23,181.3,35868
2024-08-26 00:00:00+05:30,181.88,185.0,175.3,178.22,25941
2024-08-27 00:00:00+05:30,176.22,180.37,176.22,178.26,5826
2024-08-28 00:00:00+05:30,181.74,181.74,176.41,180.01,10827
2024-08-29 00:00:00+05:30,182.8,182.8,172.89,175.53,27010
2024-08-30 00:00:00+05:30,177.53,178.0,172.5,174.83,15187
2024-09-02 00:00:00+05:30,174.83,175.38,168.25,172.35,45993
2024-09-03 00:00:00+05:30,170.49,178.0,170.49,177.26,46096
2024-09-04 00:00:00+05:30,181.77,181.77,172.01,176.12,6893
2024-09-05 00:00:00+05:30,177.98,180.78,173.03,175.2,10972
2024-09-06 00:00:00+05:30,175.58,179.04,172.0,177.88,60797
2024-09-09 00:00:00+05:30,180.0,181.89,178.07,179.71,16918
2024-09-10 00:00:00+05:30,180.5,185.1,179.11,182.93,32791
2024-09-11 00:00:00+05:30,184.95,189.95,182.25,187.72,37782
2024-09-12 00:00:00+05:30,192.95,194.0,186.52,193.06,36664
2024-09-13 00:00:00+05:30,194.0,195.0,190.01,193.84,13837
2024-09-16 00:00:00+05:30,195.0,195.0,188.14,193.61,55948
2024-09-17 00:00:00+05:30,194.0,203.29,190.0,203.29,1331309
2024-09-18 00:00:00+05:30,207.4,208.76,199.7,204.19,196731
2024-09-19 00:00:00+05:30,206.8,207.9,194.9,198.76,108345
2024-09-20 00:00:00+05:30,200.99,201.49,196.5,198.72,52228
2024-09-23 00:00:00+05:30,199.48,201.5,196.0,199.39,39607
2024-09-24 00:00:00+05:30,200.01,201.8,194.41,196.08,37784
2024-09-25 00:00:00+05:30,197.99,205.88,192.08,205.74,161778
2024-09-26 00:00:00+05:30,212.0,216.02,209.0,216.01,364116
2024-09-27 00:00:00+05:30,217.0,226.81,216.0,225.46,292593
2024-09-30 00:00:00+05:30,231.0,234.8,216.5,219.9,279562
2024-10-01 00:00:00+05:30,225.97,229.0,215.01,223.28,78731
2024-10-03 00:00:00+05:30,220.01,224.44,212.11,219.82,82149
2024-10-04 00:00:00+05:30,221.9,226.79,209.5,215.73,89654
2024-10-07 00:00:00+05:30,220.39,220.39,204.94,208.57,88602
2024-10-08 00:00:00+05:30,202.55,218.0,202.55,214.76,91203
2024-10-09 00:00:00+05:30,222.9,222.9,206.29,210.89,59903
2024-10-10 00:00:00+05:30,218.0,218.0,208.76,212.65,29640
2024-10-11 00:00:00+05:30,213.0,222.0,209.67,217.4,43422
2024-10-14 00:00:00+05:30,220.0,220.0,202.0,208.52,83772
2024-10-15 00:00:00+05:30,203.65,208.0,192.22,201.69,149268
2024-10-16 00:00:00+05:30,201.69,206.94,198.01,204.65,61097
2024-10-17 00:00:00+05:30,204.45,208.0,198.03,201.32,98695
2024-10-18 00:00:00+05:30,200.94,205.49,198.46,203.02,42475
2024-10-21 00:00:00+05:30,208.99,208.99,190.31,194.66,70718
2024-10-22 00:00:00+05:30,197.8,197.8,184.6,187.08,46945
2024-10-23 00:00:00+05:30,189.7,191.69,183.27,187.93,46236
2024-10-24 00:00:00+05:30,191.9,191.9,178.0,182.91,56993
2024-10-25 00:00:00+05:30,180.85,182.82,170.05,173.31,79982
2024-10-28 00:00:00+05:30,171.35,179.0,166.81,173.66,43473
2024-10-29 00:00:00+05:30,173.66,175.46,157.0,160.96,150250
2024-10-30 00:00:00+05:30,160.0,167.4,157.1,163.27,178875
2024-10-31 00:00:00+05:30,164.9,164.9,157.17,160.24,92419
2024-11-01 00:00:00+05:30,160.75,168.5,160.75,165.98,43928
2024-11-04 00:00:00+05:30,166.45,168.0,155.41,159.79,60348
2024-11-05 00:00:00+05:30,160.94,175.76,159.31,175.76,284768
2024-11-06 00:00:00+05:30,182.4,186.52,175.2,177.03,155223
2024-11-07 00:00:00+05:30,174.0,180.0,174.0,177.81,36868
2024-11-08 00:00:00+05:30,178.55,181.53,174.0,176.08,21522
2024-11-11 00:00:00+05:30,174.82,181.68,174.82,179.43,59558
2024-11-12 00:00:00+05:30,183.8,183.8,167.6,169.8,54874
2024-11-13 00:00:00+05:30,168.05,168.48,158.83,162.08,58367
2024-11-14 00:00:00+05:30,162.08,162.55,149.13,155.01,95023
2024-11-18 00:00:00+05:30,153.79,157.8,144.79,156.76,46845
2024-11-19 00:00:00+05:30,157.0,160.45,154.5,156.51,26575
2024-11-21 00:00:00+05:30,156.02,156.29,149.0,151.41,21101
2024-11-22 00:00:00+05:30,150.95,153.73,148.25,150.26,18108
2024-11-25 00:00:00+05:30,152.1,154.19,144.55,147.69,48731
2024-11-26 00:00:00+05:30,149.74,159.8,141.74,155.87,103864
2024-11-27 00:00:00+05:30,160.0,164.0,155.43,161.68,156569
2024-11-28 00:00:00+05:30,163.0,164.42,152.61,162.45,84026
2024-11-29 00:00:00+05:30,163.3,163.3,158.25,159.88,20169
2024-12-02 00:00:00+05:30,162.69,169.3,154.55,166.18,95894
2024-12-03 00:00:00+05:30,167.4,169.15,162.67,165.05,74134
2024-12-04 00:00:00+05:30,163.91,166.0,160.45,162.64,69406
2024-12-05 00:00:00+05:30,164.0,169.0,160.5,166.48,66804
2024-12-06 00:00:00+05:30,168.15,175.0,167.05,173.52,160446
2024-12-09 00:00:00+05:30,175.68,175.68,168.86,172.37,109540
2024-12-10 00:00:00+05:30,170.66,171.57,166.22,169.59,37627
2024-12-11 00:00:00+05:30,170.6,170.6,164.0,165.61,149154
2024-12-12 00:00:00+05:30,167.9,168.65,161.66,164.94,29218
2024-12-13 00:00:00+05:30,166.0,166.0,158.87,162.21,53043
2024-12-16 00:00:00+05:30,162.21,164.39,153.3,156.69,81882
2024-12-17 00:00:00+05:30,155.2,157.81,153.0,154.33,107886
2024-12-18 00:00:00+05:30,154.2,157.31,150.45,151.6,80712
2024-12-19 00:00:00+05:30,147.55,154.13,147.55,150.5,132130
2024-12-20 00:00:00+05:30,150.2,153.62,146.12,147.46,29595
2024-12-23 00:00:00+05:30,147.2,152.4,145.2,150.21,21287
2024-12-24 00:00:00+05:30,147.7,153.48,147.36,151.94,43996
2024-12-26 00:00:00+05:30,153.99,153.99,145.38,147.63,7991
2024-12-27 00:00:00+05:30,147.63,155.31,146.62,152.37,36748
2024-12-30 00:00:00+05:30,154.65,154.65,144.0,146.84,57062
2024-12-31 00:00:00+05:30,149.75,149.75,144.5,146.89,21857
2025-01-01 00:00:00+05:30,146.0,148.32,140.36,143.67,55327
2025-01-02 00:00:00+05:30,142.55,149.0,140.05,142.23,47557
2025-01-03 00:00:00+05:30,142.23,145.34,140.05,141.63,29151
2025-01-06 00:00:00+05:30,140.25,143.51,133.66,137.67,35625
2025-01-07 00:00:00+05:30,136.95,139.14,132.66,136.93,84278
2025-01-08 00:00:00+05:30,138.0,138.0,133.7,134.87,24464
2025-01-09 00:00:00+05:30,134.87,141.47,133.87,137.62,66693
2025-01-10 00:00:00+05:30,139.6,139.6,131.2,132.39,34080
2025-01-13 00:00:00+05:30,131.92,138.7,123.75,132.6,185584
2025-01-14 00:00:00+05:30,131.85,132.78,128.0,129.75,26668
2025-01-15 00:00:00+05:30,130.69,134.5,126.5,132.43,92190
2025-01-16 00:00:00+05:30,132.16,143.98,132.15,142.31,147177
2025-01-17 00:00:00+05:30,142.95,145.8,140.17,144.25,33957
2025-01-20 00:00:00+05:30,146.4,146.4,139.13,142.28,38501
2025-01-21 00:00:00+05:30,143.9,146.51,141.0,142.29,41543
2025-01-22 00:00:00+05:30,142.29,142.29,135.0,138.65,23661
2025-01-23 00:00:00+05:30,137.0,139.14,132.32,134.2,247550
2025-01-24 00:00:00+05:30,134.99,139.21,129.98,132.64,104306
2025-01-27 00:00:00+05:30,132.0,132.0,122.2,124.25,44864
2025-01-28 00:00:00+05:30,124.5,130.05,110.82,118.84,139388
2025-01-29 00:00:00+05:30,116.04,121.04,112.42,116.99,68935
2025-01-30 00:00:00+05:30,118.98,119.9,114.25,117.13,56185
2025-01-31 00:00:00+05:30,116.05,119.36,115.25,116.63,35168
2025-02-01 00:00:00+05:30,116.7,118.4,112.0,113.83,45834
2025-02-03 00:00:00+05:30,112.99,116.99,107.5,113.25,92130
2025-02-04 00:00:00+05:30,112.01,117.4,112.01,115.0,50738
2025-02-05 00:00:00+05:30,115.75,124.5,115.73,123.15,58389
2025-02-06 00:00:00+05:30,123.25,125.65,119.11,121.51,43298
2025-02-07 00:00:00+05:30,121.0,125.05,116.65,120.48,199990
2025-02-10 00:00:00+05:30,121.0,129.0,119.11,124.62,239011
2025-02-11 00:00:00+05:30,124.62,125.03,115.5,117.34,145172
2025-02-12 00:00:00+05:30,119.1,123.88,112.22,119.34,38865
2025-02-13 00:00:00+05:30,117.1,121.44,114.2,116.68,44264
2025-02-14 00:00:00+05:30,116.68,116.68,107.12,108.74,39232
2025-02-17 00:00:00+05:30,108.5,120.0,103.15,114.19,73514
2025-02-18 00:00:00+05:30,112.7,117.85,105.32,114.07,113082
2025-02-19 00:00:00+05:30,112.35,127.5,110.49,123.9,222415
2025-02-20 00:00:00+05:30,122.78,131.8,121.41,130.44,92666
2025-02-21 00:00:00+05:30,130.25,133.21,123.42,127.65,119956
2025-02-24 00:00:00+05:30,127.0,127.0,122.21,123.27,27294
2025-02-25 00:00:00+05:30,123.5,127.95,121.83,124.79,54026
2025-02-27 00:00:00+05:30,124.79,124.94,118.37,121.68,354467
2025-02-28 00:00:00+05:30,119.14,123.9,113.22,120.79,64278
2025-03-03 00:00:00+05:30,120.5,125.03,111.49,120.54,92690
2025-03-04 00:00:00+05:30,120.54,120.63,115.64,118.73,23918
2025-03-05 00:00:00+05:30,117.4,128.8,117.35,127.62,96918
2025-03-06 00:00:00+05:30,127.75,132.59,126.25,128.68,55576
2025-03-07 00:00:00+05:30,128.68,131.4,126.61,129.65,179298
2025-03-10 00:00:00+05:30,129.65,133.0,121.43,123.95,116913
2025-03-11 00:00:00+05:30,121.0,130.0,118.71,123.46,54077
2025-03-12 00:00:00+05:30,123.46,124.0,117.11,121.74,61317
2025-03-13 00:00:00+05:30,119.18,123.9,118.21,120.79,41834
2025-03-17 00:00:00+05:30,120.05,120.59,114.05,115.31,117436
2025-03-18 00:00:00+05:30,115.29,121.9,115.02,119.51,85927
2025-03-19 00:00:00+05:30,117.7,121.69,117.7,119.48,42375
2025-03-20 00:00:00+05:30,119.12,121.39,115.42,118.49,179479
2025-03-21 00:00:00+05:30,117.99,119.29,115.95,116.33,95268
2025-03-24 00:00:00+05:30,116.61,120.8,116.06,116.82,96932
2025-03-25 00:00:00+05:30,117.28,117.9,110.84,113.61,268045
2025-03-26 00:00:00+05:30,113.0,116.88,110.93,112.66,252824
2025-03-27 00:00:00+05:30,111.0,117.85,109.56,113.57,242426
2025-03-28 00:00:00+05:30,115.85,121.0,111.2,118.82,131109
2025-04-01 00:00:00+05:30,117.95,124.9,117.75,123.58,90831
2025-04-02 00:00:00+05:30,123.95,135.7,122.0,133.26,211961
2025-04-03 00:00:00+05:30,131.25,134.9,130.93,133.31,70630
2025-04-04 00:00:00+05:30,135.0,135.0,117.6,124.12,80288
2025-04-07 00:00:00+05:30,110.01,115.79,110.01,112.49,115769
2025-04-08 00:00:00+05:30,114.2,126.7,114.2,122.31,95912
2025-04-09 00:00:00+05:30,120.5,128.3,119.6,123.09,108196
2025-04-11 00:00:00+05:30,126.7,126.7,122.21,123.93,62714
2025-04-15 00:00:00+05:30,126.0,130.7,123.26,124.13,56940
2025-04-16 00:00:00+05:30,124.99,125.99,120.1,120.98,56950
2025-04-17 00:00:00+05:30,120.98,122.84,119.38,120.74,37889
2025-04-21 00:00:00+05:30,120.74,122.39,119.12,120.07,60246
2025-04-22 00:00:00+05:30,121.45,124.87,119.05,120.39,150175
2025-04-23 00:00:00+05:30,122.8,127.0,121.25,123.8,614969
2025-04-24 00:00:00+05:30,123.99,125.94,119.68,122.25,461741
2025-04-25 00:00:00+05:30,122.6,124.5,115.01,116.26,179617
2025-04-28 00:00:00+05:30,115.37,118.39,113.08,116.89,74110
2025-04-29 00:00:00+05:30,116.5,117.97,115.11,116.54,80462
2025-04-30 00:00:00+05:30,116.7,123.0,110.79,118.11,154539
2025-05-02 00:00:00+05:30,119.61,119.61,114.6,115.37,95707
2025-05-05 00:00:00+05:30,115.37,117.4,109.21,110.13,164664
2025-05-06 00:00:00+05:30,110.15,115.01,101.71,111.51,274929
2025-05-07 00:00:00+05:30,108.1,118.75,105.83,116.08,140755
2025-05-08 00:00:00+05:30,116.4,118.05,109.26,114.06,68564
2025-05-09 00:00:00+05:30,109.03,115.4,108.61,113.91,66935
2025-05-12 00:00:00+05:30,117.0,129.0,115.08,125.7,293175
2025-05-13 00:00:00+05:30,125.48,125.48,122.7,123.75,80244
2025-05-14 00:00:00+05:30,123.75,125.9,118.4,120.02,178609
2025-05-15 00:00:00+05:30,120.0,141.21,119.28,136.85,1772289
2025-05-16 00:00:00+05:30,137.5,144.4,137.15,141.7,1740000
2025-05-19 00:00:00+05:30,142.48,146.98,140.0,142.22,213316
2025-05-20 00:00:00+05:30,143.42,143.42,137.87,141.46,199945
2025-05-21 00:00:00+05:30,141.3,149.16,137.9,145.4,928430
2025-05-22 00:00:00+05:30,145.4,154.0,142.41,149.69,794011
2025-05-23 00:00:00+05:30,149.69,149.69,143.6,145.93,194152
2025-05-26 00:00:00+05:30,145.0,147.09,138.11,139.49,382307
2025-05-27 00:00:00+05:30,139.99,142.69,138.02,141.68,133623
2025-05-28 00:00:00+05:30,141.68,147.0,141.68,145.15,209165
2025-05-29 00:00:00+05:30,146.6,147.69,143.13,144.84,153107
2025-05-30 00:00:00+05:30,144.12,150.5,142.6,144.11,353608
2025-06-02 00:00:00+05:30,142.5,144.51,140.44,143.17,108828
2025-06-03 00:00:00+05:30,143.17,149.0,142.51,146.38,270932
2025-06-04 00:00:00+05:30,146.45,148.46,142.56,143.38,132166
2025-06-05 00:00:00+05:30,144.8,151.76,142.84,148.9,406494
2025-06-06 00:00:00+05:30,148.95,150.98,141.26,143.44,493227
2025-06-09 00:00:00+05:30,144.59,146.6,140.0,141.73,248312
2025-06-10 00:00:00+05:30,143.85,148.9,139.05,140.06,838157
2025-06-11 00:00:00+05:30,141.0,143.08,138.1,140.57,171577
2025-06-12 00:00:00+05:30,142.54,142.54,136.16,138.64,136307
2025-06-13 00:00:00+05:30,136.2,138.0,134.01,136.0,138474
2025-06-16 00:00:00+05:30,136.0,142.41,130.85,141.28,254780
2025-06-17 00:00:00+05:30,142.4,142.4,137.6,138.93,107681
2025-06-18 00:00:00+05:30,138.04,141.4,135.64,139.23,138954
2025-06-19 00:00:00+05:30,138.29,140.56,134.21,134.7,91893
2025-06-20 00:00:00+05:30,135.78,137.79,132.69,134.91,127105
2025-06-23 00:00:00+05:30,132.9,134.99,130.9,132.58,104877
2025-06-24 00:00:00+05:30,132.58,143.0,132.58,140.04,794745
2025-06-25 00:00:00+05:30,140.5,144.95,139.3,141.62,468543
2025-06-26 00:00:00+05:30,142.88,145.9,139.81,144.07,388913
2025-06-27 00:00:00+05:30,144.9,149.09,142.82,147.2,762693
2025-06-30 00:00:00+05:30,157.0,157.0,133.8,137.56,4207957
2025-07-01 00:00:00+05:30,138.95,141.78,135.15,137.5,548053
2025-07-02 00:00:00+05:30,138.9,140.9,134.2,135.24,441580
2025-07-03 00:00:00+05:30,135.5,136.03,131.05,131.96,334332
2025-07-04 00:00:00+05:30,131.96,133.85,130.51,132.06,277508
2025-07-07 00:00:00+05:30,133.4,134.01,128.46,130.18,146557
2025-07-08 00:00:00+05:30,131.9,131.9,128.5,129.27,234817
2025-07-09 00:00:00+05:30,129.55,134.9,128.01,131.96,407157
2025-07-10 00:00:00+05:30,131.96,134.3,129.99,132.25,213015
2025-07-11 00:00:00+05:30,131.17,131.67,129.13,129.64,139828
2025-07-14 00:00:00+05:30,132.1,140.45,132.1,137.83,900514
2025-07-15 00:00:00+05:30,137.83,138.56,135.06,136.16,236698
2025-07-16 00:00:00+05:30,135.0,136.4,133.61,135.31,152678
2025-07-17 00:00:00+05:30,135.78,138.69,133.27,134.38,152666
2025-07-18 00:00:00+05:30,134.85,134.9,132.12,133.32,144229
2025-07-21 00:00:00+05:30,133.32,133.34,130.6,131.17,158658
2025-07-22 00:00:00+05:30,132.97,132.97,129.52,130.01,98237
2025-07-23 00:00:00+05:30,129.82,132.58,128.56,131.16,125588
2025-07-24 00:00:00+05:30,131.16,135.8,131.0,134.81,198664
2025-07-25 00:00:00+05:30,133.0,134.5,131.2,132.03,134692
2025-07-28 00:00:00+05:30,132.03,133.6,124.25,127.9,168003
2025-07-29 00:00:00+05:30,127.9,131.89,124.59,129.76,259618
2025-07-30 00:00:00+05:30,130.0,130.54,126.78,128.07,124359
2025-07-31 00:00:00+05:30,125.56,129.87,123.87,125.22,132380
2025-08-01 00:00:00+05:30,125.85,127.89,123.22,123.86,85223
2025-08-04 00:00:00+05:30,123.3,126.0,122.0,125.29,92518
2025-08-05 00:00:00+05:30,125.0,125.79,123.67,124.47,106656
2025-08-06 00:00:00+05:30,125.1,126.35,122.0,122.57,33522
2025-08-07 00:00:00+05:30,120.75,121.47,113.37,115.84,140402
2025-08-08 00:00:00+05:30,115.84,119.91,114.6,116.4,85160
2025-08-11 00:00:00+05:30,116.49,133.6,111.0,128.03,1765749
2025-08-12 00:00:00+05:30,125.0,128.52,121.1,122.79,469193
2025-08-13 00:00:00+05:30,124.39,128.01,121.03,126.22,167717
2025-08-14 00:00:00+05:30,126.0,126.05,122.01,122.78,78398
2025-08-18 00:00:00+05:30,125.0,131.2,125.0,130.28,354569
2025-08-19 00:00:00+05:30,130.01,130.01,125.1,127.9,205706
2025-08-20 00:00:00+05:30,129.0,133.7,127.0,128.29,235629
2025-08-21 00:00:00+05:30,128.44,129.41,126.0,126.94,79699
2025-08-22 00:00:00+05:30,127.6,127.6,122.0,123.1,167280
2025-08-25 00:00:00+05:30,124.08,124.8,121.2,121.59,83623
2025-08-26 00:00:00+05:30,122.8,122.8,115.92,116.96,98169
2025-08-28 00:00:00+05:30,116.01,125.95,115.98,120.17,223935
2025-08-29 00:00:00+05:30,120.1,121.1,118.31,119.56,60544
2025-09-01 00:00:00+05:30,120.04,123.69,119.13,122.8,69109
2025-09-02 00:00:00+05:30,123.0,125.8,120.0,121.82,93161
2025-09-03 00:00:00+05:30,123.0,124.93,122.0,123.21,46252
2025-09-04 00:00:00+05:30,125.1,130.1,123.4,127.24,337564
2025-09-05 00:00:00+05:30,127.23,131.99,122.1,125.38,353065
2025-09-08 00:00:00+05:30,126.38,126.99,123.83,124.76,43376
2025-09-09 00:00:00+05:30,125.01,125.01,120.03,120.89,254195
2025-09-10 00:00:00+05:30,121.2,123.27,121.2,122.14,59797
2025-09-11 00:00:00+05:30,123.35,127.0,121.56,125.0,260506
2025-09-12 00:00:00+05:30,125.63,126.85,123.05,124.26,77174
2025-09-15 00:00:00+05:30,125.38,125.8,123.21,124.71,59269
2025-09-16 00:00:00+05:30,124.96,125.5,124.1,124.66,44986
2025-09-17 00:00:00+05:30,125.79,127.0,124.29,125.15,79290
2025-09-18 00:00:00+05:30,124.0,129.1,124.0,127.92,121038
2025-09-19 00:00:00+05:30,128.3,130.8,125.0,125.8,80249
2025-09-22 00:00:00+05:30,126.51,132.36,125.25,126.93,375339
2025-09-23 00:00:00+05:30,127.18,138.78,127.18,133.14,1366077
2025-09-24 00:00:00+05:30,133.97,136.79,129.53,130.15,364104
2025-09-25 00:00:00+05:30,131.19,131.72,124.0,125.28,188536
2025-09-26 00:00:00+05:30,125.2,126.0,120.99,121.9,207852
2025-09-29 00:00:00+05:30,122.88,123.85,117.06,119.03,103925
2025-09-30 00:00:00+05:30,119.93,121.49,118.21,119.11,73755
2025-10-01 00:00:00+05:30,119.79,122.96,119.4,121.86,53756
2025-10-03 00:00:00+05:30,123.1,129.75,122.9,128.89,136098
2025-10-06 00:00:00+05:30,131.0,131.59,125.5,127.03,137627
2025-10-07 00:00:00+05:30,135.0,137.6,129.0,132.43,736476
2025-10-08 00:00:00+05:30,132.98,134.0,131.4,133.64,145519
2025-10-09 00:00:00+05:30,134.6,136.99,130.0,131.6,130256
2025-10-10 00:00:00+05:30,131.6,131.61,128.19,128.89,88470
2025-10-13 00:00:00+05:30,127.0,128.3,124.5,126.56,105384
2025-10-14 00:00:00+05:30,128.8,128.8,123.12,124.17,68156
2025-10-15 00:00:00+05:30,123.04,125.47,122.91,124.77,58794
2025-10-16 00:00:00+05:30,125.02,125.72,124.16,124.76,40903
2025-10-17 00:00:00+05:30,125.57,125.57,122.8,123.56,37635
2025-10-20 00:00:00+05:30,125.85,125.96,122.49,125.01,65158
2025-10-21 00:00:00+05:30,127.99,129.01,124.9,128.29,80076
2025-10-23 00:00:00+05:30,128.55,130.29,124.43,125.42,86912
2025-10-24 00:00:00+05:30,126.55,126.55,123.51,124.53,52915
2025-10-27 00:00:00+05:30,125.9,132.0,124.68,129.64,150727
2025-10-28 00:00:00+05:30,129.0,144.5,127.46,141.08,2994306
2025-10-29 00:00:00+05:30,144.42,147.3,141.8,144.44,1657712
2025-10-30 00:00:00+05:30,144.94,149.3,142.75,144.76,1082850
2025-10-31 00:00:00+05:30,145.85,151.0,140.5,146.8,1282960
2025-11-03 00:00:00+05:30,147.51,151.4,144.54,150.25,732822
2025-11-04 00:00:00+05:30,151.2,152.45,145.3,147.17,605948
2025-11-06 00:00:00+05:30,149.2,149.2,138.67,140.23,631677
2025-11-07 00:00:00+05:30,139.9,141.2,137.4,138.87,294232
2025-11-10 00:00:00+05:30,140.9,140.9,132.0,132.58,318888
2025-11-11 00:00:00+05:30,133.25,135.9,132.0,134.69,220002
2025-11-12 00:00:00+05:30,136.0,140.0,134.5,139.72,229848
2025-11-13 00:00:00+05:30,142.47,142.68,139.2,139.67,372186
2025-11-14 00:00:00+05:30,140.36,144.9,128.05,129.83,1735354
2025-11-17 00:00:00+05:30,131.7,134.19,131.0,131.55,239177
2025-11-18 00:00:00+05:30,131.5,132.65,129.01,129.97,153616
2025-11-19 00:00:00+05:30,129.9,132.75,128.0,129.21,138301
2025-11-20 00:00:00+05:30,130.24,130.58,125.05,126.41,244982
2025-11-21 00:00:00+05:30,126.41,126.79,123.64,124.35,99813
2025-11-24 00:00:00+05:30,124.99,125.76,119.61,120.43,164675
2025-11-25 00:00:00+05:30,122.23,122.49,120.51,121.1,83562
2025-11-26 00:00:00+05:30,121.89,124.69,120.1,121.4,215934
2025-11-27 00:00:00+05:30,121.64,124.87,121.46,122.19,101295
2025-11-28 00:00:00+05:30,122.31,123.29,121.0,121.94,81595
2025-12-01 00:00:00+05:30,122.29,123.0,120.32,120.76,79547
2025-12-02 00:00:00+05:30,120.3,121.33,118.6,119.52,109169
2025-12-03 00:00:00+05:30,119.84,120.04,117.5,120.0,74338
2025-12-04 00:00:00+05:30,120.2,120.2,115.0,118.3,156085
2025-12-05 00:00:00+05:30,118.7,119.0,116.6,117.5,68119
2025-12-08 00:00:00+05:30,118.5,118.5,111.34,112.89,186673
2025-12-09 00:00:00+05:30,113.0,124.0,110.46,123.4,228842
2025-12-10 00:00:00+05:30,120.99,122.1,117.31,118.19,97438
2025-12-11 00:00:00+05:30,117.2,118.98,116.01,118.9,62655
2025-12-12 00:00:00+05:30,120.0,120.01,117.14,118.39,46532
2025-12-15 00:00:00+05:30,118.35,118.51,114.54,116.55,69854
2025-12-16 00:00:00+05:30,117.14,118.18,114.3,116.62,72340
2025-12-17 00:00:00+05:30,116.85,120.1,116.85,118.1,119499
2025-12-18 00:00:00+05:30,117.52,121.4,116.8,121.4,72148
2025-12-19 00:00:00+05:30,119.46,122.83,118.55,121.18,68114
2025-12-22 00:00:00+05:30,121.79,125.69,119.2,124.27,195478
2025-12-23 00:00:00+05:30,125.0,125.79,122.58,123.5,101577
2025-12-24 00:00:00+05:30,122.89,124.68,122.0,122.85,51427
2025-12-26 00:00:00+05:30,122.86,125.27,118.56,123.41,97821
2025-12-29 00:00:00+05:30,123.5,125.0,119.5,119.91,40821
2025-12-30 00:00:00+05:30,121.1,121.1,115.51,117.11,77962
2025-12-31 00:00:00+05:30,117.7,119.95,116.25,117.91,106997
2026-01-01 00:00:00+05:30,120.96,121.5,118.82,120.62,67509
2026-01-02 00:00:00+05:30,120.99,127.7,120.64,126.32,368872
2026-01-05 00:00:00+05:30,126.32,127.4,122.31,123.0,87848
2026-01-06 00:00:00+05:30,124.0,124.09,121.11,121.93,54218
2026-01-07 00:00:00+05:30,122.0,122.75,120.1,120.75,64601
2026-01-08 00:00:00+05:30,121.95,121.95,117.21,120.88,75346
2026-01-09 00:00:00+05:30,120.29,120.29,115.6,115.8,57950
2026-01-12 00:00:00+05:30,117.95,117.95,112.45,113.56,92575
2026-01-13 00:00:00+05:30,114.42,116.02,113.31,114.89,37213
2026-01-14 00:00:00+05:30,114.74,116.78,112.46,115.72,52863
2026-01-16 00:00:00+05:30,115.5,117.29,114.56,116.1,44103
2026-01-19 00:00:00+05:30,117.5,117.5,111.75,112.52,59707
2026-01-20 00:00:00+05:30,113.0,113.89,107.01,110.42,57703
2026-01-21 00:00:00+05:30,107.3,113.48,107.0,108.5,127327
2026-01-22 00:00:00+05:30,108.55,111.9,107.31,110.27,133611
2026-01-23 00:00:00+05:30,112.0,112.0,104.0,105.64,97966
2026-01-27 00:00:00+05:30,104.0,107.97,101.37,106.29,103528
2026-01-28 00:00:00+05:30,106.29,111.03,105.64,109.37,70472
2026-01-29 00:00:00+05:30,110.07,111.0,106.5,109.71,84016
2026-01-30 00:00:00+05:30,107.32,109.98,107.32,108.15,43809
2026-02-01 00:00:00+05:30,108.26,112.0,104.3,106.13,63416
2026-02-02 00:00:00+05:30,106.15,108.77,105.76,106.92,60375
2026-02-03 00:00:00+05:30,114.0,116.0,111.0,113.84,147702
2026-02-04 00:00:00+05:30,112.8,116.01,111.0,113.18,90655
2026-02-05 00:00:00+05:30,113.29,114.5,110.6,111.33,59628
2026-02-06 00:00:00+05:30,111.44,112.56,109.0,110.6,67085
2026-02-09 00:00:00+05:30,111.11,120.9,110.6,120.49,198769
2026-02-10 00:00:00+05:30,121.5,127.0,117.1,119.56,161318
2026-02-11 00:00:00+05:30,120.0,124.46,117.7,122.56,98218
2026-02-12 00:00:00+05:30,124.1,126.2,117.0,117.57,239803
2026-02-13 00:00:00+05:30,117.57,118.01,108.0,109.69,275832
2026-02-16 00:00:00+05:30,111.29,120.49,109.3,118.83,226498
2026-02-17 00:00:00+05:30,118.52,121.5,116.04,119.95,122008
2026-02-18 00:00:00+05:30,119.34,122.29,116.0,116.9,116010
2026-02-19 00:00:00+05:30,116.8,119.5,114.14,114.83,64937
2026-02-20 00:00:00+05:30,116.19,116.19,113.55,114.53,35604
2026-02-23 00:00:00+05:30,114.93,116.0,112.14,113.11,92639
2026-02-24 00:00:00+05:30,113.79,115.0,109.7,112.01,88583
2026-02-25 00:00:00+05:30,112.29,115.37,111.95,112.61,140784
2026-02-26 00:00:00+05:30,111.5,113.52,110.8,112.29,57993
2026-02-27 00:00:00+05:30,111.2,113.0,110.7,111.69,37827
2026-03-02 00:00:00+05:30,106.0,111.38,106.0,110.05,133583
2026-03-04 00:00:00+05:30,110.05,110.05,106.1,106.8,114521
2026-03-05 00:00:00+05:30,107.36,114.0,106.65,110.61,154173
2026-03-06 00:00:00+05:30,108.51,110.9,108.0,108.33,66233
2026-03-09 00:00:00+05:30,106.2,107.0,102.5,104.84,158625
2026-03-10 00:00:00+05:30,107.9,113.08,105.1,110.81,107132
2026-03-11 00:00:00+05:30,110.26,114.0,106.5,107.82,253063
2026-03-12 00:00:00+05:30,108.55,108.55,105.15,105.49,73737
2026-03-13 00:00:00+05:30,106.02,106.02,98.01,99.25,319061
2026-03-16 00:00:00+05:30,99.5,100.59,89.3,92.79,686644
2026-03-17 00:00:00+05:30,93.9,94.44,89.9,91.15,214276
2026-03-18 00:00:00+05:30,91.6,93.5,90.03,90.96,267885
2026-03-19 00:00:00+05:30,90.0,90.53,86.0,86.88,375227
2026-03-20 00:00:00+05:30,86.88,89.69,86.0,86.31,288447
2026-03-23 00:00:00+05:30,86.0,86.31,80.18,80.74,223045
2026-03-24 00:00:00+05:30,82.0,87.0,81.69,85.35,240386
2026-03-25 00:00:00+05:30,86.0,89.3,85.81,88.62,145625
2026-03-27 00:00:00+05:30,88.62,88.62,83.0,83.58,220298
2026-03-30 00:00:00+05:30,83.49,83.49,77.15,78.44,234565
2026-04-01 00:00:00+05:30,81.95,89.63,81.92,88.95,128377
2026-04-02 00:00:00+05:30,88.5,92.0,83.65,90.71,63727
2026-04-06 00:00:00+05:30,92.71,92.71,88.66,92.11,48128
2026-04-07 00:00:00+05:30,91.19,93.84,90.05,93.19,41884
2026-04-08 00:00:00+05:30,99.0,99.4,95.35,97.34,76487
2026-04-09 00:00:00+05:30,97.34,97.95,93.71,94.57,59533
2026-04-10 00:00:00+05:30,96.14,97.2,94.57,95.31,43332
2026-04-13 00:00:00+05:30,93.0,95.59,91.7,94.13,42560
2026-04-15 00:00:00+05:30,97.0,98.0,94.3,95.44,105579
2026-04-16 00:00:00+05:30,97.0,98.0,96.0,97.13,53211
2026-04-17 00:00:00+05:30,97.0,100.94,95.81,99.46,112648
2026-04-20 00:00:00+05:30,102.0,104.0,98.03,103.14,165050
2026-04-21 00:00:00+05:30,103.5,104.9,102.3,103.05,47495
2026-04-22 00:00:00+05:30,103.0,105.0,99.29,102.09,58055
2026-04-23 00:00:00+05:30,102.0,103.39,100.5,102.54,64757
2026-04-24 00:00:00+05:30,102.88,102.88,98.2,101.09,29615
2026-04-27 00:00:00+05:30,108.4,112.49,106.0,110.89,319456
2026-04-28 00:00:00+05:30,109.5,111.5,108.9,109.93,70443
2026-04-29 00:00:00+05:30,112.44,114.0,105.55,107.37,226333
2026-04-30 00:00:00+05:30,109.74,109.74,105.0,106.78,44256
2026-05-04 00:00:00+05:30,106.78,112.0,106.78,111.02,96664
2026-05-05 00:00:00+05:30,111.9,114.0,110.02,111.84,76646
2026-05-06 00:00:00+05:30,112.75,113.7,110.21,112.39,61833
2026-05-07 00:00:00+05:30,113.19,116.88,113.0,115.21,83555
2026-05-08 00:00:00+05:30,117.0,125.0,114.0,115.09,1292755
2026-05-11 00:00:00+05:30,114.2,115.56,112.25,113.79,69836
2026-05-12 00:00:00+05:30,113.0,114.99,105.5,108.01,59559
2026-05-13 00:00:00+05:30,107.2,111.76,107.01,108.97,25736
2026-05-14 00:00:00+05:30,109.71,109.92,105.1,106.06,75915
2026-05-15 00:00:00+05:30,105.23,107.24,101.0,102.57,71045
2026-05-18 00:00:00+05:30,100.0,102.98,97.5,98.89,154271
2026-05-19 00:00:00+05:30,101.99,102.36,98.2,99.14,185555
2026-05-20 00:00:00+05:30,101.99,101.99,95.5,97.52,249561
2026-05-21 00:00:00+05:30,98.23,102.99,95.7,100.91,376513
2026-05-22 00:00:00+05:30,101.9,102.0,91.3,92.48,305086
2026-05-25 00:00:00+05:30,92.2,95.0,90.41,93.48,242498
2026-05-26 00:00:00+05:30,94.0,96.53,93.0,93.62,335210
2026-05-27 00:00:00+05:30,93.62,94.41,91.9,93.04,80599
2026-05-29 00:00:00+05:30,93.8,101.67,92.0,94.36,1193729
2026-06-01 00:00:00+05:30,95.0,99.0,90.65,92.19,444948
2026-06-02 00:00:00+05:30,91.45,93.0,88.25,89.05,296261
2026-06-03 00:00:00+05:30,89.0,89.64,85.1,86.19,125085
2026-06-04 00:00:00+05:30,86.1,88.62,80.85,84.92,180589
2026-06-05 00:00:00+05:30,84.23,86.24,82.4,84.96,113947
2026-06-08 00:00:00+05:30,84.65,84.65,80.3,82.76,96827
2026-06-09 00:00:00+05:30,83.9,84.3,80.5,81.1,181390
2026-06-10 00:00:00+05:30,82.39,83.19,81.61,81.93,81550
2026-06-11 00:00:00+05:30,81.58,86.89,80.3,84.47,105585
2026-06-12 00:00:00+05:30,86.84,89.49,86.0,88.86,143488
2026-06-15 00:00:00+05:30,90.65,91.8,89.66,90.78,107823
2026-06-16 00:00:00+05:30,90.7,92.27,88.55,89.19,78897
2026-06-17 00:00:00+05:30,89.3,91.79,88.85,90.16,99607
2026-06-18 00:00:00+05:30,90.16,92.16,84.41,86.17,251114
2026-06-19 00:00:00+05:30,85.5,88.0,84.43,85.61,279148
2026-06-22 00:00:00+05:30,85.06,87.3,84.78,85.4,241281
2026-06-23 00:00:00+05:30,85.75,86.2,83.15,84.36,92764
2026-06-24 00:00:00+05:30,84.36,86.0,83.31,84.79,89475
2026-06-25 00:00:00+05:30,85.25,85.25,80.91,81.99,218458
2026-06-29 00:00:00+05:30,82.5,84.8,80.25,81.08,77620
2026-06-30 00:00:00+05:30,80.1,83.99,78.51,78.94,225685
2026-07-01 00:00:00+05:30,78.1,81.99,78.1,80.07,112505
2026-07-02 00:00:00+05:30,80.07,83.71,80.07,83.14,80582
2026-07-03 00:00:00+05:30,84.0,85.29,82.31,82.86,50441
2026-07-06 00:00:00+05:30,83.33,85.0,82.0,84.05,54419
2026-07-07 00:00:00+05:30,83.63,87.0,82.5,85.49,116629
2026-07-08 00:00:00+05:30,84.9,86.08,82.52,84.22,67658
2026-07-09 00:00:00+05:30,83.79,85.74,82.5,83.22,64112
2026-07-10 00:00:00+05:30,83.84,84.98,80.06,80.8,177997
2026-07-13 00:00:00+05:30,80.57,81.49,78.25,78.54,166083
2026-07-14 00:00:00+05:30,77.53,79.83,75.75,76.15,174488
2026-07-15 00:00:00+05:30,76.0,78.5,75.23,77.82,246102
2026-07-16 00:00:00+05:30,78.4,80.45,77.8,78.53,99634
2026-07-17 00:00:00+05:30,78.22,79.0,77.0,78.22,49563
2026-07-20 00:00:00+05:30,79.0,82.0,78.22,81.24,144908
2026-07-21 00:00:00+05:30,81.47,83.45,80.13,81.57,76427
2026-07-22 00:00:00+05:30,80.82,81.73,79.11,79.57,66103
2026-07-23 00:00:00+05:30,78.83,80.49,78.22,78.82,63304
2026-07-24 00:00:00+05:30,77.7,79.2,76.2,78.31,64864
2026-07-27 00:00:00+05:30,79.7,80.81,79.0,79.63,25643
2026-07-28 00:00:00+05:30,81.0,81.5,78.0,78.6,47812
2026-07-29 00:00:00+05:30,78.0,80.39,78.0,80.05,48718
2026-07-30 00:00:00+05:30,79.0,85.01,78.55,83.8,263650
2026-07-31 00:00:00+05:30,85.0,85.1,81.98,83.19,66322
2026-08-03 00:00:00+05:30,82.15,84.79,82.15,83.44,48460
2026-08-04 00:00:00+05:30,83.44,84.99,82.05,82.61,39519
2026-08-05 00:00:00+05:30,81.75,86.49,81.75,85.72,132457
2026-08-06 00:00:00+05:30,87.9,90.8,86.1,88.64,283790
2026-08-07 00:00:00+05:30,88.9,91.5,88.0,90.24,121514
2026-08-10 00:00:00+05:30,90.24,91.67,88.1,88.71,117489
2026-08-11 00:00:00+05:30,88.71,91.7,88.35,90.55,130825
2026-08-12 00:00:00+05:30,90.6,91.13,88.0,88.36,78612
2026-08-13 00:00:00+05:30,88.51,90.1,87.96,88.29,61277
2026-08-14 00:00:00+05:30,88.3,90.1,87.91,88.25,93316
2026-08-17 00:00:00+05:30,86.28,86.31,80.62,81.89,287908
2026-08-18 00:00:00+05:30,81.49,83.39,80.96,82.4,112716
2026-08-19 00:00:00+05:30,82.0,84.8,81.99,82.75,52896
2026-08-20 00:00:00+05:30,82.32,84.9,82.32,84.24,81505
2026-08-21 00:00:00+05:30,84.24,86.0,83.97,84.9,79547
2026-08-24 00:00:00+05:30,85.0,86.3,81.3,82.56,57981
2026-08-25 00:00:00+05:30,81.6,84.0,81.11,81.47,70482
2026-08-26 00:00:00+05:30,83.8,83.8,81.0,81.09,47139
2026-08-27 00:00:00+05:30,81.09,82.98,80.1,80.46,46303
2026-08-28 00:00:00+05:30,84.7,90.95,81.31,86.49,160067
2026-08-31 00:00:00+05:30,86.6,99.7,86.29,98.48,770390
2026-09-01 00:00:00+05:30,100.44,101.69,94.0,97.44,359616
2026-09-02 00:00:00+05:30,97.44,98.4,94.0,94.88,69007
2026-09-03 00:00:00+05:30,95.99,96.36,90.2,95.05,114091
2026-09-04 00:00:00+05:30,93.69,99.9,93.69,99.35,158912
2026-09-07 00:00:00+05:30,99.9,104.6,97.02,97.86,94298
2026-09-08 00:00:00+05:30,98.68,102.0,96.25,97.26,115898
2026-09-09 00:00:00+05:30,97.82,99.13,96.32,98.1,54465
2026-09-10 00:00:00+05:30,98.11,98.99,95.15,96.32,83542
2026-09-11 00:00:00+05:30,96.25,98.45,92.63,96.32,148192
2026-09-15 00:00:00+05:30,96.4,98.9,91.11,92.13,146432
2026-09-16 00:00:00+05:30,92.13,94.53,88.48,92.34,72102
2026-09-17 00:00:00+05:30,93.45,96.66,93.0,95.06,38817
2026-09-18 00:00:00+05:30,95.06,103.0,94.81,98.66,290021
2026-09-21 00:00:00+05:30,98.0,99.78,95.1,96.02,91799
2026-09-22 00:00:00+05:30,97.99,99.85,96.1,97.82,111502
2026-09-23 00:00:00+05:30,98.2,103.5,96.28,99.87,332855
2026-09-24 00:00:00+05:30,102.5,113.39,101.52,111.12,1520482
2026-09-25 00:00:00+05:30,116.4,132.8,114.25,116.8,4262134
