Date,Open,High,Low,Close,Volume
2011-07-07 00:00:00+05:30,5.54,9.22,5.54,8.88,667729380
2011-07-08 00:00:00+05:30,9.01,9.92,7.97,8.96,358635020
2011-07-11 00:00:00+05:30,8.54,10.75,8.54,10.74,230301960
2011-07-12 00:00:00+05:30,10.4,12.09,9.82,11.95,324485750
2011-07-13 00:00:00+05:30,11.99,12.22,10.85,11.55,261284080
2011-07-14 00:00:00+05:30,11.36,11.74,10.3,11.64,240605530
2011-07-15 00:00:00+05:30,11.67,11.67,9.46,10.15,195489350
2011-07-18 00:00:00+05:30,10.2,12.18,9.76,12.18,179419790
2011-07-19 00:00:00+05:30,12.18,12.44,10.28,10.51,238659370
2011-07-20 00:00:00+05:30,10.41,11.27,10.13,11.14,141185020
2011-07-21 00:00:00+05:30,11.16,13.0,10.67,12.62,165713570
2011-07-22 00:00:00+05:30,15.11,15.11,12.13,13.96,157498160
2011-07-25 00:00:00+05:30,13.89,14.18,11.78,12.14,202346500
2011-07-26 00:00:00+05:30,12.14,12.47,10.71,12.14,171701360
2011-07-27 00:00:00+05:30,11.89,12.02,9.71,9.71,106533820
2011-07-28 00:00:00+05:30,7.81,9.54,7.77,9.33,110808060
2011-07-29 00:00:00+05:30,9.08,10.28,9.06,10.03,71424320
2011-08-01 00:00:00+05:30,10.08,10.88,9.53,10.0,92947040
2011-08-02 00:00:00+05:30,9.81,10.55,9.18,10.46,103908850
2011-08-03 00:00:00+05:30,10.25,10.9,10.09,10.8,60110380
2011-08-04 00:00:00+05:30,10.77,11.03,8.65,8.84,87067180
2011-08-05 00:00:00+05:30,7.33,8.85,7.07,8.0,31306150
2011-08-08 00:00:00+05:30,7.9,9.02,7.82,8.77,54339460
2011-08-09 00:00:00+05:30,8.47,8.97,7.9,8.13,22389390
2011-08-10 00:00:00+05:30,8.25,8.54,7.73,7.87,26681370
2011-08-11 00:00:00+05:30,7.89,8.38,7.68,8.21,27023050
2011-08-12 00:00:00+05:30,8.25,8.82,8.25,8.73,19356900
2011-08-16 00:00:00+05:30,8.77,9.43,8.24,9.01,36683060
2011-08-17 00:00:00+05:30,8.99,9.36,8.73,8.88,18146550
2011-08-18 00:00:00+05:30,8.9,9.12,8.25,8.5,9376660
2011-08-19 00:00:00+05:30,8.32,8.48,7.76,7.94,7485280
2011-08-22 00:00:00+05:30,7.95,8.35,7.95,8.17,3047670
2011-08-23 00:00:00+05:30,8.21,8.62,8.21,8.43,5384600
2011-08-24 00:00:00+05:30,8.25,9.47,8.25,8.62,38830480
2011-08-25 00:00:00+05:30,8.66,9.47,8.55,9.39,27468050
2011-08-26 00:00:00+05:30,9.44,10.1,8.98,9.14,31662350
2011-08-29 00:00:00+05:30,9.22,10.23,9.22,10.12,33677800
2011-08-30 00:00:00+05:30,10.18,10.47,9.83,9.99,9899720
2011-09-02 00:00:00+05:30,10.09,10.84,10.09,10.62,16830590
2011-09-05 00:00:00+05:30,10.4,10.76,9.89,10.05,9059740
2011-09-06 00:00:00+05:30,10.32,11.42,10.07,11.13,30485830
2011-09-07 00:00:00+05:30,11.25,11.64,9.36,9.49,53980950
2011-09-08 00:00:00+05:30,9.51,10.07,9.3,9.9,20455280
2011-09-09 00:00:00+05:30,9.99,10.84,9.99,10.75,18874400
2011-09-12 00:00:00+05:30,10.55,10.95,10.41,10.73,9104340
2011-09-13 00:00:00+05:30,10.83,11.47,10.71,11.37,19919820
2011-09-14 00:00:00+05:30,11.38,11.79,11.38,11.52,22179670
2011-09-15 00:00:00+05:30,11.53,13.36,11.53,13.21,52184030
2011-09-16 00:00:00+05:30,13.23,13.66,12.78,13.51,43744520
2011-09-19 00:00:00+05:30,13.56,13.97,13.02,13.67,32968820
2011-09-20 00:00:00+05:30,13.52,13.65,13.09,13.47,10086370
2011-09-21 00:00:00+05:30,13.47,13.73,12.78,12.91,10763920
2011-09-22 00:00:00+05:30,12.64,12.85,12.23,12.41,9859010
2011-09-23 00:00:00+05:30,12.19,12.46,12.0,12.1,4308710
2011-09-26 00:00:00+05:30,12.19,13.89,12.04,13.77,22868450
2011-09-27 00:00:00+05:30,13.83,14.99,13.68,13.88,34860650
2011-09-28 00:00:00+05:30,14.12,14.71,14.01,14.56,16228870
2011-09-29 00:00:00+05:30,14.69,15.23,13.62,13.81,21799080
2011-09-30 00:00:00+05:30,14.38,15.16,12.86,12.99,18451140
2011-10-03 00:00:00+05:30,12.85,14.29,12.85,13.88,19320070
2011-10-04 00:00:00+05:30,14.12,14.84,13.68,13.99,24658220
2011-10-05 00:00:00+05:30,14.05,14.37,12.8,13.05,15810670
2011-10-07 00:00:00+05:30,13.22,13.55,12.67,12.76,9205330
2011-10-10 00:00:00+05:30,12.86,14.04,12.86,13.31,17522780
2011-10-11 00:00:00+05:30,13.97,14.27,13.21,13.47,7808170
2011-10-12 00:00:00+05:30,13.63,13.82,12.65,12.81,14979510
2011-10-13 00:00:00+05:30,12.85,12.99,12.23,12.3,8555020
2011-10-14 00:00:00+05:30,12.32,12.52,12.11,12.23,8349930
2011-10-17 00:00:00+05:30,12.32,12.56,12.16,12.21,3885340
2011-10-18 00:00:00+05:30,12.16,12.58,12.06,12.2,6630820
2011-10-19 00:00:00+05:30,12.27,12.37,11.56,11.68,5402340
2011-10-20 00:00:00+05:30,11.68,11.74,11.37,11.51,3807720
2011-10-21 00:00:00+05:30,11.54,11.57,10.03,10.25,5802930
2011-10-24 00:00:00+05:30,10.4,12.18,10.35,12.11,17555930
2011-10-25 00:00:00+05:30,12.22,12.97,12.22,12.4,12334450
2011-10-26 00:00:00+05:30,12.63,12.66,12.19,12.29,1547210
2011-10-28 00:00:00+05:30,12.41,12.53,10.17,12.24,4505490
2011-10-31 00:00:00+05:30,12.3,12.36,11.63,11.73,3523820
2011-11-01 00:00:00+05:30,11.73,12.38,11.53,11.73,9125600
2011-11-02 00:00:00+05:30,11.64,12.06,11.44,11.51,5492090
2011-11-03 00:00:00+05:30,11.57,11.8,11.14,11.31,3156630
2011-11-04 00:00:00+05:30,11.47,11.61,11.14,11.27,3456180
2011-11-08 00:00:00+05:30,11.35,11.49,10.97,11.13,4026710
2011-11-09 00:00:00+05:30,11.25,11.67,11.01,11.11,5501700
2011-11-11 00:00:00+05:30,11.29,12.07,10.88,11.94,11806310
2011-11-14 00:00:00+05:30,12.04,12.17,11.34,11.45,5040060
2011-11-15 00:00:00+05:30,11.52,11.74,11.08,11.42,3781720
2011-11-16 00:00:00+05:30,11.42,11.51,11.13,11.42,3743330
2011-11-17 00:00:00+05:30,11.51,11.7,11.19,11.26,2880830
2011-11-18 00:00:00+05:30,11.35,11.48,10.25,10.6,5881170
2011-11-21 00:00:00+05:30,10.66,10.92,10.28,10.52,2206250
2011-11-22 00:00:00+05:30,10.61,10.85,10.51,10.57,1693410
2011-11-23 00:00:00+05:30,10.6,10.74,10.29,10.47,3193470
2011-11-24 00:00:00+05:30,10.54,10.56,10.33,10.39,1494340
2011-11-25 00:00:00+05:30,10.33,10.84,10.24,10.47,3159350
2011-11-28 00:00:00+05:30,10.57,11.66,10.57,11.4,8409710
2011-11-29 00:00:00+05:30,11.49,11.84,11.33,11.74,4432260
2011-11-30 00:00:00+05:30,11.74,11.81,11.33,11.48,2907050
2011-12-01 00:00:00+05:30,11.67,11.89,11.52,11.61,2515660
2011-12-02 00:00:00+05:30,11.63,11.72,11.33,11.44,1243930
2011-12-05 00:00:00+05:30,11.5,11.65,11.35,11.41,1838460
2011-12-07 00:00:00+05:30,11.33,11.59,11.22,11.29,2746370
2011-12-08 00:00:00+05:30,11.2,11.2,10.77,10.83,4508760
2011-12-09 00:00:00+05:30,10.42,10.7,10.41,10.48,4526930
2011-12-12 00:00:00+05:30,10.61,10.74,10.31,10.39,745660
2011-12-13 00:00:00+05:30,10.25,10.54,10.11,10.26,5397910
2011-12-14 00:00:00+05:30,10.24,10.35,10.15,10.23,3353140
2011-12-15 00:00:00+05:30,10.16,12.19,9.95,10.23,572940
2011-12-16 00:00:00+05:30,10.28,10.7,9.44,9.76,2311880
2011-12-19 00:00:00+05:30,9.6,9.7,9.29,9.35,704020
2011-12-20 00:00:00+05:30,9.32,9.64,8.92,8.93,1691740
2011-12-21 00:00:00+05:30,9.07,9.21,8.56,9.03,3846480
2011-12-22 00:00:00+05:30,8.92,8.92,8.54,8.72,782900
2011-12-23 00:00:00+05:30,8.76,8.88,8.54,8.61,804300
2011-12-26 00:00:00+05:30,8.67,10.16,8.51,9.89,8526380
2011-12-27 00:00:00+05:30,9.89,10.92,9.75,9.87,17138590
2011-12-28 00:00:00+05:30,9.93,10.07,9.22,9.32,5988100
2011-12-29 00:00:00+05:30,9.1,9.1,8.5,9.01,4270880
2011-12-30 00:00:00+05:30,9.06,9.27,7.49,8.78,3006220
2012-01-02 00:00:00+05:30,8.83,9.17,8.83,8.92,1404580
2012-01-03 00:00:00+05:30,9.02,9.92,9.02,9.43,6925820
2012-01-04 00:00:00+05:30,8.55,9.84,8.55,9.64,3918470
2012-01-05 00:00:00+05:30,9.55,10.03,9.55,9.67,1243130
2012-01-06 00:00:00+05:30,9.46,9.73,9.32,9.43,2343270
2012-01-07 00:00:00+05:30,9.47,9.73,9.45,9.66,1016810
2012-01-09 00:00:00+05:30,9.73,9.79,9.47,9.63,1748930
2012-01-10 00:00:00+05:30,9.72,9.96,9.68,9.77,660330
2012-01-11 00:00:00+05:30,9.79,9.88,9.6,9.69,1760260
2012-01-12 00:00:00+05:30,9.69,10.03,9.62,9.67,1515080
2012-01-13 00:00:00+05:30,9.78,9.91,9.59,9.67,1394930
2012-01-16 00:00:00+05:30,9.73,9.96,9.62,9.73,825590
2012-01-17 00:00:00+05:30,9.74,9.99,9.74,9.81,1709540
2012-01-18 00:00:00+05:30,9.95,10.07,9.7,9.77,3811110
2012-01-19 00:00:00+05:30,9.76,10.23,9.76,10.03,2274980
2012-01-20 00:00:00+05:30,10.18,10.39,9.96,10.06,886970
2012-01-23 00:00:00+05:30,10.11,10.77,10.11,10.47,4412190
2012-01-24 00:00:00+05:30,10.61,11.39,10.61,10.71,4598210
2012-01-25 00:00:00+05:30,10.88,12.26,10.77,11.57,12646820
2012-01-27 00:00:00+05:30,11.74,12.0,11.41,11.48,3653890
2012-01-30 00:00:00+05:30,11.52,12.1,11.52,11.85,4819970
2012-01-31 00:00:00+05:30,11.93,12.19,11.9,11.97,3639930
2012-02-01 00:00:00+05:30,12.02,12.2,11.45,11.55,2892640
2012-02-02 00:00:00+05:30,11.67,12.26,11.63,12.18,3984970
2012-02-03 00:00:00+05:30,12.3,12.39,12.0,12.15,3916370
2012-02-06 00:00:00+05:30,12.22,12.36,12.0,12.06,1073990
2012-02-07 00:00:00+05:30,12.11,12.18,11.82,11.87,1069130
2012-02-08 00:00:00+05:30,11.89,12.33,11.63,11.85,2692230
2012-02-09 00:00:00+05:30,11.86,12.18,11.86,12.03,2077650
2012-02-10 00:00:00+05:30,12.09,13.11,12.04,12.96,7708380
2012-02-13 00:00:00+05:30,13.07,13.35,12.92,13.04,3028300
2012-02-14 00:00:00+05:30,13.07,13.67,13.05,13.3,5653110
2012-02-15 00:00:00+05:30,13.27,13.57,12.85,13.37,5006910
2012-02-16 00:00:00+05:30,13.3,13.3,12.78,12.91,2187030
2012-02-17 00:00:00+05:30,13.0,13.0,11.81,11.91,3074560
2012-02-21 00:00:00+05:30,11.93,13.0,11.74,12.07,1843310
2012-02-22 00:00:00+05:30,12.07,12.4,11.81,11.97,4230180
2012-02-23 00:00:00+05:30,11.96,12.62,11.96,12.42,2466180
2012-02-24 00:00:00+05:30,12.46,12.74,12.42,12.63,2099230
2012-02-27 00:00:00+05:30,12.69,13.52,12.55,13.39,3074870
2012-02-28 00:00:00+05:30,13.48,14.41,13.48,13.96,6964300
2012-02-29 00:00:00+05:30,14.03,14.4,13.52,14.07,3260780
2012-03-01 00:00:00+05:30,13.52,14.34,13.52,13.99,3050090
2012-03-02 00:00:00+05:30,14.11,14.3,13.83,13.93,3005480
2012-03-03 00:00:00+05:30,13.82,14.23,13.82,14.1,325210
2012-03-05 00:00:00+05:30,14.05,14.71,14.04,14.49,2377870
2012-03-06 00:00:00+05:30,14.34,14.79,14.12,14.24,2570010
2012-03-07 00:00:00+05:30,14.08,14.56,14.06,14.19,2906940
2012-03-09 00:00:00+05:30,14.32,14.48,14.05,14.16,3305530
2012-03-12 00:00:00+05:30,14.25,14.63,14.25,14.42,3243280
2012-03-13 00:00:00+05:30,14.5,15.83,13.28,13.46,15183110
2012-03-14 00:00:00+05:30,13.56,13.99,13.18,13.76,3004410
2012-03-15 00:00:00+05:30,13.82,13.93,13.56,13.69,2319550
2012-03-16 00:00:00+05:30,13.79,14.32,13.71,14.18,3759120
2012-03-19 00:00:00+05:30,14.19,15.17,13.95,15.07,3590210
2012-03-20 00:00:00+05:30,15.16,15.71,15.02,15.5,6634500
2012-03-21 00:00:00+05:30,15.52,16.42,15.35,16.18,4137990
2012-03-22 00:00:00+05:30,16.2,16.64,16.01,16.23,3826890
2012-03-23 00:00:00+05:30,16.36,16.8,16.2,16.41,6285550
2012-03-26 00:00:00+05:30,16.42,16.67,15.34,15.88,4291580
2012-03-27 00:00:00+05:30,14.79,16.58,14.79,15.81,3207400
2012-03-28 00:00:00+05:30,15.9,16.19,15.45,15.66,4484640
2012-03-29 00:00:00+05:30,15.71,16.45,15.64,16.08,5296520
2012-03-30 00:00:00+05:30,16.14,16.72,14.93,15.34,4589180
2012-04-02 00:00:00+05:30,15.4,15.94,15.23,15.75,975750
2012-04-03 00:00:00+05:30,15.96,16.05,15.86,16.01,1404490
2012-04-04 00:00:00+05:30,16.07,16.86,16.07,16.71,2311970
2012-04-09 00:00:00+05:30,16.79,17.0,16.41,16.5,1961500
2012-04-10 00:00:00+05:30,16.68,17.68,16.18,17.56,5192860
2012-04-11 00:00:00+05:30,17.46,18.09,17.4,17.78,4992810
2012-04-12 00:00:00+05:30,17.79,18.91,17.62,18.58,6376770
2012-04-13 00:00:00+05:30,18.72,19.07,18.07,18.15,5438870
2012-04-16 00:00:00+05:30,18.2,18.79,18.2,18.47,1019950
2012-04-17 00:00:00+05:30,18.5,18.84,18.17,18.21,2237680
2012-04-18 00:00:00+05:30,18.35,18.87,18.3,18.4,1546490
2012-04-19 00:00:00+05:30,18.57,18.72,18.17,18.23,2163410
2012-04-20 00:00:00+05:30,18.3,18.56,17.91,18.19,1121530
2012-04-23 00:00:00+05:30,18.43,18.63,18.2,18.3,1240370
2012-04-24 00:00:00+05:30,18.43,18.57,18.28,18.32,1755450
2012-04-25 00:00:00+05:30,18.4,18.55,17.83,18.05,1260790
2012-04-26 00:00:00+05:30,18.15,18.17,17.68,17.78,1562370
2012-04-27 00:00:00+05:30,17.87,18.01,17.46,17.9,795970
2012-04-28 00:00:00+05:30,17.8,17.84,17.61,17.71,420430
2012-04-30 00:00:00+05:30,17.79,18.71,17.69,18.44,1206650
2012-05-02 00:00:00+05:30,18.57,19.3,18.57,18.8,1223500
2012-05-03 00:00:00+05:30,18.9,19.16,18.3,18.43,1516040
2012-05-04 00:00:00+05:30,18.29,18.38,17.09,17.23,889500
2012-05-07 00:00:00+05:30,16.87,17.98,16.37,17.52,1541750
2012-05-08 00:00:00+05:30,17.95,18.05,16.73,17.01,1747290
2012-05-09 00:00:00+05:30,16.98,17.38,16.35,16.64,782180
2012-05-10 00:00:00+05:30,16.79,17.46,16.39,17.07,1266230
2012-05-11 00:00:00+05:30,17.11,17.23,16.2,16.4,1783290
2012-05-14 00:00:00+05:30,16.55,16.87,15.6,15.75,614480
2012-05-15 00:00:00+05:30,15.88,16.27,15.43,16.06,1023840
2012-05-16 00:00:00+05:30,16.24,16.24,15.92,16.03,549150
2012-05-17 00:00:00+05:30,16.19,16.79,16.12,16.3,3285830
2012-05-18 00:00:00+05:30,16.02,16.33,15.6,15.71,466110
2012-05-21 00:00:00+05:30,15.8,16.71,15.8,16.1,840610
2012-05-22 00:00:00+05:30,16.23,16.56,15.76,15.91,459500
2012-05-23 00:00:00+05:30,16.03,16.23,15.6,15.63,1169620
2012-05-24 00:00:00+05:30,15.78,15.9,15.6,15.79,2347690
2012-05-25 00:00:00+05:30,15.94,16.12,15.61,15.68,1133210
2012-05-28 00:00:00+05:30,15.73,16.05,15.38,15.77,848180
2012-05-29 00:00:00+05:30,15.88,15.97,15.38,15.51,2748280
2012-05-30 00:00:00+05:30,15.58,15.9,15.45,15.52,633680
2012-05-31 00:00:00+05:30,15.53,15.6,15.23,15.27,1041820
2012-06-01 00:00:00+05:30,15.16,15.41,15.16,15.26,1607550
2012-06-04 00:00:00+05:30,15.45,15.45,15.23,15.27,817390
2012-06-05 00:00:00+05:30,15.35,15.43,15.19,15.32,1452730
2012-06-06 00:00:00+05:30,15.47,15.6,15.26,15.52,234600
2012-06-07 00:00:00+05:30,15.67,15.67,15.33,15.38,467880
2012-06-08 00:00:00+05:30,15.52,15.8,15.24,15.32,282580
2012-06-11 00:00:00+05:30,15.5,15.61,15.18,15.24,394040
2012-06-12 00:00:00+05:30,15.29,15.38,15.01,15.03,737840
2012-06-13 00:00:00+05:30,15.21,15.53,14.88,15.44,2242600
2012-06-14 00:00:00+05:30,15.38,15.51,14.93,15.22,407440
2012-06-15 00:00:00+05:30,15.25,15.51,15.23,15.31,997790
2012-06-18 00:00:00+05:30,15.31,15.68,15.23,15.28,1027750
2012-06-19 00:00:00+05:30,15.24,15.55,15.16,15.23,1096980
2012-06-20 00:00:00+05:30,15.31,15.48,15.18,15.26,1225730
2012-06-21 00:00:00+05:30,15.24,15.37,15.23,15.24,194940
2012-06-22 00:00:00+05:30,15.16,15.38,15.01,15.16,1381850
2012-06-25 00:00:00+05:30,15.23,15.38,15.01,15.06,313010
2012-06-26 00:00:00+05:30,14.96,15.69,14.96,15.45,1153560
2012-06-27 00:00:00+05:30,15.53,15.68,15.08,15.55,556350
2012-06-28 00:00:00+05:30,15.53,16.75,15.53,15.86,7151990
2012-06-29 00:00:00+05:30,15.69,16.17,15.24,15.31,1861200
2012-07-02 00:00:00+05:30,15.51,15.79,15.31,15.65,772550
2012-07-03 00:00:00+05:30,15.83,16.26,15.36,15.45,853520
2012-07-04 00:00:00+05:30,15.59,15.6,15.23,15.32,334530
2012-07-05 00:00:00+05:30,15.44,15.45,15.01,15.1,341290
2012-07-06 00:00:00+05:30,15.17,15.27,15.06,15.13,740970
2012-07-09 00:00:00+05:30,15.19,15.58,15.06,15.13,725910
2012-07-10 00:00:00+05:30,15.25,15.58,14.12,15.18,2342240
2012-07-11 00:00:00+05:30,15.39,15.65,15.16,15.27,512680
2012-07-12 00:00:00+05:30,15.27,16.02,15.2,15.57,614550
2012-07-13 00:00:00+05:30,15.77,15.96,15.06,15.16,247300
2012-07-16 00:00:00+05:30,15.21,15.38,15.01,15.18,610760
2012-07-17 00:00:00+05:30,15.31,15.6,15.01,15.09,771260
2012-07-18 00:00:00+05:30,15.01,16.63,14.94,16.36,7233690
2012-07-19 00:00:00+05:30,16.35,16.49,15.83,15.98,983110
2012-07-20 00:00:00+05:30,16.03,16.26,15.84,15.97,943750
2012-07-23 00:00:00+05:30,15.76,16.07,15.48,15.58,838340
2012-07-24 00:00:00+05:30,15.62,15.97,15.31,15.47,489940
2012-07-25 00:00:00+05:30,15.45,15.45,15.1,15.18,177740
2012-07-26 00:00:00+05:30,15.34,15.42,13.37,14.77,907530
2012-07-27 00:00:00+05:30,14.87,15.15,14.16,14.44,1092830
2012-07-30 00:00:00+05:30,14.79,14.84,14.3,14.58,325650
2012-07-31 00:00:00+05:30,14.66,14.77,14.53,14.61,128940
2012-08-01 00:00:00+05:30,14.49,15.08,14.49,14.73,590320
2012-08-02 00:00:00+05:30,14.85,14.93,14.67,14.75,73280
2012-08-03 00:00:00+05:30,14.51,14.71,14.51,14.58,148310
2012-08-06 00:00:00+05:30,14.68,14.93,14.49,14.55,2445600
2012-08-07 00:00:00+05:30,14.57,14.71,14.29,14.38,1017120
2012-08-08 00:00:00+05:30,14.49,16.15,14.41,15.28,6658670
2012-08-09 00:00:00+05:30,15.59,15.97,15.39,15.45,1096680
2012-08-10 00:00:00+05:30,15.51,15.88,15.12,15.27,827530
2012-08-13 00:00:00+05:30,15.36,15.57,15.08,15.24,529970
2012-08-14 00:00:00+05:30,15.28,15.38,14.95,15.03,344360
2012-08-16 00:00:00+05:30,15.14,15.69,14.86,15.27,1359130
2012-08-17 00:00:00+05:30,15.36,15.42,14.59,14.77,307650
2012-08-21 00:00:00+05:30,14.93,15.01,14.41,14.65,693530
2012-08-22 00:00:00+05:30,14.74,15.45,14.64,15.25,2160120
2012-08-23 00:00:00+05:30,15.38,16.94,15.38,16.39,7210680
2012-08-24 00:00:00+05:30,16.46,17.31,16.24,17.06,5750180
2012-08-27 00:00:00+05:30,17.22,17.56,15.94,16.04,2832990
2012-08-28 00:00:00+05:30,16.05,16.93,15.83,15.97,2994320
2012-08-29 00:00:00+05:30,16.12,16.46,15.88,16.02,2356400
2012-08-30 00:00:00+05:30,16.09,16.45,15.9,15.99,1251750
2012-08-31 00:00:00+05:30,16.09,16.3,15.78,15.96,1177730
2012-09-03 00:00:00+05:30,16.05,16.18,15.77,15.86,1532990
2012-09-04 00:00:00+05:30,15.97,16.05,15.4,15.63,649030
2012-09-05 00:00:00+05:30,15.68,15.71,15.31,15.35,900480
2012-09-06 00:00:00+05:30,15.24,15.95,15.23,15.48,1833940
2012-09-07 00:00:00+05:30,15.67,15.82,15.4,15.46,919300
2012-09-08 00:00:00+05:30,15.6,15.8,15.55,15.66,446810
2012-09-10 00:00:00+05:30,15.76,17.61,15.71,17.17,3499310
2012-09-11 00:00:00+05:30,17.44,18.05,17.44,17.9,2615770
2012-09-12 00:00:00+05:30,18.05,18.18,17.55,17.69,3483530
2012-09-13 00:00:00+05:30,17.83,17.94,17.24,17.5,1027610
2012-09-14 00:00:00+05:30,17.46,17.81,17.01,17.4,1643140
2012-09-17 00:00:00+05:30,17.45,18.67,17.35,18.12,2184730
2012-09-18 00:00:00+05:30,18.23,18.8,18.05,18.45,826180
2012-09-20 00:00:00+05:30,18.05,18.6,18.01,18.29,1821960
2012-09-21 00:00:00+05:30,18.5,19.04,18.28,18.4,2271890
2012-09-24 00:00:00+05:30,18.62,19.4,18.61,19.15,3058510
2012-09-25 00:00:00+05:30,19.28,19.69,19.24,19.32,2044070
2012-09-26 00:00:00+05:30,19.5,19.58,19.1,19.37,977110
2012-09-27 00:00:00+05:30,19.53,19.95,19.07,19.18,1560340
2012-09-28 00:00:00+05:30,19.49,19.49,18.92,18.96,2678440
2012-10-01 00:00:00+05:30,19.11,19.69,19.03,19.61,2096230
2012-10-03 00:00:00+05:30,19.75,19.75,18.85,19.02,2078070
2012-10-04 00:00:00+05:30,19.03,19.21,18.8,18.88,1234170
2012-10-05 00:00:00+05:30,19.08,19.09,18.32,18.45,617330
2012-10-08 00:00:00+05:30,18.52,20.12,18.52,19.94,2646130
2012-10-09 00:00:00+05:30,20.02,20.28,19.48,19.59,2078270
2012-10-10 00:00:00+05:30,19.57,20.36,19.57,19.98,2677840
2012-10-11 00:00:00+05:30,20.15,20.41,19.87,20.06,2534670
2012-10-12 00:00:00+05:30,20.03,20.19,19.64,19.85,1240500
2012-10-15 00:00:00+05:30,20.02,20.21,19.85,19.93,588120
2012-10-16 00:00:00+05:30,20.19,20.28,19.26,19.54,2533100
2012-10-17 00:00:00+05:30,19.64,19.67,19.1,19.32,738400
2012-10-18 00:00:00+05:30,19.39,19.79,19.13,19.21,571380
2012-10-19 00:00:00+05:30,19.35,19.54,19.11,19.22,705550
2012-10-22 00:00:00+05:30,19.32,20.05,19.32,19.66,1138780
2012-10-23 00:00:00+05:30,19.86,21.03,19.84,20.74,3087120
2012-10-25 00:00:00+05:30,20.9,21.12,19.54,19.73,3012230
2012-10-26 00:00:00+05:30,19.82,20.13,19.47,19.6,1062600
2012-10-29 00:00:00+05:30,19.71,19.99,19.61,19.7,610870
2012-10-30 00:00:00+05:30,19.77,20.21,19.77,19.82,2262990
2012-10-31 00:00:00+05:30,19.95,21.59,19.94,21.26,4513650
2012-11-01 00:00:00+05:30,21.25,21.58,20.51,21.0,1794760
2012-11-02 00:00:00+05:30,21.16,21.4,20.65,20.8,1163280
2012-11-05 00:00:00+05:30,20.8,21.7,20.8,21.1,841290
2012-11-06 00:00:00+05:30,20.8,22.25,19.32,22.08,1342510
2012-11-07 00:00:00+05:30,22.15,22.51,21.59,21.78,2183380
2012-11-08 00:00:00+05:30,21.77,21.77,21.19,21.27,824070
2012-11-09 00:00:00+05:30,21.38,21.55,20.59,20.78,749450
2012-11-12 00:00:00+05:30,21.03,21.84,20.95,21.12,664320
2012-11-13 00:00:00+05:30,21.18,21.62,21.18,21.44,371550
2012-11-15 00:00:00+05:30,19.15,21.91,18.42,21.76,746920
2012-11-16 00:00:00+05:30,21.88,22.59,21.71,22.5,2506910
2012-11-19 00:00:00+05:30,22.75,23.85,22.59,23.09,3587630
2012-11-20 00:00:00+05:30,23.32,23.89,22.96,23.18,2919420
2012-11-21 00:00:00+05:30,23.21,23.43,22.85,23.04,1895710
2012-11-22 00:00:00+05:30,23.23,23.23,22.26,22.4,718170
2012-11-23 00:00:00+05:30,22.53,22.62,21.94,22.01,658790
2012-11-26 00:00:00+05:30,22.18,22.64,21.86,22.03,661880
2012-11-27 00:00:00+05:30,22.23,22.41,21.7,21.84,928050
2012-11-29 00:00:00+05:30,21.91,22.09,21.18,21.46,352380
2012-11-30 00:00:00+05:30,21.59,22.4,20.83,20.95,1016600
2012-12-03 00:00:00+05:30,21.15,22.07,20.8,21.7,2237630
2012-12-04 00:00:00+05:30,22.88,22.88,22.1,22.34,2092370
2012-12-05 00:00:00+05:30,22.65,22.65,22.14,22.3,996190
2012-12-06 00:00:00+05:30,22.43,22.49,21.83,21.98,1796950
2012-12-07 00:00:00+05:30,21.93,22.14,21.7,21.84,274680
2012-12-10 00:00:00+05:30,21.88,22.28,21.84,21.96,236900
2012-12-11 00:00:00+05:30,22.03,22.14,21.43,21.54,497420
2012-12-12 00:00:00+05:30,21.68,22.01,21.4,21.54,1054890
2012-12-13 00:00:00+05:30,21.1,21.67,20.44,20.94,419190
2012-12-14 00:00:00+05:30,21.1,21.24,20.45,20.63,783330
2012-12-17 00:00:00+05:30,20.64,21.08,20.32,20.45,306000
2012-12-18 00:00:00+05:30,20.88,21.08,20.17,20.51,331410
2012-12-19 00:00:00+05:30,20.78,21.54,20.32,20.86,3117240
2012-12-20 00:00:00+05:30,20.88,20.88,20.22,20.47,238620
2012-12-21 00:00:00+05:30,20.58,21.13,20.13,20.25,206750
2012-12-24 00:00:00+05:30,20.43,20.9,20.16,20.58,1142390
2012-12-26 00:00:00+05:30,20.58,20.71,20.13,20.24,862070
2012-12-27 00:00:00+05:30,20.28,20.51,19.84,19.95,265110
2012-12-28 00:00:00+05:30,20.06,20.61,20.06,20.39,1358950
2012-12-31 00:00:00+05:30,20.34,22.43,19.61,19.82,8053280
2013-01-01 00:00:00+05:30,19.96,20.98,19.54,20.77,2859100
2013-01-02 00:00:00+05:30,20.93,24.37,20.93,23.22,12521650
2013-01-03 00:00:00+05:30,23.36,24.85,22.78,24.72,10441320
2013-01-04 00:00:00+05:30,24.73,25.25,23.23,23.44,7914140
2013-01-07 00:00:00+05:30,23.56,25.49,23.55,25.01,9105720
2013-01-08 00:00:00+05:30,25.14,25.98,24.39,25.6,9766970
2013-01-09 00:00:00+05:30,25.41,25.76,24.39,24.72,2820080
2013-01-10 00:00:00+05:30,24.87,25.14,23.4,24.68,2178760
2013-01-11 00:00:00+05:30,24.86,25.45,21.18,23.16,5781000
2013-01-14 00:00:00+05:30,23.34,23.76,21.88,22.09,2382410
2013-01-15 00:00:00+05:30,22.2,22.68,20.51,20.64,4138380
2013-01-16 00:00:00+05:30,20.73,21.22,19.69,19.86,4124980
2013-01-17 00:00:00+05:30,19.91,20.43,18.98,19.13,4401790
2013-01-18 00:00:00+05:30,19.13,19.34,18.43,18.49,2675270
2013-01-21 00:00:00+05:30,18.56,19.46,17.91,18.0,4285990
2013-01-22 00:00:00+05:30,18.04,19.12,17.92,18.92,2850850
2013-01-23 00:00:00+05:30,19.0,19.32,18.73,18.88,2380230
2013-01-24 00:00:00+05:30,18.89,19.06,17.98,18.18,962390
2013-01-25 00:00:00+05:30,18.19,18.35,17.69,17.93,1855800
2013-01-28 00:00:00+05:30,18.03,18.43,17.84,17.94,1601940
2013-01-29 00:00:00+05:30,18.05,18.64,17.77,17.97,891760
2013-01-30 00:00:00+05:30,18.04,18.24,17.85,17.95,1886990
2013-01-31 00:00:00+05:30,17.96,18.2,17.65,17.75,555740
2013-02-01 00:00:00+05:30,17.81,18.08,17.47,17.69,3570040
2013-02-04 00:00:00+05:30,17.66,17.97,17.16,17.4,886390
2013-02-05 00:00:00+05:30,17.21,17.39,15.6,17.12,1827720
2013-02-06 00:00:00+05:30,17.17,17.6,17.01,17.2,3024620
2013-02-07 00:00:00+05:30,17.16,17.31,16.95,17.13,2168790
2013-02-08 00:00:00+05:30,17.13,17.23,16.94,16.95,319930
2013-02-11 00:00:00+05:30,17.06,17.09,16.87,16.94,395890
2013-02-12 00:00:00+05:30,16.97,17.61,16.88,17.04,1886500
2013-02-13 00:00:00+05:30,17.08,17.26,16.87,16.91,558200
2013-02-14 00:00:00+05:30,16.8,17.04,16.35,16.51,1204770
2013-02-15 00:00:00+05:30,17.01,17.09,15.97,16.03,763260
2013-02-18 00:00:00+05:30,15.98,16.69,15.9,16.3,1369320
2013-02-19 00:00:00+05:30,16.4,17.9,16.4,17.52,2000360
2013-02-20 00:00:00+05:30,17.17,17.98,17.17,17.53,2660700
2013-02-21 00:00:00+05:30,17.39,17.39,15.97,16.3,1468080
2013-02-22 00:00:00+05:30,16.45,17.16,16.35,16.5,2951400
2013-02-25 00:00:00+05:30,16.53,16.62,15.68,15.96,505940
2013-02-26 00:00:00+05:30,15.9,15.9,12.76,12.76,1754750
2013-02-27 00:00:00+05:30,10.21,10.21,10.21,10.21,108870
2013-02-28 00:00:00+05:30,9.19,9.19,9.19,9.19,23740
2013-03-01 00:00:00+05:30,8.28,8.28,8.28,8.28,8510
2013-03-04 00:00:00+05:30,7.45,7.45,7.45,7.45,13390
2013-03-05 00:00:00+05:30,7.08,7.08,7.08,7.08,10590
2013-03-06 00:00:00+05:30,6.73,6.73,6.73,6.73,18720
2013-03-07 00:00:00+05:30,6.39,6.39,6.39,6.39,29220
2013-03-08 00:00:00+05:30,6.07,6.07,6.07,6.07,10640
2013-03-11 00:00:00+05:30,5.77,5.77,5.77,5.77,358770
2013-03-12 00:00:00+05:30,5.49,5.49,5.49,5.49,20620
2013-03-13 00:00:00+05:30,5.22,5.22,5.22,5.22,2630
2013-03-14 00:00:00+05:30,4.96,4.96,4.96,4.96,2570
2013-03-15 00:00:00+05:30,4.71,4.71,4.71,4.71,8970
2013-03-18 00:00:00+05:30,4.48,4.48,4.48,4.48,9770
2013-03-19 00:00:00+05:30,4.25,4.25,4.25,4.25,8000
2013-03-20 00:00:00+05:30,4.04,4.04,4.04,4.04,67700
2013-03-21 00:00:00+05:30,3.84,3.84,3.84,3.84,159380
2013-03-22 00:00:00+05:30,3.65,3.65,3.65,3.65,2880
2013-03-25 00:00:00+05:30,3.47,3.47,3.47,3.47,8950
2013-03-26 00:00:00+05:30,3.3,3.3,3.3,3.3,4260
2013-03-28 00:00:00+05:30,3.14,3.14,3.14,3.14,27800
2013-04-01 00:00:00+05:30,3.05,3.05,2.98,2.98,17750
2013-04-02 00:00:00+05:30,2.83,2.83,2.83,2.83,55030
2013-04-03 00:00:00+05:30,2.69,2.97,2.69,2.97,12080000
2013-04-04 00:00:00+05:30,3.12,3.12,2.99,3.12,1270540
2013-04-05 00:00:00+05:30,3.28,3.28,3.14,3.28,210850
2013-04-08 00:00:00+05:30,3.44,3.44,3.11,3.11,800520
2013-04-09 00:00:00+05:30,2.97,3.25,2.96,2.96,3854710
2013-04-10 00:00:00+05:30,3.05,3.11,2.85,3.11,526750
2013-04-11 00:00:00+05:30,3.26,3.26,3.18,3.26,374470
2013-04-12 00:00:00+05:30,3.37,3.42,3.29,3.42,1098090
2013-04-15 00:00:00+05:30,3.42,3.59,3.31,3.59,624710
2013-04-16 00:00:00+05:30,3.65,3.77,3.44,3.77,1644810
2013-04-17 00:00:00+05:30,3.95,3.96,3.92,3.94,1595530
2013-04-18 00:00:00+05:30,4.12,4.12,3.75,3.82,1617090
2013-04-22 00:00:00+05:30,3.86,4.01,3.65,4.01,862620
2013-04-23 00:00:00+05:30,4.2,4.2,3.82,3.94,1514570
2013-04-25 00:00:00+05:30,4.0,4.0,3.75,3.77,543950
2013-04-26 00:00:00+05:30,3.75,3.86,3.59,3.62,504970
2013-04-29 00:00:00+05:30,3.8,3.8,3.5,3.56,518500
2013-04-30 00:00:00+05:30,3.54,3.74,3.39,3.44,711230
2013-05-02 00:00:00+05:30,3.35,3.53,3.34,3.47,498440
2013-05-03 00:00:00+05:30,3.55,3.57,3.3,3.31,188070
2013-05-06 00:00:00+05:30,3.23,3.41,3.15,3.15,3629410
2013-05-07 00:00:00+05:30,3.08,3.14,3.0,3.0,266950
2013-05-08 00:00:00+05:30,2.97,2.97,2.79,2.88,621090
2013-05-09 00:00:00+05:30,2.86,3.17,2.79,3.17,615900
2013-05-10 00:00:00+05:30,3.46,3.48,3.2,3.48,1097190
2013-05-11 00:00:00+05:30,3.63,3.83,3.58,3.83,422370
2013-05-13 00:00:00+05:30,4.01,4.01,3.64,3.64,465990
2013-05-14 00:00:00+05:30,3.5,3.5,3.46,3.46,58400
2013-05-15 00:00:00+05:30,3.56,3.63,3.29,3.63,1093850
2013-05-16 00:00:00+05:30,3.57,3.77,3.49,3.57,426880
2013-05-17 00:00:00+05:30,3.57,3.57,3.39,3.39,276950
2013-05-20 00:00:00+05:30,3.28,3.49,3.28,3.36,2237100
2013-05-21 00:00:00+05:30,3.27,3.34,3.22,3.28,2351680
2013-05-22 00:00:00+05:30,3.34,3.34,3.11,3.12,641950
2013-05-23 00:00:00+05:30,3.06,3.19,2.97,3.08,2460420
2013-05-24 00:00:00+05:30,3.03,3.2,2.93,2.93,187930
2013-05-27 00:00:00+05:30,2.85,2.97,2.85,2.91,301070
2013-05-28 00:00:00+05:30,2.82,3.05,2.82,2.89,1916170
2013-05-29 00:00:00+05:30,2.91,2.94,2.76,2.8,159030
2013-05-30 00:00:00+05:30,2.82,2.88,2.66,2.69,223760
2013-05-31 00:00:00+05:30,2.61,2.67,2.55,2.57,214820
2013-06-03 00:00:00+05:30,2.46,2.68,2.44,2.59,460510
2013-06-04 00:00:00+05:30,2.64,2.7,2.59,2.67,367250
2013-06-05 00:00:00+05:30,2.73,2.8,2.65,2.77,107390
2013-06-06 00:00:00+05:30,2.78,2.84,2.7,2.77,121530
2013-06-07 00:00:00+05:30,2.74,2.74,2.63,2.64,135240
2013-06-10 00:00:00+05:30,2.61,2.74,2.53,2.58,111550
2013-06-11 00:00:00+05:30,2.5,2.57,2.46,2.46,1027860
2013-06-12 00:00:00+05:30,2.36,2.52,2.34,2.34,148670
2013-06-13 00:00:00+05:30,2.23,2.26,2.23,2.23,99220
2013-06-14 00:00:00+05:30,2.2,2.33,2.12,2.15,233450
2013-06-17 00:00:00+05:30,2.08,2.25,2.04,2.25,442360
2013-06-18 00:00:00+05:30,2.34,2.34,2.18,2.23,618990
2013-06-19 00:00:00+05:30,2.23,2.23,2.12,2.13,102400
2013-06-20 00:00:00+05:30,2.04,2.15,2.02,2.06,394230
2013-06-21 00:00:00+05:30,2.01,2.12,1.97,2.04,133640
2013-06-24 00:00:00+05:30,1.97,2.06,1.94,1.97,237060
2013-06-25 00:00:00+05:30,1.93,2.06,1.93,2.02,97620
2013-06-26 00:00:00+05:30,1.95,2.05,1.92,2.04,1099220
2013-06-27 00:00:00+05:30,2.0,2.05,1.97,2.0,35150
2013-06-28 00:00:00+05:30,2.04,2.05,1.92,1.98,28580
2013-07-01 00:00:00+05:30,2.04,2.08,1.95,2.08,290320
2013-07-02 00:00:00+05:30,2.05,2.18,2.05,2.16,80280
2013-07-03 00:00:00+05:30,2.16,2.2,2.1,2.16,13970
2013-07-04 00:00:00+05:30,2.1,2.26,2.1,2.26,52330
2013-07-05 00:00:00+05:30,2.27,2.49,2.27,2.49,90480
2013-07-08 00:00:00+05:30,2.5,2.6,2.5,2.58,1538690
2013-07-09 00:00:00+05:30,2.68,2.68,2.54,2.59,225510
2013-07-10 00:00:00+05:30,2.6,2.64,2.48,2.64,1545870
2013-07-11 00:00:00+05:30,2.69,2.71,2.53,2.6,94490
2013-07-12 00:00:00+05:30,2.61,2.7,2.6,2.66,1655640
2013-07-15 00:00:00+05:30,2.71,2.93,2.68,2.93,160590
2013-07-16 00:00:00+05:30,3.05,3.12,2.9,3.07,325640
2013-07-17 00:00:00+05:30,3.12,3.27,2.76,2.98,234890
2013-07-18 00:00:00+05:30,2.91,2.97,2.69,2.85,86080
2013-07-19 00:00:00+05:30,2.82,3.12,2.76,2.83,130190
2013-07-22 00:00:00+05:30,2.6,2.89,2.6,2.71,27140
2013-07-23 00:00:00+05:30,2.48,2.78,2.48,2.69,209480
2013-07-24 00:00:00+05:30,2.46,2.68,2.46,2.55,53630
2013-07-25 00:00:00+05:30,2.64,2.81,2.55,2.72,278840
2013-07-26 00:00:00+05:30,2.68,2.82,2.61,2.75,193990
2013-07-29 00:00:00+05:30,2.6,2.82,2.53,2.6,94670
2013-07-30 00:00:00+05:30,2.58,2.58,2.45,2.49,39660
2013-07-31 00:00:00+05:30,2.45,2.66,2.38,2.47,197530
2013-08-01 00:00:00+05:30,2.45,2.59,2.34,2.46,193090
2013-08-02 00:00:00+05:30,2.46,2.58,2.23,2.43,213540
2013-08-05 00:00:00+05:30,2.59,2.59,2.3,2.46,102790
2013-08-06 00:00:00+05:30,2.52,2.52,2.26,2.34,142840
2013-08-07 00:00:00+05:30,2.45,2.45,2.23,2.37,293790
2013-08-08 00:00:00+05:30,2.42,2.42,2.29,2.41,155100
2013-08-12 00:00:00+05:30,2.6,2.6,2.28,2.52,89120
2013-08-13 00:00:00+05:30,2.67,2.67,2.38,2.51,112230
2013-08-14 00:00:00+05:30,2.51,2.55,2.46,2.49,49470
2013-08-16 00:00:00+05:30,2.62,2.62,2.39,2.43,755530
2013-08-19 00:00:00+05:30,2.43,2.55,2.38,2.48,225420
2013-08-20 00:00:00+05:30,2.52,2.72,2.42,2.69,150700
2013-08-21 00:00:00+05:30,2.86,2.9,2.66,2.73,165830
2013-08-22 00:00:00+05:30,2.81,2.81,2.68,2.75,56030
2013-08-23 00:00:00+05:30,2.85,2.86,2.69,2.85,117200
2013-08-26 00:00:00+05:30,2.82,3.13,2.76,2.95,208160
2013-08-27 00:00:00+05:30,3.05,3.25,3.05,3.25,583740
2013-08-28 00:00:00+05:30,3.25,3.57,3.25,3.56,683660
2013-08-29 00:00:00+05:30,3.7,3.73,3.39,3.72,863360
2013-08-30 00:00:00+05:30,3.89,3.89,3.65,3.72,374200
2013-09-02 00:00:00+05:30,3.64,3.86,3.54,3.54,157540
2013-09-03 00:00:00+05:30,3.38,3.56,3.36,3.37,121930
2013-09-04 00:00:00+05:30,3.27,3.34,3.2,3.2,318540
2013-09-05 00:00:00+05:30,3.12,3.36,3.12,3.36,427010
2013-09-06 00:00:00+05:30,3.46,3.53,3.29,3.5,494900
2013-09-10 00:00:00+05:30,3.64,3.67,3.49,3.63,104470
2013-09-11 00:00:00+05:30,3.68,3.7,3.45,3.5,1150630
2013-09-12 00:00:00+05:30,3.5,3.56,3.36,3.43,113490
2013-09-13 00:00:00+05:30,3.49,3.49,3.34,3.43,132030
2013-09-16 00:00:00+05:30,3.42,3.6,3.42,3.59,167490
2013-09-17 00:00:00+05:30,3.77,3.77,3.57,3.63,279820
2013-09-18 00:00:00+05:30,3.56,3.67,3.45,3.46,49360
2013-09-19 00:00:00+05:30,3.54,3.55,3.49,3.49,26740
2013-09-20 00:00:00+05:30,3.35,3.63,3.32,3.36,723770
2013-09-23 00:00:00+05:30,3.38,3.41,3.21,3.25,105830
2013-09-24 00:00:00+05:30,3.21,3.38,3.16,3.28,4103100
2013-09-25 00:00:00+05:30,3.14,3.34,3.14,3.15,53770
2013-09-26 00:00:00+05:30,3.08,3.3,3.08,3.17,42620
2013-09-27 00:00:00+05:30,3.19,3.22,3.17,3.22,29390
2013-09-30 00:00:00+05:30,3.12,3.19,3.12,3.16,26730
2013-10-01 00:00:00+05:30,3.1,3.32,3.1,3.3,118040
2013-10-03 00:00:00+05:30,3.28,3.38,3.24,3.28,94200
2013-10-04 00:00:00+05:30,3.38,3.38,3.21,3.29,33350
2013-10-07 00:00:00+05:30,3.25,3.34,3.18,3.21,15840
2013-10-08 00:00:00+05:30,3.18,3.27,3.14,3.21,283000
2013-10-09 00:00:00+05:30,3.14,3.26,3.12,3.19,41520
2013-10-10 00:00:00+05:30,3.27,3.27,3.14,3.21,32120
2013-10-11 00:00:00+05:30,3.27,3.34,3.2,3.28,64180
2013-10-14 00:00:00+05:30,3.34,3.34,3.22,3.27,28170
2013-10-15 00:00:00+05:30,3.15,3.34,3.12,3.24,85010
2013-10-17 00:00:00+05:30,3.12,3.28,3.12,3.27,4920
2013-10-18 00:00:00+05:30,3.19,3.24,3.18,3.22,23620
2013-10-21 00:00:00+05:30,3.22,3.29,3.19,3.25,9610
2013-10-22 00:00:00+05:30,3.2,3.34,3.12,3.15,46690
2013-10-23 00:00:00+05:30,3.26,3.31,3.2,3.27,74310
2013-10-24 00:00:00+05:30,3.31,3.31,3.16,3.19,109840
2013-10-25 00:00:00+05:30,3.27,3.29,3.16,3.2,58330
2013-10-28 00:00:00+05:30,3.2,3.25,3.09,3.15,72460
2013-10-29 00:00:00+05:30,3.2,3.3,3.09,3.17,48640
2013-10-30 00:00:00+05:30,3.12,3.23,3.11,3.14,71630
2013-10-31 00:00:00+05:30,3.15,3.2,3.09,3.12,1210
2013-11-01 00:00:00+05:30,3.14,3.27,3.14,3.26,76070
2013-11-03 00:00:00+05:30,3.41,3.42,3.34,3.42,46460
2013-11-05 00:00:00+05:30,3.32,3.42,3.25,3.35,70030
2013-11-06 00:00:00+05:30,3.3,3.37,3.24,3.33,36790
2013-11-07 00:00:00+05:30,3.25,3.29,3.2,3.24,67680
2013-11-08 00:00:00+05:30,3.14,3.27,3.14,3.22,43560
2013-11-11 00:00:00+05:30,3.27,3.27,3.17,3.22,48850
2013-11-12 00:00:00+05:30,3.34,3.34,3.14,3.17,51300
2013-11-13 00:00:00+05:30,3.07,3.27,3.05,3.07,41920
2013-11-14 00:00:00+05:30,3.1,3.19,3.08,3.17,81180
2013-11-18 00:00:00+05:30,3.17,3.19,3.01,3.15,101240
2013-11-19 00:00:00+05:30,3.09,3.22,3.09,3.21,10280
2013-11-20 00:00:00+05:30,3.09,3.2,3.09,3.17,38880
2013-11-21 00:00:00+05:30,3.16,3.49,3.16,3.28,217220
2013-11-22 00:00:00+05:30,3.34,3.6,3.2,3.41,185800
2013-11-25 00:00:00+05:30,3.35,3.75,3.34,3.75,305450
2013-11-26 00:00:00+05:30,3.86,3.88,3.38,3.5,183890
2013-11-27 00:00:00+05:30,3.37,3.72,3.35,3.55,76080
2013-11-28 00:00:00+05:30,3.52,3.69,3.52,3.61,16210
2013-11-29 00:00:00+05:30,3.57,3.7,3.49,3.53,45890
2013-12-02 00:00:00+05:30,3.67,3.69,3.47,3.53,218850
2013-12-03 00:00:00+05:30,3.54,3.59,3.42,3.49,79380
2013-12-04 00:00:00+05:30,3.54,3.54,3.35,3.42,39620
2013-12-05 00:00:00+05:30,3.33,3.48,3.33,3.4,38140
2013-12-06 00:00:00+05:30,3.48,3.48,3.24,3.35,46130
2013-12-09 00:00:00+05:30,3.41,3.45,3.34,3.4,56430
2013-12-10 00:00:00+05:30,3.28,3.49,3.15,3.29,81300
2013-12-11 00:00:00+05:30,3.34,3.34,3.2,3.28,40020
2013-12-12 00:00:00+05:30,3.27,3.27,3.21,3.25,43070
2013-12-13 00:00:00+05:30,3.36,3.36,3.13,3.14,59580
2013-12-16 00:00:00+05:30,3.12,3.27,3.05,3.15,52180
2013-12-17 00:00:00+05:30,3.3,3.38,3.15,3.3,141580
2013-12-18 00:00:00+05:30,3.4,3.4,3.19,3.24,41460
2013-12-19 00:00:00+05:30,3.37,3.37,3.13,3.29,3969370
2013-12-20 00:00:00+05:30,3.24,3.53,3.24,3.37,4522670
2013-12-23 00:00:00+05:30,3.43,3.54,3.31,3.49,4307270
2013-12-24 00:00:00+05:30,3.44,3.83,3.44,3.73,259940
2013-12-26 00:00:00+05:30,3.94,3.94,3.79,3.85,2541510
2013-12-27 00:00:00+05:30,3.79,3.86,3.49,3.55,269780
2013-12-30 00:00:00+05:30,3.72,3.9,3.42,3.87,294810
2013-12-31 00:00:00+05:30,3.97,3.97,3.64,3.76,155160
2014-01-01 00:00:00+05:30,3.82,3.82,3.64,3.71,92260
2014-01-02 00:00:00+05:30,3.72,3.79,3.5,3.6,128160
2014-01-03 00:00:00+05:30,3.84,3.96,3.51,3.63,78060
2014-01-06 00:00:00+05:30,3.81,3.81,3.62,3.63,85500
2014-01-07 00:00:00+05:30,3.72,4.36,3.72,4.36,1651160
2014-01-08 00:00:00+05:30,4.53,4.87,3.98,4.1,6518090
2014-01-09 00:00:00+05:30,4.16,4.54,4.09,4.16,4592360
2014-01-10 00:00:00+05:30,4.24,4.24,3.9,3.98,802130
2014-01-13 00:00:00+05:30,4.16,4.16,3.95,4.09,539680
2014-01-14 00:00:00+05:30,4.12,4.91,4.09,4.91,13849590
2014-01-15 00:00:00+05:30,5.2,5.24,4.39,4.44,20563700
2014-01-16 00:00:00+05:30,4.53,4.63,4.09,4.1,5465880
2014-01-17 00:00:00+05:30,4.24,4.7,4.06,4.55,13610510
2014-01-20 00:00:00+05:30,4.6,4.75,3.91,4.0,12373560
2014-01-21 00:00:00+05:30,4.01,4.16,3.8,3.89,6404660
2014-01-22 00:00:00+05:30,3.99,4.07,3.86,3.93,3282640
2014-01-23 00:00:00+05:30,3.94,4.01,3.72,3.83,1182540
2014-01-24 00:00:00+05:30,3.79,3.98,3.51,3.57,3568030
2014-01-27 00:00:00+05:30,3.57,4.28,3.56,4.28,15692520
2014-01-28 00:00:00+05:30,4.42,4.79,4.2,4.58,28575550
2014-01-29 00:00:00+05:30,4.5,4.68,4.11,4.15,9849330
2014-01-30 00:00:00+05:30,4.23,4.26,4.01,4.07,1946410
2014-01-31 00:00:00+05:30,4.13,4.24,3.95,4.03,1803910
2014-02-03 00:00:00+05:30,4.09,4.22,3.94,3.97,1250120
2014-02-04 00:00:00+05:30,4.04,4.08,3.83,4.01,1489540
2014-02-05 00:00:00+05:30,4.01,4.27,3.95,4.06,2378720
2014-02-06 00:00:00+05:30,4.02,4.11,3.88,3.89,1371270
2014-02-07 00:00:00+05:30,3.86,4.01,3.81,3.86,1171990
2014-02-10 00:00:00+05:30,3.86,4.0,3.72,3.75,757770
2014-02-11 00:00:00+05:30,3.88,3.93,3.75,3.79,1458740
2014-02-12 00:00:00+05:30,3.83,3.86,3.72,3.74,491470
2014-02-13 00:00:00+05:30,3.73,3.79,3.64,3.66,605540
2014-02-14 00:00:00+05:30,3.66,3.71,3.54,3.6,490410
2014-02-17 00:00:00+05:30,3.63,3.71,3.51,3.53,795210
2014-02-18 00:00:00+05:30,3.56,3.6,3.43,3.47,437570
2014-02-19 00:00:00+05:30,3.47,3.52,3.34,3.35,517720
2014-02-20 00:00:00+05:30,3.36,3.57,3.26,3.5,1578790
2014-02-21 00:00:00+05:30,3.49,3.72,3.49,3.54,3160560
2014-02-24 00:00:00+05:30,3.56,3.6,3.39,3.43,346740
2014-02-25 00:00:00+05:30,3.47,3.49,3.37,3.42,324670
2014-02-26 00:00:00+05:30,3.42,3.44,3.35,3.38,242630
2014-02-28 00:00:00+05:30,3.47,3.49,3.08,3.23,500500
2014-03-03 00:00:00+05:30,3.29,3.31,3.11,3.12,508200
2014-03-04 00:00:00+05:30,3.13,3.21,3.08,3.1,505320
2014-03-05 00:00:00+05:30,3.12,3.2,3.12,3.13,1201190
2014-03-06 00:00:00+05:30,3.08,3.35,3.08,3.29,1924590
2014-03-07 00:00:00+05:30,3.34,3.53,3.2,3.21,1990530
2014-03-10 00:00:00+05:30,3.23,3.26,3.16,3.2,618730
2014-03-11 00:00:00+05:30,3.2,3.25,3.17,3.18,185910
2014-03-12 00:00:00+05:30,3.21,3.61,3.2,3.43,4698760
2014-03-13 00:00:00+05:30,3.53,3.59,3.46,3.56,1715320
2014-03-14 00:00:00+05:30,3.6,3.75,3.43,3.68,2869360
2014-03-18 00:00:00+05:30,3.69,3.8,3.51,3.6,2638960
2014-03-19 00:00:00+05:30,3.57,3.69,3.46,3.47,364900
2014-03-20 00:00:00+05:30,3.53,3.57,3.39,3.42,1684780
2014-03-21 00:00:00+05:30,3.42,3.5,3.35,3.38,181670
2014-03-22 00:00:00+05:30,3.36,3.42,3.36,3.37,46970
2014-03-24 00:00:00+05:30,3.44,3.45,3.35,3.39,126740
2014-03-25 00:00:00+05:30,3.37,3.51,3.35,3.43,377700
2014-03-26 00:00:00+05:30,3.49,3.49,3.27,3.34,515890
2014-03-27 00:00:00+05:30,3.34,3.42,3.27,3.3,204720
2014-03-28 00:00:00+05:30,3.31,3.39,3.28,3.33,1382470
2014-03-31 00:00:00+05:30,3.28,3.71,3.28,3.59,1806890
2014-04-01 00:00:00+05:30,3.61,3.8,3.61,3.68,1576800
2014-04-02 00:00:00+05:30,3.7,3.9,3.65,3.73,1329020
2014-04-03 00:00:00+05:30,3.69,3.86,3.65,3.75,558580
2014-04-04 00:00:00+05:30,3.75,3.82,3.64,3.69,439570
2014-04-07 00:00:00+05:30,3.71,3.72,3.55,3.58,239530
2014-04-09 00:00:00+05:30,3.62,3.62,3.54,3.58,165060
2014-04-10 00:00:00+05:30,3.55,3.6,3.54,3.57,221430
2014-04-11 00:00:00+05:30,3.53,3.6,3.49,3.5,179900
2014-04-15 00:00:00+05:30,3.53,3.56,3.42,3.45,246680
2014-04-16 00:00:00+05:30,3.49,3.51,3.29,3.34,400010
2014-04-17 00:00:00+05:30,3.35,3.42,3.2,3.28,297830
2014-04-21 00:00:00+05:30,3.4,3.4,3.21,3.31,457340
2014-04-22 00:00:00+05:30,3.39,3.39,3.17,3.25,580940
2014-04-23 00:00:00+05:30,3.27,3.9,3.23,3.9,4204980
2014-04-25 00:00:00+05:30,4.08,4.17,3.53,3.73,5012010
2014-04-28 00:00:00+05:30,3.76,4.05,3.73,3.81,1884210
2014-04-29 00:00:00+05:30,3.86,3.9,3.6,3.8,906270
2014-04-30 00:00:00+05:30,3.88,3.95,3.64,3.69,929220
2014-05-02 00:00:00+05:30,3.79,3.85,3.68,3.76,750390
2014-05-05 00:00:00+05:30,3.86,3.95,3.79,3.88,1221710
2014-05-06 00:00:00+05:30,3.85,3.87,3.73,3.77,128960
2014-05-07 00:00:00+05:30,3.73,3.76,3.64,3.67,204840
2014-05-08 00:00:00+05:30,3.63,3.69,3.53,3.56,171750
2014-05-09 00:00:00+05:30,3.51,3.64,3.5,3.56,164520
2014-05-12 00:00:00+05:30,3.52,3.94,3.52,3.83,762590
2014-05-13 00:00:00+05:30,3.86,4.03,3.82,3.89,2920210
2014-05-14 00:00:00+05:30,3.9,4.03,3.79,3.82,381260
2014-05-15 00:00:00+05:30,3.84,4.0,3.75,3.77,153950
2014-05-16 00:00:00+05:30,3.86,4.09,3.73,3.79,485860
2014-05-19 00:00:00+05:30,3.9,4.55,3.86,4.55,3126030
2014-05-20 00:00:00+05:30,4.46,4.84,4.42,4.49,925760
2014-05-21 00:00:00+05:30,4.6,4.72,4.39,4.54,742520
2014-05-22 00:00:00+05:30,4.61,4.61,4.43,4.5,380120
2014-05-23 00:00:00+05:30,4.5,4.63,4.42,4.5,419030
2014-05-26 00:00:00+05:30,4.49,4.68,4.21,4.35,1025940
2014-05-27 00:00:00+05:30,4.36,4.47,4.22,4.24,450460
2014-05-28 00:00:00+05:30,4.27,4.45,4.16,4.29,1567390
2014-05-29 00:00:00+05:30,4.4,4.57,4.17,4.23,1107920
2014-05-30 00:00:00+05:30,4.24,4.24,4.09,4.16,253490
2014-06-02 00:00:00+05:30,4.29,4.49,4.29,4.4,530170
2014-06-03 00:00:00+05:30,4.43,4.68,4.4,4.41,2172970
2014-06-04 00:00:00+05:30,4.46,5.29,4.46,5.25,8870160
2014-06-05 00:00:00+05:30,5.2,5.32,4.92,5.14,1833860
2014-06-06 00:00:00+05:30,5.16,5.54,5.02,5.3,3117570
2014-06-09 00:00:00+05:30,5.29,5.39,5.17,5.24,893910
2014-06-10 00:00:00+05:30,5.28,5.42,5.21,5.27,1060510
2014-06-11 00:00:00+05:30,5.34,5.39,5.2,5.25,567400
2014-06-12 00:00:00+05:30,5.24,5.29,4.98,5.19,403540
2014-06-13 00:00:00+05:30,5.13,5.13,4.97,5.03,778750
2014-06-16 00:00:00+05:30,4.99,5.33,4.92,5.17,940740
2015-12-28 00:00:00+05:30,23.58,25.19,22.98,25.01,15883080
2015-12-29 00:00:00+05:30,25.08,25.48,22.39,22.58,22576440
2015-12-30 00:00:00+05:30,22.69,23.61,22.57,22.68,10961660
2015-12-31 00:00:00+05:30,22.88,22.93,20.96,21.21,7567350
2016-01-01 00:00:00+05:30,21.31,21.88,20.8,21.21,5358800
2016-01-04 00:00:00+05:30,20.97,21.05,20.28,20.48,4765790
2016-01-05 00:00:00+05:30,20.58,20.8,20.22,20.44,2453700
2016-01-06 00:00:00+05:30,20.47,21.03,20.25,20.29,2222910
2016-01-07 00:00:00+05:30,20.21,20.39,19.87,19.89,2204170
2016-01-08 00:00:00+05:30,19.99,20.42,19.87,19.89,1138710
2016-01-11 00:00:00+05:30,19.91,21.1,19.69,20.8,4644350
2016-01-12 00:00:00+05:30,20.99,21.24,20.13,20.28,2677410
2016-01-13 00:00:00+05:30,20.45,20.64,17.83,19.04,3973920
2016-01-14 00:00:00+05:30,18.22,19.09,17.83,18.96,4053180
2016-01-15 00:00:00+05:30,19.03,19.24,18.05,18.08,2419370
2016-01-18 00:00:00+05:30,18.1,18.1,15.83,16.49,2880720
2016-01-19 00:00:00+05:30,16.68,18.95,15.97,16.21,2028890
2016-01-20 00:00:00+05:30,15.81,15.87,13.23,13.56,2113050
2016-01-21 00:00:00+05:30,13.77,14.48,13.12,13.58,4161130
2016-01-22 00:00:00+05:30,13.82,14.93,13.45,14.85,3753300
2016-01-25 00:00:00+05:30,15.15,16.25,14.96,15.96,3962100
2016-01-27 00:00:00+05:30,16.23,16.76,16.08,16.26,3142470
2016-01-28 00:00:00+05:30,16.23,16.53,15.43,15.66,3446910
2016-01-29 00:00:00+05:30,15.74,16.43,15.68,16.25,1556740
2016-02-01 00:00:00+05:30,16.48,16.98,16.23,16.46,2421160
2016-02-02 00:00:00+05:30,16.49,16.57,15.63,15.82,824460
2016-02-03 00:00:00+05:30,15.49,17.12,15.16,16.96,5386020
2016-02-04 00:00:00+05:30,17.21,18.11,16.64,18.0,8093650
2016-02-05 00:00:00+05:30,18.13,19.12,16.46,16.7,11442390
2016-02-08 00:00:00+05:30,17.14,17.89,16.55,17.0,9061270
2016-02-09 00:00:00+05:30,16.76,17.57,16.41,16.53,4493550
2016-02-10 00:00:00+05:30,16.35,16.85,16.05,16.45,1049710
2016-02-11 00:00:00+05:30,16.35,16.53,14.41,14.63,1810310
2016-02-12 00:00:00+05:30,14.79,15.22,12.97,14.04,2163180
2016-02-15 00:00:00+05:30,14.34,16.1,14.34,15.99,4728460
2016-02-16 00:00:00+05:30,16.35,17.09,16.06,16.95,5875860
2016-02-17 00:00:00+05:30,17.39,18.02,16.81,17.82,5713940
2016-02-18 00:00:00+05:30,18.2,19.76,18.0,19.6,8277310
2016-02-19 00:00:00+05:30,20.06,20.19,18.81,19.56,8085160
2016-02-22 00:00:00+05:30,19.47,21.68,19.47,21.58,11207450
2016-02-23 00:00:00+05:30,21.76,23.02,21.62,22.89,15461470
2016-02-24 00:00:00+05:30,22.8,23.49,22.56,23.08,14177710
2016-02-25 00:00:00+05:30,23.04,23.54,22.55,22.93,6007280
2016-02-26 00:00:00+05:30,23.03,23.32,21.4,21.96,4434910
2016-02-29 00:00:00+05:30,21.62,22.24,19.39,21.9,3671350
2016-03-01 00:00:00+05:30,21.92,23.44,21.92,23.19,4276690
2016-03-02 00:00:00+05:30,23.31,23.51,22.01,22.27,5641950
2016-03-03 00:00:00+05:30,22.28,22.57,20.62,20.86,4408190
2016-03-04 00:00:00+05:30,20.95,21.38,20.65,20.91,2895810
2016-03-08 00:00:00+05:30,20.97,21.55,20.38,21.13,3529960
2016-03-09 00:00:00+05:30,21.18,22.43,20.38,20.43,11006800
2016-03-10 00:00:00+05:30,20.41,23.39,19.39,19.51,37011980
2016-03-11 00:00:00+05:30,19.67,20.32,18.0,18.36,15340740
2016-03-14 00:00:00+05:30,18.4,19.16,17.61,18.17,11511060
2016-03-15 00:00:00+05:30,18.19,18.19,15.6,16.02,15653200
2016-03-16 00:00:00+05:30,16.05,18.56,15.75,18.33,35797260
2016-03-17 00:00:00+05:30,18.57,18.99,14.86,15.08,41492360
2016-03-18 00:00:00+05:30,15.16,15.89,14.49,15.56,39092000
2016-03-21 00:00:00+05:30,15.69,15.94,13.78,13.89,31840890
2016-03-22 00:00:00+05:30,14.02,14.47,13.62,13.85,18387030
2016-03-23 00:00:00+05:30,13.92,14.56,13.78,14.5,16155860
2016-03-28 00:00:00+05:30,14.6,15.81,14.38,15.63,26490900
2016-03-29 00:00:00+05:30,15.78,16.18,15.25,15.71,17854520
2016-03-30 00:00:00+05:30,16.18,16.18,15.25,15.39,6430560
2016-03-31 00:00:00+05:30,15.59,15.94,14.86,14.89,11331590
2016-04-01 00:00:00+05:30,15.02,15.38,14.71,15.03,5794410
2016-04-04 00:00:00+05:30,15.05,15.33,14.86,14.98,3312040
2016-04-05 00:00:00+05:30,15.0,15.74,14.49,15.63,9472140
2016-04-06 00:00:00+05:30,15.72,16.33,15.53,15.65,10133950
2016-04-07 00:00:00+05:30,15.75,16.63,15.49,16.41,14850500
2016-04-08 00:00:00+05:30,16.43,17.42,16.2,17.27,13183400
2016-04-11 00:00:00+05:30,17.31,18.86,16.87,18.59,24560520
2016-04-12 00:00:00+05:30,18.71,19.27,17.24,17.27,20510900
2016-04-13 00:00:00+05:30,17.46,18.02,17.02,17.83,10380940
2016-04-18 00:00:00+05:30,17.98,18.43,17.61,17.74,5516520
2016-04-20 00:00:00+05:30,17.87,18.2,17.54,17.66,3060000
2016-04-21 00:00:00+05:30,17.81,17.97,17.33,17.42,2056500
2016-04-22 00:00:00+05:30,17.45,19.5,17.35,19.25,22933080
2016-04-25 00:00:00+05:30,19.35,19.82,18.87,19.05,12278180
2016-04-26 00:00:00+05:30,19.05,20.77,18.95,20.45,20475970
2016-04-27 00:00:00+05:30,20.43,21.18,20.32,21.01,15623040
2016-04-28 00:00:00+05:30,20.95,21.38,20.81,20.97,7540350
2016-04-29 00:00:00+05:30,20.95,21.84,20.94,21.43,11834290
2016-05-02 00:00:00+05:30,21.32,22.55,21.29,22.34,12498750
2016-05-03 00:00:00+05:30,22.43,22.76,21.58,21.77,7546800
2016-05-04 00:00:00+05:30,21.87,22.79,21.87,22.62,9462740
2016-05-05 00:00:00+05:30,22.85,24.11,22.75,23.92,18825080
2016-05-06 00:00:00+05:30,23.83,24.06,23.4,23.63,7118360
2016-05-09 00:00:00+05:30,23.76,25.84,23.43,23.77,19162640
2016-05-10 00:00:00+05:30,23.88,25.33,23.88,24.9,17581770
2016-05-11 00:00:00+05:30,24.67,25.32,23.97,24.29,8204690
2016-05-12 00:00:00+05:30,24.43,25.03,23.7,24.01,7920210
2016-05-13 00:00:00+05:30,24.04,24.29,23.17,23.73,5908840
2016-05-16 00:00:00+05:30,23.84,24.52,23.58,24.24,6181480
2016-05-17 00:00:00+05:30,24.34,24.44,23.81,24.01,3420720
2016-05-18 00:00:00+05:30,23.92,25.04,23.56,24.83,9986400
2016-05-19 00:00:00+05:30,24.9,25.04,24.54,24.89,4266440
2016-05-20 00:00:00+05:30,24.96,25.41,24.41,24.8,4922210
2016-05-23 00:00:00+05:30,24.53,25.1,24.37,24.81,4646980
2016-05-24 00:00:00+05:30,24.96,27.3,24.93,27.1,27035660
2016-05-25 00:00:00+05:30,27.34,27.97,26.29,27.43,18341160
2016-05-26 00:00:00+05:30,25.35,27.4,25.35,27.0,6113340
2016-05-27 00:00:00+05:30,27.18,28.37,27.18,27.91,8714570
2016-05-30 00:00:00+05:30,28.08,28.17,27.35,27.58,5260210
2016-05-31 00:00:00+05:30,27.56,28.23,27.19,27.35,7404220
2016-06-01 00:00:00+05:30,27.49,29.92,27.48,28.95,17371990
2016-06-02 00:00:00+05:30,28.68,31.19,28.46,30.91,28064380
2016-06-03 00:00:00+05:30,30.76,31.06,27.12,27.61,24440210
2016-06-06 00:00:00+05:30,27.71,31.5,27.71,31.41,33516200
2016-06-07 00:00:00+05:30,31.35,31.64,30.09,31.18,14469760
2016-06-08 00:00:00+05:30,31.12,32.22,30.83,31.69,14278380
2016-06-09 00:00:00+05:30,31.61,32.95,31.58,32.5,13762980
2016-06-10 00:00:00+05:30,32.46,32.98,31.95,32.26,8235230
2016-06-13 00:00:00+05:30,32.17,32.68,32.1,32.24,5218000
2016-06-14 00:00:00+05:30,32.32,33.58,32.18,33.32,7369750
2016-06-15 00:00:00+05:30,33.45,35.74,32.78,34.67,20576740
2016-06-16 00:00:00+05:30,34.62,35.12,31.73,32.1,13127080
2016-06-17 00:00:00+05:30,32.17,32.84,29.72,31.94,13207830
2016-06-20 00:00:00+05:30,31.33,32.97,31.28,31.62,5910980
2016-06-21 00:00:00+05:30,31.86,33.73,30.63,33.41,20764120
2016-06-22 00:00:00+05:30,33.43,34.76,32.69,33.94,14604740
2016-06-23 00:00:00+05:30,33.55,34.38,32.84,33.39,10547360
2016-06-24 00:00:00+05:30,32.84,33.29,31.58,31.99,5372640
2016-06-27 00:00:00+05:30,32.28,33.23,30.62,30.89,12102950
2016-06-28 00:00:00+05:30,31.12,34.13,30.65,33.76,17567300
2016-06-29 00:00:00+05:30,33.72,34.18,32.95,33.41,11042630
2016-06-30 00:00:00+05:30,33.58,34.1,32.92,33.39,6943800
2016-07-01 00:00:00+05:30,33.51,35.58,33.43,34.84,14135100
2016-07-04 00:00:00+05:30,34.81,35.29,34.7,34.83,5929160
2016-07-05 00:00:00+05:30,34.82,35.01,33.17,33.58,5683490
2016-07-07 00:00:00+05:30,33.51,33.88,32.39,32.67,5011710
2016-07-08 00:00:00+05:30,32.61,32.69,31.65,32.08,3631740
2016-07-11 00:00:00+05:30,32.31,33.06,31.44,31.48,6739680
2016-07-12 00:00:00+05:30,31.71,32.25,31.3,31.56,4314420
2016-07-13 00:00:00+05:30,31.6,32.32,31.17,31.43,4736980
2016-07-14 00:00:00+05:30,31.48,31.72,30.13,30.39,6300410
2016-07-15 00:00:00+05:30,30.64,31.5,30.28,30.77,8510840
2016-07-18 00:00:00+05:30,30.96,31.31,30.24,30.44,1997880
2016-07-19 00:00:00+05:30,30.55,30.89,30.2,30.45,3200340
2016-07-20 00:00:00+05:30,30.34,31.53,30.24,31.24,5561040
2016-07-21 00:00:00+05:30,31.4,31.85,29.92,30.78,5366780
2016-07-22 00:00:00+05:30,30.95,31.05,30.68,30.7,3199590
2016-07-25 00:00:00+05:30,30.83,31.11,30.66,30.71,3641580
2016-07-26 00:00:00+05:30,30.91,30.97,30.65,30.66,1686160
2016-07-27 00:00:00+05:30,30.61,32.29,30.61,31.83,7411180
2016-07-28 00:00:00+05:30,32.09,32.39,30.68,30.79,6021070
2016-07-29 00:00:00+05:30,30.83,31.06,30.11,30.19,4807540
2016-08-01 00:00:00+05:30,30.62,31.28,30.13,30.22,3851420
2016-08-02 00:00:00+05:30,30.46,30.52,30.1,30.13,1861100
2016-08-03 00:00:00+05:30,30.28,30.28,28.46,28.94,4687410
2016-08-04 00:00:00+05:30,29.12,29.36,28.42,28.81,4254160
2016-08-05 00:00:00+05:30,28.95,29.09,28.4,28.43,1754930
2016-08-08 00:00:00+05:30,28.47,29.47,28.39,28.65,4838480
2016-08-09 00:00:00+05:30,28.68,29.62,28.4,29.52,3422520
2016-08-10 00:00:00+05:30,29.72,30.16,29.16,29.53,4535510
2016-08-11 00:00:00+05:30,29.58,29.84,28.39,29.0,2341130
2016-08-12 00:00:00+05:30,29.12,29.19,28.39,28.45,1457180
2016-08-16 00:00:00+05:30,28.58,28.75,28.38,28.43,2499560
2016-08-17 00:00:00+05:30,28.55,29.11,28.39,28.41,1980810
2016-08-18 00:00:00+05:30,28.6,30.05,28.46,29.56,3453550
2016-08-19 00:00:00+05:30,29.69,30.23,29.53,29.81,3311010
2016-08-22 00:00:00+05:30,29.88,31.18,29.88,30.49,5620280
2016-08-23 00:00:00+05:30,30.53,30.74,29.74,29.95,4269330
2016-08-24 00:00:00+05:30,30.03,32.45,30.03,31.75,9197740
2016-08-25 00:00:00+05:30,31.88,32.36,31.49,32.0,4441810
2016-08-26 00:00:00+05:30,32.22,33.06,32.14,32.57,6943010
2016-08-29 00:00:00+05:30,32.62,33.12,32.55,32.78,4553880
2016-08-30 00:00:00+05:30,33.03,34.46,32.98,34.07,4343960
2016-08-31 00:00:00+05:30,34.3,35.27,33.73,34.63,3848740
2016-09-01 00:00:00+05:30,34.7,34.85,33.81,33.98,1254830
2016-09-02 00:00:00+05:30,34.08,34.7,33.33,33.97,1997640
2016-09-06 00:00:00+05:30,34.03,34.84,33.62,34.56,1823300
2016-09-07 00:00:00+05:30,34.92,36.78,34.92,36.57,6457340
2016-09-08 00:00:00+05:30,36.63,37.48,34.34,35.02,10222070
2016-09-09 00:00:00+05:30,35.25,36.03,34.77,35.09,2703200
2016-09-12 00:00:00+05:30,34.7,34.77,34.25,34.52,2224590
2016-09-14 00:00:00+05:30,34.62,37.07,34.62,36.88,5674620
2016-09-15 00:00:00+05:30,37.0,37.52,36.5,36.84,3105520
2016-09-16 00:00:00+05:30,37.05,37.66,36.41,36.64,3864690
2016-09-19 00:00:00+05:30,36.73,37.43,36.41,36.65,2774500
2016-09-20 00:00:00+05:30,36.78,38.01,36.64,37.66,4493000
2016-09-21 00:00:00+05:30,37.8,38.47,37.52,37.74,5664880
2016-09-22 00:00:00+05:30,37.93,38.71,36.8,37.2,4306400
2016-09-23 00:00:00+05:30,37.5,38.02,37.45,37.83,4155640
2016-09-26 00:00:00+05:30,38.03,40.12,38.03,39.84,7721960
2016-09-27 00:00:00+05:30,39.84,41.84,39.69,41.38,8064360
2016-09-28 00:00:00+05:30,41.46,42.19,40.96,41.68,4138790
2016-09-29 00:00:00+05:30,41.95,42.12,38.66,38.99,3593940
2016-09-30 00:00:00+05:30,38.93,40.4,38.65,39.07,2288920
2016-10-03 00:00:00+05:30,39.45,42.83,39.45,42.46,6530290
2016-10-04 00:00:00+05:30,42.59,43.46,41.98,42.35,4066020
2016-10-05 00:00:00+05:30,42.42,44.13,42.42,43.95,3277080
2016-10-06 00:00:00+05:30,43.84,44.43,42.47,43.24,2066390
2016-10-07 00:00:00+05:30,43.45,44.88,43.39,44.72,3484380
2016-10-10 00:00:00+05:30,44.59,45.62,42.54,43.43,7448680
2016-10-13 00:00:00+05:30,43.46,46.58,43.1,46.33,8064640
2016-10-14 00:00:00+05:30,46.5,47.81,44.99,45.82,6230580
2016-10-17 00:00:00+05:30,45.68,47.48,44.66,47.31,6453470
2016-10-18 00:00:00+05:30,47.4,48.37,47.4,47.98,4750510
2016-10-19 00:00:00+05:30,48.18,48.58,47.7,47.92,3191410
2016-10-20 00:00:00+05:30,47.85,49.44,47.7,49.27,3818920
2016-10-21 00:00:00+05:30,49.26,49.41,47.92,48.26,3545140
2016-10-24 00:00:00+05:30,48.29,49.74,48.29,49.08,2941600
2016-10-25 00:00:00+05:30,49.26,49.73,48.66,49.19,3015420
2016-10-26 00:00:00+05:30,49.07,49.69,48.67,49.03,2789760
2016-10-27 00:00:00+05:30,49.22,49.77,48.44,49.57,1139980
2016-10-28 00:00:00+05:30,49.73,50.07,48.99,49.18,1526380
2016-10-30 00:00:00+05:30,49.33,49.47,48.07,48.61,255040
2016-11-01 00:00:00+05:30,48.96,49.51,46.94,47.29,2063450
2016-11-02 00:00:00+05:30,46.95,47.02,45.57,46.63,1543160
2016-11-03 00:00:00+05:30,46.97,49.26,46.83,48.94,1980440
2016-11-04 00:00:00+05:30,49.05,49.39,47.92,48.29,1512410
2016-11-07 00:00:00+05:30,48.52,57.04,47.65,48.07,1493850
2016-11-08 00:00:00+05:30,48.74,49.04,48.37,48.84,2133420
2016-11-09 00:00:00+05:30,41.61,44.95,39.07,43.69,959180
2016-11-10 00:00:00+05:30,44.02,47.92,44.02,47.67,1316290
2016-11-11 00:00:00+05:30,46.51,47.08,44.9,45.43,948190
2016-11-15 00:00:00+05:30,45.96,46.41,42.8,43.06,1623100
2016-11-16 00:00:00+05:30,43.28,44.8,42.35,43.07,2100660
2016-11-17 00:00:00+05:30,43.89,43.89,39.01,40.77,2063510
2016-11-18 00:00:00+05:30,41.01,41.23,39.31,40.03,1076750
2016-11-21 00:00:00+05:30,40.86,40.86,38.63,39.03,804350
2016-11-22 00:00:00+05:30,39.36,40.86,38.63,39.69,2089030
2016-11-23 00:00:00+05:30,40.19,44.8,39.46,42.07,1212540
2016-11-24 00:00:00+05:30,42.72,49.14,42.36,47.62,9394050
2016-11-25 00:00:00+05:30,47.99,50.14,47.64,49.55,6354960
2016-11-28 00:00:00+05:30,49.93,51.23,49.52,50.36,3134320
2016-11-29 00:00:00+05:30,50.73,50.97,48.38,49.18,2338270
2016-11-30 00:00:00+05:30,49.48,49.48,48.21,48.76,1469550
2016-12-01 00:00:00+05:30,49.01,49.01,47.56,47.71,475440
2016-12-02 00:00:00+05:30,47.53,47.62,46.59,47.02,952180
2016-12-05 00:00:00+05:30,47.55,49.33,46.81,47.87,1467610
2016-12-06 00:00:00+05:30,48.03,49.3,47.72,48.12,617020
2016-12-07 00:00:00+05:30,48.31,49.01,47.77,47.96,784180
2016-12-08 00:00:00+05:30,48.58,49.1,47.7,48.01,722570
2016-12-09 00:00:00+05:30,48.0,48.34,41.61,46.39,900290
2016-12-12 00:00:00+05:30,45.77,47.3,45.25,45.61,1104410
2016-12-13 00:00:00+05:30,45.77,46.51,44.88,45.26,1947000
2016-12-14 00:00:00+05:30,45.61,45.61,44.95,45.21,1463520
2016-12-15 00:00:00+05:30,44.43,46.06,44.31,44.64,919500
2016-12-16 00:00:00+05:30,44.88,45.02,43.69,43.85,458450
2016-12-19 00:00:00+05:30,44.04,44.12,43.63,43.68,1164710
2016-12-20 00:00:00+05:30,43.76,43.94,42.72,42.97,587550
2016-12-21 00:00:00+05:30,43.25,43.25,42.42,42.43,1355780
2016-12-22 00:00:00+05:30,42.42,47.7,42.42,45.38,7898770
2016-12-23 00:00:00+05:30,44.58,46.94,43.09,43.25,10184070
2016-12-26 00:00:00+05:30,43.01,44.17,41.72,43.65,4326770
2016-12-27 00:00:00+05:30,43.9,44.28,42.67,42.96,1195100
2016-12-28 00:00:00+05:30,42.94,43.84,42.09,42.36,1366290
2016-12-29 00:00:00+05:30,42.28,42.93,41.72,41.9,1094720
2016-12-30 00:00:00+05:30,42.35,42.7,41.46,41.65,923910
2017-01-02 00:00:00+05:30,42.02,42.49,41.62,41.84,517580
2017-01-03 00:00:00+05:30,42.09,43.59,41.76,42.08,1875680
2017-01-04 00:00:00+05:30,42.35,47.92,42.35,44.53,16020680
2017-01-05 00:00:00+05:30,44.8,45.47,43.24,43.42,4974210
2017-01-06 00:00:00+05:30,43.56,43.76,42.51,42.73,2354220
2017-01-09 00:00:00+05:30,43.15,44.5,42.55,42.89,4249360
2017-01-10 00:00:00+05:30,43.0,46.21,42.94,45.88,8546050
2017-01-11 00:00:00+05:30,45.93,48.94,45.93,48.71,7219830
2017-01-12 00:00:00+05:30,48.66,50.52,46.98,49.44,12164500
2017-01-13 00:00:00+05:30,49.61,49.8,48.37,49.04,3199600
2017-01-16 00:00:00+05:30,48.89,50.14,48.37,49.69,3185030
2017-01-17 00:00:00+05:30,49.91,50.51,49.41,49.79,1616350
2017-01-18 00:00:00+05:30,50.14,51.51,49.7,50.93,2374560
2017-01-19 00:00:00+05:30,51.06,51.78,49.43,50.02,2668950
2017-01-20 00:00:00+05:30,49.92,50.35,49.04,49.08,1094840
2017-01-23 00:00:00+05:30,49.32,50.74,49.14,49.73,1954060
2017-01-24 00:00:00+05:30,50.08,51.9,49.93,51.19,2422720
2017-01-25 00:00:00+05:30,51.56,51.7,50.6,50.75,863660
2017-01-27 00:00:00+05:30,50.89,51.09,50.15,50.38,1125790
2017-01-30 00:00:00+05:30,50.21,51.04,49.67,50.85,1091540
2017-01-31 00:00:00+05:30,50.85,51.38,49.26,49.99,1320780
2017-02-01 00:00:00+05:30,50.12,50.51,48.45,50.11,921590
2017-02-02 00:00:00+05:30,50.37,50.81,49.63,49.86,997120
2017-02-03 00:00:00+05:30,49.41,50.37,48.81,49.05,391530
2017-02-06 00:00:00+05:30,49.7,50.3,48.59,49.04,660600
2017-02-07 00:00:00+05:30,49.25,49.53,48.67,49.08,2820210
2017-02-08 00:00:00+05:30,49.34,49.35,48.66,48.79,423680
2017-02-09 00:00:00+05:30,49.02,49.78,48.0,48.61,772750
2017-02-10 00:00:00+05:30,49.11,51.45,48.97,50.03,2408580
2017-02-13 00:00:00+05:30,50.37,51.44,49.63,51.04,1334350
2017-02-14 00:00:00+05:30,51.27,51.44,49.78,50.27,750860
2017-02-15 00:00:00+05:30,50.6,50.8,49.41,49.62,316710
2017-02-16 00:00:00+05:30,49.82,50.0,49.41,49.73,496070
2017-02-17 00:00:00+05:30,49.85,50.97,49.63,49.8,493720
2017-02-20 00:00:00+05:30,50.08,50.82,49.78,49.85,293400
2017-02-21 00:00:00+05:30,49.41,50.29,49.41,49.73,248430
2017-02-22 00:00:00+05:30,50.21,50.52,49.41,49.63,1744140
2017-02-23 00:00:00+05:30,49.78,50.04,49.51,49.77,1313150
2017-02-27 00:00:00+05:30,49.99,50.26,49.19,49.36,2475680
2017-02-28 00:00:00+05:30,49.63,49.63,48.66,48.84,442880
2017-03-01 00:00:00+05:30,49.17,49.48,48.45,48.71,210230
2017-03-02 00:00:00+05:30,49.11,49.11,47.62,47.8,379260
2017-03-03 00:00:00+05:30,47.8,48.29,47.25,47.44,228460
2017-03-06 00:00:00+05:30,47.91,50.3,46.03,49.01,3772470
2017-03-07 00:00:00+05:30,49.36,50.67,49.04,49.5,2228010
2017-03-08 00:00:00+05:30,49.47,52.88,48.66,49.13,10306810
2017-03-09 00:00:00+05:30,48.85,49.78,46.06,46.57,7370090
2017-03-10 00:00:00+05:30,46.71,47.38,46.14,46.41,1874040
2017-03-14 00:00:00+05:30,47.18,47.18,41.07,44.41,3921250
2017-03-15 00:00:00+05:30,44.81,45.84,44.22,44.99,2079920
2017-03-16 00:00:00+05:30,45.0,48.59,45.0,48.22,10435140
2017-03-17 00:00:00+05:30,48.44,49.41,47.23,48.65,7820600
2017-03-20 00:00:00+05:30,48.96,49.77,48.21,48.92,2088870
2017-03-21 00:00:00+05:30,49.04,50.14,48.7,49.35,1929460
2017-03-22 00:00:00+05:30,49.04,49.33,47.85,48.07,1167420
2017-03-23 00:00:00+05:30,48.3,48.52,46.36,47.0,3053650
2017-03-24 00:00:00+05:30,47.03,47.44,46.44,47.11,1181800
2017-03-27 00:00:00+05:30,47.18,47.96,45.69,47.37,4228060
2017-03-28 00:00:00+05:30,46.58,47.32,46.06,46.41,1450210
2017-03-29 00:00:00+05:30,46.73,47.09,44.74,45.01,1968790
2017-03-30 00:00:00+05:30,45.26,45.87,44.96,45.38,479800
2017-03-31 00:00:00+05:30,45.67,45.77,44.82,45.35,749990
2017-04-03 00:00:00+05:30,45.61,46.06,45.41,45.76,264740
2017-04-05 00:00:00+05:30,45.76,47.18,45.21,45.49,1227760
2017-04-06 00:00:00+05:30,45.62,45.67,44.58,44.96,773500
2017-04-07 00:00:00+05:30,44.88,45.24,44.23,44.77,698830
2017-04-10 00:00:00+05:30,44.95,45.02,43.24,43.63,778190
2017-04-11 00:00:00+05:30,43.76,44.13,42.65,42.83,693860
2017-04-12 00:00:00+05:30,43.09,43.17,41.98,42.16,1100140
2017-04-13 00:00:00+05:30,42.31,42.72,41.64,41.92,1643030
2017-04-17 00:00:00+05:30,42.94,42.94,41.68,41.96,420310
2017-04-18 00:00:00+05:30,41.96,42.39,40.87,41.36,414310
2017-04-19 00:00:00+05:30,41.9,46.03,38.49,45.61,3164460
2017-04-20 00:00:00+05:30,46.03,46.2,45.1,45.49,655370
2017-04-21 00:00:00+05:30,45.69,49.93,45.58,49.49,4194180
2017-04-24 00:00:00+05:30,49.78,52.16,49.78,51.47,3966480
2017-04-25 00:00:00+05:30,51.79,53.05,50.52,50.84,1958900
2017-04-26 00:00:00+05:30,51.09,52.08,49.42,51.28,1236630
2017-04-27 00:00:00+05:30,51.53,52.38,50.92,51.89,1460860
2017-04-28 00:00:00+05:30,52.14,52.38,51.45,52.05,722830
2017-05-02 00:00:00+05:30,52.38,55.5,52.19,53.46,3844200
2017-05-03 00:00:00+05:30,53.87,54.56,52.45,52.7,732200
2017-05-04 00:00:00+05:30,52.31,53.87,52.31,52.96,2146320
2017-05-05 00:00:00+05:30,53.2,53.62,51.64,52.74,960500
2017-05-08 00:00:00+05:30,53.0,54.09,52.83,53.18,1495780
2017-05-09 00:00:00+05:30,53.49,53.66,50.67,52.96,257890
2017-05-10 00:00:00+05:30,53.2,53.49,51.46,52.97,171850
2017-05-11 00:00:00+05:30,53.27,53.72,51.87,52.66,898040
2017-05-12 00:00:00+05:30,52.95,53.49,52.01,52.31,1583930
2017-05-15 00:00:00+05:30,52.75,54.39,51.64,53.42,701160
2017-05-16 00:00:00+05:30,53.64,54.38,53.13,53.28,381610
2017-05-17 00:00:00+05:30,53.56,53.87,52.37,53.13,999460
2017-05-18 00:00:00+05:30,53.19,53.37,52.21,52.32,171790
2017-05-19 00:00:00+05:30,53.05,55.72,52.34,55.31,5420930
2017-05-22 00:00:00+05:30,55.64,56.45,54.69,55.34,402420
2017-05-23 00:00:00+05:30,55.43,55.51,52.6,53.14,194490
2017-05-24 00:00:00+05:30,53.49,54.61,53.49,54.05,888460
2017-05-25 00:00:00+05:30,54.68,56.39,53.13,56.14,1046030
2017-05-26 00:00:00+05:30,56.39,56.46,55.35,55.94,277240
2017-05-29 00:00:00+05:30,56.18,56.18,54.65,54.96,95690
2017-05-30 00:00:00+05:30,55.32,56.44,54.59,56.09,248620
2017-05-31 00:00:00+05:30,56.79,58.09,55.72,56.73,2381020
2017-06-01 00:00:00+05:30,57.13,57.2,55.92,56.35,306940
2017-06-02 00:00:00+05:30,56.3,56.76,55.72,55.8,366620
2017-06-05 00:00:00+05:30,56.76,57.06,55.88,56.48,87940
2017-06-06 00:00:00+05:30,56.83,56.86,55.72,56.31,115480
2017-06-07 00:00:00+05:30,57.12,57.21,56.09,56.18,93750
2017-06-08 00:00:00+05:30,56.54,59.27,55.95,57.79,1115130
2017-06-09 00:00:00+05:30,58.22,58.32,56.84,57.16,139660
2017-06-12 00:00:00+05:30,57.64,60.7,56.86,59.96,1025670
2017-06-13 00:00:00+05:30,60.33,61.1,58.55,59.26,868220
2017-06-14 00:00:00+05:30,59.39,59.5,58.1,58.85,247000
2017-06-15 00:00:00+05:30,58.84,58.84,57.52,58.06,1381440
2017-06-16 00:00:00+05:30,58.91,61.58,58.1,61.03,1098890
2017-06-19 00:00:00+05:30,61.29,61.29,58.03,58.53,584270
2017-06-20 00:00:00+05:30,58.6,59.79,57.88,58.07,313470
2017-06-21 00:00:00+05:30,58.32,58.32,57.06,57.4,165130
2017-06-22 00:00:00+05:30,57.44,59.04,57.44,58.15,193310
2017-06-23 00:00:00+05:30,58.61,58.69,56.18,56.87,277280
2017-06-27 00:00:00+05:30,57.13,57.73,55.53,56.95,185550
2017-06-28 00:00:00+05:30,57.49,57.49,56.47,56.55,120310
2017-06-29 00:00:00+05:30,56.47,57.58,56.47,56.51,187770
2017-06-30 00:00:00+05:30,57.13,59.44,56.1,56.38,1366420
2017-07-03 00:00:00+05:30,56.84,58.39,56.54,57.1,463620
2017-07-04 00:00:00+05:30,57.83,58.09,56.32,56.68,212970
2017-07-05 00:00:00+05:30,56.91,57.28,56.47,56.61,114990
2017-07-06 00:00:00+05:30,56.91,59.66,56.84,58.44,904100
2017-07-07 00:00:00+05:30,58.88,58.88,57.41,57.89,175590
2017-07-10 00:00:00+05:30,58.47,58.69,57.48,57.97,30750
2017-07-11 00:00:00+05:30,58.46,59.96,58.32,58.91,238420
2017-07-12 00:00:00+05:30,59.43,59.59,57.45,59.3,327350
2017-07-13 00:00:00+05:30,59.58,59.79,58.32,59.06,230030
2017-07-14 00:00:00+05:30,59.73,59.73,58.47,58.74,80070
2017-07-17 00:00:00+05:30,59.21,59.81,59.07,59.33,1390910
2017-07-18 00:00:00+05:30,60.92,60.92,57.51,58.51,218700
2017-07-19 00:00:00+05:30,59.29,61.22,56.47,60.82,1226050
2017-07-20 00:00:00+05:30,61.19,61.46,58.77,60.69,402060
2017-07-21 00:00:00+05:30,60.99,62.93,59.44,62.73,1643850
2017-07-24 00:00:00+05:30,63.12,63.38,61.67,62.06,215990
2017-07-25 00:00:00+05:30,62.62,62.62,61.43,61.79,424240
2017-07-26 00:00:00+05:30,62.39,62.39,61.0,61.56,56120
2017-07-27 00:00:00+05:30,62.41,62.78,60.7,61.24,181400
2017-07-28 00:00:00+05:30,62.03,62.03,60.33,60.72,55290
2017-07-31 00:00:00+05:30,61.66,61.66,60.48,60.78,323970
2017-08-01 00:00:00+05:30,61.29,61.96,60.53,60.85,1078690
2017-08-02 00:00:00+05:30,62.04,62.04,60.03,60.41,55350
2017-08-03 00:00:00+05:30,60.4,61.07,59.83,60.77,55060
2017-08-04 00:00:00+05:30,60.76,60.76,59.96,60.08,30130
2017-08-07 00:00:00+05:30,60.85,60.85,59.82,60.25,44100
2017-08-08 00:00:00+05:30,61.21,61.21,58.32,59.3,72910
2017-08-09 00:00:00+05:30,59.45,59.46,58.32,58.62,52040
2017-08-10 00:00:00+05:30,58.54,58.54,56.1,57.9,53010
2017-08-11 00:00:00+05:30,57.21,57.85,55.72,56.44,128490
2017-08-14 00:00:00+05:30,56.46,59.14,56.46,56.92,52850
2017-08-16 00:00:00+05:30,56.54,58.71,56.32,56.6,101250
2017-08-17 00:00:00+05:30,56.17,58.32,56.17,57.75,227190
2017-08-18 00:00:00+05:30,58.03,58.03,57.08,57.81,371020
2017-08-21 00:00:00+05:30,57.43,58.32,56.84,57.83,143740
2017-08-22 00:00:00+05:30,57.58,57.58,57.06,57.41,29930
2017-08-23 00:00:00+05:30,58.21,58.21,57.22,57.64,69690
2017-08-24 00:00:00+05:30,58.39,58.39,57.32,57.91,34790
2017-08-28 00:00:00+05:30,58.32,58.56,57.29,58.02,55450
2017-08-29 00:00:00+05:30,57.97,58.69,57.08,58.22,80150
2017-08-30 00:00:00+05:30,58.32,58.92,57.73,58.32,45120
2017-08-31 00:00:00+05:30,58.69,60.17,58.4,59.88,114130
2017-09-01 00:00:00+05:30,60.54,60.54,59.07,59.94,46670
2017-09-04 00:00:00+05:30,60.61,60.61,59.23,59.91,80430
2017-09-05 00:00:00+05:30,60.69,60.7,59.59,60.07,58490
2017-09-06 00:00:00+05:30,60.05,60.76,59.44,59.56,194620
2017-09-07 00:00:00+05:30,60.17,60.73,59.59,59.97,38050
2017-09-08 00:00:00+05:30,60.89,60.89,59.17,59.48,316420
2017-09-11 00:00:00+05:30,60.14,60.47,58.33,59.38,455450
2017-09-12 00:00:00+05:30,60.03,60.33,59.07,59.62,495590
2017-09-13 00:00:00+05:30,60.17,60.17,58.84,59.22,389380
2017-09-14 00:00:00+05:30,59.79,59.79,58.7,59.13,396720
2017-09-15 00:00:00+05:30,58.97,62.03,57.96,61.35,381080
2017-09-18 00:00:00+05:30,61.96,68.17,61.3,62.39,223980
2017-09-19 00:00:00+05:30,63.07,63.07,60.3,61.27,389250
2017-09-20 00:00:00+05:30,61.07,63.49,60.18,61.74,408780
2017-09-21 00:00:00+05:30,62.4,66.57,61.89,66.17,1950390
2017-09-22 00:00:00+05:30,66.27,72.81,65.39,68.21,1753860
2017-09-25 00:00:00+05:30,68.72,79.87,65.2,74.84,2778000
2017-09-26 00:00:00+05:30,75.4,78.23,68.13,70.99,3433600
2017-09-27 00:00:00+05:30,71.18,76.14,69.84,73.85,2465100
2017-09-28 00:00:00+05:30,73.7,75.4,71.06,72.41,430570
2017-09-29 00:00:00+05:30,73.03,75.05,71.4,71.88,328460
2017-10-03 00:00:00+05:30,72.07,74.15,70.59,71.15,408780
2017-10-04 00:00:00+05:30,71.54,72.22,70.73,71.55,224300
2017-10-05 00:00:00+05:30,71.7,74.15,70.88,71.31,711720
2017-10-06 00:00:00+05:30,71.37,72.37,70.88,71.14,174660
2017-10-09 00:00:00+05:30,71.33,72.81,70.21,70.77,686840
2017-10-10 00:00:00+05:30,70.95,81.73,70.77,80.93,3083530
2017-10-11 00:00:00+05:30,81.13,85.07,71.18,71.37,5733960
2017-10-12 00:00:00+05:30,71.99,73.4,68.59,69.2,3135040
2017-10-13 00:00:00+05:30,69.39,70.07,67.24,67.98,608210
2017-10-16 00:00:00+05:30,68.49,69.47,66.87,67.64,346030
2017-10-17 00:00:00+05:30,67.64,70.95,67.02,67.22,962150
2017-10-18 00:00:00+05:30,67.46,70.34,67.08,69.87,619590
2017-10-19 00:00:00+05:30,70.58,71.94,70.58,71.69,473390
2017-10-23 00:00:00+05:30,71.77,72.8,69.5,71.05,331690
2017-10-24 00:00:00+05:30,69.54,71.23,69.47,69.76,172720
2017-10-25 00:00:00+05:30,70.23,72.61,69.84,72.27,501490
2017-10-26 00:00:00+05:30,72.27,75.04,70.96,72.76,339550
2017-10-27 00:00:00+05:30,72.43,73.19,70.97,71.32,92660
2017-10-30 00:00:00+05:30,72.36,81.36,71.8,79.45,2750150
2017-10-31 00:00:00+05:30,79.8,83.58,79.35,82.51,1153080
2017-11-01 00:00:00+05:30,82.47,86.18,81.73,83.13,729870
2017-11-02 00:00:00+05:30,83.28,88.78,80.04,86.21,1167300
2017-11-03 00:00:00+05:30,86.85,88.74,83.22,83.69,835120
2017-11-06 00:00:00+05:30,83.96,86.11,77.64,78.13,759520
2017-11-07 00:00:00+05:30,79.04,80.07,76.15,76.38,253600
2017-11-08 00:00:00+05:30,76.75,77.74,75.93,76.13,298770
2017-11-09 00:00:00+05:30,76.52,78.55,73.18,73.51,294290
2017-11-10 00:00:00+05:30,74.15,74.89,72.07,72.92,245590
2017-11-13 00:00:00+05:30,74.76,75.86,72.25,72.68,312750
2017-11-14 00:00:00+05:30,75.78,75.78,71.7,72.03,122910
2017-11-15 00:00:00+05:30,72.04,72.81,71.7,71.75,170510
2017-11-16 00:00:00+05:30,72.71,73.7,71.59,71.63,179360
2017-11-17 00:00:00+05:30,72.93,74.66,70.21,70.66,425370
2017-11-20 00:00:00+05:30,70.51,72.07,69.47,69.82,247220
2017-11-21 00:00:00+05:30,70.21,70.66,69.17,69.77,295030
2017-11-22 00:00:00+05:30,69.77,70.29,66.72,68.01,397230
2017-11-23 00:00:00+05:30,67.98,69.84,67.36,67.54,346000
2017-11-24 00:00:00+05:30,68.13,69.02,66.81,67.23,361050
2017-11-27 00:00:00+05:30,67.5,68.35,65.98,66.09,332980
2017-11-28 00:00:00+05:30,66.58,67.46,65.76,66.65,233880
2017-11-29 00:00:00+05:30,67.23,67.54,66.42,66.84,187760
2017-11-30 00:00:00+05:30,66.84,67.44,66.13,67.12,755560
2017-12-01 00:00:00+05:30,67.61,72.51,67.24,69.86,587680
2017-12-04 00:00:00+05:30,71.69,71.69,65.15,65.99,1053880
2017-12-05 00:00:00+05:30,66.13,68.56,65.02,66.09,200430
2017-12-06 00:00:00+05:30,67.16,67.24,65.6,66.66,139490
2017-12-07 00:00:00+05:30,66.86,68.72,65.24,65.88,840730
2017-12-08 00:00:00+05:30,66.72,66.72,65.39,65.82,152320
2017-12-11 00:00:00+05:30,66.78,67.23,65.53,65.83,200170
2017-12-12 00:00:00+05:30,65.87,67.6,65.66,66.71,165390
2017-12-13 00:00:00+05:30,66.8,67.19,65.53,66.0,186410
2017-12-14 00:00:00+05:30,65.88,66.17,65.24,65.79,102450
2017-12-15 00:00:00+05:30,67.46,67.46,65.58,65.87,94710
2017-12-18 00:00:00+05:30,65.87,66.74,59.52,66.35,312070
2017-12-19 00:00:00+05:30,65.92,66.77,65.61,66.02,230100
2017-12-20 00:00:00+05:30,67.61,67.61,65.56,66.77,1674240
2017-12-21 00:00:00+05:30,67.24,69.53,65.98,66.44,1175510
2017-12-22 00:00:00+05:30,66.8,67.99,66.12,66.93,1240750
2017-12-26 00:00:00+05:30,68.06,68.58,66.5,66.72,157080
2017-12-27 00:00:00+05:30,67.61,67.97,66.5,67.47,272470
2017-12-28 00:00:00+05:30,67.82,68.35,66.64,67.04,229640
2017-12-29 00:00:00+05:30,67.98,68.12,65.66,67.89,320660
2018-01-01 00:00:00+05:30,68.34,68.5,67.11,67.65,64900
2018-01-02 00:00:00+05:30,68.35,68.35,66.87,67.12,404330
2018-01-03 00:00:00+05:30,66.57,69.5,66.57,69.38,1084460
2018-01-04 00:00:00+05:30,70.98,70.98,69.59,69.78,159440
2018-01-05 00:00:00+05:30,70.42,70.73,68.54,68.89,936790
2018-01-08 00:00:00+05:30,69.63,70.57,68.72,69.0,308170
2018-01-09 00:00:00+05:30,68.8,69.81,67.68,69.04,341850
2018-01-10 00:00:00+05:30,69.04,73.1,68.95,71.18,946010
2018-01-11 00:00:00+05:30,71.18,76.08,70.66,74.56,4282510
2018-01-12 00:00:00+05:30,75.19,75.56,70.58,74.75,4150520
2018-01-15 00:00:00+05:30,75.49,76.23,75.04,75.42,15093230
2018-01-16 00:00:00+05:30,76.15,76.19,72.89,74.03,8506270
2018-01-17 00:00:00+05:30,74.45,74.45,70.7,72.87,160500
2018-01-18 00:00:00+05:30,74.22,74.22,71.77,72.28,93740
2018-01-19 00:00:00+05:30,72.07,73.2,70.58,72.18,576330
2018-01-22 00:00:00+05:30,73.55,80.3,71.33,76.81,3252350
2018-01-23 00:00:00+05:30,77.41,77.41,75.11,75.53,183440
2018-01-24 00:00:00+05:30,75.56,76.01,72.45,73.38,306030
2018-01-25 00:00:00+05:30,72.81,74.29,72.44,72.93,38220
2018-01-29 00:00:00+05:30,74.29,74.29,72.44,72.81,1121920
2018-01-30 00:00:00+05:30,72.07,74.37,71.25,71.77,576120
2018-01-31 00:00:00+05:30,71.69,74.61,70.66,73.55,380130
2018-02-01 00:00:00+05:30,74.22,74.3,72.3,72.98,60550
2018-02-02 00:00:00+05:30,78.75,78.75,67.62,70.71,985440
2018-02-05 00:00:00+05:30,66.8,70.95,64.15,68.67,443800
2018-02-06 00:00:00+05:30,63.15,66.85,63.15,63.68,240830
2018-02-07 00:00:00+05:30,65.27,65.82,64.19,65.06,64370
2018-02-08 00:00:00+05:30,65.05,71.9,64.39,68.93,2566090
2018-02-09 00:00:00+05:30,66.5,69.54,66.43,67.74,137590
2018-02-12 00:00:00+05:30,69.49,76.15,67.99,73.59,1608470
2018-02-14 00:00:00+05:30,72.51,72.8,69.37,70.39,530480
2018-02-15 00:00:00+05:30,70.58,74.2,69.15,70.13,332680
2018-02-16 00:00:00+05:30,71.83,71.83,67.38,67.63,1343350
2018-02-19 00:00:00+05:30,68.1,68.36,66.94,67.76,69740
2018-02-20 00:00:00+05:30,68.65,68.65,67.32,67.67,33110
2018-02-21 00:00:00+05:30,68.35,68.35,67.24,67.56,34810
2018-02-22 00:00:00+05:30,67.4,68.2,66.87,67.36,49360
2018-02-23 00:00:00+05:30,68.35,68.35,66.87,67.22,72650
2018-02-26 00:00:00+05:30,68.02,68.31,67.0,67.27,57700
2018-02-27 00:00:00+05:30,67.98,67.99,65.38,65.94,81120
2018-02-28 00:00:00+05:30,65.28,68.87,64.87,66.22,1924460
2018-03-01 00:00:00+05:30,65.46,66.79,65.16,65.45,128510
2018-03-05 00:00:00+05:30,65.46,66.2,63.95,64.3,47450
2018-03-06 00:00:00+05:30,65.9,65.9,63.34,63.65,60000
2018-03-07 00:00:00+05:30,64.19,64.19,61.3,61.45,147280
2018-03-08 00:00:00+05:30,62.11,62.28,57.58,60.91,696000
2018-03-09 00:00:00+05:30,60.63,61.58,59.29,60.38,103190
2018-03-12 00:00:00+05:30,61.8,62.48,60.55,61.31,100350
2018-03-13 00:00:00+05:30,61.3,66.85,61.0,65.52,561700
2018-03-14 00:00:00+05:30,65.38,67.61,65.38,66.07,467550
2018-03-15 00:00:00+05:30,66.44,66.64,64.06,64.74,423700
2018-03-16 00:00:00+05:30,65.01,65.65,62.08,62.64,180500
2018-03-19 00:00:00+05:30,61.74,63.1,60.26,60.73,116570
2018-03-20 00:00:00+05:30,59.19,61.3,58.89,60.58,67790
2018-03-21 00:00:00+05:30,60.18,62.04,59.44,59.85,134910
2018-03-22 00:00:00+05:30,60.37,61.3,59.44,59.57,197220
2018-03-23 00:00:00+05:30,58.77,59.73,57.58,58.68,286520
2018-03-26 00:00:00+05:30,58.69,59.43,57.58,57.66,578460
2018-03-27 00:00:00+05:30,59.06,61.18,58.32,60.44,1453630
2018-03-28 00:00:00+05:30,60.95,60.95,58.37,58.71,1088770
2018-04-02 00:00:00+05:30,58.92,61.44,58.92,60.94,63890
2018-04-03 00:00:00+05:30,60.78,61.37,59.75,60.31,27130
2018-04-04 00:00:00+05:30,60.48,61.96,59.84,60.1,811240
2018-04-05 00:00:00+05:30,61.0,61.66,59.54,60.22,759720
2018-04-06 00:00:00+05:30,61.52,61.52,59.44,59.96,53320
2018-04-09 00:00:00+05:30,60.27,61.52,60.06,60.59,83660
2018-04-10 00:00:00+05:30,60.42,61.9,60.26,60.73,60970
2018-04-11 00:00:00+05:30,60.55,61.01,59.74,60.09,125520
2018-04-12 00:00:00+05:30,60.26,60.92,59.73,59.95,24300
2018-04-13 00:00:00+05:30,63.37,63.37,60.18,60.93,31690
2018-04-16 00:00:00+05:30,60.26,60.98,59.52,60.46,39620
2018-04-17 00:00:00+05:30,60.48,61.67,60.18,60.68,117850
2018-04-18 00:00:00+05:30,60.85,61.37,60.34,60.9,27760
2018-04-19 00:00:00+05:30,60.92,61.29,60.27,60.64,22310
2018-04-20 00:00:00+05:30,61.3,61.3,59.44,59.64,92170
2018-04-23 00:00:00+05:30,60.11,60.47,59.78,59.89,34490
2018-04-24 00:00:00+05:30,60.18,60.55,59.44,59.57,77390
2018-04-25 00:00:00+05:30,60.75,60.75,58.71,58.89,242980
2018-04-26 00:00:00+05:30,60.17,60.17,58.71,58.95,26390
2018-04-27 00:00:00+05:30,59.3,59.34,57.51,57.67,49140
2018-04-30 00:00:00+05:30,57.86,58.48,57.06,57.29,69920
2018-05-02 00:00:00+05:30,58.32,58.69,56.63,56.78,55920
2018-05-03 00:00:00+05:30,56.61,56.61,55.18,55.3,262500
2018-05-04 00:00:00+05:30,55.3,56.5,54.81,55.39,85770
2018-05-07 00:00:00+05:30,55.47,55.47,53.87,54.13,77910
2018-05-08 00:00:00+05:30,54.23,54.3,52.08,52.56,95720
2018-05-09 00:00:00+05:30,53.14,53.14,52.16,52.48,32840
2018-05-10 00:00:00+05:30,53.15,53.49,52.09,52.7,20000
2018-05-11 00:00:00+05:30,52.41,52.97,50.69,51.22,50370
2018-05-14 00:00:00+05:30,51.64,56.24,50.13,50.65,430260
2018-05-15 00:00:00+05:30,50.53,50.53,49.04,49.84,83420
2018-05-16 00:00:00+05:30,49.79,52.23,49.31,50.11,36940
2018-05-17 00:00:00+05:30,50.51,57.94,44.95,52.04,9684420
2018-05-18 00:00:00+05:30,52.08,53.87,51.08,52.09,1789360
2018-05-21 00:00:00+05:30,50.97,53.63,49.85,50.9,865630
2018-05-22 00:00:00+05:30,51.27,51.86,50.08,51.18,635250
2018-05-23 00:00:00+05:30,51.41,54.01,50.4,51.96,743100
2018-05-24 00:00:00+05:30,51.94,53.42,50.68,51.41,114550
2018-05-25 00:00:00+05:30,51.42,51.99,50.67,50.8,64590
2018-05-28 00:00:00+05:30,51.01,53.57,50.75,53.02,378130
2018-05-29 00:00:00+05:30,52.44,53.05,51.6,51.89,52200
2018-05-30 00:00:00+05:30,51.75,53.05,51.71,52.43,57940
2018-05-31 00:00:00+05:30,52.43,52.43,50.97,51.25,75010
2018-06-01 00:00:00+05:30,51.19,51.23,50.52,50.57,55920
2018-06-04 00:00:00+05:30,50.57,51.63,48.56,48.96,70750
2018-06-05 00:00:00+05:30,49.78,49.78,46.44,46.51,322630
2018-06-06 00:00:00+05:30,45.72,47.17,45.49,46.25,89490
2018-06-07 00:00:00+05:30,46.25,47.86,46.25,46.94,113280
2018-06-08 00:00:00+05:30,46.81,50.14,45.45,49.93,327200
2018-06-11 00:00:00+05:30,50.22,51.79,49.05,49.7,47560
2018-06-12 00:00:00+05:30,49.78,50.3,48.0,50.05,190950
2018-06-13 00:00:00+05:30,50.05,52.6,48.92,51.73,335450
2018-06-14 00:00:00+05:30,52.0,52.6,51.53,52.0,63850
2018-06-15 00:00:00+05:30,52.04,53.05,51.42,52.45,164930
2018-06-18 00:00:00+05:30,52.47,52.9,51.31,51.64,113820
2018-06-19 00:00:00+05:30,51.63,52.26,49.33,49.83,97090
2018-06-20 00:00:00+05:30,49.78,50.08,48.37,48.75,150230
2018-06-21 00:00:00+05:30,48.86,49.36,46.84,47.27,71160
2018-06-22 00:00:00+05:30,47.42,48.2,47.18,47.81,171990
2018-06-25 00:00:00+05:30,47.71,48.0,46.45,46.73,31580
2018-06-26 00:00:00+05:30,46.75,46.79,45.69,46.03,159250
2018-06-27 00:00:00+05:30,46.08,46.35,45.25,45.61,270520
2018-06-28 00:00:00+05:30,45.53,45.77,45.26,45.27,122630
2018-06-29 00:00:00+05:30,44.66,46.8,44.66,45.84,705370
2018-07-02 00:00:00+05:30,46.72,46.72,45.17,45.69,168560
2018-07-03 00:00:00+05:30,45.62,45.99,44.78,45.02,186130
2018-07-04 00:00:00+05:30,44.96,45.29,44.65,45.02,668630
2018-07-05 00:00:00+05:30,44.89,45.92,44.69,45.25,609010
2018-07-06 00:00:00+05:30,45.68,45.68,44.82,44.93,133540
2018-07-09 00:00:00+05:30,44.59,45.92,44.59,45.0,48760
2018-07-10 00:00:00+05:30,44.73,45.69,44.59,45.53,38440
2018-07-11 00:00:00+05:30,45.43,48.35,44.96,46.86,507930
2018-07-12 00:00:00+05:30,46.55,50.89,46.44,49.77,1422110
2018-07-13 00:00:00+05:30,49.46,49.63,47.18,47.39,85950
2018-07-16 00:00:00+05:30,46.88,47.87,43.24,43.29,625810
2018-07-17 00:00:00+05:30,43.76,45.59,43.09,44.47,163150
2018-07-18 00:00:00+05:30,44.21,45.58,43.92,44.85,414130
2018-07-19 00:00:00+05:30,44.95,45.9,44.21,44.95,104500
2018-07-20 00:00:00+05:30,44.66,45.47,44.06,44.54,71840
2018-07-23 00:00:00+05:30,43.85,45.25,43.19,44.12,70640
2018-07-24 00:00:00+05:30,43.69,45.51,43.69,44.7,134130
2018-07-25 00:00:00+05:30,45.3,46.21,43.76,43.95,71550
2018-07-26 00:00:00+05:30,44.56,44.56,43.32,43.91,68260
2018-07-27 00:00:00+05:30,43.92,44.44,43.66,43.81,841530
2018-07-30 00:00:00+05:30,43.46,46.66,43.46,44.95,963190
2018-07-31 00:00:00+05:30,44.99,48.52,44.99,47.41,1866380
2018-08-01 00:00:00+05:30,46.96,48.2,45.94,46.44,1095620
2018-08-02 00:00:00+05:30,46.14,49.93,46.06,49.35,2563520
2018-08-03 00:00:00+05:30,49.78,52.01,49.23,50.68,748640
2018-08-06 00:00:00+05:30,52.0,52.0,50.25,50.63,326950
2018-08-07 00:00:00+05:30,50.27,50.51,48.81,49.99,202910
2018-08-08 00:00:00+05:30,49.48,50.15,49.2,50.06,281410
2018-08-09 00:00:00+05:30,50.52,50.52,48.81,49.3,167200
2018-08-10 00:00:00+05:30,50.28,50.45,47.33,48.13,505190
2018-08-13 00:00:00+05:30,43.69,47.91,43.69,47.59,653420
2018-08-14 00:00:00+05:30,46.81,51.41,46.81,50.55,1535180
2018-08-16 00:00:00+05:30,50.59,52.97,50.08,52.19,432250
2018-08-17 00:00:00+05:30,52.53,52.75,51.27,51.57,272610
2018-08-20 00:00:00+05:30,51.56,52.74,50.89,52.0,251030
2018-08-21 00:00:00+05:30,52.75,52.75,51.5,52.09,96620
2018-08-23 00:00:00+05:30,52.01,53.89,51.71,52.9,4543860
2018-08-24 00:00:00+05:30,52.89,52.9,50.52,51.25,379620
2018-08-27 00:00:00+05:30,51.27,51.93,49.18,50.01,385290
2018-08-28 00:00:00+05:30,50.15,51.84,50.15,51.27,84140
2018-08-29 00:00:00+05:30,50.93,52.83,50.54,52.42,234150
2018-08-30 00:00:00+05:30,52.01,53.45,52.01,52.72,174360
2018-08-31 00:00:00+05:30,52.38,53.27,52.31,53.11,1200230
2018-09-03 00:00:00+05:30,53.2,54.08,52.47,52.7,163610
2018-09-04 00:00:00+05:30,52.49,53.48,50.9,52.11,169650
2018-09-05 00:00:00+05:30,51.56,52.48,47.83,48.99,251160
2018-09-06 00:00:00+05:30,48.46,50.52,48.46,50.14,57100
2018-09-07 00:00:00+05:30,49.55,52.01,49.04,51.79,125380
2018-09-10 00:00:00+05:30,51.24,51.64,50.31,51.09,94520
2018-09-11 00:00:00+05:30,50.83,51.19,48.81,49.49,176030
2018-09-12 00:00:00+05:30,49.04,49.4,47.92,48.63,243940
2018-09-14 00:00:00+05:30,47.9,50.37,47.9,50.11,210580
2018-09-17 00:00:00+05:30,48.74,49.93,48.74,49.49,205820
2018-09-18 00:00:00+05:30,48.45,50.3,48.45,49.04,39300
2018-09-19 00:00:00+05:30,48.6,49.57,47.03,48.88,205050
2018-09-21 00:00:00+05:30,49.04,49.99,46.8,47.53,194510
2018-09-24 00:00:00+05:30,45.35,48.47,45.31,46.95,163310
2018-09-25 00:00:00+05:30,46.06,48.06,45.27,45.55,553900
2018-09-26 00:00:00+05:30,45.49,46.44,45.32,46.1,109690
2018-09-27 00:00:00+05:30,46.27,48.29,45.99,48.24,267640
2018-09-28 00:00:00+05:30,47.77,48.22,45.03,45.41,52390
2018-10-01 00:00:00+05:30,45.02,46.17,43.32,44.1,516250
2018-10-03 00:00:00+05:30,44.13,45.92,43.56,44.14,518520
2018-10-04 00:00:00+05:30,43.67,44.73,42.5,43.04,124720
2018-10-05 00:00:00+05:30,42.5,44.57,42.42,42.83,456300
2018-10-08 00:00:00+05:30,42.5,43.44,42.4,42.59,91530
2018-10-09 00:00:00+05:30,43.16,43.16,41.24,41.73,557190
2018-10-10 00:00:00+05:30,41.31,43.84,41.31,43.01,133820
2018-10-11 00:00:00+05:30,42.35,43.46,41.31,43.11,78030
2018-10-12 00:00:00+05:30,43.58,44.16,42.72,43.94,227990
2018-10-15 00:00:00+05:30,44.27,46.13,43.02,45.28,199830
2018-10-16 00:00:00+05:30,45.28,46.06,44.21,44.79,253750
2018-10-17 00:00:00+05:30,45.1,45.54,43.36,44.7,208620
2018-10-19 00:00:00+05:30,44.57,44.57,42.8,43.14,27390
2018-10-22 00:00:00+05:30,43.19,43.67,42.51,43.25,97190
2018-10-23 00:00:00+05:30,42.75,43.39,42.27,42.7,61380
2018-10-24 00:00:00+05:30,41.94,43.24,41.5,41.61,48950
2018-10-25 00:00:00+05:30,41.24,41.97,39.8,40.26,183770
2018-10-26 00:00:00+05:30,39.87,42.18,39.67,41.48,611610
2018-10-29 00:00:00+05:30,42.26,42.26,40.49,41.8,321170
2018-10-30 00:00:00+05:30,42.27,42.63,40.94,41.5,307680
2018-10-31 00:00:00+05:30,41.54,42.34,41.24,41.56,260840
2018-11-01 00:00:00+05:30,41.28,42.12,41.02,41.36,77210
2018-11-02 00:00:00+05:30,41.31,42.87,41.03,41.73,184030
2018-11-05 00:00:00+05:30,41.61,42.56,40.34,40.92,119290
2018-11-06 00:00:00+05:30,41.53,41.53,40.34,40.74,189320
2018-11-07 00:00:00+05:30,41.61,41.98,41.24,41.66,14460
2018-11-09 00:00:00+05:30,41.46,41.79,40.94,41.55,57590
2018-11-12 00:00:00+05:30,41.16,41.68,40.86,40.87,49810
2018-11-13 00:00:00+05:30,40.87,41.16,40.64,41.02,119650
2018-11-14 00:00:00+05:30,41.01,41.16,40.64,40.67,15820
2018-11-15 00:00:00+05:30,40.86,40.86,40.31,40.45,26230
2018-11-16 00:00:00+05:30,40.45,41.24,40.28,40.87,29120
2018-11-19 00:00:00+05:30,40.72,41.16,39.6,40.45,65460
2018-11-20 00:00:00+05:30,40.13,41.01,40.05,40.38,41220
2018-11-21 00:00:00+05:30,40.86,40.86,39.39,40.41,37880
2018-11-22 00:00:00+05:30,40.49,40.49,39.73,39.92,126060
2018-11-26 00:00:00+05:30,40.17,40.41,39.83,40.07,202430
2018-11-27 00:00:00+05:30,39.75,40.48,39.57,40.26,266970
2018-11-28 00:00:00+05:30,40.24,41.01,39.51,39.91,101510
2018-11-29 00:00:00+05:30,40.26,40.35,39.76,39.93,200960
2018-11-30 00:00:00+05:30,40.49,40.49,38.88,39.36,171430
2018-12-03 00:00:00+05:30,40.05,41.24,39.01,39.87,492080
2018-12-04 00:00:00+05:30,39.79,40.34,39.38,39.78,194280
2018-12-05 00:00:00+05:30,39.75,40.27,39.38,39.55,639820
2018-12-06 00:00:00+05:30,39.23,40.11,39.01,39.25,21920
2018-12-07 00:00:00+05:30,38.74,40.26,38.71,39.66,41240
2018-12-10 00:00:00+05:30,39.49,39.52,38.38,38.76,5970
2018-12-11 00:00:00+05:30,38.58,38.93,38.13,38.34,13060
2018-12-12 00:00:00+05:30,39.1,39.19,37.97,38.45,20740
2018-12-13 00:00:00+05:30,39.75,39.75,38.3,38.97,58450
2018-12-14 00:00:00+05:30,39.67,43.02,38.7,41.8,268300
2018-12-17 00:00:00+05:30,40.94,46.66,40.51,45.84,652470
2018-12-18 00:00:00+05:30,45.67,46.73,44.3,46.38,232700
2018-12-19 00:00:00+05:30,46.71,46.71,44.74,45.33,151400
2018-12-20 00:00:00+05:30,44.72,46.21,43.91,45.74,89820
2018-12-21 00:00:00+05:30,46.23,47.4,44.94,45.95,61830
2018-12-24 00:00:00+05:30,46.32,46.32,45.33,45.59,74400
2018-12-26 00:00:00+05:30,46.28,46.28,44.29,44.75,21180
2018-12-27 00:00:00+05:30,45.31,45.31,44.21,44.39,181390
2018-12-28 00:00:00+05:30,44.95,45.53,44.13,45.34,247250
2018-12-31 00:00:00+05:30,45.91,49.78,45.91,49.44,1727870
2019-01-01 00:00:00+05:30,48.38,49.03,46.97,48.0,141370
2019-01-02 00:00:00+05:30,47.55,48.52,46.52,46.71,141410
2019-01-03 00:00:00+05:30,46.81,46.95,45.06,45.63,54280
2019-01-04 00:00:00+05:30,45.61,45.92,44.73,45.4,55600
2019-01-07 00:00:00+05:30,45.59,45.91,44.65,44.77,62960
2019-01-08 00:00:00+05:30,45.02,45.02,43.92,44.23,17640
2019-01-09 00:00:00+05:30,44.8,44.95,43.61,43.79,522890
2019-01-10 00:00:00+05:30,44.43,44.43,43.58,43.84,12800
2019-01-11 00:00:00+05:30,44.75,44.75,41.99,42.34,49800
2019-01-14 00:00:00+05:30,41.91,45.16,41.61,43.78,66380
2019-01-15 00:00:00+05:30,43.14,44.43,42.57,43.71,166420
2019-01-16 00:00:00+05:30,44.11,44.13,42.87,43.19,9070
2019-01-17 00:00:00+05:30,43.62,44.21,42.72,43.62,7800
2019-01-18 00:00:00+05:30,42.5,42.87,40.86,41.63,213050
2019-01-21 00:00:00+05:30,41.57,41.9,39.06,39.73,213010
2019-01-22 00:00:00+05:30,39.38,39.52,38.46,39.05,147120
2019-01-23 00:00:00+05:30,39.91,42.13,38.81,40.33,214630
2019-01-24 00:00:00+05:30,40.79,40.79,38.79,39.13,15430
2019-01-25 00:00:00+05:30,39.44,39.8,37.97,38.26,59280
2019-01-28 00:00:00+05:30,39.08,39.08,34.55,34.85,130730
2019-01-29 00:00:00+05:30,36.1,36.1,34.62,35.07,61420
2019-01-30 00:00:00+05:30,35.66,36.03,33.66,35.12,756230
2019-01-31 00:00:00+05:30,34.73,36.39,34.18,36.03,163680
2019-02-01 00:00:00+05:30,36.39,36.39,34.75,35.04,14410
2019-02-04 00:00:00+05:30,34.1,34.92,28.4,33.41,2328500
2019-02-05 00:00:00+05:30,32.79,34.88,32.77,33.11,95490
2019-02-06 00:00:00+05:30,33.66,36.78,32.58,36.21,877990
2019-02-07 00:00:00+05:30,36.1,38.63,36.1,37.43,1295730
2019-02-08 00:00:00+05:30,37.33,38.04,36.78,37.54,2509460
2019-02-11 00:00:00+05:30,37.54,37.88,36.82,37.21,94000
2019-02-12 00:00:00+05:30,38.01,38.02,34.25,35.21,210610
2019-02-13 00:00:00+05:30,36.03,36.03,33.58,34.59,486330
2019-02-14 00:00:00+05:30,35.55,35.73,34.33,34.54,446250
2019-02-15 00:00:00+05:30,34.99,34.99,32.91,33.99,161250
2019-02-18 00:00:00+05:30,33.99,35.22,29.97,33.85,721760
2019-02-19 00:00:00+05:30,34.92,34.92,33.59,33.96,239550
2019-02-20 00:00:00+05:30,34.1,34.54,33.21,34.13,529450
2019-02-21 00:00:00+05:30,34.12,34.85,33.17,34.72,1352670
2019-02-22 00:00:00+05:30,33.83,35.87,33.45,34.66,117360
2019-02-25 00:00:00+05:30,34.55,35.66,34.55,35.39,97550
2019-02-26 00:00:00+05:30,35.66,36.11,34.55,35.74,56930
2019-02-27 00:00:00+05:30,36.4,36.78,35.21,35.58,181280
2019-02-28 00:00:00+05:30,36.03,36.11,34.56,35.66,170300
2019-03-01 00:00:00+05:30,35.66,37.22,35.29,36.72,56260
2019-03-05 00:00:00+05:30,36.78,39.23,36.26,36.6,202720
2019-03-06 00:00:00+05:30,37.51,39.09,36.41,38.16,80590
2019-03-07 00:00:00+05:30,39.0,39.0,37.52,37.84,26620
2019-03-08 00:00:00+05:30,38.97,38.97,37.52,37.63,4340
2019-03-11 00:00:00+05:30,38.26,42.72,37.25,41.22,133350
2019-03-12 00:00:00+05:30,41.22,42.28,39.75,40.23,129180
2019-03-13 00:00:00+05:30,40.12,41.59,37.74,39.15,63660
2019-03-14 00:00:00+05:30,38.63,39.15,37.37,37.93,24920
2019-03-15 00:00:00+05:30,37.15,38.56,34.55,35.04,549480
2019-03-18 00:00:00+05:30,35.58,35.58,34.38,34.69,480520
2019-03-19 00:00:00+05:30,34.69,35.21,34.25,34.49,509480
2019-03-20 00:00:00+05:30,33.97,35.21,33.97,34.19,584540
2019-03-22 00:00:00+05:30,34.84,34.84,34.1,34.17,65760
2019-03-25 00:00:00+05:30,34.03,34.77,33.43,34.18,181910
2019-03-26 00:00:00+05:30,33.44,34.77,31.21,32.88,1109000
2019-03-27 00:00:00+05:30,31.65,33.43,31.65,32.18,1905550
2019-03-28 00:00:00+05:30,32.25,33.06,32.25,32.68,297030
2019-03-29 00:00:00+05:30,32.39,34.55,32.39,34.11,62690
2019-04-01 00:00:00+05:30,33.81,35.51,33.21,35.2,240630
2019-04-02 00:00:00+05:30,35.81,36.78,33.45,35.27,69160
2019-04-03 00:00:00+05:30,35.95,39.38,33.84,35.44,36660
2019-04-04 00:00:00+05:30,35.96,35.96,34.26,34.63,18070
2019-04-05 00:00:00+05:30,35.0,35.16,34.18,34.24,27330
2019-04-08 00:00:00+05:30,35.21,35.21,33.46,33.83,329920
2019-04-09 00:00:00+05:30,33.88,40.59,33.81,40.59,2516920
2019-04-10 00:00:00+05:30,41.93,42.85,39.79,40.53,3390450
2019-04-11 00:00:00+05:30,39.91,41.53,39.91,40.69,536130
2019-04-12 00:00:00+05:30,40.27,40.98,39.82,40.17,73150
2019-04-15 00:00:00+05:30,40.17,40.49,38.79,39.02,80540
2019-04-16 00:00:00+05:30,38.97,45.17,38.97,42.58,2397530
2019-04-18 00:00:00+05:30,42.52,44.43,42.35,43.17,1173060
2019-04-22 00:00:00+05:30,43.17,43.17,41.39,41.65,547730
2019-04-23 00:00:00+05:30,41.23,45.69,41.23,44.03,1625510
2019-04-24 00:00:00+05:30,44.06,46.13,43.29,43.85,855120
2019-04-25 00:00:00+05:30,44.01,46.29,43.84,45.8,745360
2019-04-26 00:00:00+05:30,46.06,46.43,43.48,44.2,609420
2019-04-30 00:00:00+05:30,44.36,45.15,43.48,43.97,412890
2019-05-02 00:00:00+05:30,43.46,45.08,43.29,43.69,89080
2019-05-03 00:00:00+05:30,44.24,44.47,42.36,42.67,88370
2019-05-06 00:00:00+05:30,42.35,45.62,42.35,44.51,1799810
2019-05-07 00:00:00+05:30,44.49,44.98,43.84,44.94,1417580
2019-05-08 00:00:00+05:30,44.66,44.66,43.47,43.5,865160
2019-05-09 00:00:00+05:30,43.3,44.8,43.1,44.13,205950
2019-05-10 00:00:00+05:30,43.83,44.78,43.61,44.2,147220
2019-05-13 00:00:00+05:30,43.91,45.96,43.46,44.07,227830
2019-05-14 00:00:00+05:30,44.79,44.94,43.54,44.18,1491870
2019-05-15 00:00:00+05:30,44.62,45.46,43.98,44.45,424030
2019-05-16 00:00:00+05:30,43.84,44.44,43.61,43.84,290050
2019-05-17 00:00:00+05:30,44.28,44.28,42.17,42.87,70290
2019-05-20 00:00:00+05:30,44.46,45.62,42.0,43.68,1029100
2019-05-21 00:00:00+05:30,43.24,44.2,42.8,42.98,45950
2019-05-22 00:00:00+05:30,42.49,43.91,42.05,43.47,125100
2019-05-23 00:00:00+05:30,44.21,51.54,42.44,50.92,2180420
2019-05-24 00:00:00+05:30,50.89,52.68,49.23,51.06,1192580
2019-05-27 00:00:00+05:30,50.22,51.49,50.01,50.29,583680
2019-05-28 00:00:00+05:30,50.52,51.67,49.86,50.24,773540
2019-05-29 00:00:00+05:30,49.66,50.97,49.04,49.34,284620
2019-05-30 00:00:00+05:30,49.63,50.0,48.79,49.14,344520
2019-05-31 00:00:00+05:30,50.06,50.52,48.36,48.7,123410
2019-06-03 00:00:00+05:30,49.04,49.49,47.64,48.63,301290
2019-06-04 00:00:00+05:30,48.85,49.26,47.19,47.57,115210
2019-06-06 00:00:00+05:30,47.89,49.01,45.74,46.36,103840
2019-06-07 00:00:00+05:30,45.47,46.81,44.69,44.99,82180
2019-06-10 00:00:00+05:30,44.21,45.32,44.06,44.62,25970
2019-06-11 00:00:00+05:30,44.88,44.88,42.72,43.12,112760
2019-06-12 00:00:00+05:30,42.72,42.93,40.12,40.71,337590
2019-06-13 00:00:00+05:30,40.86,40.86,39.11,39.57,331070
2019-06-14 00:00:00+05:30,39.01,39.85,37.6,38.5,129210
2019-06-17 00:00:00+05:30,38.26,38.98,37.52,38.22,1037980
2019-06-18 00:00:00+05:30,39.23,41.23,37.88,38.08,193710
2019-06-19 00:00:00+05:30,39.22,39.22,37.22,37.39,19000
2019-06-20 00:00:00+05:30,38.63,38.63,36.52,36.77,156370
2019-06-21 00:00:00+05:30,38.26,38.26,35.83,36.26,191850
2019-06-24 00:00:00+05:30,38.48,38.49,35.07,35.74,185970
2019-06-25 00:00:00+05:30,35.92,35.92,28.59,28.59,652100
2019-06-26 00:00:00+05:30,25.74,27.62,25.74,25.74,4867080
2019-06-27 00:00:00+05:30,25.63,26.07,23.17,23.18,1664900
2019-06-28 00:00:00+05:30,23.26,24.14,21.85,22.56,1076770
2019-07-01 00:00:00+05:30,22.59,23.63,22.29,22.53,558930
2019-07-02 00:00:00+05:30,23.03,23.4,21.41,21.41,232010
2019-07-03 00:00:00+05:30,20.9,22.48,20.9,22.48,848580
2019-07-04 00:00:00+05:30,23.18,23.55,21.84,22.29,656730
2019-07-05 00:00:00+05:30,21.66,22.62,21.18,21.18,119840
2019-07-08 00:00:00+05:30,21.03,21.17,20.12,20.12,579520
2019-07-09 00:00:00+05:30,19.61,19.83,19.12,19.12,97460
2019-07-10 00:00:00+05:30,18.16,18.57,18.16,18.16,62920
2019-07-11 00:00:00+05:30,17.62,18.35,17.26,17.37,246820
2019-07-12 00:00:00+05:30,17.67,18.23,16.57,17.83,344800
2019-07-15 00:00:00+05:30,18.55,18.55,16.94,16.95,148180
2019-07-16 00:00:00+05:30,17.09,17.09,16.1,16.22,127040
2019-07-17 00:00:00+05:30,15.9,15.9,15.41,15.41,32380
2019-07-18 00:00:00+05:30,14.64,14.64,14.64,14.64,10670
2019-07-19 00:00:00+05:30,13.91,13.91,13.91,13.91,4100
2019-07-22 00:00:00+05:30,13.21,13.21,13.21,13.21,26200
2019-07-23 00:00:00+05:30,12.93,13.87,12.65,13.87,274100
2019-07-24 00:00:00+05:30,14.26,14.56,14.25,14.56,104640
2019-07-25 00:00:00+05:30,15.27,15.27,13.83,13.83,365600
2019-07-26 00:00:00+05:30,13.14,13.14,13.14,13.14,25510
2019-07-29 00:00:00+05:30,12.49,13.74,12.49,12.84,380900
2019-07-30 00:00:00+05:30,12.63,13.0,12.2,12.2,112210
2019-07-31 00:00:00+05:30,11.59,11.59,11.59,11.59,30550
2019-08-01 00:00:00+05:30,11.01,11.89,11.01,11.01,108290
2019-08-02 00:00:00+05:30,10.92,10.92,10.47,10.47,101830
2019-08-05 00:00:00+05:30,10.98,10.98,9.95,9.96,163250
2019-08-06 00:00:00+05:30,9.52,10.45,9.52,10.45,122420
2019-08-07 00:00:00+05:30,10.82,10.97,10.12,10.86,187780
2019-08-08 00:00:00+05:30,10.91,11.4,10.42,11.4,120420
2019-08-09 00:00:00+05:30,11.88,11.97,11.61,11.97,63040
2019-08-13 00:00:00+05:30,11.98,12.56,11.97,12.56,92520
2019-08-14 00:00:00+05:30,13.13,13.19,12.63,13.19,86180
2019-08-16 00:00:00+05:30,13.8,13.85,13.37,13.82,397210
2019-08-19 00:00:00+05:30,13.9,14.41,13.52,14.08,72150
2019-08-20 00:00:00+05:30,14.15,14.19,13.38,14.09,152240
2019-08-21 00:00:00+05:30,13.98,13.98,13.47,13.55,193610
2019-08-22 00:00:00+05:30,13.52,14.04,12.87,12.95,25850
2019-08-23 00:00:00+05:30,12.72,12.72,12.31,12.34,21990
2019-08-26 00:00:00+05:30,12.95,12.95,11.74,11.92,188680
2019-08-27 00:00:00+05:30,11.55,12.51,11.33,11.56,136760
2019-08-28 00:00:00+05:30,11.59,11.87,11.14,11.49,33500
2019-08-29 00:00:00+05:30,11.29,11.89,11.29,11.66,10180
2019-08-30 00:00:00+05:30,11.47,12.24,11.08,11.4,49660
2019-09-03 00:00:00+05:30,11.73,11.74,11.19,11.54,26820
2019-09-04 00:00:00+05:30,11.85,11.96,11.39,11.87,18970
2019-09-05 00:00:00+05:30,11.56,12.04,11.31,11.44,91570
2019-09-06 00:00:00+05:30,11.44,11.84,11.2,11.58,136300
2019-09-09 00:00:00+05:30,11.74,11.74,11.2,11.25,350020
2019-09-11 00:00:00+05:30,11.67,11.74,11.26,11.7,113300
2019-09-12 00:00:00+05:30,12.04,12.24,11.75,12.24,22410
2019-09-13 00:00:00+05:30,12.84,12.85,11.97,12.85,336630
2019-09-16 00:00:00+05:30,13.37,13.37,12.28,13.32,64470
2019-09-17 00:00:00+05:30,12.98,13.23,12.79,12.9,22730
2019-09-18 00:00:00+05:30,13.23,13.23,12.39,12.66,313360
2019-09-19 00:00:00+05:30,12.21,12.91,12.03,12.07,1633180
2019-09-20 00:00:00+05:30,12.04,12.19,11.48,11.56,794690
2019-09-23 00:00:00+05:30,11.73,11.81,11.22,11.34,144040
2019-09-24 00:00:00+05:30,11.33,11.59,11.11,11.41,486150
2019-09-25 00:00:00+05:30,11.51,11.59,11.18,11.27,616860
2019-09-26 00:00:00+05:30,11.23,11.54,11.0,11.14,70090
2019-09-27 00:00:00+05:30,11.15,11.43,10.68,10.86,208160
2019-09-30 00:00:00+05:30,10.77,10.77,10.31,10.31,70440
2019-10-01 00:00:00+05:30,10.31,10.31,9.8,9.8,144120
2019-10-03 00:00:00+05:30,9.47,10.18,9.38,9.58,60540
2019-10-04 00:00:00+05:30,9.95,9.95,9.37,9.66,351060
2019-10-07 00:00:00+05:30,10.02,10.03,9.41,9.81,416310
2019-10-09 00:00:00+05:30,10.01,10.01,9.38,9.58,220930
2019-10-10 00:00:00+05:30,9.36,9.77,9.11,9.11,120630
2019-10-11 00:00:00+05:30,8.96,9.29,8.65,8.65,140820
2019-10-14 00:00:00+05:30,8.66,8.91,8.22,8.22,101980
2019-10-15 00:00:00+05:30,7.82,7.82,7.81,7.81,29440
2019-10-16 00:00:00+05:30,7.43,7.43,7.42,7.42,93840
2019-10-17 00:00:00+05:30,7.05,7.43,7.05,7.1,580800
2019-10-18 00:00:00+05:30,7.43,7.45,6.75,7.33,427480
2019-10-22 00:00:00+05:30,7.68,7.7,7.45,7.63,196690
2019-10-23 00:00:00+05:30,7.44,7.79,7.29,7.31,263400
2019-10-24 00:00:00+05:30,7.53,7.53,6.95,7.01,110980
2019-10-25 00:00:00+05:30,7.28,7.36,6.83,6.87,122050
2019-10-27 00:00:00+05:30,7.2,7.21,6.89,7.16,51640
2019-10-29 00:00:00+05:30,7.21,7.52,7.21,7.48,175670
2019-10-30 00:00:00+05:30,7.68,7.68,7.11,7.11,426800
2019-10-31 00:00:00+05:30,6.75,7.35,6.75,6.98,554870
2019-11-01 00:00:00+05:30,7.31,7.32,6.98,7.28,493450
2019-11-04 00:00:00+05:30,7.43,7.43,6.99,7.13,244720
2019-11-05 00:00:00+05:30,7.31,7.31,7.07,7.16,75710
2019-11-06 00:00:00+05:30,7.07,7.46,7.07,7.32,192670
2019-11-07 00:00:00+05:30,7.35,7.69,7.22,7.68,400030
2019-11-08 00:00:00+05:30,7.94,8.07,7.71,8.07,403770
2019-11-11 00:00:00+05:30,8.47,8.47,8.47,8.47,87480
2019-11-13 00:00:00+05:30,8.89,8.89,8.89,8.89,15450
2019-11-14 00:00:00+05:30,9.33,9.33,9.33,9.33,60250
2019-11-15 00:00:00+05:30,9.79,9.79,8.86,9.79,904590
2019-11-18 00:00:00+05:30,10.18,10.28,10.11,10.28,173970
2019-11-19 00:00:00+05:30,10.58,10.79,10.55,10.79,240570
2019-11-20 00:00:00+05:30,11.29,11.33,10.27,11.01,569670
2019-11-21 00:00:00+05:30,10.91,11.56,10.78,11.34,618450
2019-11-22 00:00:00+05:30,11.52,11.89,10.78,11.44,396610
2019-11-25 00:00:00+05:30,10.96,11.93,10.96,11.68,145470
2019-11-26 00:00:00+05:30,11.85,11.85,11.21,11.32,177800
2019-11-27 00:00:00+05:30,11.4,11.58,11.0,11.22,168630
2019-11-28 00:00:00+05:30,11.0,11.37,10.66,10.66,94680
2019-11-29 00:00:00+05:30,10.97,10.97,10.13,10.17,132070
2019-12-02 00:00:00+05:30,10.39,10.39,9.66,9.79,162360
2019-12-03 00:00:00+05:30,9.76,9.79,9.41,9.53,66890
2019-12-04 00:00:00+05:30,9.81,9.94,9.57,9.79,99720
2019-12-05 00:00:00+05:30,10.1,10.18,9.73,9.79,37870
2019-12-06 00:00:00+05:30,9.67,10.06,9.67,9.74,60090
2019-12-09 00:00:00+05:30,10.02,10.02,9.73,9.73,29070
2019-12-10 00:00:00+05:30,9.74,10.1,9.73,9.73,49900
2019-12-11 00:00:00+05:30,9.52,9.81,9.52,9.73,30010
2019-12-12 00:00:00+05:30,9.74,9.96,9.4,9.55,68450
2019-12-13 00:00:00+05:30,9.75,9.76,9.44,9.47,11770
2019-12-16 00:00:00+05:30,9.25,9.81,9.25,9.37,72540
2019-12-17 00:00:00+05:30,9.11,9.36,9.01,9.05,52100
2019-12-18 00:00:00+05:30,8.99,9.32,8.99,9.3,29830
2019-12-19 00:00:00+05:30,8.97,9.29,8.97,9.17,15340
2019-12-20 00:00:00+05:30,9.44,9.58,9.14,9.14,14640
2019-12-23 00:00:00+05:30,9.43,9.43,8.94,9.06,26030
2019-12-24 00:00:00+05:30,8.91,9.17,8.91,8.96,58960
2019-12-26 00:00:00+05:30,9.28,9.28,8.51,8.57,136180
2019-12-27 00:00:00+05:30,8.9,8.9,8.28,8.65,149330
2019-12-30 00:00:00+05:30,8.4,9.06,8.4,8.73,108950
2019-12-31 00:00:00+05:30,8.57,8.88,8.5,8.67,51750
2020-01-01 00:00:00+05:30,8.56,8.88,8.56,8.72,28230
2020-01-02 00:00:00+05:30,8.62,9.16,8.62,9.16,48870
2020-01-03 00:00:00+05:30,9.5,9.61,9.3,9.61,37550
2020-01-06 00:00:00+05:30,9.88,10.09,9.7,10.09,111710
2020-01-07 00:00:00+05:30,10.53,10.6,10.25,10.6,50980
2020-01-08 00:00:00+05:30,10.81,11.12,10.26,10.77,390000
2020-01-09 00:00:00+05:30,11.02,11.29,10.71,11.09,133190
2020-01-10 00:00:00+05:30,11.09,11.09,10.55,10.64,158830
2020-01-13 00:00:00+05:30,10.1,10.77,10.1,10.11,136640
2020-01-14 00:00:00+05:30,10.49,10.62,10.18,10.54,188390
2020-01-15 00:00:00+05:30,10.25,10.48,10.14,10.23,79530
2020-01-16 00:00:00+05:30,9.96,10.61,9.96,10.36,52500
2020-01-17 00:00:00+05:30,10.6,10.69,10.23,10.4,60700
2020-01-20 00:00:00+05:30,10.41,10.91,10.13,10.91,297480
2020-01-21 00:00:00+05:30,10.92,11.46,10.92,11.2,243210
2020-01-22 00:00:00+05:30,11.07,11.48,10.92,10.94,73460
2020-01-23 00:00:00+05:30,10.81,11.48,10.81,11.05,112030
2020-01-24 00:00:00+05:30,11.14,11.35,10.93,11.06,171580
2020-01-27 00:00:00+05:30,11.14,11.28,10.51,11.07,175670
2020-01-28 00:00:00+05:30,10.92,11.1,10.77,10.81,25420
2020-01-29 00:00:00+05:30,10.86,11.07,10.71,10.8,36440
2020-01-30 00:00:00+05:30,10.74,10.85,10.51,10.74,31260
2020-01-31 00:00:00+05:30,10.55,10.69,10.48,10.54,13350
2020-02-01 00:00:00+05:30,10.29,10.61,10.25,10.31,26010
2020-02-03 00:00:00+05:30,10.1,10.4,9.79,9.84,63730
2020-02-04 00:00:00+05:30,10.03,10.34,9.8,9.95,176330
2020-02-05 00:00:00+05:30,9.71,9.96,9.46,9.46,81100
2020-02-06 00:00:00+05:30,9.5,10.1,8.63,9.27,330620
2020-02-07 00:00:00+05:30,9.44,9.92,9.29,9.74,517190
2020-02-10 00:00:00+05:30,9.8,9.94,9.55,9.6,82040
2020-02-11 00:00:00+05:30,9.33,9.95,9.33,9.52,633280
2020-02-12 00:00:00+05:30,9.44,9.65,9.32,9.47,163020
2020-02-13 00:00:00+05:30,9.48,10.33,9.38,9.87,246560
2020-02-14 00:00:00+05:30,10.24,10.6,9.51,9.99,429210
2020-02-17 00:00:00+05:30,10.39,10.88,10.19,10.27,367090
2020-02-18 00:00:00+05:30,10.27,10.38,10.05,10.23,134240
2020-02-19 00:00:00+05:30,10.22,10.22,9.67,9.74,80170
2020-02-20 00:00:00+05:30,9.66,9.84,9.51,9.57,72720
2020-02-24 00:00:00+05:30,9.54,9.75,9.51,9.57,97970
2020-02-25 00:00:00+05:30,9.67,9.84,9.52,9.67,81010
2020-02-26 00:00:00+05:30,9.66,9.73,9.53,9.66,55810
2020-02-27 00:00:00+05:30,9.66,9.66,9.52,9.53,212130
2020-02-28 00:00:00+05:30,9.22,9.39,8.77,8.87,75570
2020-03-02 00:00:00+05:30,9.36,9.37,8.55,8.66,72430
2020-03-03 00:00:00+05:30,8.71,9.02,7.86,8.03,276890
2020-03-04 00:00:00+05:30,8.4,8.4,7.81,7.88,126460
2020-03-05 00:00:00+05:30,7.91,7.91,7.66,7.76,98240
2020-03-06 00:00:00+05:30,7.73,7.73,6.98,7.03,176840
2020-03-09 00:00:00+05:30,7.03,7.03,6.68,6.71,78060
2020-03-11 00:00:00+05:30,6.83,6.87,6.55,6.62,153640
2020-03-12 00:00:00+05:30,6.39,6.61,6.29,6.32,25260
2020-03-13 00:00:00+05:30,6.02,6.38,6.01,6.16,124440
2020-03-16 00:00:00+05:30,5.98,6.13,5.86,5.86,94020
2020-03-17 00:00:00+05:30,5.6,6.01,5.6,5.84,39120
2020-03-18 00:00:00+05:30,5.85,5.85,5.55,5.55,78490
2020-03-19 00:00:00+05:30,5.55,5.74,5.28,5.31,91610
2020-03-20 00:00:00+05:30,5.42,5.57,5.05,5.45,58500
2020-03-23 00:00:00+05:30,5.18,5.2,5.18,5.18,8730
2020-03-24 00:00:00+05:30,5.13,5.2,4.92,4.92,21850
2020-03-25 00:00:00+05:30,4.68,5.16,4.67,4.93,84410
2020-03-26 00:00:00+05:30,5.11,5.18,4.93,5.13,34900
2020-03-27 00:00:00+05:30,5.2,5.38,5.04,5.25,87940
2020-03-30 00:00:00+05:30,5.02,5.34,5.02,5.25,21050
2020-03-31 00:00:00+05:30,5.2,5.47,5.1,5.4,83750
2020-04-01 00:00:00+05:30,5.45,5.67,5.26,5.6,793260
2020-04-03 00:00:00+05:30,5.39,5.87,5.39,5.87,14440
2020-04-07 00:00:00+05:30,6.17,6.17,5.91,6.17,627010
2020-04-08 00:00:00+05:30,6.16,6.32,5.94,5.99,383550
2020-04-09 00:00:00+05:30,6.26,6.26,6.07,6.12,52610
2020-04-13 00:00:00+05:30,6.38,6.42,5.81,6.38,39360
2020-04-15 00:00:00+05:30,6.65,6.7,6.23,6.7,48810
2020-04-16 00:00:00+05:30,7.03,7.03,6.59,7.03,18720
2020-04-17 00:00:00+05:30,7.38,7.38,7.14,7.38,48010
2020-04-20 00:00:00+05:30,7.75,7.75,7.75,7.75,12460
2020-04-21 00:00:00+05:30,8.14,8.14,8.14,8.14,29030
2020-04-22 00:00:00+05:30,8.54,8.54,8.54,8.54,45100
2020-04-23 00:00:00+05:30,8.96,8.96,8.96,8.96,10120
2020-04-24 00:00:00+05:30,9.41,9.41,8.99,9.34,167570
2020-04-27 00:00:00+05:30,9.66,9.73,8.88,8.89,400500
2020-04-28 00:00:00+05:30,8.54,8.95,8.44,8.46,110730
2020-04-29 00:00:00+05:30,8.17,8.88,8.17,8.88,242660
2020-04-30 00:00:00+05:30,9.32,9.32,8.84,8.9,197850
2020-05-04 00:00:00+05:30,8.9,8.9,8.46,8.66,123150
2020-05-05 00:00:00+05:30,8.54,8.87,8.25,8.37,51590
2020-05-06 00:00:00+05:30,8.57,8.62,8.17,8.22,61530
2020-05-07 00:00:00+05:30,7.99,8.31,7.81,7.85,58750
2020-05-08 00:00:00+05:30,7.86,8.22,7.65,7.76,94270
2020-05-11 00:00:00+05:30,7.76,8.15,7.76,8.15,46120
2020-05-12 00:00:00+05:30,8.56,8.56,7.78,8.3,155330
2020-05-13 00:00:00+05:30,8.33,8.71,8.33,8.51,80690
2020-05-14 00:00:00+05:30,8.51,8.77,8.34,8.5,43440
2020-05-15 00:00:00+05:30,8.32,8.54,8.08,8.33,38680
2020-05-18 00:00:00+05:30,8.75,8.75,7.95,8.01,45210
2020-05-19 00:00:00+05:30,7.72,8.14,7.72,7.94,10600
2020-05-20 00:00:00+05:30,7.94,8.02,7.88,7.95,15030
2020-05-21 00:00:00+05:30,7.95,8.35,7.88,8.14,27720
2020-05-22 00:00:00+05:30,8.11,8.11,7.74,7.83,30060
2020-05-26 00:00:00+05:30,7.76,7.95,7.75,7.86,11690
2020-05-27 00:00:00+05:30,7.79,8.01,7.54,7.87,31620
2020-05-28 00:00:00+05:30,7.73,8.24,7.6,8.08,87460
2020-05-29 00:00:00+05:30,7.98,8.24,7.85,7.94,37240
2020-06-01 00:00:00+05:30,8.02,8.23,7.8,8.06,67970
2020-06-02 00:00:00+05:30,8.26,8.46,8.08,8.43,62120
2020-06-03 00:00:00+05:30,8.75,8.85,8.62,8.69,112840
2020-06-04 00:00:00+05:30,8.69,8.9,8.54,8.58,59770
2020-06-05 00:00:00+05:30,8.83,9.44,8.66,9.42,223450
2020-06-08 00:00:00+05:30,10.03,10.31,9.56,9.76,251570
2020-06-09 00:00:00+05:30,9.77,9.77,9.23,9.4,135450
2020-06-10 00:00:00+05:30,8.93,9.58,8.93,9.51,111060
2020-06-11 00:00:00+05:30,9.96,10.1,9.05,9.48,199920
2020-06-12 00:00:00+05:30,8.59,9.44,8.59,9.38,140550
2020-06-15 00:00:00+05:30,9.36,9.73,9.22,9.45,146210
2020-06-16 00:00:00+05:30,9.61,9.61,8.62,8.81,296990
2020-06-17 00:00:00+05:30,8.81,9.18,8.76,9.08,116810
2020-06-18 00:00:00+05:30,9.3,9.32,8.82,9.23,63380
2020-06-19 00:00:00+05:30,9.23,10.03,9.23,9.32,355110
2020-06-22 00:00:00+05:30,9.32,9.84,9.29,9.59,291830
2020-06-23 00:00:00+05:30,10.03,10.03,9.07,9.54,214340
2020-06-24 00:00:00+05:30,10.1,10.1,9.18,9.34,188630
2020-06-25 00:00:00+05:30,9.34,9.51,9.06,9.22,136530
2020-06-26 00:00:00+05:30,9.51,9.51,9.16,9.25,237350
2020-06-29 00:00:00+05:30,9.29,9.29,8.82,8.91,199170
2020-06-30 00:00:00+05:30,8.99,9.2,8.47,8.59,282090
2020-07-01 00:00:00+05:30,8.85,8.96,8.57,8.69,137000
2020-07-02 00:00:00+05:30,8.7,8.87,8.43,8.52,75540
2020-07-03 00:00:00+05:30,8.48,8.65,8.37,8.43,96110
2020-07-06 00:00:00+05:30,8.62,8.8,8.37,8.54,163690
2020-07-07 00:00:00+05:30,8.54,8.68,8.36,8.53,149870
2020-07-08 00:00:00+05:30,8.41,8.62,8.36,8.39,84370
2020-07-09 00:00:00+05:30,8.33,8.39,8.06,8.14,140960
2020-07-10 00:00:00+05:30,8.07,8.17,7.95,8.09,86340
2020-07-13 00:00:00+05:30,8.54,8.54,8.01,8.05,56550
2020-07-14 00:00:00+05:30,7.86,8.41,7.71,7.75,135450
2020-07-15 00:00:00+05:30,8.17,8.17,7.45,7.77,83590
2020-07-16 00:00:00+05:30,7.85,7.86,7.58,7.64,69630
2020-07-17 00:00:00+05:30,7.69,7.88,7.68,7.8,102790
2020-07-20 00:00:00+05:30,7.8,8.43,7.8,8.18,136890
2020-07-21 00:00:00+05:30,8.17,8.45,8.02,8.17,168560
2020-07-22 00:00:00+05:30,8.25,8.39,7.97,8.01,65290
2020-07-23 00:00:00+05:30,7.99,8.13,7.87,7.94,75830
2020-07-24 00:00:00+05:30,7.88,8.01,7.83,7.94,87350
2020-07-27 00:00:00+05:30,7.95,7.95,7.69,7.73,48800
2020-07-28 00:00:00+05:30,7.69,7.87,7.5,7.68,93960
2020-07-29 00:00:00+05:30,7.58,8.1,7.53,7.84,84050
2020-07-30 00:00:00+05:30,7.8,7.95,7.51,7.71,465570
2020-07-31 00:00:00+05:30,7.56,7.65,7.08,7.5,1212980
2020-08-03 00:00:00+05:30,7.99,7.99,7.44,7.5,69760
2020-08-04 00:00:00+05:30,7.68,7.99,7.52,7.76,1289920
2020-08-05 00:00:00+05:30,7.76,7.9,7.65,7.68,97660
2020-08-06 00:00:00+05:30,7.69,8.17,7.37,7.46,293820
2020-08-07 00:00:00+05:30,7.8,7.88,7.5,7.56,295670
2020-08-10 00:00:00+05:30,7.73,7.83,7.45,7.74,457100
2020-08-11 00:00:00+05:30,7.75,8.64,7.75,8.19,821340
2020-08-12 00:00:00+05:30,8.03,8.45,7.98,8.24,242130
2020-08-13 00:00:00+05:30,8.02,8.32,7.82,7.93,585420
2020-08-14 00:00:00+05:30,7.93,8.18,7.58,7.77,419990
2020-08-17 00:00:00+05:30,7.87,8.02,7.66,7.88,1521550
2020-08-18 00:00:00+05:30,7.88,8.43,7.68,8.25,1809780
2020-08-19 00:00:00+05:30,8.4,8.88,7.54,7.84,3259320
2020-08-20 00:00:00+05:30,7.78,8.22,7.7,7.97,531980
2020-08-21 00:00:00+05:30,8.1,8.51,8.04,8.34,786240
2020-08-24 00:00:00+05:30,8.51,9.12,8.36,8.81,1632560
2020-08-25 00:00:00+05:30,8.95,9.06,8.53,8.65,497740
2020-08-26 00:00:00+05:30,8.66,8.76,8.51,8.52,223030
2020-08-27 00:00:00+05:30,8.52,8.84,8.4,8.74,324680
2020-08-28 00:00:00+05:30,9.1,9.1,8.48,8.54,274890
2020-08-31 00:00:00+05:30,8.77,8.77,8.02,8.41,348670
2020-09-01 00:00:00+05:30,8.17,8.41,7.58,8.02,294610
2020-09-02 00:00:00+05:30,8.1,8.25,8.02,8.04,19430
2020-09-03 00:00:00+05:30,8.11,8.47,8.03,8.33,239990
2020-09-04 00:00:00+05:30,8.1,8.62,8.02,8.27,221620
2020-09-07 00:00:00+05:30,8.53,8.58,8.18,8.29,499430
2020-09-08 00:00:00+05:30,8.25,8.45,7.84,7.92,656150
2020-09-09 00:00:00+05:30,7.91,8.09,7.29,7.45,1535480
2020-09-10 00:00:00+05:30,8.32,8.37,7.36,7.43,3338340
2020-09-11 00:00:00+05:30,7.52,7.74,7.48,7.67,366840
2020-09-14 00:00:00+05:30,7.7,7.7,7.22,7.34,433930
2020-09-15 00:00:00+05:30,7.23,7.66,7.22,7.59,329480
2020-09-16 00:00:00+05:30,7.7,7.8,7.41,7.74,470090
2020-09-17 00:00:00+05:30,7.69,7.79,7.53,7.57,76340
2020-09-18 00:00:00+05:30,7.41,7.66,7.4,7.5,140230
2020-09-21 00:00:00+05:30,7.65,7.74,7.53,7.61,291640
2020-09-22 00:00:00+05:30,7.61,7.61,6.65,7.33,114700
2020-09-23 00:00:00+05:30,7.3,7.57,6.71,6.89,195350
2020-09-24 00:00:00+05:30,7.22,7.22,5.94,6.08,553290
2020-09-25 00:00:00+05:30,6.0,7.26,6.0,7.08,1925420
2020-09-28 00:00:00+05:30,7.36,7.36,6.43,6.48,1262400
2020-09-29 00:00:00+05:30,6.48,6.67,6.44,6.49,623370
2020-09-30 00:00:00+05:30,6.6,6.67,6.43,6.48,269400
2020-10-01 00:00:00+05:30,6.6,6.6,6.43,6.45,214210
2020-10-05 00:00:00+05:30,6.45,6.55,6.25,6.37,148560
2020-10-06 00:00:00+05:30,6.43,7.47,6.34,7.29,1508580
2020-10-07 00:00:00+05:30,7.25,8.74,7.25,8.7,6563250
2020-10-08 00:00:00+05:30,8.81,9.19,8.1,8.22,2944030
2020-10-09 00:00:00+05:30,8.33,8.59,8.03,8.42,1487080
2020-10-12 00:00:00+05:30,8.41,8.6,7.33,7.69,565880
2020-10-13 00:00:00+05:30,7.66,7.84,7.04,7.2,627970
2020-10-14 00:00:00+05:30,7.03,8.18,7.03,7.98,1712470
2020-10-15 00:00:00+05:30,7.86,8.79,7.86,8.07,1415320
2020-10-16 00:00:00+05:30,8.27,8.81,8.18,8.5,1437180
2020-10-19 00:00:00+05:30,8.74,8.89,8.24,8.4,516190
2020-10-20 00:00:00+05:30,8.4,8.53,7.66,7.81,1431800
2020-10-21 00:00:00+05:30,7.93,8.1,7.31,7.66,852310
2020-10-22 00:00:00+05:30,7.84,7.91,7.19,7.43,1028570
2020-10-23 00:00:00+05:30,7.56,8.1,7.54,7.81,899840
2020-10-26 00:00:00+05:30,8.01,8.01,7.54,7.93,521560
2020-10-27 00:00:00+05:30,7.84,8.15,7.66,7.96,853010
2020-10-28 00:00:00+05:30,8.12,8.12,7.8,7.92,291510
2020-10-29 00:00:00+05:30,7.92,8.09,7.31,7.7,357000
2020-10-30 00:00:00+05:30,7.7,8.08,7.7,7.91,253330
2020-11-02 00:00:00+05:30,8.12,8.4,7.97,8.06,682220
2020-11-03 00:00:00+05:30,8.08,8.26,7.86,7.97,192040
2020-11-04 00:00:00+05:30,8.01,8.1,7.84,7.97,1318420
2020-11-05 00:00:00+05:30,7.93,8.06,7.84,7.88,1294340
2020-11-06 00:00:00+05:30,7.97,8.12,7.93,7.97,141790
2020-11-09 00:00:00+05:30,8.1,8.1,7.86,7.92,158930
2020-11-10 00:00:00+05:30,8.09,8.1,7.49,7.66,324770
2020-11-11 00:00:00+05:30,7.66,7.94,7.66,7.78,240940
2020-11-12 00:00:00+05:30,7.87,7.92,7.49,7.59,440420
2020-11-13 00:00:00+05:30,7.71,7.88,7.67,7.83,152810
2020-11-14 00:00:00+05:30,7.83,7.91,7.78,7.82,73830
2020-11-17 00:00:00+05:30,7.82,7.92,7.69,7.85,161230
2020-11-18 00:00:00+05:30,7.93,7.93,7.76,7.86,122100
2020-11-19 00:00:00+05:30,8.18,8.18,7.7,7.81,315210
2020-11-20 00:00:00+05:30,8.03,8.03,7.79,7.96,143230
2020-11-23 00:00:00+05:30,8.22,8.22,7.76,7.9,294610
2020-11-24 00:00:00+05:30,7.99,9.48,7.91,9.48,3336110
2020-11-25 00:00:00+05:30,10.25,11.38,9.74,10.96,13695370
2020-11-26 00:00:00+05:30,11.01,13.15,10.96,13.15,13705170
2020-11-27 00:00:00+05:30,13.66,14.46,12.71,13.99,8230480
2020-12-01 00:00:00+05:30,13.65,13.91,12.78,13.26,2252410
2020-12-02 00:00:00+05:30,13.12,13.82,12.88,12.97,1347630
2020-12-03 00:00:00+05:30,13.2,13.37,12.35,12.54,942660
2020-12-04 00:00:00+05:30,12.54,13.12,12.54,12.73,660710
2020-12-07 00:00:00+05:30,13.01,13.16,12.06,12.49,433230
2020-12-08 00:00:00+05:30,12.72,12.77,12.33,12.37,290280
2020-12-09 00:00:00+05:30,12.37,13.07,12.08,12.68,722410
2020-12-10 00:00:00+05:30,12.75,12.84,12.38,12.5,246130
2020-12-11 00:00:00+05:30,12.55,12.85,12.34,12.43,292720
2020-12-14 00:00:00+05:30,12.67,13.19,12.5,13.08,885420
2020-12-15 00:00:00+05:30,13.2,13.56,12.78,13.15,632750
2020-12-16 00:00:00+05:30,13.28,13.55,12.79,12.9,322950
2020-12-17 00:00:00+05:30,13.09,13.1,12.5,12.61,1056860
2020-12-18 00:00:00+05:30,12.77,12.77,12.33,12.47,184910
2020-12-21 00:00:00+05:30,12.34,12.77,11.23,11.62,710350
2020-12-22 00:00:00+05:30,11.64,12.63,10.59,12.42,521970
2020-12-23 00:00:00+05:30,12.58,12.94,12.33,12.43,408860
2020-12-24 00:00:00+05:30,12.51,12.86,12.36,12.63,267790
2020-12-28 00:00:00+05:30,12.85,12.85,12.51,12.62,165160
2020-12-29 00:00:00+05:30,12.74,12.75,12.39,12.47,324400
2020-12-30 00:00:00+05:30,12.93,12.93,12.37,12.42,150990
2020-12-31 00:00:00+05:30,12.53,12.75,12.47,12.57,166750
2021-01-01 00:00:00+05:30,12.53,12.9,12.43,12.85,334110
2021-01-04 00:00:00+05:30,12.85,14.13,12.68,14.13,1488130
2021-01-05 00:00:00+05:30,14.18,14.94,13.91,14.59,1961130
2021-01-06 00:00:00+05:30,14.62,16.05,13.82,16.01,2342120
2021-01-07 00:00:00+05:30,16.64,16.81,16.39,16.81,905290
2021-01-08 00:00:00+05:30,17.61,17.61,16.07,16.62,1651330
2021-01-11 00:00:00+05:30,16.99,16.99,15.81,15.96,467950
2021-01-12 00:00:00+05:30,16.1,16.52,15.53,16.26,321680
2021-01-13 00:00:00+05:30,16.11,16.59,15.91,16.01,224690
2021-01-14 00:00:00+05:30,15.78,16.15,15.26,15.33,285140
2021-01-15 00:00:00+05:30,15.48,15.74,14.81,14.89,141660
2021-01-18 00:00:00+05:30,15.06,15.26,14.15,14.15,229730
2021-01-19 00:00:00+05:30,14.07,14.86,13.84,14.84,234940
2021-01-20 00:00:00+05:30,15.23,15.5,14.78,14.98,268260
2021-01-21 00:00:00+05:30,15.28,15.31,14.63,14.76,1495880
2021-01-22 00:00:00+05:30,15.23,15.24,14.84,14.92,233850
2021-01-25 00:00:00+05:30,15.14,15.27,14.18,14.53,216210
2021-01-27 00:00:00+05:30,14.45,14.52,13.99,14.11,96190
2021-01-28 00:00:00+05:30,14.09,14.81,13.58,14.76,447700
2021-01-29 00:00:00+05:30,15.15,15.32,14.2,14.34,147890
2021-02-01 00:00:00+05:30,14.26,14.53,13.79,14.41,111700
2021-02-02 00:00:00+05:30,14.61,15.03,14.44,14.79,216620
2021-02-03 00:00:00+05:30,15.03,15.25,14.85,15.02,220930
2021-02-04 00:00:00+05:30,15.07,15.76,15.06,15.46,304720
2021-02-05 00:00:00+05:30,15.5,16.2,15.5,15.79,380140
2021-02-08 00:00:00+05:30,16.23,16.36,15.71,15.86,233870
2021-02-09 00:00:00+05:30,16.06,16.09,15.21,15.35,364490
2021-02-10 00:00:00+05:30,15.67,15.67,14.99,15.2,132930
2021-02-11 00:00:00+05:30,15.21,15.96,14.81,15.96,721430
2021-02-12 00:00:00+05:30,16.73,16.73,15.95,16.21,574590
2021-02-15 00:00:00+05:30,16.21,16.32,15.72,16.19,176640
2021-02-16 00:00:00+05:30,15.61,16.64,15.61,16.3,303310
2021-02-17 00:00:00+05:30,16.62,16.62,15.57,15.99,180290
2021-02-18 00:00:00+05:30,15.96,16.37,15.89,15.99,196240
2021-02-19 00:00:00+05:30,16.28,16.36,15.29,15.51,236590
2021-02-22 00:00:00+05:30,15.7,16.04,15.0,15.65,155950
2021-02-23 00:00:00+05:30,15.85,15.85,15.09,15.53,134930
2021-02-24 00:00:00+05:30,15.46,16.2,15.16,15.45,95010
2021-02-25 00:00:00+05:30,15.51,15.85,15.42,15.59,217620
2021-02-26 00:00:00+05:30,15.23,15.84,15.23,15.6,193060
2021-03-01 00:00:00+05:30,15.6,16.38,15.6,16.38,374200
2021-03-02 00:00:00+05:30,16.57,17.2,16.57,17.2,246080
2021-03-03 00:00:00+05:30,18.05,18.06,18.05,18.06,81150
2021-03-04 00:00:00+05:30,18.83,18.96,18.23,18.96,1109090
2021-03-05 00:00:00+05:30,19.28,19.89,18.57,18.72,1023450
2021-03-08 00:00:00+05:30,19.66,19.66,19.65,19.66,208890
2021-03-09 00:00:00+05:30,20.64,20.64,20.64,20.64,88900
2021-03-10 00:00:00+05:30,21.67,21.67,21.67,21.67,201870
2021-03-12 00:00:00+05:30,22.75,22.75,20.59,21.86,4027590
2021-03-15 00:00:00+05:30,22.72,22.96,20.93,22.96,893940
2021-03-16 00:00:00+05:30,23.92,24.1,23.42,24.1,289130
2021-03-17 00:00:00+05:30,25.3,25.3,24.21,24.36,1272020
2021-03-18 00:00:00+05:30,24.4,25.05,23.15,23.15,802360
2021-03-19 00:00:00+05:30,22.38,23.32,22.0,23.04,385630
2021-03-22 00:00:00+05:30,23.07,23.14,21.89,21.89,286650
2021-03-23 00:00:00+05:30,21.45,22.88,20.8,20.81,1285680
2021-03-24 00:00:00+05:30,20.49,20.68,19.77,19.77,525140
2021-03-25 00:00:00+05:30,19.02,19.02,18.78,18.78,116430
2021-03-26 00:00:00+05:30,18.58,19.72,18.58,19.68,429290
2021-03-30 00:00:00+05:30,19.9,20.58,18.7,18.74,549680
2021-03-31 00:00:00+05:30,18.76,18.9,18.17,18.43,234650
2021-04-01 00:00:00+05:30,18.43,19.35,18.23,19.35,296710
2021-04-05 00:00:00+05:30,19.79,20.31,18.57,20.27,489510
2021-04-06 00:00:00+05:30,20.94,20.94,19.69,20.09,250820
2021-04-07 00:00:00+05:30,20.1,20.49,19.24,19.65,280450
2021-04-08 00:00:00+05:30,19.6,20.24,18.99,19.12,265000
2021-04-09 00:00:00+05:30,19.09,19.72,18.76,18.89,295340
2021-04-12 00:00:00+05:30,18.93,18.93,17.0,17.01,451510
2021-04-13 00:00:00+05:30,17.36,17.47,15.6,15.9,980520
2021-04-15 00:00:00+05:30,16.55,17.49,16.03,17.49,686630
2021-04-16 00:00:00+05:30,18.58,18.8,16.82,17.54,1379480
2021-04-19 00:00:00+05:30,17.22,17.22,16.08,16.45,471070
2021-04-20 00:00:00+05:30,16.47,18.02,16.47,17.24,576050
2021-04-22 00:00:00+05:30,17.26,18.02,16.56,17.64,502120
2021-04-23 00:00:00+05:30,18.02,18.02,17.02,17.13,331280
2021-04-26 00:00:00+05:30,17.08,18.23,16.95,17.02,495650
2021-04-27 00:00:00+05:30,17.34,17.43,16.55,16.64,1012570
2021-04-28 00:00:00+05:30,17.17,17.17,16.63,16.74,505510
2021-04-29 00:00:00+05:30,17.08,17.52,16.43,16.5,851140
2021-04-30 00:00:00+05:30,16.03,16.32,15.41,15.69,1134650
2021-05-03 00:00:00+05:30,15.64,16.26,15.29,15.59,610490
2021-05-04 00:00:00+05:30,16.09,17.15,15.86,17.03,2673490
2021-05-05 00:00:00+05:30,17.25,17.57,16.44,16.74,888430
2021-05-06 00:00:00+05:30,16.91,18.27,16.5,17.91,975850
2021-05-07 00:00:00+05:30,18.01,19.28,17.47,18.2,1227310
2021-05-10 00:00:00+05:30,18.22,20.02,18.2,20.02,1769060
2021-05-11 00:00:00+05:30,20.03,21.02,19.8,19.94,1281270
2021-05-12 00:00:00+05:30,19.81,20.93,19.24,20.79,1608860
2021-05-14 00:00:00+05:30,21.3,21.83,20.96,21.79,1357880
2021-05-17 00:00:00+05:30,22.44,22.72,21.05,21.39,1247040
2021-05-18 00:00:00+05:30,20.97,22.46,20.75,21.34,5906550
2021-05-19 00:00:00+05:30,21.92,22.41,21.83,22.41,1858540
2021-05-20 00:00:00+05:30,23.53,23.53,23.53,23.53,354520
2021-05-21 00:00:00+05:30,24.7,24.7,24.06,24.7,2052610
2021-05-24 00:00:00+05:30,24.54,24.54,23.47,23.47,827840
2021-05-25 00:00:00+05:30,22.3,22.89,22.3,22.3,239930
2021-05-26 00:00:00+05:30,21.19,23.41,21.19,23.2,2143400
2021-05-27 00:00:00+05:30,22.36,24.21,22.36,23.32,251220
2021-05-28 00:00:00+05:30,24.04,24.04,22.28,22.85,381410
2021-05-31 00:00:00+05:30,22.72,23.25,21.76,22.4,306740
2021-06-01 00:00:00+05:30,22.37,22.78,21.83,22.23,140140
2021-06-02 00:00:00+05:30,22.54,22.54,21.58,21.89,113250
2021-06-03 00:00:00+05:30,21.79,22.45,21.26,22.0,198230
2021-06-04 00:00:00+05:30,22.35,22.59,22.01,22.37,122960
2021-06-07 00:00:00+05:30,22.47,22.81,21.86,21.92,768160
2021-06-08 00:00:00+05:30,21.92,22.63,21.32,21.6,319690
2021-06-09 00:00:00+05:30,22.0,22.19,21.31,21.56,268940
2021-06-10 00:00:00+05:30,21.98,21.99,21.31,21.62,94100
2021-06-11 00:00:00+05:30,21.66,22.19,21.13,21.15,294730
2021-06-14 00:00:00+05:30,21.31,21.58,20.1,21.44,202380
2021-06-15 00:00:00+05:30,21.62,22.28,20.96,21.68,169500
2021-06-17 00:00:00+05:30,22.28,23.26,21.8,23.17,1163690
2021-06-18 00:00:00+05:30,23.33,23.95,22.31,22.59,274860
2021-06-21 00:00:00+05:30,22.59,23.6,22.01,22.77,236260
2021-06-22 00:00:00+05:30,23.69,23.76,22.01,22.74,97460
2021-06-23 00:00:00+05:30,22.07,23.33,22.07,22.76,205390
2021-06-24 00:00:00+05:30,23.07,23.59,22.45,22.89,176710
2021-06-25 00:00:00+05:30,23.33,23.33,22.21,22.7,338400
2021-06-28 00:00:00+05:30,22.98,23.03,21.79,21.88,429350
2021-06-29 00:00:00+05:30,22.72,22.97,21.66,22.97,6072150
2021-06-30 00:00:00+05:30,24.11,24.11,24.11,24.11,100940
2021-07-01 00:00:00+05:30,25.31,25.31,25.31,25.31,85580
2021-07-02 00:00:00+05:30,26.58,26.58,25.54,26.57,1614010
2021-07-05 00:00:00+05:30,25.27,26.76,25.27,26.06,659470
2021-07-06 00:00:00+05:30,26.15,27.2,24.76,26.77,535540
2021-07-07 00:00:00+05:30,26.68,26.68,25.71,26.05,178700
2021-07-08 00:00:00+05:30,26.17,26.5,25.97,26.03,269820
2021-07-09 00:00:00+05:30,25.8,27.11,25.36,26.16,147980
2021-07-12 00:00:00+05:30,26.94,26.94,25.98,26.03,106240
2021-07-13 00:00:00+05:30,26.03,26.77,25.98,26.34,142960
2021-07-14 00:00:00+05:30,26.68,26.68,25.54,26.11,180730
2021-07-15 00:00:00+05:30,26.28,26.42,24.92,25.6,98390
2021-07-16 00:00:00+05:30,25.58,25.89,24.33,25.73,116880
2021-07-19 00:00:00+05:30,24.57,25.62,24.57,25.21,87930
2021-07-20 00:00:00+05:30,24.84,25.88,23.99,25.6,235290
2021-07-22 00:00:00+05:30,26.15,26.33,25.09,25.15,153310
2021-07-23 00:00:00+05:30,25.7,25.98,23.96,24.43,215440
2021-07-26 00:00:00+05:30,23.8,25.14,23.8,24.3,293430
2021-07-27 00:00:00+05:30,24.82,25.45,23.09,23.1,521070
2021-07-28 00:00:00+05:30,23.1,24.25,22.3,24.17,341570
2021-07-29 00:00:00+05:30,24.83,25.38,24.39,25.38,357250
2021-07-30 00:00:00+05:30,26.15,26.17,24.69,25.37,364330
2021-08-02 00:00:00+05:30,25.87,26.64,25.2,26.64,628630
2021-08-03 00:00:00+05:30,27.21,27.97,25.31,27.97,1311440
2021-08-04 00:00:00+05:30,27.74,28.91,26.85,27.5,1222690
2021-08-05 00:00:00+05:30,27.21,28.07,26.13,26.96,1039810
2021-08-06 00:00:00+05:30,26.43,27.12,25.98,26.05,350570
2021-08-09 00:00:00+05:30,26.15,26.77,25.54,25.61,373280
2021-08-10 00:00:00+05:30,25.69,25.85,24.33,24.84,241120
2021-08-11 00:00:00+05:30,23.95,25.17,23.6,24.87,382910
2021-08-12 00:00:00+05:30,25.36,25.62,24.33,25.24,239560
2021-08-13 00:00:00+05:30,25.36,25.61,23.98,24.31,461950
2021-08-16 00:00:00+05:30,23.1,23.62,23.1,23.44,541400
2021-08-17 00:00:00+05:30,23.6,24.02,22.9,23.03,171580
2021-08-18 00:00:00+05:30,22.98,23.42,22.54,22.74,99210
2021-08-20 00:00:00+05:30,22.74,22.74,21.6,21.62,600380
2021-08-23 00:00:00+05:30,22.09,22.45,20.69,20.82,213320
2021-08-24 00:00:00+05:30,20.83,21.86,20.3,21.86,288890
2021-08-25 00:00:00+05:30,22.63,22.81,21.92,22.14,165400
2021-08-26 00:00:00+05:30,22.72,22.72,22.24,22.49,164880
2021-08-27 00:00:00+05:30,22.7,22.71,22.11,22.43,234930
2021-08-30 00:00:00+05:30,22.45,23.5,22.45,23.18,106850
2021-08-31 00:00:00+05:30,23.42,23.95,23.33,23.47,147030
2021-09-01 00:00:00+05:30,23.99,24.64,23.52,24.64,273680
2021-09-02 00:00:00+05:30,24.75,25.87,24.75,25.32,794000
2021-09-03 00:00:00+05:30,25.71,26.33,24.06,24.06,1222700
2021-09-06 00:00:00+05:30,24.02,24.13,23.25,23.31,163920
2021-09-07 00:00:00+05:30,23.67,23.67,22.15,22.31,490490
2021-09-08 00:00:00+05:30,22.86,22.9,21.48,21.72,1787740
2021-09-09 00:00:00+05:30,21.75,22.81,21.75,22.25,491490
2021-09-13 00:00:00+05:30,22.7,23.32,22.28,23.23,272530
2021-09-14 00:00:00+05:30,23.33,24.3,23.14,23.66,307710
2021-09-15 00:00:00+05:30,23.48,24.21,22.99,23.77,632750
2021-09-16 00:00:00+05:30,24.3,24.57,23.96,24.19,182710
2021-09-17 00:00:00+05:30,24.56,24.63,22.98,23.11,220030
2021-09-20 00:00:00+05:30,22.97,23.67,22.32,22.84,577410
2021-09-21 00:00:00+05:30,22.67,23.15,22.01,22.59,431890
2021-09-22 00:00:00+05:30,22.59,23.27,22.37,22.83,236040
2021-09-23 00:00:00+05:30,23.51,23.51,22.48,22.62,274540
2021-09-24 00:00:00+05:30,22.77,22.89,22.28,22.5,109260
2021-09-27 00:00:00+05:30,22.63,23.07,22.01,22.26,140030
2021-09-28 00:00:00+05:30,22.68,23.32,22.12,22.65,371260
2021-09-29 00:00:00+05:30,22.29,22.81,21.69,21.86,397470
2021-09-30 00:00:00+05:30,21.95,22.59,21.45,22.3,545450
2021-10-01 00:00:00+05:30,21.86,22.54,21.86,22.47,103100
2021-10-04 00:00:00+05:30,22.89,23.59,22.55,23.38,625480
2021-10-05 00:00:00+05:30,23.43,24.47,23.42,24.08,442330
2021-10-06 00:00:00+05:30,24.45,24.67,23.35,23.51,357850
2021-10-07 00:00:00+05:30,24.37,24.37,23.1,23.39,195740
2021-10-08 00:00:00+05:30,23.66,23.68,22.74,22.96,392600
2021-10-11 00:00:00+05:30,22.96,23.41,22.46,22.86,524380
2021-10-12 00:00:00+05:30,23.15,23.15,22.47,22.63,340310
2021-10-13 00:00:00+05:30,22.61,22.9,22.46,22.64,251350
2021-10-14 00:00:00+05:30,22.87,22.87,22.19,22.32,311700
2021-10-18 00:00:00+05:30,22.62,22.87,22.06,22.27,296350
2021-10-19 00:00:00+05:30,22.27,22.62,21.89,22.01,168680
2021-10-20 00:00:00+05:30,22.32,22.89,21.84,22.53,155400
2021-10-21 00:00:00+05:30,22.81,22.81,21.36,21.51,206880
2021-10-22 00:00:00+05:30,21.75,22.17,21.57,21.89,81530
2021-10-25 00:00:00+05:30,21.92,22.19,21.59,22.06,560850
2021-10-26 00:00:00+05:30,22.36,22.37,22.08,22.19,120460
2021-10-27 00:00:00+05:30,22.44,24.21,22.12,24.01,600570
2021-10-28 00:00:00+05:30,24.21,26.41,23.33,25.22,783750
2021-10-29 00:00:00+05:30,25.89,25.89,23.55,23.84,871240
2021-11-01 00:00:00+05:30,23.34,24.65,23.34,24.14,1346120
2021-11-02 00:00:00+05:30,24.81,25.97,24.32,25.51,1477510
2021-11-03 00:00:00+05:30,26.14,26.14,23.64,24.3,741290
2021-11-04 00:00:00+05:30,25.01,26.14,24.65,25.61,338770
2021-11-08 00:00:00+05:30,25.54,28.17,25.46,28.17,2021260
2021-11-09 00:00:00+05:30,28.95,30.73,25.38,30.04,7101820
2021-11-10 00:00:00+05:30,30.2,31.24,28.3,29.88,1877690
2021-11-11 00:00:00+05:30,29.5,30.05,28.48,29.01,894650
2021-11-12 00:00:00+05:30,29.67,31.87,29.07,31.29,1613190
2021-11-15 00:00:00+05:30,30.5,31.43,29.95,30.56,897090
2021-11-16 00:00:00+05:30,30.56,31.39,29.2,29.67,1387990
2021-11-17 00:00:00+05:30,29.46,30.37,29.15,29.33,398350
2021-11-18 00:00:00+05:30,29.76,29.76,27.86,27.97,495840
2021-11-22 00:00:00+05:30,28.11,28.11,26.57,26.91,513630
2021-11-23 00:00:00+05:30,26.61,28.18,26.43,27.78,341560
2021-11-24 00:00:00+05:30,28.06,29.16,27.79,29.15,896710
2021-11-25 00:00:00+05:30,29.41,30.47,28.69,29.26,889940
2021-11-26 00:00:00+05:30,28.54,29.04,27.79,27.99,639400
2021-11-29 00:00:00+05:30,27.38,27.89,26.68,27.57,201160
2021-11-30 00:00:00+05:30,28.09,28.21,27.38,27.45,356530
2021-12-01 00:00:00+05:30,27.29,28.04,27.21,27.79,397220
2021-12-02 00:00:00+05:30,27.56,28.17,27.3,27.93,148340
2021-12-03 00:00:00+05:30,28.43,29.33,28.35,29.33,337270
2021-12-06 00:00:00+05:30,30.64,30.79,30.03,30.79,374990
2021-12-07 00:00:00+05:30,32.11,32.33,31.35,32.33,1162320
2021-12-08 00:00:00+05:30,32.94,33.94,32.14,33.66,2040090
2021-12-09 00:00:00+05:30,34.08,34.65,32.38,34.11,929690
2021-12-10 00:00:00+05:30,33.37,33.72,32.94,33.08,451230
2021-12-13 00:00:00+05:30,33.46,33.71,31.81,32.13,549430
2021-12-14 00:00:00+05:30,31.72,33.73,31.26,33.72,514110
2021-12-15 00:00:00+05:30,34.73,35.39,33.73,34.45,993320
2021-12-16 00:00:00+05:30,35.02,35.48,32.73,33.81,487300
2021-12-17 00:00:00+05:30,34.25,35.5,33.37,35.42,1008230
2021-12-20 00:00:00+05:30,34.89,34.95,33.65,33.67,706280
2021-12-21 00:00:00+05:30,33.9,34.34,32.76,34.02,456990
2021-12-22 00:00:00+05:30,34.34,34.69,33.51,33.89,433750
2021-12-23 00:00:00+05:30,34.16,35.58,33.68,35.58,438140
2021-12-24 00:00:00+05:30,37.36,37.36,35.79,37.36,1237880
2021-12-27 00:00:00+05:30,38.13,38.13,35.73,36.92,952220
2021-12-28 00:00:00+05:30,37.41,38.74,36.67,36.79,772560
2021-12-29 00:00:00+05:30,36.89,37.32,35.92,36.28,313060
2021-12-30 00:00:00+05:30,36.28,36.71,34.46,34.48,1460180
2021-12-31 00:00:00+05:30,34.25,36.19,33.04,33.47,865490
2022-01-03 00:00:00+05:30,33.45,34.77,32.58,32.72,1031400
2022-01-04 00:00:00+05:30,32.93,33.28,32.05,32.56,664950
2022-01-05 00:00:00+05:30,32.58,33.01,31.35,31.87,874200
2022-01-06 00:00:00+05:30,31.87,32.91,31.57,32.12,916130
2022-01-07 00:00:00+05:30,32.4,32.93,31.41,31.76,768720
2022-01-10 00:00:00+05:30,32.22,33.34,31.67,33.34,1579260
2022-01-11 00:00:00+05:30,34.34,34.93,33.03,33.6,1255080
2022-01-12 00:00:00+05:30,33.81,34.34,31.93,31.99,1069020
2022-01-13 00:00:00+05:30,32.13,32.31,30.61,31.0,708060
2022-01-14 00:00:00+05:30,30.64,31.95,30.01,31.04,513530
2022-01-17 00:00:00+05:30,30.52,31.95,30.52,31.71,393410
2022-01-18 00:00:00+05:30,31.79,32.49,30.21,30.52,450590
2022-01-19 00:00:00+05:30,30.47,30.99,29.85,30.06,337670
2022-01-20 00:00:00+05:30,30.38,31.16,30.03,30.54,522500
2022-01-21 00:00:00+05:30,29.73,31.14,29.41,29.85,917690
2022-01-24 00:00:00+05:30,30.11,31.08,28.36,28.47,1335740
2022-01-25 00:00:00+05:30,27.84,29.89,27.84,29.89,1008820
2022-01-27 00:00:00+05:30,29.94,31.39,29.89,31.39,644710
2022-01-28 00:00:00+05:30,32.28,32.95,31.37,31.8,1137200
2022-01-31 00:00:00+05:30,32.4,32.76,30.92,31.33,378920
2022-02-01 00:00:00+05:30,31.69,32.13,30.46,30.62,719470
2022-02-02 00:00:00+05:30,30.98,31.6,30.39,30.55,553950
2022-02-03 00:00:00+05:30,30.81,32.08,29.94,31.8,527750
2022-02-04 00:00:00+05:30,31.96,33.39,31.79,33.39,769270
2022-02-07 00:00:00+05:30,34.31,35.22,31.4,33.53,1411300
2022-02-08 00:00:00+05:30,34.16,34.88,32.16,33.37,586430
2022-02-09 00:00:00+05:30,32.84,33.9,32.84,33.59,339960
2022-02-10 00:00:00+05:30,33.8,34.78,32.61,33.95,695940
2022-02-11 00:00:00+05:30,33.3,34.6,32.73,34.02,580260
2022-02-14 00:00:00+05:30,31.87,33.08,30.82,31.18,1188190
2022-02-15 00:00:00+05:30,31.52,34.16,30.91,33.64,974880
2022-02-16 00:00:00+05:30,33.47,37.01,33.47,36.76,2083900
2022-02-17 00:00:00+05:30,38.3,39.13,37.01,37.32,1620760
2022-02-18 00:00:00+05:30,37.77,37.85,34.66,35.61,645060
2022-02-21 00:00:00+05:30,35.6,35.74,32.72,33.05,955880
2022-02-22 00:00:00+05:30,32.49,33.9,31.45,33.02,804050
2022-02-23 00:00:00+05:30,33.42,34.33,32.17,33.49,315850
2022-02-24 00:00:00+05:30,31.99,33.32,30.16,30.47,904970
2022-02-25 00:00:00+05:30,31.25,33.46,31.25,32.55,687800
2022-02-28 00:00:00+05:30,32.4,33.28,31.27,32.65,248730
2022-03-02 00:00:00+05:30,33.46,34.25,32.87,34.06,369680
2022-03-03 00:00:00+05:30,34.3,37.37,34.03,36.32,950450
2022-03-04 00:00:00+05:30,35.18,36.63,35.13,35.69,353150
2022-03-07 00:00:00+05:30,35.13,35.22,32.16,33.06,1125280
2022-03-08 00:00:00+05:30,33.28,34.25,32.8,33.48,180290
2022-03-09 00:00:00+05:30,33.99,36.28,32.9,35.98,478480
2022-03-10 00:00:00+05:30,37.69,37.69,36.1,37.03,1395620
2022-03-11 00:00:00+05:30,36.89,38.3,36.54,37.66,356340
2022-03-14 00:00:00+05:30,38.19,39.09,37.12,38.45,598460
2022-03-15 00:00:00+05:30,38.83,41.82,37.42,38.69,1801740
2022-03-16 00:00:00+05:30,39.44,40.68,38.75,40.28,750730
2022-03-17 00:00:00+05:30,40.7,41.38,40.06,40.42,588820
2022-03-21 00:00:00+05:30,41.47,41.47,38.46,39.22,477940
2022-03-22 00:00:00+05:30,39.89,43.06,39.28,42.53,1992430
2022-03-23 00:00:00+05:30,42.78,44.29,41.65,42.44,1622950
2022-03-24 00:00:00+05:30,42.96,43.86,41.47,43.28,748210
2022-03-25 00:00:00+05:30,42.85,45.17,42.84,44.51,1489690
2022-03-28 00:00:00+05:30,44.8,47.36,42.44,46.37,1701980
2022-03-29 00:00:00+05:30,46.67,47.37,44.99,46.53,1329890
2022-03-30 00:00:00+05:30,47.37,47.41,46.23,47.01,323320
2022-03-31 00:00:00+05:30,47.11,49.13,45.71,47.56,1125080
2022-04-01 00:00:00+05:30,47.99,51.5,47.64,50.84,1722480
2022-04-04 00:00:00+05:30,50.84,51.77,48.43,49.7,1098940
2022-04-05 00:00:00+05:30,49.92,50.01,46.87,47.43,944480
2022-04-06 00:00:00+05:30,47.28,49.31,47.19,48.52,646070
2022-04-07 00:00:00+05:30,49.49,49.92,47.34,47.87,783320
2022-04-08 00:00:00+05:30,48.42,49.84,48.42,49.2,1176680
2022-04-11 00:00:00+05:30,49.31,52.98,48.61,51.05,2258450
2022-04-12 00:00:00+05:30,51.05,52.74,48.52,48.88,788490
2022-04-13 00:00:00+05:30,49.42,50.28,48.02,48.36,405490
2022-04-18 00:00:00+05:30,47.99,49.32,46.93,48.4,599220
2022-04-19 00:00:00+05:30,48.16,50.1,46.93,47.74,710800
2022-04-20 00:00:00+05:30,47.92,48.69,44.34,46.21,914480
2022-04-21 00:00:00+05:30,46.49,51.74,46.15,46.59,443870
2022-04-22 00:00:00+05:30,46.4,47.9,46.09,46.72,260670
2022-04-25 00:00:00+05:30,46.46,46.67,44.48,45.67,435360
2022-04-26 00:00:00+05:30,47.11,47.11,45.35,45.87,668620
2022-04-27 00:00:00+05:30,45.52,46.22,44.0,44.98,435960
2022-04-28 00:00:00+05:30,45.39,45.87,43.46,44.11,573980
2022-04-29 00:00:00+05:30,44.55,45.77,43.15,43.39,773250
2022-05-02 00:00:00+05:30,43.15,44.92,41.84,44.55,600740
2022-05-04 00:00:00+05:30,45.61,45.61,42.26,43.06,623950
2022-05-05 00:00:00+05:30,43.49,44.75,42.62,42.85,288250
2022-05-06 00:00:00+05:30,41.83,42.67,39.89,41.26,614500
2022-05-09 00:00:00+05:30,40.86,42.44,40.04,41.02,352330
2022-05-10 00:00:00+05:30,40.68,41.84,38.0,38.71,290610
2022-05-11 00:00:00+05:30,38.48,39.94,36.28,37.99,491350
2022-05-12 00:00:00+05:30,37.67,37.95,34.99,36.03,1101800
2022-05-13 00:00:00+05:30,36.72,38.74,35.52,36.43,719500
2022-05-16 00:00:00+05:30,36.87,37.93,36.19,37.26,234760
2022-05-17 00:00:00+05:30,37.68,39.18,37.16,38.55,366120
2022-05-18 00:00:00+05:30,39.09,39.53,37.01,37.39,365950
2022-05-19 00:00:00+05:30,37.31,37.37,35.53,36.28,204650
2022-05-20 00:00:00+05:30,37.42,41.72,36.98,39.31,1073010
2022-05-23 00:00:00+05:30,40.42,40.94,38.84,39.11,508820
2022-05-24 00:00:00+05:30,38.39,40.86,37.44,38.69,1959270
2022-05-25 00:00:00+05:30,40.94,40.97,35.39,35.91,1190940
2022-05-26 00:00:00+05:30,36.37,37.4,34.2,36.7,596550
2022-05-27 00:00:00+05:30,37.26,38.48,36.37,37.26,782570
2022-05-30 00:00:00+05:30,37.82,39.18,36.42,39.0,695450
2022-05-31 00:00:00+05:30,38.88,39.18,37.69,38.89,481110
2022-06-01 00:00:00+05:30,39.41,40.15,39.18,39.65,700780
2022-06-02 00:00:00+05:30,39.71,40.49,38.92,39.17,441540
2022-06-03 00:00:00+05:30,39.52,39.52,37.69,37.86,162960
2022-06-06 00:00:00+05:30,38.13,39.61,36.99,39.32,376160
2022-06-07 00:00:00+05:30,39.17,39.17,37.77,37.95,422940
2022-06-08 00:00:00+05:30,37.69,38.74,37.64,37.94,261700
2022-06-09 00:00:00+05:30,37.89,38.65,37.65,37.83,97510
2022-06-10 00:00:00+05:30,37.55,37.74,36.86,37.2,223160
2022-06-13 00:00:00+05:30,36.28,37.2,34.97,35.26,725010
2022-06-14 00:00:00+05:30,35.73,35.81,34.55,35.25,301480
2022-06-15 00:00:00+05:30,35.63,35.75,34.95,35.12,353810
2022-06-16 00:00:00+05:30,35.63,36.81,33.74,34.14,478220
2022-06-17 00:00:00+05:30,33.55,34.69,32.57,33.77,221570
2022-06-20 00:00:00+05:30,34.85,34.85,30.65,31.46,535920
2022-06-21 00:00:00+05:30,32.93,33.81,31.98,32.23,356660
2022-06-22 00:00:00+05:30,31.52,32.9,31.21,32.45,196990
2022-06-23 00:00:00+05:30,33.28,33.79,31.91,33.35,271080
2022-06-24 00:00:00+05:30,33.73,36.53,33.73,36.23,402800
2022-06-27 00:00:00+05:30,36.86,38.73,36.55,36.89,360930
2022-06-28 00:00:00+05:30,36.25,37.49,36.19,36.82,157750
2022-06-29 00:00:00+05:30,36.63,37.21,36.1,36.25,197140
2022-06-30 00:00:00+05:30,36.67,37.51,35.75,36.38,190230
2022-07-01 00:00:00+05:30,36.45,36.63,34.17,36.54,454770
2022-07-04 00:00:00+05:30,36.41,39.09,36.41,38.57,833510
2022-07-05 00:00:00+05:30,39.27,39.27,37.12,37.45,199640
2022-07-06 00:00:00+05:30,38.17,38.17,36.92,37.13,209210
2022-07-07 00:00:00+05:30,37.77,38.83,37.29,38.64,480640
2022-07-08 00:00:00+05:30,37.95,39.53,37.95,38.89,179890
2022-07-11 00:00:00+05:30,39.61,39.62,38.13,39.39,425930
2022-07-12 00:00:00+05:30,39.62,39.98,38.0,38.53,172240
2022-07-13 00:00:00+05:30,38.77,39.01,37.33,37.67,381020
2022-07-14 00:00:00+05:30,37.9,37.9,36.58,37.07,163550
2022-07-15 00:00:00+05:30,37.77,37.77,35.68,36.81,410400
2022-07-18 00:00:00+05:30,37.5,37.69,36.55,37.25,179340
2022-07-19 00:00:00+05:30,37.28,39.98,36.81,39.7,886340
2022-07-20 00:00:00+05:30,40.22,40.59,39.09,39.39,969510
2022-07-21 00:00:00+05:30,40.06,40.86,38.88,40.08,809800
2022-07-22 00:00:00+05:30,40.37,41.25,40.05,40.46,679790
2022-07-25 00:00:00+05:30,40.77,41.72,39.62,40.69,614620
2022-07-26 00:00:00+05:30,40.33,41.37,39.2,39.38,288330
2022-07-27 00:00:00+05:30,39.79,39.8,38.57,38.81,214440
2022-07-28 00:00:00+05:30,39.53,39.78,38.91,39.22,264130
2022-07-29 00:00:00+05:30,39.61,40.41,39.47,39.87,361660
2022-08-01 00:00:00+05:30,39.18,41.16,39.18,39.44,429520
2022-08-02 00:00:00+05:30,39.83,41.03,39.37,39.89,925930
2022-08-03 00:00:00+05:30,39.98,41.56,39.62,40.38,915420
2022-08-04 00:00:00+05:30,40.94,41.25,39.62,40.7,508100
2022-08-05 00:00:00+05:30,41.47,42.18,40.69,41.8,1176580
2022-08-08 00:00:00+05:30,45.79,49.19,45.17,46.62,7070490
2022-08-10 00:00:00+05:30,47.9,50.07,46.5,48.7,4302550
2022-08-11 00:00:00+05:30,48.7,49.24,46.28,47.23,1551400
2022-08-12 00:00:00+05:30,47.26,48.3,46.67,47.03,796510
2022-08-16 00:00:00+05:30,47.54,48.08,45.74,46.48,803570
2022-08-17 00:00:00+05:30,46.67,48.43,45.79,47.82,872350
2022-08-18 00:00:00+05:30,48.38,50.5,48.25,49.15,1691320
2022-08-19 00:00:00+05:30,49.66,50.81,46.76,49.28,2050820
2022-08-22 00:00:00+05:30,48.25,49.92,47.75,49.29,1037440
2022-08-23 00:00:00+05:30,49.22,51.0,47.99,48.98,889380
2022-08-24 00:00:00+05:30,49.66,52.82,49.04,51.18,4718600
2022-08-25 00:00:00+05:30,51.77,52.39,50.28,50.55,1000240
2022-08-26 00:00:00+05:30,51.42,54.94,51.07,54.19,4155160
2022-08-29 00:00:00+05:30,52.81,57.12,51.39,56.35,4362390
2022-08-30 00:00:00+05:30,57.04,58.2,55.47,55.69,2216540
2022-09-01 00:00:00+05:30,55.37,56.35,54.42,55.56,1238300
2022-09-02 00:00:00+05:30,56.31,57.23,55.07,55.68,708120
2022-09-05 00:00:00+05:30,56.08,56.96,54.9,55.16,649040
2022-09-06 00:00:00+05:30,55.21,55.83,53.16,53.51,820270
2022-09-07 00:00:00+05:30,53.8,55.65,53.54,54.69,777600
2022-09-08 00:00:00+05:30,55.43,55.43,53.83,54.06,545220
2022-09-09 00:00:00+05:30,54.06,54.94,51.86,52.29,1148650
2022-09-12 00:00:00+05:30,52.79,56.81,52.74,55.17,2046880
2022-09-13 00:00:00+05:30,55.65,59.47,55.51,57.07,3739780
2022-09-14 00:00:00+05:30,56.44,58.16,56.44,57.04,1023710
2022-09-15 00:00:00+05:30,58.01,58.29,56.11,57.54,1098370
2022-09-16 00:00:00+05:30,57.23,57.74,52.46,53.83,1861150
2022-09-19 00:00:00+05:30,53.8,54.24,50.73,51.19,1559210
2022-09-20 00:00:00+05:30,51.84,52.53,49.92,50.58,1538890
2022-09-21 00:00:00+05:30,50.72,53.72,50.19,52.01,2254360
2022-09-22 00:00:00+05:30,51.95,52.48,51.17,51.88,814640
2022-09-23 00:00:00+05:30,51.69,52.21,50.28,50.6,601520
2022-09-26 00:00:00+05:30,50.01,50.19,46.4,47.28,2027170
2022-09-27 00:00:00+05:30,47.72,48.85,46.17,47.33,874940
2022-09-28 00:00:00+05:30,47.58,47.58,44.98,45.8,697200
2022-09-29 00:00:00+05:30,46.14,48.17,45.96,46.67,689170
2022-09-30 00:00:00+05:30,47.11,47.11,46.05,46.54,510580
2022-10-03 00:00:00+05:30,46.54,47.11,45.35,45.84,653040
2022-10-04 00:00:00+05:30,46.31,47.94,45.96,47.26,700720
2022-10-06 00:00:00+05:30,47.92,48.58,46.84,47.47,498860
2022-10-07 00:00:00+05:30,47.46,48.16,46.88,47.13,395690
2022-10-10 00:00:00+05:30,46.83,46.83,43.94,44.17,1345790
2022-10-11 00:00:00+05:30,44.46,47.09,42.63,45.1,2108620
2022-10-12 00:00:00+05:30,45.79,46.05,43.15,43.49,957760
2022-10-13 00:00:00+05:30,43.41,44.62,42.71,42.89,576640
2022-10-14 00:00:00+05:30,43.66,44.64,42.44,42.86,877010
2022-10-17 00:00:00+05:30,43.14,43.92,41.47,42.08,1135750
2022-10-18 00:00:00+05:30,42.54,42.92,42.01,42.23,660150
2022-10-19 00:00:00+05:30,42.53,42.86,41.82,41.93,564800
2022-10-20 00:00:00+05:30,41.87,42.53,41.06,42.11,378620
2022-10-21 00:00:00+05:30,42.53,42.63,41.21,41.39,500630
2022-10-24 00:00:00+05:30,42.09,43.59,41.21,43.16,413510
2022-10-25 00:00:00+05:30,43.64,44.38,41.91,42.1,652160
2022-10-27 00:00:00+05:30,42.5,42.76,39.41,40.07,2479170
2022-10-28 00:00:00+05:30,40.48,41.63,39.72,39.91,510250
2022-10-31 00:00:00+05:30,40.23,40.33,35.48,36.43,5095220
2022-11-01 00:00:00+05:30,36.37,38.2,35.82,37.95,1602370
2022-11-02 00:00:00+05:30,37.95,38.39,36.09,37.33,1710690
2022-11-03 00:00:00+05:30,37.25,37.62,35.97,36.1,963570
2022-11-04 00:00:00+05:30,36.01,37.05,35.84,36.15,782050
2022-11-07 00:00:00+05:30,36.16,36.4,35.49,35.82,714290
2022-11-09 00:00:00+05:30,39.62,40.92,36.9,39.69,13223820
2022-11-10 00:00:00+05:30,39.53,39.85,38.36,39.3,1787650
2022-11-11 00:00:00+05:30,38.95,41.76,38.95,39.2,1614450
2022-11-14 00:00:00+05:30,39.53,40.24,38.21,38.66,1419190
2022-11-15 00:00:00+05:30,38.87,38.92,37.2,37.39,1300770
2022-11-16 00:00:00+05:30,37.25,37.8,36.93,37.06,627100
2022-11-17 00:00:00+05:30,37.32,37.32,35.84,36.13,1197680
2022-11-18 00:00:00+05:30,36.1,36.19,34.79,35.0,1454660
2022-11-21 00:00:00+05:30,35.0,35.2,33.48,33.99,1098210
2022-11-22 00:00:00+05:30,33.99,34.93,32.72,33.6,2352350
2022-11-23 00:00:00+05:30,33.72,35.81,33.64,34.33,1579520
2022-11-24 00:00:00+05:30,34.6,34.69,33.3,33.59,1003360
2022-11-25 00:00:00+05:30,33.84,33.96,33.27,33.39,608330
2022-11-28 00:00:00+05:30,33.55,35.99,33.46,34.76,1884540
2022-11-29 00:00:00+05:30,35.15,37.27,35.14,35.92,1959350
2022-11-30 00:00:00+05:30,35.92,36.95,35.04,35.27,880440
2022-12-01 00:00:00+05:30,35.32,35.69,34.78,34.92,660870
2022-12-02 00:00:00+05:30,35.08,36.41,34.89,35.49,893150
2022-12-05 00:00:00+05:30,35.58,36.29,35.34,36.09,631570
2022-12-06 00:00:00+05:30,36.28,36.45,35.48,35.61,409750
2022-12-07 00:00:00+05:30,35.75,36.0,34.83,35.15,422820
2022-12-08 00:00:00+05:30,35.15,36.3,34.78,35.52,871580
2022-12-09 00:00:00+05:30,35.7,39.36,35.7,37.08,4990720
2022-12-12 00:00:00+05:30,37.42,40.15,37.42,39.69,4170050
2022-12-13 00:00:00+05:30,40.15,42.54,39.71,41.25,4770480
2022-12-14 00:00:00+05:30,41.38,42.22,40.77,41.87,2499730
2022-12-15 00:00:00+05:30,41.82,41.82,40.24,40.43,1064060
2022-12-16 00:00:00+05:30,40.41,41.12,39.45,39.77,1094740
2022-12-19 00:00:00+05:30,39.8,40.5,39.31,39.57,575050
2022-12-20 00:00:00+05:30,39.57,39.87,38.65,39.0,928220
2022-12-21 00:00:00+05:30,39.36,39.36,37.64,37.8,973620
2022-12-22 00:00:00+05:30,38.39,38.57,35.4,35.94,1281830
2022-12-23 00:00:00+05:30,35.22,36.26,34.38,34.58,1034170
2022-12-26 00:00:00+05:30,35.4,38.25,34.78,37.24,706430
2022-12-27 00:00:00+05:30,37.77,37.95,36.55,37.57,380710
2022-12-28 00:00:00+05:30,37.57,38.55,37.2,37.81,487400
2022-12-29 00:00:00+05:30,37.77,39.17,37.2,38.83,554410
2022-12-30 00:00:00+05:30,38.9,39.71,38.9,39.15,549110
2023-01-02 00:00:00+05:30,39.34,39.61,38.74,38.99,268530
2023-01-03 00:00:00+05:30,39.27,39.43,38.29,38.51,234730
2023-01-04 00:00:00+05:30,38.9,38.9,37.25,37.64,579470
2023-01-05 00:00:00+05:30,38.21,38.21,36.11,36.43,750490
2023-01-06 00:00:00+05:30,36.97,36.97,35.18,35.61,1052620
2023-01-09 00:00:00+05:30,36.01,36.64,35.22,35.45,860970
2023-01-10 00:00:00+05:30,35.63,35.91,34.82,35.08,433900
2023-01-11 00:00:00+05:30,35.57,36.2,35.21,35.47,444800
2023-01-12 00:00:00+05:30,35.64,36.01,35.08,35.35,309720
2023-01-13 00:00:00+05:30,35.36,35.59,34.7,35.42,366580
2023-01-16 00:00:00+05:30,35.64,36.01,34.39,35.19,389920
2023-01-17 00:00:00+05:30,35.21,36.45,35.03,35.13,626550
2023-01-18 00:00:00+05:30,35.41,36.37,35.13,36.15,504890
2023-01-19 00:00:00+05:30,35.88,36.28,35.35,35.59,289800
2023-01-20 00:00:00+05:30,35.67,36.24,35.66,35.89,278700
2023-01-23 00:00:00+05:30,36.28,36.45,35.41,35.53,162930
2023-01-24 00:00:00+05:30,35.66,36.16,35.55,35.76,228500
2023-01-25 00:00:00+05:30,35.84,36.26,34.96,35.08,294260
2023-01-27 00:00:00+05:30,35.35,35.56,33.82,34.86,647650
2023-01-30 00:00:00+05:30,34.86,35.21,33.46,33.74,328620
2023-01-31 00:00:00+05:30,33.46,33.63,32.27,32.6,1121540
2023-02-01 00:00:00+05:30,32.67,33.28,31.35,31.82,654190
2023-02-02 00:00:00+05:30,32.18,32.31,31.17,31.41,409890
2023-02-03 00:00:00+05:30,31.87,31.87,28.47,29.61,1566300
2023-02-06 00:00:00+05:30,29.59,31.52,29.5,30.14,973360
2023-02-07 00:00:00+05:30,29.76,29.94,27.74,28.15,2368580
2023-02-08 00:00:00+05:30,28.09,28.79,27.82,28.3,706990
2023-02-09 00:00:00+05:30,28.66,29.79,28.0,29.39,725530
2023-02-10 00:00:00+05:30,29.83,31.7,29.36,30.86,1209990
2023-02-13 00:00:00+05:30,29.67,29.85,28.23,29.44,1921890
2023-02-14 00:00:00+05:30,29.45,31.25,29.45,30.79,1385630
2023-02-15 00:00:00+05:30,30.14,31.0,30.14,30.8,432580
2023-02-16 00:00:00+05:30,30.73,31.29,30.11,30.55,457330
2023-02-17 00:00:00+05:30,30.55,31.26,29.96,30.21,472440
2023-02-20 00:00:00+05:30,30.38,30.38,29.51,30.01,276440
2023-02-21 00:00:00+05:30,30.29,30.38,29.33,29.59,380920
2023-02-22 00:00:00+05:30,29.59,29.63,28.79,29.3,276460
2023-02-23 00:00:00+05:30,29.3,29.37,28.53,28.68,300600
2023-02-24 00:00:00+05:30,28.63,29.39,28.01,28.21,369270
2023-02-27 00:00:00+05:30,28.21,28.44,27.47,27.75,190630
2023-02-28 00:00:00+05:30,27.73,28.43,27.72,27.88,166730
2023-03-01 00:00:00+05:30,27.78,29.48,27.78,28.91,268370
2023-03-02 00:00:00+05:30,28.97,30.38,28.96,29.62,494500
2023-03-03 00:00:00+05:30,29.94,30.21,29.33,29.72,443310
2023-03-06 00:00:00+05:30,30.62,31.26,29.99,30.8,681900
2023-03-08 00:00:00+05:30,30.65,31.18,30.03,30.93,346450
2023-03-09 00:00:00+05:30,30.2,31.29,30.13,30.45,319250
2023-03-10 00:00:00+05:30,30.03,30.26,29.09,29.37,371150
2023-03-13 00:00:00+05:30,29.7,29.77,27.68,27.88,1848430
2023-03-14 00:00:00+05:30,28.0,28.61,27.03,27.99,1646630
2023-03-15 00:00:00+05:30,28.22,28.55,26.87,27.33,445390
2023-03-16 00:00:00+05:30,27.19,27.32,26.08,26.23,914020
2023-03-17 00:00:00+05:30,28.53,28.53,24.16,24.72,2590360
2023-03-20 00:00:00+05:30,24.64,25.51,23.47,24.26,1011410
2023-03-21 00:00:00+05:30,24.62,25.09,23.43,24.64,1257600
2023-03-22 00:00:00+05:30,24.22,25.28,24.22,24.9,558250
2023-03-23 00:00:00+05:30,24.83,25.54,24.57,24.71,520930
2023-03-24 00:00:00+05:30,24.91,24.94,23.16,23.37,900850
2023-03-27 00:00:00+05:30,23.73,23.73,21.67,22.0,1071010
2023-03-28 00:00:00+05:30,22.0,22.39,20.63,20.97,2395380
2023-03-29 00:00:00+05:30,21.19,21.44,20.27,20.67,2424120
2023-03-31 00:00:00+05:30,20.98,24.43,20.69,23.05,8722300
2023-04-03 00:00:00+05:30,23.29,24.38,22.91,23.28,1627700
2023-04-05 00:00:00+05:30,23.58,26.24,23.35,24.84,3339570
2023-04-06 00:00:00+05:30,24.99,25.61,24.26,24.98,1085750
2023-04-10 00:00:00+05:30,25.35,26.14,24.24,24.46,1687750
2023-04-11 00:00:00+05:30,24.74,25.8,23.79,25.65,2128460
2023-04-12 00:00:00+05:30,25.65,26.32,25.39,25.9,1329260
2023-04-13 00:00:00+05:30,26.07,27.0,25.63,25.84,2379620
2023-04-17 00:00:00+05:30,25.7,25.7,22.83,23.8,2139150
2023-04-18 00:00:00+05:30,24.2,25.1,24.02,24.95,555890
2023-04-19 00:00:00+05:30,25.31,28.77,24.81,27.4,10174770
2023-04-20 00:00:00+05:30,27.13,28.4,27.0,27.64,1669630
2023-04-21 00:00:00+05:30,27.69,28.27,26.8,28.09,874160
2023-04-24 00:00:00+05:30,28.3,28.83,27.67,28.08,1053080
2023-04-25 00:00:00+05:30,28.11,28.69,27.95,28.5,691320
2023-04-26 00:00:00+05:30,28.57,29.61,28.16,28.32,1094430
2023-04-27 00:00:00+05:30,28.31,29.54,28.31,29.34,937550
2023-04-28 00:00:00+05:30,29.49,30.68,28.84,30.15,2176990
2023-05-02 00:00:00+05:30,30.0,30.68,29.53,29.72,995120
2023-05-03 00:00:00+05:30,29.67,29.67,27.7,27.97,1549080
2023-05-04 00:00:00+05:30,28.0,28.8,28.0,28.11,1474060
2023-05-05 00:00:00+05:30,28.3,28.4,26.65,26.94,1253310
2023-05-08 00:00:00+05:30,27.2,27.43,26.0,26.62,859690
2023-05-09 00:00:00+05:30,26.7,27.8,26.62,26.98,681880
2023-05-10 00:00:00+05:30,26.83,27.24,26.4,26.52,600880
2023-05-11 00:00:00+05:30,26.67,28.4,26.6,28.26,1712840
2023-05-12 00:00:00+05:30,28.48,30.0,28.07,29.43,2541640
2023-05-15 00:00:00+05:30,29.51,29.72,28.55,29.54,744390
2023-05-16 00:00:00+05:30,29.85,29.85,28.9,29.03,575640
2023-05-17 00:00:00+05:30,29.19,29.19,28.2,28.39,430020
2023-05-18 00:00:00+05:30,28.51,29.14,28.1,28.23,525900
2023-05-19 00:00:00+05:30,28.38,28.41,27.2,27.49,474090
2023-05-22 00:00:00+05:30,27.58,28.24,26.6,26.77,629180
2023-05-23 00:00:00+05:30,26.8,28.45,26.3,26.54,1489040
2023-05-24 00:00:00+05:30,26.54,27.43,26.5,27.06,490570
2023-05-25 00:00:00+05:30,27.3,27.77,26.8,26.88,1055370
2023-05-26 00:00:00+05:30,26.86,27.18,26.2,26.37,1001780
2023-05-29 00:00:00+05:30,26.57,27.0,25.63,25.8,1251850
2023-05-30 00:00:00+05:30,25.2,25.7,24.7,24.9,1147800
2023-05-31 00:00:00+05:30,24.9,26.74,24.25,26.34,2832530
2023-06-01 00:00:00+05:30,26.9,28.37,25.5,28.04,3419930
2023-06-02 00:00:00+05:30,28.5,30.43,28.2,30.12,5748070
2023-06-05 00:00:00+05:30,30.2,30.49,29.24,29.53,1515870
2023-06-06 00:00:00+05:30,29.5,32.5,29.5,31.19,7820830
2023-06-07 00:00:00+05:30,31.42,32.4,31.42,32.28,1943360
2023-06-08 00:00:00+05:30,32.28,32.7,31.12,31.21,1638370
2023-06-09 00:00:00+05:30,31.16,31.78,30.51,30.87,504260
2023-06-12 00:00:00+05:30,31.37,31.61,30.61,30.91,659050
2023-06-13 00:00:00+05:30,30.91,31.63,30.04,30.29,916740
2023-06-14 00:00:00+05:30,30.35,30.97,30.3,30.43,418000
2023-06-15 00:00:00+05:30,30.69,31.38,30.34,30.54,864100
2023-06-16 00:00:00+05:30,30.87,32.32,30.74,31.23,1815160
2023-06-19 00:00:00+05:30,31.51,31.79,30.69,30.88,630370
2023-06-20 00:00:00+05:30,31.0,31.38,30.81,30.9,555550
2023-06-21 00:00:00+05:30,31.27,32.2,31.1,31.1,924010
2023-06-22 00:00:00+05:30,31.38,31.68,30.8,30.85,522280
2023-06-23 00:00:00+05:30,31.16,31.19,30.0,30.53,569850
2023-06-26 00:00:00+05:30,30.22,30.78,29.61,29.95,544690
2023-06-27 00:00:00+05:30,29.82,31.3,29.82,30.5,687320
2023-06-28 00:00:00+05:30,30.77,31.16,29.8,30.13,706470
2023-06-30 00:00:00+05:30,30.2,30.7,29.7,29.8,762090
2023-07-03 00:00:00+05:30,30.2,30.5,29.82,30.07,619990
2023-07-04 00:00:00+05:30,30.25,30.36,29.23,29.28,765060
2023-07-05 00:00:00+05:30,29.3,29.8,28.68,29.1,899910
2023-07-06 00:00:00+05:30,28.92,29.67,28.9,29.35,789630
2023-07-07 00:00:00+05:30,29.47,29.85,28.93,29.01,589020
2023-07-10 00:00:00+05:30,29.19,29.8,28.91,29.38,732370
2023-07-11 00:00:00+05:30,29.89,29.9,29.01,29.8,759860
2023-07-12 00:00:00+05:30,30.0,31.22,29.46,29.48,2097410
2023-07-13 00:00:00+05:30,29.71,30.39,29.07,29.25,727360
2023-07-14 00:00:00+05:30,29.57,29.74,28.66,29.15,804480
2023-07-17 00:00:00+05:30,29.22,29.5,28.91,29.13,733620
2023-07-18 00:00:00+05:30,29.33,29.67,28.43,28.58,688530
2023-07-19 00:00:00+05:30,28.84,29.15,28.49,28.58,681000
2023-07-20 00:00:00+05:30,28.6,29.49,28.6,29.19,865490
2023-07-21 00:00:00+05:30,28.99,29.25,28.66,28.75,399470
2023-07-24 00:00:00+05:30,29.44,29.44,28.6,28.77,481240
2023-07-25 00:00:00+05:30,28.97,28.97,28.46,28.47,401430
2023-07-26 00:00:00+05:30,28.75,28.87,28.41,28.5,472580
2023-07-27 00:00:00+05:30,28.8,29.95,28.34,29.2,1815700
2023-07-28 00:00:00+05:30,29.45,29.68,28.4,28.7,953190
2023-07-31 00:00:00+05:30,28.72,29.24,28.23,28.49,794790
2023-08-01 00:00:00+05:30,28.58,29.11,28.52,29.0,416990
2023-08-02 00:00:00+05:30,29.02,29.4,28.3,28.41,647520
2023-08-03 00:00:00+05:30,28.46,29.18,28.33,28.87,484700
2023-08-04 00:00:00+05:30,28.78,29.76,28.71,29.0,793840
2023-08-07 00:00:00+05:30,28.95,29.55,28.8,29.23,710110
2023-08-08 00:00:00+05:30,29.34,29.56,28.26,28.6,1165280
2023-08-09 00:00:00+05:30,28.69,29.3,28.39,28.68,597270
2023-08-10 00:00:00+05:30,28.3,28.31,27.28,27.4,1760020
2023-08-11 00:00:00+05:30,27.5,27.63,26.8,26.99,651870
2023-08-14 00:00:00+05:30,26.93,28.09,26.12,27.5,898130
2023-08-16 00:00:00+05:30,27.27,27.59,26.8,27.43,211050
2023-08-17 00:00:00+05:30,27.4,27.8,26.82,26.97,432300
2023-08-18 00:00:00+05:30,26.99,27.26,26.4,26.65,393390
2023-08-21 00:00:00+05:30,26.51,27.2,26.51,27.05,410060
2023-08-22 00:00:00+05:30,27.24,27.34,26.99,27.0,278730
2023-08-23 00:00:00+05:30,27.2,27.3,26.89,26.91,347800
2023-08-24 00:00:00+05:30,27.15,27.37,26.74,27.02,327480
2023-08-25 00:00:00+05:30,27.07,29.28,26.92,28.76,3494210
2023-08-28 00:00:00+05:30,28.99,29.62,28.61,29.2,1341010
2023-08-29 00:00:00+05:30,29.07,29.7,28.61,28.65,1261770
2023-08-30 00:00:00+05:30,28.9,29.8,28.71,29.5,2573560
2023-08-31 00:00:00+05:30,29.6,31.5,29.48,31.1,6487290
2023-09-01 00:00:00+05:30,31.7,32.0,30.61,30.84,2690880
2023-09-04 00:00:00+05:30,31.08,31.47,30.22,31.26,1164310
2023-09-05 00:00:00+05:30,31.3,31.43,29.95,30.28,1033970
2023-09-06 00:00:00+05:30,30.28,30.79,29.63,29.7,1309070
2023-09-07 00:00:00+05:30,29.74,31.2,29.74,30.39,1803730
2023-09-08 00:00:00+05:30,30.66,30.98,30.11,30.29,847990
2023-09-11 00:00:00+05:30,30.54,31.45,30.4,30.71,1114090
2023-09-12 00:00:00+05:30,30.99,30.99,28.71,29.29,1637620
2023-09-13 00:00:00+05:30,29.29,29.69,28.85,29.54,568640
2023-09-14 00:00:00+05:30,29.97,30.35,29.5,29.8,453960
2023-09-15 00:00:00+05:30,29.8,30.74,29.74,29.9,748580
2023-09-18 00:00:00+05:30,30.1,30.13,29.22,29.42,435310
2023-09-20 00:00:00+05:30,29.35,29.61,28.84,29.18,539470
2023-09-21 00:00:00+05:30,29.15,29.51,28.45,28.66,464190
2023-09-22 00:00:00+05:30,28.75,29.28,28.46,28.76,404950
2023-09-25 00:00:00+05:30,28.7,28.78,27.81,28.05,611190
2023-09-26 00:00:00+05:30,28.2,28.3,27.68,27.88,538560
2023-09-27 00:00:00+05:30,27.88,28.15,27.32,27.7,669750
2023-09-28 00:00:00+05:30,27.7,28.4,27.54,27.67,721860
2023-09-29 00:00:00+05:30,27.85,27.99,27.04,27.17,829120
2023-10-03 00:00:00+05:30,27.2,27.5,27.05,27.5,371440
2023-10-04 00:00:00+05:30,27.47,27.59,27.01,27.26,249270
2023-10-05 00:00:00+05:30,27.47,27.7,27.24,27.62,339450
2023-10-06 00:00:00+05:30,27.84,28.4,27.6,28.3,383900
2023-10-09 00:00:00+05:30,28.11,28.11,27.26,27.49,424450
2023-10-10 00:00:00+05:30,27.48,28.48,27.48,28.19,432080
2023-10-11 00:00:00+05:30,28.01,28.89,28.01,28.8,410260
2023-10-12 00:00:00+05:30,28.85,29.0,28.5,28.82,220460
2023-10-13 00:00:00+05:30,28.99,29.78,28.1,28.82,1776920
2023-10-16 00:00:00+05:30,29.0,30.22,28.38,29.43,1352120
2023-10-17 00:00:00+05:30,29.7,29.78,28.56,28.97,534750
2023-10-18 00:00:00+05:30,29.21,29.95,28.9,29.14,811150
2023-10-19 00:00:00+05:30,29.48,34.96,29.48,34.96,20668110
2023-10-20 00:00:00+05:30,35.5,36.1,33.7,34.78,12031410
2023-10-23 00:00:00+05:30,35.0,35.9,32.69,33.11,3754230
2023-10-25 00:00:00+05:30,33.61,34.5,31.8,33.63,2284390
2023-10-26 00:00:00+05:30,33.58,33.94,32.06,33.69,1667400
2023-10-27 00:00:00+05:30,33.5,36.5,33.5,35.86,4899200
2023-10-30 00:00:00+05:30,36.58,38.5,36.16,36.54,6496320
2023-10-31 00:00:00+05:30,37.0,37.68,36.34,36.4,1780260
2023-11-01 00:00:00+05:30,36.73,37.45,35.07,36.22,2037700
2023-11-02 00:00:00+05:30,36.6,37.4,36.43,36.61,1125300
2023-11-03 00:00:00+05:30,36.89,37.35,36.5,36.6,760260
2023-11-06 00:00:00+05:30,36.89,37.3,34.0,34.6,2207960
2023-11-07 00:00:00+05:30,33.0,34.93,32.38,34.19,3049370
2023-11-08 00:00:00+05:30,34.2,36.5,34.2,35.77,2967080
2023-11-09 00:00:00+05:30,36.07,36.18,34.41,34.7,1244670
2023-11-10 00:00:00+05:30,34.8,34.88,33.5,34.45,957180
2023-11-12 00:00:00+05:30,34.79,34.95,34.6,34.68,418020
2023-11-13 00:00:00+05:30,34.8,34.8,33.86,34.1,662200
2023-11-15 00:00:00+05:30,34.39,35.6,34.0,34.94,1675850
2023-11-16 00:00:00+05:30,34.72,35.5,34.09,34.6,1895110
2023-11-17 00:00:00+05:30,34.79,36.4,34.77,34.92,5030650
2023-11-20 00:00:00+05:30,34.85,36.6,33.93,35.41,3218710
2023-11-21 00:00:00+05:30,35.88,35.9,35.04,35.21,1396700
2023-11-22 00:00:00+05:30,35.8,36.5,35.3,35.6,2372680
2023-11-23 00:00:00+05:30,35.87,39.6,35.87,37.87,14463160
2023-11-24 00:00:00+05:30,37.99,40.69,37.99,38.77,13165810
2023-11-28 00:00:00+05:30,39.68,40.43,37.85,38.0,4301080
2023-11-29 00:00:00+05:30,38.42,39.0,37.1,37.62,2460000
2023-11-30 00:00:00+05:30,37.8,38.54,37.1,38.15,1944860
2023-12-01 00:00:00+05:30,38.45,38.78,36.84,37.08,1711140
2023-12-04 00:00:00+05:30,37.5,38.43,37.18,37.78,1683210
2023-12-05 00:00:00+05:30,37.93,38.06,36.83,36.94,1480130
2023-12-06 00:00:00+05:30,37.11,37.36,36.33,36.54,1322810
2023-12-07 00:00:00+05:30,36.68,38.5,36.21,37.71,2888880
2023-12-08 00:00:00+05:30,37.92,37.99,36.56,37.16,2544970
2023-12-11 00:00:00+05:30,37.26,37.4,36.66,36.91,1089920
2023-12-12 00:00:00+05:30,36.99,37.24,36.61,36.74,728860
2023-12-13 00:00:00+05:30,36.74,37.8,36.7,36.99,1436590
2023-12-14 00:00:00+05:30,37.21,37.69,36.04,36.7,1320990
2023-12-15 00:00:00+05:30,37.04,37.42,36.59,36.67,752650
2023-12-18 00:00:00+05:30,36.8,37.07,35.93,36.21,1224760
2023-12-19 00:00:00+05:30,36.48,39.46,35.9,38.55,9566180
2023-12-20 00:00:00+05:30,39.0,39.5,36.31,36.66,4314960
2023-12-21 00:00:00+05:30,36.4,37.67,35.1,36.95,1836610
2023-12-22 00:00:00+05:30,37.2,38.51,37.2,37.95,2085970
2023-12-26 00:00:00+05:30,38.2,38.78,37.51,37.66,1175090
2023-12-27 00:00:00+05:30,37.91,38.45,37.16,37.31,1072360
2023-12-28 00:00:00+05:30,37.67,40.39,37.35,39.84,13978740
2023-12-29 00:00:00+05:30,40.2,40.5,38.73,39.17,3889240
2024-01-01 00:00:00+05:30,39.27,39.85,38.5,38.77,1337200
2024-01-02 00:00:00+05:30,38.95,39.07,37.26,38.16,2779040
2024-01-03 00:00:00+05:30,38.19,38.61,37.85,38.14,1364240
2024-01-04 00:00:00+05:30,38.5,39.14,37.6,38.02,1902080
2024-01-05 00:00:00+05:30,38.18,38.5,37.55,38.02,1215450
2024-01-08 00:00:00+05:30,38.25,38.9,37.06,37.32,1702360
2024-01-09 00:00:00+05:30,37.6,38.45,37.53,37.84,1645470
2024-01-10 00:00:00+05:30,38.17,39.4,37.5,37.8,3234450
2024-01-11 00:00:00+05:30,38.0,38.6,37.43,37.71,940140
2024-01-12 00:00:00+05:30,37.92,38.38,37.6,37.78,916600
2024-01-15 00:00:00+05:30,38.31,38.85,37.51,37.59,1759090
2024-01-16 00:00:00+05:30,37.61,38.15,37.18,37.55,1165020
2024-01-17 00:00:00+05:30,37.49,37.8,36.6,37.13,1298870
2024-01-18 00:00:00+05:30,37.36,37.43,35.7,36.67,1836700
2024-01-19 00:00:00+05:30,37.0,37.55,36.6,37.21,1427560
2024-01-20 00:00:00+05:30,37.45,37.81,36.73,36.83,616350
2024-01-23 00:00:00+05:30,37.4,37.74,35.63,36.42,1904540
2024-01-24 00:00:00+05:30,36.2,37.93,35.75,37.75,2616640
2024-01-25 00:00:00+05:30,38.2,38.96,37.01,37.46,3801730
2024-01-29 00:00:00+05:30,37.74,38.3,36.7,36.82,1753370
2024-01-30 00:00:00+05:30,37.02,37.24,36.0,36.1,1529500
2024-01-31 00:00:00+05:30,36.2,36.5,35.81,35.93,1129220
2024-02-01 00:00:00+05:30,36.05,36.41,35.49,35.74,1205970
2024-02-02 00:00:00+05:30,35.96,36.42,34.8,35.11,1436010
2024-02-05 00:00:00+05:30,35.5,36.83,34.7,35.08,2569860
2024-02-06 00:00:00+05:30,35.01,35.78,34.84,35.27,965960
2024-02-07 00:00:00+05:30,35.9,35.9,35.07,35.18,564850
2024-02-08 00:00:00+05:30,35.52,35.91,34.35,34.6,1856270
2024-02-09 00:00:00+05:30,34.84,35.2,34.0,34.82,1093150
2024-02-12 00:00:00+05:30,35.22,35.22,33.31,33.57,1514950
2024-02-13 00:00:00+05:30,33.9,34.61,32.57,34.16,1151420
2024-02-14 00:00:00+05:30,33.66,34.5,33.1,34.24,631540
2024-02-15 00:00:00+05:30,34.49,34.7,33.48,33.95,866200
2024-02-16 00:00:00+05:30,34.2,34.48,33.68,34.05,729380
2024-02-19 00:00:00+05:30,34.3,34.9,34.1,34.68,529750
2024-02-20 00:00:00+05:30,34.94,34.94,33.58,34.02,795740
2024-02-21 00:00:00+05:30,34.35,34.35,33.31,33.6,473360
2024-02-22 00:00:00+05:30,33.65,36.5,33.18,36.14,4095220
2024-02-23 00:00:00+05:30,36.59,37.4,36.43,36.83,2840500
2024-02-26 00:00:00+05:30,37.0,37.9,36.83,37.14,1953850
2024-02-27 00:00:00+05:30,37.14,37.83,36.5,36.66,1310950
2024-02-28 00:00:00+05:30,36.75,36.97,35.08,35.51,1216770
2024-02-29 00:00:00+05:30,35.6,36.0,34.8,35.46,1086940
2024-03-01 00:00:00+05:30,35.06,36.4,35.0,35.24,705380
2024-03-02 00:00:00+05:30,35.59,35.59,34.29,34.91,250520
2024-03-04 00:00:00+05:30,35.0,35.3,33.4,33.69,2143010
2024-03-05 00:00:00+05:30,33.69,33.81,33.0,33.3,1058830
2024-03-06 00:00:00+05:30,33.31,33.6,32.5,33.45,936310
2024-03-07 00:00:00+05:30,33.18,34.08,33.18,33.4,752960
2024-03-11 00:00:00+05:30,33.4,34.0,31.04,31.39,1429760
2024-03-12 00:00:00+05:30,31.55,31.63,30.3,30.42,1336270
2024-03-13 00:00:00+05:30,30.57,31.29,28.5,29.26,1820410
2024-03-14 00:00:00+05:30,29.26,30.99,29.22,30.73,1386330
2024-03-15 00:00:00+05:30,30.76,31.2,29.92,30.2,648700
2024-03-18 00:00:00+05:30,30.35,30.85,29.77,30.18,689500
2024-03-19 00:00:00+05:30,29.88,30.34,29.29,29.54,961280
2024-03-20 00:00:00+05:30,29.55,30.3,28.61,29.03,845120
2024-03-21 00:00:00+05:30,29.32,29.93,29.2,29.48,894600
2024-03-22 00:00:00+05:30,30.8,32.5,30.6,31.34,4088930
2024-03-26 00:00:00+05:30,31.5,31.5,30.0,30.21,1407640
2024-03-27 00:00:00+05:30,30.13,30.6,29.31,29.55,1569340
2024-03-28 00:00:00+05:30,29.65,30.47,28.9,29.14,1742790
2024-04-01 00:00:00+05:30,29.41,31.8,29.41,31.55,1631690
2024-04-02 00:00:00+05:30,31.86,32.36,31.41,31.92,1101460
2024-04-03 00:00:00+05:30,32.1,32.49,31.72,32.33,520180
2024-04-04 00:00:00+05:30,32.67,32.79,31.58,32.05,565480
2024-04-05 00:00:00+05:30,32.06,33.0,31.7,32.55,1339800
2024-04-08 00:00:00+05:30,33.0,33.0,32.0,32.34,449720
2024-04-09 00:00:00+05:30,32.35,32.51,30.42,30.74,1645410
2024-04-10 00:00:00+05:30,30.79,31.31,29.99,30.14,1533540
2024-04-12 00:00:00+05:30,30.35,32.34,30.02,30.44,3173430
2024-04-15 00:00:00+05:30,29.81,30.95,29.5,30.56,918050
2024-04-16 00:00:00+05:30,30.3,31.0,30.3,30.54,391690
2024-04-18 00:00:00+05:30,30.62,30.93,30.2,30.3,558750
2024-04-19 00:00:00+05:30,30.2,30.58,29.7,30.12,474770
2024-04-22 00:00:00+05:30,30.37,31.6,30.37,31.4,874990
2024-04-23 00:00:00+05:30,31.6,32.0,31.2,31.28,825830
2024-04-24 00:00:00+05:30,31.49,31.88,31.2,31.4,444620
2024-04-25 00:00:00+05:30,31.2,31.9,31.2,31.6,343380
2024-04-26 00:00:00+05:30,31.38,31.9,31.17,31.48,364260
2024-04-29 00:00:00+05:30,31.48,31.9,30.82,31.3,781960
2024-04-30 00:00:00+05:30,31.37,31.75,31.16,31.46,430770
2024-05-02 00:00:00+05:30,31.46,31.46,30.38,30.74,849960
2024-05-03 00:00:00+05:30,30.95,33.7,30.95,33.04,6815640
2024-05-06 00:00:00+05:30,34.4,34.4,33.2,33.47,3171320
2024-05-07 00:00:00+05:30,33.61,33.66,32.17,32.65,873930
2024-05-08 00:00:00+05:30,32.8,33.04,32.03,32.3,702430
2024-05-09 00:00:00+05:30,32.9,33.48,32.48,32.97,1256160
2024-05-10 00:00:00+05:30,31.24,31.45,30.31,30.61,1931380
2024-05-13 00:00:00+05:30,30.8,30.8,29.61,29.96,746250
2024-05-14 00:00:00+05:30,30.04,30.54,29.63,29.86,852280
2024-05-15 00:00:00+05:30,29.98,30.56,29.77,30.05,750180
2024-05-16 00:00:00+05:30,30.39,32.45,30.01,31.9,3306210
2024-05-17 00:00:00+05:30,32.0,33.4,31.92,32.38,2039370
2024-05-18 00:00:00+05:30,32.45,33.4,32.07,32.48,168200
2024-05-21 00:00:00+05:30,32.48,32.57,31.1,31.18,803000
2024-05-22 00:00:00+05:30,31.2,31.78,31.11,31.52,467910
2024-05-23 00:00:00+05:30,31.6,31.8,30.47,30.66,990660
2024-05-24 00:00:00+05:30,30.77,31.95,30.51,31.45,1224070
2024-05-27 00:00:00+05:30,33.0,33.4,31.78,32.14,1648470
2024-05-28 00:00:00+05:30,31.81,33.3,31.55,33.17,2060530
2024-05-29 00:00:00+05:30,32.98,33.89,32.34,33.48,1250030
2024-05-30 00:00:00+05:30,33.48,33.99,32.7,33.54,906350
2024-05-31 00:00:00+05:30,33.45,33.5,32.6,32.98,718070
2024-06-03 00:00:00+05:30,33.7,33.86,32.1,32.31,772070
2024-06-04 00:00:00+05:30,32.6,32.6,29.0,30.17,1086710
2024-06-05 00:00:00+05:30,30.32,32.0,30.27,30.82,777580
2024-06-06 00:00:00+05:30,30.94,32.2,30.94,31.07,994940
2024-06-07 00:00:00+05:30,31.08,32.07,30.9,31.55,745140
2024-06-10 00:00:00+05:30,31.72,32.44,31.55,31.83,626610
2024-06-11 00:00:00+05:30,31.89,32.49,31.57,32.15,606760
2024-06-12 00:00:00+05:30,31.92,32.89,31.92,32.08,480940
2024-06-13 00:00:00+05:30,32.34,32.64,32.13,32.31,458080
2024-06-14 00:00:00+05:30,32.18,32.79,31.64,32.0,437710
2024-06-18 00:00:00+05:30,32.0,32.63,31.98,32.32,482780
2024-06-19 00:00:00+05:30,32.32,32.65,31.95,32.21,913340
2024-06-20 00:00:00+05:30,32.31,34.1,32.31,33.7,2316470
2024-06-21 00:00:00+05:30,33.76,34.02,33.01,33.17,760830
2024-06-24 00:00:00+05:30,33.0,35.51,32.82,34.85,3740550
2024-06-25 00:00:00+05:30,35.37,35.6,34.3,35.42,3222580
2024-06-26 00:00:00+05:30,35.59,35.59,34.29,34.45,2029640
2024-06-27 00:00:00+05:30,34.8,35.0,33.5,33.97,770090
2024-06-28 00:00:00+05:30,33.9,34.96,33.2,34.65,1778090
2024-07-01 00:00:00+05:30,34.82,35.3,34.3,34.64,1570480
2024-07-02 00:00:00+05:30,34.81,35.0,33.82,34.57,962900
2024-07-03 00:00:00+05:30,34.87,35.1,34.13,35.0,1128680
2024-07-04 00:00:00+05:30,35.35,35.4,34.33,34.86,865680
2024-07-05 00:00:00+05:30,34.9,35.0,34.2,34.39,1000130
2024-07-08 00:00:00+05:30,35.53,37.1,34.61,35.92,7069910
2024-07-09 00:00:00+05:30,37.4,37.4,35.9,36.11,3592190
2024-07-10 00:00:00+05:30,36.47,36.5,34.54,35.63,1490550
2024-07-11 00:00:00+05:30,35.99,35.99,34.89,34.95,1008840
2024-07-12 00:00:00+05:30,35.01,35.34,34.71,34.85,896740
2024-07-15 00:00:00+05:30,35.0,35.0,34.4,34.84,860620
2024-07-16 00:00:00+05:30,35.24,35.7,34.76,34.98,1453860
2024-07-18 00:00:00+05:30,35.3,35.5,33.84,34.34,1229060
2024-07-19 00:00:00+05:30,34.52,34.8,33.5,33.66,955240
2024-07-22 00:00:00+05:30,33.6,35.0,33.24,34.74,1377730
2024-07-23 00:00:00+05:30,34.88,35.9,33.23,34.93,2209510
2024-07-24 00:00:00+05:30,34.93,36.6,34.8,35.49,5186320
2024-07-25 00:00:00+05:30,35.49,36.1,34.66,34.92,1751960
2024-07-26 00:00:00+05:30,35.0,35.1,34.63,34.75,926360
2024-07-29 00:00:00+05:30,37.2,37.35,34.91,35.12,3902680
2024-07-30 00:00:00+05:30,35.3,36.0,34.85,34.92,3783350
2024-07-31 00:00:00+05:30,35.4,35.49,34.8,35.37,1962550
2024-08-01 00:00:00+05:30,36.2,36.37,34.91,35.14,6415860
2024-08-02 00:00:00+05:30,35.1,38.5,34.86,37.46,15169790
2024-08-05 00:00:00+05:30,37.6,37.61,35.73,36.09,5666680
2024-08-06 00:00:00+05:30,36.7,38.05,35.89,37.27,4958890
2024-08-07 00:00:00+05:30,37.7,38.4,37.31,38.02,4612790
2024-08-08 00:00:00+05:30,38.49,39.4,38.06,38.7,8629680
2024-08-09 00:00:00+05:30,38.9,45.45,37.4,43.85,9115778
2024-08-12 00:00:00+05:30,42.0,42.25,39.0,39.7,4578694
2024-08-13 00:00:00+05:30,39.8,40.45,35.9,36.1,4260278
2024-08-14 00:00:00+05:30,36.6,37.25,34.8,35.6,3042229
2024-08-16 00:00:00+05:30,36.05,36.35,33.85,34.3,1856092
2024-08-19 00:00:00+05:30,34.5,39.0,34.5,38.35,5635135
2024-08-20 00:00:00+05:30,38.5,38.7,36.95,37.55,2389259
2024-08-21 00:00:00+05:30,37.95,39.45,37.7,38.45,2474789
2024-08-22 00:00:00+05:30,38.45,39.0,37.4,37.55,1189187
2024-08-23 00:00:00+05:30,37.65,39.45,37.25,38.7,2476393
2024-08-26 00:00:00+05:30,39.2,39.4,37.85,38.2,1824498
2024-08-27 00:00:00+05:30,38.5,38.5,37.35,37.6,860640
2024-08-28 00:00:00+05:30,37.7,38.25,36.3,36.55,1151579
2024-08-29 00:00:00+05:30,36.95,37.15,36.0,36.2,831758
2024-08-30 00:00:00+05:30,36.4,36.6,35.7,35.9,806271
2024-09-02 00:00:00+05:30,36.44,37.7,35.8,37.25,1544995
2024-09-03 00:00:00+05:30,37.75,37.79,36.32,36.91,606080
2024-09-04 00:00:00+05:30,36.2,37.04,36.2,36.58,459327
2024-09-05 00:00:00+05:30,36.93,37.03,36.44,36.64,535657
2024-09-06 00:00:00+05:30,36.76,36.94,35.7,36.05,873147
2024-09-09 00:00:00+05:30,35.95,36.4,35.51,36.06,738553
2024-09-10 00:00:00+05:30,36.9,37.0,36.0,36.4,736453
2024-09-11 00:00:00+05:30,36.55,36.7,35.63,35.8,555630
2024-09-12 00:00:00+05:30,35.8,37.99,35.8,37.39,1809704
2024-09-13 00:00:00+05:30,37.8,37.9,36.81,37.31,820167
2024-09-16 00:00:00+05:30,37.6,37.6,36.72,36.89,613729
2024-09-17 00:00:00+05:30,37.3,37.3,36.18,36.55,732121
2024-09-18 00:00:00+05:30,36.93,36.99,35.61,36.15,424729
2024-09-19 00:00:00+05:30,36.35,36.59,34.48,34.92,989071
2024-09-20 00:00:00+05:30,35.42,39.85,34.0,38.55,6235841
2024-09-23 00:00:00+05:30,38.96,39.95,37.11,37.8,2577343
2024-09-24 00:00:00+05:30,37.81,38.32,36.94,37.1,675231
2024-09-25 00:00:00+05:30,37.14,37.49,36.51,36.87,527125
2024-09-26 00:00:00+05:30,37.2,37.23,35.91,36.27,501444
2024-09-27 00:00:00+05:30,36.27,37.48,35.65,35.82,974245
2024-09-30 00:00:00+05:30,35.8,36.8,35.59,35.9,837873
2024-10-01 00:00:00+05:30,35.9,36.7,35.6,36.17,569632
2024-10-03 00:00:00+05:30,35.49,36.8,34.66,35.79,899762
2024-10-04 00:00:00+05:30,35.6,36.33,35.0,35.21,464978
2024-10-07 00:00:00+05:30,35.6,35.85,31.65,32.56,1399697
2024-10-08 00:00:00+05:30,32.75,34.19,32.5,33.94,586273
2024-10-09 00:00:00+05:30,34.79,35.18,34.1,34.28,442623
2024-10-10 00:00:00+05:30,34.34,34.98,33.65,34.24,278580
2024-10-11 00:00:00+05:30,34.4,34.8,34.03,34.13,204753
2024-10-14 00:00:00+05:30,34.25,35.35,33.8,34.14,523694
2024-10-15 00:00:00+05:30,34.19,34.8,33.11,33.97,447193
2024-10-16 00:00:00+05:30,33.99,34.45,33.4,33.85,391432
2024-10-17 00:00:00+05:30,33.94,35.5,32.75,32.94,580578
2024-10-18 00:00:00+05:30,32.9,33.35,32.02,32.74,359811
2024-10-21 00:00:00+05:30,33.25,34.87,33.0,33.4,522438
2024-10-22 00:00:00+05:30,33.24,34.0,31.1,31.49,925443
2024-10-23 00:00:00+05:30,31.5,33.02,31.2,31.97,503705
2024-10-24 00:00:00+05:30,32.29,32.94,31.81,32.04,273189
2024-10-25 00:00:00+05:30,32.09,32.2,30.05,31.0,459711
2024-10-28 00:00:00+05:30,31.0,32.47,30.05,32.07,597037
2024-10-29 00:00:00+05:30,31.91,32.42,31.05,31.79,283279
2024-10-30 00:00:00+05:30,31.68,32.49,31.33,32.34,277347
2024-10-31 00:00:00+05:30,32.58,37.95,31.9,36.82,2987179
2024-11-01 00:00:00+05:30,37.5,37.9,37.0,37.11,1373111
2024-11-04 00:00:00+05:30,37.11,39.0,35.54,36.29,2316572
2024-11-05 00:00:00+05:30,36.3,38.3,36.3,36.94,1064353
2024-11-06 00:00:00+05:30,36.9,38.1,36.9,37.14,1337716
2024-11-07 00:00:00+05:30,37.54,37.54,36.33,36.79,640791
2024-11-08 00:00:00+05:30,37.0,37.2,36.0,36.92,548191
2024-11-11 00:00:00+05:30,36.55,36.87,34.56,35.26,517822
2024-11-12 00:00:00+05:30,35.26,35.44,34.01,34.15,352522
2024-11-13 00:00:00+05:30,34.1,35.24,33.01,33.26,442990
2024-11-14 00:00:00+05:30,33.25,34.08,31.9,32.12,812900
2024-11-18 00:00:00+05:30,32.15,32.5,31.34,31.66,555423
2024-11-19 00:00:00+05:30,31.75,32.49,31.62,31.87,472923
2024-11-21 00:00:00+05:30,31.9,32.19,31.15,31.44,308583
2024-11-22 00:00:00+05:30,31.44,32.38,31.15,31.65,375306
2024-11-25 00:00:00+05:30,32.13,33.98,32.12,33.74,836310
2024-11-26 00:00:00+05:30,34.25,34.3,33.35,33.87,300182
2024-11-27 00:00:00+05:30,34.0,34.5,33.27,33.92,259980
2024-11-28 00:00:00+05:30,33.92,34.88,33.3,33.6,347106
2024-11-29 00:00:00+05:30,33.7,35.0,33.0,33.85,519521
2024-12-02 00:00:00+05:30,33.94,34.48,33.22,33.92,255933
2024-12-03 00:00:00+05:30,34.0,34.65,33.5,33.8,478903
2024-12-04 00:00:00+05:30,33.87,34.35,33.51,33.93,315643
2024-12-05 00:00:00+05:30,34.0,35.95,33.59,34.3,801449
2024-12-06 00:00:00+05:30,34.3,34.6,34.01,34.24,349512
2024-12-09 00:00:00+05:30,34.2,34.66,33.49,33.68,433715
2024-12-10 00:00:00+05:30,33.77,33.96,33.0,33.17,525434
2024-12-11 00:00:00+05:30,33.5,37.89,33.5,35.28,5118995
2024-12-12 00:00:00+05:30,35.53,37.45,34.72,36.21,1694635
2024-12-13 00:00:00+05:30,35.15,36.2,34.89,35.82,729263
2024-12-16 00:00:00+05:30,35.89,36.44,34.53,34.84,588214
2024-12-17 00:00:00+05:30,34.84,35.12,34.26,34.51,463487
2024-12-18 00:00:00+05:30,34.52,34.73,33.0,33.38,640518
2024-12-19 00:00:00+05:30,32.7,33.95,32.4,33.57,450334
2024-12-20 00:00:00+05:30,33.6,34.25,32.5,33.23,468015
2024-12-23 00:00:00+05:30,33.57,33.57,32.52,33.15,305949
2024-12-24 00:00:00+05:30,33.16,33.5,32.57,32.75,263304
2024-12-26 00:00:00+05:30,32.87,33.14,32.12,32.25,465020
2024-12-27 00:00:00+05:30,32.37,32.89,32.0,32.26,286064
2024-12-30 00:00:00+05:30,32.1,32.32,31.5,31.62,396565
2024-12-31 00:00:00+05:30,31.45,34.0,31.45,33.38,535663
2025-01-01 00:00:00+05:30,33.28,33.65,32.86,33.11,202658
2025-01-02 00:00:00+05:30,33.2,33.4,32.81,32.93,285314
2025-01-03 00:00:00+05:30,32.97,34.49,32.97,33.5,634932
2025-01-06 00:00:00+05:30,33.6,33.65,31.47,31.73,527925
2025-01-07 00:00:00+05:30,31.72,32.39,31.55,31.91,235865
2025-01-08 00:00:00+05:30,32.0,32.18,31.06,31.33,362301
2025-01-09 00:00:00+05:30,31.25,31.73,30.21,30.9,494593
2025-01-10 00:00:00+05:30,30.71,31.26,30.0,31.09,327827
2025-01-13 00:00:00+05:30,30.06,31.25,28.36,29.74,837212
2025-01-14 00:00:00+05:30,30.18,33.0,29.62,30.52,439919
2025-01-15 00:00:00+05:30,30.7,31.3,29.9,30.08,407989
2025-01-16 00:00:00+05:30,30.25,31.36,30.25,30.63,227209
2025-01-17 00:00:00+05:30,30.95,31.5,30.52,31.19,240551
2025-01-20 00:00:00+05:30,31.0,31.25,30.55,30.88,484364
2025-01-21 00:00:00+05:30,31.0,31.35,30.15,30.24,200592
2025-01-22 00:00:00+05:30,30.5,30.61,29.2,29.67,357183
2025-01-23 00:00:00+05:30,29.68,30.07,27.8,28.93,683718
2025-01-24 00:00:00+05:30,28.65,29.31,28.45,28.61,257607
2025-01-27 00:00:00+05:30,28.76,28.84,27.65,28.04,614500
2025-01-28 00:00:00+05:30,28.25,28.34,25.99,27.39,797701
2025-01-29 00:00:00+05:30,27.54,29.17,27.5,28.24,483839
2025-01-30 00:00:00+05:30,28.5,28.5,27.8,27.98,404080
2025-01-31 00:00:00+05:30,28.1,29.8,27.91,29.02,468754
2025-02-01 00:00:00+05:30,28.8,29.39,28.31,28.86,237337
2025-02-03 00:00:00+05:30,28.86,29.18,28.0,28.32,317928
2025-02-04 00:00:00+05:30,28.32,29.39,28.32,29.06,241169
2025-02-05 00:00:00+05:30,28.6,29.39,28.56,28.69,311271
2025-02-06 00:00:00+05:30,28.9,28.99,28.36,28.63,192538
2025-02-07 00:00:00+05:30,28.85,29.29,28.3,28.81,182155
2025-02-10 00:00:00+05:30,28.92,29.08,26.7,27.86,258812
2025-02-11 00:00:00+05:30,28.35,28.45,26.76,27.27,373081
2025-02-12 00:00:00+05:30,27.27,27.55,26.05,27.3,381430
2025-02-13 00:00:00+05:30,27.56,27.95,26.8,27.1,213051
2025-02-14 00:00:00+05:30,27.12,27.36,24.36,25.72,480793
2025-02-17 00:00:00+05:30,26.49,26.8,25.2,26.61,453060
2025-02-18 00:00:00+05:30,26.46,26.49,25.51,25.99,249474
2025-02-19 00:00:00+05:30,26.12,27.35,26.11,26.95,357387
2025-02-20 00:00:00+05:30,27.39,29.7,26.27,29.39,515115
2025-02-21 00:00:00+05:30,29.16,29.88,28.29,28.57,306495
2025-02-24 00:00:00+05:30,28.69,28.69,27.5,27.84,257633
2025-02-25 00:00:00+05:30,27.66,28.1,27.45,27.63,203951
2025-02-27 00:00:00+05:30,27.6,27.69,25.57,26.19,244270
2025-02-28 00:00:00+05:30,25.98,26.6,24.65,25.44,404807
2025-03-03 00:00:00+05:30,25.8,26.25,23.73,24.46,625694
2025-03-04 00:00:00+05:30,24.0,25.71,24.0,25.24,159688
2025-03-05 00:00:00+05:30,25.65,25.94,23.8,24.58,733843
2025-03-06 00:00:00+05:30,24.95,26.4,24.95,26.1,373163
2025-03-07 00:00:00+05:30,26.55,26.55,24.75,25.37,566516
2025-03-10 00:00:00+05:30,25.26,26.8,24.05,24.38,622005
2025-03-11 00:00:00+05:30,24.25,25.24,24.0,24.18,391820
2025-03-12 00:00:00+05:30,24.3,24.5,23.3,23.58,648267
2025-03-13 00:00:00+05:30,23.58,23.89,22.5,22.7,641195
2025-03-17 00:00:00+05:30,22.69,23.06,22.0,22.15,820607
2025-03-18 00:00:00+05:30,22.18,23.4,22.0,23.1,1070669
2025-03-19 00:00:00+05:30,22.8,24.23,22.8,23.28,1459923
2025-03-20 00:00:00+05:30,23.9,24.59,23.3,23.42,1360216
2025-03-21 00:00:00+05:30,23.68,24.2,23.25,23.6,1853609
2025-03-24 00:00:00+05:30,23.65,24.46,23.5,23.61,1018158
2025-03-25 00:00:00+05:30,23.7,24.02,22.1,22.42,1107607
2025-03-26 00:00:00+05:30,22.75,23.75,21.5,21.95,1833531
2025-03-27 00:00:00+05:30,21.85,22.27,20.65,21.03,2637780
2025-03-28 00:00:00+05:30,21.2,22.24,20.9,21.04,1767025
2025-04-01 00:00:00+05:30,21.0,22.86,21.0,22.38,863531
2025-04-02 00:00:00+05:30,22.7,23.0,21.55,22.75,499008
2025-04-03 00:00:00+05:30,22.75,23.51,22.68,23.21,477647
2025-04-04 00:00:00+05:30,23.19,23.22,22.0,22.3,483648
2025-04-07 00:00:00+05:30,19.99,21.42,19.57,20.83,1107544
2025-04-08 00:00:00+05:30,21.35,22.5,21.01,22.25,486924
2025-04-09 00:00:00+05:30,22.11,22.22,21.42,21.8,253992
2025-04-11 00:00:00+05:30,22.01,22.88,22.01,22.67,426936
2025-04-15 00:00:00+05:30,22.8,23.25,22.67,22.77,319583
2025-04-16 00:00:00+05:30,22.9,23.87,22.89,23.45,374909
2025-04-17 00:00:00+05:30,23.4,23.62,22.96,23.35,173709
2025-04-21 00:00:00+05:30,23.63,24.48,23.2,24.38,544995
2025-04-22 00:00:00+05:30,24.5,25.1,24.0,24.49,458815
2025-04-23 00:00:00+05:30,24.79,24.99,24.01,24.24,1420459
2025-04-24 00:00:00+05:30,24.3,25.2,24.08,24.13,493750
2025-04-25 00:00:00+05:30,23.8,24.49,22.84,23.33,382829
2025-04-28 00:00:00+05:30,23.12,23.5,23.09,23.22,206704
2025-04-29 00:00:00+05:30,23.23,23.79,23.0,23.31,192287
2025-04-30 00:00:00+05:30,23.29,24.5,22.51,22.84,571037
2025-05-02 00:00:00+05:30,22.8,23.23,22.01,22.29,986078
2025-05-05 00:00:00+05:30,22.29,23.0,22.1,22.9,320848
2025-05-06 00:00:00+05:30,22.8,23.6,22.0,22.15,430753
2025-05-07 00:00:00+05:30,21.7,22.34,21.38,21.78,541543
2025-05-08 00:00:00+05:30,21.89,22.39,21.0,21.55,270648
2025-05-09 00:00:00+05:30,21.5,22.0,20.78,21.51,358577
2025-05-12 00:00:00+05:30,22.02,22.9,22.02,22.61,246480
2025-05-13 00:00:00+05:30,22.84,24.0,22.57,23.73,473884
2025-05-14 00:00:00+05:30,23.88,25.9,23.4,25.44,1442980
2025-05-15 00:00:00+05:30,25.4,26.75,24.5,26.25,1541917
2025-05-16 00:00:00+05:30,26.1,27.79,26.02,26.95,1554213
2025-05-19 00:00:00+05:30,27.0,27.32,26.25,26.94,583068
2025-05-20 00:00:00+05:30,27.06,27.66,26.4,26.57,470117
2025-05-21 00:00:00+05:30,26.4,27.18,26.1,26.64,510321
2025-05-22 00:00:00+05:30,27.0,27.0,25.71,25.9,289891
2025-05-23 00:00:00+05:30,25.9,26.85,24.81,26.56,328875
2025-05-26 00:00:00+05:30,26.6,26.9,25.5,26.05,284976
2025-05-27 00:00:00+05:30,25.8,26.32,25.5,25.98,451293
2025-05-28 00:00:00+05:30,26.18,27.64,26.18,26.75,460708
2025-05-29 00:00:00+05:30,26.95,29.4,26.25,27.81,1827590
2025-05-30 00:00:00+05:30,27.88,30.9,27.6,29.75,3628149
2025-06-02 00:00:00+05:30,29.8,29.99,28.68,29.16,671035
2025-06-03 00:00:00+05:30,29.0,30.65,28.98,30.21,907828
2025-06-04 00:00:00+05:30,30.39,30.8,29.52,30.36,1427071
2025-06-05 00:00:00+05:30,30.48,31.0,29.11,29.93,674466
2025-06-06 00:00:00+05:30,30.0,31.94,29.1,30.27,2822135
2025-06-09 00:00:00+05:30,31.0,31.7,30.2,31.12,1362295
2025-06-10 00:00:00+05:30,31.14,31.33,30.59,31.01,603071
2025-06-11 00:00:00+05:30,30.7,31.05,29.8,29.99,548026
2025-06-12 00:00:00+05:30,30.3,30.49,29.14,29.5,643149
2025-06-13 00:00:00+05:30,28.5,30.7,28.5,29.89,1136314
2025-06-16 00:00:00+05:30,29.81,30.06,28.81,28.98,406653
2025-06-17 00:00:00+05:30,28.98,31.65,28.98,30.48,8472896
2025-06-18 00:00:00+05:30,31.5,32.0,29.3,29.62,2931969
2025-06-19 00:00:00+05:30,29.69,30.65,28.91,29.43,1609728
2025-06-20 00:00:00+05:30,29.0,29.61,27.25,28.26,1541483
2025-06-23 00:00:00+05:30,28.0,28.86,27.8,28.72,638628
2025-06-24 00:00:00+05:30,29.08,29.4,28.75,28.98,772543
2025-06-25 00:00:00+05:30,29.3,29.71,28.5,28.78,772405
2025-06-26 00:00:00+05:30,28.63,29.19,28.63,28.91,316583
2025-06-27 00:00:00+05:30,29.0,29.24,28.57,28.73,492886
2025-06-30 00:00:00+05:30,28.87,29.1,28.0,28.39,473496
2025-07-01 00:00:00+05:30,28.53,29.2,28.52,28.81,401707
2025-07-02 00:00:00+05:30,28.87,28.87,28.02,28.34,342447
2025-07-03 00:00:00+05:30,28.11,28.47,28.0,28.04,266887
2025-07-04 00:00:00+05:30,28.3,29.0,28.14,28.94,536663
2025-07-07 00:00:00+05:30,29.0,29.0,28.33,28.5,327858
2025-07-08 00:00:00+05:30,28.25,28.54,27.96,28.11,323219
2025-07-09 00:00:00+05:30,28.4,28.4,27.91,28.26,148936
2025-07-10 00:00:00+05:30,28.49,28.5,27.56,28.12,425146
2025-07-11 00:00:00+05:30,28.0,29.0,27.75,28.71,597901
2025-07-14 00:00:00+05:30,28.77,28.9,28.03,28.53,220172
2025-07-15 00:00:00+05:30,28.51,28.8,27.97,28.04,364584
2025-07-16 00:00:00+05:30,28.09,28.84,27.81,28.41,291290
2025-07-17 00:00:00+05:30,28.3,28.5,28.09,28.18,267162
2025-07-18 00:00:00+05:30,28.21,28.34,27.05,27.45,714330
2025-07-21 00:00:00+05:30,27.6,27.84,26.9,27.1,549437
2025-07-22 00:00:00+05:30,27.1,27.42,26.73,26.86,251552
2025-07-23 00:00:00+05:30,27.15,27.65,26.69,26.96,589902
2025-07-24 00:00:00+05:30,27.05,27.05,25.97,26.13,485219
2025-07-25 00:00:00+05:30,25.91,26.28,25.91,26.05,276868
2025-07-28 00:00:00+05:30,26.05,26.09,24.01,24.34,1678763
2025-07-29 00:00:00+05:30,24.5,24.95,24.1,24.72,579822
2025-07-30 00:00:00+05:30,24.72,24.87,24.15,24.38,687270
2025-07-31 00:00:00+05:30,24.0,24.85,23.81,24.63,259188
2025-08-01 00:00:00+05:30,24.47,24.93,24.02,24.22,253826
2025-08-04 00:00:00+05:30,24.16,24.74,24.15,24.66,204306
2025-08-05 00:00:00+05:30,24.93,24.93,24.38,24.5,233418
2025-08-06 00:00:00+05:30,24.12,24.98,23.8,23.97,256286
2025-08-07 00:00:00+05:30,24.19,24.19,23.55,23.89,196455
2025-08-08 00:00:00+05:30,23.63,24.16,23.3,23.74,254215
2025-08-11 00:00:00+05:30,23.75,23.99,22.07,22.51,1210286
2025-08-12 00:00:00+05:30,23.0,24.93,22.0,22.31,981830
2025-08-13 00:00:00+05:30,22.4,22.89,22.0,22.12,396177
2025-08-14 00:00:00+05:30,22.16,22.8,21.46,21.54,781326
2025-08-18 00:00:00+05:30,21.51,22.06,21.38,21.67,415264
2025-08-19 00:00:00+05:30,21.51,23.39,21.51,22.8,616595
2025-08-20 00:00:00+05:30,23.05,23.7,22.81,23.41,330223
2025-08-21 00:00:00+05:30,23.15,23.69,22.82,23.35,437121
2025-08-22 00:00:00+05:30,23.12,23.68,22.9,23.26,182432
2025-08-25 00:00:00+05:30,23.01,23.38,22.55,22.96,267245
2025-08-26 00:00:00+05:30,22.75,23.8,22.59,23.03,208297
2025-08-28 00:00:00+05:30,22.82,26.35,21.69,25.83,7468893
2025-08-29 00:00:00+05:30,25.58,27.76,24.11,27.27,16009275
2025-09-01 00:00:00+05:30,27.1,30.1,26.16,28.78,7395787
2025-09-02 00:00:00+05:30,29.14,29.9,27.7,28.38,3141684
2025-09-03 00:00:00+05:30,28.44,29.49,27.05,27.49,1420210
2025-09-04 00:00:00+05:30,28.0,28.0,25.55,26.18,1164197
2025-09-05 00:00:00+05:30,26.39,29.6,26.39,27.83,1532817
2025-09-08 00:00:00+05:30,27.9,28.25,26.6,26.8,798279
2025-09-09 00:00:00+05:30,26.71,28.18,26.55,26.97,765412
2025-09-10 00:00:00+05:30,27.08,27.38,26.25,26.46,543140
2025-09-11 00:00:00+05:30,26.69,31.75,26.39,29.07,8501672
2025-09-12 00:00:00+05:30,29.6,31.8,28.61,29.88,6324876
2025-09-15 00:00:00+05:30,29.65,32.0,29.49,31.73,8708287
2025-09-16 00:00:00+05:30,32.0,33.0,31.1,32.77,5822089
2025-09-17 00:00:00+05:30,32.99,33.99,32.49,33.17,2519754
2025-09-18 00:00:00+05:30,33.11,33.76,30.53,30.98,2357947
2025-09-19 00:00:00+05:30,30.97,32.2,29.79,31.81,2038072
2025-09-22 00:00:00+05:30,31.75,32.79,30.25,32.18,1838209
2025-09-23 00:00:00+05:30,32.5,32.6,30.68,31.19,959001
2025-09-24 00:00:00+05:30,31.25,32.72,30.85,31.07,939719
2025-09-25 00:00:00+05:30,31.05,31.44,29.6,30.01,752858
2025-09-26 00:00:00+05:30,30.01,30.5,28.37,28.8,1369322
2025-09-29 00:00:00+05:30,29.21,29.21,28.0,28.34,518286
2025-09-30 00:00:00+05:30,28.35,29.25,28.1,28.66,499057
2025-10-01 00:00:00+05:30,29.1,29.1,28.22,28.8,301685
2025-10-03 00:00:00+05:30,28.84,30.0,28.65,29.39,399997
2025-10-06 00:00:00+05:30,29.5,29.67,27.5,27.8,935751
2025-10-07 00:00:00+05:30,28.18,28.18,27.11,27.6,370420
2025-10-08 00:00:00+05:30,27.61,27.92,27.0,27.2,241555
2025-10-09 00:00:00+05:30,27.4,27.45,26.87,27.31,304523
2025-10-10 00:00:00+05:30,27.49,29.5,27.0,28.57,1297346
2025-10-13 00:00:00+05:30,28.5,28.5,27.21,27.49,605390
2025-10-14 00:00:00+05:30,27.7,27.7,26.0,26.27,913345
2025-10-15 00:00:00+05:30,26.27,27.48,26.12,26.82,716200
2025-10-16 00:00:00+05:30,27.03,27.21,25.49,26.17,1080340
2025-10-17 00:00:00+05:30,26.17,26.88,26.02,26.21,448618
2025-10-20 00:00:00+05:30,26.19,27.39,26.19,26.71,556500
2025-10-21 00:00:00+05:30,26.75,27.41,26.75,27.18,162982
2025-10-23 00:00:00+05:30,27.18,27.4,26.51,26.85,341306
2025-10-24 00:00:00+05:30,26.85,27.04,26.4,26.6,383346
2025-10-27 00:00:00+05:30,26.66,27.47,26.34,27.02,520312
2025-10-28 00:00:00+05:30,27.21,27.5,26.66,27.24,278321
2025-10-29 00:00:00+05:30,27.31,27.64,26.5,26.77,271490
2025-10-30 00:00:00+05:30,26.97,27.39,26.7,26.98,503635
2025-10-31 00:00:00+05:30,26.75,27.12,26.4,26.64,358259
2025-11-03 00:00:00+05:30,26.6,27.18,26.52,26.82,478081
2025-11-04 00:00:00+05:30,26.87,27.09,25.99,26.19,376067
2025-11-06 00:00:00+05:30,26.2,26.48,24.84,25.11,766482
2025-11-07 00:00:00+05:30,25.24,25.36,24.67,25.15,509816
2025-11-10 00:00:00+05:30,24.0,24.86,23.99,24.45,735646
2025-11-11 00:00:00+05:30,24.7,25.4,24.35,24.71,464788
2025-11-12 00:00:00+05:30,25.0,25.15,24.58,24.93,257269
2025-11-13 00:00:00+05:30,24.76,25.4,24.58,24.89,420292
2025-11-14 00:00:00+05:30,24.89,25.12,24.05,24.3,352526
2025-11-17 00:00:00+05:30,24.06,24.61,23.86,24.23,391538
2025-11-18 00:00:00+05:30,24.2,24.37,23.92,24.15,160443
2025-11-19 00:00:00+05:30,24.11,24.36,23.9,24.3,335587
2025-11-20 00:00:00+05:30,24.25,24.5,23.75,24.19,293486
2025-11-21 00:00:00+05:30,24.13,24.25,23.56,23.66,292920
2025-11-24 00:00:00+05:30,23.51,23.66,23.1,23.44,449600
2025-11-25 00:00:00+05:30,23.27,23.48,22.83,23.0,407571
2025-11-26 00:00:00+05:30,22.99,23.94,22.16,23.17,453291
2025-11-27 00:00:00+05:30,23.17,23.74,23.0,23.29,220804
2025-11-28 00:00:00+05:30,23.06,23.5,23.06,23.4,146863
2025-12-01 00:00:00+05:30,23.2,23.33,22.8,22.96,348741
2025-12-02 00:00:00+05:30,22.8,23.21,22.8,23.08,200631
2025-12-03 00:00:00+05:30,22.8,23.15,22.51,23.15,274106
2025-12-04 00:00:00+05:30,22.8,23.18,22.66,22.84,271602
2025-12-05 00:00:00+05:30,22.75,23.05,22.61,22.74,223472
2025-12-08 00:00:00+05:30,22.86,23.08,21.9,22.59,350707
2025-12-09 00:00:00+05:30,22.59,22.95,22.01,22.81,302363
2025-12-10 00:00:00+05:30,22.5,23.97,22.5,23.04,394404
2025-12-11 00:00:00+05:30,23.15,23.65,22.66,23.65,193495
2025-12-12 00:00:00+05:30,23.13,23.61,23.13,23.29,148753
2025-12-15 00:00:00+05:30,23.11,23.64,22.98,23.33,206574
2025-12-16 00:00:00+05:30,23.1,23.98,23.1,23.61,146113
2025-12-17 00:00:00+05:30,23.17,23.76,23.01,23.51,223362
2025-12-18 00:00:00+05:30,23.4,23.8,22.75,23.28,332203
2025-12-19 00:00:00+05:30,23.01,23.85,23.0,23.72,231651
2025-12-22 00:00:00+05:30,23.7,24.5,23.33,23.81,215681
2025-12-23 00:00:00+05:30,23.79,23.98,23.49,23.61,200867
2025-12-24 00:00:00+05:30,23.51,24.0,22.59,23.04,721139
2025-12-26 00:00:00+05:30,22.8,23.24,22.56,22.9,310852
2025-12-29 00:00:00+05:30,22.65,23.0,22.08,22.24,335820
2025-12-30 00:00:00+05:30,22.25,22.35,22.1,22.28,167512
2025-12-31 00:00:00+05:30,22.14,22.69,22.14,22.32,230545
2026-01-01 00:00:00+05:30,22.18,22.95,22.18,22.84,230712
2026-01-02 00:00:00+05:30,22.66,23.3,22.6,23.23,261005
2026-01-05 00:00:00+05:30,23.24,23.28,22.35,22.9,255470
2026-01-06 00:00:00+05:30,22.28,23.28,22.2,22.38,219376
2026-01-07 00:00:00+05:30,22.38,23.3,22.13,22.96,275027
2026-01-08 00:00:00+05:30,23.2,23.3,21.88,22.24,581487
2026-01-09 00:00:00+05:30,22.25,22.6,21.75,21.89,286524
2026-01-12 00:00:00+05:30,21.4,21.9,20.0,21.9,492512
2026-01-13 00:00:00+05:30,21.6,21.8,21.25,21.34,257342
2026-01-14 00:00:00+05:30,21.3,22.3,21.25,21.49,305777
2026-01-16 00:00:00+05:30,21.31,21.62,21.2,21.25,274910
2026-01-19 00:00:00+05:30,21.02,21.36,20.81,21.13,216931
2026-01-20 00:00:00+05:30,21.01,21.6,20.21,20.49,438105
2026-01-21 00:00:00+05:30,20.65,20.67,20.01,20.35,338755
2026-01-22 00:00:00+05:30,20.35,20.7,19.99,20.47,263164
2026-01-23 00:00:00+05:30,20.24,20.56,19.65,19.98,296705
2026-01-27 00:00:00+05:30,19.97,20.29,19.28,19.91,446715
2026-01-28 00:00:00+05:30,19.91,20.26,19.91,20.13,193178
2026-01-29 00:00:00+05:30,20.09,20.19,18.39,19.37,1122281
2026-01-30 00:00:00+05:30,19.28,19.73,19.08,19.46,399830
2026-02-01 00:00:00+05:30,19.2,19.8,19.12,19.25,119433
2026-02-02 00:00:00+05:30,19.11,19.46,18.75,19.14,374207
2026-02-03 00:00:00+05:30,19.51,20.49,19.29,19.81,389526
2026-02-04 00:00:00+05:30,19.63,20.48,19.45,19.86,641792
2026-02-05 00:00:00+05:30,19.81,20.24,19.59,20.09,259009
2026-02-06 00:00:00+05:30,19.61,20.3,19.61,19.82,301491
2026-02-09 00:00:00+05:30,19.99,20.9,19.7,20.58,321051
2026-02-10 00:00:00+05:30,20.66,22.28,20.66,21.39,623578
2026-02-11 00:00:00+05:30,21.4,21.92,20.65,20.8,200056
2026-02-12 00:00:00+05:30,20.81,21.11,20.08,20.38,240398
2026-02-13 00:00:00+05:30,20.05,20.38,19.6,19.77,257249
2026-02-16 00:00:00+05:30,19.31,19.94,19.2,19.68,221971
2026-02-17 00:00:00+05:30,19.3,20.13,19.3,19.82,213997
2026-02-18 00:00:00+05:30,19.55,20.09,19.25,19.57,299868
2026-02-19 00:00:00+05:30,19.3,19.8,19.18,19.36,183571
2026-02-20 00:00:00+05:30,19.45,19.49,18.76,19.1,159353
2026-02-23 00:00:00+05:30,19.02,19.55,18.45,18.62,410850
2026-02-24 00:00:00+05:30,18.46,18.89,18.32,18.45,524625
2026-02-25 00:00:00+05:30,18.51,18.8,18.11,18.18,168085
2026-02-26 00:00:00+05:30,18.11,18.56,17.25,17.82,1465603
2026-02-27 00:00:00+05:30,17.91,18.19,17.46,17.73,237010
2026-03-02 00:00:00+05:30,17.0,17.51,16.75,17.08,424652
2026-03-04 00:00:00+05:30,16.45,17.34,16.15,16.99,440449
2026-03-05 00:00:00+05:30,17.08,17.75,16.56,17.02,497499
2026-03-06 00:00:00+05:30,16.75,17.3,16.35,16.47,441486
2026-03-09 00:00:00+05:30,16.64,16.64,15.4,15.89,1069243
2026-03-10 00:00:00+05:30,15.76,16.5,15.7,16.34,562665
2026-03-11 00:00:00+05:30,16.31,16.86,16.21,16.55,472804
2026-03-12 00:00:00+05:30,16.21,16.9,15.99,16.21,633814
2026-03-13 00:00:00+05:30,16.39,16.45,15.51,15.61,381046
2026-03-16 00:00:00+05:30,15.43,16.21,15.0,15.25,786307
2026-03-17 00:00:00+05:30,15.42,15.65,15.06,15.31,474561
2026-03-18 00:00:00+05:30,15.4,16.17,15.36,15.88,640902
2026-03-19 00:00:00+05:30,15.64,15.9,15.52,15.69,344262
2026-03-20 00:00:00+05:30,15.9,16.09,15.33,15.54,506965
2026-03-23 00:00:00+05:30,15.65,16.99,15.01,15.66,943126
2026-03-24 00:00:00+05:30,16.2,16.6,14.43,14.57,1463552
2026-03-25 00:00:00+05:30,14.85,15.21,14.31,14.6,1470722
2026-03-27 00:00:00+05:30,14.71,14.73,13.5,13.64,2125941
2026-03-30 00:00:00+05:30,13.64,13.79,12.49,12.83,2090589
2026-04-01 00:00:00+05:30,13.02,15.0,13.02,14.72,635555
2026-04-02 00:00:00+05:30,14.5,15.68,14.1,15.41,391591
2026-04-06 00:00:00+05:30,15.88,15.88,14.3,15.29,674958
2026-04-07 00:00:00+05:30,15.33,15.65,15.26,15.43,356803
2026-04-08 00:00:00+05:30,16.2,16.44,15.6,16.29,676022
2026-04-09 00:00:00+05:30,16.45,16.6,14.35,14.91,2206058
2026-04-10 00:00:00+05:30,15.13,15.17,14.87,14.98,787695
2026-04-13 00:00:00+05:30,14.38,15.0,14.3,14.83,521705
2026-04-15 00:00:00+05:30,15.05,15.33,14.95,15.01,1633954
2026-04-16 00:00:00+05:30,15.19,15.19,14.45,14.81,1491438
2026-04-17 00:00:00+05:30,14.81,16.5,14.8,16.17,2051590
2026-04-20 00:00:00+05:30,16.41,16.89,15.6,16.53,1374824
2026-04-21 00:00:00+05:30,17.0,18.9,16.57,17.54,2954185
2026-04-22 00:00:00+05:30,17.62,17.97,17.29,17.66,772793
2026-04-23 00:00:00+05:30,17.26,17.89,17.0,17.12,297834
2026-04-24 00:00:00+05:30,17.38,17.38,16.1,16.33,620142
2026-04-27 00:00:00+05:30,17.35,17.35,16.53,17.15,397758
2026-04-28 00:00:00+05:30,17.16,17.17,15.88,17.06,677877
2026-04-29 00:00:00+05:30,17.25,18.25,16.62,17.18,1230686
2026-04-30 00:00:00+05:30,17.0,17.44,16.83,17.07,247123
2026-05-04 00:00:00+05:30,17.33,19.1,17.2,18.12,1957012
2026-05-05 00:00:00+05:30,18.0,18.22,17.21,17.41,857867
2026-05-06 00:00:00+05:30,17.3,17.96,17.24,17.63,468572
2026-05-07 00:00:00+05:30,17.79,17.8,17.05,17.46,504464
2026-05-08 00:00:00+05:30,17.49,17.5,15.78,16.9,826346
2026-05-11 00:00:00+05:30,16.79,16.89,16.18,16.39,369060
2026-05-12 00:00:00+05:30,16.39,16.46,15.65,15.8,323726
2026-05-13 00:00:00+05:30,15.83,16.2,15.62,16.03,198436
2026-05-14 00:00:00+05:30,16.0,16.23,15.41,15.61,271579
2026-05-15 00:00:00+05:30,15.55,15.95,15.21,15.49,156754
2026-05-18 00:00:00+05:30,15.4,15.47,14.9,15.25,180732
2026-05-19 00:00:00+05:30,15.99,15.99,15.3,15.43,151799
2026-05-20 00:00:00+05:30,15.98,15.98,15.32,15.65,122658
2026-05-21 00:00:00+05:30,15.61,15.84,15.37,15.59,221730
2026-05-22 00:00:00+05:30,15.59,17.4,15.45,15.86,1815743
2026-05-25 00:00:00+05:30,15.86,16.45,15.61,15.73,579301
2026-05-26 00:00:00+05:30,15.99,16.15,15.7,15.81,277825
2026-05-27 00:00:00+05:30,16.14,16.14,15.63,15.85,245021
2026-05-29 00:00:00+05:30,15.7,16.1,15.21,15.42,421585
2026-06-01 00:00:00+05:30,15.89,15.89,14.86,14.91,345690
2026-06-02 00:00:00+05:30,14.85,15.34,14.75,15.19,329698
2026-06-03 00:00:00+05:30,15.05,15.45,14.76,15.14,391394
2026-06-04 00:00:00+05:30,15.22,15.29,14.54,14.72,428960
2026-06-05 00:00:00+05:30,14.94,14.97,14.26,14.64,512273
2026-06-08 00:00:00+05:30,14.26,14.7,14.07,14.17,485675
2026-06-09 00:00:00+05:30,14.3,15.6,14.17,15.28,628531
2026-06-10 00:00:00+05:30,15.45,15.59,14.61,14.73,721566
2026-06-11 00:00:00+05:30,14.88,14.94,14.45,14.59,334972
2026-06-12 00:00:00+05:30,14.9,15.35,14.67,15.16,404978
2026-06-15 00:00:00+05:30,15.49,18.19,15.05,17.89,4659525
2026-06-16 00:00:00+05:30,18.65,18.65,17.39,17.66,1375313
2026-06-17 00:00:00+05:30,18.2,18.4,17.37,17.81,911604
2026-06-18 00:00:00+05:30,18.19,18.19,17.45,17.82,453158
2026-06-19 00:00:00+05:30,17.75,18.28,17.46,17.57,799645
2026-06-22 00:00:00+05:30,17.6,18.34,17.15,17.26,785993
2026-06-23 00:00:00+05:30,17.21,18.95,17.21,18.12,2320061
2026-06-24 00:00:00+05:30,18.13,18.44,17.61,17.68,476171
2026-06-25 00:00:00+05:30,17.71,18.07,17.3,17.38,289544
2026-06-29 00:00:00+05:30,17.31,17.38,16.26,16.48,535159
2026-06-30 00:00:00+05:30,16.6,17.51,16.48,16.89,745588
2026-07-01 00:00:00+05:30,16.9,17.34,16.49,16.69,642875
2026-07-02 00:00:00+05:30,16.8,16.98,16.21,16.55,506706
2026-07-03 00:00:00+05:30,16.69,17.03,16.2,16.3,601915
2026-07-06 00:00:00+05:30,16.3,16.45,16.05,16.12,345139
2026-07-07 00:00:00+05:30,16.12,16.47,15.92,16.18,350955
2026-07-08 00:00:00+05:30,16.05,16.34,15.56,15.74,551701
2026-07-09 00:00:00+05:30,15.81,16.3,15.8,16.1,352562
2026-07-10 00:00:00+05:30,16.1,16.46,15.99,16.12,227956
2026-07-13 00:00:00+05:30,15.92,16.31,15.1,15.8,1125249
2026-07-14 00:00:00+05:30,15.83,15.96,15.25,15.39,263616
2026-07-15 00:00:00+05:30,15.7,15.78,15.19,15.33,346010
2026-07-16 00:00:00+05:30,15.35,15.78,15.0,15.43,408341
2026-07-17 00:00:00+05:30,15.35,15.75,15.12,15.33,449563
2026-07-20 00:00:00+05:30,15.25,16.49,15.24,16.16,861159
2026-07-21 00:00:00+05:30,16.16,16.62,15.55,16.28,832780
2026-07-22 00:00:00+05:30,16.31,17.86,16.03,17.55,3047514
2026-07-23 00:00:00+05:30,17.57,17.9,16.73,16.98,870059
2026-07-24 00:00:00+05:30,17.0,18.44,16.5,17.76,2305661
2026-07-27 00:00:00+05:30,17.76,18.34,17.4,17.64,739683
2026-07-28 00:00:00+05:30,17.64,18.9,17.46,18.4,5820010
2026-07-29 00:00:00+05:30,18.3,18.48,17.4,17.66,834459
2026-07-30 00:00:00+05:30,18.09,18.17,17.11,17.3,513996
2026-07-31 00:00:00+05:30,17.25,17.57,17.05,17.23,248419
2026-08-03 00:00:00+05:30,17.84,17.84,16.81,16.99,538624
2026-08-04 00:00:00+05:30,17.15,18.95,16.85,18.28,3875947
2026-08-05 00:00:00+05:30,18.77,18.84,17.17,17.82,1122246
2026-08-06 00:00:00+05:30,17.77,18.78,17.77,18.17,946814
2026-08-07 00:00:00+05:30,18.2,18.47,17.51,17.82,712236
2026-08-10 00:00:00+05:30,17.77,17.79,16.86,16.98,806532
2026-08-11 00:00:00+05:30,16.9,17.18,16.85,17.02,179831
2026-08-12 00:00:00+05:30,16.86,18.02,16.6,17.35,1231580
2026-08-13 00:00:00+05:30,17.4,17.98,17.16,17.6,508560
2026-08-14 00:00:00+05:30,17.73,17.73,17.13,17.21,147456
2026-08-17 00:00:00+05:30,17.42,17.67,16.7,16.78,344871
2026-08-18 00:00:00+05:30,16.8,17.06,16.5,16.72,293246
2026-08-19 00:00:00+05:30,16.82,17.45,16.65,17.3,423032
2026-08-20 00:00:00+05:30,17.5,17.54,16.8,16.92,301202
2026-08-21 00:00:00+05:30,17.18,17.35,16.52,17.07,452269
2026-08-24 00:00:00+05:30,17.09,17.34,16.81,16.96,266040
2026-08-25 00:00:00+05:30,17.09,17.09,16.7,16.78,263367
2026-08-26 00:00:00+05:30,16.71,17.35,16.61,16.8,765332
2026-08-27 00:00:00+05:30,16.82,16.94,16.41,16.49,205707
2026-08-28 00:00:00+05:30,16.5,17.03,16.38,16.79,355509
2026-08-31 00:00:00+05:30,16.79,16.79,16.25,16.4,264244
2026-09-01 00:00:00+05:30,16.4,16.88,16.2,16.24,148799
2026-09-02 00:00:00+05:30,16.31,16.5,16.0,16.09,156900
2026-09-03 00:00:00+05:30,16.09,16.54,16.06,16.18,234777
2026-09-04 00:00:00+05:30,16.2,16.46,15.66,16.01,247963
2026-09-07 00:00:00+05:30,16.03,16.47,15.82,16.04,513661
2026-09-08 00:00:00+05:30,16.0,16.34,15.67,16.07,285323
2026-09-09 00:00:00+05:30,16.27,16.34,15.8,16.07,286105
2026-09-10 00:00:00+05:30,16.24,16.25,16.0,16.01,144936
2026-09-11 00:00:00+05:30,16.01,16.19,15.65,15.91,258300
2026-09-15 00:00:00+05:30,16.18,16.23,15.41,15.59,229040
2026-09-16 00:00:00+05:30,15.59,15.85,15.06,15.33,380720
2026-09-17 00:00:00+05:30,15.08,15.8,13.91,15.57,3207179
2026-09-18 00:00:00+05:30,15.83,18.3,15.35,17.26,1882573
2026-09-21 00:00:00+05:30,17.26,17.26,16.17,16.28,382402
2026-09-22 00:00:00+05:30,16.2,17.5,16.2,16.7,592262
2026-09-23 00:00:00+05:30,16.67,17.28,16.67,16.78,180245
2026-09-24 00:00:00+05:30,16.86,17.1,16.42,16.63,179384
2026-09-25 00:00:00+05:30,16.98,16.98,15.81,16.1,674897
