Date,Open,High,Low,Close,Volume
2015-12-28 00:00:00+05:30,342.35,345.98,336.6,340.99,8965
2015-12-29 00:00:00+05:30,338.0,343.72,330.16,336.23,23551
2015-12-30 00:00:00+05:30,331.93,342.35,331.93,339.36,5923
2015-12-31 00:00:00+05:30,342.31,349.16,326.48,332.83,28261
2016-01-01 00:00:00+05:30,339.0,359.59,330.11,357.41,46418
2016-01-04 00:00:00+05:30,358.23,385.43,340.09,374.64,73040
2016-01-05 00:00:00+05:30,385.39,395.86,347.57,359.54,129095
2016-01-06 00:00:00+05:30,364.39,364.39,340.22,343.58,36596
2016-01-07 00:00:00+05:30,340.09,343.72,331.02,333.47,29686
2016-01-08 00:00:00+05:30,346.8,362.76,335.64,355.19,21660
2016-01-11 00:00:00+05:30,341.45,353.69,333.15,349.79,19229
2016-01-12 00:00:00+05:30,359.13,359.13,343.26,348.79,13518
2016-01-13 00:00:00+05:30,350.52,352.65,318.46,338.09,52316
2016-01-14 00:00:00+05:30,328.3,346.44,319.23,337.73,23227
2016-01-15 00:00:00+05:30,342.81,342.81,327.39,331.65,10846
2016-01-18 00:00:00+05:30,286.58,330.11,286.58,308.94,14843
2016-01-19 00:00:00+05:30,338.27,338.27,309.39,319.68,21201
2016-01-20 00:00:00+05:30,310.16,319.68,295.74,304.04,22966
2016-01-21 00:00:00+05:30,312.61,323.76,306.53,318.73,17069
2016-01-22 00:00:00+05:30,319.68,334.56,319.23,325.94,47632
2016-01-25 00:00:00+05:30,326.48,334.1,324.22,326.12,11062
2016-01-27 00:00:00+05:30,325.62,329.93,318.41,322.45,13362
2016-01-28 00:00:00+05:30,331.02,343.58,323.76,338.5,28101
2016-01-29 00:00:00+05:30,338.32,360.45,331.93,353.74,41774
2016-02-01 00:00:00+05:30,354.6,359.13,346.44,354.64,33418
2016-02-02 00:00:00+05:30,366.34,374.5,349.16,352.87,13497
2016-02-03 00:00:00+05:30,353.19,353.6,338.32,341.13,11960
2016-02-04 00:00:00+05:30,346.44,358.23,333.74,336.69,11841
2016-02-05 00:00:00+05:30,340.04,349.02,331.02,343.99,7575
2016-02-08 00:00:00+05:30,344.67,361.85,341.09,351.83,21521
2016-02-09 00:00:00+05:30,344.8,357.14,342.81,345.17,13209
2016-02-10 00:00:00+05:30,341.04,353.69,337.37,342.26,18550
2016-02-11 00:00:00+05:30,347.98,347.98,303.95,314.24,47345
2016-02-12 00:00:00+05:30,314.78,328.3,251.44,298.73,50151
2016-02-15 00:00:00+05:30,311.97,321.95,301.36,313.11,9782
2016-02-16 00:00:00+05:30,314.69,319.23,291.39,295.65,23419
2016-02-17 00:00:00+05:30,298.19,298.19,272.07,294.15,13883
2016-02-18 00:00:00+05:30,290.25,310.16,290.25,302.54,9458
2016-02-19 00:00:00+05:30,302.9,305.44,295.65,299.64,9539
2016-02-22 00:00:00+05:30,308.35,308.35,295.83,301.41,3129
2016-02-23 00:00:00+05:30,301.36,304.26,281.41,287.53,5462
2016-02-24 00:00:00+05:30,284.68,285.67,277.24,280.64,6148
2016-02-25 00:00:00+05:30,281.59,285.67,266.63,268.53,18337
2016-02-26 00:00:00+05:30,272.07,272.98,222.19,242.82,36399
2016-02-29 00:00:00+05:30,253.48,264.77,232.48,253.43,33275
2016-03-01 00:00:00+05:30,252.12,294.74,252.12,282.91,22171
2016-03-02 00:00:00+05:30,295.38,297.28,272.52,283.72,17302
2016-03-03 00:00:00+05:30,290.21,293.65,281.14,290.12,22171
2016-03-04 00:00:00+05:30,284.59,299.1,284.59,293.47,9074
2016-03-08 00:00:00+05:30,292.97,298.01,281.23,285.63,8660
2016-03-09 00:00:00+05:30,282.95,284.72,265.0,281.68,6683
2016-03-10 00:00:00+05:30,281.28,285.67,276.74,279.69,6817
2016-03-11 00:00:00+05:30,277.1,281.14,276.7,279.1,4835
2016-03-14 00:00:00+05:30,290.21,299.1,273.88,277.38,8351
2016-03-15 00:00:00+05:30,275.74,278.37,274.02,275.15,2871
2016-03-16 00:00:00+05:30,279.33,279.33,268.44,274.75,9063
2016-03-17 00:00:00+05:30,274.88,286.58,272.98,275.43,5974
2016-03-18 00:00:00+05:30,276.88,276.92,273.07,274.52,9463
2016-03-21 00:00:00+05:30,272.07,278.15,267.67,268.81,13475
2016-03-22 00:00:00+05:30,269.35,279.33,268.81,270.89,11644
2016-03-23 00:00:00+05:30,270.26,273.66,264.27,271.48,17385
2016-03-28 00:00:00+05:30,273.88,275.7,261.41,265.09,6149
2016-03-29 00:00:00+05:30,266.63,266.95,257.02,263.05,19121
2016-03-30 00:00:00+05:30,263.91,294.74,263.27,281.37,9803
2016-03-31 00:00:00+05:30,289.26,302.0,282.95,296.69,14644
2016-04-01 00:00:00+05:30,306.21,306.21,290.66,295.42,2483
2016-04-04 00:00:00+05:30,295.69,302.81,283.86,285.85,6007
2016-04-05 00:00:00+05:30,286.58,293.84,285.67,286.31,3656
2016-04-06 00:00:00+05:30,277.65,288.21,273.93,278.42,9173
2016-04-07 00:00:00+05:30,272.98,285.22,272.07,276.51,26248
2016-04-08 00:00:00+05:30,272.12,282.95,272.12,276.74,8792
2016-04-11 00:00:00+05:30,281.14,289.3,274.84,279.78,10693
2016-04-12 00:00:00+05:30,278.42,289.3,278.42,282.0,23507
2016-04-13 00:00:00+05:30,290.21,299.14,282.05,295.79,19646
2016-04-18 00:00:00+05:30,290.3,307.89,290.3,301.82,21415
2016-04-20 00:00:00+05:30,301.82,308.21,292.25,307.71,12381
2016-04-21 00:00:00+05:30,307.44,315.6,286.58,292.48,28405
2016-04-22 00:00:00+05:30,299.28,299.28,281.14,283.5,6344
2016-04-25 00:00:00+05:30,279.33,291.21,269.44,284.0,22681
2016-04-26 00:00:00+05:30,283.86,307.35,283.86,292.2,6310
2016-04-27 00:00:00+05:30,292.16,297.46,288.85,291.07,4373
2016-04-28 00:00:00+05:30,288.62,291.93,281.14,286.85,3638
2016-04-29 00:00:00+05:30,281.14,296.56,279.1,289.57,8600
2016-05-02 00:00:00+05:30,292.25,294.7,283.86,285.54,5893
2016-05-03 00:00:00+05:30,288.39,294.7,279.33,280.78,12671
2016-05-04 00:00:00+05:30,285.63,289.03,276.83,279.01,3320
2016-05-05 00:00:00+05:30,282.91,297.46,281.46,285.99,8360
2016-05-06 00:00:00+05:30,283.41,294.65,281.14,286.44,12437
2016-05-09 00:00:00+05:30,290.21,294.65,284.81,287.49,4787
2016-05-10 00:00:00+05:30,288.94,292.75,282.09,284.45,5461
2016-05-11 00:00:00+05:30,281.14,289.98,281.14,285.45,6499
2016-05-12 00:00:00+05:30,285.76,290.16,282.05,283.0,5225
2016-05-13 00:00:00+05:30,282.95,285.58,273.79,276.51,5605
2016-05-16 00:00:00+05:30,276.88,281.14,271.16,279.73,24956
2016-05-17 00:00:00+05:30,273.02,283.22,273.02,281.77,4520
2016-05-18 00:00:00+05:30,282.45,282.45,274.79,278.37,5572
2016-05-19 00:00:00+05:30,280.32,284.22,274.29,277.92,6007
2016-05-20 00:00:00+05:30,273.43,281.0,273.02,275.29,3917
2016-05-23 00:00:00+05:30,278.15,293.7,278.15,282.5,16903
2016-05-24 00:00:00+05:30,285.36,292.75,281.28,290.21,9930
2016-05-25 00:00:00+05:30,292.48,316.05,292.48,310.61,25859
2016-05-26 00:00:00+05:30,313.7,326.3,302.0,304.81,22436
2016-05-27 00:00:00+05:30,297.51,309.25,297.42,307.53,11319
2016-05-30 00:00:00+05:30,299.28,320.91,294.74,317.41,25268
2016-05-31 00:00:00+05:30,339.18,353.96,328.3,334.83,92756
2016-06-01 00:00:00+05:30,336.41,344.4,333.78,339.18,23124
2016-06-02 00:00:00+05:30,339.63,339.63,323.36,327.35,42165
2016-06-03 00:00:00+05:30,334.19,352.78,328.43,333.92,112114
2016-06-06 00:00:00+05:30,339.18,362.76,337.37,350.74,87749
2016-06-07 00:00:00+05:30,352.78,361.4,345.62,356.18,43433
2016-06-08 00:00:00+05:30,357.77,369.56,355.6,363.85,37329
2016-06-09 00:00:00+05:30,364.35,373.6,331.93,340.77,1841394
2016-06-10 00:00:00+05:30,349.16,407.2,346.44,379.58,1122693
2016-06-13 00:00:00+05:30,377.18,409.92,373.1,393.01,360496
2016-06-14 00:00:00+05:30,396.77,401.8,375.73,383.17,120124
2016-06-15 00:00:00+05:30,388.56,421.71,388.52,414.36,311477
2016-06-16 00:00:00+05:30,417.17,430.78,395.41,397.22,261201
2016-06-17 00:00:00+05:30,403.57,412.64,390.15,392.28,119199
2016-06-20 00:00:00+05:30,388.15,408.01,385.43,389.83,97932
2016-06-21 00:00:00+05:30,390.69,403.57,390.19,395.14,77546
2016-06-22 00:00:00+05:30,397.9,418.76,394.5,400.35,165428
2016-06-23 00:00:00+05:30,406.06,406.56,394.59,398.63,45110
2016-06-24 00:00:00+05:30,389.97,398.13,369.88,395.77,104705
2016-06-27 00:00:00+05:30,403.57,464.7,403.12,446.29,604452
2016-06-28 00:00:00+05:30,441.75,471.32,440.75,463.15,382257
2016-06-29 00:00:00+05:30,465.24,492.45,454.95,467.73,286492
2016-06-30 00:00:00+05:30,469.77,489.77,408.1,453.0,2367981
2016-07-01 00:00:00+05:30,467.96,475.22,436.22,438.85,354995
2016-07-04 00:00:00+05:30,439.94,450.73,424.47,431.64,215053
2016-07-05 00:00:00+05:30,434.99,467.05,421.71,458.26,850054
2016-07-07 00:00:00+05:30,467.05,475.22,444.38,457.21,512382
2016-07-08 00:00:00+05:30,454.9,460.25,441.66,452.72,175737
2016-07-11 00:00:00+05:30,455.45,460.61,449.82,455.35,129166
2016-07-12 00:00:00+05:30,457.94,467.96,445.65,449.28,171763
2016-07-13 00:00:00+05:30,451.64,452.5,431.23,432.77,121624
2016-07-14 00:00:00+05:30,436.81,449.82,432.59,435.09,120965
2016-07-15 00:00:00+05:30,439.85,446.78,428.51,433.95,143839
2016-07-18 00:00:00+05:30,437.13,445.2,431.05,432.77,77375
2016-07-19 00:00:00+05:30,436.45,440.75,427.42,435.9,55447
2016-07-20 00:00:00+05:30,443.34,458.44,440.07,452.91,251814
2016-07-21 00:00:00+05:30,455.67,457.8,437.26,438.76,92378
2016-07-22 00:00:00+05:30,442.43,488.27,440.3,475.58,624581
2016-07-25 00:00:00+05:30,479.57,561.19,476.62,539.7,1248198
2016-07-26 00:00:00+05:30,553.21,560.83,533.26,543.23,391828
2016-07-27 00:00:00+05:30,546.77,638.41,545.23,625.94,2048441
2016-07-28 00:00:00+05:30,634.24,649.34,561.37,578.38,1523618
2016-07-29 00:00:00+05:30,575.88,582.86,544.09,550.03,383600
2016-08-01 00:00:00+05:30,553.25,598.55,552.26,563.14,459815
2016-08-02 00:00:00+05:30,566.81,581.73,526.0,536.16,328164
2016-08-03 00:00:00+05:30,539.56,556.66,502.97,509.81,4095880
2016-08-04 00:00:00+05:30,519.56,545.32,512.04,536.75,375076
2016-08-05 00:00:00+05:30,543.23,588.94,533.08,581.1,778849
2016-08-08 00:00:00+05:30,585.68,585.68,555.07,564.64,208684
2016-08-09 00:00:00+05:30,561.82,583.5,553.53,572.75,268214
2016-08-10 00:00:00+05:30,574.97,576.74,535.66,555.02,501647
2016-08-11 00:00:00+05:30,551.62,565.0,545.27,550.62,153238
2016-08-12 00:00:00+05:30,551.03,563.18,544.96,546.41,92866
2016-08-16 00:00:00+05:30,544.14,552.08,535.98,538.38,96115
2016-08-17 00:00:00+05:30,541.37,546.32,519.65,526.09,122498
2016-08-18 00:00:00+05:30,526.0,555.93,526.0,548.63,213904
2016-08-19 00:00:00+05:30,552.03,560.46,544.14,550.76,127300
2016-08-22 00:00:00+05:30,555.02,561.37,541.51,546.23,105280
2016-08-23 00:00:00+05:30,548.54,566.63,540.51,556.25,223377
2016-08-24 00:00:00+05:30,557.74,562.1,547.5,549.13,67568
2016-08-25 00:00:00+05:30,553.16,564.55,547.77,555.07,111963
2016-08-26 00:00:00+05:30,554.8,560.83,550.08,554.16,66736
2016-08-29 00:00:00+05:30,554.16,559.65,545.95,552.71,63062
2016-08-30 00:00:00+05:30,550.76,557.74,550.76,553.16,31943
2016-08-31 00:00:00+05:30,551.53,564.09,549.54,552.66,63257
2016-09-01 00:00:00+05:30,552.35,557.74,532.44,536.66,80703
2016-09-02 00:00:00+05:30,543.91,544.0,533.21,535.12,49771
2016-09-06 00:00:00+05:30,539.24,552.3,528.09,541.83,80684
2016-09-07 00:00:00+05:30,545.45,551.4,539.61,545.95,46180
2016-09-08 00:00:00+05:30,547.72,574.07,543.23,564.09,274960
2016-09-09 00:00:00+05:30,568.81,574.29,548.9,554.75,107794
2016-09-12 00:00:00+05:30,536.98,541.37,518.84,528.36,131928
2016-09-14 00:00:00+05:30,531.53,533.76,519.74,527.45,76994
2016-09-15 00:00:00+05:30,526.0,537.79,526.0,528.27,66887
2016-09-16 00:00:00+05:30,533.17,538.25,515.16,519.88,82847
2016-09-19 00:00:00+05:30,523.24,530.54,516.98,524.32,67684
2016-09-20 00:00:00+05:30,527.73,530.54,520.56,522.37,29672
2016-09-21 00:00:00+05:30,527.0,528.72,520.56,522.15,64526
2016-09-22 00:00:00+05:30,525.1,554.12,516.25,536.93,526299
2016-09-23 00:00:00+05:30,538.7,541.19,527.91,532.76,204293
2016-09-26 00:00:00+05:30,529.86,544.96,526.0,539.97,224834
2016-09-27 00:00:00+05:30,557.74,565.72,530.49,533.98,458390
2016-09-28 00:00:00+05:30,537.47,537.79,524.19,528.27,188327
2016-09-29 00:00:00+05:30,532.62,536.57,492.49,501.38,279321
2016-09-30 00:00:00+05:30,501.52,523.01,495.17,515.98,127897
2016-10-03 00:00:00+05:30,525.41,539.61,521.47,527.77,170355
2016-10-04 00:00:00+05:30,536.16,548.58,527.41,539.7,302214
2016-10-05 00:00:00+05:30,547.77,550.85,526.82,529.9,268806
2016-10-06 00:00:00+05:30,532.12,533.03,510.68,516.84,101185
2016-10-07 00:00:00+05:30,520.47,524.82,512.53,516.21,127403
2016-10-10 00:00:00+05:30,518.34,521.47,509.04,511.99,45444
2016-10-13 00:00:00+05:30,514.67,516.93,499.88,504.24,134188
2016-10-14 00:00:00+05:30,506.05,512.31,500.61,506.64,86554
2016-10-17 00:00:00+05:30,511.95,530.36,507.86,511.9,220428
2016-10-18 00:00:00+05:30,516.75,527.82,512.94,515.62,231311
2016-10-19 00:00:00+05:30,517.79,540.51,517.02,532.62,422202
2016-10-20 00:00:00+05:30,538.15,544.14,527.14,538.15,232000
2016-10-21 00:00:00+05:30,536.16,543.91,531.72,537.88,86553
2016-10-24 00:00:00+05:30,544.09,546.59,522.6,526.09,169818
2016-10-25 00:00:00+05:30,527.41,530.54,518.66,528.68,121956
2016-10-26 00:00:00+05:30,528.72,528.72,512.72,520.47,69245
2016-10-27 00:00:00+05:30,513.99,521.2,509.68,515.35,58631
2016-10-28 00:00:00+05:30,513.94,522.37,513.31,518.02,48940
2016-10-30 00:00:00+05:30,521.29,526.0,521.29,523.73,34960
2016-11-01 00:00:00+05:30,528.63,528.63,511.81,517.21,90403
2016-11-02 00:00:00+05:30,509.72,515.12,500.7,503.65,93838
2016-11-03 00:00:00+05:30,504.24,527.82,496.07,503.6,208340
2016-11-04 00:00:00+05:30,510.13,513.85,485.19,490.68,101248
2016-11-07 00:00:00+05:30,498.21,511.49,496.94,506.96,56609
2016-11-08 00:00:00+05:30,511.45,511.45,497.43,506.14,80417
2016-11-09 00:00:00+05:30,467.05,498.79,417.17,495.62,279102
2016-11-10 00:00:00+05:30,516.03,516.03,475.85,480.84,113203
2016-11-11 00:00:00+05:30,467.05,471.5,430.78,439.48,208512
2016-11-15 00:00:00+05:30,433.59,433.59,351.61,361.31,549178
2016-11-16 00:00:00+05:30,375.91,394.5,344.76,349.75,467998
2016-11-17 00:00:00+05:30,353.51,360.13,334.15,339.41,157292
2016-11-18 00:00:00+05:30,348.25,355.5,339.77,348.84,96818
2016-11-21 00:00:00+05:30,348.84,352.78,323.31,325.85,130521
2016-11-22 00:00:00+05:30,329.84,332.83,293.29,304.63,656857
2016-11-23 00:00:00+05:30,310.11,335.05,297.96,335.05,318802
2016-11-24 00:00:00+05:30,338.18,368.52,328.39,368.11,587158
2016-11-25 00:00:00+05:30,367.29,404.89,360.63,404.89,538976
2016-11-28 00:00:00+05:30,403.57,404.75,365.53,370.56,314529
2016-11-29 00:00:00+05:30,371.83,406.29,371.83,399.04,362074
2016-11-30 00:00:00+05:30,403.57,418.99,403.57,418.49,300703
2016-12-01 00:00:00+05:30,415.36,415.36,397.58,397.58,142300
2016-12-02 00:00:00+05:30,398.13,398.13,377.72,377.72,124064
2016-12-05 00:00:00+05:30,368.29,372.24,358.86,358.86,179797
2016-12-06 00:00:00+05:30,355.19,368.61,343.35,347.07,194069
2016-12-07 00:00:00+05:30,349.34,358.23,346.44,350.88,120122
2016-12-08 00:00:00+05:30,355.5,368.38,353.69,365.16,180260
2016-12-09 00:00:00+05:30,368.97,369.02,349.75,352.65,84676
2016-12-12 00:00:00+05:30,353.69,353.69,338.27,341.4,82407
2016-12-13 00:00:00+05:30,336.6,341.9,324.35,324.49,103939
2016-12-14 00:00:00+05:30,326.3,331.02,313.79,316.46,80807
2016-12-15 00:00:00+05:30,316.46,332.24,313.79,332.24,122512
2016-12-16 00:00:00+05:30,339.91,342.81,325.21,327.48,89945
2016-12-19 00:00:00+05:30,322.09,332.88,313.79,321.5,165421
2016-12-20 00:00:00+05:30,318.37,326.48,305.44,305.49,117334
2016-12-21 00:00:00+05:30,308.35,314.2,303.0,305.76,57092
2016-12-22 00:00:00+05:30,307.44,307.44,291.11,292.48,69534
2016-12-23 00:00:00+05:30,286.58,306.99,281.59,292.93,125874
2016-12-26 00:00:00+05:30,290.12,290.12,278.28,278.33,89682
2016-12-27 00:00:00+05:30,277.51,292.2,266.67,289.17,194614
2016-12-28 00:00:00+05:30,299.19,303.58,293.11,296.65,468405
2016-12-29 00:00:00+05:30,296.56,306.53,296.47,301.91,139691
2016-12-30 00:00:00+05:30,303.72,310.98,293.38,299.82,150607
2017-01-02 00:00:00+05:30,302.09,314.78,302.09,308.71,176132
2017-01-03 00:00:00+05:30,312.84,312.84,302.45,306.89,141625
2017-01-04 00:00:00+05:30,307.44,313.15,306.26,308.89,101394
2017-01-05 00:00:00+05:30,310.16,324.31,308.35,320.54,301271
2017-01-06 00:00:00+05:30,322.77,324.31,309.34,310.66,153040
2017-01-09 00:00:00+05:30,313.74,317.14,306.12,307.98,40669
2017-01-10 00:00:00+05:30,310.16,313.74,306.35,308.12,42898
2017-01-11 00:00:00+05:30,309.98,316.96,308.84,313.06,123128
2017-01-12 00:00:00+05:30,314.15,318.91,310.93,312.25,93663
2017-01-13 00:00:00+05:30,313.38,315.15,306.85,310.16,60061
2017-01-16 00:00:00+05:30,309.66,315.51,306.08,310.84,68089
2017-01-17 00:00:00+05:30,315.51,326.35,315.51,325.21,259208
2017-01-18 00:00:00+05:30,330.93,337.37,328.57,333.2,217088
2017-01-19 00:00:00+05:30,340.04,340.09,328.57,330.66,112068
2017-01-20 00:00:00+05:30,331.02,332.61,317.23,319.82,65235
2017-01-23 00:00:00+05:30,324.62,324.62,314.97,317.87,54667
2017-01-24 00:00:00+05:30,321.27,324.67,314.69,320.68,41702
2017-01-25 00:00:00+05:30,322.54,336.69,322.49,336.69,139134
2017-01-27 00:00:00+05:30,348.93,353.51,344.8,353.51,84755
2017-01-30 00:00:00+05:30,355.5,357.14,341.27,350.24,239283
2017-01-31 00:00:00+05:30,354.01,358.95,340.09,344.03,125865
2017-02-01 00:00:00+05:30,345.08,361.22,340.18,361.22,180274
2017-02-02 00:00:00+05:30,365.03,379.27,365.03,379.27,432940
2017-02-03 00:00:00+05:30,389.97,398.22,389.97,398.22,162608
2017-02-06 00:00:00+05:30,418.13,418.13,399.04,407.65,334901
2017-02-07 00:00:00+05:30,413.55,426.15,403.57,407.15,254635
2017-02-08 00:00:00+05:30,408.06,416.72,391.78,406.02,182375
2017-02-09 00:00:00+05:30,411.46,417.17,403.75,409.33,108501
2017-02-10 00:00:00+05:30,413.32,425.52,407.38,411.69,376089
2017-02-13 00:00:00+05:30,416.18,416.18,372.51,400.03,219245
2017-02-14 00:00:00+05:30,402.62,404.98,388.15,392.14,78295
2017-02-15 00:00:00+05:30,394.5,394.5,370.56,372.78,150593
2017-02-16 00:00:00+05:30,367.52,388.33,367.52,379.58,160924
2017-02-17 00:00:00+05:30,386.25,403.8,382.26,400.31,206833
2017-02-20 00:00:00+05:30,399.94,424.34,399.35,414.91,270004
2017-02-21 00:00:00+05:30,420.21,421.8,406.29,409.37,87558
2017-02-22 00:00:00+05:30,410.83,411.73,395.41,396.9,75552
2017-02-23 00:00:00+05:30,401.21,406.7,392.96,396.09,75602
2017-02-27 00:00:00+05:30,397.86,397.86,385.89,388.02,81700
2017-02-28 00:00:00+05:30,393.96,393.96,376.0,377.63,126893
2017-03-01 00:00:00+05:30,381.8,386.34,371.1,374.78,84809
2017-03-02 00:00:00+05:30,372.19,384.43,349.61,363.67,230972
2017-03-03 00:00:00+05:30,366.93,370.65,356.64,365.25,143048
2017-03-06 00:00:00+05:30,367.66,367.66,351.51,355.64,133603
2017-03-07 00:00:00+05:30,346.35,357.91,342.81,349.43,181672
2017-03-08 00:00:00+05:30,350.97,359.95,348.43,357.0,166249
2017-03-09 00:00:00+05:30,362.53,363.39,354.19,357.18,132543
2017-03-10 00:00:00+05:30,360.04,360.95,350.34,352.33,74961
2017-03-14 00:00:00+05:30,362.76,362.76,350.06,355.91,159117
2017-03-15 00:00:00+05:30,359.18,367.2,355.91,357.73,174599
2017-03-16 00:00:00+05:30,359.22,364.39,354.6,356.91,97736
2017-03-17 00:00:00+05:30,359.4,364.12,353.69,355.01,122192
2017-03-20 00:00:00+05:30,355.5,357.59,350.34,351.2,76956
2017-03-21 00:00:00+05:30,344.62,347.43,331.61,338.05,241481
2017-03-22 00:00:00+05:30,331.02,347.07,331.02,337.37,176224
2017-03-23 00:00:00+05:30,340.09,344.12,333.74,335.1,124144
2017-03-24 00:00:00+05:30,338.68,341.72,328.48,329.84,174050
2017-03-27 00:00:00+05:30,332.56,332.56,321.04,322.72,160917
2017-03-28 00:00:00+05:30,323.76,339.23,323.76,327.57,228623
2017-03-29 00:00:00+05:30,328.3,331.97,321.04,322.36,126023
2017-03-30 00:00:00+05:30,325.58,328.21,320.14,322.22,106363
2017-03-31 00:00:00+05:30,327.3,327.3,318.32,322.95,162477
2017-04-03 00:00:00+05:30,326.39,334.6,322.95,330.02,190604
2017-04-05 00:00:00+05:30,329.2,329.2,318.37,322.72,220243
2017-04-06 00:00:00+05:30,323.67,329.11,318.78,319.77,203410
2017-04-07 00:00:00+05:30,317.41,330.88,311.79,316.24,333847
2017-04-10 00:00:00+05:30,323.76,330.11,312.88,313.52,429225
2017-04-11 00:00:00+05:30,316.51,321.04,312.93,314.74,127088
2017-04-12 00:00:00+05:30,317.14,317.14,308.35,309.48,140616
2017-04-13 00:00:00+05:30,306.71,320.14,305.9,311.66,235936
2017-04-17 00:00:00+05:30,310.93,317.78,307.44,310.75,130774
2017-04-18 00:00:00+05:30,312.56,320.14,309.52,311.34,182887
2017-04-19 00:00:00+05:30,308.8,311.97,304.72,310.25,78265
2017-04-20 00:00:00+05:30,312.79,341.72,312.7,335.92,862790
2017-04-21 00:00:00+05:30,338.64,340.72,327.57,331.06,197441
2017-04-24 00:00:00+05:30,333.2,338.27,331.02,333.42,107134
2017-04-25 00:00:00+05:30,335.96,350.06,331.02,343.94,479660
2017-04-26 00:00:00+05:30,345.08,359.13,340.09,346.84,520435
2017-04-27 00:00:00+05:30,350.06,350.06,340.99,342.63,80667
2017-04-28 00:00:00+05:30,342.63,348.98,335.64,347.03,185093
2017-05-02 00:00:00+05:30,343.72,344.62,331.93,333.74,140413
2017-05-03 00:00:00+05:30,334.65,340.99,327.62,330.7,102324
2017-05-04 00:00:00+05:30,331.02,334.65,325.21,326.12,65657
2017-05-05 00:00:00+05:30,326.94,331.38,318.1,319.86,94130
2017-05-08 00:00:00+05:30,320.32,323.4,317.87,319.14,41133
2017-05-09 00:00:00+05:30,321.5,336.73,317.55,334.69,157568
2017-05-10 00:00:00+05:30,337.64,337.77,328.75,331.38,65728
2017-05-11 00:00:00+05:30,334.51,336.46,327.03,328.84,62171
2017-05-12 00:00:00+05:30,330.84,332.79,321.95,323.31,62375
2017-05-15 00:00:00+05:30,323.31,330.11,322.04,324.04,46329
2017-05-16 00:00:00+05:30,324.67,327.53,321.27,322.68,45458
2017-05-17 00:00:00+05:30,322.9,329.2,320.14,321.13,50205
2017-05-18 00:00:00+05:30,319.23,327.84,307.71,310.66,130331
2017-05-19 00:00:00+05:30,314.24,317.32,300.18,302.77,106876
2017-05-22 00:00:00+05:30,305.58,307.44,288.39,290.39,97827
2017-05-23 00:00:00+05:30,291.75,291.75,264.77,273.7,197575
2017-05-24 00:00:00+05:30,274.43,292.93,272.39,286.04,172359
2017-05-25 00:00:00+05:30,289.07,298.82,285.4,295.6,119216
2017-05-26 00:00:00+05:30,293.84,302.9,289.3,294.52,70037
2017-05-29 00:00:00+05:30,267.44,284.81,264.77,271.57,276988
2017-05-30 00:00:00+05:30,271.62,271.62,252.12,261.14,155232
2017-05-31 00:00:00+05:30,258.56,272.98,258.56,265.63,96503
2017-06-01 00:00:00+05:30,267.54,271.16,262.46,263.41,74689
2017-06-02 00:00:00+05:30,265.68,268.44,259.37,260.92,96080
2017-06-05 00:00:00+05:30,258.74,267.31,258.74,260.05,60645
2017-06-06 00:00:00+05:30,261.23,265.4,256.34,257.6,59958
2017-06-07 00:00:00+05:30,260.14,262.09,248.58,250.21,110020
2017-06-08 00:00:00+05:30,251.21,251.21,241.24,243.14,202315
2017-06-09 00:00:00+05:30,244.82,244.82,227.81,229.13,231237
2017-06-12 00:00:00+05:30,226.36,236.07,219.52,230.04,269904
2017-06-13 00:00:00+05:30,232.98,276.02,231.62,266.58,2214720
2017-06-14 00:00:00+05:30,265.72,271.07,255.56,257.83,370833
2017-06-15 00:00:00+05:30,257.56,267.17,254.57,261.19,262860
2017-06-16 00:00:00+05:30,261.82,266.4,257.11,264.45,146501
2017-06-19 00:00:00+05:30,265.72,266.13,255.7,257.56,72640
2017-06-20 00:00:00+05:30,257.56,266.63,256.74,262.28,258105
2017-06-21 00:00:00+05:30,260.82,279.96,260.33,271.34,547174
2017-06-22 00:00:00+05:30,272.98,277.51,261.5,262.68,155130
2017-06-23 00:00:00+05:30,264.59,266.45,250.35,255.16,121722
2017-06-27 00:00:00+05:30,257.47,258.92,245.95,247.99,67618
2017-06-28 00:00:00+05:30,247.58,253.75,245.77,247.63,79925
2017-06-29 00:00:00+05:30,250.26,252.48,245.77,247.67,64531
2017-06-30 00:00:00+05:30,246.99,251.21,245.54,248.26,72952
2017-07-03 00:00:00+05:30,249.4,265.13,249.4,262.64,170180
2017-07-04 00:00:00+05:30,262.37,265.27,256.2,257.24,108819
2017-07-05 00:00:00+05:30,259.37,268.76,256.2,266.86,168930
2017-07-06 00:00:00+05:30,269.21,279.33,267.26,271.25,347390
2017-07-07 00:00:00+05:30,270.21,281.0,265.95,272.93,190548
2017-07-10 00:00:00+05:30,274.34,285.67,274.34,280.46,75831
2017-07-11 00:00:00+05:30,281.96,288.17,280.55,282.27,237363
2017-07-12 00:00:00+05:30,283.86,300.82,275.02,293.2,504885
2017-07-13 00:00:00+05:30,294.74,304.81,291.11,302.54,409385
2017-07-14 00:00:00+05:30,303.77,303.77,287.31,293.16,210083
2017-07-17 00:00:00+05:30,295.56,295.56,285.58,290.03,125275
2017-07-18 00:00:00+05:30,288.3,290.93,282.09,283.77,113649
2017-07-19 00:00:00+05:30,283.86,287.49,281.59,284.81,81908
2017-07-20 00:00:00+05:30,280.41,286.54,279.42,280.28,77536
2017-07-21 00:00:00+05:30,279.78,284.54,276.6,278.87,64871
2017-07-24 00:00:00+05:30,281.05,282.86,274.11,275.92,60230
2017-07-25 00:00:00+05:30,278.06,279.33,268.76,270.53,124461
2017-07-26 00:00:00+05:30,268.44,277.74,268.44,272.3,114226
2017-07-27 00:00:00+05:30,274.7,282.05,271.16,276.97,203446
2017-07-28 00:00:00+05:30,277.24,285.58,265.18,277.01,166695
2017-07-31 00:00:00+05:30,278.78,279.33,273.88,276.11,88800
2017-08-01 00:00:00+05:30,276.74,279.64,273.2,273.93,47814
2017-08-02 00:00:00+05:30,270.26,273.7,268.9,272.3,46151
2017-08-03 00:00:00+05:30,271.75,272.57,267.54,269.67,118418
2017-08-04 00:00:00+05:30,265.0,276.15,258.78,267.72,142581
2017-08-07 00:00:00+05:30,269.49,274.52,265.72,266.18,70738
2017-08-08 00:00:00+05:30,267.54,271.16,263.09,264.27,63476
2017-08-09 00:00:00+05:30,264.81,264.81,254.84,257.2,53922
2017-08-10 00:00:00+05:30,255.47,256.65,244.86,246.18,79210
2017-08-11 00:00:00+05:30,235.79,245.77,232.39,240.74,80336
2017-08-14 00:00:00+05:30,244.86,257.56,232.17,240.24,134331
2017-08-16 00:00:00+05:30,240.33,254.7,240.33,251.89,191136
2017-08-17 00:00:00+05:30,253.66,259.37,249.4,254.29,73793
2017-08-18 00:00:00+05:30,249.4,258.92,246.77,256.88,89299
2017-08-21 00:00:00+05:30,256.65,260.96,253.3,257.56,64924
2017-08-22 00:00:00+05:30,257.56,259.19,248.72,249.85,28245
2017-08-23 00:00:00+05:30,252.03,258.24,247.04,252.48,49012
2017-08-24 00:00:00+05:30,252.89,256.15,249.44,254.93,28370
2017-08-28 00:00:00+05:30,254.84,257.29,251.3,253.48,22707
2017-08-29 00:00:00+05:30,250.3,257.33,249.62,250.94,31803
2017-08-30 00:00:00+05:30,255.7,258.42,248.49,257.02,80914
2017-08-31 00:00:00+05:30,258.47,279.05,257.11,273.88,282572
2017-09-01 00:00:00+05:30,277.33,289.75,276.6,286.81,218543
2017-09-04 00:00:00+05:30,286.81,293.84,269.71,276.2,341320
2017-09-05 00:00:00+05:30,277.38,285.4,276.74,278.19,63051
2017-09-06 00:00:00+05:30,276.97,292.93,273.07,286.76,232700
2017-09-07 00:00:00+05:30,288.85,289.75,282.95,285.4,78511
2017-09-08 00:00:00+05:30,286.54,299.73,282.95,291.7,236430
2017-09-11 00:00:00+05:30,297.28,299.28,291.11,291.89,140444
2017-09-12 00:00:00+05:30,293.61,307.44,292.57,302.27,236585
2017-09-13 00:00:00+05:30,304.81,312.79,294.83,295.92,190653
2017-09-14 00:00:00+05:30,294.33,301.91,284.77,291.93,88811
2017-09-15 00:00:00+05:30,286.58,290.75,283.95,285.95,64132
2017-09-18 00:00:00+05:30,288.76,298.37,288.12,290.43,78011
2017-09-19 00:00:00+05:30,290.21,295.65,287.58,288.98,40974
2017-09-20 00:00:00+05:30,290.21,293.84,285.49,290.16,54591
2017-09-21 00:00:00+05:30,292.75,295.56,282.05,287.9,75479
2017-09-22 00:00:00+05:30,288.98,288.98,272.98,274.75,132847
2017-09-25 00:00:00+05:30,273.07,276.6,257.56,271.25,87913
2017-09-26 00:00:00+05:30,268.49,276.33,268.44,271.8,68588
2017-09-27 00:00:00+05:30,277.96,279.51,264.81,269.85,114257
2017-09-28 00:00:00+05:30,271.16,280.23,264.23,277.56,62651
2017-09-29 00:00:00+05:30,281.14,281.14,273.25,278.46,49909
2017-10-03 00:00:00+05:30,278.51,289.12,277.56,288.03,64465
2017-10-04 00:00:00+05:30,288.03,293.84,285.49,291.57,57487
2017-10-05 00:00:00+05:30,293.84,294.74,280.5,284.4,99040
2017-10-06 00:00:00+05:30,288.39,290.71,283.86,285.72,48679
2017-10-09 00:00:00+05:30,288.12,292.84,282.36,283.68,50089
2017-10-10 00:00:00+05:30,287.03,289.85,282.95,283.86,39274
2017-10-11 00:00:00+05:30,284.77,286.4,277.51,280.41,32562
2017-10-12 00:00:00+05:30,280.82,299.28,280.82,290.07,225331
2017-10-13 00:00:00+05:30,285.76,295.65,285.72,286.85,53165
2017-10-16 00:00:00+05:30,291.11,311.97,290.66,292.25,161556
2017-10-17 00:00:00+05:30,293.79,294.74,289.12,291.57,71125
2017-10-18 00:00:00+05:30,293.74,293.74,284.77,285.67,51949
2017-10-19 00:00:00+05:30,285.67,288.39,273.61,283.45,10221
2017-10-23 00:00:00+05:30,285.99,285.99,278.51,281.28,32456
2017-10-24 00:00:00+05:30,281.14,286.63,278.51,281.14,54810
2017-10-25 00:00:00+05:30,282.95,285.58,272.12,274.75,189203
2017-10-26 00:00:00+05:30,274.84,277.15,269.39,271.12,51475
2017-10-27 00:00:00+05:30,272.7,280.23,270.53,271.8,55645
2017-10-30 00:00:00+05:30,274.75,280.59,272.25,278.6,61082
2017-10-31 00:00:00+05:30,278.42,279.33,272.98,273.84,63944
2017-11-01 00:00:00+05:30,276.29,277.01,270.71,271.75,66038
2017-11-02 00:00:00+05:30,272.52,274.52,268.08,270.98,49102
2017-11-03 00:00:00+05:30,271.16,277.51,269.98,271.25,139968
2017-11-06 00:00:00+05:30,272.25,275.11,268.9,270.3,48808
2017-11-07 00:00:00+05:30,273.75,277.51,263.27,272.89,116067
2017-11-08 00:00:00+05:30,274.79,276.6,260.92,265.18,67537
2017-11-09 00:00:00+05:30,269.12,271.16,262.64,264.23,71039
2017-11-10 00:00:00+05:30,262.09,273.88,262.09,272.25,62351
2017-11-13 00:00:00+05:30,276.6,288.39,272.39,275.83,246308
2017-11-14 00:00:00+05:30,281.14,291.8,280.28,286.72,323509
2017-11-15 00:00:00+05:30,285.22,291.84,279.46,281.0,322688
2017-11-16 00:00:00+05:30,283.5,288.39,281.23,285.4,98211
2017-11-17 00:00:00+05:30,288.39,290.21,284.4,285.58,90127
2017-11-20 00:00:00+05:30,288.12,301.09,274.79,297.01,329702
2017-11-21 00:00:00+05:30,311.07,346.25,302.22,331.61,1803020
2017-11-22 00:00:00+05:30,333.42,346.16,329.66,337.91,485838
2017-11-23 00:00:00+05:30,340.63,345.53,335.64,339.72,263015
2017-11-24 00:00:00+05:30,342.99,360.81,342.76,352.56,475568
2017-11-27 00:00:00+05:30,359.13,391.78,356.46,378.18,1264090
2017-11-28 00:00:00+05:30,383.17,383.17,365.03,368.25,510657
2017-11-29 00:00:00+05:30,368.7,379.99,363.08,374.64,249111
2017-11-30 00:00:00+05:30,375.46,383.53,368.25,376.09,286505
2017-12-01 00:00:00+05:30,378.86,393.59,369.56,373.33,500287
2017-12-04 00:00:00+05:30,370.11,376.5,353.15,367.34,269064
2017-12-05 00:00:00+05:30,369.52,369.92,323.4,364.26,214713
2017-12-06 00:00:00+05:30,362.76,369.65,359.81,363.35,102295
2017-12-07 00:00:00+05:30,363.67,379.08,363.67,376.0,169918
2017-12-08 00:00:00+05:30,372.74,387.16,372.74,381.35,155050
2017-12-11 00:00:00+05:30,380.9,380.9,367.02,370.29,81251
2017-12-12 00:00:00+05:30,374.32,376.36,369.11,374.55,315014
2017-12-13 00:00:00+05:30,374.46,374.46,354.24,356.18,75282
2017-12-14 00:00:00+05:30,359.68,363.21,351.02,352.87,66378
2017-12-15 00:00:00+05:30,358.04,371.28,353.65,355.82,145064
2017-12-18 00:00:00+05:30,353.69,370.65,343.72,368.2,94411
2017-12-19 00:00:00+05:30,371.83,380.81,365.62,377.09,99310
2017-12-20 00:00:00+05:30,377.27,406.29,370.92,385.21,212614
2017-12-21 00:00:00+05:30,385.43,403.39,380.9,399.9,203629
2017-12-22 00:00:00+05:30,399.04,404.21,392.19,401.35,139976
2017-12-26 00:00:00+05:30,400.76,403.57,395.45,398.31,42229
2017-12-27 00:00:00+05:30,400.21,443.47,399.26,427.24,916465
2017-12-28 00:00:00+05:30,430.78,437.08,421.71,423.52,502687
2017-12-29 00:00:00+05:30,429.87,429.87,412.91,413.68,177648
2018-01-01 00:00:00+05:30,417.72,418.94,403.62,408.01,41304
2018-01-02 00:00:00+05:30,406.29,413.82,385.98,388.92,103336
2018-01-03 00:00:00+05:30,391.78,403.57,390.15,393.1,63732
2018-01-04 00:00:00+05:30,392.69,403.03,345.71,399.81,412315
2018-01-05 00:00:00+05:30,399.04,399.04,390.28,394.14,81762
2018-01-08 00:00:00+05:30,397.63,464.97,394.82,441.34,696055
2018-01-09 00:00:00+05:30,446.92,448.01,416.36,418.35,233663
2018-01-10 00:00:00+05:30,419.26,422.89,413.55,415.27,68851
2018-01-11 00:00:00+05:30,415.95,440.75,414.82,438.03,238222
2018-01-12 00:00:00+05:30,440.84,475.12,437.72,465.1,612033
2018-01-15 00:00:00+05:30,467.05,469.41,451.45,460.25,297648
2018-01-16 00:00:00+05:30,462.97,462.97,440.66,444.02,156432
2018-01-17 00:00:00+05:30,446.19,462.52,424.66,449.87,107224
2018-01-18 00:00:00+05:30,454.18,461.61,449.01,455.58,209160
2018-01-19 00:00:00+05:30,452.04,461.16,448.92,457.26,91219
2018-01-22 00:00:00+05:30,457.12,459.98,451.73,453.99,206107
2018-01-23 00:00:00+05:30,456.31,467.01,451.55,456.85,180639
2018-01-24 00:00:00+05:30,459.62,459.62,451.64,453.72,154284
2018-01-25 00:00:00+05:30,453.45,456.13,426.61,436.17,74238
2018-01-29 00:00:00+05:30,436.35,451.18,422.21,424.47,54830
2018-01-30 00:00:00+05:30,422.12,455.26,405.47,448.33,163914
2018-01-31 00:00:00+05:30,444.34,444.34,418.35,424.34,55133
2018-02-01 00:00:00+05:30,424.43,439.71,403.62,415.04,143679
2018-02-02 00:00:00+05:30,407.2,410.78,371.83,377.5,86677
2018-02-05 00:00:00+05:30,365.25,397.86,333.38,390.51,115974
2018-02-06 00:00:00+05:30,334.65,402.66,328.34,378.54,198412
2018-02-07 00:00:00+05:30,395.41,399.04,368.34,376.18,64863
2018-02-08 00:00:00+05:30,373.46,394.05,369.34,385.57,73751
2018-02-09 00:00:00+05:30,371.92,389.88,369.06,387.52,70997
2018-02-12 00:00:00+05:30,391.51,404.89,380.94,399.17,54980
2018-02-14 00:00:00+05:30,403.53,448.37,403.53,421.3,381033
2018-02-15 00:00:00+05:30,426.24,433.91,409.01,411.82,174388
2018-02-16 00:00:00+05:30,412.68,420.71,408.2,411.19,62410
2018-02-19 00:00:00+05:30,413.55,413.55,396.36,406.74,45380
2018-02-20 00:00:00+05:30,406.52,410.96,401.03,408.2,56837
2018-02-21 00:00:00+05:30,409.01,412.64,404.98,408.6,197579
2018-02-22 00:00:00+05:30,407.56,410.33,403.71,405.07,55035
2018-02-23 00:00:00+05:30,408.97,409.69,404.57,408.29,96994
2018-02-26 00:00:00+05:30,410.51,411.69,402.75,407.2,42241
2018-02-27 00:00:00+05:30,410.55,411.23,395.91,400.49,41572
2018-02-28 00:00:00+05:30,391.15,394.91,383.17,387.84,39890
2018-03-01 00:00:00+05:30,383.66,412.19,383.66,392.55,31549
2018-03-05 00:00:00+05:30,391.74,404.3,378.18,397.54,95375
2018-03-06 00:00:00+05:30,399.13,404.16,377.32,385.3,26790
2018-03-07 00:00:00+05:30,388.83,389.47,378.81,381.99,47055
2018-03-08 00:00:00+05:30,387.06,388.7,375.46,378.99,52392
2018-03-09 00:00:00+05:30,382.71,382.71,361.81,367.93,43052
2018-03-12 00:00:00+05:30,370.47,373.19,354.96,360.13,51587
2018-03-13 00:00:00+05:30,356.5,372.42,356.5,368.56,55145
2018-03-14 00:00:00+05:30,369.11,369.11,355.96,360.63,39245
2018-03-15 00:00:00+05:30,360.08,364.8,353.83,356.59,20191
2018-03-16 00:00:00+05:30,357.23,365.62,356.68,359.18,31207
2018-03-19 00:00:00+05:30,362.62,366.34,328.8,344.4,58580
2018-03-20 00:00:00+05:30,347.71,347.71,331.7,340.22,70314
2018-03-21 00:00:00+05:30,343.72,358.23,336.91,339.77,38282
2018-03-22 00:00:00+05:30,340.99,345.98,340.99,343.76,92646
2018-03-23 00:00:00+05:30,331.93,348.88,311.07,341.67,64967
2018-03-26 00:00:00+05:30,344.62,348.29,331.02,336.05,69347
2018-03-27 00:00:00+05:30,340.0,360.08,335.55,357.86,67304
2018-03-28 00:00:00+05:30,353.87,367.29,345.53,359.68,35903
2018-04-02 00:00:00+05:30,362.08,367.25,359.54,361.13,12531
2018-04-03 00:00:00+05:30,358.72,362.85,357.36,360.72,13207
2018-04-04 00:00:00+05:30,357.95,369.2,357.95,366.48,48452
2018-04-05 00:00:00+05:30,369.79,380.54,369.74,376.23,30677
2018-04-06 00:00:00+05:30,376.0,396.22,370.15,386.07,53035
2018-04-09 00:00:00+05:30,388.15,397.86,384.62,388.65,24828
2018-04-10 00:00:00+05:30,389.97,396.32,382.35,383.94,19018
2018-04-11 00:00:00+05:30,381.08,389.97,377.72,379.76,13044
2018-04-12 00:00:00+05:30,375.91,394.41,375.91,381.31,24553
2018-04-13 00:00:00+05:30,378.63,385.07,367.29,369.52,23378
2018-04-16 00:00:00+05:30,368.16,380.9,364.62,377.54,37026
2018-04-17 00:00:00+05:30,379.08,382.71,374.14,377.0,11186
2018-04-18 00:00:00+05:30,376.68,389.97,376.41,384.89,34011
2018-04-19 00:00:00+05:30,385.89,390.78,383.17,388.83,27161
2018-04-20 00:00:00+05:30,388.7,389.06,379.17,383.21,16463
2018-04-23 00:00:00+05:30,383.21,391.96,377.5,387.93,23947
2018-04-24 00:00:00+05:30,387.93,392.69,384.71,389.29,26420
2018-04-25 00:00:00+05:30,380.9,392.69,378.18,380.54,8219
2018-04-26 00:00:00+05:30,383.8,385.3,365.57,370.6,12045
2018-04-27 00:00:00+05:30,379.31,379.95,363.67,368.79,19221
2018-04-30 00:00:00+05:30,369.43,375.86,365.98,367.11,20675
2018-05-02 00:00:00+05:30,380.9,380.9,366.39,370.51,23478
2018-05-03 00:00:00+05:30,372.74,372.74,359.13,365.12,23108
2018-05-04 00:00:00+05:30,365.3,368.88,361.31,363.71,9905
2018-05-07 00:00:00+05:30,361.9,365.84,359.09,362.62,11484
2018-05-08 00:00:00+05:30,362.31,366.39,362.31,364.26,34488
2018-05-09 00:00:00+05:30,364.89,366.34,357.91,359.27,10296
2018-05-10 00:00:00+05:30,356.87,377.13,356.41,374.55,37064
2018-05-11 00:00:00+05:30,380.9,387.25,375.05,381.8,74643
2018-05-14 00:00:00+05:30,385.84,392.6,382.12,387.79,65890
2018-05-15 00:00:00+05:30,388.06,395.32,376.64,380.94,53692
2018-05-16 00:00:00+05:30,370.92,378.59,361.85,367.52,55000
2018-05-17 00:00:00+05:30,369.15,374.23,366.39,372.19,18299
2018-05-18 00:00:00+05:30,372.74,379.86,364.62,367.02,19015
2018-05-21 00:00:00+05:30,366.02,366.39,349.16,351.24,32946
2018-05-22 00:00:00+05:30,351.74,358.13,336.1,343.49,50969
2018-05-23 00:00:00+05:30,343.94,346.35,336.05,338.68,40179
2018-05-24 00:00:00+05:30,338.73,347.34,329.25,342.13,49000
2018-05-25 00:00:00+05:30,337.37,350.97,337.37,346.62,32043
2018-05-28 00:00:00+05:30,348.93,362.22,344.71,352.6,40999
2018-05-29 00:00:00+05:30,350.74,357.27,347.84,350.65,29427
2018-05-30 00:00:00+05:30,352.74,387.02,340.99,380.54,956263
2018-05-31 00:00:00+05:30,381.8,385.57,357.36,360.08,186948
2018-06-01 00:00:00+05:30,362.71,363.35,346.89,352.38,47530
2018-06-04 00:00:00+05:30,353.69,389.69,340.5,343.35,59519
2018-06-05 00:00:00+05:30,344.62,347.84,326.48,342.67,79411
2018-06-06 00:00:00+05:30,341.81,351.88,338.46,346.57,38857
2018-06-07 00:00:00+05:30,349.16,360.63,344.71,347.25,39718
2018-06-08 00:00:00+05:30,347.25,347.25,339.23,344.53,23279
2018-06-11 00:00:00+05:30,343.81,357.5,342.45,350.38,45658
2018-06-12 00:00:00+05:30,351.02,351.02,346.44,347.48,15775
2018-06-13 00:00:00+05:30,347.39,353.19,342.81,343.22,15226
2018-06-14 00:00:00+05:30,340.13,361.76,339.63,342.08,151228
2018-06-15 00:00:00+05:30,346.44,351.38,333.74,336.19,302888
2018-06-18 00:00:00+05:30,336.23,337.37,332.65,334.24,54578
2018-06-19 00:00:00+05:30,333.69,336.6,327.48,332.56,91158
2018-06-20 00:00:00+05:30,332.88,339.63,329.57,334.24,23731
2018-06-21 00:00:00+05:30,334.24,334.96,317.41,321.04,45869
2018-06-22 00:00:00+05:30,321.04,321.59,318.14,319.27,19888
2018-06-25 00:00:00+05:30,316.73,326.48,311.47,313.29,43189
2018-06-26 00:00:00+05:30,311.93,325.17,303.81,309.39,143176
2018-06-27 00:00:00+05:30,310.61,316.55,295.29,298.6,72707
2018-06-28 00:00:00+05:30,301.09,303.81,293.2,299.87,42335
2018-06-29 00:00:00+05:30,301.09,311.07,300.64,306.17,34041
2018-07-02 00:00:00+05:30,306.26,306.94,290.25,298.6,167060
2018-07-03 00:00:00+05:30,297.28,308.12,288.94,303.13,173347
2018-07-04 00:00:00+05:30,301.09,301.73,294.74,297.69,130544
2018-07-05 00:00:00+05:30,297.87,301.5,296.56,297.92,136463
2018-07-06 00:00:00+05:30,298.32,310.16,292.66,302.81,27098
2018-07-09 00:00:00+05:30,303.81,312.79,297.87,303.09,19103
2018-07-10 00:00:00+05:30,301.54,309.93,301.54,307.21,17489
2018-07-11 00:00:00+05:30,307.17,311.97,297.51,299.37,50681
2018-07-12 00:00:00+05:30,300.18,302.18,289.85,291.66,47393
2018-07-13 00:00:00+05:30,288.94,293.65,286.63,292.57,28621
2018-07-16 00:00:00+05:30,290.21,291.57,285.67,288.89,14798
2018-07-17 00:00:00+05:30,285.67,292.48,285.67,286.72,15081
2018-07-18 00:00:00+05:30,288.39,292.02,280.23,290.71,38746
2018-07-19 00:00:00+05:30,289.35,293.79,281.14,290.03,36440
2018-07-20 00:00:00+05:30,290.03,292.02,283.13,289.03,27000
2018-07-23 00:00:00+05:30,287.53,302.0,287.53,300.59,36049
2018-07-24 00:00:00+05:30,300.59,314.69,299.73,312.7,71512
2018-07-25 00:00:00+05:30,308.94,321.04,308.94,316.28,39265
2018-07-26 00:00:00+05:30,315.6,318.32,308.44,310.07,14856
2018-07-27 00:00:00+05:30,308.44,314.6,301.54,305.4,309580
2018-07-30 00:00:00+05:30,301.54,316.05,301.5,305.85,53182
2018-07-31 00:00:00+05:30,304.9,308.3,302.27,304.49,13875
2018-08-01 00:00:00+05:30,305.99,320.41,303.13,313.2,65765
2018-08-02 00:00:00+05:30,313.88,321.68,311.84,317.73,17639
2018-08-03 00:00:00+05:30,314.74,326.26,314.74,321.31,24396
2018-08-06 00:00:00+05:30,321.04,329.52,315.6,323.81,85051
2018-08-07 00:00:00+05:30,326.53,348.43,322.86,343.03,92403
2018-08-08 00:00:00+05:30,346.44,373.37,343.72,349.25,174585
2018-08-09 00:00:00+05:30,351.83,370.6,348.88,355.96,65684
2018-08-10 00:00:00+05:30,357.95,358.68,350.56,356.46,41526
2018-08-13 00:00:00+05:30,354.6,371.83,305.22,336.05,284792
2018-08-14 00:00:00+05:30,333.38,335.55,320.41,332.42,100079
2018-08-16 00:00:00+05:30,329.3,335.01,317.41,323.54,114875
2018-08-17 00:00:00+05:30,329.2,331.02,321.0,328.75,27975
2018-08-20 00:00:00+05:30,329.34,338.82,327.89,335.73,26840
2018-08-21 00:00:00+05:30,335.73,338.27,333.74,334.56,92476
2018-08-23 00:00:00+05:30,332.02,338.27,332.02,335.64,24497
2018-08-24 00:00:00+05:30,336.46,336.46,331.29,335.37,17005
2018-08-27 00:00:00+05:30,336.55,343.49,333.56,335.42,21884
2018-08-28 00:00:00+05:30,332.83,338.68,332.83,335.42,35792
2018-08-29 00:00:00+05:30,333.74,336.32,325.58,327.66,12721
2018-08-30 00:00:00+05:30,327.44,331.34,325.31,329.7,11096
2018-08-31 00:00:00+05:30,329.66,329.7,322.86,328.3,10722
2018-09-03 00:00:00+05:30,324.22,334.19,313.88,331.97,32044
2018-09-04 00:00:00+05:30,326.98,332.11,319.23,321.63,9953
2018-09-05 00:00:00+05:30,318.32,327.62,311.38,318.55,76003
2018-09-06 00:00:00+05:30,317.01,318.46,308.35,310.48,23945
2018-09-07 00:00:00+05:30,311.11,311.16,295.69,298.82,55819
2018-09-10 00:00:00+05:30,297.83,297.83,283.27,290.25,45683
2018-09-11 00:00:00+05:30,287.85,298.37,284.22,286.72,61702
2018-09-12 00:00:00+05:30,289.21,291.7,278.92,289.53,57462
2018-09-14 00:00:00+05:30,290.21,303.72,290.16,296.37,37026
2018-09-17 00:00:00+05:30,296.47,308.12,290.66,305.31,31786
2018-09-18 00:00:00+05:30,308.35,320.05,298.37,304.04,55653
2018-09-19 00:00:00+05:30,301.45,312.65,301.45,308.44,28353
2018-09-21 00:00:00+05:30,308.39,317.28,278.87,298.32,150663
2018-09-24 00:00:00+05:30,282.05,311.7,280.28,290.57,81782
2018-09-25 00:00:00+05:30,282.09,288.12,250.62,285.17,175846
2018-09-26 00:00:00+05:30,280.28,284.72,272.16,281.0,61312
2018-09-27 00:00:00+05:30,276.65,279.82,261.6,266.9,84561
2018-09-28 00:00:00+05:30,257.83,263.91,245.77,257.42,139714
2018-10-01 00:00:00+05:30,253.03,262.77,238.15,244.86,147526
2018-10-03 00:00:00+05:30,245.82,251.26,235.79,240.33,43989
2018-10-04 00:00:00+05:30,235.79,239.88,228.54,233.07,41749
2018-10-05 00:00:00+05:30,231.3,231.3,206.77,221.24,96312
2018-10-08 00:00:00+05:30,217.79,219.47,187.14,211.63,194947
2018-10-09 00:00:00+05:30,206.91,211.58,205.87,207.86,30246
2018-10-10 00:00:00+05:30,205.14,222.19,205.14,218.7,46002
2018-10-11 00:00:00+05:30,214.03,216.61,203.64,213.03,23906
2018-10-12 00:00:00+05:30,215.66,225.23,215.62,217.61,67480
2018-10-15 00:00:00+05:30,221.28,221.28,212.08,216.7,46858
2018-10-16 00:00:00+05:30,218.38,220.38,210.9,213.67,18305
2018-10-17 00:00:00+05:30,215.16,217.75,202.01,206.37,52177
2018-10-19 00:00:00+05:30,197.7,200.47,193.17,194.58,102731
2018-10-22 00:00:00+05:30,193.26,199.16,192.58,195.89,70947
2018-10-23 00:00:00+05:30,193.17,199.25,184.06,193.17,51343
2018-10-24 00:00:00+05:30,193.71,196.07,181.29,187.5,54388
2018-10-25 00:00:00+05:30,185.46,187.0,180.52,183.28,57057
2018-10-26 00:00:00+05:30,181.56,208.59,174.71,191.17,77774
2018-10-29 00:00:00+05:30,193.31,204.91,193.17,198.66,37452
2018-10-30 00:00:00+05:30,198.43,202.28,195.66,199.47,18169
2018-10-31 00:00:00+05:30,199.34,209.49,193.35,206.86,28219
2018-11-01 00:00:00+05:30,208.31,209.31,202.24,206.41,41175
2018-11-02 00:00:00+05:30,207.32,208.9,199.61,202.6,38545
2018-11-05 00:00:00+05:30,202.6,205.37,192.81,196.8,12562
2018-11-06 00:00:00+05:30,197.16,199.38,191.85,192.53,21408
2018-11-07 00:00:00+05:30,195.35,203.15,192.9,199.34,5565
2018-11-09 00:00:00+05:30,199.43,201.56,192.31,193.67,37809
2018-11-12 00:00:00+05:30,195.03,202.24,194.08,194.48,23462
2018-11-13 00:00:00+05:30,194.53,199.06,191.49,194.58,54474
2018-11-14 00:00:00+05:30,196.57,206.77,181.43,190.22,313410
2018-11-15 00:00:00+05:30,189.63,198.16,185.82,190.0,384954
2018-11-16 00:00:00+05:30,193.58,194.76,186.01,190.27,127861
2018-11-19 00:00:00+05:30,191.4,192.26,183.74,186.37,78427
2018-11-20 00:00:00+05:30,184.15,188.59,172.49,178.52,119018
2018-11-21 00:00:00+05:30,179.25,183.47,173.35,181.33,88767
2018-11-22 00:00:00+05:30,184.15,193.44,181.43,186.55,145691
2018-11-26 00:00:00+05:30,187.96,192.26,185.01,190.31,31949
2018-11-27 00:00:00+05:30,190.45,193.17,186.19,192.17,68333
2018-11-28 00:00:00+05:30,193.17,198.61,179.2,192.63,89492
2018-11-29 00:00:00+05:30,195.53,195.89,189.59,190.54,44142
2018-11-30 00:00:00+05:30,192.26,194.53,181.7,186.41,35516
2018-12-03 00:00:00+05:30,190.36,190.36,183.69,186.96,15308
2018-12-04 00:00:00+05:30,186.5,202.33,185.01,193.8,104492
2018-12-05 00:00:00+05:30,193.12,201.56,185.91,196.21,174014
2018-12-06 00:00:00+05:30,195.39,198.11,184.83,188.05,59257
2018-12-07 00:00:00+05:30,189.5,191.13,182.6,186.05,43833
2018-12-10 00:00:00+05:30,181.56,185.87,179.34,180.65,22279
2018-12-11 00:00:00+05:30,180.2,186.1,179.48,182.33,27421
2018-12-12 00:00:00+05:30,182.51,188.64,182.51,185.64,54372
2018-12-13 00:00:00+05:30,187.68,197.16,185.91,192.26,141552
2018-12-14 00:00:00+05:30,192.58,192.63,188.05,189.77,28669
2018-12-17 00:00:00+05:30,189.95,191.36,188.86,190.31,17803
2018-12-18 00:00:00+05:30,188.5,193.58,187.96,190.49,43615
2018-12-19 00:00:00+05:30,191.27,212.21,190.45,207.0,218158
2018-12-20 00:00:00+05:30,206.77,248.4,206.73,245.5,1547184
2018-12-21 00:00:00+05:30,245.68,271.8,243.09,248.85,1361489
2018-12-24 00:00:00+05:30,253.89,261.91,237.61,240.56,302107
2018-12-26 00:00:00+05:30,240.28,244.32,227.0,230.22,264508
2018-12-27 00:00:00+05:30,232.76,242.01,217.66,220.97,139466
2018-12-28 00:00:00+05:30,222.19,230.99,220.24,224.32,139440
2018-12-31 00:00:00+05:30,225.14,231.08,223.46,225.73,71426
2019-01-01 00:00:00+05:30,226.36,226.36,216.75,220.2,79962
2019-01-02 00:00:00+05:30,221.87,223.05,215.84,217.52,62739
2019-01-03 00:00:00+05:30,218.38,219.47,207.23,209.99,60065
2019-01-04 00:00:00+05:30,208.68,215.66,205.87,206.77,76242
2019-01-07 00:00:00+05:30,209.22,211.63,205.19,207.0,101068
2019-01-08 00:00:00+05:30,206.86,215.39,206.32,212.4,74633
2019-01-09 00:00:00+05:30,214.48,222.64,210.58,213.12,244358
2019-01-10 00:00:00+05:30,213.57,213.67,206.77,210.72,68296
2019-01-11 00:00:00+05:30,210.4,219.47,208.63,217.07,96854
2019-01-14 00:00:00+05:30,217.07,235.66,214.3,233.39,192362
2019-01-15 00:00:00+05:30,233.07,238.61,217.66,221.83,409779
2019-01-16 00:00:00+05:30,222.96,229.26,218.56,227.5,140449
2019-01-17 00:00:00+05:30,227.54,232.67,223.64,226.5,319889
2019-01-18 00:00:00+05:30,226.32,233.12,225.95,230.4,119974
2019-01-21 00:00:00+05:30,232.17,232.17,225.82,227.27,21425
2019-01-22 00:00:00+05:30,228.63,230.72,227.27,229.04,42087
2019-01-23 00:00:00+05:30,230.35,232.98,226.04,230.26,26896
2019-01-24 00:00:00+05:30,231.26,239.42,229.76,233.12,108772
2019-01-25 00:00:00+05:30,234.93,248.49,228.81,232.67,494774
2019-01-28 00:00:00+05:30,234.43,240.83,220.38,232.94,93804
2019-01-29 00:00:00+05:30,233.98,233.98,223.14,227.95,36822
2019-01-30 00:00:00+05:30,228.58,231.26,227.81,229.63,12097
2019-01-31 00:00:00+05:30,230.4,238.51,230.4,235.84,79732
2019-02-01 00:00:00+05:30,237.61,237.61,222.64,235.98,49458
2019-02-04 00:00:00+05:30,233.07,243.68,230.4,233.03,217917
2019-02-05 00:00:00+05:30,238.97,239.15,216.2,230.72,89257
2019-02-06 00:00:00+05:30,232.71,236.79,221.96,226.63,77072
2019-02-07 00:00:00+05:30,226.72,232.21,217.75,219.7,157933
2019-02-08 00:00:00+05:30,221.01,223.6,212.21,213.39,41159
2019-02-11 00:00:00+05:30,215.62,216.57,195.71,213.67,109974
2019-02-12 00:00:00+05:30,214.39,216.75,207.73,214.35,30057
2019-02-13 00:00:00+05:30,214.48,219.47,211.44,214.98,32741
2019-02-14 00:00:00+05:30,214.89,217.66,207.23,210.76,40943
2019-02-15 00:00:00+05:30,208.59,213.12,204.51,209.95,35765
2019-02-18 00:00:00+05:30,210.04,210.04,199.61,203.28,33639
2019-02-19 00:00:00+05:30,201.42,208.59,198.61,203.33,23516
2019-02-20 00:00:00+05:30,205.0,207.54,203.37,206.5,18505
2019-02-21 00:00:00+05:30,207.68,210.4,206.77,207.82,20506
2019-02-22 00:00:00+05:30,207.68,221.19,206.05,219.7,66131
2019-02-25 00:00:00+05:30,222.01,235.07,221.33,233.12,59511
2019-02-26 00:00:00+05:30,227.72,236.97,220.38,233.53,77453
2019-02-27 00:00:00+05:30,235.43,243.91,230.67,236.97,87273
2019-02-28 00:00:00+05:30,240.28,257.92,237.79,249.81,229303
2019-03-01 00:00:00+05:30,246.72,258.47,246.72,255.2,112693
2019-03-05 00:00:00+05:30,257.92,270.26,254.02,267.13,96736
2019-03-06 00:00:00+05:30,269.98,275.65,261.73,267.31,68197
2019-03-07 00:00:00+05:30,267.31,284.45,259.37,275.02,96440
2019-03-08 00:00:00+05:30,276.97,284.68,274.79,281.32,88411
2019-03-11 00:00:00+05:30,281.96,294.74,281.96,289.44,143295
2019-03-12 00:00:00+05:30,291.34,307.44,291.34,301.73,220841
2019-03-13 00:00:00+05:30,301.73,302.13,280.37,283.59,88046
2019-03-14 00:00:00+05:30,281.14,299.28,277.15,297.01,191412
2019-03-15 00:00:00+05:30,299.0,303.54,288.48,297.64,140949
2019-03-18 00:00:00+05:30,300.09,302.0,290.93,292.93,23683
2019-03-19 00:00:00+05:30,295.2,301.09,288.44,298.1,22671
2019-03-20 00:00:00+05:30,298.37,330.11,298.37,323.17,177935
2019-03-22 00:00:00+05:30,328.93,344.62,316.73,336.64,126267
2019-03-25 00:00:00+05:30,326.62,333.74,321.27,325.03,41290
2019-03-26 00:00:00+05:30,326.48,336.28,318.32,319.68,43746
2019-03-27 00:00:00+05:30,320.14,323.85,312.88,317.91,31049
2019-03-28 00:00:00+05:30,319.23,326.48,313.97,316.96,17681
2019-03-29 00:00:00+05:30,317.41,353.69,316.96,331.2,67834
2019-04-01 00:00:00+05:30,332.02,350.97,332.02,346.16,74191
2019-04-02 00:00:00+05:30,348.25,349.34,343.03,345.12,26327
2019-04-03 00:00:00+05:30,347.98,352.87,345.53,347.34,22495
2019-04-04 00:00:00+05:30,344.21,350.97,339.09,339.63,216104
2019-04-05 00:00:00+05:30,344.08,348.07,340.09,344.8,16843
2019-04-08 00:00:00+05:30,344.62,349.34,340.09,341.54,12473
2019-04-09 00:00:00+05:30,336.05,343.49,336.05,340.31,23521
2019-04-10 00:00:00+05:30,339.32,341.67,337.87,339.86,16604
2019-04-11 00:00:00+05:30,339.04,344.53,338.0,339.59,14097
2019-04-12 00:00:00+05:30,338.23,341.04,334.69,335.78,27913
2019-04-15 00:00:00+05:30,337.41,344.62,330.2,337.41,30684
2019-04-16 00:00:00+05:30,337.37,340.09,328.3,337.41,68753
2019-04-18 00:00:00+05:30,335.55,335.55,322.9,324.72,17997
2019-04-22 00:00:00+05:30,322.27,326.48,308.48,317.23,52006
2019-04-23 00:00:00+05:30,315.47,315.65,302.9,304.9,12504
2019-04-24 00:00:00+05:30,307.3,319.86,302.0,312.29,11960
2019-04-25 00:00:00+05:30,307.08,311.84,303.81,305.85,7453
2019-04-26 00:00:00+05:30,304.58,305.76,294.74,297.1,8626
2019-04-30 00:00:00+05:30,300.55,302.0,278.06,298.64,74362
2019-05-02 00:00:00+05:30,305.63,316.05,288.12,300.95,59122
2019-05-03 00:00:00+05:30,301.09,310.16,299.28,308.75,20743
2019-05-06 00:00:00+05:30,309.98,312.65,301.23,310.02,18886
2019-05-07 00:00:00+05:30,310.93,313.79,295.79,308.07,44549
2019-05-08 00:00:00+05:30,303.86,316.51,290.21,294.61,248274
2019-05-09 00:00:00+05:30,292.93,294.29,274.79,277.06,90041
2019-05-10 00:00:00+05:30,276.6,282.95,275.24,279.78,124259
2019-05-13 00:00:00+05:30,285.4,285.4,270.26,279.37,77112
2019-05-14 00:00:00+05:30,277.06,278.96,272.07,275.56,20647
2019-05-15 00:00:00+05:30,273.43,278.42,265.81,272.07,41943
2019-05-16 00:00:00+05:30,267.54,275.7,265.22,272.7,37545
2019-05-17 00:00:00+05:30,269.58,273.88,264.5,271.21,46024
2019-05-20 00:00:00+05:30,281.14,295.15,277.51,292.79,31554
2019-05-21 00:00:00+05:30,300.59,300.59,285.72,292.52,15300
2019-05-22 00:00:00+05:30,290.16,294.43,285.67,292.07,13896
2019-05-23 00:00:00+05:30,294.11,307.48,288.85,292.11,27653
2019-05-24 00:00:00+05:30,298.91,300.46,291.93,293.65,15396
2019-05-27 00:00:00+05:30,293.84,311.07,290.21,308.89,56341
2019-05-28 00:00:00+05:30,308.84,315.28,305.17,306.44,20879
2019-05-29 00:00:00+05:30,308.03,312.79,297.78,300.32,14692
2019-05-30 00:00:00+05:30,302.86,307.17,294.97,300.09,7885
2019-05-31 00:00:00+05:30,301.14,316.51,292.52,311.79,58118
2019-06-03 00:00:00+05:30,315.6,321.45,300.82,303.54,28454
2019-06-04 00:00:00+05:30,303.22,307.26,299.32,300.14,13451
2019-06-06 00:00:00+05:30,302.9,302.9,283.63,285.36,38840
2019-06-07 00:00:00+05:30,285.17,289.94,273.29,282.5,115852
2019-06-10 00:00:00+05:30,283.18,289.07,275.11,278.24,13994
2019-06-11 00:00:00+05:30,275.92,282.5,271.25,272.84,76979
2019-06-12 00:00:00+05:30,274.2,279.33,266.67,271.12,46155
2019-06-13 00:00:00+05:30,271.25,280.23,263.91,277.01,52679
2019-06-14 00:00:00+05:30,277.01,277.06,271.16,272.61,16984
2019-06-17 00:00:00+05:30,271.8,271.8,265.04,266.9,10394
2019-06-18 00:00:00+05:30,266.45,267.54,259.51,261.55,23461
2019-06-19 00:00:00+05:30,263.59,278.42,253.89,269.49,109145
2019-06-20 00:00:00+05:30,261.55,275.7,258.56,271.93,35329
2019-06-21 00:00:00+05:30,272.07,276.7,267.54,270.98,483014
2019-06-24 00:00:00+05:30,269.71,273.07,265.72,270.39,11923
2019-06-25 00:00:00+05:30,269.58,272.07,264.09,265.99,30599
2019-06-26 00:00:00+05:30,267.63,273.79,259.37,266.27,51370
2019-06-27 00:00:00+05:30,267.54,269.08,259.42,264.32,39220
2019-06-28 00:00:00+05:30,266.27,275.43,262.37,268.67,40058
2019-07-01 00:00:00+05:30,272.07,272.07,263.45,264.5,10081
2019-07-02 00:00:00+05:30,265.86,268.44,256.06,266.36,79493
2019-07-03 00:00:00+05:30,267.26,268.49,259.83,261.41,19381
2019-07-04 00:00:00+05:30,261.19,263.0,254.84,257.11,30001
2019-07-05 00:00:00+05:30,256.7,260.87,255.07,255.75,18299
2019-07-08 00:00:00+05:30,254.93,256.83,247.22,253.84,47178
2019-07-09 00:00:00+05:30,253.8,255.61,247.9,249.94,26022
2019-07-10 00:00:00+05:30,249.44,251.48,245.45,246.95,11758
2019-07-11 00:00:00+05:30,250.12,250.12,241.33,245.72,16553
2019-07-12 00:00:00+05:30,245.09,250.76,241.69,244.95,13301
2019-07-15 00:00:00+05:30,245.54,254.48,245.32,249.08,19472
2019-07-16 00:00:00+05:30,247.9,259.37,247.58,254.61,37254
2019-07-17 00:00:00+05:30,252.12,264.81,252.12,260.64,32184
2019-07-18 00:00:00+05:30,258.65,262.14,251.66,256.02,10366
2019-07-19 00:00:00+05:30,254.48,256.06,248.58,253.8,14109
2019-07-22 00:00:00+05:30,247.95,259.37,241.6,253.98,19605
2019-07-23 00:00:00+05:30,251.76,256.06,247.58,249.17,12920
2019-07-24 00:00:00+05:30,247.67,250.94,238.29,242.6,15076
2019-07-25 00:00:00+05:30,243.73,246.22,229.49,237.7,51425
2019-07-26 00:00:00+05:30,238.79,249.31,227.77,246.81,56931
2019-07-29 00:00:00+05:30,247.36,248.49,232.67,240.37,48584
2019-07-30 00:00:00+05:30,244.95,248.49,232.8,242.05,57199
2019-07-31 00:00:00+05:30,236.97,245.95,236.07,243.09,25820
2019-08-01 00:00:00+05:30,240.42,249.53,236.7,242.01,14159
2019-08-02 00:00:00+05:30,238.88,244.95,234.89,241.87,20380
2019-08-05 00:00:00+05:30,239.88,244.59,229.45,239.97,24126
2019-08-06 00:00:00+05:30,240.1,243.05,234.98,241.82,21329
2019-08-07 00:00:00+05:30,239.78,247.31,239.1,242.82,27557
2019-08-08 00:00:00+05:30,237.15,252.75,237.15,246.54,21719
2019-08-09 00:00:00+05:30,249.13,255.25,242.14,249.26,73628
2019-08-13 00:00:00+05:30,253.89,255.07,247.22,251.12,32541
2019-08-14 00:00:00+05:30,251.3,258.51,251.3,253.98,26062
2019-08-16 00:00:00+05:30,253.98,259.37,253.03,253.66,12894
2019-08-19 00:00:00+05:30,252.75,256.06,249.85,252.93,17360
2019-08-20 00:00:00+05:30,252.21,253.66,245.63,249.71,9781
2019-08-21 00:00:00+05:30,250.8,251.21,244.5,245.41,11975
2019-08-22 00:00:00+05:30,246.36,246.36,233.98,240.46,42834
2019-08-23 00:00:00+05:30,238.61,243.05,235.79,237.61,77448
2019-08-26 00:00:00+05:30,242.23,247.04,240.33,241.82,14641
2019-08-27 00:00:00+05:30,242.73,249.58,242.32,243.64,16612
2019-08-28 00:00:00+05:30,244.64,266.36,241.69,245.91,141705
2019-08-29 00:00:00+05:30,245.77,247.49,237.74,244.59,17801
2019-08-30 00:00:00+05:30,246.5,246.63,242.14,244.27,83064
2019-09-03 00:00:00+05:30,246.0,246.0,237.06,240.06,3743
2019-09-04 00:00:00+05:30,242.37,243.96,237.93,239.88,5811
2019-09-05 00:00:00+05:30,244.55,252.12,239.69,248.13,14064
2019-09-06 00:00:00+05:30,244.27,260.19,244.27,252.44,21616
2019-09-09 00:00:00+05:30,253.93,257.56,247.45,251.53,7491
2019-09-11 00:00:00+05:30,253.89,260.46,251.21,253.71,41315
2019-09-12 00:00:00+05:30,256.65,256.65,251.76,253.93,40241
2019-09-13 00:00:00+05:30,253.07,253.93,247.13,251.62,5353
2019-09-16 00:00:00+05:30,249.44,251.71,244.59,246.95,9156
2019-09-17 00:00:00+05:30,249.76,249.76,238.61,241.05,12145
2019-09-18 00:00:00+05:30,242.91,248.49,240.33,244.41,218556
2019-09-19 00:00:00+05:30,242.87,247.54,235.3,236.66,9769
2019-09-20 00:00:00+05:30,239.6,256.65,236.29,248.13,37957
2019-09-23 00:00:00+05:30,250.21,262.73,248.9,254.48,43636
2019-09-24 00:00:00+05:30,258.19,288.85,257.51,277.6,322496
2019-09-25 00:00:00+05:30,277.6,280.05,269.08,276.2,67011
2019-09-26 00:00:00+05:30,281.77,287.17,273.29,285.45,114428
2019-09-27 00:00:00+05:30,289.89,289.94,280.28,287.31,67541
2019-09-30 00:00:00+05:30,289.21,290.8,274.2,283.63,38471
2019-10-01 00:00:00+05:30,285.67,285.67,261.28,276.7,77371
2019-10-03 00:00:00+05:30,273.07,279.19,269.21,276.79,25815
2019-10-04 00:00:00+05:30,277.06,279.33,268.76,270.94,17613
2019-10-07 00:00:00+05:30,270.94,271.62,256.65,261.78,7212
2019-10-09 00:00:00+05:30,257.56,261.19,249.67,252.07,29705
2019-10-10 00:00:00+05:30,250.58,257.29,246.68,250.26,7945
2019-10-11 00:00:00+05:30,251.62,253.12,243.05,246.0,26434
2019-10-14 00:00:00+05:30,245.36,246.68,240.65,242.87,20022
2019-10-15 00:00:00+05:30,244.23,244.91,237.34,240.19,7557
2019-10-16 00:00:00+05:30,243.77,243.77,232.26,234.84,48342
2019-10-17 00:00:00+05:30,232.98,236.75,226.72,232.8,38093
2019-10-18 00:00:00+05:30,231.26,243.09,230.31,234.89,44302
2019-10-22 00:00:00+05:30,231.53,240.1,228.09,232.76,68309
2019-10-23 00:00:00+05:30,233.35,235.84,224.05,225.59,79650
2019-10-24 00:00:00+05:30,231.26,231.26,217.97,220.65,57627
2019-10-25 00:00:00+05:30,218.11,220.6,191.99,208.72,122401
2019-10-27 00:00:00+05:30,203.24,208.59,201.79,207.77,10694
2019-10-29 00:00:00+05:30,208.59,209.54,199.52,205.46,64578
2019-10-30 00:00:00+05:30,206.09,212.94,201.33,204.37,81894
2019-10-31 00:00:00+05:30,207.59,208.04,197.89,199.61,79966
2019-11-01 00:00:00+05:30,199.61,206.32,196.8,204.37,65171
2019-11-04 00:00:00+05:30,205.78,213.12,205.23,208.41,115303
2019-11-05 00:00:00+05:30,208.45,210.4,205.5,208.22,39589
2019-11-06 00:00:00+05:30,210.4,226.45,204.96,214.21,319722
2019-11-07 00:00:00+05:30,216.48,216.75,204.1,207.5,114206
2019-11-08 00:00:00+05:30,211.04,221.92,207.68,214.57,56474
2019-11-11 00:00:00+05:30,214.66,220.38,208.59,211.4,28727
2019-11-13 00:00:00+05:30,216.2,216.2,205.87,210.04,29020
2019-11-14 00:00:00+05:30,212.03,212.03,201.69,205.05,49455
2019-11-15 00:00:00+05:30,206.64,207.27,198.88,200.88,76168
2019-11-18 00:00:00+05:30,199.88,201.56,192.94,195.48,99015
2019-11-19 00:00:00+05:30,195.89,198.02,190.72,194.8,144096
2019-11-20 00:00:00+05:30,194.8,195.12,190.45,191.58,64875
2019-11-21 00:00:00+05:30,191.4,196.62,188.73,190.31,37827
2019-11-22 00:00:00+05:30,192.26,210.22,189.63,201.79,666651
2019-11-25 00:00:00+05:30,205.87,217.61,204.23,206.77,762111
2019-11-26 00:00:00+05:30,211.04,214.03,197.89,199.52,230673
2019-11-27 00:00:00+05:30,200.42,212.67,200.42,208.59,348523
2019-11-28 00:00:00+05:30,210.4,220.38,210.4,214.07,680222
2019-11-29 00:00:00+05:30,215.16,221.28,204.69,206.5,497876
2019-12-02 00:00:00+05:30,206.37,209.22,193.31,198.66,213260
2019-12-03 00:00:00+05:30,196.8,206.14,195.94,201.83,245761
2019-12-04 00:00:00+05:30,204.37,207.09,197.7,205.78,167999
2019-12-05 00:00:00+05:30,206.59,207.59,198.61,200.29,81484
2019-12-06 00:00:00+05:30,201.51,202.19,186.82,190.63,213720
2019-12-09 00:00:00+05:30,190.45,193.8,189.5,190.49,63316
2019-12-10 00:00:00+05:30,190.49,191.4,182.38,184.42,91179
2019-12-11 00:00:00+05:30,186.82,187.68,183.19,185.91,100583
2019-12-12 00:00:00+05:30,186.55,190.36,185.01,186.01,66046
2019-12-13 00:00:00+05:30,187.14,193.9,184.96,190.9,61465
2019-12-16 00:00:00+05:30,189.63,192.67,185.69,186.87,37202
2019-12-17 00:00:00+05:30,188.36,189.54,186.82,188.36,27523
2019-12-18 00:00:00+05:30,189.68,193.17,183.56,183.96,132424
2019-12-19 00:00:00+05:30,185.55,185.6,165.37,180.97,345919
2019-12-20 00:00:00+05:30,178.66,182.29,174.53,176.39,54493
2019-12-23 00:00:00+05:30,176.85,179.11,173.22,176.26,44709
2019-12-24 00:00:00+05:30,175.35,181.33,174.9,178.66,35250
2019-12-26 00:00:00+05:30,177.25,180.38,173.81,177.25,168424
2019-12-27 00:00:00+05:30,176.94,182.11,174.31,176.35,221337
2019-12-30 00:00:00+05:30,178.16,194.08,175.94,191.85,219994
2019-12-31 00:00:00+05:30,193.12,200.42,188.68,194.94,140823
2020-01-01 00:00:00+05:30,196.53,204.46,193.26,201.83,84706
2020-01-02 00:00:00+05:30,204.1,210.13,199.79,206.18,131583
2020-01-03 00:00:00+05:30,206.68,208.13,194.98,196.03,104005
2020-01-06 00:00:00+05:30,195.66,195.66,181.47,182.42,110863
2020-01-07 00:00:00+05:30,184.6,189.32,179.75,181.65,121042
2020-01-08 00:00:00+05:30,180.16,182.74,177.57,180.34,28583
2020-01-09 00:00:00+05:30,182.38,205.32,182.29,200.83,330505
2020-01-10 00:00:00+05:30,203.15,203.15,194.53,195.66,103546
2020-01-13 00:00:00+05:30,197.7,211.31,197.57,208.63,224642
2020-01-14 00:00:00+05:30,210.31,214.03,207.23,207.86,87852
2020-01-15 00:00:00+05:30,209.49,211.26,202.74,206.95,53868
2020-01-16 00:00:00+05:30,206.82,211.31,204.46,206.55,31413
2020-01-17 00:00:00+05:30,206.77,210.22,201.92,206.09,82972
2020-01-20 00:00:00+05:30,204.46,216.3,203.15,213.85,241143
2020-01-21 00:00:00+05:30,212.21,219.47,208.63,212.71,175663
2020-01-22 00:00:00+05:30,213.17,216.43,204.19,205.5,40340
2020-01-23 00:00:00+05:30,207.05,212.21,205.19,208.18,31445
2020-01-24 00:00:00+05:30,209.4,219.02,208.59,216.79,79302
2020-01-27 00:00:00+05:30,219.2,219.2,214.94,215.89,56741
2020-01-28 00:00:00+05:30,216.25,221.65,215.84,216.16,75250
2020-01-29 00:00:00+05:30,218.38,218.47,214.94,215.66,62396
2020-01-30 00:00:00+05:30,215.66,215.66,203.51,207.59,59845
2020-01-31 00:00:00+05:30,211.94,212.12,206.5,208.72,34864
2020-02-01 00:00:00+05:30,208.63,210.17,203.15,204.01,57007
2020-02-03 00:00:00+05:30,203.15,206.86,194.08,202.6,53968
2020-02-04 00:00:00+05:30,201.33,207.82,201.33,204.91,108114
2020-02-05 00:00:00+05:30,204.28,206.68,201.06,202.06,29852
2020-02-06 00:00:00+05:30,203.83,212.21,202.37,210.04,87688
2020-02-07 00:00:00+05:30,207.68,211.04,201.38,202.65,20337
2020-02-10 00:00:00+05:30,202.65,208.95,198.11,200.92,56065
2020-02-11 00:00:00+05:30,201.38,206.46,197.84,199.2,72997
2020-02-12 00:00:00+05:30,199.2,203.6,197.75,199.65,15154
2020-02-13 00:00:00+05:30,197.16,197.16,186.82,193.12,109558
2020-02-14 00:00:00+05:30,193.35,193.35,186.05,187.0,73721
2020-02-17 00:00:00+05:30,185.01,186.64,175.03,175.35,80814
2020-02-18 00:00:00+05:30,174.12,175.03,170.54,171.09,53962
2020-02-19 00:00:00+05:30,172.4,178.07,166.87,167.91,568636
2020-02-20 00:00:00+05:30,168.59,173.22,160.52,163.51,286945
2020-02-24 00:00:00+05:30,162.79,164.97,148.82,160.75,49812
2020-02-25 00:00:00+05:30,160.79,177.62,157.62,174.26,118848
2020-02-26 00:00:00+05:30,175.49,175.49,167.32,168.28,28687
2020-02-27 00:00:00+05:30,168.28,174.53,166.69,169.54,26260
2020-02-28 00:00:00+05:30,166.87,169.0,160.7,163.6,23365
2020-03-02 00:00:00+05:30,165.96,169.64,157.8,161.2,22241
2020-03-03 00:00:00+05:30,160.66,165.6,156.12,157.53,33417
2020-03-04 00:00:00+05:30,157.08,163.2,152.72,157.62,23833
2020-03-05 00:00:00+05:30,159.52,162.34,154.45,156.49,79907
2020-03-06 00:00:00+05:30,152.36,152.36,145.6,146.92,61655
2020-03-09 00:00:00+05:30,143.34,143.43,130.55,131.95,100809
2020-03-11 00:00:00+05:30,131.95,146.87,131.95,140.93,60220
2020-03-12 00:00:00+05:30,136.67,136.67,112.91,120.53,127496
2020-03-13 00:00:00+05:30,103.34,126.47,100.71,117.72,52262
2020-03-16 00:00:00+05:30,118.44,138.39,104.61,124.52,67123
2020-03-17 00:00:00+05:30,123.88,123.93,105.2,108.74,102445
2020-03-18 00:00:00+05:30,108.92,112.46,90.69,95.72,145129
2020-03-19 00:00:00+05:30,87.52,95.09,86.16,86.16,85272
2020-03-20 00:00:00+05:30,82.53,89.78,81.62,85.29,56983
2020-03-23 00:00:00+05:30,81.62,81.62,76.77,76.77,27676
2020-03-24 00:00:00+05:30,72.51,72.51,69.11,69.11,52140
2020-03-25 00:00:00+05:30,65.66,65.66,65.66,65.66,28386
2020-03-26 00:00:00+05:30,62.39,68.92,62.39,62.39,197290
2020-03-27 00:00:00+05:30,62.39,65.48,60.76,61.62,67005
2020-03-30 00:00:00+05:30,58.59,64.39,58.59,58.59,54547
2020-03-31 00:00:00+05:30,59.67,61.17,55.68,56.55,87654
2020-04-01 00:00:00+05:30,59.31,59.36,55.73,59.36,29061
2020-04-03 00:00:00+05:30,62.3,62.3,56.41,61.94,32119
2020-04-07 00:00:00+05:30,64.8,65.02,61.85,65.02,13246
2020-04-08 00:00:00+05:30,68.24,68.24,63.44,64.93,33722
2020-04-09 00:00:00+05:30,65.3,68.15,61.85,66.34,44837
2020-04-13 00:00:00+05:30,65.43,66.34,63.03,63.76,28441
2020-04-15 00:00:00+05:30,64.3,66.93,63.89,64.66,26719
2020-04-16 00:00:00+05:30,66.93,67.88,64.53,67.25,18717
2020-04-17 00:00:00+05:30,70.6,70.6,65.75,67.11,113607
2020-04-20 00:00:00+05:30,68.29,70.28,63.76,63.89,129345
2020-04-21 00:00:00+05:30,64.25,64.25,60.72,60.72,69381
2020-04-22 00:00:00+05:30,58.95,61.67,58.18,58.9,35902
2020-04-23 00:00:00+05:30,59.86,61.81,58.04,58.99,105883
2020-04-24 00:00:00+05:30,58.86,58.86,56.05,56.05,41003
2020-04-27 00:00:00+05:30,57.95,58.81,55.32,55.55,78742
2020-04-28 00:00:00+05:30,56.77,58.04,55.32,56.18,146018
2020-04-29 00:00:00+05:30,55.5,58.95,53.92,55.18,258328
2020-04-30 00:00:00+05:30,56.64,57.91,55.18,55.73,266920
2020-05-04 00:00:00+05:30,55.32,55.59,52.96,53.42,130593
2020-05-05 00:00:00+05:30,54.37,54.78,50.79,50.79,161551
2020-05-06 00:00:00+05:30,50.33,50.33,48.25,48.25,62155
2020-05-07 00:00:00+05:30,46.43,50.65,45.84,48.7,233926
2020-05-08 00:00:00+05:30,50.97,50.97,47.7,48.38,65358
2020-05-11 00:00:00+05:30,49.15,49.88,46.71,47.98,80763
2020-05-12 00:00:00+05:30,47.98,49.24,45.62,46.34,166037
2020-05-13 00:00:00+05:30,48.66,48.66,47.66,48.07,247646
2020-05-14 00:00:00+05:30,49.83,50.47,48.07,49.15,340798
2020-05-15 00:00:00+05:30,49.56,49.88,46.71,46.75,209974
2020-05-18 00:00:00+05:30,46.75,46.75,44.44,44.44,122474
2020-05-19 00:00:00+05:30,44.35,44.35,42.26,42.44,118418
2020-05-20 00:00:00+05:30,42.22,44.53,40.95,44.12,286331
2020-05-21 00:00:00+05:30,45.3,46.3,44.53,45.34,289691
2020-05-22 00:00:00+05:30,45.34,47.52,43.08,44.03,222623
2020-05-26 00:00:00+05:30,44.03,44.89,41.94,44.12,129539
2020-05-27 00:00:00+05:30,44.8,45.3,42.76,43.58,102648
2020-05-28 00:00:00+05:30,43.8,45.75,42.67,45.44,118534
2020-05-29 00:00:00+05:30,44.89,47.52,44.35,45.39,148666
2020-06-01 00:00:00+05:30,45.62,47.66,45.62,47.66,137512
2020-06-02 00:00:00+05:30,49.97,50.02,48.97,50.02,119480
2020-06-03 00:00:00+05:30,52.33,52.51,50.88,52.51,19353
2020-06-04 00:00:00+05:30,55.09,55.09,52.78,55.09,167598
2020-06-05 00:00:00+05:30,57.81,57.81,57.81,57.81,72989
2020-06-08 00:00:00+05:30,60.67,60.67,60.67,60.67,21850
2020-06-09 00:00:00+05:30,63.66,63.66,63.66,63.66,42804
2020-06-10 00:00:00+05:30,66.84,66.84,66.84,66.84,17335
2020-06-11 00:00:00+05:30,70.15,70.15,70.15,70.15,24206
2020-06-12 00:00:00+05:30,73.64,73.64,66.66,73.64,531241
2020-06-15 00:00:00+05:30,77.31,77.31,74.37,77.31,172659
2020-06-16 00:00:00+05:30,81.17,81.17,81.17,81.17,50179
2020-06-17 00:00:00+05:30,85.2,85.2,85.2,85.2,5647
2020-06-18 00:00:00+05:30,89.42,89.42,89.42,89.42,9445
2020-06-19 00:00:00+05:30,93.86,93.86,84.98,87.88,1027436
2020-06-22 00:00:00+05:30,91.46,92.14,84.34,84.57,257579
2020-06-23 00:00:00+05:30,88.79,88.79,84.8,85.84,298137
2020-06-24 00:00:00+05:30,86.7,86.7,81.58,81.58,177828
2020-06-25 00:00:00+05:30,78.04,79.58,77.54,77.54,92983
2020-06-26 00:00:00+05:30,80.22,81.39,77.54,79.94,198268
2020-06-29 00:00:00+05:30,79.94,79.94,75.95,75.95,86614
2020-06-30 00:00:00+05:30,72.69,77.13,72.69,74.91,84381
2020-07-01 00:00:00+05:30,74.91,75.77,72.55,72.91,66660
2020-07-02 00:00:00+05:30,73.32,76.54,73.32,75.91,103819
2020-07-03 00:00:00+05:30,79.31,79.31,76.22,77.36,82319
2020-07-06 00:00:00+05:30,77.31,78.81,73.59,76.09,77704
2020-07-07 00:00:00+05:30,77.09,79.85,75.5,79.85,136810
2020-07-08 00:00:00+05:30,83.84,83.84,82.3,83.84,112829
2020-07-09 00:00:00+05:30,88.01,88.01,79.85,84.61,309757
2020-07-10 00:00:00+05:30,84.61,84.66,80.71,82.62,101027
2020-07-13 00:00:00+05:30,82.89,84.25,78.54,80.85,116202
2020-07-14 00:00:00+05:30,79.13,80.71,76.81,76.81,74336
2020-07-15 00:00:00+05:30,75.32,79.81,74.73,75.68,54954
2020-07-16 00:00:00+05:30,76.81,76.81,73.05,74.59,65773
2020-07-17 00:00:00+05:30,74.18,76.63,73.73,75.68,34279
2020-07-20 00:00:00+05:30,77.09,79.44,75.82,76.54,80267
2020-07-21 00:00:00+05:30,79.81,79.81,73.73,76.54,67242
2020-07-22 00:00:00+05:30,77.18,77.86,74.96,75.91,87855
2020-07-23 00:00:00+05:30,76.18,77.13,75.32,76.54,31843
2020-07-24 00:00:00+05:30,76.54,79.63,76.0,77.86,63775
2020-07-27 00:00:00+05:30,76.32,79.76,74.64,74.96,46802
2020-07-28 00:00:00+05:30,74.96,76.36,71.83,72.23,72422
2020-07-29 00:00:00+05:30,72.23,74.55,70.6,70.78,77442
2020-07-30 00:00:00+05:30,71.55,73.64,70.1,70.92,74318
2020-07-31 00:00:00+05:30,74.05,74.05,68.02,68.24,260562
2020-08-03 00:00:00+05:30,68.06,71.65,64.84,70.51,666959
2020-08-04 00:00:00+05:30,73.95,74.0,70.3,71.0,191550
2020-08-05 00:00:00+05:30,72.95,72.95,67.45,68.05,132914
2020-08-06 00:00:00+05:30,69.95,71.45,67.9,68.4,205613
2020-08-07 00:00:00+05:30,68.4,72.6,68.1,72.1,354828
2020-08-10 00:00:00+05:30,73.75,74.4,72.1,73.0,159402
2020-08-11 00:00:00+05:30,73.4,73.7,68.6,69.55,373869
2020-08-12 00:00:00+05:30,70.0,73.0,69.5,72.05,284643
2020-08-13 00:00:00+05:30,72.9,74.95,68.55,69.95,547825
2020-08-14 00:00:00+05:30,71.0,74.85,70.5,72.75,352196
2020-08-17 00:00:00+05:30,74.4,78.5,74.35,77.15,308939
2020-08-18 00:00:00+05:30,78.55,81.9,77.95,79.6,287243
2020-08-19 00:00:00+05:30,81.05,82.5,78.5,78.85,205746
2020-08-20 00:00:00+05:30,80.0,81.45,78.1,80.05,209420
2020-08-21 00:00:00+05:30,82.0,82.1,78.3,79.45,183299
2020-08-24 00:00:00+05:30,79.9,81.0,77.1,79.5,181035
2020-08-25 00:00:00+05:30,79.55,80.5,78.0,78.75,129749
2020-08-26 00:00:00+05:30,79.8,79.8,77.9,78.9,191337
2020-08-27 00:00:00+05:30,79.5,80.0,79.0,79.5,614554
2020-08-28 00:00:00+05:30,80.0,80.0,78.15,78.45,163438
2020-08-31 00:00:00+05:30,80.45,80.45,72.7,73.75,202565
2020-09-01 00:00:00+05:30,74.0,79.0,73.45,76.7,122755
2020-09-02 00:00:00+05:30,76.8,78.65,76.55,77.1,416792
2020-09-03 00:00:00+05:30,78.6,78.85,76.0,76.8,159922
2020-09-04 00:00:00+05:30,76.05,76.3,74.15,74.8,84721
2020-09-07 00:00:00+05:30,74.85,75.0,72.0,72.25,75040
2020-09-08 00:00:00+05:30,71.95,73.0,71.1,71.2,53834
2020-09-09 00:00:00+05:30,71.45,71.45,68.9,69.65,39518
2020-09-10 00:00:00+05:30,70.25,71.25,69.7,70.75,83759
2020-09-11 00:00:00+05:30,70.85,71.25,69.85,70.55,77086
2020-09-14 00:00:00+05:30,71.5,73.2,63.8,65.0,4990077
2020-09-15 00:00:00+05:30,65.9,66.5,63.8,64.9,427371
2020-09-16 00:00:00+05:30,65.0,65.25,63.65,63.85,232338
2020-09-17 00:00:00+05:30,63.85,63.85,61.85,62.3,164574
2020-09-18 00:00:00+05:30,62.5,64.7,62.1,63.0,194680
2020-09-21 00:00:00+05:30,63.25,64.15,58.0,58.7,309270
2020-09-22 00:00:00+05:30,58.6,58.7,53.7,55.75,336593
2020-09-23 00:00:00+05:30,56.1,60.5,54.0,54.9,248656
2020-09-24 00:00:00+05:30,54.9,54.9,52.5,53.3,240612
2020-09-25 00:00:00+05:30,54.1,55.1,53.2,54.85,1206109
2020-09-28 00:00:00+05:30,55.5,56.05,55.35,55.65,182387
2020-09-29 00:00:00+05:30,56.45,56.45,54.65,55.2,116669
2020-09-30 00:00:00+05:30,55.4,55.7,52.7,55.35,379060
2020-10-01 00:00:00+05:30,55.35,55.55,54.0,54.95,139025
2020-10-05 00:00:00+05:30,54.55,56.55,53.15,54.6,219657
2020-10-06 00:00:00+05:30,55.2,56.3,54.5,55.9,170702
2020-10-07 00:00:00+05:30,56.0,56.4,55.0,55.25,48052
2020-10-08 00:00:00+05:30,54.25,56.0,54.1,54.7,193075
2020-10-09 00:00:00+05:30,54.2,55.4,54.2,54.75,126657
2020-10-12 00:00:00+05:30,55.8,55.8,53.4,53.55,123588
2020-10-13 00:00:00+05:30,55.35,55.35,51.25,51.7,170705
2020-10-14 00:00:00+05:30,51.3,53.85,51.3,53.15,173464
2020-10-15 00:00:00+05:30,53.5,53.5,52.0,52.3,50821
2020-10-16 00:00:00+05:30,52.55,52.55,51.7,52.05,110095
2020-10-19 00:00:00+05:30,52.05,52.5,51.9,52.4,83813
2020-10-20 00:00:00+05:30,52.35,53.6,52.0,52.15,136402
2020-10-21 00:00:00+05:30,52.4,53.1,51.5,51.85,153688
2020-10-22 00:00:00+05:30,52.25,53.45,51.5,52.4,189561
2020-10-23 00:00:00+05:30,54.8,55.0,53.1,55.0,879399
2020-10-26 00:00:00+05:30,56.15,57.75,55.5,56.7,300565
2020-10-27 00:00:00+05:30,56.7,56.7,54.4,55.2,94394
2020-10-28 00:00:00+05:30,55.2,55.4,54.0,54.3,307639
2020-10-29 00:00:00+05:30,53.8,53.95,52.3,53.05,60432
2020-10-30 00:00:00+05:30,53.95,54.45,52.65,52.75,59208
2020-11-02 00:00:00+05:30,53.5,55.1,51.85,52.25,93982
2020-11-03 00:00:00+05:30,53.45,53.5,52.5,52.65,107624
2020-11-04 00:00:00+05:30,52.5,54.6,52.3,53.25,51790
2020-11-05 00:00:00+05:30,53.55,55.0,53.55,54.6,97025
2020-11-06 00:00:00+05:30,55.4,55.4,54.2,54.7,108267
2020-11-09 00:00:00+05:30,55.7,55.7,54.75,54.95,142982
2020-11-10 00:00:00+05:30,55.45,56.4,54.7,55.0,242159
2020-11-11 00:00:00+05:30,54.8,57.75,54.8,56.15,497123
2020-11-12 00:00:00+05:30,56.15,58.95,56.15,58.95,152048
2020-11-13 00:00:00+05:30,60.9,61.85,60.55,61.85,131064
2020-11-17 00:00:00+05:30,64.8,65.65,60.6,62.95,417773
2020-11-18 00:00:00+05:30,64.45,66.05,62.5,66.05,268759
2020-11-19 00:00:00+05:30,69.0,69.35,68.0,69.35,159436
2020-11-20 00:00:00+05:30,72.8,72.8,72.8,72.8,55991
2020-11-23 00:00:00+05:30,76.4,76.4,72.05,75.5,1154508
2020-11-24 00:00:00+05:30,75.9,75.9,71.75,71.9,612629
2020-11-25 00:00:00+05:30,71.9,73.0,68.35,69.4,306501
2020-11-26 00:00:00+05:30,72.15,72.85,68.5,72.85,269484
2020-11-27 00:00:00+05:30,74.0,74.0,70.4,71.0,261814
2020-12-01 00:00:00+05:30,72.9,73.25,70.55,72.35,203395
2020-12-02 00:00:00+05:30,72.0,73.95,69.3,71.0,234845
2020-12-03 00:00:00+05:30,71.8,73.0,71.0,72.2,214724
2020-12-04 00:00:00+05:30,72.2,75.8,72.2,75.8,345496
2020-12-07 00:00:00+05:30,77.25,79.55,75.2,79.4,551329
2020-12-08 00:00:00+05:30,81.4,82.5,75.5,79.95,394182
2020-12-09 00:00:00+05:30,79.9,81.95,77.1,78.0,229608
2020-12-10 00:00:00+05:30,79.0,79.0,74.5,76.8,153631
2020-12-11 00:00:00+05:30,78.0,80.6,77.75,79.3,305677
2020-12-14 00:00:00+05:30,81.5,81.8,78.1,79.7,165002
2020-12-15 00:00:00+05:30,78.3,79.6,78.0,78.2,96999
2020-12-16 00:00:00+05:30,78.9,80.0,77.95,78.05,113690
2020-12-17 00:00:00+05:30,79.4,79.5,78.0,78.15,154436
2020-12-18 00:00:00+05:30,78.45,78.75,76.5,76.85,120120
2020-12-21 00:00:00+05:30,76.75,77.0,73.05,73.05,162850
2020-12-22 00:00:00+05:30,72.75,72.75,69.4,70.55,234173
2020-12-23 00:00:00+05:30,71.95,73.45,69.6,72.3,160908
2020-12-24 00:00:00+05:30,74.05,75.0,71.75,72.05,130042
2020-12-28 00:00:00+05:30,74.95,74.95,71.6,72.25,257245
2020-12-29 00:00:00+05:30,72.5,73.05,69.5,71.65,337553
2020-12-30 00:00:00+05:30,71.25,75.2,70.15,73.9,433747
2020-12-31 00:00:00+05:30,75.45,75.45,72.0,73.85,100199
2021-01-01 00:00:00+05:30,74.6,75.2,73.45,74.3,78604
2021-01-04 00:00:00+05:30,75.4,78.0,73.5,77.15,333780
2021-01-05 00:00:00+05:30,76.95,79.4,75.75,77.15,393069
2021-01-06 00:00:00+05:30,77.5,81.0,75.5,81.0,1045094
2021-01-07 00:00:00+05:30,83.0,85.05,82.5,85.05,680438
2021-01-08 00:00:00+05:30,87.6,89.3,81.65,83.75,920956
2021-01-11 00:00:00+05:30,84.0,87.75,80.25,81.35,402100
2021-01-12 00:00:00+05:30,81.0,83.3,80.5,81.8,199230
2021-01-13 00:00:00+05:30,82.9,83.1,77.75,79.3,226660
2021-01-14 00:00:00+05:30,79.0,81.75,78.45,80.45,167791
2021-01-15 00:00:00+05:30,79.85,81.9,76.45,77.85,278615
2021-01-18 00:00:00+05:30,77.85,79.2,74.3,74.9,202048
2021-01-19 00:00:00+05:30,75.45,78.5,75.45,77.25,122307
2021-01-20 00:00:00+05:30,78.85,80.7,77.0,79.4,156187
2021-01-21 00:00:00+05:30,80.5,81.85,77.1,77.65,123922
2021-01-22 00:00:00+05:30,78.35,78.35,75.0,75.35,90508
2021-01-25 00:00:00+05:30,75.65,76.75,71.6,71.65,193835
2021-01-27 00:00:00+05:30,73.0,73.0,68.25,69.45,147953
2021-01-28 00:00:00+05:30,70.0,72.5,68.5,71.35,132337
2021-01-29 00:00:00+05:30,72.0,73.0,70.5,71.2,80510
2021-02-01 00:00:00+05:30,72.8,74.0,70.65,72.95,90409
2021-02-02 00:00:00+05:30,74.0,76.0,74.0,74.9,108171
2021-02-03 00:00:00+05:30,75.25,78.6,74.1,78.6,88925
2021-02-04 00:00:00+05:30,81.0,82.5,79.05,82.5,562188
2021-02-05 00:00:00+05:30,82.8,82.8,75.0,78.25,322024
2021-02-08 00:00:00+05:30,78.75,83.15,78.2,80.45,219388
2021-02-09 00:00:00+05:30,80.5,81.3,76.25,77.0,200479
2021-02-10 00:00:00+05:30,79.9,79.9,75.0,77.15,132031
2021-02-11 00:00:00+05:30,77.8,84.85,77.5,84.85,667284
2021-02-12 00:00:00+05:30,86.5,88.4,77.75,80.6,948137
2021-02-15 00:00:00+05:30,75.15,83.45,72.55,80.25,1731966
2021-02-16 00:00:00+05:30,80.25,82.95,79.8,81.2,365895
2021-02-17 00:00:00+05:30,81.15,82.7,79.2,80.95,315020
2021-02-18 00:00:00+05:30,81.75,83.0,80.1,82.0,356598
2021-02-19 00:00:00+05:30,82.0,90.0,81.35,84.15,1659114
2021-02-22 00:00:00+05:30,84.2,85.6,80.55,82.0,383404
2021-02-23 00:00:00+05:30,80.05,84.8,78.0,83.15,385738
2021-02-24 00:00:00+05:30,83.15,84.75,81.65,82.9,115337
2021-02-25 00:00:00+05:30,83.85,86.05,82.2,83.65,661519
2021-02-26 00:00:00+05:30,82.7,89.0,80.1,86.2,432214
2021-03-01 00:00:00+05:30,88.0,94.75,87.05,94.75,1500055
2021-03-02 00:00:00+05:30,97.0,104.2,93.05,102.95,1682420
2021-03-03 00:00:00+05:30,105.05,108.8,101.05,106.45,991261
2021-03-04 00:00:00+05:30,102.5,109.45,102.5,106.2,982998
2021-03-05 00:00:00+05:30,106.5,109.05,101.1,103.3,612233
2021-03-08 00:00:00+05:30,106.0,108.45,105.3,108.4,567657
2021-03-09 00:00:00+05:30,108.5,111.4,103.0,107.95,473599
2021-03-10 00:00:00+05:30,110.0,112.9,104.35,109.0,511780
2021-03-12 00:00:00+05:30,112.0,112.0,105.85,106.8,234619
2021-03-15 00:00:00+05:30,108.0,108.0,101.5,102.95,279749
2021-03-16 00:00:00+05:30,104.0,104.0,97.85,97.95,252149
2021-03-17 00:00:00+05:30,99.0,99.45,93.1,93.1,281836
2021-03-18 00:00:00+05:30,93.95,95.8,88.45,89.25,538221
2021-03-19 00:00:00+05:30,90.3,90.8,85.0,88.65,295846
2021-03-22 00:00:00+05:30,88.65,93.0,88.6,92.4,188260
2021-03-23 00:00:00+05:30,93.5,95.35,90.0,91.2,139187
2021-03-24 00:00:00+05:30,91.0,92.2,88.0,89.0,129792
2021-03-25 00:00:00+05:30,90.0,90.0,84.55,84.75,328325
2021-03-26 00:00:00+05:30,85.95,86.25,82.9,84.0,183791
2021-03-30 00:00:00+05:30,84.4,86.55,83.1,83.4,172040
2021-03-31 00:00:00+05:30,84.0,87.8,83.7,87.8,136252
2021-04-01 00:00:00+05:30,85.8,90.05,85.8,90.05,111410
2021-04-05 00:00:00+05:30,92.0,94.55,88.0,94.3,260465
2021-04-06 00:00:00+05:30,94.3,99.0,94.3,98.5,405500
2021-04-07 00:00:00+05:30,98.5,98.5,93.8,95.25,168883
2021-04-08 00:00:00+05:30,95.1,100.0,95.1,97.15,359774
2021-04-09 00:00:00+05:30,97.7,102.0,96.15,101.95,615676
2021-04-12 00:00:00+05:30,98.0,99.8,96.9,96.9,153519
2021-04-13 00:00:00+05:30,94.85,96.75,92.1,92.7,382654
2021-04-15 00:00:00+05:30,90.25,94.9,88.1,89.35,333934
2021-04-16 00:00:00+05:30,89.8,92.35,89.05,90.95,173493
2021-04-19 00:00:00+05:30,88.0,88.0,86.45,86.45,172270
2021-04-20 00:00:00+05:30,82.15,85.05,82.15,82.85,666903
2021-04-22 00:00:00+05:30,81.25,86.95,78.75,86.95,269988
2021-04-23 00:00:00+05:30,90.25,90.65,84.6,86.2,292839
2021-04-26 00:00:00+05:30,88.6,88.6,83.1,85.3,203674
2021-04-27 00:00:00+05:30,86.05,89.55,85.6,89.15,218727
2021-04-28 00:00:00+05:30,90.4,93.6,88.45,93.2,352148
2021-04-29 00:00:00+05:30,93.45,94.95,88.55,89.15,261564
2021-04-30 00:00:00+05:30,87.0,90.0,86.2,87.3,184449
2021-05-03 00:00:00+05:30,87.0,87.5,85.2,86.0,87062
2021-05-04 00:00:00+05:30,88.0,89.0,85.0,85.65,128211
2021-05-05 00:00:00+05:30,86.15,88.45,84.5,84.85,149910
2021-05-06 00:00:00+05:30,85.0,85.8,84.0,84.4,72365
2021-05-07 00:00:00+05:30,85.9,85.95,83.2,83.8,94517
2021-05-10 00:00:00+05:30,84.1,85.2,83.1,83.7,177675
2021-05-11 00:00:00+05:30,83.95,85.95,82.25,84.9,130261
2021-05-12 00:00:00+05:30,84.9,85.7,83.5,83.8,113780
2021-05-14 00:00:00+05:30,84.0,85.5,83.2,83.65,50914
2021-05-17 00:00:00+05:30,84.95,84.95,83.2,84.35,77346
2021-05-18 00:00:00+05:30,84.95,86.4,83.6,84.05,117180
2021-05-19 00:00:00+05:30,84.3,85.35,84.1,84.85,109672
2021-05-20 00:00:00+05:30,85.8,85.8,83.7,84.25,90783
2021-05-21 00:00:00+05:30,84.55,84.9,82.6,83.5,204212
2021-05-24 00:00:00+05:30,83.65,83.75,82.5,82.75,175131
2021-05-25 00:00:00+05:30,83.5,84.55,82.95,83.1,118518
2021-05-26 00:00:00+05:30,83.6,87.25,83.6,87.25,316026
2021-05-27 00:00:00+05:30,88.9,91.5,88.0,88.85,356634
2021-05-28 00:00:00+05:30,90.0,90.0,85.55,86.4,118293
2021-05-31 00:00:00+05:30,86.0,87.5,83.9,84.55,196130
2021-06-01 00:00:00+05:30,84.55,86.0,84.05,84.3,84058
2021-06-02 00:00:00+05:30,85.0,85.0,84.0,84.2,119690
2021-06-03 00:00:00+05:30,85.0,88.4,85.0,85.85,780944
2021-06-04 00:00:00+05:30,85.45,86.8,82.8,84.5,694525
2021-06-07 00:00:00+05:30,86.4,88.0,84.5,85.2,317833
2021-06-08 00:00:00+05:30,85.4,91.4,84.5,89.2,830408
2021-06-09 00:00:00+05:30,90.0,92.7,86.7,88.3,670458
2021-06-10 00:00:00+05:30,88.3,95.1,88.3,93.05,700775
2021-06-11 00:00:00+05:30,94.3,95.25,89.0,90.65,334401
2021-06-14 00:00:00+05:30,93.0,93.0,87.9,88.6,408151
2021-06-15 00:00:00+05:30,97.45,97.45,95.0,97.2,1961548
2021-06-17 00:00:00+05:30,92.0,96.5,90.2,92.2,496607
2021-06-18 00:00:00+05:30,92.95,94.65,88.1,91.8,428040
2021-06-21 00:00:00+05:30,90.0,95.0,88.45,93.35,413316
2021-06-22 00:00:00+05:30,94.9,94.9,91.0,91.6,235905
2021-06-23 00:00:00+05:30,92.4,93.35,89.1,89.9,449649
2021-06-24 00:00:00+05:30,91.3,91.3,89.05,89.65,561838
2021-06-25 00:00:00+05:30,89.0,90.9,89.0,89.65,165944
2021-06-28 00:00:00+05:30,90.4,91.05,89.0,89.7,179452
2021-06-29 00:00:00+05:30,90.6,90.65,87.45,87.75,210216
2021-06-30 00:00:00+05:30,88.8,89.0,86.5,87.0,137897
2021-07-01 00:00:00+05:30,87.05,89.15,85.0,85.9,288564
2021-07-02 00:00:00+05:30,86.5,87.15,85.9,86.5,155839
2021-07-05 00:00:00+05:30,87.0,88.25,84.8,85.9,243068
2021-07-06 00:00:00+05:30,86.45,88.0,85.1,85.6,213042
2021-07-07 00:00:00+05:30,86.3,91.0,84.1,90.3,521040
2021-07-08 00:00:00+05:30,92.3,94.0,88.95,89.45,535400
2021-07-09 00:00:00+05:30,89.45,90.35,88.6,89.3,142610
2021-07-12 00:00:00+05:30,90.3,93.6,90.25,91.15,367340
2021-07-13 00:00:00+05:30,92.0,92.4,90.55,90.9,201877
2021-07-14 00:00:00+05:30,90.15,91.5,89.0,89.75,184923
2021-07-15 00:00:00+05:30,89.45,92.4,88.3,89.3,257209
2021-07-16 00:00:00+05:30,89.35,94.4,89.0,93.75,594872
2021-07-19 00:00:00+05:30,93.75,96.0,92.65,93.9,403613
2021-07-20 00:00:00+05:30,93.0,95.0,90.0,90.45,248229
2021-07-22 00:00:00+05:30,90.7,92.5,89.0,89.7,257264
2021-07-23 00:00:00+05:30,89.95,90.9,89.0,89.45,128202
2021-07-26 00:00:00+05:30,89.0,91.05,86.1,88.9,248639
2021-07-27 00:00:00+05:30,88.0,90.3,87.45,88.05,107321
2021-07-28 00:00:00+05:30,88.0,88.5,85.1,86.2,136395
2021-07-29 00:00:00+05:30,86.5,87.7,85.6,85.9,115989
2021-07-30 00:00:00+05:30,85.9,89.0,85.75,86.7,127741
2021-08-02 00:00:00+05:30,87.95,87.95,85.75,86.15,147981
2021-08-03 00:00:00+05:30,86.2,87.2,82.35,85.3,122653
2021-08-04 00:00:00+05:30,85.4,86.5,84.4,85.6,134788
2021-08-05 00:00:00+05:30,86.4,86.4,83.15,83.85,108367
2021-08-06 00:00:00+05:30,85.2,89.75,84.15,84.95,407801
2021-08-09 00:00:00+05:30,85.65,88.05,80.35,83.65,566753
2021-08-10 00:00:00+05:30,82.0,82.8,70.35,78.6,579295
2021-08-11 00:00:00+05:30,80.85,80.9,76.0,80.2,188089
2021-08-12 00:00:00+05:30,80.25,81.0,79.05,79.75,102143
2021-08-13 00:00:00+05:30,80.0,81.9,79.25,79.7,83569
2021-08-16 00:00:00+05:30,79.75,80.45,78.15,78.7,65817
2021-08-17 00:00:00+05:30,80.0,80.0,73.9,75.55,148017
2021-08-18 00:00:00+05:30,75.65,79.5,74.7,75.6,122035
2021-08-20 00:00:00+05:30,75.5,75.5,67.6,73.4,151916
2021-08-23 00:00:00+05:30,73.8,75.0,68.8,69.7,173576
2021-08-24 00:00:00+05:30,71.0,77.05,70.0,76.6,189106
2021-08-25 00:00:00+05:30,76.6,80.4,74.1,79.8,209294
2021-08-26 00:00:00+05:30,79.8,79.8,77.65,78.15,52760
2021-08-27 00:00:00+05:30,80.45,82.8,77.3,80.6,158287
2021-08-30 00:00:00+05:30,80.65,83.5,78.75,79.95,168455
2021-08-31 00:00:00+05:30,80.8,83.25,78.75,79.9,126382
2021-09-01 00:00:00+05:30,80.15,81.0,78.05,78.8,79982
2021-09-02 00:00:00+05:30,79.6,82.35,79.3,80.25,61780
2021-09-03 00:00:00+05:30,80.6,81.5,78.1,78.65,106065
2021-09-06 00:00:00+05:30,79.0,80.85,78.5,80.05,62401
2021-09-07 00:00:00+05:30,80.7,81.1,77.35,78.2,87455
2021-09-08 00:00:00+05:30,78.25,79.9,77.65,77.85,48109
2021-09-09 00:00:00+05:30,79.3,79.5,77.5,77.65,59250
2021-09-13 00:00:00+05:30,77.8,77.8,75.2,77.2,84247
2021-09-14 00:00:00+05:30,77.2,80.25,77.15,78.9,82983
2021-09-15 00:00:00+05:30,78.9,79.9,78.05,78.85,70559
2021-09-16 00:00:00+05:30,78.6,80.05,77.8,78.25,84706
2021-09-17 00:00:00+05:30,78.8,79.6,77.05,78.1,71541
2021-09-20 00:00:00+05:30,78.0,78.0,76.1,76.3,102439
2021-09-21 00:00:00+05:30,75.75,76.75,74.5,75.15,90969
2021-09-22 00:00:00+05:30,75.8,77.4,74.8,75.7,93180
2021-09-23 00:00:00+05:30,76.8,77.15,75.6,76.25,66420
2021-09-24 00:00:00+05:30,76.75,77.7,74.0,74.45,184612
2021-09-27 00:00:00+05:30,75.0,75.3,73.5,73.75,145614
2021-09-28 00:00:00+05:30,74.0,75.05,73.65,73.95,108065
2021-09-29 00:00:00+05:30,74.0,77.05,73.5,76.3,127873
2021-09-30 00:00:00+05:30,77.0,78.4,76.0,78.05,216497
2021-10-01 00:00:00+05:30,79.5,79.5,77.05,78.5,161963
2021-10-04 00:00:00+05:30,79.5,79.95,77.0,77.45,190680
2021-10-05 00:00:00+05:30,77.0,79.45,76.95,78.75,163000
2021-10-06 00:00:00+05:30,78.75,80.25,78.65,79.3,173832
2021-10-07 00:00:00+05:30,79.45,80.25,78.25,78.75,152086
2021-10-08 00:00:00+05:30,78.85,80.0,78.65,78.85,84681
2021-10-11 00:00:00+05:30,78.85,79.7,78.4,78.6,92975
2021-10-12 00:00:00+05:30,79.4,79.4,77.65,78.25,81051
2021-10-13 00:00:00+05:30,78.5,79.4,77.7,78.65,135792
2021-10-14 00:00:00+05:30,79.05,79.45,77.1,77.4,112609
2021-10-18 00:00:00+05:30,77.8,78.8,77.0,77.7,155076
2021-10-19 00:00:00+05:30,78.0,79.6,76.6,77.3,131400
2021-10-20 00:00:00+05:30,76.55,78.05,75.1,75.85,104937
2021-10-21 00:00:00+05:30,76.25,76.25,75.05,75.45,59532
2021-10-22 00:00:00+05:30,75.7,76.6,74.8,75.75,78654
2021-10-25 00:00:00+05:30,76.8,76.8,74.5,75.4,80985
2021-10-26 00:00:00+05:30,75.0,77.8,74.65,77.0,91153
2021-10-27 00:00:00+05:30,77.6,79.5,76.35,78.05,100499
2021-10-28 00:00:00+05:30,78.5,78.95,75.35,75.6,89560
2021-10-29 00:00:00+05:30,77.85,77.85,74.8,75.6,136584
2021-11-01 00:00:00+05:30,78.0,78.0,74.65,76.35,174094
2021-11-02 00:00:00+05:30,76.55,76.55,74.0,74.5,111088
2021-11-03 00:00:00+05:30,74.25,75.4,73.7,74.3,68117
2021-11-04 00:00:00+05:30,74.85,75.65,74.05,75.25,31041
2021-11-08 00:00:00+05:30,75.55,75.6,74.4,74.85,74243
2021-11-09 00:00:00+05:30,75.4,77.4,73.65,75.05,125699
2021-11-10 00:00:00+05:30,75.1,75.9,74.05,75.05,151227
2021-11-11 00:00:00+05:30,74.1,75.6,73.5,74.45,98806
2021-11-12 00:00:00+05:30,74.6,75.0,73.1,73.6,70591
2021-11-15 00:00:00+05:30,74.9,75.0,69.95,72.85,111023
2021-11-16 00:00:00+05:30,73.6,73.6,68.85,70.65,349682
2021-11-17 00:00:00+05:30,70.6,76.4,68.7,75.25,562104
2021-11-18 00:00:00+05:30,75.0,75.9,73.05,74.3,116327
2021-11-22 00:00:00+05:30,74.35,74.55,70.75,71.25,116197
2021-11-23 00:00:00+05:30,71.0,73.15,70.4,71.75,95751
2021-11-24 00:00:00+05:30,71.95,73.7,71.7,72.3,54396
2021-11-25 00:00:00+05:30,73.2,73.3,71.15,72.65,37098
2021-11-26 00:00:00+05:30,72.6,73.25,69.8,70.3,177102
2021-11-29 00:00:00+05:30,70.0,72.65,61.85,70.65,240463
2021-11-30 00:00:00+05:30,72.8,72.8,67.5,68.35,123659
2021-12-01 00:00:00+05:30,68.6,69.95,67.65,69.55,144919
2021-12-02 00:00:00+05:30,70.1,78.8,70.05,74.35,706533
2021-12-03 00:00:00+05:30,74.5,80.85,74.25,79.85,783340
2021-12-06 00:00:00+05:30,78.55,82.25,75.65,76.45,567541
2021-12-07 00:00:00+05:30,78.6,89.9,77.2,88.45,2531615
2021-12-08 00:00:00+05:30,88.45,88.45,83.1,83.75,523055
2021-12-09 00:00:00+05:30,83.7,97.25,82.55,95.9,2001124
2021-12-10 00:00:00+05:30,95.9,100.5,94.0,98.0,1137936
2021-12-13 00:00:00+05:30,98.0,102.0,93.05,101.2,865993
2021-12-14 00:00:00+05:30,100.25,105.95,99.6,101.7,961094
2021-12-15 00:00:00+05:30,101.2,115.3,101.2,110.35,1501030
2021-12-16 00:00:00+05:30,111.95,112.9,100.8,102.75,905004
2021-12-17 00:00:00+05:30,102.75,102.75,94.4,96.95,493073
2021-12-20 00:00:00+05:30,96.25,96.25,88.0,88.95,460570
2021-12-21 00:00:00+05:30,90.95,94.5,86.85,90.55,452557
2021-12-22 00:00:00+05:30,90.95,94.7,90.95,93.2,167346
2021-12-23 00:00:00+05:30,93.2,95.0,90.1,90.75,188528
2021-12-24 00:00:00+05:30,91.7,91.9,87.1,88.1,168132
2021-12-27 00:00:00+05:30,88.9,88.95,84.25,85.7,186720
2021-12-28 00:00:00+05:30,86.85,88.5,83.1,84.4,342353
2021-12-29 00:00:00+05:30,84.95,86.4,83.35,85.8,289212
2021-12-30 00:00:00+05:30,85.5,88.05,85.1,86.2,228027
2021-12-31 00:00:00+05:30,86.85,93.7,86.65,89.15,470608
2022-01-03 00:00:00+05:30,92.95,92.95,88.0,88.65,148684
2022-01-04 00:00:00+05:30,87.5,88.95,85.0,86.9,69227
2022-01-05 00:00:00+05:30,88.65,88.65,84.0,85.05,79967
2022-01-06 00:00:00+05:30,84.4,87.4,83.0,86.25,96010
2022-01-07 00:00:00+05:30,86.8,87.0,85.0,86.45,137229
2022-01-10 00:00:00+05:30,89.45,89.45,83.3,85.05,122529
2022-01-11 00:00:00+05:30,86.5,88.2,84.9,87.05,306802
2022-01-12 00:00:00+05:30,87.5,87.95,84.05,84.8,255543
2022-01-13 00:00:00+05:30,84.05,85.3,83.7,84.0,151705
2022-01-14 00:00:00+05:30,83.2,86.4,82.0,84.05,202815
2022-01-17 00:00:00+05:30,86.45,87.25,83.7,86.35,115382
2022-01-18 00:00:00+05:30,85.1,88.0,84.25,85.0,50458
2022-01-19 00:00:00+05:30,86.7,86.7,83.55,84.85,57456
2022-01-20 00:00:00+05:30,85.85,85.85,84.0,84.25,86991
2022-01-21 00:00:00+05:30,84.25,84.9,81.0,82.5,92261
2022-01-24 00:00:00+05:30,82.0,84.9,78.55,79.9,89904
2022-01-25 00:00:00+05:30,79.4,81.8,77.5,80.9,76086
2022-01-27 00:00:00+05:30,80.4,81.9,78.0,79.6,120794
2022-01-28 00:00:00+05:30,80.1,81.7,79.55,80.3,59351
2022-01-31 00:00:00+05:30,82.9,84.3,81.3,84.3,92448
2022-02-01 00:00:00+05:30,88.5,88.5,86.0,88.5,136893
2022-02-02 00:00:00+05:30,92.9,92.9,90.6,92.9,369544
2022-02-03 00:00:00+05:30,97.5,97.5,95.0,97.0,616261
2022-02-04 00:00:00+05:30,98.5,100.5,95.25,97.9,251695
2022-02-07 00:00:00+05:30,97.0,100.0,94.0,95.45,116940
2022-02-08 00:00:00+05:30,93.15,95.1,91.0,92.35,161020
2022-02-09 00:00:00+05:30,92.6,96.95,92.6,96.95,228994
2022-02-10 00:00:00+05:30,99.0,101.75,94.75,101.55,221889
2022-02-11 00:00:00+05:30,100.95,103.5,97.0,101.55,578942
2022-02-14 00:00:00+05:30,96.5,99.95,96.5,96.5,161623
2022-02-15 00:00:00+05:30,96.5,99.4,92.7,95.95,130506
2022-02-16 00:00:00+05:30,97.0,99.0,95.0,97.3,69453
2022-02-17 00:00:00+05:30,100.95,100.95,95.15,96.9,61773
2022-02-18 00:00:00+05:30,96.5,96.5,95.0,96.05,88302
2022-02-21 00:00:00+05:30,96.5,96.5,91.25,91.5,46387
2022-02-22 00:00:00+05:30,86.95,89.6,86.95,88.5,83939
2022-02-23 00:00:00+05:30,91.75,91.75,88.5,90.5,51014
2022-02-24 00:00:00+05:30,89.95,89.95,86.0,86.0,84124
2022-02-25 00:00:00+05:30,86.5,89.0,86.0,86.75,60181
2022-02-28 00:00:00+05:30,86.0,88.5,82.45,86.8,90549
2022-03-02 00:00:00+05:30,86.0,89.95,82.5,88.4,119356
2022-03-03 00:00:00+05:30,88.65,91.9,88.0,90.05,51946
2022-03-04 00:00:00+05:30,89.5,89.5,86.0,88.15,106700
2022-03-07 00:00:00+05:30,87.9,87.9,83.75,83.85,37490
2022-03-08 00:00:00+05:30,84.0,86.0,81.55,84.95,171806
2022-03-09 00:00:00+05:30,85.2,89.15,84.0,88.95,38862
2022-03-10 00:00:00+05:30,91.0,93.0,85.2,91.75,37875
2022-03-11 00:00:00+05:30,91.0,93.5,87.2,92.15,48712
2022-03-14 00:00:00+05:30,92.1,95.2,88.5,94.85,102105
2022-03-15 00:00:00+05:30,97.0,99.3,94.5,95.3,89616
2022-03-16 00:00:00+05:30,98.0,99.35,95.9,98.3,296021
2022-03-17 00:00:00+05:30,99.9,102.0,96.05,100.7,127555
2022-03-21 00:00:00+05:30,97.0,103.25,97.0,100.9,934790
2022-03-22 00:00:00+05:30,101.2,103.0,96.0,100.15,53962
2022-03-23 00:00:00+05:30,100.0,101.0,96.25,100.75,80056
2022-03-24 00:00:00+05:30,101.35,101.35,98.0,99.65,49504
2022-03-25 00:00:00+05:30,100.5,100.5,98.1,99.8,81047
2022-03-28 00:00:00+05:30,99.0,99.0,94.85,94.85,60559
2022-03-29 00:00:00+05:30,95.0,97.95,91.45,96.6,88362
2022-03-30 00:00:00+05:30,97.95,100.4,97.1,100.1,161949
2022-03-31 00:00:00+05:30,100.0,103.0,98.15,102.4,109978
2022-04-01 00:00:00+05:30,103.55,107.5,102.1,107.35,334654
2022-04-04 00:00:00+05:30,110.0,112.7,105.45,111.6,407606
2022-04-05 00:00:00+05:30,116.45,117.15,113.5,116.9,448367
2022-04-06 00:00:00+05:30,116.6,122.7,114.0,122.7,432782
2022-04-07 00:00:00+05:30,124.7,125.35,117.05,119.2,337719
2022-04-08 00:00:00+05:30,120.25,123.0,118.1,121.85,181443
2022-04-11 00:00:00+05:30,125.0,125.0,120.4,124.1,296622
2022-04-12 00:00:00+05:30,122.0,123.9,118.4,121.85,185135
2022-04-13 00:00:00+05:30,122.35,127.0,122.15,124.9,295581
2022-04-18 00:00:00+05:30,123.95,131.1,122.1,128.85,485160
2022-04-19 00:00:00+05:30,130.15,133.9,125.0,127.95,202276
2022-04-20 00:00:00+05:30,128.95,132.0,126.65,128.9,215403
2022-04-21 00:00:00+05:30,129.95,131.8,128.1,130.9,153297
2022-04-22 00:00:00+05:30,130.5,130.5,124.4,128.2,294214
2022-04-25 00:00:00+05:30,124.2,126.95,121.8,122.5,205627
2022-04-26 00:00:00+05:30,123.65,126.7,119.25,122.15,155815
2022-04-27 00:00:00+05:30,121.9,121.9,116.65,120.15,185403
2022-04-28 00:00:00+05:30,121.8,126.15,118.0,120.45,222629
2022-04-29 00:00:00+05:30,122.9,123.55,119.7,121.95,118886
2022-05-02 00:00:00+05:30,120.15,121.35,116.05,119.3,71181
2022-05-04 00:00:00+05:30,121.0,125.0,113.35,116.7,145532
2022-05-05 00:00:00+05:30,122.5,122.5,121.95,122.5,187905
2022-05-06 00:00:00+05:30,128.6,128.6,120.55,122.3,408270
2022-05-09 00:00:00+05:30,121.9,121.9,116.2,116.9,206838
2022-05-10 00:00:00+05:30,116.9,120.85,111.1,113.8,249643
2022-05-11 00:00:00+05:30,115.4,115.4,108.15,108.2,324967
2022-05-12 00:00:00+05:30,104.55,107.95,102.8,102.9,183983
2022-05-13 00:00:00+05:30,107.85,108.0,100.3,105.95,328932
2022-05-16 00:00:00+05:30,103.05,109.65,100.95,108.1,194942
2022-05-17 00:00:00+05:30,107.85,113.5,106.0,113.5,94138
2022-05-18 00:00:00+05:30,113.9,118.75,112.95,115.7,128005
2022-05-19 00:00:00+05:30,116.95,116.95,109.95,109.95,112302
2022-05-20 00:00:00+05:30,112.4,115.4,111.05,114.55,47706
2022-05-23 00:00:00+05:30,116.0,117.15,111.5,113.2,74419
2022-05-24 00:00:00+05:30,116.35,116.4,111.45,112.9,45929
2022-05-25 00:00:00+05:30,113.45,114.45,107.3,109.35,83004
2022-05-26 00:00:00+05:30,108.4,113.05,105.25,110.95,100940
2022-05-27 00:00:00+05:30,114.9,115.5,111.7,113.65,44367
2022-05-30 00:00:00+05:30,115.15,118.0,114.35,117.6,106216
2022-05-31 00:00:00+05:30,120.05,120.05,111.75,112.0,150533
2022-06-01 00:00:00+05:30,109.55,113.4,108.4,112.55,151941
2022-06-02 00:00:00+05:30,111.95,116.8,111.0,112.35,49808
2022-06-03 00:00:00+05:30,112.95,115.8,111.2,113.4,65428
2022-06-06 00:00:00+05:30,111.55,112.45,108.15,109.3,53844
2022-06-07 00:00:00+05:30,109.3,117.9,107.25,112.1,120853
2022-06-08 00:00:00+05:30,111.5,114.9,111.25,113.4,63615
2022-06-09 00:00:00+05:30,112.9,113.9,110.35,112.55,52228
2022-06-10 00:00:00+05:30,111.65,111.8,108.0,109.35,99612
2022-06-13 00:00:00+05:30,108.1,110.95,101.0,105.05,107311
2022-06-14 00:00:00+05:30,104.9,106.0,102.0,105.75,73986
2022-06-15 00:00:00+05:30,106.9,106.9,103.45,105.25,62209
2022-06-16 00:00:00+05:30,106.5,106.75,100.0,101.8,115975
2022-06-17 00:00:00+05:30,104.95,104.95,95.25,98.35,134303
2022-06-20 00:00:00+05:30,100.0,100.05,89.0,90.5,264723
2022-06-21 00:00:00+05:30,94.0,94.0,88.75,89.8,372259
2022-06-22 00:00:00+05:30,90.7,90.7,85.0,85.35,110476
2022-06-23 00:00:00+05:30,86.6,90.3,85.05,90.0,193920
2022-06-24 00:00:00+05:30,91.8,91.8,89.45,90.1,287753
2022-06-27 00:00:00+05:30,91.0,91.65,89.0,89.8,164492
2022-06-28 00:00:00+05:30,91.0,91.05,88.95,89.85,111733
2022-06-29 00:00:00+05:30,89.75,91.25,89.1,89.8,95725
2022-06-30 00:00:00+05:30,90.1,90.1,85.6,88.05,161632
2022-07-01 00:00:00+05:30,88.05,90.1,84.9,89.65,126501
2022-07-04 00:00:00+05:30,90.5,98.6,89.25,98.45,362071
2022-07-05 00:00:00+05:30,99.7,102.65,96.7,99.2,284139
2022-07-06 00:00:00+05:30,96.25,100.0,96.25,99.15,171360
2022-07-07 00:00:00+05:30,98.15,99.85,97.05,98.05,84142
2022-07-08 00:00:00+05:30,99.55,101.55,97.4,100.0,121472
2022-07-11 00:00:00+05:30,99.75,100.9,97.95,99.05,81915
2022-07-12 00:00:00+05:30,98.6,99.6,97.7,98.9,103195
2022-07-13 00:00:00+05:30,99.8,100.5,97.1,99.55,82740
2022-07-14 00:00:00+05:30,100.35,102.7,96.0,98.45,157940
2022-07-15 00:00:00+05:30,98.45,100.95,98.0,99.05,61877
2022-07-18 00:00:00+05:30,99.7,100.85,97.55,98.65,120550
2022-07-19 00:00:00+05:30,98.7,104.45,97.5,100.95,163377
2022-07-20 00:00:00+05:30,103.95,106.9,101.4,104.45,150127
2022-07-21 00:00:00+05:30,106.0,113.4,104.4,109.45,186858
2022-07-22 00:00:00+05:30,111.65,111.9,107.9,110.25,82027
2022-07-25 00:00:00+05:30,107.7,114.4,106.65,110.8,102576
2022-07-26 00:00:00+05:30,112.5,113.65,109.05,111.35,79093
2022-07-27 00:00:00+05:30,111.65,114.45,108.55,113.5,98666
2022-07-28 00:00:00+05:30,114.55,120.0,113.35,115.5,87703
2022-07-29 00:00:00+05:30,115.1,117.75,113.8,116.4,87003
2022-08-01 00:00:00+05:30,118.0,118.0,116.0,117.5,46042
2022-08-02 00:00:00+05:30,119.4,119.4,115.3,116.4,75927
2022-08-03 00:00:00+05:30,116.4,119.85,116.1,119.15,113916
2022-08-04 00:00:00+05:30,113.0,113.9,107.25,109.75,873230
2022-08-05 00:00:00+05:30,114.95,114.95,110.2,112.05,175140
2022-08-08 00:00:00+05:30,115.0,115.0,111.5,112.9,62818
2022-08-10 00:00:00+05:30,112.0,115.75,102.4,108.75,211569
2022-08-11 00:00:00+05:30,109.0,112.25,106.8,109.75,63980
2022-08-12 00:00:00+05:30,112.9,112.9,108.0,112.25,91091
2022-08-16 00:00:00+05:30,113.95,113.95,108.15,113.5,150978
2022-08-17 00:00:00+05:30,111.1,114.3,110.95,111.8,89778
2022-08-18 00:00:00+05:30,111.0,114.3,111.0,112.5,82320
2022-08-19 00:00:00+05:30,114.05,114.1,109.4,110.8,98259
2022-08-22 00:00:00+05:30,111.95,111.95,107.0,108.3,49063
2022-08-23 00:00:00+05:30,108.95,109.6,107.05,108.5,52792
2022-08-24 00:00:00+05:30,109.2,109.55,108.0,109.1,41808
2022-08-25 00:00:00+05:30,111.0,111.0,107.0,109.05,79403
2022-08-26 00:00:00+05:30,110.5,111.0,107.85,109.2,72747
2022-08-29 00:00:00+05:30,107.95,109.2,106.9,107.55,91955
2022-08-30 00:00:00+05:30,109.85,111.0,107.25,108.85,71584
2022-09-01 00:00:00+05:30,110.9,117.7,108.15,113.6,181236
2022-09-02 00:00:00+05:30,115.9,115.9,111.6,112.5,82632
2022-09-05 00:00:00+05:30,112.05,115.9,112.05,114.15,62270
2022-09-06 00:00:00+05:30,116.0,136.95,114.55,129.9,1243918
2022-09-07 00:00:00+05:30,127.1,136.45,125.5,133.4,540648
2022-09-08 00:00:00+05:30,132.5,135.45,126.0,127.7,143523
2022-09-09 00:00:00+05:30,129.0,133.9,126.65,130.85,166964
2022-09-12 00:00:00+05:30,130.85,144.0,130.1,139.45,615184
2022-09-13 00:00:00+05:30,139.45,140.95,135.65,138.35,168370
2022-09-14 00:00:00+05:30,135.0,142.45,134.7,136.25,169755
2022-09-15 00:00:00+05:30,138.1,138.1,129.0,131.15,120904
2022-09-16 00:00:00+05:30,131.25,131.25,121.0,123.1,139039
2022-09-19 00:00:00+05:30,125.0,140.9,124.1,130.25,198126
2022-09-20 00:00:00+05:30,131.55,134.7,126.85,127.35,100536
2022-09-21 00:00:00+05:30,129.0,130.15,124.2,125.55,50654
2022-09-22 00:00:00+05:30,126.9,130.4,123.25,126.1,53079
2022-09-23 00:00:00+05:30,127.8,127.85,114.4,116.85,239272
2022-09-26 00:00:00+05:30,118.0,119.8,110.5,112.1,112042
2022-09-27 00:00:00+05:30,113.15,117.8,112.0,112.95,95201
2022-09-28 00:00:00+05:30,114.75,114.95,110.1,113.3,132627
2022-09-29 00:00:00+05:30,116.0,116.55,110.15,114.05,136744
2022-09-30 00:00:00+05:30,115.9,117.75,113.95,116.95,79252
2022-10-03 00:00:00+05:30,117.05,117.6,112.6,114.85,55473
2022-10-04 00:00:00+05:30,117.9,118.95,113.55,117.75,64455
2022-10-06 00:00:00+05:30,118.4,119.95,117.0,118.95,58773
2022-10-07 00:00:00+05:30,119.15,129.9,119.1,129.15,202827
2022-10-10 00:00:00+05:30,129.2,134.45,127.2,133.5,199832
2022-10-11 00:00:00+05:30,134.75,136.9,124.75,129.05,156175
2022-10-12 00:00:00+05:30,129.9,134.1,128.85,132.9,99915
2022-10-13 00:00:00+05:30,132.0,133.8,130.4,131.45,56853
2022-10-14 00:00:00+05:30,136.45,137.0,130.5,133.0,75680
2022-10-17 00:00:00+05:30,130.65,134.0,126.6,130.25,109214
2022-10-18 00:00:00+05:30,132.0,149.25,130.7,144.45,570662
2022-10-19 00:00:00+05:30,145.1,145.1,137.05,138.25,192072
2022-10-20 00:00:00+05:30,138.65,140.7,136.55,139.15,123745
2022-10-21 00:00:00+05:30,140.4,140.9,136.2,139.2,96503
2022-10-24 00:00:00+05:30,140.6,142.95,139.4,140.15,43312
2022-10-25 00:00:00+05:30,141.95,144.95,138.55,144.2,170302
2022-10-27 00:00:00+05:30,148.4,152.0,144.05,149.95,334533
2022-10-28 00:00:00+05:30,150.0,162.75,147.35,158.7,1997975
2022-10-31 00:00:00+05:30,154.0,154.45,141.25,143.25,605921
2022-11-01 00:00:00+05:30,143.9,147.2,139.6,145.4,267354
2022-11-02 00:00:00+05:30,146.65,150.0,143.55,144.6,178329
2022-11-03 00:00:00+05:30,146.9,152.65,141.15,147.7,321863
2022-11-04 00:00:00+05:30,149.65,149.95,141.1,148.2,228960
2022-11-07 00:00:00+05:30,149.2,151.85,147.5,149.95,239939
2022-11-09 00:00:00+05:30,151.95,151.95,145.15,147.05,84474
2022-11-10 00:00:00+05:30,149.2,149.2,140.15,143.0,142219
2022-11-11 00:00:00+05:30,143.95,146.75,133.2,134.75,196266
2022-11-14 00:00:00+05:30,136.9,137.7,122.7,135.85,324588
2022-11-15 00:00:00+05:30,136.0,138.6,134.55,137.25,89893
2022-11-16 00:00:00+05:30,139.8,139.95,136.05,138.2,79283
2022-11-17 00:00:00+05:30,139.7,139.7,135.1,137.5,111122
2022-11-18 00:00:00+05:30,140.0,140.0,130.15,131.85,216554
2022-11-21 00:00:00+05:30,137.0,137.0,126.35,127.45,208999
2022-11-22 00:00:00+05:30,130.2,130.2,123.1,124.8,223300
2022-11-23 00:00:00+05:30,127.75,127.8,123.6,125.1,262805
2022-11-24 00:00:00+05:30,127.0,134.0,126.0,129.95,163070
2022-11-25 00:00:00+05:30,129.95,132.45,128.65,130.3,88181
2022-11-28 00:00:00+05:30,128.0,130.7,127.5,129.55,135056
2022-11-29 00:00:00+05:30,132.3,136.85,128.2,134.2,168067
2022-11-30 00:00:00+05:30,135.45,137.95,132.75,137.0,161664
2022-12-01 00:00:00+05:30,139.05,142.45,137.65,141.75,127385
2022-12-02 00:00:00+05:30,143.0,147.8,142.45,145.9,175645
2022-12-05 00:00:00+05:30,147.4,173.4,146.2,171.5,1993709
2022-12-06 00:00:00+05:30,168.5,172.7,159.05,162.7,828459
2022-12-07 00:00:00+05:30,163.0,166.75,159.15,160.4,160341
2022-12-08 00:00:00+05:30,160.0,167.5,160.0,161.45,220209
2022-12-09 00:00:00+05:30,161.9,165.0,157.0,158.9,123065
2022-12-12 00:00:00+05:30,163.85,164.75,156.0,157.2,162383
2022-12-13 00:00:00+05:30,157.25,161.95,156.05,156.85,75117
2022-12-14 00:00:00+05:30,161.7,164.1,156.5,161.3,198305
2022-12-15 00:00:00+05:30,159.0,162.85,157.2,158.0,86984
2022-12-16 00:00:00+05:30,159.9,159.9,153.95,156.5,128183
2022-12-19 00:00:00+05:30,156.65,160.25,153.6,157.6,108731
2022-12-20 00:00:00+05:30,160.7,160.7,155.5,156.3,36766
2022-12-21 00:00:00+05:30,158.65,162.1,146.4,148.75,290256
2022-12-22 00:00:00+05:30,151.0,152.55,142.9,145.05,152250
2022-12-23 00:00:00+05:30,147.45,147.45,136.0,139.45,218757
2022-12-26 00:00:00+05:30,141.55,148.0,141.0,146.4,112285
2022-12-27 00:00:00+05:30,148.4,151.4,145.5,147.95,94258
2022-12-28 00:00:00+05:30,150.75,154.9,148.5,153.25,97288
2022-12-29 00:00:00+05:30,155.0,158.0,151.75,154.2,126031
2022-12-30 00:00:00+05:30,158.4,159.2,155.0,156.8,114682
2023-01-02 00:00:00+05:30,158.7,164.5,158.05,163.1,215251
2023-01-03 00:00:00+05:30,163.1,165.5,161.95,163.35,93636
2023-01-04 00:00:00+05:30,165.65,165.65,158.05,161.55,124755
2023-01-05 00:00:00+05:30,164.0,164.0,159.15,161.05,72234
2023-01-06 00:00:00+05:30,163.45,163.45,154.1,156.55,176299
2023-01-09 00:00:00+05:30,164.4,164.4,157.15,159.25,85852
2023-01-10 00:00:00+05:30,159.25,161.95,156.5,157.8,52132
2023-01-11 00:00:00+05:30,161.95,161.95,153.1,155.2,108676
2023-01-12 00:00:00+05:30,154.5,157.8,153.05,154.55,46491
2023-01-13 00:00:00+05:30,154.35,157.0,153.3,156.2,65288
2023-01-16 00:00:00+05:30,158.9,158.9,154.2,156.2,34147
2023-01-17 00:00:00+05:30,157.1,157.95,154.95,155.25,30518
2023-01-18 00:00:00+05:30,155.0,157.95,153.5,154.8,27277
2023-01-19 00:00:00+05:30,156.5,156.5,151.15,154.05,63031
2023-01-20 00:00:00+05:30,155.5,155.5,151.85,153.05,96667
2023-01-23 00:00:00+05:30,153.05,166.0,153.05,159.1,1159163
2023-01-24 00:00:00+05:30,157.25,158.05,155.1,155.85,156756
2023-01-25 00:00:00+05:30,155.0,156.3,150.55,154.15,100564
2023-01-27 00:00:00+05:30,157.8,157.8,136.85,146.85,349529
2023-01-30 00:00:00+05:30,146.9,151.0,143.05,144.85,141919
2023-01-31 00:00:00+05:30,144.85,147.35,144.35,146.05,52185
2023-02-01 00:00:00+05:30,152.0,152.0,145.05,147.0,139885
2023-02-02 00:00:00+05:30,147.45,151.9,143.05,147.45,70449
2023-02-03 00:00:00+05:30,147.1,149.85,143.0,147.25,171735
2023-02-06 00:00:00+05:30,149.45,149.45,144.35,145.9,56523
2023-02-07 00:00:00+05:30,147.0,147.0,144.1,145.5,47466
2023-02-08 00:00:00+05:30,145.7,146.85,142.8,145.45,37232
2023-02-09 00:00:00+05:30,145.7,145.85,140.0,144.9,76591
2023-02-10 00:00:00+05:30,144.4,144.9,140.35,143.6,45353
2023-02-13 00:00:00+05:30,141.45,144.95,140.1,141.2,57722
2023-02-14 00:00:00+05:30,140.95,141.4,135.25,135.85,104374
2023-02-15 00:00:00+05:30,136.35,140.95,136.35,139.05,68836
2023-02-16 00:00:00+05:30,138.2,144.9,137.2,140.0,92027
2023-02-17 00:00:00+05:30,139.7,143.15,135.8,138.75,110258
2023-02-20 00:00:00+05:30,143.1,144.7,133.0,134.9,120860
2023-02-21 00:00:00+05:30,136.25,137.0,132.15,134.8,67835
2023-02-22 00:00:00+05:30,133.6,134.0,130.3,132.0,62855
2023-02-23 00:00:00+05:30,131.4,133.05,128.9,130.15,77451
2023-02-24 00:00:00+05:30,132.1,132.1,128.5,130.95,51197
2023-02-27 00:00:00+05:30,132.0,132.05,127.3,129.45,113277
2023-02-28 00:00:00+05:30,130.0,131.0,128.95,130.2,31517
2023-03-01 00:00:00+05:30,129.0,136.9,129.0,134.95,78223
2023-03-02 00:00:00+05:30,139.0,139.0,133.1,133.7,39389
2023-03-03 00:00:00+05:30,136.0,135.95,132.05,133.95,55691
2023-03-06 00:00:00+05:30,135.95,138.4,134.0,136.4,63881
2023-03-08 00:00:00+05:30,137.05,137.75,133.75,134.85,24452
2023-03-09 00:00:00+05:30,138.0,138.0,132.55,134.6,44611
2023-03-10 00:00:00+05:30,132.6,134.35,130.3,131.3,72075
2023-03-13 00:00:00+05:30,129.0,131.15,127.75,128.6,50602
2023-03-14 00:00:00+05:30,128.55,129.9,126.25,128.9,48229
2023-03-15 00:00:00+05:30,128.55,130.25,126.35,128.05,96780
2023-03-16 00:00:00+05:30,128.6,128.85,124.8,127.75,48328
2023-03-17 00:00:00+05:30,128.4,129.65,127.0,127.3,17840
2023-03-20 00:00:00+05:30,128.25,128.4,122.1,125.65,24827
2023-03-21 00:00:00+05:30,129.0,129.0,125.3,126.45,48495
2023-03-22 00:00:00+05:30,127.1,128.7,126.45,127.85,46033
2023-03-23 00:00:00+05:30,127.65,128.5,125.0,125.8,34950
2023-03-24 00:00:00+05:30,126.8,126.8,119.45,122.9,108025
2023-03-27 00:00:00+05:30,124.0,125.0,116.4,119.5,86666
2023-03-28 00:00:00+05:30,119.25,121.05,114.25,119.25,134819
2023-03-29 00:00:00+05:30,119.25,122.1,117.4,120.85,74540
2023-03-31 00:00:00+05:30,125.0,131.45,121.95,128.05,121281
2023-04-03 00:00:00+05:30,132.95,133.5,126.95,129.5,101790
2023-04-05 00:00:00+05:30,128.35,142.6,127.05,138.7,134064
2023-04-06 00:00:00+05:30,139.7,143.45,137.05,140.6,80668
2023-04-10 00:00:00+05:30,140.55,141.45,138.9,140.15,30832
2023-04-11 00:00:00+05:30,140.15,140.9,137.35,139.45,39442
2023-04-12 00:00:00+05:30,139.65,141.65,137.55,141.25,64257
2023-04-13 00:00:00+05:30,143.35,146.15,138.0,142.05,117974
2023-04-17 00:00:00+05:30,142.0,144.5,139.05,143.45,86215
2023-04-18 00:00:00+05:30,143.2,144.1,139.8,142.1,65383
2023-04-19 00:00:00+05:30,143.5,147.0,141.95,146.1,136426
2023-04-20 00:00:00+05:30,148.8,148.8,145.0,145.85,66167
2023-04-21 00:00:00+05:30,143.6,147.85,142.5,146.15,60062
2023-04-24 00:00:00+05:30,146.15,147.85,143.25,145.6,43258
2023-04-25 00:00:00+05:30,148.75,149.0,145.5,148.55,123329
2023-04-26 00:00:00+05:30,149.35,152.0,145.05,146.65,89619
2023-04-27 00:00:00+05:30,147.95,148.0,144.95,146.25,60950
2023-04-28 00:00:00+05:30,147.0,147.85,143.15,144.45,154736
2023-05-02 00:00:00+05:30,173.3,173.3,159.05,162.85,1469872
2023-05-03 00:00:00+05:30,163.75,164.55,157.05,158.15,150399
2023-05-04 00:00:00+05:30,161.5,169.15,160.0,164.75,321678
2023-05-05 00:00:00+05:30,167.0,176.85,164.1,170.8,891447
2023-05-08 00:00:00+05:30,171.25,173.9,166.35,171.8,313493
2023-05-09 00:00:00+05:30,172.2,173.15,162.25,163.45,345894
2023-05-10 00:00:00+05:30,164.8,167.45,160.6,165.5,119420
2023-05-11 00:00:00+05:30,166.8,167.15,158.45,159.9,205473
2023-05-12 00:00:00+05:30,161.0,162.0,151.05,153.1,457759
2023-05-15 00:00:00+05:30,153.6,166.65,153.2,159.25,786192
2023-05-16 00:00:00+05:30,160.0,171.65,160.0,164.0,1022710
2023-05-17 00:00:00+05:30,165.3,167.95,161.65,166.15,242936
2023-05-18 00:00:00+05:30,167.45,170.25,165.05,165.6,255274
2023-05-19 00:00:00+05:30,165.05,166.15,161.7,163.6,108667
2023-05-22 00:00:00+05:30,166.0,167.2,160.6,161.45,170021
2023-05-23 00:00:00+05:30,161.95,164.4,158.6,159.6,166840
2023-05-24 00:00:00+05:30,163.45,164.4,160.2,160.65,92351
2023-05-25 00:00:00+05:30,162.35,162.4,157.6,159.1,89964
2023-05-26 00:00:00+05:30,159.9,172.0,159.8,165.85,465976
2023-05-29 00:00:00+05:30,166.75,171.5,165.9,167.2,291903
2023-05-30 00:00:00+05:30,167.2,177.2,165.2,174.95,620960
2023-05-31 00:00:00+05:30,175.6,176.95,170.45,174.7,431833
2023-06-01 00:00:00+05:30,177.4,185.25,174.75,184.0,1458142
2023-06-02 00:00:00+05:30,186.0,189.9,178.0,179.05,857748
2023-06-05 00:00:00+05:30,180.75,185.65,178.0,179.9,399018
2023-06-06 00:00:00+05:30,180.75,181.45,174.0,176.5,390382
2023-06-07 00:00:00+05:30,179.7,180.4,174.1,176.55,494948
2023-06-08 00:00:00+05:30,177.8,178.55,166.05,169.7,785683
2023-06-09 00:00:00+05:30,170.1,172.0,167.1,170.3,257448
2023-06-12 00:00:00+05:30,171.6,177.5,171.6,174.5,371914
2023-06-13 00:00:00+05:30,175.7,176.55,170.0,173.25,491053
2023-06-14 00:00:00+05:30,173.7,174.3,169.35,170.75,499168
2023-06-15 00:00:00+05:30,172.45,172.5,163.5,166.6,414485
2023-06-16 00:00:00+05:30,168.7,169.2,165.05,168.0,261394
2023-06-19 00:00:00+05:30,168.5,171.9,164.35,171.1,543823
2023-06-20 00:00:00+05:30,170.5,175.15,170.5,173.0,570399
2023-06-21 00:00:00+05:30,174.6,193.5,173.8,182.0,2809278
2023-06-22 00:00:00+05:30,182.45,183.55,175.3,177.15,527999
2023-06-23 00:00:00+05:30,177.85,177.85,169.5,171.25,393026
2023-06-26 00:00:00+05:30,172.6,173.95,170.05,170.9,183843
2023-06-27 00:00:00+05:30,172.3,172.45,168.55,170.0,448986
2023-06-28 00:00:00+05:30,171.8,172.0,169.5,169.9,535568
2023-06-30 00:00:00+05:30,171.5,172.8,169.5,172.05,250646
2023-07-03 00:00:00+05:30,172.9,181.8,172.9,180.95,754026
2023-07-04 00:00:00+05:30,181.0,185.0,175.05,176.9,665891
2023-07-05 00:00:00+05:30,176.0,176.0,169.35,172.3,768516
2023-07-06 00:00:00+05:30,173.0,177.6,170.4,175.45,586298
2023-07-07 00:00:00+05:30,175.0,175.0,168.95,170.85,575029
2023-07-10 00:00:00+05:30,174.9,174.9,168.5,169.8,416984
2023-07-11 00:00:00+05:30,172.45,180.4,172.0,173.75,874759
2023-07-12 00:00:00+05:30,175.05,177.0,172.1,172.9,261509
2023-07-13 00:00:00+05:30,173.6,177.9,170.55,172.0,444554
2023-07-14 00:00:00+05:30,173.5,200.65,173.15,185.8,9650548
2023-07-17 00:00:00+05:30,187.0,187.85,173.8,181.5,5904101
2023-07-18 00:00:00+05:30,183.45,184.95,175.65,177.5,1230791
2023-07-19 00:00:00+05:30,179.05,184.75,178.75,181.0,1285914
2023-07-20 00:00:00+05:30,181.9,196.95,181.9,189.2,2706299
2023-07-21 00:00:00+05:30,188.0,194.3,186.2,189.5,681203
2023-07-24 00:00:00+05:30,190.0,198.0,190.0,195.0,1308956
2023-07-25 00:00:00+05:30,198.55,206.55,198.55,204.6,1513428
2023-07-26 00:00:00+05:30,205.7,206.9,199.65,201.0,526192
2023-07-27 00:00:00+05:30,202.4,216.9,202.4,215.7,1788031
2023-07-28 00:00:00+05:30,216.9,221.1,194.0,206.3,3366671
2023-07-31 00:00:00+05:30,205.0,211.9,199.65,204.2,1173658
2023-08-01 00:00:00+05:30,204.75,221.6,204.75,219.85,1816032
2023-08-02 00:00:00+05:30,221.7,229.8,213.2,217.8,1740620
2023-08-03 00:00:00+05:30,218.55,230.8,217.0,222.8,1345035
2023-08-04 00:00:00+05:30,224.65,226.55,219.25,220.9,520930
2023-08-07 00:00:00+05:30,222.1,226.9,218.0,221.05,574351
2023-08-08 00:00:00+05:30,222.9,226.4,218.25,220.1,804986
2023-08-09 00:00:00+05:30,221.0,224.0,218.5,222.5,253371
2023-08-10 00:00:00+05:30,224.8,231.3,223.05,224.6,768007
2023-08-11 00:00:00+05:30,225.65,226.35,217.0,218.8,348655
2023-08-14 00:00:00+05:30,219.5,221.85,212.2,217.35,319149
2023-08-16 00:00:00+05:30,215.9,220.9,214.85,220.25,135349
2023-08-17 00:00:00+05:30,223.45,223.45,216.75,219.7,222449
2023-08-18 00:00:00+05:30,219.6,223.3,216.6,218.95,353433
2023-08-21 00:00:00+05:30,219.25,219.25,208.0,208.5,418738
2023-08-22 00:00:00+05:30,209.7,214.6,209.65,212.5,237847
2023-08-23 00:00:00+05:30,215.0,216.0,211.85,213.0,213357
2023-08-24 00:00:00+05:30,213.0,215.45,211.05,212.55,111927
2023-08-25 00:00:00+05:30,212.7,213.95,206.15,207.5,248508
2023-08-28 00:00:00+05:30,209.35,211.05,205.95,207.0,259841
2023-08-29 00:00:00+05:30,209.0,214.55,209.0,212.0,236752
2023-08-30 00:00:00+05:30,213.0,215.2,209.35,210.3,167692
2023-08-31 00:00:00+05:30,212.0,212.6,208.05,211.0,222560
2023-09-01 00:00:00+05:30,211.0,211.0,205.8,207.0,296940
2023-09-04 00:00:00+05:30,210.0,213.2,208.5,209.35,211749
2023-09-05 00:00:00+05:30,210.8,211.65,202.85,205.55,266438
2023-09-06 00:00:00+05:30,206.8,211.0,202.5,203.9,346230
2023-09-07 00:00:00+05:30,205.5,206.1,202.05,203.4,215876
2023-09-08 00:00:00+05:30,204.9,214.25,204.6,208.2,539842
2023-09-11 00:00:00+05:30,209.8,211.7,206.2,206.9,272364
2023-09-12 00:00:00+05:30,208.5,211.2,196.05,200.0,587266
2023-09-13 00:00:00+05:30,199.75,207.7,192.15,207.05,400374
2023-09-14 00:00:00+05:30,209.0,220.85,207.9,213.45,872736
2023-09-15 00:00:00+05:30,215.0,244.9,214.95,241.2,5468798
2023-09-18 00:00:00+05:30,241.4,252.8,237.75,239.95,2087635
2023-09-20 00:00:00+05:30,238.4,251.9,237.95,248.75,831927
2023-09-21 00:00:00+05:30,247.55,254.6,238.55,240.0,856615
2023-09-22 00:00:00+05:30,240.9,250.9,237.05,238.35,515722
2023-09-25 00:00:00+05:30,240.45,240.45,230.2,230.9,273184
2023-09-26 00:00:00+05:30,231.9,238.0,229.05,230.45,328284
2023-09-27 00:00:00+05:30,226.05,235.8,226.05,233.95,258740
2023-09-28 00:00:00+05:30,232.8,234.35,226.3,228.65,137559
2023-09-29 00:00:00+05:30,230.9,231.75,227.05,229.3,148797
2023-10-03 00:00:00+05:30,229.6,235.15,226.05,230.9,159139
2023-10-04 00:00:00+05:30,230.9,234.15,224.6,226.2,208726
2023-10-05 00:00:00+05:30,227.9,240.25,221.85,238.05,400605
2023-10-06 00:00:00+05:30,239.4,246.3,235.4,242.2,331240
2023-10-09 00:00:00+05:30,240.15,240.2,228.5,231.1,329204
2023-10-10 00:00:00+05:30,232.0,244.8,229.3,234.35,418753
2023-10-11 00:00:00+05:30,235.8,240.0,232.95,234.65,306200
2023-10-12 00:00:00+05:30,235.7,242.45,230.0,231.95,368992
2023-10-13 00:00:00+05:30,231.0,233.4,229.05,230.55,230757
2023-10-16 00:00:00+05:30,231.2,233.7,228.6,229.8,183546
2023-10-17 00:00:00+05:30,231.6,233.8,228.0,230.0,207825
2023-10-18 00:00:00+05:30,230.7,233.9,229.7,230.85,325627
2023-10-19 00:00:00+05:30,230.85,243.9,230.1,239.25,807715
2023-10-20 00:00:00+05:30,238.9,239.95,235.2,236.7,143576
2023-10-23 00:00:00+05:30,237.9,237.9,221.25,223.1,424689
2023-10-25 00:00:00+05:30,226.9,226.9,211.85,216.9,347716
2023-10-26 00:00:00+05:30,214.4,222.95,203.8,219.55,416084
2023-10-27 00:00:00+05:30,220.0,245.0,219.95,230.2,2192392
2023-10-30 00:00:00+05:30,235.0,249.8,235.0,243.3,2513715
2023-10-31 00:00:00+05:30,245.0,247.05,238.6,242.5,421231
2023-11-01 00:00:00+05:30,241.7,256.9,240.3,245.7,1306715
2023-11-02 00:00:00+05:30,251.0,257.7,249.0,251.4,1015320
2023-11-03 00:00:00+05:30,253.7,271.7,253.65,262.75,3335614
2023-11-06 00:00:00+05:30,265.0,271.85,263.15,264.6,622666
2023-11-07 00:00:00+05:30,265.8,268.1,257.55,260.55,351655
2023-11-08 00:00:00+05:30,260.9,266.55,255.8,257.1,247877
2023-11-09 00:00:00+05:30,258.9,271.75,257.8,259.9,668728
2023-11-10 00:00:00+05:30,259.45,264.0,257.15,261.85,282705
2023-11-12 00:00:00+05:30,263.95,265.9,262.0,263.8,94718
2023-11-13 00:00:00+05:30,263.4,263.8,257.5,259.4,225545
2023-11-15 00:00:00+05:30,262.0,265.65,258.55,260.7,194402
2023-11-16 00:00:00+05:30,262.0,274.4,262.0,267.05,785358
2023-11-17 00:00:00+05:30,258.0,262.45,246.2,250.4,1303826
2023-11-20 00:00:00+05:30,254.8,258.0,248.3,254.3,759057
2023-11-21 00:00:00+05:30,256.2,258.0,246.05,247.9,441803
2023-11-22 00:00:00+05:30,249.95,250.05,240.0,242.7,317415
2023-11-23 00:00:00+05:30,241.2,246.55,237.65,239.55,393171
2023-11-24 00:00:00+05:30,241.4,246.75,240.2,243.2,254598
2023-11-28 00:00:00+05:30,247.0,249.5,238.0,239.25,421100
2023-11-29 00:00:00+05:30,240.15,242.75,236.2,238.1,309892
2023-11-30 00:00:00+05:30,238.8,242.05,238.2,239.9,199121
2023-12-01 00:00:00+05:30,242.45,251.0,239.55,245.35,633579
2023-12-04 00:00:00+05:30,254.5,254.5,238.7,240.2,677137
2023-12-05 00:00:00+05:30,241.5,244.8,235.9,237.1,569781
2023-12-06 00:00:00+05:30,239.55,244.0,237.45,239.0,416945
2023-12-07 00:00:00+05:30,238.8,244.25,237.05,242.25,264504
2023-12-08 00:00:00+05:30,243.7,252.25,243.3,245.4,604398
2023-12-11 00:00:00+05:30,247.0,254.45,244.05,244.9,762497
2023-12-12 00:00:00+05:30,246.4,247.55,240.4,241.75,285048
2023-12-13 00:00:00+05:30,242.95,249.8,242.95,247.05,588176
2023-12-14 00:00:00+05:30,249.8,253.35,246.2,248.75,410846
2023-12-15 00:00:00+05:30,252.0,269.0,252.0,258.85,2242933
2023-12-18 00:00:00+05:30,258.85,262.9,254.3,259.55,459500
2023-12-19 00:00:00+05:30,259.55,262.5,256.0,257.6,350829
2023-12-20 00:00:00+05:30,259.95,276.85,245.0,248.8,2099695
2023-12-21 00:00:00+05:30,249.8,267.8,245.75,265.75,835567
2023-12-22 00:00:00+05:30,261.0,266.4,251.1,252.75,1763087
2023-12-26 00:00:00+05:30,255.6,256.4,241.05,242.1,1022528
2023-12-27 00:00:00+05:30,245.25,247.95,241.2,244.7,901066
2023-12-28 00:00:00+05:30,247.0,248.05,239.0,240.45,930753
2023-12-29 00:00:00+05:30,247.0,252.0,237.2,240.2,1547646
2024-01-01 00:00:00+05:30,249.5,249.5,241.6,245.6,1046121
2024-01-02 00:00:00+05:30,247.6,278.8,246.2,265.2,7239178
2024-01-03 00:00:00+05:30,266.7,274.55,262.85,264.35,1126512
2024-01-04 00:00:00+05:30,265.45,276.95,263.6,271.95,1346057
2024-01-05 00:00:00+05:30,274.15,275.45,266.05,269.8,810362
2024-01-08 00:00:00+05:30,270.4,273.0,264.65,266.15,646414
2024-01-09 00:00:00+05:30,268.0,273.95,258.05,259.4,577472
2024-01-10 00:00:00+05:30,259.0,273.4,255.2,271.5,1256348
2024-01-11 00:00:00+05:30,273.9,283.55,272.15,275.35,1815501
2024-01-12 00:00:00+05:30,277.9,279.3,269.05,271.95,465112
2024-01-15 00:00:00+05:30,272.9,277.0,266.95,277.0,657725
2024-01-16 00:00:00+05:30,276.9,278.0,261.25,266.8,777628
2024-01-17 00:00:00+05:30,264.1,274.9,261.0,268.8,626211
2024-01-18 00:00:00+05:30,267.8,269.75,258.2,264.55,393483
2024-01-19 00:00:00+05:30,266.2,269.7,258.8,259.5,485881
2024-01-20 00:00:00+05:30,263.4,266.95,262.4,264.1,209957
2024-01-23 00:00:00+05:30,266.7,266.7,252.5,255.4,618094
2024-01-24 00:00:00+05:30,257.35,259.0,251.2,254.4,388576
2024-01-25 00:00:00+05:30,255.0,257.7,251.05,253.4,292071
2024-01-29 00:00:00+05:30,252.05,264.75,252.05,259.55,852945
2024-01-30 00:00:00+05:30,260.0,260.85,255.1,256.35,805671
2024-01-31 00:00:00+05:30,257.8,260.05,256.0,258.1,353698
2024-02-01 00:00:00+05:30,259.9,260.7,249.55,252.7,566649
2024-02-02 00:00:00+05:30,255.0,257.5,238.25,249.9,1157087
2024-02-05 00:00:00+05:30,265.0,277.9,259.9,263.75,5487714
2024-02-06 00:00:00+05:30,266.95,272.75,262.0,262.95,935174
2024-02-07 00:00:00+05:30,264.8,271.8,262.6,263.95,639231
2024-02-08 00:00:00+05:30,265.0,267.6,255.05,256.6,858786
2024-02-09 00:00:00+05:30,258.9,260.0,248.4,260.0,565945
2024-02-12 00:00:00+05:30,258.5,258.8,240.3,241.65,895878
2024-02-13 00:00:00+05:30,246.0,251.8,236.15,247.0,598488
2024-02-14 00:00:00+05:30,244.0,252.2,242.1,245.9,432376
2024-02-15 00:00:00+05:30,246.4,256.8,246.4,253.15,354000
2024-02-16 00:00:00+05:30,258.5,258.6,250.0,252.3,316199
2024-02-19 00:00:00+05:30,257.7,266.0,255.9,257.9,752224
2024-02-20 00:00:00+05:30,260.0,261.95,255.0,257.25,379300
2024-02-21 00:00:00+05:30,257.95,260.05,250.05,250.8,466491
2024-02-22 00:00:00+05:30,254.9,254.9,245.9,248.6,511827
2024-02-23 00:00:00+05:30,252.45,252.45,244.95,246.7,419896
2024-02-26 00:00:00+05:30,247.8,248.4,242.3,244.25,394673
2024-02-27 00:00:00+05:30,244.25,247.95,241.0,242.3,366213
2024-02-28 00:00:00+05:30,242.45,244.7,229.05,231.4,788576
2024-02-29 00:00:00+05:30,231.35,238.0,229.25,235.6,659917
2024-03-01 00:00:00+05:30,236.6,238.95,233.95,234.7,275988
2024-03-02 00:00:00+05:30,234.75,239.2,232.5,237.65,42641
2024-03-04 00:00:00+05:30,239.0,241.05,232.0,233.65,271146
2024-03-05 00:00:00+05:30,234.65,234.8,220.1,221.9,997167
2024-03-06 00:00:00+05:30,222.0,223.75,213.8,215.25,945752
2024-03-07 00:00:00+05:30,216.35,221.1,215.1,217.6,599737
2024-03-11 00:00:00+05:30,221.05,223.3,202.05,204.0,970759
2024-03-12 00:00:00+05:30,203.0,206.5,196.25,197.3,997222
2024-03-13 00:00:00+05:30,197.3,200.75,183.05,184.55,1393837
2024-03-14 00:00:00+05:30,188.45,200.0,185.45,198.15,1023117
2024-03-15 00:00:00+05:30,199.2,202.95,189.95,199.3,872378
2024-03-18 00:00:00+05:30,200.0,205.4,198.0,202.7,525861
2024-03-19 00:00:00+05:30,203.75,206.9,201.25,202.05,439567
2024-03-20 00:00:00+05:30,204.35,205.75,198.5,201.3,326682
2024-03-21 00:00:00+05:30,202.35,206.9,202.35,205.65,634634
2024-03-22 00:00:00+05:30,205.65,214.4,205.65,211.05,558599
2024-03-26 00:00:00+05:30,211.0,217.75,205.65,213.7,696438
2024-03-27 00:00:00+05:30,214.0,217.5,210.6,212.9,661305
2024-03-28 00:00:00+05:30,212.9,218.75,208.05,210.15,568944
2024-04-01 00:00:00+05:30,212.0,226.45,212.0,225.15,439765
2024-04-02 00:00:00+05:30,226.7,231.9,224.55,230.4,320303
2024-04-03 00:00:00+05:30,233.0,242.4,231.45,241.5,794808
2024-04-04 00:00:00+05:30,245.0,248.9,241.65,247.85,679788
2024-04-05 00:00:00+05:30,248.0,251.5,243.6,251.05,452873
2024-04-08 00:00:00+05:30,253.8,257.45,243.95,244.7,803886
2024-04-09 00:00:00+05:30,245.95,251.5,244.0,245.7,516914
2024-04-10 00:00:00+05:30,246.0,247.9,242.75,246.3,253185
2024-04-12 00:00:00+05:30,246.0,250.85,244.0,245.45,290742
2024-04-15 00:00:00+05:30,236.2,243.0,234.05,237.6,557083
2024-04-16 00:00:00+05:30,236.6,242.0,234.55,238.85,275031
2024-04-18 00:00:00+05:30,240.0,246.6,237.0,237.95,318246
2024-04-19 00:00:00+05:30,234.05,243.65,232.05,242.1,387393
2024-04-22 00:00:00+05:30,244.0,249.5,242.65,244.1,263122
2024-04-23 00:00:00+05:30,246.5,254.5,245.95,252.1,564724
2024-04-24 00:00:00+05:30,253.0,257.5,251.0,252.15,368888
2024-04-25 00:00:00+05:30,252.9,256.7,250.0,255.3,275589
2024-04-26 00:00:00+05:30,256.9,258.9,252.6,253.4,281650
2024-04-29 00:00:00+05:30,255.0,274.95,252.05,259.55,3363462
2024-04-30 00:00:00+05:30,263.9,269.4,254.5,262.1,1374727
2024-05-02 00:00:00+05:30,263.95,264.2,256.35,257.8,338577
2024-05-03 00:00:00+05:30,257.8,261.95,250.55,251.7,352114
2024-05-06 00:00:00+05:30,253.4,257.0,245.75,247.45,360280
2024-05-07 00:00:00+05:30,247.35,247.35,238.0,241.65,472322
2024-05-08 00:00:00+05:30,244.05,252.4,237.0,248.5,531314
2024-05-09 00:00:00+05:30,246.0,248.2,236.0,237.65,238705
2024-05-10 00:00:00+05:30,238.95,247.25,236.5,244.2,240903
2024-05-13 00:00:00+05:30,244.2,245.1,236.4,241.4,220433
2024-05-14 00:00:00+05:30,241.0,245.0,241.0,241.75,137506
2024-05-15 00:00:00+05:30,242.85,245.6,238.85,240.95,181329
2024-05-16 00:00:00+05:30,241.5,245.8,240.0,240.45,97475
2024-05-17 00:00:00+05:30,240.45,242.95,239.6,240.1,129891
2024-05-18 00:00:00+05:30,240.1,242.5,238.75,240.6,34202
2024-05-21 00:00:00+05:30,240.0,240.0,231.85,233.0,345336
2024-05-22 00:00:00+05:30,232.0,234.4,227.25,229.15,222907
2024-05-23 00:00:00+05:30,229.15,231.95,227.5,227.95,188698
2024-05-24 00:00:00+05:30,228.5,231.7,224.95,226.1,245215
2024-05-27 00:00:00+05:30,227.75,229.75,223.15,225.5,261549
2024-05-28 00:00:00+05:30,225.1,229.2,222.35,223.7,182242
2024-05-29 00:00:00+05:30,222.85,224.4,219.0,220.25,192565
2024-05-30 00:00:00+05:30,221.0,223.95,219.05,220.6,118757
2024-05-31 00:00:00+05:30,220.6,224.75,217.85,219.5,146830
2024-06-03 00:00:00+05:30,225.05,232.0,221.85,222.9,250193
2024-06-04 00:00:00+05:30,224.0,224.0,205.45,218.05,648135
2024-06-05 00:00:00+05:30,217.0,221.2,209.5,218.7,495767
2024-06-06 00:00:00+05:30,219.45,229.5,219.45,229.05,284031
2024-06-07 00:00:00+05:30,230.7,239.65,228.5,238.05,363659
2024-06-10 00:00:00+05:30,238.05,238.87,223.9,234.72,365519
2024-06-11 00:00:00+05:30,236.85,238.77,230.59,234.73,260765
2024-06-12 00:00:00+05:30,234.73,241.79,234.61,237.02,275606
2024-06-13 00:00:00+05:30,237.02,239.2,231.2,233.49,180632
2024-06-14 00:00:00+05:30,237.6,247.5,234.07,242.63,520029
2024-06-18 00:00:00+05:30,243.0,248.9,243.0,245.62,386052
2024-06-19 00:00:00+05:30,246.95,246.95,239.86,240.34,211350
2024-06-20 00:00:00+05:30,243.0,248.0,241.21,245.12,263959
2024-06-21 00:00:00+05:30,245.99,247.63,239.5,241.72,191061
2024-06-24 00:00:00+05:30,240.0,241.6,233.5,234.35,382955
2024-06-25 00:00:00+05:30,238.0,239.0,229.34,231.2,369095
2024-06-26 00:00:00+05:30,232.0,234.5,220.83,222.56,711823
2024-06-27 00:00:00+05:30,223.7,227.0,214.5,218.2,604913
2024-06-28 00:00:00+05:30,219.05,222.5,219.0,220.46,223965
2024-07-01 00:00:00+05:30,220.01,227.67,220.01,223.85,311703
2024-07-02 00:00:00+05:30,227.2,227.3,222.7,224.93,267119
2024-07-03 00:00:00+05:30,227.4,227.4,223.03,224.17,194634
2024-07-04 00:00:00+05:30,224.57,225.95,219.35,220.26,243452
2024-07-05 00:00:00+05:30,221.1,221.58,218.05,220.01,210905
2024-07-08 00:00:00+05:30,220.0,221.4,215.0,215.88,266542
2024-07-09 00:00:00+05:30,216.25,218.66,208.0,212.27,311978
2024-07-10 00:00:00+05:30,213.0,215.0,207.79,210.77,332896
2024-07-11 00:00:00+05:30,215.0,221.38,211.5,212.72,301377
2024-07-12 00:00:00+05:30,216.5,216.5,210.9,213.54,230647
2024-07-15 00:00:00+05:30,214.9,216.5,210.1,212.61,229225
2024-07-16 00:00:00+05:30,213.0,221.95,213.0,219.17,417482
2024-07-18 00:00:00+05:30,219.17,220.09,215.15,219.12,191873
2024-07-19 00:00:00+05:30,218.89,220.1,211.01,211.85,198043
2024-07-22 00:00:00+05:30,211.95,218.47,210.21,214.16,168558
2024-07-23 00:00:00+05:30,215.16,217.44,210.1,211.98,403580
2024-07-24 00:00:00+05:30,212.28,228.9,212.28,222.59,374400
2024-07-25 00:00:00+05:30,221.3,226.19,219.8,224.02,261479
2024-07-26 00:00:00+05:30,225.0,227.03,222.24,223.97,143388
2024-07-29 00:00:00+05:30,224.0,226.0,220.1,220.98,358806
2024-07-30 00:00:00+05:30,220.98,224.19,220.0,223.08,226971
2024-07-31 00:00:00+05:30,224.6,231.98,223.55,227.37,1076765
2024-08-01 00:00:00+05:30,224.5,227.5,220.0,220.38,612815
2024-08-02 00:00:00+05:30,224.0,224.0,213.91,215.57,402781
2024-08-05 00:00:00+05:30,211.8,211.8,202.52,205.33,638366
2024-08-06 00:00:00+05:30,206.6,212.33,204.0,204.73,347991
2024-08-07 00:00:00+05:30,209.0,217.95,206.2,214.13,505897
2024-08-08 00:00:00+05:30,214.95,215.0,207.3,209.95,379765
2024-08-09 00:00:00+05:30,211.1,213.65,208.92,211.7,375624
2024-08-12 00:00:00+05:30,210.15,211.55,205.23,207.73,428848
2024-08-13 00:00:00+05:30,207.8,215.78,207.14,209.94,460349
2024-08-14 00:00:00+05:30,211.98,212.36,208.1,210.05,278594
2024-08-16 00:00:00+05:30,211.2,211.96,202.5,204.05,539855
2024-08-19 00:00:00+05:30,206.8,207.89,203.56,205.7,224770
2024-08-20 00:00:00+05:30,208.45,208.45,205.03,206.02,265931
2024-08-21 00:00:00+05:30,206.95,211.5,206.01,209.75,287778
2024-08-22 00:00:00+05:30,209.99,215.4,208.74,213.96,455971
2024-08-23 00:00:00+05:30,214.4,214.7,208.2,209.36,282922
2024-08-26 00:00:00+05:30,215.99,223.0,214.5,219.47,1529728
2024-08-27 00:00:00+05:30,221.95,223.0,216.43,219.98,476238
2024-08-28 00:00:00+05:30,220.85,220.85,217.16,217.76,164913
2024-08-29 00:00:00+05:30,217.39,218.19,210.91,212.02,328172
2024-08-30 00:00:00+05:30,211.55,215.75,211.55,214.0,157157
2024-09-02 00:00:00+05:30,214.99,215.16,211.6,213.86,245598
2024-09-03 00:00:00+05:30,214.9,214.92,209.37,210.7,317578
2024-09-04 00:00:00+05:30,209.0,212.67,209.0,210.54,432999
2024-09-05 00:00:00+05:30,212.4,212.71,209.9,211.52,217758
2024-09-06 00:00:00+05:30,212.0,214.36,209.0,209.92,210051
2024-09-09 00:00:00+05:30,209.5,210.99,205.7,209.68,163011
2024-09-10 00:00:00+05:30,210.9,211.4,208.7,209.69,141420
2024-09-11 00:00:00+05:30,211.02,211.41,205.72,207.97,171173
2024-09-12 00:00:00+05:30,210.0,211.0,208.21,208.65,203323
2024-09-13 00:00:00+05:30,209.49,212.0,207.75,208.78,395708
2024-09-16 00:00:00+05:30,214.4,214.4,208.01,209.98,228837
2024-09-17 00:00:00+05:30,210.95,210.95,208.1,209.2,139345
2024-09-18 00:00:00+05:30,210.2,219.0,205.27,208.09,996619
2024-09-19 00:00:00+05:30,209.3,211.9,204.01,208.05,318812
2024-09-20 00:00:00+05:30,209.0,209.84,206.55,207.72,173264
2024-09-23 00:00:00+05:30,210.0,211.11,203.21,204.03,399971
2024-09-24 00:00:00+05:30,204.98,205.9,202.6,203.41,273811
2024-09-25 00:00:00+05:30,204.99,205.25,200.53,201.28,204219
2024-09-26 00:00:00+05:30,201.28,202.68,199.95,200.34,172475
2024-09-27 00:00:00+05:30,201.99,202.25,196.0,196.33,382616
2024-09-30 00:00:00+05:30,199.36,199.36,192.33,193.0,368259
2024-10-01 00:00:00+05:30,194.99,196.9,190.5,191.9,298433
2024-10-03 00:00:00+05:30,191.0,191.01,185.0,185.8,708746
2024-10-04 00:00:00+05:30,185.97,189.76,179.96,183.27,404855
2024-10-07 00:00:00+05:30,182.5,182.65,176.1,177.81,378733
2024-10-08 00:00:00+05:30,178.55,183.9,178.55,181.86,260273
2024-10-09 00:00:00+05:30,182.95,185.15,182.55,184.04,206436
2024-10-10 00:00:00+05:30,185.35,188.9,184.14,186.89,206408
2024-10-11 00:00:00+05:30,184.99,187.45,183.02,186.39,120216
2024-10-14 00:00:00+05:30,187.0,191.99,186.99,190.45,188703
2024-10-15 00:00:00+05:30,190.44,192.86,187.21,188.0,130131
2024-10-16 00:00:00+05:30,189.0,193.0,188.0,192.43,126795
2024-10-17 00:00:00+05:30,192.81,193.39,188.8,192.75,146488
2024-10-18 00:00:00+05:30,192.75,192.75,178.59,182.48,465975
2024-10-21 00:00:00+05:30,183.0,186.0,170.35,171.9,885653
2024-10-22 00:00:00+05:30,172.7,172.7,161.28,163.48,634470
2024-10-23 00:00:00+05:30,161.48,168.14,161.48,165.46,358818
2024-10-24 00:00:00+05:30,166.6,166.99,161.01,161.7,341943
2024-10-25 00:00:00+05:30,161.7,162.33,154.53,155.2,437590
2024-10-28 00:00:00+05:30,156.34,156.34,150.3,152.08,653869
2024-10-29 00:00:00+05:30,152.08,154.09,150.8,152.87,433765
2024-10-30 00:00:00+05:30,152.87,161.9,151.88,160.71,300275
2024-10-31 00:00:00+05:30,161.55,163.23,158.72,162.17,237100
2024-11-01 00:00:00+05:30,163.5,165.75,163.49,165.05,78541
2024-11-04 00:00:00+05:30,165.8,167.0,159.2,160.56,182420
2024-11-05 00:00:00+05:30,160.56,163.05,159.39,162.02,188220
2024-11-06 00:00:00+05:30,162.4,166.3,162.08,165.71,190727
2024-11-07 00:00:00+05:30,165.99,167.42,163.1,165.05,182504
2024-11-08 00:00:00+05:30,165.25,166.86,148.68,154.07,1036766
2024-11-11 00:00:00+05:30,152.9,154.79,149.82,153.84,496612
2024-11-12 00:00:00+05:30,153.99,155.55,148.55,149.95,427039
2024-11-13 00:00:00+05:30,149.95,151.65,147.0,149.81,381550
2024-11-14 00:00:00+05:30,150.97,154.75,148.26,151.9,369584
2024-11-18 00:00:00+05:30,151.0,154.55,147.4,148.51,546769
2024-11-19 00:00:00+05:30,149.5,149.7,147.22,148.65,370653
2024-11-21 00:00:00+05:30,149.0,149.09,146.27,148.04,245952
2024-11-22 00:00:00+05:30,148.04,149.35,147.04,148.91,420805
2024-11-25 00:00:00+05:30,152.85,153.29,149.76,151.89,311167
2024-11-26 00:00:00+05:30,151.99,155.85,151.65,155.18,189154
2024-11-27 00:00:00+05:30,155.0,158.89,154.35,157.83,483807
2024-11-28 00:00:00+05:30,157.05,161.75,157.05,160.65,178889
2024-11-29 00:00:00+05:30,160.65,161.9,157.51,158.36,232762
2024-12-02 00:00:00+05:30,158.36,158.36,155.26,157.48,404494
2024-12-03 00:00:00+05:30,157.05,161.8,157.05,160.73,183491
2024-12-04 00:00:00+05:30,161.02,164.09,159.71,163.16,448004
2024-12-05 00:00:00+05:30,162.0,164.45,161.6,163.1,343524
2024-12-06 00:00:00+05:30,162.0,164.45,161.56,162.09,162065
2024-12-09 00:00:00+05:30,162.0,162.99,158.0,158.74,146672
2024-12-10 00:00:00+05:30,159.24,170.2,158.5,168.77,1121098
2024-12-11 00:00:00+05:30,169.3,170.9,165.75,166.92,374797
2024-12-12 00:00:00+05:30,167.8,168.26,162.43,163.24,140155
2024-12-13 00:00:00+05:30,163.05,167.83,161.2,164.5,198992
2024-12-16 00:00:00+05:30,164.18,165.78,161.75,164.49,171977
2024-12-17 00:00:00+05:30,164.55,164.9,160.4,161.14,138924
2024-12-18 00:00:00+05:30,160.91,162.0,156.2,158.42,195453
2024-12-19 00:00:00+05:30,155.9,157.43,153.62,155.7,190343
2024-12-20 00:00:00+05:30,155.4,156.49,148.22,149.42,299038
2024-12-23 00:00:00+05:30,151.01,151.88,145.5,146.24,162764
2024-12-24 00:00:00+05:30,146.0,148.3,146.0,146.99,90367
2024-12-26 00:00:00+05:30,146.87,149.67,144.95,146.75,220367
2024-12-27 00:00:00+05:30,147.0,147.68,145.2,147.2,311508
2024-12-30 00:00:00+05:30,148.2,148.2,144.15,145.48,195023
2024-12-31 00:00:00+05:30,145.4,151.3,144.74,150.5,141756
2025-01-01 00:00:00+05:30,150.5,152.38,149.49,151.08,72571
2025-01-02 00:00:00+05:30,151.84,155.37,150.5,153.52,112796
2025-01-03 00:00:00+05:30,152.25,155.2,152.2,153.03,88839
2025-01-06 00:00:00+05:30,153.0,153.0,146.0,146.9,144259
2025-01-07 00:00:00+05:30,147.95,149.85,144.7,148.97,175014
2025-01-08 00:00:00+05:30,147.5,164.8,146.76,154.96,1244505
2025-01-09 00:00:00+05:30,155.5,161.51,152.01,152.74,348623
2025-01-10 00:00:00+05:30,155.79,155.79,147.95,150.15,188649
2025-01-13 00:00:00+05:30,148.65,149.74,138.01,146.04,656966
2025-01-14 00:00:00+05:30,145.8,147.99,144.35,145.79,226496
2025-01-15 00:00:00+05:30,146.32,148.5,143.81,147.01,287079
2025-01-16 00:00:00+05:30,147.99,151.0,146.92,147.83,98479
2025-01-17 00:00:00+05:30,146.0,148.39,144.49,146.1,134878
2025-01-20 00:00:00+05:30,147.44,152.59,145.21,151.52,111608
2025-01-21 00:00:00+05:30,150.5,152.05,148.51,149.36,106897
2025-01-22 00:00:00+05:30,150.9,150.9,146.0,147.82,138940
2025-01-23 00:00:00+05:30,149.77,155.15,148.29,152.46,171340
2025-01-24 00:00:00+05:30,151.3,152.35,147.4,147.86,170523
2025-01-27 00:00:00+05:30,145.01,146.6,143.41,144.72,203574
2025-01-28 00:00:00+05:30,144.15,146.99,142.55,145.16,251813
2025-01-29 00:00:00+05:30,145.44,146.68,144.27,144.94,223318
2025-01-30 00:00:00+05:30,145.95,149.21,144.98,145.7,308420
2025-01-31 00:00:00+05:30,146.54,147.09,144.34,145.06,253669
2025-02-01 00:00:00+05:30,146.8,147.3,144.12,145.62,86934
2025-02-03 00:00:00+05:30,144.5,147.48,140.5,143.06,174686
2025-02-04 00:00:00+05:30,144.83,148.99,142.85,145.55,99935
2025-02-05 00:00:00+05:30,146.3,148.71,145.0,146.34,236856
2025-02-06 00:00:00+05:30,148.86,148.86,143.72,144.27,160324
2025-02-07 00:00:00+05:30,141.44,145.39,141.12,142.01,302448
2025-02-10 00:00:00+05:30,142.01,143.0,138.72,140.43,363694
2025-02-11 00:00:00+05:30,142.09,142.95,137.57,140.91,359504
2025-02-12 00:00:00+05:30,139.9,142.73,134.22,142.2,259044
2025-02-13 00:00:00+05:30,142.0,146.0,141.24,144.23,160194
2025-02-14 00:00:00+05:30,143.5,143.9,140.0,141.85,263289
2025-02-17 00:00:00+05:30,141.85,142.67,137.4,140.85,339366
2025-02-18 00:00:00+05:30,140.7,141.87,139.65,141.24,287812
2025-02-19 00:00:00+05:30,141.5,146.0,141.11,144.16,174325
2025-02-20 00:00:00+05:30,144.74,147.0,142.1,146.32,162297
2025-02-21 00:00:00+05:30,146.6,149.9,144.79,148.89,251886
2025-02-24 00:00:00+05:30,145.97,148.18,143.71,147.15,138696
2025-02-25 00:00:00+05:30,147.0,149.06,146.0,147.58,147893
2025-02-27 00:00:00+05:30,147.58,152.01,145.39,147.73,405455
2025-02-28 00:00:00+05:30,145.5,146.78,143.5,145.94,179348
2025-03-03 00:00:00+05:30,143.75,145.46,139.56,143.57,266863
2025-03-04 00:00:00+05:30,143.2,150.99,139.5,145.77,355235
2025-03-05 00:00:00+05:30,145.39,149.39,144.5,146.03,330328
2025-03-06 00:00:00+05:30,145.6,148.0,143.77,144.98,280367
2025-03-07 00:00:00+05:30,144.5,147.98,143.99,146.65,143903
2025-03-10 00:00:00+05:30,146.65,148.5,144.0,146.28,283372
2025-03-11 00:00:00+05:30,144.1,146.29,143.1,144.96,324584
2025-03-12 00:00:00+05:30,144.02,146.3,142.0,143.23,231336
2025-03-13 00:00:00+05:30,143.23,147.09,141.0,142.12,320037
2025-03-17 00:00:00+05:30,142.5,143.45,135.25,136.5,524989
2025-03-18 00:00:00+05:30,136.85,141.01,136.85,139.63,241814
2025-03-19 00:00:00+05:30,140.0,143.64,139.0,142.73,328859
2025-03-20 00:00:00+05:30,143.49,145.1,142.61,143.41,286426
2025-03-21 00:00:00+05:30,144.0,150.9,143.5,147.87,284843
2025-03-24 00:00:00+05:30,147.36,151.59,143.15,144.61,341998
2025-03-25 00:00:00+05:30,145.5,146.05,139.86,141.99,416477
2025-03-26 00:00:00+05:30,141.99,142.75,138.48,139.53,363388
2025-03-27 00:00:00+05:30,138.5,149.99,138.5,147.25,666134
2025-03-28 00:00:00+05:30,148.5,148.5,140.1,142.98,368143
2025-04-01 00:00:00+05:30,141.0,149.99,141.0,149.27,193394
2025-04-02 00:00:00+05:30,150.25,150.25,146.36,146.97,126698
2025-04-03 00:00:00+05:30,145.99,149.28,144.71,147.85,88688
2025-04-04 00:00:00+05:30,146.87,147.67,141.92,144.72,165820
2025-04-07 00:00:00+05:30,133.7,140.4,131.8,139.79,229908
2025-04-08 00:00:00+05:30,142.0,144.75,140.0,143.1,129234
2025-04-09 00:00:00+05:30,141.0,148.0,141.0,146.26,126504
2025-04-11 00:00:00+05:30,149.9,149.9,146.55,149.45,105434
2025-04-15 00:00:00+05:30,150.6,156.9,150.6,154.74,177412
2025-04-16 00:00:00+05:30,157.0,158.6,153.65,156.49,162176
2025-04-17 00:00:00+05:30,155.0,159.8,155.0,159.18,159002
2025-04-21 00:00:00+05:30,160.37,165.0,158.27,161.08,363992
2025-04-22 00:00:00+05:30,162.69,165.0,160.15,163.2,147549
2025-04-23 00:00:00+05:30,164.99,165.86,158.54,163.26,143179
2025-04-24 00:00:00+05:30,161.4,166.5,161.4,165.1,339948
2025-04-25 00:00:00+05:30,164.2,165.99,158.05,162.6,233601
2025-04-28 00:00:00+05:30,161.99,165.44,157.47,164.59,285712
2025-04-29 00:00:00+05:30,164.51,166.49,162.1,164.15,175165
2025-04-30 00:00:00+05:30,163.9,165.78,159.25,164.54,181248
2025-05-02 00:00:00+05:30,164.54,167.0,161.36,164.97,200629
2025-05-05 00:00:00+05:30,165.97,165.97,161.28,163.08,128516
2025-05-06 00:00:00+05:30,163.9,165.12,160.31,162.76,192991
2025-05-07 00:00:00+05:30,163.0,168.9,161.78,167.84,454434
2025-05-08 00:00:00+05:30,167.83,169.0,160.2,168.02,873232
2025-05-09 00:00:00+05:30,161.35,168.7,161.12,168.2,322548
2025-05-12 00:00:00+05:30,170.45,171.25,165.35,168.14,407196
2025-05-13 00:00:00+05:30,169.8,173.45,167.21,172.07,376914
2025-05-14 00:00:00+05:30,172.31,173.5,171.1,173.11,197324
2025-05-15 00:00:00+05:30,173.11,174.35,171.74,173.23,150683
2025-05-16 00:00:00+05:30,174.0,174.0,168.5,172.52,198177
2025-05-19 00:00:00+05:30,173.5,174.89,169.99,172.7,301392
2025-05-20 00:00:00+05:30,175.9,175.9,167.0,168.31,129317
2025-05-21 00:00:00+05:30,168.31,168.31,164.45,165.88,127233
2025-05-22 00:00:00+05:30,164.2,165.8,160.97,162.07,124052
2025-05-23 00:00:00+05:30,162.4,164.47,160.9,162.62,128320
2025-05-26 00:00:00+05:30,161.5,164.5,158.65,159.03,117689
2025-05-27 00:00:00+05:30,158.05,161.8,156.55,159.06,96401
2025-05-28 00:00:00+05:30,159.06,165.0,158.7,160.54,314700
2025-05-29 00:00:00+05:30,161.15,161.54,157.05,157.44,131282
2025-05-30 00:00:00+05:30,158.03,158.94,154.0,155.67,170600
2025-06-02 00:00:00+05:30,154.0,156.99,153.05,153.92,118912
2025-06-03 00:00:00+05:30,156.0,161.95,156.0,159.33,418129
2025-06-04 00:00:00+05:30,160.3,160.99,154.0,154.93,128407
2025-06-05 00:00:00+05:30,155.3,158.5,154.39,155.9,152537
2025-06-06 00:00:00+05:30,156.68,161.88,154.92,157.91,262441
2025-06-09 00:00:00+05:30,160.3,166.0,159.17,162.48,406505
2025-06-10 00:00:00+05:30,163.28,168.8,162.11,167.93,334084
2025-06-11 00:00:00+05:30,168.8,169.3,164.52,165.77,238358
2025-06-12 00:00:00+05:30,166.6,169.97,161.35,162.62,262631
2025-06-13 00:00:00+05:30,159.0,162.62,157.05,159.13,160943
2025-06-16 00:00:00+05:30,160.03,161.81,155.0,156.58,331311
2025-06-17 00:00:00+05:30,157.05,158.49,153.7,154.44,144046
2025-06-18 00:00:00+05:30,154.05,154.99,151.81,152.72,135676
2025-06-19 00:00:00+05:30,152.15,154.7,149.1,150.03,176926
2025-06-20 00:00:00+05:30,149.17,154.47,149.17,151.62,121829
2025-06-23 00:00:00+05:30,149.55,152.39,149.55,152.01,59934
2025-06-24 00:00:00+05:30,153.99,168.8,153.44,157.96,2829299
2025-06-25 00:00:00+05:30,158.99,161.73,157.36,158.48,296233
2025-06-26 00:00:00+05:30,160.35,164.11,156.86,159.72,379102
2025-06-27 00:00:00+05:30,161.02,161.5,156.46,157.29,235338
2025-06-30 00:00:00+05:30,158.47,172.89,158.47,169.67,1064225
2025-07-01 00:00:00+05:30,168.0,170.58,166.0,168.88,201068
2025-07-02 00:00:00+05:30,169.5,171.01,165.0,166.44,180537
2025-07-03 00:00:00+05:30,167.35,169.0,165.0,166.47,166048
2025-07-04 00:00:00+05:30,166.47,173.45,166.47,172.67,668538
2025-07-07 00:00:00+05:30,172.54,173.33,166.05,166.75,204043
2025-07-08 00:00:00+05:30,167.5,167.5,163.0,165.77,250167
2025-07-09 00:00:00+05:30,165.77,169.0,164.55,165.94,104952
2025-07-10 00:00:00+05:30,167.05,169.99,164.0,164.25,197319
2025-07-11 00:00:00+05:30,163.98,165.0,160.85,161.63,114511
2025-07-14 00:00:00+05:30,162.0,162.63,159.0,159.71,105198
2025-07-15 00:00:00+05:30,159.71,162.99,159.54,161.99,87049
2025-07-16 00:00:00+05:30,161.99,166.0,161.81,165.3,150788
2025-07-17 00:00:00+05:30,165.3,166.99,162.65,163.4,89485
2025-07-18 00:00:00+05:30,163.05,164.8,161.16,164.06,73015
2025-07-21 00:00:00+05:30,163.8,163.8,158.42,159.4,209162
2025-07-22 00:00:00+05:30,159.4,161.1,157.0,157.53,136188
2025-07-23 00:00:00+05:30,157.02,159.56,157.02,158.69,111948
2025-07-24 00:00:00+05:30,159.29,160.63,156.11,156.48,90771
2025-07-25 00:00:00+05:30,157.0,157.01,149.62,149.99,418611
2025-07-28 00:00:00+05:30,149.95,151.9,145.12,146.69,285939
2025-07-29 00:00:00+05:30,147.6,147.94,145.61,146.15,126120
2025-07-30 00:00:00+05:30,146.28,148.98,146.13,146.63,243662
2025-07-31 00:00:00+05:30,144.9,147.33,144.9,145.26,159719
2025-08-01 00:00:00+05:30,146.69,149.29,144.63,145.06,172438
2025-08-04 00:00:00+05:30,144.7,146.5,144.7,145.08,100776
2025-08-05 00:00:00+05:30,146.2,146.9,143.75,144.03,188595
2025-08-06 00:00:00+05:30,144.01,145.05,141.99,142.48,89836
2025-08-07 00:00:00+05:30,142.0,145.48,141.0,142.7,162754
2025-08-08 00:00:00+05:30,145.1,145.43,142.06,142.99,117163
2025-08-11 00:00:00+05:30,144.98,144.98,140.26,140.5,254325
2025-08-12 00:00:00+05:30,141.0,142.88,140.52,140.94,150019
2025-08-13 00:00:00+05:30,142.4,142.4,139.97,139.99,109245
2025-08-14 00:00:00+05:30,142.0,142.4,139.99,140.35,200931
2025-08-18 00:00:00+05:30,142.0,142.06,139.1,140.0,286259
2025-08-19 00:00:00+05:30,139.85,141.0,139.81,140.01,181917
2025-08-20 00:00:00+05:30,140.69,143.55,139.82,140.54,268446
2025-08-21 00:00:00+05:30,140.9,143.19,139.48,139.9,229043
2025-08-22 00:00:00+05:30,139.75,142.55,139.75,140.79,92140
2025-08-25 00:00:00+05:30,140.99,141.42,138.1,138.8,97893
2025-08-26 00:00:00+05:30,138.5,138.83,136.1,136.96,236815
2025-08-28 00:00:00+05:30,137.5,137.8,133.01,134.08,231847
2025-08-29 00:00:00+05:30,134.5,135.98,133.63,135.29,202706
2025-09-01 00:00:00+05:30,136.65,140.44,135.08,139.75,171951
2025-09-02 00:00:00+05:30,140.03,142.22,138.18,140.45,135742
2025-09-03 00:00:00+05:30,139.7,147.14,139.7,145.72,203126
2025-09-04 00:00:00+05:30,146.25,149.05,144.6,146.52,320568
2025-09-05 00:00:00+05:30,146.8,148.5,144.0,148.03,108828
2025-09-08 00:00:00+05:30,148.03,149.29,144.4,145.14,164099
2025-09-09 00:00:00+05:30,146.14,146.45,143.55,144.48,62903
2025-09-10 00:00:00+05:30,144.1,148.39,143.66,146.94,134402
2025-09-11 00:00:00+05:30,146.39,148.0,146.11,146.59,81759
2025-09-12 00:00:00+05:30,147.18,148.0,144.77,147.8,108327
2025-09-15 00:00:00+05:30,147.69,149.35,146.1,146.77,94314
2025-09-16 00:00:00+05:30,147.38,148.0,145.41,147.32,91876
2025-09-17 00:00:00+05:30,148.0,148.0,146.0,147.4,80304
2025-09-18 00:00:00+05:30,148.1,148.13,144.6,146.43,153543
2025-09-19 00:00:00+05:30,146.43,147.99,144.87,147.0,121467
2025-09-22 00:00:00+05:30,146.9,146.9,143.36,144.48,114342
2025-09-23 00:00:00+05:30,144.99,145.5,143.1,143.82,111518
2025-09-24 00:00:00+05:30,143.5,145.66,143.5,143.86,38183
2025-09-25 00:00:00+05:30,143.5,145.59,143.44,145.05,92858
2025-09-26 00:00:00+05:30,141.0,145.7,141.0,145.06,108370
2025-09-29 00:00:00+05:30,145.5,147.99,144.12,146.85,180803
2025-09-30 00:00:00+05:30,147.14,147.88,144.35,145.13,100285
2025-10-01 00:00:00+05:30,145.4,146.7,143.43,144.99,176773
2025-10-03 00:00:00+05:30,145.59,153.9,145.19,151.63,192470
2025-10-06 00:00:00+05:30,152.2,154.34,147.75,148.14,137369
2025-10-07 00:00:00+05:30,148.14,150.0,147.05,149.34,67832
2025-10-08 00:00:00+05:30,149.9,150.0,147.1,147.99,106113
2025-10-09 00:00:00+05:30,147.98,148.58,145.58,147.15,78337
2025-10-10 00:00:00+05:30,145.38,148.0,145.38,147.33,104293
2025-10-13 00:00:00+05:30,145.38,147.29,143.51,145.62,103617
2025-10-14 00:00:00+05:30,146.55,147.04,144.6,145.62,63818
2025-10-15 00:00:00+05:30,144.51,146.91,144.51,146.18,46224
2025-10-16 00:00:00+05:30,146.0,148.2,145.89,146.71,91751
2025-10-17 00:00:00+05:30,145.9,148.0,144.0,145.51,104738
2025-10-20 00:00:00+05:30,144.8,147.07,144.05,145.59,100958
2025-10-21 00:00:00+05:30,145.5,147.7,145.5,146.92,30995
2025-10-23 00:00:00+05:30,147.26,147.89,145.12,146.61,55387
2025-10-24 00:00:00+05:30,147.0,148.0,146.06,148.0,70013
2025-10-27 00:00:00+05:30,148.5,160.34,148.0,157.14,1293255
2025-10-28 00:00:00+05:30,157.12,158.5,155.91,158.05,238323
2025-10-29 00:00:00+05:30,159.97,159.97,156.2,158.0,157164
2025-10-30 00:00:00+05:30,162.99,164.0,156.16,157.43,601687
2025-10-31 00:00:00+05:30,157.0,158.09,154.2,157.0,131250
2025-11-03 00:00:00+05:30,156.61,156.64,149.95,154.03,293422
2025-11-04 00:00:00+05:30,153.0,154.43,150.48,150.75,117154
2025-11-06 00:00:00+05:30,152.0,152.0,147.0,148.96,126193
2025-11-07 00:00:00+05:30,147.0,152.53,145.2,150.1,151636
2025-11-10 00:00:00+05:30,151.14,153.6,149.32,151.9,146939
2025-11-11 00:00:00+05:30,152.0,153.49,151.41,152.35,79097
2025-11-12 00:00:00+05:30,153.0,153.89,151.05,151.77,124382
2025-11-13 00:00:00+05:30,151.77,152.49,148.13,151.1,135535
2025-11-14 00:00:00+05:30,150.01,152.52,149.87,152.5,101099
2025-11-17 00:00:00+05:30,151.0,153.55,151.0,153.0,130017
2025-11-18 00:00:00+05:30,152.0,157.99,152.0,155.49,364459
2025-11-19 00:00:00+05:30,155.49,155.49,148.91,151.21,195084
2025-11-20 00:00:00+05:30,152.52,153.0,150.0,150.15,94902
2025-11-21 00:00:00+05:30,150.94,152.38,148.6,150.3,97328
2025-11-24 00:00:00+05:30,150.4,150.8,149.0,150.42,117918
2025-11-25 00:00:00+05:30,150.0,151.58,148.55,149.99,142131
2025-11-26 00:00:00+05:30,149.0,150.27,147.9,148.5,232780
2025-11-27 00:00:00+05:30,149.0,151.99,147.03,151.9,207058
2025-11-28 00:00:00+05:30,151.69,153.94,150.13,153.73,87988
2025-12-01 00:00:00+05:30,155.25,155.25,150.79,152.68,199108
2025-12-02 00:00:00+05:30,152.67,152.67,150.01,150.31,82580
2025-12-03 00:00:00+05:30,150.46,150.96,148.53,150.0,136319
2025-12-04 00:00:00+05:30,150.0,150.1,145.65,148.59,120980
2025-12-05 00:00:00+05:30,147.0,147.48,144.0,144.6,72653
2025-12-08 00:00:00+05:30,146.9,146.9,140.0,140.56,268793
2025-12-09 00:00:00+05:30,141.0,141.0,135.81,137.41,571719
2025-12-10 00:00:00+05:30,137.94,142.35,137.94,142.35,112015
2025-12-11 00:00:00+05:30,141.12,144.76,140.52,142.69,99081
2025-12-12 00:00:00+05:30,142.4,144.39,142.4,143.76,113176
2025-12-15 00:00:00+05:30,143.13,143.99,141.46,143.69,101996
2025-12-16 00:00:00+05:30,142.26,143.07,141.0,141.0,87342
2025-12-17 00:00:00+05:30,141.32,141.51,138.98,140.23,122660
2025-12-18 00:00:00+05:30,139.89,140.95,139.18,139.75,52072
2025-12-19 00:00:00+05:30,139.0,140.89,139.0,140.25,71968
2025-12-22 00:00:00+05:30,141.8,141.87,139.98,140.51,66700
2025-12-23 00:00:00+05:30,141.15,141.95,140.85,141.05,56111
2025-12-24 00:00:00+05:30,141.7,142.48,141.02,141.5,60482
2025-12-26 00:00:00+05:30,141.09,142.25,140.92,141.9,60754
2025-12-29 00:00:00+05:30,141.87,142.7,141.44,142.63,63542
2025-12-30 00:00:00+05:30,142.25,144.69,141.75,142.75,62954
2025-12-31 00:00:00+05:30,143.5,144.2,139.48,143.76,118181
2026-01-01 00:00:00+05:30,144.0,144.7,143.09,144.14,31470
2026-01-02 00:00:00+05:30,144.0,145.4,143.69,145.0,78831
2026-01-05 00:00:00+05:30,144.64,146.83,143.23,145.98,120197
2026-01-06 00:00:00+05:30,145.62,151.0,145.5,149.4,114593
2026-01-07 00:00:00+05:30,149.2,151.49,149.0,150.24,111644
2026-01-08 00:00:00+05:30,150.0,151.6,148.54,149.5,146866
2026-01-09 00:00:00+05:30,150.08,150.08,145.64,149.66,123549
2026-01-12 00:00:00+05:30,149.66,149.85,143.71,149.0,157144
2026-01-13 00:00:00+05:30,148.3,156.5,146.33,150.94,103519
2026-01-14 00:00:00+05:30,150.0,152.0,149.06,151.38,65675
2026-01-16 00:00:00+05:30,150.7,153.0,149.65,150.0,134138
2026-01-19 00:00:00+05:30,149.3,155.99,148.1,152.0,221215
2026-01-20 00:00:00+05:30,150.93,152.49,146.75,148.72,198049
2026-01-21 00:00:00+05:30,148.42,152.75,145.51,149.44,224080
2026-01-22 00:00:00+05:30,149.2,152.45,149.2,150.04,229590
2026-01-23 00:00:00+05:30,149.31,152.93,149.25,152.13,122459
2026-01-27 00:00:00+05:30,152.2,156.79,150.0,153.47,227660
2026-01-28 00:00:00+05:30,156.03,162.7,152.7,158.55,548243
2026-01-29 00:00:00+05:30,164.0,166.0,151.6,154.27,687804
2026-01-30 00:00:00+05:30,154.5,159.17,153.13,158.35,174160
2026-02-01 00:00:00+05:30,158.35,158.35,153.0,154.02,85146
2026-02-02 00:00:00+05:30,158.6,158.61,152.2,154.01,127214
2026-02-03 00:00:00+05:30,159.0,162.0,154.0,156.92,115712
2026-02-04 00:00:00+05:30,157.71,160.64,155.7,158.46,93101
2026-02-05 00:00:00+05:30,158.46,160.89,156.85,159.25,79156
2026-02-06 00:00:00+05:30,158.45,160.0,158.45,159.88,91470
2026-02-09 00:00:00+05:30,159.88,162.8,157.9,158.35,341838
2026-02-10 00:00:00+05:30,158.5,160.9,156.6,157.16,89049
2026-02-11 00:00:00+05:30,156.6,159.6,154.88,156.06,94156
2026-02-12 00:00:00+05:30,156.22,158.5,153.25,155.69,58110
2026-02-13 00:00:00+05:30,153.39,155.38,152.21,154.33,94783
2026-02-16 00:00:00+05:30,151.6,156.59,150.02,151.56,87991
2026-02-17 00:00:00+05:30,151.56,155.65,150.84,155.16,98902
2026-02-18 00:00:00+05:30,153.16,163.95,153.16,157.48,201353
2026-02-19 00:00:00+05:30,156.6,156.72,153.11,153.98,561304
2026-02-20 00:00:00+05:30,154.14,155.59,150.58,154.9,100009
2026-02-23 00:00:00+05:30,153.2,155.0,151.15,154.23,117459
2026-02-24 00:00:00+05:30,154.99,158.39,150.96,154.76,169664
2026-02-25 00:00:00+05:30,154.2,154.64,152.0,153.94,47067
2026-02-26 00:00:00+05:30,154.93,158.4,152.06,154.76,119227
2026-02-27 00:00:00+05:30,153.95,160.9,150.61,154.72,309508
2026-03-02 00:00:00+05:30,144.15,155.56,144.15,152.5,165198
2026-03-04 00:00:00+05:30,148.0,152.0,147.5,150.08,176865
2026-03-05 00:00:00+05:30,149.6,155.8,149.6,153.01,89403
2026-03-06 00:00:00+05:30,152.74,153.43,150.01,150.99,155359
2026-03-09 00:00:00+05:30,145.0,150.99,144.99,146.2,120507
2026-03-10 00:00:00+05:30,146.3,150.8,146.3,148.19,50529
2026-03-11 00:00:00+05:30,147.5,151.9,145.94,149.7,76282
2026-03-12 00:00:00+05:30,147.5,148.76,145.82,147.03,96180
2026-03-13 00:00:00+05:30,146.01,147.0,143.15,144.04,176420
2026-03-16 00:00:00+05:30,144.04,146.8,143.0,144.58,140599
2026-03-17 00:00:00+05:30,144.58,147.0,144.09,144.78,95061
2026-03-18 00:00:00+05:30,144.8,149.0,144.8,148.05,57993
2026-03-19 00:00:00+05:30,145.83,147.77,145.23,147.0,67321
2026-03-20 00:00:00+05:30,147.01,148.92,144.62,145.16,103535
2026-03-23 00:00:00+05:30,143.01,148.45,141.1,142.62,361332
2026-03-24 00:00:00+05:30,145.47,145.47,138.6,142.56,215669
2026-03-25 00:00:00+05:30,143.21,146.85,142.64,146.53,115435
2026-03-27 00:00:00+05:30,145.06,145.06,141.15,142.67,350549
2026-03-30 00:00:00+05:30,140.0,142.5,136.0,139.87,368358
2026-04-01 00:00:00+05:30,140.2,148.0,140.2,146.38,70909
2026-04-02 00:00:00+05:30,149.8,149.8,142.15,145.6,90091
2026-04-06 00:00:00+05:30,144.2,146.8,143.26,145.08,61080
2026-04-07 00:00:00+05:30,146.12,148.07,144.51,146.84,33862
2026-04-08 00:00:00+05:30,152.55,156.5,148.0,155.99,223291
2026-04-09 00:00:00+05:30,157.78,158.8,152.56,156.15,113587
2026-04-10 00:00:00+05:30,156.15,162.0,156.12,159.52,309720
2026-04-13 00:00:00+05:30,153.65,163.8,152.38,161.55,266014
2026-04-15 00:00:00+05:30,162.0,166.9,159.1,160.24,201608
2026-04-16 00:00:00+05:30,161.8,163.86,160.02,161.67,187293
2026-04-17 00:00:00+05:30,163.77,178.25,160.41,175.49,1279265
2026-04-20 00:00:00+05:30,176.2,178.0,168.0,169.03,560830
2026-04-21 00:00:00+05:30,168.56,176.0,168.56,172.55,474098
2026-04-22 00:00:00+05:30,172.55,175.51,169.0,170.4,158340
2026-04-23 00:00:00+05:30,169.35,170.91,166.3,169.0,106310
2026-04-24 00:00:00+05:30,171.4,171.4,165.35,167.37,90136
2026-04-27 00:00:00+05:30,168.21,177.0,168.21,172.15,520924
2026-04-28 00:00:00+05:30,170.94,172.5,169.14,171.32,241913
2026-04-29 00:00:00+05:30,173.01,183.0,171.32,181.45,966405
2026-04-30 00:00:00+05:30,181.05,181.4,174.72,176.16,304402
2026-05-04 00:00:00+05:30,176.16,189.8,176.16,188.55,850727
2026-05-05 00:00:00+05:30,190.89,190.89,184.16,188.28,535891
2026-05-06 00:00:00+05:30,189.85,196.45,186.8,193.78,722820
2026-05-07 00:00:00+05:30,195.05,205.5,195.05,203.79,893115
2026-05-08 00:00:00+05:30,200.73,215.5,200.73,212.72,1150232
2026-05-11 00:00:00+05:30,210.51,220.0,210.5,214.68,969040
2026-05-12 00:00:00+05:30,233.3,245.54,222.1,225.08,31138945
2026-05-13 00:00:00+05:30,225.01,234.23,221.2,225.45,3007455
2026-05-14 00:00:00+05:30,227.8,228.7,218.21,224.8,1051978
2026-05-15 00:00:00+05:30,225.84,229.75,222.51,223.39,588437
2026-05-18 00:00:00+05:30,220.0,224.18,213.31,219.37,606539
2026-05-19 00:00:00+05:30,222.0,224.45,218.22,222.31,654917
2026-05-20 00:00:00+05:30,221.5,226.0,216.92,222.53,481472
2026-05-21 00:00:00+05:30,224.0,224.48,215.35,217.62,306076
2026-05-22 00:00:00+05:30,218.85,219.03,205.3,210.08,703305
2026-05-25 00:00:00+05:30,212.0,218.93,211.77,216.25,283590
2026-05-26 00:00:00+05:30,215.6,224.98,215.59,222.91,476854
2026-05-27 00:00:00+05:30,222.91,226.74,219.41,221.84,362074
2026-05-29 00:00:00+05:30,221.0,228.89,215.1,217.82,511054
2026-06-01 00:00:00+05:30,217.8,233.9,213.16,221.51,1268763
2026-06-02 00:00:00+05:30,220.62,232.11,218.04,231.12,702219
2026-06-03 00:00:00+05:30,231.12,236.3,225.8,235.25,624651
2026-06-04 00:00:00+05:30,234.71,247.0,229.19,241.93,2487322
2026-06-05 00:00:00+05:30,241.89,244.9,235.53,241.39,706024
2026-06-08 00:00:00+05:30,239.49,240.79,229.45,237.29,702946
2026-06-09 00:00:00+05:30,239.9,243.8,237.72,242.1,584296
2026-06-10 00:00:00+05:30,244.75,244.75,230.0,233.83,451865
2026-06-11 00:00:00+05:30,233.0,236.5,216.36,219.69,573960
2026-06-12 00:00:00+05:30,225.0,230.0,220.41,226.32,444134
2026-06-15 00:00:00+05:30,233.4,235.87,227.86,232.11,552368
2026-06-16 00:00:00+05:30,232.11,241.0,228.95,231.38,395949
2026-06-17 00:00:00+05:30,231.6,237.91,231.6,235.59,255053
2026-06-18 00:00:00+05:30,237.79,237.8,228.3,231.43,190544
2026-06-19 00:00:00+05:30,230.1,236.45,228.87,235.43,288640
2026-06-22 00:00:00+05:30,233.45,239.99,231.81,236.13,272502
2026-06-23 00:00:00+05:30,236.13,237.5,229.55,232.6,234827
2026-06-24 00:00:00+05:30,234.9,244.47,232.77,239.31,635527
2026-06-25 00:00:00+05:30,242.25,243.5,230.1,231.03,314926
2026-06-29 00:00:00+05:30,230.01,237.45,226.75,235.89,245376
2026-06-30 00:00:00+05:30,237.96,248.2,234.42,245.9,870050
2026-07-01 00:00:00+05:30,247.01,257.01,247.01,251.63,1517294
2026-07-02 00:00:00+05:30,254.5,261.0,252.88,259.68,955416
2026-07-03 00:00:00+05:30,262.0,262.02,252.31,254.8,666076
2026-07-06 00:00:00+05:30,259.0,264.6,252.56,257.27,1056165
2026-07-07 00:00:00+05:30,258.85,267.2,252.62,263.29,1250917
2026-07-08 00:00:00+05:30,261.69,264.8,246.05,248.85,930451
2026-07-09 00:00:00+05:30,248.05,256.9,248.05,255.12,408887
2026-07-10 00:00:00+05:30,256.25,260.39,254.01,256.68,315486
2026-07-13 00:00:00+05:30,257.0,270.89,254.55,267.19,1487037
2026-07-14 00:00:00+05:30,268.5,270.5,261.2,264.66,788816
2026-07-15 00:00:00+05:30,265.0,268.6,256.61,258.57,360048
2026-07-16 00:00:00+05:30,259.99,267.4,250.2,266.14,746351
2026-07-17 00:00:00+05:30,265.7,265.7,251.19,255.07,355578
2026-07-20 00:00:00+05:30,253.5,258.19,251.11,256.07,237426
2026-07-21 00:00:00+05:30,257.0,259.7,254.05,258.46,164231
2026-07-22 00:00:00+05:30,259.0,260.7,251.05,251.85,301434
2026-07-23 00:00:00+05:30,251.0,259.95,250.1,256.25,312785
2026-07-24 00:00:00+05:30,255.0,270.5,251.4,268.87,1479864
2026-07-27 00:00:00+05:30,271.0,274.14,260.1,261.51,864860
2026-07-28 00:00:00+05:30,261.01,266.0,254.41,259.6,615587
2026-07-29 00:00:00+05:30,260.3,268.99,257.05,258.46,403234
2026-07-30 00:00:00+05:30,257.05,266.18,256.0,257.42,516445
2026-07-31 00:00:00+05:30,262.88,269.99,237.5,239.81,2632579
2026-08-03 00:00:00+05:30,239.0,240.0,230.2,230.7,1031247
2026-08-04 00:00:00+05:30,234.16,241.98,229.54,235.05,766121
2026-08-05 00:00:00+05:30,235.9,238.99,230.01,230.91,306103
2026-08-06 00:00:00+05:30,231.5,234.7,230.81,232.89,159851
2026-08-07 00:00:00+05:30,232.9,236.39,231.0,231.78,232709
2026-08-10 00:00:00+05:30,230.31,233.67,225.17,226.89,283531
2026-08-11 00:00:00+05:30,226.43,227.58,223.22,225.04,388170
2026-08-12 00:00:00+05:30,225.0,225.39,220.89,223.41,384703
2026-08-13 00:00:00+05:30,221.4,224.84,219.38,221.12,354201
2026-08-14 00:00:00+05:30,219.89,229.08,219.55,225.54,397440
2026-08-17 00:00:00+05:30,225.0,233.56,222.79,228.73,467395
2026-08-18 00:00:00+05:30,228.73,230.6,223.91,228.79,318091
2026-08-19 00:00:00+05:30,229.7,229.7,223.0,225.09,222235
2026-08-20 00:00:00+05:30,227.7,231.0,226.0,226.98,163566
2026-08-21 00:00:00+05:30,227.0,227.99,223.1,224.16,149872
2026-08-24 00:00:00+05:30,224.16,225.04,220.22,223.63,200407
2026-08-25 00:00:00+05:30,222.0,223.49,219.53,221.36,154326
2026-08-26 00:00:00+05:30,220.0,229.5,220.0,227.06,222094
2026-08-27 00:00:00+05:30,223.0,233.0,223.0,226.01,246686
2026-08-28 00:00:00+05:30,225.0,228.56,221.4,222.37,117758
2026-08-31 00:00:00+05:30,219.1,225.0,218.03,224.02,192731
2026-09-01 00:00:00+05:30,222.25,225.29,213.06,217.18,322019
2026-09-02 00:00:00+05:30,216.0,219.9,214.91,218.52,153677
2026-09-03 00:00:00+05:30,222.88,228.9,218.1,219.37,388149
2026-09-04 00:00:00+05:30,220.39,223.48,217.58,220.75,205973
2026-09-07 00:00:00+05:30,220.75,221.45,216.2,216.94,242756
2026-09-08 00:00:00+05:30,217.88,220.48,214.75,217.49,141022
2026-09-09 00:00:00+05:30,216.0,219.0,213.02,214.88,148870
2026-09-10 00:00:00+05:30,214.87,217.9,210.0,217.21,307384
2026-09-11 00:00:00+05:30,217.0,220.89,215.03,216.68,136042
2026-09-15 00:00:00+05:30,217.15,217.63,212.0,214.88,158812
2026-09-16 00:00:00+05:30,214.75,219.4,210.0,217.88,208980
2026-09-17 00:00:00+05:30,215.1,222.86,215.1,219.82,86493
2026-09-18 00:00:00+05:30,218.47,221.0,217.37,219.32,162662
2026-09-21 00:00:00+05:30,219.32,222.0,217.22,221.12,97493
2026-09-22 00:00:00+05:30,223.4,225.1,218.51,223.2,156325
2026-09-23 00:00:00+05:30,222.64,226.7,221.87,225.3,90821
2026-09-24 00:00:00+05:30,224.95,227.38,220.04,226.15,243175
2026-09-25 00:00:00+05:30,224.89,238.78,223.28,237.3,421528
