Date,Open,High,Low,Close,Volume
2005-06-16 00:00:00+05:30,75.0,84.05,75.0,77.6,247634
2005-06-17 00:00:00+05:30,79.0,79.0,75.5,78.05,34038
2005-06-20 00:00:00+05:30,79.88,79.88,75.0,75.25,149310
2005-06-21 00:00:00+05:30,75.9,77.5,75.5,76.18,22988
2005-06-22 00:00:00+05:30,70.0,78.0,70.0,76.58,16106
2005-06-23 00:00:00+05:30,76.5,78.95,72.58,78.43,34840
2005-06-24 00:00:00+05:30,79.85,82.5,78.03,82.33,20400
2005-06-27 00:00:00+05:30,84.5,86.0,77.83,78.4,64278
2005-06-28 00:00:00+05:30,79.08,79.08,74.55,75.1,15972
2005-06-29 00:00:00+05:30,75.0,78.95,73.13,76.18,16424
2005-06-30 00:00:00+05:30,76.18,77.48,75.75,76.23,9326
2005-07-01 00:00:00+05:30,76.48,81.0,75.5,79.6,23142
2005-07-04 00:00:00+05:30,77.63,79.95,77.63,79.48,5922
2005-07-05 00:00:00+05:30,79.0,80.83,79.0,79.75,13964
2005-07-06 00:00:00+05:30,80.0,82.13,79.05,80.68,52434
2005-07-07 00:00:00+05:30,81.5,83.0,75.0,81.5,44334
2005-07-08 00:00:00+05:30,81.0,82.0,79.5,80.18,13606
2005-07-11 00:00:00+05:30,79.0,82.0,79.0,80.88,10022
2005-07-12 00:00:00+05:30,81.0,82.5,80.5,82.4,14680
2005-07-13 00:00:00+05:30,80.38,82.25,80.0,80.53,16430
2005-07-14 00:00:00+05:30,79.5,80.33,79.5,79.88,3978
2005-07-15 00:00:00+05:30,79.2,82.0,79.2,81.45,36394
2005-07-18 00:00:00+05:30,82.5,85.5,81.33,83.25,148816
2005-07-19 00:00:00+05:30,83.75,84.0,82.5,83.18,120248
2005-07-20 00:00:00+05:30,82.68,86.25,81.5,82.38,71536
2005-07-21 00:00:00+05:30,84.85,84.85,81.53,82.4,12702
2005-07-22 00:00:00+05:30,82.08,82.25,80.65,81.5,5882
2005-07-25 00:00:00+05:30,80.68,83.45,78.65,80.4,40834
2005-07-26 00:00:00+05:30,81.5,81.5,77.65,77.85,10314
2005-07-27 00:00:00+05:30,80.2,80.2,78.25,78.8,4518
2005-07-29 00:00:00+05:30,77.35,78.25,77.35,77.68,10986
2005-08-01 00:00:00+05:30,76.5,77.4,76.4,76.63,1546
2005-08-02 00:00:00+05:30,77.9,77.9,75.55,76.43,110752
2005-08-03 00:00:00+05:30,76.53,77.85,75.13,76.0,6222
2005-08-04 00:00:00+05:30,76.5,80.35,76.5,79.08,76772
2005-08-05 00:00:00+05:30,80.0,83.0,80.0,82.28,32814
2005-08-08 00:00:00+05:30,82.5,82.58,79.0,79.4,11242
2005-08-09 00:00:00+05:30,79.83,81.25,78.03,78.25,27584
2005-08-10 00:00:00+05:30,78.53,81.5,78.53,81.3,15418
2005-08-11 00:00:00+05:30,90.0,90.0,82.0,85.25,114850
2005-08-12 00:00:00+05:30,85.25,87.0,84.5,86.13,49666
2005-08-16 00:00:00+05:30,84.05,90.0,84.05,86.8,52298
2005-08-17 00:00:00+05:30,87.95,90.0,87.0,88.83,40154
2005-08-18 00:00:00+05:30,89.0,91.5,86.05,86.43,58726
2005-08-19 00:00:00+05:30,88.75,103.73,88.75,103.73,373548
2005-08-22 00:00:00+05:30,107.5,124.48,107.5,120.18,1058092
2005-08-23 00:00:00+05:30,115.55,131.25,114.0,116.38,1254998
2005-08-24 00:00:00+05:30,117.9,121.5,112.25,115.8,489300
2005-08-25 00:00:00+05:30,116.5,127.4,116.08,127.4,649646
2005-08-26 00:00:00+05:30,132.5,140.15,130.0,139.65,1032922
2005-08-29 00:00:00+05:30,139.95,153.5,131.25,151.65,1356776
2005-08-30 00:00:00+05:30,153.8,165.18,153.8,163.53,1414436
2005-08-31 00:00:00+05:30,163.35,167.45,157.0,159.95,584436
2005-09-01 00:00:00+05:30,160.0,165.48,155.83,158.38,1340922
2005-09-02 00:00:00+05:30,159.98,162.2,150.48,157.5,577414
2005-09-05 00:00:00+05:30,164.5,164.5,156.0,157.35,156730
2005-09-06 00:00:00+05:30,159.5,160.0,153.38,156.05,57664
2005-09-08 00:00:00+05:30,156.0,163.35,156.0,161.3,326540
2005-09-09 00:00:00+05:30,162.0,169.38,158.0,166.53,597654
2005-09-12 00:00:00+05:30,169.0,174.48,168.0,169.6,207376
2005-09-13 00:00:00+05:30,172.15,178.1,170.0,177.43,492778
2005-09-14 00:00:00+05:30,186.0,186.3,182.5,186.3,31630
2005-09-15 00:00:00+05:30,195.63,195.63,187.5,193.35,767698
2005-09-16 00:00:00+05:30,194.5,203.03,190.0,201.18,707628
2005-09-19 00:00:00+05:30,204.0,209.23,198.0,203.05,315578
2005-09-20 00:00:00+05:30,204.0,204.0,197.53,199.75,211348
2005-09-21 00:00:00+05:30,199.95,200.0,189.78,190.95,173872
2005-09-22 00:00:00+05:30,190.0,190.0,181.4,181.4,21752
2005-09-23 00:00:00+05:30,172.5,179.4,172.35,172.45,86122
2005-09-26 00:00:00+05:30,181.0,181.08,177.5,179.75,62058
2005-09-27 00:00:00+05:30,182.2,184.45,173.5,181.83,113668
2005-09-28 00:00:00+05:30,185.0,185.93,181.5,182.83,127084
2005-09-29 00:00:00+05:30,181.53,187.0,181.53,185.4,47120
2005-09-30 00:00:00+05:30,186.85,186.85,176.15,179.98,112300
2005-10-03 00:00:00+05:30,178.5,183.0,175.08,179.88,39820
2005-10-04 00:00:00+05:30,178.6,188.88,178.55,188.03,106778
2005-10-05 00:00:00+05:30,188.5,190.5,180.03,183.03,47220
2005-10-06 00:00:00+05:30,181.25,181.68,177.5,179.0,32208
2005-10-07 00:00:00+05:30,182.5,187.5,176.5,178.08,59820
2005-10-10 00:00:00+05:30,170.0,177.25,165.0,169.7,12354
2005-10-11 00:00:00+05:30,169.75,173.4,166.0,171.15,73346
2005-10-13 00:00:00+05:30,171.63,183.0,169.0,171.75,65400
2005-10-14 00:00:00+05:30,171.25,174.48,171.25,172.23,9334
2005-10-17 00:00:00+05:30,173.35,173.35,166.75,168.43,34646
2005-10-18 00:00:00+05:30,170.5,171.5,151.6,157.63,92002
2005-10-19 00:00:00+05:30,150.5,155.0,142.0,143.68,35106
2005-10-20 00:00:00+05:30,142.5,149.88,130.0,137.4,91214
2005-10-21 00:00:00+05:30,133.5,140.0,131.5,138.53,27470
2005-10-24 00:00:00+05:30,139.53,144.48,139.53,143.35,8856
2005-10-25 00:00:00+05:30,145.5,146.5,140.5,144.48,32812
2005-10-26 00:00:00+05:30,146.0,146.0,140.6,142.95,14748
2005-10-27 00:00:00+05:30,144.5,144.5,135.85,136.93,12832
2005-10-28 00:00:00+05:30,140.0,140.0,130.5,134.75,44104
2005-10-31 00:00:00+05:30,130.5,140.75,130.5,140.45,48842
2005-11-01 00:00:00+05:30,142.5,147.0,140.0,142.9,6424
2005-11-02 00:00:00+05:30,141.0,148.9,136.05,147.63,31386
2005-11-07 00:00:00+05:30,147.5,151.5,147.5,149.35,21288
2005-11-08 00:00:00+05:30,151.0,156.83,150.0,156.35,163650
2005-11-09 00:00:00+05:30,156.0,164.18,155.6,164.18,73452
2005-11-10 00:00:00+05:30,167.5,171.5,164.0,166.1,82420
2005-11-11 00:00:00+05:30,165.5,170.63,165.0,170.05,41012
2005-11-14 00:00:00+05:30,172.5,173.95,167.5,170.73,49992
2005-11-16 00:00:00+05:30,173.88,173.88,169.75,171.9,50066
2005-11-17 00:00:00+05:30,171.5,172.03,169.08,170.95,34868
2005-11-18 00:00:00+05:30,172.0,173.5,170.0,171.55,42020
2005-11-21 00:00:00+05:30,170.03,170.75,167.5,169.95,85198
2005-11-22 00:00:00+05:30,167.5,171.75,163.1,169.9,37110
2005-11-23 00:00:00+05:30,170.0,170.0,165.65,168.8,24312
2005-11-24 00:00:00+05:30,169.48,169.75,167.03,167.35,39974
2005-11-25 00:00:00+05:30,169.0,169.98,163.7,167.5,12550
2005-11-26 00:00:00+05:30,169.98,169.98,163.03,166.35,23786
2005-11-28 00:00:00+05:30,169.85,169.85,167.25,168.13,39288
2005-11-29 00:00:00+05:30,168.0,169.5,165.5,166.55,25248
2005-11-30 00:00:00+05:30,169.5,169.5,162.5,162.9,5824
2005-12-01 00:00:00+05:30,166.5,167.0,161.53,165.75,22008
2005-12-02 00:00:00+05:30,157.5,168.63,157.5,167.53,53012
2005-12-05 00:00:00+05:30,166.75,167.5,160.5,165.65,18458
2005-12-06 00:00:00+05:30,166.0,166.25,161.63,164.5,10054
2005-12-07 00:00:00+05:30,164.58,166.0,159.0,161.45,48748
2005-12-08 00:00:00+05:30,163.5,164.98,160.25,161.18,30242
2005-12-09 00:00:00+05:30,164.5,164.75,161.3,162.23,13538
2005-12-12 00:00:00+05:30,162.0,162.25,152.5,153.7,64960
2005-12-13 00:00:00+05:30,157.45,157.45,151.65,153.28,28220
2005-12-14 00:00:00+05:30,164.0,164.0,150.5,153.0,11252
2005-12-15 00:00:00+05:30,153.3,156.45,148.5,150.13,7834
2005-12-16 00:00:00+05:30,148.0,152.45,147.0,149.53,15370
2005-12-19 00:00:00+05:30,150.0,155.0,150.0,154.43,21606
2005-12-20 00:00:00+05:30,155.0,162.48,152.5,154.78,73122
2005-12-21 00:00:00+05:30,161.0,164.0,152.5,158.95,72764
2005-12-22 00:00:00+05:30,158.0,162.25,157.0,157.9,72588
2005-12-23 00:00:00+05:30,159.93,166.0,154.55,162.8,54600
2005-12-26 00:00:00+05:30,162.75,167.0,162.55,163.78,32720
2005-12-27 00:00:00+05:30,162.55,165.0,156.98,158.95,11464
2005-12-28 00:00:00+05:30,160.0,162.88,155.0,162.0,60034
2005-12-29 00:00:00+05:30,162.5,169.0,162.5,166.7,58604
2005-12-30 00:00:00+05:30,165.0,172.75,165.0,171.45,87122
2006-01-02 00:00:00+05:30,172.7,173.5,171.28,171.85,22480
2006-01-03 00:00:00+05:30,172.48,177.75,169.0,174.5,156256
2006-01-04 00:00:00+05:30,175.0,178.0,171.25,173.13,35082
2006-01-05 00:00:00+05:30,177.0,177.5,172.0,175.3,23358
2006-01-06 00:00:00+05:30,176.0,178.93,173.0,178.25,25760
2006-01-09 00:00:00+05:30,179.0,180.75,175.0,176.15,47788
2006-01-10 00:00:00+05:30,179.95,180.5,176.88,179.35,220290
2006-01-12 00:00:00+05:30,178.0,182.0,177.5,179.43,215572
2006-01-13 00:00:00+05:30,180.25,182.25,178.95,180.15,179080
2006-01-16 00:00:00+05:30,183.0,183.65,178.05,179.53,68030
2006-01-17 00:00:00+05:30,179.95,182.75,163.0,175.4,55886
2006-01-18 00:00:00+05:30,177.95,179.75,170.0,178.58,68242
2006-01-19 00:00:00+05:30,179.98,180.45,175.53,177.08,68074
2006-01-20 00:00:00+05:30,178.0,180.98,174.5,179.55,63500
2006-01-23 00:00:00+05:30,175.0,181.98,175.0,179.73,29292
2006-01-24 00:00:00+05:30,180.5,180.95,178.03,179.03,49732
2006-01-25 00:00:00+05:30,180.75,181.0,177.5,178.08,47454
2006-01-27 00:00:00+05:30,179.75,180.0,177.5,178.03,78872
2006-01-30 00:00:00+05:30,179.75,180.98,176.0,177.83,66170
2006-01-31 00:00:00+05:30,184.95,189.0,178.35,178.93,96760
2006-02-01 00:00:00+05:30,180.0,180.5,175.5,177.78,68028
2006-02-02 00:00:00+05:30,180.0,180.0,170.0,171.58,29772
2006-02-03 00:00:00+05:30,167.5,179.0,167.5,177.48,120888
2006-02-06 00:00:00+05:30,175.0,175.0,170.0,172.6,92610
2006-02-07 00:00:00+05:30,172.5,173.73,168.5,169.9,13678
2006-02-08 00:00:00+05:30,167.5,170.0,167.4,168.9,16824
2006-02-10 00:00:00+05:30,170.0,179.5,169.95,173.93,156148
2006-02-13 00:00:00+05:30,176.0,177.0,161.5,169.35,16975
2006-02-14 00:00:00+05:30,170.5,179.75,170.0,174.5,35149
2006-02-15 00:00:00+05:30,175.0,179.0,171.25,176.45,39588
2006-02-16 00:00:00+05:30,171.05,189.9,171.0,184.85,114338
2006-02-17 00:00:00+05:30,187.5,189.0,171.1,179.3,42629
2006-02-20 00:00:00+05:30,173.05,183.5,170.0,178.1,54096
2006-02-21 00:00:00+05:30,175.35,178.75,169.6,171.45,31712
2006-02-22 00:00:00+05:30,173.0,174.9,166.2,169.8,21157
2006-02-23 00:00:00+05:30,168.95,173.9,167.2,169.4,3823
2006-02-24 00:00:00+05:30,167.6,179.0,167.5,175.65,19063
2006-02-27 00:00:00+05:30,175.0,185.0,172.0,176.0,51920
2006-02-28 00:00:00+05:30,179.85,179.85,170.0,174.65,11070
2006-03-01 00:00:00+05:30,169.1,178.9,168.7,176.15,12555
2006-03-02 00:00:00+05:30,175.0,181.0,175.0,178.1,10812
2006-03-03 00:00:00+05:30,179.9,179.9,173.0,175.1,6506
2006-03-06 00:00:00+05:30,180.0,181.5,172.9,175.4,12841
2006-03-07 00:00:00+05:30,174.15,175.0,171.25,172.05,2034
2006-03-08 00:00:00+05:30,168.55,174.5,168.0,169.85,4485
2006-03-09 00:00:00+05:30,165.1,173.0,165.0,171.6,2026
2006-03-10 00:00:00+05:30,175.0,182.0,169.5,179.8,54019
2006-03-13 00:00:00+05:30,176.1,179.55,172.0,172.55,34577
2006-03-14 00:00:00+05:30,170.35,178.95,170.35,175.3,9770
2006-03-16 00:00:00+05:30,177.0,177.0,170.15,171.25,26044
2006-03-17 00:00:00+05:30,179.0,188.75,172.5,174.1,36364
2006-03-20 00:00:00+05:30,171.5,179.9,171.5,177.55,18876
2006-03-21 00:00:00+05:30,172.7,180.0,172.6,175.0,36337
2006-03-22 00:00:00+05:30,176.0,177.0,172.2,173.15,11782
2006-03-23 00:00:00+05:30,175.0,177.0,172.85,175.05,86345
2006-03-24 00:00:00+05:30,173.1,174.5,167.5,168.15,5443
2006-03-27 00:00:00+05:30,171.75,173.0,168.0,169.55,44754
2006-03-28 00:00:00+05:30,174.0,179.0,170.2,174.6,69934
2006-03-29 00:00:00+05:30,170.0,179.5,169.2,178.65,41862
2006-03-30 00:00:00+05:30,177.5,181.75,177.5,179.65,11227
2006-03-31 00:00:00+05:30,179.95,183.5,173.15,173.9,23260
2006-04-03 00:00:00+05:30,178.0,182.9,176.05,179.9,112120
2006-04-04 00:00:00+05:30,184.0,184.0,177.05,178.55,2610
2006-04-05 00:00:00+05:30,182.0,184.0,177.0,179.7,23709
2006-04-07 00:00:00+05:30,181.0,185.0,176.5,178.0,63079
2006-04-10 00:00:00+05:30,180.0,182.0,172.5,179.1,13924
2006-04-12 00:00:00+05:30,181.15,182.0,173.0,175.4,23769
2006-04-13 00:00:00+05:30,177.0,179.0,159.1,175.8,27346
2006-04-17 00:00:00+05:30,183.0,183.0,175.05,177.1,36769
2006-04-18 00:00:00+05:30,178.95,181.75,178.6,181.15,83146
2006-04-19 00:00:00+05:30,180.25,185.0,178.0,180.35,92264
2006-04-20 00:00:00+05:30,184.45,184.45,178.55,180.1,7213
2006-04-21 00:00:00+05:30,178.55,179.75,173.15,176.8,5873
2006-04-24 00:00:00+05:30,171.0,180.85,171.0,178.35,3195
2006-04-25 00:00:00+05:30,174.6,178.5,171.5,174.95,6958
2006-04-26 00:00:00+05:30,175.0,179.0,152.1,160.85,52525
2006-04-27 00:00:00+05:30,157.95,170.0,156.0,165.45,38256
2006-04-28 00:00:00+05:30,169.8,185.0,158.05,178.25,34235
2006-04-29 00:00:00+05:30,179.8,179.9,171.0,177.5,7974
2006-05-02 00:00:00+05:30,171.05,178.0,167.15,171.35,13838
2006-05-03 00:00:00+05:30,179.5,185.0,166.0,181.85,43774
2006-05-04 00:00:00+05:30,181.5,182.5,174.0,176.5,7205
2006-05-05 00:00:00+05:30,166.0,184.0,166.0,182.25,10867
2006-05-08 00:00:00+05:30,182.0,185.0,179.1,181.8,77337
2006-05-09 00:00:00+05:30,182.1,186.0,180.0,183.15,88712
2006-05-10 00:00:00+05:30,183.15,219.8,183.0,219.7,286386
2006-05-11 00:00:00+05:30,225.0,229.7,202.0,209.9,130868
2006-05-12 00:00:00+05:30,210.0,229.95,203.0,217.65,59875
2006-05-15 00:00:00+05:30,222.0,227.5,202.0,207.25,122645
2006-05-16 00:00:00+05:30,204.0,225.0,181.5,218.15,63142
2006-05-17 00:00:00+05:30,228.0,250.0,224.5,244.0,123411
2006-05-18 00:00:00+05:30,244.0,244.0,205.45,209.4,18661
2006-05-19 00:00:00+05:30,219.0,233.0,187.0,211.65,37064
2006-05-22 00:00:00+05:30,193.0,210.0,169.35,174.8,30388
2006-05-23 00:00:00+05:30,170.5,199.95,170.5,194.15,27093
2006-05-24 00:00:00+05:30,192.5,204.5,183.3,197.55,24448
2006-05-25 00:00:00+05:30,197.0,201.25,180.1,198.35,21617
2006-05-26 00:00:00+05:30,210.0,210.0,200.0,204.0,14126
2006-05-29 00:00:00+05:30,215.0,215.0,205.0,207.5,12705
2006-05-30 00:00:00+05:30,215.0,215.0,201.0,203.3,6864
2006-05-31 00:00:00+05:30,207.0,207.0,186.5,193.8,52880
2006-06-01 00:00:00+05:30,202.0,212.0,191.0,198.1,105694
2006-06-02 00:00:00+05:30,205.0,209.0,191.0,197.25,70294
2006-06-05 00:00:00+05:30,204.0,204.0,190.0,192.8,2751
2006-06-06 00:00:00+05:30,189.0,194.0,175.5,182.3,24959
2006-06-07 00:00:00+05:30,184.0,184.5,146.0,149.75,16223
2006-06-08 00:00:00+05:30,145.5,157.6,119.8,120.35,50942
2006-06-09 00:00:00+05:30,130.0,144.45,119.5,143.0,56516
2006-06-12 00:00:00+05:30,144.9,158.0,126.25,146.3,38595
2006-06-13 00:00:00+05:30,169.0,169.0,120.0,122.4,47682
2006-06-14 00:00:00+05:30,144.95,144.95,118.0,123.45,34316
2006-06-15 00:00:00+05:30,147.0,147.0,118.0,132.2,45798
2006-06-16 00:00:00+05:30,140.0,141.0,130.0,135.6,25264
2006-06-19 00:00:00+05:30,162.0,162.0,132.75,138.85,12508
2006-06-20 00:00:00+05:30,137.0,142.95,136.0,140.2,12396
2006-06-21 00:00:00+05:30,143.0,147.8,139.5,144.3,45287
2006-06-22 00:00:00+05:30,146.5,148.8,138.0,142.3,75496
2006-06-23 00:00:00+05:30,139.0,143.0,138.0,142.25,23360
2006-06-25 00:00:00+05:30,140.0,145.0,140.0,142.55,7151
2006-06-26 00:00:00+05:30,154.7,159.0,128.05,135.65,33242
2006-06-27 00:00:00+05:30,136.0,142.9,130.0,138.2,16481
2006-06-28 00:00:00+05:30,137.5,137.5,130.5,133.95,5958
2006-06-29 00:00:00+05:30,130.0,134.8,130.0,132.75,6951
2006-06-30 00:00:00+05:30,136.0,142.75,135.0,141.05,17308
2006-07-03 00:00:00+05:30,159.0,159.0,135.25,143.5,19574
2006-07-04 00:00:00+05:30,144.55,144.9,140.1,141.25,3925
2006-07-05 00:00:00+05:30,142.0,143.5,139.0,140.9,13357
2006-07-06 00:00:00+05:30,140.0,142.75,140.0,141.6,5362
2006-07-07 00:00:00+05:30,144.8,145.0,138.0,139.8,33584
2006-07-10 00:00:00+05:30,142.0,142.0,135.0,138.3,9716
2006-07-11 00:00:00+05:30,140.0,140.25,134.1,136.55,10700
2006-07-12 00:00:00+05:30,139.0,139.9,136.7,138.5,11792
2006-07-13 00:00:00+05:30,139.5,139.5,136.5,138.15,6179
2006-07-14 00:00:00+05:30,132.0,137.7,132.0,136.5,4277
2006-07-17 00:00:00+05:30,132.15,145.0,129.05,139.5,39966
2006-07-18 00:00:00+05:30,134.0,160.95,134.0,159.8,128248
2006-07-19 00:00:00+05:30,165.0,167.4,153.0,156.3,150069
2006-07-20 00:00:00+05:30,165.0,169.0,158.0,166.5,86938
2006-07-21 00:00:00+05:30,163.0,164.2,156.05,160.05,43668
2006-07-24 00:00:00+05:30,157.9,165.0,157.0,162.95,22623
2006-07-25 00:00:00+05:30,168.05,169.0,161.0,163.65,12143
2006-07-26 00:00:00+05:30,162.0,172.0,161.25,169.15,62223
2006-07-27 00:00:00+05:30,167.5,169.9,166.0,167.1,84014
2006-07-28 00:00:00+05:30,166.5,172.25,166.5,168.45,34944
2006-07-31 00:00:00+05:30,177.5,177.5,160.0,164.1,37348
2006-08-01 00:00:00+05:30,167.0,167.9,156.0,164.9,20733
2006-08-02 00:00:00+05:30,163.5,166.0,157.1,159.2,27334
2006-08-03 00:00:00+05:30,160.1,165.5,159.0,160.85,15323
2006-08-04 00:00:00+05:30,164.75,164.75,154.9,160.45,33317
2006-08-07 00:00:00+05:30,161.0,162.0,157.05,157.95,8177
2006-08-08 00:00:00+05:30,160.0,160.0,157.5,158.05,3840
2006-08-09 00:00:00+05:30,158.5,159.5,152.0,157.6,17204
2006-08-10 00:00:00+05:30,169.9,173.0,155.0,156.8,7180
2006-08-11 00:00:00+05:30,155.05,164.0,155.05,159.3,12012
2006-08-14 00:00:00+05:30,160.0,161.9,158.15,160.45,6670
2006-08-16 00:00:00+05:30,163.0,174.9,160.15,171.5,109560
2006-08-17 00:00:00+05:30,175.0,180.5,169.05,172.1,64575
2006-08-18 00:00:00+05:30,174.95,177.0,165.1,170.95,30224
2006-08-21 00:00:00+05:30,174.0,174.0,140.0,167.25,157604
2006-08-22 00:00:00+05:30,161.25,170.0,161.25,165.35,77026
2006-08-23 00:00:00+05:30,165.0,169.9,161.2,166.05,15085
2006-08-24 00:00:00+05:30,166.8,169.95,162.1,165.95,31241
2006-08-25 00:00:00+05:30,151.15,173.0,151.15,170.6,47570
2006-08-28 00:00:00+05:30,174.0,179.95,173.0,174.6,106217
2006-08-29 00:00:00+05:30,177.9,180.05,175.1,176.9,234041
2006-08-30 00:00:00+05:30,179.8,200.0,178.0,179.5,137468
2006-08-31 00:00:00+05:30,182.0,190.0,161.55,171.6,86637
2006-09-01 00:00:00+05:30,172.9,176.0,167.2,172.5,106050
2006-09-04 00:00:00+05:30,171.1,179.5,171.1,175.65,29226
2006-09-05 00:00:00+05:30,177.45,179.65,173.4,176.45,37359
2006-09-06 00:00:00+05:30,177.5,188.25,176.15,179.85,73222
2006-09-07 00:00:00+05:30,177.1,188.25,177.1,183.7,167771
2006-09-08 00:00:00+05:30,186.5,193.0,186.5,191.5,175194
2006-09-11 00:00:00+05:30,189.8,195.2,172.55,174.55,53231
2006-09-12 00:00:00+05:30,175.5,178.0,171.6,175.9,21117
2006-09-13 00:00:00+05:30,179.5,182.0,175.2,176.4,31138
2006-09-14 00:00:00+05:30,179.5,182.8,176.5,177.45,19617
2006-09-15 00:00:00+05:30,178.8,178.8,170.25,172.3,13878
2006-09-18 00:00:00+05:30,173.9,174.85,171.0,172.5,10595
2006-09-19 00:00:00+05:30,179.0,179.0,166.05,169.0,19197
2006-09-20 00:00:00+05:30,167.0,177.0,166.0,174.75,30922
2006-09-21 00:00:00+05:30,178.0,180.9,172.0,179.7,110252
2006-09-22 00:00:00+05:30,178.0,179.9,172.0,173.55,7172
2006-09-25 00:00:00+05:30,170.0,175.0,168.15,170.25,21818
2006-09-26 00:00:00+05:30,172.0,176.5,170.3,174.85,28996
2006-09-27 00:00:00+05:30,176.95,178.0,167.15,169.9,17125
2006-09-28 00:00:00+05:30,172.8,172.8,167.5,168.45,10132
2006-09-29 00:00:00+05:30,167.6,172.0,167.6,170.0,8332
2006-10-03 00:00:00+05:30,170.0,173.5,168.1,169.8,5191
2006-10-04 00:00:00+05:30,170.0,171.6,167.5,168.1,6863
2006-10-05 00:00:00+05:30,170.0,175.0,168.2,174.2,21953
2006-10-06 00:00:00+05:30,170.2,178.85,170.15,174.55,15246
2006-10-09 00:00:00+05:30,174.1,176.0,170.2,174.1,4108
2006-10-10 00:00:00+05:30,176.0,177.05,171.3,173.85,10652
2006-10-11 00:00:00+05:30,169.0,175.65,169.0,173.35,12022
2006-10-12 00:00:00+05:30,171.0,176.5,168.75,174.0,15723
2006-10-13 00:00:00+05:30,172.65,175.0,171.5,171.8,2833
2006-10-16 00:00:00+05:30,174.95,174.95,166.1,168.6,5571
2006-10-17 00:00:00+05:30,169.0,174.0,165.25,168.15,26400
2006-10-18 00:00:00+05:30,168.5,169.9,167.0,168.4,8330
2006-10-19 00:00:00+05:30,170.0,172.0,167.35,169.05,34968
2006-10-20 00:00:00+05:30,171.0,171.0,167.35,168.05,12309
2006-10-21 00:00:00+05:30,170.0,171.5,169.5,170.55,2548
2006-10-23 00:00:00+05:30,170.0,170.0,167.0,167.95,27882
2006-10-26 00:00:00+05:30,169.4,169.4,165.1,165.6,4018
2006-10-27 00:00:00+05:30,164.0,170.0,164.0,165.65,14751
2006-10-30 00:00:00+05:30,164.2,167.0,164.0,164.5,30095
2006-10-31 00:00:00+05:30,165.0,165.0,162.0,164.95,2760
2006-11-01 00:00:00+05:30,162.3,165.85,162.0,162.75,12391
2006-11-02 00:00:00+05:30,163.0,163.45,158.2,160.35,33319
2006-11-03 00:00:00+05:30,161.0,164.85,152.0,160.25,35552
2006-11-06 00:00:00+05:30,161.0,164.0,157.1,162.3,8502
2006-11-07 00:00:00+05:30,164.25,164.25,156.0,157.25,7402
2006-11-08 00:00:00+05:30,156.0,158.75,156.0,157.3,1759
2006-11-09 00:00:00+05:30,160.0,160.0,153.3,157.0,62599
2006-11-10 00:00:00+05:30,158.0,165.0,156.25,162.8,129685
2006-11-13 00:00:00+05:30,163.0,163.0,158.1,159.55,28121
2006-11-14 00:00:00+05:30,161.75,161.75,156.1,159.0,45080
2006-11-15 00:00:00+05:30,159.7,159.7,155.0,156.0,21750
2006-11-16 00:00:00+05:30,157.0,157.0,152.05,152.4,3583
2006-11-17 00:00:00+05:30,151.75,156.0,143.0,151.4,21221
2006-11-20 00:00:00+05:30,143.2,149.0,143.2,146.9,2206
2006-11-21 00:00:00+05:30,149.0,159.0,146.25,154.5,7601
2006-11-22 00:00:00+05:30,159.95,161.55,155.05,157.75,15645
2006-11-23 00:00:00+05:30,156.1,157.0,153.05,154.15,1128
2006-11-24 00:00:00+05:30,155.0,156.8,148.0,150.85,50756
2006-11-27 00:00:00+05:30,152.0,152.0,149.0,149.9,49492
2006-11-28 00:00:00+05:30,148.0,149.5,144.0,144.7,2984
2006-11-29 00:00:00+05:30,148.0,152.95,148.0,150.3,4028
2006-11-30 00:00:00+05:30,146.5,150.0,146.5,150.0,6196
2006-12-01 00:00:00+05:30,148.0,149.95,147.0,148.7,1764
2006-12-04 00:00:00+05:30,149.95,150.95,147.3,148.65,7741
2006-12-05 00:00:00+05:30,154.6,155.0,147.0,148.5,2918
2006-12-06 00:00:00+05:30,148.0,150.7,146.0,146.6,1608
2006-12-07 00:00:00+05:30,145.1,150.9,145.0,149.95,4911
2006-12-08 00:00:00+05:30,150.0,154.0,144.05,145.85,17652
2006-12-11 00:00:00+05:30,145.15,146.45,142.0,143.05,1729
2006-12-12 00:00:00+05:30,141.55,146.0,137.05,138.2,1202
2006-12-13 00:00:00+05:30,134.0,144.9,133.05,142.65,4527
2006-12-14 00:00:00+05:30,142.05,150.4,142.05,145.65,7448
2006-12-15 00:00:00+05:30,148.4,161.0,143.9,155.85,26926
2006-12-18 00:00:00+05:30,156.9,160.95,156.0,158.35,12277
2006-12-19 00:00:00+05:30,157.5,160.0,152.0,153.15,21763
2006-12-20 00:00:00+05:30,155.0,155.0,147.1,149.4,15737
2006-12-21 00:00:00+05:30,151.0,152.95,149.45,150.75,14076
2006-12-22 00:00:00+05:30,149.0,150.4,145.3,147.9,28432
2006-12-26 00:00:00+05:30,147.3,151.8,147.1,148.6,11891
2006-12-27 00:00:00+05:30,149.0,149.4,145.0,147.15,8549
2006-12-28 00:00:00+05:30,149.95,150.0,142.25,143.35,5769
2006-12-29 00:00:00+05:30,142.55,164.4,136.5,159.95,174515
2007-01-02 00:00:00+05:30,158.0,166.0,156.0,160.85,14670
2007-01-03 00:00:00+05:30,162.0,166.0,159.1,161.05,13106
2007-01-04 00:00:00+05:30,160.0,168.95,159.0,160.05,104714
2007-01-05 00:00:00+05:30,160.1,162.8,158.1,159.65,22305
2007-01-08 00:00:00+05:30,159.0,159.0,154.65,155.4,1546
2007-01-09 00:00:00+05:30,152.6,157.9,149.05,150.5,6941
2007-01-10 00:00:00+05:30,152.7,152.7,147.0,148.85,3070
2007-01-11 00:00:00+05:30,149.95,151.75,145.1,149.3,76863
2007-01-12 00:00:00+05:30,155.0,161.0,149.05,150.9,31314
2007-01-15 00:00:00+05:30,152.5,154.9,150.1,151.95,41396
2007-01-16 00:00:00+05:30,152.95,152.95,148.0,149.2,3875
2007-01-17 00:00:00+05:30,150.85,151.5,147.6,148.0,7437
2007-01-18 00:00:00+05:30,149.5,149.5,145.0,145.95,9983
2007-01-19 00:00:00+05:30,146.15,146.35,142.15,143.3,5589
2007-01-22 00:00:00+05:30,143.0,145.8,140.25,143.8,6282
2007-01-23 00:00:00+05:30,148.9,148.9,143.0,144.65,2859
2007-01-24 00:00:00+05:30,141.1,148.75,141.05,142.15,85488
2007-01-25 00:00:00+05:30,142.6,147.0,142.6,145.0,19983
2007-01-29 00:00:00+05:30,145.0,146.95,143.0,144.75,3105
2007-01-31 00:00:00+05:30,145.9,145.9,143.0,143.25,17061
2007-02-01 00:00:00+05:30,144.0,145.0,143.75,143.85,7726
2007-02-02 00:00:00+05:30,144.0,146.4,142.05,145.65,47774
2007-02-05 00:00:00+05:30,143.5,147.95,142.2,142.65,24373
2007-02-06 00:00:00+05:30,141.2,145.9,139.05,141.55,13823
2007-02-07 00:00:00+05:30,142.5,151.0,141.55,144.95,24919
2007-02-08 00:00:00+05:30,147.45,147.45,139.15,140.8,5409
2007-02-09 00:00:00+05:30,144.65,144.65,136.2,138.75,4015
2007-02-12 00:00:00+05:30,137.0,140.8,115.05,127.45,77292
2007-02-13 00:00:00+05:30,123.0,129.0,119.0,122.9,53237
2007-02-14 00:00:00+05:30,124.75,139.9,121.1,134.9,21942
2007-02-15 00:00:00+05:30,137.0,150.0,137.0,149.35,111387
2007-02-19 00:00:00+05:30,152.8,152.85,142.5,147.1,24123
2007-02-20 00:00:00+05:30,147.0,152.0,144.0,144.65,11940
2007-02-21 00:00:00+05:30,142.25,144.9,141.1,142.05,1674
2007-02-22 00:00:00+05:30,144.0,146.5,137.0,141.15,3193
2007-02-23 00:00:00+05:30,145.0,145.0,127.05,128.6,10028
2007-02-26 00:00:00+05:30,118.95,126.0,115.75,115.75,131831
2007-02-27 00:00:00+05:30,114.7,114.7,108.6,112.65,38236
2007-02-28 00:00:00+05:30,110.2,112.65,107.05,109.25,53380
2007-03-01 00:00:00+05:30,113.9,114.75,110.1,114.75,10007
2007-03-02 00:00:00+05:30,117.8,118.45,115.2,116.4,6420
2007-03-05 00:00:00+05:30,110.9,110.9,110.6,110.7,1611
2007-03-06 00:00:00+05:30,107.55,115.45,105.2,106.05,331737
2007-03-07 00:00:00+05:30,106.0,106.0,100.75,100.75,18491
2007-03-08 00:00:00+05:30,96.0,96.5,95.75,95.75,14808
2007-03-09 00:00:00+05:30,94.5,94.85,91.0,91.0,6064
2007-03-12 00:00:00+05:30,86.65,90.0,86.45,88.5,21318
2007-03-13 00:00:00+05:30,90.0,92.0,87.55,89.05,16319
2007-03-14 00:00:00+05:30,86.0,90.7,84.6,84.75,18164
2007-03-15 00:00:00+05:30,86.0,87.5,83.2,83.65,17061
2007-03-16 00:00:00+05:30,84.9,84.9,81.25,83.8,8887
2007-03-19 00:00:00+05:30,82.35,85.0,82.1,84.45,3636
2007-03-20 00:00:00+05:30,85.0,86.0,80.55,82.8,19152
2007-03-21 00:00:00+05:30,83.5,83.5,81.5,82.65,12380
2007-03-22 00:00:00+05:30,83.8,86.0,82.15,84.55,64232
2007-03-23 00:00:00+05:30,85.0,86.9,82.8,82.9,4735
2007-03-26 00:00:00+05:30,84.85,84.85,80.3,80.7,7924
2007-03-28 00:00:00+05:30,81.9,81.9,76.7,76.7,43342
2007-03-29 00:00:00+05:30,75.0,80.55,74.5,80.55,4917
2007-03-30 00:00:00+05:30,84.4,84.6,82.0,84.6,20780
2007-04-02 00:00:00+05:30,88.85,88.85,80.5,82.1,28105
2007-04-03 00:00:00+05:30,83.05,86.25,82.0,85.35,12827
2007-04-04 00:00:00+05:30,89.5,89.5,82.5,83.5,16794
2007-04-05 00:00:00+05:30,80.15,87.0,80.15,85.8,20650
2007-04-09 00:00:00+05:30,87.9,90.1,87.0,90.05,266960
2007-04-10 00:00:00+05:30,93.55,93.55,88.05,89.5,23465
2007-04-11 00:00:00+05:30,91.9,98.45,90.0,98.35,178270
2007-04-12 00:00:00+05:30,100.0,105.0,88.55,88.55,414111
2007-04-13 00:00:00+05:30,87.0,87.0,79.7,80.5,270427
2007-04-16 00:00:00+05:30,83.0,85.95,82.1,84.15,103930
2007-04-17 00:00:00+05:30,85.0,86.0,82.65,83.55,37587
2007-04-18 00:00:00+05:30,84.0,84.9,82.3,82.5,14304
2007-04-19 00:00:00+05:30,82.1,83.0,81.5,81.85,11106
2007-04-20 00:00:00+05:30,82.5,85.1,82.25,82.8,20733
2007-04-23 00:00:00+05:30,83.5,84.0,81.5,82.0,16697
2007-04-24 00:00:00+05:30,82.5,87.9,81.5,85.4,62981
2007-04-25 00:00:00+05:30,85.5,88.0,84.25,87.5,77056
2007-04-26 00:00:00+05:30,88.5,89.8,84.8,85.6,50256
2007-04-27 00:00:00+05:30,83.0,85.9,82.5,82.95,15515
2007-04-30 00:00:00+05:30,84.9,84.9,82.4,83.05,15708
2007-05-03 00:00:00+05:30,86.5,90.0,83.5,83.8,14030
2007-05-04 00:00:00+05:30,84.0,86.95,84.0,84.15,21820
2007-05-07 00:00:00+05:30,89.8,89.9,85.5,87.0,61835
2007-05-08 00:00:00+05:30,87.4,91.9,86.1,87.0,43404
2007-05-09 00:00:00+05:30,86.25,87.8,83.75,84.45,42900
2007-05-10 00:00:00+05:30,85.8,86.4,85.0,85.05,35610
2007-05-11 00:00:00+05:30,84.5,86.5,83.1,83.9,14170
2007-05-14 00:00:00+05:30,86.5,89.9,85.7,88.7,23207
2007-05-15 00:00:00+05:30,90.0,91.7,88.05,88.9,28883
2007-05-16 00:00:00+05:30,88.7,91.7,87.6,90.3,28907
2007-05-17 00:00:00+05:30,91.7,94.8,90.6,92.9,97544
2007-05-18 00:00:00+05:30,93.0,95.0,91.4,92.0,22715
2007-05-21 00:00:00+05:30,93.65,95.25,92.5,92.8,44297
2007-05-22 00:00:00+05:30,92.0,93.95,91.7,92.05,20008
2007-05-23 00:00:00+05:30,92.95,93.25,90.0,90.5,32375
2007-05-24 00:00:00+05:30,95.0,95.0,87.8,88.2,11785
2007-05-25 00:00:00+05:30,87.2,91.9,87.0,90.6,27287
2007-05-28 00:00:00+05:30,92.95,92.95,90.0,90.3,15269
2007-05-29 00:00:00+05:30,91.6,91.9,87.65,88.75,22934
2007-05-30 00:00:00+05:30,89.65,92.0,85.5,86.1,59590
2007-05-31 00:00:00+05:30,86.5,89.95,86.0,89.65,7951
2007-06-01 00:00:00+05:30,91.4,91.9,88.25,88.95,17085
2007-06-04 00:00:00+05:30,90.8,90.8,86.5,88.45,23173
2007-06-05 00:00:00+05:30,89.0,89.0,86.35,87.35,4005
2007-06-06 00:00:00+05:30,89.15,89.15,84.5,85.1,23289
2007-06-07 00:00:00+05:30,88.0,88.0,84.1,85.95,13777
2007-06-08 00:00:00+05:30,85.0,85.0,83.0,84.05,5545
2007-06-11 00:00:00+05:30,85.15,85.55,83.55,83.9,2919
2007-06-12 00:00:00+05:30,84.6,84.6,81.15,81.85,12896
2007-06-13 00:00:00+05:30,82.25,82.5,81.05,81.4,9804
2007-06-14 00:00:00+05:30,81.7,83.0,81.15,81.65,4900
2007-06-15 00:00:00+05:30,83.8,83.8,81.35,81.7,2197
2008-12-26 00:00:00+05:30,13.5,13.5,13.5,13.5,60
2008-12-29 00:00:00+05:30,13.5,13.5,13.4,13.45,230
2008-12-30 00:00:00+05:30,12.8,13.25,12.8,13.25,110
2008-12-31 00:00:00+05:30,13.2,13.95,13.1,13.15,2100
2009-01-01 00:00:00+05:30,12.6,13.75,12.6,13.75,1051
2009-01-02 00:00:00+05:30,13.9,14.1,13.9,14.0,502
2009-01-05 00:00:00+05:30,14.05,14.5,14.0,14.5,430
2009-01-07 00:00:00+05:30,14.2,15.2,13.8,13.8,2800
2009-01-14 00:00:00+05:30,13.45,13.45,13.45,13.45,179
2009-01-16 00:00:00+05:30,13.5,13.85,12.9,13.85,412
2009-01-19 00:00:00+05:30,13.3,13.9,13.2,13.7,6450
2009-01-20 00:00:00+05:30,13.25,14.0,13.25,14.0,700
2009-01-21 00:00:00+05:30,14.0,14.0,13.35,14.0,450
2009-01-29 00:00:00+05:30,13.35,13.35,13.35,13.35,80
2009-01-30 00:00:00+05:30,12.75,12.75,12.75,12.75,200
2009-02-02 00:00:00+05:30,12.3,12.3,12.3,12.3,11
2009-02-03 00:00:00+05:30,12.3,12.3,12.3,12.3,40
2009-02-06 00:00:00+05:30,12.45,12.45,12.4,12.4,300
2009-02-09 00:00:00+05:30,12.65,12.65,12.45,12.45,350
2009-02-10 00:00:00+05:30,13.0,13.1,13.0,13.1,210
2009-02-11 00:00:00+05:30,13.1,13.1,13.1,13.1,100
2009-02-13 00:00:00+05:30,13.0,13.0,13.0,13.0,50
2009-02-16 00:00:00+05:30,13.65,13.65,13.25,13.25,1000
2009-02-17 00:00:00+05:30,13.25,13.25,12.6,12.6,170
2009-02-18 00:00:00+05:30,12.65,12.65,12.65,12.65,125
2009-02-19 00:00:00+05:30,12.2,12.2,12.2,12.2,300
2009-02-20 00:00:00+05:30,11.75,11.75,11.7,11.7,600
2009-02-24 00:00:00+05:30,11.75,11.75,11.75,11.75,75
2009-02-25 00:00:00+05:30,12.05,12.05,12.05,12.05,100
2009-02-26 00:00:00+05:30,12.1,12.1,12.1,12.1,40
2009-03-02 00:00:00+05:30,12.0,12.75,12.0,12.05,1008
2009-03-03 00:00:00+05:30,11.55,11.55,11.5,11.5,101
2009-03-04 00:00:00+05:30,11.0,11.5,11.0,11.35,824
2009-03-06 00:00:00+05:30,11.0,11.9,11.0,11.9,1569
2009-03-09 00:00:00+05:30,11.4,12.6,11.4,11.9,307
2009-03-12 00:00:00+05:30,12.0,12.0,11.95,12.0,1090
2009-03-13 00:00:00+05:30,11.5,12.1,11.5,12.05,130
2009-03-16 00:00:00+05:30,12.0,12.0,11.5,11.5,854
2009-03-17 00:00:00+05:30,11.0,12.5,11.0,12.5,418
2009-03-18 00:00:00+05:30,11.5,13.75,11.5,13.75,405
2009-03-19 00:00:00+05:30,12.6,13.0,12.6,13.0,202
2009-03-20 00:00:00+05:30,13.0,13.0,13.0,13.0,645
2009-03-23 00:00:00+05:30,12.1,13.3,12.1,13.0,189
2009-03-24 00:00:00+05:30,12.5,13.5,12.5,12.95,1581
2009-03-25 00:00:00+05:30,12.0,12.05,11.7,11.85,238
2009-03-26 00:00:00+05:30,12.0,12.8,12.0,12.8,210
2009-03-27 00:00:00+05:30,11.75,12.75,11.6,11.65,994
2009-03-30 00:00:00+05:30,11.4,11.85,11.15,11.15,204
2009-03-31 00:00:00+05:30,12.1,12.1,12.1,12.1,100
2009-04-01 00:00:00+05:30,11.6,11.6,11.5,11.5,198
2009-04-02 00:00:00+05:30,12.5,12.6,12.5,12.5,1716
2009-04-06 00:00:00+05:30,12.5,13.7,11.8,12.0,6738
2009-04-08 00:00:00+05:30,12.8,13.2,12.8,13.2,6170
2009-04-09 00:00:00+05:30,13.1,14.5,13.1,14.45,3705
2009-04-13 00:00:00+05:30,15.45,15.5,15.0,15.5,860
2009-04-15 00:00:00+05:30,16.0,16.3,16.0,16.3,258
2009-04-16 00:00:00+05:30,17.15,17.15,16.5,16.6,2967
2009-04-17 00:00:00+05:30,15.8,17.45,15.8,16.0,2099
2009-04-20 00:00:00+05:30,15.5,15.5,15.5,15.5,100
2009-04-21 00:00:00+05:30,15.4,16.25,15.4,16.25,404
2009-04-22 00:00:00+05:30,15.5,16.0,15.5,16.0,1162
2009-04-23 00:00:00+05:30,15.25,16.8,15.25,16.8,2372
2009-04-24 00:00:00+05:30,16.0,17.6,16.0,17.6,2025
2009-04-27 00:00:00+05:30,17.5,18.5,17.5,17.8,2120
2009-04-28 00:00:00+05:30,17.5,17.5,17.0,17.0,400
2009-04-29 00:00:00+05:30,17.1,17.5,17.0,17.5,1012
2009-05-04 00:00:00+05:30,17.5,18.4,17.5,18.35,1102
2009-05-05 00:00:00+05:30,17.5,18.25,17.5,18.25,160
2009-05-06 00:00:00+05:30,18.35,18.35,18.35,18.35,50
2009-05-07 00:00:00+05:30,19.2,19.2,17.65,18.05,2701
2009-05-08 00:00:00+05:30,18.95,18.95,18.4,18.9,2053
2009-05-11 00:00:00+05:30,18.5,18.75,18.05,18.05,1270
2009-05-13 00:00:00+05:30,17.3,18.85,17.3,18.7,766
2009-05-14 00:00:00+05:30,18.0,18.0,17.8,18.0,1556
2009-05-15 00:00:00+05:30,18.0,18.0,17.85,17.85,394
2009-05-19 00:00:00+05:30,17.25,18.7,17.25,18.7,616
2009-05-20 00:00:00+05:30,18.7,19.55,18.35,19.5,2404
2009-05-21 00:00:00+05:30,20.0,20.5,20.0,20.5,820
2009-05-22 00:00:00+05:30,21.55,21.55,21.05,21.55,3525
2009-05-25 00:00:00+05:30,22.65,22.65,22.65,22.65,625
2009-05-26 00:00:00+05:30,23.8,23.8,23.8,23.8,2315
2009-05-27 00:00:00+05:30,25.0,25.0,25.0,25.0,3477
2009-05-28 00:00:00+05:30,26.25,26.25,26.25,26.25,1250
2009-05-29 00:00:00+05:30,27.6,27.6,27.6,27.6,1428
2009-06-01 00:00:00+05:30,29.0,29.0,29.0,29.0,2279
2009-06-02 00:00:00+05:30,30.0,30.45,29.35,30.45,3463
2009-06-03 00:00:00+05:30,31.9,32.0,31.35,32.0,5311
2009-06-04 00:00:00+05:30,33.6,33.6,31.0,33.5,7842
2009-06-05 00:00:00+05:30,35.2,35.2,31.9,32.0,11835
2009-06-08 00:00:00+05:30,30.6,30.6,30.4,30.4,6827
2009-06-09 00:00:00+05:30,28.9,30.5,28.9,28.95,1595
2009-06-10 00:00:00+05:30,27.55,29.0,27.5,27.55,786
2009-06-11 00:00:00+05:30,26.2,27.4,26.2,26.4,8963
2009-06-12 00:00:00+05:30,25.25,26.6,25.25,26.0,703
2009-06-15 00:00:00+05:30,25.8,25.8,24.9,24.9,436
2009-06-16 00:00:00+05:30,23.8,23.8,23.65,23.65,551
2009-06-17 00:00:00+05:30,22.5,23.25,22.5,23.25,1650
2009-06-18 00:00:00+05:30,22.1,22.1,22.1,22.1,150
2009-06-19 00:00:00+05:30,22.9,22.9,22.9,22.9,160
2009-06-22 00:00:00+05:30,22.9,23.0,22.6,22.6,1650
2009-06-23 00:00:00+05:30,21.5,21.5,21.5,21.5,201
2009-06-24 00:00:00+05:30,21.55,21.55,20.5,21.25,2071
2009-06-26 00:00:00+05:30,20.25,20.25,20.25,20.25,100
2009-06-29 00:00:00+05:30,20.0,21.25,19.25,21.25,593
2009-06-30 00:00:00+05:30,20.3,20.5,20.25,20.35,330
2009-07-01 00:00:00+05:30,20.3,21.0,19.4,21.0,1184
2009-07-02 00:00:00+05:30,22.0,22.05,20.6,21.6,1820
2009-07-03 00:00:00+05:30,20.6,22.5,20.6,21.8,250
2009-07-06 00:00:00+05:30,21.0,21.0,21.0,21.0,1000
2009-07-07 00:00:00+05:30,19.95,21.1,19.95,20.05,408
2009-07-08 00:00:00+05:30,19.05,19.05,19.05,19.05,200
2009-07-09 00:00:00+05:30,19.85,19.95,19.85,19.95,501
2009-07-10 00:00:00+05:30,18.95,18.95,18.95,18.95,50
2009-07-13 00:00:00+05:30,18.5,18.5,18.2,18.2,603
2009-07-14 00:00:00+05:30,19.15,19.15,19.15,19.15,477
2009-07-15 00:00:00+05:30,18.25,19.95,18.25,19.95,300
2009-07-16 00:00:00+05:30,19.0,20.45,19.0,19.25,823
2009-07-17 00:00:00+05:30,19.0,20.15,19.0,19.55,900
2009-07-20 00:00:00+05:30,19.1,20.4,18.75,20.4,600
2009-07-21 00:00:00+05:30,20.15,20.15,19.9,19.9,250
2009-07-22 00:00:00+05:30,19.3,20.6,19.3,20.6,475
2009-07-23 00:00:00+05:30,20.0,21.6,20.0,20.2,925
2009-07-24 00:00:00+05:30,19.5,20.8,19.5,20.75,1390
2009-07-27 00:00:00+05:30,20.0,20.85,19.8,20.3,2331
2009-07-28 00:00:00+05:30,20.9,20.9,19.75,20.9,257
2009-07-29 00:00:00+05:30,20.0,20.95,20.0,20.95,14
2009-07-30 00:00:00+05:30,20.0,21.2,20.0,21.2,1102
2009-07-31 00:00:00+05:30,20.6,21.0,20.5,20.65,2700
2009-08-03 00:00:00+05:30,20.95,21.5,20.95,21.4,450
2009-08-04 00:00:00+05:30,22.35,22.5,20.65,22.5,2106
2009-08-05 00:00:00+05:30,21.8,23.65,21.8,23.65,2300
2009-08-06 00:00:00+05:30,23.05,23.9,23.05,23.05,1105
2009-08-07 00:00:00+05:30,22.05,23.0,22.0,23.0,1200
2009-08-10 00:00:00+05:30,22.05,22.05,22.0,22.05,1316
2009-08-11 00:00:00+05:30,21.0,23.1,21.0,23.0,462
2009-08-12 00:00:00+05:30,22.0,23.95,22.0,22.0,626
2009-08-13 00:00:00+05:30,21.0,23.0,21.0,22.0,974
2009-08-14 00:00:00+05:30,21.55,22.85,21.55,22.85,35
2009-08-18 00:00:00+05:30,22.0,23.9,21.95,22.5,600
2009-08-19 00:00:00+05:30,22.0,23.35,22.0,22.0,1461
2009-08-20 00:00:00+05:30,21.0,21.6,21.0,21.2,1168
2009-08-21 00:00:00+05:30,21.25,22.0,21.15,21.25,1770
2009-08-24 00:00:00+05:30,21.45,22.1,21.3,21.5,2620
2009-08-25 00:00:00+05:30,21.0,21.15,20.85,21.1,2293
2009-08-26 00:00:00+05:30,21.3,22.2,21.3,22.2,800
2009-08-27 00:00:00+05:30,23.2,23.35,21.55,22.7,1917
2009-08-28 00:00:00+05:30,22.0,23.55,22.0,22.4,4546
2009-08-31 00:00:00+05:30,21.8,23.4,21.8,23.25,2996
2009-09-01 00:00:00+05:30,24.1,24.45,24.1,24.35,4167
2009-09-02 00:00:00+05:30,24.4,25.5,24.05,24.05,2929
2009-09-03 00:00:00+05:30,25.15,25.15,23.9,24.1,755
2009-09-07 00:00:00+05:30,26.0,26.55,24.65,26.55,20908
2009-09-08 00:00:00+05:30,29.25,29.25,27.25,28.2,13367
2009-09-09 00:00:00+05:30,29.5,29.5,26.55,28.0,4929
2009-09-10 00:00:00+05:30,27.5,29.0,27.15,27.25,4823
2009-09-11 00:00:00+05:30,26.7,27.2,25.15,26.0,5525
2009-09-14 00:00:00+05:30,26.0,26.8,24.95,25.1,2367
2009-09-15 00:00:00+05:30,25.0,25.9,24.25,25.2,3715
2009-09-16 00:00:00+05:30,25.3,27.75,25.3,27.35,12968
2009-09-17 00:00:00+05:30,29.4,29.4,26.2,27.0,2107
2009-09-18 00:00:00+05:30,26.2,28.5,26.2,28.35,4025
2009-09-22 00:00:00+05:30,28.65,31.2,27.25,29.05,14070
2009-09-23 00:00:00+05:30,27.7,29.4,27.7,28.05,10860
2009-09-24 00:00:00+05:30,26.1,28.8,26.1,28.45,2935
2009-09-25 00:00:00+05:30,27.3,28.95,27.1,27.15,1503
2009-09-29 00:00:00+05:30,27.85,29.9,27.5,29.5,5125
2009-09-30 00:00:00+05:30,29.5,32.45,29.5,31.95,12938
2009-10-01 00:00:00+05:30,30.5,33.0,30.0,32.05,12170
2009-10-05 00:00:00+05:30,30.75,30.75,29.65,30.05,3200
2009-10-06 00:00:00+05:30,31.0,31.0,28.75,29.95,1717
2009-10-07 00:00:00+05:30,29.5,31.25,29.5,29.75,86
2009-10-08 00:00:00+05:30,28.0,29.95,28.0,28.8,1268
2009-10-09 00:00:00+05:30,27.75,28.8,27.0,27.1,3075
2009-10-12 00:00:00+05:30,28.0,28.0,27.25,27.8,999
2009-10-14 00:00:00+05:30,29.1,30.6,28.15,28.6,7708
2009-10-15 00:00:00+05:30,28.5,28.5,27.6,27.65,5807
2009-10-16 00:00:00+05:30,28.0,28.0,27.0,27.0,985
2009-10-17 00:00:00+05:30,29.45,29.45,26.15,26.75,852
2009-10-20 00:00:00+05:30,25.75,27.95,25.75,26.95,1507
2009-10-21 00:00:00+05:30,28.0,28.0,26.5,26.7,2955
2009-10-22 00:00:00+05:30,26.6,27.75,26.6,26.95,1240
2009-10-23 00:00:00+05:30,25.35,28.0,25.3,26.95,1265
2009-10-26 00:00:00+05:30,27.0,27.6,26.2,26.2,4094
2009-10-27 00:00:00+05:30,26.0,26.2,24.0,24.4,2820
2009-10-28 00:00:00+05:30,23.55,25.75,22.6,24.75,1618
2009-10-29 00:00:00+05:30,24.7,26.2,23.0,23.3,5927
2009-10-30 00:00:00+05:30,23.6,25.25,23.6,25.25,662
2009-11-03 00:00:00+05:30,25.0,26.95,22.8,23.0,1920
2009-11-04 00:00:00+05:30,22.6,25.3,22.0,24.5,2205
2009-11-05 00:00:00+05:30,26.55,26.55,23.9,24.1,2302
2009-11-06 00:00:00+05:30,25.8,25.8,24.1,24.5,2937
2009-11-09 00:00:00+05:30,25.0,25.0,23.3,24.6,2553
2009-11-10 00:00:00+05:30,25.0,25.0,24.95,24.95,449
2009-11-11 00:00:00+05:30,24.0,25.35,24.0,25.15,1576
2009-11-12 00:00:00+05:30,23.8,25.65,23.8,25.15,580
2009-11-13 00:00:00+05:30,25.15,25.15,24.1,24.1,805
2009-11-16 00:00:00+05:30,23.55,24.0,23.55,23.65,711
2009-11-17 00:00:00+05:30,26.1,26.25,24.45,24.5,2821
2009-11-18 00:00:00+05:30,25.0,25.85,24.5,25.85,2526
2009-11-19 00:00:00+05:30,24.4,25.75,24.0,24.3,421
2009-11-20 00:00:00+05:30,23.8,24.95,23.8,24.0,716
2009-11-23 00:00:00+05:30,23.0,27.4,22.5,24.05,3324
2009-11-24 00:00:00+05:30,23.0,26.8,23.0,23.65,1832
2009-11-25 00:00:00+05:30,23.6,25.45,23.35,23.65,907
2009-11-26 00:00:00+05:30,23.35,25.25,23.0,23.25,1781
2009-11-27 00:00:00+05:30,21.9,23.0,21.15,22.0,2606
2009-11-30 00:00:00+05:30,21.85,22.9,21.8,22.1,1900
2009-12-01 00:00:00+05:30,22.3,23.85,22.15,22.6,861
2009-12-02 00:00:00+05:30,22.5,24.95,22.5,24.2,3022
2009-12-03 00:00:00+05:30,23.15,24.95,23.0,23.9,2559
2009-12-04 00:00:00+05:30,23.0,24.5,23.0,23.65,2027
2009-12-07 00:00:00+05:30,24.85,25.5,23.6,24.05,5616
2009-12-08 00:00:00+05:30,23.75,24.8,23.3,24.8,1778
2009-12-09 00:00:00+05:30,24.2,25.5,24.0,24.5,2862
2009-12-10 00:00:00+05:30,24.2,24.9,24.1,24.75,1952
2009-12-11 00:00:00+05:30,24.0,24.75,24.0,24.7,885
2009-12-14 00:00:00+05:30,24.1,24.7,24.1,24.2,582
2009-12-15 00:00:00+05:30,24.9,24.9,23.75,24.0,1306
2009-12-16 00:00:00+05:30,22.3,24.8,22.3,24.5,809
2009-12-17 00:00:00+05:30,24.6,24.95,24.5,24.5,1425
2009-12-18 00:00:00+05:30,24.0,25.0,24.0,24.9,3541
2009-12-21 00:00:00+05:30,24.0,24.3,24.0,24.0,1044
2009-12-22 00:00:00+05:30,24.0,24.8,24.0,24.8,201
2009-12-23 00:00:00+05:30,24.25,25.25,24.25,24.45,1243
2009-12-24 00:00:00+05:30,23.8,25.75,23.1,24.15,11531
2009-12-29 00:00:00+05:30,24.7,26.65,24.7,26.4,5204
2009-12-30 00:00:00+05:30,26.85,31.7,26.85,31.7,75772
2009-12-31 00:00:00+05:30,34.0,38.05,34.0,38.05,462775
2010-01-04 00:00:00+05:30,40.45,41.9,35.75,37.05,167138
2010-01-05 00:00:00+05:30,36.5,36.75,33.35,33.55,91796
2010-01-06 00:00:00+05:30,35.0,35.35,30.25,34.45,83167
2010-01-07 00:00:00+05:30,35.45,35.45,32.5,33.45,31965
2010-01-08 00:00:00+05:30,31.85,34.55,31.85,33.05,5910
2010-01-11 00:00:00+05:30,33.1,34.2,32.15,33.05,7294
2010-01-12 00:00:00+05:30,33.0,33.85,31.4,31.75,17815
2010-01-13 00:00:00+05:30,30.25,32.45,30.25,31.35,10425
2010-01-14 00:00:00+05:30,31.0,32.95,30.4,31.15,5471
2010-01-15 00:00:00+05:30,30.3,32.7,30.3,32.05,9692
2010-01-18 00:00:00+05:30,32.25,33.0,32.0,32.1,1880
2010-01-19 00:00:00+05:30,32.05,32.5,31.0,32.25,7291
2010-01-20 00:00:00+05:30,31.0,32.5,30.65,30.95,13995
2010-01-21 00:00:00+05:30,31.45,31.8,29.4,30.5,14102
2010-01-22 00:00:00+05:30,29.0,29.9,29.0,29.15,5470
2010-01-25 00:00:00+05:30,28.25,29.6,28.25,29.55,1427
2010-01-27 00:00:00+05:30,28.3,28.5,28.1,28.5,3520
2010-01-28 00:00:00+05:30,28.05,29.0,27.2,27.65,4449
2010-01-29 00:00:00+05:30,27.9,27.9,26.3,26.3,6155
2010-02-01 00:00:00+05:30,25.25,26.0,25.25,25.9,7605
2010-02-02 00:00:00+05:30,26.0,26.25,25.4,26.1,3621
2010-02-03 00:00:00+05:30,27.45,27.45,25.6,27.05,6254
2010-02-04 00:00:00+05:30,28.4,28.4,25.85,26.35,3250
2010-02-05 00:00:00+05:30,25.05,25.9,25.05,25.5,3245
2010-02-06 00:00:00+05:30,25.25,25.25,25.15,25.15,251
2010-02-08 00:00:00+05:30,24.2,24.95,24.0,24.0,6212
2010-02-09 00:00:00+05:30,24.5,24.75,24.0,24.75,171
2010-02-10 00:00:00+05:30,25.05,25.05,24.7,24.7,1162
2010-02-11 00:00:00+05:30,24.0,25.3,24.0,24.9,1410
2010-02-15 00:00:00+05:30,24.75,24.9,23.75,24.1,2940
2010-02-16 00:00:00+05:30,24.0,25.0,23.05,24.35,3020
2010-02-17 00:00:00+05:30,23.6,25.5,23.6,25.0,2503
2010-02-18 00:00:00+05:30,25.0,25.0,24.1,24.1,550
2010-02-19 00:00:00+05:30,24.0,24.6,23.75,24.0,1700
2010-02-22 00:00:00+05:30,23.55,24.7,23.55,24.7,960
2010-02-23 00:00:00+05:30,23.6,24.4,23.55,24.4,6280
2010-02-24 00:00:00+05:30,24.95,25.45,23.55,25.45,5252
2010-02-26 00:00:00+05:30,24.25,25.5,24.25,25.5,375
2010-03-02 00:00:00+05:30,25.45,26.65,25.45,26.65,400
2010-03-03 00:00:00+05:30,25.7,27.0,25.7,26.5,2811
2010-03-04 00:00:00+05:30,25.9,26.7,25.9,26.7,995
2010-03-05 00:00:00+05:30,27.0,27.2,26.0,26.5,2142
2010-03-08 00:00:00+05:30,25.65,26.8,25.65,26.05,3959
2010-03-10 00:00:00+05:30,24.85,26.9,24.85,25.7,539
2010-03-11 00:00:00+05:30,25.05,25.95,24.9,25.0,2658
2010-03-12 00:00:00+05:30,24.3,25.15,23.55,24.1,4525
2010-03-15 00:00:00+05:30,24.0,24.0,23.6,23.6,553
2010-03-16 00:00:00+05:30,24.7,24.7,23.2,23.5,802
2010-03-17 00:00:00+05:30,24.7,24.7,23.2,23.25,2155
2010-03-18 00:00:00+05:30,23.0,24.9,22.05,24.8,4312
2010-03-19 00:00:00+05:30,23.8,23.8,23.8,23.8,760
2010-03-22 00:00:00+05:30,23.25,24.9,23.25,23.85,750
2010-03-23 00:00:00+05:30,23.5,24.25,23.0,23.85,1601
2010-03-25 00:00:00+05:30,23.05,24.5,23.05,24.5,2734
2010-03-26 00:00:00+05:30,25.0,25.0,23.75,24.0,2206
2010-03-29 00:00:00+05:30,23.1,24.5,22.3,23.15,6418
2010-03-30 00:00:00+05:30,22.3,24.25,22.3,23.9,755
2010-03-31 00:00:00+05:30,24.4,24.45,23.25,23.25,715
2010-04-01 00:00:00+05:30,24.25,25.55,23.55,25.35,4711
2010-04-05 00:00:00+05:30,25.5,27.9,25.5,27.8,12503
2010-04-06 00:00:00+05:30,28.1,28.2,27.5,27.7,1626
2010-04-07 00:00:00+05:30,28.2,30.5,28.2,30.5,39321
2010-04-08 00:00:00+05:30,31.9,31.9,29.0,29.0,8049
2010-04-09 00:00:00+05:30,28.0,29.0,28.0,28.15,5979
2010-04-12 00:00:00+05:30,27.3,28.5,27.25,27.55,4422
2010-04-13 00:00:00+05:30,26.65,28.4,26.55,27.75,2727
2010-04-15 00:00:00+05:30,26.55,28.35,26.5,27.2,4225
2010-04-16 00:00:00+05:30,26.5,27.3,26.5,27.2,2213
2010-04-19 00:00:00+05:30,26.25,28.35,26.25,26.9,6475
2010-04-20 00:00:00+05:30,26.45,27.95,26.35,27.55,5296
2010-04-21 00:00:00+05:30,28.4,28.4,26.65,27.25,2228
2010-04-22 00:00:00+05:30,27.0,28.5,27.0,27.55,4025
2010-04-23 00:00:00+05:30,27.0,27.5,26.85,27.05,2820
2010-04-26 00:00:00+05:30,27.3,27.7,27.05,27.5,2729
2010-04-27 00:00:00+05:30,27.7,27.7,26.65,26.65,1123
2010-04-28 00:00:00+05:30,25.95,26.35,25.55,25.8,1445
2010-04-29 00:00:00+05:30,25.55,26.6,25.5,26.15,7346
2010-04-30 00:00:00+05:30,25.2,27.0,25.2,25.75,4621
2010-05-03 00:00:00+05:30,25.3,27.05,25.3,27.05,3688
2010-05-04 00:00:00+05:30,27.0,27.05,25.7,25.7,5115
2010-05-05 00:00:00+05:30,25.4,25.4,25.0,25.0,1495
2010-05-06 00:00:00+05:30,24.5,25.95,24.05,24.7,6352
2010-05-07 00:00:00+05:30,24.15,24.5,22.85,23.2,5310
2010-05-10 00:00:00+05:30,25.35,25.35,22.75,23.95,4956
2010-05-11 00:00:00+05:30,23.5,24.95,23.15,23.2,2268
2010-05-12 00:00:00+05:30,21.05,24.75,20.9,23.4,1502
2010-05-13 00:00:00+05:30,21.65,24.45,21.65,23.45,1464
2010-05-14 00:00:00+05:30,23.0,24.95,22.35,23.85,5738
2010-05-17 00:00:00+05:30,23.5,23.5,22.1,22.55,4943
2010-05-18 00:00:00+05:30,23.0,23.0,22.0,22.8,3203
2010-05-19 00:00:00+05:30,22.1,22.6,22.1,22.6,968
2010-05-20 00:00:00+05:30,22.1,22.85,22.1,22.45,390
2010-05-21 00:00:00+05:30,21.5,23.9,21.1,21.9,5762
2010-05-24 00:00:00+05:30,22.7,23.8,22.2,22.65,2400
2010-05-25 00:00:00+05:30,22.0,22.7,21.25,21.7,1436
2010-05-26 00:00:00+05:30,20.75,21.45,20.55,20.6,2014
2010-05-27 00:00:00+05:30,20.4,21.0,20.4,20.65,2594
2010-05-28 00:00:00+05:30,20.15,20.5,19.7,19.75,4454
2010-05-31 00:00:00+05:30,20.25,21.7,19.4,21.5,3013
2010-06-01 00:00:00+05:30,23.45,23.45,21.0,22.6,6591
2010-06-02 00:00:00+05:30,23.45,23.45,21.65,21.65,804
2010-06-03 00:00:00+05:30,23.75,23.75,21.35,21.8,2907
2010-06-04 00:00:00+05:30,22.7,22.7,21.0,21.1,1223
2010-06-07 00:00:00+05:30,19.4,23.2,19.4,22.45,8144
2010-06-08 00:00:00+05:30,22.0,22.0,21.3,21.3,1215
2010-06-09 00:00:00+05:30,21.0,21.45,20.9,20.9,1237
2010-06-10 00:00:00+05:30,21.0,22.6,20.65,22.35,11009
2010-06-11 00:00:00+05:30,21.25,22.6,21.15,22.25,1010
2010-06-14 00:00:00+05:30,22.95,22.95,22.25,22.25,1300
2010-06-15 00:00:00+05:30,22.75,22.9,21.5,22.25,2947
2010-06-16 00:00:00+05:30,22.5,22.5,21.9,21.9,823
2010-06-17 00:00:00+05:30,22.0,22.45,21.9,22.25,1551
2010-06-18 00:00:00+05:30,22.5,22.5,21.5,21.7,3140
2010-06-21 00:00:00+05:30,22.6,22.6,21.7,21.8,2080
2010-06-22 00:00:00+05:30,21.2,21.95,21.0,21.65,2349
2010-06-23 00:00:00+05:30,21.9,21.9,21.85,21.9,350
2010-06-24 00:00:00+05:30,22.4,22.4,21.6,21.8,200
2010-06-25 00:00:00+05:30,20.6,22.4,20.6,21.55,1874
2010-06-28 00:00:00+05:30,21.65,22.45,21.65,21.7,383
2010-06-29 00:00:00+05:30,21.2,22.35,21.2,21.7,1401
2010-06-30 00:00:00+05:30,21.1,21.65,21.0,21.15,2803
2010-07-01 00:00:00+05:30,22.3,22.3,21.1,21.9,841
2010-07-02 00:00:00+05:30,22.3,22.3,21.25,21.4,438
2010-07-05 00:00:00+05:30,21.5,22.0,21.5,21.5,550
2010-07-06 00:00:00+05:30,21.5,22.2,21.4,21.5,347
2010-07-07 00:00:00+05:30,22.0,22.0,21.35,22.0,2891
2010-07-08 00:00:00+05:30,22.3,23.7,22.3,22.9,5401
2010-07-09 00:00:00+05:30,23.25,23.7,22.35,23.45,4097
2010-07-12 00:00:00+05:30,23.75,24.1,22.25,22.55,3440
2010-07-13 00:00:00+05:30,22.5,22.85,22.45,22.5,3390
2010-07-14 00:00:00+05:30,22.55,23.25,22.2,23.25,2652
2010-07-15 00:00:00+05:30,22.0,23.4,22.0,22.55,1882
2010-07-16 00:00:00+05:30,22.1,23.0,21.8,22.1,4368
2010-07-19 00:00:00+05:30,21.9,21.9,19.0,21.8,3445
2010-07-20 00:00:00+05:30,21.65,21.8,20.0,21.35,3448
2010-07-21 00:00:00+05:30,20.75,23.0,20.75,21.8,9669
2010-07-22 00:00:00+05:30,21.95,22.1,21.3,21.6,5092
2010-07-23 00:00:00+05:30,22.2,22.3,22.0,22.1,7724
2010-07-26 00:00:00+05:30,22.4,22.4,21.5,21.7,4366
2010-07-27 00:00:00+05:30,21.0,22.45,21.0,21.9,5133
2010-07-28 00:00:00+05:30,22.4,22.4,20.7,20.75,18734
2010-07-29 00:00:00+05:30,20.6,22.0,20.5,21.35,10880
2010-07-30 00:00:00+05:30,20.75,25.65,20.75,25.55,228279
2010-08-02 00:00:00+05:30,26.45,27.1,22.8,23.35,106830
2010-08-03 00:00:00+05:30,23.25,23.25,22.3,22.75,19407
2010-08-04 00:00:00+05:30,23.7,23.7,22.35,22.85,9260
2010-08-05 00:00:00+05:30,23.0,23.4,22.15,22.4,10961
2010-08-06 00:00:00+05:30,22.15,22.9,22.0,22.1,12275
2010-08-09 00:00:00+05:30,22.0,22.85,20.55,22.35,9283
2010-08-10 00:00:00+05:30,21.5,22.35,21.5,22.0,5716
2010-08-11 00:00:00+05:30,22.05,22.45,21.6,22.3,5034
2010-08-12 00:00:00+05:30,21.5,22.7,21.15,22.15,2132
2010-08-13 00:00:00+05:30,25.45,25.45,21.2,22.95,284264
2010-08-16 00:00:00+05:30,23.5,23.8,22.1,22.2,8585
2010-08-17 00:00:00+05:30,25.75,25.75,22.7,22.7,7636
2010-08-18 00:00:00+05:30,22.65,22.85,22.15,22.5,6673
2010-08-19 00:00:00+05:30,22.4,23.45,22.4,22.85,3895
2010-08-20 00:00:00+05:30,22.3,23.3,22.3,22.65,6771
2010-08-23 00:00:00+05:30,22.65,23.4,22.65,23.4,1781
2010-08-24 00:00:00+05:30,22.8,22.8,22.05,22.25,7730
2010-08-25 00:00:00+05:30,22.5,22.5,22.1,22.25,812
2010-08-26 00:00:00+05:30,21.65,22.5,21.6,22.05,2531
2010-08-27 00:00:00+05:30,21.8,22.7,21.8,22.05,1248
2010-08-30 00:00:00+05:30,22.0,22.15,21.05,21.45,2153
2010-08-31 00:00:00+05:30,21.4,21.75,21.1,21.75,4330
2010-09-01 00:00:00+05:30,21.7,23.7,21.3,21.8,3707
2010-09-02 00:00:00+05:30,21.6,22.85,21.5,22.0,3999
2010-09-03 00:00:00+05:30,22.0,22.15,21.7,21.85,2443
2010-09-06 00:00:00+05:30,21.65,22.7,21.5,22.35,3079
2010-09-07 00:00:00+05:30,22.15,22.3,21.4,21.65,13202
2010-09-08 00:00:00+05:30,22.05,22.3,21.85,22.05,3350
2010-09-09 00:00:00+05:30,22.25,22.3,21.6,21.8,6866
2010-09-13 00:00:00+05:30,22.25,22.25,21.7,21.7,1431
2010-09-14 00:00:00+05:30,21.7,22.25,21.55,21.65,3617
2010-09-15 00:00:00+05:30,21.7,24.55,21.55,24.15,142958
2010-09-16 00:00:00+05:30,24.0,24.5,22.6,23.65,33740
2010-09-17 00:00:00+05:30,25.0,27.6,25.0,25.45,232105
2010-09-20 00:00:00+05:30,25.5,26.35,23.2,23.9,244813
2010-09-21 00:00:00+05:30,24.0,24.95,23.0,23.35,42142
2010-09-22 00:00:00+05:30,22.95,23.5,21.6,22.55,27682
2010-09-23 00:00:00+05:30,21.85,23.5,21.6,22.55,26756
2010-09-24 00:00:00+05:30,22.0,23.0,22.0,22.45,16120
2010-09-27 00:00:00+05:30,22.6,22.85,21.5,21.8,34013
2010-09-28 00:00:00+05:30,22.5,22.5,21.55,21.85,9934
2010-09-29 00:00:00+05:30,22.45,22.5,21.3,21.5,14635
2010-09-30 00:00:00+05:30,21.6,23.65,21.1,22.3,19066
2010-10-01 00:00:00+05:30,22.5,22.5,21.4,22.0,9967
2010-10-04 00:00:00+05:30,22.4,22.4,21.35,22.0,12184
2010-10-05 00:00:00+05:30,21.35,22.65,21.3,22.05,10621
2010-10-06 00:00:00+05:30,22.05,22.45,21.8,21.8,13717
2010-10-07 00:00:00+05:30,21.4,22.45,21.35,21.65,11373
2010-10-08 00:00:00+05:30,20.6,21.75,20.6,21.5,13085
2010-10-11 00:00:00+05:30,22.15,22.15,21.3,21.4,15177
2010-10-12 00:00:00+05:30,21.5,21.7,21.35,21.4,2926
2010-10-13 00:00:00+05:30,21.2,22.0,21.15,21.35,6510
2010-10-14 00:00:00+05:30,21.2,22.0,21.05,21.1,14098
2010-10-15 00:00:00+05:30,21.1,21.8,21.0,21.05,4007
2010-10-18 00:00:00+05:30,21.1,21.3,20.3,21.0,9351
2010-10-19 00:00:00+05:30,20.5,21.0,20.5,20.6,2702
2010-10-20 00:00:00+05:30,20.5,20.95,20.45,20.6,1577
2010-10-21 00:00:00+05:30,20.95,21.0,20.4,20.7,4609
2010-10-22 00:00:00+05:30,20.4,21.5,20.3,20.55,3428
2010-10-25 00:00:00+05:30,20.5,20.75,20.05,20.3,2800
2010-10-26 00:00:00+05:30,20.25,20.6,20.25,20.35,2871
2010-10-27 00:00:00+05:30,20.8,20.8,20.1,20.25,4283
2010-10-28 00:00:00+05:30,20.05,20.15,19.55,19.75,3904
2010-10-29 00:00:00+05:30,19.5,21.3,19.0,19.25,10754
2010-11-01 00:00:00+05:30,19.7,20.8,19.25,19.9,3700
2010-11-02 00:00:00+05:30,20.25,20.95,19.4,19.75,4272
2010-11-03 00:00:00+05:30,20.25,20.25,19.35,19.6,2433
2010-11-04 00:00:00+05:30,19.0,19.9,18.7,19.6,2018
2010-11-05 00:00:00+05:30,20.0,20.0,19.6,19.65,1351
2010-11-08 00:00:00+05:30,20.85,20.9,19.1,20.05,4635
2010-11-09 00:00:00+05:30,19.75,19.9,19.5,19.55,3994
2010-11-10 00:00:00+05:30,19.75,20.0,19.2,19.3,8980
2010-11-11 00:00:00+05:30,19.7,20.25,19.5,19.95,3082
2010-11-12 00:00:00+05:30,20.2,20.2,19.2,19.25,2661
2010-11-15 00:00:00+05:30,19.1,19.75,19.0,19.1,4421
2010-11-16 00:00:00+05:30,18.75,19.5,18.05,18.7,3815
2010-11-18 00:00:00+05:30,18.35,19.3,18.0,18.05,4695
2010-11-19 00:00:00+05:30,18.45,18.8,17.75,18.35,3716
2010-11-22 00:00:00+05:30,18.25,18.5,18.1,18.25,4617
2010-11-23 00:00:00+05:30,18.2,18.9,18.1,18.2,533
2010-11-24 00:00:00+05:30,17.0,19.0,17.0,17.7,942
2010-11-25 00:00:00+05:30,17.3,18.4,17.1,17.1,2156
2010-11-26 00:00:00+05:30,17.7,17.7,15.1,15.75,5097
2010-11-29 00:00:00+05:30,16.0,16.9,15.25,16.0,6711
2010-11-30 00:00:00+05:30,15.2,17.35,15.2,16.85,609
2010-12-01 00:00:00+05:30,16.5,17.5,16.5,17.45,3406
2010-12-02 00:00:00+05:30,16.5,20.95,16.2,20.95,101373
2010-12-03 00:00:00+05:30,22.0,24.45,17.1,17.65,254140
2010-12-06 00:00:00+05:30,17.75,20.5,17.75,18.1,22264
2010-12-07 00:00:00+05:30,17.3,18.1,15.5,16.3,63083
2010-12-08 00:00:00+05:30,16.5,16.75,16.0,16.0,9733
2010-12-09 00:00:00+05:30,16.25,16.95,14.85,15.0,17122
2010-12-10 00:00:00+05:30,15.0,16.75,14.4,16.0,18202
2010-12-13 00:00:00+05:30,16.0,16.0,15.05,15.75,4570
2010-12-14 00:00:00+05:30,14.0,16.75,14.0,16.2,15646
2010-12-15 00:00:00+05:30,15.3,16.35,15.3,16.0,4016
2010-12-16 00:00:00+05:30,14.6,16.75,14.6,15.95,8495
2010-12-20 00:00:00+05:30,13.0,16.3,13.0,15.8,4035
2010-12-21 00:00:00+05:30,16.0,16.5,15.8,16.1,9441
2010-12-22 00:00:00+05:30,15.95,16.35,15.8,15.95,2149
2010-12-23 00:00:00+05:30,15.05,17.0,15.05,15.5,5956
2010-12-24 00:00:00+05:30,14.5,16.25,14.5,16.1,4306
2010-12-27 00:00:00+05:30,16.0,16.3,15.6,15.9,2354
2010-12-28 00:00:00+05:30,15.85,15.9,15.85,15.9,775
2010-12-29 00:00:00+05:30,16.2,16.2,15.75,16.15,2397
2010-12-30 00:00:00+05:30,16.2,16.25,15.7,15.7,1314
2010-12-31 00:00:00+05:30,14.5,16.15,14.5,16.0,1426
2011-01-03 00:00:00+05:30,15.25,17.0,15.25,16.9,12013
2011-01-04 00:00:00+05:30,17.0,17.2,16.6,17.15,5879
2011-01-05 00:00:00+05:30,16.55,17.0,16.5,16.55,2362
2011-01-06 00:00:00+05:30,17.0,17.0,16.4,16.6,3870
2011-01-07 00:00:00+05:30,15.85,16.15,15.75,15.95,3815
2011-01-10 00:00:00+05:30,15.2,15.9,15.2,15.25,6764
2011-01-11 00:00:00+05:30,15.0,16.0,15.0,15.8,422
2011-01-12 00:00:00+05:30,15.15,15.2,15.0,15.1,1755
2011-01-13 00:00:00+05:30,15.0,16.1,14.6,15.05,1422
2011-01-14 00:00:00+05:30,15.0,15.35,15.0,15.35,710
2011-01-17 00:00:00+05:30,15.05,15.05,14.5,14.5,290
2011-01-18 00:00:00+05:30,14.1,14.9,14.0,14.5,1034
2011-01-19 00:00:00+05:30,14.0,15.2,14.0,14.1,4106
2011-01-20 00:00:00+05:30,14.75,14.75,14.05,14.2,2933
2011-01-21 00:00:00+05:30,14.2,14.5,14.2,14.5,552
2011-01-24 00:00:00+05:30,14.55,15.55,14.55,15.0,2992
2011-01-25 00:00:00+05:30,15.5,15.8,14.6,15.1,2378
2011-01-27 00:00:00+05:30,17.25,17.25,14.85,15.4,7107
2011-01-28 00:00:00+05:30,14.9,15.7,13.7,14.35,5884
2011-01-31 00:00:00+05:30,14.0,15.4,13.65,13.9,4779
2011-02-01 00:00:00+05:30,13.65,15.3,13.2,14.25,3418
2011-02-02 00:00:00+05:30,14.95,14.95,13.75,13.9,1188
2011-02-03 00:00:00+05:30,14.2,14.5,13.75,14.3,2424
2011-02-04 00:00:00+05:30,14.0,14.4,13.55,13.9,1787
2011-02-07 00:00:00+05:30,13.55,13.7,13.0,13.5,1649
2011-02-08 00:00:00+05:30,13.4,13.85,13.15,13.15,2060
2011-02-09 00:00:00+05:30,13.0,13.0,12.25,12.8,576
2011-02-10 00:00:00+05:30,12.25,13.0,11.85,12.05,2253
2011-02-11 00:00:00+05:30,13.0,13.65,11.5,12.0,1682
2011-02-14 00:00:00+05:30,13.5,13.5,12.65,13.05,1036
2011-02-15 00:00:00+05:30,13.3,13.65,12.55,13.0,1006
2011-02-16 00:00:00+05:30,13.6,13.6,13.0,13.0,152
2011-02-17 00:00:00+05:30,13.0,13.85,12.25,13.65,792
2011-02-18 00:00:00+05:30,13.65,13.8,13.0,13.0,525
2011-02-21 00:00:00+05:30,12.1,13.5,12.1,12.45,1227
2011-02-22 00:00:00+05:30,13.2,14.95,13.2,14.95,4809
2011-02-23 00:00:00+05:30,17.45,17.95,16.6,17.5,327793
2011-02-24 00:00:00+05:30,17.5,17.5,14.6,15.1,127728
2011-02-25 00:00:00+05:30,14.8,15.2,14.5,15.05,19580
2011-02-28 00:00:00+05:30,14.5,14.7,12.15,14.1,19488
2011-03-01 00:00:00+05:30,13.1,14.7,12.65,13.8,15737
2011-03-03 00:00:00+05:30,14.0,15.15,14.0,14.35,9244
2011-03-04 00:00:00+05:30,14.0,14.8,13.05,14.15,6187
2011-03-07 00:00:00+05:30,13.65,14.0,13.5,14.0,3550
2011-03-08 00:00:00+05:30,14.0,14.5,13.8,13.85,3115
2011-03-09 00:00:00+05:30,13.8,14.35,13.5,14.05,4611
2011-03-10 00:00:00+05:30,13.9,14.55,13.75,14.0,1982
2011-03-11 00:00:00+05:30,13.75,14.35,13.75,14.05,3347
2011-03-14 00:00:00+05:30,13.55,14.35,13.55,14.25,174
2011-03-15 00:00:00+05:30,13.65,13.8,13.55,13.6,3800
2011-03-16 00:00:00+05:30,13.0,13.75,13.0,13.75,2808
2011-03-17 00:00:00+05:30,13.8,13.8,13.15,13.3,410
2011-03-18 00:00:00+05:30,13.3,13.45,13.0,13.05,1340
2011-03-21 00:00:00+05:30,12.75,13.65,12.75,13.6,20832
2011-03-22 00:00:00+05:30,13.0,13.2,13.0,13.2,1140
2011-03-23 00:00:00+05:30,13.45,13.45,13.0,13.0,652
2011-03-24 00:00:00+05:30,12.65,13.0,12.65,12.8,2205
2011-03-25 00:00:00+05:30,12.8,13.0,12.6,13.0,3954
2011-03-28 00:00:00+05:30,12.45,13.3,12.35,12.9,2225
2011-03-29 00:00:00+05:30,12.45,12.45,12.45,12.45,622
2011-03-30 00:00:00+05:30,12.0,12.5,12.0,12.2,4111
2011-03-31 00:00:00+05:30,12.0,12.85,12.0,12.45,2767
2011-04-01 00:00:00+05:30,11.85,13.1,11.85,13.1,3354
2011-04-04 00:00:00+05:30,13.4,13.75,12.65,13.75,1783
2011-04-05 00:00:00+05:30,13.15,14.45,13.15,14.15,4921
2011-04-06 00:00:00+05:30,14.1,14.2,14.0,14.0,592
2011-04-07 00:00:00+05:30,13.9,14.1,13.9,14.0,2567
2011-04-08 00:00:00+05:30,14.0,14.0,13.4,13.95,2867
2011-04-11 00:00:00+05:30,13.25,14.3,13.25,13.5,800
2011-04-13 00:00:00+05:30,13.0,13.9,13.0,13.5,1520
2011-04-15 00:00:00+05:30,13.5,13.95,13.5,13.9,544
2011-04-18 00:00:00+05:30,14.0,14.0,13.8,14.0,2204
2011-04-19 00:00:00+05:30,13.4,14.0,13.4,13.5,300
2011-04-20 00:00:00+05:30,13.4,14.2,13.4,13.5,2571
2011-04-21 00:00:00+05:30,13.0,13.7,13.0,13.15,3938
2011-04-25 00:00:00+05:30,13.0,13.8,13.0,13.8,3462
2011-04-26 00:00:00+05:30,14.0,14.0,13.15,13.15,876
2011-04-27 00:00:00+05:30,13.0,13.65,12.8,13.65,980
2011-04-28 00:00:00+05:30,13.0,13.05,13.0,13.05,621
2011-04-29 00:00:00+05:30,13.0,13.0,12.5,12.6,1767
2011-05-02 00:00:00+05:30,12.6,12.95,12.6,12.9,363
2011-05-03 00:00:00+05:30,13.5,13.5,12.55,12.55,282
2011-05-04 00:00:00+05:30,12.0,13.15,12.0,12.3,2430
2011-05-05 00:00:00+05:30,12.3,12.8,11.9,12.05,685
2011-05-06 00:00:00+05:30,12.05,12.25,11.8,11.9,1665
2011-05-09 00:00:00+05:30,12.35,12.5,12.25,12.5,4188
2011-05-10 00:00:00+05:30,12.1,12.7,11.9,12.0,3171
2011-05-11 00:00:00+05:30,11.85,12.45,11.75,11.95,5683
2011-05-12 00:00:00+05:30,12.55,12.55,12.5,12.55,4036
2011-05-13 00:00:00+05:30,13.1,13.2,13.1,13.2,134
2011-05-16 00:00:00+05:30,13.9,13.9,13.9,13.9,1587
2011-05-17 00:00:00+05:30,14.6,14.6,13.55,14.45,5070
2011-05-18 00:00:00+05:30,15.1,15.2,13.9,14.0,7558
2011-05-19 00:00:00+05:30,13.5,14.6,13.4,13.4,689
2011-05-20 00:00:00+05:30,13.45,13.5,13.05,13.05,803
2011-05-23 00:00:00+05:30,13.2,13.4,12.7,12.7,1558
2011-05-24 00:00:00+05:30,12.5,13.25,12.1,13.2,1388
2011-05-25 00:00:00+05:30,13.5,13.5,12.6,12.6,1770
2011-05-26 00:00:00+05:30,12.5,12.5,12.5,12.5,63
2011-05-27 00:00:00+05:30,12.65,12.75,12.65,12.75,175
2011-05-30 00:00:00+05:30,12.5,12.6,12.5,12.6,1153
2011-05-31 00:00:00+05:30,12.0,13.15,12.0,13.0,1866
2011-06-01 00:00:00+05:30,12.55,13.1,12.55,13.1,511
2011-06-02 00:00:00+05:30,12.7,13.0,12.7,13.0,203
2011-06-03 00:00:00+05:30,12.35,13.65,12.35,13.65,5158
2011-06-06 00:00:00+05:30,13.9,14.2,13.35,13.55,1691
2011-06-07 00:00:00+05:30,13.6,13.6,13.0,13.1,4703
2011-06-09 00:00:00+05:30,13.7,13.7,13.15,13.25,1680
2011-06-13 00:00:00+05:30,12.7,12.7,12.7,12.7,850
2011-06-14 00:00:00+05:30,13.35,13.35,13.35,13.35,300
2011-06-15 00:00:00+05:30,14.05,14.05,13.3,13.95,517
2011-06-16 00:00:00+05:30,13.9,13.95,13.5,13.5,755
2011-06-17 00:00:00+05:30,13.95,14.0,13.0,13.05,4890
2011-06-20 00:00:00+05:30,12.9,13.0,12.55,12.6,5470
2011-06-21 00:00:00+05:30,12.35,12.4,12.35,12.4,700
2011-06-22 00:00:00+05:30,11.9,12.6,11.9,11.95,2010
2011-06-23 00:00:00+05:30,12.05,12.25,12.0,12.25,716
2011-06-24 00:00:00+05:30,11.7,12.2,11.7,12.1,3032
2011-06-28 00:00:00+05:30,12.1,12.25,12.1,12.25,580
2011-06-29 00:00:00+05:30,12.0,12.3,11.8,11.8,4963
2011-06-30 00:00:00+05:30,12.4,12.4,12.0,12.05,4792
2011-07-01 00:00:00+05:30,12.05,12.2,12.05,12.2,1094
2011-07-04 00:00:00+05:30,11.85,12.45,11.85,12.25,1242
2011-07-05 00:00:00+05:30,12.2,12.3,12.2,12.3,20
2011-07-06 00:00:00+05:30,12.75,12.95,12.75,12.95,3332
2011-07-08 00:00:00+05:30,12.6,13.6,12.6,12.75,273
2011-07-11 00:00:00+05:30,12.75,12.85,12.75,12.8,389
2011-07-12 00:00:00+05:30,12.95,12.95,12.25,12.25,237
2011-07-13 00:00:00+05:30,12.1,13.05,12.1,12.1,54
2011-07-14 00:00:00+05:30,13.15,13.15,12.3,13.0,1204
2011-07-15 00:00:00+05:30,12.5,13.1,12.1,12.4,3286
2011-07-18 00:00:00+05:30,12.3,12.3,12.3,12.3,100
2011-07-19 00:00:00+05:30,11.8,12.4,11.7,12.4,1111
2011-07-20 00:00:00+05:30,12.4,12.65,12.35,12.65,710
2011-07-21 00:00:00+05:30,12.75,12.75,12.6,12.75,1308
2011-07-22 00:00:00+05:30,12.5,12.5,11.7,12.35,2828
2011-07-25 00:00:00+05:30,12.2,12.45,12.15,12.15,1116
2011-07-26 00:00:00+05:30,11.75,12.4,11.75,12.0,211
2011-07-27 00:00:00+05:30,11.8,12.45,11.8,12.05,478
2011-07-28 00:00:00+05:30,12.0,12.3,11.95,12.3,1000
2011-07-29 00:00:00+05:30,12.0,12.3,12.0,12.15,732
2011-08-01 00:00:00+05:30,12.45,12.45,12.0,12.0,1220
2011-08-02 00:00:00+05:30,11.9,12.25,11.9,12.05,373
2011-08-03 00:00:00+05:30,12.0,12.0,11.7,11.9,1932
2011-08-04 00:00:00+05:30,11.6,12.05,11.6,12.0,854
2011-08-05 00:00:00+05:30,11.5,11.8,10.8,11.15,2250
2011-08-08 00:00:00+05:30,10.85,10.95,10.2,10.25,1887
2011-08-09 00:00:00+05:30,10.5,11.25,9.9,10.5,2499
2011-08-10 00:00:00+05:30,10.0,11.5,10.0,11.45,741
2011-08-11 00:00:00+05:30,10.5,11.35,10.5,11.05,2659
2011-08-12 00:00:00+05:30,11.55,11.55,11.05,11.05,473
2011-08-16 00:00:00+05:30,11.0,11.25,11.0,11.25,265
2011-08-17 00:00:00+05:30,11.0,11.0,10.15,10.6,413
2011-08-18 00:00:00+05:30,9.85,11.5,9.55,9.55,6820
2011-08-19 00:00:00+05:30,9.55,9.55,8.8,9.25,2118
2011-08-22 00:00:00+05:30,9.0,10.15,9.0,9.1,162
2011-08-23 00:00:00+05:30,9.0,9.0,9.0,9.0,100
2011-08-24 00:00:00+05:30,9.45,9.45,9.45,9.45,17
2011-08-25 00:00:00+05:30,9.45,9.65,9.45,9.55,2503
2011-08-26 00:00:00+05:30,9.0,9.0,9.0,9.0,600
2011-08-29 00:00:00+05:30,9.5,9.55,9.35,9.35,181
2011-08-30 00:00:00+05:30,9.0,10.3,9.0,10.05,5860
2011-09-02 00:00:00+05:30,9.3,10.6,9.25,10.35,2760
2011-09-05 00:00:00+05:30,10.0,10.0,10.0,10.0,1118
2011-09-06 00:00:00+05:30,10.25,10.25,9.5,10.25,1200
2011-09-07 00:00:00+05:30,10.55,10.55,10.0,10.0,105
2011-09-08 00:00:00+05:30,10.05,10.05,10.05,10.05,200
2011-09-09 00:00:00+05:30,10.35,11.0,10.35,10.85,450
2011-09-12 00:00:00+05:30,10.7,10.7,10.3,10.35,975
2011-09-13 00:00:00+05:30,10.05,10.85,10.0,10.15,2201
2011-09-14 00:00:00+05:30,10.85,10.9,10.85,10.9,1000
2011-09-15 00:00:00+05:30,10.15,13.0,10.15,11.45,7173
2011-09-16 00:00:00+05:30,11.15,11.15,10.65,11.0,590
2011-09-19 00:00:00+05:30,10.7,11.5,10.4,10.45,958
2011-09-20 00:00:00+05:30,10.1,11.0,10.0,10.25,1550
2011-09-21 00:00:00+05:30,10.3,11.2,10.25,10.35,866
2011-09-22 00:00:00+05:30,11.7,11.7,10.05,10.5,1265
2011-09-23 00:00:00+05:30,10.5,11.0,10.1,10.3,346
2011-09-26 00:00:00+05:30,9.5,10.0,8.55,10.0,893
2011-09-27 00:00:00+05:30,9.95,10.0,9.35,9.8,3849
2011-09-28 00:00:00+05:30,9.35,9.75,9.0,9.75,1306
2011-09-29 00:00:00+05:30,10.5,10.5,10.5,10.5,1
2011-09-30 00:00:00+05:30,10.0,10.2,9.6,10.2,466
2011-10-03 00:00:00+05:30,9.85,10.5,9.25,10.35,1530
2011-10-04 00:00:00+05:30,10.0,11.55,9.0,9.5,5237
2011-10-05 00:00:00+05:30,9.15,10.45,9.15,9.85,2208
2011-10-07 00:00:00+05:30,9.35,10.05,9.05,9.25,4995
2011-10-10 00:00:00+05:30,10.35,10.35,9.3,9.3,1133
2011-10-11 00:00:00+05:30,9.25,9.25,9.25,9.25,16
2011-10-12 00:00:00+05:30,9.9,9.9,9.9,9.9,200
2011-10-13 00:00:00+05:30,9.85,10.0,9.5,10.0,2058
2011-10-17 00:00:00+05:30,9.7,9.7,9.25,9.25,928
2011-10-18 00:00:00+05:30,9.15,9.2,9.15,9.2,21
2011-10-19 00:00:00+05:30,9.0,9.5,9.0,9.5,2085
2011-10-20 00:00:00+05:30,9.5,10.35,9.5,10.15,51
2011-10-21 00:00:00+05:30,9.6,9.9,9.15,9.5,2264
2011-10-24 00:00:00+05:30,9.3,9.3,9.3,9.3,100
2011-10-25 00:00:00+05:30,9.3,9.3,9.3,9.3,24
2011-10-28 00:00:00+05:30,9.5,9.6,9.5,9.6,952
2011-10-31 00:00:00+05:30,9.5,9.5,9.5,9.5,1500
2011-11-01 00:00:00+05:30,9.5,9.7,9.5,9.5,786
2011-11-02 00:00:00+05:30,10.0,10.0,9.55,9.75,711
2011-11-04 00:00:00+05:30,9.75,10.4,9.75,10.05,2
2011-11-08 00:00:00+05:30,10.0,10.0,9.6,9.6,935
2011-11-09 00:00:00+05:30,9.45,9.95,9.45,9.7,4
2011-11-11 00:00:00+05:30,9.65,9.65,9.55,9.65,5800
2011-11-14 00:00:00+05:30,9.3,9.5,9.3,9.5,200
2011-11-15 00:00:00+05:30,9.05,9.25,9.0,9.0,1596
2011-11-16 00:00:00+05:30,9.0,9.45,9.0,9.4,1034
2011-11-17 00:00:00+05:30,9.1,9.1,9.1,9.1,601
2011-11-18 00:00:00+05:30,9.1,9.85,9.1,9.85,231
2011-11-21 00:00:00+05:30,9.1,9.1,9.0,9.0,900
2011-11-22 00:00:00+05:30,9.0,9.5,9.0,9.0,211
2011-11-23 00:00:00+05:30,9.0,9.05,9.0,9.05,542
2011-11-24 00:00:00+05:30,9.0,10.0,9.0,9.95,1604
2011-11-25 00:00:00+05:30,9.7,9.7,9.7,9.7,854
2011-11-28 00:00:00+05:30,10.0,10.0,9.95,10.0,2201
2011-11-29 00:00:00+05:30,9.75,10.85,9.75,10.0,76
2011-11-30 00:00:00+05:30,9.7,9.7,9.7,9.7,1
2011-12-01 00:00:00+05:30,9.35,9.35,9.0,9.2,190
2011-12-02 00:00:00+05:30,9.0,9.25,8.9,9.25,201
2011-12-05 00:00:00+05:30,9.05,9.15,8.5,8.5,8445
2011-12-07 00:00:00+05:30,8.75,8.8,8.25,8.3,7643
2011-12-08 00:00:00+05:30,8.45,8.45,8.0,8.0,1245
2011-12-09 00:00:00+05:30,8.0,8.0,7.2,7.2,11968
2011-12-12 00:00:00+05:30,7.5,7.5,6.85,6.85,25895
2011-12-13 00:00:00+05:30,7.0,7.1,6.55,6.65,1545
2011-12-14 00:00:00+05:30,6.4,6.5,6.35,6.35,1600
2011-12-15 00:00:00+05:30,6.1,6.15,6.05,6.1,3058
2011-12-16 00:00:00+05:30,6.4,6.4,5.85,6.0,2203
2011-12-19 00:00:00+05:30,5.75,5.85,5.7,5.8,1225
2011-12-20 00:00:00+05:30,6.05,6.05,6.05,6.05,5
2011-12-21 00:00:00+05:30,6.2,6.2,6.15,6.15,200
2011-12-23 00:00:00+05:30,5.95,6.45,5.9,6.45,450
2011-12-26 00:00:00+05:30,6.45,6.65,6.2,6.45,727
2011-12-27 00:00:00+05:30,6.75,6.75,6.15,6.2,1503
2011-12-28 00:00:00+05:30,5.95,6.45,5.95,6.05,1270
2011-12-29 00:00:00+05:30,6.35,6.35,5.75,5.75,3280
2012-01-03 00:00:00+05:30,5.85,5.85,5.85,5.85,1123
2012-01-05 00:00:00+05:30,6.1,6.1,6.1,6.1,551
2012-01-09 00:00:00+05:30,6.2,6.7,6.2,6.7,632
2012-01-10 00:00:00+05:30,6.6,6.7,6.6,6.7,525
2012-01-11 00:00:00+05:30,7.35,7.35,7.35,7.35,310
2012-01-12 00:00:00+05:30,8.0,8.0,7.1,7.8,3
2012-01-13 00:00:00+05:30,8.0,8.0,7.55,7.55,400
2012-01-16 00:00:00+05:30,7.55,7.9,7.55,7.9,251
2012-01-17 00:00:00+05:30,7.95,8.0,7.5,8.0,3410
2012-01-18 00:00:00+05:30,7.9,8.0,7.6,7.6,1009
2012-01-19 00:00:00+05:30,7.6,7.6,7.25,7.25,100
2012-01-20 00:00:00+05:30,7.0,7.05,7.0,7.0,354
2012-01-23 00:00:00+05:30,6.7,6.7,6.7,6.7,200
2012-01-24 00:00:00+05:30,6.6,6.6,6.6,6.6,65
2012-01-25 00:00:00+05:30,6.9,6.9,6.9,6.9,100
2012-01-27 00:00:00+05:30,6.9,7.0,6.9,7.0,201
2012-01-30 00:00:00+05:30,7.25,7.35,7.25,7.35,800
2012-02-01 00:00:00+05:30,7.05,7.45,7.05,7.45,10300
2012-02-03 00:00:00+05:30,7.7,7.8,7.7,7.8,999
2012-02-06 00:00:00+05:30,7.55,7.8,7.55,7.55,2000
2012-02-07 00:00:00+05:30,7.85,7.9,7.85,7.9,525
2012-02-08 00:00:00+05:30,7.8,7.8,7.8,7.8,500
2012-02-10 00:00:00+05:30,7.8,8.0,7.8,8.0,250
2012-02-14 00:00:00+05:30,7.65,8.35,7.6,8.25,9039
2012-02-15 00:00:00+05:30,8.3,8.3,7.85,7.85,749
2012-02-16 00:00:00+05:30,8.2,8.2,8.2,8.2,1
2012-02-17 00:00:00+05:30,8.1,8.5,8.1,8.5,625
2012-02-21 00:00:00+05:30,8.4,8.75,8.25,8.75,1902
2012-02-23 00:00:00+05:30,8.35,8.35,8.35,8.35,401
2012-02-29 00:00:00+05:30,8.6,8.6,8.6,8.6,100
2012-03-01 00:00:00+05:30,8.65,8.7,8.25,8.5,2576
2012-03-02 00:00:00+05:30,8.2,8.7,8.2,8.2,408
2012-03-05 00:00:00+05:30,7.8,8.0,7.8,8.0,1011
2012-03-07 00:00:00+05:30,7.3,7.9,7.2,7.9,102
2012-03-09 00:00:00+05:30,7.5,7.9,7.5,7.9,1126
2012-03-12 00:00:00+05:30,7.65,7.65,7.65,7.65,50
2012-03-13 00:00:00+05:30,7.4,7.4,7.25,7.3,3490
2012-03-14 00:00:00+05:30,7.0,7.8,7.0,7.65,1960
2012-03-15 00:00:00+05:30,7.85,7.85,7.35,7.35,400
2012-03-16 00:00:00+05:30,7.3,7.35,7.2,7.35,801
2012-03-19 00:00:00+05:30,7.25,7.25,7.25,7.25,599
2012-03-20 00:00:00+05:30,7.9,7.9,7.9,7.9,250
2012-03-22 00:00:00+05:30,7.5,7.5,7.25,7.25,246
2012-03-23 00:00:00+05:30,7.1,7.1,6.95,6.95,1550
2012-03-26 00:00:00+05:30,7.6,7.6,6.95,7.45,4696
2012-03-27 00:00:00+05:30,6.9,7.9,6.9,7.85,2732
2012-03-28 00:00:00+05:30,7.2,7.2,7.1,7.1,1970
2012-03-29 00:00:00+05:30,7.1,7.3,6.4,6.9,270
2012-03-30 00:00:00+05:30,6.7,7.25,6.7,7.05,1352
2012-04-02 00:00:00+05:30,6.95,7.6,6.95,7.5,406
2012-04-03 00:00:00+05:30,7.2,7.2,7.2,7.2,35
2012-04-04 00:00:00+05:30,7.2,7.2,7.2,7.2,114
2012-04-09 00:00:00+05:30,7.2,7.2,7.2,7.2,995
2012-04-10 00:00:00+05:30,7.0,7.0,6.55,6.55,1634
2012-04-11 00:00:00+05:30,6.4,6.65,6.4,6.65,134
2012-04-12 00:00:00+05:30,7.0,7.0,7.0,7.0,25
2012-04-13 00:00:00+05:30,7.3,7.3,7.1,7.2,131
2012-04-16 00:00:00+05:30,7.15,7.2,7.15,7.2,1459
2012-04-17 00:00:00+05:30,6.85,6.85,6.85,6.85,100
2012-04-18 00:00:00+05:30,6.85,7.2,6.85,7.2,1349
2012-04-19 00:00:00+05:30,7.2,7.2,7.2,7.2,500
2012-04-20 00:00:00+05:30,6.85,7.15,6.85,7.15,689
2012-04-23 00:00:00+05:30,6.85,6.85,6.85,6.85,170
2012-04-24 00:00:00+05:30,6.85,6.85,6.6,6.6,528
2012-04-26 00:00:00+05:30,6.0,7.0,6.0,6.5,247
2012-04-27 00:00:00+05:30,6.45,6.85,6.2,6.85,4400
2012-04-28 00:00:00+05:30,7.1,7.1,7.1,7.1,50
2012-04-30 00:00:00+05:30,6.45,6.6,6.45,6.6,993
2012-05-02 00:00:00+05:30,6.45,6.5,6.45,6.5,239
2012-05-03 00:00:00+05:30,6.0,6.65,6.0,6.65,1224
2012-05-04 00:00:00+05:30,6.05,6.85,6.05,6.45,502
2012-05-08 00:00:00+05:30,6.45,6.8,6.45,6.55,275
2012-05-09 00:00:00+05:30,6.45,6.8,6.1,6.8,251
2012-05-10 00:00:00+05:30,6.45,6.75,6.45,6.75,2
2012-05-11 00:00:00+05:30,6.1,6.3,6.1,6.3,725
2012-05-14 00:00:00+05:30,6.15,6.15,6.15,6.15,45
2012-05-15 00:00:00+05:30,6.1,6.4,6.1,6.4,201
2012-05-17 00:00:00+05:30,6.45,6.45,6.45,6.45,50
2012-05-18 00:00:00+05:30,6.0,6.7,6.0,6.7,96
2012-05-22 00:00:00+05:30,6.15,6.45,6.15,6.45,464
2012-05-23 00:00:00+05:30,6.0,6.85,6.0,6.85,94
2012-05-25 00:00:00+05:30,6.85,6.85,6.45,6.45,550
2012-05-28 00:00:00+05:30,6.0,6.9,6.0,6.55,1445
2012-05-29 00:00:00+05:30,6.0,6.7,6.0,6.35,59
2012-05-30 00:00:00+05:30,6.15,6.85,6.15,6.8,637
2012-05-31 00:00:00+05:30,6.45,6.7,6.2,6.7,3050
2012-06-01 00:00:00+05:30,6.25,7.3,6.1,6.7,11471
2012-06-04 00:00:00+05:30,6.2,6.7,6.05,6.45,4933
2012-06-05 00:00:00+05:30,6.15,6.75,6.15,6.75,101
2012-06-06 00:00:00+05:30,6.3,6.65,6.3,6.5,507
2012-06-08 00:00:00+05:30,6.2,7.1,6.2,6.9,6516
2012-06-11 00:00:00+05:30,6.35,7.4,6.35,7.2,699
2012-06-12 00:00:00+05:30,6.85,6.9,6.85,6.85,67
2012-06-13 00:00:00+05:30,7.2,7.2,7.05,7.15,1660
2012-06-14 00:00:00+05:30,7.1,7.1,7.1,7.1,600
2012-06-15 00:00:00+05:30,7.05,7.15,7.05,7.15,100
2012-06-19 00:00:00+05:30,6.55,7.55,6.55,7.05,600
2012-06-20 00:00:00+05:30,6.65,7.4,6.65,7.4,432
2012-06-21 00:00:00+05:30,6.95,7.0,6.95,7.0,300
2012-06-22 00:00:00+05:30,6.75,7.45,6.75,7.1,600
2012-06-25 00:00:00+05:30,6.75,7.0,6.75,7.0,1743
2012-06-26 00:00:00+05:30,7.2,7.2,7.2,7.2,1
2012-06-27 00:00:00+05:30,6.9,6.9,6.9,6.9,150
2012-06-28 00:00:00+05:30,6.85,6.85,6.85,6.85,4
2012-06-29 00:00:00+05:30,7.2,7.2,6.9,7.2,167
2012-07-03 00:00:00+05:30,7.2,7.2,7.2,7.2,10001
2012-07-04 00:00:00+05:30,7.55,7.55,7.0,7.25,149
2012-07-05 00:00:00+05:30,7.4,7.4,7.2,7.25,250
2012-07-06 00:00:00+05:30,6.95,7.4,6.95,7.4,328
2012-07-09 00:00:00+05:30,7.05,7.25,7.05,7.25,110
2012-07-10 00:00:00+05:30,7.35,7.6,7.2,7.2,2556
2012-07-11 00:00:00+05:30,7.3,7.3,7.3,7.3,18
2012-07-12 00:00:00+05:30,7.0,7.0,7.0,7.0,143
2012-07-13 00:00:00+05:30,7.25,7.35,7.25,7.25,32850
2012-07-16 00:00:00+05:30,7.25,7.25,7.25,7.25,302
2012-07-17 00:00:00+05:30,7.6,7.6,7.2,7.55,553
2012-07-18 00:00:00+05:30,7.2,7.2,7.2,7.2,1270
2012-07-19 00:00:00+05:30,7.2,7.2,7.2,7.2,565
2012-07-20 00:00:00+05:30,7.3,7.3,7.3,7.3,100
2012-07-24 00:00:00+05:30,7.3,7.3,7.2,7.2,31
2012-07-26 00:00:00+05:30,7.25,7.55,7.2,7.45,606
2012-07-27 00:00:00+05:30,7.6,7.6,7.2,7.2,350
2012-07-30 00:00:00+05:30,7.2,7.2,7.15,7.15,325
2012-07-31 00:00:00+05:30,7.15,7.35,7.1,7.35,550
2012-08-01 00:00:00+05:30,7.4,7.4,7.4,7.4,2508
2012-08-02 00:00:00+05:30,7.75,7.75,7.75,7.75,500
2012-08-03 00:00:00+05:30,7.6,7.6,7.6,7.6,400
2012-08-06 00:00:00+05:30,7.95,7.95,7.95,7.95,26
2012-08-07 00:00:00+05:30,7.95,8.05,7.65,8.0,1301
2012-08-08 00:00:00+05:30,7.65,7.8,7.65,7.75,1060
2012-08-09 00:00:00+05:30,7.95,7.95,7.95,7.95,100
2012-08-14 00:00:00+05:30,7.6,7.6,7.6,7.6,300
2012-08-16 00:00:00+05:30,7.5,7.5,7.5,7.5,100
2012-08-21 00:00:00+05:30,7.15,7.2,7.15,7.15,349
2012-08-22 00:00:00+05:30,6.85,7.0,6.8,7.0,125
2012-08-23 00:00:00+05:30,7.15,7.2,7.0,7.2,553
2012-08-24 00:00:00+05:30,6.85,6.85,6.85,6.85,200
2012-08-27 00:00:00+05:30,6.55,6.8,6.55,6.65,300
2012-08-28 00:00:00+05:30,6.35,6.8,6.35,6.4,2003
2012-08-29 00:00:00+05:30,6.15,6.15,6.15,6.15,20
2012-08-30 00:00:00+05:30,6.0,6.4,6.0,6.4,240
2012-09-03 00:00:00+05:30,6.25,6.35,6.25,6.35,116
2012-09-04 00:00:00+05:30,6.1,6.1,6.1,6.1,112
2012-09-05 00:00:00+05:30,6.1,6.1,6.1,6.1,755
2012-09-06 00:00:00+05:30,6.0,6.15,6.0,6.1,905
2012-09-07 00:00:00+05:30,6.0,6.0,5.85,6.0,970
2012-09-10 00:00:00+05:30,6.0,6.0,6.0,6.0,185
2012-09-11 00:00:00+05:30,6.0,6.3,6.0,6.0,815
2012-09-12 00:00:00+05:30,6.0,6.25,6.0,6.25,266
2012-09-13 00:00:00+05:30,6.35,6.55,6.35,6.55,75
2012-09-14 00:00:00+05:30,6.55,6.6,6.55,6.6,1331
2012-09-17 00:00:00+05:30,6.3,6.9,6.3,6.9,805
2012-09-18 00:00:00+05:30,6.75,7.2,6.75,7.2,655
2012-09-20 00:00:00+05:30,6.85,7.15,6.85,6.85,1033
2012-09-21 00:00:00+05:30,6.85,7.15,6.85,7.15,814
2012-09-24 00:00:00+05:30,6.8,7.15,6.8,7.15,1075
2012-09-25 00:00:00+05:30,6.85,7.4,6.85,7.2,340
2012-09-26 00:00:00+05:30,7.15,7.15,7.15,7.15,74
2012-09-27 00:00:00+05:30,7.15,7.15,7.15,7.15,100
2012-09-28 00:00:00+05:30,6.8,6.85,6.8,6.8,476
2012-10-01 00:00:00+05:30,7.0,7.05,7.0,7.05,1547
2012-10-03 00:00:00+05:30,7.3,7.35,7.25,7.3,530
2012-10-04 00:00:00+05:30,7.25,7.3,7.0,7.3,1250
2012-10-05 00:00:00+05:30,7.3,7.65,6.95,7.4,5044
2012-10-08 00:00:00+05:30,7.1,7.1,7.1,7.1,143
2012-10-09 00:00:00+05:30,7.45,7.45,7.45,7.45,1100
2012-10-10 00:00:00+05:30,7.8,7.8,7.8,7.8,3903
2012-10-11 00:00:00+05:30,7.9,8.15,7.9,8.15,2743
2012-10-12 00:00:00+05:30,8.55,8.55,8.55,8.55,100
2012-10-15 00:00:00+05:30,8.25,8.5,8.15,8.2,2280
2012-10-16 00:00:00+05:30,7.95,7.95,7.8,7.85,2226
2012-10-17 00:00:00+05:30,7.6,7.6,7.6,7.6,203
2012-10-18 00:00:00+05:30,7.8,7.8,7.35,7.45,125
2012-10-19 00:00:00+05:30,7.8,7.8,7.8,7.8,1002
2012-10-22 00:00:00+05:30,8.0,8.0,8.0,8.0,260
2012-10-23 00:00:00+05:30,7.8,7.8,7.6,7.6,173
2012-10-25 00:00:00+05:30,7.8,7.8,7.8,7.8,60
2012-10-26 00:00:00+05:30,7.45,7.65,7.45,7.65,100
2012-10-30 00:00:00+05:30,7.3,7.3,7.3,7.3,100
2012-10-31 00:00:00+05:30,7.2,7.4,7.0,7.2,414
2012-11-01 00:00:00+05:30,7.25,7.25,7.25,7.25,400
2012-11-02 00:00:00+05:30,7.0,7.6,7.0,7.6,1401
2012-11-07 00:00:00+05:30,7.35,7.35,7.35,7.35,49
2012-11-08 00:00:00+05:30,7.1,7.3,7.1,7.3,536
2012-11-12 00:00:00+05:30,7.65,7.65,7.5,7.65,1602
2012-11-13 00:00:00+05:30,7.65,7.7,7.65,7.7,6
2012-11-15 00:00:00+05:30,8.0,8.0,8.0,8.0,139
2012-11-16 00:00:00+05:30,7.65,7.65,7.65,7.65,10
2012-11-20 00:00:00+05:30,7.45,7.45,7.45,7.45,1
2012-11-21 00:00:00+05:30,7.8,7.8,7.8,7.8,400
2012-11-22 00:00:00+05:30,7.55,7.55,7.45,7.45,2000
2012-11-23 00:00:00+05:30,7.4,7.4,7.4,7.4,2000
2012-11-27 00:00:00+05:30,7.15,7.5,7.15,7.4,605
2012-11-29 00:00:00+05:30,7.15,7.15,7.15,7.15,50
2012-12-03 00:00:00+05:30,7.2,7.2,7.2,7.2,50
2012-12-04 00:00:00+05:30,7.1,7.1,7.1,7.1,190
2012-12-05 00:00:00+05:30,6.8,7.45,6.8,7.45,396
2012-12-06 00:00:00+05:30,7.65,7.65,7.65,7.65,100
2012-12-07 00:00:00+05:30,7.85,8.0,7.85,8.0,1025
2012-12-10 00:00:00+05:30,8.4,8.4,8.35,8.4,973
2012-12-11 00:00:00+05:30,8.8,8.8,8.2,8.25,621
2012-12-12 00:00:00+05:30,8.0,8.0,7.85,7.85,550
2012-12-13 00:00:00+05:30,7.75,7.75,7.75,7.75,705
2012-12-14 00:00:00+05:30,7.55,7.55,7.5,7.55,449
2012-12-17 00:00:00+05:30,7.8,7.8,7.8,7.8,100
2012-12-18 00:00:00+05:30,7.45,7.55,7.45,7.55,100
2012-12-19 00:00:00+05:30,7.4,7.4,7.4,7.4,100
2012-12-20 00:00:00+05:30,7.35,7.75,7.35,7.75,500
2012-12-21 00:00:00+05:30,7.6,7.6,7.5,7.5,900
2012-12-24 00:00:00+05:30,7.2,7.35,7.15,7.15,3885
2012-12-26 00:00:00+05:30,7.2,7.2,7.0,7.0,308
2012-12-27 00:00:00+05:30,7.0,7.0,6.65,6.7,1445
2012-12-28 00:00:00+05:30,6.45,6.95,6.45,6.65,778
2012-12-31 00:00:00+05:30,6.6,6.85,6.6,6.8,1015
2013-01-01 00:00:00+05:30,6.85,7.0,6.7,6.75,1107
2013-01-02 00:00:00+05:30,6.7,6.75,6.7,6.75,650
2013-01-03 00:00:00+05:30,6.45,7.05,6.45,7.05,213
2013-01-04 00:00:00+05:30,7.4,7.4,7.25,7.25,302
2013-01-07 00:00:00+05:30,7.2,7.25,7.2,7.25,550
2013-01-08 00:00:00+05:30,7.0,7.5,7.0,7.0,643
2013-01-09 00:00:00+05:30,7.0,7.0,7.0,7.0,241
2013-01-11 00:00:00+05:30,7.0,7.0,6.8,7.0,2420
2013-01-15 00:00:00+05:30,6.8,7.35,6.8,7.0,358
2013-01-16 00:00:00+05:30,7.0,7.0,7.0,7.0,100
2013-01-18 00:00:00+05:30,6.7,6.7,6.7,6.7,25
2013-01-21 00:00:00+05:30,6.4,6.9,6.4,6.9,1291
2013-01-22 00:00:00+05:30,6.6,6.7,6.6,6.6,2552
2013-01-23 00:00:00+05:30,6.3,6.8,6.3,6.7,710
2013-01-24 00:00:00+05:30,6.5,6.5,6.5,6.5,25
2013-01-25 00:00:00+05:30,6.8,6.8,6.8,6.8,100
2013-01-29 00:00:00+05:30,6.5,6.6,6.5,6.55,1230
2013-01-30 00:00:00+05:30,6.25,6.65,6.25,6.25,1208
2013-01-31 00:00:00+05:30,6.35,6.55,6.35,6.55,3090
2013-02-01 00:00:00+05:30,6.75,6.85,6.75,6.85,2156
2013-02-04 00:00:00+05:30,6.9,7.15,6.9,7.15,312
2013-02-05 00:00:00+05:30,6.95,6.95,6.8,6.8,1275
2013-02-06 00:00:00+05:30,7.1,7.1,7.0,7.0,1525
2013-02-07 00:00:00+05:30,7.2,7.25,7.0,7.0,1675
2013-02-08 00:00:00+05:30,6.9,6.9,6.65,6.65,1125
2013-02-11 00:00:00+05:30,6.8,6.8,6.5,6.5,1025
2013-02-13 00:00:00+05:30,6.2,6.2,6.2,6.2,492
2013-02-14 00:00:00+05:30,5.95,6.0,5.9,5.9,1066
2013-02-15 00:00:00+05:30,5.8,5.95,5.8,5.8,165
2013-02-18 00:00:00+05:30,5.65,6.05,5.65,6.05,250
2013-02-19 00:00:00+05:30,6.0,6.05,5.75,5.85,1773
2013-02-20 00:00:00+05:30,6.0,6.0,5.65,5.65,315
2013-02-21 00:00:00+05:30,5.6,5.9,5.6,5.9,180
2013-02-22 00:00:00+05:30,5.7,6.05,5.65,5.65,1830
2013-02-25 00:00:00+05:30,5.4,5.5,5.4,5.5,668
2013-02-26 00:00:00+05:30,5.6,5.6,5.25,5.25,140
2013-02-27 00:00:00+05:30,5.3,5.3,5.0,5.3,304
2013-02-28 00:00:00+05:30,5.05,5.05,5.05,5.05,8
2013-03-01 00:00:00+05:30,5.0,5.0,5.0,5.0,230
2013-03-04 00:00:00+05:30,5.0,5.25,4.75,4.75,82
2013-03-05 00:00:00+05:30,4.75,4.75,4.75,4.75,190
2013-03-06 00:00:00+05:30,4.95,4.95,4.95,4.95,10
2013-03-08 00:00:00+05:30,4.95,5.0,4.95,5.0,4
2013-03-11 00:00:00+05:30,5.2,5.25,5.2,5.25,461
2013-03-12 00:00:00+05:30,5.15,5.15,5.15,5.15,59
2013-03-13 00:00:00+05:30,5.15,5.15,5.15,5.15,11
2013-03-15 00:00:00+05:30,5.35,5.35,5.35,5.35,100
2013-03-18 00:00:00+05:30,5.1,5.4,5.1,5.4,1525
2013-03-19 00:00:00+05:30,5.4,5.4,5.15,5.3,511
2013-03-20 00:00:00+05:30,5.3,5.3,5.05,5.05,70
2013-04-01 00:00:00+05:30,4.45,4.45,4.45,4.45,100
2013-04-02 00:00:00+05:30,4.65,4.65,4.55,4.65,1435
2013-04-03 00:00:00+05:30,4.6,4.8,4.6,4.65,791
2013-04-04 00:00:00+05:30,4.65,4.8,4.65,4.65,200
2013-04-05 00:00:00+05:30,4.65,4.8,4.65,4.75,325
2013-08-26 00:00:00+05:30,5.25,5.25,5.25,5.25,100
2013-08-27 00:00:00+05:30,5.0,5.0,5.0,5.0,700
2013-08-28 00:00:00+05:30,5.2,5.2,5.2,5.2,85
2013-09-13 00:00:00+05:30,5.4,5.4,5.4,5.4,75
2013-11-08 00:00:00+05:30,5.6,5.6,5.6,5.6,5
2013-11-18 00:00:00+05:30,5.35,5.35,5.35,5.35,1000
2013-11-19 00:00:00+05:30,5.2,5.2,5.2,5.2,400
2013-11-26 00:00:00+05:30,4.95,4.95,4.95,4.95,500
2013-12-02 00:00:00+05:30,4.75,4.75,4.75,4.75,500
2013-12-09 00:00:00+05:30,4.95,4.95,4.95,4.95,427
2013-12-10 00:00:00+05:30,5.15,5.15,5.15,5.15,5
2013-12-11 00:00:00+05:30,4.9,4.9,4.9,4.9,999
2013-12-19 00:00:00+05:30,5.05,5.05,5.05,5.05,5
2013-12-31 00:00:00+05:30,5.25,5.25,5.25,5.25,1346
2014-01-17 00:00:00+05:30,5.0,5.0,5.0,5.0,501
2014-01-20 00:00:00+05:30,4.75,4.75,4.75,4.75,225
2014-01-21 00:00:00+05:30,4.6,4.95,4.6,4.75,18
2014-01-22 00:00:00+05:30,4.95,4.95,4.75,4.75,1435
2014-01-23 00:00:00+05:30,4.8,4.8,4.75,4.75,300
2014-01-24 00:00:00+05:30,4.9,4.9,4.75,4.75,102
2014-01-27 00:00:00+05:30,4.95,4.95,4.55,4.55,97
2014-01-29 00:00:00+05:30,4.35,4.35,4.35,4.35,400
2014-01-30 00:00:00+05:30,4.15,4.55,4.15,4.55,2930
2014-02-03 00:00:00+05:30,4.5,4.75,4.5,4.75,450
2014-02-04 00:00:00+05:30,4.55,4.95,4.55,4.95,910
2014-02-05 00:00:00+05:30,4.75,5.0,4.75,4.85,214
2014-02-06 00:00:00+05:30,4.85,4.85,4.85,4.85,16
2014-02-07 00:00:00+05:30,4.65,5.05,4.65,5.05,364
2014-02-11 00:00:00+05:30,5.2,5.25,4.8,4.8,125
2014-02-12 00:00:00+05:30,5.0,5.0,4.9,4.9,71
2014-02-13 00:00:00+05:30,4.9,5.1,4.9,5.1,469
2014-02-14 00:00:00+05:30,5.1,5.1,5.1,5.1,10
2014-02-18 00:00:00+05:30,4.85,4.85,4.85,4.85,7
2014-02-19 00:00:00+05:30,4.65,4.65,4.65,4.65,200
2014-02-20 00:00:00+05:30,4.55,4.55,4.45,4.45,706
2014-02-21 00:00:00+05:30,4.3,4.3,4.3,4.3,400
2014-02-24 00:00:00+05:30,4.2,4.2,4.1,4.15,801
2014-02-25 00:00:00+05:30,4.35,4.35,4.35,4.35,100
2014-02-26 00:00:00+05:30,4.3,4.3,4.2,4.2,1371
2014-02-28 00:00:00+05:30,4.25,4.25,4.25,4.25,225
2014-03-03 00:00:00+05:30,4.05,4.1,4.05,4.05,909
2014-03-04 00:00:00+05:30,4.0,4.05,4.0,4.05,802
2014-03-05 00:00:00+05:30,3.95,3.95,3.95,3.95,200
2014-03-06 00:00:00+05:30,3.9,3.9,3.9,3.9,50
2014-03-07 00:00:00+05:30,4.05,4.05,4.05,4.05,100
2014-03-10 00:00:00+05:30,3.85,4.25,3.85,4.05,1050
2014-03-12 00:00:00+05:30,4.1,4.1,4.1,4.1,50
2014-03-13 00:00:00+05:30,3.95,3.95,3.95,3.95,6
2014-03-14 00:00:00+05:30,4.0,4.0,3.9,4.0,633
2014-03-18 00:00:00+05:30,4.1,4.1,3.85,3.95,480
2014-03-20 00:00:00+05:30,3.8,3.8,3.8,3.8,290
2014-03-21 00:00:00+05:30,3.65,3.95,3.65,3.95,1402
2014-03-25 00:00:00+05:30,3.8,3.9,3.8,3.8,257
2014-03-26 00:00:00+05:30,3.65,3.65,3.65,3.65,3029
2014-03-27 00:00:00+05:30,3.5,3.5,3.5,3.5,350
2014-03-28 00:00:00+05:30,3.65,3.65,3.65,3.65,352
2014-03-31 00:00:00+05:30,3.5,3.5,3.5,3.5,23
2014-04-02 00:00:00+05:30,3.4,3.4,3.4,3.4,100
2014-04-03 00:00:00+05:30,3.55,3.55,3.55,3.55,400
2014-04-07 00:00:00+05:30,3.55,3.65,3.55,3.65,2000
2014-04-09 00:00:00+05:30,3.8,3.8,3.8,3.8,2
2014-04-10 00:00:00+05:30,3.9,3.9,3.9,3.9,100
2014-04-11 00:00:00+05:30,3.75,4.05,3.75,4.05,600
2014-04-15 00:00:00+05:30,4.05,4.25,4.0,4.05,1597
2014-04-16 00:00:00+05:30,4.0,4.0,4.0,4.0,108
2014-04-23 00:00:00+05:30,4.2,4.2,3.9,3.9,1901
2014-04-25 00:00:00+05:30,3.8,3.8,3.8,3.8,100
2014-04-28 00:00:00+05:30,3.95,3.95,3.95,3.95,15
2014-05-05 00:00:00+05:30,4.1,4.1,4.1,4.1,300
2014-05-06 00:00:00+05:30,4.2,4.3,4.2,4.3,151
2014-05-09 00:00:00+05:30,4.5,4.5,4.5,4.5,400
2014-05-12 00:00:00+05:30,4.7,4.7,4.7,4.7,50
2014-05-14 00:00:00+05:30,4.7,4.9,4.7,4.9,221
2014-05-15 00:00:00+05:30,4.9,5.1,4.9,5.1,880
2014-05-16 00:00:00+05:30,4.85,5.1,4.85,5.1,1661
2014-05-19 00:00:00+05:30,4.85,5.0,4.85,5.0,200
2014-05-20 00:00:00+05:30,5.25,5.25,5.25,5.25,100
2014-05-21 00:00:00+05:30,5.5,5.5,5.25,5.5,3188
2014-05-22 00:00:00+05:30,5.25,5.75,5.25,5.75,734
2014-05-23 00:00:00+05:30,6.0,6.0,6.0,6.0,3438
2014-05-26 00:00:00+05:30,6.3,6.3,6.3,6.3,675
2014-05-27 00:00:00+05:30,6.0,6.6,6.0,6.3,1151
2014-05-28 00:00:00+05:30,6.3,6.6,6.3,6.6,505
2014-05-29 00:00:00+05:30,6.8,6.9,6.8,6.8,1380
2014-05-30 00:00:00+05:30,7.05,7.1,6.8,6.85,2109
2014-06-02 00:00:00+05:30,6.85,7.15,6.85,7.15,2229
2014-06-03 00:00:00+05:30,7.5,7.5,7.5,7.5,1240
2014-06-04 00:00:00+05:30,7.8,7.85,7.8,7.8,3760
2014-06-05 00:00:00+05:30,8.15,8.15,8.15,8.15,765
2014-06-06 00:00:00+05:30,8.1,8.5,8.1,8.5,1755
2014-06-09 00:00:00+05:30,8.5,8.9,8.5,8.9,658
2014-06-10 00:00:00+05:30,9.3,9.3,9.3,9.3,465
2014-06-11 00:00:00+05:30,9.75,9.75,9.5,9.75,6620
2014-06-12 00:00:00+05:30,9.4,10.2,9.4,10.2,1656
2014-06-13 00:00:00+05:30,10.0,10.7,9.9,10.2,4888
2014-06-16 00:00:00+05:30,10.15,10.7,9.7,10.65,5673
2015-12-28 00:00:00+05:30,7.9,7.9,7.9,7.9,383
2015-12-29 00:00:00+05:30,8.25,8.25,8.25,8.25,105
2015-12-30 00:00:00+05:30,8.65,8.65,8.65,8.65,124
2015-12-31 00:00:00+05:30,9.05,9.05,9.05,9.05,705
2016-01-01 00:00:00+05:30,9.5,9.5,9.5,9.5,644
2016-01-04 00:00:00+05:30,9.5,9.95,9.5,9.95,2204
2016-01-05 00:00:00+05:30,9.65,10.4,9.65,10.4,3160
2016-01-06 00:00:00+05:30,10.9,10.9,10.1,10.9,2652
2016-01-07 00:00:00+05:30,11.4,11.4,10.6,11.4,4567
2016-01-08 00:00:00+05:30,11.95,11.95,11.95,11.95,45
2016-01-11 00:00:00+05:30,12.5,12.5,12.5,12.5,1775
2016-01-12 00:00:00+05:30,13.1,13.1,13.1,13.1,732
2016-01-13 00:00:00+05:30,13.75,13.75,13.7,13.7,8817
2016-01-14 00:00:00+05:30,14.0,14.35,14.0,14.25,4032
2016-01-15 00:00:00+05:30,14.0,14.2,13.55,13.55,8891
2016-01-18 00:00:00+05:30,12.9,12.9,12.9,12.9,1181
2016-01-19 00:00:00+05:30,12.3,12.3,12.3,12.3,80
2016-01-20 00:00:00+05:30,11.7,11.7,11.7,11.7,100
2016-01-21 00:00:00+05:30,11.2,11.2,11.15,11.15,390
2016-01-22 00:00:00+05:30,10.6,10.95,10.6,10.95,125
2016-01-25 00:00:00+05:30,10.95,11.2,10.45,10.75,2523
2016-01-27 00:00:00+05:30,10.3,10.3,10.3,10.3,200
2016-01-28 00:00:00+05:30,9.8,9.8,9.8,9.8,50
2016-01-29 00:00:00+05:30,9.4,9.6,9.4,9.6,50
2016-02-01 00:00:00+05:30,9.6,10.05,9.25,9.25,813
2016-02-02 00:00:00+05:30,8.8,9.7,8.8,9.7,825
2016-02-03 00:00:00+05:30,9.25,9.25,9.25,9.25,25
2016-02-04 00:00:00+05:30,9.0,9.0,8.8,8.8,495
2016-02-05 00:00:00+05:30,8.55,8.55,8.55,8.55,400
2016-02-08 00:00:00+05:30,8.55,8.55,8.55,8.55,300
2016-02-09 00:00:00+05:30,8.3,8.95,8.25,8.3,6391
2016-02-10 00:00:00+05:30,8.7,8.7,8.7,8.7,50
2016-02-11 00:00:00+05:30,8.7,9.1,8.7,8.7,3500
2016-02-12 00:00:00+05:30,9.05,9.05,8.3,8.3,760
2016-02-16 00:00:00+05:30,8.2,8.2,8.15,8.15,600
2016-02-18 00:00:00+05:30,8.05,8.55,8.0,8.55,865
2016-02-19 00:00:00+05:30,8.95,8.95,8.15,8.15,151
2016-02-22 00:00:00+05:30,8.15,8.5,8.15,8.5,1332
2016-02-23 00:00:00+05:30,8.75,8.9,8.75,8.9,11
2016-02-24 00:00:00+05:30,8.5,8.5,8.5,8.5,25
2016-02-26 00:00:00+05:30,8.1,8.1,8.1,8.1,1200
2016-02-29 00:00:00+05:30,8.0,8.2,7.75,8.2,459
2016-03-01 00:00:00+05:30,7.8,8.6,7.8,8.0,8848
2016-03-02 00:00:00+05:30,7.65,8.35,7.65,7.65,82
2016-03-04 00:00:00+05:30,7.8,8.25,7.8,8.25,400
2016-03-08 00:00:00+05:30,8.4,8.75,8.4,8.75,58
2016-03-09 00:00:00+05:30,8.35,9.45,8.35,9.3,114
2016-03-10 00:00:00+05:30,9.0,9.5,9.0,9.5,923
2016-03-11 00:00:00+05:30,10.0,10.0,8.6,9.2,3040
2016-03-14 00:00:00+05:30,9.35,9.35,8.35,9.1,202
2016-03-15 00:00:00+05:30,8.25,9.0,8.2,8.9,3302
2016-03-16 00:00:00+05:30,8.1,8.6,8.05,8.15,1810
2016-03-17 00:00:00+05:30,8.0,8.15,7.8,8.15,712
2016-03-18 00:00:00+05:30,8.15,8.15,7.6,7.6,2212
2016-03-21 00:00:00+05:30,7.6,8.35,6.9,7.5,903
2016-03-22 00:00:00+05:30,6.8,8.2,6.8,8.2,953
2016-03-23 00:00:00+05:30,8.5,8.9,7.85,8.65,1703
2016-03-28 00:00:00+05:30,8.75,9.4,8.0,8.15,1909
2016-03-29 00:00:00+05:30,7.65,8.5,7.65,8.5,2211
2016-03-30 00:00:00+05:30,7.95,9.35,7.95,9.35,1259
2016-03-31 00:00:00+05:30,8.5,9.2,8.5,9.2,1549
2016-04-01 00:00:00+05:30,8.5,9.4,8.35,8.5,1780
2016-04-04 00:00:00+05:30,9.0,9.35,9.0,9.35,2640
2016-04-05 00:00:00+05:30,9.5,10.25,9.5,10.25,6024
2016-04-06 00:00:00+05:30,9.5,10.3,9.3,10.0,6701
2016-04-07 00:00:00+05:30,10.0,10.75,9.1,9.3,1585
2016-04-08 00:00:00+05:30,9.15,9.65,9.15,9.2,1390
2016-04-11 00:00:00+05:30,9.6,9.6,8.65,8.8,1751
2016-04-12 00:00:00+05:30,9.45,9.5,8.8,9.5,1361
2016-04-13 00:00:00+05:30,9.55,9.55,9.55,9.55,1050
2016-04-18 00:00:00+05:30,8.65,10.35,8.6,9.15,4662
2016-04-20 00:00:00+05:30,8.3,9.45,8.3,8.6,349
2016-04-21 00:00:00+05:30,8.35,8.85,8.25,8.85,1900
2016-04-22 00:00:00+05:30,9.25,9.25,8.3,8.6,3831
2016-04-25 00:00:00+05:30,8.9,8.9,7.75,8.35,7796
2016-04-26 00:00:00+05:30,8.65,8.65,8.0,8.0,503
2016-04-27 00:00:00+05:30,8.1,8.65,8.1,8.65,3600
2016-04-28 00:00:00+05:30,8.05,9.5,8.05,8.8,14512
2016-04-29 00:00:00+05:30,9.0,9.65,9.0,9.65,1950
2016-05-02 00:00:00+05:30,9.65,9.75,9.1,9.75,5211
2016-05-03 00:00:00+05:30,9.15,9.9,9.15,9.9,133
2016-05-04 00:00:00+05:30,9.5,9.5,9.0,9.0,2925
2016-05-05 00:00:00+05:30,8.6,8.8,8.55,8.7,2268
2016-05-06 00:00:00+05:30,9.0,9.0,9.0,9.0,110
2016-05-09 00:00:00+05:30,9.1,9.1,9.1,9.1,700
2016-05-11 00:00:00+05:30,8.65,8.65,8.65,8.65,1
2016-05-12 00:00:00+05:30,9.0,9.5,8.0,8.55,3178
2016-05-16 00:00:00+05:30,8.4,8.4,8.4,8.4,950
2016-05-18 00:00:00+05:30,9.0,9.0,9.0,9.0,305
2016-05-19 00:00:00+05:30,9.0,9.7,9.0,9.2,1000
2016-05-23 00:00:00+05:30,9.3,9.3,8.75,9.0,440
2016-05-24 00:00:00+05:30,8.25,8.25,8.25,8.25,100
2016-05-25 00:00:00+05:30,8.3,8.3,8.3,8.3,125
2016-05-26 00:00:00+05:30,8.1,9.1,8.1,8.6,2305
2016-05-27 00:00:00+05:30,9.0,9.0,8.55,9.0,3340
2016-05-30 00:00:00+05:30,8.35,8.5,8.35,8.5,160
2016-05-31 00:00:00+05:30,8.5,8.5,8.5,8.5,300
2016-06-01 00:00:00+05:30,8.5,8.5,8.5,8.5,677
2016-06-02 00:00:00+05:30,8.5,8.5,7.65,7.7,11154
2016-06-03 00:00:00+05:30,7.5,8.35,7.5,8.25,778
2016-06-06 00:00:00+05:30,8.45,8.5,8.45,8.5,1000
2016-06-07 00:00:00+05:30,8.0,8.25,8.0,8.25,785
2016-06-08 00:00:00+05:30,8.0,8.35,7.85,8.35,925
2016-06-10 00:00:00+05:30,8.0,8.0,8.0,8.0,1086
2016-06-13 00:00:00+05:30,8.5,8.5,8.5,8.5,100
2016-06-14 00:00:00+05:30,7.9,8.35,7.9,8.35,1511
2016-06-15 00:00:00+05:30,8.6,8.6,8.0,8.0,150
2016-06-16 00:00:00+05:30,8.55,8.8,8.4,8.75,858
2016-06-17 00:00:00+05:30,8.9,8.9,7.9,8.5,1759
2016-06-20 00:00:00+05:30,9.0,9.0,9.0,9.0,1000
2016-06-21 00:00:00+05:30,9.3,9.3,8.15,8.2,2533
2016-06-22 00:00:00+05:30,8.6,8.9,8.55,8.7,16
2016-06-23 00:00:00+05:30,8.0,8.55,8.0,8.05,205
2016-06-24 00:00:00+05:30,8.7,8.7,7.25,8.45,7311
2016-06-27 00:00:00+05:30,8.1,8.45,8.05,8.1,1640
2016-06-28 00:00:00+05:30,8.5,8.5,8.5,8.5,100
2016-06-29 00:00:00+05:30,8.05,8.45,8.0,8.1,1400
2016-06-30 00:00:00+05:30,8.15,8.5,7.75,8.2,8050
2016-07-01 00:00:00+05:30,7.7,8.2,7.7,7.9,2355
2016-07-04 00:00:00+05:30,7.75,8.35,7.75,8.15,1115
2016-07-05 00:00:00+05:30,8.15,8.15,7.8,8.0,2560
2016-07-07 00:00:00+05:30,7.85,8.8,7.85,8.8,8050
2016-07-11 00:00:00+05:30,9.65,9.65,8.1,8.7,7575
2016-07-12 00:00:00+05:30,8.2,8.85,8.2,8.5,2386
2016-07-13 00:00:00+05:30,8.15,8.9,8.15,8.55,2319
2016-07-15 00:00:00+05:30,8.3,8.85,8.15,8.7,4585
2016-07-18 00:00:00+05:30,8.85,8.85,8.35,8.35,1173
2016-07-19 00:00:00+05:30,8.7,8.85,8.25,8.25,6879
2016-07-20 00:00:00+05:30,8.65,8.65,8.2,8.2,1343
2016-07-21 00:00:00+05:30,8.1,8.1,8.1,8.1,500
2016-07-22 00:00:00+05:30,8.8,8.9,8.75,8.9,7330
2016-07-25 00:00:00+05:30,9.5,9.5,8.9,9.35,8168
2016-07-26 00:00:00+05:30,10.0,10.1,9.05,9.1,5361
2016-07-27 00:00:00+05:30,8.75,8.75,8.7,8.7,760
2016-07-28 00:00:00+05:30,9.35,9.35,8.6,8.7,3314
2016-07-29 00:00:00+05:30,8.6,8.6,8.6,8.6,165
2016-08-01 00:00:00+05:30,8.25,9.45,8.25,9.45,7706
2016-08-02 00:00:00+05:30,10.0,10.35,9.5,10.0,24684
2016-08-03 00:00:00+05:30,9.95,9.95,9.05,9.1,5891
2016-08-04 00:00:00+05:30,8.8,9.8,8.8,9.35,2685
2016-08-05 00:00:00+05:30,9.6,9.6,9.25,9.35,1300
2016-08-08 00:00:00+05:30,11.15,11.15,9.1,9.85,1005
2016-08-09 00:00:00+05:30,10.0,10.0,9.35,9.7,3680
2016-08-10 00:00:00+05:30,9.5,9.6,9.2,9.45,1711
2016-08-11 00:00:00+05:30,10.4,11.0,9.55,10.4,6168
2016-08-12 00:00:00+05:30,11.75,11.75,10.0,10.1,3198
2016-08-16 00:00:00+05:30,10.0,10.85,9.1,10.25,6244
2016-08-17 00:00:00+05:30,10.4,10.7,9.5,10.45,10805
2016-08-18 00:00:00+05:30,9.95,11.4,9.5,10.95,17268
2016-08-19 00:00:00+05:30,10.7,10.75,9.55,9.95,7649
2016-08-22 00:00:00+05:30,10.25,10.45,9.55,9.75,3231
2016-08-23 00:00:00+05:30,10.0,10.0,9.8,9.8,850
2016-08-24 00:00:00+05:30,10.4,10.4,9.85,9.85,60
2016-08-25 00:00:00+05:30,9.65,10.3,9.65,10.3,395
2016-08-26 00:00:00+05:30,9.8,9.8,9.2,9.5,3495
2016-08-29 00:00:00+05:30,9.2,9.5,9.2,9.4,180
2016-08-30 00:00:00+05:30,9.9,9.95,9.85,9.9,1887
2016-08-31 00:00:00+05:30,9.85,9.9,8.8,9.65,4585
2016-09-01 00:00:00+05:30,9.5,9.85,9.05,9.8,223
2016-09-02 00:00:00+05:30,9.6,9.6,8.4,9.2,1392
2016-09-06 00:00:00+05:30,10.5,10.5,8.75,9.2,4453
2016-09-08 00:00:00+05:30,9.85,9.85,9.1,9.35,3560
2016-09-09 00:00:00+05:30,10.0,10.0,8.8,9.05,1264
2016-09-12 00:00:00+05:30,9.75,10.85,9.75,10.8,37674
2016-09-14 00:00:00+05:30,11.8,12.95,11.15,12.95,65541
2016-09-15 00:00:00+05:30,13.9,14.2,12.0,12.4,52366
2016-09-16 00:00:00+05:30,11.9,12.6,11.3,11.8,8822
2016-09-19 00:00:00+05:30,12.2,12.2,10.8,11.05,12489
2016-09-20 00:00:00+05:30,10.95,12.1,10.6,11.7,16062
2016-09-21 00:00:00+05:30,12.0,12.5,11.4,11.65,14669
2016-09-22 00:00:00+05:30,11.6,12.0,11.1,11.6,4004
2016-09-23 00:00:00+05:30,12.0,12.0,10.85,10.95,6257
2016-09-26 00:00:00+05:30,10.2,11.35,10.2,11.0,5087
2016-09-27 00:00:00+05:30,10.5,11.35,10.5,10.8,3317
2016-09-28 00:00:00+05:30,11.0,11.4,10.8,11.4,3019
2016-09-29 00:00:00+05:30,10.55,11.35,10.3,10.3,6310
2016-09-30 00:00:00+05:30,10.4,10.65,9.85,10.45,1394
2016-10-03 00:00:00+05:30,11.25,11.25,10.95,10.95,22
2016-10-04 00:00:00+05:30,11.45,11.95,10.0,10.85,3685
2016-10-05 00:00:00+05:30,10.8,10.8,10.0,10.6,4143
2016-10-06 00:00:00+05:30,11.2,11.2,10.25,10.5,3705
2016-10-07 00:00:00+05:30,10.5,11.0,10.25,10.9,7760
2016-10-10 00:00:00+05:30,12.0,12.0,10.5,11.35,8004
2016-10-13 00:00:00+05:30,11.4,11.4,9.8,10.6,2561
2016-10-14 00:00:00+05:30,11.4,12.4,10.75,11.9,4058
2016-10-17 00:00:00+05:30,11.2,12.5,10.85,12.1,9494
2016-10-18 00:00:00+05:30,12.3,12.5,11.7,11.95,4058
2016-10-19 00:00:00+05:30,11.35,13.15,11.2,12.05,14863
2016-10-20 00:00:00+05:30,13.0,13.0,12.2,12.55,13714
2016-10-21 00:00:00+05:30,12.0,12.9,11.7,12.8,16870
2016-10-24 00:00:00+05:30,13.5,13.5,11.65,12.7,18728
2016-10-25 00:00:00+05:30,12.9,12.9,12.3,12.3,3046
2016-10-26 00:00:00+05:30,12.3,12.95,12.3,12.55,13346
2016-10-27 00:00:00+05:30,11.15,12.95,11.15,12.15,6520
2016-10-28 00:00:00+05:30,11.9,13.25,11.9,12.3,17740
2016-10-30 00:00:00+05:30,13.0,13.45,11.35,12.2,1211
2016-11-01 00:00:00+05:30,13.4,13.4,12.0,12.4,12668
2016-11-02 00:00:00+05:30,13.0,13.0,11.65,12.2,4194
2016-11-03 00:00:00+05:30,12.9,12.95,12.1,12.45,2506
2016-11-04 00:00:00+05:30,12.45,12.45,11.25,11.5,9738
2016-11-07 00:00:00+05:30,12.0,12.25,11.5,11.95,5274
2016-11-08 00:00:00+05:30,11.7,13.0,11.4,12.5,17015
2016-11-09 00:00:00+05:30,11.25,12.85,10.65,12.0,12343
2016-11-10 00:00:00+05:30,11.25,12.95,11.25,12.75,4979
2016-11-11 00:00:00+05:30,12.1,13.45,11.8,12.8,6027
2016-11-15 00:00:00+05:30,12.1,12.5,11.2,12.0,4203
2016-11-16 00:00:00+05:30,11.6,11.9,11.2,11.5,2689
2016-11-17 00:00:00+05:30,11.5,11.5,11.1,11.4,2425
2016-11-18 00:00:00+05:30,12.25,12.25,10.5,11.1,3775
2016-11-21 00:00:00+05:30,11.1,11.65,10.7,10.75,1148
2016-11-22 00:00:00+05:30,11.65,11.9,11.65,11.7,60
2016-11-23 00:00:00+05:30,12.0,12.0,11.6,11.6,3356
2016-11-24 00:00:00+05:30,11.6,13.45,11.6,12.05,3302
2016-11-25 00:00:00+05:30,12.75,12.75,12.0,12.75,1069
2016-11-28 00:00:00+05:30,12.1,13.0,11.3,12.25,1683
2016-11-29 00:00:00+05:30,12.5,12.5,12.0,12.0,786
2016-11-30 00:00:00+05:30,12.75,12.75,11.7,12.1,8285
2016-12-01 00:00:00+05:30,14.0,14.0,11.7,11.75,2965
2016-12-02 00:00:00+05:30,12.45,12.45,11.7,12.3,1341
2016-12-05 00:00:00+05:30,11.3,12.1,11.3,12.0,162
2016-12-06 00:00:00+05:30,12.9,12.9,12.1,12.2,988
2016-12-07 00:00:00+05:30,12.0,12.1,12.0,12.05,2951
2016-12-08 00:00:00+05:30,12.0,12.0,11.4,11.5,3235
2016-12-09 00:00:00+05:30,13.8,13.8,11.0,11.1,10530
2016-12-12 00:00:00+05:30,13.3,13.3,11.3,11.6,275
2016-12-13 00:00:00+05:30,11.9,11.9,10.55,11.1,1809
2016-12-14 00:00:00+05:30,11.75,13.3,11.2,13.3,68040
2016-12-15 00:00:00+05:30,15.85,15.95,14.1,15.95,242336
2016-12-16 00:00:00+05:30,17.5,19.1,17.5,19.1,391696
2016-12-19 00:00:00+05:30,19.45,20.2,17.45,18.3,209831
2016-12-20 00:00:00+05:30,18.0,18.0,16.5,17.2,84649
2016-12-21 00:00:00+05:30,17.9,18.35,16.15,17.1,64654
2016-12-22 00:00:00+05:30,17.25,17.95,16.25,17.4,8967
2016-12-23 00:00:00+05:30,17.2,17.2,16.55,16.55,1700
2016-12-26 00:00:00+05:30,16.55,16.6,15.75,15.75,5610
2016-12-27 00:00:00+05:30,16.45,16.45,15.0,15.25,2003
2016-12-28 00:00:00+05:30,16.0,16.0,14.5,14.65,10722
2016-12-29 00:00:00+05:30,14.65,14.65,13.95,14.25,7409
2016-12-30 00:00:00+05:30,14.95,14.95,13.55,14.1,6035
2017-01-02 00:00:00+05:30,13.6,14.7,13.6,14.4,6686
2017-01-03 00:00:00+05:30,14.0,15.1,14.0,15.1,4497
2017-01-04 00:00:00+05:30,15.0,15.85,15.0,15.85,4997
2017-01-05 00:00:00+05:30,16.3,16.6,16.0,16.6,6134
2017-01-06 00:00:00+05:30,17.4,17.4,16.25,17.0,2061
2017-01-09 00:00:00+05:30,17.1,17.65,16.6,17.1,3587
2017-01-10 00:00:00+05:30,17.75,17.75,16.8,16.85,4252
2017-01-11 00:00:00+05:30,17.65,17.65,16.1,16.7,4541
2017-01-12 00:00:00+05:30,17.3,17.3,15.9,16.5,11089
2017-01-13 00:00:00+05:30,17.25,17.25,15.95,17.0,6013
2017-01-16 00:00:00+05:30,17.25,17.25,16.2,17.0,4270
2017-01-17 00:00:00+05:30,17.85,17.85,16.15,16.5,4705
2017-01-18 00:00:00+05:30,16.5,16.5,16.2,16.5,2090
2017-01-19 00:00:00+05:30,17.25,17.25,15.85,16.1,4725
2017-01-20 00:00:00+05:30,16.9,16.9,15.7,15.7,2572
2017-01-23 00:00:00+05:30,15.7,16.45,15.2,16.2,4132
2017-01-24 00:00:00+05:30,16.95,16.95,15.4,16.0,5677
2017-01-25 00:00:00+05:30,16.7,16.7,15.2,16.25,3765
2017-01-27 00:00:00+05:30,15.7,16.95,15.45,16.0,6490
2017-01-30 00:00:00+05:30,15.6,16.5,15.2,16.35,9423
2017-01-31 00:00:00+05:30,15.75,16.7,15.55,16.0,4783
2017-02-01 00:00:00+05:30,16.75,16.75,15.6,15.65,4509
2017-02-02 00:00:00+05:30,15.0,16.4,15.0,15.55,3854
2017-02-03 00:00:00+05:30,14.85,16.3,14.85,16.3,6592
2017-02-06 00:00:00+05:30,16.3,16.3,15.6,16.0,2544
2017-02-07 00:00:00+05:30,16.0,16.0,15.55,15.9,10477
2017-02-08 00:00:00+05:30,15.95,16.5,15.55,15.7,1200
2017-02-09 00:00:00+05:30,15.65,16.25,15.65,16.25,504
2017-02-10 00:00:00+05:30,15.5,16.4,15.45,15.45,10011
2017-02-13 00:00:00+05:30,15.2,15.9,15.2,15.65,11023
2017-02-14 00:00:00+05:30,15.7,15.95,14.9,15.0,13402
2017-02-15 00:00:00+05:30,15.0,15.5,15.0,15.4,2784
2017-02-16 00:00:00+05:30,15.5,15.5,14.8,15.5,2643
2017-02-17 00:00:00+05:30,14.9,15.2,14.75,14.8,2579
2017-02-20 00:00:00+05:30,14.55,15.5,14.2,15.0,8342
2017-02-21 00:00:00+05:30,15.1,15.1,14.75,14.75,497
2017-02-22 00:00:00+05:30,14.5,15.15,14.5,15.1,1503
2017-02-23 00:00:00+05:30,15.85,15.85,14.4,15.0,4960
2017-02-27 00:00:00+05:30,14.95,14.95,14.25,14.25,3270
2017-02-28 00:00:00+05:30,14.5,14.95,14.05,14.95,6781
2017-03-01 00:00:00+05:30,15.1,15.6,14.35,15.25,7238
2017-03-02 00:00:00+05:30,14.5,16.0,14.5,14.7,6360
2017-03-03 00:00:00+05:30,15.1,15.4,15.1,15.4,20924
2017-03-06 00:00:00+05:30,16.15,16.15,16.15,16.15,4251
2017-03-07 00:00:00+05:30,16.95,16.95,15.6,16.95,26640
2017-03-08 00:00:00+05:30,17.75,17.75,17.75,17.75,10259
2017-03-09 00:00:00+05:30,18.2,18.6,17.3,18.45,30322
2017-03-10 00:00:00+05:30,18.1,18.5,18.0,18.35,7068
2017-03-14 00:00:00+05:30,17.45,18.0,17.45,17.55,4061
2017-03-15 00:00:00+05:30,16.85,18.25,16.8,17.1,2898
2017-03-16 00:00:00+05:30,17.9,17.95,17.0,17.45,7635
2017-03-17 00:00:00+05:30,18.3,18.3,17.45,17.75,8164
2017-03-20 00:00:00+05:30,17.3,18.2,17.25,17.8,6549
2017-03-21 00:00:00+05:30,17.15,17.3,17.0,17.3,5550
2017-03-22 00:00:00+05:30,16.5,17.6,16.5,17.25,2201
2017-03-23 00:00:00+05:30,18.1,18.1,17.1,17.65,25524
2017-03-24 00:00:00+05:30,18.45,18.45,17.0,17.15,2604
2017-03-27 00:00:00+05:30,16.5,17.65,16.5,17.3,11801
2017-03-28 00:00:00+05:30,17.0,17.0,16.45,16.5,18435
2017-03-29 00:00:00+05:30,16.05,16.9,15.75,16.15,7209
2017-03-30 00:00:00+05:30,15.8,16.9,15.8,16.4,4838
2017-03-31 00:00:00+05:30,16.0,16.7,16.0,16.2,542
2017-04-03 00:00:00+05:30,16.75,17.0,15.9,16.5,2310
2017-04-05 00:00:00+05:30,17.15,17.15,16.5,16.6,1185
2017-04-06 00:00:00+05:30,17.4,17.4,16.4,17.35,5553
2017-04-07 00:00:00+05:30,17.4,17.5,16.7,16.7,22500
2017-04-10 00:00:00+05:30,17.9,17.9,16.55,17.5,5685
2017-04-11 00:00:00+05:30,17.8,19.25,17.3,19.25,18214
2017-04-12 00:00:00+05:30,19.5,21.1,18.4,20.65,31925
2017-04-13 00:00:00+05:30,22.4,22.7,20.85,22.4,83551
2017-04-17 00:00:00+05:30,22.5,23.0,21.3,21.3,14650
2017-04-18 00:00:00+05:30,20.75,21.95,20.25,20.25,25118
2017-04-19 00:00:00+05:30,21.25,21.25,19.25,19.25,19514
2017-04-20 00:00:00+05:30,19.25,20.2,18.7,20.1,6715
2017-04-21 00:00:00+05:30,20.1,20.9,19.6,20.3,8200
2017-04-24 00:00:00+05:30,19.7,20.7,19.3,20.1,36150
2017-04-25 00:00:00+05:30,19.65,20.65,19.25,19.25,11610
2017-04-26 00:00:00+05:30,18.5,19.8,18.35,18.4,15953
2017-04-27 00:00:00+05:30,18.0,18.9,18.0,18.45,6559
2017-04-28 00:00:00+05:30,17.7,18.0,17.7,18.0,1800
2017-05-02 00:00:00+05:30,18.0,18.9,17.5,18.8,2249
2017-05-03 00:00:00+05:30,18.8,18.8,18.15,18.7,191
2017-05-04 00:00:00+05:30,19.6,19.6,19.3,19.6,1825
2017-05-05 00:00:00+05:30,19.6,20.0,18.8,19.4,4572
2017-05-08 00:00:00+05:30,19.0,19.2,18.45,18.65,5353
2017-05-09 00:00:00+05:30,18.0,19.35,18.0,18.95,2482
2017-05-10 00:00:00+05:30,18.4,19.35,18.1,18.85,7672
2017-05-11 00:00:00+05:30,18.35,19.75,18.2,19.35,8253
2017-05-12 00:00:00+05:30,19.95,20.3,19.05,20.05,3701
2017-05-15 00:00:00+05:30,20.8,21.0,20.1,20.1,5674
2017-05-16 00:00:00+05:30,21.1,21.1,20.75,21.1,8237
2017-05-17 00:00:00+05:30,22.15,22.15,22.0,22.15,3360
2017-05-18 00:00:00+05:30,21.15,22.9,21.05,22.0,3488
2017-05-19 00:00:00+05:30,22.35,22.35,20.9,20.9,51
2017-05-22 00:00:00+05:30,19.9,20.25,19.9,19.95,3750
2017-05-23 00:00:00+05:30,19.0,19.0,19.0,19.0,500
2017-05-24 00:00:00+05:30,18.1,19.6,18.1,18.85,3081
2017-05-25 00:00:00+05:30,18.35,18.45,18.0,18.05,5532
2017-05-26 00:00:00+05:30,17.8,18.95,17.8,18.9,1331
2017-05-29 00:00:00+05:30,18.1,18.1,18.0,18.0,11540
2017-05-30 00:00:00+05:30,17.2,18.9,17.1,18.8,12702
2017-05-31 00:00:00+05:30,19.0,19.4,17.9,18.15,7440
2017-06-01 00:00:00+05:30,17.5,18.65,17.3,18.0,5484
2017-06-02 00:00:00+05:30,18.0,18.8,17.6,17.65,374
2017-06-05 00:00:00+05:30,17.25,18.4,16.9,17.35,14368
2017-06-06 00:00:00+05:30,17.0,17.75,17.0,17.7,2055
2017-06-07 00:00:00+05:30,17.7,18.5,17.7,18.15,8800
2017-06-08 00:00:00+05:30,18.45,18.45,16.8,17.4,2106
2017-06-09 00:00:00+05:30,17.3,18.0,17.0,17.6,3332
2017-06-12 00:00:00+05:30,17.1,18.5,16.5,18.5,913
2017-06-13 00:00:00+05:30,18.0,18.0,16.8,17.6,6878
2017-06-14 00:00:00+05:30,17.0,17.7,16.8,16.9,2195
2017-06-15 00:00:00+05:30,17.6,18.0,16.6,17.6,4529
2017-06-16 00:00:00+05:30,18.95,19.2,16.6,17.0,8139
2017-06-19 00:00:00+05:30,17.0,17.05,16.3,16.55,2128
2017-06-20 00:00:00+05:30,15.9,16.1,15.0,15.7,5169
2017-06-21 00:00:00+05:30,15.75,16.0,15.25,15.4,3725
2017-06-22 00:00:00+05:30,16.5,16.75,15.4,16.7,4318
2017-06-23 00:00:00+05:30,15.7,16.5,15.55,15.65,5293
2017-06-27 00:00:00+05:30,15.0,15.7,14.8,15.05,7772
2017-06-28 00:00:00+05:30,15.2,15.4,15.05,15.4,1063
2017-06-29 00:00:00+05:30,15.2,15.7,15.1,15.7,332
2017-06-30 00:00:00+05:30,15.75,16.5,15.05,16.45,4300
2017-07-03 00:00:00+05:30,16.45,16.95,16.1,16.25,903
2017-07-04 00:00:00+05:30,16.15,16.25,16.1,16.15,3210
2017-07-05 00:00:00+05:30,16.35,17.0,15.6,16.85,8152
2017-07-06 00:00:00+05:30,16.3,17.5,16.05,16.4,8909
2017-07-07 00:00:00+05:30,16.9,17.3,15.6,17.25,6586
2017-07-10 00:00:00+05:30,16.7,17.25,16.7,17.25,277
2017-07-11 00:00:00+05:30,17.0,17.5,17.0,17.3,5488
2017-07-12 00:00:00+05:30,16.65,17.4,16.55,17.4,1926
2017-07-13 00:00:00+05:30,17.6,19.1,17.45,18.5,15726
2017-07-14 00:00:00+05:30,17.65,18.0,16.75,17.95,4765
2017-07-17 00:00:00+05:30,17.95,18.5,17.95,17.95,6700
2017-07-18 00:00:00+05:30,17.05,18.0,17.05,17.85,549
2017-07-19 00:00:00+05:30,17.55,18.0,17.0,17.95,4205
2017-07-20 00:00:00+05:30,19.0,19.0,17.0,17.9,22156
2017-07-21 00:00:00+05:30,17.6,17.8,16.8,17.15,152095
2017-07-24 00:00:00+05:30,17.3,18.5,17.0,18.35,42596
2017-07-25 00:00:00+05:30,17.7,20.15,17.7,20.15,53848
2017-07-26 00:00:00+05:30,21.9,22.15,20.6,22.15,145070
2017-07-27 00:00:00+05:30,23.2,23.2,20.05,21.3,76929
2017-07-28 00:00:00+05:30,20.5,23.4,20.5,23.05,72332
2017-07-31 00:00:00+05:30,23.85,23.9,21.9,22.4,31542
2017-08-01 00:00:00+05:30,22.0,22.0,21.3,21.3,11733
2017-08-02 00:00:00+05:30,22.1,22.1,20.25,20.85,21923
2017-08-03 00:00:00+05:30,21.0,21.45,20.1,20.9,11694
2017-08-04 00:00:00+05:30,21.25,21.25,19.95,20.85,8344
2017-08-07 00:00:00+05:30,20.3,20.6,20.0,20.25,10495
2017-08-08 00:00:00+05:30,20.05,20.5,19.25,19.45,49222
2017-08-09 00:00:00+05:30,19.05,19.7,18.5,18.5,5533
2017-08-10 00:00:00+05:30,17.85,18.9,17.6,17.9,58836
2017-08-11 00:00:00+05:30,17.8,18.7,17.05,18.55,10993
2017-08-14 00:00:00+05:30,18.7,18.95,18.1,18.5,3279
2017-08-16 00:00:00+05:30,19.2,19.4,18.05,18.75,11407
2017-08-17 00:00:00+05:30,19.25,19.25,18.4,19.0,298
2017-08-18 00:00:00+05:30,18.5,18.9,18.05,18.05,2656
2017-08-21 00:00:00+05:30,18.75,18.75,17.15,17.65,21346
2017-08-22 00:00:00+05:30,17.95,18.0,17.1,17.6,5740
2017-08-23 00:00:00+05:30,17.1,18.2,17.1,18.2,3149
2017-08-24 00:00:00+05:30,17.7,18.95,17.4,18.7,16647
2017-08-28 00:00:00+05:30,18.2,19.6,18.2,18.9,24156
2017-08-29 00:00:00+05:30,18.4,19.8,18.4,19.8,8516
2017-08-30 00:00:00+05:30,19.8,20.75,19.3,20.45,22056
2017-08-31 00:00:00+05:30,19.95,21.3,19.95,20.5,13897
2017-09-01 00:00:00+05:30,21.25,21.25,20.05,20.5,1986
2017-09-04 00:00:00+05:30,21.3,21.3,20.0,20.3,29401
2017-09-05 00:00:00+05:30,20.5,20.5,20.4,20.4,6063
2017-09-06 00:00:00+05:30,20.85,20.9,20.2,20.2,1800
2017-09-07 00:00:00+05:30,20.35,21.2,19.65,21.2,22569
2017-09-08 00:00:00+05:30,22.0,22.25,21.5,22.25,30434
2017-09-11 00:00:00+05:30,23.2,23.35,22.0,23.0,60677
2017-09-12 00:00:00+05:30,23.0,23.7,21.85,22.55,29224
2017-09-13 00:00:00+05:30,21.75,22.1,21.45,21.45,12232
2017-09-14 00:00:00+05:30,20.95,21.9,20.65,20.9,3385
2017-09-15 00:00:00+05:30,20.5,21.35,19.9,20.65,8168
2017-09-18 00:00:00+05:30,21.0,21.3,19.65,19.65,18765
2017-09-19 00:00:00+05:30,19.15,20.6,18.8,20.6,36852
2017-09-20 00:00:00+05:30,20.15,21.2,19.6,20.8,22577
2017-09-21 00:00:00+05:30,20.35,20.65,19.85,19.85,2622
2017-09-22 00:00:00+05:30,19.65,20.15,18.9,20.15,28141
2017-09-25 00:00:00+05:30,20.95,20.95,19.4,19.4,3562
2017-09-26 00:00:00+05:30,19.3,19.3,19.1,19.15,860
2017-09-27 00:00:00+05:30,18.95,19.7,18.5,18.55,878
2017-09-28 00:00:00+05:30,18.95,19.4,18.65,19.0,717
2017-09-29 00:00:00+05:30,18.4,18.9,18.35,18.6,700
2017-10-03 00:00:00+05:30,18.4,19.0,18.3,18.55,2229
2017-10-04 00:00:00+05:30,18.0,19.35,18.0,18.45,502
2017-10-05 00:00:00+05:30,19.1,19.15,18.45,18.45,288
2017-10-06 00:00:00+05:30,18.65,19.1,18.6,19.0,2492
2017-10-09 00:00:00+05:30,19.5,19.5,19.0,19.3,2047
2017-10-10 00:00:00+05:30,19.5,19.5,18.5,18.85,9834
2017-10-11 00:00:00+05:30,18.85,19.6,18.35,18.8,8275
2017-10-12 00:00:00+05:30,18.35,19.6,18.35,19.1,573
2017-10-13 00:00:00+05:30,19.0,20.05,18.3,19.55,25464
2017-10-16 00:00:00+05:30,20.0,20.5,20.0,20.5,8555
2017-10-17 00:00:00+05:30,21.1,21.5,20.5,21.5,16177
2017-10-18 00:00:00+05:30,22.5,22.55,21.2,21.4,24320
2017-10-19 00:00:00+05:30,21.5,22.4,21.05,21.35,4373
2017-10-23 00:00:00+05:30,21.5,21.8,20.65,21.05,7051
2017-10-24 00:00:00+05:30,20.75,21.3,20.65,21.0,3454
2017-10-25 00:00:00+05:30,21.9,21.9,19.95,20.0,12529
2017-10-26 00:00:00+05:30,20.2,21.0,19.45,21.0,10542
2017-10-27 00:00:00+05:30,21.9,21.9,19.95,19.95,11080
2017-10-30 00:00:00+05:30,20.8,20.85,19.3,19.5,5846
2017-10-31 00:00:00+05:30,19.4,20.0,19.0,19.45,12864
2017-11-01 00:00:00+05:30,19.9,20.25,19.35,19.8,5840
2017-11-02 00:00:00+05:30,19.3,20.7,19.3,20.45,8463
2017-11-03 00:00:00+05:30,20.4,21.35,19.45,19.45,72188
2017-11-06 00:00:00+05:30,19.45,19.45,18.8,19.05,11393
2017-11-07 00:00:00+05:30,19.65,19.65,18.5,19.15,13369
2017-11-08 00:00:00+05:30,18.75,19.0,18.4,18.55,3060
2017-11-09 00:00:00+05:30,18.4,18.85,18.35,18.7,613
2017-11-10 00:00:00+05:30,19.35,19.35,18.1,18.75,11920
2017-11-13 00:00:00+05:30,18.65,18.85,18.0,18.7,2308
2017-11-14 00:00:00+05:30,18.25,19.2,18.25,19.15,6366
2017-11-15 00:00:00+05:30,19.3,19.4,18.4,18.45,5110
2017-11-16 00:00:00+05:30,18.3,18.5,18.0,18.5,8456
2017-11-17 00:00:00+05:30,18.05,18.75,17.8,18.05,9699
2017-11-20 00:00:00+05:30,18.0,18.8,17.8,18.8,3835
2017-11-21 00:00:00+05:30,19.15,19.15,18.0,18.2,3944
2017-11-22 00:00:00+05:30,18.2,18.55,18.15,18.5,1129
2017-11-23 00:00:00+05:30,18.25,19.2,18.2,18.85,8410
2017-11-24 00:00:00+05:30,18.9,18.9,18.5,18.8,1093
2017-11-27 00:00:00+05:30,18.2,18.7,18.05,18.5,2624
2017-11-28 00:00:00+05:30,18.25,18.85,18.2,18.35,7455
2017-11-29 00:00:00+05:30,18.4,18.4,18.0,18.1,3146
2017-11-30 00:00:00+05:30,17.95,18.9,17.85,18.7,10510
2017-12-01 00:00:00+05:30,18.6,18.85,18.35,18.35,1756
2017-12-04 00:00:00+05:30,19.15,19.15,18.0,18.75,12332
2017-12-05 00:00:00+05:30,19.4,19.4,18.2,18.9,3763
2017-12-06 00:00:00+05:30,19.3,19.3,18.0,18.15,6658
2017-12-07 00:00:00+05:30,18.65,19.0,18.15,18.15,2557
2017-12-08 00:00:00+05:30,18.55,18.85,18.0,18.8,7301
2017-12-11 00:00:00+05:30,18.25,19.1,18.1,18.8,7239
2017-12-12 00:00:00+05:30,18.8,18.85,18.0,18.5,4600
2017-12-13 00:00:00+05:30,18.25,18.5,17.55,18.1,6889
2017-12-14 00:00:00+05:30,18.85,18.9,17.7,17.95,1029
2017-12-15 00:00:00+05:30,18.3,18.3,17.75,17.9,2158
2017-12-18 00:00:00+05:30,17.65,19.1,17.0,17.35,6727
2017-12-19 00:00:00+05:30,18.7,19.05,17.9,18.1,43403
2017-12-20 00:00:00+05:30,18.3,18.8,18.0,18.35,6016
2017-12-21 00:00:00+05:30,19.0,19.2,18.0,19.0,30163
2017-12-22 00:00:00+05:30,18.4,19.0,18.3,18.35,13890
2017-12-26 00:00:00+05:30,17.6,19.0,17.6,17.95,49414
2017-12-27 00:00:00+05:30,18.0,18.5,17.6,17.85,19271
2017-12-28 00:00:00+05:30,18.4,18.4,17.5,17.8,12335
2017-12-29 00:00:00+05:30,19.45,19.45,17.8,17.95,3993
2018-01-01 00:00:00+05:30,18.0,19.0,18.0,18.6,12358
2018-01-02 00:00:00+05:30,18.75,18.75,17.7,17.95,32990
2018-01-03 00:00:00+05:30,18.0,18.0,16.75,17.0,86473
2018-01-04 00:00:00+05:30,17.0,18.7,16.5,18.7,129646
2018-01-05 00:00:00+05:30,20.4,20.55,19.2,20.2,149296
2018-01-08 00:00:00+05:30,22.15,22.2,20.6,22.15,282061
2018-01-09 00:00:00+05:30,22.5,22.9,19.95,20.2,150664
2018-01-10 00:00:00+05:30,20.6,20.8,18.95,19.0,102643
2018-01-11 00:00:00+05:30,18.25,20.5,17.85,18.15,175367
2018-01-12 00:00:00+05:30,18.45,19.0,17.85,17.95,144799
2018-01-15 00:00:00+05:30,18.4,19.5,18.1,18.65,95596
2018-01-16 00:00:00+05:30,18.25,18.95,17.9,18.0,50430
2018-01-17 00:00:00+05:30,18.0,18.25,17.8,18.1,120420
2018-01-18 00:00:00+05:30,18.55,18.6,18.05,18.2,260991
2018-01-19 00:00:00+05:30,18.7,20.0,18.0,20.0,291295
2018-01-22 00:00:00+05:30,21.25,22.0,20.5,22.0,186319
2018-01-23 00:00:00+05:30,24.15,24.2,22.85,24.2,284797
2018-01-24 00:00:00+05:30,24.8,24.8,23.0,23.0,134880
2018-01-25 00:00:00+05:30,21.85,23.25,21.85,21.85,96846
2018-01-29 00:00:00+05:30,21.15,21.85,20.8,20.8,89113
2018-01-30 00:00:00+05:30,20.7,21.8,20.05,21.8,35361
2018-01-31 00:00:00+05:30,22.15,22.15,20.8,21.1,23085
2018-02-01 00:00:00+05:30,21.1,22.15,20.5,20.9,22294
2018-02-02 00:00:00+05:30,20.9,20.9,19.9,19.9,13754
2018-02-05 00:00:00+05:30,19.0,19.8,18.95,19.0,16568
2018-02-06 00:00:00+05:30,18.75,19.25,18.05,18.6,65666
2018-02-07 00:00:00+05:30,19.35,19.5,18.7,19.35,15414
2018-02-08 00:00:00+05:30,19.0,20.3,19.0,20.3,17823
2018-02-09 00:00:00+05:30,19.9,21.2,19.7,20.85,13587
2018-02-12 00:00:00+05:30,21.75,21.85,21.75,21.85,11358
2018-02-14 00:00:00+05:30,22.9,22.9,22.9,22.9,25462
2018-02-15 00:00:00+05:30,24.0,24.0,21.8,21.8,274759
2018-02-16 00:00:00+05:30,21.5,22.85,21.5,22.85,202986
2018-02-19 00:00:00+05:30,23.9,23.95,23.9,23.95,29811
2018-02-20 00:00:00+05:30,24.0,25.1,24.0,25.1,18588
2018-02-21 00:00:00+05:30,26.35,26.35,25.0,26.05,165449
2018-02-22 00:00:00+05:30,24.8,24.8,24.75,24.75,22629
2018-02-23 00:00:00+05:30,24.0,25.95,23.55,25.95,74419
2018-02-26 00:00:00+05:30,27.0,27.2,25.9,27.2,41228
2018-02-27 00:00:00+05:30,28.55,28.55,28.05,28.55,34644
2018-02-28 00:00:00+05:30,29.95,29.95,29.5,29.95,44902
2018-03-01 00:00:00+05:30,31.4,31.4,31.4,31.4,12695
2018-03-05 00:00:00+05:30,32.95,32.95,32.0,32.95,169749
2018-03-06 00:00:00+05:30,34.5,34.55,34.4,34.55,46959
2018-03-07 00:00:00+05:30,36.25,36.25,36.25,36.25,34382
2018-03-08 00:00:00+05:30,38.05,38.05,38.05,38.05,29742
2018-03-09 00:00:00+05:30,39.95,39.95,36.15,36.15,473705
2018-03-12 00:00:00+05:30,35.35,37.95,34.9,37.95,153486
2018-03-13 00:00:00+05:30,39.8,39.8,39.0,39.8,307058
2018-03-14 00:00:00+05:30,41.75,41.75,41.75,41.75,18965
2018-03-15 00:00:00+05:30,43.8,43.8,43.8,43.8,27444
2018-03-16 00:00:00+05:30,45.95,45.95,45.95,45.95,20864
2018-03-19 00:00:00+05:30,48.2,48.2,43.7,48.05,705310
2018-03-20 00:00:00+05:30,49.05,49.05,45.65,46.65,275820
2018-03-21 00:00:00+05:30,44.35,46.35,44.35,44.35,107181
2018-03-22 00:00:00+05:30,42.5,42.9,42.15,42.15,100698
2018-03-23 00:00:00+05:30,40.05,40.05,40.05,40.05,17218
2018-03-26 00:00:00+05:30,38.05,39.9,38.05,38.05,50755
2018-03-27 00:00:00+05:30,36.3,39.95,36.3,39.95,108041
2018-03-28 00:00:00+05:30,41.0,41.9,40.55,41.9,120899
2018-04-02 00:00:00+05:30,43.95,43.95,43.95,43.95,24260
2018-04-03 00:00:00+05:30,46.1,46.1,46.1,46.1,10815
2018-04-04 00:00:00+05:30,48.4,48.4,43.8,43.8,239241
2018-04-05 00:00:00+05:30,41.65,45.95,41.65,45.95,126655
2018-04-06 00:00:00+05:30,47.0,47.45,43.7,44.1,113065
2018-04-09 00:00:00+05:30,46.25,46.25,42.1,42.35,53998
2018-04-10 00:00:00+05:30,43.9,43.9,40.3,41.95,48953
2018-04-11 00:00:00+05:30,41.25,44.0,40.55,42.35,68772
2018-04-12 00:00:00+05:30,43.5,43.5,41.6,42.6,49750
2018-04-13 00:00:00+05:30,41.5,43.25,40.75,41.6,32112
2018-04-16 00:00:00+05:30,42.45,42.45,39.8,40.6,21432
2018-04-17 00:00:00+05:30,40.0,42.6,39.0,42.6,43744
2018-04-18 00:00:00+05:30,44.7,44.7,42.95,44.7,104509
2018-04-19 00:00:00+05:30,45.15,46.2,42.5,42.65,66715
2018-04-20 00:00:00+05:30,41.65,44.0,40.7,42.55,45768
2018-04-23 00:00:00+05:30,42.0,42.6,40.65,40.9,37155
2018-04-24 00:00:00+05:30,42.0,42.0,40.35,40.65,10727
2018-04-25 00:00:00+05:30,40.0,41.0,39.0,39.2,14911
2018-04-26 00:00:00+05:30,38.0,41.15,38.0,41.15,15275
2018-04-27 00:00:00+05:30,43.2,43.2,42.05,43.2,75841
2018-04-30 00:00:00+05:30,44.65,44.65,41.05,41.05,28313
2018-05-02 00:00:00+05:30,39.25,41.05,39.25,40.55,26949
2018-05-03 00:00:00+05:30,39.2,41.5,38.55,38.55,25271
2018-05-04 00:00:00+05:30,37.55,38.5,36.65,36.7,35606
2018-05-07 00:00:00+05:30,36.7,38.5,35.25,38.5,20944
2018-05-08 00:00:00+05:30,38.6,40.2,37.0,38.55,19375
2018-05-09 00:00:00+05:30,40.1,40.1,36.8,37.5,22711
2018-05-10 00:00:00+05:30,37.0,38.9,37.0,37.45,18030
2018-05-11 00:00:00+05:30,38.45,39.3,36.4,36.7,49858
2018-05-14 00:00:00+05:30,37.5,38.0,34.9,35.0,38172
2018-05-15 00:00:00+05:30,33.25,36.75,33.25,35.95,69956
2018-05-16 00:00:00+05:30,37.0,37.6,34.2,34.75,36318
2018-05-17 00:00:00+05:30,35.0,35.8,34.15,34.35,6535
2018-05-18 00:00:00+05:30,34.5,35.0,34.0,34.25,10466
2018-05-21 00:00:00+05:30,33.5,35.3,32.8,33.4,13332
2018-05-22 00:00:00+05:30,33.1,33.7,31.8,32.0,20925
2018-05-23 00:00:00+05:30,31.5,33.6,31.5,33.6,10689
2018-05-24 00:00:00+05:30,35.0,35.25,35.0,35.25,13465
2018-05-25 00:00:00+05:30,36.0,36.65,33.6,34.3,9051
2018-05-28 00:00:00+05:30,34.55,36.0,34.55,36.0,13201
2018-05-29 00:00:00+05:30,37.4,37.8,36.0,37.8,43796
2018-05-30 00:00:00+05:30,38.85,39.65,38.0,39.65,25063
2018-05-31 00:00:00+05:30,41.6,41.6,37.7,37.75,149747
2018-06-01 00:00:00+05:30,36.1,37.65,35.9,35.9,21213
2018-06-04 00:00:00+05:30,35.9,35.9,34.15,34.15,7731
2018-06-05 00:00:00+05:30,32.6,35.0,32.45,32.45,47559
2018-06-06 00:00:00+05:30,31.5,32.0,30.85,31.15,30546
2018-06-07 00:00:00+05:30,31.5,33.9,31.5,32.95,14107
2018-06-08 00:00:00+05:30,34.0,34.0,31.75,33.2,5520
2018-06-11 00:00:00+05:30,34.0,34.0,32.8,33.15,9758
2018-06-12 00:00:00+05:30,33.1,33.1,30.65,32.65,9448
2018-06-13 00:00:00+05:30,31.95,32.95,31.9,32.1,8838
2018-06-14 00:00:00+05:30,31.85,32.5,31.0,31.8,8307
2018-06-15 00:00:00+05:30,31.8,32.0,31.4,31.55,6355
2018-06-18 00:00:00+05:30,30.55,31.95,28.6,29.15,22347
2018-06-19 00:00:00+05:30,29.05,30.6,28.5,30.0,11324
2018-06-20 00:00:00+05:30,30.05,30.95,29.05,29.65,9880
2018-06-21 00:00:00+05:30,30.4,30.4,27.8,28.1,17353
2018-06-22 00:00:00+05:30,28.1,28.85,27.3,27.75,8953
2018-06-25 00:00:00+05:30,27.5,28.95,26.6,27.0,4204
2018-06-26 00:00:00+05:30,28.25,28.25,25.8,26.45,5805
2018-06-27 00:00:00+05:30,26.3,27.4,24.35,25.85,15457
2018-06-28 00:00:00+05:30,26.75,26.75,23.6,24.3,30016
2018-06-29 00:00:00+05:30,22.65,25.7,22.5,24.5,16440
2018-07-02 00:00:00+05:30,24.5,26.0,24.2,25.4,26643
2018-07-03 00:00:00+05:30,25.55,26.3,25.05,25.4,5444
2018-07-04 00:00:00+05:30,25.25,25.4,23.2,23.85,12832
2018-07-05 00:00:00+05:30,24.0,25.6,23.95,24.6,10363
2018-07-06 00:00:00+05:30,24.2,25.6,22.75,25.4,9797
2018-07-09 00:00:00+05:30,24.35,26.0,24.35,25.1,9361
2018-07-10 00:00:00+05:30,25.0,27.6,24.15,27.6,13556
2018-07-11 00:00:00+05:30,29.0,30.35,28.0,30.35,33152
2018-07-12 00:00:00+05:30,31.85,31.85,28.85,29.5,57805
2018-07-13 00:00:00+05:30,30.95,30.95,28.05,28.05,14558
2018-07-16 00:00:00+05:30,27.0,27.4,26.65,26.65,7863
2018-07-17 00:00:00+05:30,26.05,27.5,25.35,26.1,15925
2018-07-18 00:00:00+05:30,25.4,26.9,25.3,26.0,2646
2018-07-19 00:00:00+05:30,25.05,26.3,24.7,24.7,15231
2018-07-20 00:00:00+05:30,25.2,25.45,23.9,25.3,5415
2018-07-23 00:00:00+05:30,26.25,26.25,24.4,24.6,4632
2018-07-24 00:00:00+05:30,24.2,25.45,23.6,24.4,52173
2018-07-25 00:00:00+05:30,24.5,25.15,23.8,24.05,6867
2018-07-26 00:00:00+05:30,24.0,25.0,23.85,24.75,15081
2018-07-27 00:00:00+05:30,24.9,25.45,24.45,24.75,9713
2018-07-30 00:00:00+05:30,23.8,25.5,23.6,25.2,18805
2018-07-31 00:00:00+05:30,24.35,25.7,24.35,25.0,19408
2018-08-01 00:00:00+05:30,25.0,25.9,24.5,25.6,14683
2018-08-02 00:00:00+05:30,25.1,26.2,24.65,25.85,9867
2018-08-03 00:00:00+05:30,27.0,27.0,25.0,26.2,32289
2018-08-06 00:00:00+05:30,27.4,27.5,25.4,26.95,5521
2018-08-07 00:00:00+05:30,27.05,27.95,25.7,26.45,8966
2018-08-08 00:00:00+05:30,25.75,27.2,25.3,26.1,13679
2018-08-09 00:00:00+05:30,25.4,26.95,25.4,26.5,11138
2018-08-10 00:00:00+05:30,25.5,27.0,25.5,25.8,11217
2018-08-13 00:00:00+05:30,24.6,25.2,24.55,24.85,41818
2018-08-14 00:00:00+05:30,24.05,24.2,23.65,23.85,9768
2018-08-16 00:00:00+05:30,24.6,24.6,22.7,22.7,16668
2018-08-17 00:00:00+05:30,23.0,23.3,22.4,22.85,15059
2018-08-20 00:00:00+05:30,23.45,23.95,23.45,23.95,14496
2018-08-21 00:00:00+05:30,23.5,24.3,23.4,24.05,10391
2018-08-23 00:00:00+05:30,23.35,24.15,23.3,24.05,2388
2018-08-24 00:00:00+05:30,24.1,24.15,23.3,23.5,4881
2018-08-27 00:00:00+05:30,23.2,24.0,22.7,24.0,10419
2018-08-28 00:00:00+05:30,23.1,24.05,23.1,23.95,3456
2018-08-29 00:00:00+05:30,23.4,24.0,23.3,23.55,7426
2018-08-30 00:00:00+05:30,23.0,24.7,22.8,24.15,12083
2018-08-31 00:00:00+05:30,23.3,24.5,23.3,24.4,5161
2018-09-03 00:00:00+05:30,25.35,25.35,23.7,23.75,7567
2018-09-04 00:00:00+05:30,24.0,24.6,23.4,23.4,3438
2018-09-05 00:00:00+05:30,22.6,23.75,22.6,23.65,2328
2018-09-06 00:00:00+05:30,24.6,24.6,22.5,22.9,11844
2018-09-07 00:00:00+05:30,22.9,23.25,22.2,22.6,13114
2018-09-10 00:00:00+05:30,22.6,23.7,22.5,23.4,7621
2018-09-11 00:00:00+05:30,24.3,24.3,22.75,24.05,10895
2018-09-12 00:00:00+05:30,23.4,23.9,23.0,23.5,2139
2018-09-14 00:00:00+05:30,23.05,24.25,23.0,23.0,6494
2018-09-17 00:00:00+05:30,22.3,23.95,22.1,22.7,33690
2018-09-18 00:00:00+05:30,23.0,23.4,22.15,22.95,8821
2018-09-19 00:00:00+05:30,23.2,23.55,22.2,22.4,8386
2018-09-21 00:00:00+05:30,21.75,23.5,21.65,21.85,18266
2018-09-24 00:00:00+05:30,22.5,22.5,20.8,21.0,5756
2018-09-25 00:00:00+05:30,20.4,20.65,19.95,19.95,3305
2018-09-26 00:00:00+05:30,19.3,20.45,19.2,19.75,13227
2018-09-27 00:00:00+05:30,20.0,20.5,18.85,19.25,8654
2018-09-28 00:00:00+05:30,19.3,19.7,18.3,18.3,9124
2018-10-01 00:00:00+05:30,19.2,19.2,17.4,17.45,26824
2018-10-03 00:00:00+05:30,17.45,18.3,16.9,18.0,47780
2018-10-04 00:00:00+05:30,17.1,18.9,17.1,18.9,24806
2018-10-05 00:00:00+05:30,19.65,19.8,18.0,18.05,43131
2018-10-08 00:00:00+05:30,17.35,17.8,17.15,17.5,4111
2018-10-09 00:00:00+05:30,17.5,18.0,17.2,17.55,1427
2018-10-10 00:00:00+05:30,17.75,18.4,17.5,18.4,6883
2018-10-11 00:00:00+05:30,17.7,18.75,17.7,18.35,7456
2018-10-12 00:00:00+05:30,18.35,19.25,18.0,19.25,9108
2018-10-15 00:00:00+05:30,20.2,20.2,18.35,20.0,6962
2018-10-16 00:00:00+05:30,20.2,20.9,19.35,20.15,6004
2018-10-17 00:00:00+05:30,20.75,20.75,19.6,20.1,1019
2018-10-19 00:00:00+05:30,20.25,20.8,19.55,20.65,1283
2018-10-22 00:00:00+05:30,20.7,20.7,19.65,19.65,3027
2018-10-23 00:00:00+05:30,18.7,18.7,18.7,18.7,619
2018-10-24 00:00:00+05:30,17.9,19.05,17.9,19.0,5004
2018-10-25 00:00:00+05:30,18.25,18.9,18.05,18.05,2671
2018-10-26 00:00:00+05:30,18.55,18.95,17.75,18.65,1917
2018-10-29 00:00:00+05:30,19.55,19.55,18.0,18.75,5155
2018-10-30 00:00:00+05:30,18.2,18.7,17.85,18.1,6583
2018-10-31 00:00:00+05:30,18.65,18.65,17.85,18.55,2800
2018-11-01 00:00:00+05:30,18.8,19.4,18.05,19.05,1463
2018-11-02 00:00:00+05:30,18.7,19.6,18.1,19.0,9326
2018-11-05 00:00:00+05:30,19.0,19.6,19.0,19.15,3701
2018-11-06 00:00:00+05:30,19.6,19.7,18.75,19.45,1009
2018-11-07 00:00:00+05:30,19.45,19.75,19.45,19.75,512
2018-11-09 00:00:00+05:30,19.5,19.9,19.15,19.5,881
2018-11-12 00:00:00+05:30,19.15,20.45,18.8,19.4,20621
2018-11-13 00:00:00+05:30,19.5,20.1,19.0,19.05,4223
2018-11-14 00:00:00+05:30,19.5,20.0,19.5,19.55,1850
2018-11-15 00:00:00+05:30,19.95,19.95,19.1,19.75,1029
2018-11-16 00:00:00+05:30,19.8,19.95,19.5,19.7,1601
2018-11-19 00:00:00+05:30,20.65,20.65,20.65,20.65,50395
2018-11-20 00:00:00+05:30,21.65,21.65,21.65,21.65,29755
2018-11-21 00:00:00+05:30,22.7,22.7,22.7,22.7,15002
2018-11-22 00:00:00+05:30,21.75,22.9,21.6,21.9,88647
2018-11-26 00:00:00+05:30,22.65,22.95,22.15,22.65,35198
2018-11-27 00:00:00+05:30,22.8,23.5,21.55,21.6,20598
2018-11-28 00:00:00+05:30,22.2,22.2,20.55,20.55,11023
2018-11-29 00:00:00+05:30,19.85,20.95,19.85,20.65,7290
2018-11-30 00:00:00+05:30,20.65,20.65,20.05,20.45,611
2018-12-03 00:00:00+05:30,20.45,20.45,19.55,19.85,6402
2018-12-04 00:00:00+05:30,19.85,19.9,19.2,19.9,4698
2018-12-05 00:00:00+05:30,19.8,19.8,18.95,18.95,18371
2018-12-06 00:00:00+05:30,18.05,18.9,18.05,18.7,14259
2018-12-07 00:00:00+05:30,18.7,19.1,18.2,18.65,5745
2018-12-10 00:00:00+05:30,18.1,18.8,17.2,17.65,8236
2018-12-11 00:00:00+05:30,18.3,19.05,17.6,18.25,14862
2018-12-12 00:00:00+05:30,18.0,19.05,18.0,18.45,4391
2018-12-13 00:00:00+05:30,17.75,19.7,17.75,19.25,11060
2018-12-14 00:00:00+05:30,19.0,19.15,18.15,18.65,2306
2018-12-17 00:00:00+05:30,18.4,19.2,18.4,18.55,1929
2018-12-18 00:00:00+05:30,18.6,19.2,18.55,19.05,4414
2018-12-19 00:00:00+05:30,18.8,20.3,18.8,20.05,11326
2018-12-20 00:00:00+05:30,18.85,20.95,18.85,20.2,2574
2018-12-21 00:00:00+05:30,20.9,20.9,20.0,20.1,4174
2018-12-24 00:00:00+05:30,18.5,20.7,18.5,20.35,4522
2018-12-26 00:00:00+05:30,19.2,20.0,19.2,19.95,1466
2018-12-27 00:00:00+05:30,19.05,20.9,19.0,19.45,1351
2018-12-28 00:00:00+05:30,21.0,21.0,18.8,19.35,6739
2018-12-31 00:00:00+05:30,19.35,19.35,19.1,19.1,44
2019-01-01 00:00:00+05:30,19.1,19.95,19.1,19.4,863
2019-01-02 00:00:00+05:30,20.0,20.0,19.25,19.65,1120
2019-01-03 00:00:00+05:30,19.7,20.4,19.65,20.0,6539
2019-01-04 00:00:00+05:30,19.15,20.5,19.15,19.65,2168
2019-01-07 00:00:00+05:30,18.75,20.35,18.75,19.5,868
2019-01-08 00:00:00+05:30,19.55,19.65,19.35,19.55,321
2019-01-09 00:00:00+05:30,19.6,20.6,19.55,20.0,1007
2019-01-10 00:00:00+05:30,18.75,20.4,18.75,20.0,1763
2019-01-11 00:00:00+05:30,20.0,20.0,19.25,19.4,1871
2019-01-14 00:00:00+05:30,20.2,21.3,18.75,20.6,11295
2019-01-15 00:00:00+05:30,22.05,22.05,20.75,20.9,2589
2019-01-16 00:00:00+05:30,20.55,22.9,20.25,22.25,24870
2019-01-17 00:00:00+05:30,22.7,23.45,21.0,21.3,6495
2019-01-18 00:00:00+05:30,21.5,22.25,20.5,20.85,1031
2019-01-21 00:00:00+05:30,20.6,20.95,19.4,19.55,2560
2019-01-22 00:00:00+05:30,19.05,19.5,18.7,19.05,2327
2019-01-23 00:00:00+05:30,19.0,19.95,19.0,19.2,2439
2019-01-24 00:00:00+05:30,20.35,20.75,19.6,19.9,7648
2019-01-25 00:00:00+05:30,20.6,21.7,19.6,21.3,1998
2019-01-28 00:00:00+05:30,20.45,20.5,19.2,19.2,4360
2019-01-29 00:00:00+05:30,20.35,20.35,17.95,19.4,5099
2019-01-30 00:00:00+05:30,19.95,19.95,18.85,19.1,2916
2019-01-31 00:00:00+05:30,18.5,19.9,18.5,19.0,3153
2019-02-01 00:00:00+05:30,19.0,19.55,18.1,18.55,2022
2019-02-04 00:00:00+05:30,16.75,19.2,16.75,18.9,3678
2019-02-05 00:00:00+05:30,18.95,19.9,18.25,19.05,4499
2019-02-06 00:00:00+05:30,18.1,19.15,18.1,18.95,1690
2019-02-07 00:00:00+05:30,18.55,19.0,17.65,18.15,3468
2019-02-08 00:00:00+05:30,18.2,18.25,16.4,16.95,8882
2019-02-11 00:00:00+05:30,16.8,18.45,16.5,17.0,9724
2019-02-12 00:00:00+05:30,17.1,17.9,16.5,17.1,4767
2019-02-13 00:00:00+05:30,17.85,17.85,16.25,16.45,5456
2019-02-14 00:00:00+05:30,16.95,16.95,15.05,15.6,17410
2019-02-15 00:00:00+05:30,16.3,16.3,12.95,13.35,83134
2019-02-18 00:00:00+05:30,13.3,14.8,12.5,12.55,18790
2019-02-19 00:00:00+05:30,12.6,13.6,12.6,13.05,13118
2019-02-20 00:00:00+05:30,12.85,13.15,12.05,12.8,18006
2019-02-21 00:00:00+05:30,12.5,12.9,12.2,12.55,9517
2019-02-22 00:00:00+05:30,12.4,12.75,12.15,12.4,8471
2019-02-25 00:00:00+05:30,12.4,12.7,12.05,12.6,6383
2019-02-26 00:00:00+05:30,12.15,12.7,11.9,12.55,7760
2019-02-27 00:00:00+05:30,12.55,13.0,12.2,12.4,3325
2019-02-28 00:00:00+05:30,12.65,13.6,12.6,13.6,13368
2019-03-01 00:00:00+05:30,14.6,14.95,14.4,14.95,14718
2019-03-05 00:00:00+05:30,16.35,16.4,15.5,16.4,30419
2019-03-06 00:00:00+05:30,17.2,17.2,16.55,17.05,24960
2019-03-07 00:00:00+05:30,17.9,17.9,16.3,17.15,19229
2019-03-08 00:00:00+05:30,16.65,17.15,16.3,16.9,7516
2019-03-11 00:00:00+05:30,16.35,16.9,16.1,16.15,8130
2019-03-12 00:00:00+05:30,16.15,16.45,15.35,15.85,9146
2019-03-13 00:00:00+05:30,15.85,16.3,15.15,15.35,9843
2019-03-14 00:00:00+05:30,15.35,15.4,14.75,14.9,3935
2019-03-15 00:00:00+05:30,15.25,15.3,14.7,15.25,1921
2019-03-18 00:00:00+05:30,15.25,15.4,14.9,15.0,1900
2019-03-19 00:00:00+05:30,15.4,15.45,15.0,15.05,1364
2019-03-20 00:00:00+05:30,15.05,15.5,15.0,15.2,1686
2019-03-22 00:00:00+05:30,15.2,15.5,15.0,15.5,1523
2019-03-25 00:00:00+05:30,14.9,15.5,14.8,14.9,6183
2019-03-26 00:00:00+05:30,15.5,15.5,14.5,15.0,22311
2019-03-27 00:00:00+05:30,15.65,15.75,14.5,15.55,7423
2019-03-28 00:00:00+05:30,16.2,16.2,15.0,15.5,3840
2019-03-29 00:00:00+05:30,15.7,16.1,15.05,15.7,1113
2019-04-01 00:00:00+05:30,15.85,16.05,15.15,16.05,2284
2019-04-02 00:00:00+05:30,16.1,16.45,15.7,15.9,1063
2019-04-03 00:00:00+05:30,16.1,16.65,16.1,16.65,8773
2019-04-04 00:00:00+05:30,15.9,16.9,15.9,16.3,11010
2019-04-05 00:00:00+05:30,16.25,16.95,16.25,16.45,1071
2019-04-08 00:00:00+05:30,17.0,17.85,16.3,17.3,10567
2019-04-09 00:00:00+05:30,17.3,17.5,16.8,17.35,3103
2019-04-10 00:00:00+05:30,17.7,17.7,16.35,17.4,2883
2019-04-11 00:00:00+05:30,18.45,18.45,16.0,16.5,12543
2019-04-12 00:00:00+05:30,16.85,17.2,16.6,16.95,2536
2019-04-15 00:00:00+05:30,16.75,17.4,16.5,16.85,2075
2019-04-16 00:00:00+05:30,16.35,17.3,15.75,16.7,6787
2019-04-18 00:00:00+05:30,16.85,16.85,15.15,16.65,6460
2019-04-22 00:00:00+05:30,16.75,16.75,15.85,15.9,4870
2019-04-23 00:00:00+05:30,15.9,16.0,15.5,15.6,2800
2019-04-24 00:00:00+05:30,15.6,16.85,15.25,16.2,1161
2019-04-25 00:00:00+05:30,16.4,16.4,16.4,16.4,501
2019-04-26 00:00:00+05:30,16.0,16.85,15.65,16.4,4183
2019-04-30 00:00:00+05:30,15.25,16.4,14.9,15.5,1413
2019-05-02 00:00:00+05:30,15.0,15.95,15.0,15.15,2795
2019-05-03 00:00:00+05:30,15.85,16.3,15.0,16.15,4106
2019-05-06 00:00:00+05:30,14.8,16.4,14.8,15.75,1851
2019-05-07 00:00:00+05:30,17.2,17.2,15.25,15.6,2509
2019-05-08 00:00:00+05:30,15.25,16.4,15.25,16.1,4960
2019-05-09 00:00:00+05:30,15.4,16.25,15.4,15.4,1048
2019-05-10 00:00:00+05:30,15.5,16.2,13.9,14.7,10585
2019-05-13 00:00:00+05:30,16.05,16.05,13.25,14.4,9356
2019-05-14 00:00:00+05:30,14.0,14.75,13.35,14.0,1739
2019-05-15 00:00:00+05:30,14.65,14.65,12.65,12.95,5681
2019-05-16 00:00:00+05:30,13.1,13.55,12.75,13.0,2720
2019-05-17 00:00:00+05:30,13.0,13.45,12.85,13.1,2102
2019-05-20 00:00:00+05:30,13.4,13.85,12.9,13.4,2415
2019-05-21 00:00:00+05:30,14.5,14.5,13.5,13.65,2511
2019-05-22 00:00:00+05:30,13.95,14.85,13.75,14.65,6414
2019-05-23 00:00:00+05:30,14.65,14.8,14.0,14.25,1940
2019-05-24 00:00:00+05:30,14.25,15.4,14.25,14.75,2691
2019-05-27 00:00:00+05:30,16.1,16.1,14.25,15.25,1406
2019-05-28 00:00:00+05:30,16.45,16.75,15.05,16.3,18982
2019-05-29 00:00:00+05:30,16.35,17.0,15.3,16.1,9746
2019-05-30 00:00:00+05:30,15.6,16.5,15.6,15.95,1601
2019-05-31 00:00:00+05:30,17.5,17.5,15.15,16.35,11996
2019-06-03 00:00:00+05:30,16.8,16.8,15.7,16.4,1778
2019-06-04 00:00:00+05:30,15.75,16.0,14.85,15.6,7442
2019-06-06 00:00:00+05:30,16.0,16.25,14.9,15.2,2524
2019-06-07 00:00:00+05:30,15.0,15.0,14.15,14.45,6569
2019-06-10 00:00:00+05:30,14.75,16.0,13.15,15.0,4665
2019-06-11 00:00:00+05:30,16.0,16.5,14.0,14.8,6063
2019-06-12 00:00:00+05:30,14.65,14.65,14.65,14.65,545
2019-06-13 00:00:00+05:30,14.4,14.55,14.1,14.1,1211
2019-06-14 00:00:00+05:30,14.15,14.15,13.9,14.0,1008
2019-06-17 00:00:00+05:30,13.95,15.0,12.55,13.3,9964
2019-06-18 00:00:00+05:30,13.0,13.9,12.7,13.15,1993
2019-06-19 00:00:00+05:30,13.55,13.9,12.55,12.75,5421
2019-06-20 00:00:00+05:30,12.0,13.35,12.0,13.35,507
2019-06-21 00:00:00+05:30,14.2,14.45,12.2,13.65,6669
2019-06-24 00:00:00+05:30,13.9,14.85,13.45,13.65,534
2019-06-25 00:00:00+05:30,13.05,14.3,12.6,13.7,6225
2019-06-26 00:00:00+05:30,13.15,13.25,13.15,13.2,1300
2019-06-27 00:00:00+05:30,12.75,13.75,12.75,13.0,926
2019-06-28 00:00:00+05:30,13.55,14.15,12.1,13.2,5203
2019-07-01 00:00:00+05:30,12.8,14.0,12.8,13.3,2540
2019-07-02 00:00:00+05:30,13.0,13.8,12.5,13.0,1161
2019-07-03 00:00:00+05:30,13.0,13.0,12.25,13.0,1052
2019-07-04 00:00:00+05:30,13.0,13.0,11.65,12.8,9099
2019-07-05 00:00:00+05:30,12.15,12.5,11.0,11.7,6066
2019-07-08 00:00:00+05:30,12.3,12.3,10.65,11.05,2606
2019-07-09 00:00:00+05:30,11.55,11.7,10.3,11.6,8144
2019-07-10 00:00:00+05:30,11.7,11.7,10.95,11.65,653
2019-07-11 00:00:00+05:30,11.65,11.9,11.25,11.65,296
2019-07-12 00:00:00+05:30,11.65,11.7,11.0,11.5,560
2019-07-15 00:00:00+05:30,11.35,11.85,10.65,11.45,1937
2019-07-16 00:00:00+05:30,11.4,11.4,10.5,11.0,152
2019-07-17 00:00:00+05:30,11.5,11.55,9.65,10.7,9702
2019-07-18 00:00:00+05:30,10.75,10.9,10.05,10.15,4698
2019-07-19 00:00:00+05:30,10.9,10.95,10.05,10.75,5094
2019-07-22 00:00:00+05:30,10.75,10.75,10.05,10.6,729
2019-07-23 00:00:00+05:30,10.6,11.3,10.5,11.1,1110
2019-07-24 00:00:00+05:30,11.65,11.65,10.4,10.7,65
2019-07-25 00:00:00+05:30,11.45,11.45,10.5,10.75,388
2019-07-26 00:00:00+05:30,10.75,11.25,10.6,10.9,414
2019-07-29 00:00:00+05:30,11.0,11.0,10.25,10.75,155
2019-07-30 00:00:00+05:30,11.35,11.4,9.5,9.8,6985
2019-07-31 00:00:00+05:30,9.85,9.85,9.15,9.25,2373
2019-08-01 00:00:00+05:30,9.75,9.8,8.05,8.6,3492
2019-08-02 00:00:00+05:30,9.45,9.7,8.1,8.7,2177
2019-08-05 00:00:00+05:30,8.4,8.9,8.0,8.7,329
2019-08-06 00:00:00+05:30,8.4,8.95,8.15,8.8,2422
2019-08-07 00:00:00+05:30,9.75,9.8,7.7,8.0,6148
2019-08-08 00:00:00+05:30,8.7,8.75,8.0,8.75,920
2019-08-09 00:00:00+05:30,8.5,9.05,8.1,8.9,2893
2019-08-13 00:00:00+05:30,8.7,9.0,7.8,8.3,1027
2019-08-14 00:00:00+05:30,9.9,9.9,8.3,8.4,3392
2019-08-16 00:00:00+05:30,9.25,9.25,8.1,8.7,2872
2019-08-19 00:00:00+05:30,9.0,9.05,8.2,8.45,5524
2019-08-20 00:00:00+05:30,8.3,8.95,7.75,8.35,5821
2019-08-21 00:00:00+05:30,8.35,8.65,8.15,8.4,503
2019-08-22 00:00:00+05:30,8.5,8.7,8.4,8.65,328
2019-08-23 00:00:00+05:30,8.2,8.95,7.45,7.6,9644
2019-08-26 00:00:00+05:30,8.0,8.0,7.45,7.65,1744
2019-08-27 00:00:00+05:30,7.5,8.85,7.5,8.25,3052
2019-08-28 00:00:00+05:30,8.5,8.7,8.1,8.4,5976
2019-08-29 00:00:00+05:30,8.35,8.45,8.2,8.2,470
2019-08-30 00:00:00+05:30,8.7,8.75,8.25,8.25,2695
2019-09-03 00:00:00+05:30,8.95,8.95,7.35,8.0,6372
2019-09-04 00:00:00+05:30,8.2,8.2,7.55,7.8,1754
2019-09-05 00:00:00+05:30,8.25,8.25,7.85,8.0,2869
2019-09-06 00:00:00+05:30,7.9,8.25,7.55,8.0,2411
2019-09-09 00:00:00+05:30,8.05,8.15,7.35,7.8,2480
2019-09-11 00:00:00+05:30,8.0,9.35,7.4,9.35,19679
2019-09-12 00:00:00+05:30,10.95,10.95,9.35,10.45,19440
2019-09-13 00:00:00+05:30,10.85,12.2,9.5,11.7,26564
2019-09-16 00:00:00+05:30,11.45,12.35,11.45,11.95,6490
2019-09-17 00:00:00+05:30,12.15,12.95,11.45,12.25,9356
2019-09-18 00:00:00+05:30,11.65,12.75,11.4,11.7,4952
2019-09-19 00:00:00+05:30,11.0,12.35,11.0,11.75,6965
2019-09-20 00:00:00+05:30,11.2,12.1,11.15,11.75,3782
2019-09-23 00:00:00+05:30,11.75,12.05,11.0,11.25,3031
2019-09-24 00:00:00+05:30,11.8,12.25,10.4,11.3,8957
2019-09-25 00:00:00+05:30,11.15,11.4,10.65,11.3,2716
2019-09-26 00:00:00+05:30,10.5,11.15,10.5,10.75,2195
2019-09-27 00:00:00+05:30,10.55,10.8,10.0,10.3,2137
2019-09-30 00:00:00+05:30,9.65,10.5,9.6,9.75,724
2019-10-01 00:00:00+05:30,10.0,10.3,9.0,9.1,3064
2019-10-03 00:00:00+05:30,9.75,9.75,8.5,8.75,6646
2019-10-04 00:00:00+05:30,8.85,9.05,8.55,9.0,2530
2019-10-07 00:00:00+05:30,9.0,9.3,8.65,8.9,2185
2019-10-09 00:00:00+05:30,8.6,9.3,8.6,8.7,5112
2019-10-10 00:00:00+05:30,8.95,8.95,8.3,8.3,2500
2019-10-11 00:00:00+05:30,7.95,8.65,7.95,8.65,3083
2019-10-14 00:00:00+05:30,8.25,8.55,8.25,8.25,381
2019-10-15 00:00:00+05:30,8.0,8.65,8.0,8.65,1795
2019-10-16 00:00:00+05:30,8.4,8.4,8.35,8.4,394
2019-10-17 00:00:00+05:30,8.0,8.05,8.0,8.0,2225
2019-10-18 00:00:00+05:30,7.6,8.4,7.6,8.4,1971
2019-10-22 00:00:00+05:30,8.05,8.35,8.0,8.15,5865
2019-10-23 00:00:00+05:30,7.95,8.4,7.75,7.85,8427
2019-10-24 00:00:00+05:30,7.55,8.2,7.55,8.2,4092
2019-10-25 00:00:00+05:30,8.0,8.35,7.8,7.9,2492
2019-10-27 00:00:00+05:30,8.15,8.15,8.15,8.15,150
2019-10-29 00:00:00+05:30,8.5,8.55,8.0,8.55,4574
2019-10-30 00:00:00+05:30,8.75,8.75,8.25,8.55,1344
2019-10-31 00:00:00+05:30,8.9,8.9,8.35,8.7,1442
2019-11-01 00:00:00+05:30,9.05,9.1,8.4,8.95,1207
2019-11-04 00:00:00+05:30,9.15,9.15,8.55,8.55,4551
2019-11-05 00:00:00+05:30,8.55,8.85,8.3,8.8,1406
2019-11-06 00:00:00+05:30,8.85,9.0,8.5,8.85,2868
2019-11-07 00:00:00+05:30,8.55,8.8,8.45,8.45,3173
2019-11-08 00:00:00+05:30,8.75,8.85,8.35,8.8,2482
2019-11-11 00:00:00+05:30,9.2,9.2,8.55,8.85,1824
2019-11-13 00:00:00+05:30,9.1,9.1,8.65,9.1,813
2019-11-14 00:00:00+05:30,9.0,9.05,8.65,8.65,516
2019-11-15 00:00:00+05:30,8.6,8.9,8.25,8.6,5062
2019-11-18 00:00:00+05:30,8.9,8.95,8.35,8.6,3079
2019-11-19 00:00:00+05:30,8.3,8.95,8.3,8.95,2414
2019-11-20 00:00:00+05:30,8.65,9.2,8.55,8.65,2844
2019-11-21 00:00:00+05:30,8.9,8.95,8.4,8.5,1717
2019-11-22 00:00:00+05:30,8.3,8.9,8.3,8.75,545
2019-11-25 00:00:00+05:30,8.5,8.6,8.35,8.35,1931
2019-11-26 00:00:00+05:30,8.1,8.75,8.1,8.25,422
2019-11-27 00:00:00+05:30,8.25,8.5,8.25,8.5,200
2019-11-28 00:00:00+05:30,8.9,8.9,8.5,8.65,4643
2019-11-29 00:00:00+05:30,9.05,9.05,8.7,9.05,3982
2019-12-02 00:00:00+05:30,9.05,9.5,9.05,9.5,1295
2019-12-03 00:00:00+05:30,9.35,9.7,9.15,9.25,1654
2019-12-04 00:00:00+05:30,8.8,9.6,8.8,8.9,1873
2019-12-05 00:00:00+05:30,8.55,9.2,8.55,8.55,1765
2019-12-06 00:00:00+05:30,8.55,9.1,7.7,8.25,8245
2019-12-09 00:00:00+05:30,7.75,8.65,7.75,8.1,1746
2019-12-10 00:00:00+05:30,8.0,8.5,8.0,8.3,1347
2019-12-11 00:00:00+05:30,7.75,8.15,7.75,8.15,2
2019-12-12 00:00:00+05:30,8.15,8.7,7.7,8.35,2431
2019-12-13 00:00:00+05:30,8.35,8.7,8.0,8.7,1104
2019-12-16 00:00:00+05:30,8.15,8.75,8.1,8.25,1396
2019-12-17 00:00:00+05:30,7.8,8.7,7.75,8.25,2480
2019-12-18 00:00:00+05:30,8.35,8.35,7.8,8.0,3425
2019-12-19 00:00:00+05:30,8.45,8.45,7.5,8.3,2009
2019-12-20 00:00:00+05:30,7.75,8.5,7.75,8.15,2486
2019-12-23 00:00:00+05:30,7.75,7.95,7.4,7.5,7991
2019-12-24 00:00:00+05:30,7.95,7.95,7.2,7.35,2681
2019-12-26 00:00:00+05:30,7.35,7.85,7.35,7.75,4226
2019-12-27 00:00:00+05:30,8.35,8.35,7.7,7.7,986
2019-12-30 00:00:00+05:30,7.95,8.15,7.7,7.7,208
2019-12-31 00:00:00+05:30,8.1,8.25,7.5,8.25,5608
2020-01-01 00:00:00+05:30,8.25,8.25,7.85,8.25,1002
2020-01-02 00:00:00+05:30,7.7,8.7,7.7,8.15,7866
2020-01-03 00:00:00+05:30,8.45,8.6,8.15,8.55,543
2020-01-06 00:00:00+05:30,8.15,8.4,8.15,8.4,1951
2020-01-07 00:00:00+05:30,8.05,8.55,8.05,8.1,1201
2020-01-08 00:00:00+05:30,7.8,8.0,7.7,7.95,6275
2020-01-09 00:00:00+05:30,7.75,8.3,7.75,7.95,2584
2020-01-10 00:00:00+05:30,8.0,8.25,7.65,7.75,4301
2020-01-13 00:00:00+05:30,8.1,8.1,7.55,8.05,1285
2020-01-14 00:00:00+05:30,8.05,8.45,8.05,8.45,6156
2020-01-15 00:00:00+05:30,8.8,8.85,8.1,8.65,12320
2020-01-16 00:00:00+05:30,8.95,8.95,8.25,8.9,2250
2020-01-17 00:00:00+05:30,8.95,8.95,8.55,8.95,1598
2020-01-20 00:00:00+05:30,8.65,8.65,8.65,8.65,240
2020-01-21 00:00:00+05:30,8.9,8.9,8.25,8.8,245
2020-01-22 00:00:00+05:30,8.7,9.2,8.7,9.2,6218
2020-01-23 00:00:00+05:30,9.2,9.2,8.75,8.9,444
2020-01-24 00:00:00+05:30,8.85,9.3,8.85,9.3,2977
2020-01-27 00:00:00+05:30,9.3,9.3,8.85,9.25,1513
2020-01-28 00:00:00+05:30,8.85,9.6,8.8,9.25,1807
2020-01-29 00:00:00+05:30,9.2,9.7,9.2,9.55,2546
2020-01-30 00:00:00+05:30,9.1,9.45,9.1,9.1,480
2020-01-31 00:00:00+05:30,9.5,9.55,8.75,9.0,1451
2020-02-01 00:00:00+05:30,9.45,9.45,8.6,8.65,726
2020-02-03 00:00:00+05:30,8.7,9.05,8.7,9.05,1854
2020-02-04 00:00:00+05:30,9.5,9.5,8.6,9.1,3226
2020-02-05 00:00:00+05:30,8.65,9.45,8.65,9.4,803
2020-02-06 00:00:00+05:30,9.25,9.4,9.0,9.0,720
2020-02-07 00:00:00+05:30,9.35,9.45,8.6,8.6,256
2020-02-10 00:00:00+05:30,9.0,9.0,8.4,9.0,117
2020-02-11 00:00:00+05:30,9.45,9.45,8.55,8.75,3850
2020-02-13 00:00:00+05:30,8.75,8.75,8.5,8.5,401
2020-02-14 00:00:00+05:30,8.1,8.15,8.1,8.1,366
2020-02-17 00:00:00+05:30,7.9,8.25,7.7,8.25,135
2020-02-18 00:00:00+05:30,7.85,7.85,7.85,7.85,45
2020-02-19 00:00:00+05:30,7.7,8.0,7.5,7.5,1750
2020-02-20 00:00:00+05:30,7.15,7.15,7.15,7.15,2
2020-02-24 00:00:00+05:30,6.9,6.9,6.9,6.9,2
2020-02-25 00:00:00+05:30,6.9,7.0,6.65,7.0,255
2020-02-26 00:00:00+05:30,6.65,7.0,6.65,7.0,101
2020-02-27 00:00:00+05:30,7.0,7.0,7.0,7.0,511
2020-02-28 00:00:00+05:30,6.65,7.0,6.65,6.65,715
2020-03-02 00:00:00+05:30,6.9,6.95,6.9,6.95,1195
2020-03-03 00:00:00+05:30,6.95,6.95,6.95,6.95,11
2020-03-06 00:00:00+05:30,6.95,6.95,6.95,6.95,1
2020-03-12 00:00:00+05:30,7.0,7.0,6.95,6.95,110
2020-03-13 00:00:00+05:30,6.8,6.85,6.8,6.85,61
2020-03-16 00:00:00+05:30,6.55,6.55,6.55,6.55,40
2020-03-18 00:00:00+05:30,6.5,6.55,6.5,6.55,50
2020-03-19 00:00:00+05:30,6.55,6.55,6.5,6.5,130
2020-03-20 00:00:00+05:30,6.5,6.5,6.5,6.5,312
2020-03-23 00:00:00+05:30,6.5,6.5,6.2,6.2,335
2020-03-25 00:00:00+05:30,5.9,5.9,5.9,5.9,112
2020-03-26 00:00:00+05:30,5.9,5.9,5.7,5.7,1839
2020-03-27 00:00:00+05:30,5.7,5.7,5.6,5.6,495
2020-03-30 00:00:00+05:30,5.6,5.6,5.35,5.35,412
2020-03-31 00:00:00+05:30,5.2,5.35,5.1,5.1,383
2020-04-01 00:00:00+05:30,4.95,4.95,4.85,4.85,788
2020-04-03 00:00:00+05:30,4.85,5.05,4.65,5.0,3857
2020-04-07 00:00:00+05:30,5.2,5.2,4.8,5.0,1013
2020-04-08 00:00:00+05:30,5.25,5.25,4.75,5.0,1263
2020-04-09 00:00:00+05:30,5.0,5.25,4.9,5.25,2737
2020-04-13 00:00:00+05:30,5.5,5.5,5.05,5.15,1167
2020-04-15 00:00:00+05:30,5.15,5.4,5.0,5.4,1243
2020-04-16 00:00:00+05:30,5.65,5.65,5.65,5.65,95
2020-04-17 00:00:00+05:30,5.9,5.9,5.65,5.9,2147
2020-04-20 00:00:00+05:30,5.9,6.15,5.75,6.15,1020
2020-04-21 00:00:00+05:30,6.45,6.45,5.85,6.4,578
2020-04-22 00:00:00+05:30,6.7,6.7,6.3,6.4,2817
2020-04-23 00:00:00+05:30,6.1,6.7,6.1,6.5,1907
2020-04-24 00:00:00+05:30,6.2,6.7,6.2,6.2,2038
2020-04-27 00:00:00+05:30,5.9,6.5,5.9,6.5,1656
2020-04-28 00:00:00+05:30,6.5,6.8,6.25,6.6,2561
2020-04-29 00:00:00+05:30,6.3,6.9,6.3,6.3,808
2020-04-30 00:00:00+05:30,6.6,6.6,6.0,6.55,1217
2020-05-04 00:00:00+05:30,6.55,6.8,6.25,6.7,724
2020-05-06 00:00:00+05:30,6.65,6.65,6.55,6.55,4
2020-05-07 00:00:00+05:30,6.55,6.85,6.25,6.65,443
2020-05-08 00:00:00+05:30,6.9,6.9,6.35,6.65,279
2020-05-11 00:00:00+05:30,6.65,6.65,6.65,6.65,61
2020-05-12 00:00:00+05:30,6.6,6.6,6.6,6.6,10
2020-05-13 00:00:00+05:30,6.45,6.5,6.3,6.3,1007
2020-05-18 00:00:00+05:30,6.3,6.3,6.3,6.3,1
2020-05-19 00:00:00+05:30,6.0,6.0,6.0,6.0,185
2020-05-20 00:00:00+05:30,5.95,5.95,5.7,5.7,1200
2020-05-21 00:00:00+05:30,5.65,5.65,5.65,5.65,500
2020-05-22 00:00:00+05:30,5.4,5.4,5.4,5.4,800
2020-05-26 00:00:00+05:30,5.4,5.4,5.15,5.15,1040
2020-05-27 00:00:00+05:30,5.35,5.35,4.9,5.15,13289
2020-05-28 00:00:00+05:30,4.9,5.4,4.9,4.9,5115
2020-05-29 00:00:00+05:30,4.95,5.05,4.7,4.7,8272
2020-06-01 00:00:00+05:30,4.5,4.85,4.5,4.85,10000
2020-06-02 00:00:00+05:30,4.85,5.05,4.85,5.05,790
2020-06-03 00:00:00+05:30,5.05,5.3,5.05,5.2,1815
2020-06-04 00:00:00+05:30,5.25,5.45,5.25,5.45,1325
2020-06-05 00:00:00+05:30,5.7,5.7,5.7,5.7,721
2020-06-08 00:00:00+05:30,5.95,5.95,5.95,5.95,3092
2020-06-09 00:00:00+05:30,5.95,6.2,5.95,6.2,272
2020-06-10 00:00:00+05:30,6.2,6.5,5.9,6.5,3573
2020-06-11 00:00:00+05:30,6.8,6.8,6.8,6.8,1527
2020-06-12 00:00:00+05:30,7.0,7.1,7.0,7.1,5792
2020-06-15 00:00:00+05:30,7.1,7.1,6.75,6.8,4191
2020-06-16 00:00:00+05:30,6.5,7.1,6.5,6.7,7243
2020-06-17 00:00:00+05:30,6.4,7.0,6.4,6.6,5608
2020-06-18 00:00:00+05:30,6.85,6.9,6.3,6.9,3982
2020-06-19 00:00:00+05:30,7.0,7.2,6.6,7.2,4196
2020-06-22 00:00:00+05:30,7.2,7.2,7.2,7.2,800
2020-06-23 00:00:00+05:30,7.5,7.55,6.85,7.45,1631
2020-06-24 00:00:00+05:30,7.45,7.8,7.45,7.8,2462
2020-06-25 00:00:00+05:30,7.8,7.8,7.5,7.8,4139
2020-06-26 00:00:00+05:30,7.8,8.15,7.8,8.15,801
2020-06-29 00:00:00+05:30,8.55,8.55,8.5,8.55,3360
2020-06-30 00:00:00+05:30,8.65,8.65,8.55,8.55,1568
2020-07-01 00:00:00+05:30,8.6,8.6,8.15,8.15,6698
2020-07-02 00:00:00+05:30,8.15,8.55,8.15,8.45,432
2020-07-03 00:00:00+05:30,8.35,8.35,8.35,8.35,400
2020-07-06 00:00:00+05:30,8.25,8.25,7.95,7.95,5648
2020-07-07 00:00:00+05:30,7.95,8.2,7.65,7.65,989
2020-07-08 00:00:00+05:30,7.65,8.0,7.3,7.7,3169
2020-07-09 00:00:00+05:30,8.05,8.05,7.35,8.0,454
2020-07-10 00:00:00+05:30,8.0,8.05,8.0,8.0,405
2020-07-13 00:00:00+05:30,8.05,8.4,8.05,8.4,2013
2020-07-14 00:00:00+05:30,8.45,8.45,8.1,8.4,421
2020-07-15 00:00:00+05:30,8.0,8.0,8.0,8.0,343
2020-07-16 00:00:00+05:30,7.9,8.0,7.9,8.0,1000
2020-07-20 00:00:00+05:30,7.95,8.0,7.95,8.0,1610
2020-07-22 00:00:00+05:30,7.6,7.6,7.6,7.6,1475
2020-07-23 00:00:00+05:30,7.6,7.7,7.6,7.6,1901
2020-07-24 00:00:00+05:30,7.6,7.6,7.25,7.25,2358
2020-07-27 00:00:00+05:30,6.95,7.25,6.9,6.9,2011
2020-07-28 00:00:00+05:30,6.6,6.6,6.6,6.6,69
2020-07-29 00:00:00+05:30,6.3,6.85,6.3,6.6,360
2020-07-30 00:00:00+05:30,6.6,6.9,6.6,6.9,1376
2020-07-31 00:00:00+05:30,6.9,6.9,6.9,6.9,10
2020-08-03 00:00:00+05:30,7.2,7.2,7.2,7.2,15
2020-08-06 00:00:00+05:30,7.2,7.55,7.2,7.55,220
2020-08-07 00:00:00+05:30,7.55,7.55,7.5,7.5,170
2020-08-10 00:00:00+05:30,7.5,7.5,7.5,7.5,4
2020-08-11 00:00:00+05:30,7.45,7.85,7.45,7.85,814
2020-08-12 00:00:00+05:30,7.85,7.85,7.5,7.5,3265
2020-08-13 00:00:00+05:30,7.4,7.4,7.15,7.15,179
2020-08-14 00:00:00+05:30,7.1,7.15,7.1,7.1,3025
2020-08-17 00:00:00+05:30,7.1,7.45,7.1,7.45,1781
2020-08-18 00:00:00+05:30,7.45,7.8,7.1,7.45,1650
2020-08-19 00:00:00+05:30,7.1,7.45,7.1,7.1,3725
2020-08-20 00:00:00+05:30,6.75,7.1,6.75,6.75,4942
2020-08-21 00:00:00+05:30,7.05,7.05,7.05,7.05,4898
2020-08-24 00:00:00+05:30,7.05,7.35,6.75,7.35,9051
2020-08-25 00:00:00+05:30,7.7,7.7,7.0,7.65,10739
2020-08-26 00:00:00+05:30,7.3,8.0,7.3,7.95,5632
2020-08-27 00:00:00+05:30,8.25,8.25,7.6,8.0,10502
2020-08-28 00:00:00+05:30,7.65,8.1,7.6,7.65,9089
2020-08-31 00:00:00+05:30,7.8,7.8,7.35,7.75,441
2020-09-01 00:00:00+05:30,7.7,7.7,7.7,7.7,120
2020-09-02 00:00:00+05:30,7.5,7.7,7.35,7.65,1011
2020-09-03 00:00:00+05:30,8.0,8.0,7.3,7.4,2313
2020-09-04 00:00:00+05:30,7.4,7.75,7.4,7.75,2578
2020-09-07 00:00:00+05:30,7.75,7.95,7.4,7.4,5986
2020-09-08 00:00:00+05:30,7.05,7.4,7.05,7.05,4439
2020-09-09 00:00:00+05:30,7.05,7.2,6.85,6.85,5754
2020-09-10 00:00:00+05:30,6.85,7.15,6.85,7.0,1031
2020-09-11 00:00:00+05:30,6.85,6.85,6.85,6.85,200
2020-09-14 00:00:00+05:30,6.85,6.85,6.55,6.8,4492
2020-09-15 00:00:00+05:30,7.1,7.1,7.1,7.1,15
2020-09-17 00:00:00+05:30,7.45,7.45,6.8,7.45,2438
2020-09-18 00:00:00+05:30,7.3,7.45,7.1,7.1,2949
2020-09-21 00:00:00+05:30,6.75,7.45,6.75,6.8,3652
2020-09-22 00:00:00+05:30,6.8,6.8,6.8,6.8,170
2020-09-23 00:00:00+05:30,6.8,6.8,6.8,6.8,50
2020-09-24 00:00:00+05:30,6.8,7.0,6.5,6.75,654
2020-09-25 00:00:00+05:30,7.0,7.0,7.0,7.0,500
2020-09-28 00:00:00+05:30,7.35,7.35,6.65,6.75,10987
2020-09-29 00:00:00+05:30,6.55,7.05,6.55,6.65,554
2020-09-30 00:00:00+05:30,6.65,6.95,6.35,6.95,9669
2020-10-05 00:00:00+05:30,6.95,6.95,6.9,6.95,1221
2020-10-06 00:00:00+05:30,6.65,7.25,6.65,7.25,1500
2020-10-07 00:00:00+05:30,7.25,7.6,7.25,7.55,1201
2020-10-08 00:00:00+05:30,8.3,8.3,6.8,6.8,6997
2020-10-09 00:00:00+05:30,6.15,7.45,6.15,6.5,16682
2020-10-12 00:00:00+05:30,6.95,7.05,6.55,6.85,970
2020-10-13 00:00:00+05:30,7.15,7.15,6.55,6.55,574
2020-10-14 00:00:00+05:30,6.95,7.15,6.25,6.35,2430
2020-10-15 00:00:00+05:30,6.35,6.95,6.35,6.35,861
2020-10-16 00:00:00+05:30,6.9,6.95,6.35,6.35,2650
2020-10-19 00:00:00+05:30,6.35,6.35,6.35,6.35,100
2020-10-20 00:00:00+05:30,5.8,6.95,5.8,6.85,1555
2020-10-21 00:00:00+05:30,6.2,7.4,6.2,7.35,3858
2020-10-22 00:00:00+05:30,7.2,7.2,6.7,7.2,3100
2020-10-23 00:00:00+05:30,6.5,7.55,6.5,7.35,436
2020-10-26 00:00:00+05:30,6.9,7.35,6.7,7.25,1942
2020-10-27 00:00:00+05:30,7.3,7.9,6.55,6.7,6648
2020-10-28 00:00:00+05:30,6.75,7.3,6.7,6.75,1220
2020-10-29 00:00:00+05:30,7.15,7.15,6.5,7.1,1399
2020-10-30 00:00:00+05:30,7.1,7.1,6.4,6.5,8866
2020-11-02 00:00:00+05:30,6.5,6.9,6.05,6.85,551
2020-11-03 00:00:00+05:30,6.25,6.95,6.25,6.45,2667
2020-11-04 00:00:00+05:30,6.2,7.05,5.95,6.25,6704
2020-11-05 00:00:00+05:30,6.25,6.85,6.2,6.8,1819
2020-11-06 00:00:00+05:30,6.8,7.45,6.2,6.5,12315
2020-11-09 00:00:00+05:30,6.75,6.9,6.35,6.8,5434
2020-11-10 00:00:00+05:30,6.4,7.15,6.4,6.55,446
2020-11-11 00:00:00+05:30,6.9,6.95,6.2,6.8,3399
2020-11-12 00:00:00+05:30,6.5,6.8,6.3,6.3,2528
2020-11-13 00:00:00+05:30,6.3,6.75,6.3,6.7,1124
2020-11-17 00:00:00+05:30,6.9,6.9,6.2,6.75,11363
2020-11-18 00:00:00+05:30,6.55,7.4,6.4,6.85,5506
2020-11-19 00:00:00+05:30,7.0,7.5,6.5,7.45,9673
2020-11-20 00:00:00+05:30,7.7,7.7,6.95,7.2,5774
2020-11-23 00:00:00+05:30,6.95,7.4,6.95,7.05,929
2020-11-24 00:00:00+05:30,7.0,7.5,6.7,7.2,5868
2020-11-25 00:00:00+05:30,7.6,7.6,6.75,7.1,704
2020-11-26 00:00:00+05:30,7.7,7.7,7.35,7.4,3845
2020-11-27 00:00:00+05:30,7.05,7.85,7.05,7.75,5336
2020-12-01 00:00:00+05:30,8.2,8.5,8.05,8.5,12026
2020-12-02 00:00:00+05:30,9.35,9.35,8.9,9.35,16763
2020-12-03 00:00:00+05:30,9.8,9.8,9.75,9.8,4772
2020-12-04 00:00:00+05:30,10.2,10.25,9.8,10.2,11413
2020-12-07 00:00:00+05:30,10.2,10.45,9.7,10.0,11272
2020-12-08 00:00:00+05:30,10.35,10.5,9.6,9.8,12910
2020-12-09 00:00:00+05:30,9.8,10.1,9.4,9.55,5551
2020-12-10 00:00:00+05:30,10.0,10.0,9.1,9.15,5456
2020-12-11 00:00:00+05:30,9.5,9.6,9.25,9.55,2650
2020-12-14 00:00:00+05:30,9.75,10.0,9.25,9.25,2125
2020-12-15 00:00:00+05:30,9.25,9.7,8.8,9.3,2710
2020-12-16 00:00:00+05:30,9.25,9.65,9.2,9.25,4668
2020-12-17 00:00:00+05:30,8.9,9.7,8.9,9.7,3593
2020-12-18 00:00:00+05:30,9.35,9.9,9.3,9.45,7260
2020-12-21 00:00:00+05:30,9.1,9.45,9.0,9.1,5803
2020-12-22 00:00:00+05:30,9.3,9.3,9.3,9.3,45
2020-12-23 00:00:00+05:30,9.1,9.7,8.85,9.0,10559
2020-12-24 00:00:00+05:30,9.4,9.45,9.2,9.4,15147
2020-12-28 00:00:00+05:30,9.2,9.6,9.0,9.05,8173
2020-12-29 00:00:00+05:30,9.0,9.3,8.75,9.0,3250
2020-12-30 00:00:00+05:30,9.0,9.0,8.6,8.7,2444
2020-12-31 00:00:00+05:30,8.7,9.1,8.7,8.85,6380
2021-01-01 00:00:00+05:30,9.25,9.25,9.25,9.25,3968
2021-01-04 00:00:00+05:30,9.25,9.5,9.25,9.4,6646
2021-01-05 00:00:00+05:30,8.95,9.85,8.95,9.85,15997
2021-01-06 00:00:00+05:30,10.3,10.3,9.55,10.3,31182
2021-01-07 00:00:00+05:30,10.8,10.8,10.3,10.8,15633
2021-01-08 00:00:00+05:30,11.3,11.3,11.25,11.3,10802
2021-01-11 00:00:00+05:30,11.85,11.85,11.85,11.85,18661
2021-01-12 00:00:00+05:30,12.4,12.4,12.4,12.4,8446
2021-01-13 00:00:00+05:30,12.95,12.95,11.8,11.8,10025
2021-01-14 00:00:00+05:30,11.7,12.0,11.25,11.25,12305
2021-01-15 00:00:00+05:30,11.25,11.8,11.25,11.8,2010
2021-01-18 00:00:00+05:30,11.7,11.7,11.25,11.3,1000
2021-01-20 00:00:00+05:30,11.8,11.85,11.0,11.0,4200
2021-01-21 00:00:00+05:30,10.45,11.55,10.45,10.45,1200
2021-01-22 00:00:00+05:30,9.95,9.95,9.95,9.95,1100
2021-01-25 00:00:00+05:30,9.55,10.0,9.5,9.5,1060
2021-01-27 00:00:00+05:30,9.5,9.5,9.5,9.5,1
2021-01-28 00:00:00+05:30,9.05,9.05,9.05,9.05,10
2021-01-29 00:00:00+05:30,8.6,8.7,8.6,8.7,880
2021-02-01 00:00:00+05:30,8.3,8.3,8.3,8.3,673
2021-02-02 00:00:00+05:30,8.3,8.3,8.0,8.1,472
2021-02-03 00:00:00+05:30,7.7,8.1,7.7,8.1,420
2021-02-04 00:00:00+05:30,7.8,7.85,7.8,7.85,768
2021-02-05 00:00:00+05:30,7.65,7.75,7.65,7.75,950
2021-02-08 00:00:00+05:30,7.75,8.1,7.4,8.1,156
2021-02-09 00:00:00+05:30,8.0,8.0,7.7,7.75,325
2021-02-10 00:00:00+05:30,8.1,8.1,8.1,8.1,1
2021-02-11 00:00:00+05:30,8.2,8.5,7.7,7.75,9212
2021-02-12 00:00:00+05:30,7.5,8.1,7.4,7.9,1225
2021-02-15 00:00:00+05:30,7.6,7.65,7.6,7.65,399
2021-02-16 00:00:00+05:30,7.4,7.9,7.3,7.9,6602
2021-02-17 00:00:00+05:30,7.1,7.7,7.1,7.7,1503
2021-02-18 00:00:00+05:30,7.7,7.7,7.35,7.7,1700
2021-02-19 00:00:00+05:30,7.35,8.05,7.35,8.05,3301
2021-02-22 00:00:00+05:30,7.9,8.05,7.65,7.65,1700
2021-02-23 00:00:00+05:30,8.0,8.0,7.35,8.0,583
2021-02-24 00:00:00+05:30,7.6,7.6,7.6,7.6,245
2021-02-25 00:00:00+05:30,7.6,7.95,7.3,7.3,34801
2021-02-26 00:00:00+05:30,7.35,7.35,7.35,7.35,15671
2021-03-01 00:00:00+05:30,7.0,7.7,7.0,7.4,931
2021-03-02 00:00:00+05:30,7.35,7.35,7.35,7.35,35
2021-03-03 00:00:00+05:30,7.35,7.35,7.0,7.25,949
2021-03-04 00:00:00+05:30,6.9,7.1,6.9,7.1,1015
2021-03-05 00:00:00+05:30,6.8,6.8,6.8,6.8,1550
2021-03-08 00:00:00+05:30,6.5,7.1,6.5,7.1,1761
2021-03-09 00:00:00+05:30,7.45,7.45,7.45,7.45,50
2021-03-10 00:00:00+05:30,7.8,7.8,7.8,7.8,1310
2021-03-12 00:00:00+05:30,8.15,8.15,8.15,8.15,840
2021-03-15 00:00:00+05:30,8.55,8.55,8.55,8.55,2177
2021-03-16 00:00:00+05:30,8.95,8.95,8.95,8.95,1211
2021-03-17 00:00:00+05:30,9.35,9.35,9.0,9.25,5696
2021-03-18 00:00:00+05:30,9.25,9.7,9.2,9.2,5964
2021-03-19 00:00:00+05:30,9.2,9.6,8.75,8.75,5514
2021-03-22 00:00:00+05:30,9.15,9.15,8.4,9.15,4763
2021-03-23 00:00:00+05:30,9.55,9.6,9.1,9.3,10152
2021-03-24 00:00:00+05:30,9.3,9.55,8.85,8.85,8554
2021-03-25 00:00:00+05:30,9.0,9.25,8.45,8.85,7192
2021-03-26 00:00:00+05:30,8.5,8.75,8.45,8.65,4382
2021-03-30 00:00:00+05:30,8.45,9.05,8.25,9.0,5422
2021-03-31 00:00:00+05:30,8.55,8.55,8.55,8.55,436
2021-04-01 00:00:00+05:30,8.55,8.55,8.15,8.15,1906
2021-04-05 00:00:00+05:30,8.15,8.5,7.85,8.35,4953
2021-04-06 00:00:00+05:30,8.35,8.75,7.95,8.35,11987
2021-04-07 00:00:00+05:30,8.3,8.75,8.2,8.2,9220
2021-04-08 00:00:00+05:30,8.4,8.6,8.2,8.6,16984
2021-04-09 00:00:00+05:30,9.0,9.0,9.0,9.0,1045
2021-04-12 00:00:00+05:30,8.7,9.45,8.7,9.05,8990
2021-04-13 00:00:00+05:30,9.05,9.5,9.05,9.5,6687
2021-04-15 00:00:00+05:30,9.9,9.95,9.9,9.95,11589
2021-04-16 00:00:00+05:30,10.4,10.4,9.7,10.4,18720
2021-04-19 00:00:00+05:30,10.4,10.9,10.1,10.3,29112
2021-04-20 00:00:00+05:30,10.8,10.8,10.4,10.8,12982
2021-04-22 00:00:00+05:30,10.8,11.3,10.8,11.3,4679
2021-04-23 00:00:00+05:30,11.85,11.85,11.25,11.35,14817
2021-04-26 00:00:00+05:30,10.95,11.9,10.95,11.9,11452
2021-04-27 00:00:00+05:30,11.9,11.9,11.9,11.9,700
2021-04-28 00:00:00+05:30,11.4,12.4,11.4,12.4,14314
2021-04-29 00:00:00+05:30,12.4,12.95,11.8,12.95,10278
2021-04-30 00:00:00+05:30,12.5,13.5,12.5,13.1,22651
2021-05-03 00:00:00+05:30,13.1,13.75,13.1,13.75,17161
2021-05-04 00:00:00+05:30,13.1,13.1,13.1,13.1,900
2021-05-10 00:00:00+05:30,12.45,12.45,12.45,12.45,16963
2021-05-17 00:00:00+05:30,12.4,12.4,12.4,12.4,200
2021-05-24 00:00:00+05:30,12.4,12.4,11.8,11.8,2641
2021-05-31 00:00:00+05:30,11.25,11.25,11.25,11.25,1500
2021-06-07 00:00:00+05:30,10.7,10.7,10.7,10.7,3300
2021-06-14 00:00:00+05:30,10.45,10.7,10.45,10.7,3400
2021-06-15 00:00:00+05:30,11.0,11.2,10.25,11.2,5352
2021-06-17 00:00:00+05:30,12.3,12.3,11.4,11.4,4485
2021-06-18 00:00:00+05:30,11.45,11.45,11.45,11.45,1315
2021-06-21 00:00:00+05:30,11.95,12.0,11.95,12.0,1805
2021-06-22 00:00:00+05:30,12.6,12.6,12.6,12.6,1748
2021-06-23 00:00:00+05:30,13.2,13.2,13.2,13.2,441
2021-06-24 00:00:00+05:30,13.2,13.2,13.2,13.2,723
2021-06-25 00:00:00+05:30,13.85,13.85,13.85,13.85,2860
2021-07-05 00:00:00+05:30,14.5,14.5,13.2,14.5,14342
2021-07-12 00:00:00+05:30,13.8,14.5,13.8,14.2,13486
2021-07-19 00:00:00+05:30,14.15,14.2,14.15,14.2,706
2021-07-26 00:00:00+05:30,14.2,14.2,14.2,14.2,7494
2021-08-02 00:00:00+05:30,14.2,14.2,14.2,14.2,1125
2021-08-09 00:00:00+05:30,13.5,14.9,13.5,14.9,17898
2021-08-16 00:00:00+05:30,14.9,14.9,14.9,14.9,20259
2021-08-23 00:00:00+05:30,14.9,14.9,14.9,14.9,10889
2021-08-30 00:00:00+05:30,14.9,14.9,14.9,14.9,16050
2021-09-06 00:00:00+05:30,14.9,14.9,14.2,14.2,7520
2021-09-13 00:00:00+05:30,14.2,14.2,14.2,14.2,30526
2021-09-14 00:00:00+05:30,14.9,14.9,14.9,14.9,33819
2021-09-15 00:00:00+05:30,15.6,15.6,15.6,15.6,1022
2021-09-16 00:00:00+05:30,16.35,16.35,16.35,16.35,700
2021-09-17 00:00:00+05:30,17.15,17.15,17.15,17.15,1090
2021-09-20 00:00:00+05:30,18.0,18.0,18.0,18.0,7709
2021-09-21 00:00:00+05:30,18.9,18.9,18.9,18.9,1391
2021-09-22 00:00:00+05:30,19.8,19.8,19.8,19.8,1507
2021-09-23 00:00:00+05:30,20.75,20.75,20.75,20.75,6672
2021-09-24 00:00:00+05:30,21.75,21.75,21.75,21.75,4317
2021-09-27 00:00:00+05:30,22.8,22.8,22.8,22.8,1138
2021-09-28 00:00:00+05:30,23.9,23.9,21.7,23.9,95845
2021-09-29 00:00:00+05:30,25.05,25.05,24.25,25.05,24419
2021-09-30 00:00:00+05:30,26.3,26.3,26.3,26.3,2642
2021-10-01 00:00:00+05:30,27.6,27.6,27.6,27.6,2395
2021-10-04 00:00:00+05:30,28.95,28.95,28.95,28.95,534
2021-10-05 00:00:00+05:30,30.35,30.35,30.35,30.35,19704
2021-10-06 00:00:00+05:30,31.85,31.85,31.85,31.85,1075
2021-10-07 00:00:00+05:30,33.4,33.4,33.4,33.4,823
2021-10-08 00:00:00+05:30,35.05,35.05,35.05,35.05,3725
2021-10-11 00:00:00+05:30,36.8,36.8,36.8,36.8,340
2021-10-12 00:00:00+05:30,38.6,38.6,35.0,35.65,107505
2021-10-13 00:00:00+05:30,33.9,33.9,33.9,33.9,11253
2021-10-14 00:00:00+05:30,32.25,35.55,32.25,35.0,60578
2021-10-18 00:00:00+05:30,35.5,36.5,33.25,33.25,13394
2021-10-19 00:00:00+05:30,31.6,34.75,31.6,31.7,21105
2021-10-20 00:00:00+05:30,30.5,30.7,30.15,30.15,8507
2021-10-21 00:00:00+05:30,28.75,30.5,28.65,29.8,20347
2021-10-22 00:00:00+05:30,29.8,30.4,28.35,28.35,11442
2021-10-25 00:00:00+05:30,28.0,28.8,26.95,28.0,6518
2021-10-26 00:00:00+05:30,28.0,28.75,26.6,27.45,6120
2021-10-27 00:00:00+05:30,28.6,28.8,26.8,27.8,25375
2021-10-28 00:00:00+05:30,28.4,28.4,26.5,26.6,9959
2021-10-29 00:00:00+05:30,26.6,26.6,25.5,25.5,4202
2021-11-01 00:00:00+05:30,26.0,26.0,24.5,26.0,51942
2021-11-02 00:00:00+05:30,27.3,27.3,24.7,25.6,67512
2021-11-03 00:00:00+05:30,26.85,26.85,25.5,25.7,9633
2021-11-04 00:00:00+05:30,26.5,26.5,26.05,26.35,1697
2021-11-08 00:00:00+05:30,27.4,27.65,25.5,27.5,13336
2021-11-09 00:00:00+05:30,26.3,28.2,26.15,26.55,16773
2021-11-10 00:00:00+05:30,27.2,27.85,27.0,27.85,44919
2021-11-11 00:00:00+05:30,29.0,29.0,26.65,28.45,7586
2021-11-12 00:00:00+05:30,27.9,29.25,27.9,28.4,18309
2021-11-15 00:00:00+05:30,29.8,29.8,29.8,29.8,3369
2021-11-16 00:00:00+05:30,31.25,31.25,31.25,31.25,153561
2021-11-17 00:00:00+05:30,32.8,32.8,32.8,32.8,54170
2021-11-18 00:00:00+05:30,34.4,34.4,34.4,34.4,129391
2021-11-22 00:00:00+05:30,36.1,36.1,34.4,36.1,340859
2021-11-23 00:00:00+05:30,36.5,37.9,35.5,37.9,169482
2021-11-24 00:00:00+05:30,39.75,39.75,39.75,39.75,54329
2021-11-25 00:00:00+05:30,41.7,41.7,41.7,41.7,101756
2021-11-26 00:00:00+05:30,42.5,43.75,40.3,43.75,128126
2021-11-29 00:00:00+05:30,45.9,45.9,41.6,45.9,226828
2021-11-30 00:00:00+05:30,47.0,48.15,46.75,48.15,115125
2021-12-01 00:00:00+05:30,50.55,50.55,45.75,50.55,242569
2021-12-02 00:00:00+05:30,52.0,53.05,51.0,53.05,165943
2021-12-03 00:00:00+05:30,54.25,55.7,53.0,55.5,191322
2021-12-06 00:00:00+05:30,57.7,58.25,54.1,58.25,82991
2021-12-07 00:00:00+05:30,61.0,61.15,60.7,61.15,109655
2021-12-08 00:00:00+05:30,64.2,64.2,58.1,58.1,66304
2021-12-09 00:00:00+05:30,55.2,61.0,55.2,57.2,234176
2021-12-10 00:00:00+05:30,59.6,59.6,54.35,55.1,65632
2021-12-13 00:00:00+05:30,57.55,57.55,52.35,52.45,65724
2021-12-14 00:00:00+05:30,50.05,52.55,49.85,50.0,127461
2021-12-15 00:00:00+05:30,52.3,52.5,52.3,52.5,10993
2021-12-16 00:00:00+05:30,55.1,55.1,55.1,55.1,8465
2021-12-17 00:00:00+05:30,57.85,57.85,53.5,57.1,87234
2021-12-20 00:00:00+05:30,55.55,55.7,54.25,54.25,23808
2021-12-21 00:00:00+05:30,52.05,56.85,51.6,53.15,35480
2021-12-22 00:00:00+05:30,51.9,55.65,51.6,51.85,29404
2021-12-23 00:00:00+05:30,53.65,54.4,50.0,50.25,29602
2021-12-24 00:00:00+05:30,51.3,52.0,47.75,48.15,40923
2021-12-27 00:00:00+05:30,46.15,50.55,45.75,50.55,33371
2021-12-28 00:00:00+05:30,52.8,53.05,52.0,53.05,20695
2021-12-29 00:00:00+05:30,54.9,55.7,50.55,53.95,67283
2021-12-30 00:00:00+05:30,54.0,56.6,54.0,56.6,97816
2021-12-31 00:00:00+05:30,57.8,58.0,53.8,53.9,39807
2022-01-03 00:00:00+05:30,54.5,55.4,51.25,54.25,41745
2022-01-04 00:00:00+05:30,55.9,55.9,51.55,52.35,46600
2022-01-05 00:00:00+05:30,54.9,54.9,49.75,50.0,61465
2022-01-06 00:00:00+05:30,48.6,52.3,47.65,51.95,50214
2022-01-07 00:00:00+05:30,51.25,54.35,51.25,53.2,56269
2022-01-10 00:00:00+05:30,55.8,55.85,53.1,53.55,69161
2022-01-11 00:00:00+05:30,54.0,55.15,51.0,53.3,50105
2022-01-12 00:00:00+05:30,54.35,55.8,52.0,52.65,55499
2022-01-13 00:00:00+05:30,52.0,54.85,52.0,54.25,37360
2022-01-14 00:00:00+05:30,54.9,56.95,52.9,55.05,75501
2022-01-17 00:00:00+05:30,56.85,56.9,53.45,54.35,111419
2022-01-18 00:00:00+05:30,55.05,55.05,52.0,53.2,45810
2022-01-19 00:00:00+05:30,50.8,53.0,50.6,52.3,55899
2022-01-20 00:00:00+05:30,52.95,54.9,51.8,54.1,34542
2022-01-21 00:00:00+05:30,54.25,54.25,51.4,51.45,40913
2022-01-24 00:00:00+05:30,52.45,52.45,48.9,48.9,17385
2022-01-25 00:00:00+05:30,46.5,49.75,46.5,48.1,33503
2022-01-27 00:00:00+05:30,48.0,50.5,46.7,50.0,29156
2022-01-28 00:00:00+05:30,52.5,52.5,50.05,51.0,34971
2022-01-31 00:00:00+05:30,52.95,53.55,49.05,50.4,37967
2022-02-01 00:00:00+05:30,52.0,52.0,49.1,49.3,27189
2022-02-02 00:00:00+05:30,49.5,51.75,48.45,49.25,50888
2022-02-03 00:00:00+05:30,48.55,51.7,48.55,51.7,64096
2022-02-04 00:00:00+05:30,54.25,54.25,52.1,54.25,35289
2022-02-07 00:00:00+05:30,56.95,56.95,55.15,56.95,63869
2022-02-08 00:00:00+05:30,59.75,59.75,54.15,57.0,166527
2022-02-09 00:00:00+05:30,59.6,59.6,54.15,54.25,53944
2022-02-10 00:00:00+05:30,53.7,53.7,51.9,53.05,33843
2022-02-11 00:00:00+05:30,52.0,54.4,50.7,51.95,46730
2022-02-14 00:00:00+05:30,54.5,54.5,54.5,54.5,33467
2022-02-15 00:00:00+05:30,57.2,57.2,57.2,57.2,22207
2022-02-16 00:00:00+05:30,60.05,60.05,60.05,60.05,13860
2022-02-17 00:00:00+05:30,63.05,63.05,63.05,63.05,47203
2022-02-18 00:00:00+05:30,66.2,66.2,62.35,66.2,356148
2022-02-21 00:00:00+05:30,68.0,69.0,62.9,62.9,248885
2022-02-22 00:00:00+05:30,59.8,59.8,59.8,59.8,7923
2022-02-23 00:00:00+05:30,56.85,62.75,56.85,62.75,77882
2022-02-24 00:00:00+05:30,59.65,61.8,59.65,59.65,129761
2022-02-25 00:00:00+05:30,62.3,62.6,59.1,62.6,33653
2022-02-28 00:00:00+05:30,63.3,65.7,61.1,65.7,120983
2022-03-02 00:00:00+05:30,67.6,68.95,64.15,68.95,59560
2022-03-03 00:00:00+05:30,72.35,72.35,70.45,72.35,169471
2022-03-04 00:00:00+05:30,74.7,75.95,73.8,75.95,82331
2022-03-07 00:00:00+05:30,76.4,79.7,72.2,79.3,352939
2022-03-08 00:00:00+05:30,80.0,83.25,80.0,83.25,158684
2022-03-09 00:00:00+05:30,86.4,87.4,85.2,87.4,35531
2022-03-10 00:00:00+05:30,91.75,91.75,91.75,91.75,35926
2022-03-11 00:00:00+05:30,96.3,96.3,87.2,87.3,405030
2022-03-14 00:00:00+05:30,85.0,91.65,83.7,91.65,210113
2022-03-15 00:00:00+05:30,93.6,96.2,88.55,96.2,138343
2022-03-16 00:00:00+05:30,98.95,101.0,97.1,101.0,157965
2022-03-17 00:00:00+05:30,102.5,106.05,102.5,106.05,94775
2022-03-21 00:00:00+05:30,110.4,111.35,108.15,111.35,131502
2022-03-22 00:00:00+05:30,113.45,116.9,111.4,116.9,156432
2022-03-23 00:00:00+05:30,121.0,122.7,121.0,122.7,46286
2022-03-24 00:00:00+05:30,128.8,128.8,127.1,128.8,57408
2022-03-25 00:00:00+05:30,135.2,135.2,122.4,122.4,148986
2022-03-28 00:00:00+05:30,116.4,116.4,116.3,116.3,6030
2022-03-29 00:00:00+05:30,110.5,122.1,110.5,110.5,458203
2022-03-30 00:00:00+05:30,105.0,112.0,105.0,105.0,304009
2022-03-31 00:00:00+05:30,102.9,108.7,99.75,100.25,143413
2022-04-01 00:00:00+05:30,99.2,105.25,99.15,105.25,16836
2022-04-04 00:00:00+05:30,110.35,110.5,110.35,110.5,6715
2022-04-05 00:00:00+05:30,116.0,116.0,116.0,116.0,3781
2022-04-06 00:00:00+05:30,121.8,121.8,110.5,114.1,288890
2022-04-07 00:00:00+05:30,115.8,115.8,108.4,108.95,96671
2022-04-08 00:00:00+05:30,108.95,114.35,108.95,114.35,37202
2022-04-11 00:00:00+05:30,119.95,119.95,113.9,115.55,97005
2022-04-12 00:00:00+05:30,118.0,118.0,109.8,110.75,88750
2022-04-13 00:00:00+05:30,112.0,114.9,107.5,110.1,33706
2022-04-18 00:00:00+05:30,112.9,112.9,108.05,109.3,41629
2022-04-19 00:00:00+05:30,111.0,112.6,104.7,106.65,42212
2022-04-20 00:00:00+05:30,103.7,108.4,101.35,102.9,39090
2022-04-21 00:00:00+05:30,103.9,103.9,97.8,98.5,72169
2022-04-22 00:00:00+05:30,98.8,103.4,95.45,103.4,48897
2022-04-25 00:00:00+05:30,106.0,106.0,98.5,99.35,31412
2022-04-26 00:00:00+05:30,100.3,102.55,97.15,98.95,69051
2022-04-27 00:00:00+05:30,97.2,101.4,94.05,94.2,51403
2022-04-28 00:00:00+05:30,94.95,96.85,89.5,93.55,84572
2022-04-29 00:00:00+05:30,96.85,96.85,88.9,88.9,39966
2022-05-02 00:00:00+05:30,85.7,87.15,84.5,84.5,11049
2022-05-04 00:00:00+05:30,80.7,86.4,80.3,80.3,123472
2022-05-05 00:00:00+05:30,79.3,84.3,77.0,77.8,146803
2022-05-06 00:00:00+05:30,74.0,77.85,73.95,74.2,90252
2022-05-09 00:00:00+05:30,74.0,77.9,71.15,76.85,89104
2022-05-10 00:00:00+05:30,76.85,79.45,73.05,73.35,44668
2022-05-11 00:00:00+05:30,70.6,74.65,69.7,69.75,37278
2022-05-12 00:00:00+05:30,66.5,72.6,66.5,70.6,45939
2022-05-13 00:00:00+05:30,73.5,74.1,70.3,73.9,37683
2022-05-16 00:00:00+05:30,73.9,77.55,73.7,74.85,48225
2022-05-17 00:00:00+05:30,76.55,78.55,73.25,75.65,31268
2022-05-18 00:00:00+05:30,78.4,78.4,72.5,73.1,23701
2022-05-19 00:00:00+05:30,73.9,73.9,69.55,70.2,35535
2022-05-20 00:00:00+05:30,72.7,73.7,70.55,72.85,17726
2022-05-23 00:00:00+05:30,75.65,75.65,69.25,69.25,48855
2022-05-24 00:00:00+05:30,65.8,65.8,65.8,65.8,24768
2022-05-25 00:00:00+05:30,62.55,66.9,62.55,63.1,98971
2022-05-26 00:00:00+05:30,64.0,66.25,59.95,65.05,65056
2022-05-27 00:00:00+05:30,67.9,68.3,65.0,68.3,63448
2022-05-30 00:00:00+05:30,71.7,71.7,71.7,71.7,1308
2022-05-31 00:00:00+05:30,75.25,75.25,75.25,75.25,1394
2022-06-01 00:00:00+05:30,79.0,79.0,79.0,79.0,21628
2022-06-02 00:00:00+05:30,82.95,82.95,82.95,82.95,4278
2022-06-03 00:00:00+05:30,87.05,87.05,82.1,87.05,215367
2022-06-06 00:00:00+05:30,91.4,91.4,88.8,91.4,47299
2022-06-07 00:00:00+05:30,95.7,95.7,86.85,87.5,202751
2022-06-08 00:00:00+05:30,85.65,87.55,83.15,83.15,60594
2022-06-09 00:00:00+05:30,79.0,81.45,79.0,79.0,95094
2022-06-10 00:00:00+05:30,75.15,82.95,75.05,82.95,133375
2022-06-13 00:00:00+05:30,83.85,85.3,78.85,78.85,76352
2022-06-14 00:00:00+05:30,75.05,80.0,75.05,76.05,38800
2022-06-15 00:00:00+05:30,78.4,79.85,77.0,79.85,20896
2022-06-16 00:00:00+05:30,83.8,83.8,75.9,75.9,93737
2022-06-17 00:00:00+05:30,79.0,79.0,72.2,74.15,49200
2022-06-20 00:00:00+05:30,77.0,77.0,70.45,70.45,42468
2022-06-21 00:00:00+05:30,68.15,73.4,66.95,70.8,52268
2022-06-22 00:00:00+05:30,72.2,72.2,67.65,69.95,30393
2022-06-23 00:00:00+05:30,67.25,73.4,67.25,70.8,72988
2022-06-24 00:00:00+05:30,73.0,73.0,68.55,70.55,28865
2022-06-27 00:00:00+05:30,72.0,72.15,69.6,70.15,26190
2022-06-28 00:00:00+05:30,69.35,72.95,69.35,72.25,19334
2022-06-29 00:00:00+05:30,72.25,73.75,69.3,73.05,16738
2022-06-30 00:00:00+05:30,74.15,76.7,73.9,76.7,25752
2022-07-01 00:00:00+05:30,80.5,80.5,74.05,80.5,102764
2022-07-04 00:00:00+05:30,81.75,81.75,76.5,76.8,70046
2022-07-05 00:00:00+05:30,77.05,80.6,75.95,80.6,27310
2022-07-06 00:00:00+05:30,82.8,82.8,78.05,79.15,43013
2022-07-07 00:00:00+05:30,77.5,82.9,77.5,80.05,43335
2022-07-08 00:00:00+05:30,81.0,81.9,78.0,79.05,28344
2022-07-11 00:00:00+05:30,77.65,82.0,76.95,77.55,47276
2022-07-12 00:00:00+05:30,78.95,81.0,76.0,77.85,26016
2022-07-13 00:00:00+05:30,79.75,79.75,75.0,75.95,19503
2022-07-14 00:00:00+05:30,78.8,78.8,72.2,72.5,34082
2022-07-15 00:00:00+05:30,72.0,72.7,69.95,71.3,26050
2022-07-18 00:00:00+05:30,73.35,74.85,72.7,74.85,28322
2022-07-19 00:00:00+05:30,76.75,78.45,74.8,76.35,57234
2022-07-20 00:00:00+05:30,79.05,79.05,74.5,75.35,24084
2022-07-21 00:00:00+05:30,76.0,76.0,74.1,75.2,21027
2022-07-22 00:00:00+05:30,74.75,76.6,74.0,75.25,22571
2022-07-25 00:00:00+05:30,75.45,77.6,72.0,73.5,32817
2022-07-26 00:00:00+05:30,73.85,74.85,72.5,74.05,16938
2022-07-27 00:00:00+05:30,72.65,74.55,71.7,72.55,9967
2022-07-28 00:00:00+05:30,72.6,75.65,72.6,73.95,15080
2022-07-29 00:00:00+05:30,75.0,75.95,72.15,72.75,21884
2022-08-01 00:00:00+05:30,72.3,75.45,72.3,73.75,31874
2022-08-02 00:00:00+05:30,74.35,74.8,71.25,72.2,49799
2022-08-03 00:00:00+05:30,72.45,73.75,69.2,71.25,29570
2022-08-04 00:00:00+05:30,71.4,74.8,71.4,72.95,47991
2022-08-05 00:00:00+05:30,75.0,75.0,72.7,74.25,17153
2022-08-08 00:00:00+05:30,73.2,75.35,72.2,72.95,18239
2022-08-10 00:00:00+05:30,69.35,69.35,69.35,69.35,9178
2022-08-11 00:00:00+05:30,65.9,65.9,65.9,65.9,20235
2022-08-12 00:00:00+05:30,62.65,62.65,62.65,62.65,11148
2022-08-16 00:00:00+05:30,59.55,59.55,59.55,59.55,7530
2022-08-17 00:00:00+05:30,56.6,62.0,56.6,56.6,295319
2022-08-18 00:00:00+05:30,53.8,58.95,53.8,54.1,506376
2022-08-19 00:00:00+05:30,55.0,55.5,52.0,53.25,117233
2022-08-22 00:00:00+05:30,53.85,54.0,51.75,52.85,46943
2022-08-23 00:00:00+05:30,52.85,53.6,51.45,52.25,31323
2022-08-24 00:00:00+05:30,52.85,53.7,50.1,50.85,46829
2022-08-25 00:00:00+05:30,51.95,52.3,50.4,51.1,23572
2022-08-26 00:00:00+05:30,52.7,53.65,51.75,53.65,67585
2022-08-29 00:00:00+05:30,53.65,53.65,51.05,51.55,43318
2022-08-30 00:00:00+05:30,52.5,54.1,51.05,54.1,61672
2022-09-01 00:00:00+05:30,53.95,56.8,53.55,56.8,144420
2022-09-02 00:00:00+05:30,58.4,59.6,56.05,57.75,95654
2022-09-05 00:00:00+05:30,59.45,59.45,55.3,56.0,54627
2022-09-06 00:00:00+05:30,55.0,57.0,53.2,53.35,98556
2022-09-07 00:00:00+05:30,53.4,54.8,50.85,51.7,57344
2022-09-08 00:00:00+05:30,52.9,54.2,52.0,52.3,44182
2022-09-09 00:00:00+05:30,53.35,53.35,51.0,51.65,30604
2022-09-12 00:00:00+05:30,52.7,53.25,50.85,51.8,34477
2022-09-13 00:00:00+05:30,52.55,53.25,51.85,52.2,40157
2022-09-14 00:00:00+05:30,52.0,53.45,51.2,51.45,52341
2022-09-15 00:00:00+05:30,51.3,52.3,51.3,51.45,27802
2022-09-16 00:00:00+05:30,51.9,53.75,50.5,52.95,50089
2022-09-19 00:00:00+05:30,54.95,55.55,51.0,55.55,116583
2022-09-20 00:00:00+05:30,58.3,58.3,58.3,58.3,31932
2022-09-21 00:00:00+05:30,61.2,61.2,55.4,57.75,197347
2022-09-22 00:00:00+05:30,57.0,58.95,56.15,57.5,63457
2022-09-23 00:00:00+05:30,57.45,57.55,54.65,54.85,60478
2022-09-26 00:00:00+05:30,56.4,56.4,52.15,52.55,27523
2022-09-27 00:00:00+05:30,54.1,55.15,52.45,55.15,33992
2022-09-28 00:00:00+05:30,57.9,57.9,56.95,57.9,35456
2022-09-29 00:00:00+05:30,60.75,60.75,60.75,60.75,9104
2022-09-30 00:00:00+05:30,63.75,63.75,58.1,63.75,112454
2022-10-03 00:00:00+05:30,63.35,65.6,61.15,64.85,74806
2022-10-04 00:00:00+05:30,67.0,67.0,61.75,63.05,45729
2022-10-06 00:00:00+05:30,64.8,64.8,62.0,63.0,19827
2022-10-07 00:00:00+05:30,64.3,64.3,60.55,61.45,21631
2022-10-10 00:00:00+05:30,60.9,64.5,59.6,63.45,32987
2022-10-11 00:00:00+05:30,64.8,66.0,63.65,65.2,26716
2022-10-12 00:00:00+05:30,65.95,66.5,63.25,64.35,10136
2022-10-13 00:00:00+05:30,64.5,65.0,62.25,62.8,9192
2022-10-14 00:00:00+05:30,63.85,63.95,61.55,61.95,14122
2022-10-17 00:00:00+05:30,60.4,62.35,59.2,59.95,13104
2022-10-18 00:00:00+05:30,59.95,61.55,59.05,59.85,7380
2022-10-19 00:00:00+05:30,60.0,60.95,59.55,60.5,6875
2022-10-20 00:00:00+05:30,60.05,60.15,58.4,59.25,11870
2022-10-21 00:00:00+05:30,59.0,60.6,59.0,60.1,9895
2022-10-24 00:00:00+05:30,61.5,63.0,58.55,61.15,7331
2022-10-25 00:00:00+05:30,59.0,61.95,59.0,59.65,8111
2022-10-27 00:00:00+05:30,59.5,60.0,57.55,59.3,16824
2022-10-28 00:00:00+05:30,58.1,60.8,56.7,57.3,10723
2022-10-31 00:00:00+05:30,59.9,59.9,56.2,56.5,9733
2022-11-01 00:00:00+05:30,56.1,57.95,54.05,55.8,27378
2022-11-02 00:00:00+05:30,55.15,58.55,55.05,57.55,7360
2022-11-03 00:00:00+05:30,58.95,59.75,55.55,56.3,5982
2022-11-04 00:00:00+05:30,56.0,57.8,56.0,57.55,7392
2022-11-07 00:00:00+05:30,55.75,57.95,55.6,56.7,13277
2022-11-09 00:00:00+05:30,57.0,57.6,54.05,55.2,13403
2022-11-10 00:00:00+05:30,55.2,57.95,55.0,57.95,17248
2022-11-11 00:00:00+05:30,58.3,58.4,55.15,57.0,17470
2022-11-14 00:00:00+05:30,59.85,59.85,59.85,59.85,18541
2022-11-15 00:00:00+05:30,62.8,62.8,57.0,59.55,98297
2022-11-16 00:00:00+05:30,57.6,59.7,56.6,57.65,70376
2022-11-17 00:00:00+05:30,57.2,58.95,55.45,57.8,19410
2022-11-18 00:00:00+05:30,57.5,58.75,56.35,56.8,6404
2022-11-21 00:00:00+05:30,57.95,59.6,56.0,59.4,56133
2022-11-22 00:00:00+05:30,61.5,61.5,56.65,57.15,28811
2022-11-23 00:00:00+05:30,56.9,57.9,56.1,56.8,11326
2022-11-24 00:00:00+05:30,56.8,57.65,55.5,55.55,24434
2022-11-25 00:00:00+05:30,54.55,56.6,54.0,55.95,11148
2022-11-28 00:00:00+05:30,55.8,55.85,54.5,55.8,24442
2022-11-29 00:00:00+05:30,57.95,57.95,55.0,56.15,13511
2022-11-30 00:00:00+05:30,58.25,58.25,53.65,54.55,38984
2022-12-01 00:00:00+05:30,54.6,55.6,53.05,54.45,17909
2022-12-02 00:00:00+05:30,55.0,55.45,53.55,54.95,12237
2022-12-05 00:00:00+05:30,55.05,55.65,54.0,55.1,23742
2022-12-06 00:00:00+05:30,55.45,56.95,54.95,56.1,16397
2022-12-07 00:00:00+05:30,57.0,57.9,55.8,57.2,19318
2022-12-08 00:00:00+05:30,59.7,59.7,56.6,58.0,19861
2022-12-09 00:00:00+05:30,58.95,58.95,56.65,57.2,10191
2022-12-12 00:00:00+05:30,57.65,60.4,56.8,58.95,22894
2022-12-13 00:00:00+05:30,60.0,61.0,58.1,59.0,11130
2022-12-14 00:00:00+05:30,59.0,61.55,58.9,61.0,50128
2022-12-15 00:00:00+05:30,61.05,67.15,61.05,67.15,96022
2022-12-16 00:00:00+05:30,69.95,73.85,69.95,73.85,279971
2022-12-19 00:00:00+05:30,75.0,77.5,71.55,77.0,150039
2022-12-20 00:00:00+05:30,76.45,76.45,73.15,73.15,18865
2022-12-21 00:00:00+05:30,71.0,71.05,69.5,69.5,14874
2022-12-22 00:00:00+05:30,66.05,68.35,66.05,66.05,40089
2022-12-23 00:00:00+05:30,62.75,65.6,62.75,62.75,6300
2022-12-26 00:00:00+05:30,59.65,62.1,59.65,59.7,136854
2022-12-27 00:00:00+05:30,61.35,62.65,59.2,62.65,25469
2022-12-28 00:00:00+05:30,63.0,65.75,62.65,65.75,14620
2022-12-29 00:00:00+05:30,67.0,69.0,65.8,67.2,59113
2022-12-30 00:00:00+05:30,68.5,68.5,63.85,64.0,27321
2023-01-02 00:00:00+05:30,64.3,67.5,64.1,67.5,13312
2023-01-03 00:00:00+05:30,70.1,70.85,68.95,70.85,30406
2023-01-04 00:00:00+05:30,72.9,72.9,67.35,68.3,60258
2023-01-05 00:00:00+05:30,70.9,70.9,68.4,69.2,12699
2023-01-06 00:00:00+05:30,69.9,70.55,66.65,68.25,20967
2023-01-09 00:00:00+05:30,68.9,70.5,66.95,68.05,14549
2023-01-10 00:00:00+05:30,68.6,71.45,66.35,70.8,43769
2023-01-11 00:00:00+05:30,74.0,74.3,69.45,73.85,65714
2023-01-12 00:00:00+05:30,74.4,75.85,72.0,75.1,89435
2023-01-13 00:00:00+05:30,75.1,78.85,75.1,78.85,46855
2023-01-16 00:00:00+05:30,81.0,81.0,74.9,74.9,55824
2023-01-17 00:00:00+05:30,74.9,78.15,73.15,75.25,26319
2023-01-18 00:00:00+05:30,77.9,78.4,71.5,71.7,45194
2023-01-19 00:00:00+05:30,74.0,74.0,68.15,71.3,45341
2023-01-20 00:00:00+05:30,72.95,74.85,70.0,71.8,55245
2023-01-23 00:00:00+05:30,71.85,73.85,70.3,70.75,10058
2023-01-24 00:00:00+05:30,72.85,72.85,67.55,70.2,23096
2023-01-25 00:00:00+05:30,68.0,70.8,67.3,68.7,24277
2023-01-27 00:00:00+05:30,68.7,70.85,66.35,67.65,15677
2023-01-30 00:00:00+05:30,69.9,70.9,65.3,66.4,18378
2023-01-31 00:00:00+05:30,68.9,68.9,66.25,68.05,11489
2023-02-01 00:00:00+05:30,70.5,71.2,65.15,65.15,19496
2023-02-02 00:00:00+05:30,67.3,67.3,62.95,63.3,19959
2023-02-03 00:00:00+05:30,66.2,66.2,62.05,63.9,23746
2023-02-06 00:00:00+05:30,64.95,64.95,60.25,62.05,17220
2023-02-07 00:00:00+05:30,58.95,58.95,58.95,58.95,18758
2023-02-08 00:00:00+05:30,56.5,58.35,56.05,57.05,40342
2023-02-09 00:00:00+05:30,56.6,57.5,54.25,54.3,39086
2023-02-10 00:00:00+05:30,55.8,56.0,52.5,54.35,36692
2023-02-13 00:00:00+05:30,55.65,55.65,54.0,54.0,11309
2023-02-14 00:00:00+05:30,55.4,55.45,52.3,52.65,11999
2023-02-15 00:00:00+05:30,52.0,53.0,51.6,52.1,5679
2023-02-16 00:00:00+05:30,52.9,54.7,51.95,54.7,13134
2023-02-17 00:00:00+05:30,57.3,57.4,56.0,57.4,12987
2023-02-20 00:00:00+05:30,59.65,59.65,54.55,54.55,52447
2023-02-21 00:00:00+05:30,54.55,57.25,53.15,54.15,25564
2023-02-22 00:00:00+05:30,53.2,56.65,53.0,55.4,11167
2023-02-23 00:00:00+05:30,55.1,57.9,53.7,56.8,14556
2023-02-24 00:00:00+05:30,55.1,56.6,53.45,53.45,14229
2023-02-27 00:00:00+05:30,52.65,52.7,50.8,50.8,26074
2023-02-28 00:00:00+05:30,52.85,52.85,48.55,49.85,23097
2023-03-01 00:00:00+05:30,50.15,51.0,49.7,51.0,22915
2023-03-02 00:00:00+05:30,52.75,52.75,50.0,50.6,12477
2023-03-03 00:00:00+05:30,52.5,52.5,51.25,51.9,14967
2023-03-06 00:00:00+05:30,52.0,52.3,49.45,50.65,15612
2023-03-08 00:00:00+05:30,50.85,52.0,48.45,49.95,25447
2023-03-09 00:00:00+05:30,50.8,50.85,47.75,49.15,24943
2023-03-10 00:00:00+05:30,49.45,51.6,49.4,51.3,12426
2023-03-13 00:00:00+05:30,51.35,51.6,48.75,48.75,11936
2023-03-14 00:00:00+05:30,49.75,49.75,47.45,47.85,20409
2023-03-15 00:00:00+05:30,47.85,49.0,47.5,48.25,4348
2023-03-16 00:00:00+05:30,48.3,49.5,47.25,48.2,6006
2023-03-17 00:00:00+05:30,48.9,49.4,47.0,47.85,8206
2023-03-20 00:00:00+05:30,48.0,49.35,45.75,46.35,23116
2023-03-21 00:00:00+05:30,46.55,47.7,45.0,45.8,14574
2023-03-22 00:00:00+05:30,46.0,46.7,44.35,44.7,20485
2023-03-23 00:00:00+05:30,44.15,45.95,44.15,45.35,12692
2023-03-24 00:00:00+05:30,45.1,46.5,44.15,44.45,13789
2023-03-27 00:00:00+05:30,44.35,45.15,42.55,42.8,26350
2023-03-28 00:00:00+05:30,42.7,44.9,41.4,42.65,36544
2023-03-29 00:00:00+05:30,42.4,43.95,41.5,42.3,18985
2023-03-31 00:00:00+05:30,42.8,43.9,41.1,43.0,11483
2023-04-03 00:00:00+05:30,43.05,45.15,43.0,45.15,9830
2023-04-05 00:00:00+05:30,45.25,47.4,45.25,47.4,6272
2023-04-06 00:00:00+05:30,47.9,49.75,47.9,49.0,6541
2023-04-10 00:00:00+05:30,48.9,51.45,48.9,50.8,5162
2023-04-11 00:00:00+05:30,52.55,52.6,49.1,49.95,5014
2023-04-12 00:00:00+05:30,49.9,51.3,49.2,51.1,7158
2023-04-13 00:00:00+05:30,51.5,52.7,50.5,51.1,3935
2023-04-17 00:00:00+05:30,49.15,50.95,48.55,49.35,4276
2023-04-18 00:00:00+05:30,50.6,50.8,49.0,50.0,5204
2023-04-19 00:00:00+05:30,49.95,51.6,49.65,51.3,4263
2023-04-20 00:00:00+05:30,51.0,51.2,49.55,49.95,12244
2023-04-21 00:00:00+05:30,52.0,52.0,47.85,49.75,4540
2023-04-24 00:00:00+05:30,50.45,50.45,47.55,48.1,6387
2023-04-25 00:00:00+05:30,47.8,50.5,47.8,50.5,7132
2023-04-26 00:00:00+05:30,51.85,51.85,48.75,50.6,9580
2023-04-27 00:00:00+05:30,51.65,51.65,48.55,49.25,7714
2023-04-28 00:00:00+05:30,50.4,50.9,48.8,50.1,5809
2023-05-02 00:00:00+05:30,52.5,52.5,49.0,49.35,4103
2023-05-03 00:00:00+05:30,49.1,50.8,49.05,49.9,11620
2023-05-04 00:00:00+05:30,50.4,50.6,49.0,50.0,2687
2023-05-05 00:00:00+05:30,50.6,52.5,48.8,51.4,16050
2023-05-08 00:00:00+05:30,53.3,53.75,51.0,51.8,20779
2023-05-09 00:00:00+05:30,52.25,54.05,51.4,52.65,29150
2023-05-10 00:00:00+05:30,53.55,54.65,51.35,52.05,6301
2023-05-11 00:00:00+05:30,52.3,53.45,51.4,51.55,7373
2023-05-12 00:00:00+05:30,51.55,53.2,50.4,51.95,13911
2023-05-15 00:00:00+05:30,53.55,53.55,50.8,51.15,5878
2023-05-16 00:00:00+05:30,51.1,51.1,49.5,50.5,21092
2023-05-17 00:00:00+05:30,50.5,50.85,48.6,48.7,34167
2023-05-18 00:00:00+05:30,48.7,50.65,48.7,49.6,22783
2023-05-19 00:00:00+05:30,50.8,50.9,48.5,49.55,17065
2023-05-22 00:00:00+05:30,49.2,50.55,47.8,48.9,16716
2023-05-23 00:00:00+05:30,50.35,50.4,48.1,48.9,10811
2023-05-24 00:00:00+05:30,49.25,50.2,48.6,49.25,2586
2023-05-25 00:00:00+05:30,49.2,49.95,48.0,48.65,1766
2023-05-26 00:00:00+05:30,49.05,49.05,47.95,48.0,15510
2023-05-29 00:00:00+05:30,47.95,49.9,47.95,48.55,7464
2023-05-30 00:00:00+05:30,47.2,48.05,46.15,46.15,31753
2023-05-31 00:00:00+05:30,44.9,45.7,43.85,43.85,30276
2023-06-01 00:00:00+05:30,43.9,46.0,41.65,41.65,109833
2023-06-02 00:00:00+05:30,41.65,43.6,41.6,43.3,46612
2023-06-05 00:00:00+05:30,44.85,44.85,42.45,43.0,32120
2023-06-06 00:00:00+05:30,43.75,44.5,42.85,43.4,15904
2023-06-07 00:00:00+05:30,44.0,44.55,41.3,41.9,80808
2023-06-08 00:00:00+05:30,42.05,43.3,41.7,42.75,27328
2023-06-09 00:00:00+05:30,42.0,43.5,41.8,43.0,20280
2023-06-12 00:00:00+05:30,43.15,43.5,40.85,40.95,32873
2023-06-13 00:00:00+05:30,41.9,42.95,39.1,42.95,55940
2023-06-14 00:00:00+05:30,44.55,45.05,41.7,43.75,111733
2023-06-15 00:00:00+05:30,43.55,43.55,41.6,41.8,154827
2023-06-16 00:00:00+05:30,42.9,43.85,41.7,43.2,112039
2023-06-19 00:00:00+05:30,44.0,44.0,41.35,42.6,102799
2023-06-20 00:00:00+05:30,42.05,42.7,41.65,42.7,19939
2023-06-21 00:00:00+05:30,42.0,42.75,41.4,41.95,31528
2023-06-22 00:00:00+05:30,42.05,42.3,40.7,41.5,21739
2023-06-23 00:00:00+05:30,41.85,41.9,38.85,40.8,83143
2023-06-26 00:00:00+05:30,41.0,41.5,40.05,40.8,40366
2023-06-27 00:00:00+05:30,41.1,42.55,40.75,42.5,41084
2023-06-28 00:00:00+05:30,42.9,43.65,40.8,43.65,81177
2023-06-30 00:00:00+05:30,44.7,44.7,42.3,43.8,30775
2023-07-03 00:00:00+05:30,45.75,45.75,44.0,45.75,54489
2023-07-04 00:00:00+05:30,46.7,48.0,46.7,48.0,15308
2023-07-05 00:00:00+05:30,50.4,50.4,46.2,46.8,88987
2023-07-06 00:00:00+05:30,46.8,48.0,46.5,46.8,26443
2023-07-07 00:00:00+05:30,45.8,47.1,45.0,46.5,24581
2023-07-10 00:00:00+05:30,45.5,45.8,44.1,44.1,14948
2023-07-11 00:00:00+05:30,44.0,44.8,43.05,44.8,9649
2023-07-12 00:00:00+05:30,44.9,45.4,44.35,45.0,5708
2023-07-13 00:00:00+05:30,45.0,45.3,43.1,43.1,8903
2023-07-14 00:00:00+05:30,44.45,44.5,43.75,44.3,8229
2023-07-17 00:00:00+05:30,44.75,44.8,43.55,43.65,7605
2023-07-18 00:00:00+05:30,43.9,44.7,43.45,43.45,17782
2023-07-19 00:00:00+05:30,43.8,44.55,43.5,43.5,4800
2023-07-20 00:00:00+05:30,44.05,45.8,43.8,45.8,17090
2023-07-21 00:00:00+05:30,48.05,48.05,46.65,48.05,98568
2023-07-24 00:00:00+05:30,48.95,48.95,45.85,47.5,21435
2023-07-25 00:00:00+05:30,46.8,48.0,46.05,48.0,13396
2023-07-26 00:00:00+05:30,47.55,49.5,46.65,49.5,75423
2023-07-27 00:00:00+05:30,49.95,50.7,48.0,48.0,31397
2023-07-28 00:00:00+05:30,48.55,48.9,46.3,47.9,21743
2023-07-31 00:00:00+05:30,47.4,49.4,46.65,49.0,19038
2023-08-01 00:00:00+05:30,50.25,51.45,49.0,51.45,62666
2023-08-02 00:00:00+05:30,50.75,52.7,48.5,50.65,63596
2023-08-03 00:00:00+05:30,51.95,53.1,51.45,51.65,38335
2023-08-04 00:00:00+05:30,53.05,54.5,51.0,54.05,57587
2023-08-07 00:00:00+05:30,55.2,59.3,55.0,59.3,105234
2023-08-08 00:00:00+05:30,63.0,63.5,57.5,58.05,113741
2023-08-09 00:00:00+05:30,59.25,62.1,56.55,58.1,59080
2023-08-10 00:00:00+05:30,62.4,62.4,56.95,58.8,25372
2023-08-11 00:00:00+05:30,56.05,62.55,56.0,57.7,95963
2023-08-14 00:00:00+05:30,57.7,58.05,54.05,54.8,41159
2023-08-16 00:00:00+05:30,54.0,55.45,53.25,54.4,14829
2023-08-17 00:00:00+05:30,53.0,54.8,53.0,53.9,8347
2023-08-18 00:00:00+05:30,54.35,54.4,51.45,53.0,22864
2023-08-21 00:00:00+05:30,52.25,53.2,50.05,53.2,18052
2023-08-22 00:00:00+05:30,54.9,57.2,52.1,56.45,109174
2023-08-23 00:00:00+05:30,58.0,58.2,55.5,56.4,37802
2023-08-24 00:00:00+05:30,58.2,59.0,55.0,58.7,41194
2023-08-25 00:00:00+05:30,59.15,59.5,54.75,55.15,33901
2023-08-28 00:00:00+05:30,57.15,58.1,55.15,57.15,32523
2023-08-29 00:00:00+05:30,57.5,58.9,57.0,57.15,12797
2023-08-30 00:00:00+05:30,57.7,58.3,55.5,55.5,24782
2023-08-31 00:00:00+05:30,55.6,56.9,53.7,55.0,15844
2023-09-01 00:00:00+05:30,56.3,57.9,54.5,55.8,30224
2023-09-04 00:00:00+05:30,56.5,58.5,55.5,57.25,38015
2023-09-05 00:00:00+05:30,56.6,58.05,56.1,56.25,27107
2023-09-06 00:00:00+05:30,55.55,58.1,54.8,56.05,25937
2023-09-07 00:00:00+05:30,57.45,60.0,55.95,58.35,50822
2023-09-08 00:00:00+05:30,61.8,61.85,57.6,59.0,48376
2023-09-11 00:00:00+05:30,60.95,64.7,58.7,64.7,192691
2023-09-12 00:00:00+05:30,65.35,68.65,58.8,59.8,164449
2023-09-13 00:00:00+05:30,59.8,64.0,57.6,60.8,48684
2023-09-14 00:00:00+05:30,61.65,62.55,60.4,62.05,72803
2023-09-15 00:00:00+05:30,63.35,64.75,60.1,60.25,47848
2023-09-18 00:00:00+05:30,61.7,61.7,58.35,59.25,13904
2023-09-20 00:00:00+05:30,61.65,61.95,58.0,58.6,13260
2023-09-21 00:00:00+05:30,56.6,60.0,56.6,58.45,12691
2023-09-22 00:00:00+05:30,57.35,59.1,55.2,55.2,19725
2023-09-25 00:00:00+05:30,57.8,57.8,54.4,56.25,2689
2023-09-26 00:00:00+05:30,56.5,56.5,53.3,55.95,27456
2023-09-27 00:00:00+05:30,55.95,56.55,54.8,56.3,3634
2023-09-28 00:00:00+05:30,55.4,56.9,55.0,55.25,8332
2023-09-29 00:00:00+05:30,55.25,57.9,55.25,56.25,5896
2023-10-03 00:00:00+05:30,55.55,58.0,55.15,56.5,2022
2023-10-04 00:00:00+05:30,56.95,56.95,53.25,55.0,14853
2023-10-05 00:00:00+05:30,54.9,56.0,53.5,56.0,17707
2023-10-06 00:00:00+05:30,55.1,56.0,54.0,56.0,12671
2023-10-09 00:00:00+05:30,54.15,55.5,54.0,54.8,4764
2023-10-10 00:00:00+05:30,54.7,57.0,53.2,56.95,8452
2023-10-11 00:00:00+05:30,56.1,58.5,56.0,58.3,15860
2023-10-12 00:00:00+05:30,58.3,60.8,56.5,60.0,31770
2023-10-13 00:00:00+05:30,59.9,62.85,59.9,62.85,41159
2023-10-16 00:00:00+05:30,62.95,64.5,61.0,62.7,20135
2023-10-17 00:00:00+05:30,60.4,62.45,60.05,60.35,500
2023-10-18 00:00:00+05:30,59.2,59.2,59.2,59.2,105
2023-10-19 00:00:00+05:30,58.1,59.0,58.1,58.1,21
2023-10-20 00:00:00+05:30,57.35,58.1,57.35,57.4,3043
2023-10-23 00:00:00+05:30,56.3,56.25,56.25,56.25,5191
2023-10-25 00:00:00+05:30,55.2,56.3,55.2,55.2,283
2023-10-26 00:00:00+05:30,54.2,56.0,54.6,54.6,521
2023-10-27 00:00:00+05:30,53.2,54.2,54.0,54.2,300
2023-10-30 00:00:00+05:30,52.35,52.35,52.15,52.35,4088
2023-10-31 00:00:00+05:30,52.8,52.8,52.8,52.8,770
2023-11-01 00:00:00+05:30,52.8,52.8,52.8,52.8,2156
2023-11-02 00:00:00+05:30,53.85,53.85,53.8,53.85,6113
2023-11-03 00:00:00+05:30,54.5,54.9,54.5,54.5,1344
2023-11-06 00:00:00+05:30,53.45,54.5,53.45,53.45,4316
2023-11-07 00:00:00+05:30,52.4,53.45,52.4,52.4,3842
2023-11-08 00:00:00+05:30,51.5,52.4,51.5,51.5,2068
2023-11-09 00:00:00+05:30,50.5,50.5,50.5,50.5,9237
2023-11-10 00:00:00+05:30,51.5,51.5,50.0,51.5,2699
2023-11-12 00:00:00+05:30,52.0,52.0,52.0,52.0,452
2023-11-13 00:00:00+05:30,52.7,53.0,52.7,52.7,1671
2023-11-15 00:00:00+05:30,53.7,53.7,53.5,53.7,10049
2023-11-16 00:00:00+05:30,52.65,54.75,52.65,52.65,17474
2023-11-17 00:00:00+05:30,53.7,53.7,52.65,53.7,7482
2023-11-20 00:00:00+05:30,53.7,53.7,52.65,53.7,6712
2023-11-21 00:00:00+05:30,53.05,53.7,53.05,53.05,6186
2023-11-22 00:00:00+05:30,53.25,53.25,52.3,53.25,1502
2023-11-23 00:00:00+05:30,53.65,53.65,53.25,53.65,5531
2023-11-24 00:00:00+05:30,54.65,54.7,53.6,54.65,10606
2023-11-28 00:00:00+05:30,56.95,57.35,53.05,56.4,10557
2023-11-29 00:00:00+05:30,58.5,58.8,55.5,57.0,15977
2023-11-30 00:00:00+05:30,57.0,59.0,55.15,58.8,21872
2023-12-01 00:00:00+05:30,60.2,60.2,57.55,57.75,10697
2023-12-04 00:00:00+05:30,57.0,60.0,56.7,57.1,26389
2023-12-05 00:00:00+05:30,57.85,58.3,56.05,57.0,4968
2023-12-06 00:00:00+05:30,56.2,57.0,53.75,53.75,21997
2023-12-07 00:00:00+05:30,53.8,56.5,53.8,56.0,19392
2023-12-08 00:00:00+05:30,58.2,58.8,57.0,58.8,54236
2023-12-11 00:00:00+05:30,59.8,59.8,57.3,57.9,30610
2023-12-12 00:00:00+05:30,57.9,57.9,55.0,56.0,21031
2023-12-13 00:00:00+05:30,55.4,58.9,55.0,58.9,28984
2023-12-14 00:00:00+05:30,60.0,61.8,59.1,60.25,46567
2023-12-15 00:00:00+05:30,61.0,62.0,59.0,59.0,45940
2023-12-18 00:00:00+05:30,60.9,60.9,58.75,60.25,24627
2023-12-19 00:00:00+05:30,59.1,62.6,59.0,62.6,29601
2023-12-20 00:00:00+05:30,63.1,65.2,62.3,62.75,117278
2023-12-21 00:00:00+05:30,60.3,65.0,59.65,65.0,49595
2023-12-22 00:00:00+05:30,63.85,67.0,63.85,67.0,37132
2023-12-26 00:00:00+05:30,72.0,72.8,67.05,69.6,137909
2023-12-27 00:00:00+05:30,69.45,69.45,64.0,65.0,88243
2023-12-28 00:00:00+05:30,65.0,66.55,63.0,64.1,49351
2023-12-29 00:00:00+05:30,64.25,64.95,61.9,63.8,45103
2024-01-01 00:00:00+05:30,61.8,67.0,59.4,65.1,42809
2024-01-02 00:00:00+05:30,65.1,66.05,62.9,63.0,21981
2024-01-03 00:00:00+05:30,64.8,65.0,63.0,63.0,9254
2024-01-04 00:00:00+05:30,65.0,66.2,63.5,64.25,25986
2024-01-05 00:00:00+05:30,64.1,65.75,62.55,65.0,41523
2024-01-08 00:00:00+05:30,65.7,71.5,63.85,71.5,110185
2024-01-09 00:00:00+05:30,73.0,78.5,72.95,78.5,236675
2024-01-10 00:00:00+05:30,85.4,86.35,78.5,86.35,365987
2024-01-11 00:00:00+05:30,90.0,90.65,89.0,90.65,122741
2024-01-12 00:00:00+05:30,90.55,94.25,86.15,86.45,323474
2024-01-15 00:00:00+05:30,90.0,90.0,83.2,86.45,75128
2024-01-16 00:00:00+05:30,89.0,89.0,82.15,84.15,72309
2024-01-17 00:00:00+05:30,81.95,84.0,80.25,81.05,59522
2024-01-18 00:00:00+05:30,81.0,85.1,78.25,85.1,45920
2024-01-19 00:00:00+05:30,88.7,89.35,85.0,87.75,64080
2024-01-20 00:00:00+05:30,87.75,88.0,82.6,82.6,57040
2024-01-23 00:00:00+05:30,85.9,85.9,78.7,78.7,35942
2024-01-24 00:00:00+05:30,74.8,78.7,74.8,74.8,72024
2024-01-25 00:00:00+05:30,75.8,78.6,75.0,78.6,30461
2024-01-29 00:00:00+05:30,79.5,82.45,74.65,74.65,43479
2024-01-30 00:00:00+05:30,74.65,78.0,73.2,78.0,38447
2024-01-31 00:00:00+05:30,78.0,80.6,74.25,77.0,9955
2024-02-01 00:00:00+05:30,74.1,78.9,74.1,76.4,6964
2024-02-02 00:00:00+05:30,76.0,78.5,74.0,77.0,30686
2024-02-05 00:00:00+05:30,80.9,80.9,80.9,80.9,36715
2024-02-06 00:00:00+05:30,84.9,84.9,79.95,82.0,33221
2024-02-07 00:00:00+05:30,84.0,84.0,77.7,77.75,19507
2024-02-08 00:00:00+05:30,78.25,78.25,74.35,75.0,26875
2024-02-09 00:00:00+05:30,71.25,74.25,71.25,72.0,39719
2024-02-12 00:00:00+05:30,70.0,72.75,68.5,68.5,17288
2024-02-13 00:00:00+05:30,67.0,68.5,65.1,65.75,38099
2024-02-14 00:00:00+05:30,62.5,65.9,62.5,63.3,45584
2024-02-15 00:00:00+05:30,65.0,66.45,65.0,66.45,4671
2024-02-16 00:00:00+05:30,69.75,69.75,67.5,69.75,25130
2024-02-19 00:00:00+05:30,69.75,72.85,68.0,71.15,11332
2024-02-20 00:00:00+05:30,71.1,73.0,70.0,70.85,9393
2024-02-21 00:00:00+05:30,68.5,74.0,68.0,68.75,18240
2024-02-22 00:00:00+05:30,70.0,70.95,66.7,69.2,19788
2024-02-23 00:00:00+05:30,70.5,71.0,68.6,69.0,8603
2024-02-26 00:00:00+05:30,69.0,72.45,68.5,70.2,21254
2024-02-27 00:00:00+05:30,72.6,72.6,68.0,68.35,6133
2024-02-28 00:00:00+05:30,69.4,69.4,65.2,66.9,4036
2024-02-29 00:00:00+05:30,67.5,67.5,64.1,65.6,6077
2024-03-01 00:00:00+05:30,68.0,68.5,64.5,66.25,46963
2024-03-02 00:00:00+05:30,67.5,68.35,66.0,68.2,3247
2024-03-04 00:00:00+05:30,68.2,68.2,65.15,67.0,23402
2024-03-05 00:00:00+05:30,67.0,68.2,64.8,64.9,9557
2024-03-06 00:00:00+05:30,68.0,68.0,62.0,63.55,12807
2024-03-07 00:00:00+05:30,62.85,66.6,62.5,65.9,9848
2024-03-11 00:00:00+05:30,68.0,68.0,62.6,63.0,6979
2024-03-12 00:00:00+05:30,63.0,63.7,59.85,59.85,16904
2024-03-13 00:00:00+05:30,61.0,62.55,56.85,57.6,11402
2024-03-14 00:00:00+05:30,55.3,58.5,55.0,56.95,14706
2024-03-15 00:00:00+05:30,57.0,59.45,55.75,56.0,24430
2024-03-18 00:00:00+05:30,58.5,58.5,55.0,55.5,20984
2024-03-19 00:00:00+05:30,57.0,57.4,56.0,57.35,6320
2024-03-20 00:00:00+05:30,56.2,59.0,55.5,57.15,3489
2024-03-21 00:00:00+05:30,57.15,59.0,56.95,57.95,84645
2024-03-22 00:00:00+05:30,60.0,60.8,58.0,60.05,40515
2024-03-26 00:00:00+05:30,60.0,60.1,57.05,57.05,54283
2024-03-27 00:00:00+05:30,58.8,59.9,58.0,58.8,29486
2024-04-01 00:00:00+05:30,59.4,62.35,58.2,62.35,14938
2024-04-02 00:00:00+05:30,62.35,65.45,62.35,65.05,27154
2024-04-03 00:00:00+05:30,68.1,68.1,64.2,64.95,16281
2024-04-04 00:00:00+05:30,64.95,67.85,64.0,65.45,24012
2024-04-05 00:00:00+05:30,68.45,68.45,66.0,66.5,5266
2024-04-08 00:00:00+05:30,67.5,68.95,65.0,66.2,7878
2024-04-09 00:00:00+05:30,66.9,66.9,63.3,63.8,6802
2024-04-10 00:00:00+05:30,66.8,66.8,61.25,62.7,7222
2024-04-12 00:00:00+05:30,62.6,64.0,60.6,61.75,12068
2024-04-15 00:00:00+05:30,60.0,61.0,59.15,59.4,11172
2024-04-16 00:00:00+05:30,59.4,61.4,58.0,58.95,9279
2024-04-18 00:00:00+05:30,58.95,60.0,58.1,58.4,2105
2024-04-19 00:00:00+05:30,58.4,61.3,58.0,61.3,9505
2024-04-22 00:00:00+05:30,64.25,64.35,63.5,64.35,20388
2024-04-23 00:00:00+05:30,65.0,67.55,64.0,64.95,15798
2024-04-24 00:00:00+05:30,67.55,67.55,61.7,62.7,24634
2024-04-25 00:00:00+05:30,60.25,65.2,60.25,63.0,10298
2024-04-26 00:00:00+05:30,63.15,65.95,63.1,65.2,8286
2024-04-29 00:00:00+05:30,68.25,68.45,66.2,67.55,13756
2024-04-30 00:00:00+05:30,70.85,70.85,66.15,66.9,11546
2024-05-02 00:00:00+05:30,66.35,69.35,66.3,68.25,15009
2024-05-03 00:00:00+05:30,66.45,69.9,66.45,67.0,13139
2024-05-06 00:00:00+05:30,68.35,68.35,64.25,64.8,6437
2024-05-07 00:00:00+05:30,67.95,67.95,63.0,63.6,13457
2024-05-08 00:00:00+05:30,63.05,66.0,62.2,62.35,3446
2024-05-09 00:00:00+05:30,63.0,65.45,60.0,61.3,14720
2024-05-10 00:00:00+05:30,63.5,64.2,61.35,63.85,3883
2024-05-13 00:00:00+05:30,65.15,65.15,60.7,61.2,15379
2024-05-14 00:00:00+05:30,60.7,64.2,60.7,63.25,15973
2024-05-15 00:00:00+05:30,63.8,64.2,62.45,62.75,7926
2024-05-16 00:00:00+05:30,63.0,64.0,63.0,63.95,19613
2024-05-17 00:00:00+05:30,66.95,66.95,60.75,61.95,21724
2024-05-18 00:00:00+05:30,60.8,61.8,59.05,60.9,9066
2024-05-21 00:00:00+05:30,63.0,63.0,60.65,61.75,11424
2024-05-22 00:00:00+05:30,63.0,63.5,60.25,61.7,14103
2024-05-23 00:00:00+05:30,61.5,63.4,59.6,60.05,7359
2024-05-24 00:00:00+05:30,60.0,60.35,57.05,59.05,38993
2024-05-27 00:00:00+05:30,57.55,60.85,57.55,58.6,16900
2024-05-28 00:00:00+05:30,59.95,60.5,57.95,58.5,7905
2024-05-29 00:00:00+05:30,59.0,60.4,57.5,57.75,14805
2024-05-30 00:00:00+05:30,59.2,59.7,56.5,57.95,8180
2024-05-31 00:00:00+05:30,59.15,59.6,56.5,56.95,12296
2024-06-03 00:00:00+05:30,59.7,59.7,56.8,57.5,16045
2024-06-04 00:00:00+05:30,57.5,58.2,54.65,54.65,16352
2024-06-05 00:00:00+05:30,55.9,55.9,51.95,52.2,33365
2024-06-06 00:00:00+05:30,54.0,54.8,52.45,54.05,20951
2024-06-07 00:00:00+05:30,56.05,59.45,55.4,59.45,23972
2024-06-10 00:00:00+05:30,62.45,65.39,61.0,65.39,58782
2024-06-11 00:00:00+05:30,68.29,68.29,62.56,65.27,44385
2024-06-12 00:00:00+05:30,66.97,68.0,64.15,65.71,62646
2024-06-13 00:00:00+05:30,66.3,67.5,64.35,66.19,26840
2024-06-14 00:00:00+05:30,67.2,71.0,65.9,70.03,82170
2024-06-18 00:00:00+05:30,71.0,74.0,68.4,69.24,84981
2024-06-19 00:00:00+05:30,72.4,72.4,65.2,66.54,18008
2024-06-20 00:00:00+05:30,67.0,68.39,65.61,66.09,46635
2024-06-21 00:00:00+05:30,67.9,67.9,61.6,62.29,58020
2024-06-24 00:00:00+05:30,65.0,65.0,62.3,63.19,48142
2024-06-25 00:00:00+05:30,64.98,64.98,62.22,62.32,20749
2024-06-26 00:00:00+05:30,64.5,64.5,57.5,60.32,80867
2024-06-27 00:00:00+05:30,59.39,62.6,58.86,61.52,48927
2024-06-28 00:00:00+05:30,62.5,62.5,59.21,62.09,44380
2024-07-01 00:00:00+05:30,63.33,64.0,60.25,61.87,49250
2024-07-02 00:00:00+05:30,63.03,63.54,61.2,62.93,18533
2024-07-03 00:00:00+05:30,61.69,63.95,61.52,62.47,17582
2024-07-04 00:00:00+05:30,64.45,64.45,61.25,62.85,32529
2024-07-05 00:00:00+05:30,64.4,64.4,61.53,62.24,34994
2024-07-08 00:00:00+05:30,63.39,63.95,62.01,62.57,15607
2024-07-09 00:00:00+05:30,63.5,63.99,61.89,63.75,29187
2024-07-10 00:00:00+05:30,64.5,64.5,59.69,60.6,62751
2024-07-11 00:00:00+05:30,61.9,61.9,60.61,60.95,19030
2024-07-12 00:00:00+05:30,61.82,63.44,60.43,60.7,14434
2024-07-15 00:00:00+05:30,61.32,62.44,60.5,61.62,22028
2024-07-16 00:00:00+05:30,61.3,62.0,61.0,61.03,15544
2024-07-18 00:00:00+05:30,61.02,61.89,59.18,60.98,24707
2024-07-19 00:00:00+05:30,59.96,60.76,58.82,59.86,19998
2024-07-22 00:00:00+05:30,58.86,62.0,57.56,58.11,24353
2024-07-23 00:00:00+05:30,58.11,60.85,58.11,59.0,17959
2024-07-24 00:00:00+05:30,59.98,60.0,58.1,59.03,13911
2024-07-25 00:00:00+05:30,58.1,60.01,58.1,59.95,9908
2024-07-26 00:00:00+05:30,58.14,60.72,58.14,59.2,16745
2024-07-29 00:00:00+05:30,60.15,60.15,58.53,59.26,25074
2024-07-30 00:00:00+05:30,58.57,59.94,58.0,58.54,15640
2024-07-31 00:00:00+05:30,59.57,59.9,57.49,58.15,29770
2024-08-01 00:00:00+05:30,59.0,60.01,58.16,59.61,14957
2024-08-02 00:00:00+05:30,62.8,62.8,59.53,59.92,16364
2024-08-05 00:00:00+05:30,60.49,65.88,58.15,59.98,149148
2024-08-06 00:00:00+05:30,61.35,62.6,54.35,61.39,107505
2024-08-07 00:00:00+05:30,63.95,73.54,62.01,71.55,571771
2024-08-08 00:00:00+05:30,72.0,72.0,67.15,67.63,128885
2024-08-09 00:00:00+05:30,68.3,70.09,63.05,65.9,91141
2024-08-12 00:00:00+05:30,63.4,64.78,60.99,61.86,99299
2024-08-13 00:00:00+05:30,61.86,63.31,58.81,59.71,33668
2024-08-14 00:00:00+05:30,59.25,61.98,59.25,60.3,30655
2024-08-16 00:00:00+05:30,61.0,62.46,59.3,61.53,12092
2024-08-19 00:00:00+05:30,61.53,63.11,60.15,62.21,17402
2024-08-20 00:00:00+05:30,62.0,74.65,61.82,74.65,327207
2024-08-21 00:00:00+05:30,82.0,87.8,78.65,79.96,1414139
2024-08-22 00:00:00+05:30,78.26,85.0,75.4,80.82,309079
2024-08-23 00:00:00+05:30,80.75,84.89,78.23,83.02,135845
2024-08-26 00:00:00+05:30,85.0,85.0,79.85,81.26,69576
2024-08-27 00:00:00+05:30,81.6,83.49,79.15,80.7,39780
2024-08-28 00:00:00+05:30,82.0,83.18,79.58,81.55,58585
2024-08-29 00:00:00+05:30,83.2,84.0,78.71,80.05,39248
2024-08-30 00:00:00+05:30,80.58,81.37,77.0,78.57,17064
2024-09-02 00:00:00+05:30,82.86,82.86,77.0,77.74,39820
2024-09-03 00:00:00+05:30,78.05,80.38,77.23,77.73,18932
2024-09-04 00:00:00+05:30,78.25,79.4,75.96,77.67,21994
2024-09-05 00:00:00+05:30,78.0,79.9,76.01,77.07,24457
2024-09-06 00:00:00+05:30,77.77,79.19,73.1,74.04,51781
2024-09-09 00:00:00+05:30,74.04,88.84,72.41,82.76,490251
2024-09-10 00:00:00+05:30,82.99,84.8,78.2,79.29,164217
2024-09-11 00:00:00+05:30,79.65,82.28,77.29,81.89,106762
2024-09-12 00:00:00+05:30,82.25,86.5,78.0,79.71,133102
2024-09-13 00:00:00+05:30,81.8,85.0,80.19,82.4,53523
2024-09-16 00:00:00+05:30,84.2,84.2,80.25,81.84,26571
2024-09-17 00:00:00+05:30,82.73,83.0,78.0,78.93,37112
2024-09-18 00:00:00+05:30,79.1,82.5,79.01,81.61,29501
2024-09-19 00:00:00+05:30,83.0,83.0,77.15,78.97,29523
2024-09-20 00:00:00+05:30,81.43,83.25,80.0,82.08,83977
2024-09-23 00:00:00+05:30,81.0,83.09,80.53,82.68,41223
2024-09-24 00:00:00+05:30,85.0,99.21,85.0,99.21,2352661
2024-09-25 00:00:00+05:30,100.99,112.99,99.21,102.75,1913153
2024-09-26 00:00:00+05:30,101.7,112.7,97.22,107.77,632903
2024-09-27 00:00:00+05:30,107.4,107.4,102.38,102.38,33613
2024-09-30 00:00:00+05:30,97.26,97.26,97.26,97.26,13996
2024-10-01 00:00:00+05:30,92.39,92.39,92.39,92.39,19889
2024-10-03 00:00:00+05:30,87.77,87.77,87.77,87.77,30195
2024-10-04 00:00:00+05:30,84.0,92.15,83.38,89.19,110304
2024-10-07 00:00:00+05:30,87.6,87.6,84.73,84.73,13718
2024-10-08 00:00:00+05:30,80.49,85.89,80.49,82.26,46138
2024-10-09 00:00:00+05:30,81.1,86.0,81.1,85.12,17561
2024-10-10 00:00:00+05:30,85.0,87.0,83.95,84.95,18028
2024-10-11 00:00:00+05:30,84.75,85.4,82.44,82.84,12110
2024-10-14 00:00:00+05:30,82.84,84.92,81.0,81.54,12179
2024-10-15 00:00:00+05:30,81.54,81.55,79.0,80.31,10678
2024-10-16 00:00:00+05:30,80.0,80.0,76.9,77.24,24744
2024-10-17 00:00:00+05:30,76.95,78.9,74.25,76.9,14005
2024-10-18 00:00:00+05:30,77.89,77.89,73.97,76.5,10131
2024-10-21 00:00:00+05:30,77.75,77.75,73.01,75.12,10298
2024-10-22 00:00:00+05:30,74.0,74.85,71.36,71.52,13638
2024-10-23 00:00:00+05:30,70.95,74.5,68.3,73.68,9106
2024-10-24 00:00:00+05:30,73.68,75.0,72.5,74.48,12319
2024-10-25 00:00:00+05:30,74.5,74.5,71.05,71.45,9405
2024-10-28 00:00:00+05:30,68.25,73.0,68.25,71.24,8864
2024-10-29 00:00:00+05:30,68.5,73.5,68.5,70.11,4854
2024-10-30 00:00:00+05:30,67.15,72.7,67.15,70.28,7126
2024-10-31 00:00:00+05:30,70.3,72.4,68.2,71.94,2848
2024-11-01 00:00:00+05:30,70.02,74.74,70.02,73.75,12502
2024-11-04 00:00:00+05:30,72.0,74.95,72.0,72.61,7479
2024-11-05 00:00:00+05:30,70.05,74.4,70.05,72.15,5664
2024-11-06 00:00:00+05:30,72.75,75.75,72.75,75.15,7996
2024-11-07 00:00:00+05:30,78.9,78.9,75.0,77.82,14200
2024-11-08 00:00:00+05:30,79.99,79.99,75.0,75.23,9053
2024-11-11 00:00:00+05:30,72.5,74.8,72.5,73.49,3561
2024-11-12 00:00:00+05:30,73.0,74.75,70.6,71.04,4929
2024-11-13 00:00:00+05:30,68.1,70.95,67.48,67.93,19550
2024-11-14 00:00:00+05:30,67.93,68.7,65.0,66.37,5544
2024-11-18 00:00:00+05:30,68.5,68.5,63.75,65.92,14884
2024-11-19 00:00:00+05:30,66.06,69.21,66.06,69.21,13492
2024-11-21 00:00:00+05:30,72.3,72.3,68.1,70.31,9522
2024-11-22 00:00:00+05:30,72.0,72.0,69.05,69.99,3367
2024-11-25 00:00:00+05:30,72.0,72.8,70.1,71.06,4882
2024-11-26 00:00:00+05:30,72.0,72.0,70.0,70.08,2812
2024-11-27 00:00:00+05:30,70.1,72.0,69.5,70.36,3639
2024-11-28 00:00:00+05:30,70.3,72.0,70.26,71.02,2439
2024-11-29 00:00:00+05:30,69.5,71.95,69.5,71.4,3846
2024-12-02 00:00:00+05:30,69.45,73.85,69.15,71.04,2616
2024-12-03 00:00:00+05:30,73.8,74.59,69.55,74.59,13303
2024-12-04 00:00:00+05:30,77.95,78.31,73.21,78.3,19678
2024-12-05 00:00:00+05:30,81.95,82.21,80.0,81.47,15473
2024-12-06 00:00:00+05:30,81.4,81.45,78.3,79.24,1804
2024-12-09 00:00:00+05:30,80.82,80.82,76.5,79.39,6204
2024-12-10 00:00:00+05:30,81.9,81.9,76.65,77.22,4205
2024-12-11 00:00:00+05:30,78.76,78.76,76.2,76.5,1835
2024-12-12 00:00:00+05:30,76.5,78.03,76.5,78.0,5219
2024-12-13 00:00:00+05:30,77.0,77.0,76.44,76.44,782
2024-12-16 00:00:00+05:30,76.44,76.44,74.91,75.0,5967
2024-12-17 00:00:00+05:30,75.0,75.0,73.5,73.5,475
2024-12-18 00:00:00+05:30,73.7,73.7,73.5,73.5,6
2024-12-19 00:00:00+05:30,73.5,73.5,72.4,72.4,167
2024-12-20 00:00:00+05:30,70.95,72.0,70.95,70.95,4131
2024-12-23 00:00:00+05:30,69.53,69.53,69.53,69.53,6032
2024-12-24 00:00:00+05:30,69.53,69.53,68.99,68.99,754
2024-12-26 00:00:00+05:30,68.99,68.99,68.0,68.0,687
2024-12-27 00:00:00+05:30,68.0,68.0,66.64,66.64,1742
2024-12-30 00:00:00+05:30,66.64,67.0,66.0,66.0,2374
2024-12-31 00:00:00+05:30,66.1,67.32,66.1,67.3,1551
2025-01-01 00:00:00+05:30,67.3,67.3,67.3,67.3,241
2025-01-02 00:00:00+05:30,68.64,68.64,68.64,68.64,598
2025-01-03 00:00:00+05:30,68.5,68.64,68.5,68.64,1306
2025-01-06 00:00:00+05:30,68.64,68.64,68.64,68.64,13
2025-01-07 00:00:00+05:30,68.64,68.64,67.26,67.26,188
2025-01-08 00:00:00+05:30,66.0,67.26,66.0,67.0,3751
2025-01-09 00:00:00+05:30,65.66,65.7,65.66,65.7,284
2025-01-10 00:00:00+05:30,65.7,65.7,64.4,64.4,1708
2025-01-13 00:00:00+05:30,64.0,64.0,63.25,63.25,453
2025-01-14 00:00:00+05:30,63.25,63.25,61.98,61.98,306
2025-01-15 00:00:00+05:30,61.0,62.99,61.0,62.99,2303
2025-01-16 00:00:00+05:30,62.99,62.99,61.73,62.05,1595
2025-01-17 00:00:00+05:30,62.6,62.6,62.05,62.05,60
2025-01-20 00:00:00+05:30,64.4,65.15,64.4,65.01,2406
2025-01-21 00:00:00+05:30,68.26,68.26,65.15,67.55,3885
2025-01-22 00:00:00+05:30,66.7,66.7,64.17,64.4,2537
2025-01-23 00:00:00+05:30,61.35,66.95,61.35,64.77,1529
2025-01-24 00:00:00+05:30,63.6,64.0,61.65,62.5,7143
2025-01-27 00:00:00+05:30,60.15,61.25,59.37,59.56,5345
2025-01-28 00:00:00+05:30,57.5,60.0,56.6,58.45,1213
2025-01-29 00:00:00+05:30,57.5,61.37,55.67,61.35,8040
2025-01-30 00:00:00+05:30,61.34,64.0,60.75,63.71,2291
2025-01-31 00:00:00+05:30,63.0,66.0,62.0,62.75,3237
2025-02-01 00:00:00+05:30,63.71,75.3,63.7,69.06,207068
2025-02-03 00:00:00+05:30,69.06,69.06,64.35,64.77,15534
2025-02-04 00:00:00+05:30,67.81,67.81,61.77,62.9,22746
2025-02-05 00:00:00+05:30,62.68,66.0,62.6,64.54,10394
2025-02-06 00:00:00+05:30,65.6,65.6,63.0,63.44,6805
2025-02-07 00:00:00+05:30,62.59,75.19,62.59,72.05,225014
2025-02-10 00:00:00+05:30,71.62,71.62,67.8,69.19,27669
2025-02-11 00:00:00+05:30,66.5,68.8,64.1,65.16,7422
2025-02-12 00:00:00+05:30,67.3,67.3,58.05,65.46,19105
2025-02-13 00:00:00+05:30,61.81,70.89,61.81,62.79,51092
2025-02-14 00:00:00+05:30,61.8,63.99,56.0,56.58,29219
2025-02-17 00:00:00+05:30,59.84,59.84,48.51,50.27,50914
2025-02-18 00:00:00+05:30,50.87,50.87,45.01,45.82,35318
2025-02-19 00:00:00+05:30,45.1,50.4,44.24,50.4,13281
2025-02-20 00:00:00+05:30,50.4,55.18,50.02,54.69,19994
2025-02-21 00:00:00+05:30,54.69,60.15,54.0,55.09,65555
2025-02-24 00:00:00+05:30,52.35,57.69,52.35,54.46,9712
2025-02-25 00:00:00+05:30,54.26,55.02,50.5,51.87,7443
2025-02-27 00:00:00+05:30,52.03,52.86,47.6,48.51,16478
2025-02-28 00:00:00+05:30,45.48,48.87,44.66,48.22,18363
2025-03-03 00:00:00+05:30,47.0,49.58,44.0,44.81,21809
2025-03-04 00:00:00+05:30,44.97,45.46,43.3,43.81,25893
2025-03-05 00:00:00+05:30,45.15,46.49,43.81,44.58,43941
2025-03-06 00:00:00+05:30,45.0,46.89,44.92,45.46,60610
2025-03-07 00:00:00+05:30,45.71,50.0,45.71,47.13,85454
2025-03-10 00:00:00+05:30,47.0,49.39,47.0,48.67,18785
2025-03-11 00:00:00+05:30,47.9,49.38,46.98,47.29,12363
2025-03-12 00:00:00+05:30,47.83,48.57,46.1,48.04,22177
2025-03-13 00:00:00+05:30,48.9,48.98,46.71,48.24,19903
2025-03-17 00:00:00+05:30,48.0,48.0,43.6,44.08,70446
2025-03-18 00:00:00+05:30,45.03,46.9,43.8,44.8,33791
2025-03-19 00:00:00+05:30,44.54,48.5,44.54,47.2,53548
2025-03-20 00:00:00+05:30,49.7,50.89,46.11,47.56,76142
2025-03-21 00:00:00+05:30,49.98,49.99,47.92,48.81,26725
2025-03-24 00:00:00+05:30,48.81,51.98,46.95,47.31,117316
2025-03-25 00:00:00+05:30,46.75,48.58,46.0,46.04,47951
2025-03-26 00:00:00+05:30,45.9,47.44,44.2,45.48,96507
2025-03-27 00:00:00+05:30,44.8,47.7,44.59,45.85,95886
2025-03-28 00:00:00+05:30,45.31,48.88,45.31,47.79,66303
2025-04-01 00:00:00+05:30,48.5,50.44,47.1,49.17,17361
2025-04-02 00:00:00+05:30,49.22,52.34,48.61,50.94,44690
2025-04-03 00:00:00+05:30,50.99,55.44,49.69,53.87,26804
2025-04-04 00:00:00+05:30,54.9,57.01,54.01,55.48,26243
2025-04-07 00:00:00+05:30,54.95,54.95,50.46,54.08,25447
2025-04-08 00:00:00+05:30,54.08,57.59,46.8,53.07,25106
2025-04-09 00:00:00+05:30,54.32,54.78,53.33,53.79,5432
2025-04-11 00:00:00+05:30,55.79,59.0,54.73,58.2,25009
2025-04-15 00:00:00+05:30,59.0,66.36,59.0,65.26,49391
2025-04-16 00:00:00+05:30,66.2,71.0,64.41,68.89,77529
2025-04-17 00:00:00+05:30,69.7,74.2,68.26,69.7,85025
2025-04-21 00:00:00+05:30,72.0,72.0,66.22,67.51,15162
2025-04-22 00:00:00+05:30,67.51,67.51,64.13,64.13,41060
2025-04-23 00:00:00+05:30,63.88,63.88,61.5,61.75,15108
2025-04-24 00:00:00+05:30,61.45,61.45,60.0,60.36,7141
2025-04-25 00:00:00+05:30,58.36,60.1,57.34,58.44,15308
2025-04-28 00:00:00+05:30,59.5,61.36,59.0,61.29,16805
2025-04-29 00:00:00+05:30,60.99,63.31,60.99,62.36,7276
2025-04-30 00:00:00+05:30,62.05,62.05,59.25,59.61,5267
2025-05-02 00:00:00+05:30,57.25,59.0,57.25,58.59,933
2025-05-05 00:00:00+05:30,58.0,58.95,57.15,57.15,1811
2025-05-06 00:00:00+05:30,59.29,59.29,56.0,56.05,1754
2025-05-07 00:00:00+05:30,57.49,57.49,54.55,56.74,1090
2025-05-08 00:00:00+05:30,57.0,58.25,56.26,57.83,13430
2025-05-09 00:00:00+05:30,57.4,58.2,56.0,58.2,1972
2025-05-12 00:00:00+05:30,60.0,61.11,60.0,61.11,12897
2025-05-13 00:00:00+05:30,62.33,62.95,60.02,60.48,6350
2025-05-14 00:00:00+05:30,60.24,61.85,58.9,60.08,8781
2025-05-15 00:00:00+05:30,59.24,62.0,59.24,61.0,3195
2025-05-16 00:00:00+05:30,60.0,61.31,58.7,59.25,5507
2025-05-19 00:00:00+05:30,56.6,60.5,56.3,59.0,8258
2025-05-20 00:00:00+05:30,58.39,59.0,56.8,58.99,6581
2025-05-21 00:00:00+05:30,57.75,57.75,57.0,57.0,4270
2025-05-22 00:00:00+05:30,58.5,59.4,55.3,55.8,9635
2025-05-23 00:00:00+05:30,57.0,58.5,55.1,58.2,13559
2025-05-26 00:00:00+05:30,57.0,57.0,56.0,56.59,6199
2025-05-27 00:00:00+05:30,57.5,58.5,56.0,56.54,5473
2025-05-28 00:00:00+05:30,56.1,57.75,54.15,55.28,5640
2025-05-29 00:00:00+05:30,56.9,56.9,54.0,54.0,2838
2025-05-30 00:00:00+05:30,56.0,56.7,54.25,55.24,8651
2025-06-02 00:00:00+05:30,54.39,55.7,53.1,55.2,15890
2025-06-03 00:00:00+05:30,53.5,55.5,53.5,54.33,9886
2025-06-04 00:00:00+05:30,53.6,55.0,53.6,54.89,3501
2025-06-05 00:00:00+05:30,54.0,55.95,54.0,54.07,17771
2025-06-06 00:00:00+05:30,54.1,55.0,54.0,54.88,11817
2025-06-09 00:00:00+05:30,54.1,57.0,54.1,56.0,5437
2025-06-10 00:00:00+05:30,57.12,57.12,54.55,55.45,7476
2025-06-11 00:00:00+05:30,53.2,56.8,53.2,55.98,5872
2025-06-12 00:00:00+05:30,57.0,57.0,55.55,56.0,11427
2025-06-13 00:00:00+05:30,56.9,57.2,54.6,55.95,23010
2025-06-16 00:00:00+05:30,56.22,57.2,55.0,55.91,3906
2025-06-17 00:00:00+05:30,56.05,57.9,56.0,56.52,14062
2025-06-18 00:00:00+05:30,56.43,59.34,54.82,59.34,78974
2025-06-19 00:00:00+05:30,62.0,62.3,58.61,59.92,123406
2025-06-20 00:00:00+05:30,62.4,62.4,58.16,58.95,9958
2025-06-23 00:00:00+05:30,59.0,61.89,58.25,61.89,39460
2025-06-24 00:00:00+05:30,63.7,64.96,60.25,61.38,23826
2025-06-25 00:00:00+05:30,62.7,62.7,59.26,60.59,4283
2025-06-26 00:00:00+05:30,60.1,61.5,60.0,61.09,10280
2025-06-27 00:00:00+05:30,62.0,64.1,60.22,63.09,20540
2025-06-30 00:00:00+05:30,63.08,63.08,60.61,61.57,14037
2025-07-01 00:00:00+05:30,61.97,63.0,60.35,62.16,10920
2025-07-02 00:00:00+05:30,62.12,65.26,61.5,61.9,23917
2025-07-03 00:00:00+05:30,63.31,64.99,60.39,64.99,68051
2025-07-04 00:00:00+05:30,65.68,67.9,64.54,65.21,29154
2025-07-07 00:00:00+05:30,66.0,68.47,65.75,68.24,90224
2025-07-08 00:00:00+05:30,69.4,69.4,64.82,65.83,90207
2025-07-09 00:00:00+05:30,64.92,66.2,63.11,63.25,23703
2025-07-10 00:00:00+05:30,63.64,64.25,62.02,63.49,26415
2025-07-11 00:00:00+05:30,63.99,63.99,61.5,62.75,18062
2025-07-14 00:00:00+05:30,65.6,65.6,61.05,61.99,6022
2025-07-15 00:00:00+05:30,62.44,63.88,61.0,61.67,12216
2025-07-16 00:00:00+05:30,62.24,63.58,61.23,62.62,7797
2025-07-17 00:00:00+05:30,63.15,63.59,62.01,62.55,7127
2025-07-18 00:00:00+05:30,62.6,63.28,62.04,62.68,4417
2025-07-21 00:00:00+05:30,60.37,64.9,60.37,61.25,18180
2025-07-22 00:00:00+05:30,62.59,64.31,62.0,62.44,47954
2025-07-23 00:00:00+05:30,63.15,63.49,60.55,61.14,21827
2025-07-24 00:00:00+05:30,62.99,63.07,59.3,60.74,51936
2025-07-25 00:00:00+05:30,61.85,61.85,58.05,59.16,28470
2025-07-28 00:00:00+05:30,57.16,60.21,57.16,58.14,28016
2025-07-29 00:00:00+05:30,58.91,61.04,57.01,60.99,84130
2025-07-30 00:00:00+05:30,63.88,63.88,58.55,59.9,16211
2025-07-31 00:00:00+05:30,57.16,61.18,57.16,58.95,28119
2025-08-01 00:00:00+05:30,60.0,61.0,56.0,56.04,35476
2025-08-04 00:00:00+05:30,57.05,58.3,56.5,58.01,8831
2025-08-05 00:00:00+05:30,58.05,59.59,56.81,58.35,8014
2025-08-06 00:00:00+05:30,60.49,60.49,57.5,57.71,6242
2025-08-07 00:00:00+05:30,59.11,59.4,54.81,57.54,10709
2025-08-08 00:00:00+05:30,59.85,59.85,56.98,57.35,4163
2025-08-11 00:00:00+05:30,58.49,58.49,55.99,57.09,14558
2025-08-12 00:00:00+05:30,58.36,59.27,56.7,57.42,2720
2025-08-13 00:00:00+05:30,62.44,62.44,57.06,57.81,14423
2025-08-14 00:00:00+05:30,59.71,59.71,56.25,56.52,5405
2025-08-18 00:00:00+05:30,54.52,57.86,54.52,56.19,10869
2025-08-19 00:00:00+05:30,55.13,58.22,55.13,55.79,17903
2025-08-20 00:00:00+05:30,55.0,57.21,54.76,55.86,11829
2025-08-21 00:00:00+05:30,55.0,56.98,55.0,56.07,5834
2025-08-22 00:00:00+05:30,55.73,56.7,55.49,56.04,7799
2025-08-25 00:00:00+05:30,56.04,60.83,55.39,58.72,92529
2025-08-26 00:00:00+05:30,61.0,61.49,55.05,56.11,54563
2025-08-28 00:00:00+05:30,56.66,57.64,54.31,55.03,24829
2025-08-29 00:00:00+05:30,56.0,57.28,55.21,56.11,25830
2025-09-01 00:00:00+05:30,55.51,61.0,55.51,60.21,31375
2025-09-02 00:00:00+05:30,61.51,62.66,58.55,60.24,25171
2025-09-03 00:00:00+05:30,61.71,62.65,60.2,61.13,12347
2025-09-04 00:00:00+05:30,59.31,64.41,58.0,58.29,18212
2025-09-05 00:00:00+05:30,60.94,64.11,60.4,62.56,350185
2025-09-08 00:00:00+05:30,64.0,68.81,64.0,68.81,493677
2025-09-09 00:00:00+05:30,72.0,75.69,72.0,75.69,672876
2025-09-10 00:00:00+05:30,78.5,79.47,72.65,75.71,348618
2025-09-11 00:00:00+05:30,75.99,78.0,72.21,73.43,132789
2025-09-12 00:00:00+05:30,73.25,73.9,69.75,69.75,143757
2025-09-15 00:00:00+05:30,69.75,73.23,69.42,73.1,47085
2025-09-16 00:00:00+05:30,76.0,76.65,72.48,75.69,39341
2025-09-17 00:00:00+05:30,78.69,78.69,72.12,72.39,30087
2025-09-18 00:00:00+05:30,74.75,74.75,71.15,72.48,23243
2025-09-19 00:00:00+05:30,72.11,72.52,69.74,72.17,65638
2025-09-22 00:00:00+05:30,72.9,73.5,70.0,70.05,26946
2025-09-23 00:00:00+05:30,70.05,71.27,67.2,69.31,39055
2025-09-24 00:00:00+05:30,69.31,70.8,66.05,66.35,40444
2025-09-25 00:00:00+05:30,65.84,69.66,65.4,68.01,53778
2025-09-26 00:00:00+05:30,66.55,68.78,64.9,66.53,57728
2025-09-29 00:00:00+05:30,65.2,69.85,64.54,68.22,40327
2025-09-30 00:00:00+05:30,67.7,69.9,66.82,67.11,48351
2025-10-01 00:00:00+05:30,67.1,70.46,67.0,70.46,22348
2025-10-03 00:00:00+05:30,73.98,73.98,70.91,72.3,40999
2025-10-06 00:00:00+05:30,72.3,72.99,70.0,70.22,25777
2025-10-07 00:00:00+05:30,70.89,72.99,70.5,72.25,17206
2025-10-08 00:00:00+05:30,72.25,72.8,69.1,69.77,34400
2025-10-09 00:00:00+05:30,71.8,71.8,68.5,69.02,14766
2025-10-10 00:00:00+05:30,68.7,69.45,66.91,67.3,9272
2025-10-13 00:00:00+05:30,67.99,68.59,67.24,67.64,21263
2025-10-14 00:00:00+05:30,68.6,69.84,66.84,67.58,22326
2025-10-15 00:00:00+05:30,65.4,68.47,65.4,67.66,17825
2025-10-16 00:00:00+05:30,67.54,67.98,66.62,67.04,15491
2025-10-17 00:00:00+05:30,65.02,67.65,65.02,66.07,13643
2025-10-20 00:00:00+05:30,65.1,69.3,65.1,68.94,11529
2025-10-21 00:00:00+05:30,68.99,69.3,68.01,68.77,2306
2025-10-23 00:00:00+05:30,66.26,71.95,66.26,71.3,16356
2025-10-24 00:00:00+05:30,69.2,71.17,67.85,68.0,16291
2025-10-27 00:00:00+05:30,69.44,70.95,67.08,70.0,23469
2025-10-28 00:00:00+05:30,70.95,73.78,68.7,72.77,39624
2025-10-29 00:00:00+05:30,74.5,76.4,71.5,74.21,31134
2025-10-30 00:00:00+05:30,76.7,76.7,72.1,72.79,28315
2025-10-31 00:00:00+05:30,76.3,76.42,72.12,76.0,34697
2025-11-03 00:00:00+05:30,75.64,78.94,74.1,77.0,32494
2025-11-04 00:00:00+05:30,78.0,80.05,75.48,80.05,64420
2025-11-06 00:00:00+05:30,80.97,83.85,78.05,78.3,39061
2025-11-07 00:00:00+05:30,79.98,80.75,75.11,80.03,45706
2025-11-10 00:00:00+05:30,77.15,81.73,77.15,79.0,54297
2025-11-11 00:00:00+05:30,78.8,81.0,77.3,79.46,25280
2025-11-12 00:00:00+05:30,78.15,81.35,76.2,77.55,28448
2025-11-13 00:00:00+05:30,77.16,79.67,76.07,79.0,18524
2025-11-14 00:00:00+05:30,79.0,80.63,75.32,75.85,31640
2025-11-17 00:00:00+05:30,75.0,76.78,73.4,75.0,28530
2025-11-18 00:00:00+05:30,74.34,75.89,73.25,74.35,17063
2025-11-19 00:00:00+05:30,73.26,77.54,72.0,77.54,35845
2025-11-20 00:00:00+05:30,76.99,80.83,76.99,79.0,24855
2025-11-21 00:00:00+05:30,77.65,81.85,77.65,78.05,44873
2025-11-24 00:00:00+05:30,79.8,82.0,76.22,76.8,21151
2025-11-25 00:00:00+05:30,76.0,78.65,75.72,78.65,7614
2025-11-26 00:00:00+05:30,81.5,81.5,74.0,74.12,36249
2025-11-27 00:00:00+05:30,75.37,75.37,73.79,74.05,18516
2025-11-28 00:00:00+05:30,74.0,74.45,70.6,71.35,28273
2025-12-01 00:00:00+05:30,71.1,74.3,70.01,72.02,37702
2025-12-02 00:00:00+05:30,70.15,74.32,70.15,72.22,80395
2025-12-03 00:00:00+05:30,71.39,72.99,69.55,69.55,8022
2025-12-04 00:00:00+05:30,70.77,71.85,69.1,69.2,14219
2025-12-05 00:00:00+05:30,69.95,70.98,69.0,69.0,24654
2025-12-08 00:00:00+05:30,71.9,71.9,65.8,66.0,18403
2025-12-09 00:00:00+05:30,64.44,69.02,63.12,67.0,18297
2025-12-10 00:00:00+05:30,69.5,69.5,65.12,65.6,12824
2025-12-11 00:00:00+05:30,67.5,67.69,65.5,66.0,7051
2025-12-12 00:00:00+05:30,66.0,69.5,66.0,69.5,15773
2025-12-15 00:00:00+05:30,70.95,71.0,68.79,70.71,11233
2025-12-16 00:00:00+05:30,72.5,73.39,67.11,67.11,16512
2025-12-17 00:00:00+05:30,67.01,68.84,67.01,68.0,3505
2025-12-18 00:00:00+05:30,67.74,69.44,65.25,65.25,7708
2025-12-19 00:00:00+05:30,66.29,69.3,66.29,68.25,9258
2025-12-22 00:00:00+05:30,64.75,69.16,64.75,69.12,2472
2025-12-23 00:00:00+05:30,69.42,69.5,68.4,68.99,4287
2025-12-24 00:00:00+05:30,68.04,71.97,68.04,69.5,7267
2025-12-26 00:00:00+05:30,70.69,71.82,67.51,67.55,11127
2025-12-29 00:00:00+05:30,67.76,70.51,67.0,67.0,3687
2025-12-30 00:00:00+05:30,67.62,69.0,65.85,67.6,7600
2025-12-31 00:00:00+05:30,69.0,70.7,68.0,69.85,5846
2026-01-01 00:00:00+05:30,71.99,71.99,67.55,68.7,4637
2026-01-02 00:00:00+05:30,72.17,72.17,69.51,71.95,18853
2026-01-05 00:00:00+05:30,74.99,75.26,71.95,75.26,12117
2026-01-06 00:00:00+05:30,78.99,78.99,75.31,75.4,20333
2026-01-07 00:00:00+05:30,74.5,75.4,73.0,73.41,5884
2026-01-08 00:00:00+05:30,74.88,74.88,71.25,71.25,5495
2026-01-09 00:00:00+05:30,72.11,73.87,72.1,72.31,1336
2026-01-12 00:00:00+05:30,70.36,70.36,68.53,68.53,23543
2026-01-13 00:00:00+05:30,68.53,70.29,66.61,69.0,6978
2026-01-14 00:00:00+05:30,68.99,69.9,66.2,69.0,5088
2026-01-16 00:00:00+05:30,68.49,69.71,66.2,68.79,3437
2026-01-19 00:00:00+05:30,68.21,68.21,64.8,64.81,10039
2026-01-20 00:00:00+05:30,66.47,66.47,63.95,64.1,3057
2026-01-21 00:00:00+05:30,61.03,65.0,61.03,61.8,34187
2026-01-22 00:00:00+05:30,62.0,63.87,60.1,61.06,9382
2026-01-23 00:00:00+05:30,61.06,64.1,61.05,62.52,6292
2026-01-27 00:00:00+05:30,60.0,62.0,60.0,61.13,4110
2026-01-28 00:00:00+05:30,59.25,64.18,59.25,63.16,7753
2026-01-29 00:00:00+05:30,65.0,66.31,63.01,65.6,8664
2026-01-30 00:00:00+05:30,63.1,66.97,63.1,63.52,7322
2026-02-01 00:00:00+05:30,66.65,66.69,63.11,65.0,9898
2026-02-02 00:00:00+05:30,67.89,67.89,62.15,66.2,14519
2026-02-03 00:00:00+05:30,64.88,67.42,63.55,64.13,7165
2026-02-04 00:00:00+05:30,61.01,66.5,61.01,65.61,21141
2026-02-05 00:00:00+05:30,65.42,68.99,64.1,67.52,1021
2026-02-06 00:00:00+05:30,67.0,67.0,62.11,63.49,4735
2026-02-09 00:00:00+05:30,63.49,68.68,63.49,65.89,3339
2026-02-10 00:00:00+05:30,66.0,68.96,65.11,65.57,6033
2026-02-11 00:00:00+05:30,68.9,68.9,64.25,67.01,22266
2026-02-12 00:00:00+05:30,64.51,67.99,64.51,65.16,1738
2026-02-13 00:00:00+05:30,67.8,67.8,65.3,67.25,31887
2026-02-16 00:00:00+05:30,69.99,69.99,66.51,67.75,3749
2026-02-17 00:00:00+05:30,71.0,71.0,65.31,67.99,79020
2026-02-18 00:00:00+05:30,69.68,69.68,66.5,67.06,14120
2026-02-19 00:00:00+05:30,65.72,69.4,60.92,64.12,14770
2026-02-20 00:00:00+05:30,64.12,67.32,63.5,65.83,5914
2026-02-23 00:00:00+05:30,63.07,69.0,63.07,66.79,46633
2026-02-24 00:00:00+05:30,66.9,68.67,65.03,66.74,40882
2026-02-25 00:00:00+05:30,65.03,68.1,64.12,65.89,28826
2026-02-26 00:00:00+05:30,70.97,70.97,64.26,65.64,32149
2026-02-27 00:00:00+05:30,65.51,68.98,65.0,65.85,11450
2026-03-02 00:00:00+05:30,60.01,65.42,59.55,62.83,55574
2026-03-04 00:00:00+05:30,60.26,63.84,58.61,60.45,30110
2026-03-05 00:00:00+05:30,59.55,62.5,59.55,61.88,8583
2026-03-06 00:00:00+05:30,61.88,61.88,58.88,59.72,1218
2026-03-09 00:00:00+05:30,57.0,59.0,56.0,56.75,17317
2026-03-10 00:00:00+05:30,56.76,59.89,55.0,57.18,30602
2026-03-11 00:00:00+05:30,59.47,61.01,56.4,57.69,32371
2026-03-12 00:00:00+05:30,56.86,63.0,56.05,61.95,14297
2026-03-13 00:00:00+05:30,64.8,64.8,58.11,59.4,7807
2026-03-16 00:00:00+05:30,59.23,59.98,57.05,57.88,3646
2026-03-17 00:00:00+05:30,56.32,58.69,56.3,57.02,683
2026-03-18 00:00:00+05:30,56.91,61.59,56.91,60.35,7139
2026-03-19 00:00:00+05:30,58.96,60.0,58.15,58.15,242
2026-03-20 00:00:00+05:30,62.59,62.59,58.58,61.06,79488
2026-03-23 00:00:00+05:30,61.06,61.06,56.11,57.22,4072
2026-03-24 00:00:00+05:30,58.01,60.0,57.5,57.5,599
2026-03-25 00:00:00+05:30,57.15,59.96,55.0,59.71,8023
2026-03-27 00:00:00+05:30,60.95,60.95,56.5,57.85,3863
2026-03-30 00:00:00+05:30,54.39,61.99,53.1,58.84,62271
2026-04-01 00:00:00+05:30,58.83,62.0,58.02,58.39,4823
2026-04-02 00:00:00+05:30,58.57,59.71,57.42,58.11,1978
2026-04-06 00:00:00+05:30,60.35,60.35,58.61,59.46,2675
2026-04-07 00:00:00+05:30,58.01,61.9,57.5,61.03,817
2026-04-08 00:00:00+05:30,62.01,73.0,61.05,65.57,23450
2026-04-09 00:00:00+05:30,68.0,68.0,65.11,65.86,1377
2026-04-10 00:00:00+05:30,66.76,69.22,66.75,68.28,3403
2026-04-13 00:00:00+05:30,68.62,68.96,67.51,68.5,643
2026-04-15 00:00:00+05:30,72.0,72.0,69.01,70.04,6301
2026-04-16 00:00:00+05:30,71.99,74.61,70.05,72.15,49874
2026-04-17 00:00:00+05:30,73.46,77.68,69.81,73.85,31240
2026-04-20 00:00:00+05:30,72.55,76.76,71.08,72.54,9728
2026-04-21 00:00:00+05:30,74.0,76.0,68.65,70.44,12724
2026-04-22 00:00:00+05:30,74.0,74.0,68.51,68.95,10159
2026-04-23 00:00:00+05:30,69.3,71.4,69.0,69.65,744
2026-04-24 00:00:00+05:30,71.25,71.25,68.05,70.99,14316
2026-04-27 00:00:00+05:30,71.0,74.49,68.33,70.08,20314
2026-04-28 00:00:00+05:30,69.95,71.78,68.5,69.24,6285
2026-04-29 00:00:00+05:30,71.8,73.31,68.22,68.88,7966
2026-04-30 00:00:00+05:30,69.0,69.9,67.75,69.56,5301
2026-05-04 00:00:00+05:30,69.56,72.8,68.6,69.18,19678
2026-05-05 00:00:00+05:30,71.3,71.98,68.51,70.53,8554
2026-05-06 00:00:00+05:30,72.9,72.9,69.6,70.07,8703
2026-05-07 00:00:00+05:30,69.72,73.5,69.2,72.28,7066
2026-05-08 00:00:00+05:30,71.0,73.75,70.0,73.75,2797
2026-05-11 00:00:00+05:30,73.7,73.7,70.0,72.92,2378
2026-05-12 00:00:00+05:30,72.99,72.99,66.0,67.79,13242
2026-05-13 00:00:00+05:30,67.0,69.0,67.0,68.22,5078
2026-05-14 00:00:00+05:30,68.6,70.82,67.21,68.81,6502
2026-05-15 00:00:00+05:30,68.81,70.2,67.27,67.5,2983
2026-05-18 00:00:00+05:30,69.49,70.0,66.05,68.73,44562
2026-05-19 00:00:00+05:30,68.5,70.99,67.02,69.23,4688
2026-05-20 00:00:00+05:30,68.0,70.25,67.6,69.33,539
2026-05-21 00:00:00+05:30,70.02,71.25,69.99,70.01,1651
2026-05-22 00:00:00+05:30,69.0,76.0,69.0,72.78,9426
2026-05-25 00:00:00+05:30,71.0,72.69,69.55,69.88,7739
2026-05-26 00:00:00+05:30,70.0,71.0,69.0,69.43,9949
2026-05-27 00:00:00+05:30,70.0,77.7,69.0,71.36,39566
2026-05-29 00:00:00+05:30,71.55,73.49,69.98,70.44,7255
2026-06-01 00:00:00+05:30,71.0,71.9,68.0,69.32,4501
2026-06-02 00:00:00+05:30,69.25,69.32,68.56,68.84,902
2026-06-03 00:00:00+05:30,68.56,70.9,68.0,68.06,7842
2026-06-04 00:00:00+05:30,70.0,72.25,67.13,69.73,6052
2026-06-05 00:00:00+05:30,70.0,70.57,69.1,69.61,1902
2026-06-08 00:00:00+05:30,69.4,71.38,66.81,69.27,3508
2026-06-09 00:00:00+05:30,67.88,73.0,67.88,69.02,11739
2026-06-10 00:00:00+05:30,69.21,71.39,68.1,68.27,4421
2026-06-11 00:00:00+05:30,67.0,67.9,65.5,66.56,5086
2026-06-12 00:00:00+05:30,66.0,68.0,65.0,67.76,1359
2026-06-15 00:00:00+05:30,67.35,69.69,66.1,66.9,7123
2026-06-16 00:00:00+05:30,68.99,69.1,67.4,67.4,2134
2026-06-17 00:00:00+05:30,67.4,68.89,66.6,66.67,947
2026-06-18 00:00:00+05:30,66.72,69.0,64.51,66.28,3831
2026-06-19 00:00:00+05:30,66.99,71.4,65.0,69.22,18177
2026-06-22 00:00:00+05:30,69.22,73.89,66.3,72.3,43248
2026-06-23 00:00:00+05:30,72.3,72.3,69.01,71.0,16899
2026-06-24 00:00:00+05:30,70.0,73.0,69.3,72.32,12813
2026-06-25 00:00:00+05:30,72.2,73.4,69.5,71.17,12354
2026-06-29 00:00:00+05:30,70.0,70.82,69.0,69.49,14384
2026-06-30 00:00:00+05:30,69.0,71.44,67.65,68.99,7021
2026-07-01 00:00:00+05:30,68.0,72.0,68.0,70.01,43890
2026-07-02 00:00:00+05:30,70.9,73.6,70.9,71.09,25326
2026-07-03 00:00:00+05:30,70.0,72.0,69.0,70.63,20145
2026-07-06 00:00:00+05:30,71.0,75.25,70.0,74.47,91272
2026-07-07 00:00:00+05:30,75.5,75.8,74.01,74.68,18221
2026-07-08 00:00:00+05:30,73.3,75.24,71.25,71.93,8770
2026-07-09 00:00:00+05:30,72.25,75.4,71.01,74.91,14048
2026-07-10 00:00:00+05:30,74.95,75.4,72.3,73.6,7087
2026-07-13 00:00:00+05:30,74.33,74.33,71.0,71.93,9354
2026-07-14 00:00:00+05:30,71.58,75.8,71.58,73.81,33591
2026-07-15 00:00:00+05:30,73.71,74.69,71.7,72.59,7525
2026-07-16 00:00:00+05:30,72.01,72.75,71.0,71.35,12996
2026-07-17 00:00:00+05:30,71.58,72.58,67.55,68.93,21167
2026-07-20 00:00:00+05:30,66.11,68.9,66.11,67.4,3345
2026-07-21 00:00:00+05:30,67.99,68.96,64.5,65.05,8454
2026-07-22 00:00:00+05:30,65.04,66.99,64.82,66.38,4152
2026-07-23 00:00:00+05:30,67.95,69.02,66.27,67.68,5695
2026-07-24 00:00:00+05:30,67.67,67.92,66.25,66.56,4398
2026-07-27 00:00:00+05:30,67.01,68.89,66.0,66.33,11571
2026-07-28 00:00:00+05:30,66.5,67.79,66.0,66.03,663
2026-07-29 00:00:00+05:30,66.5,68.44,66.0,66.23,1882
2026-07-30 00:00:00+05:30,67.01,67.99,66.0,66.56,3546
2026-07-31 00:00:00+05:30,66.11,67.84,66.0,66.5,963
2026-08-03 00:00:00+05:30,68.0,68.0,66.1,67.44,696
2026-08-04 00:00:00+05:30,69.0,69.0,67.05,67.4,3319
2026-08-05 00:00:00+05:30,65.5,71.19,65.5,70.26,13184
2026-08-06 00:00:00+05:30,72.9,72.9,69.75,71.26,2913
2026-08-07 00:00:00+05:30,68.01,72.78,68.01,70.79,3801
2026-08-10 00:00:00+05:30,70.79,72.48,69.35,69.89,2242
2026-08-11 00:00:00+05:30,69.89,73.8,69.21,69.7,23083
2026-08-12 00:00:00+05:30,71.98,72.0,70.0,71.46,6717
2026-08-13 00:00:00+05:30,71.46,75.6,71.46,74.38,62950
2026-08-14 00:00:00+05:30,74.38,74.38,70.55,72.11,7849
2026-08-17 00:00:00+05:30,73.2,76.97,70.55,74.89,34090
2026-08-18 00:00:00+05:30,77.26,88.37,74.1,78.58,666283
2026-08-19 00:00:00+05:30,79.45,82.52,74.01,80.68,63164
2026-08-20 00:00:00+05:30,81.9,82.8,76.01,77.3,45869
2026-08-21 00:00:00+05:30,75.2,79.99,75.2,77.31,7347
2026-08-24 00:00:00+05:30,77.15,79.0,75.1,78.37,10818
2026-08-25 00:00:00+05:30,79.94,79.94,74.3,76.82,11010
2026-08-26 00:00:00+05:30,76.82,78.35,74.31,76.06,8756
2026-08-27 00:00:00+05:30,78.92,86.75,78.0,85.96,213584
2026-08-28 00:00:00+05:30,89.01,103.15,87.0,103.15,1390957
2026-08-31 00:00:00+05:30,106.9,116.85,106.01,107.69,1233591
2026-09-01 00:00:00+05:30,107.0,116.0,106.1,113.0,451947
2026-09-02 00:00:00+05:30,109.5,115.4,106.0,112.46,223823
2026-09-03 00:00:00+05:30,110.3,112.0,106.84,106.84,89140
2026-09-04 00:00:00+05:30,102.15,106.0,101.5,101.5,140569
2026-09-07 00:00:00+05:30,100.5,104.25,96.43,102.63,57275
2026-09-08 00:00:00+05:30,102.63,103.92,99.1,100.09,30763
2026-09-09 00:00:00+05:30,95.11,102.95,95.09,100.53,239381
2026-09-10 00:00:00+05:30,101.0,101.85,96.0,96.76,14683
2026-09-11 00:00:00+05:30,96.76,97.88,91.93,92.62,54813
2026-09-15 00:00:00+05:30,90.3,94.25,87.99,91.05,43776
2026-09-16 00:00:00+05:30,89.6,94.4,89.0,90.56,16932
2026-09-17 00:00:00+05:30,88.8,93.9,88.8,92.47,39737
2026-09-18 00:00:00+05:30,95.99,95.99,91.0,92.5,11671
2026-09-21 00:00:00+05:30,89.6,92.5,87.88,87.88,24631
2026-09-22 00:00:00+05:30,84.05,90.0,83.5,89.98,23286
2026-09-23 00:00:00+05:30,89.98,92.9,89.98,91.45,35746
2026-09-24 00:00:00+05:30,91.45,92.99,90.0,92.01,93988
2026-09-25 00:00:00+05:30,92.3,94.5,91.1,94.4,58660
