Date,Open,High,Low,Close,Volume
2010-10-27 00:00:00+05:30,5.33,7.99,5.33,5.79,729415659
2010-10-28 00:00:00+05:30,5.73,6.55,5.42,5.88,410350334
2010-10-29 00:00:00+05:30,5.94,6.12,5.39,5.52,90154478
2010-11-01 00:00:00+05:30,5.58,5.75,5.27,5.32,36826141
2010-11-02 00:00:00+05:30,5.34,5.53,5.2,5.27,42845465
2010-11-03 00:00:00+05:30,5.34,5.42,5.12,5.15,14763918
2010-11-04 00:00:00+05:30,5.18,5.87,4.97,5.62,100959184
2010-11-05 00:00:00+05:30,5.37,5.79,5.37,5.69,5597698
2010-11-08 00:00:00+05:30,5.75,5.77,5.39,5.55,13005024
2010-11-09 00:00:00+05:30,5.56,5.68,5.42,5.47,7836166
2010-11-10 00:00:00+05:30,5.5,5.56,5.34,5.35,5006327
2010-11-11 00:00:00+05:30,5.4,5.55,5.25,5.3,8602977
2010-11-12 00:00:00+05:30,5.18,5.35,5.05,5.09,4527134
2010-11-15 00:00:00+05:30,5.11,5.22,4.98,5.03,4226466
2010-11-16 00:00:00+05:30,5.08,5.09,4.56,4.62,5044475
2010-11-18 00:00:00+05:30,4.66,5.18,4.33,4.39,3916512
2010-11-19 00:00:00+05:30,4.43,4.51,4.02,4.16,5520188
2010-11-22 00:00:00+05:30,4.22,4.31,4.09,4.13,3365615
2010-11-23 00:00:00+05:30,4.11,4.11,3.76,3.79,4655954
2010-11-24 00:00:00+05:30,3.82,3.83,3.48,3.52,4308781
2010-11-25 00:00:00+05:30,3.55,3.98,3.31,3.68,13607246
2010-11-26 00:00:00+05:30,3.72,3.78,3.07,3.11,7891987
2010-11-29 00:00:00+05:30,3.13,3.19,2.86,2.98,3575413
2010-11-30 00:00:00+05:30,2.92,3.28,2.89,3.18,7984548
2010-12-01 00:00:00+05:30,3.19,3.5,3.12,3.5,5099930
2010-12-02 00:00:00+05:30,3.81,3.81,3.54,3.57,5064065
2010-12-03 00:00:00+05:30,3.59,3.61,3.23,3.25,3990794
2010-12-06 00:00:00+05:30,3.27,3.32,3.09,3.12,1628649
2010-12-07 00:00:00+05:30,3.14,3.17,2.81,2.81,4041936
2010-12-08 00:00:00+05:30,2.81,2.81,2.53,2.55,4244434
2010-12-09 00:00:00+05:30,2.59,2.62,2.42,2.42,1553901
2010-12-10 00:00:00+05:30,2.3,2.41,2.3,2.3,2748876
2010-12-13 00:00:00+05:30,2.19,2.4,2.19,2.23,2375222
2010-12-14 00:00:00+05:30,2.23,2.33,2.2,2.33,3190527
2010-12-15 00:00:00+05:30,2.39,2.43,2.34,2.36,1521417
2010-12-16 00:00:00+05:30,2.34,2.37,2.26,2.27,853692
2010-12-20 00:00:00+05:30,2.27,2.36,2.22,2.31,1258787
2010-12-21 00:00:00+05:30,2.32,2.4,2.25,2.26,594683
2010-12-22 00:00:00+05:30,2.25,2.27,2.18,2.22,589271
2010-12-23 00:00:00+05:30,2.21,2.26,2.11,2.16,634128
2010-12-24 00:00:00+05:30,2.15,2.26,2.11,2.19,1931120
2010-12-27 00:00:00+05:30,2.25,2.28,2.2,2.23,695164
2010-12-28 00:00:00+05:30,2.23,2.25,2.13,2.14,860597
2010-12-29 00:00:00+05:30,2.17,2.23,2.14,2.17,797138
2010-12-30 00:00:00+05:30,2.17,2.24,2.17,2.19,1540161
2010-12-31 00:00:00+05:30,2.2,2.21,2.18,2.18,605632
2011-01-03 00:00:00+05:30,2.23,2.28,2.19,2.22,693346
2011-01-04 00:00:00+05:30,2.24,2.24,2.17,2.18,750337
2011-01-05 00:00:00+05:30,2.18,2.19,2.14,2.17,486352
2011-01-06 00:00:00+05:30,2.07,2.19,2.07,2.11,612340
2011-01-07 00:00:00+05:30,2.09,2.13,1.92,1.97,1000115
2011-01-10 00:00:00+05:30,1.99,1.99,1.78,1.8,1624082
2011-01-11 00:00:00+05:30,1.78,1.87,1.71,1.74,909386
2011-01-12 00:00:00+05:30,1.71,1.78,1.65,1.71,732114
2011-01-13 00:00:00+05:30,1.68,1.8,1.63,1.64,773025
2011-01-14 00:00:00+05:30,1.63,1.66,1.58,1.64,710284
2011-01-17 00:00:00+05:30,1.63,1.69,1.57,1.63,394778
2011-01-18 00:00:00+05:30,1.62,1.67,1.58,1.6,494117
2011-01-19 00:00:00+05:30,1.6,1.6,1.53,1.54,636566
2011-01-20 00:00:00+05:30,1.5,1.58,1.5,1.55,647883
2011-01-21 00:00:00+05:30,1.52,1.58,1.52,1.54,480137
2011-01-24 00:00:00+05:30,1.58,1.58,1.52,1.53,501404
2011-01-25 00:00:00+05:30,1.53,1.56,1.5,1.51,389902
2011-01-27 00:00:00+05:30,1.58,1.58,1.49,1.51,401486
2011-01-28 00:00:00+05:30,1.54,1.54,1.43,1.43,350584
2011-01-31 00:00:00+05:30,1.42,1.42,1.36,1.36,824717
2011-02-01 00:00:00+05:30,1.3,1.38,1.3,1.36,595514
2011-02-02 00:00:00+05:30,1.33,1.38,1.33,1.33,433885
2011-02-03 00:00:00+05:30,1.33,1.38,1.28,1.37,369777
2011-02-04 00:00:00+05:30,1.33,1.38,1.32,1.33,271791
2011-02-07 00:00:00+05:30,1.35,1.37,1.29,1.32,398161
2011-02-08 00:00:00+05:30,1.32,1.34,1.26,1.27,629548
2011-02-09 00:00:00+05:30,1.27,1.27,1.2,1.2,632662
2011-02-10 00:00:00+05:30,1.16,1.18,1.14,1.14,427473
2011-02-11 00:00:00+05:30,1.09,1.17,1.09,1.14,892081
2011-02-14 00:00:00+05:30,1.17,1.2,1.17,1.2,581379
2011-02-15 00:00:00+05:30,1.26,1.26,1.24,1.26,326485
2011-02-16 00:00:00+05:30,1.33,1.33,1.26,1.33,366268
2011-02-17 00:00:00+05:30,1.39,1.39,1.35,1.39,1469274
2011-02-18 00:00:00+05:30,1.45,1.45,1.32,1.33,991660
2011-02-21 00:00:00+05:30,1.35,1.35,1.28,1.33,474697
2011-02-22 00:00:00+05:30,1.32,1.36,1.27,1.27,397470
2011-02-23 00:00:00+05:30,1.27,1.29,1.2,1.22,517130
2011-02-24 00:00:00+05:30,1.25,1.25,1.18,1.19,318113
2011-02-25 00:00:00+05:30,1.13,1.22,1.13,1.18,448443
2011-02-28 00:00:00+05:30,1.18,1.18,1.13,1.16,362125
2011-03-01 00:00:00+05:30,1.19,1.22,1.14,1.19,373949
2011-03-03 00:00:00+05:30,1.2,1.25,1.17,1.23,819785
2011-03-04 00:00:00+05:30,1.2,1.26,1.17,1.19,278711
2011-03-07 00:00:00+05:30,1.17,1.2,1.14,1.17,151425
2011-03-08 00:00:00+05:30,1.13,1.18,1.13,1.15,638722
2011-03-09 00:00:00+05:30,1.15,1.2,1.14,1.18,247552
2011-03-10 00:00:00+05:30,1.15,1.19,1.15,1.18,140462
2011-03-11 00:00:00+05:30,1.15,1.19,1.14,1.16,194310
2011-03-14 00:00:00+05:30,1.14,1.17,1.13,1.14,133908
2011-03-15 00:00:00+05:30,1.1,1.15,1.1,1.13,110500
2011-03-16 00:00:00+05:30,1.12,1.19,1.12,1.15,301090
2011-03-17 00:00:00+05:30,1.16,1.16,1.12,1.14,152764
2011-03-18 00:00:00+05:30,1.12,1.14,1.11,1.13,100579
2011-03-21 00:00:00+05:30,1.12,1.13,1.08,1.12,342649
2011-03-22 00:00:00+05:30,1.08,1.14,1.08,1.12,287941
2011-03-23 00:00:00+05:30,1.14,1.14,1.1,1.11,240350
2011-03-24 00:00:00+05:30,1.1,1.14,1.06,1.09,1278755
2011-03-25 00:00:00+05:30,1.08,1.2,1.06,1.18,3951870
2011-03-28 00:00:00+05:30,1.22,1.27,1.09,1.13,3355214
2011-03-29 00:00:00+05:30,1.13,1.14,1.02,1.02,3851755
2011-03-30 00:00:00+05:30,1.03,1.08,1.0,1.07,766853
2011-03-31 00:00:00+05:30,1.07,1.08,1.02,1.03,736356
2011-04-01 00:00:00+05:30,1.03,1.14,1.01,1.11,1440060
2011-04-04 00:00:00+05:30,1.11,1.14,1.06,1.13,1058388
2011-04-05 00:00:00+05:30,1.12,1.2,1.11,1.19,1268411
2011-04-06 00:00:00+05:30,1.2,1.24,1.18,1.22,808031
2011-04-07 00:00:00+05:30,1.23,1.34,1.2,1.27,1788826
2011-04-08 00:00:00+05:30,1.29,1.3,1.21,1.22,1019351
2011-04-11 00:00:00+05:30,1.22,1.23,1.14,1.16,798040
2011-04-13 00:00:00+05:30,1.16,1.18,1.12,1.13,1248513
2011-04-15 00:00:00+05:30,1.12,1.16,1.11,1.14,525741
2011-04-18 00:00:00+05:30,1.11,1.16,1.1,1.12,925917
2011-04-19 00:00:00+05:30,1.12,1.12,1.01,1.1,446653
2011-04-20 00:00:00+05:30,1.1,1.15,1.08,1.13,1103781
2011-04-21 00:00:00+05:30,1.11,1.14,1.11,1.13,255556
2011-04-25 00:00:00+05:30,1.13,1.15,1.1,1.13,479982
2011-04-26 00:00:00+05:30,1.1,1.15,1.09,1.1,495668
2011-04-27 00:00:00+05:30,1.1,1.15,1.1,1.13,294100
2011-04-28 00:00:00+05:30,1.1,1.17,1.1,1.12,701421
2011-04-29 00:00:00+05:30,1.1,1.13,1.04,1.05,1184095
2011-05-02 00:00:00+05:30,1.03,1.08,1.03,1.04,151495
2011-05-03 00:00:00+05:30,1.0,1.06,1.0,1.02,495400
2011-05-04 00:00:00+05:30,1.03,1.04,1.0,1.03,247200
2011-05-05 00:00:00+05:30,1.01,1.04,1.0,1.01,203850
2011-05-06 00:00:00+05:30,1.0,1.05,0.98,1.0,298257
2011-05-09 00:00:00+05:30,1.0,1.04,1.0,1.02,341085
2011-05-10 00:00:00+05:30,1.04,1.05,1.01,1.04,778226
2011-05-11 00:00:00+05:30,1.06,1.06,1.04,1.05,126749
2011-05-12 00:00:00+05:30,1.05,1.13,1.0,1.08,758636
2011-05-13 00:00:00+05:30,1.03,1.12,1.03,1.08,281881
2011-05-16 00:00:00+05:30,1.06,1.1,1.06,1.09,206964
2011-05-17 00:00:00+05:30,1.07,1.11,1.07,1.09,279514
2011-05-18 00:00:00+05:30,1.07,1.11,1.04,1.07,414099
2011-05-19 00:00:00+05:30,1.03,1.08,1.03,1.06,584296
2011-05-20 00:00:00+05:30,1.01,1.08,1.01,1.04,60288
2011-05-23 00:00:00+05:30,1.02,1.05,1.01,1.02,122127
2011-05-24 00:00:00+05:30,1.02,1.05,1.0,1.0,109556
2011-05-25 00:00:00+05:30,1.04,1.04,0.96,1.0,164996
2011-05-26 00:00:00+05:30,0.98,1.03,0.98,1.0,99297
2011-05-27 00:00:00+05:30,0.99,1.01,0.98,0.99,227653
2011-05-30 00:00:00+05:30,0.98,1.01,0.97,0.98,171775
2011-05-31 00:00:00+05:30,1.01,1.01,0.98,0.98,170140
2011-06-01 00:00:00+05:30,1.0,1.03,0.98,1.0,144901
2011-06-02 00:00:00+05:30,0.99,1.02,0.96,1.0,158852
2011-06-03 00:00:00+05:30,0.96,1.02,0.96,0.99,188461
2011-06-06 00:00:00+05:30,0.98,1.0,0.98,0.99,57117
2011-06-07 00:00:00+05:30,0.98,1.0,0.98,0.98,130921
2011-06-08 00:00:00+05:30,0.98,1.0,0.97,0.98,165518
2011-06-09 00:00:00+05:30,0.98,0.99,0.97,0.98,76706
2011-06-10 00:00:00+05:30,0.97,0.99,0.97,0.97,262292
2011-06-13 00:00:00+05:30,0.95,0.97,0.95,0.97,147705
2011-06-14 00:00:00+05:30,0.95,0.98,0.95,0.97,106216
2011-06-15 00:00:00+05:30,0.95,0.98,0.95,0.96,119815
2011-06-16 00:00:00+05:30,0.92,0.97,0.92,0.95,182246
2011-06-17 00:00:00+05:30,0.93,0.98,0.93,0.96,75818
2011-06-20 00:00:00+05:30,0.94,0.97,0.87,0.91,261348
2011-06-21 00:00:00+05:30,0.86,0.98,0.86,0.91,153581
2011-06-22 00:00:00+05:30,0.87,0.91,0.84,0.84,262743
2011-06-23 00:00:00+05:30,0.81,0.85,0.8,0.84,302639
2011-06-24 00:00:00+05:30,0.82,0.86,0.82,0.85,92166
2011-06-27 00:00:00+05:30,0.85,0.87,0.83,0.85,156301
2011-06-28 00:00:00+05:30,0.85,0.86,0.83,0.84,123916
2011-06-29 00:00:00+05:30,0.82,1.01,0.82,0.96,1028822
2011-06-30 00:00:00+05:30,0.93,1.16,0.93,1.16,4923659
2011-07-01 00:00:00+05:30,1.21,1.37,0.98,1.04,15029466
2011-07-04 00:00:00+05:30,1.03,1.03,0.83,0.85,19498594
2011-07-05 00:00:00+05:30,0.85,0.98,0.85,0.93,7544969
2011-07-06 00:00:00+05:30,0.93,0.94,0.88,0.9,1903118
2011-07-07 00:00:00+05:30,0.88,0.91,0.87,0.9,944393
2011-07-08 00:00:00+05:30,0.88,0.93,0.88,0.88,657254
2011-07-11 00:00:00+05:30,0.87,0.89,0.86,0.88,578955
2011-07-12 00:00:00+05:30,0.86,0.88,0.71,0.8,1213097
2011-07-13 00:00:00+05:30,0.83,0.9,0.81,0.85,2048301
2011-07-14 00:00:00+05:30,0.85,0.87,0.84,0.85,819883
2011-07-15 00:00:00+05:30,0.85,0.87,0.83,0.86,452981
2011-07-18 00:00:00+05:30,0.86,0.87,0.84,0.86,361632
2011-07-19 00:00:00+05:30,0.85,0.87,0.85,0.86,364732
2011-07-20 00:00:00+05:30,0.85,0.87,0.83,0.84,548445
2011-07-21 00:00:00+05:30,0.86,0.86,0.81,0.82,698757
2011-07-22 00:00:00+05:30,0.85,0.85,0.81,0.82,331530
2011-07-25 00:00:00+05:30,0.8,0.83,0.8,0.82,347075
2011-07-26 00:00:00+05:30,0.8,0.83,0.8,0.81,290675
2011-07-27 00:00:00+05:30,0.8,0.82,0.8,0.81,236588
2011-07-28 00:00:00+05:30,0.81,0.81,0.79,0.8,244437
2011-07-29 00:00:00+05:30,0.81,0.82,0.78,0.79,660129
2011-08-01 00:00:00+05:30,0.71,0.81,0.71,0.78,463268
2011-08-02 00:00:00+05:30,0.78,0.78,0.75,0.75,742106
2011-08-03 00:00:00+05:30,0.72,0.77,0.72,0.75,404586
2011-08-04 00:00:00+05:30,0.73,0.77,0.73,0.75,312364
2011-08-05 00:00:00+05:30,0.73,0.75,0.7,0.74,686130
2011-08-08 00:00:00+05:30,0.71,0.74,0.68,0.71,452784
2011-08-09 00:00:00+05:30,0.71,0.71,0.67,0.68,606351
2011-08-10 00:00:00+05:30,0.68,0.75,0.68,0.73,733101
2011-08-11 00:00:00+05:30,0.71,0.74,0.71,0.73,279302
2011-08-12 00:00:00+05:30,0.74,0.74,0.7,0.71,390015
2011-08-16 00:00:00+05:30,0.7,0.71,0.66,0.67,488339
2011-08-17 00:00:00+05:30,0.7,0.7,0.64,0.66,672263
2011-08-18 00:00:00+05:30,0.65,0.66,0.62,0.63,410942
2011-08-19 00:00:00+05:30,0.61,0.64,0.61,0.62,260784
2011-08-22 00:00:00+05:30,0.61,0.64,0.59,0.63,371483
2011-08-23 00:00:00+05:30,0.64,0.65,0.63,0.64,119477
2011-08-24 00:00:00+05:30,0.63,0.64,0.6,0.63,398386
2011-08-25 00:00:00+05:30,0.64,0.66,0.62,0.63,477586
2011-08-26 00:00:00+05:30,0.6,0.64,0.59,0.59,513790
2011-08-29 00:00:00+05:30,0.6,0.65,0.59,0.64,562833
2011-08-30 00:00:00+05:30,0.64,0.66,0.6,0.66,471132
2011-09-02 00:00:00+05:30,0.65,0.71,0.62,0.68,498514
2011-09-05 00:00:00+05:30,0.69,0.71,0.65,0.69,1037080
2011-09-06 00:00:00+05:30,0.68,0.7,0.68,0.69,461337
2011-09-07 00:00:00+05:30,0.68,0.71,0.68,0.69,159909
2011-09-08 00:00:00+05:30,0.68,0.75,0.68,0.75,940574
2011-09-09 00:00:00+05:30,0.76,0.78,0.73,0.76,1285605
2011-09-12 00:00:00+05:30,0.75,0.77,0.75,0.75,117603
2011-09-13 00:00:00+05:30,0.75,0.85,0.75,0.78,1327093
2011-09-14 00:00:00+05:30,0.8,0.84,0.79,0.81,1121692
2011-09-15 00:00:00+05:30,0.79,0.8,0.79,0.79,224256
2011-09-16 00:00:00+05:30,0.78,0.8,0.75,0.75,324244
2011-09-19 00:00:00+05:30,0.75,0.78,0.75,0.78,321003
2011-09-20 00:00:00+05:30,0.78,0.78,0.76,0.76,55355
2011-09-21 00:00:00+05:30,0.8,0.92,0.75,0.8,911979
2011-09-22 00:00:00+05:30,0.78,0.87,0.76,0.84,1999258
2011-09-23 00:00:00+05:30,0.8,0.91,0.8,0.86,2170230
2011-09-26 00:00:00+05:30,0.85,0.88,0.83,0.87,1655947
2011-09-27 00:00:00+05:30,0.88,1.03,0.88,0.95,3435218
2011-09-28 00:00:00+05:30,0.95,1.03,0.93,0.98,2533624
2011-09-29 00:00:00+05:30,1.02,1.03,0.97,1.02,1793237
2011-09-30 00:00:00+05:30,1.03,1.05,0.93,0.99,2070989
2011-10-03 00:00:00+05:30,0.95,1.19,0.92,1.19,5880553
2011-10-04 00:00:00+05:30,1.18,1.38,1.13,1.19,8943146
2011-10-05 00:00:00+05:30,1.19,1.29,1.15,1.22,4171209
2011-10-07 00:00:00+05:30,1.27,1.38,1.27,1.32,4349537
2011-10-10 00:00:00+05:30,1.34,1.38,1.31,1.32,1522869
2011-10-11 00:00:00+05:30,1.38,1.38,1.28,1.32,980780
2011-10-12 00:00:00+05:30,1.28,1.33,1.28,1.33,549882
2011-10-13 00:00:00+05:30,1.3,1.41,1.3,1.36,937797
2011-10-14 00:00:00+05:30,1.35,1.49,1.35,1.46,2354789
2011-10-17 00:00:00+05:30,1.51,1.61,1.47,1.61,2216722
2011-10-18 00:00:00+05:30,1.62,1.77,1.62,1.77,2176445
2011-10-19 00:00:00+05:30,1.77,1.86,1.77,1.85,3381412
2011-10-20 00:00:00+05:30,1.95,1.95,1.76,1.76,692331
2011-10-21 00:00:00+05:30,1.76,1.76,1.68,1.68,103256
2011-10-24 00:00:00+05:30,1.59,1.6,1.59,1.59,147973
2011-10-25 00:00:00+05:30,1.52,1.52,1.52,1.52,17404
2011-10-26 00:00:00+05:30,1.44,1.44,1.44,1.44,87374
2011-10-28 00:00:00+05:30,1.37,1.37,1.37,1.37,120872
2011-10-31 00:00:00+05:30,1.3,1.44,1.3,1.44,820475
2011-11-01 00:00:00+05:30,1.46,1.52,1.46,1.52,334137
2011-11-02 00:00:00+05:30,1.59,1.59,1.53,1.59,485563
2011-11-03 00:00:00+05:30,1.58,1.68,1.52,1.52,1245483
2011-11-04 00:00:00+05:30,1.44,1.48,1.44,1.44,195423
2011-11-08 00:00:00+05:30,1.37,1.52,1.3,1.46,1432464
2011-11-09 00:00:00+05:30,1.48,1.61,1.45,1.61,1328221
2011-11-11 00:00:00+05:30,1.63,1.76,1.55,1.65,2252997
2011-11-14 00:00:00+05:30,1.66,1.73,1.5,1.53,709566
2011-11-15 00:00:00+05:30,1.55,1.55,1.39,1.42,904736
2011-11-16 00:00:00+05:30,1.41,1.48,1.37,1.43,552095
2011-11-17 00:00:00+05:30,1.4,1.46,1.38,1.4,253681
2011-11-18 00:00:00+05:30,1.35,1.42,1.29,1.34,670022
2011-11-21 00:00:00+05:30,1.33,1.35,1.28,1.29,233544
2011-11-22 00:00:00+05:30,1.33,1.34,1.23,1.28,457518
2011-11-23 00:00:00+05:30,1.22,1.25,1.15,1.15,591526
2011-11-24 00:00:00+05:30,1.13,1.16,1.09,1.09,171197
2011-11-25 00:00:00+05:30,1.09,1.09,1.04,1.04,128299
2011-11-28 00:00:00+05:30,1.01,1.09,1.01,1.09,271255
2011-11-29 00:00:00+05:30,1.08,1.1,1.04,1.04,286448
2011-11-30 00:00:00+05:30,1.03,1.07,1.01,1.05,273313
2011-12-01 00:00:00+05:30,1.08,1.08,1.04,1.05,90573
2011-12-02 00:00:00+05:30,1.04,1.07,1.0,1.01,309728
2011-12-05 00:00:00+05:30,0.99,1.05,0.96,1.0,271875
2011-12-07 00:00:00+05:30,0.99,1.04,0.95,0.97,176468
2011-12-08 00:00:00+05:30,0.99,0.99,0.94,0.94,78792
2011-12-09 00:00:00+05:30,0.9,0.95,0.9,0.93,635100
2011-12-12 00:00:00+05:30,0.89,0.94,0.89,0.89,102594
2011-12-13 00:00:00+05:30,0.9,0.91,0.85,0.88,212940
2011-12-14 00:00:00+05:30,0.86,0.88,0.84,0.84,257938
2011-12-15 00:00:00+05:30,0.81,0.81,0.8,0.8,83330
2011-12-16 00:00:00+05:30,0.79,0.83,0.78,0.8,216590
2011-12-19 00:00:00+05:30,0.83,0.83,0.76,0.76,124959
2011-12-20 00:00:00+05:30,0.74,0.77,0.73,0.74,82822
2011-12-21 00:00:00+05:30,0.71,0.76,0.71,0.73,301626
2011-12-22 00:00:00+05:30,0.72,0.75,0.7,0.71,212263
2011-12-23 00:00:00+05:30,0.73,0.73,0.7,0.71,529518
2011-12-26 00:00:00+05:30,0.72,0.75,0.72,0.75,70576
2011-12-27 00:00:00+05:30,0.77,0.77,0.75,0.77,86909
2011-12-28 00:00:00+05:30,0.77,0.81,0.77,0.81,93082
2011-12-29 00:00:00+05:30,0.85,0.85,0.85,0.85,45378
2011-12-30 00:00:00+05:30,0.89,0.89,0.89,0.89,148424
2012-01-02 00:00:00+05:30,0.9,0.94,0.9,0.94,267605
2012-01-03 00:00:00+05:30,0.97,0.98,0.97,0.98,102368
2012-01-04 00:00:00+05:30,1.03,1.03,1.03,1.03,26141
2012-01-05 00:00:00+05:30,1.08,1.08,1.08,1.08,130117
2012-01-06 00:00:00+05:30,1.13,1.14,1.03,1.03,1105853
2012-01-07 00:00:00+05:30,1.03,1.04,0.98,1.01,90968
2012-01-09 00:00:00+05:30,0.96,0.99,0.96,0.96,378571
2012-01-10 00:00:00+05:30,1.0,1.01,0.95,0.98,259784
2012-01-11 00:00:00+05:30,0.97,1.03,0.97,1.03,200271
2012-01-12 00:00:00+05:30,1.04,1.08,1.04,1.08,297609
2012-01-13 00:00:00+05:30,1.1,1.14,1.1,1.14,431137
2012-01-16 00:00:00+05:30,1.13,1.18,1.1,1.13,129751
2012-01-17 00:00:00+05:30,1.16,1.16,1.07,1.11,450430
2012-01-18 00:00:00+05:30,1.11,1.11,1.07,1.07,94308
2012-01-19 00:00:00+05:30,1.1,1.1,1.07,1.08,45435
2012-01-20 00:00:00+05:30,1.09,1.09,1.04,1.06,121182
2012-01-23 00:00:00+05:30,1.08,1.1,1.03,1.08,152482
2012-01-24 00:00:00+05:30,1.05,1.11,1.05,1.09,118237
2012-01-25 00:00:00+05:30,1.1,1.14,1.1,1.14,239265
2012-01-27 00:00:00+05:30,1.12,1.17,1.08,1.1,107357
2012-01-30 00:00:00+05:30,1.08,1.12,1.08,1.08,237898
2012-01-31 00:00:00+05:30,1.08,1.08,1.04,1.06,34174
2012-02-01 00:00:00+05:30,1.03,1.06,1.03,1.05,96084
2012-02-02 00:00:00+05:30,1.08,1.08,1.04,1.06,131992
2012-02-03 00:00:00+05:30,1.04,1.07,1.04,1.06,132865
2012-02-06 00:00:00+05:30,1.06,1.06,1.04,1.05,85472
2012-02-07 00:00:00+05:30,1.05,1.1,1.05,1.06,371807
2012-02-08 00:00:00+05:30,1.09,1.12,1.07,1.1,277245
2012-02-09 00:00:00+05:30,1.12,1.15,1.1,1.15,669035
2012-02-10 00:00:00+05:30,1.17,1.2,1.13,1.18,203765
2012-02-13 00:00:00+05:30,1.14,1.17,1.12,1.12,141843
2012-02-14 00:00:00+05:30,1.09,1.13,1.07,1.07,93998
2012-02-15 00:00:00+05:30,1.08,1.08,1.03,1.06,183176
2012-02-16 00:00:00+05:30,1.02,1.06,1.02,1.05,90573
2012-02-17 00:00:00+05:30,1.06,1.06,1.03,1.04,105342
2012-02-21 00:00:00+05:30,1.05,1.09,1.03,1.08,373216
2012-02-22 00:00:00+05:30,1.06,1.12,1.04,1.04,96788
2012-02-23 00:00:00+05:30,1.03,1.03,1.0,1.01,66066
2012-02-24 00:00:00+05:30,1.01,1.03,0.96,0.96,357784
2012-02-27 00:00:00+05:30,0.93,0.96,0.92,0.94,177088
2012-02-28 00:00:00+05:30,0.95,0.98,0.9,0.95,199482
2012-02-29 00:00:00+05:30,0.93,0.98,0.93,0.94,78890
2012-03-01 00:00:00+05:30,0.92,0.99,0.91,0.99,198214
2012-03-02 00:00:00+05:30,0.97,0.97,0.95,0.97,59583
2012-03-03 00:00:00+05:30,0.93,0.98,0.93,0.98,6341
2012-03-05 00:00:00+05:30,0.98,0.98,0.93,0.93,64093
2012-03-06 00:00:00+05:30,0.92,0.95,0.9,0.9,42672
2012-03-07 00:00:00+05:30,0.88,0.94,0.88,0.93,35894
2012-03-09 00:00:00+05:30,0.92,1.03,0.92,0.99,92955
2012-03-12 00:00:00+05:30,0.97,0.98,0.92,0.94,64868
2012-03-13 00:00:00+05:30,0.95,1.03,0.93,1.03,324737
2012-03-14 00:00:00+05:30,1.0,1.13,1.0,1.07,328768
2012-03-15 00:00:00+05:30,1.04,1.18,0.99,1.06,597248
2012-03-16 00:00:00+05:30,1.01,1.06,1.01,1.02,50409
2012-03-19 00:00:00+05:30,1.02,1.05,0.99,1.03,92067
2012-03-20 00:00:00+05:30,1.0,1.04,1.0,1.01,6115
2012-03-21 00:00:00+05:30,1.02,1.04,0.98,0.98,294523
2012-03-22 00:00:00+05:30,0.99,1.01,0.95,0.96,105497
2012-03-23 00:00:00+05:30,0.96,1.01,0.92,0.96,51226
2012-03-26 00:00:00+05:30,0.99,0.99,0.88,0.92,402656
2012-03-27 00:00:00+05:30,0.92,0.94,0.9,0.92,84640
2012-03-28 00:00:00+05:30,0.88,0.95,0.84,0.85,355783
2012-03-29 00:00:00+05:30,0.85,0.92,0.84,0.91,16121
2012-03-30 00:00:00+05:30,0.94,0.98,0.89,0.91,59766
2012-04-02 00:00:00+05:30,0.88,0.94,0.86,0.93,19729
2012-04-03 00:00:00+05:30,0.9,0.94,0.9,0.93,32089
2012-04-04 00:00:00+05:30,0.91,0.95,0.91,0.93,39121
2012-04-09 00:00:00+05:30,0.9,0.95,0.89,0.94,50423
2012-04-10 00:00:00+05:30,0.95,0.96,0.89,0.96,78862
2012-04-11 00:00:00+05:30,0.95,0.96,0.92,0.92,35936
2012-04-12 00:00:00+05:30,0.9,0.92,0.85,0.9,105201
2012-04-13 00:00:00+05:30,0.93,0.94,0.88,0.89,58667
2012-04-16 00:00:00+05:30,0.87,0.9,0.87,0.88,31877
2012-04-17 00:00:00+05:30,0.88,0.91,0.87,0.88,47577
2012-04-18 00:00:00+05:30,0.88,0.95,0.88,0.9,89277
2012-04-19 00:00:00+05:30,0.9,0.91,0.87,0.88,31539
2012-04-20 00:00:00+05:30,0.88,0.92,0.86,0.9,36894
2012-04-23 00:00:00+05:30,0.91,0.91,0.85,0.87,38881
2012-04-24 00:00:00+05:30,0.87,0.91,0.87,0.89,47647
2012-04-25 00:00:00+05:30,0.89,0.9,0.89,0.89,22590
2012-04-26 00:00:00+05:30,0.86,0.9,0.86,0.88,92391
2012-04-27 00:00:00+05:30,0.91,0.91,0.86,0.87,65657
2012-04-30 00:00:00+05:30,0.87,0.9,0.87,0.87,9329
2012-05-02 00:00:00+05:30,0.9,0.91,0.86,0.86,90292
2012-05-03 00:00:00+05:30,0.85,0.89,0.83,0.84,24732
2012-05-04 00:00:00+05:30,0.82,0.87,0.82,0.84,101748
2012-05-07 00:00:00+05:30,0.84,0.87,0.8,0.83,99663
2012-05-08 00:00:00+05:30,0.81,0.99,0.81,0.86,35203
2012-05-09 00:00:00+05:30,0.83,0.98,0.83,0.86,52452
2012-05-10 00:00:00+05:30,0.85,0.86,0.82,0.82,70857
2012-05-11 00:00:00+05:30,0.8,0.82,0.78,0.81,237292
2012-05-14 00:00:00+05:30,0.8,0.84,0.8,0.81,25662
2012-05-15 00:00:00+05:30,0.85,0.85,0.8,0.83,12429
2012-05-16 00:00:00+05:30,0.82,0.83,0.78,0.8,31722
2012-05-17 00:00:00+05:30,0.78,0.84,0.78,0.83,29200
2012-05-18 00:00:00+05:30,0.81,0.81,0.79,0.81,30130
2012-05-21 00:00:00+05:30,0.8,0.97,0.8,0.86,45125
2012-05-22 00:00:00+05:30,0.83,0.89,0.83,0.84,27903
2012-05-23 00:00:00+05:30,0.84,0.88,0.82,0.84,31934
2012-05-24 00:00:00+05:30,0.83,0.87,0.83,0.85,109203
2012-05-25 00:00:00+05:30,0.87,0.87,0.84,0.87,8962
2012-05-28 00:00:00+05:30,0.82,0.88,0.82,0.84,16375
2012-05-29 00:00:00+05:30,0.85,0.87,0.85,0.85,43462
2012-05-30 00:00:00+05:30,0.82,0.87,0.82,0.85,59090
2012-05-31 00:00:00+05:30,0.85,0.87,0.83,0.87,9695
2012-06-01 00:00:00+05:30,0.85,0.87,0.82,0.82,59188
2012-06-04 00:00:00+05:30,0.83,0.84,0.82,0.82,52015
2012-06-05 00:00:00+05:30,0.79,0.84,0.79,0.8,13669
2012-06-06 00:00:00+05:30,0.79,0.83,0.79,0.8,14036
2012-06-07 00:00:00+05:30,0.81,0.84,0.81,0.81,29566
2012-06-08 00:00:00+05:30,0.81,0.81,0.8,0.81,25211
2012-06-11 00:00:00+05:30,0.83,0.83,0.81,0.82,95083
2012-06-12 00:00:00+05:30,0.79,0.83,0.79,0.79,64431
2012-06-13 00:00:00+05:30,0.8,0.83,0.8,0.82,15501
2012-06-14 00:00:00+05:30,0.83,0.83,0.77,0.78,101382
2012-06-15 00:00:00+05:30,0.78,0.78,0.77,0.77,5636
2012-06-18 00:00:00+05:30,0.81,0.81,0.78,0.78,37303
2012-06-19 00:00:00+05:30,0.77,0.8,0.77,0.78,20687
2012-06-20 00:00:00+05:30,0.78,0.81,0.76,0.81,20152
2012-06-21 00:00:00+05:30,0.78,0.8,0.74,0.79,194789
2012-06-22 00:00:00+05:30,0.75,0.78,0.75,0.77,19630
2012-06-25 00:00:00+05:30,0.77,0.85,0.77,0.78,61641
2012-06-26 00:00:00+05:30,0.78,0.8,0.76,0.76,75846
2012-06-27 00:00:00+05:30,0.78,0.8,0.77,0.77,5171
2012-06-28 00:00:00+05:30,0.75,0.8,0.75,0.77,17080
2012-06-29 00:00:00+05:30,0.78,0.8,0.77,0.78,5693
2012-07-02 00:00:00+05:30,0.79,0.81,0.79,0.79,56285
2012-07-03 00:00:00+05:30,0.81,0.81,0.79,0.79,49691
2012-07-04 00:00:00+05:30,0.78,0.81,0.78,0.8,48211
2012-07-05 00:00:00+05:30,0.78,0.85,0.78,0.8,42983
2012-07-06 00:00:00+05:30,0.79,0.96,0.79,0.92,594176
2012-07-09 00:00:00+05:30,0.89,0.92,0.87,0.87,215603
2012-07-10 00:00:00+05:30,0.82,0.9,0.82,0.88,63501
2012-07-11 00:00:00+05:30,0.85,0.88,0.85,0.85,22054
2012-07-12 00:00:00+05:30,0.87,0.88,0.81,0.88,38374
2012-07-13 00:00:00+05:30,0.88,0.89,0.82,0.87,61782
2012-07-16 00:00:00+05:30,0.88,0.91,0.78,0.84,72450
2012-07-17 00:00:00+05:30,0.81,0.86,0.81,0.82,26874
2012-07-18 00:00:00+05:30,0.8,0.86,0.8,0.82,93632
2012-07-19 00:00:00+05:30,0.78,0.83,0.78,0.8,45759
2012-07-20 00:00:00+05:30,0.79,0.81,0.79,0.79,20166
2012-07-23 00:00:00+05:30,0.79,0.81,0.78,0.81,156287
2012-07-24 00:00:00+05:30,0.78,0.81,0.78,0.78,96859
2012-07-25 00:00:00+05:30,0.78,0.8,0.71,0.74,122394
2012-07-26 00:00:00+05:30,0.75,0.75,0.7,0.71,40953
2012-07-27 00:00:00+05:30,0.69,0.77,0.69,0.74,55792
2012-07-30 00:00:00+05:30,0.72,0.79,0.7,0.72,160346
2012-07-31 00:00:00+05:30,0.7,0.74,0.7,0.72,52015
2012-08-01 00:00:00+05:30,0.71,0.71,0.69,0.71,92687
2012-08-02 00:00:00+05:30,0.71,0.71,0.7,0.71,17376
2012-08-03 00:00:00+05:30,0.7,0.76,0.69,0.74,64445
2012-08-06 00:00:00+05:30,0.74,0.75,0.68,0.71,181668
2012-08-07 00:00:00+05:30,0.71,0.72,0.71,0.72,6623
2012-08-08 00:00:00+05:30,0.72,0.74,0.71,0.71,41235
2012-08-09 00:00:00+05:30,0.69,0.74,0.69,0.7,40333
2012-08-10 00:00:00+05:30,0.71,0.71,0.69,0.7,12556
2012-08-13 00:00:00+05:30,0.71,0.71,0.64,0.66,120844
2012-08-14 00:00:00+05:30,0.64,0.7,0.64,0.68,68617
2012-08-16 00:00:00+05:30,0.67,0.68,0.65,0.65,34935
2012-08-17 00:00:00+05:30,0.67,0.67,0.65,0.66,10569
2012-08-21 00:00:00+05:30,0.66,0.78,0.66,0.77,372272
2012-08-22 00:00:00+05:30,0.75,0.83,0.75,0.78,410533
2012-08-23 00:00:00+05:30,0.73,0.78,0.73,0.77,93420
2012-08-24 00:00:00+05:30,0.75,0.78,0.73,0.77,92166
2012-08-27 00:00:00+05:30,0.78,0.78,0.71,0.71,100171
2012-08-28 00:00:00+05:30,0.69,0.75,0.69,0.75,85401
2012-08-29 00:00:00+05:30,0.77,0.81,0.75,0.76,225778
2012-08-30 00:00:00+05:30,0.73,0.8,0.73,0.78,139757
2012-08-31 00:00:00+05:30,0.75,0.79,0.75,0.79,73901
2012-09-03 00:00:00+05:30,0.78,0.84,0.78,0.78,110387
2012-09-04 00:00:00+05:30,0.78,0.94,0.78,0.88,517440
2012-09-05 00:00:00+05:30,0.91,0.97,0.88,0.92,307135
2012-09-06 00:00:00+05:30,0.92,1.03,0.92,1.0,430080
2012-09-07 00:00:00+05:30,1.05,1.13,1.0,1.07,640287
2012-09-08 00:00:00+05:30,1.13,1.13,1.03,1.09,93124
2012-09-10 00:00:00+05:30,1.06,1.09,1.03,1.03,193718
2012-09-11 00:00:00+05:30,1.0,1.0,0.95,0.97,385435
2012-09-12 00:00:00+05:30,0.94,0.98,0.89,0.9,251019
2012-09-13 00:00:00+05:30,0.88,0.95,0.88,0.92,125509
2012-09-14 00:00:00+05:30,0.93,0.95,0.84,0.85,318579
2012-09-17 00:00:00+05:30,0.85,0.89,0.82,0.87,177426
2012-09-18 00:00:00+05:30,0.85,0.91,0.85,0.9,148255
2012-09-20 00:00:00+05:30,0.92,0.94,0.89,0.93,90263
2012-09-21 00:00:00+05:30,0.92,0.95,0.92,0.94,115996
2012-09-24 00:00:00+05:30,0.92,0.98,0.9,0.93,373272
2012-09-25 00:00:00+05:30,0.94,0.95,0.92,0.94,91194
2012-09-26 00:00:00+05:30,0.9,0.95,0.9,0.92,29763
2012-09-27 00:00:00+05:30,0.9,0.94,0.88,0.9,67884
2012-09-28 00:00:00+05:30,0.91,0.93,0.88,0.9,72140
2012-10-01 00:00:00+05:30,0.92,0.94,0.88,0.92,116038
2012-10-03 00:00:00+05:30,0.9,0.94,0.89,0.92,126481
2012-10-04 00:00:00+05:30,0.92,0.94,0.91,0.92,166152
2012-10-05 00:00:00+05:30,0.9,0.92,0.9,0.91,32187
2012-10-08 00:00:00+05:30,0.88,0.89,0.88,0.89,31144
2012-10-09 00:00:00+05:30,0.93,0.93,0.84,0.86,519836
2012-10-10 00:00:00+05:30,0.89,0.9,0.83,0.88,153497
2012-10-11 00:00:00+05:30,0.84,0.89,0.84,0.87,74183
2012-10-12 00:00:00+05:30,0.88,0.9,0.85,0.86,29989
2012-10-15 00:00:00+05:30,0.86,0.9,0.85,0.88,42292
2012-10-16 00:00:00+05:30,0.86,0.9,0.86,0.9,22914
2012-10-17 00:00:00+05:30,0.91,0.91,0.85,0.86,53368
2012-10-18 00:00:00+05:30,0.89,0.89,0.85,0.88,12809
2012-10-19 00:00:00+05:30,0.9,0.92,0.87,0.9,117518
2012-10-22 00:00:00+05:30,0.86,0.94,0.86,0.94,264054
2012-10-23 00:00:00+05:30,0.99,0.99,0.95,0.99,465410
2012-10-25 00:00:00+05:30,1.03,1.03,1.02,1.03,846364
2012-10-26 00:00:00+05:30,1.08,1.08,1.08,1.08,167434
2012-10-29 00:00:00+05:30,1.09,1.14,1.03,1.05,801592
2012-10-30 00:00:00+05:30,1.03,1.1,1.0,1.05,589497
2012-10-31 00:00:00+05:30,1.03,1.1,1.0,1.02,533027
2012-11-01 00:00:00+05:30,1.02,1.06,0.97,1.0,112600
2012-11-02 00:00:00+05:30,1.02,1.05,1.02,1.05,272200
2012-11-05 00:00:00+05:30,1.1,1.1,1.1,1.1,229076
2012-11-06 00:00:00+05:30,1.15,1.15,1.15,1.15,241520
2012-11-07 00:00:00+05:30,1.21,1.21,1.14,1.21,1230234
2012-11-08 00:00:00+05:30,1.24,1.27,1.15,1.26,933612
2012-11-09 00:00:00+05:30,1.25,1.26,1.2,1.24,471710
2012-11-12 00:00:00+05:30,1.24,1.3,1.23,1.27,1930176
2012-11-13 00:00:00+05:30,1.29,1.33,1.28,1.3,497260
2012-11-15 00:00:00+05:30,1.28,1.31,1.24,1.24,56652
2012-11-16 00:00:00+05:30,1.2,1.28,1.18,1.22,262941
2012-11-19 00:00:00+05:30,1.28,1.28,1.18,1.23,58258
2012-11-20 00:00:00+05:30,1.17,1.2,1.17,1.17,71153
2012-11-21 00:00:00+05:30,1.12,1.23,1.12,1.15,483407
2012-11-22 00:00:00+05:30,1.17,1.2,1.13,1.16,175792
2012-11-23 00:00:00+05:30,1.13,1.18,1.1,1.14,241407
2012-11-26 00:00:00+05:30,1.18,1.19,1.15,1.19,892461
2012-11-27 00:00:00+05:30,1.24,1.24,1.2,1.22,48859
2012-11-29 00:00:00+05:30,1.2,1.23,1.17,1.19,153003
2012-11-30 00:00:00+05:30,1.13,1.21,1.13,1.19,123494
2012-12-03 00:00:00+05:30,1.14,1.14,1.14,1.14,31891
2012-12-04 00:00:00+05:30,1.1,1.13,1.08,1.09,83118
2012-12-05 00:00:00+05:30,1.14,1.14,1.04,1.11,95309
2012-12-06 00:00:00+05:30,1.05,1.13,1.05,1.06,91334
2012-12-07 00:00:00+05:30,1.06,1.06,1.01,1.01,167745
2012-12-10 00:00:00+05:30,1.05,1.06,0.96,0.98,234544
2012-12-11 00:00:00+05:30,0.93,1.01,0.93,0.95,37782
2012-12-12 00:00:00+05:30,0.95,0.99,0.9,0.99,215335
2012-12-13 00:00:00+05:30,0.97,1.04,0.97,1.04,128990
2012-12-14 00:00:00+05:30,0.99,1.09,0.99,1.07,49099
2012-12-17 00:00:00+05:30,1.03,1.03,1.01,1.01,31004
2012-12-18 00:00:00+05:30,0.98,1.06,0.98,1.05,15515
2012-12-19 00:00:00+05:30,1.03,1.04,1.0,1.0,20307
2012-12-20 00:00:00+05:30,0.99,1.05,0.99,1.04,24619
2012-12-21 00:00:00+05:30,1.0,1.03,0.99,1.03,195592
2012-12-24 00:00:00+05:30,1.03,1.06,1.0,1.06,14078
2012-12-26 00:00:00+05:30,1.01,1.06,1.01,1.04,69025
2012-12-27 00:00:00+05:30,1.0,1.05,0.99,1.05,20575
2012-12-28 00:00:00+05:30,1.01,1.01,1.0,1.0,17897
2012-12-31 00:00:00+05:30,0.96,1.0,0.95,0.99,112783
2013-01-01 00:00:00+05:30,0.95,0.95,0.94,0.94,88079
2013-01-02 00:00:00+05:30,0.98,0.99,0.9,0.99,125523
2013-01-03 00:00:00+05:30,1.03,1.03,0.94,1.03,126411
2013-01-04 00:00:00+05:30,1.03,1.08,0.98,1.07,123353
2013-01-07 00:00:00+05:30,1.08,1.12,1.06,1.08,198383
2013-01-08 00:00:00+05:30,1.06,1.09,1.03,1.03,218182
2013-01-09 00:00:00+05:30,1.03,1.06,0.98,1.06,237884
2013-01-10 00:00:00+05:30,1.02,1.08,1.01,1.06,315379
2013-01-11 00:00:00+05:30,1.01,1.07,1.01,1.01,141180
2013-01-14 00:00:00+05:30,0.96,1.05,0.96,1.0,1010078
2013-01-15 00:00:00+05:30,0.95,1.05,0.95,1.04,556900
2013-01-16 00:00:00+05:30,1.09,1.09,0.99,1.06,269606
2013-01-17 00:00:00+05:30,1.01,1.12,1.01,1.1,436957
2013-01-18 00:00:00+05:30,1.14,1.15,1.08,1.15,944816
2013-01-21 00:00:00+05:30,1.2,1.2,1.14,1.2,1330927
2013-01-22 00:00:00+05:30,1.26,1.27,1.21,1.27,761117
2013-01-23 00:00:00+05:30,1.32,1.33,1.2,1.32,687849
2013-01-24 00:00:00+05:30,1.38,1.38,1.26,1.32,252286
2013-01-25 00:00:00+05:30,1.29,1.39,1.26,1.37,781185
2013-01-28 00:00:00+05:30,1.38,1.44,1.33,1.42,946098
2013-01-29 00:00:00+05:30,1.48,1.49,1.35,1.48,855031
2013-01-30 00:00:00+05:30,1.49,1.55,1.43,1.54,555124
2013-01-31 00:00:00+05:30,1.62,1.62,1.47,1.62,1224386
2013-02-01 00:00:00+05:30,1.62,1.67,1.55,1.62,727929
2013-02-04 00:00:00+05:30,1.69,1.69,1.57,1.63,474049
2013-02-05 00:00:00+05:30,1.57,1.66,1.55,1.61,537438
2013-02-06 00:00:00+05:30,1.58,1.66,1.53,1.56,1274570
2013-02-07 00:00:00+05:30,1.53,1.53,1.48,1.49,889276
2013-02-08 00:00:00+05:30,1.43,1.57,1.42,1.55,2166735
2013-02-11 00:00:00+05:30,1.49,1.63,1.49,1.62,1001553
2013-02-12 00:00:00+05:30,1.57,1.67,1.57,1.65,545795
2013-02-13 00:00:00+05:30,1.65,1.67,1.59,1.63,400641
2013-02-14 00:00:00+05:30,1.63,1.65,1.58,1.63,532097
2013-02-15 00:00:00+05:30,1.67,1.67,1.57,1.62,740528
2013-02-18 00:00:00+05:30,1.63,1.7,1.62,1.7,706536
2013-02-19 00:00:00+05:30,1.65,1.78,1.65,1.78,601729
2013-02-20 00:00:00+05:30,1.78,1.87,1.78,1.85,2213073
2013-02-21 00:00:00+05:30,1.87,1.94,1.87,1.93,463705
2013-02-22 00:00:00+05:30,1.95,1.99,1.9,1.96,309179
2013-02-25 00:00:00+05:30,1.95,2.05,1.86,2.03,681057
2013-02-26 00:00:00+05:30,2.06,2.13,1.97,2.1,539707
2013-02-27 00:00:00+05:30,2.19,2.19,2.06,2.15,618400
2013-02-28 00:00:00+05:30,2.24,2.25,2.17,2.24,1144171
2013-03-01 00:00:00+05:30,2.2,2.3,2.13,2.27,522767
2013-03-04 00:00:00+05:30,2.35,2.38,2.16,2.36,1141620
2013-03-05 00:00:00+05:30,2.3,2.44,2.3,2.43,225341
2013-03-06 00:00:00+05:30,2.34,2.54,2.34,2.51,204456
2013-03-07 00:00:00+05:30,2.52,2.59,2.48,2.53,351782
2013-03-08 00:00:00+05:30,2.49,2.58,2.41,2.41,233107
2013-03-11 00:00:00+05:30,2.29,2.41,2.29,2.29,40192
2013-03-12 00:00:00+05:30,2.2,2.2,2.19,2.19,5707
2013-03-13 00:00:00+05:30,2.08,2.08,2.08,2.08,7045
2013-03-14 00:00:00+05:30,1.98,1.98,1.98,1.98,6623
2013-03-15 00:00:00+05:30,1.88,1.88,1.88,1.88,5918
2013-03-18 00:00:00+05:30,1.79,1.79,1.79,1.79,1422
2013-03-19 00:00:00+05:30,1.7,1.7,1.7,1.7,1535
2013-03-20 00:00:00+05:30,1.62,1.62,1.62,1.62,4932
2013-03-21 00:00:00+05:30,1.54,1.68,1.54,1.59,841277
2013-03-22 00:00:00+05:30,1.59,1.67,1.51,1.6,112755
2013-03-25 00:00:00+05:30,1.53,1.56,1.52,1.52,146352
2013-03-26 00:00:00+05:30,1.45,1.53,1.45,1.53,164743
2013-03-28 00:00:00+05:30,1.49,1.49,1.45,1.49,1535
2013-04-01 00:00:00+05:30,1.42,1.42,1.42,1.42,16375
2013-04-02 00:00:00+05:30,1.4,1.49,1.4,1.49,33822
2013-04-03 00:00:00+05:30,1.57,1.57,1.57,1.57,6101
2013-04-04 00:00:00+05:30,1.64,1.64,1.49,1.53,168308
2013-04-05 00:00:00+05:30,1.54,1.6,1.54,1.6,10287
2013-04-08 00:00:00+05:30,1.54,1.67,1.54,1.66,47690
2013-04-09 00:00:00+05:30,1.7,1.74,1.6,1.72,116518
2013-04-10 00:00:00+05:30,1.78,1.79,1.67,1.77,102692
2013-04-11 00:00:00+05:30,1.7,1.79,1.7,1.79,21040
2013-04-12 00:00:00+05:30,1.71,1.83,1.71,1.78,58230
2013-04-15 00:00:00+05:30,1.72,1.8,1.72,1.79,21491
2013-04-16 00:00:00+05:30,1.73,1.76,1.71,1.72,254936
2013-04-17 00:00:00+05:30,1.66,1.66,1.65,1.65,31088
2013-04-18 00:00:00+05:30,1.62,1.62,1.62,1.62,7891
2013-04-22 00:00:00+05:30,1.62,1.69,1.57,1.6,31074
2013-04-23 00:00:00+05:30,1.56,1.66,1.56,1.57,45590
2013-04-25 00:00:00+05:30,1.56,1.63,1.56,1.58,53777
2013-04-26 00:00:00+05:30,1.56,1.65,1.56,1.63,51282
2013-04-29 00:00:00+05:30,1.6,1.72,1.6,1.71,160036
2013-04-30 00:00:00+05:30,1.79,1.79,1.72,1.72,13881
2013-05-02 00:00:00+05:30,1.72,1.8,1.69,1.7,169436
2013-05-03 00:00:00+05:30,1.66,1.66,1.63,1.63,55637
2013-05-06 00:00:00+05:30,1.63,1.63,1.57,1.6,33822
2013-05-07 00:00:00+05:30,1.58,1.58,1.56,1.56,75579
2013-05-08 00:00:00+05:30,1.58,1.63,1.57,1.59,154511
2013-05-09 00:00:00+05:30,1.56,1.56,1.56,1.56,5580
2013-05-10 00:00:00+05:30,1.49,1.59,1.49,1.56,43307
2013-05-13 00:00:00+05:30,1.51,1.54,1.51,1.54,24803
2013-05-14 00:00:00+05:30,1.48,1.51,1.48,1.51,30003
2013-05-15 00:00:00+05:30,1.49,1.56,1.48,1.52,50676
2013-05-16 00:00:00+05:30,1.49,1.6,1.49,1.52,26945
2013-05-17 00:00:00+05:30,1.52,1.52,1.45,1.52,32751
2013-05-20 00:00:00+05:30,1.56,1.56,1.53,1.53,40939
2013-05-21 00:00:00+05:30,1.51,1.51,1.49,1.5,23252
2013-05-22 00:00:00+05:30,1.51,1.51,1.49,1.49,13895
2013-05-23 00:00:00+05:30,1.49,1.57,1.43,1.49,50409
2013-05-24 00:00:00+05:30,1.42,1.56,1.42,1.56,27255
2013-05-27 00:00:00+05:30,1.49,1.56,1.49,1.54,32934
2013-05-28 00:00:00+05:30,1.53,1.6,1.51,1.53,28904
2013-05-29 00:00:00+05:30,1.45,1.6,1.45,1.6,46365
2013-05-30 00:00:00+05:30,1.58,1.6,1.58,1.6,58766
2013-05-31 00:00:00+05:30,1.57,1.58,1.57,1.58,64741
2013-06-03 00:00:00+05:30,1.51,1.65,1.51,1.65,54256
2013-06-04 00:00:00+05:30,1.67,1.74,1.67,1.7,73281
2013-06-05 00:00:00+05:30,1.7,1.7,1.67,1.67,2677
2013-06-06 00:00:00+05:30,1.67,1.67,1.67,1.67,4424
2013-06-07 00:00:00+05:30,1.65,1.7,1.59,1.7,81314
2013-06-10 00:00:00+05:30,1.62,1.64,1.62,1.63,54256
2013-06-11 00:00:00+05:30,1.63,1.72,1.63,1.72,25507
2013-06-12 00:00:00+05:30,1.64,1.8,1.64,1.8,79017
2013-06-13 00:00:00+05:30,1.73,1.88,1.73,1.86,79961
2013-06-14 00:00:00+05:30,1.85,1.95,1.81,1.93,495062
2013-06-17 00:00:00+05:30,1.92,2.02,1.92,1.93,109358
2013-06-18 00:00:00+05:30,1.93,1.99,1.93,1.95,73098
2013-06-19 00:00:00+05:30,1.9,1.99,1.9,1.99,95097
2013-06-20 00:00:00+05:30,1.92,2.08,1.92,2.04,94350
2013-06-21 00:00:00+05:30,2.02,2.1,1.99,2.08,113727
2013-06-24 00:00:00+05:30,2.13,2.13,1.99,2.07,97733
2013-06-25 00:00:00+05:30,2.03,2.17,2.03,2.17,376500
2013-06-26 00:00:00+05:30,2.17,2.24,2.12,2.13,251724
2013-06-27 00:00:00+05:30,2.1,2.17,2.09,2.11,369552
2013-06-28 00:00:00+05:30,2.08,2.12,2.01,2.05,188419
2013-07-01 00:00:00+05:30,1.95,2.05,1.95,1.99,137136
2013-07-02 00:00:00+05:30,1.92,1.99,1.9,1.95,130639
2013-07-03 00:00:00+05:30,1.9,1.98,1.9,1.9,92871
2013-07-04 00:00:00+05:30,1.95,1.95,1.85,1.89,69631
2013-07-05 00:00:00+05:30,1.88,1.92,1.88,1.89,153609
2013-07-09 00:00:00+05:30,1.79,1.79,1.79,1.79,11273
2013-07-10 00:00:00+05:30,1.71,1.81,1.71,1.81,64685
2013-07-11 00:00:00+05:30,1.83,1.9,1.83,1.9,75663
2013-07-12 00:00:00+05:30,1.95,2.06,1.95,2.06,143477
2013-07-15 00:00:00+05:30,2.07,2.08,2.07,2.08,141955
2013-07-16 00:00:00+05:30,2.0,2.27,2.0,2.24,124720
2013-07-17 00:00:00+05:30,2.09,2.13,2.05,2.13,156047
2013-07-18 00:00:00+05:30,2.06,2.19,2.05,2.19,90545
2013-07-24 00:00:00+05:30,2.04,2.06,2.04,2.06,127116
2013-07-25 00:00:00+05:30,2.06,2.06,2.04,2.05,121802
2013-07-26 00:00:00+05:30,2.04,2.06,2.04,2.06,130315
2013-07-29 00:00:00+05:30,2.01,2.06,2.01,2.06,118575
2013-07-30 00:00:00+05:30,2.04,2.06,2.03,2.03,105694
2013-07-31 00:00:00+05:30,2.03,2.03,2.02,2.03,183557
2013-08-01 00:00:00+05:30,2.03,2.03,2.0,2.02,198481
2013-08-02 00:00:00+05:30,2.0,2.01,2.0,2.0,166166
2013-08-05 00:00:00+05:30,1.99,1.99,1.88,1.92,231317
2013-08-06 00:00:00+05:30,1.9,1.9,1.78,1.9,316761
2013-08-07 00:00:00+05:30,1.89,1.95,1.87,1.95,95238
2013-08-08 00:00:00+05:30,1.92,1.95,1.92,1.93,100058
2013-08-12 00:00:00+05:30,1.94,1.94,1.92,1.92,114559
2013-08-13 00:00:00+05:30,1.92,1.92,1.89,1.92,141899
2013-08-14 00:00:00+05:30,1.92,1.92,1.92,1.92,140969
2013-08-16 00:00:00+05:30,1.92,1.92,1.9,1.92,121098
2013-08-19 00:00:00+05:30,1.91,1.92,1.9,1.9,175524
2013-08-20 00:00:00+05:30,1.92,1.92,1.91,1.91,143745
2013-08-21 00:00:00+05:30,1.91,1.91,1.9,1.9,172282
2013-08-22 00:00:00+05:30,1.88,1.91,1.87,1.87,149030
2013-08-23 00:00:00+05:30,1.92,1.92,1.91,1.91,99382
2013-08-26 00:00:00+05:30,1.91,1.92,1.9,1.9,165588
2013-08-27 00:00:00+05:30,1.9,1.91,1.86,1.89,166857
2013-08-28 00:00:00+05:30,1.9,1.92,1.9,1.92,154779
2013-08-29 00:00:00+05:30,1.91,1.92,1.91,1.92,162347
2013-08-30 00:00:00+05:30,1.9,1.92,1.9,1.92,157555
2013-09-02 00:00:00+05:30,1.9,1.92,1.89,1.91,184755
2013-09-03 00:00:00+05:30,1.9,1.91,1.9,1.91,211671
2013-09-04 00:00:00+05:30,1.91,1.92,1.9,1.92,196170
2013-09-05 00:00:00+05:30,1.91,1.91,1.89,1.89,216745
2013-09-06 00:00:00+05:30,1.91,1.92,1.88,1.88,218154
2013-09-10 00:00:00+05:30,1.9,1.92,1.78,1.92,147550
2013-09-11 00:00:00+05:30,1.91,1.92,1.91,1.92,280768
2013-09-12 00:00:00+05:30,1.91,1.92,1.9,1.92,318649
2013-09-13 00:00:00+05:30,1.91,1.92,1.71,1.71,366000
2013-09-16 00:00:00+05:30,1.9,1.91,1.9,1.9,328077
2013-09-17 00:00:00+05:30,1.9,1.91,1.9,1.9,395229
2013-09-18 00:00:00+05:30,1.91,1.91,1.82,1.82,291718
2013-09-19 00:00:00+05:30,1.91,1.93,1.9,1.92,289308
2013-09-20 00:00:00+05:30,1.91,1.91,1.91,1.91,247806
2013-09-23 00:00:00+05:30,1.91,1.91,1.9,1.91,217027
2013-09-24 00:00:00+05:30,1.91,1.91,1.9,1.91,243451
2013-09-25 00:00:00+05:30,1.9,1.91,1.9,1.91,180442
2013-09-26 00:00:00+05:30,1.91,1.91,1.91,1.91,182007
2013-09-27 00:00:00+05:30,1.91,1.91,1.89,1.89,196565
2013-09-30 00:00:00+05:30,1.91,1.91,1.88,1.88,195536
2013-10-01 00:00:00+05:30,1.9,1.9,1.9,1.9,184332
2013-10-03 00:00:00+05:30,1.91,1.91,1.88,1.88,184473
2013-10-04 00:00:00+05:30,1.9,1.91,1.88,1.9,185502
2013-10-07 00:00:00+05:30,1.9,1.91,1.9,1.91,186798
2013-10-08 00:00:00+05:30,1.91,1.91,1.89,1.89,199130
2013-10-09 00:00:00+05:30,1.91,1.91,1.89,1.89,213715
2013-10-10 00:00:00+05:30,1.9,1.9,1.89,1.89,169943
2013-10-11 00:00:00+05:30,1.9,1.9,1.9,1.9,158683
2013-10-14 00:00:00+05:30,1.9,1.9,1.89,1.9,171930
2013-10-15 00:00:00+05:30,1.89,1.9,1.88,1.89,202370
2013-10-17 00:00:00+05:30,1.9,1.9,1.89,1.89,213503
2013-10-18 00:00:00+05:30,1.9,1.9,1.89,1.9,188560
2013-10-21 00:00:00+05:30,1.9,1.9,1.89,1.89,177638
2013-10-22 00:00:00+05:30,1.9,1.91,1.64,1.91,182500
2013-10-23 00:00:00+05:30,1.9,1.9,1.9,1.9,173058
2013-10-24 00:00:00+05:30,1.9,1.9,1.89,1.89,183205
2013-10-25 00:00:00+05:30,1.9,1.9,1.9,1.9,148114
2013-10-28 00:00:00+05:30,1.9,1.9,1.9,1.9,174467
2013-10-29 00:00:00+05:30,1.9,2.27,1.9,1.9,160726
2013-10-30 00:00:00+05:30,1.9,1.9,1.89,1.9,152482
2013-10-31 00:00:00+05:30,1.9,1.9,1.9,1.9,121196
2013-11-01 00:00:00+05:30,1.9,1.9,1.9,1.9,140927
2013-11-03 00:00:00+05:30,1.91,1.91,1.91,1.91,48944
2013-11-05 00:00:00+05:30,1.9,1.9,1.85,1.9,148086
2013-11-06 00:00:00+05:30,1.9,1.9,1.9,1.9,140927
2013-11-07 00:00:00+05:30,1.89,1.9,1.88,1.9,177116
2013-11-08 00:00:00+05:30,1.89,1.89,1.88,1.88,150792
2013-11-11 00:00:00+05:30,1.88,1.88,1.88,1.88,147973
2013-11-12 00:00:00+05:30,1.88,1.88,1.88,1.88,159289
2013-11-13 00:00:00+05:30,1.87,1.9,1.87,1.9,178695
2013-11-14 00:00:00+05:30,1.9,1.9,1.89,1.9,147846
2013-11-18 00:00:00+05:30,1.9,1.9,1.9,1.9,140913
2013-11-19 00:00:00+05:30,1.9,1.9,1.9,1.9,142759
2013-11-20 00:00:00+05:30,1.9,1.9,1.9,1.9,149382
2013-11-21 00:00:00+05:30,1.88,1.9,1.88,1.89,133767
2013-11-22 00:00:00+05:30,1.89,1.9,1.89,1.89,169112
2013-11-25 00:00:00+05:30,1.89,1.89,1.89,1.89,147973
2013-11-26 00:00:00+05:30,1.89,1.9,1.89,1.9,166941
2013-11-27 00:00:00+05:30,1.9,1.9,1.89,1.9,148607
2013-11-28 00:00:00+05:30,1.89,1.89,1.87,1.87,159641
2013-11-29 00:00:00+05:30,1.9,1.9,1.88,1.88,70576
2013-12-02 00:00:00+05:30,1.88,1.89,1.88,1.89,37430
2013-12-03 00:00:00+05:30,2.04,2.04,1.87,1.88,33315
2013-12-04 00:00:00+05:30,1.88,1.88,1.88,1.88,2465
2013-12-05 00:00:00+05:30,1.99,1.99,1.92,1.92,55552
2013-12-06 00:00:00+05:30,1.89,1.89,1.89,1.89,42278
2013-12-09 00:00:00+05:30,1.88,1.89,1.88,1.88,103214
2013-12-10 00:00:00+05:30,1.9,1.92,1.9,1.92,94421
2013-12-11 00:00:00+05:30,1.93,1.94,1.92,1.94,148537
2013-12-12 00:00:00+05:30,1.87,1.92,1.87,1.92,146620
2013-12-13 00:00:00+05:30,1.92,1.93,1.92,1.92,197157
2013-12-16 00:00:00+05:30,1.93,1.93,1.9,1.92,118336
2013-12-17 00:00:00+05:30,1.9,1.93,1.9,1.92,158612
2013-12-18 00:00:00+05:30,1.9,1.92,1.89,1.89,162587
2013-12-19 00:00:00+05:30,1.91,1.92,1.9,1.92,223256
2013-12-20 00:00:00+05:30,1.9,1.93,1.9,1.92,233642
2013-12-23 00:00:00+05:30,1.91,1.92,1.91,1.92,215110
2013-12-24 00:00:00+05:30,1.93,1.93,1.85,1.85,268014
2013-12-26 00:00:00+05:30,1.92,1.93,1.91,1.93,286603
2013-12-27 00:00:00+05:30,1.92,1.99,1.9,1.99,385195
2013-12-30 00:00:00+05:30,1.92,1.99,1.92,1.99,449909
2013-12-31 00:00:00+05:30,1.93,1.93,1.92,1.93,454389
2014-01-01 00:00:00+05:30,1.92,1.93,1.91,1.93,480687
2014-01-02 00:00:00+05:30,1.9,1.92,1.89,1.92,413803
2014-01-03 00:00:00+05:30,1.91,1.92,1.91,1.92,467411
2014-01-06 00:00:00+05:30,1.91,1.92,1.9,1.92,482589
2014-01-07 00:00:00+05:30,1.92,1.93,1.92,1.93,490073
2014-01-08 00:00:00+05:30,1.92,1.93,1.92,1.92,513692
2014-01-09 00:00:00+05:30,1.92,1.92,1.92,1.92,527531
2014-01-10 00:00:00+05:30,1.92,1.92,1.92,1.92,617456
2014-01-13 00:00:00+05:30,1.93,1.97,1.89,1.92,629830
2014-01-14 00:00:00+05:30,1.93,1.95,1.85,1.92,256754
2014-01-15 00:00:00+05:30,1.93,1.94,1.87,1.91,687243
2014-01-16 00:00:00+05:30,1.78,1.9,1.78,1.88,525967
2014-01-17 00:00:00+05:30,1.92,1.92,1.71,1.85,355191
2014-01-20 00:00:00+05:30,1.87,1.91,1.62,1.82,487057
2014-01-21 00:00:00+05:30,1.88,1.88,1.71,1.77,235446
2014-01-22 00:00:00+05:30,1.83,1.84,1.75,1.76,346313
2014-01-23 00:00:00+05:30,1.75,1.78,1.7,1.74,277400
2014-01-24 00:00:00+05:30,1.74,1.74,1.63,1.67,263899
2014-01-27 00:00:00+05:30,1.56,1.92,1.56,1.72,352345
2014-01-28 00:00:00+05:30,1.63,1.8,1.63,1.74,275765
2014-01-29 00:00:00+05:30,1.7,1.77,1.7,1.75,242507
2014-01-30 00:00:00+05:30,1.74,1.76,1.63,1.67,486493
2014-01-31 00:00:00+05:30,1.74,1.87,1.7,1.85,377063
2014-02-03 00:00:00+05:30,1.84,1.87,1.7,1.8,508534
2014-02-04 00:00:00+05:30,1.8,1.85,1.7,1.74,395102
2014-02-05 00:00:00+05:30,1.74,1.78,1.72,1.73,187602
2014-02-06 00:00:00+05:30,1.75,1.91,1.73,1.75,211897
2014-02-07 00:00:00+05:30,1.78,1.85,1.73,1.75,216956
2014-02-10 00:00:00+05:30,1.75,1.88,1.73,1.73,199919
2014-02-11 00:00:00+05:30,1.63,1.78,1.63,1.73,191195
2014-02-12 00:00:00+05:30,1.76,1.78,1.69,1.73,218788
2014-02-13 00:00:00+05:30,1.73,1.79,1.7,1.7,178526
2014-02-14 00:00:00+05:30,1.7,1.88,1.7,1.72,179752
2014-02-17 00:00:00+05:30,1.73,1.8,1.71,1.74,280472
2014-02-18 00:00:00+05:30,1.75,1.83,1.7,1.77,308953
2014-02-19 00:00:00+05:30,1.78,1.81,1.72,1.8,397935
2014-02-20 00:00:00+05:30,1.78,1.81,1.75,1.75,315394
2014-02-21 00:00:00+05:30,1.76,1.85,1.72,1.77,352767
2014-02-24 00:00:00+05:30,1.78,1.8,1.7,1.78,454530
2014-02-25 00:00:00+05:30,1.7,1.85,1.7,1.72,721432
2014-02-26 00:00:00+05:30,1.73,1.8,1.7,1.73,308023
2014-02-28 00:00:00+05:30,1.85,1.88,1.74,1.83,441030
2014-03-03 00:00:00+05:30,1.78,1.99,1.78,1.81,422258
2014-03-04 00:00:00+05:30,1.9,1.95,1.78,1.93,364267
2014-03-05 00:00:00+05:30,1.92,2.18,1.88,1.89,385773
2014-03-06 00:00:00+05:30,1.86,1.94,1.86,1.92,254386
2014-03-07 00:00:00+05:30,1.85,2.24,1.85,2.18,1076948
2014-03-10 00:00:00+05:30,2.07,2.2,2.03,2.08,369862
2014-03-11 00:00:00+05:30,2.03,2.08,1.92,1.93,123296
2014-03-12 00:00:00+05:30,1.93,2.29,1.79,2.28,631760
2014-03-13 00:00:00+05:30,2.3,2.62,2.2,2.56,860442
2014-03-14 00:00:00+05:30,2.54,2.69,2.42,2.54,647545
2014-03-18 00:00:00+05:30,2.55,2.62,2.48,2.59,462169
2014-03-19 00:00:00+05:30,2.59,2.69,2.59,2.69,564228
2014-03-20 00:00:00+05:30,2.66,2.84,2.66,2.83,616441
2014-03-21 00:00:00+05:30,2.96,2.98,2.77,2.92,480194
2014-03-22 00:00:00+05:30,2.99,3.0,2.79,2.94,416931
2014-03-24 00:00:00+05:30,2.81,3.04,2.81,2.94,461746
2014-03-25 00:00:00+05:30,2.98,3.01,2.64,2.87,629816
2014-03-26 00:00:00+05:30,2.71,3.11,2.59,3.03,1168029
2014-03-27 00:00:00+05:30,2.84,3.33,2.84,3.33,914177
2014-03-28 00:00:00+05:30,3.34,3.49,3.26,3.48,335039
2014-03-31 00:00:00+05:30,3.46,3.55,3.41,3.51,127116
2014-04-01 00:00:00+05:30,3.34,3.55,3.34,3.34,59724
2014-04-02 00:00:00+05:30,3.41,3.48,3.19,3.37,170591
2014-04-03 00:00:00+05:30,3.32,3.41,3.23,3.38,148142
2014-04-04 00:00:00+05:30,3.48,3.48,3.29,3.37,109288
2014-04-07 00:00:00+05:30,3.44,3.44,3.22,3.43,179414
2014-04-09 00:00:00+05:30,3.43,3.48,3.26,3.26,209459
2014-04-10 00:00:00+05:30,3.12,3.32,3.12,3.15,140278
2014-04-11 00:00:00+05:30,3.19,3.29,3.19,3.28,79341
2014-04-15 00:00:00+05:30,3.35,3.35,3.23,3.3,116969
2014-04-16 00:00:00+05:30,3.35,3.46,3.27,3.46,267323
2014-04-17 00:00:00+05:30,3.52,3.55,3.41,3.53,184755
2014-04-21 00:00:00+05:30,3.43,3.69,3.36,3.56,187249
2014-04-22 00:00:00+05:30,3.66,3.69,3.54,3.66,211629
2014-04-23 00:00:00+05:30,3.69,3.69,3.49,3.56,130103
2014-04-25 00:00:00+05:30,3.49,3.63,3.49,3.56,58005
2014-04-28 00:00:00+05:30,3.48,3.52,3.38,3.46,120605
2014-04-29 00:00:00+05:30,3.48,3.55,3.48,3.49,212094
2014-04-30 00:00:00+05:30,3.4,3.55,3.34,3.54,223073
2014-05-02 00:00:00+05:30,3.48,3.69,3.48,3.68,264364
2014-05-05 00:00:00+05:30,3.57,3.79,3.57,3.79,124339
2014-05-06 00:00:00+05:30,3.91,3.93,3.62,3.79,194282
2014-05-07 00:00:00+05:30,3.83,3.83,3.69,3.72,62909
2014-05-08 00:00:00+05:30,3.73,3.75,3.65,3.65,41728
2014-05-09 00:00:00+05:30,3.48,3.68,3.47,3.53,63233
2014-05-12 00:00:00+05:30,3.4,3.54,3.37,3.52,11823
2014-05-13 00:00:00+05:30,3.35,3.69,3.35,3.61,212996
2014-05-14 00:00:00+05:30,3.48,3.77,3.48,3.77,210671
2014-05-15 00:00:00+05:30,3.83,3.83,3.62,3.69,73972
2014-05-16 00:00:00+05:30,3.51,3.83,3.51,3.51,56990
2014-05-19 00:00:00+05:30,3.37,3.68,3.37,3.6,111853
2014-05-20 00:00:00+05:30,3.62,3.62,3.42,3.5,185248
2014-05-21 00:00:00+05:30,3.42,3.55,3.39,3.51,47239
2014-05-22 00:00:00+05:30,3.55,3.55,3.34,3.44,53157
2014-05-23 00:00:00+05:30,3.28,3.33,3.28,3.32,35076
2014-05-26 00:00:00+05:30,3.19,3.19,3.15,3.16,147057
2014-05-27 00:00:00+05:30,3.16,3.16,3.16,3.16,774
2014-05-28 00:00:00+05:30,3.0,3.1,3.0,3.0,6595
2014-05-29 00:00:00+05:30,2.86,2.86,2.85,2.85,1479
2014-05-30 00:00:00+05:30,2.71,2.84,2.71,2.71,330078
2014-06-02 00:00:00+05:30,2.57,2.83,2.57,2.76,259516
2014-06-03 00:00:00+05:30,2.83,2.89,2.62,2.84,184628
2014-06-04 00:00:00+05:30,2.87,2.97,2.72,2.84,79060
2014-06-05 00:00:00+05:30,2.98,2.98,2.84,2.92,7102
2014-06-06 00:00:00+05:30,2.84,3.04,2.84,2.96,24929
2014-06-09 00:00:00+05:30,3.07,3.07,2.87,2.99,181866
2014-06-10 00:00:00+05:30,3.12,3.12,2.84,3.04,49254
2014-06-11 00:00:00+05:30,3.18,3.18,2.93,3.11,55609
2014-06-12 00:00:00+05:30,3.0,3.12,2.95,2.95,67644
2014-06-13 00:00:00+05:30,2.82,2.98,2.81,2.91,34315
2014-06-16 00:00:00+05:30,3.02,3.04,2.86,3.03,212869
2015-12-28 00:00:00+05:30,2.29,2.31,2.2,2.24,98719
2015-12-29 00:00:00+05:30,2.27,2.32,2.2,2.23,211023
2015-12-30 00:00:00+05:30,2.21,2.27,2.15,2.26,423893
2015-12-31 00:00:00+05:30,2.21,2.32,2.21,2.29,196255
2016-01-01 00:00:00+05:30,2.23,2.3,2.23,2.24,220057
2016-01-04 00:00:00+05:30,2.24,2.33,2.07,2.12,273567
2016-01-05 00:00:00+05:30,2.13,2.2,2.12,2.17,48324
2016-01-06 00:00:00+05:30,2.09,2.17,1.99,2.03,83950
2016-01-07 00:00:00+05:30,2.12,2.17,2.0,2.12,42377
2016-01-08 00:00:00+05:30,2.1,2.15,1.99,2.01,9004
2016-01-11 00:00:00+05:30,2.01,2.14,1.99,2.05,49183
2016-01-12 00:00:00+05:30,2.13,2.13,1.99,2.02,98846
2016-01-13 00:00:00+05:30,2.03,2.12,1.99,2.0,555955
2016-01-14 00:00:00+05:30,2.08,2.09,1.99,2.06,286462
2016-01-15 00:00:00+05:30,2.03,2.1,1.95,1.98,251033
2016-01-18 00:00:00+05:30,1.99,2.16,1.95,1.97,292916
2016-01-19 00:00:00+05:30,1.97,2.08,1.97,2.05,18616
2016-01-20 00:00:00+05:30,1.99,2.02,1.87,1.95,7031
2016-01-21 00:00:00+05:30,1.93,2.06,1.93,1.98,94534
2016-01-22 00:00:00+05:30,2.06,2.2,1.98,2.09,133147
2016-01-25 00:00:00+05:30,2.16,2.16,1.93,2.02,195085
2016-01-27 00:00:00+05:30,2.0,2.09,2.0,2.09,9963
2016-01-28 00:00:00+05:30,2.19,2.19,2.03,2.03,53551
2016-01-29 00:00:00+05:30,2.03,2.27,2.03,2.18,157372
2016-02-01 00:00:00+05:30,2.18,2.37,2.15,2.29,597783
2016-02-02 00:00:00+05:30,2.34,2.37,2.25,2.32,489735
2016-02-03 00:00:00+05:30,2.24,2.4,2.13,2.14,578546
2016-02-04 00:00:00+05:30,2.28,2.28,2.15,2.22,249511
2016-02-05 00:00:00+05:30,2.26,2.26,2.14,2.25,483872
2016-02-08 00:00:00+05:30,2.33,2.42,2.14,2.25,324131
2016-02-09 00:00:00+05:30,2.27,2.27,2.14,2.26,1518697
2016-02-10 00:00:00+05:30,2.27,2.32,2.2,2.29,378191
2016-02-11 00:00:00+05:30,2.3,2.31,2.13,2.22,1083826
2016-02-12 00:00:00+05:30,2.27,2.27,1.99,2.15,1558778
2016-02-15 00:00:00+05:30,2.26,2.3,2.16,2.22,1624660
2016-02-16 00:00:00+05:30,2.27,2.27,2.14,2.24,1125061
2016-02-17 00:00:00+05:30,2.25,2.29,2.19,2.25,1155121
2016-02-18 00:00:00+05:30,2.32,2.39,2.17,2.3,1409550
2016-02-19 00:00:00+05:30,2.32,2.53,2.27,2.48,1540837
2016-02-22 00:00:00+05:30,2.51,2.79,2.48,2.62,1399262
2016-02-23 00:00:00+05:30,2.72,2.79,2.27,2.39,1466935
2016-02-24 00:00:00+05:30,2.48,2.48,2.31,2.42,1384507
2016-02-25 00:00:00+05:30,2.47,2.47,2.23,2.43,1880795
2016-02-26 00:00:00+05:30,2.34,2.34,2.24,2.26,348470
2016-02-29 00:00:00+05:30,2.2,2.41,2.03,2.17,737315
2016-03-01 00:00:00+05:30,2.25,2.52,2.25,2.43,994943
2016-03-02 00:00:00+05:30,2.39,2.54,2.39,2.46,925424
2016-03-03 00:00:00+05:30,2.46,2.55,2.41,2.44,945393
2016-03-04 00:00:00+05:30,2.54,2.55,2.34,2.4,1201190
2016-03-08 00:00:00+05:30,2.49,2.61,2.38,2.47,1233913
2016-03-09 00:00:00+05:30,2.55,2.55,2.45,2.52,1376150
2016-03-10 00:00:00+05:30,2.53,2.53,2.43,2.46,1426066
2016-03-11 00:00:00+05:30,2.48,2.51,2.41,2.45,1228177
2016-03-14 00:00:00+05:30,2.47,2.48,2.41,2.46,1633849
2016-03-15 00:00:00+05:30,2.5,2.66,2.41,2.46,2050105
2016-03-16 00:00:00+05:30,2.54,2.54,2.41,2.48,2949443
2016-03-17 00:00:00+05:30,2.44,2.54,2.41,2.47,1504422
2016-03-18 00:00:00+05:30,2.49,2.54,2.41,2.48,1662091
2016-03-21 00:00:00+05:30,2.49,2.54,2.42,2.44,1217861
2016-03-22 00:00:00+05:30,2.51,2.61,2.33,2.45,1995143
2016-03-23 00:00:00+05:30,2.41,2.47,2.41,2.46,1211308
2016-03-28 00:00:00+05:30,2.44,2.48,2.27,2.36,2299771
2016-03-29 00:00:00+05:30,2.46,2.48,2.27,2.39,2991059
2016-03-30 00:00:00+05:30,2.29,2.44,2.27,2.37,1695180
2016-03-31 00:00:00+05:30,2.4,2.46,2.37,2.39,1095255
2016-04-01 00:00:00+05:30,2.45,2.45,2.3,2.37,954652
2016-04-04 00:00:00+05:30,2.4,2.61,2.34,2.41,1186505
2016-04-05 00:00:00+05:30,2.42,2.47,2.37,2.38,855792
2016-04-06 00:00:00+05:30,2.44,2.48,2.36,2.43,2089606
2016-04-07 00:00:00+05:30,2.43,2.54,2.38,2.44,1260688
2016-04-08 00:00:00+05:30,2.54,2.54,2.39,2.41,1103119
2016-04-11 00:00:00+05:30,2.51,2.54,2.38,2.45,1927005
2016-04-12 00:00:00+05:30,2.54,2.54,2.35,2.42,1667474
2016-04-13 00:00:00+05:30,2.48,2.91,2.39,2.91,2630342
2016-04-18 00:00:00+05:30,2.89,3.27,2.89,2.94,810878
2016-04-20 00:00:00+05:30,2.98,3.53,2.95,2.99,1600055
2016-04-21 00:00:00+05:30,3.0,3.18,2.91,2.97,349301
2016-04-22 00:00:00+05:30,2.91,3.13,2.74,2.91,534310
2016-04-25 00:00:00+05:30,3.02,3.05,2.78,2.94,1314607
2016-04-26 00:00:00+05:30,2.99,3.53,2.99,3.39,9126393
2016-04-27 00:00:00+05:30,3.46,3.55,3.17,3.2,3149996
2016-04-28 00:00:00+05:30,3.26,3.3,3.13,3.15,420736
2016-04-29 00:00:00+05:30,3.22,3.27,3.04,3.18,943646
2016-05-02 00:00:00+05:30,3.18,3.81,2.98,3.81,7426139
2016-05-03 00:00:00+05:30,3.76,3.81,3.23,3.5,1310886
2016-05-04 00:00:00+05:30,3.42,3.62,3.36,3.42,623474
2016-05-05 00:00:00+05:30,3.37,3.48,3.13,3.23,651716
2016-05-06 00:00:00+05:30,3.3,3.3,3.09,3.14,85866
2016-05-09 00:00:00+05:30,3.27,3.41,3.18,3.19,1018294
2016-05-10 00:00:00+05:30,3.32,3.32,3.09,3.16,771715
2016-05-11 00:00:00+05:30,3.05,3.29,2.98,3.14,725491
2016-05-12 00:00:00+05:30,3.27,3.36,3.04,3.13,1649281
2016-05-13 00:00:00+05:30,3.13,3.18,3.04,3.05,132372
2016-05-16 00:00:00+05:30,3.06,3.15,2.94,3.06,182993
2016-05-17 00:00:00+05:30,3.05,3.09,2.99,3.01,226680
2016-05-18 00:00:00+05:30,3.01,3.08,2.85,2.97,304500
2016-05-19 00:00:00+05:30,2.87,3.12,2.87,3.0,221128
2016-05-20 00:00:00+05:30,3.04,3.39,2.87,2.9,373582
2016-05-23 00:00:00+05:30,3.02,3.02,2.69,2.72,643754
2016-05-24 00:00:00+05:30,2.82,2.82,2.66,2.75,598601
2016-05-25 00:00:00+05:30,2.84,3.31,2.84,3.31,8558092
2016-05-26 00:00:00+05:30,3.26,3.26,2.72,2.89,2856714
2016-05-27 00:00:00+05:30,2.91,2.91,2.73,2.81,178512
2016-05-30 00:00:00+05:30,2.92,2.97,2.69,2.76,204146
2016-05-31 00:00:00+05:30,2.7,2.8,2.62,2.63,244635
2016-06-01 00:00:00+05:30,2.73,3.16,2.49,3.11,4000123
2016-06-02 00:00:00+05:30,3.32,3.32,2.87,3.02,386041
2016-06-03 00:00:00+05:30,3.05,3.12,2.92,3.06,338309
2016-06-06 00:00:00+05:30,2.93,3.51,2.88,3.14,442186
2016-06-07 00:00:00+05:30,3.13,3.72,3.12,3.51,2561881
2016-06-08 00:00:00+05:30,3.52,3.97,3.31,3.38,969985
2016-06-09 00:00:00+05:30,3.34,3.58,3.29,3.42,35513
2016-06-10 00:00:00+05:30,3.3,3.52,3.29,3.31,8553
2016-06-13 00:00:00+05:30,3.44,3.44,3.12,3.27,79510
2016-06-14 00:00:00+05:30,3.19,3.29,3.08,3.23,331643
2016-06-15 00:00:00+05:30,3.14,3.22,3.13,3.19,252709
2016-06-16 00:00:00+05:30,3.1,3.23,3.02,3.07,153454
2016-06-17 00:00:00+05:30,3.12,3.33,2.99,3.19,179836
2016-06-20 00:00:00+05:30,3.26,3.27,3.02,3.1,206527
2016-06-21 00:00:00+05:30,3.41,3.41,3.04,3.06,90038
2016-06-22 00:00:00+05:30,3.18,3.18,3.02,3.08,1514977
2016-06-23 00:00:00+05:30,3.03,3.05,2.94,3.03,1155515
2016-06-24 00:00:00+05:30,2.96,2.98,2.77,2.88,66319
2016-06-27 00:00:00+05:30,2.89,3.29,2.89,2.96,279824
2016-06-28 00:00:00+05:30,3.08,3.44,3.01,3.16,4099674
2016-06-29 00:00:00+05:30,3.19,3.44,3.16,3.18,533549
2016-06-30 00:00:00+05:30,3.23,3.81,3.23,3.81,6071748
2016-07-01 00:00:00+05:30,3.83,4.43,3.83,3.92,4318054
2016-07-04 00:00:00+05:30,3.92,4.17,3.81,3.88,2338441
2016-07-05 00:00:00+05:30,3.83,4.08,3.81,3.83,948297
2016-07-07 00:00:00+05:30,3.81,4.6,3.74,4.6,7103318
2016-07-08 00:00:00+05:30,4.43,4.83,4.33,4.52,4461165
2016-07-11 00:00:00+05:30,4.66,4.82,4.49,4.56,518610
2016-07-12 00:00:00+05:30,4.56,4.56,4.33,4.43,631197
2016-07-13 00:00:00+05:30,4.47,4.51,4.3,4.33,355064
2016-07-14 00:00:00+05:30,4.4,4.59,4.2,4.27,640695
2016-07-15 00:00:00+05:30,4.26,4.33,4.08,4.1,2367388
2016-07-18 00:00:00+05:30,4.15,4.51,4.15,4.51,4371452
2016-07-19 00:00:00+05:30,4.45,4.81,4.29,4.35,1962167
2016-07-20 00:00:00+05:30,4.33,4.58,4.33,4.49,489749
2016-07-21 00:00:00+05:30,4.58,4.58,4.35,4.35,749660
2016-07-22 00:00:00+05:30,4.33,4.6,4.32,4.52,1558059
2016-07-25 00:00:00+05:30,4.52,4.64,4.4,4.43,416762
2016-07-26 00:00:00+05:30,4.53,4.53,4.37,4.4,214955
2016-07-27 00:00:00+05:30,4.37,4.47,4.27,4.33,422216
2016-07-28 00:00:00+05:30,4.33,4.36,4.3,4.32,304542
2016-07-29 00:00:00+05:30,4.26,4.33,4.22,4.25,205992
2016-08-01 00:00:00+05:30,4.29,4.47,4.26,4.32,709340
2016-08-02 00:00:00+05:30,4.32,4.67,4.13,4.4,1819900
2016-08-03 00:00:00+05:30,4.35,4.43,4.27,4.28,10879
2016-08-04 00:00:00+05:30,4.6,4.6,4.13,4.38,2350645
2016-08-05 00:00:00+05:30,4.53,4.53,4.4,4.47,336913
2016-08-08 00:00:00+05:30,4.5,4.61,4.49,4.54,1264902
2016-08-09 00:00:00+05:30,4.61,5.27,4.48,4.56,1740319
2016-08-10 00:00:00+05:30,4.55,4.61,4.47,4.56,72168
2016-08-11 00:00:00+05:30,4.58,4.88,4.47,4.51,1690671
2016-08-12 00:00:00+05:30,4.6,5.41,4.6,5.4,8004884
2016-08-16 00:00:00+05:30,5.81,6.07,5.12,5.18,2799088
2016-08-17 00:00:00+05:30,5.13,5.31,4.9,5.05,3007125
2016-08-18 00:00:00+05:30,5.03,5.25,4.97,5.12,592217
2016-08-19 00:00:00+05:30,5.18,5.3,5.11,5.11,297468
2016-08-22 00:00:00+05:30,5.11,5.27,4.97,5.11,366959
2016-08-23 00:00:00+05:30,5.1,5.25,5.04,5.07,157781
2016-08-24 00:00:00+05:30,4.97,5.25,4.88,4.95,2283282
2016-08-25 00:00:00+05:30,4.96,5.18,4.84,4.88,91940
2016-08-26 00:00:00+05:30,4.88,5.11,4.63,4.89,651617
2016-08-29 00:00:00+05:30,4.83,5.08,4.82,4.99,93096
2016-08-30 00:00:00+05:30,4.99,5.99,4.9,5.9,7845242
2016-08-31 00:00:00+05:30,6.0,6.7,5.54,5.67,2648424
2016-09-01 00:00:00+05:30,5.74,5.81,5.13,5.29,2899569
2016-09-02 00:00:00+05:30,5.29,5.6,5.18,5.31,1349346
2016-09-06 00:00:00+05:30,5.45,5.92,5.32,5.53,3110762
2016-09-07 00:00:00+05:30,5.57,6.02,5.41,5.52,3049107
2016-09-08 00:00:00+05:30,5.51,5.71,5.06,5.45,1927061
2016-09-09 00:00:00+05:30,5.51,5.67,5.23,5.56,1551999
2016-09-12 00:00:00+05:30,5.39,5.67,5.26,5.36,217675
2016-09-14 00:00:00+05:30,5.26,6.21,5.17,5.89,6909205
2016-09-15 00:00:00+05:30,5.82,6.25,5.6,5.66,2767930
2016-09-16 00:00:00+05:30,5.66,6.79,5.66,6.77,8175123
2016-09-19 00:00:00+05:30,7.25,7.45,6.65,6.77,4344576
2016-09-20 00:00:00+05:30,6.81,7.13,6.66,6.86,2717196
2016-09-21 00:00:00+05:30,6.92,7.01,6.7,6.78,1454210
2016-09-22 00:00:00+05:30,6.91,7.45,6.75,6.98,5928750
2016-09-23 00:00:00+05:30,7.04,7.36,6.76,7.1,4862370
2016-09-26 00:00:00+05:30,6.88,7.45,6.88,7.16,2302632
2016-09-27 00:00:00+05:30,7.16,7.81,7.16,7.59,3557825
2016-09-28 00:00:00+05:30,7.58,8.78,7.52,8.28,11551998
2016-09-29 00:00:00+05:30,8.3,8.8,6.77,7.24,6608693
2016-09-30 00:00:00+05:30,7.21,7.7,6.88,7.19,3375873
2016-10-03 00:00:00+05:30,7.35,7.91,7.2,7.68,4755322
2016-10-04 00:00:00+05:30,7.78,8.28,7.56,8.13,8700146
2016-10-05 00:00:00+05:30,8.13,8.19,7.68,7.98,1663866
2016-10-06 00:00:00+05:30,8.06,8.51,7.96,8.38,6796140
2016-10-07 00:00:00+05:30,8.34,8.5,8.1,8.33,1353320
2016-10-10 00:00:00+05:30,8.43,8.85,8.37,8.64,7371586
2016-10-13 00:00:00+05:30,8.8,10.14,8.73,9.51,4696033
2016-10-14 00:00:00+05:30,9.73,10.14,9.33,9.69,3982137
2016-10-17 00:00:00+05:30,9.89,10.07,7.99,8.8,2380930
2016-10-18 00:00:00+05:30,9.01,9.23,8.02,8.3,2440908
2016-10-19 00:00:00+05:30,8.51,9.93,7.31,9.89,8293302
2016-10-20 00:00:00+05:30,9.73,10.61,9.05,9.62,3663015
2016-10-21 00:00:00+05:30,9.62,10.11,9.37,9.55,2531650
2016-10-24 00:00:00+05:30,9.79,9.86,9.15,9.23,2075466
2016-10-25 00:00:00+05:30,9.05,9.73,9.05,9.37,2958457
2016-10-26 00:00:00+05:30,9.33,9.58,9.15,9.51,2393220
2016-10-27 00:00:00+05:30,9.48,9.51,9.26,9.44,2552616
2016-10-28 00:00:00+05:30,9.62,10.07,8.69,9.19,5279169
2016-10-30 00:00:00+05:30,9.37,10.07,9.37,9.86,1563293
2016-11-01 00:00:00+05:30,9.58,9.86,9.15,9.19,2296206
2016-11-02 00:00:00+05:30,9.37,9.37,8.94,8.98,670233
2016-11-03 00:00:00+05:30,9.12,9.37,8.94,9.23,2328602
2016-11-04 00:00:00+05:30,9.23,9.73,9.23,9.23,1168842
2016-11-07 00:00:00+05:30,9.44,9.93,9.3,9.51,4404202
2016-11-08 00:00:00+05:30,9.48,9.86,8.73,9.76,2847968
2016-11-09 00:00:00+05:30,8.2,8.4,7.81,7.81,2236792
2016-11-10 00:00:00+05:30,8.27,8.8,7.63,7.88,2520760
2016-11-11 00:00:00+05:30,7.74,7.77,6.81,7.27,974111
2016-11-15 00:00:00+05:30,7.49,7.49,6.5,6.64,746912
2016-11-16 00:00:00+05:30,6.99,6.99,6.1,6.46,381964
2016-11-17 00:00:00+05:30,6.5,6.67,6.1,6.5,1471733
2016-11-18 00:00:00+05:30,6.14,6.95,6.07,6.53,1597319
2016-11-21 00:00:00+05:30,6.64,6.64,6.42,6.46,274317
2016-11-22 00:00:00+05:30,6.78,6.78,6.42,6.53,201569
2016-11-23 00:00:00+05:30,6.5,6.91,6.5,6.6,326272
2016-11-24 00:00:00+05:30,6.53,6.88,6.39,6.71,482509
2016-11-25 00:00:00+05:30,6.6,7.34,6.6,7.34,1032401
2016-11-28 00:00:00+05:30,7.49,7.81,7.31,7.41,230735
2016-11-29 00:00:00+05:30,7.45,8.06,7.27,7.41,2606202
2016-11-30 00:00:00+05:30,7.56,7.99,7.27,7.74,1184366
2016-12-01 00:00:00+05:30,7.88,8.13,7.63,7.84,446137
2016-12-02 00:00:00+05:30,7.84,8.02,7.59,7.88,517201
2016-12-05 00:00:00+05:30,7.74,8.51,7.34,8.33,840741
2016-12-06 00:00:00+05:30,8.37,8.76,8.02,8.09,392245
2016-12-07 00:00:00+05:30,8.16,8.37,7.81,7.88,744718
2016-12-08 00:00:00+05:30,7.84,9.44,7.7,9.44,4577639
2016-12-09 00:00:00+05:30,10.22,10.29,9.58,9.73,1619855
2016-12-12 00:00:00+05:30,9.65,10.43,9.33,9.58,775333
2016-12-13 00:00:00+05:30,9.58,10.43,9.08,9.82,1043095
2016-12-14 00:00:00+05:30,9.82,10.18,9.48,9.48,441345
2016-12-15 00:00:00+05:30,9.48,9.86,9.37,9.55,756681
2016-12-16 00:00:00+05:30,9.37,9.76,9.37,9.55,390544
2016-12-19 00:00:00+05:30,9.55,9.62,9.3,9.44,443969
2016-12-20 00:00:00+05:30,9.4,9.79,9.26,9.44,451636
2016-12-21 00:00:00+05:30,9.51,10.14,8.69,8.9,1064157
2016-12-22 00:00:00+05:30,8.8,8.94,8.3,8.37,349254
2016-12-23 00:00:00+05:30,8.51,8.83,8.16,8.27,1406807
2016-12-26 00:00:00+05:30,8.27,8.27,7.88,7.99,240188
2016-12-27 00:00:00+05:30,7.81,8.06,7.81,7.84,102635
2016-12-28 00:00:00+05:30,8.09,8.51,7.81,7.95,1326511
2016-12-29 00:00:00+05:30,8.09,9.37,7.45,8.62,2529860
2016-12-30 00:00:00+05:30,8.69,9.51,8.16,8.27,2999993
2017-01-02 00:00:00+05:30,8.37,8.87,8.09,8.3,2178117
2017-01-03 00:00:00+05:30,8.3,8.8,8.02,8.62,2593366
2017-01-04 00:00:00+05:30,8.69,9.05,8.55,8.8,2045316
2017-01-05 00:00:00+05:30,8.98,9.08,8.62,8.65,1941972
2017-01-06 00:00:00+05:30,8.83,9.01,8.48,8.51,1348963
2017-01-09 00:00:00+05:30,8.62,8.73,8.4,8.44,988797
2017-01-10 00:00:00+05:30,8.4,8.73,8.4,8.55,1518096
2017-01-11 00:00:00+05:30,8.62,8.76,8.51,8.51,1120504
2017-01-12 00:00:00+05:30,8.58,8.73,8.06,8.58,1256999
2017-01-13 00:00:00+05:30,8.55,9.37,8.16,8.87,3332192
2017-01-16 00:00:00+05:30,9.12,9.12,8.87,8.9,953395
2017-01-17 00:00:00+05:30,9.05,9.73,8.58,8.69,3394353
2017-01-18 00:00:00+05:30,8.65,9.08,8.55,8.62,1353818
2017-01-19 00:00:00+05:30,8.65,8.76,8.37,8.48,1172644
2017-01-20 00:00:00+05:30,8.55,8.73,8.27,8.3,1726331
2017-01-23 00:00:00+05:30,8.51,8.65,7.95,8.24,1327442
2017-01-24 00:00:00+05:30,8.06,8.87,8.06,8.65,1878274
2017-01-25 00:00:00+05:30,8.73,9.05,8.4,8.55,2614975
2017-01-27 00:00:00+05:30,8.58,9.05,8.44,8.8,2609545
2017-01-30 00:00:00+05:30,8.9,9.05,8.65,8.73,1672997
2017-01-31 00:00:00+05:30,8.65,8.87,8.65,8.65,1088434
2017-02-01 00:00:00+05:30,8.69,9.05,8.58,8.94,1379910
2017-02-02 00:00:00+05:30,9.01,9.08,8.73,8.8,1562830
2017-02-03 00:00:00+05:30,8.87,9.37,8.8,8.87,1455450
2017-02-06 00:00:00+05:30,8.94,9.23,8.9,9.01,1360312
2017-02-07 00:00:00+05:30,9.08,9.12,8.8,8.8,880946
2017-02-08 00:00:00+05:30,8.9,9.82,8.69,9.4,1935196
2017-02-09 00:00:00+05:30,9.58,10.57,9.44,9.51,10731001
2017-02-10 00:00:00+05:30,9.55,9.93,9.44,9.51,5083951
2017-02-13 00:00:00+05:30,9.48,9.86,9.12,9.12,4024886
2017-02-14 00:00:00+05:30,9.23,9.4,9.05,9.08,3561573
2017-02-15 00:00:00+05:30,9.15,9.23,8.98,9.01,3175460
2017-02-16 00:00:00+05:30,9.01,9.15,8.8,9.05,2837208
2017-02-17 00:00:00+05:30,9.12,9.19,8.9,8.9,3132448
2017-02-20 00:00:00+05:30,9.05,9.05,8.65,8.73,3676880
2017-02-21 00:00:00+05:30,8.69,9.79,8.69,9.55,4802507
2017-02-22 00:00:00+05:30,9.55,10.0,9.3,9.86,7036484
2017-02-23 00:00:00+05:30,9.93,10.36,9.51,9.58,1713797
2017-02-27 00:00:00+05:30,9.58,9.89,9.26,9.37,2922474
2017-02-28 00:00:00+05:30,9.48,9.51,9.26,9.3,1879600
2017-03-01 00:00:00+05:30,9.4,9.4,9.15,9.23,1498786
2017-03-02 00:00:00+05:30,9.44,10.25,8.69,8.73,6469086
2017-03-03 00:00:00+05:30,8.76,9.01,8.58,8.69,1989549
2017-03-06 00:00:00+05:30,8.65,9.15,8.44,8.51,2635102
2017-03-07 00:00:00+05:30,8.58,8.69,8.24,8.27,3847393
2017-03-08 00:00:00+05:30,8.33,8.37,7.91,8.13,2901281
2017-03-09 00:00:00+05:30,7.95,8.13,7.91,7.99,1653228
2017-03-10 00:00:00+05:30,7.99,8.48,7.88,8.2,2860360
2017-03-14 00:00:00+05:30,8.48,8.48,8.13,8.33,2167406
2017-03-15 00:00:00+05:30,8.3,8.37,8.09,8.13,2234200
2017-03-16 00:00:00+05:30,8.2,8.2,7.95,8.02,1668860
2017-03-17 00:00:00+05:30,8.02,8.06,7.88,7.91,511076
2017-03-20 00:00:00+05:30,7.91,8.33,7.91,8.06,1415401
2017-03-21 00:00:00+05:30,8.06,8.27,7.99,8.02,786840
2017-03-22 00:00:00+05:30,7.99,8.09,7.91,7.99,564697
2017-03-23 00:00:00+05:30,8.09,8.3,7.95,7.95,615135
2017-03-24 00:00:00+05:30,8.09,8.3,8.02,8.06,919168
2017-03-27 00:00:00+05:30,7.95,8.44,7.91,8.27,443896
2017-03-28 00:00:00+05:30,8.48,8.98,8.09,8.37,997152
2017-03-29 00:00:00+05:30,8.55,8.73,8.09,8.2,682948
2017-03-30 00:00:00+05:30,8.3,8.33,8.02,8.13,304788
2017-03-31 00:00:00+05:30,7.99,8.24,7.81,7.81,4216766
2017-04-03 00:00:00+05:30,8.06,8.37,7.88,7.95,429682
2017-04-05 00:00:00+05:30,7.95,8.09,7.84,7.88,159072
2017-04-06 00:00:00+05:30,7.95,7.99,7.52,7.81,296261
2017-04-07 00:00:00+05:30,7.81,8.06,7.74,7.88,1208371
2017-04-10 00:00:00+05:30,7.95,8.3,7.81,7.88,720213
2017-04-11 00:00:00+05:30,7.88,8.2,7.81,8.06,7509709
2017-04-12 00:00:00+05:30,8.09,8.16,7.91,7.99,2133357
2017-04-13 00:00:00+05:30,8.02,8.37,8.02,8.27,637359
2017-04-17 00:00:00+05:30,8.4,8.4,8.06,8.37,1418532
2017-04-18 00:00:00+05:30,8.3,8.98,8.16,8.69,2510058
2017-04-19 00:00:00+05:30,9.01,9.15,8.37,8.62,1256081
2017-04-20 00:00:00+05:30,8.51,9.08,8.3,8.83,7794329
2017-04-21 00:00:00+05:30,8.98,9.15,8.62,8.9,1879381
2017-04-24 00:00:00+05:30,9.01,9.44,8.55,8.69,3550166
2017-04-25 00:00:00+05:30,8.94,9.3,8.65,9.23,5280910
2017-04-26 00:00:00+05:30,9.23,9.51,8.9,8.98,3543584
2017-04-27 00:00:00+05:30,9.19,9.19,8.73,8.9,936639
2017-04-28 00:00:00+05:30,8.9,8.98,7.13,7.13,3582791
2017-05-02 00:00:00+05:30,6.03,8.13,6.03,7.49,8407369
2017-05-03 00:00:00+05:30,7.7,8.09,7.24,7.24,1358575
2017-05-04 00:00:00+05:30,7.45,7.59,7.27,7.34,1078009
2017-05-05 00:00:00+05:30,7.52,7.52,7.31,7.34,188286
2017-05-08 00:00:00+05:30,7.52,7.52,6.32,7.09,2818556
2017-05-09 00:00:00+05:30,6.91,7.77,6.67,7.45,4103478
2017-05-10 00:00:00+05:30,7.38,7.45,7.06,7.13,704769
2017-05-11 00:00:00+05:30,7.24,7.31,7.13,7.16,86065
2017-05-12 00:00:00+05:30,7.2,7.27,6.03,7.2,1119154
2017-05-15 00:00:00+05:30,7.16,7.34,7.16,7.24,203316
2017-05-16 00:00:00+05:30,7.27,7.27,6.35,6.46,1618213
2017-05-17 00:00:00+05:30,6.39,6.57,5.18,5.18,3323518
2017-05-18 00:00:00+05:30,4.68,5.28,4.68,4.9,1772467
2017-05-19 00:00:00+05:30,4.97,5.26,4.93,5.15,463169
2017-05-22 00:00:00+05:30,5.42,5.42,5.08,5.15,936459
2017-05-23 00:00:00+05:30,5.01,5.26,4.97,5.15,930624
2017-05-24 00:00:00+05:30,5.08,5.11,4.79,5.01,234589
2017-05-25 00:00:00+05:30,4.97,5.01,4.79,4.97,171147
2017-05-26 00:00:00+05:30,5.04,5.04,4.9,4.97,119335
2017-05-29 00:00:00+05:30,5.04,5.04,4.68,4.79,84709
2017-05-30 00:00:00+05:30,4.76,4.93,4.76,4.79,51842
2017-05-31 00:00:00+05:30,4.83,4.83,4.47,4.68,96007
2017-06-01 00:00:00+05:30,4.47,4.68,4.26,4.33,174947
2017-06-02 00:00:00+05:30,4.29,4.47,4.18,4.26,89736
2017-06-05 00:00:00+05:30,4.22,4.4,4.15,4.26,50341
2017-06-06 00:00:00+05:30,4.22,4.33,4.18,4.22,44211
2017-06-07 00:00:00+05:30,4.33,4.33,3.9,4.04,115957
2017-06-08 00:00:00+05:30,4.18,4.26,3.9,4.01,154566
2017-06-09 00:00:00+05:30,4.04,4.08,3.79,3.97,154363
2017-06-12 00:00:00+05:30,3.86,4.08,3.86,3.97,103721
2017-06-13 00:00:00+05:30,4.01,4.76,4.01,4.61,541903
2017-06-14 00:00:00+05:30,4.9,5.26,4.68,4.76,2982490
2017-06-15 00:00:00+05:30,4.83,4.97,4.65,4.68,184920
2017-06-16 00:00:00+05:30,4.65,4.76,4.54,4.72,87328
2017-06-19 00:00:00+05:30,4.72,4.76,4.43,4.65,79063
2017-06-20 00:00:00+05:30,4.65,4.97,4.43,4.61,337650
2017-06-21 00:00:00+05:30,4.65,4.79,4.65,4.68,45883
2017-06-22 00:00:00+05:30,4.76,5.26,4.61,4.97,1131044
2017-06-23 00:00:00+05:30,4.86,5.22,4.86,4.97,974837
2017-06-27 00:00:00+05:30,4.93,4.97,4.72,4.83,152982
2017-06-28 00:00:00+05:30,4.79,5.26,4.72,4.86,287751
2017-06-29 00:00:00+05:30,4.97,5.53,4.83,5.32,1719689
2017-06-30 00:00:00+05:30,5.26,5.82,4.97,5.08,1233214
2017-07-03 00:00:00+05:30,5.28,5.42,4.97,5.18,259568
2017-07-04 00:00:00+05:30,5.39,5.39,4.93,5.18,354289
2017-07-05 00:00:00+05:30,5.15,5.32,5.01,5.28,1109657
2017-07-06 00:00:00+05:30,5.28,5.67,5.22,5.53,1457269
2017-07-07 00:00:00+05:30,5.42,5.89,5.26,5.53,886133
2017-07-10 00:00:00+05:30,5.75,5.89,5.32,5.67,45195
2017-07-11 00:00:00+05:30,5.85,5.92,5.39,5.67,766068
2017-07-12 00:00:00+05:30,5.78,6.17,5.67,5.85,791241
2017-07-13 00:00:00+05:30,5.96,6.0,5.67,5.71,525085
2017-07-14 00:00:00+05:30,5.89,5.89,5.53,5.6,225240
2017-07-17 00:00:00+05:30,5.39,5.85,5.39,5.64,945323
2017-07-18 00:00:00+05:30,5.67,5.67,5.46,5.53,71311
2017-07-19 00:00:00+05:30,5.46,5.85,5.42,5.57,707761
2017-07-20 00:00:00+05:30,5.53,5.67,5.35,5.39,217526
2017-07-21 00:00:00+05:30,5.39,5.53,5.32,5.39,172987
2017-07-24 00:00:00+05:30,5.32,5.46,5.32,5.42,39386
2017-07-25 00:00:00+05:30,5.32,6.17,5.32,6.07,2214896
2017-07-26 00:00:00+05:30,6.14,6.71,6.1,6.28,1954110
2017-07-27 00:00:00+05:30,6.53,6.6,5.96,6.1,847250
2017-07-28 00:00:00+05:30,6.35,6.35,5.92,6.1,379597
2017-07-31 00:00:00+05:30,6.53,6.53,5.57,5.71,2746627
2017-08-01 00:00:00+05:30,5.96,5.96,5.46,5.5,406995
2017-08-02 00:00:00+05:30,5.64,5.64,5.28,5.39,755763
2017-08-03 00:00:00+05:30,5.32,5.78,5.22,5.35,349811
2017-08-04 00:00:00+05:30,5.53,5.82,5.28,5.39,1307329
2017-08-07 00:00:00+05:30,5.39,5.6,5.26,5.46,411609
2017-08-08 00:00:00+05:30,5.46,5.5,5.26,5.28,165432
2017-08-09 00:00:00+05:30,5.22,5.22,4.97,5.01,117170
2017-08-10 00:00:00+05:30,5.22,5.22,4.65,5.04,626620
2017-08-11 00:00:00+05:30,4.83,5.08,4.79,4.97,148969
2017-08-14 00:00:00+05:30,4.93,5.08,4.58,4.72,450245
2017-08-16 00:00:00+05:30,4.9,4.9,4.72,4.79,138039
2017-08-17 00:00:00+05:30,4.9,4.9,4.68,4.79,116171
2017-08-18 00:00:00+05:30,4.86,5.11,4.65,4.83,288745
2017-08-21 00:00:00+05:30,5.18,5.28,4.86,4.93,375766
2017-08-22 00:00:00+05:30,5.04,5.18,4.68,4.72,1455320
2017-08-23 00:00:00+05:30,4.9,4.9,4.68,4.76,182871
2017-08-24 00:00:00+05:30,4.86,4.86,4.68,4.79,158187
2017-08-28 00:00:00+05:30,4.97,4.97,4.72,4.76,70590
2017-08-29 00:00:00+05:30,4.76,4.76,4.65,4.65,130666
2017-08-30 00:00:00+05:30,4.65,4.76,4.61,4.72,75284
2017-08-31 00:00:00+05:30,4.76,4.9,4.65,4.68,57381
2017-09-01 00:00:00+05:30,4.76,4.79,4.68,4.72,86328
2017-09-04 00:00:00+05:30,4.68,5.18,4.68,4.76,355407
2017-09-05 00:00:00+05:30,4.72,4.9,4.72,4.76,103661
2017-09-06 00:00:00+05:30,4.79,4.9,4.65,4.72,268638
2017-09-07 00:00:00+05:30,4.76,4.83,4.72,4.72,696388
2017-09-08 00:00:00+05:30,4.68,4.79,4.68,4.72,225679
2017-09-11 00:00:00+05:30,4.76,4.79,4.58,4.65,398999
2017-09-12 00:00:00+05:30,4.68,4.83,4.58,4.61,175659
2017-09-13 00:00:00+05:30,4.68,4.79,4.58,4.68,175066
2017-09-14 00:00:00+05:30,4.68,4.83,4.58,4.61,153633
2017-09-15 00:00:00+05:30,4.65,4.65,4.47,4.58,38375
2017-09-18 00:00:00+05:30,4.58,4.65,4.47,4.58,854793
2017-09-19 00:00:00+05:30,4.65,4.72,4.58,4.68,378656
2017-09-20 00:00:00+05:30,4.68,4.97,4.58,4.83,551132
2017-09-21 00:00:00+05:30,4.93,5.5,4.76,4.86,837658
2017-09-22 00:00:00+05:30,5.04,5.08,4.68,4.86,400934
2017-09-25 00:00:00+05:30,4.79,4.83,4.58,4.61,321429
2017-09-26 00:00:00+05:30,4.68,4.76,4.47,4.65,323176
2017-09-27 00:00:00+05:30,4.72,4.72,4.54,4.58,254055
2017-09-28 00:00:00+05:30,4.58,4.76,4.51,4.51,245478
2017-09-29 00:00:00+05:30,4.61,4.79,4.61,4.76,410574
2017-10-03 00:00:00+05:30,4.76,4.97,4.68,4.86,1105953
2017-10-04 00:00:00+05:30,4.93,5.26,4.72,5.04,3533052
2017-10-05 00:00:00+05:30,5.11,5.42,5.04,5.18,736019
2017-10-06 00:00:00+05:30,5.04,5.67,4.97,5.35,2683616
2017-10-09 00:00:00+05:30,5.67,5.67,5.08,5.42,1978450
2017-10-10 00:00:00+05:30,5.57,5.92,5.42,5.57,1289837
2017-10-11 00:00:00+05:30,5.5,5.71,5.28,5.42,1232116
2017-10-12 00:00:00+05:30,5.6,5.64,5.46,5.53,496374
2017-10-13 00:00:00+05:30,5.64,5.67,5.53,5.64,1155008
2017-10-16 00:00:00+05:30,5.82,6.21,5.32,5.42,4652875
2017-10-17 00:00:00+05:30,5.67,6.5,5.01,6.1,6203383
2017-10-18 00:00:00+05:30,6.88,7.31,6.88,7.16,3859665
2017-10-19 00:00:00+05:30,7.74,7.88,7.52,7.59,1477466
2017-10-23 00:00:00+05:30,7.59,7.88,7.59,7.66,866549
2017-10-24 00:00:00+05:30,7.59,7.74,6.91,6.91,1479822
2017-10-25 00:00:00+05:30,6.91,6.91,6.25,6.35,692352
2017-10-26 00:00:00+05:30,6.07,6.25,6.07,6.07,56581
2017-10-27 00:00:00+05:30,5.78,5.78,5.78,5.78,37572
2017-10-30 00:00:00+05:30,5.5,6.07,5.5,5.96,746705
2017-10-31 00:00:00+05:30,5.85,5.89,5.67,5.67,345124
2017-11-01 00:00:00+05:30,5.67,5.67,5.42,5.6,304207
2017-11-02 00:00:00+05:30,5.6,5.71,5.42,5.6,296080
2017-11-03 00:00:00+05:30,5.64,5.82,5.35,5.57,136611
2017-11-06 00:00:00+05:30,5.67,5.67,5.42,5.5,98385
2017-11-07 00:00:00+05:30,5.32,5.5,5.26,5.26,127172
2017-11-08 00:00:00+05:30,5.01,5.46,5.01,5.01,255194
2017-11-09 00:00:00+05:30,4.97,5.04,4.79,4.93,416096
2017-11-10 00:00:00+05:30,5.08,5.08,4.72,4.83,288597
2017-11-13 00:00:00+05:30,4.93,4.93,4.76,4.86,18886
2017-11-14 00:00:00+05:30,4.9,4.93,4.68,4.79,190650
2017-11-15 00:00:00+05:30,4.76,4.83,4.61,4.76,12037
2017-11-16 00:00:00+05:30,4.79,4.79,4.54,4.58,106031
2017-11-17 00:00:00+05:30,4.61,4.79,4.54,4.61,59255
2017-11-20 00:00:00+05:30,4.83,4.83,4.54,4.83,49054
2017-11-21 00:00:00+05:30,4.9,5.04,4.79,4.93,136530
2017-11-22 00:00:00+05:30,4.76,5.15,4.76,4.97,122362
2017-11-23 00:00:00+05:30,4.93,5.11,4.76,5.01,28217
2017-11-24 00:00:00+05:30,5.15,5.15,4.79,4.83,67879
2017-11-27 00:00:00+05:30,4.79,4.93,4.79,4.9,52412
2017-11-28 00:00:00+05:30,4.9,4.97,4.79,4.9,303583
2017-11-29 00:00:00+05:30,4.9,4.97,4.83,4.97,306022
2017-11-30 00:00:00+05:30,4.83,4.97,4.79,4.86,217441
2017-12-01 00:00:00+05:30,4.97,5.08,4.9,4.97,246159
2017-12-04 00:00:00+05:30,5.22,5.22,5.01,5.08,376284
2017-12-05 00:00:00+05:30,5.18,5.32,4.86,5.22,347055
2017-12-06 00:00:00+05:30,5.35,5.42,5.15,5.26,601248
2017-12-07 00:00:00+05:30,5.46,5.5,5.22,5.5,416496
2017-12-08 00:00:00+05:30,5.71,5.71,5.5,5.6,473008
2017-12-11 00:00:00+05:30,5.75,5.75,5.5,5.57,306391
2017-12-12 00:00:00+05:30,5.75,5.75,5.42,5.64,449765
2017-12-13 00:00:00+05:30,5.78,5.78,5.53,5.67,361531
2017-12-14 00:00:00+05:30,5.75,5.75,5.5,5.64,397435
2017-12-15 00:00:00+05:30,5.53,5.75,5.5,5.64,551789
2017-12-18 00:00:00+05:30,5.82,5.89,5.5,5.6,416081
2017-12-19 00:00:00+05:30,5.57,5.67,5.42,5.53,563653
2017-12-20 00:00:00+05:30,5.6,5.67,5.42,5.53,480719
2017-12-21 00:00:00+05:30,5.53,5.64,5.53,5.57,276167
2017-12-22 00:00:00+05:30,5.46,5.78,5.46,5.57,430523
2017-12-26 00:00:00+05:30,5.75,5.75,5.46,5.64,335388
2017-12-27 00:00:00+05:30,5.75,5.75,5.5,5.57,343812
2017-12-28 00:00:00+05:30,5.6,5.6,5.46,5.57,312067
2017-12-29 00:00:00+05:30,5.46,5.64,5.39,5.42,457650
2018-01-01 00:00:00+05:30,5.6,5.67,5.42,5.64,330064
2018-01-02 00:00:00+05:30,5.82,5.89,5.67,5.82,434360
2018-01-03 00:00:00+05:30,6.03,6.03,5.82,5.96,425366
2018-01-04 00:00:00+05:30,6.1,6.25,6.0,6.25,132352
2018-01-05 00:00:00+05:30,6.53,6.53,6.32,6.53,311865
2018-01-08 00:00:00+05:30,6.53,6.84,6.53,6.84,304512
2018-01-09 00:00:00+05:30,7.16,7.16,7.02,7.16,246037
2018-01-10 00:00:00+05:30,7.52,7.52,7.52,7.52,166091
2018-01-11 00:00:00+05:30,7.77,7.88,7.7,7.84,1140813
2018-01-12 00:00:00+05:30,8.16,8.24,7.88,7.88,663003
2018-01-15 00:00:00+05:30,7.88,8.16,7.88,8.02,617082
2018-01-16 00:00:00+05:30,8.27,8.27,7.63,8.02,938655
2018-01-17 00:00:00+05:30,7.63,8.3,7.63,7.66,791053
2018-01-18 00:00:00+05:30,7.74,7.88,7.31,7.31,319170
2018-01-19 00:00:00+05:30,6.95,7.31,6.95,6.95,49216
2018-01-22 00:00:00+05:30,6.95,7.06,6.64,6.99,774628
2018-01-23 00:00:00+05:30,6.95,6.95,6.67,6.67,133004
2018-01-24 00:00:00+05:30,6.39,6.67,6.35,6.35,251492
2018-01-25 00:00:00+05:30,6.07,6.64,6.07,6.64,449772
2018-01-29 00:00:00+05:30,6.64,6.84,6.53,6.75,176089
2018-01-30 00:00:00+05:30,6.5,6.88,6.42,6.42,271477
2018-01-31 00:00:00+05:30,6.46,6.6,6.17,6.35,224172
2018-02-01 00:00:00+05:30,6.6,6.6,6.07,6.07,12079
2018-02-02 00:00:00+05:30,6.03,6.25,5.78,6.14,287791
2018-02-05 00:00:00+05:30,6.14,6.32,5.85,6.17,160349
2018-02-06 00:00:00+05:30,6.42,6.42,5.89,5.89,155127
2018-02-07 00:00:00+05:30,6.1,6.17,5.96,6.1,196304
2018-02-08 00:00:00+05:30,6.1,6.28,5.89,6.1,155515
2018-02-09 00:00:00+05:30,5.82,6.1,5.82,5.82,211840
2018-02-12 00:00:00+05:30,5.82,6.03,5.53,5.53,217561
2018-02-14 00:00:00+05:30,5.64,5.64,5.28,5.28,148290
2018-02-15 00:00:00+05:30,5.28,5.53,5.08,5.5,118056
2018-02-16 00:00:00+05:30,5.75,5.75,5.26,5.71,234921
2018-02-19 00:00:00+05:30,5.85,5.85,5.6,5.6,6616
2018-02-20 00:00:00+05:30,5.6,5.64,5.42,5.42,129544
2018-02-21 00:00:00+05:30,5.42,5.67,5.22,5.64,174392
2018-02-22 00:00:00+05:30,5.64,5.71,5.5,5.5,130234
2018-02-23 00:00:00+05:30,5.67,5.67,5.32,5.53,160435
2018-02-26 00:00:00+05:30,5.53,5.6,5.28,5.5,166825
2018-02-27 00:00:00+05:30,5.32,5.64,5.32,5.39,139475
2018-02-28 00:00:00+05:30,5.6,5.6,5.18,5.53,198853
2018-03-01 00:00:00+05:30,5.6,5.6,5.28,5.39,118533
2018-03-05 00:00:00+05:30,5.39,5.39,5.15,5.18,197035
2018-03-06 00:00:00+05:30,5.11,5.32,4.93,5.15,469915
2018-03-07 00:00:00+05:30,4.97,5.32,4.97,5.08,188988
2018-03-08 00:00:00+05:30,5.04,5.15,4.93,5.08,171616
2018-03-09 00:00:00+05:30,5.28,5.28,4.97,5.11,168241
2018-03-12 00:00:00+05:30,5.28,5.28,4.97,5.11,71686
2018-03-13 00:00:00+05:30,5.28,5.28,4.97,5.01,113194
2018-03-14 00:00:00+05:30,5.04,5.22,4.97,5.01,15972
2018-03-15 00:00:00+05:30,5.18,5.18,4.83,5.04,79637
2018-03-16 00:00:00+05:30,4.83,5.08,4.83,4.86,63504
2018-03-19 00:00:00+05:30,5.08,5.08,4.9,4.97,80018
2018-03-20 00:00:00+05:30,4.76,5.18,4.76,4.9,116778
2018-03-21 00:00:00+05:30,4.86,4.97,4.72,4.76,19560
2018-03-22 00:00:00+05:30,4.76,4.97,4.58,4.65,57678
2018-03-23 00:00:00+05:30,4.65,4.76,4.43,4.47,186072
2018-03-26 00:00:00+05:30,4.43,4.58,4.29,4.36,265431
2018-03-27 00:00:00+05:30,4.29,4.54,4.26,4.51,19309
2018-03-28 00:00:00+05:30,4.33,4.61,4.33,4.51,212105
2018-04-02 00:00:00+05:30,4.29,4.72,4.29,4.68,88272
2018-04-03 00:00:00+05:30,4.51,4.9,4.51,4.72,127971
2018-04-04 00:00:00+05:30,4.58,4.86,4.58,4.61,8549
2018-04-05 00:00:00+05:30,4.79,4.79,4.58,4.61,107010
2018-04-06 00:00:00+05:30,4.61,4.83,4.54,4.76,32217
2018-04-09 00:00:00+05:30,4.58,4.83,4.58,4.79,148979
2018-04-10 00:00:00+05:30,4.93,4.97,4.86,4.86,22575
2018-04-11 00:00:00+05:30,4.97,5.04,4.86,5.04,82670
2018-04-12 00:00:00+05:30,5.18,5.28,4.97,5.26,75321
2018-04-13 00:00:00+05:30,5.35,5.5,5.22,5.32,39739
2018-04-16 00:00:00+05:30,5.15,5.57,5.15,5.53,161546
2018-04-17 00:00:00+05:30,5.57,5.78,5.57,5.78,271881
2018-04-18 00:00:00+05:30,5.75,5.78,5.5,5.53,73818
2018-04-19 00:00:00+05:30,5.53,5.67,5.32,5.5,31826
2018-04-20 00:00:00+05:30,5.35,5.57,5.32,5.32,13239
2018-04-23 00:00:00+05:30,5.32,5.42,5.08,5.32,166565
2018-04-24 00:00:00+05:30,5.32,5.42,5.18,5.32,601547
2018-04-25 00:00:00+05:30,5.32,5.32,5.26,5.32,12369
2018-04-26 00:00:00+05:30,5.28,5.32,5.28,5.28,17861
2018-04-27 00:00:00+05:30,5.32,5.42,5.04,5.32,444269
2018-04-30 00:00:00+05:30,5.32,5.35,5.18,5.28,78442
2018-05-02 00:00:00+05:30,5.46,5.46,5.15,5.15,54883
2018-05-03 00:00:00+05:30,5.22,5.22,4.97,5.04,11576
2018-05-04 00:00:00+05:30,4.97,5.28,4.9,5.11,11266
2018-05-07 00:00:00+05:30,5.22,5.22,5.01,5.01,60739
2018-05-08 00:00:00+05:30,5.04,5.26,5.04,5.26,15613
2018-05-09 00:00:00+05:30,5.42,5.42,5.18,5.26,12487
2018-05-10 00:00:00+05:30,5.32,5.42,5.22,5.28,65202
2018-05-11 00:00:00+05:30,5.22,5.32,5.11,5.22,9547
2018-05-14 00:00:00+05:30,5.32,5.46,5.26,5.28,1475437
2018-05-15 00:00:00+05:30,5.32,5.39,5.15,5.28,96751
2018-05-16 00:00:00+05:30,5.42,5.42,5.18,5.26,127119
2018-05-17 00:00:00+05:30,5.26,5.46,5.18,5.35,170553
2018-05-18 00:00:00+05:30,5.35,5.42,5.18,5.26,339892
2018-05-21 00:00:00+05:30,5.26,5.46,5.01,5.35,99207
2018-05-22 00:00:00+05:30,5.22,5.32,5.22,5.26,132510
2018-05-23 00:00:00+05:30,5.32,5.32,5.08,5.26,173094
2018-05-24 00:00:00+05:30,5.28,5.32,5.08,5.08,92878
2018-05-25 00:00:00+05:30,5.26,5.26,5.01,5.04,32272
2018-05-28 00:00:00+05:30,5.26,5.26,5.01,5.04,1030390
2018-05-29 00:00:00+05:30,4.97,5.28,4.97,5.04,294073
2018-05-30 00:00:00+05:30,5.08,5.11,4.97,4.97,95703
2018-05-31 00:00:00+05:30,4.97,5.18,4.93,4.97,163920
2018-06-01 00:00:00+05:30,5.04,5.04,4.79,4.97,186373
2018-06-04 00:00:00+05:30,4.86,4.97,4.83,4.93,161413
2018-06-05 00:00:00+05:30,4.9,4.9,4.76,4.86,166950
2018-06-06 00:00:00+05:30,4.72,4.83,4.65,4.65,153516
2018-06-07 00:00:00+05:30,4.68,4.86,4.43,4.61,30056
2018-06-08 00:00:00+05:30,4.47,4.72,4.47,4.61,80794
2018-06-11 00:00:00+05:30,4.61,4.86,4.61,4.61,120502
2018-06-12 00:00:00+05:30,4.47,4.86,4.47,4.65,235063
2018-06-13 00:00:00+05:30,4.51,4.83,4.51,4.65,26796
2018-06-14 00:00:00+05:30,4.79,4.79,4.47,4.61,80342
2018-06-15 00:00:00+05:30,4.79,5.08,4.47,4.83,105207
2018-06-18 00:00:00+05:30,4.65,5.28,4.65,5.28,87443
2018-06-19 00:00:00+05:30,5.64,5.64,5.18,5.32,234460
2018-06-20 00:00:00+05:30,5.35,5.46,5.28,5.32,61100
2018-06-21 00:00:00+05:30,5.35,5.78,5.35,5.75,298653
2018-06-22 00:00:00+05:30,5.75,6.21,5.46,5.64,396267
2018-06-25 00:00:00+05:30,6.14,6.14,5.46,5.78,69179
2018-06-26 00:00:00+05:30,5.78,5.96,5.5,5.85,67865
2018-06-27 00:00:00+05:30,5.78,5.85,5.5,5.53,31184
2018-06-28 00:00:00+05:30,5.6,5.82,5.57,5.6,72588
2018-06-29 00:00:00+05:30,5.6,5.82,5.46,5.57,53220
2018-07-02 00:00:00+05:30,5.75,5.75,5.18,5.39,99531
2018-07-03 00:00:00+05:30,5.35,5.67,5.15,5.53,216198
2018-07-04 00:00:00+05:30,5.64,5.75,5.15,5.15,191137
2018-07-05 00:00:00+05:30,5.18,5.42,4.97,5.39,132469
2018-07-06 00:00:00+05:30,5.26,5.39,4.86,4.93,264923
2018-07-09 00:00:00+05:30,5.04,5.04,4.83,4.93,87611
2018-07-10 00:00:00+05:30,4.93,4.93,4.68,4.72,59360
2018-07-11 00:00:00+05:30,4.9,4.93,4.51,4.54,127758
2018-07-12 00:00:00+05:30,4.65,4.83,4.22,4.29,217172
2018-07-13 00:00:00+05:30,4.26,4.36,4.08,4.15,458913
2018-07-16 00:00:00+05:30,4.01,4.33,4.01,4.29,37033
2018-07-17 00:00:00+05:30,4.47,4.51,4.22,4.36,95520
2018-07-18 00:00:00+05:30,4.4,4.58,4.4,4.47,73334
2018-07-19 00:00:00+05:30,4.47,4.68,4.4,4.58,66223
2018-07-20 00:00:00+05:30,4.47,4.79,4.43,4.72,54213
2018-07-23 00:00:00+05:30,4.65,4.93,4.65,4.93,70304
2018-07-24 00:00:00+05:30,5.01,5.15,4.76,5.04,198979
2018-07-25 00:00:00+05:30,5.15,5.28,5.01,5.04,37813
2018-07-26 00:00:00+05:30,5.04,5.26,5.04,5.15,53058
2018-07-27 00:00:00+05:30,5.18,5.32,5.01,5.22,50900
2018-07-30 00:00:00+05:30,5.18,5.46,5.15,5.42,71428
2018-07-31 00:00:00+05:30,5.35,5.67,5.35,5.64,268288
2018-08-01 00:00:00+05:30,5.85,5.89,5.53,5.82,242875
2018-08-02 00:00:00+05:30,5.57,6.03,5.53,5.6,338424
2018-08-03 00:00:00+05:30,5.53,5.6,5.35,5.35,37731
2018-08-06 00:00:00+05:30,5.53,5.6,5.11,5.6,98357
2018-08-07 00:00:00+05:30,5.6,5.82,5.39,5.57,59506
2018-08-08 00:00:00+05:30,5.75,5.75,5.42,5.71,70243
2018-08-09 00:00:00+05:30,5.67,6.0,5.6,5.92,90614
2018-08-10 00:00:00+05:30,6.21,6.21,5.82,6.1,130292
2018-08-13 00:00:00+05:30,5.82,6.28,5.82,6.03,75276
2018-08-14 00:00:00+05:30,5.78,6.03,5.78,5.92,93834
2018-08-16 00:00:00+05:30,5.71,6.0,5.64,5.64,469776
2018-08-17 00:00:00+05:30,5.39,5.64,5.39,5.39,18622
2018-08-20 00:00:00+05:30,5.26,5.64,5.15,5.57,190798
2018-08-21 00:00:00+05:30,5.64,5.82,5.6,5.67,74528
2018-08-23 00:00:00+05:30,5.67,5.96,5.57,5.96,213429
2018-08-24 00:00:00+05:30,6.17,6.25,5.82,6.25,81050
2018-08-27 00:00:00+05:30,6.0,6.53,6.0,6.5,169045
2018-08-28 00:00:00+05:30,6.6,6.81,6.39,6.81,559972
2018-08-29 00:00:00+05:30,6.64,7.13,6.64,7.09,112179
2018-08-30 00:00:00+05:30,6.84,7.38,6.75,7.16,244251
2018-08-31 00:00:00+05:30,7.41,7.41,6.81,6.81,477302
2018-09-03 00:00:00+05:30,6.5,7.06,6.5,6.5,18323
2018-09-04 00:00:00+05:30,6.17,6.81,6.17,6.81,162420
2018-09-05 00:00:00+05:30,6.75,7.13,6.53,7.02,734242
2018-09-06 00:00:00+05:30,6.88,7.09,6.81,7.06,498166
2018-09-07 00:00:00+05:30,7.09,7.38,6.81,7.31,198066
2018-09-10 00:00:00+05:30,7.27,7.66,7.02,7.24,339969
2018-09-11 00:00:00+05:30,7.52,7.52,6.91,7.2,926047
2018-09-12 00:00:00+05:30,7.45,7.45,6.95,7.06,421822
2018-09-14 00:00:00+05:30,6.78,7.06,6.78,6.91,106777
2018-09-17 00:00:00+05:30,7.2,7.24,6.6,7.24,913933
2018-09-18 00:00:00+05:30,6.99,7.2,6.88,6.91,88376
2018-09-19 00:00:00+05:30,7.02,7.09,6.67,6.99,184867
2018-09-21 00:00:00+05:30,6.75,7.16,6.67,7.02,207161
2018-09-24 00:00:00+05:30,7.02,7.02,6.71,6.84,122259
2018-09-25 00:00:00+05:30,6.6,7.16,6.6,7.06,461360
2018-09-26 00:00:00+05:30,7.16,7.16,6.75,6.78,250274
2018-09-27 00:00:00+05:30,6.46,6.88,6.46,6.46,26577
2018-09-28 00:00:00+05:30,6.14,6.14,6.14,6.14,8496
2018-10-01 00:00:00+05:30,5.85,5.85,5.85,5.85,18935
2018-10-03 00:00:00+05:30,5.67,6.07,5.57,5.82,217254
2018-10-04 00:00:00+05:30,5.53,5.96,5.53,5.71,16910
2018-10-05 00:00:00+05:30,5.57,5.92,5.42,5.46,64991
2018-10-08 00:00:00+05:30,5.46,5.71,5.28,5.67,85695
2018-10-09 00:00:00+05:30,5.46,5.92,5.46,5.67,38726
2018-10-10 00:00:00+05:30,5.5,5.92,5.5,5.82,164026
2018-10-11 00:00:00+05:30,5.78,5.92,5.53,5.75,39100
2018-10-12 00:00:00+05:30,5.89,6.03,5.57,6.0,97886
2018-10-15 00:00:00+05:30,6.21,6.28,5.82,6.25,49057
2018-10-16 00:00:00+05:30,6.0,6.53,6.0,6.42,1278622
2018-10-17 00:00:00+05:30,6.28,6.53,6.1,6.21,411308
2018-10-19 00:00:00+05:30,5.92,6.25,5.92,5.96,36112
2018-10-22 00:00:00+05:30,5.96,6.07,5.67,5.71,256725
2018-10-23 00:00:00+05:30,5.6,5.85,5.42,5.46,1240432
2018-10-24 00:00:00+05:30,5.57,5.71,5.35,5.67,239597
2018-10-25 00:00:00+05:30,5.57,5.85,5.42,5.53,208155
2018-10-26 00:00:00+05:30,5.46,5.78,5.46,5.71,107398
2018-10-29 00:00:00+05:30,5.53,6.0,5.53,5.96,39555
2018-10-30 00:00:00+05:30,6.07,6.25,5.89,6.25,170816
2018-10-31 00:00:00+05:30,6.03,6.53,6.03,6.53,279137
2018-11-01 00:00:00+05:30,6.81,6.81,6.28,6.46,441992
2018-11-02 00:00:00+05:30,6.78,6.78,6.21,6.28,76417
2018-11-05 00:00:00+05:30,6.35,6.35,6.0,6.07,354253
2018-11-06 00:00:00+05:30,6.07,6.07,5.78,5.78,151103
2018-11-07 00:00:00+05:30,5.82,5.89,5.53,5.6,83502
2018-11-09 00:00:00+05:30,5.35,5.78,5.35,5.53,27998
2018-11-12 00:00:00+05:30,5.71,5.71,5.39,5.5,13658
2018-11-13 00:00:00+05:30,5.64,5.64,5.26,5.26,109048
2018-11-14 00:00:00+05:30,5.26,5.26,5.01,5.11,110780
2018-11-15 00:00:00+05:30,5.04,5.18,5.01,5.15,18385
2018-11-16 00:00:00+05:30,5.01,5.22,5.01,5.15,8643
2018-11-19 00:00:00+05:30,5.28,5.39,5.08,5.18,22593
2018-11-20 00:00:00+05:30,5.04,5.28,5.04,5.15,7766
2018-11-21 00:00:00+05:30,5.15,5.39,4.97,5.35,596649
2018-11-22 00:00:00+05:30,5.15,5.5,5.15,5.28,62742
2018-11-26 00:00:00+05:30,5.39,5.39,5.11,5.15,89904
2018-11-27 00:00:00+05:30,5.11,5.32,5.11,5.11,2525
2018-11-28 00:00:00+05:30,5.35,5.35,5.15,5.35,20479
2018-11-29 00:00:00+05:30,5.28,5.5,5.11,5.18,72183
2018-11-30 00:00:00+05:30,5.01,5.18,5.01,5.11,1350
2018-12-03 00:00:00+05:30,5.04,5.32,4.97,5.26,13164
2018-12-04 00:00:00+05:30,5.46,5.46,5.04,5.04,23193
2018-12-05 00:00:00+05:30,5.18,5.18,4.97,4.97,6735
2018-12-06 00:00:00+05:30,5.01,5.22,4.97,5.01,152464
2018-12-07 00:00:00+05:30,5.26,5.26,4.83,4.9,16447
2018-12-10 00:00:00+05:30,4.97,4.97,4.54,4.76,4659
2018-12-11 00:00:00+05:30,4.9,5.15,4.47,5.01,19659
2018-12-12 00:00:00+05:30,5.01,5.26,4.83,4.93,22706
2018-12-13 00:00:00+05:30,4.97,5.04,4.68,4.86,14212
2018-12-14 00:00:00+05:30,4.86,4.97,4.83,4.97,70079
2018-12-17 00:00:00+05:30,4.97,5.26,4.72,5.18,27372
2018-12-18 00:00:00+05:30,5.18,5.28,4.97,5.08,21617
2018-12-19 00:00:00+05:30,4.97,5.11,4.86,4.93,91103
2018-12-20 00:00:00+05:30,4.72,4.97,4.72,4.83,42392
2018-12-21 00:00:00+05:30,4.93,4.93,4.68,4.9,29450
2018-12-24 00:00:00+05:30,4.9,5.11,4.83,4.83,13429
2018-12-26 00:00:00+05:30,4.83,5.01,4.83,4.83,17662
2018-12-27 00:00:00+05:30,5.04,5.04,4.61,4.68,27174
2018-12-28 00:00:00+05:30,4.68,4.79,4.43,4.65,5008
2018-12-31 00:00:00+05:30,5.04,5.04,4.43,4.79,86512
2019-01-01 00:00:00+05:30,4.72,4.93,4.72,4.76,115040
2019-01-02 00:00:00+05:30,4.9,4.9,4.72,4.72,49752
2019-01-03 00:00:00+05:30,4.83,4.86,4.54,4.68,5356
2019-01-04 00:00:00+05:30,4.58,4.83,4.54,4.65,22069
2019-01-07 00:00:00+05:30,4.86,4.86,4.61,4.61,15790
2019-01-08 00:00:00+05:30,4.4,5.01,4.4,4.83,23496
2019-01-09 00:00:00+05:30,4.86,4.93,4.65,4.68,19294
2019-01-10 00:00:00+05:30,4.72,4.79,4.68,4.68,19074
2019-01-11 00:00:00+05:30,4.68,4.76,4.54,4.61,26257
2019-01-14 00:00:00+05:30,4.61,4.93,4.54,4.79,3751
2019-01-15 00:00:00+05:30,4.68,4.97,4.61,4.68,3818
2019-01-16 00:00:00+05:30,4.86,4.86,4.47,4.61,59752
2019-01-17 00:00:00+05:30,4.65,4.79,4.43,4.47,106785
2019-01-18 00:00:00+05:30,4.47,4.58,4.33,4.4,133461
2019-01-21 00:00:00+05:30,4.04,4.51,4.04,4.26,26022
2019-01-22 00:00:00+05:30,4.26,4.51,4.18,4.36,162305
2019-01-23 00:00:00+05:30,4.36,4.43,4.26,4.33,151064
2019-01-24 00:00:00+05:30,4.43,4.43,4.11,4.33,31613
2019-01-25 00:00:00+05:30,4.04,4.26,3.93,4.04,166816
2019-01-28 00:00:00+05:30,4.08,4.15,3.69,3.73,95958
2019-01-29 00:00:00+05:30,3.76,3.83,3.44,3.48,118697
2019-01-30 00:00:00+05:30,3.69,3.79,3.34,3.79,154002
2019-01-31 00:00:00+05:30,3.79,4.04,3.59,3.66,71079
2019-02-01 00:00:00+05:30,3.79,3.79,3.55,3.59,44188
2019-02-04 00:00:00+05:30,3.59,3.73,3.27,3.34,50750
2019-02-05 00:00:00+05:30,3.37,3.48,3.27,3.44,72016
2019-02-06 00:00:00+05:30,3.34,3.59,3.34,3.44,135159
2019-02-07 00:00:00+05:30,3.44,3.59,3.44,3.59,20666
2019-02-08 00:00:00+05:30,3.59,3.76,3.52,3.73,290796
2019-02-11 00:00:00+05:30,3.59,3.9,3.59,3.86,68856
2019-02-12 00:00:00+05:30,3.79,4.04,3.69,3.69,365937
2019-02-13 00:00:00+05:30,3.59,3.83,3.59,3.69,131563
2019-02-14 00:00:00+05:30,3.62,3.76,3.62,3.66,248782
2019-02-15 00:00:00+05:30,3.73,3.83,3.55,3.69,85501
2019-02-18 00:00:00+05:30,3.59,3.86,3.59,3.76,179879
2019-02-19 00:00:00+05:30,3.93,3.93,3.69,3.86,139806
2019-02-20 00:00:00+05:30,3.86,4.04,3.79,4.04,109269
2019-02-21 00:00:00+05:30,3.93,4.22,3.93,4.18,59668
2019-02-22 00:00:00+05:30,4.33,4.33,4.08,4.22,80109
2019-02-25 00:00:00+05:30,4.26,4.4,4.22,4.26,89884
2019-02-26 00:00:00+05:30,4.26,4.26,4.04,4.04,86808
2019-02-27 00:00:00+05:30,4.01,4.22,3.86,4.18,271409
2019-02-28 00:00:00+05:30,4.08,4.18,4.04,4.11,129169
2019-03-01 00:00:00+05:30,4.01,4.26,4.01,4.15,43086
2019-03-05 00:00:00+05:30,4.18,4.26,3.97,3.97,122256
2019-03-06 00:00:00+05:30,3.97,3.97,3.83,3.83,74124
2019-03-07 00:00:00+05:30,4.01,4.01,3.83,3.97,194472
2019-03-08 00:00:00+05:30,3.93,4.11,3.93,3.97,267332
2019-03-11 00:00:00+05:30,3.97,4.01,3.83,3.83,105145
2019-03-12 00:00:00+05:30,3.73,4.01,3.73,3.86,294961
2019-03-13 00:00:00+05:30,3.76,3.93,3.76,3.79,337341
2019-03-14 00:00:00+05:30,3.69,3.9,3.66,3.66,44273
2019-03-15 00:00:00+05:30,3.66,3.76,3.55,3.66,126389
2019-03-18 00:00:00+05:30,3.79,3.79,3.48,3.52,187654
2019-03-19 00:00:00+05:30,3.52,3.66,3.41,3.66,259402
2019-03-20 00:00:00+05:30,3.62,3.79,3.48,3.52,370876
2019-03-22 00:00:00+05:30,3.48,3.62,3.44,3.59,88619
2019-03-25 00:00:00+05:30,3.59,3.59,3.41,3.52,182941
2019-03-26 00:00:00+05:30,3.59,3.66,3.37,3.59,256625
2019-03-27 00:00:00+05:30,3.76,3.76,3.41,3.48,296059
2019-03-28 00:00:00+05:30,3.41,3.52,3.34,3.37,87741
2019-03-29 00:00:00+05:30,3.44,3.52,3.23,3.44,826461
2019-04-01 00:00:00+05:30,3.41,3.59,3.41,3.55,26962
2019-04-02 00:00:00+05:30,3.41,3.69,3.41,3.52,39954
2019-04-03 00:00:00+05:30,3.48,3.62,3.48,3.62,85996
2019-04-04 00:00:00+05:30,3.48,3.66,3.44,3.48,26469
2019-04-05 00:00:00+05:30,3.37,3.69,3.37,3.59,15666
2019-04-08 00:00:00+05:30,3.55,3.66,3.41,3.41,200620
2019-04-09 00:00:00+05:30,3.41,3.62,3.34,3.44,6695
2019-04-10 00:00:00+05:30,3.44,3.52,3.27,3.34,137425
2019-04-11 00:00:00+05:30,3.09,3.44,3.09,3.34,51945
2019-04-12 00:00:00+05:30,3.16,3.34,3.16,3.27,43113
2019-04-15 00:00:00+05:30,3.41,3.44,3.02,3.3,23795
2019-04-16 00:00:00+05:30,3.3,3.37,3.16,3.19,29828
2019-04-18 00:00:00+05:30,3.19,3.3,3.02,3.19,20007
2019-04-22 00:00:00+05:30,3.23,3.37,3.12,3.12,8397
2019-04-23 00:00:00+05:30,3.05,3.41,2.98,3.3,40268
2019-04-24 00:00:00+05:30,3.41,3.41,3.12,3.16,18368
2019-04-25 00:00:00+05:30,2.98,3.19,2.87,2.94,62892
2019-04-26 00:00:00+05:30,2.94,3.09,2.84,3.02,60495
2019-04-30 00:00:00+05:30,2.98,3.12,2.91,2.98,82898
2019-05-02 00:00:00+05:30,2.84,3.02,2.84,2.94,16687
2019-05-03 00:00:00+05:30,2.94,2.94,2.91,2.91,3722
2019-05-06 00:00:00+05:30,2.77,3.09,2.77,2.98,3677
2019-05-07 00:00:00+05:30,3.09,3.09,2.91,3.05,18291
2019-05-08 00:00:00+05:30,2.87,3.09,2.87,2.98,7753
2019-05-09 00:00:00+05:30,2.98,3.09,2.98,3.02,36195
2019-05-10 00:00:00+05:30,3.09,3.12,2.98,3.09,4126
2019-05-13 00:00:00+05:30,3.09,3.19,2.94,3.09,15085
2019-05-14 00:00:00+05:30,2.87,3.02,2.8,2.8,26960
2019-05-15 00:00:00+05:30,2.69,2.98,2.62,2.98,17304
2019-05-16 00:00:00+05:30,2.77,3.02,2.77,2.94,10194
2019-05-17 00:00:00+05:30,2.77,3.23,2.77,3.05,62420
2019-05-20 00:00:00+05:30,3.02,3.05,2.84,2.91,31028
2019-05-21 00:00:00+05:30,2.94,3.16,2.66,2.77,41822
2019-05-22 00:00:00+05:30,2.69,2.87,2.69,2.84,32277
2019-05-23 00:00:00+05:30,2.84,3.02,2.66,2.73,52142
2019-05-24 00:00:00+05:30,2.94,2.94,2.59,2.69,16980
2019-05-27 00:00:00+05:30,2.87,2.87,2.77,2.8,13291
2019-05-28 00:00:00+05:30,2.84,2.91,2.73,2.8,38446
2019-05-29 00:00:00+05:30,2.8,2.84,2.69,2.77,19084
2019-05-30 00:00:00+05:30,2.73,2.84,2.66,2.84,38309
2019-05-31 00:00:00+05:30,2.84,3.05,2.73,2.77,16767
2019-06-03 00:00:00+05:30,2.73,2.8,2.66,2.66,12411
2019-06-04 00:00:00+05:30,2.66,2.73,2.62,2.66,34974
2019-06-06 00:00:00+05:30,2.62,2.69,2.62,2.66,6031
2019-06-07 00:00:00+05:30,2.69,2.8,2.66,2.69,5030
2019-06-10 00:00:00+05:30,2.69,2.69,2.55,2.55,18475
2019-06-11 00:00:00+05:30,2.41,3.05,2.06,2.94,263423
2019-06-12 00:00:00+05:30,3.05,3.05,2.59,2.73,69293
2019-06-13 00:00:00+05:30,2.73,2.73,2.55,2.62,5269
2019-06-14 00:00:00+05:30,2.48,2.98,2.41,2.69,11202
2019-06-17 00:00:00+05:30,2.98,2.98,2.48,2.52,7365
2019-06-18 00:00:00+05:30,2.48,2.94,2.2,2.69,88537
2019-06-19 00:00:00+05:30,2.77,2.94,2.48,2.73,16166
2019-06-20 00:00:00+05:30,2.73,2.91,2.59,2.8,9085
2019-06-21 00:00:00+05:30,2.91,2.91,2.62,2.62,18619
2019-06-24 00:00:00+05:30,2.73,2.73,2.48,2.52,24986
2019-06-25 00:00:00+05:30,2.41,2.69,2.37,2.44,2548
2019-06-26 00:00:00+05:30,2.44,2.91,2.44,2.91,273514
2019-06-27 00:00:00+05:30,2.98,3.23,2.37,2.91,619376
2019-06-28 00:00:00+05:30,2.84,2.91,2.69,2.77,51631
2019-07-01 00:00:00+05:30,2.98,2.98,2.55,2.73,19890
2019-07-02 00:00:00+05:30,2.91,2.91,2.73,2.77,5808
2019-07-03 00:00:00+05:30,3.12,3.12,2.66,2.84,7161
2019-07-04 00:00:00+05:30,2.8,2.94,2.55,2.73,14070
2019-07-05 00:00:00+05:30,2.87,2.87,2.73,2.77,7457
2019-07-08 00:00:00+05:30,2.69,2.84,2.55,2.73,10979
2019-07-09 00:00:00+05:30,2.77,2.87,2.55,2.77,24940
2019-07-10 00:00:00+05:30,2.91,2.91,2.62,2.77,8518
2019-07-11 00:00:00+05:30,2.73,2.91,2.62,2.8,23479
2019-07-12 00:00:00+05:30,2.8,2.91,2.62,2.84,12531
2019-07-15 00:00:00+05:30,2.84,2.91,2.69,2.84,6630
2019-07-16 00:00:00+05:30,2.91,2.91,2.37,2.84,66872
2019-07-17 00:00:00+05:30,2.73,2.98,2.73,2.8,3922
2019-07-18 00:00:00+05:30,2.77,2.87,2.52,2.66,27430
2019-07-19 00:00:00+05:30,2.59,2.66,2.52,2.66,2471
2019-07-22 00:00:00+05:30,2.66,2.77,2.52,2.55,2150
2019-07-23 00:00:00+05:30,2.59,2.77,2.48,2.59,8284
2019-07-24 00:00:00+05:30,2.55,2.66,2.55,2.59,4272
2019-07-25 00:00:00+05:30,2.41,2.66,2.41,2.62,3535
2019-07-26 00:00:00+05:30,2.55,2.62,2.48,2.59,26399
2019-07-29 00:00:00+05:30,2.55,2.8,2.41,2.55,39568
2019-07-30 00:00:00+05:30,2.55,2.55,2.13,2.2,17328
2019-07-31 00:00:00+05:30,2.2,2.62,2.13,2.59,8535
2019-08-01 00:00:00+05:30,2.41,2.69,2.24,2.55,7191
2019-08-02 00:00:00+05:30,2.34,2.62,2.17,2.48,33104
2019-08-05 00:00:00+05:30,2.44,2.48,2.24,2.27,14154
2019-08-06 00:00:00+05:30,2.27,2.62,2.24,2.44,13418
2019-08-07 00:00:00+05:30,2.37,2.41,2.06,2.13,82919
2019-08-08 00:00:00+05:30,2.27,2.55,2.1,2.55,94239
2019-08-09 00:00:00+05:30,2.98,2.98,2.24,2.27,66330
2019-08-13 00:00:00+05:30,2.27,2.48,2.17,2.27,27573
2019-08-14 00:00:00+05:30,2.27,2.37,2.27,2.34,14916
2019-08-16 00:00:00+05:30,2.41,2.59,2.3,2.52,73712
2019-08-19 00:00:00+05:30,2.77,2.77,2.44,2.44,1495
2019-08-20 00:00:00+05:30,2.41,2.52,2.2,2.34,4244
2019-08-21 00:00:00+05:30,2.34,2.34,2.13,2.13,38523
2019-08-22 00:00:00+05:30,2.13,2.27,1.95,2.13,47690
2019-08-23 00:00:00+05:30,2.1,2.27,2.06,2.27,3920
2019-08-26 00:00:00+05:30,2.44,2.44,2.2,2.27,32726
2019-08-27 00:00:00+05:30,2.34,2.34,2.13,2.13,19763
2019-08-28 00:00:00+05:30,2.2,2.2,2.03,2.13,10356
2019-08-29 00:00:00+05:30,2.13,2.13,2.06,2.1,12186
2019-08-30 00:00:00+05:30,2.06,2.13,1.99,2.1,12108
2019-09-03 00:00:00+05:30,2.06,2.24,1.99,2.03,1555
2019-09-04 00:00:00+05:30,1.88,2.1,1.85,1.95,24693
2019-09-05 00:00:00+05:30,2.06,2.34,1.81,2.13,27325
2019-09-06 00:00:00+05:30,2.2,2.2,1.99,2.13,2295
2019-09-09 00:00:00+05:30,2.24,2.24,2.03,2.13,4568
2019-09-11 00:00:00+05:30,2.2,2.2,2.06,2.1,11010
2019-09-12 00:00:00+05:30,2.34,2.34,2.13,2.2,21322
2019-09-13 00:00:00+05:30,2.2,2.24,2.2,2.24,2415
2019-09-16 00:00:00+05:30,2.27,2.27,2.2,2.27,5467
2019-09-17 00:00:00+05:30,2.27,2.27,2.13,2.17,10220
2019-09-18 00:00:00+05:30,2.13,2.17,2.03,2.13,3085
2019-09-19 00:00:00+05:30,2.13,2.17,2.06,2.1,1847
2019-09-20 00:00:00+05:30,2.1,2.2,2.06,2.17,2639
2019-09-23 00:00:00+05:30,2.13,2.3,2.13,2.2,5366
2019-09-24 00:00:00+05:30,2.13,2.3,2.13,2.17,8227
2019-09-25 00:00:00+05:30,2.13,2.13,2.03,2.1,12391
2019-09-26 00:00:00+05:30,2.17,2.17,2.03,2.06,6029
2019-09-27 00:00:00+05:30,2.06,2.13,1.95,2.1,9599
2019-09-30 00:00:00+05:30,2.13,2.13,1.7,1.74,162244
2019-10-01 00:00:00+05:30,1.74,1.92,1.42,1.42,252123
2019-10-03 00:00:00+05:30,1.53,1.56,1.31,1.53,149238
2019-10-04 00:00:00+05:30,1.56,1.63,1.42,1.53,22629
2019-10-07 00:00:00+05:30,1.53,1.67,1.45,1.6,27487
2019-10-09 00:00:00+05:30,1.74,1.74,1.49,1.63,51045
2019-10-10 00:00:00+05:30,1.56,1.63,1.49,1.49,20038
2019-10-11 00:00:00+05:30,1.45,1.56,1.35,1.42,182803
2019-10-14 00:00:00+05:30,1.56,1.56,1.42,1.53,23912
2019-10-15 00:00:00+05:30,1.53,1.63,1.42,1.42,18816
2019-10-16 00:00:00+05:30,1.56,1.56,1.38,1.45,26551
2019-10-17 00:00:00+05:30,1.45,1.49,1.35,1.42,34516
2019-10-18 00:00:00+05:30,1.49,1.49,1.38,1.42,8432
2019-10-22 00:00:00+05:30,1.49,1.49,1.38,1.45,8975
2019-10-23 00:00:00+05:30,1.35,1.45,1.31,1.31,73640
2019-10-24 00:00:00+05:30,1.24,1.38,1.2,1.2,167592
2019-10-25 00:00:00+05:30,1.2,1.24,1.17,1.24,22633
2019-10-27 00:00:00+05:30,1.28,1.28,1.24,1.24,6378
2019-10-29 00:00:00+05:30,1.24,1.28,1.2,1.28,19017
2019-10-30 00:00:00+05:30,1.24,1.31,1.24,1.28,20808
2019-10-31 00:00:00+05:30,1.28,1.31,1.24,1.28,25412
2019-11-01 00:00:00+05:30,1.28,1.31,1.24,1.31,27534
2019-11-04 00:00:00+05:30,1.31,1.35,1.28,1.28,36363
2019-11-05 00:00:00+05:30,1.28,1.28,1.28,1.28,4206
2019-11-06 00:00:00+05:30,1.28,1.31,1.24,1.28,10205
2019-11-07 00:00:00+05:30,1.31,1.31,1.28,1.31,2852
2019-11-08 00:00:00+05:30,1.31,1.35,1.28,1.35,51972
2019-11-11 00:00:00+05:30,1.38,1.38,1.35,1.38,12849
2019-11-13 00:00:00+05:30,1.38,1.42,1.35,1.38,28780
2019-11-14 00:00:00+05:30,1.38,1.42,1.35,1.38,12170
2019-11-15 00:00:00+05:30,1.38,1.38,1.35,1.35,20860
2019-11-18 00:00:00+05:30,1.31,1.38,1.31,1.31,6846
2019-11-19 00:00:00+05:30,1.31,1.35,1.28,1.28,29351
2019-11-20 00:00:00+05:30,1.28,1.31,1.28,1.31,3165
2019-11-21 00:00:00+05:30,1.31,1.31,1.28,1.28,16487
2019-11-22 00:00:00+05:30,1.28,1.31,1.24,1.31,9887
2019-11-25 00:00:00+05:30,1.31,1.35,1.31,1.35,16629
2019-11-26 00:00:00+05:30,1.38,1.38,1.31,1.38,9931
2019-11-27 00:00:00+05:30,1.38,1.42,1.35,1.42,6196
2019-11-28 00:00:00+05:30,1.42,1.49,1.38,1.42,20107
2019-11-29 00:00:00+05:30,1.42,1.45,1.35,1.38,37990
2019-12-02 00:00:00+05:30,1.35,1.42,1.35,1.42,14387
2019-12-03 00:00:00+05:30,1.35,1.49,1.35,1.35,60618
2019-12-04 00:00:00+05:30,1.35,1.38,1.31,1.31,52887
2019-12-05 00:00:00+05:30,1.31,1.35,1.28,1.28,68309
2019-12-06 00:00:00+05:30,1.31,1.38,1.17,1.24,69182
2019-12-09 00:00:00+05:30,1.31,1.31,1.2,1.31,21157
2019-12-10 00:00:00+05:30,1.28,1.35,1.24,1.35,14081
2019-12-11 00:00:00+05:30,1.35,1.38,1.24,1.28,16438
2019-12-12 00:00:00+05:30,1.28,1.31,1.2,1.31,11615
2019-12-13 00:00:00+05:30,1.28,1.35,1.2,1.31,14247
2019-12-16 00:00:00+05:30,1.2,1.35,1.2,1.24,13538
2019-12-17 00:00:00+05:30,1.24,1.31,1.24,1.31,18590
2019-12-18 00:00:00+05:30,1.31,1.31,1.2,1.28,97208
2019-12-19 00:00:00+05:30,1.28,1.38,1.28,1.28,96943
2019-12-20 00:00:00+05:30,1.28,1.35,1.28,1.35,5559
2019-12-23 00:00:00+05:30,1.35,1.38,1.28,1.31,8934
2019-12-24 00:00:00+05:30,1.28,1.42,1.24,1.38,37015
2019-12-26 00:00:00+05:30,1.38,1.49,1.31,1.42,91978
2019-12-27 00:00:00+05:30,1.53,1.53,1.28,1.42,16981
2019-12-30 00:00:00+05:30,1.38,1.42,1.31,1.38,10611
2019-12-31 00:00:00+05:30,1.38,1.49,1.38,1.38,13155
2020-01-01 00:00:00+05:30,1.28,1.49,1.28,1.38,5466
2020-01-02 00:00:00+05:30,1.42,1.49,1.35,1.49,65438
2020-01-03 00:00:00+05:30,1.49,1.63,1.49,1.63,46972
2020-01-06 00:00:00+05:30,1.7,1.78,1.53,1.6,49488
2020-01-07 00:00:00+05:30,1.6,1.6,1.53,1.56,12073
2020-01-08 00:00:00+05:30,1.45,1.6,1.42,1.45,50569
2020-01-09 00:00:00+05:30,1.49,1.6,1.45,1.6,74038
2020-01-10 00:00:00+05:30,1.74,1.74,1.56,1.63,39325
2020-01-13 00:00:00+05:30,1.67,1.74,1.63,1.7,18877
2020-01-14 00:00:00+05:30,1.7,1.78,1.7,1.78,40715
2020-01-15 00:00:00+05:30,1.78,1.85,1.74,1.81,18887
2020-01-16 00:00:00+05:30,1.85,1.88,1.78,1.81,32679
2020-01-17 00:00:00+05:30,1.85,1.88,1.74,1.74,41346
2020-01-20 00:00:00+05:30,1.7,1.81,1.7,1.74,20020
2020-01-21 00:00:00+05:30,1.74,1.78,1.67,1.67,27634
2020-01-22 00:00:00+05:30,1.63,1.7,1.63,1.67,6068
2020-01-23 00:00:00+05:30,1.74,1.74,1.67,1.67,3335
2020-01-24 00:00:00+05:30,1.74,1.74,1.63,1.74,27166
2020-01-27 00:00:00+05:30,1.74,1.74,1.67,1.67,16632
2020-01-28 00:00:00+05:30,1.6,1.7,1.6,1.67,8996
2020-01-29 00:00:00+05:30,1.63,1.74,1.63,1.74,7753
2020-01-30 00:00:00+05:30,1.7,1.78,1.67,1.67,19735
2020-01-31 00:00:00+05:30,1.67,1.67,1.6,1.63,12468
2020-02-01 00:00:00+05:30,1.7,1.7,1.6,1.63,4480
2020-02-03 00:00:00+05:30,1.6,1.6,1.56,1.56,5129
2020-02-04 00:00:00+05:30,1.63,1.63,1.49,1.56,16753
2020-02-05 00:00:00+05:30,1.56,1.63,1.49,1.56,11378
2020-02-06 00:00:00+05:30,1.56,1.6,1.49,1.49,8549
2020-02-07 00:00:00+05:30,1.53,1.56,1.49,1.49,4371
2020-02-10 00:00:00+05:30,1.53,1.56,1.45,1.45,16939
2020-02-11 00:00:00+05:30,1.45,1.53,1.38,1.42,11261
2020-02-12 00:00:00+05:30,1.49,1.49,1.42,1.42,8268
2020-02-13 00:00:00+05:30,1.49,1.49,1.38,1.45,11193
2020-02-14 00:00:00+05:30,1.38,1.53,1.38,1.38,33276
2020-02-17 00:00:00+05:30,1.35,1.42,1.35,1.42,19467
2020-02-18 00:00:00+05:30,1.42,1.42,1.35,1.35,5824
2020-02-19 00:00:00+05:30,1.38,1.38,1.31,1.35,2063
2020-02-20 00:00:00+05:30,1.35,1.38,1.31,1.35,11656
2020-02-24 00:00:00+05:30,1.35,1.38,1.35,1.38,25850
2020-02-25 00:00:00+05:30,1.38,1.38,1.35,1.35,6582
2020-02-26 00:00:00+05:30,1.31,1.38,1.31,1.31,7333
2020-02-27 00:00:00+05:30,1.31,1.35,1.31,1.35,19215
2020-02-28 00:00:00+05:30,1.38,1.38,1.31,1.31,3070
2020-03-02 00:00:00+05:30,1.35,1.35,1.28,1.31,5248
2020-03-03 00:00:00+05:30,1.28,1.31,1.28,1.31,1016
2020-03-04 00:00:00+05:30,1.31,1.31,1.28,1.28,347
2020-03-05 00:00:00+05:30,1.28,1.28,1.24,1.24,1355
2020-03-06 00:00:00+05:30,1.24,1.28,1.2,1.2,17156
2020-03-09 00:00:00+05:30,1.17,1.2,1.17,1.17,1429
2020-03-11 00:00:00+05:30,1.17,1.2,1.13,1.2,4912
2020-03-12 00:00:00+05:30,1.2,1.2,1.17,1.17,1894
2020-03-13 00:00:00+05:30,1.17,1.17,1.13,1.13,8999
2020-03-16 00:00:00+05:30,1.17,1.17,1.1,1.1,7905
2020-03-17 00:00:00+05:30,1.06,1.06,1.06,1.06,3620
2020-03-18 00:00:00+05:30,1.06,1.06,1.03,1.03,8881
2020-03-19 00:00:00+05:30,1.03,1.03,0.99,0.99,1555
2020-03-20 00:00:00+05:30,0.99,1.03,0.95,0.95,13157
2020-03-23 00:00:00+05:30,0.95,0.95,0.92,0.92,3328
2020-03-24 00:00:00+05:30,0.88,0.92,0.88,0.88,5776
2020-03-25 00:00:00+05:30,0.85,0.85,0.85,0.85,102261
2020-03-26 00:00:00+05:30,0.81,0.85,0.81,0.85,37565
2020-03-27 00:00:00+05:30,0.81,0.88,0.81,0.88,68697
2020-03-30 00:00:00+05:30,0.88,0.92,0.85,0.92,3497
2020-03-31 00:00:00+05:30,0.92,0.92,0.88,0.88,1541
2020-04-01 00:00:00+05:30,0.85,0.88,0.85,0.85,25444
2020-04-03 00:00:00+05:30,0.85,0.88,0.81,0.81,33395
2020-04-07 00:00:00+05:30,0.85,0.85,0.78,0.81,23851
2020-04-08 00:00:00+05:30,0.78,0.85,0.78,0.85,45277
2020-04-09 00:00:00+05:30,0.85,0.88,0.85,0.88,1859
2020-04-13 00:00:00+05:30,0.85,0.92,0.85,0.88,28716
2020-04-15 00:00:00+05:30,0.88,0.92,0.85,0.88,37233
2020-04-16 00:00:00+05:30,0.88,0.92,0.85,0.88,30384
2020-04-17 00:00:00+05:30,0.92,0.92,0.85,0.85,42082
2020-04-20 00:00:00+05:30,0.88,0.88,0.81,0.88,67361
2020-04-21 00:00:00+05:30,0.88,0.92,0.85,0.92,23073
2020-04-22 00:00:00+05:30,0.95,0.95,0.95,0.95,7535
2020-04-23 00:00:00+05:30,0.95,0.99,0.95,0.99,12177
2020-04-24 00:00:00+05:30,0.99,0.99,0.95,0.95,8723
2020-04-27 00:00:00+05:30,0.95,0.99,0.92,0.99,6172
2020-04-28 00:00:00+05:30,1.03,1.03,0.95,0.99,5707
2020-04-29 00:00:00+05:30,1.03,1.03,0.95,0.95,32409
2020-04-30 00:00:00+05:30,0.99,0.99,0.95,0.99,59957
2020-05-04 00:00:00+05:30,0.99,0.99,0.95,0.99,56538
2020-05-05 00:00:00+05:30,0.99,1.03,0.95,1.03,26088
2020-05-06 00:00:00+05:30,1.06,1.06,0.99,1.03,22913
2020-05-07 00:00:00+05:30,0.99,1.06,0.99,0.99,31681
2020-05-08 00:00:00+05:30,0.95,1.03,0.95,0.99,52332
2020-05-11 00:00:00+05:30,0.95,1.03,0.95,0.99,36342
2020-05-12 00:00:00+05:30,0.95,0.95,0.95,0.95,7239
2020-05-13 00:00:00+05:30,0.92,0.99,0.92,0.99,30549
2020-05-14 00:00:00+05:30,0.99,1.03,0.95,1.03,48159
2020-05-15 00:00:00+05:30,1.06,1.06,0.99,1.03,25088
2020-05-18 00:00:00+05:30,1.06,1.06,0.99,1.03,26960
2020-05-19 00:00:00+05:30,0.99,1.03,0.99,1.03,9270
2020-05-20 00:00:00+05:30,1.03,1.06,0.99,1.03,50978
2020-05-21 00:00:00+05:30,1.06,1.06,1.06,1.06,10283
2020-05-22 00:00:00+05:30,1.1,1.1,1.1,1.1,14922
2020-05-26 00:00:00+05:30,1.13,1.13,1.13,1.13,8306
2020-05-27 00:00:00+05:30,1.17,1.17,1.17,1.17,6298
2020-05-28 00:00:00+05:30,1.2,1.2,1.2,1.2,8023
2020-05-29 00:00:00+05:30,1.24,1.24,1.24,1.24,18068
2020-06-01 00:00:00+05:30,1.24,1.28,1.24,1.24,26304
2020-06-02 00:00:00+05:30,1.24,1.28,1.24,1.28,3744
2020-06-03 00:00:00+05:30,1.28,1.31,1.28,1.31,5558
2020-06-04 00:00:00+05:30,1.35,1.35,1.35,1.35,5794
2020-06-05 00:00:00+05:30,1.38,1.38,1.38,1.38,2113
2020-06-08 00:00:00+05:30,1.42,1.42,1.42,1.42,42110
2020-06-09 00:00:00+05:30,1.49,1.49,1.49,1.49,38244
2020-06-10 00:00:00+05:30,1.56,1.56,1.56,1.56,22065
2020-06-11 00:00:00+05:30,1.63,1.63,1.63,1.63,13591
2020-06-12 00:00:00+05:30,1.7,1.7,1.56,1.7,123902
2020-06-15 00:00:00+05:30,1.74,1.78,1.63,1.74,95941
2020-06-16 00:00:00+05:30,1.81,1.81,1.78,1.81,18921
2020-06-17 00:00:00+05:30,1.81,1.88,1.81,1.88,40408
2020-06-18 00:00:00+05:30,1.95,1.95,1.95,1.95,35778
2020-06-19 00:00:00+05:30,2.03,2.03,2.03,2.03,35538
2020-06-22 00:00:00+05:30,2.1,2.1,2.1,2.1,31878
2020-06-23 00:00:00+05:30,2.17,2.17,2.17,2.17,34086
2020-06-24 00:00:00+05:30,2.27,2.27,2.27,2.27,52004
2020-06-25 00:00:00+05:30,2.27,2.37,2.27,2.37,38564
2020-06-26 00:00:00+05:30,2.48,2.48,2.48,2.48,29417
2020-06-29 00:00:00+05:30,2.59,2.59,2.48,2.59,144214
2020-06-30 00:00:00+05:30,2.69,2.69,2.69,2.69,62782
2020-07-01 00:00:00+05:30,2.8,2.8,2.69,2.8,76712
2020-07-02 00:00:00+05:30,2.87,2.91,2.69,2.8,132932
2020-07-03 00:00:00+05:30,2.91,2.91,2.69,2.69,94153
2020-07-06 00:00:00+05:30,2.69,2.69,2.59,2.59,46729
2020-07-07 00:00:00+05:30,2.48,2.48,2.48,2.48,29150
2020-07-08 00:00:00+05:30,2.37,2.37,2.37,2.37,24705
2020-07-09 00:00:00+05:30,2.27,2.27,2.27,2.27,40280
2020-07-10 00:00:00+05:30,2.17,2.17,2.17,2.17,53779
2020-07-13 00:00:00+05:30,2.06,2.06,2.06,2.06,31801
2020-07-14 00:00:00+05:30,1.99,1.99,1.99,1.99,30553
2020-07-15 00:00:00+05:30,1.99,1.99,1.92,1.92,45468
2020-07-16 00:00:00+05:30,1.85,1.85,1.85,1.85,33871
2020-07-17 00:00:00+05:30,1.85,1.92,1.81,1.85,29784
2020-07-20 00:00:00+05:30,1.85,1.92,1.78,1.78,34785
2020-07-21 00:00:00+05:30,1.85,1.85,1.81,1.85,35675
2020-07-22 00:00:00+05:30,1.85,1.92,1.78,1.92,21294
2020-07-23 00:00:00+05:30,1.92,1.99,1.85,1.88,47915
2020-07-24 00:00:00+05:30,1.95,1.95,1.88,1.95,24613
2020-07-27 00:00:00+05:30,1.95,2.03,1.88,2.03,21737
2020-07-28 00:00:00+05:30,2.03,2.1,1.95,2.03,35756
2020-07-29 00:00:00+05:30,1.95,2.1,1.95,2.03,22199
2020-07-30 00:00:00+05:30,2.03,2.06,2.03,2.03,33343
2020-07-31 00:00:00+05:30,2.03,2.1,1.99,2.06,28224
2020-08-03 00:00:00+05:30,2.1,2.13,1.99,2.06,30838
2020-08-04 00:00:00+05:30,2.06,2.1,1.99,1.99,11601
2020-08-05 00:00:00+05:30,1.99,2.06,1.95,2.06,21816
2020-08-06 00:00:00+05:30,2.06,2.06,1.99,1.99,16102
2020-08-07 00:00:00+05:30,1.99,2.03,1.95,2.03,14310
2020-08-10 00:00:00+05:30,2.03,2.06,1.95,2.03,22221
2020-08-11 00:00:00+05:30,2.03,2.1,1.95,2.06,22929
2020-08-12 00:00:00+05:30,1.99,2.13,1.99,2.1,43060
2020-08-13 00:00:00+05:30,2.03,2.13,2.03,2.06,19408
2020-08-14 00:00:00+05:30,1.99,2.13,1.99,2.06,54910
2020-08-17 00:00:00+05:30,2.13,2.13,1.99,2.1,34711
2020-08-18 00:00:00+05:30,2.1,2.1,2.03,2.03,37207
2020-08-19 00:00:00+05:30,2.03,2.1,1.95,2.06,29880
2020-08-20 00:00:00+05:30,2.06,2.1,1.99,2.03,33595
2020-08-21 00:00:00+05:30,2.03,2.06,1.99,2.03,23829
2020-08-24 00:00:00+05:30,1.99,2.03,1.95,2.03,7790
2020-08-25 00:00:00+05:30,2.06,2.06,1.95,1.99,51190
2020-08-26 00:00:00+05:30,2.06,2.06,1.92,1.92,57233
2020-08-27 00:00:00+05:30,1.92,1.99,1.85,1.85,20547
2020-08-28 00:00:00+05:30,1.92,1.92,1.85,1.92,28706
2020-08-31 00:00:00+05:30,1.92,1.99,1.88,1.99,117430
2020-09-01 00:00:00+05:30,1.99,2.03,1.92,2.03,40599
2020-09-02 00:00:00+05:30,2.1,2.1,1.95,1.95,11912
2020-09-03 00:00:00+05:30,2.03,2.03,1.88,1.88,156497
2020-09-04 00:00:00+05:30,1.95,1.95,1.81,1.95,107919
2020-09-07 00:00:00+05:30,1.95,2.03,1.88,1.88,11435
2020-09-08 00:00:00+05:30,1.88,1.92,1.85,1.88,12318
2020-09-09 00:00:00+05:30,1.85,1.95,1.85,1.95,67902
2020-09-10 00:00:00+05:30,2.03,2.03,2.03,2.03,38685
2020-09-11 00:00:00+05:30,2.03,2.1,2.03,2.1,57305
2020-09-14 00:00:00+05:30,2.17,2.17,2.17,2.17,16564
2020-09-15 00:00:00+05:30,2.2,2.27,2.2,2.27,18447
2020-09-16 00:00:00+05:30,2.27,2.37,2.27,2.37,12632
2020-09-17 00:00:00+05:30,2.48,2.48,2.48,2.48,6663
2020-09-18 00:00:00+05:30,2.59,2.59,2.59,2.59,17689
2020-09-21 00:00:00+05:30,2.69,2.69,2.48,2.55,141170
2020-09-22 00:00:00+05:30,2.66,2.66,2.44,2.44,33714
2020-09-23 00:00:00+05:30,2.34,2.34,2.34,2.34,20410
2020-09-24 00:00:00+05:30,2.34,2.34,2.24,2.24,153
2020-09-25 00:00:00+05:30,2.13,2.13,2.13,2.13,1256
2020-09-28 00:00:00+05:30,2.13,2.24,2.03,2.2,18463
2020-09-29 00:00:00+05:30,2.2,2.2,2.13,2.13,1905
2020-09-30 00:00:00+05:30,2.03,2.2,2.03,2.13,8546
2020-10-01 00:00:00+05:30,2.13,2.2,2.03,2.2,15557
2020-10-05 00:00:00+05:30,2.2,2.2,2.13,2.13,4505
2020-10-06 00:00:00+05:30,2.13,2.13,2.03,2.03,5438
2020-10-07 00:00:00+05:30,2.1,2.1,1.95,2.06,20750
2020-10-08 00:00:00+05:30,2.13,2.13,1.99,2.03,8961
2020-10-09 00:00:00+05:30,1.95,2.06,1.95,2.03,11633
2020-10-12 00:00:00+05:30,2.03,2.03,1.95,2.03,13049
2020-10-13 00:00:00+05:30,2.03,2.03,1.95,2.03,263
2020-10-14 00:00:00+05:30,2.1,2.1,1.95,2.03,4373
2020-10-15 00:00:00+05:30,1.95,2.03,1.95,1.95,3852
2020-10-16 00:00:00+05:30,1.95,1.95,1.95,1.95,427
2020-10-19 00:00:00+05:30,1.95,2.03,1.88,1.88,901
2020-10-20 00:00:00+05:30,1.88,1.95,1.81,1.95,7523
2020-10-21 00:00:00+05:30,2.03,2.03,1.88,1.92,3024
2020-10-22 00:00:00+05:30,1.85,1.99,1.85,1.92,2796
2020-10-23 00:00:00+05:30,1.99,1.99,1.85,1.88,13585
2020-10-26 00:00:00+05:30,1.95,1.95,1.81,1.92,3490
2020-10-27 00:00:00+05:30,1.92,1.99,1.92,1.99,17218
2020-10-28 00:00:00+05:30,2.06,2.06,2.06,2.06,26170
2020-10-29 00:00:00+05:30,2.13,2.13,2.13,2.13,32046
2020-10-30 00:00:00+05:30,2.13,2.24,2.13,2.24,29694
2020-11-02 00:00:00+05:30,2.3,2.34,2.24,2.34,15790
2020-11-03 00:00:00+05:30,2.44,2.44,2.44,2.44,31636
2020-11-04 00:00:00+05:30,2.55,2.55,2.44,2.55,94846
2020-11-05 00:00:00+05:30,2.62,2.62,2.44,2.52,53892
2020-11-06 00:00:00+05:30,2.48,2.48,2.41,2.41,7105
2020-11-09 00:00:00+05:30,2.41,2.41,2.3,2.3,9383
2020-11-10 00:00:00+05:30,2.34,2.34,2.2,2.2,37159
2020-11-11 00:00:00+05:30,2.3,2.3,2.1,2.1,14032
2020-11-12 00:00:00+05:30,2.03,2.17,2.03,2.1,42941
2020-11-13 00:00:00+05:30,2.06,2.17,2.06,2.17,17323
2020-11-14 00:00:00+05:30,2.2,2.24,2.2,2.2,1872
2020-11-17 00:00:00+05:30,2.13,2.2,2.1,2.13,28071
2020-11-18 00:00:00+05:30,2.17,2.24,2.03,2.1,50564
2020-11-19 00:00:00+05:30,2.1,2.17,2.06,2.1,7827
2020-11-20 00:00:00+05:30,2.1,2.17,2.03,2.06,25388
2020-11-23 00:00:00+05:30,2.1,2.13,2.1,2.13,33619
2020-11-24 00:00:00+05:30,2.2,2.24,2.03,2.24,77505
2020-11-25 00:00:00+05:30,2.3,2.34,2.2,2.34,334095
2020-11-26 00:00:00+05:30,2.41,2.44,2.37,2.44,130481
2020-11-27 00:00:00+05:30,2.52,2.55,2.34,2.34,58906
2020-12-01 00:00:00+05:30,2.34,2.34,2.24,2.24,47792
2020-12-02 00:00:00+05:30,2.13,2.34,2.13,2.2,44678
2020-12-03 00:00:00+05:30,2.24,2.24,2.13,2.17,25408
2020-12-04 00:00:00+05:30,2.27,2.27,2.17,2.27,45460
2020-12-07 00:00:00+05:30,2.37,2.37,2.24,2.34,112190
2020-12-08 00:00:00+05:30,2.34,2.44,2.24,2.27,81988
2020-12-09 00:00:00+05:30,2.3,2.37,2.2,2.34,158439
2020-12-10 00:00:00+05:30,2.34,2.34,2.24,2.24,86846
2020-12-11 00:00:00+05:30,2.13,2.3,2.13,2.2,58645
2020-12-14 00:00:00+05:30,2.2,2.3,2.2,2.27,60668
2020-12-15 00:00:00+05:30,2.3,2.3,2.2,2.24,45412
2020-12-16 00:00:00+05:30,2.27,2.3,2.17,2.27,40331
2020-12-17 00:00:00+05:30,2.34,2.34,2.2,2.24,25479
2020-12-18 00:00:00+05:30,2.27,2.27,2.17,2.24,46440
2020-12-21 00:00:00+05:30,2.13,2.27,2.13,2.13,84535
2020-12-22 00:00:00+05:30,2.06,2.24,2.03,2.24,25652
2020-12-23 00:00:00+05:30,2.24,2.27,2.13,2.2,46992
2020-12-24 00:00:00+05:30,2.24,2.3,2.17,2.27,90419
2020-12-28 00:00:00+05:30,2.2,2.27,2.2,2.24,22114
2020-12-29 00:00:00+05:30,2.27,2.3,2.17,2.27,39506
2020-12-30 00:00:00+05:30,2.3,2.3,2.2,2.27,26727
2020-12-31 00:00:00+05:30,2.27,2.34,2.17,2.3,103576
2021-01-01 00:00:00+05:30,2.37,2.37,2.2,2.24,82836
2021-01-04 00:00:00+05:30,2.27,2.34,2.24,2.27,62758
2021-01-05 00:00:00+05:30,2.3,2.37,2.24,2.37,158762
2021-01-06 00:00:00+05:30,2.37,2.48,2.27,2.41,145789
2021-01-07 00:00:00+05:30,2.41,2.48,2.34,2.48,62564
2021-01-08 00:00:00+05:30,2.55,2.55,2.37,2.37,73827
2021-01-11 00:00:00+05:30,2.44,2.44,2.27,2.34,47820
2021-01-12 00:00:00+05:30,2.34,2.41,2.27,2.3,41634
2021-01-13 00:00:00+05:30,2.41,2.41,2.24,2.24,82167
2021-01-14 00:00:00+05:30,2.3,2.3,2.2,2.27,22070
2021-01-15 00:00:00+05:30,2.34,2.34,2.2,2.24,22676
2021-01-18 00:00:00+05:30,2.3,2.3,2.17,2.24,69572
2021-01-19 00:00:00+05:30,2.24,2.27,2.2,2.24,32305
2021-01-20 00:00:00+05:30,2.34,2.34,2.2,2.24,21614
2021-01-21 00:00:00+05:30,2.2,2.27,2.17,2.17,57166
2021-01-22 00:00:00+05:30,2.27,2.27,2.06,2.1,95901
2021-01-25 00:00:00+05:30,2.17,2.17,2.06,2.06,88848
2021-01-27 00:00:00+05:30,2.13,2.13,2.03,2.06,55414
2021-01-28 00:00:00+05:30,2.1,2.1,2.03,2.06,17788
2021-01-29 00:00:00+05:30,2.06,2.13,2.06,2.1,9099
2021-02-01 00:00:00+05:30,2.1,2.17,2.06,2.13,16589
2021-02-02 00:00:00+05:30,2.24,2.24,2.03,2.03,140490
2021-02-03 00:00:00+05:30,2.06,2.06,1.95,1.95,118846
2021-02-04 00:00:00+05:30,2.03,2.03,1.88,2.03,72915
2021-02-05 00:00:00+05:30,2.1,2.1,1.95,2.03,72831
2021-02-08 00:00:00+05:30,1.99,2.03,1.95,1.95,35077
2021-02-09 00:00:00+05:30,1.92,1.99,1.92,1.92,28326
2021-02-10 00:00:00+05:30,1.95,1.99,1.92,1.99,36578
2021-02-11 00:00:00+05:30,2.06,2.06,1.95,2.06,59017
2021-02-12 00:00:00+05:30,2.1,2.1,1.99,2.03,45083
2021-02-15 00:00:00+05:30,2.06,2.06,1.95,1.95,53927
2021-02-16 00:00:00+05:30,2.03,2.03,1.88,1.92,104771
2021-02-17 00:00:00+05:30,1.99,1.99,1.85,1.92,164382
2021-02-18 00:00:00+05:30,1.99,1.99,1.85,1.92,95508
2021-02-19 00:00:00+05:30,1.99,1.99,1.85,1.85,187513
2021-02-22 00:00:00+05:30,1.78,1.88,1.78,1.78,110597
2021-02-23 00:00:00+05:30,1.81,1.85,1.74,1.85,40803
2021-02-24 00:00:00+05:30,1.92,1.92,1.78,1.81,146252
2021-02-25 00:00:00+05:30,1.85,1.88,1.74,1.78,319771
2021-02-26 00:00:00+05:30,1.78,1.85,1.7,1.7,322887
2021-03-01 00:00:00+05:30,1.74,1.78,1.67,1.74,142716
2021-03-02 00:00:00+05:30,1.78,1.81,1.67,1.74,78763
2021-03-03 00:00:00+05:30,1.78,1.78,1.7,1.74,49551
2021-03-04 00:00:00+05:30,1.78,1.81,1.67,1.74,54636
2021-03-05 00:00:00+05:30,1.78,1.78,1.7,1.74,96790
2021-03-08 00:00:00+05:30,1.78,1.78,1.67,1.67,167542
2021-03-09 00:00:00+05:30,1.63,1.74,1.6,1.7,158287
2021-03-10 00:00:00+05:30,1.78,1.78,1.63,1.67,90295
2021-03-12 00:00:00+05:30,1.67,1.67,1.6,1.63,177674
2021-03-15 00:00:00+05:30,1.67,1.67,1.56,1.56,84892
2021-03-16 00:00:00+05:30,1.6,1.63,1.49,1.63,156604
2021-03-17 00:00:00+05:30,1.67,1.67,1.6,1.6,42026
2021-03-18 00:00:00+05:30,1.67,1.67,1.56,1.6,50316
2021-03-19 00:00:00+05:30,1.56,1.63,1.53,1.53,424218
2021-03-22 00:00:00+05:30,1.53,1.6,1.45,1.45,277829
2021-03-23 00:00:00+05:30,1.45,1.49,1.38,1.42,341734
2021-03-24 00:00:00+05:30,1.35,1.45,1.35,1.45,18883
2021-03-25 00:00:00+05:30,1.49,1.49,1.38,1.42,332327
2021-03-26 00:00:00+05:30,1.45,1.45,1.35,1.45,52200
2021-03-30 00:00:00+05:30,1.45,1.49,1.38,1.42,135061
2021-03-31 00:00:00+05:30,1.42,1.42,1.35,1.35,49099
2021-04-01 00:00:00+05:30,1.38,1.38,1.35,1.38,83612
2021-04-05 00:00:00+05:30,1.38,1.42,1.35,1.38,44710
2021-04-06 00:00:00+05:30,1.42,1.42,1.35,1.42,32747
2021-04-07 00:00:00+05:30,1.45,1.45,1.38,1.38,65779
2021-04-08 00:00:00+05:30,1.49,1.49,1.35,1.49,177229
2021-04-09 00:00:00+05:30,1.49,1.63,1.45,1.6,109358
2021-04-12 00:00:00+05:30,1.63,1.74,1.49,1.56,436863
2021-04-13 00:00:00+05:30,1.56,1.7,1.53,1.6,467683
2021-04-15 00:00:00+05:30,1.7,1.74,1.6,1.63,80430
2021-04-16 00:00:00+05:30,1.74,1.74,1.56,1.7,126333
2021-04-19 00:00:00+05:30,1.74,1.74,1.6,1.63,172516
2021-04-20 00:00:00+05:30,1.7,1.7,1.63,1.67,85014
2021-04-22 00:00:00+05:30,1.7,1.7,1.63,1.63,49995
2021-04-23 00:00:00+05:30,1.7,1.7,1.6,1.63,80873
2021-04-26 00:00:00+05:30,1.74,1.74,1.6,1.63,46683
2021-04-27 00:00:00+05:30,1.63,1.67,1.6,1.63,43131
2021-04-28 00:00:00+05:30,1.63,1.74,1.6,1.6,345380
2021-04-29 00:00:00+05:30,1.67,1.67,1.49,1.6,160902
2021-04-30 00:00:00+05:30,1.6,1.63,1.49,1.53,135932
2021-05-03 00:00:00+05:30,1.6,1.6,1.53,1.6,110605
2021-05-04 00:00:00+05:30,1.6,1.6,1.53,1.6,37318
2021-05-05 00:00:00+05:30,1.56,1.6,1.53,1.56,38769
2021-05-06 00:00:00+05:30,1.6,1.63,1.56,1.6,90831
2021-05-07 00:00:00+05:30,1.63,1.63,1.56,1.63,96063
2021-05-10 00:00:00+05:30,1.67,1.78,1.63,1.78,302803
2021-05-11 00:00:00+05:30,1.78,1.95,1.78,1.95,235842
2021-05-12 00:00:00+05:30,2.13,2.13,2.13,2.13,172124
2021-05-14 00:00:00+05:30,2.24,2.24,2.24,2.24,298911
2021-05-17 00:00:00+05:30,2.34,2.34,2.34,2.34,28614
2021-05-18 00:00:00+05:30,2.44,2.44,2.44,2.44,97562
2021-05-19 00:00:00+05:30,2.55,2.55,2.34,2.34,749873
2021-05-20 00:00:00+05:30,2.24,2.3,2.24,2.24,151719
2021-05-21 00:00:00+05:30,2.24,2.24,2.13,2.13,64850
2021-05-24 00:00:00+05:30,2.13,2.17,2.03,2.03,132020
2021-05-25 00:00:00+05:30,2.03,2.06,1.95,1.95,118279
2021-05-26 00:00:00+05:30,1.95,1.95,1.88,1.88,345399
2021-05-27 00:00:00+05:30,1.88,1.88,1.81,1.81,210464
2021-05-28 00:00:00+05:30,1.74,1.88,1.74,1.74,596217
2021-05-31 00:00:00+05:30,1.67,1.74,1.67,1.67,241849
2021-06-01 00:00:00+05:30,1.67,1.67,1.6,1.6,422467
2021-06-02 00:00:00+05:30,1.63,1.67,1.53,1.53,1717005
2021-06-03 00:00:00+05:30,1.6,1.6,1.45,1.53,2597856
2021-06-04 00:00:00+05:30,1.53,1.56,1.45,1.53,1640415
2021-06-07 00:00:00+05:30,1.56,1.6,1.49,1.6,361561
2021-06-08 00:00:00+05:30,1.67,1.67,1.67,1.67,167927
2021-06-09 00:00:00+05:30,1.74,1.74,1.63,1.7,748653
2021-06-10 00:00:00+05:30,1.74,1.78,1.7,1.78,756652
2021-06-11 00:00:00+05:30,1.85,1.85,1.74,1.81,1183245
2021-06-14 00:00:00+05:30,1.88,1.88,1.74,1.88,1613785
2021-06-15 00:00:00+05:30,1.92,1.95,1.81,1.95,986541
2021-06-17 00:00:00+05:30,2.1,2.1,1.99,2.06,993616
2021-06-18 00:00:00+05:30,2.13,2.13,1.99,2.1,1134419
2021-06-21 00:00:00+05:30,2.13,2.13,2.03,2.03,856266
2021-06-22 00:00:00+05:30,2.03,2.03,1.95,1.95,629746
2021-06-23 00:00:00+05:30,1.88,1.92,1.88,1.88,592066
2021-06-24 00:00:00+05:30,1.81,1.85,1.81,1.81,104059
2021-06-25 00:00:00+05:30,1.74,1.88,1.74,1.88,785469
2021-06-28 00:00:00+05:30,1.95,1.95,1.92,1.95,1303838
2021-06-29 00:00:00+05:30,1.99,2.03,1.88,1.88,1459814
2021-06-30 00:00:00+05:30,1.85,1.95,1.85,1.95,2087925
2021-07-01 00:00:00+05:30,1.99,1.99,1.88,1.95,1207998
2021-07-02 00:00:00+05:30,1.92,1.99,1.88,1.92,632972
2021-07-05 00:00:00+05:30,1.99,1.99,1.88,1.92,978311
2021-07-06 00:00:00+05:30,1.95,1.99,1.85,1.92,1531164
2021-07-07 00:00:00+05:30,1.95,1.95,1.85,1.85,559830
2021-07-08 00:00:00+05:30,1.85,1.88,1.81,1.85,408200
2021-07-09 00:00:00+05:30,1.85,1.88,1.78,1.85,410350
2021-07-12 00:00:00+05:30,1.88,1.88,1.78,1.78,1357890
2021-07-13 00:00:00+05:30,1.81,1.85,1.7,1.85,1391200
2021-07-14 00:00:00+05:30,1.78,1.85,1.78,1.78,552722
2021-07-15 00:00:00+05:30,1.7,1.81,1.7,1.78,523676
2021-07-16 00:00:00+05:30,1.81,1.81,1.7,1.78,687258
2021-07-19 00:00:00+05:30,1.81,1.81,1.7,1.7,1217920
2021-07-20 00:00:00+05:30,1.7,1.7,1.63,1.63,745765
2021-07-22 00:00:00+05:30,1.6,1.7,1.56,1.7,1907691
2021-07-23 00:00:00+05:30,1.78,1.78,1.74,1.78,3113011
2021-07-26 00:00:00+05:30,1.78,1.85,1.78,1.85,2231561
2021-07-27 00:00:00+05:30,1.88,1.92,1.78,1.92,3633737
2021-07-28 00:00:00+05:30,1.95,1.99,1.88,1.92,2262251
2021-07-29 00:00:00+05:30,1.95,1.99,1.92,1.99,2940187
2021-07-30 00:00:00+05:30,2.06,2.06,1.99,1.99,2794115
2021-08-02 00:00:00+05:30,2.03,2.06,1.92,1.92,2590366
2021-08-03 00:00:00+05:30,1.88,1.92,1.85,1.85,891393
2021-08-04 00:00:00+05:30,1.78,1.92,1.78,1.92,2274405
2021-08-05 00:00:00+05:30,1.95,1.95,1.85,1.85,1785369
2021-08-06 00:00:00+05:30,1.74,1.88,1.74,1.81,449895
2021-08-09 00:00:00+05:30,1.81,1.99,1.74,1.99,1812233
2021-08-10 00:00:00+05:30,2.03,2.06,1.92,2.03,2686294
2021-08-11 00:00:00+05:30,1.99,2.03,1.88,1.99,1674872
2021-08-12 00:00:00+05:30,1.99,2.17,1.92,2.17,2399907
2021-08-13 00:00:00+05:30,2.34,2.37,2.13,2.2,3123822
2021-08-16 00:00:00+05:30,2.27,2.3,2.17,2.3,2001321
2021-08-17 00:00:00+05:30,2.3,2.3,2.13,2.2,803336
2021-08-18 00:00:00+05:30,2.27,2.34,2.13,2.24,1251329
2021-08-20 00:00:00+05:30,2.17,2.2,2.03,2.03,1482740
2021-08-23 00:00:00+05:30,1.99,2.2,1.99,2.2,2084705
2021-08-24 00:00:00+05:30,2.1,2.17,2.03,2.1,585952
2021-08-25 00:00:00+05:30,2.1,2.2,1.99,2.03,1107665
2021-08-26 00:00:00+05:30,2.03,2.2,1.95,2.2,2504829
2021-08-27 00:00:00+05:30,2.27,2.27,2.13,2.2,349595
2021-08-30 00:00:00+05:30,2.2,2.24,2.06,2.17,1122311
2021-08-31 00:00:00+05:30,2.17,2.24,1.95,1.95,2326623
2021-09-01 00:00:00+05:30,1.95,1.99,1.78,1.78,2918583
2021-09-02 00:00:00+05:30,1.78,1.85,1.7,1.78,2088785
2021-09-03 00:00:00+05:30,1.78,1.81,1.67,1.7,2568955
2021-09-06 00:00:00+05:30,1.7,1.78,1.67,1.7,1512288
2021-09-07 00:00:00+05:30,1.7,1.7,1.63,1.67,674876
2021-09-08 00:00:00+05:30,1.7,1.74,1.6,1.67,2241521
2021-09-09 00:00:00+05:30,1.67,1.67,1.6,1.6,2695627
2021-09-13 00:00:00+05:30,1.6,1.63,1.56,1.56,1883496
2021-09-14 00:00:00+05:30,1.6,1.63,1.56,1.6,1621809
2021-09-15 00:00:00+05:30,1.63,1.63,1.53,1.56,2321909
2021-09-16 00:00:00+05:30,1.56,1.63,1.56,1.63,1002569
2021-09-17 00:00:00+05:30,1.67,1.7,1.56,1.63,1828760
2021-09-20 00:00:00+05:30,1.63,1.67,1.6,1.6,609264
2021-09-21 00:00:00+05:30,1.63,1.63,1.56,1.56,628502
2021-09-22 00:00:00+05:30,1.6,1.63,1.56,1.63,786198
2021-09-23 00:00:00+05:30,1.63,1.67,1.56,1.63,1316511
2021-09-24 00:00:00+05:30,1.67,1.67,1.6,1.6,322737
2021-09-27 00:00:00+05:30,1.63,1.63,1.6,1.63,142477
2021-09-28 00:00:00+05:30,1.63,1.63,1.56,1.6,928111
2021-09-29 00:00:00+05:30,1.6,1.63,1.56,1.6,645281
2021-09-30 00:00:00+05:30,1.63,1.63,1.6,1.6,436647
2021-10-01 00:00:00+05:30,1.6,1.63,1.56,1.6,440186
2021-10-04 00:00:00+05:30,1.6,1.63,1.56,1.63,378190
2021-10-05 00:00:00+05:30,1.63,1.63,1.6,1.63,359525
2021-10-06 00:00:00+05:30,1.6,1.63,1.6,1.6,652478
2021-10-07 00:00:00+05:30,1.63,1.67,1.56,1.63,845811
2021-10-08 00:00:00+05:30,1.67,1.74,1.63,1.67,1867571
2021-10-11 00:00:00+05:30,1.7,1.81,1.67,1.78,1315402
2021-10-12 00:00:00+05:30,1.81,1.85,1.67,1.7,1431171
2021-10-13 00:00:00+05:30,1.74,1.78,1.67,1.7,807878
2021-10-14 00:00:00+05:30,1.7,1.74,1.67,1.67,860888
2021-10-18 00:00:00+05:30,1.67,1.7,1.67,1.67,299510
2021-10-19 00:00:00+05:30,1.7,1.7,1.63,1.63,452676
2021-10-20 00:00:00+05:30,1.63,1.78,1.6,1.7,1563571
2021-10-21 00:00:00+05:30,1.74,1.74,1.67,1.67,353028
2021-10-22 00:00:00+05:30,1.67,1.7,1.56,1.67,736896
2021-10-25 00:00:00+05:30,1.67,1.67,1.6,1.6,248480
2021-10-26 00:00:00+05:30,1.63,1.67,1.6,1.63,444459
2021-10-27 00:00:00+05:30,1.63,1.67,1.56,1.6,911415
2021-10-28 00:00:00+05:30,1.56,1.6,1.56,1.56,362793
2021-10-29 00:00:00+05:30,1.53,1.63,1.49,1.6,774535
2021-11-01 00:00:00+05:30,1.6,1.63,1.56,1.6,272482
2021-11-02 00:00:00+05:30,1.63,1.63,1.6,1.6,122987
2021-11-03 00:00:00+05:30,1.6,1.63,1.56,1.6,215370
2021-11-04 00:00:00+05:30,1.63,1.67,1.6,1.67,166176
2021-11-08 00:00:00+05:30,1.67,1.67,1.6,1.6,228326
2021-11-09 00:00:00+05:30,1.63,1.63,1.6,1.6,337262
2021-11-10 00:00:00+05:30,1.6,1.63,1.6,1.6,258908
2021-11-11 00:00:00+05:30,1.63,1.63,1.56,1.6,393550
2021-11-12 00:00:00+05:30,1.6,1.63,1.56,1.6,314812
2021-11-15 00:00:00+05:30,1.63,1.63,1.56,1.6,1271054
2021-11-16 00:00:00+05:30,1.6,1.7,1.56,1.56,832623
2021-11-17 00:00:00+05:30,1.6,1.67,1.56,1.63,791751
2021-11-18 00:00:00+05:30,1.63,1.63,1.56,1.6,372107
2021-11-22 00:00:00+05:30,1.6,1.63,1.56,1.63,815298
2021-11-23 00:00:00+05:30,1.63,1.63,1.56,1.6,323787
2021-11-24 00:00:00+05:30,1.63,1.67,1.6,1.63,681454
2021-11-25 00:00:00+05:30,1.63,1.7,1.6,1.67,741593
2021-11-26 00:00:00+05:30,1.7,1.7,1.56,1.6,913644
2021-11-29 00:00:00+05:30,1.63,1.63,1.53,1.56,596568
2021-11-30 00:00:00+05:30,1.6,1.63,1.56,1.6,464581
2021-12-01 00:00:00+05:30,1.6,1.63,1.53,1.56,1049124
2021-12-02 00:00:00+05:30,1.56,1.6,1.53,1.56,675535
2021-12-03 00:00:00+05:30,1.56,1.63,1.53,1.53,1359343
2021-12-06 00:00:00+05:30,1.6,1.63,1.56,1.6,1263788
2021-12-07 00:00:00+05:30,1.63,1.63,1.56,1.6,1000616
2021-12-08 00:00:00+05:30,1.6,1.6,1.53,1.56,2246212
2021-12-09 00:00:00+05:30,1.56,1.63,1.53,1.6,1097447
2021-12-10 00:00:00+05:30,1.63,1.67,1.6,1.67,1344397
2021-12-13 00:00:00+05:30,1.7,1.99,1.67,1.99,7244527
2021-12-14 00:00:00+05:30,2.06,2.37,1.99,2.37,7061215
2021-12-15 00:00:00+05:30,2.59,2.59,2.59,2.59,1512791
2021-12-16 00:00:00+05:30,2.84,2.84,2.62,2.84,13757822
2021-12-17 00:00:00+05:30,3.12,3.12,3.02,3.12,1642792
2021-12-20 00:00:00+05:30,3.27,3.27,2.98,2.98,12473671
2021-12-21 00:00:00+05:30,2.84,2.94,2.84,2.84,1798116
2021-12-22 00:00:00+05:30,2.69,2.98,2.69,2.98,7585076
2021-12-23 00:00:00+05:30,3.12,3.12,3.05,3.12,1116222
2021-12-24 00:00:00+05:30,3.27,3.27,2.98,3.27,6835472
2021-12-27 00:00:00+05:30,3.41,3.41,3.34,3.41,4030480
2021-12-28 00:00:00+05:30,3.55,3.55,3.55,3.55,195498
2021-12-29 00:00:00+05:30,3.73,3.73,3.73,3.73,271816
2021-12-30 00:00:00+05:30,3.9,3.9,3.9,3.9,134093
2021-12-31 00:00:00+05:30,4.08,4.08,4.08,4.08,169494
2022-01-03 00:00:00+05:30,4.26,4.26,4.26,4.26,214324
2022-01-04 00:00:00+05:30,4.47,4.47,4.04,4.47,4651057
2022-01-05 00:00:00+05:30,4.68,4.68,4.47,4.68,1713389
2022-01-06 00:00:00+05:30,4.9,4.9,4.9,4.9,368896
2022-01-07 00:00:00+05:30,5.11,5.11,5.11,5.11,456260
2022-01-10 00:00:00+05:30,5.35,5.35,5.35,5.35,447648
2022-01-11 00:00:00+05:30,5.6,5.6,5.6,5.6,257411
2022-01-12 00:00:00+05:30,5.85,5.85,5.35,5.42,6209453
2022-01-13 00:00:00+05:30,5.18,5.18,5.18,5.18,530088
2022-01-14 00:00:00+05:30,4.93,4.93,4.93,4.93,1360548
2022-01-17 00:00:00+05:30,4.72,5.15,4.72,5.15,2357463
2022-01-18 00:00:00+05:30,5.26,5.39,4.9,4.9,2601886
2022-01-19 00:00:00+05:30,4.68,4.83,4.68,4.68,453995
2022-01-20 00:00:00+05:30,4.47,4.47,4.47,4.47,269603
2022-01-21 00:00:00+05:30,4.26,4.26,4.26,4.26,303184
2022-01-24 00:00:00+05:30,4.04,4.04,4.04,4.04,191703
2022-01-25 00:00:00+05:30,3.86,3.86,3.86,3.86,235785
2022-01-27 00:00:00+05:30,3.69,3.69,3.69,3.69,158111
2022-01-28 00:00:00+05:30,3.52,3.52,3.52,3.52,362049
2022-01-31 00:00:00+05:30,3.37,3.37,3.37,3.37,330656
2022-02-01 00:00:00+05:30,3.23,3.23,3.23,3.23,176528
2022-02-02 00:00:00+05:30,3.09,3.37,3.09,3.37,2521404
2022-02-03 00:00:00+05:30,3.52,3.52,3.41,3.52,1101675
2022-02-04 00:00:00+05:30,3.66,3.66,3.66,3.66,243009
2022-02-07 00:00:00+05:30,3.83,3.83,3.48,3.83,2111508
2022-02-08 00:00:00+05:30,3.97,4.01,3.83,4.01,1486645
2022-02-09 00:00:00+05:30,4.18,4.18,3.83,3.83,1024835
2022-02-10 00:00:00+05:30,3.66,3.66,3.66,3.66,138668
2022-02-11 00:00:00+05:30,3.48,3.48,3.48,3.48,354200
2022-02-14 00:00:00+05:30,3.34,3.34,3.34,3.34,132277
2022-02-15 00:00:00+05:30,3.19,3.48,3.19,3.27,939629
2022-02-16 00:00:00+05:30,3.27,3.41,3.12,3.12,1064000
2022-02-17 00:00:00+05:30,3.12,3.12,2.98,2.98,336340
2022-02-18 00:00:00+05:30,2.84,3.12,2.84,3.12,777817
2022-02-21 00:00:00+05:30,3.23,3.27,2.98,2.98,752993
2022-02-22 00:00:00+05:30,2.84,2.84,2.84,2.84,234313
2022-02-23 00:00:00+05:30,2.73,2.98,2.69,2.98,602626
2022-02-24 00:00:00+05:30,2.84,2.98,2.84,2.84,518804
2022-02-25 00:00:00+05:30,2.84,2.98,2.84,2.98,592901
2022-02-28 00:00:00+05:30,2.98,3.09,2.84,3.05,529907
2022-03-02 00:00:00+05:30,3.05,3.16,2.91,3.05,355482
2022-03-03 00:00:00+05:30,3.05,3.09,2.98,3.02,411007
2022-03-04 00:00:00+05:30,3.02,3.02,2.87,2.87,656069
2022-03-07 00:00:00+05:30,2.73,2.91,2.73,2.84,452299
2022-03-08 00:00:00+05:30,2.91,2.94,2.8,2.91,323177
2022-03-09 00:00:00+05:30,2.94,2.98,2.87,2.98,285434
2022-03-10 00:00:00+05:30,2.98,3.12,2.94,3.12,761331
2022-03-11 00:00:00+05:30,3.12,3.27,3.05,3.19,919337
2022-03-14 00:00:00+05:30,3.23,3.27,3.09,3.12,632165
2022-03-15 00:00:00+05:30,3.19,3.19,2.98,2.98,703248
2022-03-16 00:00:00+05:30,3.05,3.05,2.84,2.94,480440
2022-03-17 00:00:00+05:30,2.94,3.05,2.84,2.91,352638
2022-03-21 00:00:00+05:30,2.91,2.94,2.8,2.87,287850
2022-03-22 00:00:00+05:30,2.8,3.02,2.77,2.87,681575
2022-03-23 00:00:00+05:30,2.98,2.98,2.84,2.87,230969
2022-03-24 00:00:00+05:30,2.94,2.94,2.77,2.8,320308
2022-03-25 00:00:00+05:30,2.8,2.84,2.69,2.73,404536
2022-03-28 00:00:00+05:30,2.69,2.77,2.62,2.66,419700
2022-03-29 00:00:00+05:30,2.55,2.69,2.55,2.55,595442
2022-03-30 00:00:00+05:30,2.59,2.59,2.44,2.44,699119
2022-03-31 00:00:00+05:30,2.48,2.55,2.44,2.48,389335
2022-04-01 00:00:00+05:30,2.55,2.59,2.44,2.59,165390
2022-04-04 00:00:00+05:30,2.69,2.69,2.69,2.69,112494
2022-04-05 00:00:00+05:30,2.8,2.8,2.8,2.8,140145
2022-04-06 00:00:00+05:30,2.91,2.91,2.77,2.91,900259
2022-04-07 00:00:00+05:30,3.12,3.19,2.94,3.19,1007698
2022-04-08 00:00:00+05:30,3.41,3.52,3.27,3.52,1170427
2022-04-11 00:00:00+05:30,3.69,3.83,3.66,3.83,712093
2022-04-12 00:00:00+05:30,3.97,4.01,3.66,4.01,5131756
2022-04-13 00:00:00+05:30,4.01,4.11,3.83,3.83,1877623
2022-04-18 00:00:00+05:30,3.66,3.69,3.66,3.66,377811
2022-04-19 00:00:00+05:30,3.48,3.59,3.48,3.48,1511363
2022-04-20 00:00:00+05:30,3.44,3.44,3.34,3.34,568403
2022-04-21 00:00:00+05:30,3.27,3.48,3.19,3.41,1212512
2022-04-22 00:00:00+05:30,3.37,3.52,3.3,3.34,1148467
2022-04-25 00:00:00+05:30,3.34,3.37,3.19,3.19,915862
2022-04-26 00:00:00+05:30,3.19,3.34,3.16,3.34,860754
2022-04-27 00:00:00+05:30,3.37,3.48,3.27,3.48,1197804
2022-04-28 00:00:00+05:30,3.62,3.62,3.59,3.62,521059
2022-04-29 00:00:00+05:30,3.79,3.79,3.52,3.55,1474195
2022-05-02 00:00:00+05:30,3.55,3.66,3.37,3.37,916242
2022-05-04 00:00:00+05:30,3.3,3.37,3.23,3.23,750922
2022-05-05 00:00:00+05:30,3.23,3.37,3.23,3.37,558577
2022-05-06 00:00:00+05:30,3.34,3.37,3.23,3.23,651548
2022-05-09 00:00:00+05:30,3.16,3.19,3.09,3.09,592239
2022-05-10 00:00:00+05:30,2.98,3.12,2.94,2.94,750056
2022-05-11 00:00:00+05:30,2.84,2.94,2.8,2.8,656307
2022-05-12 00:00:00+05:30,2.69,2.84,2.69,2.69,1019724
2022-05-13 00:00:00+05:30,2.8,2.8,2.69,2.77,1282745
2022-05-16 00:00:00+05:30,2.84,2.87,2.66,2.69,978878
2022-05-17 00:00:00+05:30,2.73,2.77,2.66,2.69,455214
2022-05-18 00:00:00+05:30,2.77,2.77,2.66,2.73,403401
2022-05-19 00:00:00+05:30,2.66,2.69,2.62,2.62,456531
2022-05-20 00:00:00+05:30,2.69,2.73,2.59,2.62,472240
2022-05-23 00:00:00+05:30,2.55,2.66,2.52,2.52,703109
2022-05-24 00:00:00+05:30,2.44,2.52,2.41,2.44,335421
2022-05-25 00:00:00+05:30,2.44,2.55,2.34,2.34,826699
2022-05-26 00:00:00+05:30,2.27,2.41,2.24,2.27,348531
2022-05-27 00:00:00+05:30,2.34,2.37,2.24,2.27,302685
2022-05-30 00:00:00+05:30,2.34,2.37,2.27,2.37,189801
2022-05-31 00:00:00+05:30,2.44,2.48,2.41,2.48,470151
2022-06-01 00:00:00+05:30,2.55,2.59,2.48,2.59,538653
2022-06-02 00:00:00+05:30,2.62,2.69,2.59,2.69,708722
2022-06-03 00:00:00+05:30,2.77,2.8,2.77,2.8,185002
2022-06-06 00:00:00+05:30,2.91,2.91,2.69,2.69,789803
2022-06-07 00:00:00+05:30,2.62,2.66,2.59,2.59,255876
2022-06-08 00:00:00+05:30,2.52,2.59,2.48,2.52,969001
2022-06-09 00:00:00+05:30,2.52,2.59,2.44,2.55,256386
2022-06-10 00:00:00+05:30,2.52,2.55,2.44,2.44,736885
2022-06-13 00:00:00+05:30,2.44,2.48,2.34,2.37,330951
2022-06-14 00:00:00+05:30,2.37,2.37,2.27,2.27,1001490
2022-06-15 00:00:00+05:30,2.37,2.37,2.2,2.27,255840
2022-06-16 00:00:00+05:30,2.3,2.34,2.17,2.27,550612
2022-06-17 00:00:00+05:30,2.3,2.3,2.17,2.2,887741
2022-06-20 00:00:00+05:30,2.27,2.27,2.1,2.1,482016
2022-06-21 00:00:00+05:30,2.06,2.17,2.03,2.06,681657
2022-06-22 00:00:00+05:30,2.06,2.13,1.99,2.13,560602
2022-06-23 00:00:00+05:30,2.1,2.24,2.1,2.24,948242
2022-06-24 00:00:00+05:30,2.27,2.34,2.27,2.34,401613
2022-06-27 00:00:00+05:30,2.44,2.44,2.27,2.41,603415
2022-06-28 00:00:00+05:30,2.34,2.44,2.3,2.34,376041
2022-06-29 00:00:00+05:30,2.34,2.41,2.27,2.41,427952
2022-06-30 00:00:00+05:30,2.41,2.44,2.37,2.37,98661
2022-07-01 00:00:00+05:30,2.37,2.37,2.27,2.27,117363
2022-07-04 00:00:00+05:30,2.27,2.34,2.2,2.24,65957
2022-07-05 00:00:00+05:30,2.3,2.3,2.2,2.24,140643
2022-07-06 00:00:00+05:30,2.3,2.3,2.2,2.2,91127
2022-07-07 00:00:00+05:30,2.17,2.27,2.17,2.2,230964
2022-07-08 00:00:00+05:30,2.2,2.24,2.17,2.2,96054
2022-07-11 00:00:00+05:30,2.2,2.2,2.13,2.17,133088
2022-07-12 00:00:00+05:30,2.2,2.27,2.17,2.27,597703
2022-07-13 00:00:00+05:30,2.27,2.37,2.2,2.24,147971
2022-07-14 00:00:00+05:30,2.27,2.27,2.2,2.24,146057
2022-07-15 00:00:00+05:30,2.2,2.34,2.17,2.3,480307
2022-07-18 00:00:00+05:30,2.27,2.41,2.27,2.3,312275
2022-07-19 00:00:00+05:30,2.3,2.34,2.24,2.3,390402
2022-07-20 00:00:00+05:30,2.3,2.34,2.24,2.24,255597
2022-07-21 00:00:00+05:30,2.3,2.3,2.2,2.27,263339
2022-07-22 00:00:00+05:30,2.3,2.34,2.24,2.27,111045
2022-07-25 00:00:00+05:30,2.34,2.34,2.2,2.2,168978
2022-07-26 00:00:00+05:30,2.17,2.27,2.1,2.13,274792
2022-07-27 00:00:00+05:30,2.13,2.2,2.13,2.17,164024
2022-07-28 00:00:00+05:30,2.24,2.24,2.1,2.13,223802
2022-07-29 00:00:00+05:30,2.13,2.2,2.13,2.17,185045
2022-08-01 00:00:00+05:30,2.2,2.2,2.13,2.17,97074
2022-08-02 00:00:00+05:30,2.24,2.24,2.17,2.2,446282
2022-08-03 00:00:00+05:30,2.24,2.24,2.13,2.17,174475
2022-08-04 00:00:00+05:30,2.27,2.27,2.13,2.17,135153
2022-08-05 00:00:00+05:30,2.13,2.34,2.13,2.24,726418
2022-08-08 00:00:00+05:30,2.3,2.37,2.24,2.34,576259
2022-08-10 00:00:00+05:30,2.34,2.41,2.3,2.34,323226
2022-08-11 00:00:00+05:30,2.48,2.48,2.3,2.41,212354
2022-08-12 00:00:00+05:30,2.44,2.44,2.24,2.34,767736
2022-08-16 00:00:00+05:30,2.3,2.34,2.24,2.27,389568
2022-08-17 00:00:00+05:30,2.2,2.3,2.13,2.17,744129
2022-08-18 00:00:00+05:30,2.2,2.27,2.1,2.13,1279212
2022-08-19 00:00:00+05:30,2.2,2.2,2.1,2.13,465481
2022-08-22 00:00:00+05:30,2.2,2.2,2.1,2.1,276719
2022-08-23 00:00:00+05:30,2.13,2.17,2.06,2.13,182211
2022-08-24 00:00:00+05:30,2.17,2.17,2.06,2.13,248128
2022-08-25 00:00:00+05:30,2.1,2.13,2.03,2.06,801776
2022-08-26 00:00:00+05:30,2.06,2.13,2.03,2.03,482192
2022-08-29 00:00:00+05:30,2.06,2.1,2.03,2.03,272847
2022-08-30 00:00:00+05:30,2.06,2.1,2.03,2.03,557593
2022-09-01 00:00:00+05:30,2.06,2.06,1.99,1.99,580208
2022-09-02 00:00:00+05:30,2.03,2.06,1.99,1.99,414895
2022-09-05 00:00:00+05:30,2.06,2.13,1.99,2.1,716114
2022-09-06 00:00:00+05:30,2.13,2.17,2.1,2.13,704094
2022-09-07 00:00:00+05:30,2.17,2.17,2.1,2.13,454768
2022-09-08 00:00:00+05:30,2.13,2.17,2.1,2.1,502431
2022-09-09 00:00:00+05:30,2.13,2.17,2.06,2.1,728344
2022-09-12 00:00:00+05:30,2.1,2.13,1.99,2.03,1349157
2022-09-13 00:00:00+05:30,2.06,2.1,2.03,2.06,904068
2022-09-14 00:00:00+05:30,2.03,2.1,1.99,2.03,797637
2022-09-15 00:00:00+05:30,2.06,2.1,1.99,2.03,637269
2022-09-16 00:00:00+05:30,2.03,2.03,1.95,1.99,429960
2022-09-19 00:00:00+05:30,2.03,2.06,1.99,2.03,302989
2022-09-20 00:00:00+05:30,2.03,2.03,1.99,1.99,353119
2022-09-21 00:00:00+05:30,1.99,2.13,1.95,2.1,1053425
2022-09-22 00:00:00+05:30,2.13,2.17,2.06,2.06,1036529
2022-09-23 00:00:00+05:30,2.1,2.1,1.99,1.99,633973
2022-09-26 00:00:00+05:30,1.99,2.06,1.99,1.99,259225
2022-09-27 00:00:00+05:30,2.06,2.06,1.95,1.95,337891
2022-09-28 00:00:00+05:30,1.95,2.1,1.92,1.99,708667
2022-09-29 00:00:00+05:30,1.99,2.1,1.95,2.03,365009
2022-09-30 00:00:00+05:30,2.03,2.06,1.95,2.03,394247
2022-10-03 00:00:00+05:30,2.03,2.13,2.03,2.06,229213
2022-10-04 00:00:00+05:30,2.06,2.1,2.03,2.03,321028
2022-10-06 00:00:00+05:30,2.06,2.1,1.99,2.03,261609
2022-10-07 00:00:00+05:30,2.06,2.06,1.99,2.06,234641
2022-10-10 00:00:00+05:30,2.06,2.1,1.81,2.03,682359
2022-10-11 00:00:00+05:30,2.06,2.06,1.99,1.99,172999
2022-10-12 00:00:00+05:30,2.03,2.03,1.99,1.99,115960
2022-10-13 00:00:00+05:30,2.03,2.06,1.92,1.95,452363
2022-10-14 00:00:00+05:30,1.99,2.03,1.92,1.99,237529
2022-10-17 00:00:00+05:30,2.03,2.06,1.95,1.95,754008
2022-10-18 00:00:00+05:30,2.03,2.03,1.95,1.99,123022
2022-10-19 00:00:00+05:30,2.03,2.1,1.88,1.92,2207784
2022-10-20 00:00:00+05:30,1.95,1.95,1.88,1.92,471201
2022-10-21 00:00:00+05:30,1.92,1.95,1.85,1.88,444285
2022-10-24 00:00:00+05:30,1.95,1.95,1.85,1.88,442273
2022-10-25 00:00:00+05:30,1.92,1.92,1.81,1.85,563256
2022-10-27 00:00:00+05:30,1.85,1.88,1.81,1.85,697810
2022-10-28 00:00:00+05:30,1.81,1.88,1.78,1.81,830943
2022-10-31 00:00:00+05:30,1.78,1.88,1.78,1.81,541472
2022-11-01 00:00:00+05:30,1.81,1.85,1.81,1.85,271649
2022-11-02 00:00:00+05:30,1.85,1.85,1.81,1.85,269641
2022-11-03 00:00:00+05:30,1.81,1.85,1.78,1.81,1587727
2022-11-04 00:00:00+05:30,1.85,1.85,1.74,1.78,867971
2022-11-07 00:00:00+05:30,1.81,1.88,1.78,1.88,1141638
2022-11-09 00:00:00+05:30,1.88,1.95,1.85,1.95,926857
2022-11-10 00:00:00+05:30,1.95,2.1,1.92,1.92,434452
2022-11-11 00:00:00+05:30,1.95,2.06,1.92,1.92,401863
2022-11-14 00:00:00+05:30,1.99,1.99,1.92,1.95,251270
2022-11-15 00:00:00+05:30,1.95,1.95,1.92,1.92,162520
2022-11-16 00:00:00+05:30,1.92,2.03,1.92,1.95,407447
2022-11-17 00:00:00+05:30,1.95,1.99,1.92,1.99,153882
2022-11-18 00:00:00+05:30,1.99,1.99,1.95,1.95,248955
2022-11-21 00:00:00+05:30,1.95,1.95,1.85,1.95,389966
2022-11-22 00:00:00+05:30,1.95,2.06,1.88,1.99,661146
2022-11-23 00:00:00+05:30,1.99,2.03,1.88,1.92,485983
2022-11-24 00:00:00+05:30,1.95,1.95,1.88,1.92,572606
2022-11-25 00:00:00+05:30,1.95,1.95,1.88,1.92,418566
2022-11-28 00:00:00+05:30,1.88,1.99,1.85,1.88,731825
2022-11-29 00:00:00+05:30,1.88,1.95,1.85,1.88,589165
2022-11-30 00:00:00+05:30,1.88,1.92,1.85,1.85,420007
2022-12-01 00:00:00+05:30,1.88,1.92,1.81,1.85,989558
2022-12-02 00:00:00+05:30,1.85,1.92,1.81,1.88,815903
2022-12-05 00:00:00+05:30,1.92,1.99,1.88,1.95,1059444
2022-12-06 00:00:00+05:30,1.95,2.03,1.88,1.99,2227450
2022-12-07 00:00:00+05:30,1.95,2.24,1.95,2.17,2782870
2022-12-08 00:00:00+05:30,2.24,2.24,2.13,2.2,1611692
2022-12-09 00:00:00+05:30,2.34,2.37,2.2,2.27,1300007
2022-12-12 00:00:00+05:30,2.3,2.48,2.1,2.44,2347319
2022-12-13 00:00:00+05:30,2.55,2.69,2.48,2.66,3547466
2022-12-14 00:00:00+05:30,2.77,2.84,2.52,2.52,2377211
2022-12-15 00:00:00+05:30,2.37,2.48,2.34,2.41,853292
2022-12-16 00:00:00+05:30,2.55,2.84,2.37,2.48,1546971
2022-12-19 00:00:00+05:30,2.69,2.69,2.44,2.52,2200705
2022-12-20 00:00:00+05:30,2.59,2.62,2.48,2.48,2288153
2022-12-21 00:00:00+05:30,2.55,2.98,2.52,2.73,7642987
2022-12-22 00:00:00+05:30,2.94,2.98,2.66,2.91,3819738
2022-12-23 00:00:00+05:30,3.68,3.87,3.48,3.73,1688848
2022-12-26 00:00:00+05:30,3.73,3.77,3.43,3.73,1121038
2022-12-27 00:00:00+05:30,3.73,3.73,3.58,3.58,213585
2022-12-28 00:00:00+05:30,3.43,3.43,3.43,3.43,90607
2022-12-29 00:00:00+05:30,3.28,3.58,3.28,3.58,425056
2022-12-30 00:00:00+05:30,3.43,3.73,3.43,3.43,677776
2023-01-02 00:00:00+05:30,3.33,3.43,3.28,3.28,321272
2023-01-03 00:00:00+05:30,3.18,3.28,3.13,3.13,151667
2023-01-04 00:00:00+05:30,2.98,3.08,2.98,2.98,536904
2023-01-05 00:00:00+05:30,2.93,3.13,2.93,3.13,836985
2023-01-06 00:00:00+05:30,3.23,3.28,3.13,3.18,863694
2023-01-09 00:00:00+05:30,3.33,3.33,3.18,3.23,701230
2023-01-10 00:00:00+05:30,3.38,3.38,3.13,3.18,688002
2023-01-11 00:00:00+05:30,3.18,3.28,3.03,3.18,440563
2023-01-12 00:00:00+05:30,3.23,3.28,3.03,3.23,583106
2023-01-13 00:00:00+05:30,3.28,3.38,3.18,3.38,750693
2023-01-16 00:00:00+05:30,3.53,3.53,3.48,3.53,1158040
2023-01-17 00:00:00+05:30,3.63,3.68,3.63,3.68,584088
2023-01-18 00:00:00+05:30,3.82,3.82,3.82,3.82,623666
2023-01-19 00:00:00+05:30,3.92,3.92,3.63,3.63,752322
2023-01-20 00:00:00+05:30,3.58,3.58,3.48,3.48,825369
2023-01-23 00:00:00+05:30,3.48,3.63,3.33,3.43,826118
2023-01-24 00:00:00+05:30,3.48,3.53,3.28,3.38,244971
2023-01-25 00:00:00+05:30,3.43,3.53,3.23,3.28,732528
2023-01-27 00:00:00+05:30,3.38,3.43,3.13,3.18,261026
2023-01-30 00:00:00+05:30,3.03,3.23,3.03,3.18,299365
2023-01-31 00:00:00+05:30,3.23,3.23,3.08,3.18,103410
2023-02-01 00:00:00+05:30,3.23,3.23,3.03,3.08,343078
2023-02-02 00:00:00+05:30,3.08,3.13,2.98,3.08,181599
2023-02-03 00:00:00+05:30,3.13,3.18,2.93,3.08,414600
2023-02-06 00:00:00+05:30,3.03,3.13,2.88,2.98,138507
2023-02-07 00:00:00+05:30,3.03,3.03,2.88,2.98,201303
2023-02-08 00:00:00+05:30,2.88,2.98,2.83,2.98,231563
2023-02-09 00:00:00+05:30,2.98,3.08,2.93,2.98,271315
2023-02-10 00:00:00+05:30,3.03,3.03,2.93,3.03,156734
2023-02-13 00:00:00+05:30,2.78,2.78,2.78,2.78,431579
2023-02-14 00:00:00+05:30,2.68,2.73,2.68,2.73,400391
2023-02-15 00:00:00+05:30,2.73,2.73,2.58,2.68,172039
2023-02-16 00:00:00+05:30,2.68,2.78,2.58,2.58,316418
2023-02-17 00:00:00+05:30,2.58,2.58,2.48,2.48,584306
2023-02-20 00:00:00+05:30,2.53,2.58,2.43,2.58,212930
2023-02-21 00:00:00+05:30,2.63,2.63,2.48,2.53,460491
2023-02-22 00:00:00+05:30,2.58,2.63,2.48,2.63,239003
2023-02-23 00:00:00+05:30,2.73,2.73,2.63,2.73,443267
2023-02-24 00:00:00+05:30,2.73,2.83,2.68,2.73,620912
2023-02-27 00:00:00+05:30,2.73,2.78,2.58,2.68,249441
2023-02-28 00:00:00+05:30,2.68,2.73,2.68,2.68,321114
2023-03-01 00:00:00+05:30,2.73,2.73,2.63,2.68,159355
2023-03-02 00:00:00+05:30,2.63,2.73,2.58,2.68,328985
2023-03-03 00:00:00+05:30,2.68,2.73,2.63,2.68,384878
2023-03-06 00:00:00+05:30,2.68,2.73,2.63,2.63,368083
2023-03-08 00:00:00+05:30,2.68,2.73,2.63,2.73,800791
2023-03-09 00:00:00+05:30,2.78,2.83,2.73,2.78,727239
2023-03-10 00:00:00+05:30,2.78,2.78,2.68,2.68,451265
2023-03-13 00:00:00+05:30,2.58,2.73,2.58,2.58,711547
2023-03-14 00:00:00+05:30,2.58,2.63,2.48,2.58,229190
2023-03-15 00:00:00+05:30,2.63,2.63,2.53,2.58,193781
2023-03-16 00:00:00+05:30,2.63,2.63,2.53,2.53,202262
2023-03-17 00:00:00+05:30,2.58,2.63,2.48,2.58,538426
2023-03-20 00:00:00+05:30,2.58,2.63,2.48,2.53,239826
2023-03-21 00:00:00+05:30,2.53,2.63,2.43,2.63,898796
2023-03-22 00:00:00+05:30,2.63,2.73,2.53,2.73,767953
2023-03-23 00:00:00+05:30,2.78,2.83,2.63,2.63,238858
2023-03-24 00:00:00+05:30,2.58,2.63,2.53,2.53,334749
2023-03-27 00:00:00+05:30,2.63,2.63,2.53,2.58,605884
2023-03-28 00:00:00+05:30,2.53,2.63,2.48,2.48,300729
2023-03-29 00:00:00+05:30,2.53,2.53,2.43,2.43,260370
2023-03-31 00:00:00+05:30,2.48,2.53,2.38,2.43,1434014
2023-04-03 00:00:00+05:30,2.43,2.48,2.38,2.38,426888
2023-04-05 00:00:00+05:30,2.43,2.48,2.43,2.48,87349
2023-04-06 00:00:00+05:30,2.53,2.58,2.43,2.48,705353
2023-04-10 00:00:00+05:30,2.43,2.53,2.43,2.43,170690
2023-04-11 00:00:00+05:30,2.48,2.58,2.38,2.43,379679
2023-04-12 00:00:00+05:30,2.48,2.48,2.43,2.43,79117
2023-04-13 00:00:00+05:30,2.48,2.63,2.38,2.63,741936
2023-04-17 00:00:00+05:30,2.58,2.63,2.48,2.53,289258
2023-04-18 00:00:00+05:30,2.58,2.63,2.48,2.53,88629
2023-04-19 00:00:00+05:30,2.53,2.63,2.48,2.53,72646
2023-04-20 00:00:00+05:30,2.58,2.78,2.48,2.73,1316824
2023-04-21 00:00:00+05:30,2.73,2.98,2.68,2.88,569065
2023-04-24 00:00:00+05:30,2.98,2.98,2.63,2.63,4916616
2023-04-25 00:00:00+05:30,2.73,2.88,2.53,2.58,2510089
2023-04-26 00:00:00+05:30,2.63,2.78,2.53,2.63,833201
2023-04-27 00:00:00+05:30,2.68,2.73,2.43,2.48,939337
2023-04-28 00:00:00+05:30,2.48,2.73,2.48,2.68,892575
2023-05-02 00:00:00+05:30,2.78,2.88,2.63,2.68,729624
2023-05-03 00:00:00+05:30,2.68,2.73,2.58,2.63,370731
2023-05-04 00:00:00+05:30,2.63,2.68,2.53,2.58,452299
2023-05-05 00:00:00+05:30,2.63,2.63,2.53,2.58,289005
2023-05-08 00:00:00+05:30,2.53,2.73,2.53,2.63,521473
2023-05-09 00:00:00+05:30,2.68,2.68,2.58,2.63,278688
2023-05-10 00:00:00+05:30,2.63,2.88,2.53,2.58,3356683
2023-05-11 00:00:00+05:30,2.78,2.83,2.73,2.83,906144
2023-05-12 00:00:00+05:30,2.83,2.98,2.83,2.88,891858
2023-05-15 00:00:00+05:30,2.93,2.93,2.73,2.88,1884533
2023-05-16 00:00:00+05:30,2.93,2.93,2.78,2.83,560734
2023-05-17 00:00:00+05:30,2.78,2.93,2.73,2.83,581411
2023-05-18 00:00:00+05:30,2.88,3.08,2.83,3.08,6757330
2023-05-19 00:00:00+05:30,3.23,3.23,2.78,2.98,2453595
2023-05-22 00:00:00+05:30,2.88,2.98,2.78,2.83,1031348
2023-05-23 00:00:00+05:30,2.78,2.88,2.63,2.83,3341324
2023-05-24 00:00:00+05:30,2.83,3.08,2.63,2.98,3345898
2023-05-25 00:00:00+05:30,3.03,3.03,2.83,2.93,486587
2023-05-26 00:00:00+05:30,2.93,2.98,2.88,2.93,156983
2023-05-29 00:00:00+05:30,2.88,3.08,2.83,2.98,1306499
2023-05-30 00:00:00+05:30,3.08,3.08,2.93,2.98,150207
2023-05-31 00:00:00+05:30,2.98,3.18,2.93,3.08,1006993
2023-06-01 00:00:00+05:30,3.18,3.18,2.93,2.98,1085152
2023-06-02 00:00:00+05:30,2.98,3.28,2.93,3.23,8549206
2023-06-05 00:00:00+05:30,3.38,3.53,3.13,3.13,2762821
2023-06-06 00:00:00+05:30,3.18,3.38,2.83,2.83,12146338
2023-06-07 00:00:00+05:30,2.73,2.78,2.48,2.73,9968697
2023-06-08 00:00:00+05:30,2.78,2.93,2.68,2.68,1785271
2023-06-09 00:00:00+05:30,2.78,2.78,2.68,2.73,1351484
2023-06-12 00:00:00+05:30,2.78,2.78,2.63,2.68,835373
2023-06-13 00:00:00+05:30,2.73,2.83,2.68,2.73,1544669
2023-06-14 00:00:00+05:30,2.78,2.83,2.68,2.73,1033953
2023-06-15 00:00:00+05:30,2.78,2.78,2.68,2.73,538077
2023-06-16 00:00:00+05:30,2.78,2.78,2.68,2.78,499363
2023-06-19 00:00:00+05:30,2.78,2.83,2.73,2.78,785941
2023-06-20 00:00:00+05:30,2.73,3.18,2.68,2.98,3287826
2023-06-21 00:00:00+05:30,2.98,3.03,2.83,2.98,1337945
2023-06-22 00:00:00+05:30,2.98,2.98,2.83,2.88,552245
2023-06-23 00:00:00+05:30,2.93,2.93,2.78,2.83,365260
2023-06-26 00:00:00+05:30,2.83,2.83,2.73,2.78,240031
2023-06-27 00:00:00+05:30,2.78,3.08,2.73,2.98,1368542
2023-06-28 00:00:00+05:30,2.98,3.03,2.88,2.93,350845
2023-06-30 00:00:00+05:30,2.98,3.03,2.88,2.93,780028
2023-07-03 00:00:00+05:30,2.93,3.13,2.83,3.08,1779549
2023-07-04 00:00:00+05:30,2.98,3.58,2.98,3.38,2870703
2023-07-05 00:00:00+05:30,3.48,3.53,3.18,3.28,1527539
2023-07-06 00:00:00+05:30,3.23,3.87,3.23,3.82,3475843
2023-07-07 00:00:00+05:30,3.87,4.07,3.18,3.23,10166431
2023-07-10 00:00:00+05:30,3.28,3.38,3.18,3.18,1099861
2023-07-11 00:00:00+05:30,3.23,3.33,3.08,3.13,2644035
2023-07-12 00:00:00+05:30,3.18,3.23,3.08,3.13,741547
2023-07-13 00:00:00+05:30,3.18,3.18,3.08,3.13,483514
2023-07-14 00:00:00+05:30,3.18,3.28,2.98,3.03,1685817
2023-07-17 00:00:00+05:30,3.03,3.08,2.93,3.03,859469
2023-07-18 00:00:00+05:30,3.03,3.03,2.98,2.98,632657
2023-07-19 00:00:00+05:30,2.98,3.03,2.93,2.98,444579
2023-07-20 00:00:00+05:30,2.98,3.58,2.98,3.58,6220395
2023-07-21 00:00:00+05:30,3.48,4.17,3.13,3.23,20701319
2023-07-24 00:00:00+05:30,3.28,3.48,2.98,3.08,10984179
2023-07-25 00:00:00+05:30,3.13,3.18,2.93,2.98,4006398
2023-07-26 00:00:00+05:30,3.08,3.48,3.03,3.33,6825451
2023-07-27 00:00:00+05:30,3.58,3.58,2.93,3.03,15371607
2023-07-28 00:00:00+05:30,3.08,3.13,2.98,3.08,2493090
2023-07-31 00:00:00+05:30,3.13,3.18,3.03,3.13,2528204
2023-08-01 00:00:00+05:30,3.13,3.13,2.73,2.88,17895313
2023-08-02 00:00:00+05:30,2.88,2.93,2.83,2.88,1949087
2023-08-03 00:00:00+05:30,2.93,3.03,2.83,2.93,1853991
2023-08-04 00:00:00+05:30,2.93,2.98,2.73,2.78,5499635
2023-08-07 00:00:00+05:30,2.83,2.98,2.73,2.83,11692605
2023-08-08 00:00:00+05:30,2.83,2.93,2.73,2.83,5185685
2023-08-09 00:00:00+05:30,2.83,2.88,2.78,2.88,1167629
2023-08-10 00:00:00+05:30,2.88,2.93,2.73,2.83,6992504
2023-08-11 00:00:00+05:30,2.78,2.83,2.73,2.78,2375341
2023-08-14 00:00:00+05:30,2.83,2.83,2.73,2.73,1521007
2023-08-16 00:00:00+05:30,2.78,2.83,2.73,2.83,1265442
2023-08-17 00:00:00+05:30,2.78,2.83,2.73,2.78,733720
2023-08-18 00:00:00+05:30,2.83,2.83,2.73,2.78,780496
2023-08-21 00:00:00+05:30,2.78,2.83,2.73,2.78,586173
2023-08-22 00:00:00+05:30,2.83,2.83,2.73,2.78,990589
2023-08-23 00:00:00+05:30,2.78,2.83,2.78,2.78,899169
2023-08-24 00:00:00+05:30,2.83,2.83,2.73,2.78,689596
2023-08-25 00:00:00+05:30,2.73,2.78,2.73,2.73,745874
2023-08-28 00:00:00+05:30,2.78,2.78,2.68,2.73,1881754
2023-08-29 00:00:00+05:30,2.68,2.73,2.68,2.68,671959
2023-08-30 00:00:00+05:30,2.73,2.73,2.68,2.73,696507
2023-08-31 00:00:00+05:30,2.68,2.73,2.58,2.63,1637233
2023-09-01 00:00:00+05:30,2.63,2.83,2.58,2.78,3509410
2023-09-04 00:00:00+05:30,2.83,2.93,2.78,2.88,1958315
2023-09-05 00:00:00+05:30,2.93,2.98,2.88,2.88,1439983
2023-09-06 00:00:00+05:30,2.93,2.93,2.73,2.73,2486669
2023-09-07 00:00:00+05:30,2.78,2.83,2.78,2.78,961107
2023-09-08 00:00:00+05:30,2.83,2.88,2.78,2.88,1188682
2023-09-11 00:00:00+05:30,2.88,2.93,2.83,2.83,1794391
2023-09-12 00:00:00+05:30,2.88,3.13,2.78,2.83,4565653
2023-09-13 00:00:00+05:30,2.83,2.88,2.78,2.78,892934
2023-09-14 00:00:00+05:30,2.78,2.88,2.78,2.78,795356
2023-09-15 00:00:00+05:30,2.83,2.88,2.78,2.83,940991
2023-09-18 00:00:00+05:30,2.83,2.88,2.78,2.83,538000
2023-09-20 00:00:00+05:30,2.83,2.83,2.73,2.78,1101728
2023-09-21 00:00:00+05:30,2.73,2.78,2.73,2.73,420660
2023-09-22 00:00:00+05:30,2.73,2.78,2.73,2.78,616993
2023-09-25 00:00:00+05:30,2.78,2.78,2.68,2.68,683644
2023-09-26 00:00:00+05:30,2.73,2.73,2.68,2.73,483032
2023-09-27 00:00:00+05:30,2.68,2.78,2.68,2.73,797326
2023-09-28 00:00:00+05:30,2.73,2.78,2.68,2.73,228696
2023-09-29 00:00:00+05:30,2.73,2.73,2.68,2.68,230109
2023-10-03 00:00:00+05:30,2.73,2.73,2.63,2.68,419978
2023-10-04 00:00:00+05:30,2.68,2.68,2.63,2.68,264313
2023-10-05 00:00:00+05:30,2.68,2.83,2.63,2.78,1318384
2023-10-06 00:00:00+05:30,2.78,2.83,2.73,2.78,748426
2023-10-09 00:00:00+05:30,2.73,3.03,2.68,2.88,4049914
2023-10-10 00:00:00+05:30,2.93,2.98,2.83,2.88,1219323
2023-10-11 00:00:00+05:30,2.93,2.98,2.88,2.98,1131876
2023-10-12 00:00:00+05:30,2.98,3.08,2.93,2.98,1359002
2023-10-13 00:00:00+05:30,2.98,2.98,2.83,2.88,2375302
2023-10-16 00:00:00+05:30,2.93,2.98,2.83,2.88,1868867
2023-10-17 00:00:00+05:30,2.88,2.98,2.78,2.78,1266023
2023-10-18 00:00:00+05:30,2.83,2.83,2.73,2.78,1630738
2023-10-19 00:00:00+05:30,2.83,2.83,2.73,2.78,892562
2023-10-20 00:00:00+05:30,2.83,2.83,2.73,2.78,595825
2023-10-23 00:00:00+05:30,2.83,2.88,2.63,2.68,2018124
2023-10-25 00:00:00+05:30,2.68,2.73,2.58,2.63,793570
2023-10-26 00:00:00+05:30,2.63,2.68,2.53,2.63,1007273
2023-10-27 00:00:00+05:30,2.63,2.83,2.58,2.73,1360534
2023-10-30 00:00:00+05:30,2.68,2.73,2.58,2.58,3540847
2023-10-31 00:00:00+05:30,2.58,2.68,2.58,2.63,1163198
2023-11-01 00:00:00+05:30,2.63,2.63,2.58,2.63,576412
2023-11-02 00:00:00+05:30,2.63,2.68,2.58,2.68,1552441
2023-11-03 00:00:00+05:30,2.68,2.73,2.63,2.68,514405
2023-11-06 00:00:00+05:30,2.68,2.68,2.63,2.68,467632
2023-11-07 00:00:00+05:30,2.68,2.68,2.63,2.63,409063
2023-11-08 00:00:00+05:30,2.68,2.73,2.63,2.68,1181775
2023-11-09 00:00:00+05:30,2.73,2.73,2.68,2.68,543178
2023-11-10 00:00:00+05:30,2.68,2.78,2.68,2.78,1616910
2023-11-12 00:00:00+05:30,2.83,2.88,2.78,2.83,1053661
2023-11-13 00:00:00+05:30,2.83,2.88,2.78,2.88,1003095
2023-11-15 00:00:00+05:30,2.88,3.28,2.88,3.18,10528717
2023-11-16 00:00:00+05:30,3.28,3.48,3.23,3.33,8086816
2023-11-17 00:00:00+05:30,3.38,3.43,3.23,3.28,6922138
2023-11-20 00:00:00+05:30,3.33,3.38,3.18,3.28,4049578
2023-11-21 00:00:00+05:30,3.33,3.33,3.08,3.13,2957401
2023-11-22 00:00:00+05:30,3.08,3.13,2.93,3.03,3285658
2023-11-23 00:00:00+05:30,3.03,3.08,2.98,3.03,791094
2023-11-24 00:00:00+05:30,3.03,3.08,2.88,2.93,2148238
2023-11-28 00:00:00+05:30,2.93,3.28,2.93,3.23,5556764
2023-11-29 00:00:00+05:30,3.33,3.48,3.28,3.28,5577076
2023-11-30 00:00:00+05:30,3.33,3.43,3.23,3.23,2410592
2023-12-01 00:00:00+05:30,3.33,3.43,3.23,3.33,5563086
2023-12-04 00:00:00+05:30,3.38,3.58,3.08,3.18,8834807
2023-12-05 00:00:00+05:30,3.18,3.23,3.13,3.18,2516205
2023-12-06 00:00:00+05:30,3.23,3.28,3.13,3.23,3049265
2023-12-07 00:00:00+05:30,3.23,3.33,3.13,3.28,1837305
2023-12-08 00:00:00+05:30,3.33,3.33,3.18,3.23,1583727
2023-12-11 00:00:00+05:30,3.28,3.28,3.18,3.23,1531095
2023-12-12 00:00:00+05:30,3.28,3.43,3.23,3.28,2922780
2023-12-13 00:00:00+05:30,3.38,3.43,3.28,3.28,2170126
2023-12-14 00:00:00+05:30,3.38,3.38,3.28,3.28,1038432
2023-12-15 00:00:00+05:30,3.28,3.38,3.18,3.28,2793175
2023-12-18 00:00:00+05:30,3.33,3.38,3.28,3.28,1634131
2023-12-19 00:00:00+05:30,3.28,3.38,3.28,3.38,1266376
2023-12-20 00:00:00+05:30,3.38,3.97,3.33,3.63,31897279
2023-12-21 00:00:00+05:30,3.63,4.07,3.48,3.82,6572385
2023-12-22 00:00:00+05:30,3.87,4.57,3.87,4.57,15653874
2023-12-26 00:00:00+05:30,5.07,5.46,4.82,5.22,32281516
2023-12-27 00:00:00+05:30,5.46,5.46,4.72,4.72,16045316
2023-12-28 00:00:00+05:30,4.57,4.87,4.52,4.52,1482276
2023-12-29 00:00:00+05:30,4.32,4.47,4.32,4.32,640872
2024-01-01 00:00:00+05:30,4.12,4.22,4.12,4.12,1222741
2024-01-02 00:00:00+05:30,4.12,4.32,4.12,4.32,2258854
2024-01-03 00:00:00+05:30,4.52,4.52,4.52,4.52,886867
2024-01-04 00:00:00+05:30,4.72,4.72,4.72,4.72,1381545
2024-01-05 00:00:00+05:30,4.92,4.92,4.77,4.92,2370688
2024-01-08 00:00:00+05:30,5.07,5.07,4.97,5.07,1920923
2024-01-09 00:00:00+05:30,4.97,4.97,4.97,4.97,303200
2024-01-10 00:00:00+05:30,4.87,4.87,4.87,4.87,333173
2024-01-11 00:00:00+05:30,4.77,4.77,4.77,4.77,196543
2024-01-12 00:00:00+05:30,4.67,4.67,4.67,4.67,187534
2024-01-15 00:00:00+05:30,4.57,4.57,4.57,4.57,517532
2024-01-16 00:00:00+05:30,4.47,4.47,4.47,4.47,829423
2024-01-17 00:00:00+05:30,4.42,4.42,4.42,4.42,200700
2024-01-18 00:00:00+05:30,4.37,4.37,4.37,4.37,235496
2024-01-19 00:00:00+05:30,4.42,4.42,4.42,4.42,1270891
2024-01-20 00:00:00+05:30,4.37,4.42,4.37,4.37,377569
2024-01-23 00:00:00+05:30,4.32,4.32,4.32,4.32,144583
2024-01-24 00:00:00+05:30,4.27,4.27,4.27,4.27,250281
2024-01-25 00:00:00+05:30,4.22,4.22,4.22,4.22,93774
2024-01-29 00:00:00+05:30,4.17,4.17,4.17,4.17,218121
2024-01-30 00:00:00+05:30,4.12,4.12,4.12,4.12,320985
2024-01-31 00:00:00+05:30,4.07,4.07,4.07,4.07,628025
2024-02-01 00:00:00+05:30,4.02,4.02,4.02,4.02,541353
2024-02-02 00:00:00+05:30,4.02,4.02,3.97,4.02,1242608
2024-02-05 00:00:00+05:30,3.97,3.97,3.97,3.97,322742
2024-02-06 00:00:00+05:30,3.92,3.92,3.92,3.92,419918
2024-02-07 00:00:00+05:30,3.87,3.87,3.87,3.87,273653
2024-02-08 00:00:00+05:30,3.82,3.82,3.82,3.82,162902
2024-02-09 00:00:00+05:30,3.77,3.77,3.77,3.77,205913
2024-02-12 00:00:00+05:30,3.73,3.73,3.73,3.73,169274
2024-02-13 00:00:00+05:30,3.68,3.68,3.68,3.68,138396
2024-02-14 00:00:00+05:30,3.63,3.63,3.63,3.63,186701
2024-02-15 00:00:00+05:30,3.58,3.58,3.58,3.58,180809
2024-02-16 00:00:00+05:30,3.53,3.53,3.53,3.53,317229
2024-02-19 00:00:00+05:30,3.53,3.68,3.43,3.68,654338
2024-02-20 00:00:00+05:30,3.82,3.82,3.77,3.82,3702907
2024-02-21 00:00:00+05:30,3.82,3.97,3.63,3.63,1116050
2024-02-22 00:00:00+05:30,3.68,3.77,3.48,3.77,1366505
2024-02-23 00:00:00+05:30,3.77,3.92,3.77,3.87,1298776
2024-02-26 00:00:00+05:30,3.92,3.92,3.68,3.77,769975
2024-02-27 00:00:00+05:30,3.87,3.87,3.68,3.73,837474
2024-02-28 00:00:00+05:30,3.77,3.77,3.68,3.68,980785
2024-02-29 00:00:00+05:30,3.63,3.82,3.63,3.82,809093
2024-03-01 00:00:00+05:30,3.87,3.97,3.82,3.97,756533
2024-03-02 00:00:00+05:30,4.07,4.12,3.87,4.02,243712
2024-03-04 00:00:00+05:30,4.12,4.17,3.82,3.97,718164
2024-03-05 00:00:00+05:30,4.07,4.12,3.77,3.77,715383
2024-03-06 00:00:00+05:30,3.87,3.87,3.63,3.63,344438
2024-03-07 00:00:00+05:30,3.68,3.73,3.48,3.58,877164
2024-03-11 00:00:00+05:30,3.68,3.73,3.43,3.48,506318
2024-03-12 00:00:00+05:30,3.48,3.48,3.33,3.33,414728
2024-03-13 00:00:00+05:30,3.18,3.18,3.18,3.18,234400
2024-03-14 00:00:00+05:30,3.03,3.33,3.03,3.08,1439650
2024-03-15 00:00:00+05:30,3.13,3.13,2.98,3.03,839576
2024-03-18 00:00:00+05:30,3.08,3.08,2.93,3.03,587362
2024-03-19 00:00:00+05:30,3.03,3.08,2.88,2.93,703037
2024-03-20 00:00:00+05:30,2.98,3.03,2.88,2.98,707086
2024-03-21 00:00:00+05:30,3.03,3.13,2.98,3.08,504067
2024-03-22 00:00:00+05:30,3.18,3.23,2.98,3.23,292570
2024-03-26 00:00:00+05:30,3.38,3.38,3.08,3.18,1413583
2024-03-27 00:00:00+05:30,3.18,3.18,3.03,3.03,995229
2024-03-28 00:00:00+05:30,3.08,3.08,2.93,2.93,633270
2024-04-01 00:00:00+05:30,3.13,3.18,3.08,3.18,625250
2024-04-02 00:00:00+05:30,3.43,3.48,3.28,3.43,3044055
2024-04-03 00:00:00+05:30,3.43,3.48,3.33,3.48,1500605
2024-04-04 00:00:00+05:30,3.48,3.58,3.43,3.48,1865430
2024-04-05 00:00:00+05:30,3.48,3.63,3.43,3.53,761399
2024-04-08 00:00:00+05:30,3.63,3.87,3.53,3.82,6202274
2024-04-09 00:00:00+05:30,3.87,4.17,3.82,3.97,6983664
2024-04-10 00:00:00+05:30,3.97,4.12,3.63,3.77,2938530
2024-04-12 00:00:00+05:30,3.77,3.77,3.53,3.68,1458267
2024-04-15 00:00:00+05:30,3.58,3.73,3.38,3.58,1960748
2024-04-16 00:00:00+05:30,3.58,3.77,3.43,3.63,2059394
2024-04-18 00:00:00+05:30,3.63,3.77,3.58,3.63,2299664
2024-04-19 00:00:00+05:30,3.58,3.73,3.43,3.63,2312301
2024-04-22 00:00:00+05:30,3.73,3.73,3.58,3.68,1366321
2024-04-23 00:00:00+05:30,3.68,3.68,3.58,3.58,987165
2024-04-24 00:00:00+05:30,3.58,3.63,3.53,3.53,897877
2024-04-25 00:00:00+05:30,3.53,3.58,3.48,3.53,680083
2024-04-26 00:00:00+05:30,3.53,3.87,3.48,3.77,3044384
2024-04-29 00:00:00+05:30,3.82,3.87,3.68,3.73,833902
2024-04-30 00:00:00+05:30,3.77,4.02,3.68,3.97,4760059
2024-05-02 00:00:00+05:30,4.07,4.37,3.97,4.17,13090611
2024-05-03 00:00:00+05:30,4.17,4.17,3.92,4.02,4115447
2024-05-06 00:00:00+05:30,4.07,4.07,3.82,3.87,2156420
2024-05-07 00:00:00+05:30,3.87,3.92,3.53,3.82,2677843
2024-05-08 00:00:00+05:30,3.92,4.07,3.87,3.97,935635
2024-05-09 00:00:00+05:30,3.97,4.02,3.77,3.77,1021812
2024-05-10 00:00:00+05:30,3.87,3.87,3.73,3.77,747224
2024-05-13 00:00:00+05:30,3.82,3.82,3.58,3.63,1002649
2024-05-14 00:00:00+05:30,3.68,3.77,3.63,3.73,1741337
2024-05-15 00:00:00+05:30,3.77,3.77,3.68,3.68,785976
2024-05-16 00:00:00+05:30,3.77,3.87,3.73,3.77,720260
2024-05-17 00:00:00+05:30,3.82,3.87,3.73,3.77,1041985
2024-05-18 00:00:00+05:30,3.92,3.92,3.77,3.87,187278
2024-05-21 00:00:00+05:30,3.87,3.92,3.82,3.87,975459
2024-05-22 00:00:00+05:30,3.92,3.97,3.82,3.92,1969818
2024-05-23 00:00:00+05:30,3.92,3.97,3.87,3.92,796983
2024-05-24 00:00:00+05:30,3.92,3.97,3.77,3.77,1845177
2024-05-27 00:00:00+05:30,3.82,4.12,3.68,4.12,4864970
2024-05-28 00:00:00+05:30,4.17,4.42,3.97,4.27,5717796
2024-05-29 00:00:00+05:30,4.22,4.27,4.07,4.17,2048085
2024-05-30 00:00:00+05:30,4.17,4.47,4.07,4.32,5027536
2024-05-31 00:00:00+05:30,4.37,4.57,4.37,4.37,2965148
2024-06-03 00:00:00+05:30,4.52,4.57,4.37,4.37,2633134
2024-06-04 00:00:00+05:30,4.42,4.47,3.97,3.97,4865861
2024-06-05 00:00:00+05:30,3.87,4.17,3.63,4.02,3045566
2024-06-06 00:00:00+05:30,4.12,4.12,3.97,4.02,1405627
2024-06-07 00:00:00+05:30,4.07,4.12,3.97,4.02,1120791
2024-06-10 00:00:00+05:30,4.02,4.16,3.94,4.09,1290828
2024-06-11 00:00:00+05:30,4.16,4.26,3.97,4.13,1740086
2024-06-12 00:00:00+05:30,4.16,4.23,4.09,4.14,775527
2024-06-13 00:00:00+05:30,4.22,4.34,4.07,4.12,739342
2024-06-14 00:00:00+05:30,4.15,4.18,4.06,4.11,534190
2024-06-18 00:00:00+05:30,4.17,4.24,4.07,4.09,649501
2024-06-19 00:00:00+05:30,4.09,4.48,3.7,4.08,2324291
2024-06-20 00:00:00+05:30,4.09,4.2,4.08,4.1,959928
2024-06-21 00:00:00+05:30,4.16,4.16,4.02,4.03,720492
2024-06-24 00:00:00+05:30,4.08,4.08,3.94,4.01,778835
2024-06-25 00:00:00+05:30,4.01,4.07,3.94,3.96,664103
2024-06-26 00:00:00+05:30,3.97,4.05,3.87,3.96,1135014
2024-06-27 00:00:00+05:30,4.06,4.06,3.87,3.94,1022680
2024-06-28 00:00:00+05:30,4.0,4.02,3.93,3.95,609748
2024-07-01 00:00:00+05:30,3.98,4.01,3.92,3.94,908540
2024-07-02 00:00:00+05:30,3.97,3.98,3.7,3.91,774575
2024-07-03 00:00:00+05:30,3.97,4.01,3.87,3.9,1225886
2024-07-04 00:00:00+05:30,3.95,4.03,3.9,4.01,1363790
2024-07-05 00:00:00+05:30,4.0,4.24,4.0,4.13,2428093
2024-07-08 00:00:00+05:30,4.23,4.33,4.0,4.29,2197425
2024-07-09 00:00:00+05:30,4.37,4.53,4.36,4.46,4645135
2024-07-10 00:00:00+05:30,4.47,4.53,4.21,4.28,1372100
2024-07-11 00:00:00+05:30,4.26,4.65,4.17,4.59,3686107
2024-07-12 00:00:00+05:30,4.72,4.72,4.38,4.5,2142820
2024-07-15 00:00:00+05:30,4.46,4.57,4.4,4.5,1295602
2024-07-16 00:00:00+05:30,4.59,4.59,4.49,4.54,955043
2024-07-18 00:00:00+05:30,4.56,4.67,4.5,4.55,1502804
2024-07-19 00:00:00+05:30,4.67,4.67,4.47,4.55,1324032
2024-07-22 00:00:00+05:30,4.57,4.67,4.55,4.58,4450190
2024-07-23 00:00:00+05:30,4.59,4.64,4.48,4.54,942680
2024-07-24 00:00:00+05:30,4.59,4.99,4.52,4.67,9068350
2024-07-25 00:00:00+05:30,4.7,4.98,4.63,4.78,3937646
2024-07-26 00:00:00+05:30,4.87,4.98,4.78,4.85,3785923
2024-07-29 00:00:00+05:30,4.99,5.32,4.86,4.97,20440897
2024-07-30 00:00:00+05:30,5.37,5.46,4.95,4.98,27524440
2024-07-31 00:00:00+05:30,5.21,5.39,4.96,5.03,14810861
2024-08-01 00:00:00+05:30,5.03,5.52,5.03,5.51,25652221
2024-08-02 00:00:00+05:30,5.51,6.06,5.08,6.05,27568768
2024-08-05 00:00:00+05:30,5.95,6.65,5.52,6.65,33598981
2024-08-06 00:00:00+05:30,6.96,6.97,6.85,6.97,4531898
2024-08-07 00:00:00+05:30,7.32,7.32,6.62,6.62,24996006
2024-08-08 00:00:00+05:30,6.28,6.28,6.28,6.28,1149348
2024-08-09 00:00:00+05:30,5.96,5.96,5.96,5.96,1372291
2024-08-12 00:00:00+05:30,5.66,5.66,5.66,5.66,1235690
2024-08-13 00:00:00+05:30,5.37,5.94,5.37,5.94,5048545
2024-08-14 00:00:00+05:30,6.23,6.23,5.72,5.84,6688688
2024-08-16 00:00:00+05:30,5.96,6.04,5.62,5.68,2227203
2024-08-19 00:00:00+05:30,5.66,5.96,5.44,5.95,2918381
2024-08-20 00:00:00+05:30,6.06,6.11,5.91,6.0,2785790
2024-08-21 00:00:00+05:30,6.02,6.11,5.86,5.95,1657214
2024-08-22 00:00:00+05:30,6.16,6.24,6.06,6.24,2582676
2024-08-23 00:00:00+05:30,6.36,6.55,6.35,6.55,1956240
2024-08-26 00:00:00+05:30,6.76,6.8,6.23,6.7,5183165
2024-08-27 00:00:00+05:30,6.56,6.56,6.56,6.56,346965
2024-08-28 00:00:00+05:30,6.42,6.42,6.42,6.42,160574
2024-08-29 00:00:00+05:30,6.29,6.29,6.29,6.29,71320
2024-08-30 00:00:00+05:30,6.16,6.16,6.16,6.16,127988
2024-09-02 00:00:00+05:30,6.03,6.03,6.03,6.03,130962
2024-09-03 00:00:00+05:30,5.9,5.9,5.9,5.9,252674
2024-09-04 00:00:00+05:30,5.78,5.78,5.78,5.78,159200
2024-09-05 00:00:00+05:30,5.66,5.66,5.66,5.66,421479
2024-09-06 00:00:00+05:30,5.54,5.54,5.54,5.54,298321
2024-09-09 00:00:00+05:30,5.42,5.42,5.42,5.42,275650
2024-09-10 00:00:00+05:30,5.31,5.31,5.31,5.31,423766
2024-09-11 00:00:00+05:30,5.21,5.41,5.21,5.41,979764
2024-09-12 00:00:00+05:30,5.3,5.31,5.3,5.31,614514
2024-09-13 00:00:00+05:30,5.29,5.29,5.22,5.22,430744
2024-09-16 00:00:00+05:30,5.22,5.22,5.19,5.19,411519
2024-09-17 00:00:00+05:30,5.18,5.18,5.17,5.17,554713
2024-09-18 00:00:00+05:30,5.16,5.16,5.09,5.09,528428
2024-09-19 00:00:00+05:30,5.09,5.09,4.98,4.98,517588
2024-09-20 00:00:00+05:30,4.96,4.96,4.87,4.87,534255
2024-09-23 00:00:00+05:30,4.96,4.96,4.96,4.96,588489
2024-09-24 00:00:00+05:30,5.05,5.05,5.05,5.05,126064
2024-09-25 00:00:00+05:30,5.15,5.15,5.15,5.15,182488
2024-09-26 00:00:00+05:30,5.25,5.25,5.25,5.25,744184
2024-09-27 00:00:00+05:30,5.22,5.23,5.21,5.21,620049
2024-09-30 00:00:00+05:30,5.21,5.21,5.1,5.11,308067
2024-10-01 00:00:00+05:30,5.11,5.11,5.08,5.08,220225
2024-10-03 00:00:00+05:30,4.97,4.97,4.97,4.97,194059
2024-10-04 00:00:00+05:30,4.98,4.98,4.87,4.87,590825
2024-10-07 00:00:00+05:30,4.77,4.87,4.62,4.62,751260
2024-10-08 00:00:00+05:30,4.38,4.85,4.38,4.85,946180
2024-10-09 00:00:00+05:30,4.85,5.09,4.77,5.05,1016492
2024-10-10 00:00:00+05:30,4.94,5.16,4.87,4.9,701011
2024-10-11 00:00:00+05:30,4.93,5.01,4.72,4.76,569681
2024-10-14 00:00:00+05:30,4.87,4.95,4.72,4.73,710237
2024-10-15 00:00:00+05:30,4.87,4.87,4.57,4.74,480113
2024-10-16 00:00:00+05:30,4.77,4.97,4.57,4.97,629690
2024-10-17 00:00:00+05:30,5.22,5.22,5.22,5.22,615925
2024-10-18 00:00:00+05:30,5.47,5.47,5.22,5.4,2471921
2024-10-21 00:00:00+05:30,5.46,5.6,5.13,5.13,635849
2024-10-22 00:00:00+05:30,4.92,5.11,4.87,4.87,707401
2024-10-23 00:00:00+05:30,4.85,4.85,4.62,4.63,891449
2024-10-24 00:00:00+05:30,4.63,4.84,4.5,4.69,498502
2024-10-25 00:00:00+05:30,4.82,4.82,4.45,4.45,567759
2024-10-28 00:00:00+05:30,4.6,4.67,4.45,4.67,480186
2024-10-29 00:00:00+05:30,4.87,4.9,4.57,4.88,544209
2024-10-30 00:00:00+05:30,5.03,5.11,4.72,5.06,379081
2024-10-31 00:00:00+05:30,5.24,5.25,5.08,5.12,367023
2024-11-01 00:00:00+05:30,5.26,5.36,5.12,5.22,378308
2024-11-04 00:00:00+05:30,5.22,5.27,4.95,5.01,601598
2024-11-05 00:00:00+05:30,4.9,4.9,4.9,4.9,167461
2024-11-06 00:00:00+05:30,4.8,4.82,4.8,4.81,303668
2024-11-07 00:00:00+05:30,4.81,4.85,4.81,4.82,173864
2024-11-08 00:00:00+05:30,4.81,4.81,4.72,4.74,172871
2024-11-11 00:00:00+05:30,4.65,4.65,4.64,4.64,278107
2024-11-12 00:00:00+05:30,4.64,4.64,4.54,4.54,117396
2024-11-13 00:00:00+05:30,4.44,4.44,4.44,4.44,170680
2024-11-14 00:00:00+05:30,4.35,4.35,4.35,4.35,169077
2024-11-18 00:00:00+05:30,4.26,4.26,4.26,4.26,147494
2024-11-19 00:00:00+05:30,4.26,4.26,4.17,4.17,281513
2024-11-21 00:00:00+05:30,4.08,4.08,4.08,4.08,592251
2024-11-22 00:00:00+05:30,4.02,4.02,3.99,3.99,210667
2024-11-25 00:00:00+05:30,4.07,4.07,4.07,4.07,68904
2024-11-26 00:00:00+05:30,4.15,4.15,4.15,4.15,45730
2024-11-27 00:00:00+05:30,4.23,4.23,4.23,4.23,51898
2024-11-28 00:00:00+05:30,4.31,4.31,4.31,4.31,237585
2024-11-29 00:00:00+05:30,4.39,4.39,4.39,4.39,28292
2024-12-02 00:00:00+05:30,4.47,4.47,4.41,4.47,536153
2024-12-03 00:00:00+05:30,4.47,4.47,4.47,4.47,328116
2024-12-04 00:00:00+05:30,4.48,4.48,4.43,4.43,284414
2024-12-05 00:00:00+05:30,4.38,4.38,4.34,4.34,204246
2024-12-06 00:00:00+05:30,4.34,4.34,4.26,4.26,557436
2024-12-09 00:00:00+05:30,4.19,4.47,4.19,4.47,475845
2024-12-10 00:00:00+05:30,4.66,4.69,4.63,4.69,626718
2024-12-11 00:00:00+05:30,4.77,4.77,4.45,4.5,840327
2024-12-12 00:00:00+05:30,4.48,4.52,4.27,4.27,489850
2024-12-13 00:00:00+05:30,4.17,4.42,4.13,4.28,762002
2024-12-16 00:00:00+05:30,4.29,4.39,4.24,4.28,529203
2024-12-17 00:00:00+05:30,4.28,4.41,4.12,4.18,625871
2024-12-18 00:00:00+05:30,4.18,4.39,4.17,4.39,548973
2024-12-19 00:00:00+05:30,4.51,4.56,4.27,4.43,509729
2024-12-20 00:00:00+05:30,4.49,4.61,4.21,4.26,427886
2024-12-23 00:00:00+05:30,4.37,4.47,4.08,4.13,602349
2024-12-24 00:00:00+05:30,4.2,4.3,4.08,4.16,403429
2024-12-26 00:00:00+05:30,4.22,4.36,4.1,4.36,610291
2024-12-27 00:00:00+05:30,4.37,4.57,4.33,4.53,1214717
2024-12-30 00:00:00+05:30,4.72,4.72,4.37,4.38,622078
2024-12-31 00:00:00+05:30,4.37,4.53,4.28,4.4,507389
2025-01-01 00:00:00+05:30,4.42,4.55,4.38,4.51,278852
2025-01-02 00:00:00+05:30,4.58,4.58,4.35,4.38,660289
2025-01-03 00:00:00+05:30,4.44,4.6,4.37,4.47,1392514
2025-01-06 00:00:00+05:30,4.49,4.56,4.24,4.24,638162
2025-01-07 00:00:00+05:30,4.25,4.32,4.04,4.12,1089819
2025-01-08 00:00:00+05:30,4.21,4.25,4.07,4.11,951732
2025-01-09 00:00:00+05:30,4.1,4.12,3.97,4.03,669053
2025-01-10 00:00:00+05:30,4.13,4.23,3.87,4.14,2465890
2025-01-13 00:00:00+05:30,4.17,4.34,3.93,4.02,1762933
2025-01-14 00:00:00+05:30,4.07,4.15,4.02,4.11,707037
2025-01-15 00:00:00+05:30,4.13,4.24,3.95,3.97,1098803
2025-01-16 00:00:00+05:30,4.04,4.06,3.92,3.97,643102
2025-01-17 00:00:00+05:30,3.96,4.05,3.92,3.98,572556
2025-01-20 00:00:00+05:30,4.04,4.18,4.02,4.11,820793
2025-01-21 00:00:00+05:30,4.15,4.15,3.97,3.99,603950
2025-01-22 00:00:00+05:30,4.06,4.09,3.78,3.86,1402583
2025-01-23 00:00:00+05:30,3.93,3.97,3.77,3.86,744612
2025-01-24 00:00:00+05:30,3.91,3.95,3.79,3.85,440853
2025-01-27 00:00:00+05:30,3.88,3.88,3.66,3.66,1248822
2025-01-28 00:00:00+05:30,3.66,3.83,3.47,3.47,2432327
2025-01-29 00:00:00+05:30,3.54,3.64,3.3,3.64,940351
2025-01-30 00:00:00+05:30,3.75,3.81,3.64,3.8,568704
2025-01-31 00:00:00+05:30,3.88,3.94,3.77,3.81,934062
2025-02-01 00:00:00+05:30,3.81,4.0,3.74,3.93,512427
2025-02-03 00:00:00+05:30,3.9,3.9,3.78,3.84,455449
2025-02-04 00:00:00+05:30,3.78,3.89,3.76,3.78,417858
2025-02-05 00:00:00+05:30,3.79,3.97,3.79,3.85,711680
2025-02-06 00:00:00+05:30,4.17,4.17,3.98,4.14,1000646
2025-02-07 00:00:00+05:30,4.18,4.22,4.08,4.11,454923
2025-02-10 00:00:00+05:30,4.06,4.11,3.9,4.03,679220
2025-02-11 00:00:00+05:30,4.13,4.13,3.74,3.77,689736
2025-02-12 00:00:00+05:30,3.77,3.89,3.5,3.85,1083803
2025-02-13 00:00:00+05:30,3.95,3.95,3.6,3.76,669175
2025-02-14 00:00:00+05:30,3.9,3.9,3.52,3.57,734940
2025-02-17 00:00:00+05:30,3.56,3.74,3.39,3.43,847797
2025-02-18 00:00:00+05:30,3.47,3.47,3.18,3.25,1183522
2025-02-19 00:00:00+05:30,3.27,3.57,3.27,3.56,536167
2025-02-20 00:00:00+05:30,3.76,3.84,3.57,3.78,730673
2025-02-21 00:00:00+05:30,3.87,3.89,3.6,3.67,624812
2025-02-24 00:00:00+05:30,3.53,3.7,3.53,3.61,350279
2025-02-25 00:00:00+05:30,3.76,3.77,3.54,3.6,346156
2025-02-27 00:00:00+05:30,3.67,3.67,3.4,3.47,390802
2025-02-28 00:00:00+05:30,3.41,3.48,3.18,3.31,1011574
2025-03-03 00:00:00+05:30,3.36,3.43,3.23,3.28,613639
2025-03-04 00:00:00+05:30,3.28,3.35,3.13,3.24,558487
2025-03-05 00:00:00+05:30,3.29,3.38,3.26,3.31,936995
2025-03-06 00:00:00+05:30,3.42,3.55,3.26,3.37,1164103
2025-03-07 00:00:00+05:30,3.43,3.48,3.34,3.37,550737
2025-03-10 00:00:00+05:30,3.42,3.45,3.23,3.31,770834
2025-03-11 00:00:00+05:30,3.26,3.33,3.14,3.23,1053563
2025-03-12 00:00:00+05:30,3.25,3.28,3.19,3.21,675982
2025-03-13 00:00:00+05:30,3.25,3.27,3.18,3.19,919158
2025-03-17 00:00:00+05:30,3.28,3.28,2.97,3.03,948427
2025-03-18 00:00:00+05:30,3.06,3.15,2.98,3.05,1832704
2025-03-19 00:00:00+05:30,3.09,3.22,3.06,3.21,1038103
2025-03-20 00:00:00+05:30,3.3,3.39,3.24,3.27,1313198
2025-03-21 00:00:00+05:30,3.31,3.31,3.18,3.21,1330127
2025-03-24 00:00:00+05:30,3.26,3.32,3.24,3.28,3501774
2025-03-25 00:00:00+05:30,3.34,3.34,3.08,3.11,3862943
2025-03-26 00:00:00+05:30,3.15,3.15,2.93,2.98,1794058
2025-03-27 00:00:00+05:30,3.01,3.05,2.78,2.84,3595978
2025-03-28 00:00:00+05:30,2.78,2.98,2.78,2.85,1175416
2025-04-01 00:00:00+05:30,2.88,3.13,2.84,3.1,1061559
2025-04-02 00:00:00+05:30,3.16,3.24,3.03,3.2,967460
2025-04-03 00:00:00+05:30,3.2,3.31,3.14,3.26,600850
2025-04-04 00:00:00+05:30,3.18,3.26,3.14,3.22,521436
2025-04-07 00:00:00+05:30,3.0,3.16,2.96,3.08,797277
2025-04-08 00:00:00+05:30,3.13,3.26,3.13,3.2,669540
2025-04-09 00:00:00+05:30,3.23,3.23,3.13,3.16,329874
2025-04-11 00:00:00+05:30,3.37,3.37,3.11,3.15,434513
2025-04-15 00:00:00+05:30,3.17,3.24,3.12,3.17,301874
2025-04-16 00:00:00+05:30,3.23,3.23,3.15,3.2,321663
2025-04-17 00:00:00+05:30,3.24,3.27,3.16,3.2,417473
2025-04-21 00:00:00+05:30,3.2,3.26,3.1,3.14,913587
2025-04-22 00:00:00+05:30,3.12,3.27,3.12,3.22,599949
2025-04-23 00:00:00+05:30,3.22,3.26,3.12,3.16,1005521
2025-04-24 00:00:00+05:30,3.2,3.23,3.14,3.17,627419
2025-04-25 00:00:00+05:30,3.21,3.22,3.02,3.06,833604
2025-04-28 00:00:00+05:30,3.07,3.16,3.04,3.1,1043092
2025-04-29 00:00:00+05:30,3.15,3.17,3.08,3.14,312960
2025-04-30 00:00:00+05:30,3.11,3.14,3.01,3.03,698528
2025-05-02 00:00:00+05:30,3.09,3.1,3.0,3.02,761076
2025-05-05 00:00:00+05:30,3.07,3.09,2.99,3.05,329239
2025-05-06 00:00:00+05:30,3.05,3.09,2.98,3.05,973244
2025-05-07 00:00:00+05:30,3.05,3.07,2.99,3.06,553687
2025-05-08 00:00:00+05:30,3.03,3.1,3.03,3.06,308944
2025-05-09 00:00:00+05:30,3.05,3.09,2.81,3.06,568508
2025-05-12 00:00:00+05:30,3.09,3.18,3.08,3.16,463991
2025-05-13 00:00:00+05:30,3.17,3.27,3.12,3.2,659029
2025-05-14 00:00:00+05:30,3.24,3.3,3.18,3.24,751927
2025-05-15 00:00:00+05:30,3.28,3.29,3.18,3.25,962362
2025-05-16 00:00:00+05:30,3.3,3.32,2.84,3.17,991360
2025-05-19 00:00:00+05:30,3.22,3.38,3.13,3.22,1844359
2025-05-20 00:00:00+05:30,3.28,3.35,3.08,3.13,1431408
2025-05-21 00:00:00+05:30,3.19,3.24,3.07,3.14,1204331
2025-05-22 00:00:00+05:30,3.13,3.19,3.12,3.13,413111
2025-05-23 00:00:00+05:30,3.18,3.19,3.06,3.11,743889
2025-05-26 00:00:00+05:30,3.14,3.14,3.08,3.09,562242
2025-05-27 00:00:00+05:30,3.09,3.12,3.04,3.05,694442
2025-05-28 00:00:00+05:30,3.11,3.14,3.07,3.12,524812
2025-05-29 00:00:00+05:30,3.14,3.15,3.07,3.09,526492
2025-05-30 00:00:00+05:30,3.07,3.11,2.99,3.08,662470
2025-06-02 00:00:00+05:30,3.11,3.13,3.07,3.08,519507
2025-06-03 00:00:00+05:30,3.12,3.12,3.04,3.05,515441
2025-06-04 00:00:00+05:30,3.06,3.13,3.05,3.07,463001
2025-06-05 00:00:00+05:30,3.11,3.12,3.03,3.04,792828
2025-06-06 00:00:00+05:30,3.08,3.08,3.03,3.03,561025
2025-06-09 00:00:00+05:30,3.03,3.09,3.03,3.06,558515
2025-06-10 00:00:00+05:30,3.08,3.12,3.05,3.08,885353
2025-06-11 00:00:00+05:30,3.06,3.14,3.06,3.12,906182
2025-06-12 00:00:00+05:30,3.13,3.74,3.1,3.74,5305203
2025-06-13 00:00:00+05:30,3.82,4.48,3.74,4.48,14194350
2025-06-16 00:00:00+05:30,4.66,4.93,4.27,4.81,16825653
2025-06-17 00:00:00+05:30,4.95,5.15,4.81,4.92,8135561
2025-06-18 00:00:00+05:30,4.91,5.06,4.42,4.42,5390849
2025-06-19 00:00:00+05:30,4.44,4.44,4.19,4.19,502829
2025-06-20 00:00:00+05:30,3.97,3.97,3.97,3.97,459143
2025-06-23 00:00:00+05:30,3.79,3.79,3.77,3.77,717709
2025-06-24 00:00:00+05:30,3.64,3.96,3.59,3.96,719044
2025-06-25 00:00:00+05:30,4.1,4.14,3.99,4.12,1294280
2025-06-26 00:00:00+05:30,4.17,4.26,3.97,3.98,1140232
2025-06-27 00:00:00+05:30,4.16,4.16,3.96,3.99,703539
2025-06-30 00:00:00+05:30,4.07,4.07,3.85,3.98,1091443
2025-07-01 00:00:00+05:30,4.02,4.06,3.87,3.88,1167983
2025-07-02 00:00:00+05:30,3.99,4.02,3.81,3.85,471687
2025-07-03 00:00:00+05:30,3.75,4.01,3.75,3.95,986198
2025-07-04 00:00:00+05:30,4.0,4.14,3.96,4.05,884370
2025-07-07 00:00:00+05:30,3.98,4.06,3.87,3.99,561087
2025-07-08 00:00:00+05:30,3.97,4.04,3.87,3.95,447307
2025-07-09 00:00:00+05:30,3.97,4.07,3.9,4.03,744010
2025-07-10 00:00:00+05:30,4.06,4.06,3.82,3.94,1181946
2025-07-11 00:00:00+05:30,3.95,3.97,3.85,3.93,567591
2025-07-14 00:00:00+05:30,3.87,4.01,3.8,3.88,574226
2025-07-15 00:00:00+05:30,3.88,3.97,3.84,3.95,402678
2025-07-16 00:00:00+05:30,3.98,4.02,3.85,3.9,370789
2025-07-17 00:00:00+05:30,3.92,3.93,3.85,3.88,307934
2025-07-18 00:00:00+05:30,3.91,3.97,3.84,3.95,361395
2025-07-21 00:00:00+05:30,3.97,3.97,3.83,3.84,422229
2025-07-22 00:00:00+05:30,3.84,3.94,3.79,3.84,251450
2025-07-23 00:00:00+05:30,3.78,3.84,3.65,3.76,402591
2025-07-24 00:00:00+05:30,3.7,3.8,3.65,3.76,551177
2025-07-25 00:00:00+05:30,3.76,3.81,3.76,3.79,701240
2025-07-28 00:00:00+05:30,3.9,3.91,3.77,3.8,297372
2025-07-29 00:00:00+05:30,3.8,3.82,3.68,3.76,1300517
2025-07-30 00:00:00+05:30,3.84,3.87,3.71,3.79,2298766
2025-07-31 00:00:00+05:30,3.79,3.82,3.67,3.8,1795986
2025-08-01 00:00:00+05:30,3.8,3.85,3.73,3.76,233686
2025-08-04 00:00:00+05:30,3.76,3.81,3.68,3.79,1164854
2025-08-05 00:00:00+05:30,3.76,3.84,3.71,3.81,2436704
2025-08-06 00:00:00+05:30,3.84,3.84,3.71,3.76,320825
2025-08-07 00:00:00+05:30,3.59,3.75,3.59,3.67,371476
2025-08-08 00:00:00+05:30,3.6,3.68,3.5,3.52,528688
2025-08-11 00:00:00+05:30,3.41,3.5,3.41,3.47,398113
2025-08-12 00:00:00+05:30,3.46,3.62,3.42,3.47,452841
2025-08-13 00:00:00+05:30,3.31,3.47,3.29,3.3,549746
2025-08-14 00:00:00+05:30,3.27,3.38,3.23,3.28,585888
2025-08-18 00:00:00+05:30,3.28,3.36,3.18,3.34,248046
2025-08-19 00:00:00+05:30,3.27,3.37,3.26,3.3,267043
2025-08-20 00:00:00+05:30,3.31,3.37,3.18,3.2,721199
2025-08-21 00:00:00+05:30,3.24,3.24,3.08,3.19,239136
2025-08-22 00:00:00+05:30,3.23,3.26,3.09,3.17,374877
2025-08-25 00:00:00+05:30,3.17,3.21,3.09,3.19,345768
2025-08-26 00:00:00+05:30,3.17,3.35,3.11,3.22,335022
2025-08-28 00:00:00+05:30,3.22,3.34,3.22,3.32,255677
2025-08-29 00:00:00+05:30,3.36,3.38,3.3,3.31,97561
2025-09-01 00:00:00+05:30,3.31,3.4,3.28,3.36,373353
2025-09-02 00:00:00+05:30,3.46,3.52,3.28,3.5,434189
2025-09-03 00:00:00+05:30,3.5,3.67,3.46,3.67,329818
2025-09-04 00:00:00+05:30,3.74,3.74,3.52,3.57,368960
2025-09-05 00:00:00+05:30,3.57,3.73,3.48,3.7,471866
2025-09-08 00:00:00+05:30,3.85,3.87,3.76,3.83,586880
2025-09-09 00:00:00+05:30,3.84,3.84,3.68,3.71,314673
2025-09-10 00:00:00+05:30,3.61,3.88,3.61,3.76,334970
2025-09-11 00:00:00+05:30,3.77,3.86,3.61,3.66,437451
2025-09-12 00:00:00+05:30,3.61,3.72,3.59,3.65,245088
2025-09-15 00:00:00+05:30,3.55,3.72,3.55,3.65,306429
2025-09-16 00:00:00+05:30,3.72,3.8,3.63,3.76,249773
2025-09-17 00:00:00+05:30,3.82,3.82,3.66,3.7,371802
2025-09-18 00:00:00+05:30,3.75,3.75,3.68,3.69,121113
2025-09-19 00:00:00+05:30,3.74,3.74,3.64,3.69,182065
2025-09-22 00:00:00+05:30,3.77,3.82,3.59,3.73,954766
2025-09-23 00:00:00+05:30,3.75,3.75,3.39,3.51,1106139
2025-09-24 00:00:00+05:30,3.65,3.74,3.53,3.63,759869
2025-09-25 00:00:00+05:30,3.68,3.75,3.53,3.66,2525366
2025-09-26 00:00:00+05:30,3.68,3.89,3.67,3.8,7541509
2025-09-29 00:00:00+05:30,3.96,3.96,3.64,3.67,2407910
2025-09-30 00:00:00+05:30,3.6,3.73,3.6,3.63,1008236
2025-10-01 00:00:00+05:30,3.56,3.74,3.52,3.73,2697894
2025-10-03 00:00:00+05:30,3.8,3.8,3.56,3.73,1059103
2025-10-06 00:00:00+05:30,3.67,3.73,3.63,3.64,426417
2025-10-07 00:00:00+05:30,3.7,3.7,3.64,3.65,269760
2025-10-08 00:00:00+05:30,3.77,4.27,3.77,3.87,4776059
2025-10-09 00:00:00+05:30,3.97,3.97,3.68,3.9,3177148
2025-10-10 00:00:00+05:30,3.9,4.07,3.9,4.04,2678728
2025-10-13 00:00:00+05:30,4.21,4.69,3.98,4.15,6230221
2025-10-14 00:00:00+05:30,4.17,4.25,4.04,4.17,1759432
2025-10-15 00:00:00+05:30,4.29,4.29,4.07,4.16,1435280
2025-10-16 00:00:00+05:30,4.32,4.32,4.18,4.23,2135612
2025-10-17 00:00:00+05:30,4.25,4.26,4.1,4.16,1066904
2025-10-20 00:00:00+05:30,4.26,4.36,4.15,4.22,4896700
2025-10-21 00:00:00+05:30,4.43,4.43,4.19,4.23,759378
2025-10-23 00:00:00+05:30,4.23,4.27,4.12,4.22,858679
2025-10-24 00:00:00+05:30,4.17,4.19,4.12,4.16,608654
2025-10-27 00:00:00+05:30,4.12,4.17,4.0,4.06,575258
2025-10-28 00:00:00+05:30,4.11,4.11,3.77,3.84,867536
2025-10-29 00:00:00+05:30,3.96,4.61,3.9,4.61,15699961
2025-10-30 00:00:00+05:30,4.67,4.84,4.42,4.72,22554488
2025-10-31 00:00:00+05:30,4.79,4.99,4.4,4.63,32087688
2025-11-03 00:00:00+05:30,4.63,4.7,4.37,4.52,2284456
2025-11-04 00:00:00+05:30,4.63,4.88,4.1,4.44,4736301
2025-11-06 00:00:00+05:30,4.42,4.56,4.2,4.27,2675243
2025-11-07 00:00:00+05:30,4.39,4.39,4.17,4.23,1117203
2025-11-10 00:00:00+05:30,4.27,4.27,4.17,4.18,642543
2025-11-11 00:00:00+05:30,4.17,4.26,4.03,4.13,1063577
2025-11-12 00:00:00+05:30,4.13,4.27,4.13,4.15,599055
2025-11-13 00:00:00+05:30,4.13,4.62,4.12,4.15,1091548
2025-11-14 00:00:00+05:30,4.08,4.19,4.07,4.17,755467
2025-11-17 00:00:00+05:30,4.14,4.14,3.93,3.98,1243947
2025-11-18 00:00:00+05:30,3.99,4.11,3.91,3.97,864994
2025-11-19 00:00:00+05:30,3.91,3.97,3.77,3.8,1083077
2025-11-20 00:00:00+05:30,3.82,4.27,3.82,4.0,3407424
2025-11-21 00:00:00+05:30,4.0,4.07,3.95,4.02,892530
2025-11-24 00:00:00+05:30,3.97,4.04,3.81,3.82,1196815
2025-11-25 00:00:00+05:30,3.92,3.92,3.77,3.8,486988
2025-11-26 00:00:00+05:30,3.85,3.9,3.79,3.9,407869
2025-11-27 00:00:00+05:30,3.92,4.06,3.8,3.91,2762972
2025-11-28 00:00:00+05:30,3.87,4.13,3.68,4.07,5938557
2025-12-01 00:00:00+05:30,4.1,4.5,4.06,4.46,6879830
2025-12-02 00:00:00+05:30,4.66,4.66,4.42,4.48,3941227
2025-12-03 00:00:00+05:30,4.55,4.55,4.37,4.5,2253269
2025-12-04 00:00:00+05:30,4.62,4.72,4.36,4.54,2248825
2025-12-05 00:00:00+05:30,4.66,4.71,4.46,4.47,1471370
2025-12-08 00:00:00+05:30,4.53,4.6,4.19,4.2,3174467
2025-12-09 00:00:00+05:30,4.24,4.3,4.07,4.14,1110879
2025-12-10 00:00:00+05:30,4.25,4.29,4.02,4.05,1419483
2025-12-11 00:00:00+05:30,4.1,4.1,3.97,4.07,1485043
2025-12-12 00:00:00+05:30,3.97,4.21,3.97,4.05,946382
2025-12-15 00:00:00+05:30,4.41,4.46,4.04,4.42,4305979
2025-12-16 00:00:00+05:30,4.48,4.78,4.47,4.74,6741945
2025-12-17 00:00:00+05:30,4.82,4.88,4.59,4.82,3928273
2025-12-18 00:00:00+05:30,4.83,4.92,4.58,4.82,4537281
2025-12-19 00:00:00+05:30,4.82,4.86,4.82,4.82,4279554
2025-12-22 00:00:00+05:30,4.82,4.91,4.82,4.87,2313363
2025-12-23 00:00:00+05:30,4.92,4.99,4.92,4.93,4413119
2025-12-24 00:00:00+05:30,4.93,4.97,4.93,4.93,2303238
2025-12-26 00:00:00+05:30,4.98,4.99,4.88,4.89,2164548
2025-12-29 00:00:00+05:30,4.92,4.95,4.92,4.92,2016068
2025-12-30 00:00:00+05:30,4.94,5.01,4.92,4.97,3160692
2025-12-31 00:00:00+05:30,4.97,5.0,4.96,4.98,1894664
2026-01-01 00:00:00+05:30,4.97,5.01,4.97,4.98,920351
2026-01-02 00:00:00+05:30,4.97,5.01,4.97,4.98,2610745
2026-01-05 00:00:00+05:30,5.02,5.23,5.02,5.12,4108687
2026-01-06 00:00:00+05:30,5.17,5.44,5.17,5.27,5555883
2026-01-07 00:00:00+05:30,5.31,5.51,5.29,5.37,10814561
2026-01-08 00:00:00+05:30,5.41,5.45,5.34,5.38,4107264
2026-01-09 00:00:00+05:30,5.38,5.44,4.98,5.37,9156728
2026-01-12 00:00:00+05:30,5.37,5.38,4.57,5.0,10021768
2026-01-13 00:00:00+05:30,4.97,5.22,4.88,5.18,3351163
2026-01-14 00:00:00+05:30,5.21,5.3,5.17,5.18,1597110
2026-01-16 00:00:00+05:30,5.18,5.23,5.17,5.17,1221180
2026-01-19 00:00:00+05:30,5.17,5.22,5.17,5.18,2174629
2026-01-20 00:00:00+05:30,5.17,5.25,5.17,5.21,1824912
2026-01-21 00:00:00+05:30,5.39,5.41,4.97,5.01,1973272
2026-01-22 00:00:00+05:30,5.36,5.41,4.87,4.89,1541864
2026-01-23 00:00:00+05:30,4.94,5.22,4.87,4.87,2364343
2026-01-27 00:00:00+05:30,4.87,4.96,4.77,4.87,2424691
2026-01-28 00:00:00+05:30,5.27,5.28,4.88,4.91,1429850
2026-01-29 00:00:00+05:30,5.17,5.17,4.72,4.77,2937551
2026-01-30 00:00:00+05:30,4.96,4.96,4.72,4.79,740595
2026-02-01 00:00:00+05:30,4.92,4.94,4.77,4.77,503746
2026-02-02 00:00:00+05:30,4.8,4.89,4.68,4.87,2405616
2026-02-03 00:00:00+05:30,4.89,5.13,4.87,4.87,908680
2026-02-04 00:00:00+05:30,4.88,4.94,4.79,4.81,648108
2026-02-05 00:00:00+05:30,4.75,5.07,4.73,4.73,578231
2026-02-06 00:00:00+05:30,4.91,4.92,4.74,4.86,2069132
2026-02-09 00:00:00+05:30,4.89,4.89,4.73,4.74,936161
2026-02-10 00:00:00+05:30,4.84,4.84,4.72,4.72,1198256
2026-02-11 00:00:00+05:30,4.76,4.79,4.72,4.72,4731625
2026-02-12 00:00:00+05:30,4.73,4.75,4.72,4.72,1321684
2026-02-13 00:00:00+05:30,4.72,4.75,4.72,4.73,721164
2026-02-16 00:00:00+05:30,4.75,4.75,4.68,4.68,682619
2026-02-17 00:00:00+05:30,4.77,4.8,4.72,4.73,2658047
2026-02-18 00:00:00+05:30,4.73,4.76,4.67,4.75,520880
2026-02-19 00:00:00+05:30,4.77,4.78,4.61,4.72,2011531
2026-02-20 00:00:00+05:30,4.69,4.73,4.62,4.72,3047086
2026-02-23 00:00:00+05:30,4.78,4.92,4.69,4.83,940746
2026-02-24 00:00:00+05:30,4.86,4.9,4.69,4.74,2352660
2026-02-25 00:00:00+05:30,4.76,4.84,4.71,4.78,2441368
2026-02-26 00:00:00+05:30,4.79,4.87,4.75,4.78,2321446
2026-02-27 00:00:00+05:30,4.78,4.89,4.74,4.88,3966400
2026-03-02 00:00:00+05:30,4.75,4.88,4.72,4.83,1991484
2026-03-04 00:00:00+05:30,4.85,4.85,4.65,4.72,712742
2026-03-05 00:00:00+05:30,4.77,4.92,4.69,4.83,1850010
2026-03-06 00:00:00+05:30,4.96,4.97,4.8,4.93,488483
2026-03-09 00:00:00+05:30,4.93,4.93,4.67,4.75,806998
2026-03-10 00:00:00+05:30,4.88,4.99,4.7,4.76,2284215
2026-03-11 00:00:00+05:30,4.85,4.85,4.73,4.77,420788
2026-03-12 00:00:00+05:30,4.86,4.87,4.71,4.79,2192274
2026-03-13 00:00:00+05:30,4.84,4.85,4.62,4.69,4419164
2026-03-16 00:00:00+05:30,4.77,4.79,4.67,4.68,1073192
2026-03-17 00:00:00+05:30,4.76,4.77,4.64,4.66,394742
2026-03-18 00:00:00+05:30,4.75,4.79,4.69,4.74,3261061
2026-03-19 00:00:00+05:30,4.75,4.75,4.66,4.67,1716130
2026-03-20 00:00:00+05:30,4.75,4.76,4.49,4.62,1803325
2026-03-23 00:00:00+05:30,4.67,4.7,4.19,4.36,837571
2026-03-24 00:00:00+05:30,4.52,4.77,4.52,4.62,1532390
2026-03-25 00:00:00+05:30,4.74,4.79,4.64,4.76,1622842
2026-03-27 00:00:00+05:30,4.84,4.84,4.63,4.65,2067030
2026-03-30 00:00:00+05:30,4.77,4.77,4.32,4.6,1292579
2026-04-01 00:00:00+05:30,4.77,4.82,4.73,4.75,1025415
2026-04-02 00:00:00+05:30,4.84,4.84,4.69,4.78,4852192
2026-04-06 00:00:00+05:30,4.87,4.97,4.82,4.89,1624144
2026-04-07 00:00:00+05:30,4.97,5.0,4.91,4.92,2412428
2026-04-08 00:00:00+05:30,4.97,4.97,4.87,4.93,1660404
2026-04-09 00:00:00+05:30,4.95,4.97,4.92,4.95,1224024
2026-04-10 00:00:00+05:30,4.97,4.98,4.92,4.94,396343
2026-04-13 00:00:00+05:30,4.95,5.01,4.81,4.9,3689181
2026-04-15 00:00:00+05:30,5.01,5.12,5.0,5.05,2087925
2026-04-16 00:00:00+05:30,5.11,5.12,5.05,5.05,1714902
2026-04-17 00:00:00+05:30,5.09,5.11,5.05,5.05,318782
2026-04-20 00:00:00+05:30,5.17,5.29,5.12,5.16,926147
2026-04-21 00:00:00+05:30,5.26,5.39,5.06,5.11,6740674
2026-04-22 00:00:00+05:30,5.26,5.42,5.16,5.27,2358816
2026-04-23 00:00:00+05:30,5.32,5.39,5.26,5.27,815783
2026-04-24 00:00:00+05:30,5.28,5.32,5.25,5.27,630418
2026-04-27 00:00:00+05:30,5.38,5.41,5.25,5.27,652633
2026-04-28 00:00:00+05:30,5.34,5.34,5.22,5.3,1907381
2026-04-29 00:00:00+05:30,5.41,5.56,5.35,5.42,2930206
2026-04-30 00:00:00+05:30,5.42,5.46,5.22,5.42,2166472
2026-05-04 00:00:00+05:30,5.47,5.54,5.38,5.5,3441860
2026-05-05 00:00:00+05:30,5.66,5.71,5.55,5.57,1737723
2026-05-06 00:00:00+05:30,5.71,5.75,5.54,5.61,2890938
2026-05-07 00:00:00+05:30,5.72,5.84,5.62,5.7,2039078
2026-05-08 00:00:00+05:30,5.71,5.76,5.63,5.74,2075337
2026-05-11 00:00:00+05:30,5.76,5.79,5.58,5.64,1319521
2026-05-12 00:00:00+05:30,5.67,5.76,5.48,5.56,5688079
2026-05-13 00:00:00+05:30,5.61,5.7,5.33,5.44,5234766
2026-05-14 00:00:00+05:30,5.56,5.73,5.51,5.57,1276874
2026-05-15 00:00:00+05:30,5.65,5.68,5.4,5.48,3355775
2026-05-18 00:00:00+05:30,5.59,5.59,5.2,5.37,5325820
2026-05-19 00:00:00+05:30,5.45,5.45,5.08,5.16,1792479
2026-05-20 00:00:00+05:30,5.21,5.21,4.92,5.02,2134535
2026-05-21 00:00:00+05:30,5.13,5.22,5.04,5.18,1872867
2026-05-22 00:00:00+05:30,5.27,5.27,5.01,5.03,955631
2026-05-25 00:00:00+05:30,5.16,5.29,5.07,5.22,3809538
2026-05-26 00:00:00+05:30,5.28,5.43,5.16,5.16,12857930
2026-05-27 00:00:00+05:30,5.36,5.39,5.25,5.3,3991219
2026-05-29 00:00:00+05:30,5.4,5.44,5.0,5.04,13837262
2026-06-01 00:00:00+05:30,5.09,5.38,4.79,4.84,6871030
2026-06-02 00:00:00+05:30,5.0,5.42,4.78,4.81,24544152
2026-06-03 00:00:00+05:30,4.97,5.32,4.68,5.29,20698069
2026-06-04 00:00:00+05:30,5.38,5.38,4.8,4.86,11335717
2026-06-05 00:00:00+05:30,4.93,4.99,4.84,4.93,2164139
2026-06-08 00:00:00+05:30,4.98,5.0,4.74,4.77,11293919
2026-06-09 00:00:00+05:30,5.1,5.2,4.63,4.72,8514516
2026-06-10 00:00:00+05:30,4.98,4.98,4.64,4.65,14965353
2026-06-11 00:00:00+05:30,4.7,4.71,4.64,4.65,2495409
2026-06-12 00:00:00+05:30,4.7,4.8,4.59,4.73,17032923
2026-06-15 00:00:00+05:30,4.8,4.94,4.79,4.93,7213206
2026-06-16 00:00:00+05:30,5.06,5.06,4.63,4.66,20342663
2026-06-17 00:00:00+05:30,4.69,4.7,4.64,4.66,2266880
2026-06-18 00:00:00+05:30,4.68,4.68,4.62,4.65,5274389
2026-06-19 00:00:00+05:30,4.69,4.76,4.64,4.66,5842697
2026-06-22 00:00:00+05:30,4.64,4.69,4.57,4.59,4704103
2026-06-23 00:00:00+05:30,4.65,4.65,4.53,4.57,5797490
2026-06-24 00:00:00+05:30,4.56,4.56,4.35,4.39,1379942
2026-06-25 00:00:00+05:30,4.45,4.65,4.0,4.08,17537240
2026-06-29 00:00:00+05:30,4.15,4.15,3.86,4.05,2205074
2026-06-30 00:00:00+05:30,4.11,4.24,4.09,4.13,2683033
2026-07-01 00:00:00+05:30,4.16,4.25,4.14,4.15,1918963
2026-07-02 00:00:00+05:30,4.16,4.9,4.14,4.74,12197006
2026-07-03 00:00:00+05:30,4.79,4.96,4.67,4.86,11042866
2026-07-06 00:00:00+05:30,4.99,5.23,4.9,5.11,14170345
2026-07-07 00:00:00+05:30,5.21,5.23,4.66,4.8,19646888
2026-07-08 00:00:00+05:30,4.79,4.91,4.55,4.61,9153144
2026-07-09 00:00:00+05:30,4.64,4.67,4.55,4.58,6532999
2026-07-10 00:00:00+05:30,4.65,4.79,4.6,4.65,1714847
2026-07-13 00:00:00+05:30,4.68,4.71,4.64,4.64,2582702
2026-07-14 00:00:00+05:30,4.67,4.69,4.57,4.66,1828847
2026-07-15 00:00:00+05:30,4.68,4.7,4.57,4.63,479391
2026-07-16 00:00:00+05:30,4.68,4.68,4.52,4.59,3068773
2026-07-17 00:00:00+05:30,4.61,4.61,4.5,4.53,1304521
2026-07-20 00:00:00+05:30,4.53,4.55,4.32,4.43,8355949
2026-07-21 00:00:00+05:30,4.43,4.43,4.32,4.35,3487323
2026-07-22 00:00:00+05:30,4.4,4.44,4.25,4.33,1839477
2026-07-23 00:00:00+05:30,4.36,4.76,4.3,4.74,5672151
2026-07-24 00:00:00+05:30,4.95,5.13,4.17,4.37,36638747
2026-07-27 00:00:00+05:30,4.38,4.8,4.37,4.56,10711590
2026-07-28 00:00:00+05:30,4.51,4.58,4.07,4.1,13422373
2026-07-29 00:00:00+05:30,4.15,4.21,3.38,3.71,32343133
2026-07-30 00:00:00+05:30,3.68,3.94,3.67,3.91,4192924
2026-07-31 00:00:00+05:30,3.9,4.04,3.72,3.84,4926065
2026-08-03 00:00:00+05:30,3.96,4.08,3.92,4.01,1845572
2026-08-04 00:00:00+05:30,4.09,4.28,3.82,4.01,9293182
2026-08-05 00:00:00+05:30,4.05,4.13,3.85,3.92,7715821
2026-08-06 00:00:00+05:30,3.94,3.96,3.86,3.89,1281675
2026-08-07 00:00:00+05:30,3.89,3.95,3.86,3.91,997550
2026-08-10 00:00:00+05:30,3.95,3.98,3.85,3.91,2843818
2026-08-11 00:00:00+05:30,3.9,4.09,3.9,4.05,9317922
2026-08-12 00:00:00+05:30,4.05,4.19,4.02,4.09,3743749
2026-08-13 00:00:00+05:30,4.15,4.28,4.09,4.16,10567230
2026-08-14 00:00:00+05:30,4.24,4.24,4.03,4.1,3426265
2026-08-17 00:00:00+05:30,4.14,4.14,4.0,4.03,1561539
2026-08-18 00:00:00+05:30,4.02,4.1,3.93,3.96,2802292
2026-08-19 00:00:00+05:30,4.05,4.05,3.9,3.91,1242173
2026-08-20 00:00:00+05:30,4.03,4.05,3.9,3.95,3308394
2026-08-21 00:00:00+05:30,3.98,4.05,3.16,3.33,5879851
2026-08-24 00:00:00+05:30,3.67,3.99,3.5,3.99,7806929
2026-08-25 00:00:00+05:30,4.36,4.36,3.2,3.2,54859459
2026-08-26 00:00:00+05:30,3.3,3.47,2.56,3.16,73588161
2026-08-27 00:00:00+05:30,3.2,3.79,3.14,3.78,43893037
2026-08-28 00:00:00+05:30,3.94,3.95,3.63,3.74,10826338
2026-08-31 00:00:00+05:30,3.83,3.83,3.49,3.61,4193267
2026-09-01 00:00:00+05:30,3.61,3.8,3.49,3.67,4819906
2026-09-02 00:00:00+05:30,3.67,3.68,3.5,3.57,976261
2026-09-03 00:00:00+05:30,3.64,3.64,3.48,3.49,1834414
2026-09-04 00:00:00+05:30,3.53,3.6,3.45,3.51,1297179
2026-09-07 00:00:00+05:30,3.51,3.6,3.44,3.46,1158873
2026-09-08 00:00:00+05:30,3.49,3.49,3.34,3.36,1797981
2026-09-09 00:00:00+05:30,3.42,3.61,3.25,3.51,4466881
2026-09-10 00:00:00+05:30,3.54,3.66,3.46,3.54,3922764
2026-09-11 00:00:00+05:30,3.58,3.58,3.48,3.51,945289
2026-09-15 00:00:00+05:30,3.5,3.5,3.19,3.35,1406837
2026-09-16 00:00:00+05:30,3.39,3.4,3.31,3.34,822276
2026-09-17 00:00:00+05:30,3.35,3.38,3.29,3.3,3004944
2026-09-18 00:00:00+05:30,3.32,3.32,3.26,3.28,392673
2026-09-21 00:00:00+05:30,3.29,3.34,3.27,3.29,501891
2026-09-22 00:00:00+05:30,3.32,3.32,3.23,3.25,843480
2026-09-23 00:00:00+05:30,3.24,3.29,3.22,3.25,1707745
2026-09-24 00:00:00+05:30,3.22,3.26,3.19,3.2,1595392
2026-09-25 00:00:00+05:30,3.2,3.24,3.17,3.23,1640107
