Date,Open,High,Low,Close,Volume
2015-12-28 00:00:00+05:30,156.32,163.16,156.32,158.47,195047
2015-12-29 00:00:00+05:30,158.27,163.16,158.27,159.4,44140
2015-12-30 00:00:00+05:30,158.86,166.87,158.86,165.31,83606
2015-12-31 00:00:00+05:30,165.65,168.04,159.84,162.62,66678
2016-01-01 00:00:00+05:30,165.99,182.45,163.26,173.22,2432275
2016-01-04 00:00:00+05:30,174.39,190.42,172.93,187.39,1244218
2016-01-05 00:00:00+05:30,187.97,212.89,187.93,205.71,1392617
2016-01-06 00:00:00+05:30,206.64,214.84,198.38,203.41,614261
2016-01-07 00:00:00+05:30,199.8,201.16,178.2,182.65,1639918
2016-01-08 00:00:00+05:30,186.56,198.82,184.9,197.06,546462
2016-01-11 00:00:00+05:30,196.38,198.33,185.73,192.81,219105
2016-01-12 00:00:00+05:30,193.84,197.31,185.73,187.93,210858
2016-01-13 00:00:00+05:30,191.49,192.32,156.37,173.71,5807291
2016-01-14 00:00:00+05:30,170.0,179.77,164.14,173.32,572644
2016-01-15 00:00:00+05:30,175.27,176.45,158.52,160.37,377898
2016-01-18 00:00:00+05:30,157.3,166.09,141.03,145.43,318305
2016-01-19 00:00:00+05:30,146.55,160.23,145.96,157.93,244961
2016-01-20 00:00:00+05:30,155.34,155.34,140.69,146.99,282662
2016-01-21 00:00:00+05:30,150.85,160.62,147.53,157.3,202351
2016-01-22 00:00:00+05:30,161.11,170.0,158.52,165.02,475691
2016-01-25 00:00:00+05:30,167.95,169.8,162.43,164.18,80277
2016-01-27 00:00:00+05:30,164.38,167.26,162.28,163.16,69800
2016-01-28 00:00:00+05:30,164.23,170.78,163.4,165.06,129140
2016-01-29 00:00:00+05:30,166.77,169.02,164.23,165.85,243083
2016-02-01 00:00:00+05:30,167.95,172.93,162.77,165.85,350340
2016-02-02 00:00:00+05:30,166.09,168.14,158.27,159.84,104386
2016-02-03 00:00:00+05:30,157.39,160.42,151.43,152.9,158696
2016-02-04 00:00:00+05:30,153.83,157.83,146.94,150.12,77499
2016-02-05 00:00:00+05:30,150.46,161.89,148.99,160.08,136026
2016-02-08 00:00:00+05:30,158.27,160.96,152.9,154.22,69820
2016-02-09 00:00:00+05:30,146.75,152.8,144.6,148.36,124031
2016-02-10 00:00:00+05:30,145.67,151.39,145.57,149.33,132452
2016-02-11 00:00:00+05:30,147.53,151.43,129.65,133.41,126900
2016-02-12 00:00:00+05:30,134.29,137.76,125.54,133.46,102326
2016-02-15 00:00:00+05:30,135.56,151.19,135.56,139.61,47792
2016-02-16 00:00:00+05:30,139.71,142.59,131.6,132.63,38719
2016-02-17 00:00:00+05:30,132.63,136.78,127.99,133.6,56054
2016-02-18 00:00:00+05:30,134.24,141.66,133.85,137.61,71574
2016-02-19 00:00:00+05:30,136.73,139.22,134.09,136.73,29099
2016-02-22 00:00:00+05:30,142.64,142.64,135.02,136.05,21313
2016-02-23 00:00:00+05:30,136.88,138.2,130.04,130.82,68307
2016-02-24 00:00:00+05:30,129.4,131.8,128.04,131.02,36327
2016-02-25 00:00:00+05:30,131.7,131.7,124.08,126.08,59726
2016-02-26 00:00:00+05:30,126.81,129.94,124.47,125.01,54075
2016-02-29 00:00:00+05:30,125.06,128.96,119.15,122.91,53048
2016-03-01 00:00:00+05:30,125.98,139.71,122.22,137.02,121458
2016-03-02 00:00:00+05:30,138.64,148.5,137.76,147.23,169241
2016-03-03 00:00:00+05:30,147.53,150.65,143.03,145.38,69675
2016-03-04 00:00:00+05:30,145.57,149.48,142.15,144.3,68796
2016-03-08 00:00:00+05:30,144.21,147.53,133.95,136.1,85219
2016-03-09 00:00:00+05:30,134.83,139.22,133.12,136.44,62769
2016-03-10 00:00:00+05:30,136.78,140.2,132.97,135.85,82403
2016-03-11 00:00:00+05:30,138.49,144.35,136.14,136.83,474718
2016-03-14 00:00:00+05:30,137.76,140.15,134.53,135.85,108779
2016-03-15 00:00:00+05:30,135.27,141.66,134.44,138.15,151815
2016-03-16 00:00:00+05:30,137.37,141.18,135.85,138.05,152190
2016-03-17 00:00:00+05:30,139.47,144.6,137.27,138.29,201094
2016-03-18 00:00:00+05:30,138.49,140.64,136.1,137.42,133329
2016-03-21 00:00:00+05:30,137.66,139.61,133.36,136.49,169685
2016-03-22 00:00:00+05:30,136.78,138.15,131.26,132.09,428223
2016-03-23 00:00:00+05:30,131.89,134.34,131.5,131.85,102284
2016-03-28 00:00:00+05:30,131.89,133.75,126.23,127.16,117097
2016-03-29 00:00:00+05:30,127.01,130.23,124.86,127.45,65398
2016-03-30 00:00:00+05:30,128.38,135.31,128.38,132.58,160258
2016-03-31 00:00:00+05:30,132.58,133.6,129.94,130.19,517729
2016-04-01 00:00:00+05:30,131.21,134.83,130.92,131.89,128945
2016-04-04 00:00:00+05:30,133.6,140.2,132.87,139.37,219029
2016-04-05 00:00:00+05:30,138.49,139.22,135.41,136.68,84100
2016-04-06 00:00:00+05:30,136.83,143.57,136.83,142.06,174898
2016-04-07 00:00:00+05:30,141.66,143.62,136.83,141.71,104472
2016-04-08 00:00:00+05:30,141.66,145.77,139.22,143.72,138178
2016-04-11 00:00:00+05:30,143.37,146.45,143.37,144.84,89135
2016-04-12 00:00:00+05:30,144.4,148.65,144.4,145.87,115334
2016-04-13 00:00:00+05:30,146.31,153.88,146.31,152.36,161082
2016-04-18 00:00:00+05:30,152.41,153.78,148.06,150.65,146960
2016-04-20 00:00:00+05:30,151.19,157.79,148.5,153.0,664285
2016-04-21 00:00:00+05:30,154.41,155.54,151.43,152.22,118323
2016-04-22 00:00:00+05:30,151.43,152.41,149.04,149.43,104330
2016-04-25 00:00:00+05:30,149.48,151.04,143.18,145.13,74951
2016-04-26 00:00:00+05:30,144.06,146.55,142.69,145.43,70852
2016-04-27 00:00:00+05:30,144.69,149.19,144.3,145.33,56088
2016-04-28 00:00:00+05:30,145.28,147.53,140.88,141.81,50365
2016-04-29 00:00:00+05:30,141.18,143.62,139.76,140.69,49101
2016-05-02 00:00:00+05:30,142.69,146.31,142.69,143.72,153770
2016-05-03 00:00:00+05:30,143.33,145.28,141.37,142.01,36726
2016-05-04 00:00:00+05:30,141.66,144.25,138.73,141.32,114011
2016-05-05 00:00:00+05:30,140.69,140.69,135.56,136.34,101665
2016-05-06 00:00:00+05:30,138.15,139.22,134.92,136.24,64822
2016-05-09 00:00:00+05:30,137.46,141.37,135.8,140.2,74973
2016-05-10 00:00:00+05:30,139.71,142.54,139.71,140.59,72201
2016-05-11 00:00:00+05:30,137.76,141.57,136.78,138.69,54684
2016-05-12 00:00:00+05:30,138.0,140.69,136.29,137.12,101323
2016-05-13 00:00:00+05:30,136.39,139.22,135.8,137.56,42098
2016-05-16 00:00:00+05:30,136.93,141.42,136.93,140.69,78653
2016-05-17 00:00:00+05:30,142.06,142.54,136.88,139.52,40062
2016-05-18 00:00:00+05:30,139.32,144.5,136.83,138.39,412118
2016-05-19 00:00:00+05:30,140.69,141.66,135.85,136.54,105636
2016-05-20 00:00:00+05:30,137.76,138.54,134.83,135.36,76077
2016-05-23 00:00:00+05:30,136.83,137.76,135.22,136.05,34954
2016-05-24 00:00:00+05:30,136.83,136.83,133.65,134.53,31845
2016-05-25 00:00:00+05:30,135.31,138.25,135.31,135.8,272410
2016-05-26 00:00:00+05:30,135.27,137.17,134.83,136.58,41184
2016-05-27 00:00:00+05:30,136.73,137.46,135.9,136.49,40276
2016-05-30 00:00:00+05:30,136.58,147.67,136.58,143.67,323596
2016-05-31 00:00:00+05:30,144.11,146.06,141.57,143.37,63341
2016-06-01 00:00:00+05:30,143.37,146.5,142.64,143.23,57153
2016-06-02 00:00:00+05:30,142.69,146.06,142.54,143.37,49012
2016-06-03 00:00:00+05:30,142.3,144.6,141.66,142.45,33042
2016-06-06 00:00:00+05:30,141.76,143.33,138.93,142.1,56915
2016-06-07 00:00:00+05:30,142.35,142.4,138.73,139.76,29101
2016-06-08 00:00:00+05:30,138.73,143.28,138.73,141.32,26290
2016-06-09 00:00:00+05:30,140.69,146.99,139.96,145.04,78051
2016-06-10 00:00:00+05:30,145.57,146.55,141.66,142.3,52943
2016-06-13 00:00:00+05:30,140.49,144.55,139.66,140.69,39747
2016-06-14 00:00:00+05:30,140.49,142.59,139.32,139.86,25857
2016-06-15 00:00:00+05:30,140.64,143.03,139.12,140.93,50401
2016-06-16 00:00:00+05:30,141.47,143.72,138.78,139.86,55877
2016-06-17 00:00:00+05:30,140.44,141.81,139.08,140.44,49107
2016-06-20 00:00:00+05:30,139.03,141.62,138.73,139.17,37775
2016-06-21 00:00:00+05:30,138.83,139.66,137.27,137.66,60662
2016-06-22 00:00:00+05:30,137.76,140.69,137.71,139.76,37104
2016-06-23 00:00:00+05:30,139.86,139.86,138.05,138.69,33095
2016-06-24 00:00:00+05:30,134.92,136.78,130.92,133.46,94705
2016-06-27 00:00:00+05:30,133.46,136.78,132.09,134.09,43615
2016-06-28 00:00:00+05:30,134.24,136.0,132.38,133.75,89108
2016-06-29 00:00:00+05:30,134.19,136.68,133.85,136.05,49497
2016-06-30 00:00:00+05:30,136.29,149.97,136.29,144.11,381770
2016-07-01 00:00:00+05:30,144.6,153.19,144.5,149.97,262176
2016-07-04 00:00:00+05:30,150.95,159.93,149.97,157.59,282224
2016-07-05 00:00:00+05:30,157.3,158.27,152.41,153.83,58760
2016-07-07 00:00:00+05:30,159.2,163.65,156.56,158.52,502935
2016-07-08 00:00:00+05:30,158.27,159.93,154.41,156.66,153979
2016-07-11 00:00:00+05:30,158.42,160.33,156.52,157.93,85449
2016-07-12 00:00:00+05:30,157.3,160.37,156.32,157.69,120464
2016-07-13 00:00:00+05:30,156.56,158.42,150.46,155.39,49663
2016-07-14 00:00:00+05:30,155.73,156.91,154.37,155.34,39777
2016-07-15 00:00:00+05:30,155.59,157.2,153.05,154.17,82830
2016-07-18 00:00:00+05:30,154.37,156.32,150.51,151.92,46761
2016-07-19 00:00:00+05:30,152.07,152.9,149.14,150.31,30793
2016-07-20 00:00:00+05:30,150.41,154.81,149.97,154.27,33938
2016-07-21 00:00:00+05:30,154.32,157.88,153.49,156.27,192680
2016-07-22 00:00:00+05:30,155.34,158.52,155.34,157.44,671192
2016-07-25 00:00:00+05:30,157.74,159.2,155.34,157.64,339131
2016-07-26 00:00:00+05:30,157.3,159.01,156.61,157.0,74882
2016-07-27 00:00:00+05:30,155.39,158.27,155.34,156.76,104098
2016-07-28 00:00:00+05:30,157.1,161.11,155.34,156.47,61015
2016-07-29 00:00:00+05:30,155.34,159.89,154.66,157.64,49023
2016-08-01 00:00:00+05:30,157.35,159.35,155.34,155.78,94263
2016-08-02 00:00:00+05:30,155.2,156.37,150.95,152.12,48185
2016-08-03 00:00:00+05:30,151.24,156.32,146.75,151.24,68570
2016-08-04 00:00:00+05:30,151.24,154.02,148.5,150.46,41449
2016-08-05 00:00:00+05:30,150.12,154.37,150.12,152.85,44871
2016-08-08 00:00:00+05:30,153.83,164.43,153.83,157.05,922658
2016-08-09 00:00:00+05:30,160.72,160.72,154.37,154.76,117691
2016-08-10 00:00:00+05:30,154.85,158.27,150.65,151.48,97011
2016-08-11 00:00:00+05:30,152.22,161.2,152.22,155.73,115681
2016-08-12 00:00:00+05:30,155.88,158.27,154.41,155.15,46820
2016-08-16 00:00:00+05:30,155.2,157.3,146.75,150.75,50321
2016-08-17 00:00:00+05:30,150.26,153.39,150.26,150.95,38255
2016-08-18 00:00:00+05:30,151.04,156.81,151.04,152.41,621041
2016-08-19 00:00:00+05:30,152.51,154.27,151.68,152.75,70643
2016-08-22 00:00:00+05:30,152.41,153.63,148.6,151.43,42931
2016-08-23 00:00:00+05:30,150.95,152.02,149.09,149.77,28294
2016-08-24 00:00:00+05:30,149.29,155.59,148.21,154.51,306275
2016-08-25 00:00:00+05:30,154.76,162.57,154.76,158.76,443421
2016-08-26 00:00:00+05:30,160.52,163.16,158.96,161.74,152134
2016-08-29 00:00:00+05:30,161.2,161.2,156.32,159.5,35212
2016-08-30 00:00:00+05:30,161.06,161.2,158.27,158.47,66058
2016-08-31 00:00:00+05:30,157.49,161.79,155.34,156.66,60052
2016-09-01 00:00:00+05:30,156.32,159.1,154.56,155.34,40169
2016-09-02 00:00:00+05:30,155.34,158.27,154.95,157.15,28661
2016-09-06 00:00:00+05:30,157.49,159.15,155.64,156.47,21848
2016-09-07 00:00:00+05:30,156.32,157.93,149.63,154.66,90187
2016-09-08 00:00:00+05:30,153.39,157.0,153.39,155.59,36351
2016-09-09 00:00:00+05:30,154.81,157.3,153.39,155.78,43889
2016-09-12 00:00:00+05:30,152.51,155.34,149.97,151.19,42976
2016-09-14 00:00:00+05:30,150.51,154.46,150.51,151.19,26126
2016-09-15 00:00:00+05:30,150.46,152.8,149.48,150.8,37116
2016-09-16 00:00:00+05:30,151.43,155.34,150.02,150.6,62832
2016-09-19 00:00:00+05:30,150.56,156.52,150.56,152.8,61322
2016-09-20 00:00:00+05:30,151.97,154.9,151.48,151.78,25589
2016-09-21 00:00:00+05:30,151.63,153.78,151.53,151.87,16305
2016-09-22 00:00:00+05:30,153.0,155.25,151.53,154.37,22821
2016-09-23 00:00:00+05:30,154.46,158.66,152.9,154.71,63626
2016-09-26 00:00:00+05:30,154.37,155.25,151.43,152.12,54883
2016-09-27 00:00:00+05:30,155.05,164.72,151.48,156.96,382000
2016-09-28 00:00:00+05:30,157.79,159.69,156.32,156.81,70818
2016-09-29 00:00:00+05:30,156.32,158.57,144.6,146.84,137122
2016-09-30 00:00:00+05:30,146.89,153.39,145.82,152.85,77722
2016-10-03 00:00:00+05:30,153.0,155.34,152.41,153.63,105085
2016-10-04 00:00:00+05:30,152.9,154.46,151.43,153.39,76044
2016-10-05 00:00:00+05:30,153.63,154.27,151.83,152.85,51427
2016-10-06 00:00:00+05:30,152.95,154.85,152.31,152.41,48984
2016-10-07 00:00:00+05:30,152.41,154.37,151.34,151.53,24645
2016-10-10 00:00:00+05:30,152.12,155.29,151.78,154.41,16221
2016-10-13 00:00:00+05:30,153.39,154.41,149.53,150.26,35061
2016-10-14 00:00:00+05:30,149.97,152.9,149.77,152.51,22838
2016-10-17 00:00:00+05:30,150.7,152.41,148.55,149.38,59482
2016-10-18 00:00:00+05:30,148.5,152.9,148.5,151.0,92074
2016-10-19 00:00:00+05:30,152.17,152.17,149.77,150.16,14482
2016-10-20 00:00:00+05:30,152.31,154.37,148.5,150.02,1249721
2016-10-21 00:00:00+05:30,150.65,152.9,148.02,149.09,66241
2016-10-24 00:00:00+05:30,149.58,151.34,148.5,149.09,49303
2016-10-25 00:00:00+05:30,149.82,150.6,147.23,148.06,28680
2016-10-26 00:00:00+05:30,147.58,149.48,146.55,147.09,32285
2016-10-27 00:00:00+05:30,147.92,148.06,142.15,146.75,60776
2016-10-28 00:00:00+05:30,145.96,148.02,144.79,146.5,23156
2016-10-30 00:00:00+05:30,146.55,150.02,146.11,146.7,13511
2016-11-01 00:00:00+05:30,146.5,147.92,145.57,146.21,57855
2016-11-02 00:00:00+05:30,145.08,145.91,142.15,142.59,36934
2016-11-03 00:00:00+05:30,141.76,144.01,140.2,140.64,37362
2016-11-04 00:00:00+05:30,140.0,142.45,137.27,138.54,100758
2016-11-07 00:00:00+05:30,139.32,142.45,138.88,140.54,34482
2016-11-08 00:00:00+05:30,140.2,143.52,138.29,139.08,38600
2016-11-09 00:00:00+05:30,127.11,136.68,125.01,134.73,64007
2016-11-10 00:00:00+05:30,135.66,141.23,135.61,140.25,15681
2016-11-11 00:00:00+05:30,138.73,139.66,128.13,135.27,49319
2016-11-15 00:00:00+05:30,134.87,137.56,127.3,128.43,58698
2016-11-16 00:00:00+05:30,133.85,133.85,127.06,127.89,51845
2016-11-17 00:00:00+05:30,129.26,132.87,127.99,129.84,33442
2016-11-18 00:00:00+05:30,131.21,131.85,127.65,130.53,29678
2016-11-21 00:00:00+05:30,130.92,130.92,123.59,126.81,39667
2016-11-22 00:00:00+05:30,126.86,131.89,125.06,128.43,17578
2016-11-23 00:00:00+05:30,128.04,131.41,126.03,129.89,21955
2016-11-24 00:00:00+05:30,130.92,132.92,126.52,131.06,51872
2016-11-25 00:00:00+05:30,131.06,136.44,129.94,134.97,23679
2016-11-28 00:00:00+05:30,135.22,138.73,131.89,137.51,16684
2016-11-29 00:00:00+05:30,135.85,139.52,135.8,138.54,14211
2016-11-30 00:00:00+05:30,135.61,139.66,135.61,137.46,9978
2016-12-01 00:00:00+05:30,137.37,138.73,135.36,135.95,12519
2016-12-02 00:00:00+05:30,135.95,137.76,129.99,131.46,21117
2016-12-05 00:00:00+05:30,134.24,134.24,129.99,131.65,11550
2016-12-06 00:00:00+05:30,131.65,133.65,129.94,133.26,10937
2016-12-07 00:00:00+05:30,133.26,133.26,130.92,131.36,7417
2016-12-08 00:00:00+05:30,130.92,133.51,130.92,132.24,22837
2016-12-09 00:00:00+05:30,134.68,134.68,130.28,131.85,20285
2016-12-12 00:00:00+05:30,130.09,132.58,129.75,130.48,9843
2016-12-13 00:00:00+05:30,129.94,131.41,129.55,130.43,6142
2016-12-14 00:00:00+05:30,129.01,130.87,127.21,128.23,14813
2016-12-15 00:00:00+05:30,128.23,130.43,127.3,128.43,11945
2016-12-16 00:00:00+05:30,130.33,130.92,127.55,128.57,12310
2016-12-19 00:00:00+05:30,128.23,129.99,127.5,128.82,6804
2016-12-20 00:00:00+05:30,127.74,129.84,127.01,128.13,13259
2016-12-21 00:00:00+05:30,129.6,129.65,127.21,128.43,6426
2016-12-22 00:00:00+05:30,127.01,129.11,124.27,126.86,37508
2016-12-23 00:00:00+05:30,126.52,129.94,123.25,127.94,14912
2016-12-26 00:00:00+05:30,126.52,127.94,125.54,126.57,17531
2016-12-27 00:00:00+05:30,125.74,127.01,125.54,126.37,9255
2016-12-28 00:00:00+05:30,126.52,128.96,126.03,127.06,9041
2016-12-29 00:00:00+05:30,128.38,136.83,126.08,132.14,25418
2016-12-30 00:00:00+05:30,134.83,138.73,133.85,135.56,24401
2017-01-02 00:00:00+05:30,136.24,136.24,129.55,131.55,25040
2017-01-03 00:00:00+05:30,131.55,136.78,131.55,136.39,141855
2017-01-04 00:00:00+05:30,138.73,140.0,134.34,135.07,20886
2017-01-05 00:00:00+05:30,136.78,140.1,135.85,138.39,36368
2017-01-06 00:00:00+05:30,138.39,139.71,137.42,139.52,21101
2017-01-09 00:00:00+05:30,138.78,145.57,133.46,136.1,4282476
2017-01-10 00:00:00+05:30,137.46,159.93,137.27,152.56,1382626
2017-01-11 00:00:00+05:30,152.41,154.02,146.65,151.48,142770
2017-01-12 00:00:00+05:30,146.11,156.76,146.11,150.65,85344
2017-01-13 00:00:00+05:30,151.34,155.1,147.67,149.68,35280
2017-01-16 00:00:00+05:30,151.43,154.32,147.53,150.31,38845
2017-01-17 00:00:00+05:30,150.6,154.27,148.99,152.02,36954
2017-01-18 00:00:00+05:30,152.02,154.85,149.53,154.22,54680
2017-01-19 00:00:00+05:30,154.37,154.37,150.02,150.46,17287
2017-01-20 00:00:00+05:30,149.68,150.46,142.84,148.75,33032
2017-01-23 00:00:00+05:30,151.39,154.17,145.62,148.41,14690
2017-01-24 00:00:00+05:30,148.46,154.27,145.77,153.78,56765
2017-01-25 00:00:00+05:30,149.77,159.06,149.77,158.03,143015
2017-01-27 00:00:00+05:30,156.32,158.27,151.43,155.93,48962
2017-01-30 00:00:00+05:30,155.29,157.39,153.58,156.47,60447
2017-01-31 00:00:00+05:30,156.27,156.27,151.43,152.31,26190
2017-02-01 00:00:00+05:30,151.43,159.25,150.51,157.0,42235
2017-02-02 00:00:00+05:30,156.32,157.3,152.66,154.71,21103
2017-02-03 00:00:00+05:30,155.49,156.22,151.43,153.83,41110
2017-02-06 00:00:00+05:30,150.7,158.27,150.7,154.22,49728
2017-02-07 00:00:00+05:30,154.41,157.25,149.97,151.09,38550
2017-02-08 00:00:00+05:30,149.48,155.25,149.48,151.43,64760
2017-02-09 00:00:00+05:30,152.85,158.42,150.46,151.04,98482
2017-02-10 00:00:00+05:30,152.36,152.36,148.89,149.82,26491
2017-02-13 00:00:00+05:30,151.78,153.73,145.57,147.43,43251
2017-02-14 00:00:00+05:30,146.55,153.39,145.08,147.77,130958
2017-02-15 00:00:00+05:30,149.19,149.19,142.64,143.03,30972
2017-02-16 00:00:00+05:30,142.98,148.5,141.66,147.62,39855
2017-02-17 00:00:00+05:30,149.29,151.43,144.01,144.6,28252
2017-02-20 00:00:00+05:30,144.64,147.04,143.23,144.25,53767
2017-02-21 00:00:00+05:30,143.86,148.5,143.37,144.35,94929
2017-02-22 00:00:00+05:30,145.08,146.5,142.94,143.33,47516
2017-02-23 00:00:00+05:30,143.77,144.3,141.66,142.45,23987
2017-02-27 00:00:00+05:30,144.25,144.3,141.76,143.47,13377
2017-02-28 00:00:00+05:30,143.62,144.69,142.64,143.23,14141
2017-03-01 00:00:00+05:30,142.69,144.55,142.01,143.62,80167
2017-03-02 00:00:00+05:30,144.6,145.43,139.96,140.69,29828
2017-03-03 00:00:00+05:30,143.62,143.62,139.71,141.23,18296
2017-03-06 00:00:00+05:30,141.62,143.37,139.42,141.13,31679
2017-03-07 00:00:00+05:30,143.47,143.52,139.81,140.59,22468
2017-03-08 00:00:00+05:30,140.64,141.66,139.81,141.23,36747
2017-03-09 00:00:00+05:30,141.23,141.62,137.76,139.22,16448
2017-03-10 00:00:00+05:30,139.71,140.25,137.76,138.73,32169
2017-03-14 00:00:00+05:30,142.35,145.08,137.95,140.83,587239
2017-03-15 00:00:00+05:30,144.55,153.88,143.33,151.09,333457
2017-03-16 00:00:00+05:30,151.58,157.2,149.48,153.24,163492
2017-03-17 00:00:00+05:30,154.27,155.2,150.46,151.63,65841
2017-03-20 00:00:00+05:30,152.41,155.1,151.53,154.37,43925
2017-03-21 00:00:00+05:30,152.66,154.32,148.75,150.8,29426
2017-03-22 00:00:00+05:30,149.58,151.19,147.09,148.31,16397
2017-03-23 00:00:00+05:30,150.36,161.2,148.65,158.62,616911
2017-03-24 00:00:00+05:30,160.72,173.91,159.5,169.7,978988
2017-03-27 00:00:00+05:30,169.46,173.71,166.09,170.54,209363
2017-03-28 00:00:00+05:30,172.78,174.69,168.63,171.27,193962
2017-03-29 00:00:00+05:30,171.71,175.86,167.07,168.0,94728
2017-03-30 00:00:00+05:30,170.93,172.98,169.51,170.83,89106
2017-03-31 00:00:00+05:30,171.95,183.68,170.14,179.62,406951
2017-04-03 00:00:00+05:30,178.69,185.92,174.1,184.65,220943
2017-04-05 00:00:00+05:30,186.56,190.42,181.04,186.17,323930
2017-04-06 00:00:00+05:30,187.49,187.49,174.39,181.48,312748
2017-04-07 00:00:00+05:30,181.43,184.65,179.77,180.74,110532
2017-04-10 00:00:00+05:30,182.21,183.09,178.16,180.55,157953
2017-04-11 00:00:00+05:30,180.16,183.68,178.79,181.48,105262
2017-04-12 00:00:00+05:30,183.63,183.63,172.25,177.42,117641
2017-04-13 00:00:00+05:30,178.84,185.14,178.79,181.23,122809
2017-04-17 00:00:00+05:30,178.11,189.34,176.06,188.02,232875
2017-04-18 00:00:00+05:30,190.51,191.79,177.33,183.43,115820
2017-04-19 00:00:00+05:30,184.16,186.7,180.06,182.55,54852
2017-04-20 00:00:00+05:30,183.63,186.31,181.77,185.09,79246
2017-04-21 00:00:00+05:30,185.63,189.98,181.87,187.05,80909
2017-04-24 00:00:00+05:30,189.39,190.17,183.92,189.1,105205
2017-04-25 00:00:00+05:30,190.47,191.44,185.04,187.29,95295
2017-04-26 00:00:00+05:30,185.97,189.54,182.8,184.85,77184
2017-04-27 00:00:00+05:30,185.92,185.92,181.58,183.33,26100
2017-04-28 00:00:00+05:30,184.12,188.07,182.41,186.31,47466
2017-05-02 00:00:00+05:30,186.61,187.58,183.19,184.6,24758
2017-05-03 00:00:00+05:30,184.07,187.1,183.68,186.27,41105
2017-05-04 00:00:00+05:30,184.6,187.58,182.7,185.34,48122
2017-05-05 00:00:00+05:30,183.68,186.17,180.7,183.48,45241
2017-05-08 00:00:00+05:30,186.9,191.15,182.06,187.24,88371
2017-05-09 00:00:00+05:30,190.12,190.12,184.65,186.8,38157
2017-05-10 00:00:00+05:30,186.56,196.38,185.73,191.39,151088
2017-05-11 00:00:00+05:30,189.54,194.81,188.85,191.98,221793
2017-05-12 00:00:00+05:30,189.05,192.18,187.58,191.15,49936
2017-05-15 00:00:00+05:30,186.8,193.89,186.8,191.74,168843
2017-05-16 00:00:00+05:30,209.08,209.08,199.06,200.43,1067393
2017-05-17 00:00:00+05:30,201.46,204.19,200.19,201.51,238146
2017-05-18 00:00:00+05:30,200.28,202.24,193.45,197.6,116887
2017-05-19 00:00:00+05:30,199.21,202.24,192.96,197.45,165216
2017-05-22 00:00:00+05:30,202.19,202.19,195.94,197.94,90380
2017-05-23 00:00:00+05:30,197.26,197.26,187.93,194.08,48729
2017-05-24 00:00:00+05:30,194.91,196.28,166.09,187.0,107326
2017-05-25 00:00:00+05:30,189.29,191.3,181.28,187.29,63940
2017-05-26 00:00:00+05:30,188.02,195.11,186.56,192.81,50548
2017-05-29 00:00:00+05:30,190.51,198.28,185.83,188.22,39932
2017-05-30 00:00:00+05:30,186.7,194.18,186.07,190.51,59615
2017-05-31 00:00:00+05:30,187.63,197.35,187.63,195.2,39417
2017-06-01 00:00:00+05:30,192.47,196.38,190.61,194.47,49683
2017-06-02 00:00:00+05:30,200.19,200.19,192.03,195.2,64068
2017-06-05 00:00:00+05:30,200.28,204.68,197.84,203.31,189095
2017-06-06 00:00:00+05:30,203.31,205.22,196.43,200.24,80780
2017-06-07 00:00:00+05:30,197.74,204.93,197.74,202.19,125156
2017-06-08 00:00:00+05:30,203.22,203.22,195.99,197.31,22606
2017-06-09 00:00:00+05:30,198.04,198.04,193.45,195.01,27585
2017-06-12 00:00:00+05:30,195.4,196.52,187.58,189.39,44847
2017-06-13 00:00:00+05:30,190.37,198.77,189.59,197.4,96180
2017-06-14 00:00:00+05:30,199.65,199.65,193.54,195.55,41617
2017-06-15 00:00:00+05:30,199.21,199.21,192.76,194.67,52810
2017-06-16 00:00:00+05:30,195.35,199.8,194.52,197.16,82858
2017-06-19 00:00:00+05:30,197.16,198.09,193.35,195.45,36710
2017-06-20 00:00:00+05:30,194.42,197.84,194.23,196.18,39990
2017-06-21 00:00:00+05:30,194.42,196.77,192.47,194.37,43936
2017-06-22 00:00:00+05:30,194.37,199.31,190.51,192.37,41405
2017-06-23 00:00:00+05:30,192.03,193.01,184.99,188.37,114887
2017-06-27 00:00:00+05:30,192.96,192.96,187.39,188.17,22135
2017-06-28 00:00:00+05:30,187.63,194.33,186.12,191.49,22657
2017-06-29 00:00:00+05:30,191.49,196.13,190.61,194.86,44842
2017-06-30 00:00:00+05:30,192.52,200.77,191.54,198.97,52183
2017-07-03 00:00:00+05:30,197.84,205.17,197.84,204.34,83202
2017-07-04 00:00:00+05:30,204.19,214.94,203.66,214.45,353764
2017-07-05 00:00:00+05:30,215.14,219.29,209.18,210.2,142195
2017-07-06 00:00:00+05:30,211.03,213.96,209.18,212.25,76209
2017-07-07 00:00:00+05:30,215.43,215.43,207.76,211.62,81663
2017-07-10 00:00:00+05:30,209.57,216.89,209.57,215.28,34544
2017-07-11 00:00:00+05:30,220.8,221.29,213.87,216.31,88659
2017-07-12 00:00:00+05:30,216.89,219.82,212.99,213.82,87682
2017-07-13 00:00:00+05:30,213.82,217.68,212.99,214.7,56030
2017-07-14 00:00:00+05:30,216.36,219.82,207.37,209.13,78646
2017-07-17 00:00:00+05:30,209.08,214.94,202.34,211.33,63603
2017-07-18 00:00:00+05:30,212.01,213.47,208.98,211.81,123836
2017-07-19 00:00:00+05:30,211.96,227.45,210.05,220.41,136523
2017-07-20 00:00:00+05:30,223.15,226.66,219.82,223.88,117290
2017-07-21 00:00:00+05:30,223.34,224.51,215.04,222.32,76047
2017-07-24 00:00:00+05:30,217.14,226.32,217.14,224.47,98864
2017-07-25 00:00:00+05:30,224.42,225.64,220.36,223.15,26538
2017-07-26 00:00:00+05:30,218.7,234.19,218.55,232.18,216092
2017-07-27 00:00:00+05:30,229.06,233.45,220.8,224.95,92211
2017-07-28 00:00:00+05:30,220.9,231.26,220.9,227.64,436226
2017-07-31 00:00:00+05:30,222.76,231.26,222.76,227.79,40369
2017-08-01 00:00:00+05:30,229.3,229.3,218.85,225.59,35097
2017-08-02 00:00:00+05:30,225.59,229.06,220.31,221.68,40918
2017-08-03 00:00:00+05:30,221.78,225.64,214.94,218.12,517731
2017-08-04 00:00:00+05:30,218.8,220.31,213.03,218.02,26777
2017-08-07 00:00:00+05:30,218.85,223.73,213.28,215.14,80991
2017-08-08 00:00:00+05:30,214.11,217.58,208.35,211.28,57169
2017-08-09 00:00:00+05:30,208.05,210.69,202.24,207.12,323398
2017-08-10 00:00:00+05:30,198.43,207.03,185.73,189.54,356190
2017-08-11 00:00:00+05:30,185.63,203.12,178.79,195.01,215611
2017-08-14 00:00:00+05:30,195.4,208.98,192.47,207.08,134586
2017-08-16 00:00:00+05:30,206.24,208.1,193.54,198.18,219482
2017-08-17 00:00:00+05:30,199.16,201.36,197.55,198.97,74921
2017-08-18 00:00:00+05:30,199.65,201.26,194.91,197.94,35349
2017-08-21 00:00:00+05:30,195.45,202.87,195.45,199.6,31710
2017-08-22 00:00:00+05:30,198.77,202.24,195.89,197.11,31271
2017-08-23 00:00:00+05:30,197.35,200.14,190.51,192.22,79111
2017-08-24 00:00:00+05:30,194.42,199.65,192.86,195.3,60837
2017-08-28 00:00:00+05:30,195.6,202.24,195.6,200.92,26397
2017-08-29 00:00:00+05:30,196.43,203.51,196.43,198.28,51065
2017-08-30 00:00:00+05:30,201.21,210.05,199.5,206.29,274811
2017-08-31 00:00:00+05:30,208.98,210.54,203.85,207.42,84151
2017-09-01 00:00:00+05:30,208.15,211.52,208.1,209.18,45576
2017-09-04 00:00:00+05:30,210.3,215.38,207.12,209.71,225901
2017-09-05 00:00:00+05:30,215.72,228.62,209.27,212.06,942352
2017-09-06 00:00:00+05:30,212.99,216.89,208.44,210.4,335645
2017-09-07 00:00:00+05:30,211.23,212.01,202.92,204.93,276131
2017-09-08 00:00:00+05:30,205.56,206.49,198.33,201.26,83000
2017-09-11 00:00:00+05:30,204.68,205.85,200.28,203.7,67649
2017-09-12 00:00:00+05:30,204.97,208.25,200.53,206.83,54216
2017-09-13 00:00:00+05:30,209.86,214.94,208.88,209.81,111272
2017-09-14 00:00:00+05:30,214.65,214.65,206.15,207.56,41731
2017-09-15 00:00:00+05:30,205.17,218.8,204.24,214.21,112331
2017-09-18 00:00:00+05:30,217.38,217.87,210.05,212.6,119159
2017-09-19 00:00:00+05:30,214.01,218.85,210.64,211.62,123918
2017-09-20 00:00:00+05:30,212.94,213.52,209.18,210.05,43003
2017-09-21 00:00:00+05:30,209.08,212.11,207.37,210.25,29084
2017-09-22 00:00:00+05:30,210.2,210.2,196.87,198.09,106936
2017-09-25 00:00:00+05:30,196.77,201.65,191.49,199.65,85261
2017-09-26 00:00:00+05:30,202.63,204.88,194.42,203.36,33856
2017-09-27 00:00:00+05:30,203.17,206.73,195.45,202.78,91337
2017-09-28 00:00:00+05:30,198.48,201.99,198.48,199.26,32842
2017-09-29 00:00:00+05:30,199.65,207.51,197.6,206.05,56251
2017-10-03 00:00:00+05:30,206.05,206.49,200.48,201.85,13140
2017-10-04 00:00:00+05:30,203.85,204.19,199.89,202.34,30364
2017-10-05 00:00:00+05:30,202.19,204.68,201.12,203.22,9758
2017-10-06 00:00:00+05:30,204.83,205.12,200.24,201.12,36232
2017-10-09 00:00:00+05:30,203.26,205.12,201.02,203.75,38709
2017-10-10 00:00:00+05:30,206.78,212.79,203.22,205.76,186261
2017-10-11 00:00:00+05:30,208.1,208.1,201.7,202.73,24088
2017-10-12 00:00:00+05:30,202.73,209.18,199.31,206.1,31553
2017-10-13 00:00:00+05:30,208.05,209.76,201.36,205.76,130836
2017-10-16 00:00:00+05:30,210.05,211.91,205.76,206.73,267085
2017-10-17 00:00:00+05:30,211.03,211.03,204.88,206.98,295543
2017-10-18 00:00:00+05:30,209.86,209.86,206.15,208.88,32496
2017-10-19 00:00:00+05:30,211.91,211.91,208.1,209.71,51731
2017-10-23 00:00:00+05:30,213.77,223.73,211.96,218.36,510293
2017-10-24 00:00:00+05:30,219.97,226.47,218.85,220.75,262907
2017-10-25 00:00:00+05:30,222.76,223.54,217.63,220.02,146090
2017-10-26 00:00:00+05:30,220.02,226.96,217.92,222.85,2733200
2017-10-27 00:00:00+05:30,229.59,238.29,228.47,229.84,649293
2017-10-30 00:00:00+05:30,229.59,231.45,223.34,225.2,378849
2017-10-31 00:00:00+05:30,226.81,244.15,222.85,239.27,5903577
2017-11-01 00:00:00+05:30,244.93,252.95,239.36,243.96,1332316
2017-11-02 00:00:00+05:30,247.08,249.62,237.41,240.15,720206
2017-11-03 00:00:00+05:30,243.96,248.06,240.15,244.1,298557
2017-11-06 00:00:00+05:30,243.27,262.52,241.37,259.0,1200433
2017-11-07 00:00:00+05:30,261.84,269.65,247.18,260.27,777865
2017-11-08 00:00:00+05:30,258.9,268.38,254.36,262.28,320466
2017-11-09 00:00:00+05:30,260.47,265.55,258.86,263.11,232799
2017-11-10 00:00:00+05:30,263.45,263.45,257.34,260.13,159659
2017-11-13 00:00:00+05:30,262.81,263.2,247.18,250.36,130762
2017-11-14 00:00:00+05:30,251.72,252.85,240.59,243.18,100717
2017-11-15 00:00:00+05:30,243.27,253.04,237.41,241.17,249237
2017-11-16 00:00:00+05:30,247.18,247.47,241.32,242.83,75772
2017-11-17 00:00:00+05:30,246.69,256.76,244.45,250.26,216509
2017-11-20 00:00:00+05:30,252.8,258.71,250.7,256.41,202867
2017-11-21 00:00:00+05:30,258.9,259.88,254.17,258.86,91475
2017-11-22 00:00:00+05:30,261.59,265.4,255.0,262.62,131915
2017-11-23 00:00:00+05:30,264.77,264.77,246.2,248.3,357476
2017-11-24 00:00:00+05:30,254.02,259.88,250.5,256.61,351080
2017-11-27 00:00:00+05:30,258.9,285.58,256.95,270.68,864473
2017-11-28 00:00:00+05:30,271.07,276.49,269.65,273.95,334504
2017-11-29 00:00:00+05:30,275.81,276.49,263.74,268.43,94443
2017-11-30 00:00:00+05:30,271.51,272.78,264.28,269.8,136198
2017-12-01 00:00:00+05:30,273.46,273.46,256.07,259.0,137535
2017-12-04 00:00:00+05:30,258.9,260.86,247.47,251.14,134789
2017-12-05 00:00:00+05:30,252.99,252.99,241.42,242.83,108629
2017-12-06 00:00:00+05:30,242.25,253.73,239.17,250.5,174414
2017-12-07 00:00:00+05:30,253.04,260.22,253.04,259.0,111320
2017-12-08 00:00:00+05:30,263.69,263.69,255.24,257.78,46448
2017-12-11 00:00:00+05:30,263.79,263.79,251.09,259.49,62595
2017-12-12 00:00:00+05:30,261.3,261.79,256.27,259.49,39712
2017-12-13 00:00:00+05:30,259.54,260.86,250.36,253.38,56358
2017-12-14 00:00:00+05:30,255.39,255.39,249.13,252.85,39922
2017-12-15 00:00:00+05:30,257.93,262.62,253.82,261.05,103261
2017-12-18 00:00:00+05:30,261.49,263.74,249.13,259.78,67494
2017-12-19 00:00:00+05:30,264.43,264.43,255.24,257.59,62461
2017-12-20 00:00:00+05:30,259.3,262.62,253.87,258.42,137623
2017-12-21 00:00:00+05:30,261.69,261.84,254.9,256.46,104901
2017-12-22 00:00:00+05:30,258.61,260.57,256.02,257.98,197372
2017-12-26 00:00:00+05:30,256.95,260.86,256.02,258.22,279995
2017-12-27 00:00:00+05:30,257.93,260.86,252.7,255.78,44158
2017-12-28 00:00:00+05:30,260.13,260.22,254.02,256.95,41674
2017-12-29 00:00:00+05:30,258.95,266.62,253.04,264.13,245362
2018-01-01 00:00:00+05:30,266.04,268.04,255.97,260.66,50174
2018-01-02 00:00:00+05:30,261.54,261.84,256.51,259.64,80054
2018-01-03 00:00:00+05:30,262.03,263.15,254.07,258.03,102065
2018-01-04 00:00:00+05:30,256.07,262.72,255.0,260.03,96729
2018-01-05 00:00:00+05:30,260.13,262.72,256.9,260.47,25932
2018-01-08 00:00:00+05:30,262.72,268.14,258.76,264.18,172183
2018-01-09 00:00:00+05:30,270.24,273.56,266.72,269.36,137040
2018-01-10 00:00:00+05:30,271.07,271.07,262.32,263.45,175633
2018-01-11 00:00:00+05:30,263.55,266.53,261.84,263.74,172590
2018-01-12 00:00:00+05:30,264.77,270.38,263.84,265.6,72987
2018-01-15 00:00:00+05:30,268.24,268.67,265.74,267.84,49363
2018-01-16 00:00:00+05:30,265.74,269.16,250.11,257.73,103363
2018-01-17 00:00:00+05:30,253.92,257.78,249.77,253.58,83115
2018-01-18 00:00:00+05:30,254.02,256.95,240.93,243.71,123486
2018-01-19 00:00:00+05:30,243.27,250.11,239.36,241.32,95981
2018-01-22 00:00:00+05:30,241.32,251.82,240.29,248.99,66888
2018-01-23 00:00:00+05:30,250.7,255.49,250.11,252.41,46166
2018-01-24 00:00:00+05:30,252.07,254.02,239.66,250.7,40537
2018-01-25 00:00:00+05:30,249.13,249.13,242.39,247.03,52800
2018-01-29 00:00:00+05:30,249.09,249.09,229.79,232.18,65476
2018-01-30 00:00:00+05:30,229.79,231.94,214.35,216.31,239648
2018-01-31 00:00:00+05:30,218.31,242.2,216.99,238.58,363723
2018-02-01 00:00:00+05:30,237.85,237.85,226.71,231.26,77743
2018-02-02 00:00:00+05:30,224.61,230.08,211.28,224.71,267066
2018-02-05 00:00:00+05:30,219.82,237.41,217.38,232.04,160486
2018-02-06 00:00:00+05:30,218.85,236.43,217.72,232.82,187275
2018-02-07 00:00:00+05:30,235.46,241.12,228.67,238.68,103859
2018-02-08 00:00:00+05:30,242.25,244.01,236.97,242.2,32807
2018-02-09 00:00:00+05:30,234.48,243.08,228.62,241.37,26917
2018-02-12 00:00:00+05:30,243.03,253.29,241.86,251.68,61620
2018-02-14 00:00:00+05:30,260.66,260.66,237.8,242.59,94971
2018-02-15 00:00:00+05:30,244.54,248.84,236.09,240.24,70893
2018-02-16 00:00:00+05:30,239.9,241.71,234.63,239.36,159567
2018-02-19 00:00:00+05:30,242.2,242.2,227.69,233.01,67717
2018-02-20 00:00:00+05:30,229.59,241.32,229.59,238.78,65821
2018-02-21 00:00:00+05:30,238.78,241.22,236.39,239.9,33523
2018-02-22 00:00:00+05:30,236.92,239.9,236.43,239.07,20895
2018-02-23 00:00:00+05:30,235.02,239.36,229.64,235.51,73759
2018-02-26 00:00:00+05:30,236.43,238.88,230.57,233.65,565276
2018-02-27 00:00:00+05:30,233.06,236.39,231.01,233.7,72557
2018-02-28 00:00:00+05:30,232.53,236.48,232.53,234.43,120493
2018-03-01 00:00:00+05:30,238.68,238.83,230.57,231.74,39234
2018-03-05 00:00:00+05:30,231.7,233.5,227.49,230.13,60104
2018-03-06 00:00:00+05:30,232.48,238.93,229.59,234.24,51249
2018-03-07 00:00:00+05:30,233.5,233.5,219.82,223.54,149643
2018-03-08 00:00:00+05:30,226.66,233.5,221.58,223.73,139343
2018-03-09 00:00:00+05:30,227.45,227.45,222.76,224.32,37247
2018-03-12 00:00:00+05:30,223.34,225.69,221.78,223.15,51305
2018-03-13 00:00:00+05:30,222.8,226.62,220.9,222.76,31766
2018-03-14 00:00:00+05:30,222.76,228.62,221.88,225.78,60411
2018-03-15 00:00:00+05:30,223.73,229.11,223.2,226.57,59258
2018-03-16 00:00:00+05:30,229.94,236.29,223.88,233.36,92604
2018-03-19 00:00:00+05:30,236.78,244.25,220.07,222.61,122491
2018-03-20 00:00:00+05:30,222.95,226.62,222.02,223.29,52338
2018-03-21 00:00:00+05:30,223.78,226.66,220.26,223.68,31820
2018-03-22 00:00:00+05:30,223.93,226.32,220.36,222.95,61507
2018-03-23 00:00:00+05:30,218.85,219.73,213.96,215.43,35777
2018-03-26 00:00:00+05:30,212.35,214.79,205.27,206.05,254569
2018-03-27 00:00:00+05:30,212.5,217.87,209.42,212.69,76554
2018-03-28 00:00:00+05:30,207.12,211.81,205.17,206.39,74094
2018-04-02 00:00:00+05:30,212.01,219.34,211.13,217.19,38452
2018-04-03 00:00:00+05:30,217.53,223.39,215.18,221.14,49296
2018-04-04 00:00:00+05:30,226.37,228.08,220.36,221.29,95916
2018-04-05 00:00:00+05:30,224.51,224.56,221.14,222.41,22103
2018-04-06 00:00:00+05:30,223.64,225.54,219.92,223.29,17705
2018-04-09 00:00:00+05:30,226.62,228.57,222.8,225.88,63530
2018-04-10 00:00:00+05:30,226.18,227.3,217.24,220.75,28204
2018-04-11 00:00:00+05:30,221.29,228.13,218.36,225.93,73959
2018-04-12 00:00:00+05:30,226.57,226.57,222.27,223.73,17185
2018-04-13 00:00:00+05:30,224.61,226.62,222.27,223.73,20642
2018-04-16 00:00:00+05:30,219.82,226.66,219.82,223.93,33322
2018-04-17 00:00:00+05:30,224.71,224.86,221.78,223.49,12286
2018-04-18 00:00:00+05:30,224.42,224.71,219.82,221.14,71026
2018-04-19 00:00:00+05:30,220.85,223.15,212.99,215.09,113124
2018-04-20 00:00:00+05:30,211.28,218.55,211.28,213.72,45051
2018-04-23 00:00:00+05:30,214.01,221.53,206.68,210.49,138379
2018-04-24 00:00:00+05:30,210.64,215.92,207.12,208.2,82153
2018-04-25 00:00:00+05:30,208.1,214.89,208.1,209.66,294424
2018-04-26 00:00:00+05:30,209.66,212.01,205.66,206.64,43244
2018-04-27 00:00:00+05:30,206.98,210.89,206.24,207.42,52474
2018-04-30 00:00:00+05:30,207.51,213.77,207.51,210.59,40341
2018-05-02 00:00:00+05:30,216.89,216.89,200.28,202.58,60837
2018-05-03 00:00:00+05:30,202.73,204.1,183.29,186.95,489041
2018-05-04 00:00:00+05:30,188.37,197.31,187.58,192.66,101265
2018-05-07 00:00:00+05:30,192.91,198.28,192.91,195.94,43354
2018-05-08 00:00:00+05:30,195.94,198.62,190.76,192.66,40136
2018-05-09 00:00:00+05:30,193.35,195.16,190.51,192.81,76361
2018-05-10 00:00:00+05:30,190.76,196.38,185.87,189.05,46779
2018-05-11 00:00:00+05:30,194.42,194.42,185.63,186.9,38047
2018-05-14 00:00:00+05:30,188.07,190.81,186.12,188.17,34093
2018-05-15 00:00:00+05:30,190.51,192.13,186.61,189.68,16519
2018-05-16 00:00:00+05:30,190.08,196.33,188.51,194.96,34470
2018-05-17 00:00:00+05:30,194.91,194.91,168.19,180.26,684821
2018-05-18 00:00:00+05:30,182.7,188.46,173.91,176.3,103576
2018-05-21 00:00:00+05:30,179.23,179.23,162.28,174.93,295103
2018-05-22 00:00:00+05:30,173.91,175.76,169.02,171.07,104381
2018-05-23 00:00:00+05:30,170.97,173.03,162.52,168.19,76911
2018-05-24 00:00:00+05:30,169.02,170.97,164.62,167.7,36099
2018-05-25 00:00:00+05:30,170.73,170.73,162.67,163.06,76729
2018-05-28 00:00:00+05:30,164.33,164.82,158.81,160.47,140100
2018-05-29 00:00:00+05:30,161.11,164.38,154.37,161.25,411701
2018-05-30 00:00:00+05:30,160.23,165.11,159.25,163.7,77346
2018-05-31 00:00:00+05:30,168.04,179.77,165.99,178.55,253223
2018-06-01 00:00:00+05:30,179.28,185.63,170.39,174.44,117463
2018-06-04 00:00:00+05:30,174.39,177.52,163.45,168.68,81916
2018-06-05 00:00:00+05:30,168.04,170.93,156.52,160.28,90430
2018-06-06 00:00:00+05:30,160.23,166.09,156.56,164.53,104571
2018-06-07 00:00:00+05:30,167.85,173.66,166.14,172.68,51618
2018-06-08 00:00:00+05:30,173.66,173.66,166.09,171.12,315710
2018-06-11 00:00:00+05:30,171.51,177.77,171.51,175.71,347922
2018-06-12 00:00:00+05:30,176.5,180.74,174.49,179.33,30765
2018-06-13 00:00:00+05:30,180.16,181.92,177.91,179.87,21466
2018-06-14 00:00:00+05:30,177.81,181.38,176.89,179.82,50182
2018-06-15 00:00:00+05:30,179.67,180.65,177.08,178.11,93887
2018-06-18 00:00:00+05:30,178.11,179.57,174.88,175.81,15317
2018-06-19 00:00:00+05:30,174.88,180.5,172.05,173.86,57494
2018-06-20 00:00:00+05:30,173.42,175.81,168.04,168.87,50072
2018-06-21 00:00:00+05:30,170.97,171.85,166.19,169.07,30294
2018-06-22 00:00:00+05:30,169.46,169.46,161.74,164.77,33799
2018-06-25 00:00:00+05:30,164.04,170.73,164.04,167.26,33724
2018-06-26 00:00:00+05:30,167.07,167.51,163.6,163.99,23541
2018-06-27 00:00:00+05:30,164.14,166.04,161.2,163.84,38806
2018-06-28 00:00:00+05:30,163.45,163.45,158.27,160.18,96485
2018-06-29 00:00:00+05:30,160.13,163.16,156.81,159.84,61840
2018-07-02 00:00:00+05:30,162.13,163.06,155.64,161.89,70935
2018-07-03 00:00:00+05:30,162.18,165.11,159.74,164.62,17810
2018-07-04 00:00:00+05:30,165.26,170.73,165.26,169.12,26385
2018-07-05 00:00:00+05:30,169.02,169.75,164.38,166.04,45059
2018-07-06 00:00:00+05:30,166.09,167.02,163.16,163.7,24186
2018-07-09 00:00:00+05:30,167.02,167.02,163.26,164.58,23878
2018-07-10 00:00:00+05:30,167.07,168.04,164.14,165.36,31847
2018-07-11 00:00:00+05:30,165.11,168.04,164.23,165.16,43898
2018-07-12 00:00:00+05:30,163.21,164.92,158.96,159.69,41534
2018-07-13 00:00:00+05:30,159.25,161.2,158.52,160.86,11483
2018-07-16 00:00:00+05:30,163.16,163.16,150.7,155.25,78156
2018-07-17 00:00:00+05:30,155.0,158.18,152.41,156.76,48445
2018-07-18 00:00:00+05:30,156.76,159.45,156.76,158.32,27817
2018-07-19 00:00:00+05:30,158.91,160.23,157.83,158.52,12942
2018-07-20 00:00:00+05:30,158.52,159.15,157.54,158.62,15511
2018-07-23 00:00:00+05:30,158.37,160.03,156.32,157.98,19332
2018-07-24 00:00:00+05:30,159.06,165.16,157.3,162.57,50117
2018-07-25 00:00:00+05:30,162.57,165.6,157.93,158.86,17793
2018-07-26 00:00:00+05:30,158.27,160.08,155.29,156.42,86942
2018-07-27 00:00:00+05:30,156.32,157.83,151.0,152.31,91665
2018-07-30 00:00:00+05:30,152.51,154.9,148.65,151.0,58007
2018-07-31 00:00:00+05:30,150.75,159.98,150.75,157.3,51002
2018-08-01 00:00:00+05:30,154.37,157.0,149.73,151.24,97036
2018-08-02 00:00:00+05:30,151.39,153.58,149.73,150.26,44426
2018-08-03 00:00:00+05:30,150.46,151.34,142.69,146.94,168716
2018-08-06 00:00:00+05:30,151.43,151.43,147.58,149.33,75882
2018-08-07 00:00:00+05:30,150.16,151.0,145.62,147.33,74841
2018-08-08 00:00:00+05:30,147.53,150.6,147.53,149.14,44255
2018-08-09 00:00:00+05:30,150.21,150.26,130.04,132.97,547334
2018-08-10 00:00:00+05:30,133.02,135.36,115.68,116.85,1064336
2018-08-13 00:00:00+05:30,119.19,124.86,115.38,118.27,773755
2018-08-14 00:00:00+05:30,119.24,121.0,112.6,115.77,687102
2018-08-16 00:00:00+05:30,113.48,117.39,108.06,108.79,879079
2018-08-17 00:00:00+05:30,110.4,122.91,110.4,117.97,877250
2018-08-20 00:00:00+05:30,120.27,137.27,120.27,125.06,2459580
2018-08-21 00:00:00+05:30,126.57,134.63,126.23,127.4,1523993
2018-08-23 00:00:00+05:30,128.57,133.85,127.06,132.87,755194
2018-08-24 00:00:00+05:30,132.87,135.71,131.11,132.33,313468
2018-08-27 00:00:00+05:30,133.65,134.09,127.25,128.04,227750
2018-08-28 00:00:00+05:30,129.26,132.14,127.06,128.18,352659
2018-08-29 00:00:00+05:30,128.82,129.65,125.15,126.42,200705
2018-08-30 00:00:00+05:30,127.35,128.77,125.59,126.86,272026
2018-08-31 00:00:00+05:30,127.01,127.99,124.57,126.18,248997
2018-09-03 00:00:00+05:30,127.01,127.79,123.1,124.52,137766
2018-09-04 00:00:00+05:30,125.25,125.25,119.88,120.76,182729
2018-09-05 00:00:00+05:30,120.17,125.01,118.27,124.47,91947
2018-09-06 00:00:00+05:30,126.52,126.52,122.27,125.54,56034
2018-09-07 00:00:00+05:30,126.86,126.86,123.1,123.98,52155
2018-09-10 00:00:00+05:30,124.37,124.96,120.42,121.44,69447
2018-09-11 00:00:00+05:30,121.34,123.59,119.19,119.44,67723
2018-09-12 00:00:00+05:30,119.73,122.12,115.68,120.07,69296
2018-09-14 00:00:00+05:30,122.12,122.17,119.29,120.22,48148
2018-09-17 00:00:00+05:30,119.19,121.29,118.22,118.8,55473
2018-09-18 00:00:00+05:30,118.22,119.39,116.8,117.19,36967
2018-09-19 00:00:00+05:30,116.7,119.19,115.29,115.92,68777
2018-09-21 00:00:00+05:30,116.51,117.24,106.49,108.06,190160
2018-09-24 00:00:00+05:30,110.4,110.4,99.65,100.29,129542
2018-09-25 00:00:00+05:30,101.61,104.54,99.21,103.81,52770
2018-09-26 00:00:00+05:30,104.05,111.08,102.63,104.25,65951
2018-09-27 00:00:00+05:30,106.98,106.98,100.63,102.34,43767
2018-09-28 00:00:00+05:30,102.58,103.51,95.75,97.02,114193
2018-10-01 00:00:00+05:30,97.02,97.02,91.35,93.84,76181
2018-10-03 00:00:00+05:30,95.21,97.9,93.94,96.58,60509
2018-10-04 00:00:00+05:30,93.06,99.61,90.86,94.18,135790
2018-10-05 00:00:00+05:30,93.3,96.72,92.18,95.21,50178
2018-10-08 00:00:00+05:30,94.77,94.77,87.93,90.62,54362
2018-10-09 00:00:00+05:30,91.89,93.84,88.47,90.37,60261
2018-10-10 00:00:00+05:30,89.88,92.33,89.79,90.23,162038
2018-10-11 00:00:00+05:30,87.93,89.74,83.04,86.76,76694
2018-10-12 00:00:00+05:30,87.05,93.16,87.05,90.91,53393
2018-10-15 00:00:00+05:30,92.18,97.7,90.81,96.33,101113
2018-10-16 00:00:00+05:30,97.65,97.65,95.26,96.63,69248
2018-10-17 00:00:00+05:30,97.7,97.7,93.06,95.4,70359
2018-10-19 00:00:00+05:30,95.75,96.72,90.62,92.52,90689
2018-10-22 00:00:00+05:30,92.81,95.75,90.27,92.47,30138
2018-10-23 00:00:00+05:30,93.11,93.11,88.91,89.79,19888
2018-10-24 00:00:00+05:30,90.08,91.59,87.98,88.52,30485
2018-10-25 00:00:00+05:30,87.93,89.3,81.04,88.27,51229
2018-10-26 00:00:00+05:30,86.07,89.4,85.05,88.52,70689
2018-10-29 00:00:00+05:30,89.2,89.4,87.25,88.37,97064
2018-10-30 00:00:00+05:30,88.42,89.4,86.17,87.93,66477
2018-10-31 00:00:00+05:30,87.15,89.4,87.05,88.47,45251
2018-11-01 00:00:00+05:30,89.88,91.45,88.42,89.3,52783
2018-11-02 00:00:00+05:30,90.18,94.87,89.49,93.25,78285
2018-11-05 00:00:00+05:30,94.23,94.77,91.84,93.11,24498
2018-11-06 00:00:00+05:30,93.79,93.89,92.33,93.06,16395
2018-11-07 00:00:00+05:30,95.16,96.77,92.91,96.14,21241
2018-11-09 00:00:00+05:30,95.75,95.94,92.81,93.3,23708
2018-11-12 00:00:00+05:30,95.75,96.72,92.86,94.38,33026
2018-11-13 00:00:00+05:30,94.62,96.72,87.44,93.06,106105
2018-11-14 00:00:00+05:30,90.86,90.86,83.04,87.93,156169
2018-11-15 00:00:00+05:30,87.34,91.74,87.34,91.35,309115
2018-11-16 00:00:00+05:30,92.62,92.62,89.4,89.54,29315
2018-11-19 00:00:00+05:30,88.42,90.42,87.44,89.49,56037
2018-11-20 00:00:00+05:30,89.35,89.84,87.44,87.98,96450
2018-11-21 00:00:00+05:30,87.98,90.71,87.78,89.1,93300
2018-11-22 00:00:00+05:30,90.42,90.42,87.93,88.27,38917
2018-11-26 00:00:00+05:30,87.93,88.81,87.83,88.03,65632
2018-11-27 00:00:00+05:30,88.08,89.64,87.83,89.35,153663
2018-11-28 00:00:00+05:30,90.32,90.32,89.0,89.54,54692
2018-11-29 00:00:00+05:30,89.4,90.76,88.08,89.88,168966
2018-11-30 00:00:00+05:30,90.86,91.35,89.1,89.93,51544
2018-12-03 00:00:00+05:30,90.86,91.2,88.91,89.35,51556
2018-12-04 00:00:00+05:30,89.88,90.86,88.22,89.44,72490
2018-12-05 00:00:00+05:30,90.13,90.71,87.93,88.37,47699
2018-12-06 00:00:00+05:30,89.2,89.2,86.46,87.15,41405
2018-12-07 00:00:00+05:30,87.1,88.81,84.07,86.86,171528
2018-12-10 00:00:00+05:30,86.86,86.86,83.24,85.0,95108
2018-12-11 00:00:00+05:30,83.04,85.98,83.04,84.32,57631
2018-12-12 00:00:00+05:30,84.12,86.02,83.73,84.95,65682
2018-12-13 00:00:00+05:30,85.1,91.45,85.1,87.98,121892
2018-12-14 00:00:00+05:30,88.08,88.57,86.46,86.76,18269
2018-12-17 00:00:00+05:30,87.69,87.93,85.49,87.44,28821
2018-12-18 00:00:00+05:30,88.32,88.81,84.9,86.81,524448
2018-12-19 00:00:00+05:30,87.88,87.93,85.98,86.32,90092
2018-12-20 00:00:00+05:30,86.17,87.1,85.19,85.93,45901
2018-12-21 00:00:00+05:30,86.02,86.95,84.17,84.85,54407
2018-12-24 00:00:00+05:30,85.15,85.15,83.78,84.02,32122
2018-12-26 00:00:00+05:30,84.02,84.02,82.8,83.09,24188
2018-12-27 00:00:00+05:30,83.19,84.75,81.92,82.17,30451
2018-12-28 00:00:00+05:30,82.07,84.41,82.07,84.12,32158
2018-12-31 00:00:00+05:30,84.12,85.98,83.63,85.24,29528
2019-01-01 00:00:00+05:30,85.49,85.49,83.83,85.29,11885
2019-01-02 00:00:00+05:30,85.1,86.61,82.9,84.02,36460
2019-01-03 00:00:00+05:30,84.02,84.8,83.14,83.68,15003
2019-01-04 00:00:00+05:30,83.39,84.71,83.09,83.58,7642
2019-01-07 00:00:00+05:30,84.02,85.0,83.63,84.02,11235
2019-01-08 00:00:00+05:30,84.66,84.66,83.14,83.44,9170
2019-01-09 00:00:00+05:30,83.53,84.17,83.04,83.14,8610
2019-01-10 00:00:00+05:30,83.04,83.48,81.04,81.29,34952
2019-01-11 00:00:00+05:30,81.58,82.41,81.04,81.43,23532
2019-01-14 00:00:00+05:30,81.29,81.43,77.48,78.26,48171
2019-01-15 00:00:00+05:30,80.5,80.5,77.67,78.31,23844
2019-01-16 00:00:00+05:30,78.21,78.5,75.67,76.3,72720
2019-01-17 00:00:00+05:30,77.04,77.57,75.67,75.96,30314
2019-01-18 00:00:00+05:30,77.04,85.0,75.77,76.5,435081
2019-01-21 00:00:00+05:30,76.89,80.02,74.74,75.62,179360
2019-01-22 00:00:00+05:30,76.55,77.23,74.79,75.33,44831
2019-01-23 00:00:00+05:30,75.33,75.82,71.32,72.49,68015
2019-01-24 00:00:00+05:30,73.27,73.37,68.88,69.86,109633
2019-01-25 00:00:00+05:30,71.27,71.27,66.24,66.88,63141
2019-01-28 00:00:00+05:30,65.17,68.39,62.28,65.61,52059
2019-01-29 00:00:00+05:30,64.48,67.41,63.94,65.61,29188
2019-01-30 00:00:00+05:30,65.02,66.73,64.09,66.0,33294
2019-01-31 00:00:00+05:30,67.22,67.22,65.56,66.58,71885
2019-02-01 00:00:00+05:30,68.19,68.19,65.46,66.19,17426
2019-02-04 00:00:00+05:30,65.46,67.41,63.5,64.58,27910
2019-02-05 00:00:00+05:30,64.48,64.68,56.81,59.11,40134
2019-02-06 00:00:00+05:30,59.4,59.55,47.87,55.01,523651
2019-02-07 00:00:00+05:30,54.76,60.48,53.15,59.16,103651
2019-02-08 00:00:00+05:30,59.16,60.57,56.67,58.08,50108
2019-02-11 00:00:00+05:30,58.91,59.3,53.2,54.81,40890
2019-02-12 00:00:00+05:30,52.76,58.62,51.78,56.37,54033
2019-02-13 00:00:00+05:30,58.62,59.79,57.84,59.11,53096
2019-02-14 00:00:00+05:30,59.99,61.36,58.67,60.82,30319
2019-02-15 00:00:00+05:30,60.82,62.43,59.11,60.82,23346
2019-02-18 00:00:00+05:30,59.74,60.53,58.03,58.62,19156
2019-02-19 00:00:00+05:30,58.03,59.4,57.2,57.64,15839
2019-02-20 00:00:00+05:30,57.64,62.33,56.76,60.62,42980
2019-02-21 00:00:00+05:30,60.77,61.75,58.77,59.69,22004
2019-02-22 00:00:00+05:30,59.69,62.14,59.06,61.26,18301
2019-02-25 00:00:00+05:30,61.94,61.94,60.48,61.55,17712
2019-02-26 00:00:00+05:30,61.55,61.75,58.82,60.13,10623
2019-02-27 00:00:00+05:30,60.43,61.36,57.74,58.42,28967
2019-02-28 00:00:00+05:30,59.3,63.41,57.55,60.57,27247
2019-03-01 00:00:00+05:30,61.26,65.12,58.77,64.53,55722
2019-03-05 00:00:00+05:30,65.46,69.86,63.5,68.88,155874
2019-03-06 00:00:00+05:30,70.15,72.0,67.51,68.05,65957
2019-03-07 00:00:00+05:30,70.25,70.25,66.92,67.32,24387
2019-03-08 00:00:00+05:30,69.76,69.76,67.02,67.46,17349
2019-03-11 00:00:00+05:30,69.37,69.37,66.34,68.19,24081
2019-03-12 00:00:00+05:30,68.19,71.32,66.83,67.95,95953
2019-03-13 00:00:00+05:30,67.9,69.76,66.53,67.56,468061
2019-03-14 00:00:00+05:30,67.41,67.41,64.92,66.39,24821
2019-03-15 00:00:00+05:30,66.63,67.9,64.78,65.85,61107
2019-03-18 00:00:00+05:30,67.32,67.41,65.21,65.51,26117
2019-03-19 00:00:00+05:30,64.53,65.56,63.5,64.63,38057
2019-03-20 00:00:00+05:30,64.63,65.85,63.6,64.82,18927
2019-03-22 00:00:00+05:30,64.68,69.27,64.68,67.02,89830
2019-03-25 00:00:00+05:30,66.83,66.83,63.5,64.09,33456
2019-03-26 00:00:00+05:30,64.09,64.78,64.09,64.14,27577
2019-03-27 00:00:00+05:30,63.99,64.73,62.53,63.55,39964
2019-03-28 00:00:00+05:30,63.5,65.85,63.5,65.56,32014
2019-03-29 00:00:00+05:30,66.44,67.12,65.21,66.83,44659
2019-04-01 00:00:00+05:30,68.59,69.32,66.92,67.17,55790
2019-04-02 00:00:00+05:30,66.44,68.19,66.34,67.41,135181
2019-04-03 00:00:00+05:30,68.34,68.34,66.44,66.63,20406
2019-04-04 00:00:00+05:30,65.95,66.44,63.65,64.68,18625
2019-04-05 00:00:00+05:30,64.43,66.14,64.38,64.78,14147
2019-04-08 00:00:00+05:30,65.75,66.53,63.5,63.8,32090
2019-04-09 00:00:00+05:30,63.8,64.73,63.8,64.34,15413
2019-04-10 00:00:00+05:30,64.34,64.78,63.94,64.24,12966
2019-04-11 00:00:00+05:30,64.24,64.68,61.36,62.97,48579
2019-04-12 00:00:00+05:30,62.72,64.19,62.72,63.8,15225
2019-04-15 00:00:00+05:30,64.04,66.44,63.99,64.78,22633
2019-04-16 00:00:00+05:30,65.56,65.85,64.48,65.31,39614
2019-04-18 00:00:00+05:30,65.36,65.7,63.31,64.38,24811
2019-04-22 00:00:00+05:30,65.17,65.17,62.53,62.77,29386
2019-04-23 00:00:00+05:30,63.65,63.7,62.04,62.23,16636
2019-04-24 00:00:00+05:30,63.21,63.21,61.11,61.84,19883
2019-04-25 00:00:00+05:30,61.8,62.67,60.87,61.6,12018
2019-04-26 00:00:00+05:30,61.8,62.43,60.18,60.77,10066
2019-04-30 00:00:00+05:30,62.19,62.19,59.84,61.01,14772
2019-05-02 00:00:00+05:30,61.55,61.55,59.6,59.74,11756
2019-05-03 00:00:00+05:30,60.67,60.67,54.71,58.13,32617
2019-05-06 00:00:00+05:30,57.15,59.11,57.15,58.47,11626
2019-05-07 00:00:00+05:30,58.57,59.11,55.69,55.93,19589
2019-05-08 00:00:00+05:30,56.76,56.76,55.1,56.03,25144
2019-05-09 00:00:00+05:30,54.96,56.71,54.96,56.37,25380
2019-05-10 00:00:00+05:30,55.69,58.08,55.69,56.03,9003
2019-05-13 00:00:00+05:30,55.88,56.86,54.13,55.01,23375
2019-05-14 00:00:00+05:30,54.81,55.59,54.13,55.2,26234
2019-05-15 00:00:00+05:30,54.81,60.38,54.76,57.4,33806
2019-05-16 00:00:00+05:30,57.35,58.13,54.81,57.45,42027
2019-05-17 00:00:00+05:30,56.42,59.11,55.84,58.33,17520
2019-05-20 00:00:00+05:30,62.04,62.04,58.86,59.99,47988
2019-05-21 00:00:00+05:30,60.53,60.67,57.64,58.08,49433
2019-05-22 00:00:00+05:30,58.08,60.09,57.94,59.55,17232
2019-05-23 00:00:00+05:30,59.6,71.42,59.6,62.14,970575
2019-05-24 00:00:00+05:30,61.55,63.31,61.06,62.33,493791
2019-05-27 00:00:00+05:30,62.53,64.38,61.75,62.72,524116
2019-05-28 00:00:00+05:30,63.5,65.85,62.58,65.07,253749
2019-05-29 00:00:00+05:30,66.24,66.24,63.55,64.68,122661
2019-05-30 00:00:00+05:30,65.17,65.17,62.23,63.26,33036
2019-05-31 00:00:00+05:30,63.26,63.7,61.31,61.55,61632
2019-06-03 00:00:00+05:30,62.53,67.61,61.55,62.48,279674
2019-06-04 00:00:00+05:30,62.58,62.58,61.55,61.99,19020
2019-06-06 00:00:00+05:30,62.43,62.58,61.11,61.36,95268
2019-06-07 00:00:00+05:30,62.53,62.53,57.84,57.94,148420
2019-06-10 00:00:00+05:30,59.01,59.01,56.42,56.57,91774
2019-06-11 00:00:00+05:30,58.13,58.13,55.1,56.81,25929
2019-06-12 00:00:00+05:30,57.06,58.96,55.74,58.28,106537
2019-06-13 00:00:00+05:30,57.94,58.67,56.71,57.25,21097
2019-06-14 00:00:00+05:30,57.01,58.42,56.18,57.11,9103
2019-06-17 00:00:00+05:30,58.13,58.13,55.59,55.69,21373
2019-06-18 00:00:00+05:30,56.52,56.67,53.25,53.83,48977
2019-06-19 00:00:00+05:30,54.42,54.71,48.21,49.68,92547
2019-06-20 00:00:00+05:30,49.73,54.47,47.58,53.0,70526
2019-06-21 00:00:00+05:30,53.73,56.18,50.95,55.01,187867
2019-06-24 00:00:00+05:30,54.57,55.59,49.24,50.76,45059
2019-06-25 00:00:00+05:30,50.51,53.25,50.32,52.27,16851
2019-06-26 00:00:00+05:30,52.76,56.08,52.51,54.81,42862
2019-06-27 00:00:00+05:30,56.13,61.84,54.81,58.57,501117
2019-06-28 00:00:00+05:30,58.52,58.86,57.15,57.94,349528
2019-07-01 00:00:00+05:30,58.72,60.43,57.98,58.18,19010
2019-07-02 00:00:00+05:30,59.26,59.6,57.45,58.91,31335
2019-07-03 00:00:00+05:30,57.69,59.55,57.69,58.67,10292
2019-07-04 00:00:00+05:30,58.33,59.6,57.45,58.52,13483
2019-07-05 00:00:00+05:30,58.72,59.35,56.18,56.91,18008
2019-07-08 00:00:00+05:30,56.86,56.86,50.32,52.81,52367
2019-07-09 00:00:00+05:30,51.93,55.1,51.88,54.08,11051
2019-07-10 00:00:00+05:30,53.73,56.47,52.76,54.17,27799
2019-07-11 00:00:00+05:30,55.54,56.18,53.49,54.86,49939
2019-07-12 00:00:00+05:30,55.93,55.98,54.32,55.74,21951
2019-07-15 00:00:00+05:30,54.96,56.67,54.71,55.84,11509
2019-07-16 00:00:00+05:30,55.88,56.08,52.95,53.73,29180
2019-07-17 00:00:00+05:30,53.05,54.47,52.76,53.49,15104
2019-07-18 00:00:00+05:30,53.69,53.69,51.29,51.93,54205
2019-07-19 00:00:00+05:30,54.08,54.08,49.39,50.22,36880
2019-07-22 00:00:00+05:30,51.78,51.78,47.87,48.26,57403
2019-07-23 00:00:00+05:30,47.92,48.36,45.63,47.19,22857
2019-07-24 00:00:00+05:30,47.04,47.87,46.31,46.99,28419
2019-07-25 00:00:00+05:30,46.94,46.94,44.01,45.14,36357
2019-07-26 00:00:00+05:30,45.09,50.8,43.48,46.75,343049
2019-07-29 00:00:00+05:30,45.63,55.88,45.63,54.76,191706
2019-07-30 00:00:00+05:30,55.69,55.69,46.9,48.17,119882
2019-07-31 00:00:00+05:30,46.94,53.15,46.94,51.44,474371
2019-08-01 00:00:00+05:30,51.44,53.39,49.05,49.58,33488
2019-08-02 00:00:00+05:30,51.49,51.49,47.53,48.85,19849
2019-08-05 00:00:00+05:30,47.92,51.78,44.75,49.73,80015
2019-08-06 00:00:00+05:30,48.85,52.66,48.85,51.68,75535
2019-08-07 00:00:00+05:30,51.49,51.68,49.78,50.85,10032
2019-08-08 00:00:00+05:30,50.9,52.03,47.68,48.26,81535
2019-08-09 00:00:00+05:30,48.07,53.73,48.07,51.39,34755
2019-08-13 00:00:00+05:30,52.46,52.51,49.39,51.0,26507
2019-08-14 00:00:00+05:30,49.97,51.19,48.65,49.49,17208
2019-08-16 00:00:00+05:30,49.39,50.51,48.41,49.34,27762
2019-08-19 00:00:00+05:30,48.8,49.83,47.87,47.92,23261
2019-08-20 00:00:00+05:30,49.09,49.09,45.97,47.09,372569
2019-08-21 00:00:00+05:30,48.31,48.31,45.92,46.21,17256
2019-08-22 00:00:00+05:30,45.92,46.36,38.84,39.42,115062
2019-08-23 00:00:00+05:30,39.52,46.8,39.08,45.87,78114
2019-08-26 00:00:00+05:30,45.92,48.85,42.06,48.26,78809
2019-08-27 00:00:00+05:30,50.56,53.73,46.02,52.42,98915
2019-08-28 00:00:00+05:30,53.25,53.25,49.53,50.17,16214
2019-08-29 00:00:00+05:30,49.24,51.15,45.72,49.58,55071
2019-08-30 00:00:00+05:30,48.85,49.83,46.6,48.26,30013
2019-09-03 00:00:00+05:30,45.97,47.68,44.7,46.6,12837
2019-09-04 00:00:00+05:30,46.75,47.87,46.07,47.29,6390
2019-09-05 00:00:00+05:30,46.94,48.85,46.9,47.82,26230
2019-09-06 00:00:00+05:30,46.75,49.92,46.7,49.09,27696
2019-09-09 00:00:00+05:30,48.85,57.35,47.38,55.74,211970
2019-09-11 00:00:00+05:30,58.42,58.57,54.91,55.93,419053
2019-09-12 00:00:00+05:30,55.69,57.64,55.54,56.62,65735
2019-09-13 00:00:00+05:30,56.67,57.15,54.86,55.84,39097
2019-09-16 00:00:00+05:30,54.81,58.33,54.81,57.11,28290
2019-09-17 00:00:00+05:30,56.91,58.28,53.78,54.17,33556
2019-09-18 00:00:00+05:30,54.32,55.64,53.73,54.08,7415
2019-09-19 00:00:00+05:30,53.88,53.88,51.59,52.03,22740
2019-09-20 00:00:00+05:30,53.54,56.57,51.78,54.27,49262
2019-09-23 00:00:00+05:30,54.22,56.52,51.05,54.22,48121
2019-09-24 00:00:00+05:30,53.54,54.52,52.81,53.73,31066
2019-09-25 00:00:00+05:30,53.93,54.32,52.32,52.81,13300
2019-09-26 00:00:00+05:30,52.86,54.42,51.59,53.1,12796
2019-09-27 00:00:00+05:30,53.1,54.32,51.83,53.34,25905
2019-09-30 00:00:00+05:30,53.05,53.64,50.22,51.15,17144
2019-10-01 00:00:00+05:30,53.05,53.05,46.85,50.17,38659
2019-10-03 00:00:00+05:30,50.17,51.0,49.09,50.07,10073
2019-10-04 00:00:00+05:30,50.07,52.71,49.14,50.17,19846
2019-10-07 00:00:00+05:30,52.42,52.42,48.95,49.14,34296
2019-10-09 00:00:00+05:30,51.15,51.15,47.38,49.29,13077
2019-10-10 00:00:00+05:30,51.05,51.05,47.68,48.36,5799
2019-10-11 00:00:00+05:30,46.55,48.8,46.55,48.51,8031
2019-10-14 00:00:00+05:30,48.85,48.9,47.19,47.73,17615
2019-10-15 00:00:00+05:30,47.73,48.85,47.19,48.51,35705
2019-10-16 00:00:00+05:30,49.09,50.51,48.85,50.32,421527
2019-10-17 00:00:00+05:30,50.71,51.24,45.72,50.56,28777
2019-10-18 00:00:00+05:30,50.56,52.86,49.44,51.88,26907
2019-10-22 00:00:00+05:30,53.69,55.2,49.83,52.81,270845
2019-10-23 00:00:00+05:30,56.37,56.37,50.95,52.76,111983
2019-10-24 00:00:00+05:30,51.83,54.71,51.78,53.93,60019
2019-10-25 00:00:00+05:30,54.61,55.3,53.15,54.13,62240
2019-10-27 00:00:00+05:30,51.98,55.4,51.98,55.2,32572
2019-10-29 00:00:00+05:30,55.35,56.62,54.22,55.88,82419
2019-10-30 00:00:00+05:30,55.49,58.42,54.76,57.74,95203
2019-10-31 00:00:00+05:30,55.93,59.6,55.93,58.72,107140
2019-11-01 00:00:00+05:30,57.79,60.82,56.76,58.67,95421
2019-11-04 00:00:00+05:30,60.48,60.48,56.37,57.69,40362
2019-11-05 00:00:00+05:30,56.42,58.62,56.42,57.5,38474
2019-11-06 00:00:00+05:30,58.08,58.08,56.67,57.45,40609
2019-11-07 00:00:00+05:30,58.28,58.42,56.32,56.67,17028
2019-11-08 00:00:00+05:30,56.52,57.06,54.91,56.18,36492
2019-11-11 00:00:00+05:30,54.52,56.03,54.22,55.01,35076
2019-11-13 00:00:00+05:30,54.96,55.05,53.44,54.47,19479
2019-11-14 00:00:00+05:30,53.44,58.62,47.87,51.63,136690
2019-11-15 00:00:00+05:30,50.9,52.86,50.27,52.03,28957
2019-11-18 00:00:00+05:30,51.78,53.0,50.71,51.15,25407
2019-11-19 00:00:00+05:30,51.15,51.54,49.24,49.83,15300
2019-11-20 00:00:00+05:30,48.9,58.96,48.9,54.91,231592
2019-11-21 00:00:00+05:30,54.96,57.55,53.39,54.27,21607
2019-11-22 00:00:00+05:30,54.71,54.71,52.95,53.59,55873
2019-11-25 00:00:00+05:30,53.73,53.73,52.46,53.15,18671
2019-11-26 00:00:00+05:30,52.76,53.05,51.78,52.17,6705
2019-11-27 00:00:00+05:30,51.88,52.76,51.63,52.17,9305
2019-11-28 00:00:00+05:30,51.68,52.76,49.83,52.22,15387
2019-11-29 00:00:00+05:30,52.22,52.76,51.39,51.93,13365
2019-12-02 00:00:00+05:30,52.86,52.86,50.17,50.41,10567
2019-12-03 00:00:00+05:30,52.46,52.46,48.56,48.75,17115
2019-12-04 00:00:00+05:30,49.39,50.07,48.41,49.05,9165
2019-12-05 00:00:00+05:30,49.09,52.76,49.09,49.53,19761
2019-12-06 00:00:00+05:30,50.27,51.98,50.12,51.1,39407
2019-12-09 00:00:00+05:30,52.66,52.66,50.9,51.63,16385
2019-12-10 00:00:00+05:30,52.86,52.86,49.83,50.32,13769
2019-12-11 00:00:00+05:30,51.73,51.73,49.53,50.02,9374
2019-12-12 00:00:00+05:30,50.32,50.32,49.05,49.68,10402
2019-12-13 00:00:00+05:30,48.95,51.19,48.95,50.32,14492
2019-12-16 00:00:00+05:30,51.68,51.68,50.32,50.76,8640
2019-12-17 00:00:00+05:30,50.8,51.24,49.39,50.12,15261
2019-12-18 00:00:00+05:30,51.39,51.39,48.95,49.29,15893
2019-12-19 00:00:00+05:30,49.29,50.8,46.55,48.02,53898
2019-12-20 00:00:00+05:30,48.07,48.7,46.02,47.58,12579
2019-12-23 00:00:00+05:30,47.58,48.61,46.9,47.48,11554
2019-12-24 00:00:00+05:30,47.48,47.92,45.24,45.72,56237
2019-12-26 00:00:00+05:30,46.41,46.6,44.99,45.48,23168
2019-12-27 00:00:00+05:30,45.82,48.07,45.53,46.36,71539
2019-12-30 00:00:00+05:30,53.73,53.73,47.87,50.71,755075
2019-12-31 00:00:00+05:30,51.34,51.34,48.9,50.07,21117
2020-01-01 00:00:00+05:30,50.12,51.59,47.14,47.73,71355
2020-01-02 00:00:00+05:30,47.82,50.85,47.38,49.92,149791
2020-01-03 00:00:00+05:30,49.92,50.27,48.02,48.46,19694
2020-01-06 00:00:00+05:30,49.73,49.73,45.77,47.29,270678
2020-01-07 00:00:00+05:30,49.34,49.34,46.75,46.99,270653
2020-01-08 00:00:00+05:30,46.99,48.85,45.92,48.02,295271
2020-01-09 00:00:00+05:30,48.51,49.83,47.38,49.73,328899
2020-01-10 00:00:00+05:30,50.71,50.71,48.41,48.65,25986
2020-01-13 00:00:00+05:30,49.78,49.78,46.99,47.78,48990
2020-01-14 00:00:00+05:30,47.68,48.17,47.14,47.87,92741
2020-01-15 00:00:00+05:30,47.92,48.85,46.9,47.97,31699
2020-01-16 00:00:00+05:30,48.85,48.85,46.99,47.78,187564
2020-01-17 00:00:00+05:30,47.78,49.88,47.48,49.68,511322
2020-01-20 00:00:00+05:30,50.36,50.36,48.02,49.49,253118
2020-01-21 00:00:00+05:30,49.0,49.83,48.17,48.7,89528
2020-01-22 00:00:00+05:30,48.41,49.34,48.21,48.36,38301
2020-01-23 00:00:00+05:30,47.87,49.09,47.87,48.8,83279
2020-01-24 00:00:00+05:30,49.44,49.49,47.92,48.85,74787
2020-01-27 00:00:00+05:30,48.56,48.8,46.6,46.99,22361
2020-01-28 00:00:00+05:30,47.14,47.97,43.57,43.87,148863
2020-01-29 00:00:00+05:30,43.96,45.09,43.96,44.65,37022
2020-01-30 00:00:00+05:30,44.65,44.75,42.94,43.62,46098
2020-01-31 00:00:00+05:30,45.72,45.72,38.64,39.18,124983
2020-02-01 00:00:00+05:30,40.01,41.72,39.72,40.45,175773
2020-02-03 00:00:00+05:30,41.03,41.03,37.57,39.32,30673
2020-02-04 00:00:00+05:30,39.08,40.89,39.08,39.72,24458
2020-02-05 00:00:00+05:30,39.62,40.06,39.18,39.81,24967
2020-02-06 00:00:00+05:30,40.3,40.35,38.59,39.03,431239
2020-02-07 00:00:00+05:30,40.79,40.79,38.59,39.03,408897
2020-02-10 00:00:00+05:30,40.35,40.35,36.54,37.57,441250
2020-02-11 00:00:00+05:30,38.4,38.93,37.66,37.96,414220
2020-02-12 00:00:00+05:30,37.96,40.01,35.66,38.84,446645
2020-02-13 00:00:00+05:30,39.03,39.13,37.13,37.32,78462
2020-02-14 00:00:00+05:30,37.61,39.08,34.98,36.69,44162
2020-02-17 00:00:00+05:30,36.25,39.08,36.1,36.25,41850
2020-02-18 00:00:00+05:30,36.64,37.08,34.68,35.12,104730
2020-02-19 00:00:00+05:30,35.9,36.15,34.98,35.42,456467
2020-02-20 00:00:00+05:30,34.59,38.4,34.59,37.17,277379
2020-02-24 00:00:00+05:30,38.05,39.18,36.64,37.22,97014
2020-02-25 00:00:00+05:30,38.05,38.64,35.95,36.69,63399
2020-02-26 00:00:00+05:30,36.64,36.64,35.17,36.05,59246
2020-02-27 00:00:00+05:30,36.1,36.1,34.68,35.07,51459
2020-02-28 00:00:00+05:30,33.71,34.63,33.22,33.46,59232
2020-03-02 00:00:00+05:30,33.71,35.47,33.22,33.66,80547
2020-03-03 00:00:00+05:30,34.05,34.19,32.92,33.07,29346
2020-03-04 00:00:00+05:30,33.07,33.07,30.29,31.41,56033
2020-03-05 00:00:00+05:30,31.26,32.24,31.12,31.41,20186
2020-03-06 00:00:00+05:30,28.53,30.04,28.53,29.46,43791
2020-03-09 00:00:00+05:30,29.21,29.21,24.38,24.62,209743
2020-03-11 00:00:00+05:30,24.42,29.16,24.42,27.8,107179
2020-03-12 00:00:00+05:30,24.91,25.99,22.96,25.74,102146
2020-03-13 00:00:00+05:30,23.45,27.21,20.61,24.91,119704
2020-03-16 00:00:00+05:30,22.28,25.3,22.03,22.76,47075
2020-03-17 00:00:00+05:30,21.98,24.91,19.78,22.67,132392
2020-03-18 00:00:00+05:30,22.67,23.69,18.51,19.25,318299
2020-03-19 00:00:00+05:30,18.47,20.22,17.34,18.51,197441
2020-03-20 00:00:00+05:30,18.07,20.32,18.07,20.32,35854
2020-03-23 00:00:00+05:30,19.44,19.44,18.32,18.32,32596
2020-03-24 00:00:00+05:30,19.74,19.74,16.71,17.39,45524
2020-03-25 00:00:00+05:30,17.39,19.1,16.71,18.17,111193
2020-03-26 00:00:00+05:30,18.17,19.98,17.49,19.15,44889
2020-03-27 00:00:00+05:30,19.54,21.01,18.56,18.95,25150
2020-03-30 00:00:00+05:30,18.81,18.81,17.1,17.1,59654
2020-03-31 00:00:00+05:30,17.29,18.81,17.29,18.17,43108
2020-04-01 00:00:00+05:30,18.76,18.81,16.71,18.61,21976
2020-04-03 00:00:00+05:30,18.42,20.13,18.17,19.49,22663
2020-04-07 00:00:00+05:30,20.42,20.96,19.78,20.81,16707
2020-04-08 00:00:00+05:30,20.57,22.13,20.13,21.05,26291
2020-04-09 00:00:00+05:30,21.93,25.26,21.4,25.26,151528
2020-04-13 00:00:00+05:30,30.29,30.29,25.6,28.28,416157
2020-04-15 00:00:00+05:30,30.19,30.19,26.67,27.94,211170
2020-04-16 00:00:00+05:30,26.97,28.77,26.97,28.24,52754
2020-04-17 00:00:00+05:30,29.26,30.19,26.97,27.36,116584
2020-04-20 00:00:00+05:30,27.36,28.53,27.36,27.5,50660
2020-04-21 00:00:00+05:30,27.16,27.75,24.67,25.4,41385
2020-04-22 00:00:00+05:30,25.6,26.18,23.89,25.3,35655
2020-04-23 00:00:00+05:30,26.09,26.13,23.94,24.96,50333
2020-04-24 00:00:00+05:30,24.96,25.16,24.08,24.18,40206
2020-04-27 00:00:00+05:30,24.42,24.91,22.67,23.45,29595
2020-04-28 00:00:00+05:30,23.45,24.38,21.98,22.47,67836
2020-04-29 00:00:00+05:30,23.4,24.28,22.86,23.4,54300
2020-04-30 00:00:00+05:30,24.28,24.42,23.2,23.35,47679
2020-05-04 00:00:00+05:30,23.35,23.45,21.69,22.47,45932
2020-05-05 00:00:00+05:30,22.72,23.25,21.98,22.18,20664
2020-05-06 00:00:00+05:30,23.4,23.4,20.52,20.81,89281
2020-05-07 00:00:00+05:30,20.81,21.59,20.47,20.52,54090
2020-05-08 00:00:00+05:30,20.08,21.05,20.08,20.37,63964
2020-05-11 00:00:00+05:30,19.83,20.81,19.83,20.42,36163
2020-05-12 00:00:00+05:30,21.25,21.25,19.59,19.83,41073
2020-05-13 00:00:00+05:30,21.49,23.79,19.83,23.69,483442
2020-05-14 00:00:00+05:30,23.84,23.84,21.74,22.32,193417
2020-05-15 00:00:00+05:30,23.06,26.28,22.32,24.62,453335
2020-05-18 00:00:00+05:30,24.47,25.21,22.81,23.06,144806
2020-05-19 00:00:00+05:30,23.99,23.99,22.18,22.37,38579
2020-05-20 00:00:00+05:30,22.37,23.94,22.13,23.55,36627
2020-05-21 00:00:00+05:30,24.13,24.91,23.45,24.42,105299
2020-05-22 00:00:00+05:30,24.42,24.77,22.28,22.62,85742
2020-05-26 00:00:00+05:30,23.06,26.82,22.47,26.28,458353
2020-05-27 00:00:00+05:30,26.28,29.75,26.28,28.38,728502
2020-05-28 00:00:00+05:30,28.48,31.41,28.48,29.41,250392
2020-05-29 00:00:00+05:30,29.41,29.7,27.6,29.21,363486
2020-06-01 00:00:00+05:30,29.7,31.02,28.48,29.21,73243
2020-06-02 00:00:00+05:30,30.09,30.09,28.19,28.33,291081
2020-06-03 00:00:00+05:30,28.28,32.88,28.28,31.31,552595
2020-06-04 00:00:00+05:30,32.24,37.08,31.46,36.25,428886
2020-06-05 00:00:00+05:30,39.03,39.03,35.22,35.71,169731
2020-06-08 00:00:00+05:30,35.22,35.66,34.68,34.73,85080
2020-06-09 00:00:00+05:30,34.73,36.74,31.26,32.34,78447
2020-06-10 00:00:00+05:30,34.1,34.19,32.39,33.41,32464
2020-06-11 00:00:00+05:30,32.44,34.1,32.24,32.58,35311
2020-06-12 00:00:00+05:30,30.38,32.68,29.36,32.29,41115
2020-06-15 00:00:00+05:30,32.24,33.02,31.26,31.75,39890
2020-06-16 00:00:00+05:30,32.24,32.92,30.24,30.87,32399
2020-06-17 00:00:00+05:30,32.14,33.22,30.78,31.51,47742
2020-06-18 00:00:00+05:30,32.73,37.81,31.31,37.81,286027
2020-06-19 00:00:00+05:30,41.03,42.69,39.42,40.94,462624
2020-06-22 00:00:00+05:30,42.01,42.01,37.37,38.35,269354
2020-06-23 00:00:00+05:30,44.94,46.02,42.01,46.02,764549
2020-06-24 00:00:00+05:30,50.61,50.61,45.92,47.04,1467896
2020-06-25 00:00:00+05:30,46.9,46.9,43.33,44.55,446866
2020-06-26 00:00:00+05:30,46.6,46.6,41.82,43.09,272372
2020-06-29 00:00:00+05:30,43.13,43.28,39.52,40.25,252638
2020-06-30 00:00:00+05:30,40.64,41.18,37.61,37.81,167611
2020-07-01 00:00:00+05:30,38.05,41.57,35.76,41.57,335673
2020-07-02 00:00:00+05:30,42.79,42.79,39.57,40.64,206993
2020-07-03 00:00:00+05:30,40.74,40.74,39.18,39.42,130579
2020-07-06 00:00:00+05:30,39.42,40.45,38.74,38.84,147355
2020-07-07 00:00:00+05:30,39.52,39.57,37.71,38.35,160153
2020-07-08 00:00:00+05:30,38.4,40.2,38.4,38.69,104510
2020-07-09 00:00:00+05:30,39.08,39.52,38.15,38.84,81309
2020-07-10 00:00:00+05:30,38.1,39.47,36.78,37.08,177368
2020-07-13 00:00:00+05:30,38.49,38.49,35.66,36.05,118506
2020-07-14 00:00:00+05:30,37.13,37.13,35.27,36.83,106096
2020-07-15 00:00:00+05:30,37.13,37.37,34.68,34.98,120212
2020-07-16 00:00:00+05:30,35.42,35.42,33.46,33.61,101462
2020-07-17 00:00:00+05:30,34.1,36.39,33.27,35.95,149066
2020-07-20 00:00:00+05:30,36.59,36.59,35.17,35.51,72186
2020-07-21 00:00:00+05:30,35.71,36.0,35.27,35.56,51964
2020-07-22 00:00:00+05:30,35.17,36.83,35.03,35.17,112114
2020-07-23 00:00:00+05:30,34.68,36.1,34.68,35.42,50811
2020-07-24 00:00:00+05:30,35.37,35.42,34.29,34.49,42251
2020-07-27 00:00:00+05:30,34.49,35.12,33.36,33.61,45795
2020-07-28 00:00:00+05:30,33.61,34.15,33.02,33.12,46169
2020-07-29 00:00:00+05:30,33.07,35.56,32.83,33.85,67373
2020-07-30 00:00:00+05:30,33.41,35.07,33.22,33.41,44792
2020-07-31 00:00:00+05:30,32.83,35.03,32.83,34.44,623207
2020-08-03 00:00:00+05:30,34.44,36.44,34.44,36.05,115723
2020-08-04 00:00:00+05:30,36.49,36.49,35.42,36.0,45317
2020-08-05 00:00:00+05:30,36.25,38.01,35.51,37.13,223192
2020-08-06 00:00:00+05:30,37.13,38.74,36.74,38.15,142248
2020-08-07 00:00:00+05:30,38.1,39.08,35.47,38.49,122067
2020-08-10 00:00:00+05:30,38.54,40.06,37.71,39.13,145716
2020-08-11 00:00:00+05:30,38.69,42.16,38.69,39.62,170341
2020-08-12 00:00:00+05:30,39.62,41.28,39.08,39.76,65199
2020-08-13 00:00:00+05:30,40.06,41.18,38.93,40.25,393146
2020-08-14 00:00:00+05:30,41.82,43.62,36.44,38.84,1014160
2020-08-17 00:00:00+05:30,38.98,42.65,38.98,42.5,361363
2020-08-18 00:00:00+05:30,42.5,44.7,42.01,43.96,277026
2020-08-19 00:00:00+05:30,44.45,46.02,43.53,44.94,189353
2020-08-20 00:00:00+05:30,44.94,46.41,43.18,45.67,246481
2020-08-21 00:00:00+05:30,46.36,47.38,44.21,45.14,120294
2020-08-24 00:00:00+05:30,46.02,46.51,44.99,45.87,156959
2020-08-25 00:00:00+05:30,45.43,48.07,44.7,47.19,204151
2020-08-26 00:00:00+05:30,48.36,49.0,47.19,48.07,183153
2020-08-27 00:00:00+05:30,48.07,49.09,47.04,48.02,127285
2020-08-28 00:00:00+05:30,48.07,48.07,46.9,47.29,62152
2020-08-31 00:00:00+05:30,46.7,46.9,42.65,43.43,242562
2020-09-01 00:00:00+05:30,41.52,45.19,41.52,43.33,45846
2020-09-02 00:00:00+05:30,44.26,44.26,42.5,43.13,24544
2020-09-03 00:00:00+05:30,43.87,44.16,42.84,43.09,11075
2020-09-04 00:00:00+05:30,43.09,43.92,41.03,42.01,44230
2020-09-07 00:00:00+05:30,42.01,44.45,41.03,41.33,38747
2020-09-08 00:00:00+05:30,42.01,43.48,40.06,42.5,56678
2020-09-09 00:00:00+05:30,42.3,42.3,39.08,40.74,43554
2020-09-10 00:00:00+05:30,41.67,41.82,39.57,40.5,27784
2020-09-11 00:00:00+05:30,42.01,42.01,40.01,40.79,29079
2020-09-14 00:00:00+05:30,42.94,42.94,40.89,42.3,77188
2020-09-15 00:00:00+05:30,42.94,46.51,41.03,46.51,234192
2020-09-16 00:00:00+05:30,48.36,51.15,47.58,51.15,428181
2020-09-17 00:00:00+05:30,51.54,55.64,49.29,54.13,437131
2020-09-18 00:00:00+05:30,53.64,53.64,51.34,51.34,208313
2020-09-21 00:00:00+05:30,51.34,51.34,48.8,48.8,120343
2020-09-22 00:00:00+05:30,47.87,48.85,46.41,46.41,58194
2020-09-23 00:00:00+05:30,46.41,48.65,44.45,47.92,451223
2020-09-24 00:00:00+05:30,47.87,47.87,45.53,45.77,32701
2020-09-25 00:00:00+05:30,45.92,47.87,44.11,46.36,98422
2020-09-28 00:00:00+05:30,45.33,47.87,45.33,46.11,36649
2020-09-29 00:00:00+05:30,47.19,48.36,45.97,46.8,83585
2020-09-30 00:00:00+05:30,46.7,47.73,46.02,46.26,34621
2020-10-01 00:00:00+05:30,46.6,47.78,45.77,46.51,47140
2020-10-05 00:00:00+05:30,47.38,48.8,46.55,48.8,93470
2020-10-06 00:00:00+05:30,50.32,51.1,49.09,50.41,91206
2020-10-07 00:00:00+05:30,50.61,52.9,49.83,50.56,166932
2020-10-08 00:00:00+05:30,52.56,52.56,50.41,50.85,108413
2020-10-09 00:00:00+05:30,51.0,51.1,49.97,50.32,287165
2020-10-12 00:00:00+05:30,49.78,50.66,48.95,49.39,36560
2020-10-13 00:00:00+05:30,49.39,50.8,47.48,49.44,29966
2020-10-14 00:00:00+05:30,49.53,52.81,49.39,49.78,78206
2020-10-15 00:00:00+05:30,48.85,50.76,48.85,49.68,16700
2020-10-16 00:00:00+05:30,51.39,51.39,48.61,49.19,32313
2020-10-19 00:00:00+05:30,50.56,55.49,49.83,53.34,947499
2020-10-20 00:00:00+05:30,53.73,53.93,49.83,51.34,241268
2020-10-21 00:00:00+05:30,51.78,52.56,49.88,50.27,82262
2020-10-22 00:00:00+05:30,50.8,51.29,49.92,50.36,28168
2020-10-23 00:00:00+05:30,49.97,51.59,49.97,50.51,45882
2020-10-26 00:00:00+05:30,51.54,51.54,47.04,48.41,62559
2020-10-27 00:00:00+05:30,48.36,50.22,48.07,49.24,26561
2020-10-28 00:00:00+05:30,49.83,49.88,47.38,47.78,32109
2020-10-29 00:00:00+05:30,48.75,48.75,46.51,46.85,27823
2020-10-30 00:00:00+05:30,46.16,48.21,46.16,46.65,41500
2020-11-02 00:00:00+05:30,45.92,49.05,44.55,45.53,32228
2020-11-03 00:00:00+05:30,45.67,46.7,45.24,45.58,34491
2020-11-04 00:00:00+05:30,45.67,46.8,44.8,45.24,30701
2020-11-05 00:00:00+05:30,45.24,46.46,45.24,46.07,26763
2020-11-06 00:00:00+05:30,46.21,48.36,46.16,46.94,31208
2020-11-09 00:00:00+05:30,47.87,48.17,46.9,46.99,21969
2020-11-10 00:00:00+05:30,46.41,47.34,46.02,46.36,23737
2020-11-11 00:00:00+05:30,48.07,49.05,46.41,47.63,62929
2020-11-12 00:00:00+05:30,47.38,48.31,46.46,46.75,67972
2020-11-13 00:00:00+05:30,47.87,48.36,46.46,47.97,79952
2020-11-14 00:00:00+05:30,50.32,50.41,48.56,49.73,98392
2020-11-17 00:00:00+05:30,49.73,49.73,47.78,48.7,88438
2020-11-18 00:00:00+05:30,48.7,54.22,48.17,52.56,857899
2020-11-19 00:00:00+05:30,53.44,56.18,51.29,52.27,315767
2020-11-20 00:00:00+05:30,53.1,54.32,51.93,52.22,61994
2020-11-23 00:00:00+05:30,52.22,54.42,50.71,53.3,486795
2020-11-24 00:00:00+05:30,53.98,54.61,51.78,52.22,109218
2020-11-25 00:00:00+05:30,52.76,56.18,51.88,55.3,278080
2020-11-26 00:00:00+05:30,55.69,57.55,53.98,54.71,121275
2020-11-27 00:00:00+05:30,55.2,55.2,53.54,54.08,58206
2020-12-01 00:00:00+05:30,55.01,56.37,52.66,55.15,173892
2020-12-02 00:00:00+05:30,56.13,56.42,53.93,54.22,75261
2020-12-03 00:00:00+05:30,55.69,56.37,53.88,55.15,82930
2020-12-04 00:00:00+05:30,56.08,56.18,54.03,54.96,59651
2020-12-07 00:00:00+05:30,54.27,63.31,54.27,60.33,571612
2020-12-08 00:00:00+05:30,62.53,62.53,57.74,59.74,234444
2020-12-09 00:00:00+05:30,61.16,61.26,58.82,59.89,81966
2020-12-10 00:00:00+05:30,60.28,60.43,56.91,58.62,77399
2020-12-11 00:00:00+05:30,58.08,59.94,58.08,58.42,61075
2020-12-14 00:00:00+05:30,59.55,60.04,58.38,59.74,66583
2020-12-15 00:00:00+05:30,59.6,60.57,58.72,60.23,122307
2020-12-16 00:00:00+05:30,61.36,63.55,59.79,62.09,234873
2020-12-17 00:00:00+05:30,62.92,64.19,60.33,60.72,103041
2020-12-18 00:00:00+05:30,62.04,62.23,60.23,61.26,108604
2020-12-21 00:00:00+05:30,61.06,61.36,51.44,59.55,174136
2020-12-22 00:00:00+05:30,57.84,59.55,54.96,58.42,143923
2020-12-23 00:00:00+05:30,58.62,61.06,58.62,60.43,53561
2020-12-24 00:00:00+05:30,60.43,61.6,58.91,60.38,62158
2020-12-28 00:00:00+05:30,61.55,61.55,59.94,60.38,31757
2020-12-29 00:00:00+05:30,61.99,61.99,59.26,59.55,53932
2020-12-30 00:00:00+05:30,61.36,61.36,59.6,60.13,39875
2020-12-31 00:00:00+05:30,61.5,61.5,60.18,60.53,33916
2021-01-01 00:00:00+05:30,60.57,71.32,59.69,65.75,793542
2021-01-04 00:00:00+05:30,67.36,69.51,65.7,66.53,224842
2021-01-05 00:00:00+05:30,66.53,68.1,64.48,65.51,172140
2021-01-06 00:00:00+05:30,65.65,66.73,62.04,63.65,99806
2021-01-07 00:00:00+05:30,64.87,66.88,63.26,66.09,121416
2021-01-08 00:00:00+05:30,67.22,72.25,66.14,69.12,420216
2021-01-11 00:00:00+05:30,70.2,71.32,66.73,67.32,126706
2021-01-12 00:00:00+05:30,67.32,67.61,65.46,65.65,97684
2021-01-13 00:00:00+05:30,65.65,66.83,63.07,64.38,89749
2021-01-14 00:00:00+05:30,64.34,69.86,63.5,67.46,196788
2021-01-15 00:00:00+05:30,67.85,68.15,65.51,66.0,76374
2021-01-18 00:00:00+05:30,67.22,67.56,63.99,64.73,93001
2021-01-19 00:00:00+05:30,66.24,68.34,64.92,67.56,166677
2021-01-20 00:00:00+05:30,70.34,71.27,64.48,66.97,431239
2021-01-21 00:00:00+05:30,67.46,67.95,63.7,63.94,123531
2021-01-22 00:00:00+05:30,63.7,65.26,61.75,62.53,90201
2021-01-25 00:00:00+05:30,62.53,63.5,58.86,59.55,86850
2021-01-27 00:00:00+05:30,60.33,61.45,59.6,60.57,44448
2021-01-28 00:00:00+05:30,60.57,61.06,59.6,60.28,24572
2021-01-29 00:00:00+05:30,60.57,61.5,57.35,58.67,39775
2021-02-01 00:00:00+05:30,58.86,62.14,57.15,60.82,51985
2021-02-02 00:00:00+05:30,61.26,62.48,60.77,61.4,49021
2021-02-03 00:00:00+05:30,61.6,62.63,60.96,61.99,39912
2021-02-04 00:00:00+05:30,61.55,64.43,61.26,63.85,63744
2021-02-05 00:00:00+05:30,65.46,65.65,63.02,63.6,51856
2021-02-08 00:00:00+05:30,63.99,64.34,62.09,62.48,54261
2021-02-09 00:00:00+05:30,65.41,65.41,61.55,61.84,42644
2021-02-10 00:00:00+05:30,61.84,62.43,61.31,61.5,18548
2021-02-11 00:00:00+05:30,61.84,62.72,61.06,61.5,36360
2021-02-12 00:00:00+05:30,62.53,64.14,60.82,62.14,58190
2021-02-15 00:00:00+05:30,63.31,63.5,61.6,61.89,32645
2021-02-16 00:00:00+05:30,62.82,62.82,61.06,61.8,39511
2021-02-17 00:00:00+05:30,60.62,63.31,60.62,60.87,33662
2021-02-18 00:00:00+05:30,60.13,63.46,60.13,62.77,60162
2021-02-19 00:00:00+05:30,63.36,63.94,61.06,61.99,35484
2021-02-22 00:00:00+05:30,63.5,63.5,59.6,59.94,47453
2021-02-23 00:00:00+05:30,61.01,61.94,59.11,59.65,44575
2021-02-24 00:00:00+05:30,60.53,61.21,59.6,59.65,22839
2021-02-25 00:00:00+05:30,61.16,61.16,59.6,60.18,51018
2021-02-26 00:00:00+05:30,59.65,61.11,59.65,60.77,40325
2021-03-01 00:00:00+05:30,62.48,62.48,60.67,61.31,50993
2021-03-02 00:00:00+05:30,61.55,62.33,60.09,61.01,57042
2021-03-03 00:00:00+05:30,60.87,62.43,60.48,61.01,48946
2021-03-04 00:00:00+05:30,60.62,62.09,60.62,61.6,64667
2021-03-05 00:00:00+05:30,62.04,63.11,60.28,60.92,64484
2021-03-08 00:00:00+05:30,61.06,62.33,60.13,60.38,28671
2021-03-09 00:00:00+05:30,60.62,61.5,59.4,59.55,32047
2021-03-10 00:00:00+05:30,59.65,60.57,58.86,59.5,138568
2021-03-12 00:00:00+05:30,59.89,60.38,57.64,58.13,67568
2021-03-15 00:00:00+05:30,57.64,58.52,56.67,57.25,71372
2021-03-16 00:00:00+05:30,57.25,68.39,57.25,65.31,474810
2021-03-17 00:00:00+05:30,66.44,70.44,63.5,63.94,680125
2021-03-18 00:00:00+05:30,65.26,67.41,60.67,62.58,286594
2021-03-19 00:00:00+05:30,63.8,63.8,58.72,62.58,112507
2021-03-22 00:00:00+05:30,61.6,62.72,58.33,59.94,81098
2021-03-23 00:00:00+05:30,60.62,64.78,59.94,63.41,187736
2021-03-24 00:00:00+05:30,62.53,63.36,59.6,60.04,59794
2021-03-25 00:00:00+05:30,60.77,61.45,58.62,59.01,68890
2021-03-26 00:00:00+05:30,60.09,61.84,59.11,59.74,43470
2021-03-30 00:00:00+05:30,61.45,61.45,57.89,59.65,53006
2021-03-31 00:00:00+05:30,59.55,60.57,58.96,59.65,31261
2021-04-01 00:00:00+05:30,60.53,61.01,58.72,59.84,32005
2021-04-05 00:00:00+05:30,59.21,59.84,57.64,58.33,51927
2021-04-06 00:00:00+05:30,58.38,60.96,58.23,59.01,21363
2021-04-07 00:00:00+05:30,58.72,60.96,58.72,60.13,38631
2021-04-08 00:00:00+05:30,60.13,61.75,59.69,59.79,57663
2021-04-09 00:00:00+05:30,59.84,61.4,59.06,59.65,24107
2021-04-12 00:00:00+05:30,58.62,58.62,48.36,54.57,137027
2021-04-13 00:00:00+05:30,56.62,56.76,55.4,56.18,36112
2021-04-15 00:00:00+05:30,57.55,57.55,54.37,54.86,18950
2021-04-16 00:00:00+05:30,55.05,56.42,53.88,55.2,14989
2021-04-19 00:00:00+05:30,53.93,54.32,50.22,51.73,98894
2021-04-20 00:00:00+05:30,53.59,53.78,51.1,51.88,30666
2021-04-22 00:00:00+05:30,51.88,56.18,51.73,54.57,50044
2021-04-23 00:00:00+05:30,55.69,56.32,53.2,53.88,48583
2021-04-26 00:00:00+05:30,54.71,54.71,51.0,52.95,136023
2021-04-27 00:00:00+05:30,53.15,54.13,53.15,53.34,48599
2021-04-28 00:00:00+05:30,55.4,55.93,53.64,53.83,159146
2021-04-29 00:00:00+05:30,56.32,57.15,54.57,54.81,347488
2021-04-30 00:00:00+05:30,54.71,61.84,54.71,58.28,830079
2021-05-03 00:00:00+05:30,58.13,60.57,58.13,59.45,175368
2021-05-04 00:00:00+05:30,60.57,61.31,54.22,54.81,849564
2021-05-05 00:00:00+05:30,54.71,55.59,52.46,53.59,297994
2021-05-06 00:00:00+05:30,53.78,55.35,53.78,54.71,298153
2021-05-07 00:00:00+05:30,56.18,56.18,53.64,54.57,359669
2021-05-10 00:00:00+05:30,55.69,56.47,54.08,54.71,301977
2021-05-11 00:00:00+05:30,54.71,56.71,54.22,55.69,192595
2021-05-12 00:00:00+05:30,55.25,57.64,55.25,56.96,154797
2021-05-14 00:00:00+05:30,57.45,57.5,55.3,56.08,90124
2021-05-17 00:00:00+05:30,56.03,57.55,55.59,55.88,149617
2021-05-18 00:00:00+05:30,56.76,57.11,55.88,56.18,118516
2021-05-19 00:00:00+05:30,56.57,58.42,55.88,57.45,126897
2021-05-20 00:00:00+05:30,57.69,63.41,57.5,61.01,485115
2021-05-21 00:00:00+05:30,61.26,62.92,57.45,58.18,275097
2021-05-24 00:00:00+05:30,58.62,60.82,58.28,59.79,187740
2021-05-25 00:00:00+05:30,60.96,61.31,58.08,58.96,192119
2021-05-26 00:00:00+05:30,58.72,62.14,58.72,61.55,337658
2021-05-27 00:00:00+05:30,62.04,62.58,57.94,59.6,243687
2021-05-28 00:00:00+05:30,59.55,61.36,58.52,59.99,565582
2021-05-31 00:00:00+05:30,60.48,65.75,60.13,62.92,623979
2021-06-01 00:00:00+05:30,63.02,65.17,59.26,60.57,196010
2021-06-02 00:00:00+05:30,61.45,62.19,60.57,61.31,102264
2021-06-03 00:00:00+05:30,62.14,64.68,61.26,62.09,171052
2021-06-04 00:00:00+05:30,61.8,63.16,55.59,61.01,190353
2021-06-07 00:00:00+05:30,61.6,62.87,60.77,61.36,148983
2021-06-08 00:00:00+05:30,61.55,69.76,59.99,65.61,801134
2021-06-09 00:00:00+05:30,66.09,78.11,65.95,74.3,5076715
2021-06-10 00:00:00+05:30,79.33,80.99,75.52,76.21,2630220
2021-06-11 00:00:00+05:30,76.89,82.9,73.76,80.85,3207431
2021-06-14 00:00:00+05:30,81.77,85.49,76.4,83.09,2482393
2021-06-15 00:00:00+05:30,84.02,84.71,80.65,81.24,661563
2021-06-17 00:00:00+05:30,78.65,82.07,78.16,79.87,534631
2021-06-18 00:00:00+05:30,80.31,80.9,76.3,77.82,470755
2021-06-21 00:00:00+05:30,76.21,81.77,76.21,80.36,445181
2021-06-22 00:00:00+05:30,81.53,81.53,79.14,79.67,241895
2021-06-23 00:00:00+05:30,80.55,80.55,77.87,78.31,177649
2021-06-24 00:00:00+05:30,78.94,81.63,77.67,79.48,750570
2021-06-25 00:00:00+05:30,80.07,89.4,79.67,87.29,3373555
2021-06-28 00:00:00+05:30,89.69,92.03,86.95,88.13,1867974
2021-06-29 00:00:00+05:30,88.71,90.76,85.05,85.83,803906
2021-06-30 00:00:00+05:30,87.0,90.57,86.27,87.78,878350
2021-07-01 00:00:00+05:30,88.91,94.28,87.39,89.84,2618143
2021-07-02 00:00:00+05:30,89.88,90.76,87.29,87.98,658541
2021-07-05 00:00:00+05:30,88.91,89.15,86.46,86.61,554856
2021-07-06 00:00:00+05:30,87.34,87.78,83.58,84.51,539682
2021-07-07 00:00:00+05:30,84.51,85.78,82.26,83.19,559247
2021-07-08 00:00:00+05:30,84.17,92.81,84.02,86.51,1924766
2021-07-09 00:00:00+05:30,86.95,91.45,85.98,87.2,1556616
2021-07-12 00:00:00+05:30,87.59,89.69,86.27,86.81,577961
2021-07-13 00:00:00+05:30,88.37,89.69,86.22,87.05,1070744
2021-07-14 00:00:00+05:30,86.95,89.1,86.07,86.61,695051
2021-07-15 00:00:00+05:30,87.88,89.44,84.17,84.66,892585
2021-07-16 00:00:00+05:30,85.19,89.35,85.19,85.78,730200
2021-07-19 00:00:00+05:30,85.0,93.35,85.0,90.23,2682120
2021-07-20 00:00:00+05:30,90.37,91.01,85.15,86.81,874887
2021-07-22 00:00:00+05:30,87.93,96.09,87.93,92.28,3454361
2021-07-23 00:00:00+05:30,95.75,95.75,90.18,91.11,874181
2021-07-26 00:00:00+05:30,91.11,94.04,89.49,91.64,1305901
2021-07-27 00:00:00+05:30,92.38,93.21,86.61,87.88,1412886
2021-07-28 00:00:00+05:30,88.57,89.15,85.59,86.27,536548
2021-07-29 00:00:00+05:30,86.76,89.69,86.76,88.66,554559
2021-07-30 00:00:00+05:30,89.15,89.49,86.9,87.05,460805
2021-08-02 00:00:00+05:30,87.88,89.59,87.2,87.49,574927
2021-08-03 00:00:00+05:30,87.98,88.81,86.61,86.9,291958
2021-08-04 00:00:00+05:30,87.44,89.4,85.15,85.78,767192
2021-08-05 00:00:00+05:30,86.46,86.56,81.58,82.36,504287
2021-08-06 00:00:00+05:30,82.9,88.42,81.77,83.44,748491
2021-08-09 00:00:00+05:30,84.51,90.13,84.51,87.64,1105932
2021-08-10 00:00:00+05:30,87.93,88.91,82.12,83.24,566264
2021-08-11 00:00:00+05:30,83.04,83.92,75.57,80.99,578494
2021-08-12 00:00:00+05:30,84.75,85.98,83.0,83.68,334646
2021-08-13 00:00:00+05:30,83.04,85.34,80.36,80.9,520175
2021-08-16 00:00:00+05:30,80.94,81.77,78.31,79.58,359714
2021-08-17 00:00:00+05:30,79.87,79.87,77.43,78.16,187077
2021-08-18 00:00:00+05:30,78.16,79.77,75.03,77.18,443298
2021-08-20 00:00:00+05:30,75.23,80.02,74.45,77.62,427342
2021-08-23 00:00:00+05:30,79.04,81.38,75.86,76.99,394507
2021-08-24 00:00:00+05:30,76.4,78.4,76.3,78.06,143522
2021-08-25 00:00:00+05:30,78.84,82.75,78.26,78.65,324134
2021-08-26 00:00:00+05:30,78.36,79.87,77.96,78.26,115349
2021-08-27 00:00:00+05:30,78.7,78.94,77.38,77.72,61563
2021-08-30 00:00:00+05:30,78.21,83.04,78.21,80.16,189080
2021-08-31 00:00:00+05:30,80.8,81.92,78.4,78.84,142036
2021-09-01 00:00:00+05:30,79.63,79.63,76.3,78.31,239443
2021-09-02 00:00:00+05:30,79.53,79.97,77.38,78.06,76943
2021-09-03 00:00:00+05:30,78.36,78.75,76.79,77.13,120857
2021-09-06 00:00:00+05:30,77.96,79.14,77.13,77.92,103625
2021-09-07 00:00:00+05:30,78.01,79.53,76.94,77.67,273794
2021-09-08 00:00:00+05:30,77.87,79.53,77.23,77.96,149311
2021-09-09 00:00:00+05:30,78.16,85.0,77.72,84.07,836414
2021-09-13 00:00:00+05:30,85.0,86.9,82.17,83.24,461411
2021-09-14 00:00:00+05:30,83.53,84.02,81.48,81.77,205939
2021-09-15 00:00:00+05:30,81.77,87.1,81.24,85.19,830886
2021-09-16 00:00:00+05:30,85.54,86.27,83.04,83.39,308358
2021-09-17 00:00:00+05:30,83.63,83.68,79.09,81.09,215769
2021-09-20 00:00:00+05:30,81.09,82.07,78.16,78.5,161708
2021-09-21 00:00:00+05:30,80.02,80.02,77.23,78.75,92702
2021-09-22 00:00:00+05:30,79.53,83.04,78.65,80.41,486080
2021-09-23 00:00:00+05:30,81.24,83.44,79.67,81.29,378407
2021-09-24 00:00:00+05:30,81.82,81.82,78.94,79.63,162256
2021-09-27 00:00:00+05:30,80.11,81.58,78.36,78.84,206859
2021-09-28 00:00:00+05:30,79.82,81.58,79.14,80.5,564771
2021-09-29 00:00:00+05:30,80.11,81.43,79.23,79.67,186080
2021-09-30 00:00:00+05:30,80.55,82.56,79.19,79.43,381503
2021-10-01 00:00:00+05:30,80.02,81.29,79.53,80.11,124314
2021-10-04 00:00:00+05:30,81.09,81.87,79.72,79.97,289546
2021-10-05 00:00:00+05:30,80.7,81.58,79.72,80.21,318423
2021-10-06 00:00:00+05:30,80.99,86.9,80.36,83.78,1338596
2021-10-07 00:00:00+05:30,84.71,86.32,82.12,82.56,432126
2021-10-08 00:00:00+05:30,83.09,85.98,82.21,82.85,429320
2021-10-11 00:00:00+05:30,82.36,83.19,81.82,82.26,139279
2021-10-12 00:00:00+05:30,83.09,84.12,82.07,82.21,175694
2021-10-13 00:00:00+05:30,83.0,83.0,81.09,81.43,266460
2021-10-14 00:00:00+05:30,81.92,82.51,78.94,79.67,400125
2021-10-18 00:00:00+05:30,80.07,81.87,77.57,78.45,580037
2021-10-19 00:00:00+05:30,78.7,79.33,75.23,76.69,398559
2021-10-20 00:00:00+05:30,77.13,77.13,72.98,75.18,216441
2021-10-21 00:00:00+05:30,75.86,76.4,73.81,74.94,215188
2021-10-22 00:00:00+05:30,74.94,78.65,74.94,75.77,319262
2021-10-25 00:00:00+05:30,76.16,76.94,73.27,73.96,199245
2021-10-26 00:00:00+05:30,74.25,77.28,74.25,74.89,250271
2021-10-27 00:00:00+05:30,76.01,77.04,75.03,75.77,126620
2021-10-28 00:00:00+05:30,76.65,76.65,71.32,72.74,205862
2021-10-29 00:00:00+05:30,73.23,76.21,71.47,73.32,292862
2021-11-01 00:00:00+05:30,74.15,74.55,73.27,73.62,51040
2021-11-02 00:00:00+05:30,74.59,74.59,72.35,72.69,99817
2021-11-03 00:00:00+05:30,72.44,73.96,72.3,72.69,71592
2021-11-04 00:00:00+05:30,74.2,75.86,73.71,74.98,59667
2021-11-08 00:00:00+05:30,74.98,78.16,74.3,75.57,98732
2021-11-09 00:00:00+05:30,76.16,79.92,75.96,78.31,775235
2021-11-10 00:00:00+05:30,78.16,78.84,76.89,77.87,125503
2021-11-11 00:00:00+05:30,78.26,80.11,75.91,79.38,230564
2021-11-12 00:00:00+05:30,80.6,80.7,77.18,77.52,93726
2021-11-15 00:00:00+05:30,77.52,78.99,74.69,75.13,83650
2021-11-16 00:00:00+05:30,75.18,76.94,74.79,76.55,116003
2021-11-17 00:00:00+05:30,76.94,76.94,74.74,75.52,99215
2021-11-18 00:00:00+05:30,75.42,75.72,73.76,74.3,61272
2021-11-22 00:00:00+05:30,75.03,75.03,69.51,70.49,580223
2021-11-23 00:00:00+05:30,70.54,74.15,70.3,73.47,54440
2021-11-24 00:00:00+05:30,73.32,74.45,71.37,71.71,99069
2021-11-25 00:00:00+05:30,72.3,75.33,71.81,73.91,82488
2021-11-26 00:00:00+05:30,73.71,73.76,70.34,70.78,93709
2021-11-29 00:00:00+05:30,70.64,70.64,64.38,67.17,133370
2021-11-30 00:00:00+05:30,67.36,69.27,62.04,63.21,191277
2021-12-01 00:00:00+05:30,63.6,67.32,63.6,65.61,395643
2021-12-02 00:00:00+05:30,65.61,78.16,64.87,76.84,1450448
2021-12-03 00:00:00+05:30,77.28,77.33,73.08,73.67,374505
2021-12-06 00:00:00+05:30,72.15,73.67,69.46,69.81,325178
2021-12-07 00:00:00+05:30,70.83,71.86,69.86,71.13,70203
2021-12-08 00:00:00+05:30,71.66,72.88,71.32,72.0,58195
2021-12-09 00:00:00+05:30,72.0,72.88,71.57,72.1,42698
2021-12-10 00:00:00+05:30,73.08,73.18,71.42,71.66,87250
2021-12-13 00:00:00+05:30,73.08,74.64,71.81,72.15,128810
2021-12-14 00:00:00+05:30,70.93,73.67,70.3,71.22,95242
2021-12-15 00:00:00+05:30,72.1,73.23,70.49,71.57,94361
2021-12-16 00:00:00+05:30,72.93,72.93,68.59,70.05,113677
2021-12-17 00:00:00+05:30,70.83,71.57,67.9,68.24,85914
2021-12-20 00:00:00+05:30,68.98,68.98,63.9,66.34,101420
2021-12-21 00:00:00+05:30,68.15,69.12,66.58,66.92,49340
2021-12-22 00:00:00+05:30,68.24,68.63,66.68,67.22,39317
2021-12-23 00:00:00+05:30,68.29,72.35,67.95,70.1,123392
2021-12-24 00:00:00+05:30,71.13,71.13,69.37,70.34,61621
2021-12-27 00:00:00+05:30,69.51,72.79,68.59,70.69,76533
2021-12-28 00:00:00+05:30,72.69,73.27,70.44,70.78,43390
2021-12-29 00:00:00+05:30,71.32,78.84,69.37,75.38,655722
2021-12-30 00:00:00+05:30,76.06,76.3,73.52,74.3,91348
2021-12-31 00:00:00+05:30,73.42,78.16,73.42,76.99,271280
2022-01-03 00:00:00+05:30,77.18,77.67,75.03,75.72,102568
2022-01-04 00:00:00+05:30,76.21,76.99,74.25,75.18,84798
2022-01-05 00:00:00+05:30,76.65,77.28,74.3,75.23,128859
2022-01-06 00:00:00+05:30,75.72,75.72,73.37,74.4,62067
2022-01-07 00:00:00+05:30,75.08,76.11,73.76,74.84,272778
2022-01-10 00:00:00+05:30,75.23,76.11,73.96,74.74,204653
2022-01-11 00:00:00+05:30,74.74,76.65,74.25,74.84,118332
2022-01-12 00:00:00+05:30,75.72,76.06,71.66,74.11,405700
2022-01-13 00:00:00+05:30,73.57,76.6,73.57,74.84,138319
2022-01-14 00:00:00+05:30,75.62,78.55,74.64,77.82,376928
2022-01-17 00:00:00+05:30,78.65,82.46,78.26,80.31,657562
2022-01-18 00:00:00+05:30,81.73,81.92,76.84,77.28,260548
2022-01-19 00:00:00+05:30,77.18,80.6,73.37,76.21,217847
2022-01-20 00:00:00+05:30,76.21,77.72,74.45,76.35,91222
2022-01-21 00:00:00+05:30,75.23,76.99,73.76,75.33,91408
2022-01-24 00:00:00+05:30,75.33,77.13,70.34,71.52,198687
2022-01-25 00:00:00+05:30,70.39,73.18,69.66,72.44,90384
2022-01-27 00:00:00+05:30,72.1,72.25,70.34,70.98,83126
2022-01-28 00:00:00+05:30,72.79,72.79,70.93,71.47,43169
2022-01-31 00:00:00+05:30,71.52,72.93,71.13,71.52,42121
2022-02-01 00:00:00+05:30,71.81,72.1,70.2,70.44,159833
2022-02-02 00:00:00+05:30,71.66,71.96,69.86,70.34,601469
2022-02-03 00:00:00+05:30,71.27,71.27,69.61,70.1,264220
2022-02-04 00:00:00+05:30,70.34,71.27,68.19,68.73,369341
2022-02-07 00:00:00+05:30,70.2,71.32,69.76,70.44,134236
2022-02-08 00:00:00+05:30,70.73,78.89,70.49,77.38,831834
2022-02-09 00:00:00+05:30,78.16,80.94,76.11,76.69,719066
2022-02-10 00:00:00+05:30,77.18,79.58,74.79,75.52,239726
2022-02-11 00:00:00+05:30,76.4,76.4,73.37,73.81,100613
2022-02-14 00:00:00+05:30,72.05,72.79,68.88,70.2,211528
2022-02-15 00:00:00+05:30,71.17,71.81,68.34,70.93,159714
2022-02-16 00:00:00+05:30,70.93,73.27,70.93,71.66,120225
2022-02-17 00:00:00+05:30,72.84,72.84,67.56,68.39,269796
2022-02-18 00:00:00+05:30,68.39,70.93,68.39,69.51,100093
2022-02-21 00:00:00+05:30,69.86,70.15,66.44,66.58,154036
2022-02-22 00:00:00+05:30,64.24,65.7,63.65,64.92,79805
2022-02-23 00:00:00+05:30,65.56,66.78,64.48,64.82,57361
2022-02-24 00:00:00+05:30,61.4,64.38,55.3,57.15,251033
2022-02-25 00:00:00+05:30,58.13,62.19,57.3,60.28,200918
2022-02-28 00:00:00+05:30,60.53,61.94,59.01,61.16,78714
2022-03-02 00:00:00+05:30,61.55,62.04,58.67,60.38,114158
2022-03-03 00:00:00+05:30,60.62,61.75,59.99,60.43,66049
2022-03-04 00:00:00+05:30,60.43,60.43,58.77,59.4,75096
2022-03-07 00:00:00+05:30,58.62,59.26,56.96,57.5,88898
2022-03-08 00:00:00+05:30,57.69,59.11,57.15,57.94,55061
2022-03-09 00:00:00+05:30,58.42,62.04,58.03,60.23,169681
2022-03-10 00:00:00+05:30,61.45,64.19,59.6,60.92,213109
2022-03-11 00:00:00+05:30,61.55,62.97,60.67,61.84,115842
2022-03-14 00:00:00+05:30,62.82,62.82,59.89,60.13,383383
2022-03-15 00:00:00+05:30,61.26,61.4,59.16,59.45,98112
2022-03-16 00:00:00+05:30,60.53,61.01,59.65,59.79,57677
2022-03-17 00:00:00+05:30,60.13,61.31,59.84,60.38,98438
2022-03-21 00:00:00+05:30,60.38,62.28,60.09,60.33,188905
2022-03-22 00:00:00+05:30,61.06,61.45,59.79,60.87,183230
2022-03-23 00:00:00+05:30,60.87,61.75,60.13,60.57,147892
2022-03-24 00:00:00+05:30,60.38,63.41,59.79,61.06,250487
2022-03-25 00:00:00+05:30,61.06,61.65,58.13,58.57,194856
2022-03-28 00:00:00+05:30,58.62,58.62,55.88,57.06,195108
2022-03-29 00:00:00+05:30,57.11,58.08,54.91,55.4,212270
2022-03-30 00:00:00+05:30,56.42,57.2,53.88,55.3,209022
2022-03-31 00:00:00+05:30,55.35,56.13,52.76,53.15,247330
2022-04-01 00:00:00+05:30,53.83,58.52,53.44,57.3,207454
2022-04-04 00:00:00+05:30,57.98,60.09,57.64,59.35,195719
2022-04-05 00:00:00+05:30,59.94,62.53,58.86,61.5,244136
2022-04-06 00:00:00+05:30,61.5,64.04,61.5,62.67,160493
2022-04-07 00:00:00+05:30,63.41,65.36,62.63,63.21,173441
2022-04-08 00:00:00+05:30,64.29,64.43,62.33,62.97,68538
2022-04-11 00:00:00+05:30,63.02,64.14,63.02,63.21,43679
2022-04-12 00:00:00+05:30,63.02,63.26,59.99,61.5,57274
2022-04-13 00:00:00+05:30,61.55,63.41,61.55,62.48,84757
2022-04-18 00:00:00+05:30,62.53,63.46,61.36,62.87,389976
2022-04-19 00:00:00+05:30,63.31,66.97,61.21,63.41,224617
2022-04-20 00:00:00+05:30,63.5,67.22,62.53,63.8,168685
2022-04-21 00:00:00+05:30,64.38,65.95,63.9,64.14,226229
2022-04-22 00:00:00+05:30,64.29,66.68,63.55,63.94,318112
2022-04-25 00:00:00+05:30,64.82,64.82,62.28,62.53,78968
2022-04-26 00:00:00+05:30,63.94,64.14,62.58,62.92,93847
2022-04-27 00:00:00+05:30,63.16,63.16,61.75,62.19,53846
2022-04-28 00:00:00+05:30,62.28,63.11,60.82,61.21,68693
2022-04-29 00:00:00+05:30,61.31,62.43,60.23,60.53,63895
2022-05-02 00:00:00+05:30,61.01,61.06,58.38,59.3,37141
2022-05-04 00:00:00+05:30,59.55,60.33,57.64,58.23,42024
2022-05-05 00:00:00+05:30,59.01,59.65,57.64,58.08,36094
2022-05-06 00:00:00+05:30,57.64,60.53,55.84,56.71,103779
2022-05-09 00:00:00+05:30,56.67,57.11,54.81,55.3,51085
2022-05-10 00:00:00+05:30,54.76,56.37,54.76,55.35,41541
2022-05-11 00:00:00+05:30,56.52,57.15,52.9,54.96,133839
2022-05-12 00:00:00+05:30,58.62,62.92,57.15,59.21,1204857
2022-05-13 00:00:00+05:30,60.87,63.11,57.06,57.5,284510
2022-05-16 00:00:00+05:30,57.15,59.6,56.67,56.96,108906
2022-05-17 00:00:00+05:30,57.84,59.79,57.06,59.06,110836
2022-05-18 00:00:00+05:30,58.23,60.57,58.23,59.89,132653
2022-05-19 00:00:00+05:30,58.42,58.62,56.67,57.06,85445
2022-05-20 00:00:00+05:30,58.62,58.62,57.15,57.84,57802
2022-05-23 00:00:00+05:30,57.84,58.57,56.71,57.11,40303
2022-05-24 00:00:00+05:30,57.64,57.64,56.03,56.52,34120
2022-05-25 00:00:00+05:30,56.52,56.67,54.27,54.81,31084
2022-05-26 00:00:00+05:30,54.96,55.3,53.73,54.76,43013
2022-05-27 00:00:00+05:30,55.25,59.89,55.25,58.57,145653
2022-05-30 00:00:00+05:30,59.11,59.99,57.74,58.42,93333
2022-05-31 00:00:00+05:30,59.3,59.3,57.64,58.47,32106
2022-06-01 00:00:00+05:30,58.77,59.21,57.01,57.94,30750
2022-06-02 00:00:00+05:30,57.98,62.63,57.79,61.7,175603
2022-06-03 00:00:00+05:30,63.85,63.85,58.33,58.62,223369
2022-06-06 00:00:00+05:30,58.62,59.01,57.64,57.94,44179
2022-06-07 00:00:00+05:30,57.74,61.4,57.74,59.11,85220
2022-06-08 00:00:00+05:30,59.06,61.01,58.77,59.55,66655
2022-06-09 00:00:00+05:30,60.04,60.04,58.62,58.77,26916
2022-06-10 00:00:00+05:30,58.82,59.69,57.84,58.18,44719
2022-06-13 00:00:00+05:30,57.64,58.57,55.2,55.69,73836
2022-06-14 00:00:00+05:30,56.32,57.15,55.44,55.69,30359
2022-06-15 00:00:00+05:30,56.13,56.91,55.44,56.23,29900
2022-06-16 00:00:00+05:30,56.62,57.59,52.76,53.2,64299
2022-06-17 00:00:00+05:30,52.81,54.13,52.03,52.76,42997
2022-06-20 00:00:00+05:30,52.22,53.25,48.95,49.88,78417
2022-06-21 00:00:00+05:30,50.22,52.42,50.22,51.68,47175
2022-06-22 00:00:00+05:30,51.93,52.71,50.41,50.61,33703
2022-06-23 00:00:00+05:30,51.05,51.44,50.46,51.1,29806
2022-06-24 00:00:00+05:30,51.68,52.66,50.8,51.93,36770
2022-06-27 00:00:00+05:30,51.98,54.13,51.98,53.0,51698
2022-06-28 00:00:00+05:30,53.49,53.78,51.59,53.59,42387
2022-06-29 00:00:00+05:30,52.76,54.27,52.32,53.49,21480
2022-06-30 00:00:00+05:30,53.88,54.17,52.66,53.15,17268
2022-07-01 00:00:00+05:30,53.98,54.03,52.03,52.51,21508
2022-07-04 00:00:00+05:30,52.51,53.34,50.27,51.54,232081
2022-07-05 00:00:00+05:30,52.03,53.69,51.15,51.44,143320
2022-07-06 00:00:00+05:30,52.42,52.56,51.49,51.98,25891
2022-07-07 00:00:00+05:30,52.46,53.54,52.37,53.2,56209
2022-07-08 00:00:00+05:30,53.69,56.13,52.9,54.03,194557
2022-07-11 00:00:00+05:30,54.42,55.05,53.44,54.17,97016
2022-07-12 00:00:00+05:30,54.42,56.67,54.27,55.3,160364
2022-07-13 00:00:00+05:30,55.79,55.93,54.22,54.42,37161
2022-07-14 00:00:00+05:30,54.81,55.01,53.83,54.08,28051
2022-07-15 00:00:00+05:30,55.1,55.49,53.1,53.64,32472
2022-07-18 00:00:00+05:30,54.13,56.42,54.13,55.79,119751
2022-07-19 00:00:00+05:30,56.28,57.15,55.49,56.13,87439
2022-07-20 00:00:00+05:30,56.62,57.15,56.18,56.47,34451
2022-07-21 00:00:00+05:30,56.96,56.96,55.2,55.74,61903
2022-07-22 00:00:00+05:30,56.13,56.91,54.96,56.08,46942
2022-07-25 00:00:00+05:30,55.01,57.15,54.71,56.13,62360
2022-07-26 00:00:00+05:30,56.62,57.06,55.2,56.62,36889
2022-07-27 00:00:00+05:30,57.06,57.06,55.1,55.4,37171
2022-07-28 00:00:00+05:30,56.37,56.67,49.24,50.27,347372
2022-07-29 00:00:00+05:30,51.24,52.61,51.24,51.78,130604
2022-08-01 00:00:00+05:30,51.83,55.2,51.83,53.64,127744
2022-08-02 00:00:00+05:30,54.42,54.42,53.25,53.83,57146
2022-08-03 00:00:00+05:30,54.32,56.62,54.13,54.96,128026
2022-08-04 00:00:00+05:30,54.96,56.03,54.22,55.54,81808
2022-08-05 00:00:00+05:30,55.49,58.42,54.27,56.71,216537
2022-08-08 00:00:00+05:30,54.17,55.74,53.88,55.35,159936
2022-08-10 00:00:00+05:30,55.1,55.2,53.49,54.17,162480
2022-08-11 00:00:00+05:30,55.59,55.59,53.25,53.83,54904
2022-08-12 00:00:00+05:30,53.83,55.69,53.64,54.32,76712
2022-08-16 00:00:00+05:30,54.37,61.7,53.73,59.35,826729
2022-08-17 00:00:00+05:30,59.79,61.06,57.11,57.4,178243
2022-08-18 00:00:00+05:30,57.4,62.33,56.67,59.3,446152
2022-08-19 00:00:00+05:30,59.69,60.96,57.25,57.5,151270
2022-08-22 00:00:00+05:30,57.55,58.62,54.66,55.3,147886
2022-08-23 00:00:00+05:30,55.4,57.15,55.4,56.08,93924
2022-08-24 00:00:00+05:30,56.08,59.6,55.84,59.16,230192
2022-08-25 00:00:00+05:30,59.94,61.75,58.28,58.86,150257
2022-08-26 00:00:00+05:30,58.86,61.45,56.52,57.5,193552
2022-08-29 00:00:00+05:30,55.74,57.64,55.69,56.18,86942
2022-08-30 00:00:00+05:30,56.37,58.18,56.37,57.15,70998
2022-09-01 00:00:00+05:30,57.3,58.96,56.57,58.18,71510
2022-09-02 00:00:00+05:30,59.11,64.09,57.4,61.5,821566
2022-09-05 00:00:00+05:30,62.33,73.27,60.48,72.2,2460594
2022-09-06 00:00:00+05:30,72.98,73.03,67.17,68.19,774000
2022-09-07 00:00:00+05:30,68.1,70.44,67.41,68.34,431767
2022-09-08 00:00:00+05:30,68.39,70.83,68.05,69.12,220727
2022-09-09 00:00:00+05:30,70.54,70.73,65.8,67.17,203677
2022-09-12 00:00:00+05:30,68.1,69.37,66.24,67.85,228454
2022-09-13 00:00:00+05:30,69.37,70.25,67.22,67.56,198916
2022-09-14 00:00:00+05:30,66.39,72.1,66.19,70.25,665666
2022-09-15 00:00:00+05:30,71.08,73.18,69.81,70.93,418556
2022-09-16 00:00:00+05:30,71.32,71.61,67.41,68.19,157571
2022-09-19 00:00:00+05:30,69.32,69.66,68.0,68.59,91661
2022-09-20 00:00:00+05:30,68.54,73.03,67.9,70.64,399952
2022-09-21 00:00:00+05:30,70.83,72.79,68.39,69.37,224999
2022-09-22 00:00:00+05:30,69.17,70.54,68.49,69.22,162870
2022-09-23 00:00:00+05:30,69.22,71.13,68.88,70.15,175319
2022-09-26 00:00:00+05:30,70.0,70.05,68.1,68.73,344554
2022-09-27 00:00:00+05:30,68.73,70.34,67.41,68.78,144021
2022-09-28 00:00:00+05:30,68.19,71.81,67.51,69.03,326149
2022-09-29 00:00:00+05:30,70.1,75.57,69.56,72.54,939328
2022-09-30 00:00:00+05:30,73.27,74.06,70.54,71.13,163203
2022-10-03 00:00:00+05:30,71.42,73.71,69.9,70.59,152788
2022-10-04 00:00:00+05:30,71.71,73.76,70.98,71.71,101808
2022-10-06 00:00:00+05:30,73.23,74.45,71.22,71.47,129575
2022-10-07 00:00:00+05:30,72.88,73.18,71.32,72.1,135329
2022-10-10 00:00:00+05:30,72.1,72.1,70.44,71.32,67922
2022-10-11 00:00:00+05:30,71.32,72.1,67.66,68.49,108558
2022-10-12 00:00:00+05:30,68.63,69.95,67.32,68.44,114061
2022-10-13 00:00:00+05:30,68.54,71.08,68.54,69.17,92783
2022-10-14 00:00:00+05:30,70.25,71.86,69.56,69.76,123745
2022-10-17 00:00:00+05:30,69.56,69.76,66.97,67.71,64682
2022-10-18 00:00:00+05:30,68.29,69.56,66.97,67.66,50813
2022-10-19 00:00:00+05:30,67.66,69.27,67.41,67.71,57014
2022-10-20 00:00:00+05:30,67.41,68.88,66.78,68.1,49518
2022-10-21 00:00:00+05:30,67.46,69.95,66.68,67.12,91009
2022-10-24 00:00:00+05:30,68.1,68.39,67.27,67.85,27158
2022-10-25 00:00:00+05:30,67.9,68.15,66.92,67.12,34954
2022-10-27 00:00:00+05:30,67.36,67.71,65.9,66.24,35111
2022-10-28 00:00:00+05:30,66.83,68.19,65.56,65.75,36607
2022-10-31 00:00:00+05:30,65.46,66.83,65.46,66.0,46638
2022-11-01 00:00:00+05:30,66.0,67.85,66.0,66.58,70932
2022-11-02 00:00:00+05:30,66.58,68.88,66.58,67.75,61085
2022-11-03 00:00:00+05:30,67.12,68.78,67.12,67.85,57498
2022-11-04 00:00:00+05:30,68.39,69.12,67.22,67.46,45134
2022-11-07 00:00:00+05:30,68.39,69.86,67.95,68.73,105680
2022-11-09 00:00:00+05:30,69.66,69.66,67.51,68.88,93904
2022-11-10 00:00:00+05:30,68.88,70.59,66.05,66.88,126967
2022-11-11 00:00:00+05:30,69.03,69.27,67.22,68.05,62595
2022-11-14 00:00:00+05:30,68.05,74.2,67.22,72.74,484223
2022-11-15 00:00:00+05:30,73.96,75.13,70.44,70.83,172413
2022-11-16 00:00:00+05:30,71.42,71.81,69.46,70.73,76078
2022-11-17 00:00:00+05:30,71.08,72.0,69.9,70.49,46482
2022-11-18 00:00:00+05:30,70.34,71.76,68.78,69.27,61903
2022-11-21 00:00:00+05:30,71.13,83.09,70.83,83.09,2026481
2022-11-22 00:00:00+05:30,86.51,89.54,83.04,83.48,2057724
2022-11-23 00:00:00+05:30,84.32,91.06,84.32,88.52,1650112
2022-11-24 00:00:00+05:30,89.05,89.88,85.54,87.49,492901
2022-11-25 00:00:00+05:30,87.93,92.28,86.95,88.61,586070
2022-11-28 00:00:00+05:30,89.35,92.23,87.54,88.42,417700
2022-11-29 00:00:00+05:30,87.69,92.62,87.69,89.54,567995
2022-11-30 00:00:00+05:30,89.98,90.96,87.44,88.17,190048
2022-12-01 00:00:00+05:30,88.22,89.49,86.95,88.47,201021
2022-12-02 00:00:00+05:30,88.03,106.15,88.03,106.15,3161329
2022-12-05 00:00:00+05:30,110.4,121.83,110.3,112.84,2742353
2022-12-06 00:00:00+05:30,110.25,118.12,108.69,113.53,1210426
2022-12-07 00:00:00+05:30,113.58,114.41,109.62,112.35,352882
2022-12-08 00:00:00+05:30,112.55,129.94,112.55,128.28,3215706
2022-12-09 00:00:00+05:30,129.11,129.5,115.48,126.13,1696300
2022-12-12 00:00:00+05:30,126.96,128.77,122.22,124.18,548398
2022-12-13 00:00:00+05:30,123.3,125.45,116.26,118.51,502770
2022-12-14 00:00:00+05:30,119.49,124.42,118.27,121.0,413375
2022-12-15 00:00:00+05:30,123.59,126.81,118.71,119.78,498761
2022-12-16 00:00:00+05:30,118.22,119.73,113.33,116.85,412323
2022-12-19 00:00:00+05:30,121.54,123.1,119.19,121.49,333627
2022-12-20 00:00:00+05:30,122.12,124.86,119.54,123.49,405019
2022-12-21 00:00:00+05:30,125.94,135.8,120.22,121.98,2606388
2022-12-22 00:00:00+05:30,122.32,126.47,113.77,115.77,750776
2022-12-23 00:00:00+05:30,115.19,120.61,111.43,112.65,580857
2022-12-26 00:00:00+05:30,113.33,121.93,111.48,119.29,369612
2022-12-27 00:00:00+05:30,126.03,126.03,116.8,121.15,271052
2022-12-28 00:00:00+05:30,121.15,131.6,119.73,126.47,1491270
2022-12-29 00:00:00+05:30,126.47,138.93,121.0,136.88,2023963
2022-12-30 00:00:00+05:30,143.62,145.48,123.2,123.49,2875184
2023-01-02 00:00:00+05:30,126.03,126.91,118.31,123.93,783773
2023-01-03 00:00:00+05:30,124.86,125.3,121.2,122.32,358172
2023-01-04 00:00:00+05:30,122.37,123.3,116.8,118.31,457874
2023-01-05 00:00:00+05:30,119.49,120.9,116.9,118.41,298184
2023-01-06 00:00:00+05:30,118.41,119.39,113.58,115.58,252404
2023-01-09 00:00:00+05:30,117.24,119.68,115.29,117.29,187752
2023-01-10 00:00:00+05:30,118.07,124.57,115.33,122.47,630890
2023-01-11 00:00:00+05:30,122.81,124.27,119.24,120.56,181875
2023-01-12 00:00:00+05:30,121.05,121.78,117.04,118.27,217094
2023-01-13 00:00:00+05:30,118.22,118.95,117.14,117.63,100915
2023-01-16 00:00:00+05:30,118.41,118.66,115.29,115.53,127622
2023-01-17 00:00:00+05:30,113.67,119.44,113.67,115.82,255620
2023-01-18 00:00:00+05:30,115.82,118.02,115.48,116.12,79791
2023-01-19 00:00:00+05:30,116.12,117.58,114.9,115.82,101975
2023-01-20 00:00:00+05:30,116.41,119.68,113.97,114.9,174300
2023-01-23 00:00:00+05:30,115.29,115.63,113.33,113.48,109067
2023-01-24 00:00:00+05:30,113.48,114.31,110.79,111.23,108048
2023-01-25 00:00:00+05:30,111.23,112.75,107.47,109.67,173073
2023-01-27 00:00:00+05:30,109.91,112.6,98.73,100.88,384105
2023-01-30 00:00:00+05:30,100.88,107.67,95.11,103.9,307713
2023-01-31 00:00:00+05:30,104.05,108.45,103.17,106.74,155048
2023-02-01 00:00:00+05:30,108.15,113.14,103.22,104.98,422808
2023-02-02 00:00:00+05:30,105.52,109.42,103.61,104.64,119399
2023-02-03 00:00:00+05:30,107.47,108.45,102.88,106.0,138167
2023-02-06 00:00:00+05:30,107.96,107.96,97.9,100.09,290491
2023-02-07 00:00:00+05:30,99.65,105.17,98.97,100.48,184068
2023-02-08 00:00:00+05:30,101.51,103.07,98.68,99.65,137742
2023-02-09 00:00:00+05:30,99.65,100.44,97.16,97.6,124206
2023-02-10 00:00:00+05:30,97.5,103.56,97.21,99.07,330456
2023-02-13 00:00:00+05:30,99.07,99.07,94.82,95.84,161954
2023-02-14 00:00:00+05:30,95.84,97.94,93.99,94.67,136252
2023-02-15 00:00:00+05:30,94.67,97.21,94.33,96.48,90729
2023-02-16 00:00:00+05:30,97.21,102.1,97.16,97.8,331935
2023-02-17 00:00:00+05:30,97.5,98.34,95.45,96.04,71738
2023-02-20 00:00:00+05:30,97.02,98.68,92.33,93.45,141232
2023-02-21 00:00:00+05:30,92.91,93.89,90.86,91.74,107165
2023-02-22 00:00:00+05:30,92.62,92.62,87.93,88.52,159315
2023-02-23 00:00:00+05:30,88.52,93.21,88.42,89.49,234546
2023-02-24 00:00:00+05:30,89.54,105.17,89.54,103.27,1676095
2023-02-27 00:00:00+05:30,101.51,102.24,96.72,97.65,530475
2023-02-28 00:00:00+05:30,98.58,98.92,95.26,95.5,186589
2023-03-01 00:00:00+05:30,95.75,99.65,95.75,96.72,336654
2023-03-02 00:00:00+05:30,97.31,98.29,96.14,96.77,112004
2023-03-03 00:00:00+05:30,96.82,104.73,96.82,103.51,637748
2023-03-06 00:00:00+05:30,104.29,110.16,103.66,106.05,406437
2023-03-08 00:00:00+05:30,105.47,108.84,104.15,106.64,208906
2023-03-09 00:00:00+05:30,105.91,110.89,105.86,106.3,245270
2023-03-10 00:00:00+05:30,105.52,108.45,102.83,103.66,233037
2023-03-13 00:00:00+05:30,104.05,105.13,97.85,99.36,162940
2023-03-14 00:00:00+05:30,98.38,101.46,96.72,97.31,116799
2023-03-15 00:00:00+05:30,99.17,100.78,96.72,97.5,122546
2023-03-16 00:00:00+05:30,97.99,97.99,94.38,96.92,110677
2023-03-17 00:00:00+05:30,98.19,99.9,95.16,96.04,79331
2023-03-20 00:00:00+05:30,95.84,95.94,92.96,93.69,91343
2023-03-21 00:00:00+05:30,94.43,97.7,94.43,95.75,172790
2023-03-22 00:00:00+05:30,96.97,98.63,95.89,96.33,54679
2023-03-23 00:00:00+05:30,96.19,98.38,95.36,95.55,96878
2023-03-24 00:00:00+05:30,95.75,96.97,92.33,92.81,90770
2023-03-27 00:00:00+05:30,93.74,93.74,89.49,89.84,264616
2023-03-28 00:00:00+05:30,90.96,91.15,85.24,87.49,149917
2023-03-29 00:00:00+05:30,87.44,91.2,87.39,90.03,162037
2023-03-31 00:00:00+05:30,90.91,95.26,90.91,93.99,161562
2023-04-03 00:00:00+05:30,95.75,96.72,93.79,95.11,102969
2023-04-05 00:00:00+05:30,96.53,99.9,95.6,98.53,185219
2023-04-06 00:00:00+05:30,99.56,107.27,99.56,102.93,388951
2023-04-10 00:00:00+05:30,102.93,105.76,99.65,100.09,144615
2023-04-11 00:00:00+05:30,100.73,102.54,100.04,100.83,71924
2023-04-12 00:00:00+05:30,101.46,105.37,100.44,101.31,119037
2023-04-13 00:00:00+05:30,101.56,102.54,97.94,99.46,77333
2023-04-17 00:00:00+05:30,99.65,101.61,99.41,100.39,146570
2023-04-18 00:00:00+05:30,100.92,102.54,99.17,100.04,93443
2023-04-19 00:00:00+05:30,100.83,100.92,97.99,98.97,60384
2023-04-20 00:00:00+05:30,99.7,102.34,99.36,99.95,128838
2023-04-21 00:00:00+05:30,99.95,101.36,98.68,99.46,84807
2023-04-24 00:00:00+05:30,99.65,103.95,97.94,102.98,202076
2023-04-25 00:00:00+05:30,104.54,108.25,102.1,105.96,618933
2023-04-26 00:00:00+05:30,106.98,114.55,105.66,110.74,954210
2023-04-27 00:00:00+05:30,112.55,112.55,110.69,111.23,147466
2023-04-28 00:00:00+05:30,111.82,120.81,110.65,115.43,749450
2023-05-02 00:00:00+05:30,118.41,119.98,111.96,113.19,600145
2023-05-03 00:00:00+05:30,112.55,118.27,112.35,117.44,338623
2023-05-04 00:00:00+05:30,117.44,118.51,116.02,117.34,157892
2023-05-05 00:00:00+05:30,117.92,119.49,113.33,115.92,300020
2023-05-08 00:00:00+05:30,115.33,124.08,115.33,120.17,1189525
2023-05-09 00:00:00+05:30,121.39,123.2,119.58,120.51,278864
2023-05-10 00:00:00+05:30,121.59,123.83,117.88,121.59,196356
2023-05-11 00:00:00+05:30,120.66,123.98,120.66,123.2,196834
2023-05-12 00:00:00+05:30,123.74,125.1,121.15,123.2,212790
2023-05-15 00:00:00+05:30,124.08,124.27,118.22,120.81,208302
2023-05-16 00:00:00+05:30,118.22,133.31,118.22,129.5,1971342
2023-05-17 00:00:00+05:30,131.89,133.07,122.61,123.74,452152
2023-05-18 00:00:00+05:30,124.47,126.33,118.71,119.68,323601
2023-05-19 00:00:00+05:30,120.32,121.44,115.29,117.14,271290
2023-05-22 00:00:00+05:30,115.53,117.88,112.84,114.16,221830
2023-05-23 00:00:00+05:30,114.31,121.15,114.31,119.39,468734
2023-05-24 00:00:00+05:30,119.39,121.29,118.46,118.9,130252
2023-05-25 00:00:00+05:30,118.9,120.61,115.77,116.26,143237
2023-05-26 00:00:00+05:30,116.9,118.61,115.77,116.6,109673
2023-05-29 00:00:00+05:30,116.26,122.08,115.48,116.85,250263
2023-05-30 00:00:00+05:30,116.85,117.88,112.35,113.04,227172
2023-05-31 00:00:00+05:30,113.53,113.97,109.23,110.3,221071
2023-06-01 00:00:00+05:30,110.3,112.94,108.54,110.01,228210
2023-06-02 00:00:00+05:30,111.04,113.23,110.4,111.23,198398
2023-06-05 00:00:00+05:30,112.7,113.33,110.79,112.94,119019
2023-06-06 00:00:00+05:30,113.33,119.19,112.94,118.41,289530
2023-06-07 00:00:00+05:30,118.8,132.09,117.83,129.55,1654615
2023-06-08 00:00:00+05:30,130.19,137.66,128.23,129.75,984205
2023-06-09 00:00:00+05:30,132.97,135.61,127.35,133.7,727188
2023-06-12 00:00:00+05:30,134.48,140.15,131.89,134.73,701489
2023-06-13 00:00:00+05:30,135.8,140.69,133.85,138.1,639367
2023-06-14 00:00:00+05:30,138.73,139.52,134.04,135.07,297508
2023-06-15 00:00:00+05:30,133.85,138.2,133.85,135.27,268809
2023-06-16 00:00:00+05:30,136.78,143.42,134.48,140.69,916341
2023-06-19 00:00:00+05:30,156.32,168.83,149.92,168.83,10220844
2023-06-20 00:00:00+05:30,178.79,186.61,171.95,173.81,9580558
2023-06-21 00:00:00+05:30,173.91,177.33,164.23,165.06,1056718
2023-06-22 00:00:00+05:30,165.16,166.97,160.37,162.96,311519
2023-06-23 00:00:00+05:30,163.79,168.34,157.54,161.35,610887
2023-06-26 00:00:00+05:30,161.99,168.48,161.99,163.55,321996
2023-06-27 00:00:00+05:30,164.58,168.48,163.16,165.21,270900
2023-06-28 00:00:00+05:30,165.6,167.07,159.59,162.04,161824
2023-06-30 00:00:00+05:30,162.04,173.91,162.04,164.48,512307
2023-07-03 00:00:00+05:30,159.3,162.96,151.48,154.66,753704
2023-07-04 00:00:00+05:30,155.29,165.6,155.29,163.01,473345
2023-07-05 00:00:00+05:30,163.01,166.09,159.69,165.26,329273
2023-07-06 00:00:00+05:30,166.04,167.02,161.3,162.28,158738
2023-07-07 00:00:00+05:30,162.28,163.79,155.39,158.86,146470
2023-07-10 00:00:00+05:30,158.37,159.59,154.07,156.56,157983
2023-07-11 00:00:00+05:30,158.23,163.94,157.88,160.08,189206
2023-07-12 00:00:00+05:30,161.2,167.56,160.08,166.68,434022
2023-07-13 00:00:00+05:30,168.04,168.58,163.26,163.99,242486
2023-07-14 00:00:00+05:30,164.04,167.56,163.79,165.75,150216
2023-07-17 00:00:00+05:30,167.16,177.81,167.07,172.1,766937
2023-07-18 00:00:00+05:30,172.29,176.06,167.6,168.78,318199
2023-07-19 00:00:00+05:30,168.04,170.78,158.13,165.85,485220
2023-07-20 00:00:00+05:30,165.85,167.65,160.67,161.94,290735
2023-07-21 00:00:00+05:30,162.52,169.36,158.86,165.55,270088
2023-07-24 00:00:00+05:30,165.11,168.19,161.2,164.87,321572
2023-07-25 00:00:00+05:30,163.26,166.29,160.28,160.86,175771
2023-07-26 00:00:00+05:30,160.86,166.33,160.72,166.04,290618
2023-07-27 00:00:00+05:30,166.09,170.58,166.04,168.58,417607
2023-07-28 00:00:00+05:30,169.8,173.47,167.31,171.32,291403
2023-07-31 00:00:00+05:30,173.52,179.57,173.52,177.96,410475
2023-08-01 00:00:00+05:30,179.13,180.74,174.15,177.72,246900
2023-08-02 00:00:00+05:30,177.81,177.81,161.5,167.8,351110
2023-08-03 00:00:00+05:30,168.04,171.46,164.77,169.17,171571
2023-08-04 00:00:00+05:30,170.0,173.03,162.52,164.43,255978
2023-08-07 00:00:00+05:30,164.18,171.37,163.5,166.58,235552
2023-08-08 00:00:00+05:30,168.73,190.37,168.63,184.07,2107819
2023-08-09 00:00:00+05:30,187.39,200.28,185.68,191.49,1542007
2023-08-10 00:00:00+05:30,192.91,197.35,183.19,186.7,530332
2023-08-11 00:00:00+05:30,188.61,190.95,161.35,165.36,2636001
2023-08-14 00:00:00+05:30,171.95,198.43,168.39,198.43,2336478
2023-08-16 00:00:00+05:30,201.26,212.2,189.29,190.56,1823303
2023-08-17 00:00:00+05:30,192.81,195.45,190.51,193.15,419343
2023-08-18 00:00:00+05:30,195.4,195.4,190.56,191.15,238784
2023-08-21 00:00:00+05:30,193.06,195.74,192.57,193.79,330136
2023-08-22 00:00:00+05:30,195.4,201.99,194.52,196.13,431872
2023-08-23 00:00:00+05:30,196.33,200.24,193.49,194.03,311526
2023-08-24 00:00:00+05:30,195.4,200.19,192.91,195.64,203742
2023-08-25 00:00:00+05:30,195.35,195.35,184.16,188.22,334318
2023-08-28 00:00:00+05:30,195.4,213.91,195.4,205.32,1870626
2023-08-29 00:00:00+05:30,207.12,212.89,204.73,206.78,590613
2023-08-30 00:00:00+05:30,212.4,226.22,205.95,220.07,1341186
2023-08-31 00:00:00+05:30,221.68,234.43,202.92,212.64,1599297
2023-09-01 00:00:00+05:30,218.85,249.13,215.04,236.19,2680686
2023-09-04 00:00:00+05:30,241.22,244.15,236.09,238.34,819962
2023-09-05 00:00:00+05:30,240.24,240.29,232.38,234.04,333018
2023-09-06 00:00:00+05:30,236.92,237.22,222.76,226.52,509965
2023-09-07 00:00:00+05:30,226.42,231.7,219.82,223.24,285700
2023-09-08 00:00:00+05:30,223.24,225.39,214.94,219.97,395342
2023-09-11 00:00:00+05:30,220.8,225.69,216.65,219.43,366158
2023-09-12 00:00:00+05:30,221.58,223.44,183.24,209.13,688464
2023-09-13 00:00:00+05:30,209.08,221.24,204.14,217.19,981613
2023-09-14 00:00:00+05:30,219.82,222.22,214.06,220.07,416776
2023-09-15 00:00:00+05:30,223.54,226.66,217.87,219.24,406858
2023-09-18 00:00:00+05:30,221.0,223.34,212.55,218.51,367427
2023-09-20 00:00:00+05:30,218.36,220.31,210.05,215.09,302472
2023-09-21 00:00:00+05:30,213.96,215.92,210.3,212.79,187812
2023-09-22 00:00:00+05:30,212.5,216.85,203.26,212.6,244744
2023-09-25 00:00:00+05:30,212.94,217.92,210.69,215.18,196380
2023-09-26 00:00:00+05:30,214.94,219.29,211.03,214.35,145535
2023-09-27 00:00:00+05:30,216.41,218.95,211.62,214.35,193275
2023-09-28 00:00:00+05:30,215.92,218.21,211.76,213.77,122276
2023-09-29 00:00:00+05:30,216.65,218.7,211.76,216.8,174972
2023-10-03 00:00:00+05:30,218.16,220.51,214.35,216.01,231328
2023-10-04 00:00:00+05:30,216.55,222.32,211.42,212.84,290696
2023-10-05 00:00:00+05:30,214.6,217.87,208.83,215.18,204164
2023-10-06 00:00:00+05:30,215.92,219.82,215.33,217.04,156846
2023-10-09 00:00:00+05:30,212.06,223.59,197.55,218.55,309148
2023-10-10 00:00:00+05:30,219.58,237.31,218.55,229.69,912779
2023-10-11 00:00:00+05:30,232.23,235.02,218.21,225.88,366851
2023-10-12 00:00:00+05:30,225.88,228.81,222.56,224.95,111273
2023-10-13 00:00:00+05:30,221.29,232.43,217.72,221.73,365159
2023-10-16 00:00:00+05:30,234.48,238.39,226.66,228.76,676035
2023-10-17 00:00:00+05:30,231.99,234.33,218.41,225.3,326971
2023-10-18 00:00:00+05:30,227.1,228.62,219.87,222.9,169035
2023-10-19 00:00:00+05:30,221.29,228.62,221.29,227.25,206689
2023-10-20 00:00:00+05:30,228.62,230.62,220.31,222.61,232946
2023-10-23 00:00:00+05:30,225.69,226.66,213.52,215.28,267457
2023-10-25 00:00:00+05:30,216.89,222.66,196.52,205.41,435651
2023-10-26 00:00:00+05:30,208.1,213.08,197.79,210.1,375417
2023-10-27 00:00:00+05:30,216.89,221.78,212.3,219.39,237830
2023-10-30 00:00:00+05:30,221.78,224.56,214.26,215.77,120118
2023-10-31 00:00:00+05:30,216.94,223.73,215.48,222.22,179114
2023-11-01 00:00:00+05:30,222.61,232.53,222.56,229.74,375950
2023-11-02 00:00:00+05:30,231.55,246.64,224.86,229.11,1373787
2023-11-03 00:00:00+05:30,229.55,232.18,228.62,229.3,189567
2023-11-06 00:00:00+05:30,231.55,233.5,222.85,224.42,261379
2023-11-07 00:00:00+05:30,225.49,225.49,217.58,220.61,286805
2023-11-08 00:00:00+05:30,231.55,242.3,224.81,227.15,1208416
2023-11-09 00:00:00+05:30,228.96,232.48,227.35,229.35,233177
2023-11-10 00:00:00+05:30,229.59,231.79,224.71,228.37,226077
2023-11-12 00:00:00+05:30,231.06,234.38,229.59,232.97,189829
2023-11-13 00:00:00+05:30,234.43,240.15,229.59,230.67,379961
2023-11-15 00:00:00+05:30,236.34,236.43,230.91,232.38,173824
2023-11-16 00:00:00+05:30,233.45,234.19,228.62,230.62,180463
2023-11-17 00:00:00+05:30,232.43,238.39,230.72,233.26,373975
2023-11-20 00:00:00+05:30,239.36,260.86,236.82,256.61,2557506
2023-11-21 00:00:00+05:30,263.79,269.65,252.26,256.61,1121235
2023-11-22 00:00:00+05:30,255.97,259.88,249.18,254.07,341593
2023-11-23 00:00:00+05:30,253.14,256.66,249.23,250.11,163178
2023-11-24 00:00:00+05:30,251.77,258.56,248.5,251.04,292937
2023-11-28 00:00:00+05:30,253.04,253.97,242.54,243.91,396765
2023-11-29 00:00:00+05:30,245.23,253.53,243.91,249.13,276980
2023-11-30 00:00:00+05:30,251.58,252.8,240.39,245.28,197140
2023-12-01 00:00:00+05:30,246.25,250.01,241.81,243.18,194799
2023-12-04 00:00:00+05:30,246.79,254.9,244.4,251.43,409735
2023-12-05 00:00:00+05:30,256.9,263.3,250.41,253.53,741419
2023-12-06 00:00:00+05:30,254.26,255.58,245.72,247.23,243048
2023-12-07 00:00:00+05:30,248.16,248.74,232.23,237.36,377948
2023-12-08 00:00:00+05:30,237.36,243.57,229.69,231.4,444840
2023-12-11 00:00:00+05:30,230.62,235.31,228.13,233.89,272729
2023-12-12 00:00:00+05:30,236.82,239.36,225.44,227.79,327923
2023-12-13 00:00:00+05:30,229.25,230.62,222.95,225.39,275378
2023-12-14 00:00:00+05:30,226.71,235.46,225.39,231.26,407546
2023-12-15 00:00:00+05:30,230.57,233.84,225.74,226.76,250811
2023-12-18 00:00:00+05:30,227.59,231.01,225.39,227.45,253531
2023-12-19 00:00:00+05:30,227.45,230.87,224.81,227.89,217327
2023-12-20 00:00:00+05:30,227.89,231.99,208.15,209.76,1352009
2023-12-21 00:00:00+05:30,209.76,216.89,207.12,214.55,532223
2023-12-22 00:00:00+05:30,219.82,222.41,214.94,220.66,419581
2023-12-26 00:00:00+05:30,222.07,222.95,218.26,219.78,237011
2023-12-27 00:00:00+05:30,222.71,227.69,214.74,225.78,560356
2023-12-28 00:00:00+05:30,226.47,229.99,221.78,226.62,366686
2023-12-29 00:00:00+05:30,227.79,228.37,222.02,223.29,195559
2024-01-01 00:00:00+05:30,224.03,231.35,222.66,230.33,429850
2024-01-02 00:00:00+05:30,231.55,232.33,219.82,224.56,406742
2024-01-03 00:00:00+05:30,225.78,229.59,223.29,228.08,279499
2024-01-04 00:00:00+05:30,232.33,239.66,229.64,233.94,857516
2024-01-05 00:00:00+05:30,238.24,239.17,233.6,235.36,299830
2024-01-08 00:00:00+05:30,235.02,257.93,234.68,255.0,3207137
2024-01-09 00:00:00+05:30,258.66,271.12,257.93,259.64,2531011
2024-01-10 00:00:00+05:30,260.86,260.86,241.47,250.16,979160
2024-01-11 00:00:00+05:30,252.02,258.22,246.69,253.87,879278
2024-01-12 00:00:00+05:30,253.0,261.7,251.0,260.55,649428
2024-01-15 00:00:00+05:30,261.8,273.1,260.1,262.7,878644
2024-01-16 00:00:00+05:30,262.75,265.7,250.05,252.2,567930
2024-01-17 00:00:00+05:30,248.0,258.85,246.3,250.85,402911
2024-01-18 00:00:00+05:30,250.45,255.0,240.25,251.9,625412
2024-01-19 00:00:00+05:30,254.9,255.5,246.3,247.9,207519
2024-01-20 00:00:00+05:30,249.7,252.75,239.35,241.55,342642
2024-01-23 00:00:00+05:30,243.15,249.0,228.1,234.8,455479
2024-01-24 00:00:00+05:30,235.75,241.95,231.2,236.95,380213
2024-01-25 00:00:00+05:30,236.95,243.45,236.0,240.95,176656
2024-01-29 00:00:00+05:30,240.95,243.6,234.9,237.55,187283
2024-01-30 00:00:00+05:30,239.4,244.2,234.45,236.35,265960
2024-01-31 00:00:00+05:30,236.35,275.0,235.6,271.4,2169960
2024-02-01 00:00:00+05:30,275.05,302.7,275.05,296.0,3990249
2024-02-02 00:00:00+05:30,296.0,305.0,282.05,284.35,1775708
2024-02-05 00:00:00+05:30,287.9,305.0,287.85,294.9,1165758
2024-02-06 00:00:00+05:30,296.9,304.8,287.15,293.35,580269
2024-02-07 00:00:00+05:30,294.8,323.0,293.15,319.4,1918737
2024-02-08 00:00:00+05:30,321.9,323.45,311.0,313.15,556036
2024-02-09 00:00:00+05:30,314.7,317.3,294.4,301.8,552301
2024-02-12 00:00:00+05:30,302.95,310.05,276.1,282.1,1012621
2024-02-13 00:00:00+05:30,281.0,290.2,265.15,280.55,914442
2024-02-14 00:00:00+05:30,272.5,295.0,272.5,286.4,533541
2024-02-15 00:00:00+05:30,294.1,294.1,281.0,288.1,426945
2024-02-16 00:00:00+05:30,290.3,329.6,290.05,322.5,1637986
2024-02-19 00:00:00+05:30,336.4,362.5,332.0,338.25,2823133
2024-02-20 00:00:00+05:30,338.5,340.0,324.65,329.2,871429
2024-02-21 00:00:00+05:30,330.9,341.85,320.0,322.95,657399
2024-02-22 00:00:00+05:30,324.0,340.6,313.5,337.6,779364
2024-02-23 00:00:00+05:30,340.3,359.0,340.3,353.7,2104701
2024-02-26 00:00:00+05:30,385.0,401.0,361.05,365.5,3817663
2024-02-27 00:00:00+05:30,367.45,368.7,346.0,351.15,1007960
2024-02-28 00:00:00+05:30,352.0,353.9,330.05,332.1,1045660
2024-02-29 00:00:00+05:30,334.0,339.0,323.75,332.15,733180
2024-03-01 00:00:00+05:30,335.0,343.9,331.5,335.45,811439
2024-03-02 00:00:00+05:30,337.2,347.0,333.65,342.7,73062
2024-03-04 00:00:00+05:30,343.95,345.0,326.2,329.35,407098
2024-03-05 00:00:00+05:30,326.0,335.45,313.2,316.25,586575
2024-03-06 00:00:00+05:30,317.4,324.7,304.0,309.95,827236
2024-03-07 00:00:00+05:30,312.0,319.75,307.2,308.85,413042
2024-03-11 00:00:00+05:30,310.75,315.0,291.65,293.35,608430
2024-03-12 00:00:00+05:30,295.75,300.95,283.9,287.25,701574
2024-03-13 00:00:00+05:30,291.05,294.9,255.0,258.1,1078770
2024-03-14 00:00:00+05:30,251.35,271.0,245.1,260.65,1855327
2024-03-15 00:00:00+05:30,260.85,265.45,245.65,255.4,1468966
2024-03-18 00:00:00+05:30,258.75,263.8,247.0,249.3,1178863
2024-03-19 00:00:00+05:30,249.9,251.3,238.2,239.65,685756
2024-03-20 00:00:00+05:30,241.7,244.2,231.9,239.95,698155
2024-03-21 00:00:00+05:30,245.75,262.6,242.65,258.6,2561236
2024-03-22 00:00:00+05:30,259.0,297.25,257.2,295.3,4777579
2024-03-26 00:00:00+05:30,300.2,324.45,292.6,316.55,5924932
2024-03-27 00:00:00+05:30,318.55,324.0,307.05,309.75,1727244
2024-03-28 00:00:00+05:30,311.0,333.95,310.1,323.4,1435262
2024-04-01 00:00:00+05:30,326.9,330.25,309.5,318.35,732828
2024-04-02 00:00:00+05:30,318.6,325.8,316.15,322.6,387205
2024-04-03 00:00:00+05:30,320.0,326.75,317.8,319.3,296218
2024-04-04 00:00:00+05:30,321.05,333.0,321.0,323.2,414588
2024-04-05 00:00:00+05:30,322.0,325.0,314.0,322.5,545727
2024-04-08 00:00:00+05:30,327.2,345.9,326.05,328.65,1547538
2024-04-09 00:00:00+05:30,331.2,335.85,315.45,321.35,475307
2024-04-10 00:00:00+05:30,323.7,330.0,317.85,319.7,638821
2024-04-12 00:00:00+05:30,321.0,324.8,311.5,316.1,608807
2024-04-15 00:00:00+05:30,299.0,328.0,298.8,320.2,784413
2024-04-16 00:00:00+05:30,316.0,327.95,314.75,315.8,553777
2024-04-18 00:00:00+05:30,319.7,331.25,315.5,316.75,706855
2024-04-19 00:00:00+05:30,315.0,319.55,308.05,314.35,594165
2024-04-22 00:00:00+05:30,323.0,357.7,320.65,351.3,2884027
2024-04-23 00:00:00+05:30,360.0,367.3,340.2,341.85,1299321
2024-04-24 00:00:00+05:30,344.0,347.65,332.35,336.25,902196
2024-04-25 00:00:00+05:30,332.0,343.2,331.1,339.25,440929
2024-04-26 00:00:00+05:30,342.8,354.9,342.0,348.4,1009432
2024-04-29 00:00:00+05:30,350.4,351.8,336.4,339.5,619839
2024-04-30 00:00:00+05:30,341.95,362.9,338.15,357.7,1545958
2024-05-02 00:00:00+05:30,357.95,366.95,335.0,352.05,4781322
2024-05-03 00:00:00+05:30,354.55,358.0,336.55,338.5,1490545
2024-05-06 00:00:00+05:30,341.9,342.5,318.85,324.1,1067037
2024-05-07 00:00:00+05:30,324.0,326.6,309.7,313.5,710915
2024-05-08 00:00:00+05:30,312.1,333.05,310.55,322.55,729578
2024-05-09 00:00:00+05:30,323.7,325.15,311.1,312.65,405935
2024-05-10 00:00:00+05:30,314.8,321.75,307.0,314.75,447557
2024-05-13 00:00:00+05:30,317.0,317.25,304.45,315.0,394076
2024-05-14 00:00:00+05:30,316.6,325.95,316.6,323.95,405331
2024-05-15 00:00:00+05:30,325.9,334.0,320.45,325.4,413613
2024-05-16 00:00:00+05:30,326.4,334.4,323.1,331.5,295797
2024-05-17 00:00:00+05:30,334.6,334.75,323.85,324.7,369428
2024-05-18 00:00:00+05:30,327.0,332.0,325.0,329.0,52150
2024-05-21 00:00:00+05:30,326.9,330.8,316.65,317.85,591695
2024-05-22 00:00:00+05:30,320.0,325.8,313.2,319.1,395278
2024-05-23 00:00:00+05:30,320.0,325.0,317.55,318.05,263089
2024-05-24 00:00:00+05:30,316.1,321.0,313.3,314.85,234674
2024-05-27 00:00:00+05:30,315.95,317.35,300.85,306.25,824500
2024-05-28 00:00:00+05:30,307.95,308.15,286.25,288.4,817624
2024-05-29 00:00:00+05:30,289.9,293.3,284.6,289.9,591724
2024-05-30 00:00:00+05:30,289.9,292.9,282.3,290.45,597719
2024-05-31 00:00:00+05:30,295.95,302.4,287.6,297.95,1135359
2024-06-03 00:00:00+05:30,312.0,332.9,302.65,326.3,2986601
2024-06-04 00:00:00+05:30,322.0,322.0,262.1,277.6,2528276
2024-06-05 00:00:00+05:30,277.6,302.0,275.0,297.0,1052326
2024-06-06 00:00:00+05:30,301.0,325.0,301.0,320.9,1049850
2024-06-07 00:00:00+05:30,321.0,324.65,316.35,323.45,672392
2024-06-10 00:00:00+05:30,323.45,332.5,320.0,327.65,1047169
2024-06-11 00:00:00+05:30,329.65,363.3,325.35,348.6,2766681
2024-06-12 00:00:00+05:30,352.25,363.6,348.7,354.3,1261866
2024-06-13 00:00:00+05:30,355.0,356.4,345.75,350.15,574163
2024-06-14 00:00:00+05:30,350.15,377.25,349.75,366.95,2299578
2024-06-18 00:00:00+05:30,370.0,379.0,363.05,375.05,1496901
2024-06-19 00:00:00+05:30,379.7,381.0,363.0,366.3,782332
2024-06-20 00:00:00+05:30,368.7,374.9,363.85,367.1,561717
2024-06-21 00:00:00+05:30,368.9,370.3,360.65,365.15,489996
2024-06-24 00:00:00+05:30,367.0,376.0,353.5,358.7,729744
2024-06-25 00:00:00+05:30,360.45,372.15,359.4,360.95,645540
2024-06-26 00:00:00+05:30,358.0,362.3,351.5,352.95,453322
2024-06-27 00:00:00+05:30,351.5,360.0,340.25,346.6,592123
2024-06-28 00:00:00+05:30,348.7,352.7,342.25,350.65,357319
2024-07-01 00:00:00+05:30,355.8,365.45,351.5,360.45,882613
2024-07-02 00:00:00+05:30,365.0,377.0,362.6,363.95,870408
2024-07-03 00:00:00+05:30,367.75,372.7,363.0,367.15,449063
2024-07-04 00:00:00+05:30,370.1,405.65,370.0,390.7,5240626
2024-07-05 00:00:00+05:30,393.95,395.0,382.0,385.05,761847
2024-07-08 00:00:00+05:30,391.0,392.9,380.15,387.4,585099
2024-07-09 00:00:00+05:30,392.9,396.75,365.25,367.0,1022219
2024-07-10 00:00:00+05:30,368.45,370.0,356.0,360.0,506281
2024-07-11 00:00:00+05:30,362.0,374.0,361.3,369.8,638802
2024-07-12 00:00:00+05:30,370.0,377.5,360.1,362.9,467055
2024-07-15 00:00:00+05:30,363.0,365.7,357.0,360.9,348156
2024-07-16 00:00:00+05:30,361.5,365.8,359.6,362.6,270454
2024-07-18 00:00:00+05:30,355.0,359.9,349.45,351.75,527353
2024-07-19 00:00:00+05:30,352.0,358.0,338.5,341.2,652250
2024-07-22 00:00:00+05:30,345.0,356.55,336.65,349.6,367269
2024-07-23 00:00:00+05:30,351.35,352.4,323.05,345.0,573580
2024-07-24 00:00:00+05:30,342.05,365.0,342.0,361.55,403268
2024-07-25 00:00:00+05:30,360.9,362.95,356.3,358.4,180853
2024-07-26 00:00:00+05:30,360.45,363.65,357.25,360.6,182859
2024-07-29 00:00:00+05:30,360.2,378.0,360.2,369.7,659043
2024-07-30 00:00:00+05:30,373.05,412.9,373.05,402.75,5184150
2024-07-31 00:00:00+05:30,407.75,441.0,405.65,412.05,5491968
2024-08-01 00:00:00+05:30,422.75,430.0,411.05,412.9,2259884
2024-08-02 00:00:00+05:30,407.15,416.9,398.75,401.5,965840
2024-08-05 00:00:00+05:30,355.05,392.15,355.05,384.0,1825981
2024-08-06 00:00:00+05:30,394.2,398.85,364.9,371.8,857782
2024-08-07 00:00:00+05:30,381.25,395.85,376.0,393.7,623109
2024-08-08 00:00:00+05:30,395.9,414.0,384.0,402.05,1244746
2024-08-09 00:00:00+05:30,409.0,429.35,404.6,424.4,1302836
2024-08-12 00:00:00+05:30,419.8,431.0,411.3,418.8,842433
2024-08-13 00:00:00+05:30,419.8,426.05,399.6,401.65,681375
2024-08-14 00:00:00+05:30,404.85,409.0,388.95,406.25,561827
2024-08-16 00:00:00+05:30,409.7,422.0,404.85,415.8,606118
2024-08-19 00:00:00+05:30,419.45,434.7,417.05,432.25,816981
2024-08-20 00:00:00+05:30,435.9,439.6,421.55,424.75,510870
2024-08-21 00:00:00+05:30,421.0,463.0,419.05,452.05,2462650
2024-08-22 00:00:00+05:30,455.9,462.9,443.15,446.4,1145193
2024-08-23 00:00:00+05:30,447.9,462.45,447.4,457.75,937661
2024-08-26 00:00:00+05:30,459.5,461.0,430.75,432.9,643052
2024-08-27 00:00:00+05:30,437.4,439.95,431.5,434.85,377115
2024-08-28 00:00:00+05:30,444.5,444.5,420.0,421.7,544967
2024-08-29 00:00:00+05:30,421.1,435.7,416.75,421.8,490433
2024-08-30 00:00:00+05:30,421.8,425.95,414.0,418.0,318490
2024-09-02 00:00:00+05:30,419.9,421.6,409.3,412.1,256559
2024-09-03 00:00:00+05:30,414.15,420.5,412.15,417.6,230746
2024-09-04 00:00:00+05:30,410.6,417.5,405.0,411.9,220957
2024-09-05 00:00:00+05:30,413.0,433.7,413.0,419.75,678257
2024-09-06 00:00:00+05:30,419.75,427.95,407.2,413.9,494386
2024-09-09 00:00:00+05:30,409.0,413.2,398.25,410.1,483597
2024-09-10 00:00:00+05:30,412.6,420.0,406.55,411.3,364288
2024-09-11 00:00:00+05:30,420.0,426.0,406.15,408.1,470214
2024-09-12 00:00:00+05:30,410.0,418.05,403.55,407.1,451394
2024-09-13 00:00:00+05:30,406.65,428.0,404.3,421.8,894131
2024-09-16 00:00:00+05:30,424.0,450.0,424.0,433.1,866388
2024-09-17 00:00:00+05:30,435.8,439.35,428.4,433.55,365743
2024-09-18 00:00:00+05:30,433.55,445.0,423.8,425.65,527446
2024-09-19 00:00:00+05:30,427.8,430.8,409.3,416.25,443096
2024-09-20 00:00:00+05:30,418.05,425.0,414.0,417.5,562514
2024-09-23 00:00:00+05:30,423.3,486.0,423.3,479.65,6354274
2024-09-24 00:00:00+05:30,482.8,483.0,466.9,472.85,1800493
2024-09-25 00:00:00+05:30,474.9,493.6,473.25,479.1,1829241
2024-09-26 00:00:00+05:30,480.5,495.0,480.0,485.7,1181393
2024-09-27 00:00:00+05:30,488.0,507.5,463.9,467.55,1202530
2024-09-30 00:00:00+05:30,469.8,475.65,461.05,472.95,568992
2024-10-01 00:00:00+05:30,474.35,475.2,461.15,464.05,316728
2024-10-03 00:00:00+05:30,460.0,490.9,456.35,476.8,1485320
2024-10-04 00:00:00+05:30,479.0,488.0,463.85,483.65,848798
2024-10-07 00:00:00+05:30,490.0,492.0,440.0,442.95,869576
2024-10-08 00:00:00+05:30,449.9,513.8,445.9,501.05,5286701
2024-10-09 00:00:00+05:30,510.0,533.25,507.35,521.95,3188608
2024-10-10 00:00:00+05:30,524.4,538.95,516.05,534.8,1689956
2024-10-11 00:00:00+05:30,530.0,564.4,528.05,548.1,2668865
2024-10-14 00:00:00+05:30,553.0,618.9,550.85,582.05,6717063
2024-10-15 00:00:00+05:30,587.8,590.4,563.05,570.5,1161856
2024-10-16 00:00:00+05:30,570.5,590.0,564.35,578.8,1050413
2024-10-17 00:00:00+05:30,574.3,609.8,567.8,574.25,1227012
2024-10-18 00:00:00+05:30,565.2,577.5,550.1,571.1,739437
2024-10-21 00:00:00+05:30,575.0,575.6,537.35,541.65,486322
2024-10-22 00:00:00+05:30,542.0,543.9,498.0,503.2,1018636
2024-10-23 00:00:00+05:30,506.85,548.0,487.55,540.15,1320809
2024-10-24 00:00:00+05:30,540.15,565.05,523.0,530.3,1031250
2024-10-25 00:00:00+05:30,530.9,535.45,498.0,504.15,785254
2024-10-28 00:00:00+05:30,508.55,533.35,497.05,523.6,781196
2024-10-29 00:00:00+05:30,531.75,544.95,504.85,514.0,2128255
2024-10-30 00:00:00+05:30,518.0,544.7,517.05,538.65,962599
2024-10-31 00:00:00+05:30,539.2,547.8,532.3,541.85,551109
2024-11-01 00:00:00+05:30,545.7,550.0,541.0,546.25,199489
2024-11-04 00:00:00+05:30,546.15,553.4,527.95,535.1,792368
2024-11-05 00:00:00+05:30,535.0,545.45,530.45,541.4,518225
2024-11-06 00:00:00+05:30,546.95,584.95,545.05,580.4,1644681
2024-11-07 00:00:00+05:30,582.8,605.25,580.5,584.05,1218602
2024-11-08 00:00:00+05:30,586.8,588.0,562.0,564.85,559362
2024-11-11 00:00:00+05:30,568.0,584.4,551.25,571.75,704536
2024-11-12 00:00:00+05:30,575.35,579.15,547.3,551.0,451660
2024-11-13 00:00:00+05:30,548.8,548.8,516.6,518.45,598361
2024-11-14 00:00:00+05:30,516.8,544.25,515.55,531.15,470022
2024-11-18 00:00:00+05:30,540.05,543.95,512.6,529.7,744159
2024-11-19 00:00:00+05:30,529.7,544.2,526.0,529.2,362606
2024-11-21 00:00:00+05:30,534.0,536.5,519.25,531.35,324330
2024-11-22 00:00:00+05:30,535.1,535.45,525.0,531.7,246097
2024-11-25 00:00:00+05:30,545.0,567.9,538.05,542.95,917809
2024-11-26 00:00:00+05:30,545.0,557.65,542.6,551.95,398655
2024-11-27 00:00:00+05:30,556.9,574.4,555.05,562.7,735741
2024-11-28 00:00:00+05:30,563.0,569.95,553.3,558.45,397994
2024-11-29 00:00:00+05:30,560.0,584.0,552.55,578.9,1089470
2024-12-02 00:00:00+05:30,581.0,590.0,565.05,581.65,776639
2024-12-03 00:00:00+05:30,585.0,598.0,570.0,572.4,555566
2024-12-04 00:00:00+05:30,575.7,603.0,571.0,581.9,1191461
2024-12-05 00:00:00+05:30,583.7,644.2,582.05,614.85,6159214
2024-12-06 00:00:00+05:30,621.5,627.0,612.0,622.05,836929
2024-12-09 00:00:00+05:30,622.05,640.9,622.05,627.25,681332
2024-12-10 00:00:00+05:30,632.0,639.0,611.0,634.2,886563
2024-12-11 00:00:00+05:30,634.95,645.0,630.0,637.85,677993
2024-12-12 00:00:00+05:30,640.0,665.0,621.0,636.5,2437019
2024-12-13 00:00:00+05:30,624.4,631.3,613.3,622.55,1289055
2024-12-16 00:00:00+05:30,623.0,632.9,595.05,603.35,1356873
2024-12-17 00:00:00+05:30,603.35,607.5,576.0,577.5,906541
2024-12-18 00:00:00+05:30,580.45,594.0,575.2,585.8,749220
2024-12-19 00:00:00+05:30,575.0,593.9,570.05,590.6,507893
2024-12-20 00:00:00+05:30,591.6,591.6,560.0,563.15,489747
2024-12-23 00:00:00+05:30,568.1,571.5,548.3,556.5,641345
2024-12-24 00:00:00+05:30,558.8,567.6,541.15,546.4,680076
2024-12-26 00:00:00+05:30,549.95,564.0,538.55,541.6,455241
2024-12-27 00:00:00+05:30,549.0,557.65,541.0,548.75,555911
2024-12-30 00:00:00+05:30,560.95,560.95,531.0,532.4,668703
2024-12-31 00:00:00+05:30,536.0,544.8,520.6,543.0,518170
2025-01-01 00:00:00+05:30,544.55,571.6,541.1,563.9,706967
2025-01-02 00:00:00+05:30,567.45,571.9,553.0,559.0,339662
2025-01-03 00:00:00+05:30,555.25,565.8,554.75,556.5,287934
2025-01-06 00:00:00+05:30,557.1,559.25,515.5,517.7,899950
2025-01-07 00:00:00+05:30,522.8,532.5,512.95,523.35,699465
2025-01-08 00:00:00+05:30,528.0,537.85,496.0,502.0,866670
2025-01-09 00:00:00+05:30,503.0,503.8,480.9,484.2,493189
2025-01-10 00:00:00+05:30,483.75,487.8,457.95,466.45,808349
2025-01-13 00:00:00+05:30,459.0,463.95,430.5,433.4,925720
2025-01-14 00:00:00+05:30,434.8,456.85,427.25,446.85,1416191
2025-01-15 00:00:00+05:30,449.0,465.0,444.15,449.9,1159547
2025-01-16 00:00:00+05:30,454.95,479.6,454.95,474.8,1091815
2025-01-17 00:00:00+05:30,473.65,481.5,459.2,479.5,720313
2025-01-20 00:00:00+05:30,482.65,498.0,473.8,494.2,644791
2025-01-21 00:00:00+05:30,493.7,499.05,470.25,478.9,532243
2025-01-22 00:00:00+05:30,478.9,478.9,452.0,465.45,578917
2025-01-23 00:00:00+05:30,468.4,472.0,455.0,458.65,431201
2025-01-24 00:00:00+05:30,460.75,460.75,437.1,439.75,285420
2025-01-27 00:00:00+05:30,430.0,430.0,407.8,415.2,572901
2025-01-28 00:00:00+05:30,422.05,422.05,373.1,397.4,1709450
2025-01-29 00:00:00+05:30,399.35,475.0,398.95,457.35,1462310
2025-01-30 00:00:00+05:30,456.0,456.75,420.55,424.65,1204254
2025-01-31 00:00:00+05:30,426.0,439.7,426.0,436.2,471889
2025-02-01 00:00:00+05:30,437.0,453.8,425.8,433.9,535319
2025-02-03 00:00:00+05:30,414.5,427.0,413.15,420.85,379730
2025-02-04 00:00:00+05:30,432.5,453.8,425.1,451.45,622322
2025-02-05 00:00:00+05:30,450.0,471.0,448.25,466.95,750509
2025-02-06 00:00:00+05:30,487.0,489.0,467.55,481.85,1726172
2025-02-07 00:00:00+05:30,480.0,490.4,396.7,479.45,942702
2025-02-10 00:00:00+05:30,479.45,484.7,452.65,461.3,439411
2025-02-11 00:00:00+05:30,461.55,465.0,431.0,434.7,503413
2025-02-12 00:00:00+05:30,436.75,452.0,406.0,447.7,670762
2025-02-13 00:00:00+05:30,457.0,464.45,435.15,437.75,441922
2025-02-14 00:00:00+05:30,440.8,440.8,407.15,423.25,583715
2025-02-17 00:00:00+05:30,415.05,424.35,404.2,407.5,580210
2025-02-18 00:00:00+05:30,411.2,412.65,376.55,389.55,650314
2025-02-19 00:00:00+05:30,386.8,429.25,380.2,419.6,596372
2025-02-20 00:00:00+05:30,417.5,426.75,408.95,419.1,293703
2025-02-21 00:00:00+05:30,421.3,439.0,415.45,417.25,453222
2025-02-24 00:00:00+05:30,415.0,424.9,402.55,412.65,475727
2025-02-25 00:00:00+05:30,416.75,419.7,407.45,409.6,235369
2025-02-27 00:00:00+05:30,414.15,415.35,390.05,392.55,427079
2025-02-28 00:00:00+05:30,381.8,398.55,374.5,392.05,511189
2025-03-03 00:00:00+05:30,397.8,397.8,361.55,374.8,799323
2025-03-04 00:00:00+05:30,371.5,404.0,368.0,396.55,784954
2025-03-05 00:00:00+05:30,396.0,418.0,396.0,412.35,440801
2025-03-06 00:00:00+05:30,416.5,427.45,410.25,413.1,387389
2025-03-07 00:00:00+05:30,415.0,433.2,411.6,422.7,611848
2025-03-10 00:00:00+05:30,426.05,433.0,400.0,403.55,400092
2025-03-11 00:00:00+05:30,397.95,415.95,390.0,412.7,601812
2025-03-12 00:00:00+05:30,415.6,417.7,397.45,400.55,340582
2025-03-13 00:00:00+05:30,404.0,406.2,391.3,394.35,317742
2025-03-17 00:00:00+05:30,396.0,402.35,383.2,385.2,381894
2025-03-18 00:00:00+05:30,392.1,410.0,390.0,408.55,546126
2025-03-19 00:00:00+05:30,411.5,430.0,408.9,427.05,526591
2025-03-20 00:00:00+05:30,431.8,441.25,428.15,436.95,508023
2025-03-21 00:00:00+05:30,438.4,467.0,438.4,462.7,778106
2025-03-24 00:00:00+05:30,468.0,483.9,463.55,466.1,672457
2025-03-25 00:00:00+05:30,470.75,477.0,453.65,459.3,541759
2025-03-26 00:00:00+05:30,462.0,475.2,452.35,454.85,638183
2025-03-27 00:00:00+05:30,454.85,459.0,444.05,449.35,590470
2025-03-28 00:00:00+05:30,452.4,466.25,434.3,437.25,574323
2025-04-01 00:00:00+05:30,429.25,449.35,428.6,436.95,327389
2025-04-02 00:00:00+05:30,441.4,446.55,427.05,444.5,261317
2025-04-03 00:00:00+05:30,436.35,449.7,436.15,448.35,215904
2025-04-04 00:00:00+05:30,450.0,452.35,423.1,425.3,356490
2025-04-07 00:00:00+05:30,345.1,413.3,342.5,403.6,548145
2025-04-08 00:00:00+05:30,425.0,430.65,413.0,421.15,340763
2025-04-09 00:00:00+05:30,420.0,427.6,401.0,403.2,281276
2025-04-11 00:00:00+05:30,422.0,427.85,411.75,426.2,352160
2025-04-15 00:00:00+05:30,435.0,445.0,431.05,443.9,271284
2025-04-16 00:00:00+05:30,445.5,448.0,438.5,440.45,204215
2025-04-17 00:00:00+05:30,435.0,446.5,435.0,438.1,184963
2025-04-21 00:00:00+05:30,439.85,455.0,437.6,453.45,317165
2025-04-22 00:00:00+05:30,457.0,466.0,451.6,458.45,356000
2025-04-23 00:00:00+05:30,467.75,469.4,449.95,456.95,308099
2025-04-24 00:00:00+05:30,452.55,466.2,452.55,459.2,416240
2025-04-25 00:00:00+05:30,460.0,461.85,435.15,442.95,381054
2025-04-28 00:00:00+05:30,442.0,457.95,436.9,454.5,431921
2025-04-29 00:00:00+05:30,454.9,471.8,454.5,466.55,456440
2025-04-30 00:00:00+05:30,467.9,471.55,450.55,458.6,420101
2025-05-02 00:00:00+05:30,470.0,498.5,464.15,467.65,4182978
2025-05-05 00:00:00+05:30,476.1,477.35,460.45,470.15,433565
2025-05-06 00:00:00+05:30,473.95,474.0,436.5,441.45,552432
2025-05-07 00:00:00+05:30,433.0,460.85,430.65,452.75,725537
2025-05-08 00:00:00+05:30,455.0,467.0,438.0,442.1,444850
2025-05-09 00:00:00+05:30,430.0,447.6,425.0,440.5,395755
2025-05-12 00:00:00+05:30,467.0,474.0,456.7,466.5,413732
2025-05-13 00:00:00+05:30,469.2,472.0,460.0,466.05,348172
2025-05-14 00:00:00+05:30,470.0,477.7,460.5,466.5,711938
2025-05-15 00:00:00+05:30,468.85,485.0,468.85,476.5,590357
2025-05-16 00:00:00+05:30,478.4,485.2,469.1,472.2,438766
2025-05-19 00:00:00+05:30,476.0,509.7,473.3,504.0,1478416
2025-05-20 00:00:00+05:30,514.65,519.0,482.0,489.65,789226
2025-05-21 00:00:00+05:30,491.95,499.4,478.5,496.35,405342
2025-05-22 00:00:00+05:30,495.0,509.0,490.0,501.25,624912
2025-05-23 00:00:00+05:30,503.5,503.5,492.0,493.8,335957
2025-05-26 00:00:00+05:30,497.2,515.0,496.25,503.5,809926
2025-05-27 00:00:00+05:30,502.3,507.5,495.2,497.15,328012
2025-05-28 00:00:00+05:30,499.65,505.8,493.0,494.25,283726
2025-05-29 00:00:00+05:30,496.5,507.05,496.0,500.4,421346
2025-05-30 00:00:00+05:30,503.5,504.55,490.1,491.6,275118
2025-06-02 00:00:00+05:30,493.4,503.0,483.1,485.9,441479
2025-06-03 00:00:00+05:30,488.8,498.0,485.2,490.25,239121
2025-06-04 00:00:00+05:30,491.95,500.0,486.2,495.75,398710
2025-06-05 00:00:00+05:30,498.0,501.9,486.35,487.45,378888
2025-06-06 00:00:00+05:30,491.35,493.9,484.7,486.75,264927
2025-06-09 00:00:00+05:30,487.9,529.0,487.45,523.9,1905958
2025-06-10 00:00:00+05:30,530.05,541.5,521.1,526.6,1894803
2025-06-11 00:00:00+05:30,527.0,536.15,510.55,514.25,681635
2025-06-12 00:00:00+05:30,515.6,523.95,501.6,508.5,632761
2025-06-13 00:00:00+05:30,497.0,516.35,493.3,510.65,493654
2025-06-16 00:00:00+05:30,513.0,518.9,495.3,515.45,493519
2025-06-17 00:00:00+05:30,517.9,517.9,498.0,500.1,304562
2025-06-18 00:00:00+05:30,500.0,512.0,489.1,490.6,411491
2025-06-19 00:00:00+05:30,491.45,501.2,474.0,475.6,459309
2025-06-20 00:00:00+05:30,475.65,485.95,472.95,482.45,548088
2025-06-23 00:00:00+05:30,479.95,495.0,475.2,492.2,284740
2025-06-24 00:00:00+05:30,503.0,503.7,490.2,491.9,321953
2025-06-25 00:00:00+05:30,494.0,503.3,494.0,500.25,285159
2025-06-26 00:00:00+05:30,502.0,506.0,489.0,493.55,253438
2025-06-27 00:00:00+05:30,495.95,504.05,495.95,499.05,189955
2025-06-30 00:00:00+05:30,500.9,516.75,500.9,508.1,592056
2025-07-01 00:00:00+05:30,509.9,514.8,507.0,509.3,274267
2025-07-02 00:00:00+05:30,511.95,512.6,493.05,496.3,293490
2025-07-03 00:00:00+05:30,498.75,501.0,492.85,494.95,169463
2025-07-04 00:00:00+05:30,496.4,498.5,491.0,495.1,150582
2025-07-07 00:00:00+05:30,492.65,494.5,487.0,487.75,155045
2025-07-08 00:00:00+05:30,488.8,491.75,475.25,479.85,271317
2025-07-09 00:00:00+05:30,481.1,490.25,480.05,484.8,149063
2025-07-10 00:00:00+05:30,486.85,489.95,482.05,485.3,150281
2025-07-11 00:00:00+05:30,486.8,489.0,478.15,479.3,150432
2025-07-14 00:00:00+05:30,479.3,479.4,472.0,475.2,163746
2025-07-15 00:00:00+05:30,476.0,492.9,476.0,491.25,303519
2025-07-16 00:00:00+05:30,492.25,504.4,491.5,495.05,451289
2025-07-17 00:00:00+05:30,496.95,504.4,494.5,501.4,368685
2025-07-18 00:00:00+05:30,502.45,505.0,489.8,491.2,212561
2025-07-21 00:00:00+05:30,491.0,492.4,480.1,481.05,268785
2025-07-22 00:00:00+05:30,482.1,485.75,476.5,479.55,182111
2025-07-23 00:00:00+05:30,480.9,482.9,474.05,475.8,184921
2025-07-24 00:00:00+05:30,477.0,477.5,469.1,470.7,264143
2025-07-25 00:00:00+05:30,469.9,471.15,456.0,458.15,291692
2025-07-28 00:00:00+05:30,460.0,464.65,450.0,452.1,295660
2025-07-29 00:00:00+05:30,450.0,484.75,446.6,479.7,484351
2025-07-30 00:00:00+05:30,484.0,493.0,481.05,485.3,337385
2025-07-31 00:00:00+05:30,479.7,508.95,479.0,485.65,1627267
2025-08-01 00:00:00+05:30,496.45,548.0,491.3,516.25,14575406
2025-08-04 00:00:00+05:30,523.95,534.35,515.25,524.4,1366744
2025-08-05 00:00:00+05:30,525.0,564.7,513.85,527.2,5043259
2025-08-06 00:00:00+05:30,529.2,529.9,502.0,508.35,894700
2025-08-07 00:00:00+05:30,508.35,518.0,496.15,514.4,832920
2025-08-08 00:00:00+05:30,517.65,517.95,500.0,503.2,493969
2025-08-11 00:00:00+05:30,502.95,515.0,493.35,512.9,418584
2025-08-12 00:00:00+05:30,510.25,510.7,495.95,503.2,505815
2025-08-13 00:00:00+05:30,505.55,546.8,505.1,542.6,2271421
2025-08-14 00:00:00+05:30,542.7,545.0,520.05,522.35,676504
2025-08-18 00:00:00+05:30,529.8,537.95,522.9,534.1,496172
2025-08-19 00:00:00+05:30,538.25,552.0,531.9,539.85,793350
2025-08-20 00:00:00+05:30,539.85,548.0,533.0,540.55,409733
2025-08-21 00:00:00+05:30,538.2,561.0,535.55,548.3,1563576
2025-08-22 00:00:00+05:30,550.0,554.0,538.4,539.8,406557
2025-08-25 00:00:00+05:30,542.2,558.95,535.75,546.5,797343
2025-08-26 00:00:00+05:30,548.0,549.5,522.2,524.3,615799
2025-08-28 00:00:00+05:30,524.55,529.45,512.8,527.1,361880
2025-08-29 00:00:00+05:30,526.65,527.95,511.15,512.95,364854
2025-09-01 00:00:00+05:30,513.0,542.85,512.0,535.7,540387
2025-09-02 00:00:00+05:30,537.05,549.6,530.7,543.75,473932
2025-09-03 00:00:00+05:30,543.45,551.0,539.75,543.95,372639
2025-09-04 00:00:00+05:30,550.0,567.0,544.5,549.75,1279288
2025-09-05 00:00:00+05:30,549.75,573.8,548.5,568.35,1143716
2025-09-08 00:00:00+05:30,573.7,588.0,555.55,560.5,1076195
2025-09-09 00:00:00+05:30,564.4,565.45,550.0,552.95,396321
2025-09-10 00:00:00+05:30,554.75,562.6,535.1,538.2,578647
2025-09-11 00:00:00+05:30,538.9,546.7,530.0,532.5,357991
2025-09-12 00:00:00+05:30,534.4,540.05,530.85,533.4,290413
2025-09-15 00:00:00+05:30,534.45,546.0,531.65,542.5,307763
2025-09-16 00:00:00+05:30,546.5,550.0,536.2,539.15,259997
2025-09-17 00:00:00+05:30,542.9,542.9,526.0,540.45,431201
2025-09-18 00:00:00+05:30,543.1,549.0,530.75,535.55,356236
2025-09-19 00:00:00+05:30,536.4,539.7,530.7,535.3,230464
2025-09-22 00:00:00+05:30,535.5,559.55,532.5,548.15,708807
2025-09-23 00:00:00+05:30,550.0,555.0,536.6,542.65,314974
2025-09-24 00:00:00+05:30,542.05,545.95,534.0,536.3,208846
2025-09-25 00:00:00+05:30,533.0,539.4,528.25,532.85,218510
2025-09-26 00:00:00+05:30,528.7,528.8,508.2,511.35,521222
2025-09-29 00:00:00+05:30,514.0,525.0,508.2,512.2,291903
2025-09-30 00:00:00+05:30,514.8,519.9,510.55,515.05,181295
2025-10-01 00:00:00+05:30,514.8,528.0,512.0,526.45,183031
2025-10-03 00:00:00+05:30,523.9,529.0,520.3,524.25,170587
2025-10-06 00:00:00+05:30,526.9,528.0,519.5,520.5,160434
2025-10-07 00:00:00+05:30,521.1,523.2,511.9,515.05,224033
2025-10-08 00:00:00+05:30,515.85,519.25,509.85,514.85,273572
2025-10-09 00:00:00+05:30,514.0,516.4,505.1,509.9,189534
2025-10-10 00:00:00+05:30,509.9,523.75,509.65,516.1,299510
2025-10-13 00:00:00+05:30,515.0,517.8,508.25,512.95,220738
2025-10-14 00:00:00+05:30,514.9,517.6,477.85,505.5,307595
2025-10-15 00:00:00+05:30,507.4,514.8,505.25,511.95,207388
2025-10-16 00:00:00+05:30,512.9,518.0,508.9,513.35,224754
2025-10-17 00:00:00+05:30,511.0,513.0,495.7,505.45,438371
2025-10-20 00:00:00+05:30,508.8,515.2,498.7,510.65,274592
2025-10-21 00:00:00+05:30,510.0,514.35,507.0,510.1,68895
2025-10-23 00:00:00+05:30,510.1,530.25,507.0,524.05,509026
2025-10-24 00:00:00+05:30,524.8,527.5,519.65,521.65,134171
2025-10-27 00:00:00+05:30,521.75,524.0,514.25,518.65,150069
2025-10-28 00:00:00+05:30,519.0,522.5,510.1,514.35,143090
2025-10-29 00:00:00+05:30,514.0,524.0,511.3,523.0,197182
2025-10-30 00:00:00+05:30,524.4,528.25,520.0,524.25,168401
2025-10-31 00:00:00+05:30,523.0,531.35,519.3,524.45,299936
2025-11-03 00:00:00+05:30,524.0,527.8,516.45,520.05,122574
2025-11-04 00:00:00+05:30,520.05,523.5,512.9,515.75,154028
2025-11-06 00:00:00+05:30,510.0,520.65,508.15,518.0,384757
2025-11-07 00:00:00+05:30,517.0,530.5,500.1,509.65,954808
2025-11-10 00:00:00+05:30,501.0,514.0,476.55,502.25,1120774
2025-11-11 00:00:00+05:30,500.0,502.0,485.55,488.75,292155
2025-11-12 00:00:00+05:30,490.15,492.0,479.35,480.35,337610
2025-11-13 00:00:00+05:30,480.35,492.75,475.2,477.5,288984
2025-11-14 00:00:00+05:30,475.0,502.85,473.4,500.3,644574
2025-11-17 00:00:00+05:30,502.0,502.0,488.75,491.6,147743
2025-11-18 00:00:00+05:30,494.2,502.85,490.45,500.15,174150
2025-11-19 00:00:00+05:30,499.2,499.2,489.4,492.7,127479
2025-11-20 00:00:00+05:30,493.0,495.65,487.6,490.0,83777
2025-11-21 00:00:00+05:30,486.0,489.0,477.9,484.85,170260
2025-11-24 00:00:00+05:30,484.85,484.85,476.0,477.85,89843
2025-11-25 00:00:00+05:30,478.95,480.35,465.65,467.5,159336
2025-11-26 00:00:00+05:30,468.95,477.7,467.2,475.9,83166
2025-11-27 00:00:00+05:30,476.25,481.8,465.6,470.0,126410
2025-11-28 00:00:00+05:30,470.0,474.75,467.0,470.7,89702
2025-12-01 00:00:00+05:30,471.15,478.0,462.6,474.9,167151
2025-12-02 00:00:00+05:30,473.25,474.45,466.4,467.4,79468
2025-12-03 00:00:00+05:30,467.85,469.45,455.25,459.05,127452
2025-12-04 00:00:00+05:30,459.75,464.0,451.2,454.85,110378
2025-12-05 00:00:00+05:30,451.2,462.5,449.0,451.55,162475
2025-12-08 00:00:00+05:30,440.0,453.0,432.05,438.25,294415
2025-12-09 00:00:00+05:30,434.3,442.0,424.5,442.0,176901
2025-12-10 00:00:00+05:30,438.3,449.0,429.75,442.7,228082
2025-12-11 00:00:00+05:30,437.05,438.5,429.6,433.7,109395
2025-12-12 00:00:00+05:30,440.0,443.0,432.65,439.9,158103
2025-12-15 00:00:00+05:30,436.65,445.0,434.4,443.9,93006
2025-12-16 00:00:00+05:30,440.45,442.7,436.05,438.45,104712
2025-12-17 00:00:00+05:30,436.0,439.5,429.05,431.35,107881
2025-12-18 00:00:00+05:30,433.8,433.8,414.2,418.85,572557
2025-12-19 00:00:00+05:30,421.0,425.5,418.0,423.05,163085
2025-12-22 00:00:00+05:30,423.0,428.25,419.6,426.15,168345
2025-12-23 00:00:00+05:30,426.15,431.7,423.2,425.0,135547
2025-12-24 00:00:00+05:30,428.55,436.55,420.1,422.8,439626
2025-12-26 00:00:00+05:30,422.5,434.0,415.3,422.85,186008
2025-12-29 00:00:00+05:30,421.3,426.25,412.2,417.0,287795
2025-12-30 00:00:00+05:30,412.5,413.35,401.85,410.8,459445
2025-12-31 00:00:00+05:30,412.0,440.25,411.0,435.05,476887
2026-01-01 00:00:00+05:30,436.7,438.95,426.4,430.55,163037
2026-01-02 00:00:00+05:30,431.5,462.4,428.8,452.85,777752
2026-01-05 00:00:00+05:30,455.8,455.8,432.5,435.0,285789
2026-01-06 00:00:00+05:30,436.0,439.0,427.35,433.0,404025
2026-01-07 00:00:00+05:30,433.4,439.05,430.4,432.05,166588
2026-01-08 00:00:00+05:30,431.95,434.95,415.1,417.55,193442
2026-01-09 00:00:00+05:30,417.1,425.4,407.15,408.75,263313
2026-01-12 00:00:00+05:30,406.0,406.95,391.8,400.5,413376
2026-01-13 00:00:00+05:30,403.55,403.55,392.0,398.65,272380
2026-01-14 00:00:00+05:30,395.0,399.85,393.45,395.0,213640
2026-01-16 00:00:00+05:30,395.75,396.05,380.0,381.4,383648
2026-01-19 00:00:00+05:30,380.0,383.25,368.1,370.9,406114
2026-01-20 00:00:00+05:30,368.5,373.5,352.0,353.6,440197
2026-01-21 00:00:00+05:30,353.0,354.6,338.65,340.85,591034
2026-01-22 00:00:00+05:30,349.0,357.0,345.05,355.5,371117
2026-01-23 00:00:00+05:30,358.0,358.0,333.55,336.9,281652
2026-01-27 00:00:00+05:30,336.9,342.65,327.1,341.1,366218
2026-01-28 00:00:00+05:30,341.65,364.1,338.1,362.7,499016
2026-01-29 00:00:00+05:30,362.0,374.0,350.0,365.25,1502037
2026-01-30 00:00:00+05:30,366.5,368.8,345.0,361.7,846525
2026-02-01 00:00:00+05:30,363.95,377.75,347.3,361.75,261511
2026-02-02 00:00:00+05:30,362.55,362.7,342.25,357.0,344753
2026-02-03 00:00:00+05:30,370.0,393.0,370.0,383.1,1228866
2026-02-04 00:00:00+05:30,385.0,405.1,375.5,401.85,453331
2026-02-05 00:00:00+05:30,401.5,401.5,385.55,389.1,211056
2026-02-06 00:00:00+05:30,389.6,391.05,381.0,386.7,150447
2026-02-09 00:00:00+05:30,395.0,409.3,390.05,407.2,314212
2026-02-10 00:00:00+05:30,405.9,410.0,399.25,400.85,179483
2026-02-11 00:00:00+05:30,388.7,390.55,365.8,387.65,1175062
2026-02-12 00:00:00+05:30,385.0,395.7,380.05,381.15,326467
2026-02-13 00:00:00+05:30,375.2,378.8,371.6,373.8,178409
2026-02-16 00:00:00+05:30,371.25,375.15,365.5,369.45,239848
2026-02-17 00:00:00+05:30,367.0,384.0,366.8,380.1,313032
2026-02-18 00:00:00+05:30,378.0,392.0,375.0,386.15,252123
2026-02-19 00:00:00+05:30,386.15,387.9,373.5,376.8,378930
2026-02-20 00:00:00+05:30,373.0,382.15,370.95,380.6,221043
2026-02-23 00:00:00+05:30,381.85,390.1,375.4,376.85,168577
2026-02-24 00:00:00+05:30,374.95,378.25,366.9,370.95,190893
2026-02-25 00:00:00+05:30,371.0,376.2,362.9,366.15,134277
2026-02-26 00:00:00+05:30,366.55,374.95,366.3,368.85,128938
2026-02-27 00:00:00+05:30,367.0,369.65,363.0,366.35,199404
2026-03-02 00:00:00+05:30,350.0,361.95,340.1,353.05,295723
2026-03-04 00:00:00+05:30,345.7,349.0,338.55,340.95,245406
2026-03-05 00:00:00+05:30,344.8,352.0,341.1,348.65,236507
2026-03-06 00:00:00+05:30,348.0,355.95,345.05,346.1,153875
2026-03-09 00:00:00+05:30,338.0,344.0,327.05,330.4,342513
2026-03-10 00:00:00+05:30,336.0,343.4,333.2,342.15,179464
2026-03-11 00:00:00+05:30,343.0,355.0,339.4,340.5,179455
2026-03-12 00:00:00+05:30,338.5,369.7,330.2,351.35,2351522
2026-03-13 00:00:00+05:30,351.3,356.55,335.05,346.6,482435
2026-03-16 00:00:00+05:30,347.15,351.55,333.0,338.15,315550
2026-03-17 00:00:00+05:30,340.75,348.7,337.2,345.2,212723
2026-03-18 00:00:00+05:30,344.0,361.55,343.5,355.0,299563
2026-03-19 00:00:00+05:30,347.0,356.0,344.45,351.25,276450
2026-03-20 00:00:00+05:30,358.95,360.95,348.0,350.15,257843
2026-03-23 00:00:00+05:30,354.25,354.25,328.45,333.05,384817
2026-03-24 00:00:00+05:30,340.5,344.85,333.35,338.7,307128
2026-03-25 00:00:00+05:30,342.0,358.0,342.0,356.4,384705
2026-03-27 00:00:00+05:30,356.0,356.0,341.05,347.4,556226
2026-03-30 00:00:00+05:30,337.3,344.0,330.4,334.35,564354
2026-04-01 00:00:00+05:30,350.05,356.35,344.5,352.9,303504
2026-04-02 00:00:00+05:30,348.0,354.05,337.0,351.5,285801
2026-04-06 00:00:00+05:30,353.15,361.0,345.05,357.35,294590
2026-04-07 00:00:00+05:30,356.0,365.55,352.0,360.4,215525
2026-04-08 00:00:00+05:30,380.0,382.0,372.45,377.15,417096
2026-04-09 00:00:00+05:30,383.8,383.8,373.25,378.15,184189
2026-04-10 00:00:00+05:30,381.6,387.9,379.5,384.3,233586
2026-04-13 00:00:00+05:30,370.8,384.9,365.2,380.3,237182
2026-04-15 00:00:00+05:30,391.8,405.75,390.1,401.9,756076
2026-04-16 00:00:00+05:30,402.0,411.6,400.0,407.3,324226
2026-04-17 00:00:00+05:30,409.85,438.8,407.2,433.35,1069952
2026-04-20 00:00:00+05:30,435.0,449.0,419.0,436.6,694321
2026-04-21 00:00:00+05:30,437.0,492.0,433.0,465.2,5641867
2026-04-22 00:00:00+05:30,467.15,482.7,466.05,471.85,876192
2026-04-23 00:00:00+05:30,472.0,481.15,467.0,469.65,404312
2026-04-24 00:00:00+05:30,471.25,473.4,449.5,454.15,489350
2026-04-27 00:00:00+05:30,455.15,483.95,455.15,477.75,914351
2026-04-28 00:00:00+05:30,480.6,504.0,470.1,489.95,1383203
2026-04-29 00:00:00+05:30,509.0,523.9,481.0,485.7,3284436
2026-04-30 00:00:00+05:30,483.0,485.05,469.05,478.45,639909
2026-05-04 00:00:00+05:30,486.0,492.5,478.55,490.7,761798
2026-05-05 00:00:00+05:30,494.0,494.0,478.0,483.9,357272
2026-05-06 00:00:00+05:30,483.9,493.5,476.6,490.3,853133
2026-05-07 00:00:00+05:30,493.95,494.1,480.0,482.3,516190
2026-05-08 00:00:00+05:30,474.5,477.45,461.0,466.2,1147949
2026-05-11 00:00:00+05:30,466.9,469.9,450.15,451.65,705267
2026-05-12 00:00:00+05:30,451.95,457.7,434.5,436.05,842217
2026-05-13 00:00:00+05:30,436.95,467.4,436.95,451.55,882730
2026-05-14 00:00:00+05:30,455.0,460.25,444.9,457.85,492599
2026-05-15 00:00:00+05:30,457.85,487.4,450.15,460.2,1412135
2026-05-18 00:00:00+05:30,454.0,454.0,436.35,451.1,535880
2026-05-19 00:00:00+05:30,452.0,471.9,448.8,466.7,654230
2026-05-20 00:00:00+05:30,461.0,474.65,457.1,464.15,373934
2026-05-21 00:00:00+05:30,467.9,473.95,457.05,459.4,301799
2026-05-22 00:00:00+05:30,459.95,466.9,455.6,460.05,314804
2026-05-25 00:00:00+05:30,463.05,487.7,456.0,480.35,945415
2026-05-26 00:00:00+05:30,478.45,507.2,477.0,501.9,1757323
2026-05-27 00:00:00+05:30,504.5,529.7,500.8,516.8,2084193
2026-05-29 00:00:00+05:30,520.95,560.0,518.2,549.35,3460046
2026-06-01 00:00:00+05:30,570.0,576.5,542.85,547.35,3120223
2026-06-02 00:00:00+05:30,547.35,575.1,540.05,572.4,1868980
2026-06-03 00:00:00+05:30,569.0,574.7,558.05,570.5,1743919
2026-06-04 00:00:00+05:30,565.0,582.9,562.05,574.65,2598018
2026-06-05 00:00:00+05:30,575.05,577.0,548.05,556.6,1219133
2026-06-08 00:00:00+05:30,550.0,555.0,530.6,533.95,815492
2026-06-09 00:00:00+05:30,537.95,555.25,537.95,544.55,555068
2026-06-10 00:00:00+05:30,547.8,551.0,532.0,535.0,498522
2026-06-11 00:00:00+05:30,531.2,543.65,518.5,520.8,687992
2026-06-12 00:00:00+05:30,535.0,549.6,528.2,544.65,738660
2026-06-15 00:00:00+05:30,554.0,561.45,547.6,549.7,670738
2026-06-16 00:00:00+05:30,551.25,562.5,546.05,554.2,453850
2026-06-17 00:00:00+05:30,559.6,569.5,543.1,549.0,1095620
2026-06-18 00:00:00+05:30,552.0,559.05,544.2,547.05,387747
2026-06-19 00:00:00+05:30,541.7,555.35,535.05,543.3,534289
2026-06-22 00:00:00+05:30,545.8,561.0,545.8,548.15,562799
2026-06-23 00:00:00+05:30,549.2,560.8,536.85,546.4,754269
2026-06-24 00:00:00+05:30,548.7,553.8,535.4,538.95,484376
2026-06-25 00:00:00+05:30,541.55,543.25,523.5,533.15,374101
2026-06-29 00:00:00+05:30,529.0,532.95,520.1,528.55,457126
2026-06-30 00:00:00+05:30,531.65,537.6,528.6,532.65,278604
2026-07-01 00:00:00+05:30,530.0,560.0,530.0,557.4,816212
2026-07-02 00:00:00+05:30,560.75,579.25,560.0,566.05,1773842
2026-07-03 00:00:00+05:30,569.0,577.15,567.05,574.95,746610
2026-07-06 00:00:00+05:30,576.95,593.0,555.5,561.55,1180950
2026-07-07 00:00:00+05:30,562.95,566.05,545.0,553.75,442655
2026-07-08 00:00:00+05:30,547.0,556.7,526.05,532.6,574643
2026-07-09 00:00:00+05:30,534.0,559.0,534.0,548.05,606192
2026-07-10 00:00:00+05:30,551.4,554.2,543.85,546.5,418833
2026-07-13 00:00:00+05:30,542.0,565.0,537.95,556.0,521438
2026-07-14 00:00:00+05:30,550.1,564.8,547.05,552.25,384667
2026-07-15 00:00:00+05:30,557.85,574.5,532.95,545.15,1187420
2026-07-16 00:00:00+05:30,549.0,563.9,540.55,558.05,744600
2026-07-17 00:00:00+05:30,558.05,561.85,533.85,538.8,1021989
2026-07-20 00:00:00+05:30,539.05,547.0,534.55,544.9,357164
2026-07-21 00:00:00+05:30,545.0,551.95,539.7,545.75,291499
2026-07-22 00:00:00+05:30,547.95,547.95,527.2,530.25,393479
2026-07-23 00:00:00+05:30,526.0,540.0,523.8,528.95,518016
2026-07-24 00:00:00+05:30,520.0,534.95,519.65,528.65,290608
2026-07-27 00:00:00+05:30,534.0,543.9,510.2,520.65,627753
2026-07-28 00:00:00+05:30,520.65,520.65,503.3,505.25,404879
2026-07-29 00:00:00+05:30,510.0,531.95,506.5,526.8,546924
2026-07-30 00:00:00+05:30,525.95,535.8,517.1,527.1,571319
2026-07-31 00:00:00+05:30,532.9,536.65,523.75,527.75,669864
2026-08-03 00:00:00+05:30,533.9,555.0,531.6,549.15,755981
2026-08-04 00:00:00+05:30,551.0,554.8,543.85,546.35,328379
2026-08-05 00:00:00+05:30,549.0,554.0,541.0,548.5,406318
2026-08-06 00:00:00+05:30,550.0,558.7,524.25,526.5,781008
2026-08-07 00:00:00+05:30,527.5,532.0,513.0,517.85,395745
2026-08-10 00:00:00+05:30,518.05,531.95,506.35,529.0,859652
2026-08-11 00:00:00+05:30,532.4,537.5,520.0,526.25,1107540
2026-08-12 00:00:00+05:30,522.65,546.45,509.5,540.85,1183882
2026-08-13 00:00:00+05:30,547.5,553.9,542.5,545.75,440384
2026-08-14 00:00:00+05:30,542.75,545.15,521.15,525.35,358754
2026-08-17 00:00:00+05:30,525.35,535.8,516.55,530.7,364941
2026-08-18 00:00:00+05:30,528.05,542.5,525.95,538.95,303278
2026-08-19 00:00:00+05:30,536.0,559.9,530.8,550.85,1480211
2026-08-20 00:00:00+05:30,553.95,558.9,546.7,555.45,794407
2026-08-21 00:00:00+05:30,556.0,563.9,551.0,554.0,680214
2026-08-24 00:00:00+05:30,554.8,585.0,552.35,575.0,2741697
2026-08-25 00:00:00+05:30,577.0,588.0,542.5,549.2,1191916
2026-08-26 00:00:00+05:30,545.9,550.0,538.1,547.25,936696
2026-08-27 00:00:00+05:30,546.9,566.75,545.3,558.1,1662168
2026-08-28 00:00:00+05:30,557.95,559.95,540.3,546.25,502418
2026-08-31 00:00:00+05:30,544.0,550.15,528.05,541.2,996742
2026-09-01 00:00:00+05:30,541.0,547.5,531.6,534.55,357291
2026-09-02 00:00:00+05:30,531.0,541.95,524.05,537.15,754042
2026-09-03 00:00:00+05:30,541.2,553.95,539.0,546.9,413217
2026-09-04 00:00:00+05:30,538.15,609.0,533.75,591.1,10118419
2026-09-07 00:00:00+05:30,596.0,616.8,590.0,604.4,4277657
2026-09-08 00:00:00+05:30,605.0,614.0,595.0,604.7,1156716
2026-09-09 00:00:00+05:30,604.0,616.8,590.1,593.95,1704618
2026-09-10 00:00:00+05:30,593.9,596.15,574.5,583.0,1056778
2026-09-11 00:00:00+05:30,581.0,581.0,541.35,551.55,2163432
2026-09-15 00:00:00+05:30,557.5,557.8,531.0,534.15,1092523
2026-09-16 00:00:00+05:30,533.0,534.55,513.7,522.65,661514
2026-09-17 00:00:00+05:30,515.0,537.5,513.0,532.55,1109582
2026-09-18 00:00:00+05:30,537.0,570.0,532.1,566.2,1433300
2026-09-21 00:00:00+05:30,563.0,569.0,556.6,560.35,387867
2026-09-22 00:00:00+05:30,563.2,577.5,555.45,561.55,666777
2026-09-23 00:00:00+05:30,568.0,580.0,562.55,567.5,1071979
2026-09-24 00:00:00+05:30,568.1,574.0,546.75,552.35,688572
2026-09-25 00:00:00+05:30,552.95,557.6,543.7,551.15,373119
