Date,Open,High,Low,Close,Volume
2018-06-27 00:00:00+05:30,246.34,246.34,234.03,234.03,30825
2018-06-28 00:00:00+05:30,222.36,222.36,222.36,222.36,1914
2018-06-29 00:00:00+05:30,211.25,211.25,211.25,211.25,108985
2018-07-02 00:00:00+05:30,200.7,200.7,200.7,200.7,748
2018-07-03 00:00:00+05:30,190.71,190.71,190.71,190.71,897
2018-07-04 00:00:00+05:30,181.18,181.18,181.18,181.18,2037
2018-07-05 00:00:00+05:30,172.16,172.16,172.16,172.16,2016
2018-07-06 00:00:00+05:30,163.56,163.56,163.56,163.56,3440
2018-07-09 00:00:00+05:30,155.43,155.43,155.43,155.43,8908
2018-07-10 00:00:00+05:30,147.67,163.19,147.67,154.31,618037
2018-07-11 00:00:00+05:30,148.18,151.48,138.88,138.88,423499
2018-07-12 00:00:00+05:30,131.35,134.7,125.03,126.98,758270
2018-07-13 00:00:00+05:30,127.59,139.67,127.59,139.67,614027
2018-07-16 00:00:00+05:30,144.09,153.62,144.09,153.62,531891
2018-07-17 00:00:00+05:30,157.57,159.89,143.25,157.61,270175
2018-07-18 00:00:00+05:30,157.1,167.05,154.96,158.73,174160
2018-07-19 00:00:00+05:30,158.03,163.61,154.31,157.75,193128
2018-07-20 00:00:00+05:30,158.03,160.82,155.24,155.85,114821
2018-07-23 00:00:00+05:30,151.52,159.66,148.74,156.22,40780
2018-07-24 00:00:00+05:30,152.55,158.26,152.55,154.45,41561
2018-07-25 00:00:00+05:30,152.45,157.1,139.02,148.18,49898
2018-07-26 00:00:00+05:30,145.3,156.82,145.3,155.01,64775
2018-07-27 00:00:00+05:30,156.17,160.59,150.87,155.48,76639
2018-07-30 00:00:00+05:30,153.38,164.54,153.38,162.54,72385
2018-07-31 00:00:00+05:30,167.33,168.63,162.77,164.73,55301
2018-08-01 00:00:00+05:30,163.84,181.18,163.84,181.18,151894
2018-08-02 00:00:00+05:30,191.5,199.26,178.48,185.78,525572
2018-08-03 00:00:00+05:30,187.5,195.03,176.53,195.03,388429
2018-08-06 00:00:00+05:30,204.74,204.74,201.03,204.74,99254
2018-08-07 00:00:00+05:30,214.97,214.97,195.31,201.96,299475
2018-08-08 00:00:00+05:30,203.58,205.95,196.15,198.38,67405
2018-08-09 00:00:00+05:30,195.31,208.28,195.31,208.28,36800
2018-08-10 00:00:00+05:30,218.46,218.69,210.97,218.69,72166
2018-08-13 00:00:00+05:30,225.89,229.61,222.17,229.61,122338
2018-08-14 00:00:00+05:30,241.09,241.09,241.09,241.09,3736
2018-08-16 00:00:00+05:30,253.13,253.13,253.13,253.13,7423
2018-08-17 00:00:00+05:30,265.77,265.77,265.77,265.77,3112
2018-08-20 00:00:00+05:30,279.02,279.02,266.24,279.02,460093
2018-08-21 00:00:00+05:30,288.18,292.96,280.74,292.96,261464
2018-08-23 00:00:00+05:30,306.72,307.6,278.32,307.6,497069
2018-08-24 00:00:00+05:30,322.94,322.94,312.9,322.94,89121
2018-08-27 00:00:00+05:30,339.07,339.07,334.84,339.07,89319
2018-08-28 00:00:00+05:30,355.99,355.99,344.18,355.99,94641
2018-08-29 00:00:00+05:30,373.75,373.75,338.23,340.61,722938
2018-08-30 00:00:00+05:30,337.17,355.11,325.59,344.42,175115
2018-08-31 00:00:00+05:30,327.22,346.65,327.22,327.27,246783
2018-09-03 00:00:00+05:30,313.79,327.27,313.79,325.22,123530
2018-09-04 00:00:00+05:30,325.31,335.54,316.2,322.01,74308
2018-09-05 00:00:00+05:30,322.62,323.78,305.93,307.56,101947
2018-09-06 00:00:00+05:30,306.95,313.28,295.29,299.33,65654
2018-09-07 00:00:00+05:30,290.59,314.3,285.48,314.3,454271
2018-09-10 00:00:00+05:30,329.92,330.01,298.59,299.89,280045
2018-09-11 00:00:00+05:30,284.92,292.82,284.92,284.92,244638
2018-09-12 00:00:00+05:30,278.88,299.15,273.02,299.15,146396
2018-09-14 00:00:00+05:30,304.91,306.3,284.69,300.35,96166
2018-09-17 00:00:00+05:30,296.54,300.17,285.34,291.99,68001
2018-09-18 00:00:00+05:30,291.89,295.98,277.39,278.18,54937
2018-09-19 00:00:00+05:30,281.72,292.08,264.29,278.74,626672
2018-09-21 00:00:00+05:30,282.04,287.99,264.84,265.26,197985
2018-09-24 00:00:00+05:30,269.58,269.58,252.01,252.2,94856
2018-09-25 00:00:00+05:30,252.01,258.43,239.6,244.02,84382
2018-09-26 00:00:00+05:30,246.58,256.2,244.07,256.2,45064
2018-09-27 00:00:00+05:30,260.29,268.98,256.57,266.8,76142
2018-09-28 00:00:00+05:30,271.44,276.97,253.46,253.46,113971
2018-10-01 00:00:00+05:30,246.39,257.5,240.81,252.9,32765
2018-10-03 00:00:00+05:30,251.97,265.54,251.97,265.54,53007
2018-10-04 00:00:00+05:30,255.64,278.23,255.64,273.86,69504
2018-10-05 00:00:00+05:30,266.84,273.35,260.2,260.24,34257
2018-10-08 00:00:00+05:30,258.48,267.72,247.27,249.41,41944
2018-10-09 00:00:00+05:30,254.71,254.76,237.05,247.04,25676
2018-10-10 00:00:00+05:30,245.04,259.36,245.04,259.36,43061
2018-10-11 00:00:00+05:30,246.39,272.33,246.39,272.33,113995
2018-10-12 00:00:00+05:30,284.41,285.9,280.88,285.9,25803
2018-10-15 00:00:00+05:30,296.54,300.17,290.73,300.07,141282
2018-10-16 00:00:00+05:30,315.04,315.04,296.54,299.61,52385
2018-10-17 00:00:00+05:30,295.94,311.42,284.64,285.11,48526
2018-10-19 00:00:00+05:30,276.18,285.48,271.63,276.97,46053
2018-10-22 00:00:00+05:30,287.06,287.06,274.23,275.16,96792
2018-10-23 00:00:00+05:30,265.68,288.92,264.94,281.34,32023
2018-10-24 00:00:00+05:30,288.13,292.68,274.23,279.39,15554
2018-10-25 00:00:00+05:30,286.32,286.32,274.23,276.74,100009
2018-10-26 00:00:00+05:30,269.58,280.27,269.58,274.09,24524
2018-10-29 00:00:00+05:30,287.76,287.76,279.86,287.76,52350
2018-10-30 00:00:00+05:30,288.27,302.12,281.67,290.31,166134
2018-10-31 00:00:00+05:30,291.06,304.82,283.53,301.66,167814
2018-11-01 00:00:00+05:30,301.61,301.61,291.1,293.2,76736
2018-11-02 00:00:00+05:30,295.85,299.33,281.67,283.16,105714
2018-11-05 00:00:00+05:30,288.18,288.18,277.02,278.42,16317
2018-11-06 00:00:00+05:30,283.44,285.43,273.3,276.14,21486
2018-11-07 00:00:00+05:30,282.55,286.27,277.11,281.02,12032
2018-11-09 00:00:00+05:30,282.6,295.06,275.86,293.47,162029
2018-11-12 00:00:00+05:30,293.75,297.29,278.83,279.62,56149
2018-11-13 00:00:00+05:30,279.67,285.25,269.58,281.11,31971
2018-11-14 00:00:00+05:30,283.39,285.39,278.55,281.53,9871
2018-11-15 00:00:00+05:30,278.93,283.62,277.39,278.51,8660
2018-11-16 00:00:00+05:30,281.44,284.27,277.95,279.81,124664
2018-11-19 00:00:00+05:30,274.23,283.39,274.23,280.13,7858
2018-11-20 00:00:00+05:30,277.95,280.69,276.18,278.28,6684
2018-11-21 00:00:00+05:30,274.23,280.69,274.23,277.16,18318
2018-11-22 00:00:00+05:30,281.53,281.58,271.54,275.21,36863
2018-11-26 00:00:00+05:30,280.6,280.79,272.37,272.74,15530
2018-11-27 00:00:00+05:30,271.54,284.41,270.42,277.25,24336
2018-11-28 00:00:00+05:30,278.51,281.67,276.09,278.55,8691
2018-11-29 00:00:00+05:30,279.11,281.06,270.1,272.93,42983
2018-11-30 00:00:00+05:30,272.93,283.53,272.65,278.0,80650
2018-12-03 00:00:00+05:30,278.0,282.23,276.09,278.93,25273
2018-12-04 00:00:00+05:30,277.9,280.09,271.58,273.95,13168
2018-12-05 00:00:00+05:30,271.44,273.26,260.29,261.73,35395
2018-12-06 00:00:00+05:30,261.36,263.68,251.46,253.97,14887
2018-12-07 00:00:00+05:30,264.33,264.33,247.27,248.53,12962
2018-12-10 00:00:00+05:30,256.89,258.43,240.95,246.34,23653
2018-12-11 00:00:00+05:30,237.98,250.11,237.98,245.74,50161
2018-12-12 00:00:00+05:30,243.83,250.95,243.83,246.39,35872
2018-12-13 00:00:00+05:30,250.99,264.94,250.99,261.96,64596
2018-12-14 00:00:00+05:30,264.01,269.58,252.39,254.11,76748
2018-12-17 00:00:00+05:30,267.49,279.48,256.8,269.26,268106
2018-12-18 00:00:00+05:30,267.07,273.67,264.01,265.68,47040
2018-12-19 00:00:00+05:30,267.54,271.82,265.03,269.91,35154
2018-12-20 00:00:00+05:30,269.77,276.28,267.72,274.79,158786
2018-12-21 00:00:00+05:30,272.42,293.66,269.12,283.06,102104
2018-12-24 00:00:00+05:30,292.27,292.27,274.56,278.51,30120
2018-12-26 00:00:00+05:30,280.55,286.64,271.44,280.04,33761
2018-12-27 00:00:00+05:30,283.48,286.32,278.18,280.46,15275
2018-12-28 00:00:00+05:30,280.69,283.76,279.07,282.32,26928
2018-12-31 00:00:00+05:30,281.62,290.96,280.51,288.36,28364
2019-01-01 00:00:00+05:30,288.18,290.69,282.6,287.53,10968
2019-01-02 00:00:00+05:30,286.32,287.71,283.06,283.81,6941
2019-01-03 00:00:00+05:30,282.6,290.92,280.32,282.23,6371
2019-01-04 00:00:00+05:30,281.81,290.87,277.11,286.04,19652
2019-01-07 00:00:00+05:30,282.13,300.21,282.13,291.75,49802
2019-01-08 00:00:00+05:30,292.82,295.61,287.25,289.06,22378
2019-01-09 00:00:00+05:30,288.27,293.66,288.18,288.73,26744
2019-01-10 00:00:00+05:30,288.18,300.26,287.25,296.91,47586
2019-01-11 00:00:00+05:30,298.36,298.4,292.59,294.22,22951
2019-01-14 00:00:00+05:30,294.73,323.64,292.82,319.09,278255
2019-01-15 00:00:00+05:30,318.76,321.73,311.28,315.18,142288
2019-01-16 00:00:00+05:30,317.55,317.55,308.26,311.79,43204
2019-01-17 00:00:00+05:30,310.49,317.18,309.14,314.2,60062
2019-01-18 00:00:00+05:30,314.16,316.06,308.86,310.72,35725
2019-01-21 00:00:00+05:30,310.72,316.9,310.72,314.25,56589
2019-01-22 00:00:00+05:30,314.25,325.08,311.6,321.46,83662
2019-01-23 00:00:00+05:30,316.58,322.52,316.53,321.41,25613
2019-01-24 00:00:00+05:30,320.67,353.2,318.48,342.09,142501
2019-01-25 00:00:00+05:30,342.98,370.72,321.64,328.47,96921
2019-01-28 00:00:00+05:30,317.92,330.01,311.42,322.8,71658
2019-01-29 00:00:00+05:30,319.78,352.78,316.34,348.83,148133
2019-01-30 00:00:00+05:30,345.81,354.13,340.74,344.7,29222
2019-01-31 00:00:00+05:30,348.14,379.14,334.98,361.34,875854
2019-02-01 00:00:00+05:30,364.4,368.49,347.72,349.62,65444
2019-02-04 00:00:00+05:30,353.25,358.27,345.02,351.76,257663
2019-02-05 00:00:00+05:30,355.11,359.52,334.47,345.72,55456
2019-02-06 00:00:00+05:30,345.72,347.67,338.0,343.02,38563
2019-02-07 00:00:00+05:30,343.02,362.22,339.3,349.48,269209
2019-02-08 00:00:00+05:30,352.32,361.06,348.51,351.57,38256
2019-02-11 00:00:00+05:30,351.48,354.6,346.83,348.69,27384
2019-02-12 00:00:00+05:30,347.02,357.9,344.88,351.71,31289
2019-02-13 00:00:00+05:30,353.2,359.71,349.72,351.95,19599
2019-02-14 00:00:00+05:30,347.76,351.81,347.76,348.65,13464
2019-02-15 00:00:00+05:30,356.97,356.97,338.51,342.6,34385
2019-02-18 00:00:00+05:30,341.95,347.67,338.84,343.39,15419
2019-02-19 00:00:00+05:30,334.66,353.25,334.66,348.79,15305
2019-02-20 00:00:00+05:30,348.79,351.16,343.95,345.39,18919
2019-02-21 00:00:00+05:30,346.65,353.43,344.88,348.32,47091
2019-02-22 00:00:00+05:30,348.32,350.46,344.46,344.93,150032
2019-02-25 00:00:00+05:30,344.32,352.23,343.95,349.06,39613
2019-02-26 00:00:00+05:30,348.69,349.95,337.49,344.28,112935
2019-02-27 00:00:00+05:30,344.37,349.25,340.33,345.95,49706
2019-02-28 00:00:00+05:30,347.9,349.53,343.95,344.0,31078
2019-03-01 00:00:00+05:30,348.6,380.86,348.6,358.83,197409
2019-03-05 00:00:00+05:30,361.61,368.82,355.11,361.85,60116
2019-03-06 00:00:00+05:30,355.57,370.91,355.57,358.78,66213
2019-03-07 00:00:00+05:30,358.78,363.47,351.57,353.53,32734
2019-03-08 00:00:00+05:30,353.53,358.83,348.6,351.95,374591
2019-03-11 00:00:00+05:30,359.76,376.49,353.29,365.43,125496
2019-03-12 00:00:00+05:30,367.19,377.42,364.45,365.61,61592
2019-03-13 00:00:00+05:30,371.84,401.59,366.45,391.55,144095
2019-03-14 00:00:00+05:30,418.23,428.55,405.4,407.3,222633
2019-03-15 00:00:00+05:30,410.51,418.32,400.24,405.63,109702
2019-03-18 00:00:00+05:30,411.3,420.09,405.31,410.74,49853
2019-03-19 00:00:00+05:30,410.6,426.69,408.56,416.55,82802
2019-03-20 00:00:00+05:30,419.25,422.22,412.93,414.83,25090
2019-03-22 00:00:00+05:30,415.07,416.51,409.95,413.39,20408
2019-03-25 00:00:00+05:30,409.12,414.0,398.33,401.12,36862
2019-03-26 00:00:00+05:30,405.31,413.67,395.31,401.31,55275
2019-03-27 00:00:00+05:30,404.56,408.93,383.0,387.18,88530
2019-03-28 00:00:00+05:30,386.76,399.64,383.92,386.62,44313
2019-03-29 00:00:00+05:30,390.39,398.8,387.6,388.99,44079
2019-04-01 00:00:00+05:30,392.29,438.77,392.29,417.2,184704
2019-04-02 00:00:00+05:30,416.46,420.18,359.76,403.63,76068
2019-04-03 00:00:00+05:30,404.38,410.88,400.66,402.52,20377
2019-04-04 00:00:00+05:30,396.01,406.93,396.01,402.7,18667
2019-04-05 00:00:00+05:30,404.38,410.88,393.22,397.45,465382
2019-04-08 00:00:00+05:30,399.73,413.39,397.68,404.98,53113
2019-04-09 00:00:00+05:30,409.02,409.02,402.52,404.42,17604
2019-04-10 00:00:00+05:30,403.45,406.42,395.64,396.94,25615
2019-04-11 00:00:00+05:30,396.43,402.33,388.71,390.85,31744
2019-04-12 00:00:00+05:30,391.36,395.22,385.78,387.5,34277
2019-04-15 00:00:00+05:30,386.71,393.31,383.0,386.9,19461
2019-04-16 00:00:00+05:30,390.2,390.25,383.0,385.27,20828
2019-04-18 00:00:00+05:30,386.71,386.71,379.79,382.9,17374
2019-04-22 00:00:00+05:30,381.32,381.32,368.63,375.74,31997
2019-04-23 00:00:00+05:30,370.17,378.16,370.07,371.89,7077
2019-04-24 00:00:00+05:30,377.51,377.51,369.05,372.58,6440
2019-04-25 00:00:00+05:30,372.82,383.92,371.84,374.81,15975
2019-04-26 00:00:00+05:30,371.84,378.39,365.33,368.12,22841
2019-04-30 00:00:00+05:30,364.4,366.22,352.32,356.78,36598
2019-05-02 00:00:00+05:30,356.78,366.03,352.18,357.76,14982
2019-05-03 00:00:00+05:30,358.78,359.24,350.09,352.55,13426
2019-05-06 00:00:00+05:30,349.81,395.03,348.6,392.2,241174
2019-05-07 00:00:00+05:30,395.92,410.88,395.87,407.58,329895
2019-05-08 00:00:00+05:30,407.16,421.99,399.87,418.13,105835
2019-05-09 00:00:00+05:30,420.64,431.33,417.86,428.5,94775
2019-05-10 00:00:00+05:30,429.38,440.96,397.22,400.75,216176
2019-05-13 00:00:00+05:30,385.78,398.61,385.78,395.64,25725
2019-05-14 00:00:00+05:30,394.1,417.2,393.96,410.28,25547
2019-05-15 00:00:00+05:30,409.02,416.04,409.02,411.86,19328
2019-05-16 00:00:00+05:30,414.46,427.62,401.73,410.98,214549
2019-05-17 00:00:00+05:30,409.02,413.67,391.36,395.31,38379
2019-05-20 00:00:00+05:30,418.23,418.23,399.26,401.03,56340
2019-05-21 00:00:00+05:30,399.73,404.38,390.52,392.76,15186
2019-05-22 00:00:00+05:30,395.17,404.47,390.15,396.01,30265
2019-05-23 00:00:00+05:30,400.66,404.38,373.33,392.52,26464
2019-05-24 00:00:00+05:30,390.62,395.08,370.49,380.86,64790
2019-05-27 00:00:00+05:30,386.62,414.6,386.62,412.7,57222
2019-05-28 00:00:00+05:30,415.48,433.15,412.28,423.34,52503
2019-05-29 00:00:00+05:30,423.34,441.56,421.11,435.42,45222
2019-05-30 00:00:00+05:30,437.84,440.63,435.61,438.82,26077
2019-05-31 00:00:00+05:30,434.4,440.35,409.02,433.84,43520
2019-06-03 00:00:00+05:30,441.56,455.46,436.91,446.49,34464
2019-06-04 00:00:00+05:30,446.49,447.51,435.1,439.93,14112
2019-06-06 00:00:00+05:30,437.0,440.63,432.5,437.52,15117
2019-06-07 00:00:00+05:30,437.0,437.05,423.9,425.06,10930
2019-06-10 00:00:00+05:30,426.5,436.91,418.32,428.82,7861
2019-06-11 00:00:00+05:30,432.82,450.86,420.18,448.3,29493
2019-06-12 00:00:00+05:30,449.93,451.74,437.24,447.83,14529
2019-06-13 00:00:00+05:30,447.88,447.88,434.59,441.84,12539
2019-06-14 00:00:00+05:30,444.35,449.51,433.29,435.66,16997
2019-06-17 00:00:00+05:30,435.98,437.56,409.02,412.09,44781
2019-06-18 00:00:00+05:30,409.02,417.02,409.02,412.93,13682
2019-06-19 00:00:00+05:30,419.25,420.23,405.49,412.56,14955
2019-06-20 00:00:00+05:30,411.72,417.81,409.07,413.76,14458
2019-06-21 00:00:00+05:30,414.65,414.65,407.16,410.93,8708
2019-06-24 00:00:00+05:30,412.42,435.05,412.37,422.88,11189
2019-06-25 00:00:00+05:30,427.66,428.55,412.74,414.83,15315
2019-06-26 00:00:00+05:30,415.07,419.11,398.8,415.11,43233
2019-06-27 00:00:00+05:30,416.93,422.04,409.95,415.02,13961
2019-06-28 00:00:00+05:30,412.05,419.25,412.05,415.02,6067
2019-07-01 00:00:00+05:30,416.46,432.26,416.0,427.76,16304
2019-07-02 00:00:00+05:30,429.8,430.17,422.27,428.03,10079
2019-07-03 00:00:00+05:30,429.48,430.54,424.83,426.41,6657
2019-07-04 00:00:00+05:30,421.16,428.55,416.69,420.6,7535
2019-07-05 00:00:00+05:30,425.25,425.25,410.88,413.86,13558
2019-07-08 00:00:00+05:30,412.74,418.78,404.19,404.75,21190
2019-07-09 00:00:00+05:30,408.93,410.14,401.59,404.14,12740
2019-07-10 00:00:00+05:30,406.61,408.0,403.45,405.49,2972
2019-07-11 00:00:00+05:30,404.38,407.16,398.38,404.47,4848
2019-07-12 00:00:00+05:30,404.47,405.4,395.54,400.15,9006
2019-07-15 00:00:00+05:30,403.03,406.0,393.22,394.06,14636
2019-07-16 00:00:00+05:30,395.13,407.12,393.22,398.75,19519
2019-07-17 00:00:00+05:30,403.82,403.82,383.55,385.37,21639
2019-07-18 00:00:00+05:30,389.22,393.08,376.49,377.14,13485
2019-07-19 00:00:00+05:30,385.69,385.69,361.34,374.35,29302
2019-07-22 00:00:00+05:30,382.07,382.07,333.03,355.15,73293
2019-07-23 00:00:00+05:30,349.58,356.36,340.79,345.49,43981
2019-07-24 00:00:00+05:30,345.49,349.95,339.3,342.14,11904
2019-07-25 00:00:00+05:30,340.56,347.67,335.59,336.93,16948
2019-07-26 00:00:00+05:30,343.02,343.02,311.42,322.52,93007
2019-07-29 00:00:00+05:30,320.71,336.61,316.99,322.85,25209
2019-07-30 00:00:00+05:30,322.43,325.41,303.05,306.54,33653
2019-07-31 00:00:00+05:30,305.05,323.5,304.91,309.09,64420
2019-08-01 00:00:00+05:30,308.95,317.88,297.75,304.3,27044
2019-08-02 00:00:00+05:30,295.61,307.42,283.16,289.06,48170
2019-08-05 00:00:00+05:30,289.01,289.01,253.78,263.91,152189
2019-08-06 00:00:00+05:30,260.33,304.4,256.71,289.25,137998
2019-08-07 00:00:00+05:30,288.18,347.07,288.13,347.07,195402
2019-08-08 00:00:00+05:30,364.4,370.91,326.38,355.57,209918
2019-08-09 00:00:00+05:30,355.57,395.27,348.74,388.48,82913
2019-08-13 00:00:00+05:30,383.0,417.39,375.93,391.13,316115
2019-08-14 00:00:00+05:30,390.62,396.01,376.77,390.9,32204
2019-08-16 00:00:00+05:30,385.78,395.08,382.07,390.01,18605
2019-08-19 00:00:00+05:30,390.43,401.59,388.57,399.12,28141
2019-08-20 00:00:00+05:30,398.8,407.07,396.01,403.82,24011
2019-08-21 00:00:00+05:30,395.08,403.45,391.41,398.89,23733
2019-08-22 00:00:00+05:30,391.45,401.17,359.01,399.5,83495
2019-08-23 00:00:00+05:30,396.01,404.19,391.87,399.96,39518
2019-08-26 00:00:00+05:30,412.74,412.74,390.43,403.07,12263
2019-08-27 00:00:00+05:30,400.33,407.72,394.99,404.52,6604
2019-08-28 00:00:00+05:30,403.26,407.16,395.59,403.63,8769
2019-08-29 00:00:00+05:30,403.63,412.74,399.73,409.81,13430
2019-08-30 00:00:00+05:30,401.59,413.58,401.59,409.02,5800
2019-09-03 00:00:00+05:30,390.43,416.37,390.43,406.56,6003
2019-09-04 00:00:00+05:30,412.74,412.74,383.79,392.15,14609
2019-09-05 00:00:00+05:30,406.24,411.12,395.31,409.3,53989
2019-09-06 00:00:00+05:30,401.08,411.07,401.08,408.61,146880
2019-09-09 00:00:00+05:30,407.16,413.67,406.24,409.07,21013
2019-09-11 00:00:00+05:30,412.74,412.74,407.91,410.88,8233
2019-09-12 00:00:00+05:30,410.05,416.46,410.05,415.21,37374
2019-09-13 00:00:00+05:30,415.76,441.56,404.65,434.5,58575
2019-09-16 00:00:00+05:30,444.35,450.9,432.26,442.35,152306
2019-09-17 00:00:00+05:30,449.65,449.65,428.55,432.68,14339
2019-09-18 00:00:00+05:30,432.54,440.63,401.87,407.68,37177
2019-09-19 00:00:00+05:30,410.42,410.42,384.85,391.59,18950
2019-09-20 00:00:00+05:30,394.2,413.67,383.0,398.19,20636
2019-09-23 00:00:00+05:30,398.19,405.31,384.85,386.95,19298
2019-09-24 00:00:00+05:30,386.71,398.8,379.28,382.11,20230
2019-09-25 00:00:00+05:30,383.0,383.0,358.97,373.09,118178
2019-09-26 00:00:00+05:30,381.14,381.14,364.4,366.22,11907
2019-09-27 00:00:00+05:30,362.92,368.08,333.31,348.37,50734
2019-09-30 00:00:00+05:30,346.42,353.2,336.79,347.62,22452
2019-10-01 00:00:00+05:30,356.87,356.97,312.9,325.17,35981
2019-10-03 00:00:00+05:30,326.85,350.51,325.17,342.51,25913
2019-10-04 00:00:00+05:30,334.84,351.3,334.84,337.68,6865
2019-10-07 00:00:00+05:30,321.22,355.53,321.22,344.09,23965
2019-10-09 00:00:00+05:30,343.95,348.6,328.15,341.12,10741
2019-10-10 00:00:00+05:30,341.3,350.46,341.16,346.55,10037
2019-10-11 00:00:00+05:30,337.44,355.11,337.44,348.18,10177
2019-10-14 00:00:00+05:30,360.68,360.68,337.44,348.23,6403
2019-10-15 00:00:00+05:30,358.64,358.64,329.96,344.0,44556
2019-10-16 00:00:00+05:30,355.99,383.0,337.58,378.49,63146
2019-10-17 00:00:00+05:30,380.16,392.29,372.35,376.44,36599
2019-10-18 00:00:00+05:30,373.33,388.57,373.28,382.39,12789
2019-10-22 00:00:00+05:30,383.04,417.3,352.27,384.76,118201
2019-10-23 00:00:00+05:30,390.29,391.27,362.64,369.38,36660
2019-10-24 00:00:00+05:30,368.17,403.49,360.68,390.85,47006
2019-10-25 00:00:00+05:30,389.87,401.96,389.87,396.15,37581
2019-10-27 00:00:00+05:30,399.64,404.1,390.57,393.59,3785
2019-10-29 00:00:00+05:30,394.15,404.33,393.22,398.1,16382
2019-10-30 00:00:00+05:30,400.24,401.59,395.08,396.38,8739
2019-10-31 00:00:00+05:30,392.29,399.73,392.29,393.69,6545
2019-11-01 00:00:00+05:30,390.2,396.71,381.46,385.88,10002
2019-11-04 00:00:00+05:30,409.02,409.02,380.11,384.9,85177
2019-11-05 00:00:00+05:30,388.99,390.39,381.51,387.69,12550
2019-11-06 00:00:00+05:30,390.29,395.08,384.16,388.11,10432
2019-11-07 00:00:00+05:30,385.78,391.08,381.04,387.64,18490
2019-11-08 00:00:00+05:30,382.07,390.39,382.07,385.83,6225
2019-11-11 00:00:00+05:30,386.2,395.08,384.58,388.53,8999
2019-11-13 00:00:00+05:30,390.11,401.59,390.11,400.47,15382
2019-11-14 00:00:00+05:30,400.66,407.16,395.17,401.31,18462
2019-11-15 00:00:00+05:30,386.71,410.84,386.71,406.79,14581
2019-11-18 00:00:00+05:30,409.02,441.56,409.02,434.87,214800
2019-11-19 00:00:00+05:30,435.05,449.0,425.76,433.52,373268
2019-11-20 00:00:00+05:30,427.66,436.91,427.66,433.43,15887
2019-11-21 00:00:00+05:30,430.27,432.12,423.06,428.82,11792
2019-11-22 00:00:00+05:30,425.8,434.12,420.23,430.64,32255
2019-11-25 00:00:00+05:30,428.73,431.47,414.18,417.81,9393
2019-11-26 00:00:00+05:30,422.97,422.97,395.08,413.76,34491
2019-11-27 00:00:00+05:30,412.7,418.32,402.98,414.74,19331
2019-11-28 00:00:00+05:30,421.11,421.11,413.3,413.72,8269
2019-11-29 00:00:00+05:30,422.08,422.22,412.79,414.32,13828
2019-12-02 00:00:00+05:30,414.14,426.08,412.93,415.21,7785
2019-12-03 00:00:00+05:30,412.93,416.46,412.93,413.67,14899
2019-12-04 00:00:00+05:30,413.53,414.6,407.26,413.72,13497
2019-12-05 00:00:00+05:30,413.63,415.48,413.02,413.58,8580
2019-12-06 00:00:00+05:30,413.21,414.56,412.74,413.53,11211
2019-12-09 00:00:00+05:30,416.97,417.11,402.8,404.75,7569
2019-12-10 00:00:00+05:30,402.47,409.02,400.52,402.19,3699
2019-12-11 00:00:00+05:30,402.05,410.7,387.27,390.01,14335
2019-12-12 00:00:00+05:30,384.85,394.38,384.85,390.8,56474
2019-12-13 00:00:00+05:30,389.55,397.08,389.55,390.99,8392
2019-12-16 00:00:00+05:30,390.48,399.73,390.43,391.27,10557
2019-12-17 00:00:00+05:30,392.15,397.22,391.73,394.43,3783
2019-12-18 00:00:00+05:30,396.29,398.71,391.59,392.24,3400
2019-12-19 00:00:00+05:30,396.94,396.94,390.39,390.94,13930
2019-12-20 00:00:00+05:30,390.39,393.64,390.29,390.9,8889
2019-12-23 00:00:00+05:30,391.36,411.77,390.9,407.63,21387
2019-12-24 00:00:00+05:30,418.04,422.04,408.09,419.81,14716
2019-12-26 00:00:00+05:30,422.92,431.33,418.32,419.16,11077
2019-12-27 00:00:00+05:30,414.6,426.64,412.79,417.11,5452
2019-12-30 00:00:00+05:30,412.74,419.2,409.02,411.07,4491
2019-12-31 00:00:00+05:30,418.32,422.97,401.59,404.19,16587
2020-01-01 00:00:00+05:30,399.87,409.02,395.08,396.89,9657
2020-01-02 00:00:00+05:30,396.15,403.86,395.22,397.78,8917
2020-01-03 00:00:00+05:30,399.73,402.05,394.75,396.71,6871
2020-01-06 00:00:00+05:30,391.36,399.73,390.39,390.9,8914
2020-01-07 00:00:00+05:30,390.94,398.75,390.94,394.57,3953
2020-01-08 00:00:00+05:30,395.08,396.75,390.43,390.99,6104
2020-01-09 00:00:00+05:30,396.01,399.77,390.9,392.85,10688
2020-01-10 00:00:00+05:30,395.64,399.54,392.38,395.13,7125
2020-01-13 00:00:00+05:30,396.61,410.84,395.17,408.65,14797
2020-01-14 00:00:00+05:30,408.65,413.67,398.8,401.49,9589
2020-01-15 00:00:00+05:30,405.26,408.47,393.27,406.51,12015
2020-01-16 00:00:00+05:30,404.79,413.67,401.91,409.81,7563
2020-01-17 00:00:00+05:30,408.0,432.26,404.93,407.16,41826
2020-01-20 00:00:00+05:30,403.17,412.28,399.77,400.24,8115
2020-01-21 00:00:00+05:30,398.33,407.86,395.08,398.94,7657
2020-01-22 00:00:00+05:30,407.95,407.95,395.54,395.87,8842
2020-01-23 00:00:00+05:30,401.26,404.28,396.94,402.24,5244
2020-01-24 00:00:00+05:30,400.7,400.7,395.54,395.73,10656
2020-01-27 00:00:00+05:30,393.22,402.19,393.22,398.71,10362
2020-01-28 00:00:00+05:30,399.68,411.77,395.92,405.35,9833
2020-01-29 00:00:00+05:30,400.66,422.04,400.01,414.56,24810
2020-01-30 00:00:00+05:30,418.32,428.55,413.67,423.34,32927
2020-01-31 00:00:00+05:30,422.97,432.08,422.97,428.41,22937
2020-02-01 00:00:00+05:30,428.55,433.33,420.18,425.25,17121
2020-02-03 00:00:00+05:30,414.93,454.57,409.95,447.6,46013
2020-02-04 00:00:00+05:30,441.56,471.31,441.56,463.55,141567
2020-02-05 00:00:00+05:30,469.45,473.17,462.43,465.68,59682
2020-02-06 00:00:00+05:30,469.4,488.04,464.34,476.19,151939
2020-02-07 00:00:00+05:30,485.48,500.12,475.96,484.51,107803
2020-02-10 00:00:00+05:30,488.41,520.58,478.98,499.47,196018
2020-02-11 00:00:00+05:30,505.7,514.95,485.25,502.36,91799
2020-02-12 00:00:00+05:30,506.59,510.3,491.57,500.03,38884
2020-02-13 00:00:00+05:30,500.82,543.82,497.71,528.62,124716
2020-02-14 00:00:00+05:30,532.66,602.38,528.01,574.49,348933
2020-02-17 00:00:00+05:30,580.07,620.97,580.02,595.27,191303
2020-02-18 00:00:00+05:30,596.8,618.18,558.69,604.15,154572
2020-02-19 00:00:00+05:30,617.25,618.09,575.42,593.18,57150
2020-02-20 00:00:00+05:30,588.25,648.86,571.33,634.59,143258
2020-02-24 00:00:00+05:30,641.42,674.05,641.33,650.39,245435
2020-02-25 00:00:00+05:30,655.32,663.41,644.68,648.81,83541
2020-02-26 00:00:00+05:30,652.21,660.02,606.24,628.36,85230
2020-02-27 00:00:00+05:30,622.83,660.02,622.74,633.75,118384
2020-02-28 00:00:00+05:30,627.48,631.94,558.69,578.4,127674
2020-03-02 00:00:00+05:30,601.73,630.27,541.63,556.74,132223
2020-03-03 00:00:00+05:30,568.92,600.52,560.55,589.27,90070
2020-03-04 00:00:00+05:30,599.59,608.89,581.23,590.11,58913
2020-03-05 00:00:00+05:30,594.9,649.79,588.48,598.71,31961
2020-03-06 00:00:00+05:30,549.39,594.94,549.39,579.79,41092
2020-03-09 00:00:00+05:30,579.05,579.05,504.82,514.77,65165
2020-03-11 00:00:00+05:30,515.0,534.06,488.13,494.73,65246
2020-03-12 00:00:00+05:30,465.73,470.38,417.44,423.34,85487
2020-03-13 00:00:00+05:30,371.84,488.04,338.7,450.02,125618
2020-03-16 00:00:00+05:30,419.25,463.68,409.02,442.16,42692
2020-03-17 00:00:00+05:30,446.21,474.61,429.48,441.33,31727
2020-03-18 00:00:00+05:30,464.71,464.71,405.31,407.4,34422
2020-03-19 00:00:00+05:30,393.22,404.38,362.54,392.9,136542
2020-03-20 00:00:00+05:30,403.45,458.8,400.24,423.94,38820
2020-03-23 00:00:00+05:30,350.46,411.81,350.46,384.02,21784
2020-03-24 00:00:00+05:30,392.38,413.67,377.42,393.17,19737
2020-03-25 00:00:00+05:30,380.21,457.97,380.21,439.84,20548
2020-03-26 00:00:00+05:30,419.25,474.1,419.25,434.96,23633
2020-03-27 00:00:00+05:30,442.91,453.18,378.3,411.91,19528
2020-03-30 00:00:00+05:30,412.74,418.32,388.57,396.01,15273
2020-03-31 00:00:00+05:30,407.16,418.32,399.73,413.25,14015
2020-04-01 00:00:00+05:30,408.75,423.9,400.84,421.25,11655
2020-04-03 00:00:00+05:30,404.38,410.88,377.42,403.26,42408
2020-04-07 00:00:00+05:30,418.32,465.73,409.02,461.5,58471
2020-04-08 00:00:00+05:30,482.88,541.03,482.42,507.98,90063
2020-04-09 00:00:00+05:30,518.72,553.11,493.71,498.73,51939
2020-04-13 00:00:00+05:30,511.28,534.52,498.73,506.35,34998
2020-04-15 00:00:00+05:30,508.96,519.51,490.88,498.41,33087
2020-04-16 00:00:00+05:30,506.63,525.22,498.41,517.69,20668
2020-04-17 00:00:00+05:30,534.06,534.06,508.49,513.37,31300
2020-04-20 00:00:00+05:30,525.13,525.13,505.75,508.82,13756
2020-04-21 00:00:00+05:30,501.98,511.28,487.02,502.96,17836
2020-04-22 00:00:00+05:30,502.96,515.93,499.29,509.93,26632
2020-04-23 00:00:00+05:30,520.58,581.65,511.33,555.3,149383
2020-04-24 00:00:00+05:30,563.76,567.06,529.87,537.91,169912
2020-04-27 00:00:00+05:30,548.46,561.48,540.28,546.84,41702
2020-04-28 00:00:00+05:30,554.88,556.83,538.24,541.49,28550
2020-04-29 00:00:00+05:30,541.49,593.04,535.5,572.82,182717
2020-04-30 00:00:00+05:30,589.27,589.27,543.03,545.02,80442
2020-05-04 00:00:00+05:30,534.52,547.26,497.52,509.98,119436
2020-05-05 00:00:00+05:30,522.44,543.82,506.63,512.53,76722
2020-05-06 00:00:00+05:30,516.86,537.26,507.56,530.71,77583
2020-05-07 00:00:00+05:30,539.17,553.11,451.37,467.03,502709
2020-05-08 00:00:00+05:30,455.5,462.94,428.55,436.12,243357
2020-05-11 00:00:00+05:30,442.68,458.29,433.7,443.7,79205
2020-05-12 00:00:00+05:30,443.7,443.7,418.37,435.52,43214
2020-05-13 00:00:00+05:30,456.25,456.25,425.06,432.4,35212
2020-05-14 00:00:00+05:30,434.12,436.91,424.22,432.45,19378
2020-05-15 00:00:00+05:30,437.75,443.98,431.33,441.1,31634
2020-05-18 00:00:00+05:30,440.35,442.49,418.32,433.98,39071
2020-05-19 00:00:00+05:30,434.12,442.95,426.87,431.33,24159
2020-05-20 00:00:00+05:30,429.99,436.96,427.62,429.75,8643
2020-05-21 00:00:00+05:30,429.48,450.86,429.48,440.72,21724
2020-05-22 00:00:00+05:30,440.68,445.6,435.98,437.14,9806
2020-05-26 00:00:00+05:30,437.8,456.43,435.05,443.7,31623
2020-05-27 00:00:00+05:30,442.49,446.21,435.05,436.26,12056
2020-05-28 00:00:00+05:30,446.21,446.21,436.49,439.14,8861
2020-05-29 00:00:00+05:30,460.15,487.11,451.88,480.56,181452
2020-06-01 00:00:00+05:30,501.98,510.26,488.27,495.8,102535
2020-06-02 00:00:00+05:30,495.8,496.41,477.02,479.07,33334
2020-06-03 00:00:00+05:30,480.42,491.67,480.0,484.0,27890
2020-06-04 00:00:00+05:30,485.34,514.72,484.32,509.98,55145
2020-06-05 00:00:00+05:30,511.33,526.53,496.78,516.07,54983
2020-06-08 00:00:00+05:30,520.72,532.8,498.73,509.33,44282
2020-06-09 00:00:00+05:30,511.28,513.84,494.64,502.08,29355
2020-06-10 00:00:00+05:30,507.56,520.58,504.82,509.0,27314
2020-06-11 00:00:00+05:30,509.0,511.28,495.76,499.52,12635
2020-06-12 00:00:00+05:30,483.44,510.07,480.6,505.42,30319
2020-06-15 00:00:00+05:30,506.63,531.08,506.63,523.97,66801
2020-06-16 00:00:00+05:30,530.8,570.77,525.87,543.68,157324
2020-06-17 00:00:00+05:30,543.82,588.95,543.68,575.79,222165
2020-06-18 00:00:00+05:30,582.86,599.59,568.92,572.54,135750
2020-06-19 00:00:00+05:30,576.96,584.21,555.99,566.78,61105
2020-06-22 00:00:00+05:30,577.28,611.68,577.28,594.9,115740
2020-06-23 00:00:00+05:30,618.18,637.71,594.94,599.45,459804
2020-06-24 00:00:00+05:30,602.71,602.71,553.67,564.73,129329
2020-06-25 00:00:00+05:30,576.35,618.79,565.52,607.87,154370
2020-06-26 00:00:00+05:30,616.14,620.88,590.3,592.43,88388
2020-06-29 00:00:00+05:30,602.38,628.83,587.51,613.86,129007
2020-06-30 00:00:00+05:30,615.72,632.13,599.59,616.05,125803
2020-07-01 00:00:00+05:30,618.18,619.16,608.89,612.23,34869
2020-07-02 00:00:00+05:30,613.16,613.49,595.18,600.15,47896
2020-07-03 00:00:00+05:30,600.24,611.21,593.27,596.06,69493
2020-07-06 00:00:00+05:30,599.78,611.12,595.04,596.99,58389
2020-07-07 00:00:00+05:30,596.99,596.99,581.93,590.9,58632
2020-07-08 00:00:00+05:30,594.01,595.83,587.6,590.95,50967
2020-07-09 00:00:00+05:30,596.8,599.59,585.65,590.44,73400
2020-07-10 00:00:00+05:30,589.18,635.85,587.04,609.91,384924
2020-07-13 00:00:00+05:30,613.54,657.88,613.54,648.63,365319
2020-07-14 00:00:00+05:30,651.65,671.17,605.31,615.67,269336
2020-07-15 00:00:00+05:30,621.86,631.06,604.33,609.72,73337
2020-07-16 00:00:00+05:30,610.7,614.93,577.61,593.32,157989
2020-07-17 00:00:00+05:30,598.66,613.54,594.94,600.61,89888
2020-07-20 00:00:00+05:30,600.52,619.11,596.34,606.61,115562
2020-07-21 00:00:00+05:30,612.47,615.91,601.45,603.82,154668
2020-07-22 00:00:00+05:30,608.7,626.92,598.24,606.19,78026
2020-07-23 00:00:00+05:30,611.35,612.05,602.38,605.36,78697
2020-07-24 00:00:00+05:30,602.19,610.65,592.34,596.76,74051
2020-07-27 00:00:00+05:30,599.68,609.82,590.39,604.61,75237
2020-07-28 00:00:00+05:30,605.68,606.98,595.46,598.24,16368
2020-07-29 00:00:00+05:30,598.66,619.02,595.04,607.49,45250
2020-07-30 00:00:00+05:30,610.33,618.14,601.45,608.93,23440
2020-07-31 00:00:00+05:30,613.21,715.61,612.61,707.38,661224
2020-08-03 00:00:00+05:30,724.16,848.82,723.51,841.85,1967430
2020-08-04 00:00:00+05:30,872.89,872.89,773.06,791.74,843333
2020-08-05 00:00:00+05:30,791.74,845.01,791.74,812.75,457461
2020-08-06 00:00:00+05:30,818.05,842.68,799.55,811.26,212423
2020-08-07 00:00:00+05:30,819.72,834.78,805.03,810.61,104441
2020-08-10 00:00:00+05:30,817.44,927.65,812.24,910.45,698685
2020-08-11 00:00:00+05:30,924.86,956.37,873.82,890.88,313915
2020-08-12 00:00:00+05:30,886.84,892.97,842.45,849.42,160145
2020-08-13 00:00:00+05:30,847.8,878.38,820.56,830.5,134756
2020-08-14 00:00:00+05:30,831.06,873.5,809.68,822.32,135664
2020-08-17 00:00:00+05:30,831.06,854.81,825.48,842.26,104765
2020-08-18 00:00:00+05:30,841.29,888.23,831.06,861.51,231046
2020-08-19 00:00:00+05:30,869.08,871.04,841.38,852.54,71315
2020-08-20 00:00:00+05:30,855.14,868.8,843.52,849.28,64859
2020-08-21 00:00:00+05:30,846.91,957.49,846.91,912.36,585957
2020-08-24 00:00:00+05:30,927.74,949.12,905.66,940.94,283699
2020-08-25 00:00:00+05:30,948.19,949.12,906.36,915.1,166043
2020-08-26 00:00:00+05:30,920.03,925.7,892.42,900.74,70034
2020-08-27 00:00:00+05:30,899.85,920.3,879.4,889.12,135433
2020-08-28 00:00:00+05:30,900.5,937.04,871.04,884.89,218355
2020-08-31 00:00:00+05:30,890.46,938.9,846.87,866.62,342424
2020-09-01 00:00:00+05:30,873.68,896.09,845.94,857.88,86351
2020-09-02 00:00:00+05:30,866.39,929.6,866.34,910.78,261118
2020-09-03 00:00:00+05:30,920.12,934.25,903.57,914.96,155776
2020-09-04 00:00:00+05:30,887.77,920.35,883.12,889.07,100726
2020-09-07 00:00:00+05:30,883.12,904.27,883.12,893.35,69027
2020-09-08 00:00:00+05:30,897.11,901.11,847.14,859.51,97395
2020-09-09 00:00:00+05:30,859.69,871.96,822.97,838.22,132736
2020-09-10 00:00:00+05:30,845.8,880.05,843.15,869.92,93543
2020-09-11 00:00:00+05:30,871.96,934.2,861.74,910.4,258026
2020-09-14 00:00:00+05:30,920.12,971.43,920.12,932.06,316699
2020-09-15 00:00:00+05:30,942.61,950.98,920.54,933.27,124254
2020-09-16 00:00:00+05:30,937.04,989.09,922.35,958.65,244209
2020-09-17 00:00:00+05:30,957.4,966.78,924.95,944.33,123364
2020-09-18 00:00:00+05:30,948.84,1000.25,948.15,980.22,377071
2020-09-21 00:00:00+05:30,990.02,1013.26,899.99,918.49,216541
2020-09-22 00:00:00+05:30,912.03,924.95,836.64,895.25,237725
2020-09-23 00:00:00+05:30,915.56,946.29,870.11,878.05,142992
2020-09-24 00:00:00+05:30,869.18,883.12,851.7,864.39,108235
2020-09-25 00:00:00+05:30,881.73,900.78,870.15,887.68,94365
2020-09-28 00:00:00+05:30,895.2,944.38,871.41,933.88,286338
2020-09-29 00:00:00+05:30,956.28,960.74,930.81,940.1,222512
2020-09-30 00:00:00+05:30,958.42,1035.95,942.52,1000.34,485941
2020-10-01 00:00:00+05:30,1013.91,1026.28,1003.97,1015.17,201230
2020-10-05 00:00:00+05:30,1015.17,1020.7,965.34,990.3,182582
2020-10-06 00:00:00+05:30,997.46,1001.13,962.14,975.29,108489
2020-10-07 00:00:00+05:30,1055.1,1160.79,1050.45,1085.45,1013074
2020-10-08 00:00:00+05:30,1101.3,1166.65,1088.89,1121.28,1146038
2020-10-09 00:00:00+05:30,1110.87,1133.14,1065.32,1072.39,410513
2020-10-12 00:00:00+05:30,1082.89,1082.89,1027.44,1048.59,139759
2020-10-13 00:00:00+05:30,1045.8,1108.22,1041.15,1088.42,172937
2020-10-14 00:00:00+05:30,1086.61,1120.63,1056.49,1100.83,138185
2020-10-15 00:00:00+05:30,1110.36,1130.39,1080.61,1089.96,148674
2020-10-16 00:00:00+05:30,1092.84,1114.59,1058.81,1101.72,99769
2020-10-19 00:00:00+05:30,1112.73,1123.61,1096.0,1104.09,71044
2020-10-20 00:00:00+05:30,1096.04,1133.18,1082.05,1090.0,112953
2020-10-21 00:00:00+05:30,1093.21,1103.02,1052.77,1069.13,77543
2020-10-22 00:00:00+05:30,1078.34,1078.34,1050.45,1056.54,51546
2020-10-23 00:00:00+05:30,1065.97,1088.89,1059.84,1064.11,34442
2020-10-26 00:00:00+05:30,1073.41,1077.13,1028.23,1039.71,67725
2020-10-27 00:00:00+05:30,1034.74,1051.38,1029.07,1045.61,44896
2020-10-28 00:00:00+05:30,1054.17,1077.13,1030.0,1037.43,49150
2020-10-29 00:00:00+05:30,1029.07,1091.63,1029.07,1037.62,138661
2020-10-30 00:00:00+05:30,1047.66,1073.69,1008.38,1057.09,294473
2020-11-02 00:00:00+05:30,1022.56,1063.46,994.95,1003.97,104157
2020-11-03 00:00:00+05:30,1012.8,1041.66,995.14,1024.47,85126
2020-11-04 00:00:00+05:30,1015.12,1036.36,999.83,1014.19,48399
2020-11-05 00:00:00+05:30,1017.82,1029.07,1000.57,1006.48,58009
2020-11-06 00:00:00+05:30,1006.76,1034.64,1006.76,1018.38,70895
2020-11-09 00:00:00+05:30,1013.26,1027.81,1003.04,1006.43,66591
2020-11-10 00:00:00+05:30,999.69,1014.61,901.71,910.22,191913
2020-11-11 00:00:00+05:30,907.29,977.94,895.2,966.69,156669
2020-11-12 00:00:00+05:30,974.13,995.6,962.28,992.72,46535
2020-11-13 00:00:00+05:30,993.74,999.32,972.36,988.68,25187
2020-11-14 00:00:00+05:30,999.27,1001.04,986.68,997.51,14279
2020-11-17 00:00:00+05:30,1002.2,1011.78,976.17,982.03,42648
2020-11-18 00:00:00+05:30,987.93,994.72,970.41,976.64,47559
2020-11-19 00:00:00+05:30,966.78,994.67,948.47,955.77,37808
2020-11-20 00:00:00+05:30,952.84,975.94,952.84,957.86,26751
2020-11-23 00:00:00+05:30,958.42,1027.21,957.53,1003.74,80007
2020-11-24 00:00:00+05:30,1010.48,1054.17,1007.13,1049.29,161573
2020-11-25 00:00:00+05:30,1069.04,1092.09,1048.59,1075.45,125829
2020-11-26 00:00:00+05:30,1080.2,1083.91,1055.19,1071.6,42591
2020-11-27 00:00:00+05:30,1069.13,1097.44,1069.13,1087.17,86174
2020-12-01 00:00:00+05:30,1096.0,1102.51,1077.08,1091.91,92567
2020-12-02 00:00:00+05:30,1103.25,1112.73,1086.7,1107.15,73929
2020-12-03 00:00:00+05:30,1114.5,1125.75,1092.28,1115.38,127005
2020-12-04 00:00:00+05:30,1108.55,1203.83,1102.51,1187.1,291049
2020-12-07 00:00:00+05:30,1216.57,1230.51,1199.18,1211.55,227278
2020-12-08 00:00:00+05:30,1213.13,1220.47,1152.7,1167.02,119864
2020-12-09 00:00:00+05:30,1175.94,1190.82,1126.91,1146.38,77978
2020-12-10 00:00:00+05:30,1153.63,1166.65,1099.39,1151.59,51811
2020-12-11 00:00:00+05:30,1157.35,1194.26,1152.7,1169.3,53833
2020-12-14 00:00:00+05:30,1165.72,1178.73,1145.45,1161.3,29930
2020-12-15 00:00:00+05:30,1173.81,1173.81,1137.69,1148.01,28416
2020-12-16 00:00:00+05:30,1152.7,1158.0,1142.48,1144.01,35911
2020-12-17 00:00:00+05:30,1146.71,1175.94,1144.06,1163.02,52119
2020-12-18 00:00:00+05:30,1158.28,1170.27,1138.85,1155.73,21512
2020-12-21 00:00:00+05:30,1162.93,1170.37,1041.15,1056.21,81082
2020-12-22 00:00:00+05:30,1069.04,1246.59,1061.6,1079.54,161013
2020-12-23 00:00:00+05:30,1087.63,1120.17,1087.63,1111.1,74387
2020-12-24 00:00:00+05:30,1124.63,1126.68,1094.65,1110.55,41291
2020-12-28 00:00:00+05:30,1120.17,1124.82,1099.25,1104.78,43478
2020-12-29 00:00:00+05:30,1110.87,1110.87,1074.29,1090.61,37567
2020-12-30 00:00:00+05:30,1090.61,1123.79,1079.5,1103.11,61656
2020-12-31 00:00:00+05:30,1111.8,1120.17,1094.28,1107.66,56956
2021-01-01 00:00:00+05:30,1113.1,1124.26,1105.48,1113.52,28524
2021-01-04 00:00:00+05:30,1124.82,1129.46,1112.78,1121.47,53933
2021-01-05 00:00:00+05:30,1115.8,1132.25,1109.94,1120.17,32067
2021-01-06 00:00:00+05:30,1121.1,1162.0,1118.36,1141.92,125529
2021-01-07 00:00:00+05:30,1156.42,1193.33,1148.15,1176.13,112271
2021-01-08 00:00:00+05:30,1176.87,1186.17,1152.8,1163.25,40640
2021-01-11 00:00:00+05:30,1163.25,1169.76,1110.87,1141.92,61470
2021-01-12 00:00:00+05:30,1129.46,1145.17,1122.03,1139.32,23389
2021-01-13 00:00:00+05:30,1137.83,1151.63,1109.34,1124.3,55957
2021-01-14 00:00:00+05:30,1124.82,1171.3,1124.82,1157.91,111129
2021-01-15 00:00:00+05:30,1159.21,1175.94,1129.46,1139.32,96192
2021-01-18 00:00:00+05:30,1139.32,1145.69,1099.58,1107.25,73247
2021-01-19 00:00:00+05:30,1115.52,1155.91,1108.36,1126.16,106700
2021-01-20 00:00:00+05:30,1126.16,1170.37,1121.89,1159.3,69435
2021-01-21 00:00:00+05:30,1159.21,1237.3,1153.96,1199.51,236496
2021-01-22 00:00:00+05:30,1215.41,1264.26,1206.85,1251.15,265728
2021-01-25 00:00:00+05:30,1263.33,1298.14,1217.78,1244.46,119483
2021-01-27 00:00:00+05:30,1258.03,1272.39,1195.0,1205.97,47482
2021-01-28 00:00:00+05:30,1206.62,1255.38,1169.81,1246.36,79383
2021-01-29 00:00:00+05:30,1259.56,1435.3,1236.37,1380.5,666005
2021-02-01 00:00:00+05:30,1380.46,1412.99,1316.41,1344.29,235421
2021-02-02 00:00:00+05:30,1354.89,1423.03,1352.61,1388.68,162049
2021-02-03 00:00:00+05:30,1408.25,1426.47,1329.33,1350.85,180786
2021-02-04 00:00:00+05:30,1367.44,1367.44,1316.31,1322.12,91361
2021-02-05 00:00:00+05:30,1323.75,1338.58,1291.21,1315.66,57716
2021-02-08 00:00:00+05:30,1320.03,1424.1,1320.03,1403.56,159335
2021-02-09 00:00:00+05:30,1414.8,1422.8,1389.98,1401.93,104982
2021-02-10 00:00:00+05:30,1412.85,1412.99,1360.98,1396.86,98581
2021-02-11 00:00:00+05:30,1412.99,1491.08,1412.99,1483.22,239471
2021-02-12 00:00:00+05:30,1496.84,1510.51,1442.41,1456.54,90161
2021-02-15 00:00:00+05:30,1459.47,1466.77,1413.92,1431.31,68293
2021-02-16 00:00:00+05:30,1432.51,1444.46,1419.31,1425.54,36878
2021-02-17 00:00:00+05:30,1432.65,1434.28,1396.26,1402.86,22162
2021-02-18 00:00:00+05:30,1394.4,1411.04,1320.03,1350.34,114415
2021-02-19 00:00:00+05:30,1333.98,1379.43,1260.12,1274.3,138641
2021-02-22 00:00:00+05:30,1276.9,1299.58,1142.9,1209.55,293675
2021-02-23 00:00:00+05:30,1221.49,1250.31,1199.46,1233.67,90181
2021-02-24 00:00:00+05:30,1233.67,1278.2,1189.89,1274.06,72762
2021-02-25 00:00:00+05:30,1280.8,1363.72,1259.19,1340.72,198285
2021-02-26 00:00:00+05:30,1315.38,1346.99,1283.64,1294.61,61746
2021-03-01 00:00:00+05:30,1301.58,1318.96,1221.77,1228.75,104240
2021-03-02 00:00:00+05:30,1243.8,1258.68,1195.47,1233.9,119286
2021-03-03 00:00:00+05:30,1236.69,1261.47,1198.25,1207.09,91052
2021-03-04 00:00:00+05:30,1211.64,1229.81,1191.75,1200.95,84885
2021-03-05 00:00:00+05:30,1189.89,1220.56,1175.9,1190.4,48571
2021-03-08 00:00:00+05:30,1187.1,1196.3,1150.84,1166.51,99680
2021-03-09 00:00:00+05:30,1171.16,1190.12,1129.46,1140.76,79330
2021-03-10 00:00:00+05:30,1163.02,1226.14,1147.59,1216.8,151685
2021-03-12 00:00:00+05:30,1227.91,1227.91,1180.5,1188.26,102027
2021-03-15 00:00:00+05:30,1190.82,1208.48,1156.42,1194.77,48936
2021-03-16 00:00:00+05:30,1194.77,1194.77,1158.47,1166.65,45220
2021-03-17 00:00:00+05:30,1158.28,1204.76,1158.28,1183.71,101302
2021-03-18 00:00:00+05:30,1183.71,1194.35,1159.16,1160.56,52720
2021-03-19 00:00:00+05:30,1160.56,1161.86,1096.93,1120.21,132407
2021-03-22 00:00:00+05:30,1131.32,1173.95,1110.87,1147.36,147665
2021-03-23 00:00:00+05:30,1150.71,1159.95,1131.04,1154.38,72658
2021-03-24 00:00:00+05:30,1161.95,1229.44,1143.27,1203.23,249455
2021-03-25 00:00:00+05:30,1216.85,1222.42,1162.05,1180.78,83891
2021-03-26 00:00:00+05:30,1193.61,1316.31,1181.1,1257.24,289292
2021-03-30 00:00:00+05:30,1264.26,1291.96,1236.88,1257.75,100373
2021-03-31 00:00:00+05:30,1265.19,1308.88,1242.88,1295.07,158865
2021-04-01 00:00:00+05:30,1315.29,1315.29,1290.42,1305.34,44654
2021-04-05 00:00:00+05:30,1310.74,1310.74,1240.37,1250.31,67505
2021-04-06 00:00:00+05:30,1261.37,1275.32,1209.41,1221.45,64960
2021-04-07 00:00:00+05:30,1228.93,1273.64,1227.07,1251.06,63689
2021-04-08 00:00:00+05:30,1253.1,1319.1,1203.83,1268.72,68987
2021-04-09 00:00:00+05:30,1267.97,1310.74,1259.42,1280.76,68886
2021-04-12 00:00:00+05:30,1351.64,1422.24,1302.37,1338.72,1161370
2021-04-13 00:00:00+05:30,1367.12,1405.56,1332.12,1369.35,232226
2021-04-15 00:00:00+05:30,1373.02,1375.76,1311.01,1323.29,89159
2021-04-16 00:00:00+05:30,1324.68,1375.81,1309.95,1359.35,98648
2021-04-19 00:00:00+05:30,1347.92,1393.28,1312.92,1358.66,733995
2021-04-20 00:00:00+05:30,1386.54,1410.2,1340.48,1350.43,377588
2021-04-22 00:00:00+05:30,1385.1,1449.25,1358.24,1421.5,339209
2021-04-23 00:00:00+05:30,1428.75,1444.37,1394.4,1407.88,107270
2021-04-26 00:00:00+05:30,1428.8,1428.8,1388.82,1402.77,74704
2021-04-27 00:00:00+05:30,1407.41,1413.92,1394.4,1395.47,42266
2021-04-28 00:00:00+05:30,1412.06,1412.99,1394.03,1395.24,33421
2021-04-29 00:00:00+05:30,1402.77,1410.16,1393.84,1396.68,31564
2021-04-30 00:00:00+05:30,1386.96,1436.23,1380.46,1415.13,95885
2021-05-03 00:00:00+05:30,1429.72,1467.84,1399.93,1406.67,155080
2021-05-04 00:00:00+05:30,1439.02,1448.32,1397.19,1429.35,165017
2021-05-05 00:00:00+05:30,1414.85,1531.05,1414.85,1498.05,556552
2021-05-06 00:00:00+05:30,1513.39,1565.82,1464.12,1532.68,518599
2021-05-07 00:00:00+05:30,1485.04,1509.67,1441.81,1457.29,302005
2021-05-10 00:00:00+05:30,1484.39,1537.56,1442.79,1533.56,1566168
2021-05-11 00:00:00+05:30,1552.43,1608.21,1541.28,1576.28,494475
2021-05-12 00:00:00+05:30,1608.21,1669.47,1576.28,1621.97,549405
2021-05-14 00:00:00+05:30,1624.94,1659.1,1564.61,1598.45,160679
2021-05-17 00:00:00+05:30,1600.77,1630.89,1572.88,1586.13,120102
2021-05-18 00:00:00+05:30,1614.02,1645.39,1599.0,1633.26,218954
2021-05-19 00:00:00+05:30,1626.8,1729.01,1626.75,1683.46,293545
2021-05-20 00:00:00+05:30,1696.52,1704.84,1619.83,1626.89,177186
2021-05-21 00:00:00+05:30,1649.11,1649.11,1606.58,1619.97,87976
2021-05-24 00:00:00+05:30,1640.74,1677.93,1617.5,1666.49,142262
2021-05-25 00:00:00+05:30,1673.28,1678.63,1640.74,1654.36,84589
2021-05-26 00:00:00+05:30,1654.32,1695.96,1629.59,1655.43,97752
2021-05-27 00:00:00+05:30,1654.69,1690.94,1645.39,1675.19,241764
2021-05-28 00:00:00+05:30,1678.02,1709.53,1631.45,1642.18,61544
2021-05-31 00:00:00+05:30,1659.34,1659.38,1611.32,1633.91,95471
2021-06-01 00:00:00+05:30,1668.63,1691.78,1634.24,1644.04,130243
2021-06-02 00:00:00+05:30,1644.04,1654.64,1617.55,1631.77,54726
2021-06-03 00:00:00+05:30,1654.55,1654.55,1618.43,1623.64,59100
2021-06-04 00:00:00+05:30,1633.4,1633.4,1600.77,1613.32,55017
2021-06-07 00:00:00+05:30,1613.32,1626.52,1581.34,1596.4,87183
2021-06-08 00:00:00+05:30,1600.77,1612.44,1565.45,1577.39,99984
2021-06-09 00:00:00+05:30,1578.46,1603.56,1566.61,1580.92,94587
2021-06-10 00:00:00+05:30,1580.92,1626.75,1580.92,1618.99,129093
2021-06-11 00:00:00+05:30,1626.8,1635.63,1580.32,1594.91,129711
2021-06-14 00:00:00+05:30,1583.11,1601.38,1529.24,1553.08,110478
2021-06-15 00:00:00+05:30,1564.52,1579.81,1538.21,1559.03,45002
2021-06-17 00:00:00+05:30,1537.33,1593.33,1529.19,1574.6,166294
2021-06-18 00:00:00+05:30,1589.62,1616.57,1535.19,1605.93,165094
2021-06-21 00:00:00+05:30,1605.93,1626.8,1564.98,1616.76,73787
2021-06-22 00:00:00+05:30,1620.48,1652.83,1607.28,1615.6,115839
2021-06-23 00:00:00+05:30,1634.24,1640.0,1591.8,1599.1,105509
2021-06-24 00:00:00+05:30,1598.91,1617.69,1566.56,1573.12,90537
2021-06-25 00:00:00+05:30,1574.74,1589.57,1539.42,1550.2,75417
2021-06-28 00:00:00+05:30,1570.93,1603.56,1552.43,1582.69,52749
2021-06-29 00:00:00+05:30,1594.96,1595.01,1554.29,1574.51,59276
2021-06-30 00:00:00+05:30,1573.81,1589.15,1563.59,1565.86,18601
2021-07-01 00:00:00+05:30,1579.81,1579.81,1548.71,1553.22,23197
2021-07-02 00:00:00+05:30,1566.24,1669.56,1566.24,1598.03,259967
2021-07-05 00:00:00+05:30,1636.1,1639.72,1598.12,1606.53,128960
2021-07-06 00:00:00+05:30,1603.65,1618.67,1581.25,1587.01,39498
2021-07-07 00:00:00+05:30,1589.62,1589.62,1558.94,1563.82,47548
2021-07-08 00:00:00+05:30,1578.41,1578.41,1548.39,1559.03,37463
2021-07-09 00:00:00+05:30,1543.14,1564.52,1539.42,1548.81,28608
2021-07-12 00:00:00+05:30,1587.66,1589.62,1537.56,1545.23,48787
2021-07-13 00:00:00+05:30,1561.73,1574.74,1548.71,1557.08,67474
2021-07-14 00:00:00+05:30,1557.08,1578.46,1545.0,1551.5,54951
2021-07-15 00:00:00+05:30,1578.46,1578.46,1539.42,1546.67,25358
2021-07-16 00:00:00+05:30,1558.2,1561.82,1534.77,1549.5,43217
2021-07-19 00:00:00+05:30,1533.84,1565.31,1533.84,1550.81,37583
2021-07-20 00:00:00+05:30,1550.81,1595.19,1540.35,1548.9,120506
2021-07-22 00:00:00+05:30,1561.73,1565.45,1537.56,1541.79,50510
2021-07-23 00:00:00+05:30,1561.73,1599.84,1545.23,1588.45,141249
2021-07-26 00:00:00+05:30,1580.32,1614.53,1570.56,1606.4,116241
2021-07-27 00:00:00+05:30,1614.72,1637.96,1585.2,1608.02,162415
2021-07-28 00:00:00+05:30,1580.32,1606.3,1529.56,1538.72,99419
2021-07-29 00:00:00+05:30,1552.43,1572.14,1489.22,1516.64,99140
2021-07-30 00:00:00+05:30,1495.73,1533.84,1469.7,1529.01,109272
2021-08-02 00:00:00+05:30,1529.01,1630.8,1529.01,1608.49,326495
2021-08-03 00:00:00+05:30,1623.13,1668.54,1616.57,1653.06,361459
2021-08-04 00:00:00+05:30,1662.5,1698.38,1573.44,1602.21,1347720
2021-08-05 00:00:00+05:30,1624.94,1663.52,1608.21,1634.66,349292
2021-08-06 00:00:00+05:30,1644.79,1661.2,1640.74,1651.9,139134
2021-08-09 00:00:00+05:30,1659.34,1673.19,1627.73,1636.89,114936
2021-08-10 00:00:00+05:30,1643.35,1649.16,1611.04,1631.82,109039
2021-08-11 00:00:00+05:30,1626.85,1643.53,1568.28,1636.19,90746
2021-08-12 00:00:00+05:30,1640.74,1641.26,1570.75,1615.78,66105
2021-08-13 00:00:00+05:30,1630.61,1630.61,1594.96,1598.87,28141
2021-08-16 00:00:00+05:30,1581.25,1597.98,1569.91,1577.67,29627
2021-08-17 00:00:00+05:30,1566.38,1622.15,1566.38,1590.82,34585
2021-08-18 00:00:00+05:30,1605.61,1612.86,1572.88,1577.86,29432
2021-08-20 00:00:00+05:30,1545.92,1579.39,1478.06,1537.42,186340
2021-08-23 00:00:00+05:30,1556.01,1599.61,1425.22,1496.66,224963
2021-08-24 00:00:00+05:30,1497.59,1577.53,1492.01,1544.16,82123
2021-08-25 00:00:00+05:30,1543.14,1587.34,1532.45,1572.14,79069
2021-08-26 00:00:00+05:30,1570.93,1578.55,1504.14,1512.32,59020
2021-08-27 00:00:00+05:30,1515.2,1565.91,1506.88,1515.67,66715
2021-08-30 00:00:00+05:30,1533.84,1538.44,1478.06,1488.85,81681
2021-08-31 00:00:00+05:30,1515.25,1522.64,1479.92,1508.79,67950
2021-09-01 00:00:00+05:30,1510.6,1524.4,1497.63,1512.97,105339
2021-09-02 00:00:00+05:30,1510.6,1527.98,1500.42,1506.42,94631
2021-09-03 00:00:00+05:30,1505.95,1562.66,1505.95,1535.7,60323
2021-09-06 00:00:00+05:30,1551.41,1625.87,1543.41,1575.9,148079
2021-09-07 00:00:00+05:30,1579.62,1612.86,1573.81,1577.25,74986
2021-09-08 00:00:00+05:30,1589.62,1597.98,1561.73,1580.23,45082
2021-09-09 00:00:00+05:30,1580.32,1593.33,1561.73,1568.56,53251
2021-09-13 00:00:00+05:30,1578.93,1589.62,1552.43,1560.94,71543
2021-09-14 00:00:00+05:30,1568.75,1589.62,1561.73,1574.93,56276
2021-09-15 00:00:00+05:30,1577.9,1589.62,1566.75,1575.16,54599
2021-09-16 00:00:00+05:30,1566.38,1580.27,1526.45,1542.72,92864
2021-09-17 00:00:00+05:30,1550.43,1560.43,1515.25,1536.54,57109
2021-09-20 00:00:00+05:30,1499.35,1602.07,1499.35,1540.77,110542
2021-09-21 00:00:00+05:30,1543.69,1552.85,1533.84,1540.25,98527
2021-09-22 00:00:00+05:30,1541.28,1551.78,1516.18,1527.05,59167
2021-09-23 00:00:00+05:30,1533.84,1579.39,1533.84,1541.46,77296
2021-09-24 00:00:00+05:30,1547.78,1559.17,1529.15,1545.41,46837
2021-09-27 00:00:00+05:30,1552.43,1589.62,1518.97,1531.66,166047
2021-09-28 00:00:00+05:30,1547.78,1549.36,1516.64,1522.96,33086
2021-09-29 00:00:00+05:30,1527.33,1527.33,1500.37,1513.25,54852
2021-09-30 00:00:00+05:30,1524.54,1538.49,1482.71,1486.99,54366
2021-10-01 00:00:00+05:30,1494.8,1520.36,1492.01,1495.63,22410
2021-10-04 00:00:00+05:30,1496.66,1502.23,1448.32,1460.87,151827
2021-10-05 00:00:00+05:30,1482.71,1482.71,1439.95,1444.83,79800
2021-10-06 00:00:00+05:30,1459.47,1459.47,1413.92,1426.24,53935
2021-10-07 00:00:00+05:30,1436.23,1440.88,1363.54,1377.3,155903
2021-10-08 00:00:00+05:30,1389.57,1421.87,1338.62,1350.34,171592
2021-10-11 00:00:00+05:30,1365.58,1368.93,1313.52,1319.01,116517
2021-10-12 00:00:00+05:30,1329.33,1420.43,1321.43,1402.3,224984
2021-10-13 00:00:00+05:30,1394.4,1394.4,1350.71,1361.31,104201
2021-10-14 00:00:00+05:30,1379.9,1379.9,1324.68,1333.33,79626
2021-10-18 00:00:00+05:30,1340.02,1360.61,1309.81,1316.08,71651
2021-10-19 00:00:00+05:30,1333.98,1333.98,1302.37,1306.88,46186
2021-10-20 00:00:00+05:30,1310.74,1312.04,1225.21,1276.2,64587
2021-10-21 00:00:00+05:30,1278.2,1323.75,1278.2,1302.04,63640
2021-10-22 00:00:00+05:30,1308.6,1308.6,1236.37,1243.29,73854
2021-10-25 00:00:00+05:30,1236.6,1281.22,1196.44,1213.83,96796
2021-10-26 00:00:00+05:30,1228.65,1250.08,1173.2,1184.22,115961
2021-10-27 00:00:00+05:30,1199.18,1223.77,1171.3,1184.31,99708
2021-10-28 00:00:00+05:30,1184.31,1196.58,1152.7,1163.67,82060
2021-10-29 00:00:00+05:30,1175.94,1183.61,1131.32,1157.44,114631
2021-11-01 00:00:00+05:30,1167.76,1175.01,1095.07,1111.76,129006
2021-11-02 00:00:00+05:30,1121.1,1160.05,1106.22,1149.36,127743
2021-11-03 00:00:00+05:30,1154.56,1154.56,1129.46,1149.87,61188
2021-11-04 00:00:00+05:30,1165.72,1188.87,1152.75,1164.51,11333
2021-11-08 00:00:00+05:30,1157.35,1264.21,1157.35,1256.17,398240
2021-11-09 00:00:00+05:30,1256.17,1283.41,1220.8,1277.36,127937
2021-11-10 00:00:00+05:30,1265.37,1286.57,1254.96,1276.06,115393
2021-11-11 00:00:00+05:30,1273.55,1273.55,1143.45,1160.75,494796
2021-11-12 00:00:00+05:30,1152.61,1152.7,1030.04,1043.43,914110
2021-11-15 00:00:00+05:30,1009.55,1055.05,956.37,963.25,560251
2021-11-16 00:00:00+05:30,968.09,989.09,953.77,967.2,420106
2021-11-17 00:00:00+05:30,975.15,989.05,970.92,978.4,150755
2021-11-18 00:00:00+05:30,983.52,990.02,955.21,968.92,167606
2021-11-22 00:00:00+05:30,968.92,975.57,937.04,939.13,69193
2021-11-23 00:00:00+05:30,930.62,970.46,930.62,963.76,77399
2021-11-24 00:00:00+05:30,974.64,998.2,966.83,983.94,87705
2021-11-25 00:00:00+05:30,988.35,1042.96,988.35,1007.59,141886
2021-11-26 00:00:00+05:30,1004.99,1133.18,998.44,1082.1,1043435
2021-11-29 00:00:00+05:30,1096.93,1180.55,1045.52,1129.98,521223
2021-11-30 00:00:00+05:30,1138.76,1194.54,1129.98,1184.36,268478
2021-12-01 00:00:00+05:30,1189.89,1208.48,1097.72,1112.22,139596
2021-12-02 00:00:00+05:30,1115.52,1133.18,1076.48,1096.04,87689
2021-12-03 00:00:00+05:30,1123.89,1123.89,1079.54,1083.59,60906
2021-12-06 00:00:00+05:30,1083.59,1094.65,1033.16,1043.52,69310
2021-12-07 00:00:00+05:30,1043.01,1086.14,1043.01,1073.6,82868
2021-12-08 00:00:00+05:30,1082.05,1094.14,1051.28,1063.14,78079
2021-12-09 00:00:00+05:30,1069.04,1078.85,1057.0,1068.3,101517
2021-12-10 00:00:00+05:30,1078.34,1092.19,1060.77,1069.92,33914
2021-12-13 00:00:00+05:30,1083.5,1105.2,1073.78,1079.03,43271
2021-12-14 00:00:00+05:30,1087.63,1089.26,1055.1,1062.67,29623
2021-12-15 00:00:00+05:30,1062.67,1077.41,1022.56,1032.55,93151
2021-12-16 00:00:00+05:30,1031.86,1106.13,976.08,988.12,94962
2021-12-17 00:00:00+05:30,1003.78,1012.33,959.35,1002.06,126456
2021-12-20 00:00:00+05:30,1002.06,1002.06,935.32,947.91,100346
2021-12-21 00:00:00+05:30,952.93,975.15,911.01,921.37,124181
2021-12-22 00:00:00+05:30,938.8,962.09,916.59,935.5,82282
2021-12-23 00:00:00+05:30,948.19,952.24,920.3,929.55,94817
2021-12-24 00:00:00+05:30,937.97,937.97,921.23,923.46,32253
2021-12-27 00:00:00+05:30,923.46,959.63,917.52,948.98,73343
2021-12-28 00:00:00+05:30,962.09,976.08,948.19,957.58,121760
2021-12-29 00:00:00+05:30,976.03,976.03,948.19,951.49,47303
2021-12-30 00:00:00+05:30,956.56,970.41,943.54,949.12,58840
2021-12-31 00:00:00+05:30,943.54,957.91,943.54,947.31,33568
2022-01-03 00:00:00+05:30,962.14,1129.46,958.28,1015.63,1804087
2022-01-04 00:00:00+05:30,1023.49,1039.62,992.81,1001.23,217871
2022-01-05 00:00:00+05:30,1008.62,1044.22,982.63,1015.96,178769
2022-01-06 00:00:00+05:30,1013.26,1016.98,987.42,996.53,102461
2022-01-07 00:00:00+05:30,998.3,1014.66,967.76,973.62,145210
2022-01-10 00:00:00+05:30,987.24,994.07,963.16,970.78,126021
2022-01-11 00:00:00+05:30,975.1,976.87,952.84,961.9,96807
2022-01-12 00:00:00+05:30,970.5,990.02,953.3,978.31,154374
2022-01-13 00:00:00+05:30,989.51,1027.21,980.73,1016.01,278658
2022-01-14 00:00:00+05:30,1022.56,1068.11,1019.86,1054.72,468755
2022-01-17 00:00:00+05:30,1062.9,1065.28,1017.91,1024.37,138132
2022-01-18 00:00:00+05:30,1022.75,1040.22,985.42,992.58,117021
2022-01-19 00:00:00+05:30,992.81,1003.04,977.01,989.7,104016
2022-01-20 00:00:00+05:30,995.56,995.56,964.0,968.78,72316
2022-01-21 00:00:00+05:30,969.15,969.15,943.54,947.54,77998
2022-01-24 00:00:00+05:30,952.84,964.88,873.03,903.52,162412
2022-01-25 00:00:00+05:30,903.52,921.23,880.33,892.18,93376
2022-01-27 00:00:00+05:30,901.67,905.11,881.26,886.56,44898
2022-01-28 00:00:00+05:30,897.06,918.77,891.67,904.18,51756
2022-01-31 00:00:00+05:30,928.67,938.71,867.46,874.2,99760
2022-02-01 00:00:00+05:30,881.26,887.68,870.11,878.66,53944
2022-02-02 00:00:00+05:30,883.21,900.78,873.78,889.21,72832
2022-02-03 00:00:00+05:30,897.06,907.06,883.72,889.26,42008
2022-02-04 00:00:00+05:30,890.56,901.48,878.47,882.42,34334
2022-02-07 00:00:00+05:30,884.89,895.2,876.52,881.49,42566
2022-02-08 00:00:00+05:30,881.49,900.69,852.63,892.56,79276
2022-02-09 00:00:00+05:30,893.35,907.48,884.05,900.88,53385
2022-02-10 00:00:00+05:30,720.72,720.72,720.72,720.72,138929
2022-02-11 00:00:00+05:30,586.81,641.33,576.58,576.63,2967853
2022-02-14 00:00:00+05:30,572.68,606.84,572.68,576.96,732536
2022-02-15 00:00:00+05:30,585.37,592.99,563.34,575.79,184355
2022-02-16 00:00:00+05:30,584.72,626.27,578.3,622.0,401728
2022-02-17 00:00:00+05:30,632.13,684.19,620.04,684.19,689525
2022-02-18 00:00:00+05:30,695.34,728.81,690.79,715.05,712380
2022-02-21 00:00:00+05:30,713.89,713.89,650.72,656.02,240558
2022-02-22 00:00:00+05:30,644.21,676.19,619.62,657.46,163723
2022-02-23 00:00:00+05:30,673.96,682.28,655.83,660.39,82945
2022-02-24 00:00:00+05:30,619.62,661.46,619.62,627.57,119595
2022-02-25 00:00:00+05:30,636.26,658.16,619.62,634.27,80234
2022-02-28 00:00:00+05:30,638.59,648.81,570.87,636.59,116243
2022-03-02 00:00:00+05:30,635.85,659.37,624.23,639.1,114018
2022-03-03 00:00:00+05:30,648.86,652.58,642.35,643.93,149027
2022-03-04 00:00:00+05:30,641.15,655.37,636.78,640.31,59798
2022-03-07 00:00:00+05:30,634.92,660.02,622.92,650.07,75504
2022-03-08 00:00:00+05:30,646.91,659.09,645.14,650.12,60875
2022-03-09 00:00:00+05:30,646.49,657.23,646.07,648.21,67103
2022-03-10 00:00:00+05:30,660.02,663.73,634.03,648.72,163742
2022-03-11 00:00:00+05:30,647.93,704.64,642.91,692.78,411726
2022-03-14 00:00:00+05:30,693.25,700.73,654.44,665.87,122282
2022-03-15 00:00:00+05:30,666.06,686.93,650.81,654.67,117392
2022-03-16 00:00:00+05:30,661.6,669.27,655.32,660.16,76919
2022-03-17 00:00:00+05:30,661.04,676.75,646.21,654.44,70347
2022-03-21 00:00:00+05:30,664.66,669.13,646.49,651.7,89538
2022-03-22 00:00:00+05:30,651.7,669.31,646.07,650.95,101837
2022-03-23 00:00:00+05:30,653.04,665.5,648.35,650.35,98530
2022-03-24 00:00:00+05:30,655.37,655.41,644.26,647.09,66940
2022-03-25 00:00:00+05:30,650.72,658.95,635.52,643.33,107515
2022-03-28 00:00:00+05:30,633.99,663.59,625.95,636.73,148649
2022-03-29 00:00:00+05:30,647.93,657.55,642.21,647.93,133418
2022-03-30 00:00:00+05:30,658.16,661.88,637.38,642.73,80926
2022-03-31 00:00:00+05:30,647.0,647.98,616.32,619.21,152358
2022-04-01 00:00:00+05:30,625.43,671.36,622.27,650.44,148826
2022-04-04 00:00:00+05:30,655.37,664.11,645.33,650.72,120375
2022-04-05 00:00:00+05:30,652.58,689.72,641.52,680.1,175970
2022-04-06 00:00:00+05:30,672.1,701.29,670.24,695.2,92072
2022-04-07 00:00:00+05:30,698.13,779.75,698.13,751.02,997956
2022-04-08 00:00:00+05:30,759.48,760.46,723.23,730.34,168332
2022-04-11 00:00:00+05:30,734.34,742.05,714.91,721.83,78489
2022-04-12 00:00:00+05:30,728.2,779.84,706.12,740.47,683040
2022-04-13 00:00:00+05:30,741.36,760.32,735.17,739.64,123953
2022-04-18 00:00:00+05:30,743.68,745.26,710.17,721.04,47674
2022-04-19 00:00:00+05:30,724.16,735.13,629.34,664.06,158190
2022-04-20 00:00:00+05:30,673.03,686.04,653.51,659.23,121790
2022-04-21 00:00:00+05:30,676.56,678.42,664.34,666.85,49709
2022-04-22 00:00:00+05:30,666.52,666.52,645.1,651.18,123531
2022-04-25 00:00:00+05:30,650.67,684.46,646.12,673.31,247473
2022-04-26 00:00:00+05:30,677.21,678.61,658.34,667.55,329244
2022-04-27 00:00:00+05:30,657.55,665.87,636.13,642.68,65385
2022-04-28 00:00:00+05:30,645.14,659.92,636.78,639.98,93051
2022-04-29 00:00:00+05:30,646.07,650.72,574.4,594.11,384156
2022-05-02 00:00:00+05:30,589.37,591.27,475.3,475.35,1793741
2022-05-04 00:00:00+05:30,467.59,492.69,427.85,456.2,1230374
2022-05-05 00:00:00+05:30,464.8,478.74,460.15,464.57,134950
2022-05-06 00:00:00+05:30,433.19,464.8,433.19,452.2,123447
2022-05-09 00:00:00+05:30,454.11,454.11,430.4,437.52,76399
2022-05-10 00:00:00+05:30,438.77,443.42,413.67,417.9,107759
2022-05-11 00:00:00+05:30,417.9,425.25,394.24,411.81,106608
2022-05-12 00:00:00+05:30,411.81,432.26,384.85,417.02,120904
2022-05-13 00:00:00+05:30,422.46,429.48,404.38,412.37,83970
2022-05-16 00:00:00+05:30,415.25,420.18,409.02,412.97,63468
2022-05-17 00:00:00+05:30,418.23,419.3,391.45,414.93,83615
2022-05-18 00:00:00+05:30,416.46,426.69,413.67,417.16,117790
2022-05-19 00:00:00+05:30,412.97,415.67,395.08,397.78,87950
2022-05-20 00:00:00+05:30,405.31,409.02,396.01,400.33,50330
2022-05-23 00:00:00+05:30,400.33,404.38,383.0,385.23,104235
2022-05-24 00:00:00+05:30,388.15,388.81,367.19,372.4,86379
2022-05-25 00:00:00+05:30,367.66,381.14,355.11,359.01,99903
2022-05-26 00:00:00+05:30,366.17,385.27,357.25,374.3,169656
2022-05-27 00:00:00+05:30,376.53,408.98,375.56,398.57,222744
2022-05-30 00:00:00+05:30,404.19,410.09,396.94,403.03,68975
2022-05-31 00:00:00+05:30,402.05,408.98,377.56,385.92,260082
2022-06-01 00:00:00+05:30,384.11,387.04,378.35,380.11,81158
2022-06-02 00:00:00+05:30,371.84,382.07,371.84,378.44,48280
2022-06-03 00:00:00+05:30,381.28,383.97,371.84,375.51,46602
2022-06-06 00:00:00+05:30,370.82,374.54,361.29,365.33,55398
2022-06-07 00:00:00+05:30,367.19,382.86,363.75,372.82,217776
2022-06-08 00:00:00+05:30,375.47,375.47,357.25,361.34,53968
2022-06-09 00:00:00+05:30,364.96,374.16,359.29,367.94,70576
2022-06-10 00:00:00+05:30,364.4,381.14,363.24,368.03,117468
2022-06-13 00:00:00+05:30,366.45,367.84,339.82,349.76,73690
2022-06-14 00:00:00+05:30,349.76,354.92,343.58,345.49,45171
2022-06-15 00:00:00+05:30,348.51,350.74,344.88,346.69,30456
2022-06-16 00:00:00+05:30,356.97,358.83,334.66,337.26,88133
2022-06-17 00:00:00+05:30,336.52,336.52,323.69,325.78,62214
2022-06-20 00:00:00+05:30,322.57,327.78,297.47,304.3,84820
2022-06-21 00:00:00+05:30,309.56,336.28,309.56,327.03,102475
2022-06-22 00:00:00+05:30,325.45,330.1,320.8,323.22,38322
2022-06-23 00:00:00+05:30,325.36,329.96,316.06,317.97,47239
2022-06-24 00:00:00+05:30,318.39,376.49,318.39,352.18,953824
2022-06-27 00:00:00+05:30,357.71,363.38,343.12,349.44,125437
2022-06-28 00:00:00+05:30,348.69,359.2,335.03,343.49,106300
2022-06-29 00:00:00+05:30,338.37,349.62,337.44,341.49,61934
2022-06-30 00:00:00+05:30,343.95,346.69,323.78,327.5,61214
2022-07-01 00:00:00+05:30,325.36,329.59,316.99,321.08,61273
2022-07-04 00:00:00+05:30,325.31,332.8,318.85,321.6,55002
2022-07-05 00:00:00+05:30,323.5,327.22,316.99,318.76,48517
2022-07-06 00:00:00+05:30,318.3,322.25,314.39,318.71,50725
2022-07-07 00:00:00+05:30,320.71,344.88,320.71,342.79,120873
2022-07-08 00:00:00+05:30,348.55,376.49,344.7,354.55,505718
2022-07-11 00:00:00+05:30,357.01,363.19,345.81,349.06,72678
2022-07-12 00:00:00+05:30,347.67,357.2,342.09,344.28,49163
2022-07-13 00:00:00+05:30,344.7,348.6,339.58,341.58,40138
2022-07-14 00:00:00+05:30,339.3,348.6,319.41,329.87,86754
2022-07-15 00:00:00+05:30,331.4,339.86,324.38,330.29,67804
2022-07-18 00:00:00+05:30,332.8,335.68,330.05,333.77,67101
2022-07-19 00:00:00+05:30,333.59,335.07,330.61,334.38,59840
2022-07-20 00:00:00+05:30,337.44,348.88,333.91,339.49,133918
2022-07-21 00:00:00+05:30,340.23,360.31,340.23,352.36,199572
2022-07-22 00:00:00+05:30,354.92,356.08,343.95,345.9,51276
2022-07-25 00:00:00+05:30,345.81,346.09,338.37,339.35,187534
2022-07-26 00:00:00+05:30,337.21,339.35,329.59,331.59,46243
2022-07-27 00:00:00+05:30,332.8,334.66,323.97,327.31,242353
2022-07-28 00:00:00+05:30,331.12,362.54,328.24,340.65,273942
2022-07-29 00:00:00+05:30,345.81,357.76,345.81,355.62,227647
2022-08-01 00:00:00+05:30,357.9,371.79,357.34,359.06,184645
2022-08-02 00:00:00+05:30,362.5,369.05,358.5,365.57,156251
2022-08-03 00:00:00+05:30,368.08,368.91,359.8,362.08,108059
2022-08-04 00:00:00+05:30,363.1,375.56,350.88,361.15,508292
2022-08-05 00:00:00+05:30,357.9,357.9,348.93,350.69,107403
2022-08-08 00:00:00+05:30,350.69,351.62,334.89,336.89,99956
2022-08-10 00:00:00+05:30,338.84,343.95,332.8,334.24,89906
2022-08-11 00:00:00+05:30,338.19,339.21,333.22,334.38,49085
2022-08-12 00:00:00+05:30,336.05,363.85,333.59,357.06,380101
2022-08-16 00:00:00+05:30,361.06,364.68,354.74,356.92,98931
2022-08-17 00:00:00+05:30,361.06,369.33,358.69,365.01,235366
2022-08-18 00:00:00+05:30,364.45,421.11,363.1,408.28,1514155
2022-08-19 00:00:00+05:30,413.16,424.83,399.77,403.03,692082
2022-08-22 00:00:00+05:30,406.24,443.23,405.03,435.24,1119479
2022-08-23 00:00:00+05:30,435.8,455.5,418.32,427.52,559803
2022-08-24 00:00:00+05:30,431.33,432.91,416.6,421.06,215757
2022-08-25 00:00:00+05:30,425.66,426.69,413.67,417.25,141981
2022-08-26 00:00:00+05:30,422.78,423.25,406.84,412.18,143596
2022-08-29 00:00:00+05:30,395.68,413.11,395.68,404.61,90800
2022-08-30 00:00:00+05:30,413.67,426.41,411.39,419.81,140617
2022-09-01 00:00:00+05:30,416.65,432.26,409.02,410.7,108646
2022-09-02 00:00:00+05:30,413.3,422.97,407.16,410.28,106413
2022-09-05 00:00:00+05:30,412.65,419.25,410.28,416.88,106289
2022-09-06 00:00:00+05:30,417.39,422.88,409.95,411.12,85039
2022-09-07 00:00:00+05:30,410.88,414.18,406.24,407.68,57581
2022-09-08 00:00:00+05:30,408.98,432.22,406.98,420.23,167421
2022-09-09 00:00:00+05:30,420.88,427.57,414.18,415.35,73179
2022-09-12 00:00:00+05:30,415.35,435.8,414.65,427.34,284822
2022-09-13 00:00:00+05:30,430.59,434.63,424.36,425.43,70502
2022-09-14 00:00:00+05:30,419.25,424.36,416.46,418.18,59845
2022-09-15 00:00:00+05:30,419.25,429.38,418.32,420.69,79668
2022-09-16 00:00:00+05:30,420.69,421.95,395.13,398.43,118519
2022-09-19 00:00:00+05:30,399.68,402.01,385.78,387.09,70041
2022-09-20 00:00:00+05:30,387.64,407.12,387.64,400.84,92659
2022-09-21 00:00:00+05:30,399.22,433.94,399.22,421.39,421012
2022-09-22 00:00:00+05:30,424.18,442.95,422.13,431.43,322545
2022-09-23 00:00:00+05:30,434.5,434.5,414.69,418.74,72976
2022-09-26 00:00:00+05:30,413.67,414.0,385.92,399.03,124990
2022-09-27 00:00:00+05:30,397.92,407.16,388.57,402.14,85800
2022-09-28 00:00:00+05:30,399.31,405.17,381.46,385.6,66161
2022-09-29 00:00:00+05:30,388.11,397.22,377.42,383.88,101195
2022-09-30 00:00:00+05:30,383.0,390.43,380.95,387.32,49352
2022-10-03 00:00:00+05:30,386.71,408.84,386.62,398.66,92759
2022-10-04 00:00:00+05:30,403.4,412.74,397.82,406.14,116109
2022-10-06 00:00:00+05:30,407.16,418.23,405.31,408.7,65829
2022-10-07 00:00:00+05:30,409.86,417.76,400.98,405.63,169200
2022-10-10 00:00:00+05:30,403.45,405.82,399.22,401.08,59148
2022-10-11 00:00:00+05:30,403.12,405.86,390.43,394.1,72234
2022-10-12 00:00:00+05:30,396.1,401.12,385.46,388.29,66294
2022-10-13 00:00:00+05:30,386.81,396.38,381.69,386.81,53106
2022-10-14 00:00:00+05:30,390.94,393.87,381.46,383.09,42581
2022-10-17 00:00:00+05:30,383.09,386.81,379.6,382.3,38061
2022-10-18 00:00:00+05:30,384.25,400.98,383.46,391.97,70626
2022-10-19 00:00:00+05:30,392.34,399.64,380.62,383.88,28881
2022-10-20 00:00:00+05:30,383.88,387.74,382.44,384.9,25611
2022-10-21 00:00:00+05:30,383.92,392.29,382.21,383.79,28267
2022-10-24 00:00:00+05:30,388.81,388.81,382.25,385.09,11179
2022-10-25 00:00:00+05:30,387.04,388.06,382.07,384.95,26905
2022-10-27 00:00:00+05:30,389.5,390.29,378.9,384.34,47807
2022-10-28 00:00:00+05:30,385.37,387.18,380.11,380.67,21616
2022-10-31 00:00:00+05:30,382.58,384.99,368.12,370.26,67450
2022-11-01 00:00:00+05:30,367.94,392.2,364.78,388.71,296540
2022-11-02 00:00:00+05:30,389.5,406.42,386.76,403.73,125786
2022-11-03 00:00:00+05:30,403.73,413.39,397.64,401.73,116383
2022-11-04 00:00:00+05:30,402.38,403.68,393.45,398.29,66050
2022-11-07 00:00:00+05:30,399.73,419.25,399.73,412.42,147469
2022-11-09 00:00:00+05:30,412.42,419.44,391.45,414.32,323714
2022-11-10 00:00:00+05:30,409.3,412.6,400.98,403.35,70904
2022-11-11 00:00:00+05:30,406.42,428.55,404.28,407.72,147928
2022-11-14 00:00:00+05:30,412.74,418.74,406.33,415.21,80043
2022-11-15 00:00:00+05:30,417.3,433.1,415.67,426.31,161996
2022-11-16 00:00:00+05:30,430.4,448.02,424.22,430.03,291845
2022-11-17 00:00:00+05:30,432.22,433.89,411.21,418.23,83372
2022-11-18 00:00:00+05:30,417.3,424.5,415.07,417.02,46596
2022-11-21 00:00:00+05:30,419.02,421.39,413.67,417.76,37236
2022-11-22 00:00:00+05:30,418.37,436.35,416.65,432.91,177060
2022-11-23 00:00:00+05:30,430.78,448.25,423.57,425.8,132022
2022-11-24 00:00:00+05:30,426.92,448.07,426.13,441.33,167647
2022-11-25 00:00:00+05:30,440.63,450.76,430.96,437.98,117527
2022-11-28 00:00:00+05:30,437.98,448.9,435.05,437.14,74054
2022-11-29 00:00:00+05:30,438.26,450.58,423.11,427.2,96659
2022-11-30 00:00:00+05:30,429.24,435.01,422.92,425.43,72775
2022-12-01 00:00:00+05:30,426.69,430.36,416.46,419.3,68108
2022-12-02 00:00:00+05:30,418.32,443.42,409.72,416.55,89126
2022-12-05 00:00:00+05:30,418.23,427.52,414.37,420.23,67005
2022-12-06 00:00:00+05:30,417.02,423.62,411.07,413.49,47317
2022-12-07 00:00:00+05:30,413.21,419.99,412.51,414.37,39877
2022-12-08 00:00:00+05:30,414.37,418.51,408.51,411.16,35405
2022-12-09 00:00:00+05:30,412.28,414.93,401.77,405.21,44749
2022-12-12 00:00:00+05:30,405.21,413.3,404.52,411.49,45456
2022-12-13 00:00:00+05:30,413.63,422.13,405.4,407.91,47876
2022-12-14 00:00:00+05:30,409.02,414.32,405.91,407.54,30556
2022-12-15 00:00:00+05:30,406.24,412.32,401.08,409.77,42618
2022-12-16 00:00:00+05:30,406.24,415.95,399.82,402.05,38239
2022-12-19 00:00:00+05:30,405.68,405.68,393.22,396.01,40947
2022-12-20 00:00:00+05:30,395.96,399.03,392.24,394.52,32135
2022-12-21 00:00:00+05:30,398.43,460.15,397.73,428.78,1576084
2022-12-22 00:00:00+05:30,425.52,458.29,414.28,417.62,900677
2022-12-23 00:00:00+05:30,419.39,437.93,397.5,402.42,394779
2022-12-26 00:00:00+05:30,408.05,416.23,397.96,400.43,158071
2022-12-27 00:00:00+05:30,404.84,410.19,396.94,399.77,93813
2022-12-28 00:00:00+05:30,402.42,408.05,399.82,401.17,72353
2022-12-29 00:00:00+05:30,404.42,409.91,400.75,402.05,55821
2022-12-30 00:00:00+05:30,403.45,406.75,398.8,399.91,41980
2023-01-02 00:00:00+05:30,401.54,410.33,396.52,406.1,73956
2023-01-03 00:00:00+05:30,407.95,413.67,397.96,407.82,60777
2023-01-04 00:00:00+05:30,407.58,408.28,402.1,403.59,23009
2023-01-05 00:00:00+05:30,404.65,405.68,392.29,396.52,52092
2023-01-06 00:00:00+05:30,397.45,402.66,395.73,399.45,34828
2023-01-09 00:00:00+05:30,404.0,407.16,399.26,403.68,45403
2023-01-10 00:00:00+05:30,405.31,405.54,396.01,397.4,33746
2023-01-11 00:00:00+05:30,397.92,401.82,394.2,395.64,21653
2023-01-12 00:00:00+05:30,397.13,400.52,395.08,397.31,22879
2023-01-13 00:00:00+05:30,398.24,399.87,392.34,394.15,22783
2023-01-16 00:00:00+05:30,391.36,400.47,391.36,395.17,24307
2023-01-17 00:00:00+05:30,395.78,396.94,384.85,388.2,33235
2023-01-18 00:00:00+05:30,388.2,392.06,382.58,384.76,36348
2023-01-19 00:00:00+05:30,383.92,383.92,376.67,379.37,28493
2023-01-20 00:00:00+05:30,379.42,395.82,377.65,386.71,66025
2023-01-23 00:00:00+05:30,386.71,390.29,380.11,382.3,29481
2023-01-24 00:00:00+05:30,384.2,393.69,384.2,388.29,57106
2023-01-25 00:00:00+05:30,388.34,417.62,380.21,406.37,593413
2023-01-27 00:00:00+05:30,407.82,407.82,384.81,386.81,106979
2023-01-30 00:00:00+05:30,390.2,397.54,378.86,383.09,151303
2023-01-31 00:00:00+05:30,383.09,386.43,379.28,381.51,66653
2023-02-01 00:00:00+05:30,382.62,390.43,370.91,375.51,155430
2023-02-02 00:00:00+05:30,379.09,381.97,373.7,375.79,25649
2023-02-03 00:00:00+05:30,376.49,378.21,364.4,368.21,50111
2023-02-06 00:00:00+05:30,369.93,369.98,358.45,361.99,23598
2023-02-07 00:00:00+05:30,358.83,367.1,358.83,362.54,30748
2023-02-08 00:00:00+05:30,363.43,372.44,352.41,364.64,54510
2023-02-09 00:00:00+05:30,362.54,367.94,353.43,358.69,42632
2023-02-10 00:00:00+05:30,355.39,364.59,355.39,361.89,26181
2023-02-13 00:00:00+05:30,362.54,365.01,355.11,357.57,41847
2023-02-14 00:00:00+05:30,358.31,361.61,354.64,356.78,23618
2023-02-15 00:00:00+05:30,356.04,360.68,353.25,357.94,22601
2023-02-16 00:00:00+05:30,358.08,360.45,353.9,355.2,22133
2023-02-17 00:00:00+05:30,354.92,356.46,344.0,348.83,39335
2023-02-20 00:00:00+05:30,349.85,352.83,346.09,348.65,18947
2023-02-21 00:00:00+05:30,350.6,351.39,344.88,345.72,19265
2023-02-22 00:00:00+05:30,344.0,355.01,339.4,343.91,106279
2023-02-23 00:00:00+05:30,344.37,353.2,338.23,344.51,59251
2023-02-24 00:00:00+05:30,345.16,347.07,336.47,339.21,30930
2023-02-27 00:00:00+05:30,339.86,340.84,330.98,334.05,41560
2023-02-28 00:00:00+05:30,335.59,338.28,330.05,335.4,32313
2023-03-01 00:00:00+05:30,334.61,343.91,332.84,337.72,36634
2023-03-02 00:00:00+05:30,338.37,345.63,337.91,339.58,30043
2023-03-03 00:00:00+05:30,341.02,342.51,334.66,336.98,44175
2023-03-06 00:00:00+05:30,337.68,349.81,337.68,341.16,49063
2023-03-08 00:00:00+05:30,340.88,346.28,337.77,342.46,32451
2023-03-09 00:00:00+05:30,344.93,347.11,339.49,343.58,39445
2023-03-10 00:00:00+05:30,343.16,343.91,336.1,337.44,27612
2023-03-13 00:00:00+05:30,339.3,339.3,327.22,332.38,46480
2023-03-14 00:00:00+05:30,330.01,343.95,327.87,343.21,123673
2023-03-15 00:00:00+05:30,343.21,363.94,343.02,356.04,247220
2023-03-16 00:00:00+05:30,356.04,369.47,353.34,359.24,206216
2023-03-17 00:00:00+05:30,358.17,360.82,345.25,348.93,76907
2023-03-20 00:00:00+05:30,344.88,416.27,334.66,337.54,86187
2023-03-21 00:00:00+05:30,339.44,341.91,332.75,335.86,84159
2023-03-22 00:00:00+05:30,339.12,343.39,334.84,339.26,36614
2023-03-23 00:00:00+05:30,340.56,352.5,339.3,342.42,104946
2023-03-24 00:00:00+05:30,343.02,344.7,333.73,338.33,69701
2023-03-27 00:00:00+05:30,335.91,335.91,318.95,321.22,58303
2023-03-28 00:00:00+05:30,321.18,329.96,314.34,318.62,142146
2023-03-29 00:00:00+05:30,317.92,321.5,304.07,313.04,124056
2023-03-31 00:00:00+05:30,314.16,316.48,300.17,304.4,156531
2023-04-03 00:00:00+05:30,310.49,329.92,309.56,315.51,267443
2023-04-05 00:00:00+05:30,315.51,318.11,312.3,313.88,43491
2023-04-06 00:00:00+05:30,315.13,322.48,312.62,314.81,80991
2023-04-10 00:00:00+05:30,315.88,318.62,312.35,315.09,49146
2023-04-11 00:00:00+05:30,317.78,323.59,312.62,314.86,74140
2023-04-12 00:00:00+05:30,316.34,339.07,314.81,336.05,319391
2023-04-13 00:00:00+05:30,337.86,366.91,336.52,348.51,733390
2023-04-17 00:00:00+05:30,348.6,350.13,338.79,341.4,81230
2023-04-18 00:00:00+05:30,344.14,356.64,341.07,348.65,121286
2023-04-19 00:00:00+05:30,349.9,352.04,343.02,347.35,63068
2023-04-20 00:00:00+05:30,347.62,350.04,342.65,344.0,51276
2023-04-21 00:00:00+05:30,345.35,346.88,339.3,340.7,30247
2023-04-24 00:00:00+05:30,340.7,342.46,336.79,337.44,51025
2023-04-25 00:00:00+05:30,335.03,337.07,331.87,334.1,41664
2023-04-26 00:00:00+05:30,334.75,342.19,333.31,335.86,57395
2023-04-27 00:00:00+05:30,335.77,338.0,329.17,332.29,67482
2023-04-28 00:00:00+05:30,333.73,356.97,331.91,349.99,162773
2023-05-02 00:00:00+05:30,353.06,367.94,353.02,355.53,181455
2023-05-03 00:00:00+05:30,357.2,361.43,345.63,350.32,76472
2023-05-04 00:00:00+05:30,350.23,357.52,344.32,348.32,65313
2023-05-05 00:00:00+05:30,350.6,357.57,350.37,352.88,49277
2023-05-08 00:00:00+05:30,354.92,359.52,349.62,350.97,51388
2023-05-09 00:00:00+05:30,351.02,355.8,348.69,351.16,63374
2023-05-10 00:00:00+05:30,351.39,360.68,348.09,353.29,83177
2023-05-11 00:00:00+05:30,354.18,399.73,349.81,383.32,1022939
2023-05-12 00:00:00+05:30,383.32,408.98,372.77,378.67,981985
2023-05-15 00:00:00+05:30,377.28,380.86,353.25,354.32,336455
2023-05-16 00:00:00+05:30,356.97,359.76,348.6,351.11,157569
2023-05-17 00:00:00+05:30,352.27,353.25,340.23,342.09,151969
2023-05-18 00:00:00+05:30,347.35,348.14,338.47,342.51,108666
2023-05-19 00:00:00+05:30,342.51,343.95,334.98,336.98,75180
2023-05-22 00:00:00+05:30,338.19,342.23,331.5,333.4,95721
2023-05-23 00:00:00+05:30,336.7,340.98,332.8,334.33,127242
2023-05-24 00:00:00+05:30,334.33,336.05,331.03,332.61,77702
2023-05-25 00:00:00+05:30,332.56,336.84,332.56,333.59,44448
2023-05-26 00:00:00+05:30,332.89,340.0,332.89,335.31,55299
2023-05-29 00:00:00+05:30,336.98,339.12,333.26,334.28,47671
2023-05-30 00:00:00+05:30,334.66,337.44,333.45,334.33,38945
2023-05-31 00:00:00+05:30,334.33,336.14,328.29,329.03,76265
2023-06-01 00:00:00+05:30,331.73,332.01,328.15,329.03,54802
2023-06-02 00:00:00+05:30,331.4,334.05,328.2,329.08,93552
2023-06-05 00:00:00+05:30,331.03,332.75,328.2,329.4,60291
2023-06-06 00:00:00+05:30,329.45,334.47,325.55,326.8,109477
2023-06-07 00:00:00+05:30,327.5,332.8,326.52,329.22,173272
2023-06-08 00:00:00+05:30,331.4,334.66,328.15,329.59,104235
2023-06-09 00:00:00+05:30,330.47,334.56,327.54,330.98,81179
2023-06-12 00:00:00+05:30,331.08,334.28,327.27,328.15,78692
2023-06-13 00:00:00+05:30,329.08,331.63,327.41,329.17,75185
2023-06-14 00:00:00+05:30,331.36,335.82,328.15,331.96,77082
2023-06-15 00:00:00+05:30,332.15,365.7,332.01,349.58,1497134
2023-06-16 00:00:00+05:30,352.97,362.5,351.85,355.57,264720
2023-06-19 00:00:00+05:30,356.13,357.85,348.6,354.87,122243
2023-06-20 00:00:00+05:30,356.04,357.76,348.74,351.9,134951
2023-06-21 00:00:00+05:30,352.32,354.22,342.19,343.16,125264
2023-06-22 00:00:00+05:30,344.7,346.74,337.31,342.23,102073
2023-06-23 00:00:00+05:30,342.98,349.99,337.96,341.16,351773
2023-06-26 00:00:00+05:30,341.95,350.78,340.74,347.95,112907
2023-06-27 00:00:00+05:30,348.88,353.2,344.23,348.0,321194
2023-06-28 00:00:00+05:30,349.02,367.66,349.02,353.62,475927
2023-06-30 00:00:00+05:30,355.11,363.8,352.97,354.55,140917
2023-07-03 00:00:00+05:30,356.04,367.89,355.99,361.71,208635
2023-07-04 00:00:00+05:30,363.85,367.1,357.99,361.38,119156
2023-07-05 00:00:00+05:30,363.47,378.16,362.73,370.03,511521
2023-07-06 00:00:00+05:30,375.56,375.56,357.9,364.22,379443
2023-07-07 00:00:00+05:30,365.33,366.91,355.11,356.04,118339
2023-07-10 00:00:00+05:30,358.41,359.01,349.53,350.88,45539
2023-07-11 00:00:00+05:30,352.55,355.99,348.83,351.25,56925
2023-07-12 00:00:00+05:30,352.69,356.04,348.93,352.5,80205
2023-07-13 00:00:00+05:30,353.2,354.87,346.46,348.18,53413
2023-07-14 00:00:00+05:30,352.18,352.23,345.81,349.34,52334
2023-07-17 00:00:00+05:30,351.39,353.57,345.63,348.27,64486
2023-07-18 00:00:00+05:30,348.79,359.71,348.79,356.04,92758
2023-07-19 00:00:00+05:30,356.04,359.1,353.25,355.11,55961
2023-07-20 00:00:00+05:30,359.66,359.76,353.29,355.9,54633
2023-07-21 00:00:00+05:30,357.01,357.9,352.32,355.99,63216
2023-07-24 00:00:00+05:30,356.13,371.75,351.34,365.66,174777
2023-07-25 00:00:00+05:30,367.19,373.7,363.19,365.47,133057
2023-07-26 00:00:00+05:30,366.63,366.82,354.69,358.45,77149
2023-07-27 00:00:00+05:30,359.15,374.16,357.94,369.19,198192
2023-07-28 00:00:00+05:30,371.93,388.85,369.98,372.07,400347
2023-07-31 00:00:00+05:30,374.63,374.63,365.15,369.66,107178
2023-08-01 00:00:00+05:30,371.42,377.84,369.24,372.4,114702
2023-08-02 00:00:00+05:30,373.65,374.21,358.59,365.98,71579
2023-08-03 00:00:00+05:30,366.26,372.72,361.85,366.08,54486
2023-08-04 00:00:00+05:30,368.12,371.56,363.43,365.52,69946
2023-08-07 00:00:00+05:30,361.61,374.63,360.5,365.19,192416
2023-08-08 00:00:00+05:30,366.87,374.68,366.49,368.08,119411
2023-08-09 00:00:00+05:30,368.08,373.09,367.24,370.63,74904
2023-08-10 00:00:00+05:30,372.12,385.32,371.89,376.26,319306
2023-08-11 00:00:00+05:30,377.42,377.42,367.28,369.19,92529
2023-08-14 00:00:00+05:30,369.19,370.26,340.28,343.35,352751
2023-08-16 00:00:00+05:30,340.23,348.04,335.59,338.98,233606
2023-08-17 00:00:00+05:30,340.88,348.41,339.16,344.28,160351
2023-08-18 00:00:00+05:30,345.81,349.72,337.91,339.63,111071
2023-08-21 00:00:00+05:30,340.61,342.93,325.41,327.5,224799
2023-08-22 00:00:00+05:30,330.47,333.08,328.85,331.63,66662
2023-08-23 00:00:00+05:30,333.73,350.46,332.61,347.16,226998
2023-08-24 00:00:00+05:30,348.32,349.25,341.16,342.09,74546
2023-08-25 00:00:00+05:30,341.07,343.63,335.86,339.49,46499
2023-08-28 00:00:00+05:30,340.23,344.14,339.21,341.26,57079
2023-08-29 00:00:00+05:30,342.37,344.46,340.23,342.09,71044
2023-08-30 00:00:00+05:30,343.95,343.95,339.82,341.4,70800
2023-08-31 00:00:00+05:30,341.4,343.12,333.54,335.31,115016
2023-09-01 00:00:00+05:30,337.44,338.1,332.42,333.26,92278
2023-09-04 00:00:00+05:30,334.8,339.26,333.77,334.89,60991
2023-09-05 00:00:00+05:30,336.56,342.98,335.03,340.19,97421
2023-09-06 00:00:00+05:30,341.4,344.56,338.23,340.33,98411
2023-09-07 00:00:00+05:30,340.93,348.97,340.7,343.3,279569
2023-09-08 00:00:00+05:30,345.72,345.72,341.3,343.53,72900
2023-09-11 00:00:00+05:30,344.88,344.88,334.1,336.19,180165
2023-09-12 00:00:00+05:30,336.75,340.74,328.33,331.63,90572
2023-09-13 00:00:00+05:30,331.4,344.88,331.4,342.84,225914
2023-09-14 00:00:00+05:30,343.39,344.23,338.79,339.68,96381
2023-09-15 00:00:00+05:30,341.95,344.18,338.84,339.63,75212
2023-09-18 00:00:00+05:30,339.58,341.67,334.33,335.26,72023
2023-09-20 00:00:00+05:30,335.07,337.12,331.4,332.42,73341
2023-09-21 00:00:00+05:30,334.33,335.12,330.1,331.59,33475
2023-09-22 00:00:00+05:30,331.96,333.54,324.62,325.64,81871
2023-09-25 00:00:00+05:30,329.36,330.98,326.29,327.78,39705
2023-09-26 00:00:00+05:30,329.82,335.59,328.2,333.87,44227
2023-09-27 00:00:00+05:30,334.61,335.68,329.92,330.84,34683
2023-09-28 00:00:00+05:30,331.77,337.91,325.45,327.31,63012
2023-09-29 00:00:00+05:30,328.15,334.01,328.15,332.01,54012
2023-10-03 00:00:00+05:30,331.77,331.77,326.99,328.47,28956
2023-10-04 00:00:00+05:30,329.08,331.54,325.82,327.54,41736
2023-10-05 00:00:00+05:30,328.52,332.1,326.34,328.15,46770
2023-10-06 00:00:00+05:30,329.31,329.78,321.46,323.13,69911
2023-10-09 00:00:00+05:30,321.27,321.55,313.65,314.9,85412
2023-10-10 00:00:00+05:30,316.99,320.71,314.2,315.32,65068
2023-10-11 00:00:00+05:30,316.2,320.76,312.9,314.48,65657
2023-10-12 00:00:00+05:30,317.5,317.5,313.28,314.25,38454
2023-10-13 00:00:00+05:30,314.3,322.11,313.28,320.25,131484
2023-10-16 00:00:00+05:30,317.97,321.04,317.18,318.62,53077
2023-10-17 00:00:00+05:30,319.04,320.53,314.07,316.25,66297
2023-10-18 00:00:00+05:30,316.25,318.57,311.42,311.93,77768
2023-10-19 00:00:00+05:30,310.49,313.18,308.12,308.81,61443
2023-10-20 00:00:00+05:30,308.81,310.81,305.84,306.35,50583
2023-10-23 00:00:00+05:30,306.86,311.42,292.82,294.36,96091
2023-10-25 00:00:00+05:30,300.26,300.31,288.18,291.66,178843
2023-10-26 00:00:00+05:30,290.96,292.55,279.02,282.04,138012
2023-10-27 00:00:00+05:30,282.74,291.34,281.81,287.29,111535
2023-10-30 00:00:00+05:30,289.11,293.01,282.32,287.76,69585
2023-10-31 00:00:00+05:30,287.99,290.59,282.78,283.95,39694
2023-11-01 00:00:00+05:30,288.18,288.18,265.87,276.88,281472
2023-11-02 00:00:00+05:30,281.67,332.24,276.28,318.76,3078369
2023-11-03 00:00:00+05:30,319.32,323.22,311.46,317.6,318992
2023-11-06 00:00:00+05:30,316.99,316.99,300.77,304.07,197489
2023-11-07 00:00:00+05:30,307.7,317.92,304.58,313.93,283348
2023-11-08 00:00:00+05:30,312.72,319.6,311.93,312.81,97333
2023-11-09 00:00:00+05:30,313.46,316.11,306.4,307.42,61847
2023-11-10 00:00:00+05:30,307.65,310.3,302.45,305.05,64183
2023-11-12 00:00:00+05:30,308.58,311.18,306.77,308.21,19049
2023-11-13 00:00:00+05:30,310.9,323.87,308.21,322.71,192182
2023-11-15 00:00:00+05:30,316.99,322.71,313.14,314.9,125879
2023-11-16 00:00:00+05:30,315.92,322.57,313.97,316.9,73758
2023-11-17 00:00:00+05:30,317.92,326.2,317.74,318.81,111514
2023-11-20 00:00:00+05:30,319.6,321.83,309.65,312.21,64396
2023-11-21 00:00:00+05:30,310.53,317.88,308.16,310.95,80405
2023-11-22 00:00:00+05:30,312.35,320.53,309.09,311.46,76216
2023-11-23 00:00:00+05:30,312.53,315.13,309.6,310.9,37515
2023-11-24 00:00:00+05:30,312.44,319.83,310.58,311.65,99941
2023-11-28 00:00:00+05:30,313.28,315.51,310.53,311.93,63218
2023-11-29 00:00:00+05:30,312.39,316.9,310.3,311.0,66663
2023-11-30 00:00:00+05:30,314.11,316.02,311.37,314.58,44597
2023-12-01 00:00:00+05:30,316.62,319.69,313.79,315.32,87020
2023-12-04 00:00:00+05:30,316.53,317.6,309.28,310.67,116419
2023-12-05 00:00:00+05:30,313.0,313.97,306.91,309.28,76011
2023-12-06 00:00:00+05:30,309.56,314.11,309.56,311.56,75935
2023-12-07 00:00:00+05:30,313.23,313.93,310.02,310.86,51145
2023-12-08 00:00:00+05:30,311.83,314.34,308.16,309.0,40478
2023-12-11 00:00:00+05:30,309.56,313.74,309.14,310.21,62103
2023-12-12 00:00:00+05:30,310.44,314.07,307.7,308.63,49822
2023-12-13 00:00:00+05:30,310.49,313.0,306.77,308.21,75017
2023-12-14 00:00:00+05:30,311.46,313.65,308.63,310.35,99343
2023-12-15 00:00:00+05:30,313.28,313.28,303.14,305.47,110339
2023-12-18 00:00:00+05:30,307.28,311.04,306.86,307.65,55574
2023-12-19 00:00:00+05:30,308.63,310.63,306.4,308.49,70692
2023-12-20 00:00:00+05:30,309.56,312.21,295.61,297.56,122661
2023-12-21 00:00:00+05:30,303.0,303.0,295.19,300.59,65366
2023-12-22 00:00:00+05:30,300.59,311.18,300.54,305.88,99648
2023-12-26 00:00:00+05:30,306.02,356.97,305.93,349.48,4546283
2023-12-27 00:00:00+05:30,351.48,352.69,335.49,342.33,605029
2023-12-28 00:00:00+05:30,347.53,348.6,332.66,335.77,282689
2023-12-29 00:00:00+05:30,337.4,347.9,334.38,335.73,330969
2024-01-01 00:00:00+05:30,335.63,340.0,331.36,334.05,183205
2024-01-02 00:00:00+05:30,334.7,380.07,334.38,362.73,3673620
2024-01-03 00:00:00+05:30,367.19,399.17,362.73,389.78,2436252
2024-01-04 00:00:00+05:30,390.34,400.1,385.04,390.57,757992
2024-01-05 00:00:00+05:30,391.83,418.13,391.78,396.24,1187814
2024-01-08 00:00:00+05:30,394.29,402.7,376.58,378.72,545473
2024-01-09 00:00:00+05:30,380.21,394.1,380.21,383.41,369374
2024-01-10 00:00:00+05:30,384.9,388.39,379.46,381.09,172517
2024-01-11 00:00:00+05:30,382.07,385.97,380.39,384.11,122570
2024-01-12 00:00:00+05:30,385.6,389.46,384.81,387.22,180467
2024-01-15 00:00:00+05:30,387.22,410.6,386.71,401.59,777711
2024-01-16 00:00:00+05:30,401.59,402.52,393.73,400.7,245544
2024-01-17 00:00:00+05:30,397.31,406.42,389.13,403.17,285879
2024-01-18 00:00:00+05:30,402.01,405.21,391.73,396.1,224803
2024-01-19 00:00:00+05:30,394.29,398.98,379.04,380.72,231645
2024-01-20 00:00:00+05:30,384.34,392.52,380.25,381.09,95339
2024-01-23 00:00:00+05:30,383.41,383.41,345.76,357.85,252053
2024-01-24 00:00:00+05:30,358.83,378.35,358.83,370.35,168857
2024-01-25 00:00:00+05:30,370.91,371.33,359.43,361.34,116233
2024-01-29 00:00:00+05:30,365.8,370.91,356.87,365.05,184238
2024-01-30 00:00:00+05:30,365.33,366.63,358.08,360.17,113475
2024-01-31 00:00:00+05:30,361.38,365.89,354.92,357.25,143137
2024-02-01 00:00:00+05:30,360.64,372.72,357.85,364.36,450884
2024-02-02 00:00:00+05:30,366.73,375.56,364.59,372.44,162055
2024-02-05 00:00:00+05:30,376.3,378.77,367.66,369.33,138558
2024-02-06 00:00:00+05:30,370.91,374.77,363.57,365.98,84439
2024-02-07 00:00:00+05:30,367.19,370.68,363.33,364.87,73624
2024-02-08 00:00:00+05:30,363.47,376.53,361.94,369.52,158313
2024-02-09 00:00:00+05:30,370.91,374.91,357.9,361.15,97068
2024-02-12 00:00:00+05:30,365.05,365.05,344.0,347.86,104194
2024-02-13 00:00:00+05:30,357.38,363.38,340.33,358.08,94425
2024-02-14 00:00:00+05:30,356.08,371.7,325.36,335.68,613952
2024-02-15 00:00:00+05:30,325.36,373.42,325.36,364.12,1216156
2024-02-16 00:00:00+05:30,363.24,380.58,354.78,374.3,664419
2024-02-19 00:00:00+05:30,373.7,418.32,372.03,406.19,1556121
2024-02-20 00:00:00+05:30,406.24,441.89,405.31,431.33,2091544
2024-02-21 00:00:00+05:30,435.8,460.15,434.12,444.07,1942239
2024-02-22 00:00:00+05:30,442.54,452.72,435.56,449.88,606068
2024-02-23 00:00:00+05:30,449.0,470.84,447.97,454.11,535849
2024-02-26 00:00:00+05:30,451.41,452.53,435.1,439.47,202972
2024-02-27 00:00:00+05:30,441.47,450.86,423.53,426.83,172543
2024-02-28 00:00:00+05:30,429.48,440.63,402.7,406.33,233503
2024-02-29 00:00:00+05:30,405.35,426.69,405.17,413.72,244464
2024-03-01 00:00:00+05:30,416.46,429.48,416.46,420.97,197539
2024-03-02 00:00:00+05:30,421.67,433.19,421.11,429.43,28497
2024-03-04 00:00:00+05:30,431.52,433.33,414.56,419.48,147176
2024-03-05 00:00:00+05:30,419.48,422.64,408.33,412.42,111613
2024-03-06 00:00:00+05:30,412.74,413.07,385.69,392.48,272359
2024-03-07 00:00:00+05:30,394.06,405.82,391.87,398.94,125751
2024-03-11 00:00:00+05:30,401.49,409.02,387.46,395.41,144870
2024-03-12 00:00:00+05:30,395.08,400.38,358.87,365.38,344458
2024-03-13 00:00:00+05:30,365.33,376.81,339.12,342.23,236481
2024-03-14 00:00:00+05:30,344.37,369.38,340.14,363.43,196598
2024-03-15 00:00:00+05:30,366.26,367.7,346.74,355.25,160544
2024-03-18 00:00:00+05:30,357.8,361.57,344.46,351.3,122481
2024-03-19 00:00:00+05:30,349.81,357.29,340.33,343.25,162288
2024-03-20 00:00:00+05:30,345.63,353.57,330.1,348.32,265947
2024-03-21 00:00:00+05:30,353.11,361.52,351.25,355.39,166035
2024-03-22 00:00:00+05:30,357.2,360.17,350.51,354.13,120367
2024-03-26 00:00:00+05:30,354.32,356.87,343.95,344.79,131399
2024-03-27 00:00:00+05:30,347.86,369.7,343.07,356.41,320450
2024-03-28 00:00:00+05:30,355.11,364.4,343.95,344.84,182020
2024-04-01 00:00:00+05:30,348.6,369.05,348.6,366.73,167624
2024-04-02 00:00:00+05:30,367.19,385.74,358.22,384.71,280692
2024-04-03 00:00:00+05:30,384.67,390.43,376.86,383.46,155559
2024-04-04 00:00:00+05:30,385.32,399.68,380.3,382.53,120542
2024-04-05 00:00:00+05:30,383.0,389.64,382.34,385.55,96656
2024-04-08 00:00:00+05:30,381.37,416.27,381.37,409.77,743836
2024-04-09 00:00:00+05:30,409.77,412.14,390.43,396.2,185083
2024-04-10 00:00:00+05:30,398.38,398.38,385.83,389.55,111786
2024-04-12 00:00:00+05:30,389.5,398.33,379.23,382.21,131034
2024-04-15 00:00:00+05:30,376.49,378.3,364.68,369.52,130104
2024-04-16 00:00:00+05:30,367.19,401.59,367.15,393.36,576886
2024-04-18 00:00:00+05:30,401.22,460.15,397.92,440.44,3347333
2024-04-19 00:00:00+05:30,436.91,520.39,428.78,512.91,6943178
2024-04-22 00:00:00+05:30,519.65,563.71,518.86,538.42,5369694
2024-04-23 00:00:00+05:30,534.52,534.52,502.45,509.05,620424
2024-04-24 00:00:00+05:30,509.05,528.01,489.29,512.77,693744
2024-04-25 00:00:00+05:30,513.14,531.73,506.63,521.32,308759
2024-04-26 00:00:00+05:30,522.48,524.29,497.57,504.17,215859
2024-04-29 00:00:00+05:30,506.12,523.32,488.55,490.5,182790
2024-04-30 00:00:00+05:30,491.2,508.49,490.5,495.15,206954
2024-05-02 00:00:00+05:30,494.5,506.63,485.44,495.66,192030
2024-05-03 00:00:00+05:30,497.61,521.46,492.46,514.63,536842
2024-05-06 00:00:00+05:30,515.93,522.9,492.69,502.36,216035
2024-05-07 00:00:00+05:30,502.36,505.66,470.94,476.93,251277
2024-05-08 00:00:00+05:30,478.05,487.06,466.75,469.82,233245
2024-05-09 00:00:00+05:30,470.8,479.63,452.85,460.57,340451
2024-05-10 00:00:00+05:30,460.15,462.85,431.33,457.69,471848
2024-05-13 00:00:00+05:30,460.43,496.17,451.23,485.3,666662
2024-05-14 00:00:00+05:30,501.94,512.81,492.55,508.17,640264
2024-05-15 00:00:00+05:30,488.0,506.6,478.65,487.8,609247
2024-05-16 00:00:00+05:30,489.7,500.0,475.55,481.7,173319
2024-05-17 00:00:00+05:30,481.7,493.0,481.7,486.65,101095
2024-05-18 00:00:00+05:30,486.85,488.15,480.35,484.1,18832
2024-05-21 00:00:00+05:30,488.0,503.0,485.0,487.35,243644
2024-05-22 00:00:00+05:30,489.0,491.95,473.0,485.35,127258
2024-05-23 00:00:00+05:30,485.35,488.5,466.2,470.25,131909
2024-05-24 00:00:00+05:30,473.5,475.5,460.35,463.6,89601
2024-05-27 00:00:00+05:30,468.75,468.8,452.0,455.25,112338
2024-05-28 00:00:00+05:30,455.25,457.45,435.35,437.75,119019
2024-05-29 00:00:00+05:30,437.75,455.25,425.0,429.1,268058
2024-05-30 00:00:00+05:30,421.35,435.0,412.55,416.5,296168
2024-05-31 00:00:00+05:30,417.0,422.0,408.15,418.1,108195
2024-06-03 00:00:00+05:30,425.45,428.7,401.35,407.45,137247
2024-06-04 00:00:00+05:30,405.0,406.6,366.7,374.75,281136
2024-06-05 00:00:00+05:30,385.95,407.2,368.3,395.35,202163
2024-06-06 00:00:00+05:30,404.0,434.8,390.95,424.7,228080
2024-06-07 00:00:00+05:30,428.85,435.45,423.55,429.95,122786
2024-06-10 00:00:00+05:30,430.0,449.8,430.0,431.9,115438
2024-06-11 00:00:00+05:30,431.9,444.45,429.1,436.25,107957
2024-06-12 00:00:00+05:30,436.25,445.45,434.9,440.6,98985
2024-06-13 00:00:00+05:30,443.8,448.95,435.2,438.6,63738
2024-06-14 00:00:00+05:30,438.6,442.85,432.0,435.55,78841
2024-06-18 00:00:00+05:30,435.55,441.25,428.0,429.95,64169
2024-06-19 00:00:00+05:30,431.0,433.95,417.15,420.3,132905
2024-06-20 00:00:00+05:30,422.7,452.4,420.15,448.2,284993
2024-06-21 00:00:00+05:30,449.8,470.5,445.3,452.55,337729
2024-06-24 00:00:00+05:30,453.0,458.4,445.25,453.1,99079
2024-06-25 00:00:00+05:30,450.0,460.05,449.95,457.25,126626
2024-06-26 00:00:00+05:30,457.25,502.95,455.0,481.35,909789
2024-06-27 00:00:00+05:30,481.0,499.9,472.4,495.4,503006
2024-06-28 00:00:00+05:30,503.95,544.9,503.95,544.9,770849
2024-07-01 00:00:00+05:30,565.0,594.0,556.35,577.5,1814943
2024-07-02 00:00:00+05:30,588.9,597.35,571.65,585.6,565811
2024-07-03 00:00:00+05:30,587.7,587.7,556.35,570.0,380491
2024-07-04 00:00:00+05:30,573.95,581.95,556.35,559.95,158790
2024-07-05 00:00:00+05:30,560.0,585.0,552.2,580.3,231279
2024-07-08 00:00:00+05:30,580.3,609.3,571.0,606.55,470472
2024-07-09 00:00:00+05:30,606.0,624.0,585.25,609.95,429121
2024-07-10 00:00:00+05:30,610.0,632.0,579.45,621.55,409826
2024-07-11 00:00:00+05:30,621.55,639.7,616.0,616.25,173347
2024-07-12 00:00:00+05:30,616.25,616.25,585.45,585.45,162434
2024-07-15 00:00:00+05:30,575.65,592.6,561.7,581.05,149484
2024-07-16 00:00:00+05:30,582.0,582.0,563.0,565.25,53266
2024-07-18 00:00:00+05:30,565.25,565.25,552.7,553.05,85468
2024-07-19 00:00:00+05:30,552.0,553.05,533.45,547.8,87290
2024-07-22 00:00:00+05:30,547.8,575.15,546.0,575.15,170253
2024-07-23 00:00:00+05:30,580.0,603.9,580.0,603.9,229319
2024-07-24 00:00:00+05:30,610.1,631.0,590.7,620.3,141858
2024-07-25 00:00:00+05:30,620.3,620.3,596.0,606.1,51572
2024-07-26 00:00:00+05:30,609.0,619.6,602.7,616.95,53198
2024-07-29 00:00:00+05:30,616.95,625.0,603.3,604.55,47610
2024-07-30 00:00:00+05:30,603.0,622.0,602.55,611.0,62232
2024-07-31 00:00:00+05:30,620.9,628.8,605.0,625.75,78347
2024-08-01 00:00:00+05:30,640.0,657.0,635.0,657.0,129553
2024-08-02 00:00:00+05:30,665.0,689.85,630.0,689.85,206646
2024-08-05 00:00:00+05:30,684.0,684.0,655.35,655.35,86556
2024-08-06 00:00:00+05:30,641.0,667.4,622.6,622.6,73795
2024-08-07 00:00:00+05:30,623.0,653.7,609.0,653.7,175517
2024-08-08 00:00:00+05:30,655.0,663.8,637.1,639.45,61122
2024-08-09 00:00:00+05:30,639.45,663.0,632.25,633.45,44887
2024-08-12 00:00:00+05:30,637.95,637.95,611.55,625.1,28994
2024-08-13 00:00:00+05:30,636.95,640.0,608.1,611.65,52882
2024-08-14 00:00:00+05:30,620.0,624.0,596.0,604.75,31879
2024-08-16 00:00:00+05:30,607.9,624.0,585.9,601.95,72046
2024-08-19 00:00:00+05:30,606.0,632.0,596.0,632.0,58767
2024-08-20 00:00:00+05:30,649.0,663.6,630.0,663.6,141009
2024-08-21 00:00:00+05:30,671.0,696.75,656.8,696.75,182007
2024-08-22 00:00:00+05:30,715.0,731.55,685.55,725.75,126217
2024-08-23 00:00:00+05:30,719.8,749.0,706.0,729.55,89615
2024-08-26 00:00:00+05:30,744.0,757.2,693.1,715.45,59756
2024-08-27 00:00:00+05:30,714.95,724.0,685.0,698.6,37057
2024-08-28 00:00:00+05:30,697.95,707.0,686.05,694.4,182481
2024-08-29 00:00:00+05:30,702.0,705.0,670.0,704.35,39756
2024-08-30 00:00:00+05:30,704.35,720.0,690.0,706.05,59195
2024-09-02 00:00:00+05:30,711.0,715.05,670.75,709.95,69967
2024-09-03 00:00:00+05:30,711.0,745.4,708.0,737.85,138966
2024-09-04 00:00:00+05:30,720.0,761.0,710.0,749.45,57509
2024-09-05 00:00:00+05:30,769.95,769.95,730.05,735.85,36298
2024-09-06 00:00:00+05:30,754.5,760.0,736.0,746.85,36408
2024-09-09 00:00:00+05:30,744.0,784.15,734.85,784.1,119851
2024-09-10 00:00:00+05:30,790.0,814.0,747.0,769.35,140921
2024-09-11 00:00:00+05:30,765.0,777.0,741.75,755.0,74962
2024-09-12 00:00:00+05:30,760.0,777.0,736.0,771.25,107801
2024-09-13 00:00:00+05:30,778.0,783.5,770.0,778.1,103267
2024-09-16 00:00:00+05:30,788.95,790.0,755.0,759.55,38712
2024-09-17 00:00:00+05:30,759.55,773.0,740.0,742.95,29418
2024-09-18 00:00:00+05:30,764.9,764.9,736.25,742.9,19732
2024-09-19 00:00:00+05:30,734.0,759.0,707.0,736.35,48361
2024-09-20 00:00:00+05:30,738.0,750.0,731.0,749.5,53616
2024-09-23 00:00:00+05:30,749.5,783.3,749.5,781.85,72922
2024-09-24 00:00:00+05:30,785.0,795.0,762.3,786.75,173238
2024-09-25 00:00:00+05:30,797.9,826.05,792.2,806.2,164576
2024-09-26 00:00:00+05:30,811.0,830.0,797.0,801.7,49554
2024-09-27 00:00:00+05:30,815.0,817.0,775.05,807.35,37320
2024-09-30 00:00:00+05:30,814.9,818.0,770.1,796.0,44019
2024-10-01 00:00:00+05:30,799.9,827.0,783.0,789.5,14846
2024-10-03 00:00:00+05:30,772.1,796.5,760.0,774.6,32871
2024-10-04 00:00:00+05:30,770.0,792.9,737.05,758.7,42841
2024-10-07 00:00:00+05:30,760.0,765.95,720.8,720.8,54315
2024-10-08 00:00:00+05:30,717.95,734.9,686.55,723.1,92389
2024-10-09 00:00:00+05:30,730.0,757.0,725.8,735.65,30901
2024-10-10 00:00:00+05:30,735.65,748.0,727.7,735.9,24865
2024-10-11 00:00:00+05:30,744.9,772.65,729.0,750.1,66335
2024-10-14 00:00:00+05:30,760.0,765.05,729.0,739.85,47902
2024-10-15 00:00:00+05:30,732.2,776.8,732.2,749.05,84191
2024-10-16 00:00:00+05:30,747.2,786.5,738.4,786.5,83253
2024-10-17 00:00:00+05:30,813.85,825.8,795.5,803.85,224767
2024-10-18 00:00:00+05:30,816.0,844.0,785.0,810.15,158329
2024-10-21 00:00:00+05:30,817.0,850.65,796.05,822.35,282991
2024-10-22 00:00:00+05:30,828.45,836.8,781.25,781.25,207252
2024-10-23 00:00:00+05:30,755.0,816.0,755.0,797.4,120089
2024-10-24 00:00:00+05:30,809.0,809.0,770.1,777.65,51324
2024-10-25 00:00:00+05:30,791.95,791.95,738.8,738.8,145406
2024-10-28 00:00:00+05:30,746.95,775.7,738.6,755.8,181222
2024-10-29 00:00:00+05:30,770.0,780.0,751.25,772.65,61361
2024-10-30 00:00:00+05:30,787.95,808.7,762.25,772.15,132172
2024-10-31 00:00:00+05:30,788.85,791.85,770.0,774.75,162104
2024-11-01 00:00:00+05:30,789.0,792.0,740.0,769.8,59801
2024-11-04 00:00:00+05:30,808.25,808.25,790.0,797.05,666455
2024-11-05 00:00:00+05:30,800.0,814.8,792.75,798.4,219257
2024-11-06 00:00:00+05:30,810.0,820.0,796.3,815.4,265459
2024-11-07 00:00:00+05:30,824.0,824.0,795.0,798.65,108345
2024-11-08 00:00:00+05:30,804.0,805.5,789.1,797.9,93542
2024-11-11 00:00:00+05:30,804.0,809.45,770.0,776.7,95100
2024-11-12 00:00:00+05:30,779.75,788.0,755.75,761.2,92074
2024-11-13 00:00:00+05:30,762.1,774.9,731.05,741.55,187775
2024-11-14 00:00:00+05:30,743.0,778.0,732.2,757.75,58039
2024-11-18 00:00:00+05:30,757.75,764.95,731.0,745.55,68311
2024-11-19 00:00:00+05:30,750.05,782.8,750.05,761.45,85429
2024-11-21 00:00:00+05:30,764.3,772.8,751.45,761.45,46465
2024-11-22 00:00:00+05:30,764.65,799.5,764.65,799.35,137257
2024-11-25 00:00:00+05:30,818.45,836.0,781.0,785.45,78643
2024-11-26 00:00:00+05:30,788.8,824.7,788.8,822.55,90455
2024-11-27 00:00:00+05:30,829.7,848.95,811.1,823.4,85470
2024-11-28 00:00:00+05:30,845.0,845.0,801.2,810.5,46027
2024-11-29 00:00:00+05:30,815.6,851.0,807.15,850.5,196321
2024-12-02 00:00:00+05:30,866.0,882.8,831.0,852.4,470336
2024-12-03 00:00:00+05:30,856.4,865.05,825.15,828.15,151706
2024-12-04 00:00:00+05:30,833.8,838.75,810.65,813.65,106210
2024-12-05 00:00:00+05:30,810.0,813.0,793.55,801.9,137263
2024-12-06 00:00:00+05:30,806.7,806.7,776.35,786.95,111177
2024-12-09 00:00:00+05:30,789.45,790.5,769.05,779.85,108901
2024-12-10 00:00:00+05:30,784.4,784.4,762.25,770.7,88304
2024-12-11 00:00:00+05:30,774.0,775.0,755.0,759.3,77616
2024-12-12 00:00:00+05:30,762.7,762.8,741.05,746.1,96545
2024-12-13 00:00:00+05:30,747.0,759.9,722.0,743.05,139747
2024-12-16 00:00:00+05:30,745.0,766.45,717.1,722.9,129302
2024-12-17 00:00:00+05:30,724.8,733.5,717.9,731.85,124947
2024-12-18 00:00:00+05:30,744.0,744.0,706.25,712.7,143016
2024-12-19 00:00:00+05:30,712.0,730.0,707.15,720.25,137359
2024-12-20 00:00:00+05:30,720.5,724.95,678.25,686.75,255602
2024-12-23 00:00:00+05:30,686.8,691.0,648.0,659.35,312737
2024-12-24 00:00:00+05:30,659.35,725.25,643.7,660.25,503036
2024-12-26 00:00:00+05:30,662.2,688.45,655.1,682.85,153770
2024-12-27 00:00:00+05:30,687.4,692.95,671.55,675.3,61455
2024-12-30 00:00:00+05:30,678.9,688.4,667.7,670.15,67984
2024-12-31 00:00:00+05:30,669.0,679.9,661.55,678.8,82281
2025-01-01 00:00:00+05:30,682.8,710.7,682.8,701.4,217911
2025-01-02 00:00:00+05:30,713.0,713.0,686.0,700.45,125417
2025-01-03 00:00:00+05:30,701.0,705.0,695.6,697.35,93015
2025-01-06 00:00:00+05:30,699.9,707.4,667.0,670.4,95385
2025-01-07 00:00:00+05:30,674.9,705.0,674.8,702.55,80566
2025-01-08 00:00:00+05:30,702.5,702.55,677.0,693.35,87049
2025-01-09 00:00:00+05:30,688.0,697.9,678.0,682.45,32624
2025-01-10 00:00:00+05:30,682.4,682.4,651.0,654.7,110209
2025-01-13 00:00:00+05:30,650.0,669.6,627.25,634.4,111583
2025-01-14 00:00:00+05:30,628.6,668.75,626.85,661.15,80578
2025-01-15 00:00:00+05:30,677.0,677.0,648.3,651.35,39228
2025-01-16 00:00:00+05:30,657.8,680.0,657.6,676.9,55430
2025-01-17 00:00:00+05:30,676.9,683.5,666.0,671.2,32082
2025-01-20 00:00:00+05:30,670.05,692.0,669.05,688.6,54890
2025-01-21 00:00:00+05:30,690.0,719.0,670.1,674.05,83511
2025-01-22 00:00:00+05:30,667.9,677.0,639.0,659.1,63077
2025-01-23 00:00:00+05:30,658.45,681.5,654.55,679.3,63588
2025-01-24 00:00:00+05:30,692.8,694.2,611.4,622.15,550514
2025-01-27 00:00:00+05:30,597.85,605.55,559.95,559.95,232787
2025-01-28 00:00:00+05:30,560.0,564.0,503.95,503.95,395836
2025-01-29 00:00:00+05:30,500.0,520.0,480.0,512.3,351040
2025-01-30 00:00:00+05:30,520.4,525.05,489.65,496.5,177673
2025-01-31 00:00:00+05:30,504.0,521.3,501.15,512.5,103423
2025-02-01 00:00:00+05:30,518.0,523.75,510.0,510.3,88311
2025-02-03 00:00:00+05:30,514.9,526.15,500.5,523.5,110488
2025-02-04 00:00:00+05:30,529.95,549.65,525.15,532.25,73449
2025-02-05 00:00:00+05:30,536.7,546.95,528.6,534.2,87545
2025-02-06 00:00:00+05:30,539.95,550.0,538.0,543.25,41934
2025-02-07 00:00:00+05:30,561.7,562.25,532.0,533.9,69639
2025-02-10 00:00:00+05:30,534.8,539.95,515.15,531.85,56135
2025-02-11 00:00:00+05:30,534.95,538.45,515.0,520.75,85316
2025-02-12 00:00:00+05:30,522.0,525.0,494.75,503.6,75536
2025-02-13 00:00:00+05:30,514.8,516.45,489.6,499.95,73421
2025-02-14 00:00:00+05:30,508.8,524.9,474.95,490.5,85339
2025-02-17 00:00:00+05:30,494.0,509.0,487.95,507.2,107789
2025-02-18 00:00:00+05:30,509.9,512.7,481.85,481.85,50739
2025-02-19 00:00:00+05:30,473.05,476.95,457.75,458.05,157561
2025-02-20 00:00:00+05:30,457.85,480.95,450.05,468.0,124151
2025-02-21 00:00:00+05:30,479.95,491.4,465.0,491.1,185641
2025-02-24 00:00:00+05:30,477.05,484.4,466.55,475.9,465925
2025-02-25 00:00:00+05:30,476.0,499.65,465.55,493.95,201818
2025-02-27 00:00:00+05:30,482.0,498.45,469.25,470.05,98602
2025-02-28 00:00:00+05:30,469.9,477.0,456.05,472.6,110892
2025-03-03 00:00:00+05:30,475.95,482.1,449.0,450.3,163649
2025-03-04 00:00:00+05:30,449.8,472.8,442.8,472.3,157624
2025-03-05 00:00:00+05:30,474.95,495.9,474.95,495.9,48029
2025-03-06 00:00:00+05:30,506.0,520.65,506.0,520.65,158964
2025-03-07 00:00:00+05:30,533.8,540.0,519.0,521.75,201429
2025-03-10 00:00:00+05:30,521.9,534.8,495.75,502.0,113702
2025-03-11 00:00:00+05:30,488.0,521.25,488.0,510.65,101695
2025-03-12 00:00:00+05:30,527.0,527.05,485.2,489.5,90219
2025-03-13 00:00:00+05:30,490.05,500.05,475.35,478.75,67601
2025-03-17 00:00:00+05:30,480.0,491.35,468.0,470.15,91400
2025-03-18 00:00:00+05:30,471.0,486.0,471.0,483.8,114024
2025-03-19 00:00:00+05:30,488.75,507.95,486.45,507.95,194660
2025-03-20 00:00:00+05:30,515.0,525.0,500.4,505.4,87962
2025-03-21 00:00:00+05:30,514.0,530.65,510.3,530.65,72939
2025-03-24 00:00:00+05:30,548.0,557.15,527.0,551.4,227017
2025-03-25 00:00:00+05:30,550.0,552.8,523.85,526.05,86728
2025-03-26 00:00:00+05:30,533.8,533.8,510.3,512.1,69280
2025-03-27 00:00:00+05:30,500.0,524.45,496.1,510.65,148025
2025-03-28 00:00:00+05:30,511.05,536.0,510.1,513.2,114816
2025-04-01 00:00:00+05:30,517.0,522.7,506.3,512.45,50207
2025-04-02 00:00:00+05:30,512.45,538.0,503.7,530.2,59539
2025-04-03 00:00:00+05:30,530.2,556.7,530.2,537.05,104933
2025-04-04 00:00:00+05:30,538.8,541.3,510.2,512.75,84148
2025-04-07 00:00:00+05:30,462.0,498.35,461.5,495.4,139676
2025-04-08 00:00:00+05:30,495.1,515.95,495.1,509.35,69519
2025-04-09 00:00:00+05:30,509.35,512.0,481.05,488.9,53174
2025-04-11 00:00:00+05:30,515.0,518.8,497.05,509.75,45658
2025-04-15 00:00:00+05:30,518.95,524.95,504.1,517.95,59589
2025-04-16 00:00:00+05:30,518.9,524.0,506.2,519.25,42236
2025-04-17 00:00:00+05:30,519.25,527.6,513.15,523.6,47862
2025-04-21 00:00:00+05:30,525.0,527.3,513.05,520.7,37558
2025-04-22 00:00:00+05:30,523.0,535.0,517.3,521.8,55850
2025-04-23 00:00:00+05:30,525.7,538.3,509.65,518.5,82402
2025-04-24 00:00:00+05:30,518.5,548.9,518.5,534.15,126161
2025-04-25 00:00:00+05:30,535.8,537.85,504.0,508.85,81619
2025-04-28 00:00:00+05:30,508.0,522.85,501.1,514.8,48647
2025-04-29 00:00:00+05:30,507.0,522.5,507.0,512.9,34926
2025-04-30 00:00:00+05:30,515.45,515.45,490.05,493.85,113724
2025-05-02 00:00:00+05:30,493.8,498.4,486.0,494.45,51258
2025-05-05 00:00:00+05:30,496.0,498.5,482.0,485.8,62737
2025-05-06 00:00:00+05:30,487.0,489.4,475.05,483.75,144738
2025-05-07 00:00:00+05:30,477.75,484.9,469.3,481.45,68598
2025-05-08 00:00:00+05:30,482.4,506.0,482.35,500.8,107976
2025-05-09 00:00:00+05:30,485.5,505.45,480.25,503.4,75590
2025-05-12 00:00:00+05:30,515.0,536.1,509.6,525.55,112608
2025-05-13 00:00:00+05:30,525.5,558.1,525.5,550.15,142405
2025-05-14 00:00:00+05:30,556.0,579.0,546.85,575.6,176858
2025-05-15 00:00:00+05:30,581.0,589.4,518.05,518.6,582051
2025-05-16 00:00:00+05:30,518.6,518.75,470.55,477.4,654142
2025-05-19 00:00:00+05:30,479.5,487.0,469.0,480.4,282503
2025-05-20 00:00:00+05:30,484.3,484.3,470.0,473.9,139314
2025-05-21 00:00:00+05:30,474.0,483.45,472.05,478.7,84506
2025-05-22 00:00:00+05:30,478.8,481.55,472.2,476.85,55763
2025-05-23 00:00:00+05:30,474.55,479.8,473.0,476.7,39899
2025-05-26 00:00:00+05:30,476.7,483.8,476.25,480.25,88824
2025-05-27 00:00:00+05:30,483.7,483.7,476.0,481.9,56778
2025-05-28 00:00:00+05:30,486.0,486.0,478.2,481.9,60583
2025-05-29 00:00:00+05:30,482.0,484.0,476.9,481.25,45596
2025-05-30 00:00:00+05:30,482.0,482.85,478.2,480.75,34764
2025-06-02 00:00:00+05:30,480.75,482.55,476.7,477.65,56728
2025-06-03 00:00:00+05:30,477.65,482.45,475.0,476.95,59621
2025-06-04 00:00:00+05:30,479.0,479.0,470.0,473.75,85393
2025-06-05 00:00:00+05:30,475.8,478.0,472.0,472.85,62620
2025-06-06 00:00:00+05:30,476.0,476.45,472.05,474.8,43587
2025-06-09 00:00:00+05:30,481.75,481.75,474.7,475.7,77313
2025-06-10 00:00:00+05:30,477.0,480.1,472.0,473.95,86999
2025-06-11 00:00:00+05:30,476.4,522.0,474.15,513.0,612846
2025-06-12 00:00:00+05:30,513.0,529.15,502.2,508.95,252039
2025-06-13 00:00:00+05:30,507.0,512.0,496.05,505.15,114237
2025-06-16 00:00:00+05:30,510.0,511.85,491.0,508.65,80593
2025-06-17 00:00:00+05:30,514.0,541.0,510.0,519.1,592264
2025-06-18 00:00:00+05:30,526.9,545.0,514.35,524.75,211618
2025-06-19 00:00:00+05:30,527.0,531.55,510.7,524.25,164113
2025-06-20 00:00:00+05:30,529.0,588.0,522.0,529.95,2067566
2025-06-23 00:00:00+05:30,527.0,544.15,525.5,534.35,186305
2025-06-24 00:00:00+05:30,539.7,554.8,532.0,550.0,192195
2025-06-25 00:00:00+05:30,550.25,650.0,550.25,635.4,2352072
2025-06-26 00:00:00+05:30,628.1,635.35,614.8,620.8,338699
2025-06-27 00:00:00+05:30,624.0,637.5,614.05,617.7,228802
2025-06-30 00:00:00+05:30,620.05,644.45,618.45,637.05,262692
2025-07-01 00:00:00+05:30,639.85,665.0,625.15,652.35,200236
2025-07-02 00:00:00+05:30,652.3,657.85,637.65,647.0,139050
2025-07-03 00:00:00+05:30,644.1,650.0,630.0,636.65,79206
2025-07-04 00:00:00+05:30,633.25,649.3,631.1,636.8,93108
2025-07-07 00:00:00+05:30,635.0,646.6,629.5,632.5,71025
2025-07-08 00:00:00+05:30,631.0,636.45,618.55,624.5,81304
2025-07-09 00:00:00+05:30,620.05,645.6,620.05,628.15,103710
2025-07-10 00:00:00+05:30,630.0,636.55,612.65,621.1,80387
2025-07-11 00:00:00+05:30,619.6,679.85,618.7,664.85,589713
2025-07-14 00:00:00+05:30,663.0,676.5,650.55,673.45,233110
2025-07-15 00:00:00+05:30,675.0,695.7,665.05,692.35,214150
2025-07-16 00:00:00+05:30,701.95,714.0,686.25,692.6,169893
2025-07-17 00:00:00+05:30,688.9,701.0,683.8,693.1,92069
2025-07-18 00:00:00+05:30,694.0,703.95,675.2,678.7,83798
2025-07-21 00:00:00+05:30,682.0,701.2,672.1,674.65,70355
2025-07-22 00:00:00+05:30,674.9,681.0,665.25,672.8,68802
2025-07-23 00:00:00+05:30,676.9,690.0,666.1,677.2,83905
2025-07-24 00:00:00+05:30,674.95,685.9,654.15,657.2,106365
2025-07-25 00:00:00+05:30,655.0,734.4,637.85,697.0,1026866
2025-07-28 00:00:00+05:30,701.0,703.8,641.35,657.25,293287
2025-07-29 00:00:00+05:30,657.2,657.2,638.6,645.15,108436
2025-07-30 00:00:00+05:30,651.6,670.9,645.85,651.9,124331
2025-07-31 00:00:00+05:30,638.05,657.0,638.05,641.85,88498
2025-08-01 00:00:00+05:30,643.8,664.5,597.1,604.4,212543
2025-08-04 00:00:00+05:30,608.8,622.9,596.45,616.1,109969
2025-08-05 00:00:00+05:30,617.8,619.05,589.55,594.8,91762
2025-08-06 00:00:00+05:30,605.0,605.0,572.25,586.0,170971
2025-08-07 00:00:00+05:30,589.85,608.0,577.55,598.8,104226
2025-08-08 00:00:00+05:30,607.95,607.95,581.2,587.8,71611
2025-08-11 00:00:00+05:30,585.0,598.25,580.15,593.05,48473
2025-08-12 00:00:00+05:30,593.05,607.9,591.05,603.55,85590
2025-08-13 00:00:00+05:30,608.95,614.9,601.0,605.3,54578
2025-08-14 00:00:00+05:30,605.35,610.6,590.7,597.1,37210
2025-08-18 00:00:00+05:30,597.3,610.0,596.0,605.85,39443
2025-08-19 00:00:00+05:30,612.0,654.4,610.0,645.35,253572
2025-08-20 00:00:00+05:30,651.8,655.45,626.3,630.15,152137
2025-08-21 00:00:00+05:30,629.9,645.0,625.5,630.55,67488
2025-08-22 00:00:00+05:30,630.0,638.9,625.15,631.6,53896
2025-08-25 00:00:00+05:30,631.6,647.55,621.5,626.4,58270
2025-08-26 00:00:00+05:30,625.9,626.0,601.2,608.05,64110
2025-08-28 00:00:00+05:30,610.0,620.55,602.6,612.1,59181
2025-08-29 00:00:00+05:30,615.0,625.0,607.2,612.95,45322
2025-09-01 00:00:00+05:30,616.95,641.9,603.6,634.75,94784
2025-09-02 00:00:00+05:30,642.7,642.7,626.8,630.6,44640
2025-09-03 00:00:00+05:30,639.0,690.0,634.65,675.75,472684
2025-09-04 00:00:00+05:30,678.0,680.9,656.75,666.25,103135
2025-09-05 00:00:00+05:30,668.9,681.0,656.1,664.75,137548
2025-09-08 00:00:00+05:30,670.9,688.0,657.75,679.55,113934
2025-09-09 00:00:00+05:30,684.95,706.05,671.25,678.45,179618
2025-09-10 00:00:00+05:30,685.9,685.9,660.1,663.95,79314
2025-09-11 00:00:00+05:30,665.0,691.05,662.2,674.1,102385
2025-09-12 00:00:00+05:30,680.9,682.05,666.7,677.55,56274
2025-09-15 00:00:00+05:30,684.9,685.0,670.0,679.25,64996
2025-09-16 00:00:00+05:30,684.0,707.0,665.1,675.45,133419
2025-09-17 00:00:00+05:30,684.0,684.0,675.05,679.05,51416
2025-09-18 00:00:00+05:30,680.0,693.1,676.2,686.5,78516
2025-09-19 00:00:00+05:30,683.4,694.85,670.5,675.15,123776
2025-09-22 00:00:00+05:30,672.05,675.95,657.75,660.5,55667
2025-09-23 00:00:00+05:30,662.0,664.65,651.15,655.9,78618
2025-09-24 00:00:00+05:30,652.3,657.0,638.5,643.15,89834
2025-09-25 00:00:00+05:30,646.0,712.0,633.4,672.4,951825
2025-09-26 00:00:00+05:30,660.0,660.0,610.0,615.3,367344
2025-09-29 00:00:00+05:30,617.05,625.0,611.2,617.65,109335
2025-09-30 00:00:00+05:30,615.5,620.3,597.0,602.95,96658
2025-10-01 00:00:00+05:30,603.6,611.0,592.85,605.35,127415
2025-10-03 00:00:00+05:30,605.1,621.0,604.0,616.1,136292
2025-10-06 00:00:00+05:30,619.95,619.95,608.95,612.0,53814
2025-10-07 00:00:00+05:30,612.0,614.25,593.0,599.45,117168
2025-10-08 00:00:00+05:30,601.0,603.9,591.0,594.4,84636
2025-10-09 00:00:00+05:30,599.9,604.0,590.0,595.45,104758
2025-10-10 00:00:00+05:30,596.5,610.0,596.05,601.25,114781
2025-10-13 00:00:00+05:30,601.25,602.95,591.0,594.7,93319
2025-10-14 00:00:00+05:30,595.0,595.05,577.4,581.35,156999
2025-10-15 00:00:00+05:30,584.9,585.05,575.5,580.3,92444
2025-10-16 00:00:00+05:30,580.3,596.75,580.3,592.0,79362
2025-10-17 00:00:00+05:30,590.0,603.4,590.0,597.95,146670
2025-10-20 00:00:00+05:30,595.0,598.35,588.0,591.55,31097
2025-10-21 00:00:00+05:30,591.55,602.8,590.35,600.1,22502
2025-10-23 00:00:00+05:30,600.0,603.0,590.3,595.0,98021
2025-10-24 00:00:00+05:30,595.0,602.0,588.1,591.15,72308
2025-10-27 00:00:00+05:30,591.95,594.9,585.9,590.2,73319
2025-10-28 00:00:00+05:30,591.0,594.6,582.1,588.15,62997
2025-10-29 00:00:00+05:30,590.1,600.05,583.1,595.1,59823
2025-10-30 00:00:00+05:30,596.0,615.8,591.25,603.45,124070
2025-10-31 00:00:00+05:30,603.0,604.75,592.0,599.8,65783
2025-11-03 00:00:00+05:30,603.0,647.0,594.75,631.9,708628
2025-11-04 00:00:00+05:30,631.0,647.0,612.2,617.15,185993
2025-11-06 00:00:00+05:30,502.3,575.0,502.3,562.7,814492
2025-11-07 00:00:00+05:30,562.7,582.9,559.3,565.05,207270
2025-11-10 00:00:00+05:30,565.9,572.55,546.0,551.2,159603
2025-11-11 00:00:00+05:30,551.0,552.05,532.05,540.1,131728
2025-11-12 00:00:00+05:30,546.1,557.05,536.35,554.2,81310
2025-11-13 00:00:00+05:30,559.65,576.3,548.45,570.65,115128
2025-11-14 00:00:00+05:30,562.0,595.85,562.0,572.95,106278
2025-11-17 00:00:00+05:30,572.9,578.0,565.15,574.9,55292
2025-11-18 00:00:00+05:30,570.0,578.15,565.15,573.6,56395
2025-11-19 00:00:00+05:30,570.0,579.4,560.6,570.5,88414
2025-11-20 00:00:00+05:30,569.7,575.0,554.4,563.0,64062
2025-11-21 00:00:00+05:30,565.9,565.9,544.35,547.7,59007
2025-11-24 00:00:00+05:30,546.5,546.85,520.0,523.9,75520
2025-11-25 00:00:00+05:30,521.2,526.5,516.05,521.95,91315
2025-11-26 00:00:00+05:30,525.0,525.0,518.05,523.75,72611
2025-11-27 00:00:00+05:30,523.75,527.9,517.75,519.0,41362
2025-11-28 00:00:00+05:30,519.95,521.85,509.4,514.25,55120
2025-12-01 00:00:00+05:30,514.6,524.35,510.0,517.0,133953
2025-12-02 00:00:00+05:30,520.0,530.0,515.1,525.45,66486
2025-12-03 00:00:00+05:30,527.95,580.0,524.55,557.65,1540744
2025-12-04 00:00:00+05:30,555.0,560.0,540.4,550.05,161796
2025-12-05 00:00:00+05:30,544.55,554.6,543.15,552.0,59424
2025-12-08 00:00:00+05:30,545.8,563.85,543.1,543.55,94731
2025-12-09 00:00:00+05:30,556.95,622.6,550.15,606.15,3824121
2025-12-10 00:00:00+05:30,606.6,641.0,599.85,607.05,1291820
2025-12-11 00:00:00+05:30,601.15,609.1,592.8,596.1,164197
2025-12-12 00:00:00+05:30,602.8,603.5,587.05,590.5,98377
2025-12-15 00:00:00+05:30,582.9,599.8,582.45,592.9,72655
2025-12-16 00:00:00+05:30,591.15,592.9,583.95,586.0,36031
2025-12-17 00:00:00+05:30,581.0,589.5,578.5,586.9,39229
2025-12-18 00:00:00+05:30,590.0,590.0,571.1,573.4,56539
2025-12-19 00:00:00+05:30,574.9,585.2,566.85,573.8,58997
2025-12-22 00:00:00+05:30,579.6,580.0,570.7,572.95,57672
2025-12-23 00:00:00+05:30,570.9,583.0,567.0,569.85,57506
2025-12-24 00:00:00+05:30,572.0,581.15,556.0,558.3,55072
2025-12-26 00:00:00+05:30,563.9,565.0,555.05,560.05,52513
2025-12-29 00:00:00+05:30,558.5,569.45,553.6,556.0,50360
2025-12-30 00:00:00+05:30,553.5,556.2,544.0,551.15,36996
2025-12-31 00:00:00+05:30,555.0,568.3,550.15,564.95,36930
2026-01-01 00:00:00+05:30,564.95,568.55,556.0,568.0,38667
2026-01-02 00:00:00+05:30,563.1,584.0,560.35,582.05,69927
2026-01-05 00:00:00+05:30,575.1,588.05,571.5,575.65,55110
2026-01-06 00:00:00+05:30,576.45,580.05,565.0,567.15,37997
2026-01-07 00:00:00+05:30,571.1,585.0,566.8,572.45,60355
2026-01-08 00:00:00+05:30,575.65,575.7,557.55,560.4,41346
2026-01-09 00:00:00+05:30,560.4,563.25,544.5,547.75,58056
2026-01-12 00:00:00+05:30,541.7,558.95,527.1,548.75,87269
2026-01-13 00:00:00+05:30,545.0,575.45,545.0,564.1,99490
2026-01-14 00:00:00+05:30,564.9,565.6,555.35,557.15,24058
2026-01-16 00:00:00+05:30,556.0,571.0,543.25,545.65,61302
2026-01-19 00:00:00+05:30,545.85,550.0,529.5,532.45,37354
2026-01-20 00:00:00+05:30,528.65,532.6,517.0,520.0,57101
2026-01-21 00:00:00+05:30,520.0,534.3,515.9,520.45,76272
2026-01-22 00:00:00+05:30,525.0,550.0,525.0,534.3,42993
2026-01-23 00:00:00+05:30,534.3,537.35,515.05,518.85,41018
2026-01-27 00:00:00+05:30,511.05,525.45,507.6,513.9,47685
2026-01-28 00:00:00+05:30,508.05,525.4,502.0,515.45,85424
2026-01-29 00:00:00+05:30,519.95,519.95,497.55,506.5,60085
2026-01-30 00:00:00+05:30,506.5,514.0,496.05,506.2,49346
2026-02-01 00:00:00+05:30,512.95,515.0,501.6,508.75,41420
2026-02-02 00:00:00+05:30,511.0,522.7,484.05,516.6,79945
2026-02-03 00:00:00+05:30,530.0,540.2,516.65,524.5,62373
2026-02-04 00:00:00+05:30,535.0,549.0,524.5,535.35,61302
2026-02-05 00:00:00+05:30,537.0,542.9,520.4,526.45,53574
2026-02-06 00:00:00+05:30,520.55,530.0,462.2,470.85,410541
2026-02-09 00:00:00+05:30,452.05,489.6,440.2,478.65,565764
2026-02-10 00:00:00+05:30,479.95,509.45,479.95,490.25,151423
2026-02-11 00:00:00+05:30,490.1,500.35,481.0,487.9,93147
2026-02-12 00:00:00+05:30,487.9,490.2,477.0,480.05,57860
2026-02-13 00:00:00+05:30,480.05,504.45,469.95,499.6,98574
2026-02-16 00:00:00+05:30,498.1,498.1,486.0,486.85,35776
2026-02-17 00:00:00+05:30,482.05,496.9,480.5,483.7,43523
2026-02-18 00:00:00+05:30,483.9,487.55,475.0,478.2,58814
2026-02-19 00:00:00+05:30,480.0,486.05,475.0,478.4,29112
2026-02-20 00:00:00+05:30,475.0,484.15,470.0,471.5,47584
2026-02-23 00:00:00+05:30,471.5,476.6,466.9,472.3,44922
2026-02-24 00:00:00+05:30,472.3,478.2,464.2,473.15,54255
2026-02-25 00:00:00+05:30,476.0,482.5,462.8,472.7,65419
2026-02-26 00:00:00+05:30,472.6,481.3,460.1,463.05,67261
2026-02-27 00:00:00+05:30,463.1,468.0,457.6,462.2,36104
2026-03-02 00:00:00+05:30,452.0,463.6,450.65,461.35,50896
2026-03-04 00:00:00+05:30,461.35,479.0,454.4,461.65,93872
2026-03-05 00:00:00+05:30,469.95,469.95,460.7,466.15,48534
2026-03-06 00:00:00+05:30,467.0,478.5,455.0,459.05,68464
2026-03-09 00:00:00+05:30,467.95,467.95,440.55,449.55,84825
2026-03-10 00:00:00+05:30,449.65,460.8,442.1,449.8,78775
2026-03-11 00:00:00+05:30,450.1,459.0,449.0,452.05,64903
2026-03-12 00:00:00+05:30,450.2,455.6,442.0,447.95,73923
2026-03-13 00:00:00+05:30,448.5,450.0,438.0,441.25,81207
2026-03-16 00:00:00+05:30,445.65,447.45,425.0,428.5,78575
2026-03-17 00:00:00+05:30,428.9,445.0,426.5,429.4,72011
2026-03-18 00:00:00+05:30,432.0,459.0,430.2,444.7,121042
2026-03-19 00:00:00+05:30,433.1,454.0,433.1,448.35,132368
2026-03-20 00:00:00+05:30,454.8,457.1,445.3,450.2,67246
2026-03-23 00:00:00+05:30,445.0,448.4,431.35,434.3,118707
2026-03-24 00:00:00+05:30,449.9,450.0,430.35,440.65,131319
2026-03-25 00:00:00+05:30,442.0,468.5,440.65,456.65,175253
2026-03-27 00:00:00+05:30,452.15,462.0,440.0,442.7,138398
2026-03-30 00:00:00+05:30,443.0,444.0,422.0,425.55,108149
2026-04-01 00:00:00+05:30,440.0,466.0,440.0,459.1,90326
2026-04-02 00:00:00+05:30,442.0,479.0,442.0,476.1,72314
2026-04-06 00:00:00+05:30,490.0,490.0,458.55,470.55,77915
2026-04-07 00:00:00+05:30,470.0,481.1,463.85,469.15,59380
2026-04-08 00:00:00+05:30,489.55,489.55,469.8,483.2,132581
2026-04-09 00:00:00+05:30,485.5,490.85,475.15,481.35,39850
2026-04-10 00:00:00+05:30,484.95,491.15,476.0,485.8,64490
2026-04-13 00:00:00+05:30,476.0,489.85,471.0,484.95,54216
2026-04-15 00:00:00+05:30,487.35,496.75,486.1,492.45,58755
2026-04-16 00:00:00+05:30,496.45,498.0,482.0,491.5,45741
2026-04-17 00:00:00+05:30,491.95,509.0,491.0,499.1,78077
2026-04-20 00:00:00+05:30,499.1,503.0,486.1,491.6,53949
2026-04-21 00:00:00+05:30,491.0,496.5,479.1,483.05,54321
2026-04-22 00:00:00+05:30,483.05,493.0,482.15,489.0,36289
2026-04-23 00:00:00+05:30,489.0,518.0,488.05,498.65,160508
2026-04-24 00:00:00+05:30,500.0,504.55,475.0,477.5,73360
2026-04-27 00:00:00+05:30,480.0,489.7,476.6,483.3,50504
2026-04-28 00:00:00+05:30,478.5,488.45,475.35,478.15,64978
2026-04-29 00:00:00+05:30,495.0,515.0,484.35,490.75,457634
2026-04-30 00:00:00+05:30,494.35,502.85,485.0,495.8,110111
2026-05-04 00:00:00+05:30,505.7,532.75,497.05,518.95,178721
2026-05-05 00:00:00+05:30,520.0,526.75,496.55,501.2,119396
2026-05-06 00:00:00+05:30,505.9,518.0,498.0,512.8,115970
2026-05-07 00:00:00+05:30,512.8,529.0,512.8,514.85,93949
2026-05-08 00:00:00+05:30,517.45,547.7,513.65,525.35,312368
2026-05-11 00:00:00+05:30,524.8,533.0,513.0,526.55,97350
2026-05-12 00:00:00+05:30,526.0,531.75,504.0,508.6,79295
2026-05-13 00:00:00+05:30,509.1,519.5,501.0,503.7,58833
2026-05-14 00:00:00+05:30,501.35,513.1,492.2,507.7,79606
2026-05-15 00:00:00+05:30,514.1,598.5,502.0,579.9,4013707
2026-05-18 00:00:00+05:30,574.55,578.8,546.65,561.35,466262
2026-05-19 00:00:00+05:30,559.85,593.0,554.9,582.65,294636
2026-05-20 00:00:00+05:30,581.95,606.4,558.4,573.65,385476
2026-05-21 00:00:00+05:30,580.0,580.0,558.55,564.25,183486
2026-05-22 00:00:00+05:30,565.6,565.6,543.1,548.1,161764
2026-05-25 00:00:00+05:30,546.25,559.45,543.75,554.25,162061
2026-05-26 00:00:00+05:30,557.0,562.95,553.0,558.5,89914
2026-05-27 00:00:00+05:30,561.95,566.95,542.35,545.8,129824
2026-05-29 00:00:00+05:30,540.25,554.4,525.0,532.7,182512
2026-06-01 00:00:00+05:30,532.7,583.0,530.3,547.4,364221
2026-06-02 00:00:00+05:30,538.5,554.45,537.35,543.05,104778
2026-06-03 00:00:00+05:30,542.05,545.45,534.05,538.85,82577
2026-06-04 00:00:00+05:30,533.0,559.95,533.0,543.25,125763
2026-06-05 00:00:00+05:30,549.0,553.2,532.0,534.85,98310
2026-06-08 00:00:00+05:30,536.0,553.0,520.1,524.9,126380
2026-06-09 00:00:00+05:30,525.15,605.0,525.15,580.0,2590677
2026-06-10 00:00:00+05:30,574.0,584.6,563.3,572.8,350913
2026-06-11 00:00:00+05:30,565.5,616.0,565.5,580.7,982658
2026-06-12 00:00:00+05:30,581.05,619.9,581.05,608.55,664223
2026-06-15 00:00:00+05:30,614.8,620.35,595.2,601.2,231686
2026-06-16 00:00:00+05:30,604.2,607.0,579.95,589.15,210850
2026-06-17 00:00:00+05:30,588.95,595.0,576.5,581.45,128475
2026-06-18 00:00:00+05:30,581.45,582.95,565.0,567.55,165062
2026-06-19 00:00:00+05:30,566.1,576.6,558.35,563.1,127675
2026-06-22 00:00:00+05:30,568.0,594.0,560.05,586.65,198064
2026-06-23 00:00:00+05:30,583.0,599.95,575.0,579.1,264528
2026-06-24 00:00:00+05:30,584.8,602.65,568.5,572.3,248404
2026-06-25 00:00:00+05:30,576.9,580.0,565.05,568.05,216961
2026-06-29 00:00:00+05:30,568.05,582.65,568.0,571.7,166120
2026-06-30 00:00:00+05:30,571.8,580.8,564.1,575.7,166524
2026-07-01 00:00:00+05:30,576.1,583.45,562.25,566.25,134524
2026-07-02 00:00:00+05:30,567.15,579.95,565.5,571.95,211961
2026-07-03 00:00:00+05:30,576.0,583.95,572.1,575.85,166642
2026-07-06 00:00:00+05:30,579.0,579.0,554.15,559.7,148661
2026-07-07 00:00:00+05:30,562.95,566.0,553.85,560.35,84947
2026-07-08 00:00:00+05:30,562.05,580.0,554.0,559.55,377285
2026-07-09 00:00:00+05:30,564.5,583.8,556.0,566.85,356917
2026-07-10 00:00:00+05:30,566.15,601.0,546.3,568.9,838612
2026-07-13 00:00:00+05:30,565.05,591.45,558.75,585.4,271939
2026-07-14 00:00:00+05:30,588.7,588.7,564.6,576.2,160998
2026-07-15 00:00:00+05:30,576.2,588.35,573.5,577.6,78911
2026-07-16 00:00:00+05:30,576.0,584.3,571.0,578.05,76119
2026-07-17 00:00:00+05:30,578.05,579.95,562.75,570.8,135987
2026-07-20 00:00:00+05:30,571.95,585.0,568.0,570.15,62736
2026-07-21 00:00:00+05:30,570.0,572.15,556.1,558.8,99368
2026-07-22 00:00:00+05:30,562.0,562.0,515.7,536.15,478328
2026-07-23 00:00:00+05:30,536.9,574.0,520.0,523.75,1642241
2026-07-24 00:00:00+05:30,521.0,529.7,487.0,491.95,612629
2026-07-27 00:00:00+05:30,493.0,509.15,471.55,505.0,579028
2026-07-28 00:00:00+05:30,504.35,509.0,495.2,507.0,193855
2026-07-29 00:00:00+05:30,509.95,516.5,501.3,506.2,113955
2026-07-30 00:00:00+05:30,508.95,518.95,502.3,508.0,155990
2026-07-31 00:00:00+05:30,510.0,516.0,506.75,513.55,114895
2026-08-03 00:00:00+05:30,522.85,523.65,513.0,515.85,111052
2026-08-04 00:00:00+05:30,518.85,522.8,514.05,520.65,128193
2026-08-05 00:00:00+05:30,523.95,523.95,511.2,514.65,83612
2026-08-06 00:00:00+05:30,514.15,522.3,509.0,511.1,84257
2026-08-07 00:00:00+05:30,511.15,514.3,497.6,502.6,149962
2026-08-10 00:00:00+05:30,502.6,527.55,500.8,514.2,213877
2026-08-11 00:00:00+05:30,514.6,520.0,504.0,508.7,131956
2026-08-12 00:00:00+05:30,514.2,515.2,503.0,505.6,57746
2026-08-13 00:00:00+05:30,506.0,522.0,506.0,518.35,113276
2026-08-14 00:00:00+05:30,515.75,527.0,509.05,512.3,76954
2026-08-17 00:00:00+05:30,506.0,513.3,501.95,509.1,75893
2026-08-18 00:00:00+05:30,509.1,559.8,509.1,549.05,673349
2026-08-19 00:00:00+05:30,548.7,556.65,543.6,550.05,121098
2026-08-20 00:00:00+05:30,551.95,654.4,551.95,640.0,6915687
2026-08-21 00:00:00+05:30,625.9,638.5,609.0,616.9,732550
2026-08-24 00:00:00+05:30,618.0,653.9,616.9,629.1,613372
2026-08-25 00:00:00+05:30,629.95,652.2,622.65,628.55,347879
2026-08-26 00:00:00+05:30,630.0,638.0,615.0,617.3,316316
2026-08-27 00:00:00+05:30,619.05,620.45,601.2,611.85,235721
2026-08-28 00:00:00+05:30,613.0,634.4,610.3,623.7,192812
2026-08-31 00:00:00+05:30,626.0,642.45,615.35,632.65,225921
2026-09-01 00:00:00+05:30,637.5,674.0,627.5,643.45,1068143
2026-09-02 00:00:00+05:30,647.9,649.8,632.35,640.35,350170
2026-09-03 00:00:00+05:30,643.55,647.6,625.1,629.85,226118
2026-09-04 00:00:00+05:30,628.0,652.0,619.0,639.15,396998
2026-09-07 00:00:00+05:30,643.85,711.0,639.15,697.05,2187893
2026-09-08 00:00:00+05:30,708.0,719.0,683.05,701.8,800696
2026-09-09 00:00:00+05:30,700.0,707.95,688.05,690.5,271068
2026-09-10 00:00:00+05:30,691.0,749.8,690.0,707.25,1463549
2026-09-11 00:00:00+05:30,707.2,759.55,697.4,749.15,1159874
2026-09-15 00:00:00+05:30,761.45,774.0,711.1,715.8,696761
2026-09-16 00:00:00+05:30,715.0,730.0,669.0,711.5,730185
2026-09-17 00:00:00+05:30,722.15,750.0,715.95,741.7,504562
2026-09-18 00:00:00+05:30,741.7,750.4,730.0,742.05,260108
2026-09-21 00:00:00+05:30,740.0,765.0,735.0,753.25,535832
2026-09-22 00:00:00+05:30,753.4,763.0,739.55,744.55,260825
2026-09-23 00:00:00+05:30,744.55,759.5,715.0,722.9,491844
2026-09-24 00:00:00+05:30,726.0,752.9,715.0,727.35,322402
2026-09-25 00:00:00+05:30,734.55,757.9,732.0,739.15,287888
