Date,Open,High,Low,Close,Volume
2001-12-26 00:00:00+05:30,1.51,1.55,1.51,1.55,2290
2001-12-27 00:00:00+05:30,1.54,1.57,1.5,1.51,26724
2001-12-28 00:00:00+05:30,1.51,1.51,1.39,1.4,340777
2001-12-31 00:00:00+05:30,1.5,1.54,1.46,1.51,111479
2002-01-01 00:00:00+05:30,1.57,1.57,1.52,1.53,39857
2002-01-02 00:00:00+05:30,1.3,1.56,1.3,1.54,67880
2002-01-03 00:00:00+05:30,1.76,1.76,1.48,1.54,94712
2002-01-04 00:00:00+05:30,1.7,1.7,1.51,1.53,147458
2002-01-07 00:00:00+05:30,1.76,1.76,1.51,1.51,110746
2002-01-08 00:00:00+05:30,1.76,1.76,1.51,1.53,33673
2002-01-09 00:00:00+05:30,1.7,1.7,1.5,1.51,177436
2002-01-10 00:00:00+05:30,1.52,1.57,1.52,1.55,45584
2002-01-11 00:00:00+05:30,1.7,1.7,1.49,1.49,126522
2002-01-14 00:00:00+05:30,1.69,1.69,1.54,1.54,96605
2002-01-15 00:00:00+05:30,1.54,1.57,1.53,1.53,28251
2002-01-16 00:00:00+05:30,1.83,1.83,1.51,1.52,52090
2002-01-17 00:00:00+05:30,1.52,1.56,1.52,1.54,84755
2002-01-18 00:00:00+05:30,1.56,1.62,1.53,1.56,351772
2002-01-21 00:00:00+05:30,1.54,1.57,1.53,1.55,129820
2002-01-22 00:00:00+05:30,1.51,1.58,1.51,1.57,184781
2002-01-23 00:00:00+05:30,1.63,1.69,1.6,1.63,999287
2002-01-24 00:00:00+05:30,1.67,1.67,1.6,1.63,431412
2002-01-25 00:00:00+05:30,1.8,1.8,1.64,1.65,141472
2002-01-28 00:00:00+05:30,1.58,1.7,1.58,1.64,92024
2002-01-29 00:00:00+05:30,1.64,1.7,1.6,1.62,149810
2002-01-30 00:00:00+05:30,1.64,1.64,1.61,1.61,102698
2002-01-31 00:00:00+05:30,1.64,1.64,1.61,1.62,64536
2002-02-01 00:00:00+05:30,1.32,1.64,1.32,1.61,78967
2002-02-04 00:00:00+05:30,1.77,1.92,1.63,1.83,1340034
2002-02-05 00:00:00+05:30,1.83,1.92,1.7,1.72,568364
2002-02-06 00:00:00+05:30,1.74,1.83,1.74,1.77,382406
2002-02-07 00:00:00+05:30,1.8,1.96,1.8,1.81,631159
2002-02-08 00:00:00+05:30,1.87,1.94,1.82,1.89,1068237
2002-02-11 00:00:00+05:30,1.96,1.96,1.9,1.94,716159
2002-02-12 00:00:00+05:30,1.93,1.95,1.9,1.91,839993
2002-02-13 00:00:00+05:30,1.94,1.96,1.88,1.89,187454
2002-02-14 00:00:00+05:30,1.9,2.13,1.89,2.09,1132605
2002-02-15 00:00:00+05:30,2.19,2.37,2.12,2.31,2220176
2002-02-18 00:00:00+05:30,2.68,2.78,2.49,2.64,4205236
2002-02-19 00:00:00+05:30,2.68,2.74,2.4,2.46,2274908
2002-02-20 00:00:00+05:30,2.62,2.62,2.3,2.42,1481705
2002-02-21 00:00:00+05:30,2.44,2.55,2.42,2.46,941684
2002-02-22 00:00:00+05:30,2.46,2.61,2.46,2.54,1356252
2002-02-25 00:00:00+05:30,2.55,2.59,2.49,2.53,703316
2002-02-26 00:00:00+05:30,2.55,2.58,2.5,2.54,751634
2002-02-27 00:00:00+05:30,2.59,2.61,2.39,2.41,993026
2002-02-28 00:00:00+05:30,2.42,2.52,2.06,2.22,1262349
2002-03-01 00:00:00+05:30,2.28,2.39,2.23,2.29,531637
2002-03-04 00:00:00+05:30,2.42,2.42,2.24,2.31,578260
2002-03-05 00:00:00+05:30,2.27,2.72,2.27,2.58,3883395
2002-03-06 00:00:00+05:30,2.74,3.1,2.65,3.08,13829389
2002-03-07 00:00:00+05:30,3.21,3.4,3.11,3.14,11046133
2002-03-08 00:00:00+05:30,3.09,3.27,3.0,3.04,3165754
2002-03-11 00:00:00+05:30,3.03,3.17,2.92,2.95,2259881
2002-03-12 00:00:00+05:30,2.98,2.98,2.79,2.81,1838930
2002-03-13 00:00:00+05:30,2.75,2.94,2.75,2.84,1826606
2002-03-14 00:00:00+05:30,2.93,3.16,2.91,3.07,3488054
2002-03-15 00:00:00+05:30,3.14,3.18,2.98,3.12,2794282
2002-03-18 00:00:00+05:30,3.27,3.33,3.02,3.05,2131129
2002-03-19 00:00:00+05:30,3.11,3.12,2.88,2.92,1088700
2002-03-20 00:00:00+05:30,3.01,3.01,2.84,2.86,961934
2002-03-21 00:00:00+05:30,2.88,3.04,2.87,2.91,1660714
2002-03-22 00:00:00+05:30,2.93,2.93,2.82,2.83,613246
2002-03-26 00:00:00+05:30,2.85,2.93,2.68,2.72,475133
2002-03-27 00:00:00+05:30,2.76,2.82,2.63,2.79,461939
2002-03-28 00:00:00+05:30,2.86,2.95,2.77,2.88,553780
2002-04-01 00:00:00+05:30,3.03,3.03,2.8,2.85,735767
2002-04-02 00:00:00+05:30,2.94,2.94,2.82,2.84,490206
2002-04-03 00:00:00+05:30,2.82,2.86,2.78,2.84,254220
2002-04-04 00:00:00+05:30,2.88,2.89,2.81,2.83,385964
2002-04-05 00:00:00+05:30,2.85,2.86,2.79,2.81,671643
2002-04-08 00:00:00+05:30,2.89,2.89,2.79,2.82,479577
2002-04-09 00:00:00+05:30,2.82,2.86,2.8,2.83,362157
2002-04-10 00:00:00+05:30,2.8,2.87,2.72,2.74,566501
2002-04-11 00:00:00+05:30,2.78,2.83,2.75,2.77,772387
2002-04-12 00:00:00+05:30,2.82,2.85,2.75,2.76,563141
2002-04-15 00:00:00+05:30,2.83,2.88,2.78,2.8,1212122
2002-04-16 00:00:00+05:30,2.77,2.96,2.75,2.88,1506872
2002-04-17 00:00:00+05:30,2.94,2.94,2.82,2.82,764706
2002-04-18 00:00:00+05:30,2.91,2.91,2.81,2.81,410261
2002-04-19 00:00:00+05:30,2.79,2.83,2.75,2.77,370418
2002-04-22 00:00:00+05:30,2.78,2.81,2.73,2.76,330041
2002-04-23 00:00:00+05:30,2.75,2.83,2.75,2.77,265429
2002-04-24 00:00:00+05:30,2.84,2.86,2.76,2.81,411269
2002-04-25 00:00:00+05:30,2.82,2.93,2.78,2.8,802044
2002-04-26 00:00:00+05:30,2.84,2.95,2.84,2.86,1014558
2002-04-29 00:00:00+05:30,2.91,2.91,2.79,2.81,662221
2002-04-30 00:00:00+05:30,2.86,2.87,2.79,2.81,504576
2002-05-02 00:00:00+05:30,2.86,2.91,2.78,2.79,1112890
2002-05-03 00:00:00+05:30,2.85,2.86,2.65,2.81,785169
2002-05-06 00:00:00+05:30,2.83,2.83,2.72,2.76,643223
2002-05-07 00:00:00+05:30,2.74,2.78,2.7,2.72,481119
2002-05-08 00:00:00+05:30,2.75,2.81,2.73,2.76,816338
2002-05-09 00:00:00+05:30,2.78,2.83,2.73,2.76,474782
2002-05-10 00:00:00+05:30,2.72,2.8,2.72,2.75,331721
2002-05-13 00:00:00+05:30,2.8,2.8,2.69,2.71,508302
2002-05-14 00:00:00+05:30,2.78,2.78,2.59,2.61,584399
2002-05-15 00:00:00+05:30,2.59,2.6,2.5,2.53,414338
2002-05-16 00:00:00+05:30,2.53,2.59,2.46,2.49,405176
2002-05-17 00:00:00+05:30,2.43,2.48,2.4,2.43,509295
2002-05-20 00:00:00+05:30,2.44,2.44,2.23,2.24,482860
2002-05-21 00:00:00+05:30,1.97,2.19,1.96,2.09,917189
2002-05-22 00:00:00+05:30,2.14,2.23,2.1,2.16,381398
2002-05-23 00:00:00+05:30,2.19,2.19,2.13,2.16,123834
2002-05-24 00:00:00+05:30,2.26,2.35,2.23,2.33,535347
2002-05-27 00:00:00+05:30,2.36,2.48,2.26,2.35,1026088
2002-05-28 00:00:00+05:30,2.38,2.38,2.2,2.22,778175
2002-05-29 00:00:00+05:30,2.28,2.38,2.26,2.35,339494
2002-05-30 00:00:00+05:30,2.35,2.38,2.31,2.35,307470
2002-05-31 00:00:00+05:30,2.32,2.37,2.27,2.35,516197
2002-06-03 00:00:00+05:30,2.37,2.47,2.36,2.4,516121
2002-06-04 00:00:00+05:30,2.42,2.47,2.4,2.43,633312
2002-06-05 00:00:00+05:30,2.49,2.62,2.48,2.56,728620
2002-06-06 00:00:00+05:30,2.61,2.61,2.45,2.51,416828
2002-06-07 00:00:00+05:30,2.5,2.55,2.46,2.47,431259
2002-06-10 00:00:00+05:30,2.55,2.6,2.5,2.53,392852
2002-06-11 00:00:00+05:30,2.59,2.62,2.55,2.57,571540
2002-06-12 00:00:00+05:30,2.61,2.7,2.57,2.62,1343348
2002-06-13 00:00:00+05:30,2.67,2.75,2.62,2.71,1637716
2002-06-14 00:00:00+05:30,2.64,2.64,2.57,2.6,718556
2002-06-17 00:00:00+05:30,2.59,2.7,2.59,2.61,725459
2002-06-18 00:00:00+05:30,2.68,2.7,2.59,2.59,475240
2002-06-19 00:00:00+05:30,2.61,2.61,2.52,2.55,255792
2002-06-20 00:00:00+05:30,2.49,2.6,2.49,2.54,989895
2002-06-21 00:00:00+05:30,2.6,2.81,2.6,2.69,2726753
2002-06-24 00:00:00+05:30,2.78,2.79,2.66,2.68,736958
2002-06-25 00:00:00+05:30,2.72,2.74,2.59,2.64,518687
2002-06-26 00:00:00+05:30,2.58,2.64,2.57,2.58,642154
2002-06-27 00:00:00+05:30,2.61,2.62,2.57,2.58,131072
2002-06-28 00:00:00+05:30,2.64,2.67,2.49,2.56,620469
2002-07-01 00:00:00+05:30,2.59,2.78,2.59,2.73,1996009
2002-07-02 00:00:00+05:30,2.75,2.75,2.69,2.73,670788
2002-07-03 00:00:00+05:30,2.8,2.8,2.64,2.66,594417
2002-07-04 00:00:00+05:30,2.69,2.73,2.64,2.65,621844
2002-07-05 00:00:00+05:30,2.68,2.68,2.62,2.64,617323
2002-07-08 00:00:00+05:30,2.67,2.72,2.64,2.68,1065244
2002-07-09 00:00:00+05:30,2.72,2.73,2.66,2.66,669459
2002-07-10 00:00:00+05:30,2.7,2.7,2.6,2.62,984153
2002-07-11 00:00:00+05:30,2.67,2.67,2.59,2.61,558636
2002-07-12 00:00:00+05:30,2.49,2.65,2.49,2.6,425242
2002-07-15 00:00:00+05:30,2.62,2.62,2.53,2.54,260847
2002-07-16 00:00:00+05:30,2.54,2.57,2.51,2.52,356888
2002-07-17 00:00:00+05:30,2.55,2.55,2.39,2.44,457877
2002-07-18 00:00:00+05:30,2.45,2.53,2.45,2.51,490572
2002-07-19 00:00:00+05:30,2.55,2.55,2.49,2.51,394898
2002-07-22 00:00:00+05:30,2.55,2.55,2.42,2.44,369349
2002-07-23 00:00:00+05:30,2.4,2.48,2.36,2.47,204176
2002-07-24 00:00:00+05:30,2.47,2.48,2.44,2.46,315808
2002-07-25 00:00:00+05:30,2.49,2.52,2.42,2.43,193104
2002-07-26 00:00:00+05:30,2.39,2.42,2.36,2.39,298827
2002-07-29 00:00:00+05:30,2.36,2.37,2.29,2.33,534187
2002-07-30 00:00:00+05:30,2.36,2.39,2.24,2.3,295406
2002-07-31 00:00:00+05:30,2.24,2.32,2.23,2.27,367807
2002-08-01 00:00:00+05:30,2.29,2.36,2.26,2.34,227968
2002-08-02 00:00:00+05:30,2.32,2.32,2.28,2.29,678210
2002-08-05 00:00:00+05:30,2.29,2.33,2.22,2.3,223570
2002-08-06 00:00:00+05:30,2.24,2.32,2.24,2.29,252433
2002-08-07 00:00:00+05:30,2.29,2.32,2.28,2.29,166929
2002-08-08 00:00:00+05:30,2.27,2.3,2.26,2.28,223326
2002-08-09 00:00:00+05:30,2.24,2.32,2.17,2.3,446393
2002-08-12 00:00:00+05:30,2.32,2.32,2.23,2.23,163554
2002-08-13 00:00:00+05:30,2.32,2.32,2.25,2.28,101034
2002-08-14 00:00:00+05:30,2.29,2.31,2.25,2.28,124078
2002-08-16 00:00:00+05:30,2.31,2.31,2.26,2.29,89397
2002-08-19 00:00:00+05:30,2.36,2.36,2.29,2.31,179192
2002-08-20 00:00:00+05:30,2.29,2.33,2.29,2.32,55129
2002-08-21 00:00:00+05:30,2.33,2.34,2.3,2.33,48715
2002-08-22 00:00:00+05:30,2.34,2.36,2.31,2.31,116443
2002-08-23 00:00:00+05:30,2.31,2.43,2.31,2.37,449050
2002-08-26 00:00:00+05:30,2.4,2.45,2.36,2.38,245881
2002-08-27 00:00:00+05:30,2.36,2.38,2.33,2.35,301453
2002-08-28 00:00:00+05:30,2.32,2.33,2.29,2.3,156300
2002-08-29 00:00:00+05:30,2.32,2.32,2.23,2.25,231924
2002-08-30 00:00:00+05:30,2.32,2.34,2.28,2.32,99186
2002-09-02 00:00:00+05:30,2.36,2.36,2.27,2.27,148130
2002-09-03 00:00:00+05:30,2.32,2.36,2.28,2.28,85992
2002-09-04 00:00:00+05:30,2.26,2.29,2.26,2.28,78875
2002-09-05 00:00:00+05:30,2.29,2.29,2.24,2.28,123391
2002-09-06 00:00:00+05:30,2.35,2.35,2.26,2.28,214148
2002-09-09 00:00:00+05:30,2.32,2.34,2.25,2.25,80097
2002-09-11 00:00:00+05:30,2.26,2.29,2.23,2.26,169617
2002-09-12 00:00:00+05:30,2.29,2.29,2.24,2.26,883852
2002-09-13 00:00:00+05:30,2.28,2.29,2.26,2.27,161874
2002-09-16 00:00:00+05:30,2.29,2.29,2.26,2.27,118351
2002-09-17 00:00:00+05:30,2.26,2.27,2.23,2.25,79822
2002-09-18 00:00:00+05:30,2.25,2.25,2.2,2.21,93536
2002-09-19 00:00:00+05:30,2.18,2.22,2.18,2.19,163249
2002-09-20 00:00:00+05:30,2.23,2.23,2.13,2.18,72843
2002-09-23 00:00:00+05:30,2.16,2.25,2.16,2.17,203718
2002-09-24 00:00:00+05:30,2.17,2.18,2.1,2.12,169388
2002-09-25 00:00:00+05:30,2.1,2.15,2.1,2.12,59634
2002-09-26 00:00:00+05:30,2.13,2.15,2.12,2.12,149199
2002-09-27 00:00:00+05:30,2.12,2.15,2.11,2.12,130614
2002-09-30 00:00:00+05:30,2.11,2.12,2.08,2.11,109387
2002-10-01 00:00:00+05:30,2.1,2.1,2.06,2.08,118581
2002-10-03 00:00:00+05:30,2.04,2.1,2.04,2.07,144435
2002-10-04 00:00:00+05:30,2.09,2.1,2.07,2.08,93139
2002-10-07 00:00:00+05:30,1.83,2.15,1.83,2.1,77577
2002-10-08 00:00:00+05:30,2.13,2.13,2.1,2.11,48119
2002-10-09 00:00:00+05:30,2.04,2.12,2.04,2.08,126216
2002-10-10 00:00:00+05:30,2.0,2.1,2.0,2.06,47462
2002-10-11 00:00:00+05:30,2.15,2.15,2.06,2.08,90008
2002-10-14 00:00:00+05:30,2.03,2.12,2.03,2.07,75852
2002-10-16 00:00:00+05:30,2.1,2.1,2.05,2.06,90054
2002-10-17 00:00:00+05:30,2.14,2.19,2.04,2.07,152758
2002-10-18 00:00:00+05:30,2.06,2.08,2.03,2.04,305867
2002-10-21 00:00:00+05:30,2.05,2.07,2.03,2.04,311227
2002-10-22 00:00:00+05:30,2.06,2.07,2.01,2.03,268651
2002-10-23 00:00:00+05:30,2.04,2.05,2.0,2.02,125636
2002-10-24 00:00:00+05:30,2.16,2.19,2.0,2.03,194143
2002-10-25 00:00:00+05:30,2.12,2.12,2.0,2.02,157980
2002-10-28 00:00:00+05:30,2.03,2.08,1.99,2.05,144801
2002-10-29 00:00:00+05:30,2.04,2.08,2.04,2.05,158942
2002-10-30 00:00:00+05:30,2.08,2.08,2.03,2.04,195486
2002-10-31 00:00:00+05:30,2.06,2.06,2.02,2.03,87885
2002-11-01 00:00:00+05:30,2.06,2.08,2.01,2.05,116061
2002-11-04 00:00:00+05:30,2.18,2.18,2.03,2.1,94574
2002-11-05 00:00:00+05:30,2.06,2.07,2.04,2.05,84220
2002-11-07 00:00:00+05:30,2.02,2.08,2.02,2.03,357224
2002-11-08 00:00:00+05:30,2.02,2.02,1.95,1.97,284884
2002-11-11 00:00:00+05:30,1.98,2.02,1.95,1.96,184476
2002-11-12 00:00:00+05:30,1.96,1.99,1.94,1.97,185728
2002-11-13 00:00:00+05:30,1.97,1.98,1.87,1.9,481776
2002-11-14 00:00:00+05:30,1.9,1.93,1.89,1.91,328239
2002-11-15 00:00:00+05:30,1.93,1.96,1.93,1.95,173465
2002-11-18 00:00:00+05:30,1.94,1.98,1.94,1.95,279860
2002-11-20 00:00:00+05:30,2.0,2.01,1.93,1.94,275202
2002-11-21 00:00:00+05:30,1.98,1.98,1.94,1.95,211659
2002-11-22 00:00:00+05:30,1.96,2.02,1.96,1.98,652249
2002-11-25 00:00:00+05:30,2.0,2.06,2.0,2.03,385506
2002-11-26 00:00:00+05:30,2.03,2.09,2.03,2.06,422356
2002-11-27 00:00:00+05:30,2.07,2.21,2.05,2.14,947487
2002-11-28 00:00:00+05:30,2.16,2.19,2.15,2.18,568287
2002-11-29 00:00:00+05:30,2.19,2.19,2.13,2.14,279539
2002-12-02 00:00:00+05:30,2.18,2.21,2.16,2.17,847736
2002-12-03 00:00:00+05:30,2.19,2.2,2.14,2.14,495001
2002-12-04 00:00:00+05:30,2.13,2.15,2.1,2.12,173618
2002-12-05 00:00:00+05:30,2.12,2.17,2.12,2.14,235268
2002-12-06 00:00:00+05:30,2.14,2.22,2.14,2.18,423089
2002-12-09 00:00:00+05:30,2.23,2.29,2.2,2.23,2026185
2002-12-10 00:00:00+05:30,2.18,2.23,2.18,2.2,335753
2002-12-11 00:00:00+05:30,2.24,2.26,2.23,2.24,779168
2002-12-12 00:00:00+05:30,2.35,2.35,2.25,2.31,1727587
2002-12-13 00:00:00+05:30,2.33,2.38,2.32,2.36,981130
2002-12-16 00:00:00+05:30,2.39,2.42,2.32,2.34,1155573
2002-12-17 00:00:00+05:30,2.36,2.38,2.26,2.35,1038947
2002-12-18 00:00:00+05:30,2.44,2.44,2.34,2.38,1064831
2002-12-19 00:00:00+05:30,2.38,2.4,2.34,2.34,1176632
2002-12-20 00:00:00+05:30,2.3,2.38,2.3,2.33,465543
2002-12-23 00:00:00+05:30,2.38,2.38,2.32,2.35,350520
2002-12-24 00:00:00+05:30,2.38,2.38,2.32,2.34,473636
2002-12-26 00:00:00+05:30,2.39,2.39,2.36,2.37,620378
2002-12-27 00:00:00+05:30,2.31,2.37,2.31,2.35,493413
2002-12-30 00:00:00+05:30,2.35,2.36,2.31,2.33,383964
2002-12-31 00:00:00+05:30,2.35,2.46,2.33,2.38,965629
2003-01-01 00:00:00+05:30,2.39,2.45,2.36,2.37,515067
2003-01-02 00:00:00+05:30,2.39,2.4,2.32,2.34,636871
2003-01-03 00:00:00+05:30,2.36,2.36,2.31,2.31,354826
2003-01-06 00:00:00+05:30,2.35,2.35,2.26,2.28,535897
2003-01-07 00:00:00+05:30,2.3,2.31,2.26,2.28,211995
2003-01-08 00:00:00+05:30,2.3,2.37,2.28,2.29,183361
2003-01-09 00:00:00+05:30,2.3,2.34,2.29,2.32,536340
2003-01-10 00:00:00+05:30,2.41,2.46,2.32,2.34,1027142
2003-01-13 00:00:00+05:30,2.36,2.4,2.34,2.36,800273
2003-01-14 00:00:00+05:30,2.39,2.55,2.39,2.5,2068838
2003-01-15 00:00:00+05:30,2.46,2.61,2.39,2.6,2147698
2003-01-16 00:00:00+05:30,2.71,2.71,2.63,2.66,2289935
2003-01-17 00:00:00+05:30,2.7,2.7,2.61,2.63,1474314
2003-01-20 00:00:00+05:30,2.66,2.7,2.63,2.68,1950791
2003-01-21 00:00:00+05:30,2.68,2.83,2.68,2.8,3146009
2003-01-22 00:00:00+05:30,2.82,2.89,2.72,2.74,3255824
2003-01-23 00:00:00+05:30,2.77,2.84,2.65,2.68,2683947
2003-01-24 00:00:00+05:30,2.72,2.75,2.47,2.48,2678007
2003-01-27 00:00:00+05:30,2.44,2.48,2.31,2.41,3074234
2003-01-28 00:00:00+05:30,2.49,2.58,2.43,2.53,1331039
2003-01-29 00:00:00+05:30,2.51,2.61,2.46,2.49,1539232
2003-01-30 00:00:00+05:30,2.44,2.55,2.4,2.47,825287
2003-01-31 00:00:00+05:30,2.43,2.44,2.39,2.4,637833
2003-02-03 00:00:00+05:30,2.44,2.52,2.42,2.5,593958
2003-02-04 00:00:00+05:30,2.53,2.55,2.46,2.47,671719
2003-02-05 00:00:00+05:30,2.44,2.5,2.44,2.46,247393
2003-02-06 00:00:00+05:30,2.43,2.49,2.4,2.47,373579
2003-02-07 00:00:00+05:30,2.51,2.51,2.44,2.47,401251
2003-02-10 00:00:00+05:30,2.43,2.44,2.36,2.38,429243
2003-02-11 00:00:00+05:30,2.39,2.4,2.33,2.35,304920
2003-02-12 00:00:00+05:30,2.36,2.39,2.32,2.33,359652
2003-02-14 00:00:00+05:30,2.34,2.34,2.26,2.27,347771
2003-02-17 00:00:00+05:30,2.37,2.42,2.35,2.41,216087
2003-02-18 00:00:00+05:30,2.46,2.46,2.4,2.41,184797
2003-02-19 00:00:00+05:30,2.42,2.5,2.42,2.46,694183
2003-02-20 00:00:00+05:30,2.51,2.57,2.46,2.52,1459883
2003-02-21 00:00:00+05:30,2.5,2.51,2.46,2.49,308402
2003-02-24 00:00:00+05:30,2.52,2.55,2.47,2.48,508638
2003-02-25 00:00:00+05:30,2.48,2.48,2.39,2.4,397876
2003-02-26 00:00:00+05:30,2.48,2.48,2.39,2.43,584139
2003-02-27 00:00:00+05:30,2.38,2.49,2.38,2.49,527559
2003-02-28 00:00:00+05:30,2.52,2.55,2.42,2.5,2217503
2003-03-03 00:00:00+05:30,2.58,2.61,2.54,2.55,1896685
2003-03-04 00:00:00+05:30,2.61,2.61,2.49,2.5,437184
2003-03-05 00:00:00+05:30,2.49,2.49,2.43,2.48,488862
2003-03-06 00:00:00+05:30,2.46,2.5,2.43,2.44,501369
2003-03-07 00:00:00+05:30,2.39,2.44,2.38,2.39,580642
2003-03-10 00:00:00+05:30,2.4,2.42,2.37,2.38,474095
2003-03-11 00:00:00+05:30,2.36,2.39,2.32,2.38,688900
2003-03-12 00:00:00+05:30,2.32,2.43,2.32,2.4,628578
2003-03-13 00:00:00+05:30,2.42,2.44,2.37,2.38,481654
2003-03-17 00:00:00+05:30,2.36,2.36,2.33,2.34,532263
2003-03-19 00:00:00+05:30,2.42,2.42,2.31,2.32,511570
2003-03-20 00:00:00+05:30,2.29,2.34,2.26,2.33,538463
2003-03-21 00:00:00+05:30,2.25,2.42,2.25,2.38,601197
2003-03-22 00:00:00+05:30,2.39,2.42,2.38,2.4,254036
2003-03-24 00:00:00+05:30,2.32,2.39,2.32,2.35,343709
2003-03-25 00:00:00+05:30,2.31,2.36,2.31,2.34,378833
2003-03-26 00:00:00+05:30,2.35,2.38,2.33,2.33,235161
2003-03-27 00:00:00+05:30,2.34,2.38,2.34,2.36,147978
2003-03-28 00:00:00+05:30,2.32,2.41,2.32,2.37,317244
2003-03-31 00:00:00+05:30,2.36,2.39,2.33,2.33,499491
2003-04-01 00:00:00+05:30,2.36,2.37,2.33,2.35,327292
2003-04-02 00:00:00+05:30,2.39,2.44,2.37,2.42,971631
2003-04-03 00:00:00+05:30,2.45,2.55,2.45,2.52,850210
2003-04-04 00:00:00+05:30,2.53,2.65,2.53,2.63,1527839
2003-04-07 00:00:00+05:30,2.65,2.74,2.62,2.64,2032691
2003-04-08 00:00:00+05:30,2.6,2.64,2.57,2.62,1439893
2003-04-09 00:00:00+05:30,2.62,2.72,2.6,2.61,2262889
2003-04-10 00:00:00+05:30,2.61,2.65,2.54,2.61,1383221
2003-04-11 00:00:00+05:30,2.62,2.66,2.57,2.62,722618
2003-04-15 00:00:00+05:30,2.65,2.65,2.55,2.59,866290
2003-04-16 00:00:00+05:30,2.62,2.63,2.59,2.6,436436
2003-04-17 00:00:00+05:30,2.61,2.62,2.57,2.58,632640
2003-04-21 00:00:00+05:30,2.58,2.65,2.58,2.64,574640
2003-04-22 00:00:00+05:30,2.67,2.67,2.62,2.63,606343
2003-04-23 00:00:00+05:30,2.67,2.72,2.63,2.68,1356374
2003-04-24 00:00:00+05:30,2.69,2.75,2.68,2.7,1301260
2003-04-25 00:00:00+05:30,2.72,2.73,2.62,2.64,856914
2003-04-28 00:00:00+05:30,2.74,2.74,2.58,2.65,1269099
2003-04-29 00:00:00+05:30,2.68,2.68,2.59,2.59,936080
2003-04-30 00:00:00+05:30,2.56,2.61,2.54,2.56,1142669
2003-05-02 00:00:00+05:30,2.68,2.74,2.6,2.71,2421359
2003-05-05 00:00:00+05:30,2.73,2.88,2.72,2.87,4869641
2003-05-06 00:00:00+05:30,2.91,3.04,2.88,2.96,6683297
2003-05-07 00:00:00+05:30,2.98,3.04,2.89,2.91,2609821
2003-05-08 00:00:00+05:30,2.93,2.95,2.89,2.9,1736490
2003-05-09 00:00:00+05:30,2.85,2.94,2.85,2.89,1689516
2003-05-12 00:00:00+05:30,2.92,3.04,2.9,3.0,4203862
2003-05-13 00:00:00+05:30,3.04,3.11,2.98,2.99,5495074
2003-05-14 00:00:00+05:30,3.0,3.07,2.96,3.0,2257239
2003-05-15 00:00:00+05:30,3.04,3.2,2.99,3.15,6749101
2003-05-16 00:00:00+05:30,3.19,3.25,3.04,3.13,4662273
2003-05-19 00:00:00+05:30,3.11,3.14,3.0,3.03,2463950
2003-05-20 00:00:00+05:30,3.03,3.03,2.95,3.01,2629826
2003-05-21 00:00:00+05:30,3.07,3.14,3.04,3.05,3910196
2003-05-22 00:00:00+05:30,3.11,3.41,3.06,3.36,12902609
2003-05-23 00:00:00+05:30,3.44,3.51,3.34,3.48,12481139
2003-05-26 00:00:00+05:30,3.47,3.69,3.31,3.65,10862252
2003-05-27 00:00:00+05:30,3.73,3.77,3.51,3.56,8671458
2003-05-28 00:00:00+05:30,3.6,3.64,3.44,3.6,7572922
2003-05-29 00:00:00+05:30,3.61,3.83,3.61,3.65,9708740
2003-05-30 00:00:00+05:30,3.64,3.81,3.51,3.6,6466751
2003-06-02 00:00:00+05:30,3.54,3.57,3.28,3.39,5576470
2003-06-03 00:00:00+05:30,3.41,3.5,3.36,3.37,3386301
2003-06-04 00:00:00+05:30,3.41,3.5,3.39,3.41,1880849
2003-06-05 00:00:00+05:30,3.44,3.5,3.18,3.2,3643774
2003-06-06 00:00:00+05:30,3.24,3.27,3.11,3.14,2629170
2003-06-09 00:00:00+05:30,3.19,3.24,3.11,3.12,1625392
2003-06-10 00:00:00+05:30,3.01,3.08,2.94,2.96,2931921
2003-06-11 00:00:00+05:30,2.95,3.05,2.93,3.03,2416991
2003-06-12 00:00:00+05:30,3.06,3.26,3.06,3.19,6245074
2003-06-13 00:00:00+05:30,2.95,3.33,2.95,3.16,3081809
2003-06-16 00:00:00+05:30,3.15,3.21,3.08,3.1,1393163
2003-06-17 00:00:00+05:30,3.1,3.21,3.09,3.18,2120821
2003-06-18 00:00:00+05:30,3.21,3.23,3.12,3.15,1934848
2003-06-19 00:00:00+05:30,3.15,3.19,3.11,3.16,1331345
2003-06-20 00:00:00+05:30,3.18,3.18,3.12,3.14,1525595
2003-06-23 00:00:00+05:30,3.2,3.21,3.13,3.15,1145570
2003-06-24 00:00:00+05:30,3.13,3.16,3.09,3.12,745479
2003-06-25 00:00:00+05:30,3.18,3.23,3.13,3.19,1731099
2003-06-26 00:00:00+05:30,3.23,3.26,3.11,3.14,1636739
2003-06-27 00:00:00+05:30,3.22,3.22,3.12,3.15,1198897
2003-06-30 00:00:00+05:30,3.31,3.34,3.18,3.29,4026975
2003-07-01 00:00:00+05:30,3.32,3.32,3.24,3.27,1981028
2003-07-02 00:00:00+05:30,3.34,3.39,3.23,3.27,2131954
2003-07-03 00:00:00+05:30,3.14,3.3,3.09,3.23,4487952
2003-07-04 00:00:00+05:30,3.34,3.46,3.29,3.37,5180640
2003-07-07 00:00:00+05:30,3.43,3.62,3.37,3.59,9032439
2003-07-08 00:00:00+05:30,3.63,3.63,3.41,3.43,3763776
2003-07-09 00:00:00+05:30,3.53,3.54,3.31,3.35,1623071
2003-07-10 00:00:00+05:30,3.4,3.4,3.31,3.35,1705871
2003-07-11 00:00:00+05:30,3.31,3.46,3.27,3.32,1959190
2003-07-14 00:00:00+05:30,3.39,3.46,3.37,3.41,2272984
2003-07-15 00:00:00+05:30,3.45,3.45,3.31,3.35,1848367
2003-07-16 00:00:00+05:30,3.4,3.44,3.34,3.42,3056474
2003-07-17 00:00:00+05:30,3.44,3.53,3.31,3.38,4407503
2003-07-18 00:00:00+05:30,3.36,3.4,3.27,3.32,2204263
2003-07-21 00:00:00+05:30,3.39,3.42,3.28,3.31,3831290
2003-07-22 00:00:00+05:30,3.34,3.37,3.27,3.28,1559375
2003-07-23 00:00:00+05:30,3.31,3.36,3.28,3.29,1201753
2003-07-24 00:00:00+05:30,3.34,3.36,3.28,3.33,1027570
2003-07-25 00:00:00+05:30,3.37,3.39,3.33,3.36,1913911
2003-07-28 00:00:00+05:30,3.39,3.51,3.39,3.45,4230510
2003-07-29 00:00:00+05:30,3.47,3.49,3.41,3.45,3008354
2003-07-30 00:00:00+05:30,3.5,3.7,3.47,3.67,8662707
2003-07-31 00:00:00+05:30,3.7,3.74,3.47,3.5,6486054
2003-08-01 00:00:00+05:30,3.53,3.53,3.43,3.49,3107464
2003-08-04 00:00:00+05:30,3.46,3.57,3.4,3.56,3074906
2003-08-05 00:00:00+05:30,3.6,3.63,3.44,3.45,3461848
2003-08-06 00:00:00+05:30,3.43,3.49,3.36,3.38,1928465
2003-08-07 00:00:00+05:30,3.41,3.46,3.39,3.43,1372042
2003-08-08 00:00:00+05:30,3.46,3.48,3.38,3.39,1925151
2003-08-11 00:00:00+05:30,3.41,3.47,3.38,3.43,2031530
2003-08-12 00:00:00+05:30,2.87,3.48,2.87,3.35,1386642
2003-08-13 00:00:00+05:30,3.35,3.39,3.29,3.32,1234983
2003-08-14 00:00:00+05:30,3.59,3.93,3.52,3.62,7818820
2003-08-18 00:00:00+05:30,3.68,3.79,3.67,3.7,6534128
2003-08-19 00:00:00+05:30,3.73,3.8,3.62,3.65,2994579
2003-08-20 00:00:00+05:30,3.73,3.96,3.67,3.9,7187049
2003-08-21 00:00:00+05:30,4.04,4.06,3.85,3.88,5677199
2003-08-22 00:00:00+05:30,3.93,4.03,3.84,3.96,5614266
2003-08-25 00:00:00+05:30,4.04,4.04,3.61,3.66,4166142
2003-08-26 00:00:00+05:30,3.77,3.79,3.67,3.78,2471418
2003-08-27 00:00:00+05:30,3.92,3.92,3.75,3.84,2308077
2003-08-28 00:00:00+05:30,3.85,3.96,3.8,3.82,2042403
2003-08-29 00:00:00+05:30,3.99,3.99,3.68,3.69,1642557
2003-09-01 00:00:00+05:30,3.41,3.72,3.41,3.62,1184787
2003-09-02 00:00:00+05:30,3.62,3.68,3.57,3.64,1486760
2003-09-03 00:00:00+05:30,3.67,3.73,3.55,3.57,1872801
2003-09-04 00:00:00+05:30,3.59,3.63,3.53,3.55,1270290
2003-09-05 00:00:00+05:30,3.6,3.7,3.55,3.68,1190239
2003-09-08 00:00:00+05:30,3.99,3.99,3.75,3.84,3747405
2003-09-09 00:00:00+05:30,3.88,3.89,3.75,3.78,2842646
2003-09-10 00:00:00+05:30,3.74,3.83,3.74,3.79,1857622
2003-09-11 00:00:00+05:30,3.77,3.86,3.74,3.75,1955693
2003-09-12 00:00:00+05:30,3.81,3.81,3.67,3.69,1224034
2003-09-15 00:00:00+05:30,3.73,3.73,3.57,3.6,1681804
2003-09-16 00:00:00+05:30,3.6,3.7,3.54,3.65,1232082
2003-09-17 00:00:00+05:30,3.72,3.77,3.61,3.63,1194438
2003-09-18 00:00:00+05:30,3.62,3.63,3.49,3.52,957108
2003-09-19 00:00:00+05:30,3.57,3.59,3.42,3.48,1051118
2003-09-22 00:00:00+05:30,3.5,3.54,3.39,3.42,937943
2003-09-23 00:00:00+05:30,3.41,3.45,3.39,3.43,659686
2003-09-24 00:00:00+05:30,3.47,3.5,3.44,3.48,723077
2003-09-25 00:00:00+05:30,3.5,3.54,3.48,3.49,529682
2003-09-26 00:00:00+05:30,3.46,3.6,3.46,3.59,953489
2003-09-29 00:00:00+05:30,3.57,3.64,3.57,3.61,891915
2003-09-30 00:00:00+05:30,3.67,3.69,3.61,3.64,711990
2003-10-01 00:00:00+05:30,3.47,3.69,3.47,3.64,984734
2003-10-03 00:00:00+05:30,3.6,3.77,3.6,3.73,1244955
2003-10-06 00:00:00+05:30,3.77,3.78,3.73,3.75,1085279
2003-10-07 00:00:00+05:30,3.86,3.86,3.67,3.67,911081
2003-10-08 00:00:00+05:30,3.72,3.8,3.67,3.73,1233960
2003-10-09 00:00:00+05:30,3.74,3.79,3.7,3.74,1061594
2003-10-10 00:00:00+05:30,3.79,3.79,3.67,3.69,728040
2003-10-13 00:00:00+05:30,3.68,3.76,3.67,3.68,959719
2003-10-14 00:00:00+05:30,3.74,3.75,3.6,3.61,1099619
2003-10-15 00:00:00+05:30,3.67,3.67,3.6,3.64,780481
2003-10-16 00:00:00+05:30,3.67,3.76,3.64,3.69,1326672
2003-10-17 00:00:00+05:30,3.73,3.83,3.73,3.8,2788403
2003-10-20 00:00:00+05:30,3.86,3.86,3.73,3.74,2120943
2003-10-21 00:00:00+05:30,3.8,3.8,3.59,3.6,2119263
2003-10-22 00:00:00+05:30,3.63,3.69,3.57,3.59,965293
2003-10-23 00:00:00+05:30,3.57,3.73,3.57,3.65,1942224
2003-10-24 00:00:00+05:30,3.76,3.76,3.61,3.69,724482
2003-10-25 00:00:00+05:30,3.79,3.79,3.7,3.74,353070
2003-10-27 00:00:00+05:30,3.77,4.32,3.77,4.16,19216435
2003-10-28 00:00:00+05:30,4.25,4.26,3.99,4.01,6419441
2003-10-29 00:00:00+05:30,4.03,4.09,3.96,4.02,2974879
2003-10-30 00:00:00+05:30,4.12,4.25,4.03,4.15,6675677
2003-10-31 00:00:00+05:30,4.21,4.26,4.16,4.22,4030930
2003-11-03 00:00:00+05:30,4.26,4.33,4.1,4.15,5558511
2003-11-04 00:00:00+05:30,4.19,4.28,4.14,4.17,3343695
2003-11-05 00:00:00+05:30,4.26,4.26,4.13,4.15,3345145
2003-11-06 00:00:00+05:30,4.28,4.58,4.22,4.38,5772903
2003-11-07 00:00:00+05:30,4.39,4.41,4.2,4.22,2935525
2003-11-10 00:00:00+05:30,4.24,4.26,4.17,4.19,574625
2003-11-11 00:00:00+05:30,4.19,4.27,4.16,4.19,1070894
2003-11-12 00:00:00+05:30,4.24,4.27,4.14,4.16,1274582
2003-11-13 00:00:00+05:30,4.23,4.23,4.13,4.14,898635
2003-11-14 00:00:00+05:30,4.14,4.18,4.02,4.04,1019033
2003-11-15 00:00:00+05:30,4.04,4.14,4.0,4.1,361927
2003-11-17 00:00:00+05:30,4.03,4.16,3.93,4.1,574793
2003-11-18 00:00:00+05:30,4.16,4.16,4.09,4.12,632274
2003-11-19 00:00:00+05:30,4.16,4.21,4.03,4.06,1177105
2003-11-20 00:00:00+05:30,4.03,4.09,3.87,3.91,1125229
2003-11-21 00:00:00+05:30,3.9,3.92,3.75,3.84,1063564
2003-11-24 00:00:00+05:30,3.94,4.09,3.9,3.95,2079222
2003-11-25 00:00:00+05:30,4.13,4.13,3.96,4.01,730712
2003-11-27 00:00:00+05:30,4.04,4.09,4.03,4.03,760125
2003-11-28 00:00:00+05:30,4.05,4.17,4.05,4.11,2344331
2003-12-01 00:00:00+05:30,4.13,4.21,4.07,4.17,2182975
2003-12-02 00:00:00+05:30,4.26,4.31,4.14,4.26,2244457
2003-12-03 00:00:00+05:30,4.36,4.74,4.36,4.59,13245845
2003-12-04 00:00:00+05:30,4.74,4.81,4.53,4.57,5821481
2003-12-05 00:00:00+05:30,4.68,4.71,4.38,4.42,2942657
2003-12-08 00:00:00+05:30,4.45,4.51,4.39,4.46,2017603
2003-12-09 00:00:00+05:30,4.65,4.65,4.5,4.56,3306326
2003-12-10 00:00:00+05:30,4.58,4.62,4.47,4.54,3841399
2003-12-11 00:00:00+05:30,4.62,4.66,4.44,4.52,2088370
2003-12-12 00:00:00+05:30,4.55,4.62,4.54,4.57,2090508
2003-12-15 00:00:00+05:30,4.62,4.77,4.55,4.65,4208122
2003-12-16 00:00:00+05:30,4.71,4.95,4.57,4.89,7475889
2003-12-17 00:00:00+05:30,4.91,4.99,4.85,4.88,5977629
2003-12-18 00:00:00+05:30,4.91,5.4,4.83,5.23,9304771
2003-12-19 00:00:00+05:30,5.28,5.37,5.11,5.14,4926847
2003-12-22 00:00:00+05:30,5.24,5.3,5.12,5.21,3294552
2003-12-23 00:00:00+05:30,5.3,5.32,5.11,5.13,3052350
2003-12-24 00:00:00+05:30,5.23,5.24,5.14,5.19,1738766
2003-12-26 00:00:00+05:30,5.23,5.3,5.17,5.19,2230468
2003-12-29 00:00:00+05:30,5.3,5.42,5.18,5.39,5598277
2003-12-30 00:00:00+05:30,5.44,5.44,5.21,5.28,5415832
2003-12-31 00:00:00+05:30,4.71,5.29,4.71,5.18,1789313
2004-01-01 00:00:00+05:30,5.23,5.33,5.21,5.27,1421338
2004-01-02 00:00:00+05:30,5.4,5.49,5.27,5.43,4040994
2004-01-05 00:00:00+05:30,5.5,5.57,5.37,5.39,4042109
2004-01-06 00:00:00+05:30,5.41,5.52,5.24,5.27,2692331
2004-01-07 00:00:00+05:30,5.25,5.36,5.11,5.16,1905558
2004-01-08 00:00:00+05:30,5.24,5.56,5.22,5.3,1015872
2004-01-09 00:00:00+05:30,5.32,5.55,5.32,5.51,5116974
2004-01-12 00:00:00+05:30,5.55,5.55,5.4,5.47,2691339
2004-01-13 00:00:00+05:30,5.44,5.53,5.37,5.46,1764818
2004-01-14 00:00:00+05:30,5.48,5.82,5.44,5.73,5091853
2004-01-15 00:00:00+05:30,5.85,6.18,5.81,6.01,8940063
2004-01-16 00:00:00+05:30,6.06,6.21,5.99,6.02,6917985
2004-01-19 00:00:00+05:30,6.06,6.12,5.47,5.87,4508889
2004-01-20 00:00:00+05:30,5.89,6.01,5.64,5.69,1748982
2004-01-21 00:00:00+05:30,5.63,5.72,5.37,5.47,4085769
2004-01-22 00:00:00+05:30,5.51,5.56,4.79,4.95,2848968
2004-01-23 00:00:00+05:30,4.94,5.47,4.94,5.32,2061523
2004-01-27 00:00:00+05:30,5.46,5.55,5.38,5.52,1306483
2004-01-28 00:00:00+05:30,5.51,5.51,5.24,5.29,1482927
2004-01-29 00:00:00+05:30,5.3,5.3,5.11,5.14,1389727
2004-01-30 00:00:00+05:30,5.22,5.89,4.98,5.0,1287364
2004-02-03 00:00:00+05:30,5.09,5.09,4.58,4.68,1488928
2004-02-04 00:00:00+05:30,4.65,4.83,4.58,4.74,1596484
2004-02-05 00:00:00+05:30,4.77,4.88,4.7,4.75,1437892
2004-02-06 00:00:00+05:30,4.82,4.84,4.72,4.79,693282
2004-02-09 00:00:00+05:30,4.84,5.06,4.84,5.03,1644756
2004-02-10 00:00:00+05:30,5.11,5.12,4.92,4.99,1064465
2004-02-11 00:00:00+05:30,4.99,5.11,4.98,5.01,864015
2004-02-12 00:00:00+05:30,5.06,5.09,4.85,4.9,1132055
2004-02-13 00:00:00+05:30,4.88,4.96,4.85,4.94,665336
2004-02-16 00:00:00+05:30,4.96,5.17,4.96,5.09,1552625
2004-02-17 00:00:00+05:30,5.24,5.24,5.01,5.08,954207
2004-02-18 00:00:00+05:30,5.09,5.13,5.04,5.06,955718
2004-02-19 00:00:00+05:30,5.09,5.09,4.85,4.88,1227470
2004-02-20 00:00:00+05:30,4.9,4.91,4.79,4.83,872399
2004-02-23 00:00:00+05:30,4.91,4.91,4.74,4.78,602770
2004-02-24 00:00:00+05:30,4.72,4.79,4.63,4.65,1261464
2004-02-25 00:00:00+05:30,4.77,4.77,4.52,4.57,781642
2004-02-26 00:00:00+05:30,4.46,4.65,4.46,4.52,1081950
2004-02-27 00:00:00+05:30,4.52,4.58,4.4,4.53,809542
2004-03-01 00:00:00+05:30,5.24,5.24,4.55,4.63,669139
2004-03-03 00:00:00+05:30,4.62,4.68,4.62,4.62,1142791
2004-03-04 00:00:00+05:30,4.61,4.63,4.49,4.52,323963
2004-03-05 00:00:00+05:30,4.52,4.58,4.5,4.52,317000
2004-03-08 00:00:00+05:30,4.58,4.85,4.58,4.66,1678857
2004-03-09 00:00:00+05:30,4.59,4.7,4.55,4.6,1160108
2004-03-10 00:00:00+05:30,4.64,4.64,4.54,4.56,625203
2004-03-11 00:00:00+05:30,4.58,4.58,4.43,4.45,773838
2004-03-12 00:00:00+05:30,4.41,4.49,4.34,4.45,717915
2004-03-15 00:00:00+05:30,4.55,4.67,4.39,4.41,650951
2004-03-16 00:00:00+05:30,4.39,4.39,4.23,4.25,829288
2004-03-17 00:00:00+05:30,4.34,4.7,4.3,4.54,3224594
2004-03-18 00:00:00+05:30,4.58,4.88,4.42,4.54,13125814
2004-03-19 00:00:00+05:30,4.61,4.68,4.52,4.55,4346434
2004-03-22 00:00:00+05:30,4.64,4.64,4.3,4.33,1679651
2004-03-23 00:00:00+05:30,4.32,4.37,4.1,4.16,1848291
2004-03-24 00:00:00+05:30,4.13,4.35,4.1,4.24,2291477
2004-03-25 00:00:00+05:30,4.29,4.4,4.26,4.35,1360788
2004-03-26 00:00:00+05:30,4.39,4.5,4.37,4.44,1767063
2004-03-29 00:00:00+05:30,4.41,4.62,4.41,4.59,1619161
2004-03-30 00:00:00+05:30,4.64,4.9,4.58,4.63,6386196
2004-03-31 00:00:00+05:30,4.68,4.83,4.63,4.72,2519232
2004-04-01 00:00:00+05:30,4.78,5.01,4.75,4.96,5663210
2004-04-02 00:00:00+05:30,5.11,5.14,4.92,5.04,3288657
2004-04-05 00:00:00+05:30,5.11,5.23,5.07,5.1,3648768
2004-04-06 00:00:00+05:30,5.11,5.17,4.98,5.03,2156540
2004-04-07 00:00:00+05:30,5.03,5.2,4.98,5.11,2345171
2004-04-08 00:00:00+05:30,5.16,5.49,5.06,5.3,6651426
2004-04-12 00:00:00+05:30,5.36,5.44,5.31,5.33,3117681
2004-04-13 00:00:00+05:30,5.36,5.45,5.14,5.39,3163403
2004-04-15 00:00:00+05:30,5.43,5.53,5.34,5.42,2899944
2004-04-16 00:00:00+05:30,5.44,5.63,5.44,5.51,3406765
2004-04-17 00:00:00+05:30,5.55,5.68,5.47,5.61,1979333
2004-04-19 00:00:00+05:30,5.57,5.69,5.44,5.5,2571047
2004-04-20 00:00:00+05:30,5.54,5.54,5.28,5.33,1964658
2004-04-21 00:00:00+05:30,5.35,5.48,5.3,5.42,1643122
2004-04-22 00:00:00+05:30,5.47,5.63,5.38,5.56,2622160
2004-04-23 00:00:00+05:30,5.61,5.73,5.53,5.58,2968588
2004-04-27 00:00:00+05:30,5.48,5.5,5.11,5.15,2422703
2004-04-28 00:00:00+05:30,5.04,6.12,4.72,5.06,2269502
2004-04-29 00:00:00+05:30,5.12,5.21,5.0,5.05,1333635
2004-04-30 00:00:00+05:30,5.09,5.15,5.05,5.09,1450185
2004-05-03 00:00:00+05:30,5.11,5.11,4.85,4.92,1592345
2004-05-04 00:00:00+05:30,4.97,5.1,4.97,5.07,1191979
2004-05-05 00:00:00+05:30,5.1,5.24,5.08,5.14,1301153
2004-05-06 00:00:00+05:30,5.24,5.3,5.19,5.24,1824269
2004-05-07 00:00:00+05:30,5.25,5.37,5.15,5.2,2519843
2004-05-10 00:00:00+05:30,5.12,5.22,5.01,5.12,981374
2004-05-11 00:00:00+05:30,4.74,5.04,4.73,4.81,1721494
2004-05-12 00:00:00+05:30,4.82,4.97,4.75,4.89,1200669
2004-05-13 00:00:00+05:30,4.67,5.11,4.52,4.8,2340803
2004-05-14 00:00:00+05:30,4.9,4.9,4.0,4.12,2890002
2004-05-17 00:00:00+05:30,3.94,3.94,3.3,3.34,3533806
2004-05-18 00:00:00+05:30,3.4,3.99,3.4,3.91,1969437
2004-05-19 00:00:00+05:30,4.32,4.32,3.98,4.19,2442754
2004-05-20 00:00:00+05:30,4.32,4.39,4.11,4.19,1774470
2004-05-21 00:00:00+05:30,4.18,4.21,3.94,4.16,1313783
2004-05-24 00:00:00+05:30,4.31,4.33,4.16,4.21,886143
2004-05-25 00:00:00+05:30,4.13,4.19,4.06,4.11,630747
2004-05-26 00:00:00+05:30,4.22,4.23,4.13,4.14,463359
2004-05-27 00:00:00+05:30,4.09,4.25,4.06,4.12,681493
2004-05-28 00:00:00+05:30,4.1,4.13,3.77,3.79,1944637
2004-05-31 00:00:00+05:30,3.7,3.92,3.53,3.55,1417826
2004-06-01 00:00:00+05:30,3.67,3.75,3.6,3.62,810123
2004-06-02 00:00:00+05:30,3.7,3.75,3.61,3.69,1387390
2004-06-03 00:00:00+05:30,3.76,3.8,3.54,3.56,2374904
2004-06-04 00:00:00+05:30,3.57,3.66,3.54,3.6,1233471
2004-06-07 00:00:00+05:30,3.62,3.71,3.58,3.59,1747913
2004-06-08 00:00:00+05:30,3.61,3.61,3.57,3.59,440971
2004-06-09 00:00:00+05:30,3.66,3.66,3.59,3.59,968638
2004-06-10 00:00:00+05:30,3.58,3.63,3.58,3.62,429839
2004-06-11 00:00:00+05:30,3.73,3.73,3.58,3.59,951641
2004-06-14 00:00:00+05:30,3.6,3.63,3.48,3.5,754581
2004-06-15 00:00:00+05:30,3.57,3.69,3.53,3.55,956161
2004-06-16 00:00:00+05:30,3.57,3.57,3.43,3.46,675675
2004-06-17 00:00:00+05:30,3.44,3.46,3.29,3.35,1257356
2004-06-18 00:00:00+05:30,3.37,3.39,3.26,3.28,2219595
2004-06-21 00:00:00+05:30,3.33,3.33,3.19,3.25,1446994
2004-06-22 00:00:00+05:30,3.22,3.26,3.18,3.2,745159
2004-06-23 00:00:00+05:30,3.19,3.22,3.11,3.16,922916
2004-06-24 00:00:00+05:30,3.11,3.18,3.08,3.15,690442
2004-06-25 00:00:00+05:30,2.85,3.24,2.85,3.22,563355
2004-06-28 00:00:00+05:30,3.23,3.33,3.23,3.27,679462
2004-06-29 00:00:00+05:30,3.29,3.42,3.25,3.28,1529168
2004-06-30 00:00:00+05:30,3.34,3.45,3.28,3.33,1316654
2004-07-01 00:00:00+05:30,3.33,3.4,3.33,3.37,891152
2004-07-02 00:00:00+05:30,3.34,3.44,3.28,3.38,1803332
2004-07-05 00:00:00+05:30,3.1,3.2,2.95,3.14,3161433
2004-07-06 00:00:00+05:30,3.08,3.24,3.08,3.2,1128131
2004-07-07 00:00:00+05:30,3.26,3.27,3.16,3.22,807358
2004-07-08 00:00:00+05:30,3.22,3.27,2.98,3.04,1385252
2004-07-09 00:00:00+05:30,3.11,3.14,2.94,3.09,1309492
2004-07-12 00:00:00+05:30,3.11,3.25,3.11,3.19,844819
2004-07-13 00:00:00+05:30,3.19,3.26,3.19,3.22,886967
2004-07-14 00:00:00+05:30,3.19,3.27,3.19,3.25,1216230
2004-07-15 00:00:00+05:30,3.26,3.5,3.18,3.44,3573969
2004-07-16 00:00:00+05:30,3.47,3.57,3.39,3.43,4891784
2004-07-19 00:00:00+05:30,3.49,3.57,3.44,3.49,2088186
2004-07-20 00:00:00+05:30,3.5,3.5,3.39,3.4,980366
2004-07-21 00:00:00+05:30,3.44,3.44,3.33,3.37,749358
2004-07-22 00:00:00+05:30,3.42,3.48,3.37,3.41,1791146
2004-07-23 00:00:00+05:30,3.37,3.37,3.21,3.23,2075603
2004-07-26 00:00:00+05:30,3.02,3.19,2.95,3.11,2200628
2004-07-27 00:00:00+05:30,3.11,3.14,3.01,3.04,1190391
2004-07-28 00:00:00+05:30,3.08,3.11,3.04,3.06,424601
2004-07-29 00:00:00+05:30,3.09,3.1,3.04,3.07,780939
2004-07-30 00:00:00+05:30,2.95,3.1,2.95,3.08,783551
2004-08-02 00:00:00+05:30,3.04,3.08,2.98,3.02,566470
2004-08-03 00:00:00+05:30,3.04,3.04,2.95,2.97,844941
2004-08-04 00:00:00+05:30,3.0,3.0,2.92,2.94,651332
2004-08-05 00:00:00+05:30,2.98,2.98,2.9,2.96,926367
2004-08-06 00:00:00+05:30,3.0,3.08,2.92,2.95,1529794
2004-08-09 00:00:00+05:30,2.93,3.0,2.82,2.93,2923461
2004-08-10 00:00:00+05:30,2.82,2.9,2.75,2.88,2978774
2004-08-11 00:00:00+05:30,2.82,2.88,2.82,2.86,1027783
2004-08-12 00:00:00+05:30,2.88,2.88,2.83,2.83,948312
2004-08-13 00:00:00+05:30,2.82,2.86,2.78,2.82,696199
2004-08-16 00:00:00+05:30,2.83,2.84,2.76,2.81,891350
2004-08-17 00:00:00+05:30,2.82,2.88,2.82,2.86,505324
2004-08-18 00:00:00+05:30,2.83,2.87,2.78,2.82,776175
2004-08-19 00:00:00+05:30,2.84,2.9,2.84,2.87,649912
2004-08-20 00:00:00+05:30,2.83,2.86,2.8,2.81,529514
2004-08-23 00:00:00+05:30,2.78,2.85,2.72,2.74,865695
2004-08-24 00:00:00+05:30,2.77,2.78,2.72,2.74,463389
2004-08-25 00:00:00+05:30,2.75,2.8,2.73,2.74,1235289
2004-08-26 00:00:00+05:30,2.81,2.81,2.73,2.75,883440
2004-08-27 00:00:00+05:30,2.78,2.86,2.75,2.82,1620795
2004-08-30 00:00:00+05:30,2.83,2.87,2.83,2.85,931010
2004-08-31 00:00:00+05:30,2.87,2.89,2.82,2.83,989514
2004-09-01 00:00:00+05:30,2.83,2.88,2.82,2.87,1394293
2004-09-02 00:00:00+05:30,2.88,2.94,2.85,2.88,1737147
2004-09-03 00:00:00+05:30,2.91,2.93,2.85,2.88,1619620
2004-09-06 00:00:00+05:30,2.88,2.89,2.83,2.85,1414069
2004-09-07 00:00:00+05:30,2.86,2.86,2.8,2.82,1588711
2004-09-08 00:00:00+05:30,2.79,2.84,2.78,2.82,1220995
2004-09-09 00:00:00+05:30,2.82,2.94,2.81,2.87,3368923
2004-09-10 00:00:00+05:30,2.89,2.92,2.84,2.87,3411606
2004-09-13 00:00:00+05:30,2.85,3.04,2.84,2.99,3289543
2004-09-14 00:00:00+05:30,3.01,3.06,2.98,3.01,3162089
2004-09-15 00:00:00+05:30,3.04,3.07,2.98,3.0,2376553
2004-09-16 00:00:00+05:30,3.02,3.06,3.0,3.04,1534299
2004-09-17 00:00:00+05:30,3.08,3.16,3.08,3.1,2517567
2004-09-20 00:00:00+05:30,3.17,3.21,3.1,3.17,3252037
2004-09-21 00:00:00+05:30,3.24,3.24,3.15,3.16,1398553
2004-09-22 00:00:00+05:30,3.15,3.21,3.11,3.18,2330266
2004-09-23 00:00:00+05:30,3.19,3.3,3.16,3.21,2958585
2004-09-24 00:00:00+05:30,3.25,3.26,3.18,3.19,1332139
2004-09-27 00:00:00+05:30,3.18,3.21,3.14,3.15,949121
2004-09-28 00:00:00+05:30,3.14,3.18,3.08,3.09,735019
2004-09-29 00:00:00+05:30,3.14,3.24,3.1,3.11,963461
2004-09-30 00:00:00+05:30,3.17,3.17,3.03,3.11,934217
2004-10-01 00:00:00+05:30,3.11,3.13,3.01,3.09,1004159
2004-10-04 00:00:00+05:30,3.11,3.17,3.08,3.09,1287486
2004-10-05 00:00:00+05:30,3.07,3.24,3.07,3.21,2145163
2004-10-06 00:00:00+05:30,3.24,3.3,3.16,3.17,2517995
2004-10-07 00:00:00+05:30,3.14,3.2,3.14,3.18,936843
2004-10-08 00:00:00+05:30,3.18,3.22,3.14,3.17,874476
2004-10-09 00:00:00+05:30,3.18,3.23,3.16,3.2,560988
2004-10-11 00:00:00+05:30,3.22,3.3,3.18,3.21,1357962
2004-10-12 00:00:00+05:30,3.2,3.26,3.14,3.16,1081538
2004-10-14 00:00:00+05:30,3.14,3.15,3.1,3.12,756933
2004-10-15 00:00:00+05:30,3.14,3.14,3.08,3.08,514915
2004-10-18 00:00:00+05:30,3.08,3.14,3.06,3.07,1151129
2004-10-19 00:00:00+05:30,3.08,3.09,3.02,3.03,908515
2004-10-20 00:00:00+05:30,2.9,3.1,2.9,3.02,1300207
2004-10-21 00:00:00+05:30,3.01,3.03,2.97,2.99,1425415
2004-10-25 00:00:00+05:30,2.95,3.0,2.85,2.86,1521914
2004-10-26 00:00:00+05:30,3.01,3.01,2.86,2.9,791293
2004-10-27 00:00:00+05:30,2.91,2.98,2.86,2.94,907981
2004-10-28 00:00:00+05:30,2.95,2.95,2.88,2.88,1369507
2004-10-29 00:00:00+05:30,3.19,3.21,2.87,2.93,2441578
2004-11-01 00:00:00+05:30,2.89,3.01,2.73,2.79,4874513
2004-11-02 00:00:00+05:30,2.82,2.93,2.79,2.9,2394054
2004-11-03 00:00:00+05:30,2.91,2.95,2.88,2.92,2123371
2004-11-04 00:00:00+05:30,2.9,3.04,2.9,2.93,2790556
2004-11-05 00:00:00+05:30,2.95,3.06,2.9,2.94,3229038
2004-11-08 00:00:00+05:30,2.91,2.98,2.91,2.92,1024469
2004-11-09 00:00:00+05:30,2.91,3.01,2.88,2.94,1634555
2004-11-10 00:00:00+05:30,2.99,3.01,2.93,2.94,1455378
2004-11-11 00:00:00+05:30,2.95,2.96,2.92,2.92,860594
2004-11-12 00:00:00+05:30,3.0,3.0,2.92,2.94,310937
2004-11-16 00:00:00+05:30,2.89,3.06,2.89,3.01,2614311
2004-11-17 00:00:00+05:30,3.01,3.17,3.01,3.13,4943035
2004-11-18 00:00:00+05:30,3.14,3.41,3.13,3.37,11347297
2004-11-19 00:00:00+05:30,3.38,3.52,3.29,3.31,7772471
2004-11-22 00:00:00+05:30,3.27,3.37,3.21,3.33,4005809
2004-11-23 00:00:00+05:30,3.36,3.49,3.31,3.37,4548640
2004-11-24 00:00:00+05:30,3.4,3.43,3.35,3.37,2451474
2004-11-25 00:00:00+05:30,3.37,3.41,3.31,3.32,2999542
2004-11-29 00:00:00+05:30,3.31,3.41,3.27,3.28,2207653
2004-11-30 00:00:00+05:30,3.34,3.34,3.16,3.2,2269883
2004-12-01 00:00:00+05:30,3.22,3.36,3.08,3.29,4448079
2004-12-02 00:00:00+05:30,3.34,3.42,3.32,3.37,5632469
2004-12-03 00:00:00+05:30,3.42,3.42,3.24,3.28,3279159
2004-12-06 00:00:00+05:30,3.39,3.59,3.39,3.48,9051757
2004-12-07 00:00:00+05:30,3.52,3.66,3.44,3.57,12750035
2004-12-08 00:00:00+05:30,3.6,3.73,3.6,3.67,10296041
2004-12-09 00:00:00+05:30,3.73,3.73,3.62,3.65,4657341
2004-12-10 00:00:00+05:30,3.68,3.78,3.57,3.67,6234033
2004-12-13 00:00:00+05:30,3.72,3.73,3.54,3.68,4437236
2004-12-14 00:00:00+05:30,3.7,3.81,3.7,3.73,5594016
2004-12-15 00:00:00+05:30,3.78,3.8,3.64,3.66,3984155
2004-12-16 00:00:00+05:30,3.73,4.15,3.62,4.06,28524719
2004-12-17 00:00:00+05:30,4.13,4.65,4.05,4.54,96245306
2004-12-20 00:00:00+05:30,4.54,5.0,4.51,4.57,68005364
2004-12-21 00:00:00+05:30,4.64,4.67,4.39,4.53,28309181
2004-12-22 00:00:00+05:30,4.52,4.58,4.33,4.37,15230906
2004-12-23 00:00:00+05:30,4.4,4.79,4.4,4.71,29255019
2004-12-24 00:00:00+05:30,4.76,4.81,4.53,4.57,11092053
2004-12-27 00:00:00+05:30,4.52,4.64,4.07,4.46,5142813
2004-12-28 00:00:00+05:30,4.51,4.52,4.41,4.43,4122191
2004-12-29 00:00:00+05:30,4.47,4.51,4.26,4.31,5116180
2004-12-30 00:00:00+05:30,4.54,4.81,4.43,4.58,24792676
2004-12-31 00:00:00+05:30,4.58,4.91,4.56,4.84,27390189
2005-01-03 00:00:00+05:30,4.88,4.91,4.73,4.77,9795420
2005-01-04 00:00:00+05:30,4.81,4.81,4.71,4.73,4884042
2005-01-05 00:00:00+05:30,4.71,4.75,4.19,4.45,7352757
2005-01-06 00:00:00+05:30,4.47,4.62,4.17,4.36,9994847
2005-01-07 00:00:00+05:30,4.42,4.61,4.42,4.51,6272181
2005-01-10 00:00:00+05:30,4.74,4.74,4.56,4.59,7576343
2005-01-11 00:00:00+05:30,4.49,4.61,4.34,4.38,4123016
2005-01-12 00:00:00+05:30,4.47,4.47,3.96,4.07,4680385
2005-01-13 00:00:00+05:30,4.19,4.78,4.13,4.71,25373548
2005-01-14 00:00:00+05:30,4.58,4.84,4.42,4.57,33895150
2005-01-17 00:00:00+05:30,4.64,4.9,4.58,4.73,27911656
2005-01-18 00:00:00+05:30,4.78,4.85,4.57,4.62,19330878
2005-01-19 00:00:00+05:30,4.62,4.66,4.49,4.52,8083378
2005-01-20 00:00:00+05:30,4.52,4.58,4.32,4.38,5595513
2005-01-24 00:00:00+05:30,4.51,4.51,4.21,4.25,3434742
2005-01-25 00:00:00+05:30,4.16,4.3,4.14,4.27,4478301
2005-01-27 00:00:00+05:30,4.32,4.43,4.26,4.3,3662344
2005-01-28 00:00:00+05:30,4.32,4.37,4.27,4.3,3373458
2005-01-31 00:00:00+05:30,4.34,4.38,4.27,4.33,4679469
2005-02-01 00:00:00+05:30,4.33,4.52,4.26,4.43,6549399
2005-02-02 00:00:00+05:30,4.44,4.5,4.34,4.36,2857658
2005-02-03 00:00:00+05:30,4.43,4.47,4.37,4.39,2959165
2005-02-04 00:00:00+05:30,4.43,4.44,4.34,4.36,2195360
2005-02-07 00:00:00+05:30,4.36,4.42,4.32,4.33,2657543
2005-02-08 00:00:00+05:30,4.35,4.47,4.3,4.42,4854355
2005-02-09 00:00:00+05:30,4.41,4.52,4.39,4.43,3276196
2005-02-10 00:00:00+05:30,4.47,4.47,4.34,4.37,2239112
2005-02-11 00:00:00+05:30,4.33,4.48,4.33,4.36,5063219
2005-02-14 00:00:00+05:30,4.46,4.48,4.31,4.32,3175391
2005-02-15 00:00:00+05:30,4.37,4.39,4.24,4.25,3407712
2005-02-16 00:00:00+05:30,4.26,4.3,4.16,4.18,3729705
2005-02-17 00:00:00+05:30,4.19,4.29,4.11,4.14,4362774
2005-02-18 00:00:00+05:30,4.18,4.26,4.14,4.18,2799810
2005-02-21 00:00:00+05:30,4.19,4.3,4.16,4.26,3297805
2005-02-22 00:00:00+05:30,4.26,4.41,4.22,4.38,7408360
2005-02-23 00:00:00+05:30,4.41,4.58,4.39,4.43,8186398
2005-02-24 00:00:00+05:30,4.5,4.5,4.33,4.36,2278191
2005-02-25 00:00:00+05:30,4.38,4.38,4.26,4.27,1944897
2005-02-28 00:00:00+05:30,4.32,4.38,4.22,4.29,3084786
2005-03-01 00:00:00+05:30,4.39,4.49,4.29,4.31,3401878
2005-03-02 00:00:00+05:30,4.39,4.41,4.26,4.32,2595939
2005-03-03 00:00:00+05:30,4.32,4.44,4.32,4.4,3120491
2005-03-04 00:00:00+05:30,4.38,4.41,4.29,4.3,3291376
2005-03-07 00:00:00+05:30,4.39,4.49,4.33,4.39,6285619
2005-03-08 00:00:00+05:30,4.42,4.57,4.42,4.51,9473701
2005-03-09 00:00:00+05:30,4.62,4.78,4.44,4.51,11462930
2005-03-10 00:00:00+05:30,4.55,4.58,4.49,4.52,3925773
2005-03-11 00:00:00+05:30,4.56,4.57,4.46,4.48,3420631
2005-03-14 00:00:00+05:30,4.52,4.55,4.44,4.46,2981248
2005-03-15 00:00:00+05:30,4.47,4.49,4.39,4.42,2044786
2005-03-16 00:00:00+05:30,4.45,4.47,4.39,4.44,2281612
2005-03-17 00:00:00+05:30,4.81,4.81,4.54,4.58,20564304
2005-03-18 00:00:00+05:30,4.61,4.63,4.43,4.51,5496403
2005-03-21 00:00:00+05:30,4.55,4.56,4.42,4.46,3190066
2005-03-22 00:00:00+05:30,4.48,4.51,4.3,4.33,4009489
2005-03-23 00:00:00+05:30,4.37,4.37,4.14,4.22,2664492
2005-03-24 00:00:00+05:30,4.23,4.27,4.06,4.23,3091933
2005-03-28 00:00:00+05:30,4.28,4.42,4.09,4.1,4664045
2005-03-29 00:00:00+05:30,4.17,4.17,3.88,3.92,3515817
2005-03-30 00:00:00+05:30,3.93,4.09,3.85,4.01,3743404
2005-03-31 00:00:00+05:30,4.07,4.32,4.07,4.19,3760966
2005-04-01 00:00:00+05:30,4.23,4.32,4.21,4.29,1739102
2005-04-04 00:00:00+05:30,4.35,4.52,4.33,4.47,4636434
2005-04-05 00:00:00+05:30,4.49,4.5,4.31,4.35,2620725
2005-04-06 00:00:00+05:30,4.38,4.4,4.27,4.32,1803806
2005-04-07 00:00:00+05:30,4.32,4.38,4.32,4.33,1592101
2005-04-08 00:00:00+05:30,4.39,4.39,4.3,4.33,1716577
2005-04-11 00:00:00+05:30,4.3,4.35,4.29,4.3,812917
2005-04-12 00:00:00+05:30,4.32,4.37,4.31,4.33,1037725
2005-04-13 00:00:00+05:30,4.36,4.51,4.35,4.37,2807354
2005-04-15 00:00:00+05:30,4.39,4.39,4.23,4.31,1752235
2005-04-18 00:00:00+05:30,4.21,4.24,3.99,4.15,924596
2005-04-19 00:00:00+05:30,4.19,4.3,4.13,4.17,987757
2005-04-20 00:00:00+05:30,4.15,4.18,4.09,4.13,1002433
2005-04-21 00:00:00+05:30,4.11,4.29,4.05,4.21,2914757
2005-04-22 00:00:00+05:30,4.26,4.26,4.13,4.22,1480453
2005-04-25 00:00:00+05:30,4.14,4.27,4.07,4.23,1224293
2005-04-26 00:00:00+05:30,4.23,4.24,4.16,4.17,719259
2005-04-27 00:00:00+05:30,4.2,4.2,4.13,4.14,514227
2005-04-28 00:00:00+05:30,3.99,4.25,3.99,4.09,716159
2005-04-29 00:00:00+05:30,4.15,4.15,3.54,4.01,1653338
2005-05-02 00:00:00+05:30,4.03,4.05,3.6,3.9,3075059
2005-05-03 00:00:00+05:30,3.91,3.99,3.86,3.88,880401
2005-05-04 00:00:00+05:30,3.88,3.99,3.88,3.96,623875
2005-05-05 00:00:00+05:30,3.96,4.74,3.96,4.62,39112807
2005-05-06 00:00:00+05:30,4.65,4.68,4.32,4.45,10779314
2005-05-09 00:00:00+05:30,4.4,4.52,4.27,4.45,5535298
2005-05-10 00:00:00+05:30,4.51,4.65,4.4,4.5,10062162
2005-05-11 00:00:00+05:30,4.51,4.6,4.46,4.56,6959844
2005-05-12 00:00:00+05:30,4.39,4.41,4.26,4.31,11743325
2005-05-13 00:00:00+05:30,4.32,4.32,4.04,4.08,11143609
2005-05-16 00:00:00+05:30,4.09,4.17,3.9,3.91,9548851
2005-05-17 00:00:00+05:30,3.93,3.99,3.78,3.81,8314737
2005-05-18 00:00:00+05:30,3.83,3.91,3.7,3.75,9048840
2005-05-19 00:00:00+05:30,3.83,3.89,3.8,3.87,3899644
2005-05-20 00:00:00+05:30,3.88,3.89,3.82,3.85,2262309
2005-05-23 00:00:00+05:30,3.87,3.89,3.83,3.84,1463761
2005-05-24 00:00:00+05:30,3.8,3.9,3.8,3.87,1459547
2005-05-25 00:00:00+05:30,3.86,3.88,3.82,3.83,1981822
2005-05-26 00:00:00+05:30,3.81,3.87,3.78,3.79,1520509
2005-05-27 00:00:00+05:30,3.82,3.88,3.73,3.77,5442495
2005-05-30 00:00:00+05:30,3.8,3.8,3.63,3.64,3953246
2005-05-31 00:00:00+05:30,3.66,3.71,3.59,3.6,5786327
2005-06-01 00:00:00+05:30,3.64,3.67,3.61,3.65,3953475
2005-06-02 00:00:00+05:30,3.65,3.69,3.63,3.66,2001354
2005-06-03 00:00:00+05:30,3.65,3.86,3.63,3.76,3248738
2005-06-04 00:00:00+05:30,3.72,3.79,3.72,3.76,952282
2005-06-06 00:00:00+05:30,3.81,3.86,3.71,3.83,3008201
2005-06-07 00:00:00+05:30,3.83,3.91,3.79,3.89,2418625
2005-06-08 00:00:00+05:30,3.9,3.98,3.88,3.9,3298354
2005-06-09 00:00:00+05:30,3.93,3.96,3.78,3.81,1606028
2005-06-10 00:00:00+05:30,3.86,3.86,3.78,3.79,1307109
2005-06-13 00:00:00+05:30,3.84,3.85,3.75,3.78,1720578
2005-06-14 00:00:00+05:30,3.81,3.88,3.78,3.79,3332562
2005-06-15 00:00:00+05:30,3.8,3.85,3.73,3.76,1946622
2005-06-16 00:00:00+05:30,3.79,3.84,3.67,3.76,2766855
2005-06-17 00:00:00+05:30,3.77,3.77,3.67,3.68,915204
2005-06-20 00:00:00+05:30,3.92,3.92,3.61,3.63,1614458
2005-06-21 00:00:00+05:30,3.63,3.81,3.6,3.8,3368862
2005-06-22 00:00:00+05:30,3.82,3.82,3.65,3.67,2161916
2005-06-23 00:00:00+05:30,3.68,3.74,3.65,3.67,1910552
2005-06-24 00:00:00+05:30,3.64,3.8,3.6,3.75,2965625
2005-06-27 00:00:00+05:30,3.8,3.8,3.67,3.68,977495
2005-06-28 00:00:00+05:30,3.7,3.72,3.6,3.62,1204700
2005-06-29 00:00:00+05:30,3.67,3.67,3.62,3.64,695084
2005-06-30 00:00:00+05:30,3.65,3.71,3.63,3.64,1158505
2005-07-01 00:00:00+05:30,3.67,3.71,3.61,3.65,1304910
2005-07-04 00:00:00+05:30,3.78,3.79,3.69,3.7,1383603
2005-07-05 00:00:00+05:30,3.71,3.75,3.66,3.68,1255294
2005-07-06 00:00:00+05:30,3.7,4.11,3.68,4.08,22923189
2005-07-07 00:00:00+05:30,4.12,4.12,3.8,3.85,10464345
2005-07-08 00:00:00+05:30,3.92,4.1,3.88,4.06,9721324
2005-07-11 00:00:00+05:30,4.13,4.16,3.99,4.11,8281324
2005-07-12 00:00:00+05:30,4.18,4.21,3.99,4.02,5424384
2005-07-13 00:00:00+05:30,4.06,4.13,4.0,4.05,4168890
2005-07-14 00:00:00+05:30,4.11,4.17,4.01,4.03,2503365
2005-07-15 00:00:00+05:30,3.93,4.09,3.93,4.04,2116041
2005-07-18 00:00:00+05:30,4.07,4.24,4.05,4.19,6625267
2005-07-19 00:00:00+05:30,4.24,4.33,4.2,4.24,7515182
2005-07-20 00:00:00+05:30,4.27,4.32,4.19,4.21,3486267
2005-07-21 00:00:00+05:30,4.25,4.25,4.09,4.12,2899088
2005-07-22 00:00:00+05:30,4.14,4.32,4.14,4.29,4855225
2005-07-25 00:00:00+05:30,4.33,4.37,4.18,4.2,3631221
2005-07-26 00:00:00+05:30,4.2,4.25,4.07,4.13,3931179
2005-07-27 00:00:00+05:30,4.16,4.16,4.06,4.08,2282055
2005-07-29 00:00:00+05:30,4.12,4.15,3.99,4.01,3294827
2005-08-01 00:00:00+05:30,4.05,4.13,3.99,4.1,2002118
2005-08-02 00:00:00+05:30,4.16,4.18,4.1,4.12,2107107
2005-08-03 00:00:00+05:30,4.18,4.19,4.03,4.05,2367879
2005-08-04 00:00:00+05:30,4.09,4.17,4.07,4.1,2207317
2005-08-05 00:00:00+05:30,4.03,4.17,4.03,4.13,2226467
2005-08-08 00:00:00+05:30,4.2,4.52,4.18,4.48,21645842
2005-08-09 00:00:00+05:30,4.49,4.86,4.49,4.69,50115753
2005-08-10 00:00:00+05:30,4.79,5.42,4.73,5.35,87794623
2005-08-11 00:00:00+05:30,5.44,5.61,5.24,5.29,68667967
2005-08-12 00:00:00+05:30,5.39,5.39,4.94,4.97,16215090
2005-08-16 00:00:00+05:30,4.98,5.12,4.91,5.07,10805626
2005-08-17 00:00:00+05:30,5.1,5.1,4.78,4.85,7699170
2005-08-18 00:00:00+05:30,4.91,5.0,4.75,4.8,6410187
2005-08-19 00:00:00+05:30,4.94,4.94,4.76,4.79,4477614
2005-08-22 00:00:00+05:30,4.83,4.83,4.57,4.66,5347707
2005-08-23 00:00:00+05:30,4.75,5.06,4.66,4.73,14113877
2005-08-24 00:00:00+05:30,4.77,4.77,4.52,4.56,6099066
2005-08-25 00:00:00+05:30,4.65,4.65,4.51,4.61,4873795
2005-08-26 00:00:00+05:30,4.7,4.75,4.62,4.67,3931163
2005-08-29 00:00:00+05:30,4.74,4.74,4.46,4.67,3124492
2005-08-30 00:00:00+05:30,4.71,4.74,4.64,4.67,3480891
2005-08-31 00:00:00+05:30,4.7,4.94,4.46,4.88,7540731
2005-09-01 00:00:00+05:30,4.95,5.04,4.76,4.82,4906659
2005-09-02 00:00:00+05:30,4.85,5.17,4.69,5.05,21836443
2005-09-05 00:00:00+05:30,5.06,5.1,4.86,4.89,6588906
2005-09-06 00:00:00+05:30,4.91,4.97,4.75,4.78,3223907
2005-09-08 00:00:00+05:30,4.83,4.97,4.72,4.9,7173259
2005-09-09 00:00:00+05:30,4.92,5.02,4.8,4.86,7491038
2005-09-12 00:00:00+05:30,4.85,4.91,4.82,4.84,2941252
2005-09-13 00:00:00+05:30,4.84,4.89,4.79,4.82,2901868
2005-09-14 00:00:00+05:30,4.85,4.88,4.71,4.75,3683876
2005-09-15 00:00:00+05:30,4.8,4.82,4.69,4.79,2353020
2005-09-16 00:00:00+05:30,4.79,4.83,4.75,4.77,2568619
2005-09-19 00:00:00+05:30,4.78,4.82,4.73,4.77,2865156
2005-09-20 00:00:00+05:30,4.75,5.14,4.75,5.02,21254212
2005-09-21 00:00:00+05:30,5.1,5.1,4.66,4.83,9810813
2005-09-22 00:00:00+05:30,4.84,4.84,4.45,4.47,5667624
2005-09-23 00:00:00+05:30,4.52,4.65,4.52,4.6,3686442
2005-09-26 00:00:00+05:30,4.71,4.94,4.71,4.88,5644197
2005-09-27 00:00:00+05:30,4.91,5.01,4.36,4.8,5701235
2005-09-28 00:00:00+05:30,4.83,4.9,4.76,4.79,3112779
2005-09-29 00:00:00+05:30,4.85,5.06,4.8,4.9,11599791
2005-09-30 00:00:00+05:30,4.88,4.92,4.59,4.82,5262402
2005-10-03 00:00:00+05:30,4.85,4.94,4.83,4.9,3404612
2005-10-04 00:00:00+05:30,4.98,5.2,4.91,5.13,17852456
2005-10-05 00:00:00+05:30,5.09,5.14,4.91,4.96,9448488
2005-10-06 00:00:00+05:30,4.86,4.97,4.81,4.91,5398102
2005-10-07 00:00:00+05:30,4.97,4.97,4.81,4.86,3662955
2005-10-10 00:00:00+05:30,4.91,4.91,4.73,4.79,2305114
2005-10-11 00:00:00+05:30,4.84,4.84,4.62,4.76,2180028
2005-10-13 00:00:00+05:30,4.77,4.89,4.7,4.73,1704970
2005-10-14 00:00:00+05:30,4.85,4.85,4.53,4.56,2842264
2005-10-17 00:00:00+05:30,4.59,4.66,4.29,4.33,3367029
2005-10-18 00:00:00+05:30,4.57,4.57,4.31,4.33,2372689
2005-10-19 00:00:00+05:30,4.45,4.45,4.19,4.21,1941094
2005-10-20 00:00:00+05:30,4.37,4.37,3.99,4.03,1383710
2005-10-21 00:00:00+05:30,3.95,4.03,3.8,3.96,2853275
2005-10-24 00:00:00+05:30,3.96,4.11,3.96,4.04,1337560
2005-10-25 00:00:00+05:30,4.04,4.15,3.99,4.05,1183275
2005-10-26 00:00:00+05:30,4.12,4.12,3.96,4.0,690564
2005-10-27 00:00:00+05:30,4.03,4.03,3.81,3.83,1931382
2005-10-28 00:00:00+05:30,3.86,3.89,3.77,3.78,1225454
2005-10-31 00:00:00+05:30,3.79,3.91,3.67,3.82,1859256
2005-11-01 00:00:00+05:30,3.92,3.92,3.84,3.88,425227
2005-11-02 00:00:00+05:30,3.86,3.98,3.83,3.93,655608
2005-11-07 00:00:00+05:30,3.99,4.12,3.97,4.05,2212174
2005-11-08 00:00:00+05:30,4.05,4.11,4.03,4.05,1197630
2005-11-09 00:00:00+05:30,4.07,4.29,4.04,4.21,2441074
2005-11-10 00:00:00+05:30,4.24,4.34,4.14,4.19,2339261
2005-11-11 00:00:00+05:30,4.2,4.26,4.16,4.22,1326412
2005-11-14 00:00:00+05:30,4.29,4.29,4.2,4.22,1333880
2005-11-16 00:00:00+05:30,4.32,4.58,4.32,4.37,3782330
2005-11-17 00:00:00+05:30,4.42,4.45,4.32,4.34,1880712
2005-11-18 00:00:00+05:30,4.34,4.39,4.31,4.32,922687
2005-11-21 00:00:00+05:30,4.32,4.45,4.28,4.35,1843190
2005-11-22 00:00:00+05:30,4.42,4.58,4.37,4.49,5313835
2005-11-23 00:00:00+05:30,4.42,4.52,4.4,4.45,1335422
2005-11-24 00:00:00+05:30,4.49,4.5,4.4,4.45,1148136
2005-11-25 00:00:00+05:30,4.49,4.53,4.4,4.47,1555496
2005-11-26 00:00:00+05:30,4.45,4.48,4.42,4.43,364585
2005-11-28 00:00:00+05:30,4.45,4.49,4.42,4.44,1074452
2005-11-29 00:00:00+05:30,4.36,4.45,4.35,4.37,1318211
2005-11-30 00:00:00+05:30,4.45,4.46,4.32,4.33,1470145
2005-12-01 00:00:00+05:30,4.26,4.44,4.26,4.39,1435983
2005-12-02 00:00:00+05:30,4.45,4.45,4.37,4.39,1257508
2005-12-05 00:00:00+05:30,4.39,4.4,4.31,4.32,739814
2005-12-06 00:00:00+05:30,4.32,4.35,4.29,4.3,435336
2005-12-07 00:00:00+05:30,4.32,4.34,4.2,4.22,1067321
2005-12-08 00:00:00+05:30,4.29,4.29,4.23,4.24,1010267
2005-12-09 00:00:00+05:30,4.25,4.32,4.22,4.24,2502052
2005-12-12 00:00:00+05:30,4.0,4.27,4.0,4.23,724054
2005-12-13 00:00:00+05:30,4.26,4.35,4.2,4.23,3551643
2005-12-14 00:00:00+05:30,4.32,4.48,4.28,4.33,6139138
2005-12-15 00:00:00+05:30,4.32,4.4,4.26,4.28,2527662
2005-12-16 00:00:00+05:30,4.26,4.3,4.23,4.27,1293732
2005-12-19 00:00:00+05:30,4.34,4.37,4.2,4.22,1091754
2005-12-20 00:00:00+05:30,4.26,4.26,4.19,4.21,1277941
2005-12-21 00:00:00+05:30,4.13,4.27,4.13,4.22,931452
2005-12-22 00:00:00+05:30,4.25,4.28,4.17,4.19,1014146
2005-12-23 00:00:00+05:30,4.22,4.24,4.13,4.14,957994
2005-12-26 00:00:00+05:30,4.11,4.14,3.86,3.98,1662654
2005-12-27 00:00:00+05:30,3.86,4.04,3.86,4.02,892664
2005-12-28 00:00:00+05:30,4.03,4.03,3.98,4.0,1219269
2005-12-29 00:00:00+05:30,4.05,4.09,4.01,4.06,1187139
2005-12-30 00:00:00+05:30,4.16,4.29,4.1,4.25,2901455
2006-01-02 00:00:00+05:30,4.31,4.32,4.23,4.29,3154469
2006-01-03 00:00:00+05:30,4.32,4.48,4.28,4.43,5707176
2006-01-04 00:00:00+05:30,4.45,4.51,4.4,4.43,3242385
2006-01-05 00:00:00+05:30,4.5,5.3,4.45,5.11,46868542
2006-01-06 00:00:00+05:30,5.17,5.27,4.92,4.93,23617770
2006-01-09 00:00:00+05:30,4.91,4.97,4.72,4.82,5888109
2006-01-10 00:00:00+05:30,4.84,5.09,4.78,4.89,10734814
2006-01-12 00:00:00+05:30,4.87,5.0,4.78,4.82,5419436
2006-01-13 00:00:00+05:30,4.82,4.91,4.7,4.72,3390257
2006-01-16 00:00:00+05:30,4.78,4.89,4.72,4.76,4803532
2006-01-17 00:00:00+05:30,4.79,4.87,4.59,4.63,3486465
2006-01-18 00:00:00+05:30,4.66,4.81,4.49,4.58,6975879
2006-01-19 00:00:00+05:30,4.59,4.78,4.58,4.71,3269034
2006-01-20 00:00:00+05:30,4.76,4.78,4.67,4.7,3112550
2006-01-23 00:00:00+05:30,4.71,4.74,4.62,4.64,1160047
2006-01-24 00:00:00+05:30,4.75,4.75,4.59,4.61,1693242
2006-01-25 00:00:00+05:30,4.65,4.65,4.46,4.5,1641916
2006-01-27 00:00:00+05:30,4.58,4.74,4.52,4.66,4234755
2006-01-30 00:00:00+05:30,4.71,4.77,4.62,4.67,3066186
2006-01-31 00:00:00+05:30,4.73,4.73,4.59,4.61,1366453
2006-02-01 00:00:00+05:30,4.64,4.68,4.47,4.52,2759204
2006-02-02 00:00:00+05:30,4.58,4.58,4.36,4.45,1901908
2006-02-03 00:00:00+05:30,4.55,4.56,4.42,4.45,1318334
2006-02-06 00:00:00+05:30,4.55,4.71,4.46,4.59,3582079
2006-02-07 00:00:00+05:30,4.65,4.7,4.56,4.58,3490436
2006-02-08 00:00:00+05:30,4.58,4.9,4.39,4.65,16517644
2006-02-10 00:00:00+05:30,4.66,4.7,4.56,4.65,10235567
2006-02-13 00:00:00+05:30,4.7,4.75,4.59,4.62,5901456
2006-02-14 00:00:00+05:30,4.68,4.68,4.49,4.52,3748642
2006-02-15 00:00:00+05:30,4.57,4.64,4.49,4.59,6410996
2006-02-16 00:00:00+05:30,4.62,4.64,4.55,4.59,3941166
2006-02-17 00:00:00+05:30,4.64,4.68,4.55,4.57,3684579
2006-02-20 00:00:00+05:30,4.58,4.58,4.49,4.52,2246610
2006-02-21 00:00:00+05:30,4.57,4.6,4.53,4.58,1524938
2006-02-22 00:00:00+05:30,4.58,4.58,4.5,4.52,1128436
2006-02-23 00:00:00+05:30,4.52,4.6,4.52,4.57,2232851
2006-02-24 00:00:00+05:30,4.55,4.58,4.49,4.51,1358863
2006-02-27 00:00:00+05:30,4.57,4.57,4.47,4.5,1454324
2006-02-28 00:00:00+05:30,4.52,4.55,4.42,4.44,1240908
2006-03-01 00:00:00+05:30,4.46,4.47,4.4,4.43,830250
2006-03-02 00:00:00+05:30,4.5,4.5,4.42,4.43,1345180
2006-03-03 00:00:00+05:30,4.35,4.44,4.19,4.39,4440138
2006-03-06 00:00:00+05:30,4.39,4.39,4.27,4.3,7185247
2006-03-07 00:00:00+05:30,4.28,4.38,4.18,4.22,14508058
2006-03-08 00:00:00+05:30,4.25,4.26,4.02,4.1,9809042
2006-03-09 00:00:00+05:30,4.13,4.13,3.96,4.05,3499980
2006-03-10 00:00:00+05:30,4.16,4.22,4.06,4.17,4455654
2006-03-13 00:00:00+05:30,4.19,4.26,4.18,4.2,3877363
2006-03-14 00:00:00+05:30,4.2,4.22,4.17,4.2,1812510
2006-03-16 00:00:00+05:30,4.24,4.28,4.13,4.19,1990252
2006-03-17 00:00:00+05:30,4.2,4.22,4.16,4.2,6121637
2006-03-20 00:00:00+05:30,4.22,4.23,4.09,4.13,3269049
2006-03-21 00:00:00+05:30,4.17,4.2,4.1,4.12,3396655
2006-03-22 00:00:00+05:30,4.15,4.34,4.03,4.07,5001829
2006-03-23 00:00:00+05:30,4.09,4.22,4.07,4.08,2665423
2006-03-24 00:00:00+05:30,4.12,4.18,4.03,4.04,1919241
2006-03-27 00:00:00+05:30,4.06,4.18,3.98,4.03,5818060
2006-03-28 00:00:00+05:30,4.12,4.12,3.96,3.99,3513175
2006-03-29 00:00:00+05:30,3.99,4.06,3.99,4.01,1439984
2006-03-30 00:00:00+05:30,4.01,4.05,3.98,4.0,2384448
2006-03-31 00:00:00+05:30,3.97,4.1,3.97,4.01,2326219
2006-04-03 00:00:00+05:30,4.04,4.12,4.04,4.09,1862447
2006-04-04 00:00:00+05:30,4.1,4.17,4.05,4.13,2555959
2006-04-05 00:00:00+05:30,4.15,4.26,4.1,4.18,3702966
2006-04-07 00:00:00+05:30,4.25,4.25,4.08,4.1,3074417
2006-04-10 00:00:00+05:30,4.13,4.13,4.02,4.05,1186650
2006-04-12 00:00:00+05:30,4.06,4.11,4.03,4.05,1829889
2006-04-13 00:00:00+05:30,4.03,4.06,3.93,3.97,2017862
2006-04-17 00:00:00+05:30,3.96,4.03,3.96,3.97,1677818
2006-04-18 00:00:00+05:30,4.05,4.1,3.96,3.97,2306046
2006-04-19 00:00:00+05:30,3.99,3.99,3.87,3.91,2062073
2006-04-20 00:00:00+05:30,3.95,3.97,3.9,3.94,1251873
2006-04-21 00:00:00+05:30,3.96,3.96,3.86,3.9,1620169
2006-04-24 00:00:00+05:30,3.9,3.94,3.86,3.87,948312
2006-04-25 00:00:00+05:30,3.91,4.32,3.85,3.98,3703561
2006-04-26 00:00:00+05:30,3.99,4.05,3.95,3.99,1323816
2006-04-27 00:00:00+05:30,4.02,4.04,3.95,4.0,1811304
2006-04-28 00:00:00+05:30,3.94,4.17,3.77,4.15,3703760
2006-04-29 00:00:00+05:30,4.13,4.32,4.13,4.29,4951128
2006-05-02 00:00:00+05:30,4.39,4.78,4.33,4.42,19063097
2006-05-03 00:00:00+05:30,4.49,4.6,4.45,4.47,11068749
2006-05-04 00:00:00+05:30,4.49,4.49,4.35,4.36,3506333
2006-05-05 00:00:00+05:30,4.39,4.45,4.34,4.43,3613278
2006-05-08 00:00:00+05:30,4.58,4.71,4.46,4.49,5769376
2006-05-09 00:00:00+05:30,4.55,4.57,4.46,4.48,3930873
2006-05-10 00:00:00+05:30,4.55,4.72,4.52,4.62,16450832
2006-05-11 00:00:00+05:30,4.78,4.89,4.52,4.58,9640295
2006-05-12 00:00:00+05:30,4.58,4.75,4.49,4.64,7751229
2006-05-15 00:00:00+05:30,4.65,4.71,4.4,4.45,4386811
2006-05-16 00:00:00+05:30,4.51,4.57,4.27,4.52,3559721
2006-05-17 00:00:00+05:30,4.61,4.65,4.5,4.59,3834008
2006-05-18 00:00:00+05:30,4.58,4.58,4.26,4.38,4919257
2006-05-19 00:00:00+05:30,4.45,4.58,4.07,4.18,4107806
2006-05-22 00:00:00+05:30,4.18,4.45,3.41,3.93,3653960
2006-05-23 00:00:00+05:30,3.93,4.19,3.8,4.13,3274073
2006-05-24 00:00:00+05:30,4.19,4.34,4.07,4.26,2700807
2006-05-25 00:00:00+05:30,4.17,4.37,3.82,4.33,1961160
2006-05-26 00:00:00+05:30,4.39,4.48,4.36,4.43,3661962
2006-05-29 00:00:00+05:30,4.45,4.45,4.15,4.31,1000035
2006-05-30 00:00:00+05:30,4.32,4.38,4.18,4.24,1131490
2006-05-31 00:00:00+05:30,4.04,4.32,4.0,4.22,1859011
2006-06-01 00:00:00+05:30,4.19,4.25,4.06,4.11,1682064
2006-06-02 00:00:00+05:30,4.1,4.31,3.93,4.23,2379103
2006-06-05 00:00:00+05:30,4.3,4.3,4.07,4.13,832556
2006-06-06 00:00:00+05:30,3.97,4.09,3.88,4.03,2234256
2006-06-07 00:00:00+05:30,3.9,4.01,3.8,3.91,2793488
2006-06-08 00:00:00+05:30,3.81,3.86,3.27,3.75,4235916
2006-06-09 00:00:00+05:30,3.54,3.84,3.5,3.78,2205301
2006-06-12 00:00:00+05:30,3.61,3.85,3.61,3.74,964637
2006-06-13 00:00:00+05:30,3.62,3.76,3.48,3.71,2381104
2006-06-14 00:00:00+05:30,3.86,3.86,3.54,3.65,1321541
2006-06-15 00:00:00+05:30,3.7,3.77,3.63,3.69,1271497
2006-06-16 00:00:00+05:30,3.86,3.86,3.64,3.69,1749715
2006-06-19 00:00:00+05:30,3.79,3.79,3.66,3.68,598860
2006-06-20 00:00:00+05:30,3.64,3.71,3.64,3.69,681997
2006-06-21 00:00:00+05:30,3.78,3.78,3.66,3.68,2133023
2006-06-22 00:00:00+05:30,3.74,3.8,3.68,3.69,2394970
2006-06-23 00:00:00+05:30,3.73,3.73,3.58,3.68,1879414
2006-06-25 00:00:00+05:30,3.69,3.72,3.67,3.69,288900
2006-06-26 00:00:00+05:30,3.73,3.73,3.57,3.6,1519639
2006-06-27 00:00:00+05:30,3.6,3.66,3.52,3.55,977419
2006-06-28 00:00:00+05:30,3.54,3.57,3.51,3.56,620943
2006-06-29 00:00:00+05:30,3.5,3.6,3.49,3.52,505706
2006-06-30 00:00:00+05:30,3.55,3.61,3.52,3.56,776220
2006-07-03 00:00:00+05:30,3.6,3.64,3.51,3.53,1087112
2006-07-04 00:00:00+05:30,3.55,3.59,3.5,3.51,713608
2006-07-05 00:00:00+05:30,3.52,3.57,3.5,3.52,488495
2006-07-06 00:00:00+05:30,3.52,3.54,3.49,3.52,897245
2006-07-07 00:00:00+05:30,3.54,3.69,3.5,3.6,2033561
2006-07-10 00:00:00+05:30,3.67,4.01,3.67,3.96,7905209
2006-07-11 00:00:00+05:30,3.99,4.32,3.98,4.25,19278696
2006-07-12 00:00:00+05:30,4.13,4.17,4.06,4.12,2914589
2006-07-13 00:00:00+05:30,4.11,4.32,3.95,4.29,7381253
2006-07-14 00:00:00+05:30,4.29,4.29,4.03,4.19,915708
2006-07-17 00:00:00+05:30,4.14,4.2,4.11,4.16,1641198
2006-07-18 00:00:00+05:30,4.24,4.24,3.96,3.99,1125336
2006-07-19 00:00:00+05:30,4.09,4.09,3.77,3.8,891900
2006-07-20 00:00:00+05:30,3.93,4.02,3.87,3.9,625493
2006-07-21 00:00:00+05:30,3.91,3.93,3.77,3.81,573602
2006-07-24 00:00:00+05:30,3.73,4.05,3.64,3.93,5909199
2006-07-25 00:00:00+05:30,4.12,4.16,3.88,3.96,2054147
2006-07-26 00:00:00+05:30,3.88,3.99,3.88,3.9,848346
2006-07-27 00:00:00+05:30,3.96,3.99,3.87,3.9,771212
2006-07-28 00:00:00+05:30,3.9,4.06,3.83,3.96,2391992
2006-07-31 00:00:00+05:30,4.05,4.09,3.99,4.04,1344554
2006-08-01 00:00:00+05:30,3.95,3.99,3.94,3.96,501094
2006-08-02 00:00:00+05:30,3.95,4.0,3.95,3.98,545778
2006-08-03 00:00:00+05:30,4.0,4.05,3.97,3.99,749297
2006-08-04 00:00:00+05:30,4.06,4.25,4.06,4.17,3813147
2006-08-07 00:00:00+05:30,4.21,4.22,4.1,4.13,1285348
2006-08-08 00:00:00+05:30,4.13,4.21,4.13,4.19,1300146
2006-08-09 00:00:00+05:30,4.19,4.25,4.18,4.21,899826
2006-08-10 00:00:00+05:30,4.22,4.25,4.13,4.18,1241290
2006-08-11 00:00:00+05:30,4.14,4.26,4.14,4.18,1414924
2006-08-14 00:00:00+05:30,4.26,4.26,4.19,4.23,1005350
2006-08-16 00:00:00+05:30,4.26,4.37,4.25,4.35,3187302
2006-08-17 00:00:00+05:30,4.35,4.41,4.33,4.38,3191990
2006-08-18 00:00:00+05:30,4.42,4.43,4.32,4.4,1715752
2006-08-21 00:00:00+05:30,4.39,4.58,4.39,4.49,5365681
2006-08-22 00:00:00+05:30,4.46,4.74,4.46,4.71,13505960
2006-08-23 00:00:00+05:30,4.68,4.83,4.52,4.55,5248123
2006-08-24 00:00:00+05:30,4.48,4.63,4.47,4.58,2437516
2006-08-25 00:00:00+05:30,4.61,4.79,4.53,4.7,7047546
2006-08-28 00:00:00+05:30,4.75,4.75,4.62,4.64,1483645
2006-08-29 00:00:00+05:30,4.64,4.71,4.58,4.6,837947
2006-08-30 00:00:00+05:30,4.6,4.64,4.53,4.56,1168416
2006-08-31 00:00:00+05:30,4.53,4.58,4.47,4.5,916273
2006-09-01 00:00:00+05:30,4.47,4.52,4.43,4.46,473300
2006-09-04 00:00:00+05:30,4.52,4.62,4.41,4.44,3398564
2006-09-05 00:00:00+05:30,4.39,4.47,4.26,4.3,1463593
2006-09-06 00:00:00+05:30,4.32,4.39,4.26,4.35,1117975
2006-09-07 00:00:00+05:30,4.35,4.37,4.32,4.33,439246
2006-09-08 00:00:00+05:30,4.37,4.52,4.31,4.33,853569
2006-09-11 00:00:00+05:30,4.33,4.37,4.26,4.26,1242665
2006-09-12 00:00:00+05:30,4.26,4.35,4.26,4.32,1185856
2006-09-13 00:00:00+05:30,4.39,4.46,4.33,4.37,1671481
2006-09-14 00:00:00+05:30,4.4,4.44,4.36,4.37,1258944
2006-09-15 00:00:00+05:30,4.33,4.41,4.33,4.35,889762
2006-09-18 00:00:00+05:30,4.35,4.7,4.34,4.55,13345337
2006-09-19 00:00:00+05:30,4.58,4.68,4.35,4.39,4794110
2006-09-20 00:00:00+05:30,4.35,4.44,4.32,4.35,2468165
2006-09-21 00:00:00+05:30,4.35,4.44,4.35,4.38,1810372
2006-09-22 00:00:00+05:30,4.41,4.57,4.37,4.5,4288311
2006-09-25 00:00:00+05:30,4.5,4.52,4.36,4.38,2263317
2006-09-26 00:00:00+05:30,4.38,4.49,4.37,4.43,2207623
2006-09-27 00:00:00+05:30,4.48,4.48,4.41,4.45,1906764
2006-09-28 00:00:00+05:30,4.48,4.63,4.48,4.57,6905203
2006-09-29 00:00:00+05:30,4.57,4.6,4.49,4.55,5649436
2006-10-03 00:00:00+05:30,4.58,4.67,4.52,4.57,5228240
2006-10-04 00:00:00+05:30,4.6,4.64,4.46,4.48,1874618
2006-10-05 00:00:00+05:30,4.53,4.55,4.49,4.52,2320370
2006-10-06 00:00:00+05:30,4.52,4.58,4.5,4.51,1402020
2006-10-09 00:00:00+05:30,4.39,4.7,4.39,4.6,3818156
2006-10-10 00:00:00+05:30,4.65,4.65,4.55,4.57,1804875
2006-10-11 00:00:00+05:30,4.57,4.58,4.49,4.51,1400798
2006-10-12 00:00:00+05:30,4.55,4.58,4.5,4.52,2723194
2006-10-13 00:00:00+05:30,4.54,4.68,4.54,4.62,4343777
2006-10-16 00:00:00+05:30,4.69,4.91,4.69,4.9,21878057
2006-10-17 00:00:00+05:30,4.97,5.24,4.92,5.03,58470150
2006-10-18 00:00:00+05:30,5.16,5.16,4.85,5.06,16647373
2006-10-19 00:00:00+05:30,5.04,5.07,4.93,4.95,4633304
2006-10-20 00:00:00+05:30,4.97,5.1,4.88,4.9,5678894
2006-10-21 00:00:00+05:30,4.97,4.99,4.89,4.91,1120709
2006-10-23 00:00:00+05:30,4.91,4.94,4.86,4.89,2146171
2006-10-26 00:00:00+05:30,4.89,4.93,4.84,4.89,3037354
2006-10-27 00:00:00+05:30,4.92,4.98,4.89,4.94,3033124
2006-10-30 00:00:00+05:30,4.91,5.1,4.9,5.03,6041433
2006-10-31 00:00:00+05:30,5.11,5.17,4.86,4.89,2615013
2006-11-01 00:00:00+05:30,4.89,4.97,4.79,4.82,1716164
2006-11-02 00:00:00+05:30,4.81,4.87,4.74,4.75,1240741
2006-11-03 00:00:00+05:30,4.75,4.78,4.69,4.73,1296740
2006-11-06 00:00:00+05:30,4.77,4.77,4.65,4.66,875193
2006-11-07 00:00:00+05:30,4.68,4.8,4.59,4.75,1752769
2006-11-08 00:00:00+05:30,4.75,4.77,4.65,4.68,668986
2006-11-09 00:00:00+05:30,4.68,4.89,4.67,4.77,1758099
2006-11-10 00:00:00+05:30,4.72,4.75,4.66,4.69,845628
2006-11-13 00:00:00+05:30,4.69,4.77,4.64,4.66,1477643
2006-11-14 00:00:00+05:30,4.67,4.71,4.61,4.64,1430684
2006-11-15 00:00:00+05:30,4.64,4.7,4.62,4.67,1242176
2006-11-16 00:00:00+05:30,4.69,4.76,4.65,4.67,2466531
2006-11-17 00:00:00+05:30,4.68,4.7,4.59,4.6,1170294
2006-11-20 00:00:00+05:30,4.62,4.62,4.5,4.58,913555
2006-11-21 00:00:00+05:30,4.64,4.73,4.62,4.67,1357703
2006-11-22 00:00:00+05:30,4.68,4.91,4.67,4.83,3012187
2006-11-23 00:00:00+05:30,4.9,4.94,4.79,4.85,3033994
2006-11-24 00:00:00+05:30,4.83,4.91,4.78,4.88,1786290
2006-11-27 00:00:00+05:30,4.72,4.96,4.72,4.89,1618383
2006-11-28 00:00:00+05:30,4.71,4.91,4.71,4.79,1094977
2006-11-29 00:00:00+05:30,4.82,4.98,4.8,4.94,3773457
2006-11-30 00:00:00+05:30,4.98,5.04,4.92,4.95,2239142
2006-12-01 00:00:00+05:30,4.98,5.24,4.98,5.22,16490018
2006-12-04 00:00:00+05:30,5.17,5.32,5.15,5.23,8820428
2006-12-05 00:00:00+05:30,5.21,5.47,5.21,5.29,14195975
2006-12-06 00:00:00+05:30,5.32,5.42,5.21,5.29,8488799
2006-12-07 00:00:00+05:30,5.3,5.33,5.22,5.26,3870460
2006-12-08 00:00:00+05:30,5.27,5.28,5.11,5.23,3813117
2006-12-11 00:00:00+05:30,5.23,5.23,4.97,5.03,6171024
2006-12-12 00:00:00+05:30,4.98,5.03,4.03,4.82,3838391
2006-12-13 00:00:00+05:30,4.73,5.01,4.7,4.95,2086522
2006-12-14 00:00:00+05:30,4.94,5.07,4.91,5.05,1007335
2006-12-15 00:00:00+05:30,5.08,5.2,5.07,5.1,1589688
2006-12-18 00:00:00+05:30,5.11,5.3,5.06,5.25,2466623
2006-12-19 00:00:00+05:30,5.21,5.46,5.18,5.27,4746494
2006-12-20 00:00:00+05:30,5.43,5.43,5.26,5.3,3316955
2006-12-21 00:00:00+05:30,5.3,5.62,5.25,5.5,9290736
2006-12-22 00:00:00+05:30,5.57,5.66,5.39,5.63,5679993
2006-12-26 00:00:00+05:30,5.63,5.67,5.57,5.62,2278344
2006-12-27 00:00:00+05:30,5.7,5.7,5.49,5.53,1827827
2006-12-28 00:00:00+05:30,5.59,5.63,5.54,5.58,2633797
2006-12-29 00:00:00+05:30,5.57,5.63,5.53,5.58,2028415
2007-01-02 00:00:00+05:30,5.66,5.78,5.53,5.71,2811141
2007-01-03 00:00:00+05:30,5.78,5.99,5.7,5.96,6401238
2007-01-04 00:00:00+05:30,5.99,6.05,5.8,5.85,4510905
2007-01-05 00:00:00+05:30,5.89,6.06,5.86,6.02,4142471
2007-01-08 00:00:00+05:30,6.02,6.19,5.91,6.12,4551419
2007-01-09 00:00:00+05:30,6.21,6.27,6.06,6.18,8918699
2007-01-10 00:00:00+05:30,6.2,6.22,6.02,6.03,2393489
2007-01-11 00:00:00+05:30,6.06,6.61,6.02,6.51,6082802
2007-01-12 00:00:00+05:30,6.61,6.81,6.45,6.53,8335353
2007-01-15 00:00:00+05:30,6.68,6.91,6.32,6.34,14615521
2007-01-16 00:00:00+05:30,6.52,6.52,6.32,6.36,3785674
2007-01-17 00:00:00+05:30,6.45,6.61,6.36,6.45,4731498
2007-01-18 00:00:00+05:30,6.51,6.69,6.48,6.54,5894615
2007-01-19 00:00:00+05:30,6.57,6.64,6.42,6.44,1670121
2007-01-22 00:00:00+05:30,6.51,6.58,6.4,6.43,2659880
2007-01-23 00:00:00+05:30,6.55,6.57,6.35,6.37,3988721
2007-01-24 00:00:00+05:30,6.4,6.46,6.32,6.35,3170962
2007-01-25 00:00:00+05:30,6.45,6.64,6.36,6.56,2029041
2007-01-29 00:00:00+05:30,6.55,6.74,6.42,6.47,2565412
2007-01-31 00:00:00+05:30,6.55,6.55,6.37,6.42,3229603
2007-02-01 00:00:00+05:30,6.43,6.52,6.37,6.43,1335605
2007-02-02 00:00:00+05:30,6.51,6.57,6.42,6.44,2553592
2007-02-05 00:00:00+05:30,6.53,6.68,6.36,6.64,3569159
2007-02-06 00:00:00+05:30,6.65,6.79,6.45,6.51,2969473
2007-02-07 00:00:00+05:30,6.57,6.6,6.46,6.52,1918676
2007-02-08 00:00:00+05:30,6.56,6.68,6.48,6.5,2145316
2007-02-09 00:00:00+05:30,6.58,6.71,6.39,6.42,5864286
2007-02-12 00:00:00+05:30,6.47,6.59,6.31,6.37,3227924
2007-02-13 00:00:00+05:30,6.35,6.51,6.35,6.41,1681407
2007-02-14 00:00:00+05:30,6.35,6.45,6.1,6.43,3809345
2007-02-15 00:00:00+05:30,6.42,6.62,6.35,6.36,1279850
2007-02-19 00:00:00+05:30,6.36,6.48,6.36,6.4,2469295
2007-02-20 00:00:00+05:30,6.48,6.72,6.48,6.59,6358326
2007-02-21 00:00:00+05:30,6.56,6.68,6.45,6.57,1954243
2007-02-22 00:00:00+05:30,6.57,6.57,6.43,6.48,6719948
2007-02-23 00:00:00+05:30,6.54,6.55,6.39,6.49,4490564
2007-02-26 00:00:00+05:30,6.53,6.93,6.46,6.7,6215952
2007-02-27 00:00:00+05:30,6.74,6.91,6.64,6.68,2964220
2007-02-28 00:00:00+05:30,6.53,6.53,5.73,6.35,2370475
2007-03-01 00:00:00+05:30,6.35,6.53,6.3,6.36,991988
2007-03-02 00:00:00+05:30,6.41,6.45,6.16,6.24,1102673
2007-03-05 00:00:00+05:30,6.25,6.25,5.67,5.87,2651832
2007-03-06 00:00:00+05:30,6.12,6.12,5.84,6.0,1812174
2007-03-07 00:00:00+05:30,6.09,6.09,5.7,5.73,2612738
2007-03-08 00:00:00+05:30,5.79,5.99,5.78,5.97,1561650
2007-03-09 00:00:00+05:30,6.02,6.09,5.89,6.04,1468648
2007-03-12 00:00:00+05:30,6.07,6.11,5.9,5.99,1227393
2007-03-13 00:00:00+05:30,5.99,6.02,5.81,5.84,733201
2007-03-14 00:00:00+05:30,5.7,5.86,5.63,5.83,2733319
2007-03-15 00:00:00+05:30,5.83,5.93,5.83,5.83,645728
2007-03-16 00:00:00+05:30,5.83,5.89,5.83,5.86,344808
2007-03-19 00:00:00+05:30,5.88,5.99,5.88,5.93,668742
2007-03-20 00:00:00+05:30,5.99,6.0,5.9,5.94,1738063
2007-03-21 00:00:00+05:30,6.02,6.09,5.89,6.03,1587886
2007-03-22 00:00:00+05:30,6.15,6.19,6.02,6.09,1381724
2007-03-23 00:00:00+05:30,6.06,6.37,6.03,6.31,2198414
2007-03-26 00:00:00+05:30,6.02,6.58,6.02,6.39,1848993
2007-03-28 00:00:00+05:30,6.39,6.48,6.22,6.36,1655919
2007-03-29 00:00:00+05:30,6.41,6.47,6.36,6.42,1480728
2007-03-30 00:00:00+05:30,6.42,6.5,6.42,6.46,927772
2007-04-02 00:00:00+05:30,5.95,6.35,5.95,6.03,3290184
2007-04-03 00:00:00+05:30,6.04,6.15,6.03,6.09,432251
2007-04-04 00:00:00+05:30,6.12,6.24,6.12,6.22,616483
2007-04-05 00:00:00+05:30,6.24,6.29,6.19,6.23,736637
2007-04-09 00:00:00+05:30,6.25,6.35,6.18,6.22,591423
2007-04-10 00:00:00+05:30,6.23,6.31,6.16,6.24,1081141
2007-04-11 00:00:00+05:30,6.23,6.32,6.13,6.19,1562841
2007-04-12 00:00:00+05:30,6.16,6.25,6.12,6.17,796409
2007-04-13 00:00:00+05:30,6.25,6.26,6.14,6.17,1426271
2007-04-16 00:00:00+05:30,6.26,6.28,6.14,6.16,1342432
2007-04-17 00:00:00+05:30,6.28,6.29,6.16,6.23,1292052
2007-04-18 00:00:00+05:30,6.22,6.25,6.19,6.22,1108736
2007-04-19 00:00:00+05:30,6.22,6.25,6.16,6.23,919480
2007-04-20 00:00:00+05:30,6.23,6.32,6.22,6.26,1254744
2007-04-23 00:00:00+05:30,6.52,6.52,6.1,6.16,5141591
2007-04-24 00:00:00+05:30,6.22,6.58,6.22,6.55,6232537
2007-04-25 00:00:00+05:30,6.55,6.81,6.55,6.74,3601717
2007-04-26 00:00:00+05:30,6.81,6.84,6.52,6.55,1552930
2007-04-27 00:00:00+05:30,6.62,6.71,6.55,6.69,1850520
2007-04-30 00:00:00+05:30,6.55,7.04,6.5,6.88,2818731
2007-05-03 00:00:00+05:30,7.06,7.16,6.91,7.07,3167052
2007-05-04 00:00:00+05:30,7.13,7.24,6.94,6.96,1103529
2007-05-07 00:00:00+05:30,7.18,7.18,6.88,6.91,851905
2007-05-08 00:00:00+05:30,6.91,6.97,6.82,6.86,783093
2007-05-09 00:00:00+05:30,6.84,6.94,6.82,6.9,1572386
2007-05-10 00:00:00+05:30,6.91,6.96,6.84,6.88,961155
2007-05-11 00:00:00+05:30,6.84,6.91,6.84,6.88,942906
2007-05-14 00:00:00+05:30,6.95,7.01,6.84,6.87,733996
2007-05-15 00:00:00+05:30,6.88,7.01,6.88,6.93,1426301
2007-05-16 00:00:00+05:30,7.0,7.07,6.88,6.97,2197498
2007-05-17 00:00:00+05:30,6.98,7.01,6.88,6.89,1650361
2007-05-18 00:00:00+05:30,6.89,6.93,6.52,6.54,4091817
2007-05-21 00:00:00+05:30,6.68,6.84,6.65,6.67,2055735
2007-05-22 00:00:00+05:30,6.68,6.73,6.62,6.68,992904
2007-05-23 00:00:00+05:30,6.66,6.75,6.63,6.67,947472
2007-05-24 00:00:00+05:30,6.67,6.68,6.55,6.6,434832
2007-05-25 00:00:00+05:30,6.45,6.74,6.45,6.69,569097
2007-05-28 00:00:00+05:30,6.74,6.77,6.59,6.67,663381
2007-05-29 00:00:00+05:30,6.65,6.68,6.53,6.59,700857
2007-05-30 00:00:00+05:30,6.58,6.67,6.55,6.57,834969
2007-05-31 00:00:00+05:30,6.59,6.68,6.51,6.6,594600
2007-06-01 00:00:00+05:30,6.59,6.81,6.57,6.76,1807990
2007-06-04 00:00:00+05:30,6.81,6.81,6.71,6.77,1587687
2007-06-05 00:00:00+05:30,6.76,6.77,6.68,6.74,5172332
2007-06-06 00:00:00+05:30,6.74,6.81,6.74,6.75,1036534
2007-06-07 00:00:00+05:30,6.74,6.74,6.48,6.54,1757213
2007-06-08 00:00:00+05:30,6.55,6.55,6.31,6.54,1024317
2007-06-11 00:00:00+05:30,6.55,6.62,6.49,6.54,1361414
2007-06-12 00:00:00+05:30,6.57,6.68,6.49,6.54,947060
2007-06-13 00:00:00+05:30,6.54,6.58,6.51,6.55,1258440
2007-06-14 00:00:00+05:30,6.61,6.61,6.52,6.55,1205540
2007-06-15 00:00:00+05:30,6.67,6.84,6.65,6.79,2372414
2008-12-26 00:00:00+05:30,4.56,4.67,4.54,4.58,1380579
2008-12-29 00:00:00+05:30,4.59,4.66,4.51,4.65,473139
2008-12-30 00:00:00+05:30,4.59,4.67,4.59,4.66,606096
2008-12-31 00:00:00+05:30,4.67,4.67,4.63,4.66,886305
2009-01-01 00:00:00+05:30,4.62,4.7,4.59,4.66,5367908
2009-01-02 00:00:00+05:30,4.67,5.22,4.65,4.89,18886458
2009-01-05 00:00:00+05:30,4.99,5.13,4.99,5.06,15060992
2009-01-06 00:00:00+05:30,5.07,5.1,4.92,4.99,5695274
2009-01-07 00:00:00+05:30,5.0,5.02,4.58,4.64,3793750
2009-01-09 00:00:00+05:30,4.56,4.87,4.11,4.66,3189315
2009-01-12 00:00:00+05:30,4.7,4.85,4.63,4.68,5120844
2009-01-13 00:00:00+05:30,4.67,4.78,4.62,4.69,1808198
2009-01-14 00:00:00+05:30,4.77,4.81,4.66,4.69,1514807
2009-01-15 00:00:00+05:30,4.66,4.67,4.5,4.59,1920105
2009-01-16 00:00:00+05:30,4.67,4.7,4.54,4.56,1491094
2009-01-19 00:00:00+05:30,4.62,4.73,4.58,4.67,1854402
2009-01-20 00:00:00+05:30,4.7,4.74,4.58,4.62,1111891
2009-01-21 00:00:00+05:30,4.7,4.7,4.44,4.49,922882
2009-01-22 00:00:00+05:30,4.54,4.58,4.3,4.33,1915451
2009-01-23 00:00:00+05:30,4.19,4.36,4.19,4.24,1087286
2009-01-27 00:00:00+05:30,4.26,4.4,4.19,4.3,3048013
2009-01-28 00:00:00+05:30,4.33,4.35,4.19,4.23,1657562
2009-01-29 00:00:00+05:30,4.26,4.29,4.15,4.18,3677762
2009-01-30 00:00:00+05:30,4.2,4.21,4.11,4.14,2272247
2009-02-02 00:00:00+05:30,4.17,4.25,4.1,4.11,3551084
2009-02-03 00:00:00+05:30,4.15,4.15,4.01,4.03,1808992
2009-02-04 00:00:00+05:30,4.13,4.21,4.02,4.04,2531418
2009-02-05 00:00:00+05:30,4.02,4.09,3.97,4.0,599083
2009-02-06 00:00:00+05:30,4.01,4.08,3.97,4.06,661818
2009-02-09 00:00:00+05:30,4.08,4.1,4.01,4.07,2750823
2009-02-10 00:00:00+05:30,4.09,4.09,3.91,3.94,4128043
2009-02-11 00:00:00+05:30,3.95,3.95,3.91,3.92,1674471
2009-02-12 00:00:00+05:30,3.93,3.93,3.88,3.9,1637062
2009-02-13 00:00:00+05:30,3.93,3.93,3.81,3.85,18460073
2009-02-16 00:00:00+05:30,3.93,3.93,3.75,3.77,9856450
2009-02-17 00:00:00+05:30,3.76,3.76,3.7,3.71,2131508
2009-02-18 00:00:00+05:30,3.67,3.77,3.63,3.73,4629782
2009-02-19 00:00:00+05:30,3.76,3.77,3.67,3.69,1291982
2009-02-20 00:00:00+05:30,3.62,3.68,3.59,3.63,1675851
2009-02-24 00:00:00+05:30,3.68,3.7,3.56,3.65,1291591
2009-02-25 00:00:00+05:30,3.67,3.87,3.66,3.8,6109014
2009-02-26 00:00:00+05:30,3.89,3.95,3.8,3.85,2687857
2009-02-27 00:00:00+05:30,3.86,3.93,3.77,3.88,1921791
2009-03-02 00:00:00+05:30,3.85,3.85,3.63,3.72,919987
2009-03-03 00:00:00+05:30,3.68,3.74,3.59,3.68,1127541
2009-03-04 00:00:00+05:30,3.84,3.89,3.59,3.64,699678
2009-03-05 00:00:00+05:30,3.68,3.77,3.61,3.71,1298334
2009-03-06 00:00:00+05:30,3.68,3.72,3.61,3.68,996355
2009-03-09 00:00:00+05:30,3.61,3.79,3.61,3.76,1344502
2009-03-12 00:00:00+05:30,3.78,3.85,3.69,3.72,753323
2009-03-13 00:00:00+05:30,3.73,3.93,3.68,3.7,7749082
2009-03-16 00:00:00+05:30,3.73,3.83,3.71,3.81,1228380
2009-03-17 00:00:00+05:30,3.83,3.88,3.78,3.85,858352
2009-03-18 00:00:00+05:30,3.89,3.99,3.82,3.94,1631284
2009-03-19 00:00:00+05:30,3.98,3.99,3.89,3.93,800957
2009-03-20 00:00:00+05:30,3.91,4.22,3.89,4.06,1159818
2009-03-23 00:00:00+05:30,4.1,4.26,4.01,4.13,6702050
2009-03-24 00:00:00+05:30,4.21,4.24,4.0,4.02,6935138
2009-03-25 00:00:00+05:30,4.01,4.28,3.86,4.17,1804154
2009-03-26 00:00:00+05:30,4.17,4.53,4.14,4.34,3815802
2009-03-27 00:00:00+05:30,4.34,4.58,4.28,4.42,2692951
2009-03-30 00:00:00+05:30,4.28,4.34,4.16,4.26,1804887
2009-03-31 00:00:00+05:30,4.23,4.32,4.11,4.19,1566815
2009-04-01 00:00:00+05:30,4.23,4.35,4.21,4.31,698872
2009-04-02 00:00:00+05:30,4.34,4.5,4.34,4.46,2204089
2009-04-06 00:00:00+05:30,4.57,4.66,4.38,4.45,4207783
2009-04-08 00:00:00+05:30,4.26,4.66,4.19,4.56,6038595
2009-04-09 00:00:00+05:30,4.75,5.12,4.52,4.92,12394160
2009-04-13 00:00:00+05:30,5.07,5.16,4.87,4.96,6680255
2009-04-15 00:00:00+05:30,4.87,5.07,4.8,4.99,5718962
2009-04-16 00:00:00+05:30,5.07,5.2,4.75,4.78,5475612
2009-04-17 00:00:00+05:30,4.87,5.23,4.78,4.94,9824588
2009-04-20 00:00:00+05:30,5.04,5.27,5.04,5.14,8193328
2009-04-21 00:00:00+05:30,5.05,5.2,4.99,5.05,3599512
2009-04-22 00:00:00+05:30,5.12,5.3,4.99,5.08,4284176
2009-04-23 00:00:00+05:30,5.08,5.11,4.96,5.01,3901956
2009-04-24 00:00:00+05:30,5.05,5.12,5.01,5.08,2741123
2009-04-27 00:00:00+05:30,5.16,5.46,5.0,5.24,16415635
2009-04-28 00:00:00+05:30,5.19,5.35,4.97,5.02,3629004
2009-04-29 00:00:00+05:30,5.07,5.22,5.05,5.17,2561228
2009-05-04 00:00:00+05:30,5.31,5.44,5.22,5.31,6149415
2009-05-05 00:00:00+05:30,5.36,5.36,5.25,5.3,3035589
2009-05-06 00:00:00+05:30,5.32,5.39,5.08,5.16,7489642
2009-05-07 00:00:00+05:30,5.2,5.28,5.14,5.22,3968123
2009-05-08 00:00:00+05:30,5.25,5.27,5.12,5.17,1596001
2009-05-11 00:00:00+05:30,5.16,5.21,5.1,5.17,1902110
2009-05-12 00:00:00+05:30,5.15,5.26,5.1,5.23,1748005
2009-05-13 00:00:00+05:30,5.17,5.32,5.16,5.21,3956211
2009-05-14 00:00:00+05:30,5.17,5.23,5.04,5.19,3096051
2009-05-15 00:00:00+05:30,5.24,5.5,5.24,5.42,5456249
2009-05-18 00:00:00+05:30,6.37,6.37,6.3,6.34,50333
2009-05-19 00:00:00+05:30,6.47,7.27,5.61,6.86,22171713
2009-05-20 00:00:00+05:30,6.79,7.29,6.72,7.22,13488081
2009-05-21 00:00:00+05:30,7.28,8.17,7.2,7.49,14384502
2009-05-22 00:00:00+05:30,7.45,7.86,7.42,7.49,5581961
2009-05-25 00:00:00+05:30,7.61,8.04,7.61,7.99,7123768
2009-05-26 00:00:00+05:30,8.1,8.16,7.29,7.4,6546638
2009-05-27 00:00:00+05:30,7.61,7.78,7.44,7.52,3358667
2009-05-28 00:00:00+05:30,7.6,7.67,7.5,7.61,2123029
2009-05-29 00:00:00+05:30,7.69,7.94,7.63,7.89,4282515
2009-06-01 00:00:00+05:30,8.02,8.54,7.87,8.21,12349434
2009-06-02 00:00:00+05:30,8.34,8.43,7.78,7.89,5977913
2009-06-03 00:00:00+05:30,8.02,8.16,7.82,7.9,4457889
2009-06-04 00:00:00+05:30,7.82,8.21,7.61,8.11,11236602
2009-06-05 00:00:00+05:30,8.37,8.59,7.73,7.81,18947347
2009-06-08 00:00:00+05:30,7.87,7.98,7.33,7.4,8970157
2009-06-09 00:00:00+05:30,7.37,7.45,7.2,7.38,12776796
2009-06-10 00:00:00+05:30,7.53,7.69,7.39,7.5,4947534
2009-06-11 00:00:00+05:30,7.53,7.53,7.01,7.06,8749030
2009-06-12 00:00:00+05:30,7.2,7.32,6.97,7.02,3912572
2009-06-15 00:00:00+05:30,6.97,7.16,6.88,6.98,3649687
2009-06-16 00:00:00+05:30,6.9,7.35,6.88,7.25,3688733
2009-06-17 00:00:00+05:30,7.19,7.6,6.93,7.0,4580768
2009-06-18 00:00:00+05:30,6.97,7.24,6.86,7.17,3785589
2009-06-19 00:00:00+05:30,7.17,7.28,6.88,7.02,2013064
2009-06-22 00:00:00+05:30,7.12,7.27,7.04,7.14,1642303
2009-06-23 00:00:00+05:30,6.97,7.27,6.65,7.2,3052411
2009-06-24 00:00:00+05:30,7.32,7.51,7.16,7.24,4728373
2009-06-25 00:00:00+05:30,7.32,7.51,7.3,7.43,4175054
2009-06-26 00:00:00+05:30,7.37,7.65,7.29,7.6,5023926
2009-06-29 00:00:00+05:30,7.53,7.86,7.49,7.74,3872366
2009-06-30 00:00:00+05:30,7.83,7.86,7.38,7.45,2837613
2009-07-01 00:00:00+05:30,7.45,7.53,7.31,7.46,1376242
2009-07-02 00:00:00+05:30,7.56,7.56,7.31,7.38,892364
2009-07-03 00:00:00+05:30,7.33,7.64,7.28,7.59,2109872
2009-07-06 00:00:00+05:30,7.77,7.77,7.06,7.17,2441892
2009-07-07 00:00:00+05:30,7.28,7.34,6.95,7.28,1268000
2009-07-08 00:00:00+05:30,7.05,7.21,6.88,6.98,5302534
2009-07-09 00:00:00+05:30,6.96,7.08,6.96,6.98,7484120
2009-07-10 00:00:00+05:30,7.0,7.19,7.0,7.14,2656520
2009-07-13 00:00:00+05:30,6.92,7.32,6.88,7.14,3312389
2009-07-14 00:00:00+05:30,7.28,7.78,7.24,7.73,4008879
2009-07-15 00:00:00+05:30,7.78,8.1,7.57,8.03,17169936
2009-07-16 00:00:00+05:30,8.27,8.35,7.86,8.05,5370229
2009-07-17 00:00:00+05:30,8.1,8.46,8.03,8.38,6215167
2009-07-20 00:00:00+05:30,8.59,8.65,8.36,8.53,3809388
2009-07-21 00:00:00+05:30,8.44,8.54,8.33,8.43,2441098
2009-07-22 00:00:00+05:30,8.43,8.81,8.39,8.5,4468433
2009-07-23 00:00:00+05:30,8.35,8.81,8.35,8.67,4806867
2009-07-24 00:00:00+05:30,8.75,8.84,8.6,8.78,2066819
2009-07-27 00:00:00+05:30,8.8,9.22,8.76,9.18,5269781
2009-07-28 00:00:00+05:30,9.43,9.94,9.43,9.74,10783633
2009-07-29 00:00:00+05:30,9.81,9.82,9.0,9.66,4392028
2009-07-30 00:00:00+05:30,9.79,9.8,9.27,9.51,4019898
2009-07-31 00:00:00+05:30,9.57,9.86,9.54,9.78,3157954
2009-08-03 00:00:00+05:30,9.66,10.09,9.65,9.99,4137316
2009-08-04 00:00:00+05:30,9.99,10.11,9.8,9.89,1859534
2009-08-05 00:00:00+05:30,9.95,9.95,9.72,9.82,1732538
2009-08-06 00:00:00+05:30,9.74,9.99,9.58,9.69,1876271
2009-08-07 00:00:00+05:30,9.5,9.9,9.14,9.58,2992597
2009-08-10 00:00:00+05:30,9.67,9.86,9.49,9.6,1724768
2009-08-11 00:00:00+05:30,9.42,9.72,9.42,9.52,840271
2009-08-12 00:00:00+05:30,9.45,9.65,9.37,9.53,762693
2009-08-13 00:00:00+05:30,9.45,9.62,9.45,9.58,973106
2009-08-14 00:00:00+05:30,9.66,9.68,9.41,9.43,593439
2009-08-17 00:00:00+05:30,9.4,9.41,9.03,9.09,804536
2009-08-18 00:00:00+05:30,9.04,9.25,8.97,9.06,990418
2009-08-19 00:00:00+05:30,9.24,9.31,8.76,8.88,803364
2009-08-20 00:00:00+05:30,9.0,9.09,8.81,8.93,458246
2009-08-21 00:00:00+05:30,8.8,9.48,8.8,9.37,2203979
2009-08-24 00:00:00+05:30,9.58,10.0,9.49,9.68,5770799
2009-08-25 00:00:00+05:30,9.72,9.74,9.53,9.57,1266008
2009-08-26 00:00:00+05:30,9.66,9.66,9.35,9.47,1197923
2009-08-27 00:00:00+05:30,9.34,9.64,9.34,9.44,526258
2009-08-28 00:00:00+05:30,9.49,9.7,9.38,9.55,1324442
2009-08-31 00:00:00+05:30,9.46,9.58,9.4,9.47,585889
2009-09-01 00:00:00+05:30,9.49,9.82,9.43,9.58,2207901
2009-09-02 00:00:00+05:30,9.63,9.63,9.35,9.41,858462
2009-09-03 00:00:00+05:30,9.41,9.72,9.41,9.63,1144242
2009-09-04 00:00:00+05:30,9.73,10.04,9.66,9.69,4035316
2009-09-07 00:00:00+05:30,9.81,9.99,9.6,9.73,2516453
2009-09-08 00:00:00+05:30,9.82,9.82,9.59,9.63,1055314
2009-09-09 00:00:00+05:30,9.7,9.8,9.54,9.76,1220011
2009-09-10 00:00:00+05:30,9.82,9.99,9.51,9.64,4285227
2009-09-11 00:00:00+05:30,9.73,10.42,9.62,9.88,13263288
2009-09-14 00:00:00+05:30,9.88,10.0,9.66,9.74,2987246
2009-09-15 00:00:00+05:30,9.76,9.95,9.71,9.79,5288241
2009-09-16 00:00:00+05:30,9.82,10.3,9.82,10.07,12579187
2009-09-17 00:00:00+05:30,10.19,10.26,9.74,9.82,4660703
2009-09-18 00:00:00+05:30,9.82,9.9,9.7,9.74,2086415
2009-09-22 00:00:00+05:30,9.82,9.88,9.69,9.77,1653348
2009-09-23 00:00:00+05:30,9.7,9.89,9.42,9.79,2689763
2009-09-24 00:00:00+05:30,9.78,9.86,9.59,9.81,1545618
2009-09-25 00:00:00+05:30,9.86,10.14,9.76,9.96,9378729
2009-09-29 00:00:00+05:30,9.99,10.26,9.8,9.86,4477559
2009-09-30 00:00:00+05:30,9.9,10.23,9.72,10.17,15944365
2009-10-01 00:00:00+05:30,10.19,10.31,9.9,9.97,4018286
2009-10-05 00:00:00+05:30,9.82,9.99,9.79,9.84,2944450
2009-10-06 00:00:00+05:30,9.96,9.97,9.63,9.9,3541604
2009-10-07 00:00:00+05:30,9.97,10.35,9.92,10.11,4259400
2009-10-08 00:00:00+05:30,10.22,10.48,10.07,10.28,9289814
2009-10-09 00:00:00+05:30,10.31,10.7,10.31,10.46,12546885
2009-10-12 00:00:00+05:30,10.72,11.17,10.64,10.79,23624056
2009-10-14 00:00:00+05:30,10.89,11.82,10.85,11.59,22967918
2009-10-15 00:00:00+05:30,11.83,11.9,11.46,11.69,9935188
2009-10-16 00:00:00+05:30,11.78,11.86,11.59,11.71,6288860
2009-10-17 00:00:00+05:30,11.93,12.22,11.8,12.08,5643767
2009-10-20 00:00:00+05:30,12.37,13.1,12.25,12.49,28634299
2009-10-21 00:00:00+05:30,12.52,12.6,11.83,11.98,8614166
2009-10-22 00:00:00+05:30,11.95,11.95,11.47,11.66,5453866
2009-10-23 00:00:00+05:30,11.79,12.18,11.75,11.91,4438757
2009-10-26 00:00:00+05:30,11.99,12.02,11.58,11.73,2965353
2009-10-27 00:00:00+05:30,11.47,11.7,10.83,10.96,5278772
2009-10-28 00:00:00+05:30,10.97,11.3,10.37,11.07,5431045
2009-10-29 00:00:00+05:30,10.93,10.97,10.64,10.76,3413631
2009-10-30 00:00:00+05:30,11.09,11.43,10.67,10.75,3982270
2009-11-03 00:00:00+05:30,11.03,11.04,10.23,10.33,6476354
2009-11-04 00:00:00+05:30,10.55,10.8,10.4,10.6,2374699
2009-11-05 00:00:00+05:30,10.64,10.91,10.48,10.83,7701301
2009-11-06 00:00:00+05:30,10.96,11.25,10.95,10.98,2801768
2009-11-09 00:00:00+05:30,11.12,11.58,11.05,11.47,4845436
2009-11-10 00:00:00+05:30,11.54,11.86,11.08,11.48,5185044
2009-11-11 00:00:00+05:30,11.5,11.77,11.46,11.69,3213248
2009-11-12 00:00:00+05:30,11.54,11.71,11.3,11.39,1834086
2009-11-13 00:00:00+05:30,11.46,11.67,11.38,11.49,2858271
2009-11-16 00:00:00+05:30,11.62,11.66,11.4,11.61,3617434
2009-11-17 00:00:00+05:30,11.54,11.91,11.48,11.73,6943543
2009-11-18 00:00:00+05:30,11.82,12.16,11.75,11.87,5908387
2009-11-19 00:00:00+05:30,11.86,11.87,11.39,11.52,1979590
2009-11-20 00:00:00+05:30,11.54,11.85,11.38,11.76,2438435
2009-11-23 00:00:00+05:30,11.87,12.18,11.79,12.07,5180633
2009-11-24 00:00:00+05:30,12.11,12.28,11.91,12.14,12308299
2009-11-25 00:00:00+05:30,12.11,12.11,11.95,12.03,4526255
2009-11-26 00:00:00+05:30,12.1,12.11,11.59,11.71,1977061
2009-11-27 00:00:00+05:30,11.46,11.63,10.85,11.49,4622672
2009-11-30 00:00:00+05:30,11.58,11.77,11.3,11.38,6824135
2009-12-01 00:00:00+05:30,11.64,11.82,11.53,11.73,3482950
2009-12-02 00:00:00+05:30,11.75,12.02,11.71,11.79,2631182
2009-12-03 00:00:00+05:30,11.79,11.9,11.62,11.73,1466257
2009-12-04 00:00:00+05:30,11.54,11.86,11.54,11.74,1197398
2009-12-07 00:00:00+05:30,11.86,12.28,11.67,11.73,2764946
2009-12-08 00:00:00+05:30,11.73,11.91,11.62,11.76,1356414
2009-12-09 00:00:00+05:30,11.79,11.86,11.63,11.71,826038
2009-12-10 00:00:00+05:30,11.79,11.94,11.66,11.89,3711676
2009-12-11 00:00:00+05:30,11.95,12.03,11.71,11.82,1655351
2009-12-14 00:00:00+05:30,11.71,11.92,11.64,11.74,2888887
2009-12-15 00:00:00+05:30,11.78,11.86,11.46,11.49,1076804
2009-12-16 00:00:00+05:30,11.46,11.76,11.24,11.63,1230249
2009-12-17 00:00:00+05:30,11.55,12.03,11.49,11.91,2420293
2009-12-18 00:00:00+05:30,11.87,11.87,11.71,11.83,1161052
2009-12-21 00:00:00+05:30,11.87,11.9,11.63,11.85,1516481
2009-12-22 00:00:00+05:30,11.81,11.94,11.8,11.87,665471
2009-12-23 00:00:00+05:30,11.8,11.99,11.8,11.88,950065
2009-12-24 00:00:00+05:30,11.87,11.98,11.8,11.87,695536
2009-12-29 00:00:00+05:30,11.87,11.95,11.77,11.82,2944096
2009-12-30 00:00:00+05:30,11.81,12.01,11.66,11.86,2775563
2009-12-31 00:00:00+05:30,11.95,12.52,11.93,12.24,18504482
2010-01-04 00:00:00+05:30,12.27,12.51,12.2,12.28,6598548
2010-01-05 00:00:00+05:30,12.4,12.48,12.13,12.21,2540716
2010-01-06 00:00:00+05:30,12.28,12.4,12.01,12.07,2544833
2010-01-07 00:00:00+05:30,12.2,12.2,11.83,11.91,3242581
2010-01-08 00:00:00+05:30,12.04,12.09,11.76,11.93,2916742
2010-01-11 00:00:00+05:30,12.03,12.18,11.95,12.03,3574492
2010-01-12 00:00:00+05:30,12.1,12.1,11.83,11.94,2212470
2010-01-13 00:00:00+05:30,12.03,12.11,11.91,12.02,2942275
2010-01-14 00:00:00+05:30,12.14,12.28,11.88,11.94,9900138
2010-01-15 00:00:00+05:30,12.02,12.24,11.75,11.86,5289914
2010-01-18 00:00:00+05:30,11.86,12.11,11.85,11.99,3897106
2010-01-19 00:00:00+05:30,12.03,12.11,11.87,11.97,5955752
2010-01-20 00:00:00+05:30,12.27,13.89,11.91,12.27,6906783
2010-01-21 00:00:00+05:30,12.27,12.36,11.92,11.98,3239869
2010-01-22 00:00:00+05:30,11.47,11.83,10.65,11.75,1917039
2010-01-25 00:00:00+05:30,11.94,12.52,11.45,11.5,1932994
2010-01-27 00:00:00+05:30,11.54,11.72,10.85,11.01,1731988
2010-01-28 00:00:00+05:30,11.21,11.29,10.86,11.01,1573888
2010-01-29 00:00:00+05:30,11.01,11.42,10.69,11.29,1986663
2010-02-01 00:00:00+05:30,11.21,11.58,11.17,11.49,7765502
2010-02-02 00:00:00+05:30,11.55,11.71,11.24,11.29,1559399
2010-02-03 00:00:00+05:30,11.44,11.52,11.17,11.27,841028
2010-02-04 00:00:00+05:30,11.37,11.44,11.07,11.17,603860
2010-02-05 00:00:00+05:30,11.18,11.18,10.71,10.94,2639074
2010-02-06 00:00:00+05:30,11.13,11.13,10.91,10.96,199283
2010-02-08 00:00:00+05:30,10.89,11.42,10.85,11.25,1313239
2010-02-09 00:00:00+05:30,11.25,11.37,11.17,11.25,758943
2010-02-10 00:00:00+05:30,11.36,11.58,11.21,11.46,15950792
2010-02-11 00:00:00+05:30,11.62,11.71,11.32,11.44,990662
2010-02-15 00:00:00+05:30,11.34,11.54,11.23,11.3,795703
2010-02-16 00:00:00+05:30,11.38,11.49,11.21,11.46,1040202
2010-02-17 00:00:00+05:30,11.53,11.79,11.53,11.72,3615394
2010-02-18 00:00:00+05:30,11.83,11.87,11.63,11.68,1140833
2010-02-19 00:00:00+05:30,11.51,11.69,11.46,11.47,10642050
2010-02-22 00:00:00+05:30,11.48,11.62,11.41,11.46,4757792
2010-02-23 00:00:00+05:30,11.5,11.52,11.34,11.46,601893
2010-02-24 00:00:00+05:30,11.46,11.54,11.32,11.43,488263
2010-02-25 00:00:00+05:30,11.42,11.57,11.36,11.44,543643
2010-02-26 00:00:00+05:30,11.46,12.02,11.38,11.84,2326271
2010-03-02 00:00:00+05:30,11.94,12.18,11.91,11.95,1027851
2010-03-03 00:00:00+05:30,12.09,12.14,11.88,12.02,1336855
2010-03-04 00:00:00+05:30,12.2,12.32,12.02,12.17,3958068
2010-03-05 00:00:00+05:30,12.28,12.35,12.09,12.2,1438732
2010-03-08 00:00:00+05:30,12.36,12.48,12.2,12.23,2098583
2010-03-09 00:00:00+05:30,12.34,12.4,12.1,12.14,1409472
2010-03-10 00:00:00+05:30,12.12,12.24,12.08,12.12,787677
2010-03-11 00:00:00+05:30,12.19,12.2,11.87,11.9,905962
2010-03-12 00:00:00+05:30,11.96,12.11,11.92,11.98,715401
2010-03-15 00:00:00+05:30,12.02,12.1,11.89,11.98,626743
2010-03-16 00:00:00+05:30,11.99,12.09,11.84,12.04,2273029
2010-03-17 00:00:00+05:30,12.19,12.61,12.06,12.46,8766744
2010-03-18 00:00:00+05:30,12.48,12.88,12.48,12.67,6057189
2010-03-19 00:00:00+05:30,12.65,13.01,12.4,12.81,3677444
2010-03-22 00:00:00+05:30,12.73,13.06,12.54,12.81,3625351
2010-03-23 00:00:00+05:30,12.92,12.97,12.52,12.76,2291001
2010-03-25 00:00:00+05:30,12.97,13.1,12.77,12.92,8915901
2010-03-26 00:00:00+05:30,13.04,13.63,13.01,13.55,9025561
2010-03-29 00:00:00+05:30,13.12,14.24,13.12,14.06,9433816
2010-03-30 00:00:00+05:30,14.16,14.53,14.04,14.34,8958319
2010-03-31 00:00:00+05:30,14.32,14.69,14.32,14.58,7291727
2010-04-01 00:00:00+05:30,14.64,14.95,14.32,14.43,7540111
2010-04-05 00:00:00+05:30,14.65,14.65,14.29,14.33,4281867
2010-04-06 00:00:00+05:30,14.35,14.49,14.29,14.37,8270613
2010-04-07 00:00:00+05:30,14.37,14.64,14.25,14.36,8314655
2010-04-08 00:00:00+05:30,14.37,14.63,14.32,14.5,1673725
2010-04-09 00:00:00+05:30,14.41,14.77,14.34,14.72,1587962
2010-04-12 00:00:00+05:30,14.94,15.04,14.53,14.71,2245431
2010-04-13 00:00:00+05:30,14.69,14.81,14.42,14.51,1198119
2010-04-15 00:00:00+05:30,14.89,14.98,14.34,14.56,2363899
2010-04-16 00:00:00+05:30,14.49,14.68,14.3,14.34,2069653
2010-04-19 00:00:00+05:30,14.09,14.32,13.71,13.77,6075478
2010-04-20 00:00:00+05:30,13.92,14.16,13.76,13.83,1846437
2010-04-21 00:00:00+05:30,13.97,14.05,13.87,13.9,3675771
2010-04-22 00:00:00+05:30,14.0,14.26,13.78,13.92,1811496
2010-04-23 00:00:00+05:30,14.07,14.32,13.96,14.16,2166937
2010-04-26 00:00:00+05:30,14.32,14.49,14.25,14.37,1225521
2010-04-27 00:00:00+05:30,14.4,14.73,14.37,14.65,2264074
2010-04-28 00:00:00+05:30,14.32,14.43,13.75,14.17,1518619
2010-04-29 00:00:00+05:30,14.21,14.59,14.21,14.32,2486338
2010-04-30 00:00:00+05:30,14.49,14.61,14.16,14.31,2270464
2010-05-03 00:00:00+05:30,13.51,13.75,11.79,12.56,58940114
2010-05-04 00:00:00+05:30,12.81,12.97,12.16,12.2,12410287
2010-05-05 00:00:00+05:30,12.11,12.43,11.87,12.31,6160679
2010-05-06 00:00:00+05:30,12.28,12.48,12.09,12.21,4971992
2010-05-07 00:00:00+05:30,11.95,12.11,11.88,12.01,4122191
2010-05-10 00:00:00+05:30,12.27,12.36,11.93,12.01,4024626
2010-05-11 00:00:00+05:30,12.03,12.19,11.72,11.79,4527893
2010-05-12 00:00:00+05:30,11.95,11.95,11.54,11.6,4024016
2010-05-13 00:00:00+05:30,11.62,12.07,11.62,11.83,10045825
2010-05-14 00:00:00+05:30,11.86,12.1,11.79,11.98,4663391
2010-05-17 00:00:00+05:30,11.87,11.99,11.75,11.93,2803845
2010-05-18 00:00:00+05:30,13.51,13.51,11.89,11.95,6074159
2010-05-19 00:00:00+05:30,12.03,13.42,12.03,12.45,27855052
2010-05-20 00:00:00+05:30,12.45,13.09,12.45,12.74,6431689
2010-05-21 00:00:00+05:30,12.45,12.84,12.31,12.71,4630992
2010-05-24 00:00:00+05:30,12.85,12.99,12.69,12.73,3366559
2010-05-25 00:00:00+05:30,12.7,13.01,12.53,12.65,31264810
2010-05-26 00:00:00+05:30,12.71,13.05,12.71,12.9,5607177
2010-05-27 00:00:00+05:30,13.01,13.26,12.89,13.21,4691417
2010-05-28 00:00:00+05:30,13.37,13.92,13.18,13.75,11202602
2010-05-31 00:00:00+05:30,13.75,14.08,13.69,13.91,5139853
2010-06-01 00:00:00+05:30,14.03,14.24,13.67,13.75,5068983
2010-06-02 00:00:00+05:30,13.94,13.95,13.51,13.54,3430417
2010-06-03 00:00:00+05:30,13.78,13.91,13.46,13.51,3715170
2010-06-04 00:00:00+05:30,13.59,13.94,13.43,13.8,5119072
2010-06-07 00:00:00+05:30,13.51,13.82,13.19,13.67,2062934
2010-06-08 00:00:00+05:30,13.75,13.89,13.46,13.57,2500705
2010-06-09 00:00:00+05:30,13.62,13.67,13.28,13.33,1920692
2010-06-10 00:00:00+05:30,13.34,13.59,13.18,13.46,1940605
2010-06-11 00:00:00+05:30,13.6,13.67,13.36,13.55,1469323
2010-06-14 00:00:00+05:30,13.67,13.91,13.55,13.6,4764291
2010-06-15 00:00:00+05:30,13.65,13.65,13.43,13.54,3417699
2010-06-16 00:00:00+05:30,13.59,13.65,13.26,13.31,2322520
2010-06-17 00:00:00+05:30,13.38,13.38,13.1,13.17,2005172
2010-06-18 00:00:00+05:30,13.25,13.29,12.97,13.01,2051939
2010-06-21 00:00:00+05:30,13.1,13.26,12.97,12.99,2269499
2010-06-22 00:00:00+05:30,12.95,13.6,12.85,13.08,9418996
2010-06-23 00:00:00+05:30,13.13,13.54,13.11,13.36,7144220
2010-06-24 00:00:00+05:30,13.42,13.49,13.29,13.39,2873543
2010-06-25 00:00:00+05:30,13.37,13.63,13.36,13.53,4616844
2010-06-28 00:00:00+05:30,13.51,13.65,13.51,13.6,2408809
2010-06-29 00:00:00+05:30,13.6,13.87,13.57,13.65,5016743
2010-06-30 00:00:00+05:30,13.63,13.72,13.44,13.58,1952175
2010-07-01 00:00:00+05:30,13.59,14.08,13.58,13.93,11655595
2010-07-02 00:00:00+05:30,14.06,14.21,13.94,13.98,4048291
2010-07-05 00:00:00+05:30,13.87,14.15,13.87,14.06,3371262
2010-07-06 00:00:00+05:30,13.92,14.12,13.68,14.05,4739552
2010-07-07 00:00:00+05:30,14.06,14.23,14.04,14.16,3511183
2010-07-08 00:00:00+05:30,14.31,15.04,14.21,14.87,10425199
2010-07-09 00:00:00+05:30,14.9,15.83,14.9,15.4,17109804
2010-07-12 00:00:00+05:30,15.55,15.75,15.16,15.28,4432319
2010-07-13 00:00:00+05:30,15.39,15.55,15.19,15.44,3514958
2010-07-14 00:00:00+05:30,15.48,15.63,15.15,15.22,4376145
2010-07-15 00:00:00+05:30,15.26,15.54,14.91,15.44,5637121
2010-07-16 00:00:00+05:30,15.52,16.03,15.48,15.79,7811951
2010-07-19 00:00:00+05:30,15.31,16.04,15.31,15.7,3580735
2010-07-20 00:00:00+05:30,15.96,16.01,15.55,15.6,3932657
2010-07-21 00:00:00+05:30,15.67,15.8,15.38,15.43,2266738
2010-07-22 00:00:00+05:30,15.47,15.54,15.23,15.36,1545850
2010-07-23 00:00:00+05:30,15.39,15.75,15.31,15.37,2097667
2010-07-26 00:00:00+05:30,15.47,15.54,15.22,15.25,1180990
2010-07-27 00:00:00+05:30,15.38,15.38,15.0,15.2,2080331
2010-07-28 00:00:00+05:30,15.3,15.43,15.14,15.18,1537237
2010-07-29 00:00:00+05:30,15.31,15.7,15.02,15.59,8801220
2010-07-30 00:00:00+05:30,15.67,15.84,15.31,15.7,3435475
2010-08-02 00:00:00+05:30,15.72,15.9,15.69,15.79,16869777
2010-08-03 00:00:00+05:30,15.9,15.93,15.5,15.58,2373441
2010-08-04 00:00:00+05:30,15.71,15.88,15.47,15.82,5996031
2010-08-05 00:00:00+05:30,15.84,15.88,15.56,15.63,1910637
2010-08-06 00:00:00+05:30,15.71,15.91,15.47,15.83,3951752
2010-08-09 00:00:00+05:30,15.83,15.95,15.76,15.81,2193387
2010-08-10 00:00:00+05:30,15.8,16.33,15.67,15.82,6449232
2010-08-11 00:00:00+05:30,15.88,16.45,15.88,16.16,11675191
2010-08-12 00:00:00+05:30,16.08,16.49,15.97,16.36,6040440
2010-08-13 00:00:00+05:30,16.52,16.9,16.46,16.79,6954087
2010-08-16 00:00:00+05:30,17.01,17.07,16.41,16.69,5089898
2010-08-17 00:00:00+05:30,16.82,17.06,16.73,16.91,7310493
2010-08-18 00:00:00+05:30,16.98,17.07,16.74,16.85,3616811
2010-08-19 00:00:00+05:30,16.98,17.46,16.81,17.36,8575280
2010-08-20 00:00:00+05:30,17.35,17.35,17.03,17.06,2800791
2010-08-23 00:00:00+05:30,17.18,17.19,16.7,16.76,3288566
2010-08-24 00:00:00+05:30,16.89,16.93,16.54,16.78,2941127
2010-08-25 00:00:00+05:30,16.86,16.86,16.29,16.46,2956838
2010-08-26 00:00:00+05:30,16.46,16.61,16.41,16.49,2809281
2010-08-27 00:00:00+05:30,16.58,16.77,16.29,16.37,2060173
2010-08-30 00:00:00+05:30,16.45,16.66,16.28,16.37,3358080
2010-08-31 00:00:00+05:30,16.21,16.41,15.92,16.08,2538651
2010-09-01 00:00:00+05:30,16.21,16.53,16.21,16.45,2379195
2010-09-02 00:00:00+05:30,16.57,16.65,16.32,16.5,2454891
2010-09-03 00:00:00+05:30,16.61,16.78,16.44,16.56,4305544
2010-09-06 00:00:00+05:30,16.7,17.11,16.7,16.96,6274371
2010-09-07 00:00:00+05:30,16.99,17.15,16.98,17.02,4259131
2010-09-08 00:00:00+05:30,17.02,17.07,16.78,16.84,3274235
2010-09-09 00:00:00+05:30,16.86,17.09,16.86,17.01,4983916
2010-09-13 00:00:00+05:30,17.13,17.48,17.07,17.31,11821050
2010-09-14 00:00:00+05:30,17.39,17.42,16.76,16.79,9611035
2010-09-15 00:00:00+05:30,16.86,17.27,16.86,17.12,6996076
2010-09-16 00:00:00+05:30,17.27,17.52,16.88,16.95,9325011
2010-09-17 00:00:00+05:30,17.14,17.46,16.89,17.26,8162676
2010-09-20 00:00:00+05:30,17.44,18.21,17.44,18.05,22086414
2010-09-21 00:00:00+05:30,18.25,18.62,17.82,17.93,19281128
2010-09-22 00:00:00+05:30,18.04,18.12,17.52,17.68,10737477
2010-09-23 00:00:00+05:30,18.79,18.79,17.35,17.68,20394693
2010-09-24 00:00:00+05:30,17.93,20.55,17.39,20.14,47615320
2010-09-27 00:00:00+05:30,20.46,20.75,19.19,19.93,31846521
2010-09-28 00:00:00+05:30,19.64,20.3,19.56,19.64,16264752
2010-09-29 00:00:00+05:30,19.81,19.97,19.19,19.36,10350674
2010-09-30 00:00:00+05:30,19.52,19.64,18.91,19.6,10571183
2010-10-01 00:00:00+05:30,19.81,20.3,19.69,20.18,14841193
2010-10-04 00:00:00+05:30,20.38,20.79,20.09,20.18,12756058
2010-10-05 00:00:00+05:30,20.22,20.38,20.09,20.26,6244813
2010-10-06 00:00:00+05:30,20.46,22.06,20.3,21.24,34547585
2010-10-07 00:00:00+05:30,21.9,22.67,21.04,22.31,39751016
2010-10-08 00:00:00+05:30,22.59,22.8,21.61,21.9,22791334
2010-10-11 00:00:00+05:30,22.18,22.51,21.94,22.06,10195272
2010-10-12 00:00:00+05:30,22.14,22.26,21.36,21.73,10535143
2010-10-13 00:00:00+05:30,21.94,22.31,21.69,22.1,11239354
2010-10-14 00:00:00+05:30,22.35,22.47,22.06,22.22,14385259
2010-10-15 00:00:00+05:30,22.35,22.43,21.9,21.98,9710497
2010-10-18 00:00:00+05:30,22.1,22.39,21.49,22.18,9137411
2010-10-19 00:00:00+05:30,22.31,22.76,22.1,22.43,15974225
2010-10-20 00:00:00+05:30,22.43,23.04,22.18,22.71,15084922
2010-10-21 00:00:00+05:30,22.67,23.04,22.35,22.63,17268522
2010-10-22 00:00:00+05:30,23.16,23.16,22.55,22.63,15099438
2010-10-25 00:00:00+05:30,22.92,23.7,22.71,23.49,28906037
2010-10-26 00:00:00+05:30,24.11,24.11,23.49,23.57,17888831
2010-10-27 00:00:00+05:30,23.74,23.74,23.33,23.66,9586477
2010-10-28 00:00:00+05:30,23.74,23.82,23.37,23.45,6888843
2010-10-29 00:00:00+05:30,23.53,23.53,22.26,22.55,11506426
2010-11-01 00:00:00+05:30,22.92,23.49,22.8,23.29,7381120
2010-11-02 00:00:00+05:30,23.33,23.61,23.33,23.45,8080232
2010-11-03 00:00:00+05:30,23.86,23.86,23.33,23.45,8793812
2010-11-04 00:00:00+05:30,23.53,23.57,22.76,23.49,8059769
2010-11-05 00:00:00+05:30,24.06,24.15,23.53,23.61,3332536
2010-11-08 00:00:00+05:30,23.74,23.86,23.04,23.41,4746259
2010-11-09 00:00:00+05:30,23.33,23.57,22.84,23.25,5093202
2010-11-10 00:00:00+05:30,23.25,23.45,23.08,23.12,4299500
2010-11-11 00:00:00+05:30,23.49,23.49,22.67,22.84,6950720
2010-11-12 00:00:00+05:30,22.92,23.0,22.26,22.35,5341570
2010-11-15 00:00:00+05:30,22.84,22.84,21.32,22.18,5757473
2010-11-16 00:00:00+05:30,22.84,22.84,21.36,21.49,9671176
2010-11-18 00:00:00+05:30,22.51,22.51,20.87,21.61,7989885
2010-11-19 00:00:00+05:30,21.77,22.1,21.32,21.77,7845957
2010-11-22 00:00:00+05:30,22.02,22.43,21.32,22.1,5386367
2010-11-23 00:00:00+05:30,21.94,22.1,21.53,21.98,3942245
2010-11-24 00:00:00+05:30,22.47,22.47,21.61,21.77,4421245
2010-11-25 00:00:00+05:30,21.77,21.98,21.12,21.2,4292651
2010-11-26 00:00:00+05:30,22.76,22.76,20.05,20.87,7485968
2010-11-29 00:00:00+05:30,21.04,21.36,20.87,21.28,5496300
2010-11-30 00:00:00+05:30,21.36,21.49,20.87,20.95,6323423
2010-12-01 00:00:00+05:30,20.95,22.06,20.95,21.98,4930806
2010-12-02 00:00:00+05:30,22.39,22.71,22.14,22.55,8665341
2010-12-03 00:00:00+05:30,22.71,22.71,21.81,21.94,2997788
2010-12-06 00:00:00+05:30,22.43,22.88,21.45,21.49,4732466
2010-12-07 00:00:00+05:30,22.02,22.35,20.83,20.87,12039883
2010-12-08 00:00:00+05:30,21.2,21.2,20.3,20.42,8755411
2010-12-09 00:00:00+05:30,20.71,20.71,18.7,18.99,11281822
2010-12-10 00:00:00+05:30,18.95,20.22,18.46,19.69,9505722
2010-12-13 00:00:00+05:30,20.05,20.26,19.6,19.85,5972108
2010-12-14 00:00:00+05:30,20.01,20.87,19.93,20.87,7964866
2010-12-15 00:00:00+05:30,20.87,20.91,20.46,20.83,5377645
2010-12-16 00:00:00+05:30,20.87,20.95,20.18,20.63,6082620
2010-12-20 00:00:00+05:30,20.46,20.79,20.38,20.5,1991311
2010-12-21 00:00:00+05:30,20.5,20.71,20.14,20.26,4526896
2010-12-22 00:00:00+05:30,20.26,20.63,20.09,20.14,4142569
2010-12-23 00:00:00+05:30,20.26,20.55,20.09,20.18,2832474
2010-12-24 00:00:00+05:30,20.22,20.26,19.97,20.09,3808915
2010-12-27 00:00:00+05:30,19.97,20.3,19.56,19.69,2463393
2010-12-28 00:00:00+05:30,20.05,20.05,19.6,19.69,5251608
2010-12-29 00:00:00+05:30,19.85,20.18,19.64,19.77,6578236
2010-12-30 00:00:00+05:30,20.01,20.01,19.64,19.69,3485809
2010-12-31 00:00:00+05:30,19.85,19.97,19.69,19.77,4450468
2011-01-03 00:00:00+05:30,19.89,20.26,19.89,20.14,6128390
2011-01-04 00:00:00+05:30,20.26,20.46,20.09,20.14,5664494
2011-01-05 00:00:00+05:30,20.14,20.3,19.69,19.77,3224092
2011-01-06 00:00:00+05:30,19.85,20.05,19.28,19.4,4748425
2011-01-07 00:00:00+05:30,19.6,19.6,18.83,18.87,6693363
2011-01-10 00:00:00+05:30,18.87,19.15,17.93,18.13,8125535
2011-01-11 00:00:00+05:30,18.21,18.99,18.05,18.21,8161403
2011-01-12 00:00:00+05:30,19.03,19.19,18.29,18.99,4913203
2011-01-13 00:00:00+05:30,19.15,19.64,18.83,19.19,5647945
2011-01-14 00:00:00+05:30,19.24,19.24,18.62,18.74,2785890
2011-01-17 00:00:00+05:30,18.83,18.87,18.42,18.46,2303737
2011-01-18 00:00:00+05:30,18.62,18.91,18.42,18.5,2355299
2011-01-19 00:00:00+05:30,18.62,18.7,18.34,18.5,3196842
2011-01-20 00:00:00+05:30,18.5,18.5,17.8,17.88,12124419
2011-01-21 00:00:00+05:30,18.34,18.34,17.84,17.93,7283414
2011-01-24 00:00:00+05:30,18.05,18.25,17.84,17.88,4904921
2011-01-25 00:00:00+05:30,17.93,18.25,17.84,17.88,5597807
2011-01-27 00:00:00+05:30,17.93,18.01,17.43,17.52,3513525
2011-01-28 00:00:00+05:30,17.52,17.64,16.13,16.58,8844579
2011-01-31 00:00:00+05:30,16.37,16.78,15.63,16.37,7235381
2011-02-01 00:00:00+05:30,16.37,16.7,15.63,16.25,4079206
2011-02-02 00:00:00+05:30,16.49,16.58,16.21,16.29,4095861
2011-02-03 00:00:00+05:30,16.45,16.45,16.08,16.33,5187875
2011-02-04 00:00:00+05:30,16.37,16.49,15.96,16.04,5021279
2011-02-07 00:00:00+05:30,16.04,16.33,16.0,16.17,3240415
2011-02-08 00:00:00+05:30,16.17,16.29,15.72,15.84,3296600
2011-02-09 00:00:00+05:30,15.84,15.92,14.9,15.02,5549748
2011-02-10 00:00:00+05:30,14.98,15.31,14.32,14.98,6841246
2011-02-11 00:00:00+05:30,15.02,16.29,14.73,16.04,4810133
2011-02-14 00:00:00+05:30,16.82,16.82,16.25,16.53,7330387
2011-02-15 00:00:00+05:30,16.94,17.68,16.45,17.35,13593865
2011-02-16 00:00:00+05:30,17.6,17.88,17.39,17.76,4761733
2011-02-17 00:00:00+05:30,17.97,18.21,17.56,17.97,5836871
2011-02-18 00:00:00+05:30,18.17,18.5,17.39,17.52,6720960
2011-02-21 00:00:00+05:30,17.52,17.8,16.86,16.98,3916044
2011-02-22 00:00:00+05:30,16.86,17.19,16.62,16.86,3449339
2011-02-23 00:00:00+05:30,16.94,17.15,16.62,16.74,2867866
2011-02-24 00:00:00+05:30,16.74,16.78,16.29,16.49,3220046
2011-02-25 00:00:00+05:30,16.62,16.86,16.41,16.53,2595797
2011-02-28 00:00:00+05:30,16.78,17.15,16.66,16.9,3194131
2011-03-01 00:00:00+05:30,17.03,17.88,16.98,17.8,5400907
2011-03-03 00:00:00+05:30,17.6,17.8,17.35,17.52,3975965
2011-03-04 00:00:00+05:30,18.01,18.01,17.6,17.64,3115002
2011-03-07 00:00:00+05:30,17.64,17.64,16.98,17.23,2201371
2011-03-08 00:00:00+05:30,17.35,17.6,17.19,17.35,2048280
2011-03-09 00:00:00+05:30,17.68,17.68,17.35,17.39,1732109
2011-03-10 00:00:00+05:30,17.52,17.52,17.19,17.31,1341509
2011-03-11 00:00:00+05:30,17.19,17.23,16.86,16.94,2326751
2011-03-14 00:00:00+05:30,16.53,17.07,16.53,16.78,3397474
2011-03-15 00:00:00+05:30,16.37,16.66,15.96,16.49,3375750
2011-03-16 00:00:00+05:30,16.74,16.94,16.49,16.82,3043623
2011-03-17 00:00:00+05:30,16.82,17.11,16.53,16.82,2644858
2011-03-18 00:00:00+05:30,17.19,17.19,16.78,16.82,2662107
2011-03-21 00:00:00+05:30,17.11,17.11,16.82,16.82,1456309
2011-03-22 00:00:00+05:30,16.98,17.03,16.7,16.74,1528488
2011-03-23 00:00:00+05:30,16.9,17.27,16.58,17.19,2284550
2011-03-24 00:00:00+05:30,17.39,17.39,17.11,17.15,1530433
2011-03-25 00:00:00+05:30,17.19,17.35,17.19,17.27,1550635
2011-03-28 00:00:00+05:30,17.19,17.72,17.19,17.64,3088869
2011-03-29 00:00:00+05:30,17.6,17.84,17.35,17.6,3102628
2011-03-30 00:00:00+05:30,16.37,17.84,16.37,17.76,2376550
2011-03-31 00:00:00+05:30,18.09,18.95,17.93,18.7,9006794
2011-04-01 00:00:00+05:30,19.03,19.36,18.74,19.03,5711263
2011-04-04 00:00:00+05:30,19.07,20.22,19.03,19.93,7354239
2011-04-05 00:00:00+05:30,20.05,20.38,19.52,19.6,7087303
2011-04-06 00:00:00+05:30,19.89,20.05,19.03,19.36,6414690
2011-04-07 00:00:00+05:30,19.52,19.77,18.91,19.11,8170683
2011-04-08 00:00:00+05:30,19.24,19.4,18.5,18.74,5274800
2011-04-11 00:00:00+05:30,18.66,18.83,18.46,18.62,2727739
2011-04-13 00:00:00+05:30,18.17,19.03,18.17,18.99,5163618
2011-04-15 00:00:00+05:30,18.87,19.03,18.7,18.87,2906705
2011-04-18 00:00:00+05:30,18.99,19.03,18.7,18.87,3895089
2011-04-19 00:00:00+05:30,19.07,19.07,18.58,18.79,2956007
2011-04-20 00:00:00+05:30,18.95,18.99,18.79,18.83,3235674
2011-04-21 00:00:00+05:30,19.24,19.36,18.87,19.03,4912550
2011-04-25 00:00:00+05:30,19.03,19.28,18.66,18.7,3757009
2011-04-26 00:00:00+05:30,18.74,18.83,18.46,18.54,3302238
2011-04-27 00:00:00+05:30,18.83,19.24,18.62,18.74,7082304
2011-04-28 00:00:00+05:30,18.91,18.99,18.66,18.7,1961356
2011-04-29 00:00:00+05:30,18.54,18.83,18.54,18.62,1975815
2011-05-02 00:00:00+05:30,19.15,19.15,18.25,18.38,9924852
2011-05-03 00:00:00+05:30,18.42,18.74,18.17,18.25,5599336
2011-05-04 00:00:00+05:30,18.29,18.99,18.25,18.83,9659697
2011-05-05 00:00:00+05:30,18.91,18.99,18.34,18.42,2663915
2011-05-06 00:00:00+05:30,18.58,18.91,18.29,18.62,2788315
2011-05-09 00:00:00+05:30,18.38,18.83,18.38,18.58,1814450
2011-05-10 00:00:00+05:30,18.83,19.03,18.46,18.87,3595076
2011-05-11 00:00:00+05:30,19.03,19.52,18.83,19.36,4225134
2011-05-12 00:00:00+05:30,19.24,19.44,18.91,18.99,2940126
2011-05-13 00:00:00+05:30,19.07,19.36,18.13,19.24,2264082
2011-05-16 00:00:00+05:30,18.87,19.32,18.87,19.19,2542784
2011-05-17 00:00:00+05:30,19.19,19.32,18.91,18.99,3128273
2011-05-18 00:00:00+05:30,18.83,19.19,18.7,18.87,2222681
2011-05-19 00:00:00+05:30,19.15,19.24,18.79,19.11,3005518
2011-05-20 00:00:00+05:30,18.91,19.24,18.91,19.19,1592520
2011-05-23 00:00:00+05:30,19.19,19.19,18.62,18.7,1862892
2011-05-24 00:00:00+05:30,18.83,18.99,18.66,18.83,2060882
2011-05-25 00:00:00+05:30,18.91,18.91,18.66,18.7,1589763
2011-05-26 00:00:00+05:30,18.79,18.83,18.66,18.74,1232667
2011-05-27 00:00:00+05:30,18.83,19.56,18.79,19.24,3690705
2011-05-30 00:00:00+05:30,19.48,19.48,19.07,19.4,1426956
2011-05-31 00:00:00+05:30,19.44,19.6,19.28,19.56,2179203
2011-06-01 00:00:00+05:30,19.6,19.81,19.44,19.73,2981648
2011-06-02 00:00:00+05:30,19.64,20.67,19.36,20.42,8429806
2011-06-03 00:00:00+05:30,20.55,21.08,20.3,20.63,7717799
2011-06-06 00:00:00+05:30,20.46,20.83,20.14,20.26,2810111
2011-06-07 00:00:00+05:30,20.34,20.59,19.97,20.18,4292015
2011-06-08 00:00:00+05:30,20.22,20.42,19.97,20.3,2986511
2011-06-09 00:00:00+05:30,20.42,20.67,20.3,20.42,2158718
2011-06-10 00:00:00+05:30,20.55,20.79,20.22,20.75,4453481
2011-06-13 00:00:00+05:30,20.71,21.36,20.22,21.08,4725808
2011-06-14 00:00:00+05:30,21.28,21.36,20.91,21.2,4255869
2011-06-15 00:00:00+05:30,21.2,21.2,20.67,20.83,3953805
2011-06-16 00:00:00+05:30,20.55,20.79,20.05,20.46,3067989
2011-06-17 00:00:00+05:30,20.67,20.71,20.38,20.55,4928122
2011-06-20 00:00:00+05:30,20.67,20.83,19.97,20.42,4910445
2011-06-21 00:00:00+05:30,20.42,20.59,20.18,20.26,1856457
2011-06-22 00:00:00+05:30,20.46,20.46,19.56,19.69,2546960
2011-06-23 00:00:00+05:30,19.81,19.81,19.11,19.24,7755679
2011-06-24 00:00:00+05:30,19.32,19.48,19.11,19.24,5122574
2011-06-27 00:00:00+05:30,19.24,19.6,18.99,19.24,6319746
2011-06-28 00:00:00+05:30,19.56,19.56,19.19,19.48,2632132
2011-06-29 00:00:00+05:30,20.5,20.5,19.48,19.56,2813776
2011-06-30 00:00:00+05:30,19.44,19.97,19.44,19.64,1993788
2011-07-01 00:00:00+05:30,19.93,20.05,19.48,19.56,2775096
2011-07-04 00:00:00+05:30,19.73,20.01,19.52,19.6,1774677
2011-07-05 00:00:00+05:30,19.64,19.81,19.28,19.64,4438304
2011-07-06 00:00:00+05:30,19.4,19.85,19.4,19.52,1859337
2011-07-07 00:00:00+05:30,19.28,19.89,19.28,19.81,2490202
2011-07-08 00:00:00+05:30,19.81,20.01,19.56,19.85,6521563
2011-07-11 00:00:00+05:30,19.64,19.93,19.52,19.81,2576064
2011-07-12 00:00:00+05:30,19.85,20.38,19.73,19.97,5500665
2011-07-13 00:00:00+05:30,19.64,20.26,19.64,20.05,2987726
2011-07-14 00:00:00+05:30,19.64,20.83,19.64,20.22,16173527
2011-07-15 00:00:00+05:30,20.22,20.59,19.64,19.77,9998720
2011-07-18 00:00:00+05:30,19.85,20.26,19.69,19.77,7937512
2011-07-19 00:00:00+05:30,19.81,20.14,19.64,19.69,8559265
2011-07-20 00:00:00+05:30,19.89,19.89,19.36,19.52,6369490
2011-07-21 00:00:00+05:30,19.64,19.64,19.07,19.24,4783879
2011-07-22 00:00:00+05:30,19.24,19.81,19.15,19.64,3174413
2011-07-25 00:00:00+05:30,19.81,19.81,19.4,19.44,4351043
2011-07-26 00:00:00+05:30,19.52,19.56,19.15,19.32,3812216
2011-07-27 00:00:00+05:30,19.32,19.4,18.91,19.32,3025879
2011-07-28 00:00:00+05:30,19.24,19.32,18.95,19.24,3808186
2011-07-29 00:00:00+05:30,19.24,19.4,19.07,19.24,2044409
2011-08-01 00:00:00+05:30,18.91,19.56,18.91,19.19,3039940
2011-08-02 00:00:00+05:30,19.24,19.24,18.87,18.91,1684649
2011-08-03 00:00:00+05:30,18.83,18.83,18.46,18.58,3608151
2011-08-04 00:00:00+05:30,18.83,18.87,18.09,18.17,4048145
2011-08-05 00:00:00+05:30,17.19,18.01,17.03,17.88,5306151
2011-08-08 00:00:00+05:30,17.27,17.97,16.78,17.52,5768418
2011-08-09 00:00:00+05:30,16.98,17.64,16.78,17.07,4795506
2011-08-10 00:00:00+05:30,17.35,18.17,17.23,18.05,4681219
2011-08-11 00:00:00+05:30,18.05,18.17,17.8,17.93,2210741
2011-08-12 00:00:00+05:30,18.42,18.58,17.76,17.84,2157834
2011-08-16 00:00:00+05:30,18.01,18.21,17.43,17.84,2447182
2011-08-17 00:00:00+05:30,18.01,18.09,17.68,17.93,1841335
2011-08-18 00:00:00+05:30,18.01,18.05,17.11,17.19,2995634
2011-08-19 00:00:00+05:30,17.11,17.11,16.33,16.74,3863287
2011-08-22 00:00:00+05:30,16.7,17.19,16.62,17.03,2320292
2011-08-23 00:00:00+05:30,17.19,17.43,16.9,17.11,2150390
2011-08-24 00:00:00+05:30,17.15,17.35,16.78,16.82,2796631
2011-08-25 00:00:00+05:30,16.86,16.98,16.41,16.58,3599360
2011-08-26 00:00:00+05:30,16.58,16.7,16.04,16.33,3598054
2011-08-29 00:00:00+05:30,16.45,16.78,16.45,16.7,3112272
2011-08-30 00:00:00+05:30,16.86,17.11,16.74,16.9,6120185
2011-09-02 00:00:00+05:30,17.07,17.15,16.74,16.86,2580541
2011-09-05 00:00:00+05:30,16.82,17.52,16.78,17.35,3776744
2011-09-06 00:00:00+05:30,17.52,17.52,17.19,17.48,2148138
2011-09-07 00:00:00+05:30,17.48,18.17,17.39,17.97,4112569
2011-09-08 00:00:00+05:30,18.29,18.29,17.84,18.05,2276983
2011-09-09 00:00:00+05:30,18.46,18.74,17.88,18.38,5257899
2011-09-12 00:00:00+05:30,18.29,18.29,17.72,18.05,2551674
2011-09-13 00:00:00+05:30,18.25,18.5,18.01,18.05,2387367
2011-09-14 00:00:00+05:30,18.17,18.25,17.8,18.05,2453342
2011-09-15 00:00:00+05:30,18.17,18.34,17.97,18.29,2389612
2011-09-16 00:00:00+05:30,18.42,19.64,18.25,19.15,10344065
2011-09-19 00:00:00+05:30,19.56,19.56,18.87,18.91,2339357
2011-09-20 00:00:00+05:30,18.91,19.48,18.83,19.44,2965381
2011-09-21 00:00:00+05:30,19.48,19.89,19.11,19.24,3672672
2011-09-22 00:00:00+05:30,19.03,19.11,18.17,18.34,3365767
2011-09-23 00:00:00+05:30,18.38,18.5,17.68,18.01,4905770
2011-09-26 00:00:00+05:30,18.21,18.46,17.52,18.05,3160181
2011-09-27 00:00:00+05:30,18.34,18.34,18.05,18.13,2413154
2011-09-28 00:00:00+05:30,18.21,18.25,17.88,18.01,2109753
2011-09-29 00:00:00+05:30,18.09,18.09,17.72,17.88,3045814
2011-09-30 00:00:00+05:30,17.84,18.29,17.64,18.21,2699117
2011-10-03 00:00:00+05:30,17.93,18.09,14.73,17.6,2778829
2011-10-04 00:00:00+05:30,17.52,17.97,17.39,17.64,1898140
2011-10-05 00:00:00+05:30,17.64,17.93,17.6,17.84,2780729
2011-10-07 00:00:00+05:30,17.03,18.25,17.03,18.13,1571357
2011-10-10 00:00:00+05:30,18.17,18.17,17.93,18.01,1027793
2011-10-11 00:00:00+05:30,18.17,18.34,18.01,18.09,1744368
2011-10-12 00:00:00+05:30,18.09,18.34,18.09,18.25,1625385
2011-10-13 00:00:00+05:30,18.42,18.66,18.25,18.5,2502930
2011-10-14 00:00:00+05:30,18.54,18.66,18.42,18.62,1543449
2011-10-17 00:00:00+05:30,18.62,19.19,18.62,19.07,6480840
2011-10-18 00:00:00+05:30,18.91,19.07,18.38,18.87,2327835
2011-10-19 00:00:00+05:30,19.03,19.4,18.91,19.28,2693147
2011-10-20 00:00:00+05:30,19.03,19.24,18.83,19.03,1153838
2011-10-21 00:00:00+05:30,19.03,19.19,18.83,18.87,873565
2011-10-24 00:00:00+05:30,19.03,19.15,18.79,18.91,1132136
2011-10-25 00:00:00+05:30,19.07,19.15,18.74,18.99,2699782
2011-10-26 00:00:00+05:30,19.44,19.64,18.91,19.07,718822
2011-10-28 00:00:00+05:30,19.32,19.52,19.11,19.24,2308836
2011-10-31 00:00:00+05:30,19.4,19.56,19.07,19.4,2080911
2011-11-01 00:00:00+05:30,19.6,19.6,19.03,19.07,2079113
2011-11-02 00:00:00+05:30,19.07,19.24,18.79,19.11,2153123
2011-11-03 00:00:00+05:30,18.83,19.15,18.83,19.03,1191196
2011-11-04 00:00:00+05:30,19.24,19.24,19.03,19.15,1291775
2011-11-08 00:00:00+05:30,19.4,19.4,18.99,19.03,1444370
2011-11-09 00:00:00+05:30,19.19,19.19,18.91,19.03,1879510
2011-11-11 00:00:00+05:30,19.32,19.32,18.25,18.83,2823464
2011-11-14 00:00:00+05:30,19.03,19.03,18.74,18.83,1757132
2011-11-15 00:00:00+05:30,18.83,18.91,18.66,18.74,1834187
2011-11-16 00:00:00+05:30,18.66,18.83,18.5,18.79,1396549
2011-11-17 00:00:00+05:30,18.79,18.79,18.13,18.29,2129272
2011-11-18 00:00:00+05:30,18.09,18.29,17.93,18.17,1879341
2011-11-21 00:00:00+05:30,18.01,18.29,17.76,17.88,1584654
2011-11-22 00:00:00+05:30,17.6,17.93,17.19,17.23,3338473
2011-11-23 00:00:00+05:30,17.19,17.31,16.62,16.78,4028613
2011-11-24 00:00:00+05:30,16.74,18.42,16.7,17.93,4496982
2011-11-25 00:00:00+05:30,17.35,18.01,17.35,17.52,1387841
2011-11-28 00:00:00+05:30,17.64,18.01,17.52,17.93,1148231
2011-11-29 00:00:00+05:30,17.8,18.05,17.68,17.88,1013795
2011-11-30 00:00:00+05:30,17.6,17.93,17.43,17.76,1400180
2011-12-01 00:00:00+05:30,18.01,18.91,17.88,17.97,2841344
2011-12-02 00:00:00+05:30,18.01,18.34,17.72,18.21,1469212
2011-12-05 00:00:00+05:30,18.66,18.66,18.13,18.25,1487360
2011-12-07 00:00:00+05:30,18.21,18.42,17.68,18.01,2166437
2011-12-08 00:00:00+05:30,18.01,18.25,17.84,17.93,1488445
2011-12-09 00:00:00+05:30,17.68,18.01,17.56,17.84,966637
2011-12-12 00:00:00+05:30,18.01,18.01,17.68,17.72,777478
2011-12-13 00:00:00+05:30,17.52,17.8,17.48,17.72,1153689
2011-12-14 00:00:00+05:30,17.72,18.09,17.6,17.68,1235448
2011-12-15 00:00:00+05:30,17.6,17.76,17.31,17.43,1545606
2011-12-16 00:00:00+05:30,17.39,17.72,16.7,16.82,3520696
2011-12-19 00:00:00+05:30,16.7,17.52,16.37,16.74,1942183
2011-12-20 00:00:00+05:30,17.11,17.11,16.37,16.45,1281883
2011-12-21 00:00:00+05:30,16.37,17.07,16.37,16.86,1184337
2011-12-22 00:00:00+05:30,16.86,16.98,16.45,16.82,1326459
2011-12-23 00:00:00+05:30,17.15,17.15,16.82,16.86,875809
2011-12-26 00:00:00+05:30,17.03,17.03,16.62,16.78,1179990
2011-12-27 00:00:00+05:30,16.58,16.86,16.45,16.58,1186967
2011-12-28 00:00:00+05:30,16.53,16.66,16.37,16.41,1659380
2011-12-29 00:00:00+05:30,16.41,16.7,16.33,16.58,1767949
2011-12-30 00:00:00+05:30,16.62,16.86,16.41,16.45,1068856
2012-01-02 00:00:00+05:30,17.19,17.19,16.29,16.78,2752797
2012-01-03 00:00:00+05:30,16.7,17.15,16.7,17.03,2101514
2012-01-04 00:00:00+05:30,17.15,17.19,16.86,16.9,874378
2012-01-05 00:00:00+05:30,16.9,17.15,16.78,16.86,1282805
2012-01-06 00:00:00+05:30,16.86,16.98,16.7,16.74,1245395
2012-01-07 00:00:00+05:30,16.62,16.94,16.62,16.86,161045
2012-01-09 00:00:00+05:30,16.78,17.03,16.66,16.82,947365
2012-01-10 00:00:00+05:30,16.98,17.27,16.86,17.19,1977305
2012-01-11 00:00:00+05:30,17.27,17.76,17.11,17.64,2280674
2012-01-12 00:00:00+05:30,17.68,18.17,17.52,18.09,2365893
2012-01-13 00:00:00+05:30,18.09,18.66,18.09,18.5,2391449
2012-01-16 00:00:00+05:30,18.66,19.15,18.34,18.7,9359499
2012-01-17 00:00:00+05:30,18.99,19.32,18.91,18.95,3073598
2012-01-18 00:00:00+05:30,18.83,19.03,18.17,18.29,2637154
2012-01-19 00:00:00+05:30,18.5,18.74,18.38,18.5,1606062
2012-01-20 00:00:00+05:30,18.79,18.83,17.88,18.01,8393771
2012-01-23 00:00:00+05:30,18.05,19.11,18.05,18.83,6841716
2012-01-24 00:00:00+05:30,19.15,19.48,18.83,18.91,11382631
2012-01-25 00:00:00+05:30,19.07,19.15,18.79,18.91,8851643
2012-01-27 00:00:00+05:30,19.07,19.07,18.58,18.74,3453744
2012-01-30 00:00:00+05:30,18.79,18.79,18.25,18.34,2448300
2012-01-31 00:00:00+05:30,18.5,18.99,18.42,18.87,3852715
2012-02-01 00:00:00+05:30,18.91,18.95,18.74,18.87,2242018
2012-02-02 00:00:00+05:30,19.07,19.48,18.66,18.83,4285279
2012-02-03 00:00:00+05:30,18.91,18.91,18.62,18.83,1489539
2012-02-06 00:00:00+05:30,18.99,19.11,18.7,18.91,5888626
2012-02-07 00:00:00+05:30,18.91,20.87,18.91,20.59,26054089
2012-02-08 00:00:00+05:30,20.67,21.36,20.55,21.2,16650858
2012-02-09 00:00:00+05:30,19.97,22.18,19.97,21.81,14447643
2012-02-10 00:00:00+05:30,22.1,22.31,21.2,21.65,11267971
2012-02-13 00:00:00+05:30,21.77,22.06,21.16,21.36,8735367
2012-02-14 00:00:00+05:30,21.45,22.71,21.28,22.55,16843412
2012-02-15 00:00:00+05:30,22.92,22.92,21.53,21.94,7979508
2012-02-16 00:00:00+05:30,22.1,22.92,21.53,22.55,11837810
2012-02-17 00:00:00+05:30,22.84,22.92,22.35,22.63,8646897
2012-02-21 00:00:00+05:30,23.12,23.12,22.51,22.84,5343656
2012-02-22 00:00:00+05:30,22.96,23.08,21.73,21.98,13323781
2012-02-23 00:00:00+05:30,21.85,22.18,20.95,21.2,5416491
2012-02-24 00:00:00+05:30,21.2,21.49,20.71,21.24,2740882
2012-02-27 00:00:00+05:30,21.2,21.24,19.97,20.09,3445448
2012-02-28 00:00:00+05:30,20.3,21.4,20.05,21.24,6615244
2012-02-29 00:00:00+05:30,21.94,24.64,21.04,21.36,9567229
2012-03-01 00:00:00+05:30,21.53,21.53,20.71,21.16,3165303
2012-03-02 00:00:00+05:30,21.28,21.61,20.87,21.16,2579548
2012-03-03 00:00:00+05:30,21.2,21.69,19.89,21.53,816893
2012-03-05 00:00:00+05:30,21.45,21.65,20.79,20.95,1743250
2012-03-06 00:00:00+05:30,20.79,21.53,20.46,20.59,2226792
2012-03-07 00:00:00+05:30,20.59,20.83,20.14,20.3,2159112
2012-03-09 00:00:00+05:30,20.42,21.36,20.42,20.71,1965853
2012-03-12 00:00:00+05:30,21.24,21.53,20.91,21.04,2527235
2012-03-13 00:00:00+05:30,21.04,21.32,20.59,20.67,3163648
2012-03-14 00:00:00+05:30,20.95,21.12,20.71,20.91,2087197
2012-03-15 00:00:00+05:30,20.95,20.95,20.14,20.3,2393665
2012-03-16 00:00:00+05:30,20.46,20.55,20.01,20.14,1815995
2012-03-19 00:00:00+05:30,19.81,20.38,19.48,19.77,2342661
2012-03-20 00:00:00+05:30,19.69,20.42,19.64,20.22,1375923
2012-03-21 00:00:00+05:30,20.38,21.16,19.77,20.95,2670479
2012-03-22 00:00:00+05:30,21.12,21.45,20.67,21.12,3224407
2012-03-23 00:00:00+05:30,21.12,21.28,20.71,20.91,1584484
2012-03-26 00:00:00+05:30,20.95,20.95,20.18,20.3,1413611
2012-03-27 00:00:00+05:30,20.18,20.67,20.09,20.22,1884092
2012-03-28 00:00:00+05:30,20.22,20.46,19.73,19.85,1587177
2012-03-29 00:00:00+05:30,19.73,19.81,19.32,19.44,3070141
2012-03-30 00:00:00+05:30,19.6,20.34,19.44,20.22,1922634
2012-04-02 00:00:00+05:30,20.22,20.55,20.05,20.22,1223757
2012-04-03 00:00:00+05:30,20.5,20.5,20.22,20.3,1026130
2012-04-04 00:00:00+05:30,20.22,20.42,20.09,20.26,726604
2012-04-09 00:00:00+05:30,20.26,20.42,19.77,19.93,1173602
2012-04-10 00:00:00+05:30,19.97,20.22,19.64,20.14,821145
2012-04-11 00:00:00+05:30,20.14,20.18,19.85,20.01,662559
2012-04-12 00:00:00+05:30,20.14,20.46,20.14,20.38,1337839
2012-04-13 00:00:00+05:30,21.2,21.2,20.01,20.05,2029734
2012-04-16 00:00:00+05:30,20.14,20.79,19.93,20.67,2069681
2012-04-17 00:00:00+05:30,20.83,21.08,20.3,20.46,2673394
2012-04-18 00:00:00+05:30,20.59,20.71,20.09,20.18,1392522
2012-04-19 00:00:00+05:30,20.26,20.55,20.14,20.42,2354660
2012-04-20 00:00:00+05:30,20.79,20.87,19.77,19.89,1413114
2012-04-23 00:00:00+05:30,19.89,20.22,19.52,19.6,1313306
2012-04-24 00:00:00+05:30,19.81,19.85,19.44,19.56,1010995
2012-04-25 00:00:00+05:30,19.77,20.01,19.32,19.44,1765616
2012-04-26 00:00:00+05:30,19.6,19.64,19.32,19.36,1703843
2012-04-27 00:00:00+05:30,19.44,19.73,19.15,19.28,1297116
2012-04-28 00:00:00+05:30,19.36,19.4,19.15,19.32,150759
2012-04-30 00:00:00+05:30,19.4,19.73,19.15,19.56,738042
2012-05-02 00:00:00+05:30,19.52,20.05,19.52,19.6,1430114
2012-05-03 00:00:00+05:30,21.69,21.69,19.36,19.4,896867
2012-05-04 00:00:00+05:30,19.36,19.52,18.66,18.87,1884043
2012-05-07 00:00:00+05:30,18.83,19.24,18.46,19.19,3523677
2012-05-08 00:00:00+05:30,22.1,22.1,18.79,18.99,2259296
2012-05-09 00:00:00+05:30,19.07,19.15,18.62,18.66,1249739
2012-05-10 00:00:00+05:30,18.74,19.03,18.66,18.74,849358
2012-05-11 00:00:00+05:30,21.28,21.28,16.98,18.05,4087716
2012-05-14 00:00:00+05:30,18.01,18.34,17.76,17.84,872011
2012-05-15 00:00:00+05:30,17.97,18.25,17.72,18.13,1065087
2012-05-16 00:00:00+05:30,18.01,18.01,17.52,17.68,1332416
2012-05-17 00:00:00+05:30,17.76,18.17,17.76,17.88,1168353
2012-05-18 00:00:00+05:30,17.76,18.01,17.52,17.97,934441
2012-05-21 00:00:00+05:30,18.09,18.34,18.01,18.13,615418
2012-05-22 00:00:00+05:30,18.34,18.34,17.84,17.93,581122
2012-05-23 00:00:00+05:30,17.93,18.01,17.68,17.8,918429
2012-05-24 00:00:00+05:30,17.84,18.05,17.68,17.97,721755
2012-05-25 00:00:00+05:30,17.6,18.05,17.6,17.97,542114
2012-05-28 00:00:00+05:30,18.01,18.34,17.93,18.25,1180634
2012-05-29 00:00:00+05:30,18.25,19.73,18.25,19.4,4745236
2012-05-30 00:00:00+05:30,19.4,19.69,18.66,18.79,2052379
2012-05-31 00:00:00+05:30,19.15,20.05,18.54,19.81,2145401
2012-06-01 00:00:00+05:30,19.81,20.05,19.24,19.32,1141949
2012-06-04 00:00:00+05:30,19.15,19.24,18.58,19.03,932308
2012-06-05 00:00:00+05:30,19.03,19.48,18.95,19.03,760556
2012-06-06 00:00:00+05:30,19.07,19.89,19.07,19.6,2484212
2012-06-07 00:00:00+05:30,19.81,19.93,18.91,19.32,1584801
2012-06-08 00:00:00+05:30,19.24,19.56,19.15,19.48,1360556
2012-06-11 00:00:00+05:30,19.85,20.3,19.24,19.36,1094383
2012-06-12 00:00:00+05:30,19.24,19.77,19.07,19.64,2230259
2012-06-13 00:00:00+05:30,19.89,19.89,19.28,19.44,1318977
2012-06-14 00:00:00+05:30,19.97,20.46,18.99,19.32,858114
2012-06-15 00:00:00+05:30,19.4,19.6,19.4,19.52,1039145
2012-06-18 00:00:00+05:30,19.89,20.22,19.15,19.28,1802974
2012-06-19 00:00:00+05:30,19.19,19.56,19.19,19.48,1064964
2012-06-20 00:00:00+05:30,19.19,19.32,19.07,19.11,1280604
2012-06-21 00:00:00+05:30,18.91,19.24,18.5,19.19,917418
2012-06-22 00:00:00+05:30,19.24,19.24,18.91,19.03,757462
2012-06-25 00:00:00+05:30,19.32,19.44,19.03,19.07,866564
2012-06-26 00:00:00+05:30,19.07,19.24,18.99,19.19,1168832
2012-06-27 00:00:00+05:30,20.59,20.59,19.11,19.24,1615049
2012-06-28 00:00:00+05:30,18.09,19.52,18.09,19.32,3251906
2012-06-29 00:00:00+05:30,19.56,19.89,19.48,19.73,2340492
2012-07-02 00:00:00+05:30,19.89,19.89,19.56,19.64,992161
2012-07-03 00:00:00+05:30,19.69,19.81,19.48,19.52,1020179
2012-07-04 00:00:00+05:30,19.32,19.81,19.32,19.73,955844
2012-07-05 00:00:00+05:30,19.64,20.87,19.52,20.75,6347879
2012-07-06 00:00:00+05:30,21.2,21.2,20.55,20.63,4523622
2012-07-09 00:00:00+05:30,20.63,21.04,20.34,20.42,2377130
2012-07-10 00:00:00+05:30,20.46,20.79,20.42,20.67,1499120
2012-07-11 00:00:00+05:30,20.67,20.75,20.26,20.34,1177687
2012-07-12 00:00:00+05:30,20.3,20.3,19.93,20.05,1350973
2012-07-13 00:00:00+05:30,20.22,20.63,20.05,20.46,1519252
2012-07-16 00:00:00+05:30,21.12,21.12,20.5,20.59,5672110
2012-07-17 00:00:00+05:30,20.87,20.91,19.73,19.93,3430743
2012-07-18 00:00:00+05:30,19.64,20.14,19.56,19.85,1766421
2012-07-19 00:00:00+05:30,20.05,20.14,19.77,19.89,1695422
2012-07-20 00:00:00+05:30,20.01,20.01,19.81,19.85,896702
2012-07-23 00:00:00+05:30,19.73,19.77,19.32,19.4,1344180
2012-07-24 00:00:00+05:30,19.44,19.6,19.28,19.32,1137263
2012-07-25 00:00:00+05:30,19.24,19.48,19.11,19.32,1660780
2012-07-26 00:00:00+05:30,19.32,19.36,18.74,18.83,1293163
2012-07-27 00:00:00+05:30,18.99,19.15,18.42,18.54,2021879
2012-07-30 00:00:00+05:30,18.91,19.28,18.58,19.19,1051856
2012-07-31 00:00:00+05:30,19.32,19.32,18.87,19.03,789458
2012-08-01 00:00:00+05:30,18.87,19.28,18.87,19.11,598744
2012-08-02 00:00:00+05:30,19.11,19.24,19.03,19.19,363043
2012-08-03 00:00:00+05:30,19.15,19.15,18.87,19.03,519732
2012-08-06 00:00:00+05:30,19.19,19.32,19.03,19.11,679964
2012-08-07 00:00:00+05:30,19.07,19.44,19.03,19.24,1297408
2012-08-08 00:00:00+05:30,19.44,19.48,19.03,19.07,828544
2012-08-09 00:00:00+05:30,19.28,20.26,18.74,18.79,782893
2012-08-10 00:00:00+05:30,18.83,18.91,18.66,18.74,536120
2012-08-13 00:00:00+05:30,18.74,18.87,18.66,18.74,407926
2012-08-14 00:00:00+05:30,18.66,18.99,18.66,18.83,729500
2012-08-16 00:00:00+05:30,18.83,18.95,18.7,18.74,521173
2012-08-17 00:00:00+05:30,18.7,18.87,18.66,18.7,653594
2012-08-21 00:00:00+05:30,18.7,18.87,18.62,18.79,591577
2012-08-22 00:00:00+05:30,18.79,18.79,18.05,18.46,1432400
2012-08-23 00:00:00+05:30,18.62,18.62,18.29,18.34,831928
2012-08-24 00:00:00+05:30,18.34,18.5,18.17,18.46,891400
2012-08-27 00:00:00+05:30,18.21,18.5,18.09,18.13,775084
2012-08-28 00:00:00+05:30,18.05,18.21,17.8,17.88,1113920
2012-08-29 00:00:00+05:30,17.93,18.01,17.52,17.6,1094961
2012-08-30 00:00:00+05:30,17.6,17.68,17.31,17.39,1243066
2012-08-31 00:00:00+05:30,17.48,17.68,16.41,17.19,4458284
2012-09-03 00:00:00+05:30,17.43,18.01,17.31,17.76,2925517
2012-09-04 00:00:00+05:30,17.93,18.09,17.72,18.01,2045274
2012-09-05 00:00:00+05:30,18.01,18.01,17.56,17.64,1169454
2012-09-06 00:00:00+05:30,17.68,17.72,17.43,17.48,1001200
2012-09-07 00:00:00+05:30,17.84,18.01,17.6,17.68,1013345
2012-09-08 00:00:00+05:30,17.84,17.97,17.72,17.84,105712
2012-09-10 00:00:00+05:30,17.8,17.93,17.6,17.64,835605
2012-09-11 00:00:00+05:30,17.8,18.42,17.52,17.6,1429666
2012-09-12 00:00:00+05:30,17.68,17.84,17.6,17.64,1128399
2012-09-13 00:00:00+05:30,17.68,17.84,17.64,17.68,764501
2012-09-14 00:00:00+05:30,17.93,18.13,17.76,17.84,2669976
2012-09-17 00:00:00+05:30,18.25,18.38,17.93,18.21,2468037
2012-09-18 00:00:00+05:30,18.42,18.79,18.09,18.5,4065867
2012-09-20 00:00:00+05:30,18.42,18.79,17.97,18.42,4607299
2012-09-21 00:00:00+05:30,18.46,19.19,18.46,19.11,5744623
2012-09-24 00:00:00+05:30,19.19,19.4,18.79,18.83,3718641
2012-09-25 00:00:00+05:30,18.83,19.19,18.21,18.58,2345327
2012-09-26 00:00:00+05:30,18.58,18.79,18.34,18.5,2190049
2012-09-27 00:00:00+05:30,18.74,18.74,18.38,18.5,2880816
2012-09-28 00:00:00+05:30,18.5,18.87,18.5,18.62,1811003
2012-10-01 00:00:00+05:30,18.62,18.99,18.62,18.91,2258078
2012-10-03 00:00:00+05:30,19.56,19.56,18.91,19.24,9333792
2012-10-04 00:00:00+05:30,19.32,19.56,19.24,19.32,3251301
2012-10-05 00:00:00+05:30,19.36,19.64,18.7,18.99,2405871
2012-10-08 00:00:00+05:30,18.99,19.19,18.79,18.91,1467023
2012-10-09 00:00:00+05:30,18.95,19.81,18.83,18.95,1400240
2012-10-10 00:00:00+05:30,18.91,18.95,18.66,18.79,1454096
2012-10-11 00:00:00+05:30,18.83,19.15,18.66,19.03,1484853
2012-10-12 00:00:00+05:30,19.03,19.44,18.83,19.07,2494797
2012-10-15 00:00:00+05:30,19.19,19.4,18.99,19.24,1284383
2012-10-16 00:00:00+05:30,19.32,19.81,19.24,19.36,5639854
2012-10-17 00:00:00+05:30,19.4,19.56,18.99,19.15,1863171
2012-10-18 00:00:00+05:30,19.24,19.56,18.99,19.32,3435459
2012-10-19 00:00:00+05:30,19.36,19.52,19.11,19.15,2754602
2012-10-22 00:00:00+05:30,19.07,19.15,18.05,18.21,8806230
2012-10-23 00:00:00+05:30,18.25,18.38,18.05,18.09,2717198
2012-10-25 00:00:00+05:30,18.25,18.42,17.88,18.01,7123293
2012-10-26 00:00:00+05:30,18.05,18.25,17.84,17.93,1640629
2012-10-29 00:00:00+05:30,17.93,18.38,17.88,18.17,2037149
2012-10-30 00:00:00+05:30,18.05,18.91,17.88,18.62,4309892
2012-10-31 00:00:00+05:30,18.62,19.03,18.17,18.99,5459073
2012-11-01 00:00:00+05:30,19.11,19.11,18.79,18.91,3186106
2012-11-02 00:00:00+05:30,19.15,19.19,18.79,18.91,2068935
2012-11-05 00:00:00+05:30,18.91,18.95,18.79,18.87,1099525
2012-11-06 00:00:00+05:30,18.79,18.91,18.7,18.87,1520390
2012-11-07 00:00:00+05:30,18.91,18.99,18.58,18.7,5694102
2012-11-08 00:00:00+05:30,18.79,18.91,18.5,18.83,5044782
2012-11-09 00:00:00+05:30,18.83,19.24,18.74,18.99,4674557
2012-11-12 00:00:00+05:30,19.11,19.19,18.74,18.87,1175049
2012-11-13 00:00:00+05:30,19.07,19.24,18.83,19.11,1215500
2012-11-15 00:00:00+05:30,19.03,19.28,18.42,19.03,2069229
2012-11-16 00:00:00+05:30,19.07,19.15,18.74,18.87,1227135
2012-11-19 00:00:00+05:30,18.66,18.99,18.54,18.62,1940885
2012-11-20 00:00:00+05:30,18.62,18.87,18.54,18.62,1646422
2012-11-21 00:00:00+05:30,18.7,18.79,18.34,18.62,1642069
2012-11-22 00:00:00+05:30,18.7,18.83,18.58,18.79,831459
2012-11-23 00:00:00+05:30,18.83,18.95,18.5,18.79,1350161
2012-11-26 00:00:00+05:30,18.83,18.95,18.34,18.46,1308845
2012-11-27 00:00:00+05:30,18.66,19.03,18.54,18.91,2239891
2012-11-29 00:00:00+05:30,19.11,19.69,18.74,19.4,7672848
2012-11-30 00:00:00+05:30,19.03,20.59,19.03,20.42,13632046
2012-12-03 00:00:00+05:30,20.55,21.57,20.38,21.16,12779042
2012-12-04 00:00:00+05:30,21.28,21.85,21.16,21.45,10545786
2012-12-05 00:00:00+05:30,21.28,22.14,21.28,21.4,9137875
2012-12-06 00:00:00+05:30,21.81,21.81,20.71,21.57,5959925
2012-12-07 00:00:00+05:30,21.77,22.18,21.45,21.69,6794722
2012-12-10 00:00:00+05:30,21.94,22.71,21.4,22.59,12244736
2012-12-11 00:00:00+05:30,22.92,23.08,21.36,21.94,9738952
2012-12-12 00:00:00+05:30,22.1,22.43,21.53,22.22,5555777
2012-12-13 00:00:00+05:30,22.22,22.43,21.32,21.4,5184731
2012-12-14 00:00:00+05:30,21.4,21.94,21.04,21.77,5391583
2012-12-17 00:00:00+05:30,21.85,22.1,21.61,21.73,3003065
2012-12-18 00:00:00+05:30,21.85,21.98,21.16,21.57,4181080
2012-12-19 00:00:00+05:30,21.9,22.59,21.77,21.85,7636746
2012-12-20 00:00:00+05:30,22.02,22.02,21.4,21.53,2738006
2012-12-21 00:00:00+05:30,21.53,21.57,20.79,20.95,3293281
2012-12-24 00:00:00+05:30,21.28,21.53,20.79,20.91,2097695
2012-12-26 00:00:00+05:30,20.87,21.28,20.87,20.95,2085006
2012-12-27 00:00:00+05:30,20.87,21.24,20.75,20.83,2225618
2012-12-28 00:00:00+05:30,20.87,21.28,20.63,20.71,2841162
2012-12-31 00:00:00+05:30,20.75,22.47,20.67,22.26,9216755
2013-01-01 00:00:00+05:30,22.31,22.84,22.26,22.47,10914636
2013-01-02 00:00:00+05:30,22.84,22.88,22.26,22.39,5360612
2013-01-03 00:00:00+05:30,22.47,23.12,22.22,22.67,9633114
2013-01-04 00:00:00+05:30,22.92,23.78,22.51,23.66,15764974
2013-01-07 00:00:00+05:30,23.74,25.05,23.08,24.72,25085679
2013-01-08 00:00:00+05:30,24.88,24.92,24.06,24.27,10312000
2013-01-09 00:00:00+05:30,24.47,24.72,23.61,23.78,8189343
2013-01-10 00:00:00+05:30,23.94,24.19,23.41,23.57,5105616
2013-01-11 00:00:00+05:30,23.74,23.74,22.51,22.71,7354275
2013-01-14 00:00:00+05:30,22.92,23.41,22.31,23.16,6614252
2013-01-15 00:00:00+05:30,23.41,24.31,23.25,23.74,20038204
2013-01-16 00:00:00+05:30,23.94,24.02,22.76,22.84,8144821
2013-01-17 00:00:00+05:30,22.92,23.25,22.35,23.0,3521387
2013-01-18 00:00:00+05:30,23.08,23.45,22.96,23.16,3649110
2013-01-21 00:00:00+05:30,23.37,23.53,23.04,23.29,2889882
2013-01-22 00:00:00+05:30,23.33,23.66,22.92,23.0,3438119
2013-01-23 00:00:00+05:30,23.12,23.25,22.51,22.8,2985677
2013-01-24 00:00:00+05:30,22.92,22.92,21.65,21.85,5162262
2013-01-25 00:00:00+05:30,21.77,22.67,21.61,22.51,2460658
2013-01-28 00:00:00+05:30,22.59,22.92,22.39,22.67,2070480
2013-01-29 00:00:00+05:30,22.67,23.12,21.94,22.14,4126721
2013-01-30 00:00:00+05:30,22.31,22.39,21.81,22.02,2322277
2013-01-31 00:00:00+05:30,22.06,22.43,21.85,22.22,1866779
2013-02-01 00:00:00+05:30,22.26,22.84,22.1,22.59,3334627
2013-02-04 00:00:00+05:30,22.67,22.88,21.9,21.98,1672361
2013-02-05 00:00:00+05:30,21.73,22.35,21.57,22.06,2217176
2013-02-06 00:00:00+05:30,22.18,22.55,21.81,21.94,1611019
2013-02-07 00:00:00+05:30,21.61,22.22,21.45,21.85,2780837
2013-02-08 00:00:00+05:30,21.94,22.02,21.65,21.9,1905039
2013-02-11 00:00:00+05:30,21.49,22.06,21.49,21.73,1132935
2013-02-12 00:00:00+05:30,21.85,22.06,21.2,21.9,2792448
2013-02-13 00:00:00+05:30,21.94,22.22,21.28,21.36,2106611
2013-02-14 00:00:00+05:30,22.18,22.18,20.22,20.55,4898484
2013-02-15 00:00:00+05:30,20.46,20.71,20.3,20.5,6071094
2013-02-18 00:00:00+05:30,20.46,20.95,20.46,20.67,1369347
2013-02-19 00:00:00+05:30,20.46,20.91,20.46,20.87,3124836
2013-02-20 00:00:00+05:30,20.95,21.08,20.75,20.83,1424720
2013-02-21 00:00:00+05:30,20.75,20.75,20.3,20.38,1553657
2013-02-22 00:00:00+05:30,20.42,20.59,20.34,20.42,1248632
2013-02-25 00:00:00+05:30,20.67,20.83,20.26,20.34,1965465
2013-02-26 00:00:00+05:30,20.22,20.42,19.85,20.05,2739978
2013-02-27 00:00:00+05:30,20.87,20.87,19.97,20.42,1789446
2013-02-28 00:00:00+05:30,20.59,21.04,19.64,20.46,3078151
2013-03-01 00:00:00+05:30,20.67,20.67,19.97,20.05,4164070
2013-03-04 00:00:00+05:30,20.05,20.09,19.6,19.69,1604593
2013-03-05 00:00:00+05:30,19.81,20.22,19.77,20.09,1017853
2013-03-06 00:00:00+05:30,20.14,20.55,20.05,20.18,1220286
2013-03-07 00:00:00+05:30,20.14,20.34,19.97,20.22,863206
2013-03-08 00:00:00+05:30,20.3,20.63,20.14,20.38,1381217
2013-03-11 00:00:00+05:30,20.46,20.55,20.26,20.42,1305032
2013-03-12 00:00:00+05:30,20.46,20.46,20.05,20.14,3309429
2013-03-13 00:00:00+05:30,20.05,20.09,19.81,19.97,1168575
2013-03-14 00:00:00+05:30,20.01,20.59,19.85,20.46,1856788
2013-03-15 00:00:00+05:30,20.59,20.67,19.81,20.01,2675364
2013-03-18 00:00:00+05:30,19.85,20.63,19.77,19.93,1038005
2013-03-19 00:00:00+05:30,19.69,20.14,19.19,19.73,1623728
2013-03-20 00:00:00+05:30,19.77,19.89,18.25,19.11,4520457
2013-03-21 00:00:00+05:30,19.11,19.48,18.62,18.79,1709084
2013-03-22 00:00:00+05:30,18.01,19.07,18.01,18.91,1673489
2013-03-25 00:00:00+05:30,19.19,19.24,18.79,18.99,1359504
2013-03-26 00:00:00+05:30,19.11,19.15,18.74,19.07,1126280
2013-03-28 00:00:00+05:30,19.19,20.22,19.07,20.05,2565875
2013-04-01 00:00:00+05:30,20.59,20.59,19.73,20.09,806268
2013-04-02 00:00:00+05:30,19.81,20.42,19.81,20.22,1094850
2013-04-03 00:00:00+05:30,20.3,20.38,19.81,19.97,1105441
2013-04-04 00:00:00+05:30,19.64,19.89,18.74,18.87,2707753
2013-04-05 00:00:00+05:30,18.99,19.19,18.5,18.7,2651306
2013-04-08 00:00:00+05:30,18.95,18.95,18.54,18.66,1106869
2013-04-09 00:00:00+05:30,18.95,19.03,18.09,18.21,2248757
2013-04-10 00:00:00+05:30,18.46,18.66,18.21,18.58,1589285
2013-04-11 00:00:00+05:30,18.66,18.83,18.5,18.66,1226387
2013-04-12 00:00:00+05:30,18.58,18.74,18.42,18.62,1061652
2013-04-15 00:00:00+05:30,18.87,19.03,18.58,18.79,1124246
2013-04-16 00:00:00+05:30,18.83,19.19,18.66,19.07,1287365
2013-04-17 00:00:00+05:30,19.03,19.36,19.03,19.19,1235418
2013-04-18 00:00:00+05:30,19.4,19.44,19.03,19.36,1347246
2013-04-22 00:00:00+05:30,19.32,19.73,19.32,19.6,1234250
2013-04-23 00:00:00+05:30,19.64,19.64,19.36,19.44,1316539
2013-04-25 00:00:00+05:30,19.56,19.64,19.44,19.52,1245446
2013-04-26 00:00:00+05:30,19.64,19.64,19.36,19.44,990007
2013-04-29 00:00:00+05:30,19.32,19.64,19.32,19.52,734004
2013-04-30 00:00:00+05:30,19.56,19.77,19.44,19.52,876915
2013-05-02 00:00:00+05:30,19.56,19.93,19.52,19.77,1171619
2013-05-03 00:00:00+05:30,19.73,19.77,19.52,19.64,1210086
2013-05-06 00:00:00+05:30,19.81,20.67,19.69,19.81,6512095
2013-05-07 00:00:00+05:30,20.09,20.46,20.05,20.14,3134005
2013-05-08 00:00:00+05:30,20.26,20.34,19.97,20.26,1480385
2013-05-09 00:00:00+05:30,20.05,20.34,19.85,19.89,1207472
2013-05-10 00:00:00+05:30,19.77,20.05,19.64,19.64,1379800
2013-05-11 00:00:00+05:30,19.64,19.97,19.64,19.89,218499
2013-05-13 00:00:00+05:30,19.85,20.05,19.6,19.69,821054
2013-05-14 00:00:00+05:30,19.64,20.05,19.52,19.81,1084140
2013-05-15 00:00:00+05:30,19.69,20.63,19.69,20.34,3034390
2013-05-16 00:00:00+05:30,20.34,20.67,20.05,20.5,3020364
2013-05-17 00:00:00+05:30,20.46,20.59,20.09,20.34,1312522
2013-05-20 00:00:00+05:30,20.26,20.63,20.26,20.55,2066584
2013-05-21 00:00:00+05:30,20.46,20.59,20.09,20.38,1324558
2013-05-22 00:00:00+05:30,20.46,20.55,20.26,20.3,1873882
2013-05-23 00:00:00+05:30,20.14,20.26,19.48,20.14,1994728
2013-05-24 00:00:00+05:30,20.05,20.55,19.77,20.46,1822956
2013-05-27 00:00:00+05:30,20.18,20.59,20.18,20.5,1074761
2013-05-28 00:00:00+05:30,20.46,20.87,20.26,20.71,2546267
2013-05-29 00:00:00+05:30,20.63,20.79,20.46,20.5,2708192
2013-05-30 00:00:00+05:30,20.42,20.55,20.3,20.46,667347
2013-05-31 00:00:00+05:30,20.34,20.55,20.34,20.46,1335205
2013-06-03 00:00:00+05:30,20.46,20.46,20.05,20.34,755153
2013-06-04 00:00:00+05:30,20.42,20.59,20.3,20.46,1190570
2013-06-05 00:00:00+05:30,20.46,20.5,20.34,20.46,473488
2013-06-06 00:00:00+05:30,20.46,21.12,20.3,21.0,1572318
2013-06-07 00:00:00+05:30,21.0,21.53,20.38,20.5,2035167
2013-06-10 00:00:00+05:30,20.46,20.75,20.38,20.5,876411
2013-06-11 00:00:00+05:30,20.38,20.55,20.09,20.46,1649789
2013-06-12 00:00:00+05:30,20.42,20.55,20.22,20.46,884054
2013-06-13 00:00:00+05:30,20.42,20.42,19.89,20.01,821821
2013-06-14 00:00:00+05:30,20.01,20.42,20.01,20.14,599597
2013-06-17 00:00:00+05:30,20.05,20.3,20.05,20.26,588884
2013-06-18 00:00:00+05:30,20.3,20.34,19.52,19.64,1822385
2013-06-19 00:00:00+05:30,19.6,20.5,19.52,19.6,4904455
2013-06-20 00:00:00+05:30,19.24,19.24,18.7,18.79,1924659
2013-06-21 00:00:00+05:30,18.79,18.95,16.25,16.82,10272180
2013-06-24 00:00:00+05:30,16.86,17.88,16.86,17.64,3034870
2013-06-25 00:00:00+05:30,17.68,17.93,15.96,16.98,4212602
2013-06-26 00:00:00+05:30,17.19,17.48,17.11,17.19,1309956
2013-06-27 00:00:00+05:30,17.68,17.97,17.6,17.68,3249014
2013-06-28 00:00:00+05:30,17.84,18.83,17.84,18.74,2807322
2013-07-01 00:00:00+05:30,18.91,19.15,18.7,18.79,3428708
2013-07-02 00:00:00+05:30,18.83,19.19,18.62,19.03,1662951
2013-07-03 00:00:00+05:30,18.87,19.03,18.7,18.83,1757512
2013-07-04 00:00:00+05:30,18.79,19.11,18.58,18.83,1798610
2013-07-05 00:00:00+05:30,18.91,19.28,18.91,19.07,2523821
2013-07-08 00:00:00+05:30,19.07,19.11,18.79,18.83,1106402
2013-07-09 00:00:00+05:30,18.87,19.11,18.7,18.95,1335749
2013-07-10 00:00:00+05:30,18.87,19.11,18.87,18.95,892196
2013-07-11 00:00:00+05:30,19.03,19.32,19.03,19.15,1435538
2013-07-12 00:00:00+05:30,19.48,19.6,18.42,18.83,2908202
2013-07-15 00:00:00+05:30,18.42,18.91,18.29,18.83,2080788
2013-07-16 00:00:00+05:30,18.58,18.74,18.34,18.62,2310132
2013-07-17 00:00:00+05:30,18.66,18.74,18.01,18.34,2120773
2013-07-18 00:00:00+05:30,18.25,18.74,18.25,18.66,1824842
2013-07-19 00:00:00+05:30,18.83,18.87,18.54,18.79,1205786
2013-07-22 00:00:00+05:30,18.17,18.95,18.17,18.83,1285839
2013-07-23 00:00:00+05:30,18.83,19.11,18.74,18.79,2802678
2013-07-24 00:00:00+05:30,18.74,18.74,17.8,18.01,2382083
2013-07-25 00:00:00+05:30,18.05,18.34,18.05,18.17,954414
2013-07-26 00:00:00+05:30,18.13,18.42,17.8,18.34,2490192
2013-07-29 00:00:00+05:30,18.34,18.42,17.84,18.13,1647595
2013-07-30 00:00:00+05:30,18.09,18.38,17.52,17.68,2493065
2013-07-31 00:00:00+05:30,17.68,19.15,16.7,18.42,4389524
2013-08-01 00:00:00+05:30,18.62,18.83,17.15,17.39,2120687
2013-08-02 00:00:00+05:30,17.6,17.76,17.07,17.19,967331
2013-08-05 00:00:00+05:30,17.19,17.43,17.07,17.23,739641
2013-08-06 00:00:00+05:30,17.27,17.27,16.37,16.53,2089177
2013-08-07 00:00:00+05:30,16.62,16.94,16.41,16.78,1374864
2013-08-08 00:00:00+05:30,16.74,17.03,16.62,16.7,900568
2013-08-12 00:00:00+05:30,16.7,16.94,16.62,16.74,785527
2013-08-13 00:00:00+05:30,16.82,17.03,16.66,16.98,1401909
2013-08-14 00:00:00+05:30,17.07,17.39,16.94,17.11,993006
2013-08-16 00:00:00+05:30,17.15,17.15,16.62,16.7,1134818
2013-08-19 00:00:00+05:30,17.03,17.03,16.33,16.49,1291103
2013-08-20 00:00:00+05:30,16.53,16.58,16.17,16.41,1290447
2013-08-21 00:00:00+05:30,17.03,17.39,16.37,16.49,2576456
2013-08-22 00:00:00+05:30,16.7,16.7,16.29,16.49,1242351
2013-08-23 00:00:00+05:30,16.49,16.78,16.41,16.58,801456
2013-08-26 00:00:00+05:30,16.58,16.78,16.53,16.58,760376
2013-08-27 00:00:00+05:30,16.62,16.62,16.04,16.13,1580228
2013-08-28 00:00:00+05:30,16.04,16.13,15.63,15.92,1431569
2013-08-29 00:00:00+05:30,15.67,16.25,15.67,16.04,863917
2013-08-30 00:00:00+05:30,16.04,16.33,15.92,16.0,967126
2013-09-02 00:00:00+05:30,16.08,16.33,16.0,16.17,621173
2013-09-03 00:00:00+05:30,16.25,16.33,15.72,15.8,1053152
2013-09-04 00:00:00+05:30,15.76,15.92,15.51,15.76,1487093
2013-09-05 00:00:00+05:30,16.17,16.53,16.17,16.49,2581364
2013-09-06 00:00:00+05:30,16.58,16.7,16.25,16.53,1057334
2013-09-10 00:00:00+05:30,16.7,16.9,16.53,16.62,1212288
2013-09-11 00:00:00+05:30,16.45,16.98,16.45,16.86,1719737
2013-09-12 00:00:00+05:30,16.86,17.23,16.82,16.9,1297193
2013-09-13 00:00:00+05:30,16.86,17.11,16.82,16.94,738877
2013-09-16 00:00:00+05:30,17.52,17.93,17.03,17.27,1750441
2013-09-17 00:00:00+05:30,17.19,17.27,16.86,16.9,713904
2013-09-18 00:00:00+05:30,16.82,17.07,16.74,16.82,699061
2013-09-19 00:00:00+05:30,17.23,17.76,17.19,17.31,3565373
2013-09-20 00:00:00+05:30,17.48,17.48,16.49,16.7,2552240
2013-09-23 00:00:00+05:30,16.66,16.78,16.45,16.49,1041496
2013-09-24 00:00:00+05:30,16.49,16.74,16.37,16.53,631649
2013-09-25 00:00:00+05:30,16.49,16.66,16.37,16.41,734639
2013-09-26 00:00:00+05:30,16.37,16.58,16.37,16.41,811664
2013-09-27 00:00:00+05:30,16.45,16.49,16.33,16.41,673882
2013-09-30 00:00:00+05:30,16.37,16.41,16.17,16.21,747501
2013-10-01 00:00:00+05:30,16.29,16.37,16.13,16.21,984628
2013-10-03 00:00:00+05:30,16.29,16.41,16.21,16.25,1306086
2013-10-04 00:00:00+05:30,16.29,16.45,16.21,16.33,678616
2013-10-07 00:00:00+05:30,16.33,16.37,16.17,16.21,907334
2013-10-08 00:00:00+05:30,16.45,16.62,16.13,16.17,1516795
2013-10-09 00:00:00+05:30,16.13,16.29,16.08,16.13,1367435
2013-10-10 00:00:00+05:30,16.17,16.33,16.08,16.08,1373189
2013-10-11 00:00:00+05:30,16.21,16.33,16.04,16.13,2529195
2013-10-14 00:00:00+05:30,16.41,17.93,16.25,17.76,11141774
2013-10-15 00:00:00+05:30,18.01,18.05,17.07,17.15,4085491
2013-10-17 00:00:00+05:30,17.27,17.48,16.7,16.94,5716882
2013-10-18 00:00:00+05:30,17.19,17.48,17.07,17.31,3038951
2013-10-21 00:00:00+05:30,17.43,17.97,17.39,17.6,3395324
2013-10-22 00:00:00+05:30,17.43,17.8,17.35,17.64,2000996
2013-10-23 00:00:00+05:30,17.68,17.97,17.39,17.52,2610431
2013-10-24 00:00:00+05:30,17.6,17.72,17.27,17.31,1298978
2013-10-25 00:00:00+05:30,17.35,17.68,17.03,17.15,1840001
2013-10-28 00:00:00+05:30,17.15,17.35,17.03,17.07,1031337
2013-10-29 00:00:00+05:30,17.07,17.52,16.82,17.27,2111109
2013-10-30 00:00:00+05:30,17.27,17.43,17.11,17.15,1072637
2013-10-31 00:00:00+05:30,16.82,17.48,16.82,17.35,1900613
2013-11-01 00:00:00+05:30,17.23,18.17,17.23,17.68,7005237
2013-11-03 00:00:00+05:30,17.84,18.21,17.8,18.09,2372741
2013-11-05 00:00:00+05:30,18.05,18.46,17.72,18.01,5672846
2013-11-06 00:00:00+05:30,18.01,18.21,17.68,17.76,2107724
2013-11-07 00:00:00+05:30,18.13,18.58,17.56,17.72,5859101
2013-11-08 00:00:00+05:30,17.68,18.21,17.6,17.97,2347007
2013-11-11 00:00:00+05:30,17.97,18.01,17.39,17.68,1502822
2013-11-12 00:00:00+05:30,17.68,17.8,17.31,17.39,1377731
2013-11-13 00:00:00+05:30,17.27,17.48,16.94,17.11,1834323
2013-11-14 00:00:00+05:30,17.23,17.43,17.11,17.27,2138010
2013-11-18 00:00:00+05:30,17.39,17.48,17.19,17.27,1613243
2013-11-19 00:00:00+05:30,17.27,17.8,17.23,17.6,2657725
2013-11-20 00:00:00+05:30,17.48,17.64,17.31,17.39,1707706
2013-11-21 00:00:00+05:30,17.23,17.35,17.11,17.19,1186087
2013-11-22 00:00:00+05:30,17.19,17.35,16.94,17.03,1123874
2013-11-25 00:00:00+05:30,17.11,17.27,16.94,17.03,1581658
2013-11-26 00:00:00+05:30,16.98,17.11,16.62,16.74,1798480
2013-11-27 00:00:00+05:30,16.66,16.86,16.66,16.78,846505
2013-11-28 00:00:00+05:30,16.78,16.94,16.62,16.66,1240607
2013-11-29 00:00:00+05:30,16.66,16.9,16.66,16.78,1440710
2013-12-02 00:00:00+05:30,16.94,17.35,16.86,17.03,3524925
2013-12-03 00:00:00+05:30,17.03,17.11,16.86,16.9,950190
2013-12-04 00:00:00+05:30,16.86,16.98,16.7,16.74,1366199
2013-12-05 00:00:00+05:30,16.82,17.19,16.82,16.98,1464104
2013-12-06 00:00:00+05:30,16.98,17.03,16.78,16.98,1095002
2013-12-09 00:00:00+05:30,17.27,17.39,16.98,17.07,2137759
2013-12-10 00:00:00+05:30,17.11,17.11,16.78,16.86,1022195
2013-12-11 00:00:00+05:30,16.78,16.86,16.66,16.74,772682
2013-12-12 00:00:00+05:30,16.66,16.94,16.62,16.7,861818
2013-12-13 00:00:00+05:30,16.62,16.66,16.41,16.49,1068867
2013-12-16 00:00:00+05:30,16.41,16.53,16.25,16.29,1135486
2013-12-17 00:00:00+05:30,16.29,16.45,16.21,16.25,911616
2013-12-18 00:00:00+05:30,16.25,16.53,16.25,16.41,1057092
2013-12-19 00:00:00+05:30,16.41,16.49,16.13,16.13,1171600
2013-12-20 00:00:00+05:30,16.17,16.45,16.08,16.37,1169894
2013-12-23 00:00:00+05:30,16.37,16.53,16.37,16.41,1109679
2013-12-24 00:00:00+05:30,16.45,16.58,16.33,16.41,1242279
2013-12-26 00:00:00+05:30,16.53,16.9,16.41,16.78,4314876
2013-12-27 00:00:00+05:30,17.23,17.27,16.74,16.78,4745360
2013-12-30 00:00:00+05:30,16.86,16.94,16.53,16.62,1392246
2013-12-31 00:00:00+05:30,16.66,16.7,16.49,16.62,1476806
2014-01-01 00:00:00+05:30,16.66,17.07,16.62,16.94,1896881
2014-01-02 00:00:00+05:30,16.98,17.52,16.86,16.9,5780934
2014-01-03 00:00:00+05:30,16.86,16.98,16.7,16.86,1399726
2014-01-06 00:00:00+05:30,16.86,17.03,16.78,16.82,991120
2014-01-07 00:00:00+05:30,16.86,17.03,16.7,16.74,1030441
2014-01-08 00:00:00+05:30,16.86,16.94,16.7,16.78,1324732
2014-01-09 00:00:00+05:30,16.74,16.9,16.7,16.7,880817
2014-01-10 00:00:00+05:30,16.78,16.86,16.41,16.49,1429271
2014-01-13 00:00:00+05:30,16.58,16.7,16.33,16.49,1307381
2014-01-14 00:00:00+05:30,16.49,16.62,16.41,16.45,810066
2014-01-15 00:00:00+05:30,16.49,16.66,16.45,16.53,1145230
2014-01-16 00:00:00+05:30,16.62,17.52,16.62,16.82,10152499
2014-01-17 00:00:00+05:30,16.98,17.11,16.53,16.58,1904348
2014-01-20 00:00:00+05:30,16.78,17.39,16.7,17.31,57888152
2014-01-21 00:00:00+05:30,17.48,17.48,16.9,16.98,3581375
2014-01-22 00:00:00+05:30,16.78,17.19,16.78,17.07,1577230
2014-01-23 00:00:00+05:30,17.07,17.31,16.94,16.98,2624804
2014-01-24 00:00:00+05:30,16.94,16.98,16.78,16.82,1725128
2014-01-27 00:00:00+05:30,16.78,16.78,16.37,16.45,2302604
2014-01-28 00:00:00+05:30,16.49,16.62,16.33,16.37,1677810
2014-01-29 00:00:00+05:30,16.45,16.62,16.33,16.37,1173351
2014-01-30 00:00:00+05:30,16.21,16.41,16.0,16.37,2296619
2014-01-31 00:00:00+05:30,16.41,16.49,16.25,16.41,1712640
2014-02-03 00:00:00+05:30,16.37,16.41,16.25,16.29,1236422
2014-02-04 00:00:00+05:30,16.25,16.45,16.08,16.37,1410150
2014-02-05 00:00:00+05:30,16.41,16.49,16.29,16.37,650969
2014-02-06 00:00:00+05:30,16.45,16.53,16.21,16.45,1059424
2014-02-07 00:00:00+05:30,16.58,16.62,16.29,16.41,884289
2014-02-10 00:00:00+05:30,16.62,16.62,16.17,16.21,1130191
2014-02-11 00:00:00+05:30,16.29,16.41,16.25,16.33,1084364
2014-02-12 00:00:00+05:30,16.37,16.45,16.29,16.37,859205
2014-02-13 00:00:00+05:30,16.41,16.45,16.25,16.29,963570
2014-02-14 00:00:00+05:30,16.37,16.45,16.13,16.37,1382632
2014-02-17 00:00:00+05:30,16.45,16.45,16.21,16.25,505103
2014-02-18 00:00:00+05:30,16.29,16.45,16.25,16.37,1172812
2014-02-19 00:00:00+05:30,16.37,16.62,16.21,16.49,1163312
2014-02-20 00:00:00+05:30,16.41,16.62,16.33,16.53,1135331
2014-02-21 00:00:00+05:30,16.49,17.31,16.37,16.98,3011380
2014-02-24 00:00:00+05:30,17.07,17.23,16.66,17.11,2841063
2014-02-25 00:00:00+05:30,17.03,17.35,16.82,17.19,3339799
2014-02-26 00:00:00+05:30,17.15,17.35,17.03,17.27,1344037
2014-02-28 00:00:00+05:30,17.19,17.52,17.07,17.27,2027096
2014-03-03 00:00:00+05:30,17.15,17.31,17.03,17.11,2299413
2014-03-04 00:00:00+05:30,17.15,17.19,16.98,17.03,1407212
2014-03-05 00:00:00+05:30,17.11,18.83,17.07,18.66,17467466
2014-03-06 00:00:00+05:30,18.83,18.95,18.17,18.42,4271469
2014-03-07 00:00:00+05:30,18.29,18.62,18.17,18.25,2949146
2014-03-10 00:00:00+05:30,18.09,18.58,18.09,18.17,2125919
2014-03-11 00:00:00+05:30,18.17,19.15,18.17,18.42,4952861
2014-03-12 00:00:00+05:30,18.42,18.46,18.01,18.05,975418
2014-03-13 00:00:00+05:30,18.13,19.15,18.09,18.7,5154016
2014-03-14 00:00:00+05:30,18.62,18.62,17.93,18.21,2241813
2014-03-18 00:00:00+05:30,18.17,18.74,18.17,18.58,2365181
2014-03-19 00:00:00+05:30,18.74,18.74,18.42,18.46,1212453
2014-03-20 00:00:00+05:30,18.34,18.62,18.05,18.13,1303947
2014-03-21 00:00:00+05:30,18.21,18.58,18.13,18.34,1217928
2014-03-22 00:00:00+05:30,18.29,18.5,18.25,18.42,196726
2014-03-24 00:00:00+05:30,18.42,18.91,18.42,18.62,5820414
2014-03-25 00:00:00+05:30,18.58,18.74,18.34,18.38,2103349
2014-03-26 00:00:00+05:30,18.46,18.58,18.29,18.42,1977669
2014-03-27 00:00:00+05:30,18.38,18.79,18.17,18.21,3968493
2014-03-28 00:00:00+05:30,18.29,18.91,18.21,18.58,6305188
2014-03-31 00:00:00+05:30,17.93,18.54,17.76,18.21,9372681
2014-04-01 00:00:00+05:30,18.21,18.7,17.88,18.38,6556330
2014-04-02 00:00:00+05:30,18.83,19.19,18.5,18.99,8103792
2014-04-03 00:00:00+05:30,19.15,19.15,18.5,18.62,3818315
2014-04-04 00:00:00+05:30,18.62,18.74,18.5,18.58,2172823
2014-04-07 00:00:00+05:30,18.58,18.79,18.21,18.38,2535636
2014-04-09 00:00:00+05:30,18.42,19.81,18.42,19.69,15294657
2014-04-10 00:00:00+05:30,19.85,20.3,19.44,19.69,9533367
2014-04-11 00:00:00+05:30,19.64,20.87,19.32,20.5,11972751
2014-04-15 00:00:00+05:30,20.75,20.83,19.44,20.09,7559882
2014-04-16 00:00:00+05:30,20.14,20.22,19.19,19.73,6364062
2014-04-17 00:00:00+05:30,19.69,19.97,19.52,19.85,2954758
2014-04-21 00:00:00+05:30,20.05,20.38,19.77,20.09,3869002
2014-04-22 00:00:00+05:30,20.79,21.28,20.22,20.34,12792975
2014-04-23 00:00:00+05:30,20.3,20.63,20.22,20.38,3405620
2014-04-25 00:00:00+05:30,20.05,20.3,19.32,19.77,6558599
2014-04-28 00:00:00+05:30,19.64,19.89,19.48,19.64,3276909
2014-04-29 00:00:00+05:30,19.69,19.93,19.24,19.36,3131873
2014-04-30 00:00:00+05:30,19.32,19.89,18.5,18.83,11288569
2014-05-02 00:00:00+05:30,18.91,19.11,18.74,18.87,1751579
2014-05-05 00:00:00+05:30,18.74,18.95,18.58,18.66,2748821
2014-05-06 00:00:00+05:30,18.83,18.95,18.46,18.58,2379080
2014-05-07 00:00:00+05:30,18.62,18.74,18.38,18.46,1773144
2014-05-08 00:00:00+05:30,18.29,19.03,18.29,18.87,2939920
2014-05-09 00:00:00+05:30,18.79,19.77,18.79,19.64,4219558
2014-05-12 00:00:00+05:30,19.64,20.01,19.64,19.93,4764917
2014-05-13 00:00:00+05:30,20.05,20.42,19.89,19.97,5505344
2014-05-14 00:00:00+05:30,20.42,20.42,19.97,20.14,6735817
2014-05-15 00:00:00+05:30,20.22,20.38,19.81,19.89,5225656
2014-05-16 00:00:00+05:30,20.46,20.79,20.01,20.26,11047781
2014-05-19 00:00:00+05:30,20.46,22.1,20.3,21.69,12279105
2014-05-20 00:00:00+05:30,22.26,22.43,21.36,21.85,9325171
2014-05-21 00:00:00+05:30,21.94,22.35,21.61,21.85,5949144
2014-05-22 00:00:00+05:30,22.02,22.92,22.02,22.35,10473652
2014-05-23 00:00:00+05:30,22.71,23.04,21.94,22.84,12291234
2014-05-26 00:00:00+05:30,23.16,23.74,21.77,22.26,21191770
2014-05-27 00:00:00+05:30,22.43,22.43,21.32,21.65,4571880
2014-05-28 00:00:00+05:30,21.69,23.25,21.65,23.08,11218116
2014-05-29 00:00:00+05:30,23.49,23.53,22.67,23.16,11046480
2014-05-30 00:00:00+05:30,23.04,23.57,22.59,23.29,7126884
2014-06-02 00:00:00+05:30,23.33,24.35,22.84,23.98,14103772
2014-06-03 00:00:00+05:30,24.15,24.15,23.37,23.61,7154361
2014-06-04 00:00:00+05:30,23.53,23.94,23.45,23.86,6208588
2014-06-05 00:00:00+05:30,24.06,24.47,23.7,24.19,9934756
2014-06-06 00:00:00+05:30,24.47,24.56,24.02,24.11,8261628
2014-06-09 00:00:00+05:30,24.19,24.64,24.06,24.35,8311663
2014-06-10 00:00:00+05:30,24.52,24.56,23.41,24.06,6486246
2014-06-11 00:00:00+05:30,24.27,24.56,23.57,23.74,7795800
2014-06-12 00:00:00+05:30,23.74,24.35,23.41,24.11,5650626
2014-06-13 00:00:00+05:30,24.06,24.27,22.47,22.76,5260541
2014-06-16 00:00:00+05:30,22.67,22.76,22.06,22.59,5033847
2015-12-28 00:00:00+05:30,15.88,16.29,15.88,16.0,5446212
2015-12-29 00:00:00+05:30,16.0,16.04,15.92,16.0,6258111
2015-12-30 00:00:00+05:30,15.96,16.04,15.96,16.0,10174652
2015-12-31 00:00:00+05:30,16.0,16.04,15.76,15.84,3389256
2016-01-01 00:00:00+05:30,15.8,16.13,15.8,16.08,2156205
2016-01-04 00:00:00+05:30,16.08,16.45,15.92,16.0,3727932
2016-01-05 00:00:00+05:30,16.04,16.41,15.96,16.33,3494416
2016-01-06 00:00:00+05:30,16.45,16.66,15.96,16.41,5691174
2016-01-07 00:00:00+05:30,16.08,16.29,15.92,16.0,6989022
2016-01-08 00:00:00+05:30,16.08,16.25,15.96,16.0,2245167
2016-01-11 00:00:00+05:30,16.0,16.08,15.8,15.96,4882914
2016-01-12 00:00:00+05:30,16.0,16.08,15.67,15.72,4242535
2016-01-13 00:00:00+05:30,15.76,15.92,15.18,15.67,8175490
2016-01-14 00:00:00+05:30,15.55,15.76,15.35,15.72,7145504
2016-01-15 00:00:00+05:30,15.63,15.8,14.86,15.02,7023265
2016-01-18 00:00:00+05:30,14.98,15.27,14.65,14.77,4567231
2016-01-19 00:00:00+05:30,14.82,15.31,14.82,15.02,3711758
2016-01-20 00:00:00+05:30,14.9,15.18,14.37,14.69,10764024
2016-01-21 00:00:00+05:30,14.77,15.1,14.77,14.98,4179271
2016-01-22 00:00:00+05:30,15.14,15.31,14.98,15.06,4249146
2016-01-25 00:00:00+05:30,15.27,15.31,14.94,15.02,2604632
2016-01-27 00:00:00+05:30,15.06,15.27,14.9,15.14,2012855
2016-01-28 00:00:00+05:30,15.1,15.35,14.98,15.06,10985479
2016-01-29 00:00:00+05:30,14.98,15.18,14.98,15.1,4481309
2016-02-01 00:00:00+05:30,15.31,15.39,15.06,15.27,6455633
2016-02-02 00:00:00+05:30,15.22,15.72,15.18,15.59,4859899
2016-02-03 00:00:00+05:30,15.43,15.51,15.06,15.14,4253579
2016-02-04 00:00:00+05:30,15.14,15.31,14.77,14.86,6039992
2016-02-05 00:00:00+05:30,14.86,15.31,14.86,15.18,2129065
2016-02-08 00:00:00+05:30,15.31,15.55,15.1,15.18,3635882
2016-02-09 00:00:00+05:30,14.94,15.14,14.86,15.02,1175280
2016-02-10 00:00:00+05:30,14.82,15.02,14.73,14.82,3076931
2016-02-11 00:00:00+05:30,14.69,14.73,13.96,14.04,6233593
2016-02-12 00:00:00+05:30,14.12,14.73,13.75,14.53,6150401
2016-02-15 00:00:00+05:30,14.61,15.22,14.61,14.9,2590342
2016-02-16 00:00:00+05:30,15.1,15.1,14.2,14.28,3287046
2016-02-17 00:00:00+05:30,14.32,14.41,13.96,14.04,6218538
2016-02-18 00:00:00+05:30,14.16,14.37,13.83,14.04,3441373
2016-02-19 00:00:00+05:30,14.04,14.08,13.59,13.79,5199608
2016-02-22 00:00:00+05:30,13.87,14.0,13.79,13.87,2151803
2016-02-23 00:00:00+05:30,13.96,13.96,13.75,13.79,2308685
2016-02-24 00:00:00+05:30,13.75,13.87,13.67,13.71,2315797
2016-02-25 00:00:00+05:30,13.71,13.75,13.59,13.63,4313728
2016-02-26 00:00:00+05:30,13.75,13.83,13.51,13.63,3195939
2016-02-29 00:00:00+05:30,13.71,13.71,13.38,13.63,3262585
2016-03-01 00:00:00+05:30,13.63,13.83,13.59,13.75,3922639
2016-03-02 00:00:00+05:30,13.96,14.32,13.96,14.24,7292372
2016-03-03 00:00:00+05:30,14.32,14.57,14.16,14.53,2787450
2016-03-04 00:00:00+05:30,14.69,14.77,14.32,14.57,4182350
2016-03-08 00:00:00+05:30,14.69,14.69,14.32,14.45,3180075
2016-03-09 00:00:00+05:30,14.45,14.57,14.16,14.49,2536013
2016-03-10 00:00:00+05:30,14.49,14.53,14.32,14.45,1995219
2016-03-11 00:00:00+05:30,14.45,14.45,14.2,14.24,2613254
2016-03-14 00:00:00+05:30,14.28,14.32,14.16,14.2,4679230
2016-03-15 00:00:00+05:30,14.16,14.24,14.12,14.2,1930761
2016-03-16 00:00:00+05:30,14.16,14.2,14.0,14.08,1400346
2016-03-17 00:00:00+05:30,14.2,14.32,14.04,14.2,4251309
2016-03-18 00:00:00+05:30,14.2,14.61,14.12,14.45,8313778
2016-03-21 00:00:00+05:30,14.57,14.69,14.41,14.57,3255718
2016-03-22 00:00:00+05:30,14.61,14.65,14.37,14.53,2284918
2016-03-23 00:00:00+05:30,14.49,14.65,14.41,14.53,1900948
2016-03-28 00:00:00+05:30,14.57,14.61,14.2,14.24,3096400
2016-03-29 00:00:00+05:30,14.24,14.32,14.0,14.04,3232259
2016-03-30 00:00:00+05:30,14.12,14.37,14.08,14.28,3037232
2016-03-31 00:00:00+05:30,14.37,14.53,14.2,14.45,4274168
2016-04-01 00:00:00+05:30,14.37,14.98,14.37,14.9,3802760
2016-04-04 00:00:00+05:30,15.02,15.1,14.73,14.94,2631542
2016-04-05 00:00:00+05:30,14.9,14.94,14.28,14.32,4100898
2016-04-06 00:00:00+05:30,14.16,14.45,14.16,14.28,2142082
2016-04-07 00:00:00+05:30,14.37,14.37,14.16,14.2,1167861
2016-04-08 00:00:00+05:30,14.2,14.28,14.16,14.2,1621979
2016-04-11 00:00:00+05:30,14.24,14.37,14.12,14.28,2508385
2016-04-12 00:00:00+05:30,14.28,14.57,14.2,14.45,4588081
2016-04-13 00:00:00+05:30,14.53,14.82,14.49,14.61,3981455
2016-04-18 00:00:00+05:30,14.41,14.73,14.41,14.61,4515810
2016-04-20 00:00:00+05:30,14.61,15.1,14.57,15.06,5773216
2016-04-21 00:00:00+05:30,15.14,15.31,14.9,14.94,4739810
2016-04-22 00:00:00+05:30,14.82,15.06,14.77,14.94,4864538
2016-04-25 00:00:00+05:30,14.98,15.02,14.73,14.77,2024240
2016-04-26 00:00:00+05:30,14.82,14.98,14.69,14.94,4810657
2016-04-27 00:00:00+05:30,14.9,15.02,14.86,14.94,1434952
2016-04-28 00:00:00+05:30,14.98,14.98,14.69,14.82,5564591
2016-04-29 00:00:00+05:30,14.82,15.14,14.69,14.94,4052568
2016-05-02 00:00:00+05:30,14.9,14.94,14.69,14.73,1888212
2016-05-03 00:00:00+05:30,14.73,14.98,14.61,14.65,3267418
2016-05-04 00:00:00+05:30,14.65,14.73,14.49,14.53,3382347
2016-05-05 00:00:00+05:30,14.69,14.73,14.41,14.53,4184213
2016-05-06 00:00:00+05:30,14.49,14.9,14.49,14.73,4314804
2016-05-09 00:00:00+05:30,14.77,14.94,14.73,14.77,2088601
2016-05-10 00:00:00+05:30,14.77,14.86,14.65,14.69,3268852
2016-05-11 00:00:00+05:30,14.65,14.98,14.53,14.73,9739089
2016-05-12 00:00:00+05:30,14.86,14.9,14.69,14.73,7038391
2016-05-13 00:00:00+05:30,14.73,15.39,14.69,15.27,7244383
2016-05-16 00:00:00+05:30,15.43,15.47,15.06,15.27,2871711
2016-05-17 00:00:00+05:30,15.35,15.43,14.98,15.06,2776635
2016-05-18 00:00:00+05:30,14.94,15.06,14.86,14.94,2055485
2016-05-19 00:00:00+05:30,14.94,15.14,14.73,14.77,3030153
2016-05-20 00:00:00+05:30,14.77,14.9,14.69,14.86,4234399
2016-05-23 00:00:00+05:30,14.94,14.98,14.73,14.77,2730592
2016-05-24 00:00:00+05:30,14.82,14.86,14.73,14.82,2116955
2016-05-25 00:00:00+05:30,14.9,15.02,14.86,14.94,2385368
2016-05-26 00:00:00+05:30,15.02,15.76,14.98,15.47,26296660
2016-05-27 00:00:00+05:30,15.51,15.84,15.39,15.72,7032554
2016-05-30 00:00:00+05:30,15.96,16.13,15.59,15.67,5786503
2016-05-31 00:00:00+05:30,15.72,15.76,15.43,15.59,7693853
2016-06-01 00:00:00+05:30,15.63,15.8,15.27,15.35,4160225
2016-06-02 00:00:00+05:30,15.47,16.86,15.22,15.63,15107964
2016-06-03 00:00:00+05:30,15.72,15.88,15.47,15.55,6531297
2016-06-06 00:00:00+05:30,15.63,16.17,15.47,16.04,7091634
2016-06-07 00:00:00+05:30,16.13,16.58,16.13,16.33,7774809
2016-06-08 00:00:00+05:30,16.29,16.58,16.17,16.41,4853790
2016-06-09 00:00:00+05:30,16.41,16.86,16.33,16.7,7091586
2016-06-10 00:00:00+05:30,16.66,16.94,16.62,16.74,6173164
2016-06-13 00:00:00+05:30,16.66,16.86,16.45,16.78,5001632
2016-06-14 00:00:00+05:30,16.86,17.07,16.62,16.86,3908500
2016-06-15 00:00:00+05:30,16.9,17.07,16.66,16.78,5112231
2016-06-16 00:00:00+05:30,16.78,16.82,16.13,16.49,7853352
2016-06-17 00:00:00+05:30,16.53,16.82,16.41,16.74,5438032
2016-06-20 00:00:00+05:30,16.45,16.82,16.29,16.7,3911252
2016-06-21 00:00:00+05:30,16.53,16.74,16.49,16.58,2562820
2016-06-22 00:00:00+05:30,16.49,16.62,16.29,16.41,2055529
2016-06-23 00:00:00+05:30,16.37,16.49,16.21,16.37,2777249
2016-06-24 00:00:00+05:30,16.04,16.13,15.63,16.04,5849793
2016-06-27 00:00:00+05:30,16.08,16.37,16.0,16.25,3769287
2016-06-28 00:00:00+05:30,16.29,16.49,16.25,16.37,4011125
2016-06-29 00:00:00+05:30,16.45,16.7,16.41,16.62,3994531
2016-06-30 00:00:00+05:30,16.25,16.37,15.88,16.0,17493876
2016-07-01 00:00:00+05:30,16.04,16.58,16.04,16.37,6300510
2016-07-04 00:00:00+05:30,16.37,16.86,16.37,16.74,9950817
2016-07-05 00:00:00+05:30,16.7,17.93,16.66,17.68,23004249
2016-07-07 00:00:00+05:30,17.84,18.5,17.8,18.17,14941956
2016-07-08 00:00:00+05:30,18.58,18.99,18.05,18.46,38936720
2016-07-11 00:00:00+05:30,18.74,19.07,18.54,18.66,12940065
2016-07-12 00:00:00+05:30,18.66,18.79,18.42,18.54,8586984
2016-07-13 00:00:00+05:30,18.5,18.58,17.97,18.09,8219530
2016-07-14 00:00:00+05:30,18.01,18.62,17.97,18.5,7339410
2016-07-15 00:00:00+05:30,18.58,18.66,17.93,18.01,7099333
2016-07-18 00:00:00+05:30,17.93,18.17,17.31,17.48,6927446
2016-07-19 00:00:00+05:30,17.35,17.8,17.23,17.52,8764869
2016-07-20 00:00:00+05:30,17.48,17.76,17.39,17.64,6298232
2016-07-21 00:00:00+05:30,17.8,17.93,17.43,17.56,5240015
2016-07-22 00:00:00+05:30,17.48,17.64,17.03,17.52,5223119
2016-07-25 00:00:00+05:30,17.6,17.88,17.35,17.76,5755937
2016-07-26 00:00:00+05:30,17.76,18.01,17.31,17.48,8412932
2016-07-27 00:00:00+05:30,17.52,17.76,17.31,17.52,5441429
2016-07-28 00:00:00+05:30,17.43,17.76,17.31,17.39,5346464
2016-07-29 00:00:00+05:30,17.39,17.68,17.39,17.43,3497081
2016-08-01 00:00:00+05:30,17.48,17.72,17.35,17.52,3233018
2016-08-02 00:00:00+05:30,17.39,17.68,17.39,17.52,3362515
2016-08-03 00:00:00+05:30,17.43,17.64,17.15,17.27,4097270
2016-08-04 00:00:00+05:30,17.56,17.56,17.03,17.39,4167778
2016-08-05 00:00:00+05:30,17.6,17.72,17.48,17.6,4398989
2016-08-08 00:00:00+05:30,17.6,17.72,17.56,17.64,1791536
2016-08-09 00:00:00+05:30,17.68,17.97,17.48,17.76,4930574
2016-08-10 00:00:00+05:30,17.76,17.8,17.35,17.43,2026001
2016-08-11 00:00:00+05:30,17.35,17.64,17.11,17.52,3253828
2016-08-12 00:00:00+05:30,17.56,17.68,17.39,17.48,2746529
2016-08-16 00:00:00+05:30,17.43,17.6,17.35,17.56,3373512
2016-08-17 00:00:00+05:30,17.6,17.64,17.39,17.43,3819753
2016-08-18 00:00:00+05:30,17.6,17.8,17.52,17.72,3787871
2016-08-19 00:00:00+05:30,17.76,18.54,17.64,18.25,6794555
2016-08-22 00:00:00+05:30,18.46,18.62,17.93,18.34,9582411
2016-08-23 00:00:00+05:30,18.25,18.54,18.09,18.38,5770064
2016-08-24 00:00:00+05:30,18.38,18.74,18.21,18.58,6042056
2016-08-25 00:00:00+05:30,18.42,18.66,18.17,18.25,6490266
2016-08-26 00:00:00+05:30,18.21,18.38,17.93,18.05,2408694
2016-08-29 00:00:00+05:30,18.05,18.29,17.93,18.21,3955982
2016-08-30 00:00:00+05:30,18.25,18.58,18.25,18.5,4372515
2016-08-31 00:00:00+05:30,18.42,18.7,18.34,18.42,5028541
2016-09-01 00:00:00+05:30,18.34,18.5,18.13,18.21,3833875
2016-09-02 00:00:00+05:30,18.25,18.42,18.01,18.29,2487771
2016-09-06 00:00:00+05:30,18.34,18.83,18.34,18.74,6124046
2016-09-07 00:00:00+05:30,19.03,20.38,18.74,19.89,21596151
2016-09-08 00:00:00+05:30,19.97,20.79,19.81,20.14,12949933
2016-09-09 00:00:00+05:30,20.14,20.46,19.6,19.81,5495190
2016-09-12 00:00:00+05:30,19.56,19.56,18.46,18.83,7281228
2016-09-14 00:00:00+05:30,18.79,19.52,18.74,19.44,5147207
2016-09-15 00:00:00+05:30,19.24,19.44,18.99,19.11,3098505
2016-09-16 00:00:00+05:30,19.11,20.05,19.07,19.32,11955172
2016-09-19 00:00:00+05:30,19.36,19.52,19.15,19.28,4947673
2016-09-20 00:00:00+05:30,19.36,19.36,18.99,19.03,3491806
2016-09-21 00:00:00+05:30,19.03,19.19,18.83,18.91,5481160
2016-09-22 00:00:00+05:30,19.11,19.4,18.87,19.03,6050898
2016-09-23 00:00:00+05:30,19.07,19.11,18.74,18.83,5108886
2016-09-26 00:00:00+05:30,18.79,18.79,18.09,18.34,7353834
2016-09-27 00:00:00+05:30,18.42,18.54,18.13,18.25,4191411
2016-09-28 00:00:00+05:30,18.25,18.79,18.25,18.62,5408772
2016-09-29 00:00:00+05:30,18.74,18.91,17.35,17.52,14864390
2016-09-30 00:00:00+05:30,17.64,18.25,17.43,17.88,6337534
2016-10-03 00:00:00+05:30,18.01,19.24,18.01,18.99,10195896
2016-10-04 00:00:00+05:30,19.24,19.64,18.95,19.52,10730347
2016-10-05 00:00:00+05:30,19.6,20.87,19.36,20.46,33349643
2016-10-06 00:00:00+05:30,20.63,20.87,20.01,20.3,22410366
2016-10-07 00:00:00+05:30,20.42,20.87,19.4,19.56,34719575
2016-10-10 00:00:00+05:30,19.69,19.89,19.32,19.36,6653367
2016-10-13 00:00:00+05:30,19.24,19.32,18.5,18.83,10841313
2016-10-14 00:00:00+05:30,18.95,19.44,18.87,19.36,5629848
2016-10-17 00:00:00+05:30,19.48,19.56,18.99,19.11,5349382
2016-10-18 00:00:00+05:30,19.19,19.48,19.15,19.44,4328580
2016-10-19 00:00:00+05:30,19.48,19.69,19.19,19.32,7089626
2016-10-20 00:00:00+05:30,19.4,19.69,19.36,19.52,5225248
2016-10-21 00:00:00+05:30,19.6,19.81,19.4,19.73,7541334
2016-10-24 00:00:00+05:30,19.69,20.01,19.64,19.93,6259081
2016-10-25 00:00:00+05:30,19.89,20.01,19.69,19.81,4375502
2016-10-26 00:00:00+05:30,19.77,19.81,19.48,19.69,4514101
2016-10-27 00:00:00+05:30,19.64,19.64,19.15,19.24,4808465
2016-10-28 00:00:00+05:30,19.24,19.56,19.19,19.44,1856648
2016-10-30 00:00:00+05:30,19.6,19.64,19.48,19.56,1252474
2016-11-01 00:00:00+05:30,19.56,19.64,19.36,19.4,2594928
2016-11-02 00:00:00+05:30,19.19,19.28,18.79,18.87,3088201
2016-11-03 00:00:00+05:30,18.91,19.11,18.62,18.74,4743306
2016-11-04 00:00:00+05:30,18.74,18.79,18.25,18.42,3291844
2016-11-07 00:00:00+05:30,18.74,18.91,18.66,18.83,2706974
2016-11-08 00:00:00+05:30,19.07,19.07,18.62,18.79,2070621
2016-11-09 00:00:00+05:30,17.97,18.7,16.94,18.42,12265370
2016-11-10 00:00:00+05:30,18.74,19.93,18.74,19.56,13048353
2016-11-11 00:00:00+05:30,19.44,19.93,18.95,19.07,8026084
2016-11-15 00:00:00+05:30,19.07,19.24,18.34,18.46,5215492
2016-11-16 00:00:00+05:30,18.74,18.83,18.09,18.25,5576266
2016-11-17 00:00:00+05:30,18.34,18.5,18.21,18.34,5000323
2016-11-18 00:00:00+05:30,18.25,18.38,18.01,18.09,6002007
2016-11-21 00:00:00+05:30,18.34,18.38,17.03,17.11,5122600
2016-11-22 00:00:00+05:30,17.35,17.48,16.45,16.7,9720714
2016-11-23 00:00:00+05:30,17.03,17.03,16.58,16.82,4307275
2016-11-24 00:00:00+05:30,16.7,17.03,16.62,16.78,7350535
2016-11-25 00:00:00+05:30,16.86,17.39,16.78,17.31,5505983
2016-11-28 00:00:00+05:30,17.31,17.39,17.03,17.15,2745597
2016-11-29 00:00:00+05:30,17.23,17.39,17.19,17.23,2293980
2016-11-30 00:00:00+05:30,17.35,17.68,17.23,17.6,2313171
2016-12-01 00:00:00+05:30,17.68,17.72,17.19,17.23,2219854
2016-12-02 00:00:00+05:30,17.27,17.43,17.03,17.23,2033772
2016-12-05 00:00:00+05:30,17.19,17.39,17.15,17.31,1325911
2016-12-06 00:00:00+05:30,17.48,17.56,17.31,17.39,1290709
2016-12-07 00:00:00+05:30,17.52,17.64,17.07,17.35,3141674
2016-12-08 00:00:00+05:30,17.48,17.64,17.48,17.56,1732562
2016-12-09 00:00:00+05:30,17.6,17.84,17.43,17.72,1661054
2016-12-12 00:00:00+05:30,17.64,17.72,17.48,17.64,1590409
2016-12-13 00:00:00+05:30,17.52,18.54,17.48,17.97,9616677
2016-12-14 00:00:00+05:30,17.93,18.42,17.31,17.39,9913807
2016-12-15 00:00:00+05:30,17.27,17.76,17.19,17.31,9717241
2016-12-16 00:00:00+05:30,17.43,17.43,16.74,17.11,12240522
2016-12-19 00:00:00+05:30,17.27,17.39,17.03,17.07,3736725
2016-12-20 00:00:00+05:30,17.19,17.19,16.74,16.78,5563938
2016-12-21 00:00:00+05:30,16.9,17.19,16.7,17.03,5956668
2016-12-22 00:00:00+05:30,17.39,17.39,16.7,16.78,6698374
2016-12-23 00:00:00+05:30,16.7,16.78,16.33,16.41,8089099
2016-12-26 00:00:00+05:30,16.45,16.45,15.18,15.47,20435321
2016-12-27 00:00:00+05:30,15.51,15.88,15.31,15.76,11605949
2016-12-28 00:00:00+05:30,15.8,15.96,15.55,15.59,11216383
2016-12-29 00:00:00+05:30,15.63,16.0,15.55,15.88,7367294
2016-12-30 00:00:00+05:30,15.88,16.17,15.88,16.04,4296714
2017-01-02 00:00:00+05:30,16.08,16.21,15.96,16.08,2312693
2017-01-03 00:00:00+05:30,16.17,16.37,16.04,16.29,3424146
2017-01-04 00:00:00+05:30,16.37,16.49,16.29,16.37,2151110
2017-01-05 00:00:00+05:30,16.45,16.78,16.41,16.7,5240758
2017-01-06 00:00:00+05:30,16.7,17.15,16.7,16.86,6289828
2017-01-09 00:00:00+05:30,16.94,17.31,16.9,17.19,4279237
2017-01-10 00:00:00+05:30,17.39,17.39,17.07,17.11,3927950
2017-01-11 00:00:00+05:30,17.23,17.88,17.15,17.6,20388993
2017-01-12 00:00:00+05:30,17.84,17.88,17.35,17.43,8013687
2017-01-13 00:00:00+05:30,17.48,17.6,17.15,17.43,5641328
2017-01-16 00:00:00+05:30,17.48,17.6,17.27,17.52,3986428
2017-01-17 00:00:00+05:30,17.56,17.68,17.39,17.48,2355142
2017-01-18 00:00:00+05:30,17.56,17.56,17.31,17.39,2225138
2017-01-19 00:00:00+05:30,17.35,17.48,17.31,17.35,3153465
2017-01-20 00:00:00+05:30,17.35,17.56,17.15,17.19,6124594
2017-01-23 00:00:00+05:30,17.31,17.43,17.03,17.39,6146110
2017-01-24 00:00:00+05:30,17.48,17.6,17.15,17.39,5494688
2017-01-25 00:00:00+05:30,17.48,17.52,17.35,17.39,3816428
2017-01-27 00:00:00+05:30,17.52,17.76,17.48,17.52,6216909
2017-01-30 00:00:00+05:30,17.43,17.6,17.35,17.48,3983956
2017-01-31 00:00:00+05:30,17.43,17.43,17.03,17.07,5492355
2017-02-01 00:00:00+05:30,17.15,17.56,16.98,17.48,6953442
2017-02-02 00:00:00+05:30,17.52,18.17,17.35,17.93,11897444
2017-02-03 00:00:00+05:30,17.93,18.46,17.84,18.29,14957893
2017-02-06 00:00:00+05:30,18.34,18.62,18.13,18.29,9464755
2017-02-07 00:00:00+05:30,18.38,19.03,18.25,18.95,22921514
2017-02-08 00:00:00+05:30,19.15,19.24,18.74,18.99,21555869
2017-02-09 00:00:00+05:30,19.07,19.32,18.5,18.87,17701300
2017-02-10 00:00:00+05:30,18.91,19.03,18.66,18.79,12312640
2017-02-13 00:00:00+05:30,18.95,18.99,18.54,18.66,11797808
2017-02-14 00:00:00+05:30,18.66,18.83,18.54,18.66,13564085
2017-02-15 00:00:00+05:30,18.74,18.74,18.29,18.46,23032493
2017-02-16 00:00:00+05:30,18.16,18.53,18.12,18.3,21938404
2017-02-17 00:00:00+05:30,18.35,18.58,18.26,18.39,13974910
2017-02-20 00:00:00+05:30,18.49,19.22,18.39,19.04,21843449
2017-02-21 00:00:00+05:30,19.18,19.59,19.04,19.13,18242952
2017-02-22 00:00:00+05:30,19.31,19.31,18.72,18.81,18333027
2017-02-23 00:00:00+05:30,18.9,19.08,18.72,18.95,28109784
2017-02-27 00:00:00+05:30,18.72,18.9,18.53,18.58,5652209
2017-02-28 00:00:00+05:30,18.67,19.31,18.62,19.18,13042963
2017-03-01 00:00:00+05:30,19.31,19.59,19.13,19.18,11737772
2017-03-02 00:00:00+05:30,19.22,19.31,18.67,18.72,9213200
2017-03-03 00:00:00+05:30,18.67,18.85,18.49,18.67,7261990
2017-03-06 00:00:00+05:30,18.76,18.85,18.07,18.62,13151071
2017-03-07 00:00:00+05:30,19.08,19.22,18.81,18.95,17219914
2017-03-08 00:00:00+05:30,18.99,19.04,18.67,18.81,7251017
2017-03-09 00:00:00+05:30,18.72,18.81,18.58,18.62,3997064
2017-03-10 00:00:00+05:30,18.76,18.9,18.49,18.53,4683926
2017-03-14 00:00:00+05:30,19.08,19.08,18.53,18.58,7510405
2017-03-15 00:00:00+05:30,18.62,18.81,18.53,18.62,4598063
2017-03-16 00:00:00+05:30,18.76,18.95,18.58,18.85,7258374
2017-03-17 00:00:00+05:30,18.95,19.08,18.67,18.9,5357207
2017-03-20 00:00:00+05:30,18.85,18.9,18.72,18.81,2637193
2017-03-21 00:00:00+05:30,18.85,18.9,18.67,18.72,2901081
2017-03-22 00:00:00+05:30,18.67,18.67,18.44,18.49,3687483
2017-03-23 00:00:00+05:30,18.58,18.62,18.44,18.58,3063660
2017-03-24 00:00:00+05:30,18.58,18.85,18.53,18.62,8227749
2017-03-27 00:00:00+05:30,18.62,18.81,18.39,18.58,8986424
2017-03-28 00:00:00+05:30,18.49,18.72,18.49,18.62,8008295
2017-03-29 00:00:00+05:30,18.3,18.53,18.16,18.35,13575724
2017-03-30 00:00:00+05:30,18.35,18.76,18.26,18.62,16409811
2017-03-31 00:00:00+05:30,18.76,19.87,18.62,19.64,41932598
2017-04-03 00:00:00+05:30,19.82,20.0,19.73,19.82,18906115
2017-04-05 00:00:00+05:30,19.91,20.23,19.68,19.82,21114592
2017-04-06 00:00:00+05:30,19.82,19.96,19.36,19.73,11038346
2017-04-07 00:00:00+05:30,19.68,20.42,19.54,19.91,19932652
2017-04-10 00:00:00+05:30,20.0,20.28,19.82,20.0,9866053
2017-04-11 00:00:00+05:30,20.19,20.79,20.05,20.69,26831591
2017-04-12 00:00:00+05:30,20.97,21.06,20.1,20.65,23329021
2017-04-13 00:00:00+05:30,20.74,20.92,20.56,20.69,13446958
2017-04-17 00:00:00+05:30,20.74,20.83,20.42,20.69,11991063
2017-04-18 00:00:00+05:30,20.97,21.38,20.46,20.56,22705954
2017-04-19 00:00:00+05:30,20.6,20.79,20.33,20.51,13271406
2017-04-20 00:00:00+05:30,20.65,20.79,20.33,20.6,14957440
2017-04-21 00:00:00+05:30,20.69,22.26,20.6,21.98,38948079
2017-04-24 00:00:00+05:30,22.49,23.59,22.3,22.85,56426738
2017-04-25 00:00:00+05:30,23.22,23.36,22.67,22.95,25148963
2017-04-26 00:00:00+05:30,22.99,23.27,21.66,22.21,30323980
2017-04-27 00:00:00+05:30,22.53,22.95,22.35,22.62,25644164
2017-04-28 00:00:00+05:30,22.67,23.87,22.39,23.64,43470133
2017-05-02 00:00:00+05:30,23.64,24.19,23.18,23.41,32418490
2017-05-03 00:00:00+05:30,23.59,24.0,23.08,23.54,23490249
2017-05-04 00:00:00+05:30,23.68,24.0,23.54,23.87,24110876
2017-05-05 00:00:00+05:30,24.0,24.51,22.99,23.36,43247347
2017-05-08 00:00:00+05:30,23.45,23.96,23.41,23.68,17877832
2017-05-09 00:00:00+05:30,23.87,24.51,23.73,24.19,29203391
2017-05-10 00:00:00+05:30,24.23,24.46,23.91,24.05,17390313
2017-05-11 00:00:00+05:30,24.19,24.28,23.73,23.96,16906672
2017-05-12 00:00:00+05:30,24.0,24.19,23.45,23.73,16625942
2017-05-15 00:00:00+05:30,23.96,24.92,22.26,22.67,97307652
2017-05-16 00:00:00+05:30,22.81,23.36,22.76,23.27,24151576
2017-05-17 00:00:00+05:30,23.41,24.28,23.13,24.1,39276458
2017-05-18 00:00:00+05:30,23.77,24.69,23.68,24.05,40761375
2017-05-19 00:00:00+05:30,24.33,24.83,23.59,24.14,38717084
2017-05-22 00:00:00+05:30,24.6,24.6,23.5,23.68,22492068
2017-05-23 00:00:00+05:30,23.73,24.33,22.76,23.54,37885806
2017-05-24 00:00:00+05:30,23.68,24.0,23.04,23.22,30896649
2017-05-25 00:00:00+05:30,23.5,23.96,23.22,23.64,38187520
2017-05-26 00:00:00+05:30,23.73,25.02,23.68,24.83,27705456
2017-05-29 00:00:00+05:30,25.06,25.38,24.42,24.74,29817399
2017-05-30 00:00:00+05:30,24.74,25.66,24.46,25.48,23478733
2017-05-31 00:00:00+05:30,25.75,26.26,25.48,25.89,29980605
2017-06-01 00:00:00+05:30,25.94,26.3,25.66,26.17,22236511
2017-06-02 00:00:00+05:30,26.26,26.63,26.07,26.53,20220926
2017-06-05 00:00:00+05:30,26.53,26.63,26.12,26.21,18170735
2017-06-06 00:00:00+05:30,26.17,26.26,25.2,25.38,19429995
2017-06-07 00:00:00+05:30,25.38,26.21,25.34,26.07,14787068
2017-06-08 00:00:00+05:30,26.07,26.17,25.52,25.75,9947147
2017-06-09 00:00:00+05:30,25.89,26.17,25.52,25.94,10865475
2017-06-12 00:00:00+05:30,25.84,26.03,25.57,25.71,13128744
2017-06-13 00:00:00+05:30,25.8,26.58,25.8,26.3,19048618
2017-06-14 00:00:00+05:30,26.53,26.86,26.21,26.72,19965683
2017-06-15 00:00:00+05:30,26.67,27.04,26.53,26.9,13160233
2017-06-16 00:00:00+05:30,26.76,27.32,26.72,27.13,19936744
2017-06-19 00:00:00+05:30,27.27,27.5,27.18,27.27,9994439
2017-06-20 00:00:00+05:30,27.32,27.45,26.9,26.99,11011162
2017-06-21 00:00:00+05:30,27.09,27.36,26.95,27.13,9042698
2017-06-22 00:00:00+05:30,27.18,27.36,26.4,26.53,11575471
2017-06-23 00:00:00+05:30,26.72,26.86,25.57,25.8,16167735
2017-06-27 00:00:00+05:30,25.98,26.03,24.92,25.34,19132572
2017-06-28 00:00:00+05:30,25.2,25.48,24.83,25.29,10312716
2017-06-29 00:00:00+05:30,25.48,25.8,25.34,25.52,10515251
2017-06-30 00:00:00+05:30,25.66,25.66,25.25,25.52,8546720
2017-07-03 00:00:00+05:30,25.66,25.66,25.25,25.52,7551587
2017-07-04 00:00:00+05:30,25.52,25.75,25.25,25.29,6422170
2017-07-05 00:00:00+05:30,25.38,25.71,25.29,25.48,4349737
2017-07-06 00:00:00+05:30,25.57,26.53,25.52,26.12,15054498
2017-07-07 00:00:00+05:30,26.21,26.3,25.84,25.94,6969175
2017-07-10 00:00:00+05:30,26.03,26.67,25.98,26.49,4817875
2017-07-11 00:00:00+05:30,26.67,26.76,25.02,25.48,34233338
2017-07-12 00:00:00+05:30,25.57,26.17,25.25,25.98,28224057
2017-07-13 00:00:00+05:30,26.12,26.35,25.98,26.12,16327185
2017-07-14 00:00:00+05:30,26.21,26.35,25.75,26.26,10514727
2017-07-17 00:00:00+05:30,26.21,26.53,26.07,26.21,10340099
2017-07-18 00:00:00+05:30,26.12,26.49,26.03,26.12,6964505
2017-07-19 00:00:00+05:30,26.26,26.4,26.07,26.21,7782554
2017-07-20 00:00:00+05:30,26.21,26.4,25.98,26.03,9057639
2017-07-21 00:00:00+05:30,26.07,26.49,26.03,26.4,10534498
2017-07-24 00:00:00+05:30,26.35,27.5,26.3,26.99,19418677
2017-07-25 00:00:00+05:30,27.18,27.36,26.86,27.22,13787963
2017-07-26 00:00:00+05:30,27.27,28.46,27.13,28.05,34104010
2017-07-27 00:00:00+05:30,28.51,29.43,27.22,28.42,63736547
2017-07-28 00:00:00+05:30,27.77,28.23,27.45,27.91,14517441
2017-07-31 00:00:00+05:30,28.14,28.23,27.64,27.73,10714942
2017-08-01 00:00:00+05:30,27.68,27.91,27.36,27.5,5897259
2017-08-02 00:00:00+05:30,27.77,27.77,27.09,27.45,8245820
2017-08-03 00:00:00+05:30,27.5,27.55,26.4,26.63,14519066
2017-08-04 00:00:00+05:30,26.67,26.99,26.3,26.9,10575994
2017-08-07 00:00:00+05:30,26.95,26.99,26.72,26.9,4409880
2017-08-08 00:00:00+05:30,26.95,26.99,26.07,26.26,8280516
2017-08-09 00:00:00+05:30,26.17,26.17,25.2,25.48,11309346
2017-08-10 00:00:00+05:30,25.2,25.52,23.31,24.14,25661095
2017-08-11 00:00:00+05:30,23.87,24.92,23.31,24.19,15357803
2017-08-14 00:00:00+05:30,24.79,25.15,24.6,25.02,6222792
2017-08-16 00:00:00+05:30,25.29,25.84,24.79,25.75,11892401
2017-08-17 00:00:00+05:30,25.8,26.26,25.48,25.61,8616662
2017-08-18 00:00:00+05:30,25.43,25.75,25.11,25.66,7441071
2017-08-21 00:00:00+05:30,25.66,25.89,24.6,24.79,10765432
2017-08-22 00:00:00+05:30,25.02,25.15,24.23,24.42,13716808
2017-08-23 00:00:00+05:30,24.6,25.11,24.56,25.02,10131204
2017-08-24 00:00:00+05:30,25.25,25.84,24.79,25.66,12342451
2017-08-28 00:00:00+05:30,25.71,25.89,25.61,25.75,6847230
2017-08-29 00:00:00+05:30,25.66,25.75,25.29,25.34,7124039
2017-08-30 00:00:00+05:30,25.57,25.84,25.48,25.66,5565365
2017-08-31 00:00:00+05:30,25.66,25.8,25.52,25.61,13112990
2017-09-01 00:00:00+05:30,25.71,26.99,25.71,26.86,16773707
2017-09-04 00:00:00+05:30,26.72,26.86,25.94,26.49,9897725
2017-09-05 00:00:00+05:30,26.58,26.99,26.3,26.86,10249162
2017-09-06 00:00:00+05:30,26.63,26.99,26.49,26.58,8847242
2017-09-07 00:00:00+05:30,26.81,27.13,26.63,26.67,7783672
2017-09-08 00:00:00+05:30,26.9,26.9,26.26,26.44,7084703
2017-09-11 00:00:00+05:30,26.67,26.81,26.53,26.63,4778499
2017-09-12 00:00:00+05:30,26.63,27.09,26.49,26.9,6196733
2017-09-13 00:00:00+05:30,26.67,27.32,26.4,26.49,9613506
2017-09-14 00:00:00+05:30,26.67,26.81,26.26,26.35,8137682
2017-09-15 00:00:00+05:30,26.4,27.22,25.89,26.9,26445375
2017-09-18 00:00:00+05:30,27.13,27.32,26.72,26.86,10525809
2017-09-19 00:00:00+05:30,26.9,27.22,26.44,26.72,12895310
2017-09-20 00:00:00+05:30,26.99,29.38,26.67,28.92,73851525
2017-09-21 00:00:00+05:30,29.02,29.43,28.37,28.56,45675236
2017-09-22 00:00:00+05:30,28.37,28.37,26.81,26.95,33849419
2017-09-25 00:00:00+05:30,26.95,26.99,25.75,26.3,21513258
2017-09-26 00:00:00+05:30,26.03,27.09,25.8,26.67,21130531
2017-09-27 00:00:00+05:30,26.81,26.99,25.29,25.61,24068810
2017-09-28 00:00:00+05:30,25.89,26.12,25.2,25.66,23891044
2017-09-29 00:00:00+05:30,26.12,26.35,25.84,25.94,10337009
2017-10-03 00:00:00+05:30,26.3,26.3,25.48,25.71,9084815
2017-10-04 00:00:00+05:30,25.71,27.27,25.52,26.99,34549250
2017-10-05 00:00:00+05:30,27.13,27.64,26.9,27.32,15861656
2017-10-06 00:00:00+05:30,27.55,29.15,27.45,29.02,56553488
2017-10-09 00:00:00+05:30,29.25,29.71,28.83,29.43,33230367
2017-10-10 00:00:00+05:30,29.66,29.66,26.99,27.64,85129490
2017-10-11 00:00:00+05:30,27.64,29.29,27.5,28.23,97892763
2017-10-12 00:00:00+05:30,28.28,29.02,27.77,28.79,29803531
2017-10-13 00:00:00+05:30,28.74,30.3,28.69,29.75,52836698
2017-10-16 00:00:00+05:30,29.84,30.07,29.02,29.71,31232045
2017-10-17 00:00:00+05:30,29.71,30.03,29.15,29.48,22611055
2017-10-18 00:00:00+05:30,29.61,29.8,29.11,29.52,17569449
2017-10-19 00:00:00+05:30,29.89,29.89,29.25,29.52,9321376
2017-10-23 00:00:00+05:30,29.66,29.75,29.11,29.25,25472432
2017-10-24 00:00:00+05:30,29.43,29.66,29.25,29.48,27309161
2017-10-25 00:00:00+05:30,29.98,30.58,28.14,28.42,37593388
2017-10-26 00:00:00+05:30,28.51,29.15,28.0,28.74,32735825
2017-10-27 00:00:00+05:30,28.79,29.15,28.28,28.46,11677148
2017-10-30 00:00:00+05:30,28.6,28.69,28.28,28.37,8205356
2017-10-31 00:00:00+05:30,28.42,28.83,27.96,28.1,13780523
2017-11-01 00:00:00+05:30,28.51,28.65,28.28,28.37,8870247
2017-11-02 00:00:00+05:30,28.42,28.69,27.82,28.1,10627726
2017-11-03 00:00:00+05:30,28.19,29.43,27.68,29.15,25860416
2017-11-06 00:00:00+05:30,29.34,29.52,28.56,28.69,15620348
2017-11-07 00:00:00+05:30,28.83,28.97,27.82,28.14,17336613
2017-11-08 00:00:00+05:30,28.14,28.37,27.64,27.68,12427424
2017-11-09 00:00:00+05:30,27.82,28.6,27.36,28.33,20982642
2017-11-10 00:00:00+05:30,28.42,28.6,28.0,28.23,12272246
2017-11-13 00:00:00+05:30,28.28,28.51,28.0,28.1,7954923
2017-11-14 00:00:00+05:30,28.14,28.28,27.87,28.0,5274757
2017-11-15 00:00:00+05:30,28.05,28.05,27.32,27.64,7832459
2017-11-16 00:00:00+05:30,27.73,28.42,27.59,28.0,6187782
2017-11-17 00:00:00+05:30,28.51,28.92,28.0,28.1,9272620
2017-11-20 00:00:00+05:30,28.19,29.02,27.91,28.92,27129800
2017-11-21 00:00:00+05:30,29.02,29.57,28.56,28.92,14627433
2017-11-22 00:00:00+05:30,28.92,28.97,28.51,28.74,5398713
2017-11-23 00:00:00+05:30,28.74,28.97,28.37,28.74,7918283
2017-11-24 00:00:00+05:30,28.74,29.11,28.65,28.92,15264743
2017-11-27 00:00:00+05:30,28.79,28.97,28.56,28.88,5963839
2017-11-28 00:00:00+05:30,29.02,29.06,28.74,28.92,14935317
2017-11-29 00:00:00+05:30,29.25,30.35,28.69,30.21,33535306
2017-11-30 00:00:00+05:30,30.07,30.76,29.89,30.26,32173949
2017-12-01 00:00:00+05:30,30.35,30.58,29.02,29.15,15752512
2017-12-04 00:00:00+05:30,29.38,29.48,28.65,29.11,8855503
2017-12-05 00:00:00+05:30,29.06,29.34,28.65,29.02,8461143
2017-12-06 00:00:00+05:30,29.02,29.29,28.51,28.65,7289032
2017-12-07 00:00:00+05:30,28.79,28.97,28.56,28.88,10247719
2017-12-08 00:00:00+05:30,28.97,29.89,28.92,29.8,21930753
2017-12-11 00:00:00+05:30,29.84,29.94,29.15,29.52,11211488
2017-12-12 00:00:00+05:30,29.57,29.57,28.92,29.11,5444350
2017-12-13 00:00:00+05:30,28.88,29.25,28.42,28.6,8936178
2017-12-14 00:00:00+05:30,28.51,28.74,28.1,28.51,5651872
2017-12-15 00:00:00+05:30,29.02,29.06,28.37,28.51,7455721
2017-12-18 00:00:00+05:30,28.51,29.15,26.9,28.69,12248914
2017-12-19 00:00:00+05:30,28.83,29.52,28.79,29.29,9307719
2017-12-20 00:00:00+05:30,29.06,29.52,28.97,29.02,10385073
2017-12-21 00:00:00+05:30,29.15,29.38,28.79,28.92,11971939
2017-12-22 00:00:00+05:30,29.06,29.25,28.83,29.02,6744888
2017-12-26 00:00:00+05:30,29.02,29.29,28.83,29.02,5593183
2017-12-27 00:00:00+05:30,29.06,29.38,28.79,28.92,9734341
2017-12-28 00:00:00+05:30,28.88,29.02,28.23,28.37,12329539
2017-12-29 00:00:00+05:30,28.51,28.65,28.37,28.51,5588243
2018-01-01 00:00:00+05:30,28.88,29.34,28.69,28.92,10710868
2018-01-02 00:00:00+05:30,29.2,29.2,28.46,28.65,9002865
2018-01-03 00:00:00+05:30,28.69,28.92,28.6,28.65,6790604
2018-01-04 00:00:00+05:30,28.69,29.2,28.6,28.79,11262689
2018-01-05 00:00:00+05:30,29.15,30.49,29.02,30.26,28413301
2018-01-08 00:00:00+05:30,30.49,31.41,30.21,31.18,28073821
2018-01-09 00:00:00+05:30,31.55,31.96,29.71,30.53,78400898
2018-01-10 00:00:00+05:30,30.72,30.76,29.43,29.75,19467072
2018-01-11 00:00:00+05:30,29.89,30.44,29.48,30.07,12869782
2018-01-12 00:00:00+05:30,30.35,30.58,29.66,30.07,18221733
2018-01-15 00:00:00+05:30,30.3,30.49,29.89,30.03,8162387
2018-01-16 00:00:00+05:30,30.07,30.07,29.2,29.29,9741324
2018-01-17 00:00:00+05:30,29.29,29.8,28.74,29.61,9731652
2018-01-18 00:00:00+05:30,30.81,30.9,28.97,29.25,25525561
2018-01-19 00:00:00+05:30,29.11,29.75,28.97,29.66,9518280
2018-01-22 00:00:00+05:30,29.52,29.8,29.43,29.61,9494474
2018-01-23 00:00:00+05:30,29.43,29.84,29.43,29.71,11050990
2018-01-24 00:00:00+05:30,29.52,30.3,29.25,29.34,10993711
2018-01-25 00:00:00+05:30,29.43,29.48,28.56,28.69,11191157
2018-01-29 00:00:00+05:30,28.97,28.97,27.91,28.0,9089179
2018-01-30 00:00:00+05:30,28.14,28.33,27.73,28.0,8626242
2018-01-31 00:00:00+05:30,27.82,28.19,27.55,27.73,10937376
2018-02-01 00:00:00+05:30,27.82,28.1,26.99,27.59,13087754
2018-02-02 00:00:00+05:30,27.22,27.32,25.29,25.94,28754622
2018-02-05 00:00:00+05:30,25.57,25.75,24.6,25.48,18742802
2018-02-06 00:00:00+05:30,23.91,25.2,23.45,24.79,19276153
2018-02-07 00:00:00+05:30,25.06,25.29,24.56,24.69,13140840
2018-02-08 00:00:00+05:30,25.2,25.66,24.83,25.48,10455962
2018-02-09 00:00:00+05:30,25.02,25.48,24.69,25.29,6727122
2018-02-12 00:00:00+05:30,25.43,26.12,25.38,25.94,8288129
2018-02-14 00:00:00+05:30,25.94,26.07,25.43,25.52,5001877
2018-02-15 00:00:00+05:30,25.38,25.8,24.65,24.79,14029638
2018-02-16 00:00:00+05:30,24.88,25.06,24.42,24.6,6623721
2018-02-19 00:00:00+05:30,24.46,25.25,24.05,24.56,16469408
2018-02-20 00:00:00+05:30,24.65,24.97,24.51,24.69,12735156
2018-02-21 00:00:00+05:30,24.88,24.97,24.51,24.74,7162012
2018-02-22 00:00:00+05:30,24.51,24.83,24.0,24.28,17247115
2018-02-23 00:00:00+05:30,24.56,24.83,24.46,24.74,5896267
2018-02-26 00:00:00+05:30,24.92,25.15,24.69,25.02,7956859
2018-02-27 00:00:00+05:30,25.06,25.11,24.65,24.83,4701962
2018-02-28 00:00:00+05:30,24.56,24.74,24.1,24.46,6520214
2018-03-01 00:00:00+05:30,24.56,24.56,23.91,23.96,6870254
2018-03-05 00:00:00+05:30,24.05,24.1,23.68,23.96,8085094
2018-03-06 00:00:00+05:30,24.1,24.19,23.5,23.64,8173205
2018-03-07 00:00:00+05:30,23.64,23.68,22.16,22.49,15064777
2018-03-08 00:00:00+05:30,22.62,23.22,21.84,23.13,18603655
2018-03-09 00:00:00+05:30,23.27,23.27,22.53,22.95,15104492
2018-03-12 00:00:00+05:30,22.99,23.08,22.12,22.72,9374828
2018-03-13 00:00:00+05:30,22.76,23.5,22.67,23.08,9228254
2018-03-14 00:00:00+05:30,23.04,23.41,22.72,23.36,6343881
2018-03-15 00:00:00+05:30,23.36,23.77,23.27,23.59,7772863
2018-03-16 00:00:00+05:30,23.54,23.64,22.99,23.08,5594212
2018-03-19 00:00:00+05:30,23.04,23.18,22.21,22.35,5556370
2018-03-20 00:00:00+05:30,22.07,22.58,21.93,22.12,7459542
2018-03-21 00:00:00+05:30,22.44,22.49,21.89,21.98,8020069
2018-03-22 00:00:00+05:30,21.98,22.07,21.34,21.38,12771356
2018-03-23 00:00:00+05:30,21.06,21.15,20.56,20.79,24192713
2018-03-26 00:00:00+05:30,20.69,21.47,20.46,21.38,9330517
2018-03-27 00:00:00+05:30,21.75,21.84,21.15,21.47,12375668
2018-03-28 00:00:00+05:30,21.43,21.57,20.83,20.97,13243776
2018-04-02 00:00:00+05:30,21.11,21.66,21.06,21.57,4908325
2018-04-03 00:00:00+05:30,21.52,22.3,21.47,22.21,9831976
2018-04-04 00:00:00+05:30,22.35,22.53,21.75,21.93,13733945
2018-04-05 00:00:00+05:30,22.44,22.81,22.12,22.53,7000924
2018-04-06 00:00:00+05:30,22.62,23.31,22.3,23.27,9013307
2018-04-09 00:00:00+05:30,23.27,23.64,23.22,23.59,6032479
2018-04-10 00:00:00+05:30,23.64,23.87,23.36,23.54,4510745
2018-04-11 00:00:00+05:30,23.59,23.91,22.9,23.5,5596338
2018-04-12 00:00:00+05:30,23.41,23.59,22.99,23.08,4256545
2018-04-13 00:00:00+05:30,23.22,23.41,22.85,22.99,7027505
2018-04-16 00:00:00+05:30,22.81,23.31,22.76,23.13,3328241
2018-04-17 00:00:00+05:30,23.18,24.65,23.18,24.46,22769077
2018-04-18 00:00:00+05:30,24.65,24.79,23.96,24.1,12295697
2018-04-19 00:00:00+05:30,24.23,24.6,24.1,24.37,10239408
2018-04-20 00:00:00+05:30,24.28,24.42,23.82,23.96,10671853
2018-04-23 00:00:00+05:30,23.77,24.05,23.5,23.59,7790240
2018-04-24 00:00:00+05:30,23.59,23.96,23.54,23.77,9451440
2018-04-25 00:00:00+05:30,23.73,24.37,23.45,24.14,17737476
2018-04-26 00:00:00+05:30,24.28,24.28,23.77,23.91,16679590
2018-04-27 00:00:00+05:30,23.96,24.97,23.96,24.51,14999561
2018-04-30 00:00:00+05:30,24.56,24.69,24.28,24.33,3843876
2018-05-02 00:00:00+05:30,24.51,24.56,23.82,23.91,6877988
2018-05-03 00:00:00+05:30,23.96,24.42,23.73,24.05,9706159
2018-05-04 00:00:00+05:30,24.05,24.1,23.73,23.82,3977705
2018-05-07 00:00:00+05:30,24.1,24.23,23.73,24.0,10012634
2018-05-08 00:00:00+05:30,24.14,24.92,23.87,24.79,16448165
2018-05-09 00:00:00+05:30,25.02,25.06,24.37,24.51,9364419
2018-05-10 00:00:00+05:30,24.51,24.51,23.68,23.73,15638689
2018-05-11 00:00:00+05:30,23.68,24.05,23.36,23.54,21693727
2018-05-14 00:00:00+05:30,23.5,25.25,22.44,24.33,65134283
2018-05-15 00:00:00+05:30,24.56,24.69,23.77,24.05,16792738
2018-05-16 00:00:00+05:30,23.91,24.37,23.36,24.05,16925135
2018-05-17 00:00:00+05:30,24.05,24.37,23.87,24.23,6331855
2018-05-18 00:00:00+05:30,24.28,24.37,23.5,23.54,8432647
2018-05-21 00:00:00+05:30,23.41,23.45,22.49,22.58,12482242
2018-05-22 00:00:00+05:30,22.76,23.04,22.35,22.95,9924651
2018-05-23 00:00:00+05:30,23.18,23.18,22.49,22.62,9510836
2018-05-24 00:00:00+05:30,22.62,22.76,22.12,22.26,8267836
2018-05-25 00:00:00+05:30,22.39,22.58,22.12,22.44,6912533
2018-05-28 00:00:00+05:30,22.53,23.13,22.44,23.04,7187226
2018-05-29 00:00:00+05:30,23.08,23.18,22.62,22.72,5972286
2018-05-30 00:00:00+05:30,22.49,22.58,22.21,22.26,13077039
2018-05-31 00:00:00+05:30,22.44,22.67,21.98,22.12,23695653
2018-06-01 00:00:00+05:30,22.44,22.44,21.93,22.12,8659918
2018-06-04 00:00:00+05:30,22.16,22.3,21.8,21.98,8140302
2018-06-05 00:00:00+05:30,21.98,22.3,21.29,21.52,22233505
2018-06-06 00:00:00+05:30,21.52,22.21,21.34,22.12,12875963
2018-06-07 00:00:00+05:30,22.26,23.04,22.26,22.81,13379640
2018-06-08 00:00:00+05:30,22.72,22.85,22.44,22.62,7303554
2018-06-11 00:00:00+05:30,22.67,23.45,22.53,22.99,10709552
2018-06-12 00:00:00+05:30,23.13,23.13,22.76,22.85,3741129
2018-06-13 00:00:00+05:30,22.85,23.18,22.85,22.95,5557786
2018-06-14 00:00:00+05:30,22.81,22.9,22.53,22.81,4737145
2018-06-15 00:00:00+05:30,22.81,23.04,22.07,22.16,7869548
2018-06-18 00:00:00+05:30,22.26,22.35,21.89,21.93,5940754
2018-06-19 00:00:00+05:30,21.84,22.07,21.2,21.47,8233940
2018-06-20 00:00:00+05:30,21.47,21.75,21.43,21.61,4025022
2018-06-21 00:00:00+05:30,21.61,21.84,21.38,21.52,3752906
2018-06-22 00:00:00+05:30,21.52,21.7,21.25,21.57,7879793
2018-06-25 00:00:00+05:30,21.7,21.7,21.34,21.38,3550740
2018-06-26 00:00:00+05:30,21.43,21.47,21.06,21.11,9536454
2018-06-27 00:00:00+05:30,21.15,21.15,20.23,20.56,7691883
2018-06-28 00:00:00+05:30,20.46,20.56,19.5,19.68,23326548
2018-06-29 00:00:00+05:30,19.87,20.56,19.87,20.51,7897806
2018-07-02 00:00:00+05:30,20.65,20.65,19.41,19.96,14152116
2018-07-03 00:00:00+05:30,19.73,20.0,19.31,19.87,7329733
2018-07-04 00:00:00+05:30,19.91,20.05,19.54,19.73,5298568
2018-07-05 00:00:00+05:30,19.77,19.82,19.5,19.64,4218790
2018-07-06 00:00:00+05:30,19.54,20.05,19.5,19.96,4192154
2018-07-09 00:00:00+05:30,20.23,20.6,19.96,20.56,6658361
2018-07-10 00:00:00+05:30,20.69,20.92,20.65,20.83,7617253
2018-07-11 00:00:00+05:30,20.74,20.74,20.28,20.46,5645723
2018-07-12 00:00:00+05:30,20.51,21.84,20.19,20.42,21175144
2018-07-13 00:00:00+05:30,20.56,20.56,19.54,19.87,7789469
2018-07-16 00:00:00+05:30,19.87,19.87,19.31,19.36,8061545
2018-07-17 00:00:00+05:30,19.45,21.02,19.27,20.83,18743367
2018-07-18 00:00:00+05:30,20.92,21.06,19.5,19.91,13947093
2018-07-19 00:00:00+05:30,20.0,20.42,19.59,19.96,10045960
2018-07-20 00:00:00+05:30,19.96,20.92,19.82,20.69,11752586
2018-07-23 00:00:00+05:30,18.85,18.85,16.78,17.01,83685070
2018-07-24 00:00:00+05:30,17.01,17.43,16.88,16.97,28257629
2018-07-25 00:00:00+05:30,17.06,17.11,16.37,16.6,27232369
2018-07-26 00:00:00+05:30,16.69,16.69,16.23,16.37,24843192
2018-07-27 00:00:00+05:30,16.51,16.88,16.32,16.65,14553787
2018-07-30 00:00:00+05:30,16.74,17.01,16.65,16.88,12054704
2018-07-31 00:00:00+05:30,16.92,17.15,16.74,16.78,11788067
2018-08-01 00:00:00+05:30,16.78,16.83,16.37,16.42,18198917
2018-08-02 00:00:00+05:30,16.46,16.88,16.28,16.74,19196098
2018-08-03 00:00:00+05:30,16.88,17.01,16.55,16.69,13673048
2018-08-06 00:00:00+05:30,16.78,16.92,16.65,16.78,9216785
2018-08-07 00:00:00+05:30,16.74,16.78,16.51,16.6,9005613
2018-08-08 00:00:00+05:30,16.74,16.78,16.51,16.6,9143089
2018-08-09 00:00:00+05:30,16.65,16.97,16.55,16.88,12432580
2018-08-10 00:00:00+05:30,16.83,16.83,16.55,16.55,11258979
2018-08-13 00:00:00+05:30,16.55,16.6,16.37,16.42,8313173
2018-08-14 00:00:00+05:30,16.46,16.6,16.42,16.46,4918141
2018-08-16 00:00:00+05:30,16.51,16.83,16.32,16.6,14687201
2018-08-17 00:00:00+05:30,16.6,17.15,16.6,16.88,24789791
2018-08-20 00:00:00+05:30,16.78,16.83,16.23,16.42,20133435
2018-08-21 00:00:00+05:30,16.46,16.46,16.23,16.28,21057474
2018-08-23 00:00:00+05:30,16.42,16.46,16.0,16.14,14590756
2018-08-24 00:00:00+05:30,16.14,16.23,16.05,16.14,9322128
2018-08-27 00:00:00+05:30,16.23,16.28,16.09,16.14,11066945
2018-08-28 00:00:00+05:30,16.23,16.28,16.09,16.14,6762340
2018-08-29 00:00:00+05:30,16.19,16.55,16.09,16.32,10929764
2018-08-30 00:00:00+05:30,16.46,16.46,16.0,16.14,19814115
2018-08-31 00:00:00+05:30,16.23,16.32,16.05,16.14,15927332
2018-09-03 00:00:00+05:30,16.09,16.28,16.09,16.14,10203875
2018-09-04 00:00:00+05:30,16.23,16.23,15.22,15.4,20208339
2018-09-05 00:00:00+05:30,15.54,15.73,15.08,15.5,16273259
2018-09-06 00:00:00+05:30,15.63,15.63,15.4,15.5,5753728
2018-09-07 00:00:00+05:30,15.54,15.63,15.31,15.54,5649258
2018-09-10 00:00:00+05:30,15.54,15.59,15.08,15.18,7509181
2018-09-11 00:00:00+05:30,15.27,15.31,14.72,14.76,11837654
2018-09-12 00:00:00+05:30,14.85,15.04,14.49,14.81,16332865
2018-09-14 00:00:00+05:30,14.95,15.18,14.9,15.08,5566407
2018-09-17 00:00:00+05:30,15.08,15.18,14.76,14.95,8946960
2018-09-18 00:00:00+05:30,15.18,15.31,14.49,14.67,14036861
2018-09-19 00:00:00+05:30,14.81,14.85,14.49,14.58,6350626
2018-09-21 00:00:00+05:30,14.58,14.72,13.24,13.84,16162717
2018-09-24 00:00:00+05:30,14.03,14.07,13.34,13.43,15071118
2018-09-25 00:00:00+05:30,13.43,13.52,12.88,13.2,16105685
2018-09-26 00:00:00+05:30,13.34,13.52,13.15,13.38,12070861
2018-09-27 00:00:00+05:30,13.43,13.43,12.32,12.46,29896452
2018-09-28 00:00:00+05:30,12.6,12.6,11.82,12.09,25893456
2018-10-01 00:00:00+05:30,12.19,12.74,11.77,12.65,17073399
2018-10-03 00:00:00+05:30,12.69,13.38,12.42,13.01,15291166
2018-10-04 00:00:00+05:30,12.97,13.38,12.74,13.11,12164733
2018-10-05 00:00:00+05:30,13.06,13.29,12.55,12.78,11289203
2018-10-08 00:00:00+05:30,12.83,12.92,11.96,12.28,16325093
2018-10-09 00:00:00+05:30,12.42,12.6,12.19,12.37,8471504
2018-10-10 00:00:00+05:30,12.51,12.51,12.05,12.19,21410160
2018-10-11 00:00:00+05:30,11.86,11.96,11.45,11.63,24572188
2018-10-12 00:00:00+05:30,11.86,11.91,11.5,11.68,22903542
2018-10-15 00:00:00+05:30,11.96,12.0,11.45,11.59,28958124
2018-10-16 00:00:00+05:30,12.42,13.57,12.37,13.43,129545712
2018-10-17 00:00:00+05:30,14.12,14.12,13.52,13.66,72383695
2018-10-19 00:00:00+05:30,13.66,14.03,13.29,13.52,27832500
2018-10-22 00:00:00+05:30,13.66,13.7,12.88,13.06,20707490
2018-10-23 00:00:00+05:30,13.06,13.11,12.69,12.83,15791166
2018-10-24 00:00:00+05:30,12.97,13.15,12.69,12.83,15994933
2018-10-25 00:00:00+05:30,12.78,12.78,12.19,12.23,28166044
2018-10-26 00:00:00+05:30,12.37,12.51,12.0,12.23,15707792
2018-10-29 00:00:00+05:30,12.37,13.01,12.09,12.88,18089598
2018-10-30 00:00:00+05:30,12.83,13.61,12.74,13.15,24941242
2018-10-31 00:00:00+05:30,13.2,13.57,12.92,13.47,17080894
2018-11-01 00:00:00+05:30,13.43,13.66,13.34,13.57,12094224
2018-11-02 00:00:00+05:30,13.7,13.93,13.47,13.52,12949097
2018-11-05 00:00:00+05:30,13.57,13.7,13.34,13.52,7777654
2018-11-06 00:00:00+05:30,13.61,13.7,13.34,13.38,5784501
2018-11-07 00:00:00+05:30,13.7,14.07,13.61,13.93,14126344
2018-11-09 00:00:00+05:30,14.12,14.44,13.89,14.26,43900726
2018-11-12 00:00:00+05:30,14.16,14.44,13.84,13.89,18786277
2018-11-13 00:00:00+05:30,13.89,13.93,13.57,13.89,12958206
2018-11-14 00:00:00+05:30,14.12,14.12,13.57,13.66,16281131
2018-11-15 00:00:00+05:30,13.66,13.75,13.38,13.47,10942438
2018-11-16 00:00:00+05:30,13.57,13.57,13.15,13.38,15833281
2018-11-19 00:00:00+05:30,13.43,13.57,13.29,13.38,12018969
2018-11-20 00:00:00+05:30,13.38,13.43,13.11,13.15,8795607
2018-11-21 00:00:00+05:30,13.15,13.57,13.06,13.43,14645755
2018-11-22 00:00:00+05:30,13.47,13.52,13.29,13.34,6744839
2018-11-26 00:00:00+05:30,13.29,13.8,13.29,13.7,21478725
2018-11-27 00:00:00+05:30,13.8,14.35,13.75,14.26,29531797
2018-11-28 00:00:00+05:30,14.3,14.67,14.03,14.16,31187638
2018-11-29 00:00:00+05:30,14.3,14.76,14.16,14.62,26954058
2018-11-30 00:00:00+05:30,14.76,14.95,14.67,14.81,14240681
2018-12-03 00:00:00+05:30,14.85,15.5,14.81,15.45,20484428
2018-12-04 00:00:00+05:30,15.36,15.59,15.08,15.31,22501497
2018-12-05 00:00:00+05:30,15.22,15.22,14.62,14.85,8483520
2018-12-06 00:00:00+05:30,14.72,14.81,13.84,13.89,21666097
2018-12-07 00:00:00+05:30,14.03,14.26,13.89,14.12,8457219
2018-12-10 00:00:00+05:30,13.8,14.03,13.66,13.84,8168920
2018-12-11 00:00:00+05:30,13.7,14.49,13.66,14.3,13673735
2018-12-12 00:00:00+05:30,14.49,14.9,14.44,14.81,10947618
2018-12-13 00:00:00+05:30,14.99,15.31,14.72,14.81,15419263
2018-12-14 00:00:00+05:30,14.72,14.72,13.98,14.21,33147795
2018-12-17 00:00:00+05:30,14.39,14.44,14.07,14.26,19149902
2018-12-18 00:00:00+05:30,14.16,14.26,13.93,14.12,8941314
2018-12-19 00:00:00+05:30,14.16,14.39,14.12,14.35,11706497
2018-12-20 00:00:00+05:30,14.3,14.72,14.21,14.44,33472168
2018-12-21 00:00:00+05:30,14.58,14.58,14.16,14.21,11565406
2018-12-24 00:00:00+05:30,14.39,14.44,14.03,14.07,9741140
2018-12-26 00:00:00+05:30,14.07,14.07,13.66,13.89,20180565
2018-12-27 00:00:00+05:30,14.07,14.12,13.89,13.93,9607832
2018-12-28 00:00:00+05:30,14.07,14.21,13.98,14.12,7078003
2018-12-31 00:00:00+05:30,14.21,14.49,14.21,14.3,8085891
2019-01-01 00:00:00+05:30,14.26,14.44,14.21,14.39,8207767
2019-01-02 00:00:00+05:30,14.49,14.53,14.07,14.21,15238953
2019-01-03 00:00:00+05:30,14.26,14.26,14.03,14.07,7764894
2019-01-04 00:00:00+05:30,14.07,14.21,13.98,14.07,19217078
2019-01-07 00:00:00+05:30,14.16,14.21,14.03,14.03,14648076
2019-01-08 00:00:00+05:30,14.03,14.21,13.98,14.03,9815642
2019-01-09 00:00:00+05:30,14.12,14.3,13.98,14.16,21106584
2019-01-10 00:00:00+05:30,14.26,14.85,14.12,14.58,46219814
2019-01-11 00:00:00+05:30,14.58,14.67,14.35,14.44,14337137
2019-01-14 00:00:00+05:30,14.44,14.44,14.16,14.35,9284144
2019-01-15 00:00:00+05:30,14.39,14.53,14.21,14.35,8835169
2019-01-16 00:00:00+05:30,14.39,14.76,14.35,14.62,21979987
2019-01-17 00:00:00+05:30,14.72,14.85,14.3,14.44,19719948
2019-01-18 00:00:00+05:30,14.49,14.58,14.26,14.3,11555226
2019-01-21 00:00:00+05:30,13.61,13.61,13.01,13.06,62382145
2019-01-22 00:00:00+05:30,13.06,13.11,12.6,12.97,23137825
2019-01-23 00:00:00+05:30,12.97,13.06,12.78,12.83,11056709
2019-01-24 00:00:00+05:30,12.97,12.97,12.65,12.69,10232964
2019-01-25 00:00:00+05:30,12.65,12.78,12.28,12.37,14434302
2019-01-28 00:00:00+05:30,12.32,12.32,11.96,12.09,16085964
2019-01-29 00:00:00+05:30,12.09,12.46,12.0,12.23,12557948
2019-01-30 00:00:00+05:30,12.42,12.42,12.05,12.09,12422527
2019-01-31 00:00:00+05:30,12.23,12.28,11.82,12.09,23401374
2019-02-01 00:00:00+05:30,12.14,12.37,11.96,12.05,13753688
2019-02-04 00:00:00+05:30,12.05,12.23,11.86,12.14,18994717
2019-02-05 00:00:00+05:30,12.23,12.23,11.77,11.82,14279540
2019-02-06 00:00:00+05:30,11.86,11.96,11.63,11.91,14044684
2019-02-07 00:00:00+05:30,11.96,12.88,11.77,12.6,24786651
2019-02-08 00:00:00+05:30,12.6,13.29,12.28,12.37,28161409
2019-02-11 00:00:00+05:30,12.37,12.51,12.05,12.42,13045638
2019-02-12 00:00:00+05:30,12.42,12.42,12.0,12.09,16618873
2019-02-13 00:00:00+05:30,12.19,12.23,11.86,11.91,14520760
2019-02-14 00:00:00+05:30,11.96,12.28,11.82,12.14,9104882
2019-02-15 00:00:00+05:30,12.05,12.14,11.82,11.91,14493422
2019-02-18 00:00:00+05:30,12.05,12.05,11.82,11.86,6998664
2019-02-19 00:00:00+05:30,11.86,11.96,11.77,11.82,8972126
2019-02-20 00:00:00+05:30,11.82,12.14,11.82,12.05,8063871
2019-02-21 00:00:00+05:30,12.14,12.28,12.05,12.19,6710271
2019-02-22 00:00:00+05:30,12.19,12.55,12.14,12.51,10960211
2019-02-25 00:00:00+05:30,12.51,12.65,12.28,12.42,10717754
2019-02-26 00:00:00+05:30,12.28,12.37,12.0,12.23,9824604
2019-02-27 00:00:00+05:30,12.32,12.51,12.09,12.19,9788362
2019-02-28 00:00:00+05:30,12.23,12.32,12.05,12.14,14113851
2019-03-01 00:00:00+05:30,12.23,12.6,12.19,12.55,13575282
2019-03-05 00:00:00+05:30,12.51,13.34,12.42,13.2,36889499
2019-03-06 00:00:00+05:30,13.24,14.26,13.2,13.89,37603041
2019-03-07 00:00:00+05:30,13.89,14.16,13.61,13.93,39753205
2019-03-08 00:00:00+05:30,13.93,14.07,13.52,13.61,19803562
2019-03-11 00:00:00+05:30,13.61,14.53,13.61,14.26,44134227
2019-03-12 00:00:00+05:30,14.3,14.53,14.03,14.07,27470162
2019-03-13 00:00:00+05:30,14.12,14.16,13.84,14.03,26283148
2019-03-14 00:00:00+05:30,14.03,14.16,13.89,13.93,11489595
2019-03-15 00:00:00+05:30,13.84,14.53,13.84,14.3,40949902
2019-03-18 00:00:00+05:30,14.35,14.9,14.26,14.53,42663520
2019-03-19 00:00:00+05:30,14.62,14.85,14.58,14.76,26710927
2019-03-20 00:00:00+05:30,14.76,14.9,14.67,14.76,26019137
2019-03-22 00:00:00+05:30,14.81,14.95,14.58,14.67,22253546
2019-03-25 00:00:00+05:30,14.62,14.62,14.3,14.44,13858017
2019-03-26 00:00:00+05:30,14.44,14.62,14.44,14.53,8184359
2019-03-27 00:00:00+05:30,14.72,14.81,14.53,14.58,18728535
2019-03-28 00:00:00+05:30,14.72,15.31,14.62,15.18,25015359
2019-03-29 00:00:00+05:30,15.31,15.4,15.08,15.18,13743817
2019-04-01 00:00:00+05:30,15.22,16.0,15.22,15.68,39476968
2019-04-02 00:00:00+05:30,15.82,15.86,15.36,15.68,21461851
2019-04-03 00:00:00+05:30,15.77,15.91,15.27,15.4,14265382
2019-04-04 00:00:00+05:30,15.45,15.54,15.04,15.22,16187367
2019-04-05 00:00:00+05:30,15.31,16.32,15.22,16.09,42895531
2019-04-08 00:00:00+05:30,16.78,17.01,15.82,16.0,99471980
2019-04-09 00:00:00+05:30,16.0,16.05,15.5,15.82,26288192
2019-04-10 00:00:00+05:30,15.82,16.23,15.73,15.91,21011797
2019-04-11 00:00:00+05:30,15.96,16.09,15.86,16.05,17922002
2019-04-12 00:00:00+05:30,16.19,16.19,15.86,15.91,8757032
2019-04-15 00:00:00+05:30,16.09,16.32,15.91,16.14,13040785
2019-04-16 00:00:00+05:30,16.23,16.28,16.09,16.19,11142434
2019-04-18 00:00:00+05:30,16.28,16.28,15.68,15.82,14432634
2019-04-22 00:00:00+05:30,15.82,15.91,15.45,15.54,11863670
2019-04-23 00:00:00+05:30,15.63,15.63,14.9,15.13,18739378
2019-04-24 00:00:00+05:30,14.95,15.18,14.9,15.08,16082391
2019-04-25 00:00:00+05:30,15.18,15.4,14.95,15.04,12011640
2019-04-26 00:00:00+05:30,14.99,15.27,14.99,15.04,8641222
2019-04-30 00:00:00+05:30,15.08,15.13,14.21,14.3,16575306
2019-05-02 00:00:00+05:30,14.3,14.81,14.21,14.62,10646083
2019-05-03 00:00:00+05:30,14.62,14.85,14.58,14.76,9446700
2019-05-06 00:00:00+05:30,14.72,15.08,14.49,14.85,7750719
2019-05-07 00:00:00+05:30,14.95,14.99,14.16,14.26,12483163
2019-05-08 00:00:00+05:30,14.3,14.39,14.03,14.16,10882032
2019-05-09 00:00:00+05:30,14.16,14.35,13.8,14.03,17329722
2019-05-10 00:00:00+05:30,13.61,13.8,12.6,12.92,56382067
2019-05-13 00:00:00+05:30,12.88,13.11,12.51,12.65,14303982
2019-05-14 00:00:00+05:30,12.65,12.78,12.19,12.69,17717896
2019-05-15 00:00:00+05:30,12.88,12.88,12.09,12.14,18661781
2019-05-16 00:00:00+05:30,12.14,12.37,12.05,12.28,13226245
2019-05-17 00:00:00+05:30,12.28,12.46,12.14,12.28,12443438
2019-05-20 00:00:00+05:30,12.69,13.06,12.6,12.92,20553925
2019-05-21 00:00:00+05:30,13.06,13.15,12.46,12.69,18494571
2019-05-22 00:00:00+05:30,12.69,12.92,12.46,12.78,13573104
2019-05-23 00:00:00+05:30,13.15,13.34,12.69,12.78,26521082
2019-05-24 00:00:00+05:30,12.83,13.29,12.78,13.2,15777593
2019-05-27 00:00:00+05:30,13.34,13.93,13.2,13.75,21794941
2019-05-28 00:00:00+05:30,13.84,13.89,13.43,13.61,14043300
2019-05-29 00:00:00+05:30,13.61,13.66,13.29,13.38,10476770
2019-05-30 00:00:00+05:30,13.38,13.43,13.11,13.2,11253466
2019-05-31 00:00:00+05:30,13.29,13.34,12.78,13.01,13752927
2019-06-03 00:00:00+05:30,13.15,13.15,12.78,13.01,6796598
2019-06-04 00:00:00+05:30,12.88,13.24,12.88,13.11,7984111
2019-06-06 00:00:00+05:30,13.2,13.24,12.65,12.69,11417851
2019-06-07 00:00:00+05:30,12.78,12.83,12.51,12.65,7605462
2019-06-10 00:00:00+05:30,12.78,12.83,12.37,12.55,14506315
2019-06-11 00:00:00+05:30,12.55,12.65,12.28,12.55,10367017
2019-06-12 00:00:00+05:30,12.51,12.6,12.37,12.51,7076562
2019-06-13 00:00:00+05:30,12.51,12.55,12.14,12.28,15468399
2019-06-14 00:00:00+05:30,12.32,12.32,11.96,12.14,15755742
2019-06-17 00:00:00+05:30,12.28,12.51,12.05,12.28,13625905
2019-06-18 00:00:00+05:30,12.19,12.65,12.09,12.19,18958880
2019-06-19 00:00:00+05:30,12.28,12.42,11.96,12.0,16020249
2019-06-20 00:00:00+05:30,11.96,12.23,11.86,12.09,14159125
2019-06-21 00:00:00+05:30,12.19,12.23,12.0,12.09,7399978
2019-06-24 00:00:00+05:30,12.14,12.14,11.96,12.09,8123983
2019-06-25 00:00:00+05:30,12.09,12.46,12.05,12.42,11301201
2019-06-26 00:00:00+05:30,12.42,12.51,12.05,12.14,14989155
2019-06-27 00:00:00+05:30,12.19,12.32,11.82,11.91,43046904
2019-06-28 00:00:00+05:30,12.05,12.05,11.91,11.96,8025640
2019-07-01 00:00:00+05:30,12.0,12.09,11.96,12.0,4143521
2019-07-02 00:00:00+05:30,12.05,12.05,11.73,11.77,12107115
2019-07-03 00:00:00+05:30,11.82,11.96,11.73,11.91,6333213
2019-07-04 00:00:00+05:30,12.0,12.0,11.91,11.96,5961777
2019-07-05 00:00:00+05:30,11.96,12.0,11.91,11.96,4359801
2019-07-08 00:00:00+05:30,11.96,11.96,11.77,11.86,5737308
2019-07-09 00:00:00+05:30,11.82,11.86,11.73,11.77,5968105
2019-07-10 00:00:00+05:30,11.82,11.82,11.5,11.54,6172519
2019-07-11 00:00:00+05:30,11.59,12.14,11.4,12.0,12129947
2019-07-12 00:00:00+05:30,12.05,12.09,11.86,12.05,6349460
2019-07-15 00:00:00+05:30,12.14,12.19,11.96,12.0,3476970
2019-07-16 00:00:00+05:30,11.96,12.19,11.86,12.09,4302767
2019-07-17 00:00:00+05:30,12.19,12.28,12.09,12.23,5468142
2019-07-18 00:00:00+05:30,12.19,12.28,11.91,11.96,8826110
2019-07-19 00:00:00+05:30,12.0,12.05,11.59,11.68,7200604
2019-07-22 00:00:00+05:30,11.63,11.73,11.45,11.54,5983506
2019-07-23 00:00:00+05:30,11.59,11.63,11.45,11.5,4554618
2019-07-24 00:00:00+05:30,11.54,11.63,11.5,11.54,3213696
2019-07-25 00:00:00+05:30,11.59,11.82,11.04,11.4,9902320
2019-07-26 00:00:00+05:30,11.68,12.32,11.63,11.96,17994965
2019-07-29 00:00:00+05:30,12.19,12.19,11.68,11.82,5866612
2019-07-30 00:00:00+05:30,11.77,11.91,11.31,11.4,6182411
2019-07-31 00:00:00+05:30,11.5,11.5,11.13,11.27,7095163
2019-08-01 00:00:00+05:30,11.36,11.36,10.99,11.04,9897709
2019-08-02 00:00:00+05:30,10.99,11.04,10.85,10.94,9818553
2019-08-05 00:00:00+05:30,10.94,10.94,10.58,10.62,5942483
2019-08-06 00:00:00+05:30,10.58,10.85,10.53,10.71,6474951
2019-08-07 00:00:00+05:30,10.76,10.85,10.67,10.76,4742548
2019-08-08 00:00:00+05:30,10.81,10.85,10.58,10.71,6467318
2019-08-09 00:00:00+05:30,10.85,10.94,10.76,10.81,4020109
2019-08-13 00:00:00+05:30,10.94,10.94,10.58,10.62,6181646
2019-08-14 00:00:00+05:30,10.67,10.71,10.62,10.62,3531218
2019-08-16 00:00:00+05:30,10.67,10.71,10.53,10.58,2948562
2019-08-19 00:00:00+05:30,10.62,10.67,10.53,10.58,2875464
2019-08-20 00:00:00+05:30,10.58,10.58,10.39,10.44,3825757
2019-08-21 00:00:00+05:30,10.44,10.44,10.12,10.12,5253147
2019-08-22 00:00:00+05:30,10.12,10.12,9.61,9.66,8541442
2019-08-23 00:00:00+05:30,9.66,9.84,9.29,9.66,8134187
2019-08-26 00:00:00+05:30,9.84,10.35,9.66,10.25,6589131
2019-08-27 00:00:00+05:30,10.39,10.62,10.3,10.53,4390895
2019-08-28 00:00:00+05:30,10.58,10.67,10.16,10.3,2689867
2019-08-29 00:00:00+05:30,10.35,10.35,10.02,10.12,2560300
2019-08-30 00:00:00+05:30,10.21,10.35,9.93,10.02,4810134
2019-09-03 00:00:00+05:30,9.98,9.98,9.79,9.79,2454592
2019-09-04 00:00:00+05:30,9.84,9.89,9.7,9.75,2728184
2019-09-05 00:00:00+05:30,9.84,9.98,9.79,9.93,2804933
2019-09-06 00:00:00+05:30,9.93,10.07,9.84,10.02,2597002
2019-09-09 00:00:00+05:30,10.07,10.3,9.89,9.93,4903302
2019-09-11 00:00:00+05:30,9.98,10.02,9.84,9.93,5912034
2019-09-12 00:00:00+05:30,9.98,10.12,9.93,9.98,4173867
2019-09-13 00:00:00+05:30,9.98,10.21,9.84,10.12,3664592
2019-09-16 00:00:00+05:30,10.16,10.3,9.98,10.25,3761984
2019-09-17 00:00:00+05:30,10.3,10.44,10.12,10.12,3601259
2019-09-18 00:00:00+05:30,10.21,10.21,10.07,10.12,2630862
2019-09-19 00:00:00+05:30,10.21,10.21,9.93,9.98,2568586
2019-09-20 00:00:00+05:30,9.98,10.67,9.79,10.44,14813809
2019-09-23 00:00:00+05:30,10.76,11.27,10.67,11.17,9310017
2019-09-24 00:00:00+05:30,11.22,11.5,10.94,10.99,3901774
2019-09-25 00:00:00+05:30,10.9,10.94,10.62,10.67,2578674
2019-09-26 00:00:00+05:30,10.71,10.85,10.58,10.62,2801188
2019-09-27 00:00:00+05:30,10.53,10.76,10.25,10.3,3438397
2019-09-30 00:00:00+05:30,10.35,10.39,9.89,9.98,3544084
2019-10-01 00:00:00+05:30,10.02,10.12,9.75,9.84,3323381
2019-10-03 00:00:00+05:30,9.75,9.93,9.61,9.79,3047422
2019-10-04 00:00:00+05:30,9.84,10.02,9.7,9.75,3769646
2019-10-07 00:00:00+05:30,9.2,9.7,9.2,9.52,3786679
2019-10-09 00:00:00+05:30,9.61,9.66,9.47,9.56,3321617
2019-10-10 00:00:00+05:30,9.61,9.66,9.15,9.38,4009803
2019-10-11 00:00:00+05:30,9.43,9.52,9.24,9.29,4803948
2019-10-14 00:00:00+05:30,9.38,9.38,9.15,9.24,5585500
2019-10-15 00:00:00+05:30,9.33,9.33,9.11,9.15,4991951
2019-10-16 00:00:00+05:30,9.2,9.24,9.15,9.2,3965958
2019-10-17 00:00:00+05:30,9.24,9.24,9.11,9.15,6650069
2019-10-18 00:00:00+05:30,9.38,9.75,9.38,9.47,21087801
2019-10-22 00:00:00+05:30,9.47,9.7,9.43,9.56,7424075
2019-10-23 00:00:00+05:30,9.61,9.61,9.43,9.52,4360750
2019-10-24 00:00:00+05:30,9.61,9.61,9.38,9.43,3699759
2019-10-25 00:00:00+05:30,9.43,9.56,9.33,9.43,3723517
2019-10-27 00:00:00+05:30,9.47,9.56,9.38,9.56,1675200
2019-10-29 00:00:00+05:30,9.56,9.61,9.47,9.52,5582913
2019-10-30 00:00:00+05:30,9.52,9.7,9.47,9.66,4524181
2019-10-31 00:00:00+05:30,9.7,10.48,9.7,10.25,16724753
2019-11-01 00:00:00+05:30,10.35,10.85,10.25,10.71,11049419
2019-11-04 00:00:00+05:30,10.9,10.9,10.3,10.35,10428699
2019-11-05 00:00:00+05:30,10.35,10.39,10.02,10.07,6172462
2019-11-06 00:00:00+05:30,10.07,10.25,9.93,10.12,4268450
2019-11-07 00:00:00+05:30,10.12,10.3,10.07,10.21,4598408
2019-11-08 00:00:00+05:30,10.16,10.25,10.07,10.12,3037657
2019-11-11 00:00:00+05:30,10.12,10.16,10.02,10.12,2250585
2019-11-13 00:00:00+05:30,10.12,10.12,9.89,9.93,3488169
2019-11-14 00:00:00+05:30,9.93,9.93,9.7,9.79,4086333
2019-11-15 00:00:00+05:30,9.79,10.21,9.61,10.16,9016552
2019-11-18 00:00:00+05:30,10.21,10.35,10.07,10.3,4563516
2019-11-19 00:00:00+05:30,10.21,10.53,10.12,10.39,7643933
2019-11-20 00:00:00+05:30,10.39,10.48,10.12,10.21,5302397
2019-11-21 00:00:00+05:30,10.25,10.35,9.98,10.12,4512655
2019-11-22 00:00:00+05:30,10.07,10.35,9.98,10.16,5183288
2019-11-25 00:00:00+05:30,10.12,10.21,10.02,10.12,5084553
2019-11-26 00:00:00+05:30,10.12,10.25,10.02,10.02,4799616
2019-11-27 00:00:00+05:30,10.07,10.12,10.02,10.02,1854134
2019-11-28 00:00:00+05:30,10.02,10.25,10.02,10.21,5141568
2019-11-29 00:00:00+05:30,10.21,10.53,10.16,10.3,7758073
2019-12-02 00:00:00+05:30,10.3,10.35,10.12,10.12,3484190
2019-12-03 00:00:00+05:30,10.21,10.25,9.98,10.02,2877738
2019-12-04 00:00:00+05:30,10.02,10.21,9.98,10.12,3768974
2019-12-05 00:00:00+05:30,10.12,10.21,10.02,10.07,3091253
2019-12-06 00:00:00+05:30,10.07,10.12,9.89,9.93,3247078
2019-12-09 00:00:00+05:30,9.84,10.12,9.84,9.89,2992803
2019-12-10 00:00:00+05:30,9.84,9.93,9.7,9.7,4121388
2019-12-11 00:00:00+05:30,9.7,9.75,9.52,9.56,4829112
2019-12-12 00:00:00+05:30,9.66,9.75,9.61,9.66,1872622
2019-12-13 00:00:00+05:30,9.79,9.84,9.7,9.7,3025874
2019-12-16 00:00:00+05:30,9.75,9.79,9.61,9.66,1837718
2019-12-17 00:00:00+05:30,9.7,9.75,9.61,9.61,2529264
2019-12-18 00:00:00+05:30,9.66,9.7,9.56,9.61,1674764
2019-12-19 00:00:00+05:30,9.61,9.75,9.52,9.66,4050157
2019-12-20 00:00:00+05:30,9.7,9.75,9.52,9.56,5154961
2019-12-23 00:00:00+05:30,9.52,9.61,9.43,9.47,3799088
2019-12-24 00:00:00+05:30,9.52,9.56,9.47,9.47,2185274
2019-12-26 00:00:00+05:30,9.47,9.56,9.43,9.47,2247579
2019-12-27 00:00:00+05:30,9.52,9.56,9.47,9.47,3208118
2019-12-30 00:00:00+05:30,9.47,9.56,9.24,9.24,9846951
2019-12-31 00:00:00+05:30,9.29,9.33,9.24,9.29,3003066
2020-01-01 00:00:00+05:30,9.29,9.61,9.29,9.47,3562726
2020-01-02 00:00:00+05:30,9.47,9.56,9.43,9.52,3871848
2020-01-03 00:00:00+05:30,9.56,9.61,9.47,9.52,3859308
2020-01-06 00:00:00+05:30,9.47,9.52,9.29,9.33,4737345
2020-01-07 00:00:00+05:30,9.43,9.66,9.38,9.47,4382363
2020-01-08 00:00:00+05:30,9.38,9.43,9.29,9.33,2583652
2020-01-09 00:00:00+05:30,9.43,9.52,9.38,9.43,2676178
2020-01-10 00:00:00+05:30,9.43,9.56,9.38,9.47,5059947
2020-01-13 00:00:00+05:30,9.47,9.56,9.29,9.47,7366301
2020-01-14 00:00:00+05:30,9.47,9.56,9.43,9.52,4137238
2020-01-15 00:00:00+05:30,9.52,10.12,9.52,10.02,12706977
2020-01-16 00:00:00+05:30,10.12,10.35,10.12,10.16,11614535
2020-01-17 00:00:00+05:30,10.3,10.35,9.84,10.07,12711587
2020-01-20 00:00:00+05:30,10.02,10.3,10.02,10.21,6592262
2020-01-21 00:00:00+05:30,10.25,10.53,10.21,10.25,7940117
2020-01-22 00:00:00+05:30,10.3,10.39,10.16,10.21,3508015
2020-01-23 00:00:00+05:30,10.21,10.35,10.12,10.16,4375110
2020-01-24 00:00:00+05:30,10.21,10.35,10.12,10.3,4507076
2020-01-27 00:00:00+05:30,10.3,10.35,10.16,10.16,4987720
2020-01-28 00:00:00+05:30,10.21,10.21,9.93,9.98,4357265
2020-01-29 00:00:00+05:30,10.02,10.16,9.98,10.02,3107904
2020-01-30 00:00:00+05:30,10.07,10.07,9.75,9.79,4395932
2020-01-31 00:00:00+05:30,9.79,9.84,9.61,9.61,6975409
2020-02-01 00:00:00+05:30,9.61,9.66,9.43,9.47,4102100
2020-02-03 00:00:00+05:30,9.43,9.52,9.2,9.24,7382788
2020-02-04 00:00:00+05:30,9.24,9.33,9.15,9.24,11050721
2020-02-05 00:00:00+05:30,9.29,9.33,9.2,9.29,6268058
2020-02-06 00:00:00+05:30,9.38,9.38,9.24,9.29,7082845
2020-02-07 00:00:00+05:30,9.33,9.33,9.24,9.29,2754510
2020-02-10 00:00:00+05:30,9.33,9.33,9.15,9.15,5315574
2020-02-11 00:00:00+05:30,9.24,9.29,9.2,9.2,2534058
2020-02-12 00:00:00+05:30,9.24,9.29,9.11,9.15,8085290
2020-02-13 00:00:00+05:30,9.15,9.33,9.11,9.2,4884521
2020-02-14 00:00:00+05:30,9.2,9.33,9.11,9.15,4367378
2020-02-17 00:00:00+05:30,9.2,9.24,8.97,9.06,5661890
2020-02-18 00:00:00+05:30,9.06,9.06,8.83,8.92,5424358
2020-02-19 00:00:00+05:30,8.97,9.11,8.97,9.01,3744408
2020-02-20 00:00:00+05:30,9.01,9.01,8.92,8.92,3006390
2020-02-24 00:00:00+05:30,8.92,8.92,8.78,8.78,3896301
2020-02-25 00:00:00+05:30,8.83,8.88,8.74,8.78,3522489
2020-02-26 00:00:00+05:30,8.74,8.78,8.69,8.69,3627476
2020-02-27 00:00:00+05:30,8.74,8.97,8.65,8.83,3951730
2020-02-28 00:00:00+05:30,8.69,8.78,8.51,8.51,5557071
2020-03-02 00:00:00+05:30,8.65,8.69,8.14,8.28,6953795
2020-03-03 00:00:00+05:30,8.32,8.42,8.14,8.14,5131041
2020-03-04 00:00:00+05:30,8.23,8.55,8.19,8.28,7032502
2020-03-05 00:00:00+05:30,8.32,8.42,8.19,8.23,6444760
2020-03-06 00:00:00+05:30,8.09,8.09,7.73,7.82,10219074
2020-03-09 00:00:00+05:30,7.68,7.73,6.81,6.9,22456636
2020-03-11 00:00:00+05:30,6.94,7.5,6.94,7.27,9987113
2020-03-12 00:00:00+05:30,7.04,7.04,6.53,6.62,13582191
2020-03-13 00:00:00+05:30,6.12,6.71,5.75,6.35,33044244
2020-03-16 00:00:00+05:30,6.25,6.25,5.84,5.89,16854490
2020-03-17 00:00:00+05:30,5.89,6.21,5.61,5.75,20055656
2020-03-18 00:00:00+05:30,5.89,5.93,5.43,5.47,25526080
2020-03-19 00:00:00+05:30,5.43,5.43,4.97,5.01,22455607
2020-03-20 00:00:00+05:30,5.15,5.29,4.97,5.2,27620726
2020-03-23 00:00:00+05:30,4.78,4.87,4.41,4.55,22164058
2020-03-24 00:00:00+05:30,4.69,4.74,4.46,4.6,10571469
2020-03-25 00:00:00+05:30,4.6,4.69,4.51,4.64,8439373
2020-03-26 00:00:00+05:30,4.69,5.06,4.64,4.92,14766884
2020-03-27 00:00:00+05:30,5.01,5.38,5.01,5.15,17165082
2020-03-30 00:00:00+05:30,5.15,5.15,4.97,5.01,6879656
2020-03-31 00:00:00+05:30,5.1,5.33,4.97,5.24,9034817
2020-04-01 00:00:00+05:30,5.24,5.33,5.06,5.29,5756658
2020-04-03 00:00:00+05:30,5.29,5.38,5.2,5.24,6098107
2020-04-07 00:00:00+05:30,5.47,5.52,5.33,5.43,9334708
2020-04-08 00:00:00+05:30,5.43,5.61,5.33,5.43,10412320
2020-04-09 00:00:00+05:30,5.52,5.56,5.33,5.43,10730009
2020-04-13 00:00:00+05:30,5.43,5.56,5.29,5.43,5663206
2020-04-15 00:00:00+05:30,5.52,5.66,5.29,5.33,18576928
2020-04-16 00:00:00+05:30,5.33,5.47,5.33,5.43,6239604
2020-04-17 00:00:00+05:30,5.56,5.66,5.33,5.43,18842831
2020-04-20 00:00:00+05:30,5.47,6.02,5.47,5.56,43801074
2020-04-21 00:00:00+05:30,5.52,5.56,5.38,5.43,17236608
2020-04-22 00:00:00+05:30,5.43,5.52,5.33,5.47,7037408
2020-04-23 00:00:00+05:30,5.52,5.61,5.47,5.56,7244730
2020-04-24 00:00:00+05:30,5.52,5.52,5.29,5.33,12148157
2020-04-27 00:00:00+05:30,5.43,5.47,5.33,5.33,8576184
2020-04-28 00:00:00+05:30,5.43,5.43,5.29,5.33,9344005
2020-04-29 00:00:00+05:30,5.33,5.38,5.29,5.33,6154343
2020-04-30 00:00:00+05:30,5.43,5.52,5.38,5.43,16842385
2020-05-04 00:00:00+05:30,5.38,5.43,5.2,5.24,11655904
2020-05-05 00:00:00+05:30,5.33,5.33,5.15,5.15,7749847
2020-05-06 00:00:00+05:30,5.2,5.2,4.92,5.06,13467849
2020-05-07 00:00:00+05:30,5.06,5.2,5.01,5.15,6102030
2020-05-08 00:00:00+05:30,5.2,5.24,5.06,5.1,5033194
2020-05-11 00:00:00+05:30,5.15,5.2,4.87,4.92,16992109
2020-05-12 00:00:00+05:30,4.92,4.97,4.78,4.92,7564675
2020-05-13 00:00:00+05:30,5.1,5.24,5.01,5.06,11006065
2020-05-14 00:00:00+05:30,5.06,5.1,4.97,5.06,5661306
2020-05-15 00:00:00+05:30,5.06,5.1,4.74,4.87,19496127
2020-05-18 00:00:00+05:30,4.87,4.92,4.69,4.74,10618657
2020-05-19 00:00:00+05:30,4.78,4.78,4.55,4.6,15156310
2020-05-20 00:00:00+05:30,4.69,4.69,4.55,4.6,16726258
2020-05-21 00:00:00+05:30,4.64,4.64,4.51,4.55,14327855
2020-05-22 00:00:00+05:30,4.55,4.6,4.51,4.55,10660587
2020-05-26 00:00:00+05:30,4.6,4.6,4.51,4.51,6960119
2020-05-27 00:00:00+05:30,4.55,4.55,4.46,4.51,11695030
2020-05-28 00:00:00+05:30,4.55,4.64,4.51,4.55,14634908
2020-05-29 00:00:00+05:30,4.55,4.64,4.46,4.51,23655904
2020-06-01 00:00:00+05:30,4.55,5.33,4.51,5.2,45123466
2020-06-02 00:00:00+05:30,5.24,5.29,5.06,5.2,21022228
2020-06-03 00:00:00+05:30,5.33,6.21,5.29,6.21,90115179
2020-06-04 00:00:00+05:30,6.58,7.08,6.3,6.62,101495447
2020-06-05 00:00:00+05:30,6.81,6.9,6.62,6.71,28023350
2020-06-08 00:00:00+05:30,6.94,6.99,6.62,6.67,27572426
2020-06-09 00:00:00+05:30,6.71,6.71,6.02,6.35,24421631
2020-06-10 00:00:00+05:30,6.44,6.48,6.25,6.39,12177748
2020-06-11 00:00:00+05:30,6.48,6.48,6.25,6.3,11103718
2020-06-12 00:00:00+05:30,5.89,6.21,5.84,6.16,14450562
2020-06-15 00:00:00+05:30,6.3,6.53,6.16,6.39,22515855
2020-06-16 00:00:00+05:30,6.44,6.58,6.16,6.25,17536194
2020-06-17 00:00:00+05:30,6.21,6.3,6.07,6.25,7814104
2020-06-18 00:00:00+05:30,6.16,6.44,6.16,6.35,17340721
2020-06-19 00:00:00+05:30,6.39,6.58,6.35,6.44,37812690
2020-06-22 00:00:00+05:30,6.67,7.08,6.62,7.08,42122055
2020-06-23 00:00:00+05:30,7.77,7.77,7.31,7.77,26670802
2020-06-24 00:00:00+05:30,8.51,8.51,7.91,8.32,151481250
2020-06-25 00:00:00+05:30,8.19,8.19,7.91,7.91,44687428
2020-06-26 00:00:00+05:30,7.91,8.28,7.86,8.14,38948265
2020-06-29 00:00:00+05:30,7.82,7.86,7.77,7.77,7344360
2020-06-30 00:00:00+05:30,7.4,7.54,7.4,7.4,9067623
2020-07-01 00:00:00+05:30,7.04,7.36,7.04,7.08,43131750
2020-07-02 00:00:00+05:30,7.22,7.4,7.22,7.4,33234623
2020-07-03 00:00:00+05:30,7.77,7.77,7.36,7.45,22281798
2020-07-06 00:00:00+05:30,7.45,7.59,7.4,7.45,14613870
2020-07-07 00:00:00+05:30,7.5,7.5,7.27,7.36,16623101
2020-07-08 00:00:00+05:30,7.5,7.73,7.22,7.31,37323689
2020-07-09 00:00:00+05:30,7.63,7.63,7.5,7.63,22053335
2020-07-10 00:00:00+05:30,7.68,7.68,7.31,7.36,36872272
2020-07-13 00:00:00+05:30,7.45,7.45,7.13,7.17,15831895
2020-07-14 00:00:00+05:30,7.17,7.17,6.9,6.94,15073358
2020-07-15 00:00:00+05:30,7.04,7.17,6.9,6.9,9979683
2020-07-16 00:00:00+05:30,6.94,6.99,6.71,6.81,10198240
2020-07-17 00:00:00+05:30,6.81,6.94,6.71,6.9,11964378
2020-07-20 00:00:00+05:30,6.99,7.08,6.9,6.94,11860292
2020-07-21 00:00:00+05:30,7.04,7.08,6.85,6.85,13268964
2020-07-22 00:00:00+05:30,6.9,6.94,6.71,6.76,14388991
2020-07-23 00:00:00+05:30,6.81,6.85,6.71,6.76,14424443
2020-07-24 00:00:00+05:30,6.76,6.76,6.58,6.62,12185181
2020-07-27 00:00:00+05:30,6.62,6.67,6.35,6.39,13815094
2020-07-28 00:00:00+05:30,6.44,6.44,6.25,6.3,10900360
2020-07-29 00:00:00+05:30,6.3,6.58,6.12,6.48,29360991
2020-07-30 00:00:00+05:30,6.53,6.58,6.35,6.39,9452738
2020-07-31 00:00:00+05:30,6.39,6.39,6.25,6.35,7428129
2020-08-03 00:00:00+05:30,6.35,6.35,6.21,6.21,11144000
2020-08-04 00:00:00+05:30,6.25,6.3,6.21,6.25,6141829
2020-08-05 00:00:00+05:30,6.25,6.53,6.25,6.39,19058814
2020-08-06 00:00:00+05:30,6.48,6.67,6.3,6.48,34587656
2020-08-07 00:00:00+05:30,6.48,6.58,6.35,6.44,18396007
2020-08-10 00:00:00+05:30,6.44,6.58,6.39,6.44,12208806
2020-08-11 00:00:00+05:30,6.48,6.53,6.44,6.48,7851268
2020-08-12 00:00:00+05:30,6.53,6.85,6.44,6.76,51077897
2020-08-13 00:00:00+05:30,6.9,6.94,6.67,6.67,20564833
2020-08-14 00:00:00+05:30,6.67,6.71,6.44,6.48,19025146
2020-08-17 00:00:00+05:30,6.48,6.53,6.39,6.44,12652439
2020-08-18 00:00:00+05:30,6.48,6.58,6.44,6.48,11800398
2020-08-19 00:00:00+05:30,6.53,6.81,6.48,6.76,32382162
2020-08-20 00:00:00+05:30,6.67,6.9,6.58,6.67,16386923
2020-08-21 00:00:00+05:30,6.71,7.08,6.67,6.81,46427447
2020-08-24 00:00:00+05:30,6.85,7.13,6.71,6.94,29685427
2020-08-25 00:00:00+05:30,6.99,7.08,6.76,6.76,18498006
2020-08-26 00:00:00+05:30,6.81,6.9,6.76,6.81,15761485
2020-08-27 00:00:00+05:30,6.85,7.08,6.81,6.85,20226374
2020-08-28 00:00:00+05:30,6.9,7.27,6.85,6.99,48414183
2020-08-31 00:00:00+05:30,7.17,7.22,6.62,6.67,28542919
2020-09-01 00:00:00+05:30,6.71,6.76,6.48,6.62,10695417
2020-09-02 00:00:00+05:30,6.62,6.76,6.62,6.67,6148822
2020-09-03 00:00:00+05:30,6.71,6.9,6.67,6.71,8756620
2020-09-04 00:00:00+05:30,6.71,6.85,6.62,6.81,16209803
2020-09-07 00:00:00+05:30,6.81,6.85,6.67,6.71,6914259
2020-09-08 00:00:00+05:30,6.76,6.76,6.53,6.58,5750854
2020-09-09 00:00:00+05:30,6.53,6.58,6.44,6.53,8071139
2020-09-10 00:00:00+05:30,6.53,6.81,6.53,6.58,10067686
2020-09-11 00:00:00+05:30,6.58,6.67,6.53,6.58,5129331
2020-09-14 00:00:00+05:30,6.62,6.76,6.58,6.62,7415229
2020-09-15 00:00:00+05:30,6.62,6.71,6.58,6.62,9537399
2020-09-16 00:00:00+05:30,6.62,6.81,6.62,6.67,11549104
2020-09-17 00:00:00+05:30,6.62,6.71,6.44,6.44,16769698
2020-09-18 00:00:00+05:30,6.48,6.58,6.35,6.39,11119502
2020-09-21 00:00:00+05:30,6.39,6.44,6.25,6.25,9538878
2020-09-22 00:00:00+05:30,6.3,6.35,5.93,6.16,11386167
2020-09-23 00:00:00+05:30,6.21,6.25,6.12,6.12,4745139
2020-09-24 00:00:00+05:30,6.02,6.12,5.89,5.93,7567505
2020-09-25 00:00:00+05:30,6.02,6.25,5.98,6.21,6869378
2020-09-28 00:00:00+05:30,6.25,6.39,6.21,6.35,6946317
2020-09-29 00:00:00+05:30,6.39,6.44,6.21,6.25,6677728
2020-09-30 00:00:00+05:30,6.3,6.35,6.16,6.21,3174377
2020-10-01 00:00:00+05:30,6.25,6.25,6.16,6.21,4841498
2020-10-05 00:00:00+05:30,6.25,6.3,6.16,6.16,3754610
2020-10-06 00:00:00+05:30,6.21,6.21,6.12,6.16,4128153
2020-10-07 00:00:00+05:30,6.16,6.25,6.12,6.21,4531277
2020-10-08 00:00:00+05:30,6.25,6.44,6.21,6.3,9723052
2020-10-09 00:00:00+05:30,6.3,6.39,6.21,6.3,7801735
2020-10-12 00:00:00+05:30,6.35,6.44,6.25,6.3,7428853
2020-10-13 00:00:00+05:30,6.3,6.48,6.25,6.35,7984932
2020-10-14 00:00:00+05:30,6.35,6.39,6.25,6.3,9082545
2020-10-15 00:00:00+05:30,6.3,6.39,6.16,6.21,9301266
2020-10-16 00:00:00+05:30,6.21,6.25,6.07,6.12,5844678
2020-10-19 00:00:00+05:30,6.16,6.16,5.75,6.07,12197217
2020-10-20 00:00:00+05:30,6.07,6.25,5.98,6.12,5687329
2020-10-21 00:00:00+05:30,6.21,6.3,6.12,6.21,5945197
2020-10-22 00:00:00+05:30,6.16,6.25,6.12,6.16,3515889
2020-10-23 00:00:00+05:30,6.16,6.25,6.16,6.21,3675536
2020-10-26 00:00:00+05:30,6.21,6.25,6.02,6.16,6312644
2020-10-27 00:00:00+05:30,6.16,6.16,6.07,6.16,3427260
2020-10-28 00:00:00+05:30,6.12,6.16,6.02,6.02,3746864
2020-10-29 00:00:00+05:30,5.98,6.02,5.89,5.93,4531085
2020-10-30 00:00:00+05:30,5.98,6.02,5.93,5.93,3465786
2020-11-02 00:00:00+05:30,5.98,6.02,5.84,5.93,6896192
2020-11-03 00:00:00+05:30,5.93,5.98,5.89,5.89,4303270
2020-11-04 00:00:00+05:30,5.89,5.89,5.84,5.84,2442004
2020-11-05 00:00:00+05:30,5.89,6.12,5.89,5.98,6285022
2020-11-06 00:00:00+05:30,6.02,6.12,5.98,6.02,5076485
2020-11-09 00:00:00+05:30,6.07,6.12,5.93,6.07,6387003
2020-11-10 00:00:00+05:30,6.12,6.39,5.98,6.25,16737558
2020-11-11 00:00:00+05:30,6.3,6.35,6.16,6.21,8444469
2020-11-12 00:00:00+05:30,6.21,6.25,6.07,6.12,4351351
2020-11-13 00:00:00+05:30,6.12,6.16,6.02,6.12,5896086
2020-11-14 00:00:00+05:30,6.16,6.21,6.12,6.16,2959307
2020-11-17 00:00:00+05:30,6.21,6.25,6.12,6.12,6973161
2020-11-18 00:00:00+05:30,6.12,6.81,6.02,6.67,50018229
2020-11-19 00:00:00+05:30,6.62,6.62,6.35,6.39,18549799
2020-11-20 00:00:00+05:30,6.39,6.48,6.07,6.25,24162657
2020-11-23 00:00:00+05:30,6.35,6.81,6.3,6.71,35035823
2020-11-24 00:00:00+05:30,6.81,7.04,6.62,6.94,31194311
2020-11-25 00:00:00+05:30,6.99,7.08,6.67,6.71,20411548
2020-11-26 00:00:00+05:30,6.71,6.99,6.67,6.94,17601614
2020-11-27 00:00:00+05:30,6.94,7.08,6.85,6.94,21210987
2020-12-01 00:00:00+05:30,7.04,7.36,6.99,7.27,28241751
2020-12-02 00:00:00+05:30,7.36,7.5,7.13,7.27,22480130
2020-12-03 00:00:00+05:30,7.27,8.6,7.27,8.46,130359267
2020-12-04 00:00:00+05:30,8.6,8.97,7.82,8.23,76872815
2020-12-07 00:00:00+05:30,8.28,8.46,8.0,8.23,25084108
2020-12-08 00:00:00+05:30,8.28,9.01,8.0,8.78,103550712
2020-12-09 00:00:00+05:30,9.11,9.79,8.97,9.52,138694893
2020-12-10 00:00:00+05:30,9.47,9.47,9.01,9.15,39785158
2020-12-11 00:00:00+05:30,9.29,9.33,8.88,9.01,22957947
2020-12-14 00:00:00+05:30,9.15,9.2,8.78,8.83,16060584
2020-12-15 00:00:00+05:30,8.83,8.88,8.28,8.46,22038713
2020-12-16 00:00:00+05:30,8.46,8.65,8.42,8.46,11840885
2020-12-17 00:00:00+05:30,8.51,8.51,8.37,8.37,9060348
2020-12-18 00:00:00+05:30,8.37,8.42,8.0,8.23,12615414
2020-12-21 00:00:00+05:30,8.09,8.28,7.4,7.5,24638658
2020-12-22 00:00:00+05:30,7.45,7.73,6.02,7.63,39098714
2020-12-23 00:00:00+05:30,7.77,8.32,7.63,8.23,28494612
2020-12-24 00:00:00+05:30,8.37,8.55,8.09,8.23,17922264
2020-12-28 00:00:00+05:30,8.32,8.51,8.28,8.32,16120747
2020-12-29 00:00:00+05:30,8.42,8.6,8.32,8.46,19150883
2020-12-30 00:00:00+05:30,8.46,8.55,8.28,8.32,12424810
2020-12-31 00:00:00+05:30,8.32,8.42,8.19,8.28,10212341
2021-01-01 00:00:00+05:30,8.37,8.42,8.32,8.37,8046908
2021-01-04 00:00:00+05:30,8.46,8.88,8.42,8.74,55724492
2021-01-05 00:00:00+05:30,8.65,8.78,8.46,8.6,27709807
2021-01-06 00:00:00+05:30,8.6,8.74,8.42,8.55,26003487
2021-01-07 00:00:00+05:30,8.6,8.92,8.46,8.6,32672953
2021-01-08 00:00:00+05:30,8.65,8.74,8.46,8.46,22827687
2021-01-11 00:00:00+05:30,8.55,8.55,8.28,8.32,14098651
2021-01-12 00:00:00+05:30,8.32,9.33,8.14,8.78,81238060
2021-01-13 00:00:00+05:30,8.83,9.01,8.55,8.69,28345039
2021-01-14 00:00:00+05:30,8.74,8.83,8.55,8.74,16299582
2021-01-15 00:00:00+05:30,8.74,8.88,8.51,8.55,15797613
2021-01-18 00:00:00+05:30,8.55,8.69,8.37,8.42,16264942
2021-01-19 00:00:00+05:30,8.46,8.74,8.46,8.55,17102044
2021-01-20 00:00:00+05:30,8.6,8.69,8.51,8.6,11277462
2021-01-21 00:00:00+05:30,8.65,8.74,8.23,8.32,19062892
2021-01-22 00:00:00+05:30,7.82,8.0,7.59,7.86,38919571
2021-01-25 00:00:00+05:30,7.96,8.05,7.54,7.59,17543712
2021-01-27 00:00:00+05:30,7.59,7.63,7.31,7.36,15802552
2021-01-28 00:00:00+05:30,7.17,7.54,6.99,7.5,17449423
2021-01-29 00:00:00+05:30,7.59,7.68,7.54,7.59,9717688
2021-02-01 00:00:00+05:30,7.68,7.96,7.59,7.86,15562725
2021-02-02 00:00:00+05:30,8.0,8.05,7.68,7.77,13906880
2021-02-03 00:00:00+05:30,7.82,7.91,7.63,7.77,10388416
2021-02-04 00:00:00+05:30,7.77,8.19,7.73,7.91,31957053
2021-02-05 00:00:00+05:30,7.96,8.09,7.63,7.73,26829838
2021-02-08 00:00:00+05:30,7.82,7.86,7.59,7.68,10519569
2021-02-09 00:00:00+05:30,7.68,7.73,7.54,7.59,13907193
2021-02-10 00:00:00+05:30,7.63,7.68,7.5,7.54,9130405
2021-02-11 00:00:00+05:30,7.54,7.68,7.5,7.63,11788435
2021-02-12 00:00:00+05:30,7.63,7.63,7.5,7.54,6039453
2021-02-15 00:00:00+05:30,7.54,7.59,7.36,7.4,16126940
2021-02-16 00:00:00+05:30,7.45,7.68,7.45,7.5,9451652
2021-02-17 00:00:00+05:30,7.5,8.14,7.5,8.0,55170563
2021-02-18 00:00:00+05:30,8.14,8.51,7.96,8.23,70174010
2021-02-19 00:00:00+05:30,8.23,8.46,7.82,8.0,38745760
2021-02-22 00:00:00+05:30,8.14,8.32,7.86,7.96,23545461
2021-02-23 00:00:00+05:30,7.96,8.09,7.82,7.96,14979496
2021-02-24 00:00:00+05:30,7.91,8.32,7.91,8.28,23751217
2021-02-25 00:00:00+05:30,8.37,8.42,8.14,8.19,23373178
2021-02-26 00:00:00+05:30,8.37,9.43,8.28,9.06,185641516
2021-03-01 00:00:00+05:30,9.29,9.98,9.11,9.66,153990480
2021-03-02 00:00:00+05:30,9.75,9.89,9.2,9.43,59337922
2021-03-03 00:00:00+05:30,9.43,9.61,9.24,9.29,28790611
2021-03-04 00:00:00+05:30,9.2,9.29,9.01,9.06,27230107
2021-03-05 00:00:00+05:30,9.11,9.11,8.74,8.78,20183166
2021-03-08 00:00:00+05:30,8.92,9.43,8.88,9.01,31409331
2021-03-09 00:00:00+05:30,9.11,9.2,8.42,8.74,21110340
2021-03-10 00:00:00+05:30,8.83,9.01,8.65,8.78,22058522
2021-03-12 00:00:00+05:30,8.78,8.97,8.6,8.69,19514643
2021-03-15 00:00:00+05:30,8.74,8.74,8.42,8.55,17783178
2021-03-16 00:00:00+05:30,8.6,8.69,8.46,8.51,11012054
2021-03-17 00:00:00+05:30,8.51,8.55,8.28,8.32,15874915
2021-03-18 00:00:00+05:30,8.37,8.46,8.14,8.14,12889530
2021-03-19 00:00:00+05:30,8.14,8.32,7.91,8.23,17814781
2021-03-22 00:00:00+05:30,8.23,8.37,8.05,8.09,13101301
2021-03-23 00:00:00+05:30,8.14,8.32,8.09,8.19,13436164
2021-03-24 00:00:00+05:30,8.19,8.28,8.0,8.05,13926462
2021-03-25 00:00:00+05:30,8.14,8.19,7.63,7.77,18536209
2021-03-26 00:00:00+05:30,7.91,7.96,7.63,7.73,13835566
2021-03-30 00:00:00+05:30,7.82,7.82,7.5,7.54,17673213
2021-03-31 00:00:00+05:30,7.54,7.82,7.45,7.59,14817178
2021-04-01 00:00:00+05:30,7.68,8.05,7.63,8.0,13540198
2021-04-05 00:00:00+05:30,7.96,8.0,7.68,7.73,10439525
2021-04-06 00:00:00+05:30,7.73,7.91,7.73,7.77,6646840
2021-04-07 00:00:00+05:30,7.82,8.0,7.77,7.77,10283401
2021-04-08 00:00:00+05:30,7.77,7.91,7.77,7.82,8413515
2021-04-09 00:00:00+05:30,7.82,8.09,7.77,7.96,14064353
2021-04-12 00:00:00+05:30,7.82,7.82,7.36,7.45,21568185
2021-04-13 00:00:00+05:30,7.5,7.68,7.31,7.36,28297052
2021-04-15 00:00:00+05:30,7.36,7.45,7.17,7.31,12205207
2021-04-16 00:00:00+05:30,7.36,7.45,7.31,7.31,10216135
2021-04-19 00:00:00+05:30,7.17,7.17,6.94,7.08,10902862
2021-04-20 00:00:00+05:30,7.13,7.31,7.08,7.13,9233612
2021-04-22 00:00:00+05:30,7.13,7.36,6.99,7.27,12601983
2021-04-23 00:00:00+05:30,7.22,7.27,7.13,7.17,7322723
2021-04-26 00:00:00+05:30,7.27,7.36,7.22,7.27,6034486
2021-04-27 00:00:00+05:30,7.31,7.4,7.27,7.36,5916528
2021-04-28 00:00:00+05:30,7.4,7.59,7.36,7.45,10415737
2021-04-29 00:00:00+05:30,7.45,7.54,7.31,7.36,8877228
2021-04-30 00:00:00+05:30,7.31,7.45,7.27,7.31,6822316
2021-05-03 00:00:00+05:30,7.27,7.31,7.17,7.27,8143872
2021-05-04 00:00:00+05:30,7.31,7.77,7.27,7.4,23603549
2021-05-05 00:00:00+05:30,7.54,7.59,7.45,7.5,8251964
2021-05-06 00:00:00+05:30,7.59,7.59,7.36,7.4,5563842
2021-05-07 00:00:00+05:30,7.4,8.69,7.4,8.55,151480721
2021-05-10 00:00:00+05:30,8.92,9.56,8.83,9.43,161016260
2021-05-11 00:00:00+05:30,9.24,9.93,8.88,9.75,153940952
2021-05-12 00:00:00+05:30,9.84,10.76,9.75,10.39,105687426
2021-05-14 00:00:00+05:30,10.67,10.9,9.38,10.12,91883039
2021-05-17 00:00:00+05:30,10.39,10.44,9.66,10.02,30664524
2021-05-18 00:00:00+05:30,10.21,10.21,9.79,9.84,22482303
2021-05-19 00:00:00+05:30,9.79,10.12,9.66,9.98,24301020
2021-05-20 00:00:00+05:30,10.07,10.58,9.89,10.39,57315651
2021-05-21 00:00:00+05:30,10.58,10.85,10.02,10.21,117696544
2021-05-24 00:00:00+05:30,10.12,10.16,9.66,9.84,46391155
2021-05-25 00:00:00+05:30,9.93,9.98,9.52,9.7,35152355
2021-05-26 00:00:00+05:30,9.7,9.89,9.61,9.75,20729739
2021-05-27 00:00:00+05:30,9.84,9.84,9.61,9.7,15054636
2021-05-28 00:00:00+05:30,9.75,9.75,9.43,9.47,19881155
2021-05-31 00:00:00+05:30,9.56,9.75,9.52,9.56,19499447
2021-06-01 00:00:00+05:30,9.61,9.66,9.15,9.24,25704814
2021-06-02 00:00:00+05:30,9.29,9.56,9.2,9.43,33723512
2021-06-03 00:00:00+05:30,9.52,9.61,9.43,9.47,12719656
2021-06-04 00:00:00+05:30,9.52,9.56,9.38,9.43,10806862
2021-06-07 00:00:00+05:30,9.47,10.16,9.38,9.93,77813516
2021-06-08 00:00:00+05:30,10.12,10.39,9.79,10.07,54965122
2021-06-09 00:00:00+05:30,10.07,10.21,9.7,9.79,31508293
2021-06-10 00:00:00+05:30,9.79,10.21,9.79,9.89,33633257
2021-06-11 00:00:00+05:30,9.98,10.02,9.79,9.84,14495209
2021-06-14 00:00:00+05:30,9.84,9.84,9.47,9.7,14516384
2021-06-15 00:00:00+05:30,9.75,9.84,9.7,9.7,9708394
2021-06-17 00:00:00+05:30,9.84,10.48,9.75,10.12,55739889
2021-06-18 00:00:00+05:30,10.35,10.81,9.84,10.48,90646367
2021-06-21 00:00:00+05:30,10.16,11.73,10.12,11.59,214057984
2021-06-22 00:00:00+05:30,12.28,12.83,11.96,12.19,252707008
2021-06-23 00:00:00+05:30,12.46,12.6,11.82,12.0,79083076
2021-06-24 00:00:00+05:30,12.19,12.23,11.77,11.86,24617276
2021-06-25 00:00:00+05:30,11.96,12.09,11.5,11.86,30532442
2021-06-28 00:00:00+05:30,12.05,12.51,11.96,12.28,44186230
2021-06-29 00:00:00+05:30,12.37,12.51,12.14,12.23,29097079
2021-06-30 00:00:00+05:30,12.32,12.46,12.05,12.09,18229646
2021-07-01 00:00:00+05:30,12.19,12.23,11.86,11.86,17629556
2021-07-02 00:00:00+05:30,12.0,12.09,11.77,11.86,14767549
2021-07-05 00:00:00+05:30,11.91,12.09,11.73,11.77,18616610
2021-07-06 00:00:00+05:30,11.77,12.05,11.63,11.73,22140311
2021-07-07 00:00:00+05:30,11.77,11.91,11.59,11.63,16433824
2021-07-08 00:00:00+05:30,11.63,11.91,11.5,11.54,19851423
2021-07-09 00:00:00+05:30,11.59,11.63,11.4,11.4,12856058
2021-07-12 00:00:00+05:30,11.54,12.14,11.4,11.73,35227987
2021-07-13 00:00:00+05:30,11.96,11.96,11.63,11.63,12473650
2021-07-14 00:00:00+05:30,11.68,11.68,11.45,11.45,10965434
2021-07-15 00:00:00+05:30,11.54,11.54,11.36,11.36,9764108
2021-07-16 00:00:00+05:30,11.36,11.91,11.17,11.45,41629795
2021-07-19 00:00:00+05:30,11.4,11.63,11.31,11.36,14782687
2021-07-20 00:00:00+05:30,11.36,11.45,10.9,11.04,25713314
2021-07-22 00:00:00+05:30,11.22,11.36,11.13,11.22,12951860
2021-07-23 00:00:00+05:30,10.81,10.81,10.3,10.39,39931489
2021-07-26 00:00:00+05:30,10.39,10.44,10.02,10.07,20191673
2021-07-27 00:00:00+05:30,10.12,10.39,10.07,10.12,15623192
2021-07-28 00:00:00+05:30,10.21,10.25,9.84,9.98,16827231
2021-07-29 00:00:00+05:30,10.02,10.21,9.79,9.84,16988319
2021-07-30 00:00:00+05:30,9.89,9.98,9.79,9.89,8512068
2021-08-02 00:00:00+05:30,9.98,10.12,9.84,9.89,15218506
2021-08-03 00:00:00+05:30,9.98,9.98,9.79,9.79,9635222
2021-08-04 00:00:00+05:30,9.84,9.89,9.52,9.56,12478023
2021-08-05 00:00:00+05:30,9.56,9.61,9.06,9.33,17008329
2021-08-06 00:00:00+05:30,9.38,9.75,9.38,9.52,13097821
2021-08-09 00:00:00+05:30,9.61,9.75,9.43,9.52,9495356
2021-08-10 00:00:00+05:30,9.52,9.52,9.15,9.2,13353596
2021-08-11 00:00:00+05:30,9.24,9.24,8.69,9.01,22752947
2021-08-12 00:00:00+05:30,9.11,9.33,9.06,9.29,8906050
2021-08-13 00:00:00+05:30,9.29,9.38,9.2,9.24,8695702
2021-08-16 00:00:00+05:30,9.29,9.29,9.11,9.15,5574080
2021-08-17 00:00:00+05:30,9.2,9.2,8.92,8.97,4943506
2021-08-18 00:00:00+05:30,8.97,9.01,8.74,8.78,7224741
2021-08-20 00:00:00+05:30,8.78,8.78,8.51,8.6,7673666
2021-08-23 00:00:00+05:30,8.65,8.69,8.28,8.37,10845091
2021-08-24 00:00:00+05:30,8.37,8.74,8.32,8.69,8504053
2021-08-25 00:00:00+05:30,8.74,8.88,8.65,8.69,5403082
2021-08-26 00:00:00+05:30,8.74,9.29,8.65,9.11,29531639
2021-08-27 00:00:00+05:30,9.2,9.56,8.92,9.33,11363055
2021-08-30 00:00:00+05:30,9.47,9.47,9.2,9.24,8438127
2021-08-31 00:00:00+05:30,9.24,9.24,9.06,9.06,6657210
2021-09-01 00:00:00+05:30,9.11,9.29,9.01,9.15,7382746
2021-09-02 00:00:00+05:30,9.15,9.24,9.06,9.11,7188235
2021-09-03 00:00:00+05:30,9.11,9.24,9.11,9.11,4971748
2021-09-06 00:00:00+05:30,9.11,9.2,9.11,9.11,4337172
2021-09-07 00:00:00+05:30,9.15,9.2,9.01,9.06,5391399
2021-09-08 00:00:00+05:30,9.06,9.2,9.01,9.06,4907569
2021-09-09 00:00:00+05:30,9.06,9.47,9.01,9.2,15525850
2021-09-13 00:00:00+05:30,9.24,9.24,9.11,9.11,5766294
2021-09-14 00:00:00+05:30,9.2,9.29,9.15,9.15,8317576
2021-09-15 00:00:00+05:30,9.2,9.84,9.2,9.43,40881700
2021-09-16 00:00:00+05:30,9.52,10.21,9.43,9.93,59714630
2021-09-17 00:00:00+05:30,9.98,9.98,9.29,9.56,27751062
2021-09-20 00:00:00+05:30,9.29,9.56,9.24,9.24,11530834
2021-09-21 00:00:00+05:30,9.29,9.38,9.11,9.24,10957900
2021-09-22 00:00:00+05:30,9.24,9.33,9.2,9.2,6256248
2021-09-23 00:00:00+05:30,9.29,9.7,9.2,9.29,34282893
2021-09-24 00:00:00+05:30,9.33,9.43,9.2,9.24,8186656
2021-09-27 00:00:00+05:30,9.29,9.33,9.2,9.24,6354069
2021-09-28 00:00:00+05:30,9.24,9.33,9.15,9.2,8434584
2021-09-29 00:00:00+05:30,9.15,9.61,9.15,9.29,17691120
2021-09-30 00:00:00+05:30,9.33,9.61,9.33,9.38,11240066
2021-10-01 00:00:00+05:30,9.33,9.52,9.29,9.38,8779362
2021-10-04 00:00:00+05:30,9.43,9.52,9.38,9.38,9169861
2021-10-05 00:00:00+05:30,9.38,9.66,9.33,9.43,10807451
2021-10-06 00:00:00+05:30,9.43,9.56,9.29,9.29,10902248
2021-10-07 00:00:00+05:30,9.33,9.47,9.33,9.33,8981399
2021-10-08 00:00:00+05:30,9.38,9.75,9.38,9.56,25964045
2021-10-11 00:00:00+05:30,9.61,9.7,9.47,9.47,9600720
2021-10-12 00:00:00+05:30,9.52,9.93,9.38,9.56,27823966
2021-10-13 00:00:00+05:30,9.61,9.84,9.52,9.56,21370009
2021-10-14 00:00:00+05:30,9.61,9.89,9.56,9.61,23686934
2021-10-18 00:00:00+05:30,9.66,10.16,9.61,9.84,36283320
2021-10-19 00:00:00+05:30,9.84,10.35,9.66,9.75,85986749
2021-10-20 00:00:00+05:30,9.79,9.93,9.56,9.61,18750172
2021-10-21 00:00:00+05:30,9.7,9.84,9.61,9.66,21983866
2021-10-22 00:00:00+05:30,8.97,9.06,8.42,8.83,65161326
2021-10-25 00:00:00+05:30,8.92,8.92,8.69,8.74,13920749
2021-10-26 00:00:00+05:30,8.88,9.11,8.74,8.83,23560499
2021-10-27 00:00:00+05:30,8.88,8.97,8.78,8.83,8381284
2021-10-28 00:00:00+05:30,8.83,8.83,8.6,8.65,10524098
2021-10-29 00:00:00+05:30,8.65,8.74,8.51,8.6,8559434
2021-11-01 00:00:00+05:30,8.69,8.78,8.65,8.69,5357575
2021-11-02 00:00:00+05:30,8.69,8.83,8.65,8.69,8727009
2021-11-03 00:00:00+05:30,8.69,8.78,8.55,8.6,7269814
2021-11-04 00:00:00+05:30,8.65,8.74,8.6,8.74,2036053
2021-11-08 00:00:00+05:30,8.74,8.78,8.65,8.69,7791827
2021-11-09 00:00:00+05:30,8.74,8.74,8.65,8.69,6128215
2021-11-10 00:00:00+05:30,8.69,8.78,8.6,8.65,5363087
2021-11-11 00:00:00+05:30,8.65,8.69,8.55,8.6,5785153
2021-11-12 00:00:00+05:30,8.65,8.65,8.51,8.55,4500080
2021-11-15 00:00:00+05:30,8.6,8.6,8.46,8.46,5226538
2021-11-16 00:00:00+05:30,8.46,8.55,8.37,8.37,8235630
2021-11-17 00:00:00+05:30,8.37,8.42,8.32,8.37,5673368
2021-11-18 00:00:00+05:30,8.37,8.42,8.28,8.28,6569963
2021-11-22 00:00:00+05:30,8.32,8.37,8.09,8.14,8439399
2021-11-23 00:00:00+05:30,8.14,8.37,8.09,8.28,8594177
2021-11-24 00:00:00+05:30,8.37,8.46,8.32,8.37,4252914
2021-11-25 00:00:00+05:30,8.37,8.37,8.28,8.28,5004351
2021-11-26 00:00:00+05:30,8.23,8.28,8.09,8.14,7458961
2021-11-29 00:00:00+05:30,8.14,8.19,7.59,7.86,9009261
2021-11-30 00:00:00+05:30,7.86,8.14,7.82,8.0,5860620
2021-12-01 00:00:00+05:30,8.0,8.23,8.0,8.19,4154111
2021-12-02 00:00:00+05:30,8.23,8.32,8.14,8.19,7024130
2021-12-03 00:00:00+05:30,8.23,8.28,8.19,8.23,3350203
2021-12-06 00:00:00+05:30,8.23,8.28,8.19,8.19,5898414
2021-12-07 00:00:00+05:30,8.23,8.6,8.19,8.37,16640166
2021-12-08 00:00:00+05:30,8.42,8.51,8.37,8.42,3754829
2021-12-09 00:00:00+05:30,8.42,8.65,8.37,8.46,9485467
2021-12-10 00:00:00+05:30,8.46,8.88,8.46,8.74,24294222
2021-12-13 00:00:00+05:30,8.88,8.92,8.6,8.6,9881951
2021-12-14 00:00:00+05:30,8.6,8.65,8.51,8.55,3684181
2021-12-15 00:00:00+05:30,8.6,8.65,8.46,8.51,3782078
2021-12-16 00:00:00+05:30,8.51,8.55,8.37,8.37,5228909
2021-12-17 00:00:00+05:30,8.37,8.42,8.09,8.14,7293067
2021-12-20 00:00:00+05:30,8.0,8.19,7.91,7.96,8081856
2021-12-21 00:00:00+05:30,8.0,8.23,8.0,8.05,6383853
2021-12-22 00:00:00+05:30,8.09,8.32,8.09,8.19,6108125
2021-12-23 00:00:00+05:30,8.28,8.28,8.0,8.05,8275260
2021-12-24 00:00:00+05:30,8.05,8.09,7.91,8.05,5912719
2021-12-27 00:00:00+05:30,8.0,8.19,8.0,8.09,5760420
2021-12-28 00:00:00+05:30,8.14,8.28,8.09,8.14,4689885
2021-12-29 00:00:00+05:30,8.19,8.23,8.14,8.14,3661476
2021-12-30 00:00:00+05:30,8.19,8.19,8.05,8.05,5889154
2021-12-31 00:00:00+05:30,8.05,8.19,8.05,8.14,5696305
2022-01-03 00:00:00+05:30,8.19,8.74,8.14,8.46,24774268
2022-01-04 00:00:00+05:30,8.51,8.83,8.37,8.51,23042855
2022-01-05 00:00:00+05:30,8.51,8.55,8.37,8.42,10015369
2022-01-06 00:00:00+05:30,8.32,8.42,8.23,8.32,9033897
2022-01-07 00:00:00+05:30,8.37,8.55,8.32,8.37,9007580
2022-01-10 00:00:00+05:30,8.42,8.51,8.37,8.46,8805909
2022-01-11 00:00:00+05:30,8.42,8.46,8.37,8.37,4601385
2022-01-12 00:00:00+05:30,8.42,8.46,8.32,8.32,6753320
2022-01-13 00:00:00+05:30,8.37,8.46,8.32,8.37,9535463
2022-01-14 00:00:00+05:30,8.37,8.51,8.32,8.42,8585336
2022-01-17 00:00:00+05:30,8.42,8.65,8.42,8.46,9179581
2022-01-18 00:00:00+05:30,8.46,8.55,8.32,8.37,8228126
2022-01-19 00:00:00+05:30,8.37,8.37,8.28,8.32,6745951
2022-01-20 00:00:00+05:30,8.37,8.51,8.32,8.37,6851722
2022-01-21 00:00:00+05:30,8.37,8.37,8.09,8.14,12834341
2022-01-24 00:00:00+05:30,8.14,8.32,7.96,8.0,12957571
2022-01-25 00:00:00+05:30,7.96,8.14,7.86,8.05,8037271
2022-01-27 00:00:00+05:30,8.05,8.23,7.91,8.19,13054032
2022-01-28 00:00:00+05:30,8.28,8.32,8.05,8.09,10741872
2022-01-31 00:00:00+05:30,8.14,8.37,8.14,8.23,13188319
2022-02-01 00:00:00+05:30,8.32,8.32,8.14,8.14,8345383
2022-02-02 00:00:00+05:30,8.19,8.28,8.19,8.23,5971960
2022-02-03 00:00:00+05:30,8.23,8.28,8.14,8.19,3670305
2022-02-04 00:00:00+05:30,8.19,8.23,8.09,8.14,4895189
2022-02-07 00:00:00+05:30,8.19,8.23,8.09,8.09,5255486
2022-02-08 00:00:00+05:30,8.14,8.14,8.0,8.05,6059627
2022-02-09 00:00:00+05:30,8.09,8.14,8.0,8.05,3492589
2022-02-10 00:00:00+05:30,8.09,8.09,8.0,8.05,3174600
2022-02-11 00:00:00+05:30,8.05,8.05,7.96,8.0,3425793
2022-02-14 00:00:00+05:30,7.91,7.96,7.73,7.77,9491489
2022-02-15 00:00:00+05:30,7.77,7.82,7.63,7.77,6907283
2022-02-16 00:00:00+05:30,7.77,7.91,7.77,7.82,4709486
2022-02-17 00:00:00+05:30,7.82,8.32,7.82,7.91,18940816
2022-02-18 00:00:00+05:30,7.82,7.96,7.82,7.86,3469273
2022-02-21 00:00:00+05:30,7.82,7.86,7.59,7.68,7965297
2022-02-22 00:00:00+05:30,7.54,7.63,7.5,7.54,6001245
2022-02-23 00:00:00+05:30,7.59,7.73,7.59,7.59,2956105
2022-02-24 00:00:00+05:30,7.45,7.45,7.04,7.08,11962358
2022-02-25 00:00:00+05:30,7.13,7.5,7.13,7.4,5857329
2022-02-28 00:00:00+05:30,7.4,7.5,7.27,7.45,3975727
2022-03-02 00:00:00+05:30,7.45,7.45,7.36,7.4,3649468
2022-03-03 00:00:00+05:30,7.45,7.5,7.36,7.4,2854497
2022-03-04 00:00:00+05:30,7.36,7.4,7.27,7.31,4029072
2022-03-07 00:00:00+05:30,7.31,7.31,7.17,7.22,4550709
2022-03-08 00:00:00+05:30,7.17,7.36,7.17,7.27,6167343
2022-03-09 00:00:00+05:30,7.31,7.45,7.31,7.31,5424774
2022-03-10 00:00:00+05:30,7.4,7.54,7.36,7.4,6135347
2022-03-11 00:00:00+05:30,7.4,7.4,7.31,7.36,4465722
2022-03-14 00:00:00+05:30,7.4,7.4,7.31,7.31,4010477
2022-03-15 00:00:00+05:30,7.31,7.36,7.22,7.27,5383184
2022-03-16 00:00:00+05:30,7.31,7.45,7.27,7.31,4246890
2022-03-17 00:00:00+05:30,7.36,7.45,7.27,7.4,9678664
2022-03-21 00:00:00+05:30,7.4,7.45,7.31,7.36,4859854
2022-03-22 00:00:00+05:30,7.36,7.36,7.31,7.31,3170838
2022-03-23 00:00:00+05:30,7.36,7.36,7.27,7.27,3906330
2022-03-24 00:00:00+05:30,7.31,7.68,7.22,7.27,20924270
2022-03-25 00:00:00+05:30,7.31,7.36,7.22,7.27,6825860
2022-03-28 00:00:00+05:30,7.27,7.31,7.13,7.17,8002852
2022-03-29 00:00:00+05:30,7.22,7.22,6.85,6.99,15103116
2022-03-30 00:00:00+05:30,7.04,7.08,6.9,6.94,11556164
2022-03-31 00:00:00+05:30,6.99,7.04,6.9,6.9,8910071
2022-04-01 00:00:00+05:30,6.94,7.27,6.9,7.22,8076766
2022-04-04 00:00:00+05:30,7.36,7.4,7.31,7.4,5775343
2022-04-05 00:00:00+05:30,7.45,7.45,7.31,7.36,7403222
2022-04-06 00:00:00+05:30,7.45,8.37,7.4,8.19,45547060
2022-04-07 00:00:00+05:30,8.28,8.37,7.96,8.0,21176433
2022-04-08 00:00:00+05:30,8.09,8.19,7.91,7.91,7160603
2022-04-11 00:00:00+05:30,7.96,8.0,7.82,7.86,4080458
2022-04-12 00:00:00+05:30,7.86,7.86,7.73,7.77,4251121
2022-04-13 00:00:00+05:30,7.82,7.86,7.73,7.73,3594800
2022-04-18 00:00:00+05:30,7.73,7.73,7.63,7.63,3512829
2022-04-19 00:00:00+05:30,7.68,7.77,7.45,7.5,4736009
2022-04-20 00:00:00+05:30,7.5,7.59,7.5,7.5,2442346
2022-04-21 00:00:00+05:30,7.54,7.77,7.5,7.68,8183652
2022-04-22 00:00:00+05:30,7.63,7.68,7.54,7.59,2940378
2022-04-25 00:00:00+05:30,7.59,7.59,7.45,7.45,2938103
2022-04-26 00:00:00+05:30,7.54,7.54,7.45,7.5,2524271
2022-04-27 00:00:00+05:30,7.4,7.5,7.36,7.4,3436318
2022-04-28 00:00:00+05:30,7.45,7.45,7.36,7.4,2718342
2022-04-29 00:00:00+05:30,7.45,7.45,7.31,7.31,4656359
2022-05-02 00:00:00+05:30,7.36,7.36,7.27,7.27,2383563
2022-05-04 00:00:00+05:30,7.31,7.31,7.22,7.27,2755822
2022-05-05 00:00:00+05:30,7.27,7.4,7.22,7.27,6090508
2022-05-06 00:00:00+05:30,7.22,7.22,6.99,7.17,6280700
2022-05-09 00:00:00+05:30,7.22,7.82,7.13,7.4,22942785
2022-05-10 00:00:00+05:30,7.45,7.5,7.27,7.27,4164358
2022-05-11 00:00:00+05:30,7.31,7.31,7.04,7.13,5064897
2022-05-12 00:00:00+05:30,7.13,7.13,6.99,7.04,4528621
2022-05-13 00:00:00+05:30,7.63,7.86,7.22,7.27,15254900
2022-05-16 00:00:00+05:30,7.31,7.45,7.31,7.36,4960897
2022-05-17 00:00:00+05:30,7.45,7.54,7.4,7.45,4792489
2022-05-18 00:00:00+05:30,7.45,7.5,7.36,7.36,3957509
2022-05-19 00:00:00+05:30,7.27,7.31,7.22,7.22,5230007
2022-05-20 00:00:00+05:30,7.27,7.59,7.27,7.4,7287095
2022-05-23 00:00:00+05:30,7.45,7.5,7.36,7.4,3584647
2022-05-24 00:00:00+05:30,7.36,7.45,7.27,7.36,3797181
2022-05-25 00:00:00+05:30,7.4,7.4,7.17,7.22,4068288
2022-05-26 00:00:00+05:30,7.27,7.31,6.99,7.27,5809006
2022-05-27 00:00:00+05:30,7.31,7.4,7.27,7.31,3627106
2022-05-30 00:00:00+05:30,7.36,7.4,7.31,7.36,2900215
2022-05-31 00:00:00+05:30,7.36,7.4,7.31,7.36,3359879
2022-06-01 00:00:00+05:30,7.36,7.45,7.31,7.31,3749513
2022-06-02 00:00:00+05:30,7.36,7.54,7.31,7.36,6670934
2022-06-03 00:00:00+05:30,7.4,7.45,7.31,7.36,3664253
2022-06-06 00:00:00+05:30,7.36,7.4,7.27,7.31,2875442
2022-06-07 00:00:00+05:30,7.31,7.36,7.22,7.22,3163527
2022-06-08 00:00:00+05:30,7.27,7.36,7.22,7.22,4247598
2022-06-09 00:00:00+05:30,7.22,7.31,7.22,7.22,1665646
2022-06-10 00:00:00+05:30,7.22,7.27,7.17,7.17,2126291
2022-06-13 00:00:00+05:30,7.17,7.17,7.08,7.08,2713586
2022-06-14 00:00:00+05:30,7.08,7.17,7.08,7.08,2898639
2022-06-15 00:00:00+05:30,7.08,7.13,7.04,7.08,2027550
2022-06-16 00:00:00+05:30,7.13,7.22,6.94,6.99,4613099
2022-06-17 00:00:00+05:30,6.99,7.04,6.9,6.94,2692761
2022-06-20 00:00:00+05:30,6.99,6.99,6.67,6.81,3931974
2022-06-21 00:00:00+05:30,6.81,6.94,6.81,6.9,2365460
2022-06-22 00:00:00+05:30,6.9,6.94,6.81,6.81,2232879
2022-06-23 00:00:00+05:30,6.85,6.99,6.81,6.85,2794786
2022-06-24 00:00:00+05:30,6.9,6.94,6.85,6.85,1750307
2022-06-27 00:00:00+05:30,6.94,7.13,6.9,6.99,4674053
2022-06-28 00:00:00+05:30,7.04,7.04,6.94,6.99,1025222
2022-06-29 00:00:00+05:30,6.99,7.13,6.94,7.04,3044610
2022-06-30 00:00:00+05:30,7.08,7.13,6.94,6.99,1432358
2022-07-01 00:00:00+05:30,7.04,7.13,6.94,6.99,2146213
2022-07-04 00:00:00+05:30,7.04,7.08,6.94,6.99,1608609
2022-07-05 00:00:00+05:30,7.04,7.36,7.04,7.27,8603466
2022-07-06 00:00:00+05:30,7.31,7.45,7.27,7.4,7521226
2022-07-07 00:00:00+05:30,7.45,7.54,7.31,7.36,4312095
2022-07-08 00:00:00+05:30,7.4,7.45,7.22,7.27,3387478
2022-07-11 00:00:00+05:30,7.31,7.31,7.17,7.22,2229750
2022-07-12 00:00:00+05:30,7.22,7.31,7.17,7.22,2782225
2022-07-13 00:00:00+05:30,7.27,7.27,7.13,7.13,1782853
2022-07-14 00:00:00+05:30,7.17,7.17,7.08,7.13,1859249
2022-07-15 00:00:00+05:30,7.13,7.17,7.08,7.13,1000254
2022-07-18 00:00:00+05:30,7.17,7.22,7.17,7.17,1445609
2022-07-19 00:00:00+05:30,7.22,7.31,7.17,7.22,2872094
2022-07-20 00:00:00+05:30,7.31,7.36,7.27,7.27,2839619
2022-07-21 00:00:00+05:30,7.27,7.5,7.27,7.31,8404088
2022-07-22 00:00:00+05:30,7.36,7.54,7.31,7.31,5201622
2022-07-25 00:00:00+05:30,7.36,7.45,7.17,7.22,5397393
2022-07-26 00:00:00+05:30,7.27,7.4,7.22,7.22,4201417
2022-07-27 00:00:00+05:30,7.27,7.45,7.22,7.27,9458276
2022-07-28 00:00:00+05:30,7.31,7.36,7.22,7.22,5012707
2022-07-29 00:00:00+05:30,7.27,7.31,7.17,7.22,4574648
2022-08-01 00:00:00+05:30,7.31,7.36,7.22,7.27,6232884
2022-08-02 00:00:00+05:30,7.27,7.82,7.22,7.59,36580441
2022-08-03 00:00:00+05:30,7.59,7.68,7.36,7.4,9114081
2022-08-04 00:00:00+05:30,7.4,7.63,7.31,7.45,18609528
2022-08-05 00:00:00+05:30,7.45,7.59,7.4,7.45,8765300
2022-08-08 00:00:00+05:30,7.5,7.5,7.31,7.36,5956045
2022-08-10 00:00:00+05:30,7.36,7.4,7.22,7.27,4972525
2022-08-11 00:00:00+05:30,7.31,7.36,7.17,7.22,6446101
2022-08-12 00:00:00+05:30,7.27,7.31,7.17,7.22,8549949
2022-08-16 00:00:00+05:30,7.22,7.31,7.17,7.22,5405753
2022-08-17 00:00:00+05:30,7.22,7.45,7.22,7.31,11465742
2022-08-18 00:00:00+05:30,7.31,7.45,7.27,7.4,9018930
2022-08-19 00:00:00+05:30,7.45,7.54,7.27,7.31,7659701
2022-08-22 00:00:00+05:30,7.31,7.4,7.27,7.31,9130480
2022-08-23 00:00:00+05:30,7.31,7.5,7.22,7.27,8142112
2022-08-24 00:00:00+05:30,7.27,7.31,7.22,7.27,7085904
2022-08-25 00:00:00+05:30,7.27,7.82,7.27,7.59,47707005
2022-08-26 00:00:00+05:30,7.68,8.0,7.59,7.68,45668950
2022-08-29 00:00:00+05:30,7.45,7.59,7.4,7.5,8490044
2022-08-30 00:00:00+05:30,7.54,7.68,7.5,7.54,9405722
2022-09-01 00:00:00+05:30,7.5,7.68,7.5,7.54,6718168
2022-09-02 00:00:00+05:30,7.59,7.73,7.45,7.5,10530136
2022-09-05 00:00:00+05:30,7.54,8.23,7.54,7.77,36442957
2022-09-06 00:00:00+05:30,7.86,7.91,7.68,7.73,12089174
2022-09-07 00:00:00+05:30,7.68,8.05,7.68,7.96,23321669
2022-09-08 00:00:00+05:30,8.05,8.42,7.96,8.0,31607700
2022-09-09 00:00:00+05:30,8.14,8.14,7.86,8.0,15923611
2022-09-12 00:00:00+05:30,8.09,8.14,7.91,7.96,10847009
2022-09-13 00:00:00+05:30,8.05,8.05,7.91,7.91,8853107
2022-09-14 00:00:00+05:30,7.77,8.05,7.73,8.0,17287591
2022-09-15 00:00:00+05:30,9.2,9.56,9.01,9.56,277560574
2022-09-16 00:00:00+05:30,9.84,9.93,9.11,9.38,146583321
2022-09-19 00:00:00+05:30,9.52,9.89,9.29,9.61,74565970
2022-09-20 00:00:00+05:30,9.84,9.84,9.47,9.52,35638087
2022-09-21 00:00:00+05:30,9.56,9.56,9.29,9.33,21300926
2022-09-22 00:00:00+05:30,9.33,9.43,9.15,9.29,26132800
2022-09-23 00:00:00+05:30,9.33,9.38,8.92,9.01,23471937
2022-09-26 00:00:00+05:30,8.88,8.88,8.23,8.69,42816962
2022-09-27 00:00:00+05:30,8.78,8.92,8.51,8.69,19509871
2022-09-28 00:00:00+05:30,8.6,8.83,8.55,8.6,10526430
2022-09-29 00:00:00+05:30,8.74,8.78,8.37,8.55,13444701
2022-09-30 00:00:00+05:30,8.55,8.78,8.46,8.74,9001091
2022-10-03 00:00:00+05:30,8.74,8.78,8.46,8.55,9383732
2022-10-04 00:00:00+05:30,8.78,8.97,8.78,8.88,26892032
2022-10-06 00:00:00+05:30,8.97,9.38,8.92,9.2,31046338
2022-10-07 00:00:00+05:30,9.24,9.29,9.06,9.15,12644609
2022-10-10 00:00:00+05:30,8.97,9.24,8.97,9.11,11732839
2022-10-11 00:00:00+05:30,9.11,9.29,9.01,9.06,11520142
2022-10-12 00:00:00+05:30,9.06,9.15,8.97,9.01,9723877
2022-10-13 00:00:00+05:30,9.01,9.2,8.78,8.92,12500627
2022-10-14 00:00:00+05:30,9.15,9.24,8.83,8.88,8363312
2022-10-17 00:00:00+05:30,8.83,9.06,8.83,8.97,11953285
2022-10-18 00:00:00+05:30,9.06,9.24,9.06,9.15,19001559
2022-10-19 00:00:00+05:30,9.24,9.43,9.24,9.33,21957166
2022-10-20 00:00:00+05:30,9.33,10.12,9.2,9.66,74574398
2022-10-21 00:00:00+05:30,10.02,10.44,9.89,10.25,112891464
2022-10-24 00:00:00+05:30,10.67,11.08,10.62,10.9,47314606
2022-10-25 00:00:00+05:30,11.13,12.78,11.04,12.09,299222226
2022-10-27 00:00:00+05:30,12.42,13.01,12.23,12.78,169195019
2022-10-28 00:00:00+05:30,12.74,12.74,11.86,12.23,64185869
2022-10-31 00:00:00+05:30,12.32,12.88,12.14,12.6,63177150
2022-11-01 00:00:00+05:30,12.65,13.47,12.32,12.65,116771767
2022-11-02 00:00:00+05:30,12.74,13.11,12.6,12.65,44302703
2022-11-03 00:00:00+05:30,12.65,13.7,12.55,13.57,70880677
2022-11-04 00:00:00+05:30,13.66,14.12,13.34,13.66,95890614
2022-11-07 00:00:00+05:30,13.8,14.26,13.8,13.93,58662879
2022-11-09 00:00:00+05:30,14.07,14.12,13.43,13.7,55694091
2022-11-10 00:00:00+05:30,13.61,13.61,12.88,13.2,57311935
2022-11-11 00:00:00+05:30,13.52,13.75,13.11,13.24,33844466
2022-11-14 00:00:00+05:30,13.15,13.34,12.88,13.06,27083894
2022-11-15 00:00:00+05:30,13.06,13.11,12.69,12.83,22922208
2022-11-16 00:00:00+05:30,12.83,13.8,12.65,13.29,75545655
2022-11-17 00:00:00+05:30,13.29,13.47,13.11,13.24,24497371
2022-11-18 00:00:00+05:30,13.34,13.7,13.29,13.38,32757297
2022-11-21 00:00:00+05:30,13.43,13.84,13.15,13.7,62097115
2022-11-22 00:00:00+05:30,13.8,14.21,13.43,13.52,65030327
2022-11-23 00:00:00+05:30,13.57,13.98,13.57,13.66,32496534
2022-11-24 00:00:00+05:30,13.75,13.93,13.61,13.7,35841733
2022-11-25 00:00:00+05:30,13.7,15.08,13.66,14.85,110224360
2022-11-28 00:00:00+05:30,15.08,15.4,14.9,14.95,54456200
2022-11-29 00:00:00+05:30,15.13,16.32,14.81,16.09,102117750
2022-11-30 00:00:00+05:30,16.51,16.65,15.36,15.5,111203530
2022-12-01 00:00:00+05:30,15.68,15.96,15.22,15.45,49674392
2022-12-02 00:00:00+05:30,15.5,15.59,15.13,15.4,39019484
2022-12-05 00:00:00+05:30,15.54,16.78,15.45,16.55,82926014
2022-12-06 00:00:00+05:30,16.55,17.2,16.37,16.88,85161550
2022-12-07 00:00:00+05:30,16.92,17.15,16.42,16.55,65267558
2022-12-08 00:00:00+05:30,16.55,16.92,16.42,16.65,46203100
2022-12-09 00:00:00+05:30,16.83,17.57,15.96,16.69,95292041
2022-12-12 00:00:00+05:30,16.55,17.2,16.32,17.01,53640347
2022-12-13 00:00:00+05:30,17.2,18.16,17.15,17.98,125647370
2022-12-14 00:00:00+05:30,18.12,18.95,17.98,18.53,110384993
2022-12-15 00:00:00+05:30,18.67,20.05,18.49,18.99,113175270
2022-12-16 00:00:00+05:30,18.85,19.5,17.29,17.89,111801223
2022-12-19 00:00:00+05:30,18.03,18.39,16.74,17.43,52216523
2022-12-20 00:00:00+05:30,17.43,17.43,16.55,17.24,39953932
2022-12-21 00:00:00+05:30,17.38,17.89,15.96,16.19,80599445
2022-12-22 00:00:00+05:30,16.51,16.69,14.99,15.63,80513660
2022-12-23 00:00:00+05:30,15.27,15.54,14.07,14.26,77136603
2022-12-26 00:00:00+05:30,14.49,16.55,14.39,16.28,85337750
2022-12-27 00:00:00+05:30,16.92,17.29,16.32,16.6,72378790
2022-12-28 00:00:00+05:30,16.51,16.97,16.14,16.51,49738294
2022-12-29 00:00:00+05:30,16.46,16.69,16.14,16.6,36501794
2022-12-30 00:00:00+05:30,16.92,17.57,16.92,17.29,77581015
2023-01-02 00:00:00+05:30,17.29,17.89,17.24,17.7,43009046
2023-01-03 00:00:00+05:30,18.21,19.5,18.16,18.76,144828689
2023-01-04 00:00:00+05:30,18.95,18.99,18.21,18.35,64035804
2023-01-05 00:00:00+05:30,18.49,18.53,17.7,17.93,46542063
2023-01-06 00:00:00+05:30,18.03,18.07,17.47,17.7,35217985
2023-01-09 00:00:00+05:30,17.93,18.03,17.2,17.34,30361181
2023-01-10 00:00:00+05:30,17.38,17.38,16.55,17.15,38633991
2023-01-11 00:00:00+05:30,17.24,17.29,16.74,17.06,29595311
2023-01-12 00:00:00+05:30,17.15,17.15,16.74,16.78,20469381
2023-01-13 00:00:00+05:30,16.83,17.29,16.65,17.01,28755094
2023-01-16 00:00:00+05:30,17.15,17.93,17.15,17.61,47891642
2023-01-17 00:00:00+05:30,17.61,17.75,16.78,17.06,45650692
2023-01-18 00:00:00+05:30,16.83,17.11,16.83,16.88,19546146
2023-01-19 00:00:00+05:30,16.83,16.97,16.65,16.78,11933840
2023-01-20 00:00:00+05:30,16.88,16.97,16.65,16.74,15575016
2023-01-23 00:00:00+05:30,16.83,16.83,16.6,16.69,25936472
2023-01-24 00:00:00+05:30,16.78,17.24,14.95,15.27,94256916
2023-01-25 00:00:00+05:30,15.27,16.55,15.18,16.23,68007185
2023-01-27 00:00:00+05:30,16.23,16.46,15.18,15.54,41323798
2023-01-30 00:00:00+05:30,15.54,16.09,15.22,15.82,28633551
2023-01-31 00:00:00+05:30,16.09,16.65,15.82,16.55,23939466
2023-02-01 00:00:00+05:30,16.6,17.2,15.82,16.32,39058008
2023-02-02 00:00:00+05:30,16.28,16.74,15.91,16.46,16610706
2023-02-03 00:00:00+05:30,16.6,16.83,16.09,16.28,18685438
2023-02-06 00:00:00+05:30,16.37,16.65,16.09,16.42,13577738
2023-02-07 00:00:00+05:30,16.42,16.6,16.05,16.23,13526903
2023-02-08 00:00:00+05:30,16.28,16.42,15.77,15.86,12752916
2023-02-09 00:00:00+05:30,15.91,16.0,15.59,15.63,8952191
2023-02-10 00:00:00+05:30,15.63,16.32,15.5,16.05,19444759
2023-02-13 00:00:00+05:30,16.69,16.78,15.86,16.05,15213601
2023-02-14 00:00:00+05:30,16.19,16.37,16.05,16.23,9605577
2023-02-15 00:00:00+05:30,16.19,16.55,16.14,16.51,11336900
2023-02-16 00:00:00+05:30,16.6,16.69,16.37,16.42,7808085
2023-02-17 00:00:00+05:30,16.28,16.55,16.19,16.42,8354165
2023-02-20 00:00:00+05:30,16.42,16.51,15.82,15.96,9014720
2023-02-21 00:00:00+05:30,16.05,16.05,15.68,15.77,9431597
2023-02-22 00:00:00+05:30,15.77,15.77,15.27,15.31,10753556
2023-02-23 00:00:00+05:30,15.36,15.54,15.04,15.4,9886686
2023-02-24 00:00:00+05:30,15.54,15.59,15.22,15.27,6788232
2023-02-27 00:00:00+05:30,15.27,15.27,14.9,15.18,11802142
2023-02-28 00:00:00+05:30,15.22,15.73,15.18,15.4,25098131
2023-03-01 00:00:00+05:30,15.45,15.86,15.45,15.5,13222925
2023-03-02 00:00:00+05:30,15.5,15.63,15.27,15.36,10567373
2023-03-03 00:00:00+05:30,15.36,15.82,15.36,15.63,24116626
2023-03-06 00:00:00+05:30,15.68,16.88,15.59,16.65,49929821
2023-03-08 00:00:00+05:30,16.46,17.11,16.14,17.01,28676363
2023-03-09 00:00:00+05:30,17.11,17.47,16.88,17.2,30468981
2023-03-10 00:00:00+05:30,16.92,17.61,16.46,17.34,47332839
2023-03-13 00:00:00+05:30,17.38,17.38,16.05,16.19,34428441
2023-03-14 00:00:00+05:30,16.19,16.23,15.82,16.0,21186259
2023-03-15 00:00:00+05:30,16.46,16.55,15.86,15.96,17184905
2023-03-16 00:00:00+05:30,15.86,16.0,15.45,15.86,20490269
2023-03-17 00:00:00+05:30,16.05,16.46,15.91,16.32,18370372
2023-03-20 00:00:00+05:30,16.23,16.32,15.77,16.05,15054735
2023-03-21 00:00:00+05:30,16.19,16.23,15.63,15.96,15007176
2023-03-22 00:00:00+05:30,16.0,16.28,15.77,15.86,13239722
2023-03-23 00:00:00+05:30,15.91,16.19,15.63,15.82,16117428
2023-03-24 00:00:00+05:30,15.91,15.96,15.36,15.5,11971700
2023-03-27 00:00:00+05:30,15.54,15.86,15.22,15.31,12640235
2023-03-28 00:00:00+05:30,15.54,15.54,15.18,15.22,11830025
2023-03-29 00:00:00+05:30,13.8,13.8,12.65,13.24,169892628
2023-03-31 00:00:00+05:30,13.43,13.98,13.24,13.47,69428983
2023-04-03 00:00:00+05:30,13.57,14.35,13.52,14.16,64394401
2023-04-05 00:00:00+05:30,14.3,14.39,13.89,14.07,33784056
2023-04-06 00:00:00+05:30,13.98,14.35,13.93,14.16,16770446
2023-04-10 00:00:00+05:30,14.35,14.35,13.93,14.03,13024233
2023-04-11 00:00:00+05:30,14.12,14.3,13.89,13.98,16316061
2023-04-12 00:00:00+05:30,14.03,14.16,13.93,14.03,10430899
2023-04-13 00:00:00+05:30,14.07,14.26,13.98,14.16,15855864
2023-04-17 00:00:00+05:30,14.16,14.76,13.98,14.58,41562908
2023-04-18 00:00:00+05:30,14.72,14.81,14.16,14.21,31583316
2023-04-19 00:00:00+05:30,14.3,14.81,14.26,14.35,36191115
2023-04-20 00:00:00+05:30,14.44,14.49,14.21,14.26,16677287
2023-04-21 00:00:00+05:30,14.39,14.39,14.03,14.07,10210798
2023-04-24 00:00:00+05:30,14.21,14.44,14.03,14.35,21414513
2023-04-25 00:00:00+05:30,14.39,14.67,14.35,14.44,19633695
2023-04-26 00:00:00+05:30,14.44,14.49,14.26,14.39,19623787
2023-04-27 00:00:00+05:30,14.39,14.67,14.39,14.49,16661301
2023-04-28 00:00:00+05:30,14.62,15.54,14.53,15.13,68855754
2023-05-02 00:00:00+05:30,15.27,15.5,15.08,15.36,29004847
2023-05-03 00:00:00+05:30,15.36,15.4,15.04,15.08,23419107
2023-05-04 00:00:00+05:30,15.13,15.36,15.04,15.18,13777428
2023-05-05 00:00:00+05:30,15.22,15.36,14.9,14.95,20131068
2023-05-08 00:00:00+05:30,15.08,15.36,14.95,15.04,16786267
2023-05-09 00:00:00+05:30,15.18,15.36,14.81,14.95,14805847
2023-05-10 00:00:00+05:30,14.95,14.99,14.67,14.81,12178165
2023-05-11 00:00:00+05:30,14.95,15.18,14.9,14.99,17578715
2023-05-12 00:00:00+05:30,16.23,16.74,16.09,16.23,154822400
2023-05-15 00:00:00+05:30,16.37,16.42,15.63,15.68,46861337
2023-05-16 00:00:00+05:30,15.82,16.19,15.77,15.86,35927362
2023-05-17 00:00:00+05:30,15.91,16.0,15.45,15.54,31737737
2023-05-18 00:00:00+05:30,15.63,15.86,15.59,15.63,27572872
2023-05-19 00:00:00+05:30,15.68,15.73,15.18,15.31,29506469
2023-05-22 00:00:00+05:30,15.36,15.5,15.27,15.4,21676174
2023-05-23 00:00:00+05:30,15.4,15.82,15.4,15.54,28179319
2023-05-24 00:00:00+05:30,15.63,15.63,15.27,15.36,17688119
2023-05-25 00:00:00+05:30,15.4,15.5,15.27,15.4,16007667
2023-05-26 00:00:00+05:30,15.4,15.68,15.4,15.59,12948315
2023-05-29 00:00:00+05:30,15.82,15.91,15.59,15.77,26464458
2023-05-30 00:00:00+05:30,15.82,15.86,15.63,15.73,11720630
2023-05-31 00:00:00+05:30,15.63,16.05,15.54,15.86,20726423
2023-06-01 00:00:00+05:30,16.14,17.57,16.09,17.38,131737655
2023-06-02 00:00:00+05:30,17.47,18.03,17.38,17.52,87913680
2023-06-05 00:00:00+05:30,17.57,17.61,17.15,17.29,24524568
2023-06-06 00:00:00+05:30,17.24,17.29,17.06,17.15,16058843
2023-06-07 00:00:00+05:30,17.15,17.43,16.83,16.97,22573368
2023-06-08 00:00:00+05:30,16.97,17.2,16.74,16.83,18578286
2023-06-09 00:00:00+05:30,16.83,16.88,16.46,16.6,24699456
2023-06-12 00:00:00+05:30,16.65,17.29,16.28,17.15,34048279
2023-06-13 00:00:00+05:30,17.34,17.43,16.65,16.69,24828605
2023-06-14 00:00:00+05:30,16.83,17.01,16.65,16.69,14343376
2023-06-15 00:00:00+05:30,16.78,16.88,16.46,16.51,15190486
2023-06-16 00:00:00+05:30,16.6,16.78,16.42,16.51,28097028
2023-06-19 00:00:00+05:30,16.65,17.01,16.55,16.65,18700622
2023-06-20 00:00:00+05:30,16.65,16.74,16.32,16.69,24867630
2023-06-21 00:00:00+05:30,16.74,17.2,16.74,16.78,34315817
2023-06-22 00:00:00+05:30,16.78,16.92,16.51,16.65,15645243
2023-06-23 00:00:00+05:30,16.69,16.74,16.37,16.51,11557156
2023-06-26 00:00:00+05:30,16.51,16.6,16.28,16.46,15689322
2023-06-27 00:00:00+05:30,16.55,16.65,16.37,16.46,12364580
2023-06-28 00:00:00+05:30,16.55,16.6,16.32,16.37,16193922
2023-06-30 00:00:00+05:30,16.46,17.93,16.46,17.75,138529867
2023-07-03 00:00:00+05:30,17.93,19.04,17.93,18.85,170947240
2023-07-04 00:00:00+05:30,18.95,19.13,17.98,18.12,74550166
2023-07-05 00:00:00+05:30,18.3,18.85,17.98,18.72,58730912
2023-07-06 00:00:00+05:30,18.72,19.08,18.53,18.72,41470145
2023-07-07 00:00:00+05:30,18.81,20.1,18.62,19.96,138113669
2023-07-10 00:00:00+05:30,20.19,20.19,19.45,19.64,63490226
2023-07-11 00:00:00+05:30,19.64,19.91,19.41,19.5,29285104
2023-07-12 00:00:00+05:30,19.59,21.47,19.59,21.06,156259915
2023-07-13 00:00:00+05:30,21.2,21.8,20.1,20.56,106152882
2023-07-14 00:00:00+05:30,20.69,20.74,19.91,20.65,36954944
2023-07-17 00:00:00+05:30,20.74,20.88,20.1,20.42,43460016
2023-07-18 00:00:00+05:30,20.56,21.06,20.28,20.92,58857089
2023-07-19 00:00:00+05:30,21.02,21.2,20.51,20.97,89302217
2023-07-20 00:00:00+05:30,21.06,21.7,19.13,20.1,120144415
2023-07-21 00:00:00+05:30,19.22,19.54,18.67,18.95,112124629
2023-07-24 00:00:00+05:30,19.08,19.27,18.67,18.95,42014572
2023-07-25 00:00:00+05:30,19.08,19.18,18.44,18.58,24666797
2023-07-26 00:00:00+05:30,18.72,18.76,18.07,18.53,41983196
2023-07-27 00:00:00+05:30,18.67,18.72,18.21,18.39,26011885
2023-07-28 00:00:00+05:30,18.44,18.53,18.12,18.21,20632625
2023-07-31 00:00:00+05:30,18.3,18.35,17.93,17.98,29362557
2023-08-01 00:00:00+05:30,18.12,18.67,18.07,18.58,38671237
2023-08-02 00:00:00+05:30,18.62,18.62,17.98,18.26,30017240
2023-08-03 00:00:00+05:30,18.26,18.35,17.93,18.07,24825041
2023-08-04 00:00:00+05:30,18.16,18.72,17.98,18.03,47258790
2023-08-07 00:00:00+05:30,18.16,18.3,17.98,18.12,15922970
2023-08-08 00:00:00+05:30,18.21,18.81,18.12,18.67,41590874
2023-08-09 00:00:00+05:30,18.81,18.81,18.3,18.62,25899569
2023-08-10 00:00:00+05:30,18.62,19.08,18.53,18.76,38030090
2023-08-11 00:00:00+05:30,18.85,19.77,18.62,19.36,73749913
2023-08-14 00:00:00+05:30,19.41,19.59,18.62,19.5,57429234
2023-08-16 00:00:00+05:30,19.31,19.91,19.13,19.45,40964487
2023-08-17 00:00:00+05:30,19.41,19.91,19.18,19.41,44280415
2023-08-18 00:00:00+05:30,20.65,21.57,20.28,20.6,230120760
2023-08-21 00:00:00+05:30,20.79,20.92,20.33,20.56,52513451
2023-08-22 00:00:00+05:30,20.6,21.93,20.51,21.66,131303600
2023-08-23 00:00:00+05:30,21.84,22.99,21.38,22.67,146618305
2023-08-24 00:00:00+05:30,22.95,23.31,21.84,22.07,93874449
2023-08-25 00:00:00+05:30,21.98,22.49,21.34,21.47,61230884
2023-08-28 00:00:00+05:30,21.66,21.84,21.11,21.25,33587957
2023-08-29 00:00:00+05:30,21.38,21.52,21.06,21.43,31394059
2023-08-30 00:00:00+05:30,21.47,21.8,21.25,21.34,30654524
2023-08-31 00:00:00+05:30,21.52,21.57,21.02,21.38,25215556
2023-09-01 00:00:00+05:30,21.47,21.52,21.02,21.38,34349398
2023-09-04 00:00:00+05:30,21.52,22.62,21.34,22.26,75324929
2023-09-05 00:00:00+05:30,22.35,22.58,21.8,22.07,40629582
2023-09-06 00:00:00+05:30,22.21,22.21,21.84,21.93,24700388
2023-09-07 00:00:00+05:30,22.03,22.3,21.84,22.16,27109253
2023-09-08 00:00:00+05:30,22.26,22.44,21.98,22.03,37308479
2023-09-11 00:00:00+05:30,22.16,22.53,22.03,22.21,41633987
2023-09-12 00:00:00+05:30,22.35,22.39,20.74,21.02,59501574
2023-09-13 00:00:00+05:30,21.15,21.7,20.46,21.61,53664976
2023-09-14 00:00:00+05:30,21.8,22.16,21.43,22.03,44148179
2023-09-15 00:00:00+05:30,22.16,22.99,21.93,22.62,100266401
2023-09-18 00:00:00+05:30,22.76,24.37,22.62,23.5,164319764
2023-09-20 00:00:00+05:30,23.18,24.56,22.99,23.73,92714758
2023-09-21 00:00:00+05:30,23.64,24.92,23.5,23.64,152677060
2023-09-22 00:00:00+05:30,23.87,24.83,23.45,24.65,115908876
2023-09-25 00:00:00+05:30,24.83,25.29,23.96,24.1,83636654
2023-09-26 00:00:00+05:30,24.28,24.46,23.59,23.96,42750826
2023-09-27 00:00:00+05:30,24.1,24.92,23.96,24.51,77861222
2023-09-28 00:00:00+05:30,24.69,25.06,24.14,24.28,67683351
2023-09-29 00:00:00+05:30,24.46,25.2,24.33,24.97,61499456
2023-10-03 00:00:00+05:30,25.11,25.29,24.65,24.88,54898123
2023-10-04 00:00:00+05:30,24.79,25.38,24.1,24.33,88823028
2023-10-05 00:00:00+05:30,24.46,24.6,23.64,24.33,44840312
2023-10-06 00:00:00+05:30,24.46,24.69,24.05,24.56,42967544
2023-10-09 00:00:00+05:30,23.91,24.1,23.5,23.68,47112921
2023-10-10 00:00:00+05:30,23.91,24.28,23.82,24.19,27380641
2023-10-11 00:00:00+05:30,24.33,24.6,23.96,24.37,31454976
2023-10-12 00:00:00+05:30,24.46,24.6,24.05,24.33,27989944
2023-10-13 00:00:00+05:30,24.23,24.42,24.05,24.1,17680014
2023-10-16 00:00:00+05:30,24.28,24.51,24.05,24.33,25751248
2023-10-17 00:00:00+05:30,24.51,24.92,24.1,24.28,27206027
2023-10-18 00:00:00+05:30,24.42,24.46,23.64,23.91,31801125
2023-10-19 00:00:00+05:30,23.91,24.37,23.45,24.1,53882824
2023-10-20 00:00:00+05:30,24.23,24.74,23.68,23.91,57503417
2023-10-23 00:00:00+05:30,24.0,24.1,21.89,22.21,50501973
2023-10-25 00:00:00+05:30,22.3,23.13,21.66,22.26,46843234
2023-10-26 00:00:00+05:30,21.66,22.12,21.2,21.84,48002738
2023-10-27 00:00:00+05:30,22.07,22.95,22.07,22.3,39037351
2023-10-30 00:00:00+05:30,22.35,22.67,21.84,22.3,28652063
2023-10-31 00:00:00+05:30,22.62,22.72,22.12,22.3,26509843
2023-11-01 00:00:00+05:30,22.3,22.44,21.98,22.21,25867404
2023-11-02 00:00:00+05:30,22.49,22.72,22.3,22.53,22682472
2023-11-03 00:00:00+05:30,22.72,23.31,22.67,23.04,28817316
2023-11-06 00:00:00+05:30,23.27,23.45,21.25,22.62,27409416
2023-11-07 00:00:00+05:30,22.81,23.04,22.49,22.76,29985545
2023-11-08 00:00:00+05:30,22.9,23.18,22.58,22.72,22406337
2023-11-09 00:00:00+05:30,22.81,22.81,22.35,22.49,15002065
2023-11-10 00:00:00+05:30,22.49,22.62,22.26,22.53,13516591
2023-11-12 00:00:00+05:30,22.76,22.85,22.67,22.76,4302215
2023-11-13 00:00:00+05:30,22.81,23.64,22.53,23.45,40285563
2023-11-15 00:00:00+05:30,23.68,24.05,23.36,23.45,33459945
2023-11-16 00:00:00+05:30,23.54,23.54,23.22,23.41,19292612
2023-11-17 00:00:00+05:30,23.08,23.27,22.76,22.95,23381955
2023-11-20 00:00:00+05:30,22.9,23.08,22.81,22.9,15240427
2023-11-21 00:00:00+05:30,22.99,23.13,22.62,22.76,15569555
2023-11-22 00:00:00+05:30,22.76,22.81,22.3,22.62,17213349
2023-11-23 00:00:00+05:30,22.62,22.76,22.39,22.49,11657454
2023-11-24 00:00:00+05:30,22.49,22.76,22.35,22.49,13605784
2023-11-28 00:00:00+05:30,22.62,22.67,22.26,22.39,15990349
2023-11-29 00:00:00+05:30,22.53,22.67,22.39,22.58,14086655
2023-11-30 00:00:00+05:30,22.49,22.9,22.35,22.76,25248069
2023-12-01 00:00:00+05:30,22.85,23.31,22.62,22.95,31255794
2023-12-04 00:00:00+05:30,23.45,23.59,23.08,23.41,33407480
2023-12-05 00:00:00+05:30,23.54,23.96,23.36,23.64,42003702
2023-12-06 00:00:00+05:30,23.73,23.82,22.99,23.08,30217927
2023-12-07 00:00:00+05:30,23.18,23.27,22.81,22.9,22945379
2023-12-08 00:00:00+05:30,23.04,23.27,22.85,22.95,20038246
2023-12-11 00:00:00+05:30,23.04,23.64,22.99,23.54,32187274
2023-12-12 00:00:00+05:30,23.68,25.66,23.64,24.74,152224601
2023-12-13 00:00:00+05:30,24.97,25.66,24.83,25.02,71478094
2023-12-14 00:00:00+05:30,25.2,25.29,24.69,24.97,40435111
2023-12-15 00:00:00+05:30,25.02,25.11,24.83,24.88,28061206
2023-12-18 00:00:00+05:30,25.02,26.21,24.69,25.57,73173009
2023-12-19 00:00:00+05:30,25.75,25.98,25.15,25.43,33543928
2023-12-20 00:00:00+05:30,25.57,25.8,23.5,23.82,46321781
2023-12-21 00:00:00+05:30,23.64,24.83,22.85,24.74,37495351
2023-12-22 00:00:00+05:30,24.79,25.02,24.23,24.51,26363455
2023-12-26 00:00:00+05:30,24.6,24.6,23.91,24.0,27392037
2023-12-27 00:00:00+05:30,24.33,24.83,24.19,24.51,29892739
2023-12-28 00:00:00+05:30,24.92,25.25,24.46,24.56,36735408
2023-12-29 00:00:00+05:30,24.65,24.74,24.37,24.56,17923311
2024-01-01 00:00:00+05:30,24.56,24.88,24.46,24.69,17582604
2024-01-02 00:00:00+05:30,25.06,25.29,24.6,24.88,43277035
2024-01-03 00:00:00+05:30,24.97,25.15,24.69,24.79,24545267
2024-01-04 00:00:00+05:30,24.88,25.02,24.74,24.79,15700392
2024-01-05 00:00:00+05:30,24.97,25.2,24.65,24.92,19233903
2024-01-08 00:00:00+05:30,24.97,25.02,24.46,24.56,58628607
2024-01-09 00:00:00+05:30,24.69,24.83,24.46,24.6,13662855
2024-01-10 00:00:00+05:30,24.6,24.6,24.0,24.19,22058206
2024-01-11 00:00:00+05:30,24.33,24.51,24.14,24.37,16485717
2024-01-12 00:00:00+05:30,24.42,25.43,24.33,25.02,59564874
2024-01-15 00:00:00+05:30,25.34,26.17,25.25,25.61,55713898
2024-01-16 00:00:00+05:30,26.07,27.5,25.71,27.27,157151363
2024-01-17 00:00:00+05:30,26.67,26.95,25.89,26.12,74659085
2024-01-18 00:00:00+05:30,26.03,29.38,24.97,28.28,301781362
2024-01-19 00:00:00+05:30,28.83,29.25,28.14,28.28,97938314
2024-01-20 00:00:00+05:30,28.42,28.69,27.82,28.28,45381022
2024-01-23 00:00:00+05:30,28.74,29.66,27.96,28.28,102548062
2024-01-24 00:00:00+05:30,28.51,32.47,28.37,31.96,228650257
2024-01-25 00:00:00+05:30,32.14,32.19,30.53,31.04,106398967
2024-01-29 00:00:00+05:30,31.27,31.87,30.53,31.04,68387755
2024-01-30 00:00:00+05:30,31.27,31.91,30.99,31.22,57480257
2024-01-31 00:00:00+05:30,31.41,33.02,31.04,31.91,127898229
2024-02-01 00:00:00+05:30,32.1,34.95,31.68,34.4,147969434
2024-02-02 00:00:00+05:30,34.95,36.93,34.72,35.59,152519347
2024-02-05 00:00:00+05:30,35.59,36.6,34.03,34.44,68178358
2024-02-06 00:00:00+05:30,34.63,35.64,33.8,33.98,42473373
2024-02-07 00:00:00+05:30,34.21,34.76,33.89,33.98,35429515
2024-02-08 00:00:00+05:30,34.3,36.51,33.94,34.03,65160053
2024-02-09 00:00:00+05:30,34.26,34.44,32.19,32.7,42188498
2024-02-12 00:00:00+05:30,32.88,32.97,29.57,30.26,30860074
2024-02-13 00:00:00+05:30,30.63,31.22,28.97,30.86,31213775
2024-02-14 00:00:00+05:30,30.49,31.64,29.98,31.27,27386698
2024-02-15 00:00:00+05:30,31.5,31.91,30.63,31.73,42887835
2024-02-16 00:00:00+05:30,32.14,32.65,31.41,31.73,26862762
2024-02-19 00:00:00+05:30,31.91,32.14,30.76,30.9,22227442
2024-02-20 00:00:00+05:30,31.04,31.45,30.63,30.76,19224945
2024-02-21 00:00:00+05:30,30.95,31.36,29.57,29.94,24839253
2024-02-22 00:00:00+05:30,30.72,33.02,30.4,32.83,72663723
2024-02-23 00:00:00+05:30,33.48,34.12,32.93,33.39,55393627
2024-02-26 00:00:00+05:30,33.84,34.3,32.93,34.12,71668349
2024-02-27 00:00:00+05:30,33.4,33.7,32.15,32.7,84684854
2024-02-28 00:00:00+05:30,32.6,32.7,30.85,31.25,51692862
2024-02-29 00:00:00+05:30,31.25,32.9,30.6,32.35,35173906
2024-03-01 00:00:00+05:30,32.85,32.9,32.15,32.3,15636943
2024-03-02 00:00:00+05:30,32.45,32.6,32.05,32.15,2481563
2024-03-04 00:00:00+05:30,32.2,32.3,31.25,31.4,16438617
2024-03-05 00:00:00+05:30,31.3,32.4,30.75,32.1,36496051
2024-03-06 00:00:00+05:30,31.0,31.15,30.0,30.25,46477257
2024-03-07 00:00:00+05:30,30.25,30.6,29.6,29.8,28999458
2024-03-11 00:00:00+05:30,30.0,30.1,28.2,28.45,32603251
2024-03-12 00:00:00+05:30,28.45,28.7,27.5,27.7,43545117
2024-03-13 00:00:00+05:30,27.85,28.45,26.05,26.25,52546112
2024-03-14 00:00:00+05:30,26.0,27.8,25.25,27.25,62263075
2024-03-15 00:00:00+05:30,27.35,30.75,26.4,29.75,63367924
2024-03-18 00:00:00+05:30,30.45,30.65,28.85,29.05,37256170
2024-03-19 00:00:00+05:30,29.0,29.15,28.05,28.15,24059228
2024-03-20 00:00:00+05:30,28.3,28.5,27.55,27.75,24110207
2024-03-21 00:00:00+05:30,28.25,28.8,28.1,28.25,18916227
2024-03-22 00:00:00+05:30,28.25,29.4,28.0,28.95,26150382
2024-03-26 00:00:00+05:30,28.75,29.0,28.3,28.4,16828853
2024-03-27 00:00:00+05:30,28.5,28.55,27.6,27.75,21033799
2024-03-28 00:00:00+05:30,27.3,28.1,26.9,27.25,47401730
2024-04-01 00:00:00+05:30,27.8,29.45,27.75,29.3,45663526
2024-04-02 00:00:00+05:30,27.45,28.5,27.25,28.2,82228094
2024-04-03 00:00:00+05:30,28.2,29.3,28.0,29.1,64180273
2024-04-04 00:00:00+05:30,29.35,29.7,28.95,29.5,57789668
2024-04-05 00:00:00+05:30,29.5,29.95,29.25,29.45,38505684
2024-04-08 00:00:00+05:30,29.7,29.7,28.45,28.55,37393909
2024-04-09 00:00:00+05:30,29.2,29.55,28.7,28.9,45913167
2024-04-10 00:00:00+05:30,29.15,29.15,28.65,28.8,20863122
2024-04-12 00:00:00+05:30,28.8,29.0,28.25,28.35,30053563
2024-04-15 00:00:00+05:30,27.5,27.95,26.9,27.75,31542437
2024-04-16 00:00:00+05:30,27.35,27.95,27.2,27.55,18325816
2024-04-18 00:00:00+05:30,27.7,28.15,27.5,27.6,29158796
2024-04-19 00:00:00+05:30,27.0,27.9,26.9,27.4,26696838
2024-04-22 00:00:00+05:30,28.45,29.05,27.95,28.9,41539344
2024-04-23 00:00:00+05:30,29.2,29.3,28.65,28.8,29212389
2024-04-24 00:00:00+05:30,29.0,29.7,28.8,29.1,43687083
2024-04-25 00:00:00+05:30,29.1,30.5,29.0,30.4,63808471
2024-04-26 00:00:00+05:30,30.65,30.8,30.1,30.45,55306075
2024-04-29 00:00:00+05:30,31.05,31.45,30.6,31.05,55199913
2024-04-30 00:00:00+05:30,31.4,31.8,30.6,30.75,49743458
2024-05-02 00:00:00+05:30,30.95,31.15,28.65,29.2,85636336
2024-05-03 00:00:00+05:30,29.2,29.25,28.35,28.8,54088138
2024-05-06 00:00:00+05:30,29.2,29.2,27.9,28.05,37998689
2024-05-07 00:00:00+05:30,28.2,28.4,27.45,27.65,35366645
2024-05-08 00:00:00+05:30,27.55,28.0,27.4,27.7,24985419
2024-05-09 00:00:00+05:30,27.95,27.95,27.05,27.15,24975079
2024-05-10 00:00:00+05:30,27.2,27.5,26.55,27.25,24962493
2024-05-13 00:00:00+05:30,27.45,27.45,26.4,27.05,26844635
2024-05-14 00:00:00+05:30,27.15,28.0,27.1,27.85,18070537
2024-05-15 00:00:00+05:30,27.95,28.2,27.55,27.65,15729240
2024-05-16 00:00:00+05:30,27.85,28.0,27.5,27.65,15506172
2024-05-17 00:00:00+05:30,27.8,27.95,27.5,27.9,13575721
2024-05-18 00:00:00+05:30,27.9,28.1,27.9,27.95,2930426
2024-05-21 00:00:00+05:30,28.05,28.55,27.75,28.25,21696839
2024-05-22 00:00:00+05:30,28.4,28.5,27.85,28.1,13981802
2024-05-23 00:00:00+05:30,28.1,28.35,27.85,27.95,18732747
2024-05-24 00:00:00+05:30,27.95,28.05,27.5,27.65,16665399
2024-05-27 00:00:00+05:30,27.75,28.2,27.4,27.75,25762877
2024-05-28 00:00:00+05:30,27.75,28.0,27.3,27.45,21743521
2024-05-29 00:00:00+05:30,27.45,27.55,27.0,27.05,18977810
2024-05-30 00:00:00+05:30,27.0,27.2,26.5,26.55,18489333
2024-05-31 00:00:00+05:30,26.75,27.15,26.35,26.95,17595609
2024-06-03 00:00:00+05:30,27.9,28.25,27.4,27.75,32058956
2024-06-04 00:00:00+05:30,27.75,27.9,24.3,25.3,64439836
2024-06-05 00:00:00+05:30,25.75,26.65,25.25,26.55,27464354
2024-06-06 00:00:00+05:30,26.95,27.4,26.85,27.2,20831502
2024-06-07 00:00:00+05:30,27.25,27.7,27.05,27.6,15949505
2024-06-10 00:00:00+05:30,27.75,27.85,27.36,27.55,18299464
2024-06-11 00:00:00+05:30,27.59,27.6,27.1,27.25,16644872
2024-06-12 00:00:00+05:30,27.25,28.0,27.12,27.42,34748533
2024-06-13 00:00:00+05:30,27.8,28.15,27.61,27.84,25906206
2024-06-14 00:00:00+05:30,27.95,27.95,27.62,27.71,15382743
2024-06-18 00:00:00+05:30,27.9,27.94,27.59,27.7,15753328
2024-06-19 00:00:00+05:30,27.7,28.68,27.6,27.92,45619371
2024-06-20 00:00:00+05:30,28.08,28.82,27.95,28.52,50716755
2024-06-21 00:00:00+05:30,28.75,28.85,27.57,27.75,33693761
2024-06-24 00:00:00+05:30,27.87,27.88,27.29,27.57,20434899
2024-06-25 00:00:00+05:30,27.65,27.75,27.3,27.43,13776390
2024-06-26 00:00:00+05:30,27.45,27.55,27.2,27.26,13553591
2024-06-27 00:00:00+05:30,27.26,27.34,26.9,27.0,16497979
2024-06-28 00:00:00+05:30,27.15,27.39,26.9,26.94,14502285
2024-07-01 00:00:00+05:30,27.0,27.22,26.9,27.05,11743893
2024-07-02 00:00:00+05:30,27.3,27.47,26.41,26.58,32278984
2024-07-03 00:00:00+05:30,26.9,26.97,26.62,26.77,13514360
2024-07-04 00:00:00+05:30,27.0,27.05,26.66,26.79,14061989
2024-07-05 00:00:00+05:30,26.86,27.33,26.6,27.07,24398521
2024-07-08 00:00:00+05:30,27.07,27.27,26.54,26.62,18635503
2024-07-09 00:00:00+05:30,26.79,27.39,26.52,26.69,25484858
2024-07-10 00:00:00+05:30,26.93,26.94,26.1,26.31,21578098
2024-07-11 00:00:00+05:30,26.5,26.77,26.31,26.61,17506049
2024-07-12 00:00:00+05:30,26.68,26.8,26.33,26.46,13764119
2024-07-15 00:00:00+05:30,26.45,26.77,26.03,26.56,29710695
2024-07-16 00:00:00+05:30,26.79,27.09,26.55,26.81,21245490
2024-07-18 00:00:00+05:30,27.0,27.15,26.43,26.51,22701521
2024-07-19 00:00:00+05:30,27.75,28.19,27.0,27.21,105016909
2024-07-22 00:00:00+05:30,27.24,27.24,26.81,26.93,17810936
2024-07-23 00:00:00+05:30,26.96,27.04,25.9,26.68,24314102
2024-07-24 00:00:00+05:30,26.89,27.38,26.71,27.19,21134986
2024-07-25 00:00:00+05:30,27.0,27.05,26.66,26.74,16522662
2024-07-26 00:00:00+05:30,26.79,27.15,26.65,26.9,14038758
2024-07-29 00:00:00+05:30,27.15,27.78,27.07,27.14,26930093
2024-07-30 00:00:00+05:30,27.3,27.66,27.15,27.18,30780153
2024-07-31 00:00:00+05:30,27.4,27.47,26.71,26.76,23128878
2024-08-01 00:00:00+05:30,26.96,26.97,26.51,26.54,16332325
2024-08-02 00:00:00+05:30,26.48,26.48,26.13,26.33,17854887
2024-08-05 00:00:00+05:30,25.85,25.85,25.0,25.12,33269372
2024-08-06 00:00:00+05:30,25.65,25.84,25.0,25.02,18739636
2024-08-07 00:00:00+05:30,25.4,25.43,24.86,25.06,17973650
2024-08-08 00:00:00+05:30,25.11,25.16,24.84,24.93,15908411
2024-08-09 00:00:00+05:30,25.12,25.17,24.9,24.99,14403903
2024-08-12 00:00:00+05:30,24.98,25.0,24.68,24.84,13370888
2024-08-13 00:00:00+05:30,24.9,24.95,24.5,24.53,13824675
2024-08-14 00:00:00+05:30,24.65,24.65,24.01,24.07,13830312
2024-08-16 00:00:00+05:30,24.25,25.12,24.14,24.98,14117662
2024-08-19 00:00:00+05:30,25.23,25.7,25.2,25.63,16043280
2024-08-20 00:00:00+05:30,25.6,25.63,25.3,25.51,11929681
2024-08-21 00:00:00+05:30,25.51,26.15,25.48,25.97,14551080
2024-08-22 00:00:00+05:30,26.25,26.99,26.07,26.9,24200641
2024-08-23 00:00:00+05:30,27.0,27.04,26.25,26.33,12861133
2024-08-26 00:00:00+05:30,26.45,26.59,25.54,25.65,14922346
2024-08-27 00:00:00+05:30,25.65,25.78,25.5,25.67,8428067
2024-08-28 00:00:00+05:30,25.67,25.85,25.6,25.66,7707127
2024-08-29 00:00:00+05:30,25.74,25.78,25.5,25.61,10057140
2024-08-30 00:00:00+05:30,25.66,25.84,25.55,25.63,8086137
2024-09-02 00:00:00+05:30,25.69,25.7,25.32,25.4,8584555
2024-09-03 00:00:00+05:30,25.65,25.65,25.18,25.47,9875152
2024-09-04 00:00:00+05:30,25.38,25.62,25.26,25.34,8306348
2024-09-05 00:00:00+05:30,25.41,25.53,25.25,25.3,7580778
2024-09-06 00:00:00+05:30,25.3,25.33,24.9,25.0,9384350
2024-09-09 00:00:00+05:30,25.0,25.02,24.53,24.75,8941435
2024-09-10 00:00:00+05:30,24.79,25.11,24.71,24.86,8955367
2024-09-11 00:00:00+05:30,24.86,25.04,24.75,24.84,8942860
2024-09-12 00:00:00+05:30,24.93,25.0,24.63,24.89,7132799
2024-09-13 00:00:00+05:30,24.95,25.59,24.92,25.33,14558541
2024-09-16 00:00:00+05:30,25.33,25.44,25.08,25.13,8860883
2024-09-17 00:00:00+05:30,25.13,25.18,24.91,25.02,8177297
2024-09-18 00:00:00+05:30,24.95,25.11,24.8,24.9,6806658
2024-09-19 00:00:00+05:30,25.0,25.19,24.42,24.61,11729048
2024-09-20 00:00:00+05:30,24.61,24.84,24.49,24.55,11567012
2024-09-23 00:00:00+05:30,24.64,25.39,24.5,25.25,18276796
2024-09-24 00:00:00+05:30,25.3,25.45,24.91,24.95,10091810
2024-09-25 00:00:00+05:30,24.95,24.98,24.75,24.85,7168773
2024-09-26 00:00:00+05:30,24.89,25.35,24.72,24.8,10117713
2024-09-27 00:00:00+05:30,24.84,25.0,24.7,24.76,9332598
2024-09-30 00:00:00+05:30,24.84,24.85,24.5,24.64,8675625
2024-10-01 00:00:00+05:30,24.6,24.8,24.5,24.53,8553986
2024-10-03 00:00:00+05:30,24.6,24.7,24.22,24.34,13328511
2024-10-04 00:00:00+05:30,24.4,24.41,23.83,24.03,11391795
2024-10-07 00:00:00+05:30,24.09,24.2,23.05,23.21,14915604
2024-10-08 00:00:00+05:30,23.2,24.03,23.0,23.86,12266122
2024-10-09 00:00:00+05:30,24.0,24.18,23.9,23.94,6445392
2024-10-10 00:00:00+05:30,23.98,24.14,23.46,23.57,12432694
2024-10-11 00:00:00+05:30,23.57,23.93,23.5,23.86,7357318
2024-10-14 00:00:00+05:30,23.96,24.08,23.79,23.93,7753594
2024-10-15 00:00:00+05:30,23.94,24.14,23.87,23.95,5852538
2024-10-16 00:00:00+05:30,24.09,25.67,23.97,25.52,51397303
2024-10-17 00:00:00+05:30,25.95,26.29,25.09,25.19,43561940
2024-10-18 00:00:00+05:30,25.26,25.26,24.61,25.0,17460277
2024-10-21 00:00:00+05:30,25.0,25.1,24.46,24.92,17115149
2024-10-22 00:00:00+05:30,24.92,24.94,23.6,23.71,17255357
2024-10-23 00:00:00+05:30,23.72,23.99,22.92,23.72,14309627
2024-10-24 00:00:00+05:30,23.65,24.03,23.55,23.69,7951983
2024-10-25 00:00:00+05:30,23.69,23.74,22.41,22.51,28029868
2024-10-28 00:00:00+05:30,22.54,24.0,22.46,23.86,18418150
2024-10-29 00:00:00+05:30,24.0,24.5,23.59,24.21,12942140
2024-10-30 00:00:00+05:30,24.2,25.07,24.1,24.92,13782057
2024-10-31 00:00:00+05:30,24.92,25.1,24.43,24.5,10312793
2024-11-01 00:00:00+05:30,24.89,24.95,24.73,24.83,2006167
2024-11-04 00:00:00+05:30,24.68,24.77,24.0,24.2,11581232
2024-11-05 00:00:00+05:30,24.2,24.35,23.96,24.08,13508201
2024-11-06 00:00:00+05:30,24.23,24.4,24.04,24.33,8204213
2024-11-07 00:00:00+05:30,24.4,24.66,24.26,24.39,10285463
2024-11-08 00:00:00+05:30,24.39,24.4,23.91,23.99,7883581
2024-11-11 00:00:00+05:30,23.99,24.12,23.57,23.79,8003466
2024-11-12 00:00:00+05:30,23.85,23.99,23.2,23.31,6370436
2024-11-13 00:00:00+05:30,23.07,23.42,22.5,22.63,13027858
2024-11-14 00:00:00+05:30,22.75,22.99,22.4,22.44,13619916
2024-11-18 00:00:00+05:30,22.69,22.94,22.27,22.8,9562348
2024-11-19 00:00:00+05:30,22.8,23.27,22.77,22.93,9094207
2024-11-21 00:00:00+05:30,22.97,22.97,22.28,22.44,11776581
2024-11-22 00:00:00+05:30,22.5,22.78,22.39,22.43,11966737
2024-11-25 00:00:00+05:30,23.0,23.22,22.75,22.83,12252968
2024-11-26 00:00:00+05:30,22.92,23.22,22.85,23.12,8470693
2024-11-27 00:00:00+05:30,23.2,23.5,22.92,23.43,7252163
2024-11-28 00:00:00+05:30,23.6,24.1,23.36,24.03,13202977
2024-11-29 00:00:00+05:30,24.0,24.37,23.83,24.27,14660113
2024-12-02 00:00:00+05:30,24.0,24.14,23.83,23.86,9618610
2024-12-03 00:00:00+05:30,23.87,24.54,23.86,24.38,21959091
2024-12-04 00:00:00+05:30,24.63,25.52,24.36,25.41,30673970
2024-12-05 00:00:00+05:30,25.7,26.0,25.12,25.66,27025562
2024-12-06 00:00:00+05:30,25.75,26.78,25.46,26.3,40616312
2024-12-09 00:00:00+05:30,26.35,26.59,26.17,26.27,14557107
2024-12-10 00:00:00+05:30,26.27,26.36,25.86,26.01,17151324
2024-12-11 00:00:00+05:30,26.0,26.28,25.91,26.09,9503667
2024-12-12 00:00:00+05:30,26.09,26.19,25.51,25.93,11536410
2024-12-13 00:00:00+05:30,25.85,26.07,25.33,25.98,11848538
2024-12-16 00:00:00+05:30,26.0,26.27,25.73,25.84,9731374
2024-12-17 00:00:00+05:30,25.84,25.84,25.5,25.52,7210977
2024-12-18 00:00:00+05:30,25.52,25.58,25.14,25.47,11880978
2024-12-19 00:00:00+05:30,24.89,25.36,24.75,25.22,14477513
2024-12-20 00:00:00+05:30,25.21,25.55,24.84,25.01,15845615
2024-12-23 00:00:00+05:30,24.97,25.09,24.7,24.99,10971247
2024-12-24 00:00:00+05:30,24.8,24.97,24.7,24.81,5877593
2024-12-26 00:00:00+05:30,24.8,25.12,24.01,24.93,6402320
2024-12-27 00:00:00+05:30,24.9,25.08,24.82,24.97,5539220
2024-12-30 00:00:00+05:30,24.82,25.05,24.65,24.81,9252785
2024-12-31 00:00:00+05:30,24.73,25.08,24.64,25.02,6649555
2025-01-01 00:00:00+05:30,25.0,25.2,24.92,25.15,4964334
2025-01-02 00:00:00+05:30,25.27,26.2,25.25,25.95,27241722
2025-01-03 00:00:00+05:30,25.98,27.08,25.95,26.96,34667612
2025-01-06 00:00:00+05:30,27.15,27.25,25.24,25.78,33688538
2025-01-07 00:00:00+05:30,25.78,26.1,25.42,25.52,11023977
2025-01-08 00:00:00+05:30,25.65,26.13,25.36,25.93,16442247
2025-01-09 00:00:00+05:30,25.93,26.13,25.43,25.95,13030579
2025-01-10 00:00:00+05:30,25.65,25.88,25.07,25.52,20296932
2025-01-13 00:00:00+05:30,25.0,25.65,24.99,25.5,20150924
2025-01-14 00:00:00+05:30,25.5,25.75,25.12,25.55,13231677
2025-01-15 00:00:00+05:30,25.54,26.35,25.46,26.03,13710617
2025-01-16 00:00:00+05:30,26.3,27.0,26.12,26.68,16058783
2025-01-17 00:00:00+05:30,26.67,26.77,26.37,26.65,10768266
2025-01-20 00:00:00+05:30,26.66,27.1,26.58,27.01,14191077
2025-01-21 00:00:00+05:30,27.06,27.25,25.47,25.8,25706235
2025-01-22 00:00:00+05:30,26.0,27.0,25.76,26.79,43695022
2025-01-23 00:00:00+05:30,26.78,26.78,25.8,25.9,13645934
2025-01-24 00:00:00+05:30,26.01,26.43,25.71,25.84,15747613
2025-01-27 00:00:00+05:30,25.78,25.78,24.38,24.55,17266627
2025-01-28 00:00:00+05:30,24.9,26.73,23.9,26.11,29858170
2025-01-29 00:00:00+05:30,25.83,26.84,25.76,26.6,21655387
2025-01-30 00:00:00+05:30,26.56,26.62,25.79,25.88,9722617
2025-01-31 00:00:00+05:30,25.76,26.12,25.66,25.88,11195955
2025-02-01 00:00:00+05:30,25.98,26.1,25.25,25.58,8133941
2025-02-03 00:00:00+05:30,25.25,25.6,25.2,25.27,5908392
2025-02-04 00:00:00+05:30,25.5,25.93,25.5,25.74,10509639
2025-02-05 00:00:00+05:30,25.74,26.19,25.62,25.68,10850229
2025-02-06 00:00:00+05:30,25.79,26.87,25.58,26.35,19959256
2025-02-07 00:00:00+05:30,26.25,26.36,25.6,25.68,11027829
2025-02-10 00:00:00+05:30,25.75,25.8,25.06,25.19,7064939
2025-02-11 00:00:00+05:30,25.29,25.3,24.4,24.46,7669489
2025-02-12 00:00:00+05:30,24.52,25.35,23.86,25.2,16948178
2025-02-13 00:00:00+05:30,25.16,25.47,24.76,24.93,7427637
2025-02-14 00:00:00+05:30,24.93,25.13,24.02,24.12,9582697
2025-02-17 00:00:00+05:30,24.0,24.33,23.61,24.0,9859532
2025-02-18 00:00:00+05:30,24.03,24.15,23.65,23.91,9906830
2025-02-19 00:00:00+05:30,23.9,24.33,23.75,24.18,6520696
2025-02-20 00:00:00+05:30,24.01,24.35,23.9,24.27,7141296
2025-02-21 00:00:00+05:30,24.27,24.64,24.0,24.04,8432080
2025-02-24 00:00:00+05:30,24.04,24.22,23.81,23.86,8097924
2025-02-25 00:00:00+05:30,23.86,24.13,23.85,23.9,6871701
2025-02-27 00:00:00+05:30,23.91,24.75,23.91,24.57,16285786
2025-02-28 00:00:00+05:30,24.48,24.48,23.6,23.8,9535809
2025-03-03 00:00:00+05:30,23.85,24.09,23.3,23.66,13160779
2025-03-04 00:00:00+05:30,23.52,24.0,23.45,23.52,6371499
2025-03-05 00:00:00+05:30,23.56,24.56,23.56,24.49,10510384
2025-03-06 00:00:00+05:30,24.6,25.56,24.55,25.28,16701199
2025-03-07 00:00:00+05:30,25.21,25.83,25.05,25.5,19138372
2025-03-10 00:00:00+05:30,25.22,25.79,24.35,24.43,13673703
2025-03-11 00:00:00+05:30,24.25,24.33,23.9,23.96,12310661
2025-03-12 00:00:00+05:30,24.1,24.2,23.9,23.93,5089450
2025-03-13 00:00:00+05:30,24.09,24.09,23.75,23.78,4013647
2025-03-17 00:00:00+05:30,23.85,23.97,23.5,23.56,7135220
2025-03-18 00:00:00+05:30,23.7,24.11,23.7,24.02,7310956
2025-03-19 00:00:00+05:30,24.07,24.35,23.96,24.0,9669011
2025-03-20 00:00:00+05:30,24.18,24.37,23.87,23.92,11628310
2025-03-21 00:00:00+05:30,23.95,24.23,23.87,24.05,15744120
2025-03-24 00:00:00+05:30,24.25,24.44,24.05,24.08,12335270
2025-03-25 00:00:00+05:30,24.17,24.33,23.83,23.85,10034114
2025-03-26 00:00:00+05:30,23.84,24.0,23.5,23.55,10821236
2025-03-27 00:00:00+05:30,23.5,23.7,23.37,23.46,12413489
2025-03-28 00:00:00+05:30,23.46,23.86,22.96,23.07,15843701
2025-04-01 00:00:00+05:30,23.15,24.01,23.03,23.63,8997413
2025-04-02 00:00:00+05:30,23.5,23.89,23.32,23.65,6324834
2025-04-03 00:00:00+05:30,23.51,24.44,23.42,24.25,11815080
2025-04-04 00:00:00+05:30,24.25,24.34,23.61,23.69,7311621
2025-04-07 00:00:00+05:30,22.95,23.1,22.3,22.9,14939741
2025-04-08 00:00:00+05:30,23.29,23.58,22.96,23.36,10042015
2025-04-09 00:00:00+05:30,23.39,23.55,23.03,23.36,5405507
2025-04-11 00:00:00+05:30,23.98,23.98,23.51,23.59,8853995
2025-04-15 00:00:00+05:30,24.09,24.39,23.75,24.19,10356526
2025-04-16 00:00:00+05:30,24.19,24.7,24.1,24.42,12854011
2025-04-17 00:00:00+05:30,24.42,25.15,24.42,25.01,15313807
2025-04-21 00:00:00+05:30,25.25,26.2,25.11,25.98,17072580
2025-04-22 00:00:00+05:30,25.98,26.95,25.77,26.41,33383624
2025-04-23 00:00:00+05:30,26.54,26.6,25.96,26.05,21679293
2025-04-24 00:00:00+05:30,26.15,26.57,25.9,26.06,14037650
2025-04-25 00:00:00+05:30,26.2,26.35,25.1,25.32,16746068
2025-04-28 00:00:00+05:30,25.32,25.68,25.15,25.57,8950681
2025-04-29 00:00:00+05:30,25.7,26.3,25.57,25.62,8681497
2025-04-30 00:00:00+05:30,25.63,25.87,25.2,25.47,14152100
2025-05-02 00:00:00+05:30,25.24,25.72,25.17,25.64,11904916
2025-05-05 00:00:00+05:30,25.64,25.75,25.38,25.45,9664944
2025-05-06 00:00:00+05:30,25.49,25.5,24.51,24.6,9895342
2025-05-07 00:00:00+05:30,24.03,24.78,24.03,24.67,8023480
2025-05-08 00:00:00+05:30,24.78,25.0,24.11,24.2,6676292
2025-05-09 00:00:00+05:30,24.0,24.44,23.8,24.32,9787374
2025-05-12 00:00:00+05:30,25.0,25.65,25.0,25.52,10391928
2025-05-13 00:00:00+05:30,25.16,26.5,25.16,26.45,19136641
2025-05-14 00:00:00+05:30,26.72,26.88,26.5,26.75,15647427
2025-05-15 00:00:00+05:30,26.8,27.89,26.16,27.75,50385256
2025-05-16 00:00:00+05:30,28.0,28.24,27.38,27.55,28377274
2025-05-19 00:00:00+05:30,27.87,29.35,27.75,28.77,51244029
2025-05-20 00:00:00+05:30,28.91,29.55,28.25,28.69,34083643
2025-05-21 00:00:00+05:30,28.7,28.93,28.33,28.64,17755945
2025-05-22 00:00:00+05:30,28.65,28.98,28.32,28.51,14726887
2025-05-23 00:00:00+05:30,28.62,28.85,28.42,28.78,10580773
2025-05-26 00:00:00+05:30,28.85,29.18,28.72,28.96,15563438
2025-05-27 00:00:00+05:30,29.05,29.1,28.75,28.96,11732378
2025-05-28 00:00:00+05:30,28.96,29.15,28.77,28.85,8710174
2025-05-29 00:00:00+05:30,29.06,29.06,28.25,28.33,8896305
2025-05-30 00:00:00+05:30,28.4,29.95,28.18,29.48,36984744
2025-06-02 00:00:00+05:30,29.6,30.2,29.03,29.64,24233759
2025-06-03 00:00:00+05:30,29.75,29.9,29.42,29.48,14417332
2025-06-04 00:00:00+05:30,29.6,29.65,29.22,29.28,12833413
2025-06-05 00:00:00+05:30,29.32,29.59,29.1,29.16,11997172
2025-06-06 00:00:00+05:30,29.43,29.6,28.91,29.15,15423095
2025-06-09 00:00:00+05:30,29.35,30.58,29.35,30.43,32412679
2025-06-10 00:00:00+05:30,30.65,31.18,30.5,30.74,27032533
2025-06-11 00:00:00+05:30,30.99,31.2,30.42,30.79,24713957
2025-06-12 00:00:00+05:30,30.81,30.93,29.65,29.85,19486696
2025-06-13 00:00:00+05:30,29.1,30.3,28.76,30.16,20504326
2025-06-16 00:00:00+05:30,29.96,30.25,29.17,29.79,16836517
2025-06-17 00:00:00+05:30,29.79,30.37,29.7,29.81,13509465
2025-06-18 00:00:00+05:30,29.73,30.07,29.53,29.63,10412615
2025-06-19 00:00:00+05:30,29.6,29.88,28.8,29.04,19085209
2025-06-20 00:00:00+05:30,29.04,29.59,28.88,29.22,15782276
2025-06-23 00:00:00+05:30,28.9,29.25,28.8,29.09,13248158
2025-06-24 00:00:00+05:30,29.5,30.29,29.47,29.88,13108179
2025-06-25 00:00:00+05:30,29.95,30.65,29.93,30.57,16750343
2025-06-26 00:00:00+05:30,30.66,30.94,29.81,29.88,12234136
2025-06-27 00:00:00+05:30,30.25,30.43,29.88,30.07,16373997
2025-06-30 00:00:00+05:30,30.07,31.5,30.07,30.79,27779949
2025-07-01 00:00:00+05:30,31.0,31.73,30.55,31.6,25100486
2025-07-02 00:00:00+05:30,32.0,32.25,30.8,31.04,33544619
2025-07-03 00:00:00+05:30,31.1,31.25,30.62,30.7,10355161
2025-07-04 00:00:00+05:30,30.9,30.95,30.52,30.68,7290359
2025-07-07 00:00:00+05:30,30.64,30.89,30.32,30.4,6983103
2025-07-08 00:00:00+05:30,30.4,30.63,30.0,30.1,7785688
2025-07-09 00:00:00+05:30,30.19,30.44,29.85,30.26,7670025
2025-07-10 00:00:00+05:30,30.26,30.34,30.0,30.05,5202302
2025-07-11 00:00:00+05:30,30.0,30.25,29.8,30.0,7512716
2025-07-14 00:00:00+05:30,30.05,30.4,29.83,30.19,7246042
2025-07-15 00:00:00+05:30,30.31,31.15,30.26,30.63,12187226
2025-07-16 00:00:00+05:30,30.7,31.07,30.67,30.85,12351767
2025-07-17 00:00:00+05:30,31.09,31.34,30.26,30.63,28010112
2025-07-18 00:00:00+05:30,30.74,30.78,29.69,29.85,15290038
2025-07-21 00:00:00+05:30,29.9,29.9,28.91,29.08,17779331
2025-07-22 00:00:00+05:30,29.33,29.55,29.16,29.29,10535445
2025-07-23 00:00:00+05:30,29.34,29.59,29.15,29.5,6416260
2025-07-24 00:00:00+05:30,29.59,29.95,29.44,29.88,7595843
2025-07-25 00:00:00+05:30,29.88,29.89,29.56,29.73,9266854
2025-07-28 00:00:00+05:30,29.71,29.84,29.48,29.6,9229787
2025-07-29 00:00:00+05:30,29.6,29.78,29.26,29.62,8505003
2025-07-30 00:00:00+05:30,29.62,30.4,29.6,30.17,17290557
2025-07-31 00:00:00+05:30,29.72,29.93,29.35,29.71,6915204
2025-08-01 00:00:00+05:30,29.71,29.8,29.1,29.23,6311296
2025-08-04 00:00:00+05:30,29.23,29.4,28.8,28.9,7112365
2025-08-05 00:00:00+05:30,28.9,29.28,28.78,28.85,5015283
2025-08-06 00:00:00+05:30,29.04,29.18,28.35,28.96,9335888
2025-08-07 00:00:00+05:30,28.8,29.3,28.75,29.19,8674741
2025-08-08 00:00:00+05:30,29.09,29.55,28.98,29.2,7409458
2025-08-11 00:00:00+05:30,29.3,29.6,29.22,29.5,6883724
2025-08-12 00:00:00+05:30,29.65,29.95,29.57,29.86,7581090
2025-08-13 00:00:00+05:30,29.65,29.85,29.4,29.51,5704559
2025-08-14 00:00:00+05:30,29.76,30.15,28.87,29.3,8802453
2025-08-18 00:00:00+05:30,29.53,29.9,29.53,29.68,5018688
2025-08-19 00:00:00+05:30,29.65,29.9,29.51,29.82,11442599
2025-08-20 00:00:00+05:30,29.9,30.27,29.52,30.12,10071344
2025-08-21 00:00:00+05:30,30.23,30.25,29.68,29.77,5981612
2025-08-22 00:00:00+05:30,29.74,30.09,29.66,29.9,5700295
2025-08-25 00:00:00+05:30,29.88,30.02,29.7,29.74,4741251
2025-08-26 00:00:00+05:30,29.69,29.85,29.3,29.43,6415280
2025-08-28 00:00:00+05:30,29.26,29.4,29.0,29.27,6418400
2025-08-29 00:00:00+05:30,29.33,29.47,29.19,29.27,4947664
2025-09-01 00:00:00+05:30,29.3,29.67,29.3,29.44,4939036
2025-09-02 00:00:00+05:30,29.45,29.7,29.21,29.48,3662470
2025-09-03 00:00:00+05:30,29.48,29.66,29.4,29.46,2819938
2025-09-04 00:00:00+05:30,29.6,29.61,28.55,28.67,10860750
2025-09-05 00:00:00+05:30,28.67,28.97,28.11,28.59,7564844
2025-09-08 00:00:00+05:30,28.61,28.84,28.43,28.62,3936862
2025-09-09 00:00:00+05:30,28.61,28.79,28.55,28.63,2869333
2025-09-10 00:00:00+05:30,28.7,29.0,28.65,28.83,7032094
2025-09-11 00:00:00+05:30,28.93,29.3,28.89,29.01,3708880
2025-09-12 00:00:00+05:30,29.12,29.23,28.71,28.92,3173505
2025-09-15 00:00:00+05:30,28.9,29.0,28.75,28.91,3512588
2025-09-16 00:00:00+05:30,28.9,29.0,28.83,28.88,3240651
2025-09-17 00:00:00+05:30,28.91,29.4,28.91,29.28,6850371
2025-09-18 00:00:00+05:30,29.5,29.69,29.3,29.59,6427082
2025-09-19 00:00:00+05:30,29.59,29.96,29.5,29.85,8282367
2025-09-22 00:00:00+05:30,29.8,29.96,29.48,29.55,6071923
2025-09-23 00:00:00+05:30,29.54,30.3,29.33,29.96,14567291
2025-09-24 00:00:00+05:30,30.11,30.25,29.81,29.88,8512757
2025-09-25 00:00:00+05:30,29.9,29.95,29.52,29.64,4381174
2025-09-26 00:00:00+05:30,29.52,29.6,28.9,28.99,6079742
2025-09-29 00:00:00+05:30,29.0,29.09,28.5,28.64,9156594
2025-09-30 00:00:00+05:30,28.8,29.2,28.71,28.95,6686881
2025-10-01 00:00:00+05:30,29.1,29.42,28.93,29.37,5868842
2025-10-03 00:00:00+05:30,29.5,29.85,29.26,29.78,8987390
2025-10-06 00:00:00+05:30,30.08,30.26,29.85,29.99,9202700
2025-10-07 00:00:00+05:30,30.24,31.33,30.09,31.14,35285391
2025-10-08 00:00:00+05:30,31.39,31.4,30.75,30.83,11294904
2025-10-09 00:00:00+05:30,30.93,31.16,30.73,31.11,8870092
2025-10-10 00:00:00+05:30,31.13,34.44,31.11,34.26,115797112
2025-10-13 00:00:00+05:30,34.26,34.42,32.95,33.06,31069687
2025-10-14 00:00:00+05:30,33.19,33.25,32.03,32.17,19943960
2025-10-15 00:00:00+05:30,32.25,33.1,32.01,32.78,23950928
2025-10-16 00:00:00+05:30,33.07,33.62,31.5,32.95,46851352
2025-10-17 00:00:00+05:30,32.9,32.9,31.93,32.65,23810436
2025-10-20 00:00:00+05:30,32.91,38.96,32.76,37.73,255007916
2025-10-21 00:00:00+05:30,39.0,39.68,38.32,38.84,54812434
2025-10-23 00:00:00+05:30,38.5,40.3,38.14,38.32,91477909
2025-10-24 00:00:00+05:30,38.05,38.6,37.77,38.11,30680736
2025-10-27 00:00:00+05:30,38.4,40.19,37.9,38.18,64795408
2025-10-28 00:00:00+05:30,38.5,39.9,38.22,38.99,53816574
2025-10-29 00:00:00+05:30,39.28,39.89,38.29,39.11,64911917
2025-10-30 00:00:00+05:30,39.1,39.16,37.1,37.28,37004908
2025-10-31 00:00:00+05:30,37.36,38.1,36.5,36.62,29444816
2025-11-03 00:00:00+05:30,36.69,37.97,36.65,37.58,27061734
2025-11-04 00:00:00+05:30,37.63,37.64,36.63,36.7,19493594
2025-11-06 00:00:00+05:30,36.78,37.53,36.32,36.77,31616504
2025-11-07 00:00:00+05:30,37.1,39.39,36.43,39.06,64850958
2025-11-10 00:00:00+05:30,39.3,39.39,38.01,38.24,30076485
2025-11-11 00:00:00+05:30,38.24,38.95,38.17,38.77,32458473
2025-11-12 00:00:00+05:30,38.95,39.86,38.35,39.28,51713406
2025-11-13 00:00:00+05:30,39.4,39.4,38.2,38.31,25017708
2025-11-14 00:00:00+05:30,38.4,39.15,37.78,38.0,27678787
2025-11-17 00:00:00+05:30,38.08,39.14,38.0,38.65,35706371
2025-11-18 00:00:00+05:30,38.95,39.9,38.4,39.24,64892947
2025-11-19 00:00:00+05:30,39.33,41.5,39.33,41.08,160686044
2025-11-20 00:00:00+05:30,41.35,41.65,37.5,37.77,101744620
2025-11-21 00:00:00+05:30,37.95,38.75,37.77,38.19,44006789
2025-11-24 00:00:00+05:30,38.4,38.87,37.64,38.31,28646505
2025-11-25 00:00:00+05:30,38.3,39.15,38.24,38.65,30001360
2025-11-26 00:00:00+05:30,38.8,40.16,38.62,39.78,42867611
2025-11-27 00:00:00+05:30,39.99,40.25,39.54,40.1,27604773
2025-11-28 00:00:00+05:30,40.37,40.37,39.41,39.58,25235537
2025-12-01 00:00:00+05:30,39.75,40.21,39.59,39.88,20123957
2025-12-02 00:00:00+05:30,39.99,40.34,39.61,39.74,20612802
2025-12-03 00:00:00+05:30,39.87,40.15,39.16,39.66,29388393
2025-12-04 00:00:00+05:30,39.58,40.24,39.46,39.97,21651344
2025-12-05 00:00:00+05:30,40.0,40.0,39.48,39.71,25275221
2025-12-08 00:00:00+05:30,39.95,40.06,38.47,38.62,24574349
2025-12-09 00:00:00+05:30,38.59,39.94,37.85,39.78,30514785
2025-12-10 00:00:00+05:30,39.66,39.8,38.97,39.06,16210753
2025-12-11 00:00:00+05:30,39.05,40.0,38.98,39.63,21160224
2025-12-12 00:00:00+05:30,39.78,41.06,39.77,39.96,38445107
2025-12-15 00:00:00+05:30,39.94,40.1,39.41,39.89,10618868
2025-12-16 00:00:00+05:30,39.8,39.86,39.02,39.18,12818811
2025-12-17 00:00:00+05:30,39.18,39.7,39.07,39.25,11018477
2025-12-18 00:00:00+05:30,39.22,39.39,38.72,39.14,13276126
2025-12-19 00:00:00+05:30,39.13,40.15,39.08,40.02,21817573
2025-12-22 00:00:00+05:30,39.93,40.34,39.41,39.82,18106200
2025-12-23 00:00:00+05:30,39.88,39.98,39.31,39.36,12030663
2025-12-24 00:00:00+05:30,39.36,39.46,38.0,38.12,21777935
2025-12-26 00:00:00+05:30,38.09,38.24,37.44,37.64,13952361
2025-12-29 00:00:00+05:30,37.69,37.95,37.01,37.17,10336761
2025-12-30 00:00:00+05:30,37.16,37.88,36.94,37.76,8573596
2025-12-31 00:00:00+05:30,37.89,38.94,37.59,38.32,15550950
2026-01-01 00:00:00+05:30,38.32,38.48,37.88,37.93,6218391
2026-01-02 00:00:00+05:30,38.7,39.58,38.16,38.6,33605690
2026-01-05 00:00:00+05:30,38.8,39.79,38.75,39.71,29161334
2026-01-06 00:00:00+05:30,39.85,42.5,39.42,42.12,101605716
2026-01-07 00:00:00+05:30,42.1,43.26,41.41,42.64,39823785
2026-01-08 00:00:00+05:30,42.55,43.04,41.6,42.33,28032119
2026-01-09 00:00:00+05:30,42.2,42.96,41.17,41.43,23000415
2026-01-12 00:00:00+05:30,41.45,41.58,39.6,41.12,31622769
2026-01-13 00:00:00+05:30,41.14,41.56,40.0,40.47,18509968
2026-01-14 00:00:00+05:30,40.41,42.66,40.41,42.46,37504338
2026-01-16 00:00:00+05:30,43.22,45.17,42.89,43.99,75465789
2026-01-19 00:00:00+05:30,43.99,45.5,43.19,45.1,47218010
2026-01-20 00:00:00+05:30,45.32,45.62,43.21,43.44,35021333
2026-01-21 00:00:00+05:30,43.44,44.85,43.02,44.31,38066770
2026-01-22 00:00:00+05:30,44.9,46.84,44.61,45.96,52990643
2026-01-23 00:00:00+05:30,46.05,46.75,44.7,45.0,25458970
2026-01-27 00:00:00+05:30,45.62,45.99,44.37,45.15,23103154
2026-01-28 00:00:00+05:30,45.22,45.3,43.5,44.43,23876526
2026-01-29 00:00:00+05:30,44.43,45.28,44.0,44.26,16452483
2026-01-30 00:00:00+05:30,38.15,39.0,36.03,37.58,178280484
2026-02-01 00:00:00+05:30,38.0,38.83,36.43,37.55,38830012
2026-02-02 00:00:00+05:30,37.55,38.04,36.81,37.54,27670454
2026-02-03 00:00:00+05:30,38.3,39.65,37.75,39.3,40975092
2026-02-04 00:00:00+05:30,39.23,41.14,38.9,40.82,31566682
2026-02-05 00:00:00+05:30,40.8,41.7,40.41,41.25,23889744
2026-02-06 00:00:00+05:30,41.2,41.65,40.8,41.27,21639109
2026-02-09 00:00:00+05:30,41.49,41.99,41.22,41.43,14596373
2026-02-10 00:00:00+05:30,41.6,41.85,41.25,41.3,10444731
2026-02-11 00:00:00+05:30,41.5,41.6,40.3,40.53,13787444
2026-02-12 00:00:00+05:30,40.53,40.76,40.0,40.15,10382027
2026-02-13 00:00:00+05:30,39.89,41.18,39.7,40.95,13758973
2026-02-16 00:00:00+05:30,40.95,41.1,40.12,40.26,8439382
2026-02-17 00:00:00+05:30,40.3,40.95,39.9,40.68,11267801
2026-02-18 00:00:00+05:30,40.75,42.09,40.69,40.97,10912103
2026-02-19 00:00:00+05:30,40.72,41.12,39.8,40.04,11713046
2026-02-20 00:00:00+05:30,40.19,40.68,39.95,40.19,12623087
2026-02-23 00:00:00+05:30,40.25,40.62,40.0,40.52,13335767
2026-02-24 00:00:00+05:30,40.2,41.43,40.12,41.16,16706067
2026-02-25 00:00:00+05:30,41.29,41.44,40.79,40.95,11849546
2026-02-26 00:00:00+05:30,41.15,41.84,40.9,41.73,14767827
2026-02-27 00:00:00+05:30,41.7,41.84,40.81,41.15,14018609
2026-03-02 00:00:00+05:30,38.28,41.39,38.28,40.6,24025295
2026-03-04 00:00:00+05:30,40.0,40.56,39.27,40.11,23090308
2026-03-05 00:00:00+05:30,40.31,40.8,39.77,40.33,15039992
2026-03-06 00:00:00+05:30,40.14,40.57,39.6,39.81,8506602
2026-03-09 00:00:00+05:30,39.0,39.0,37.5,38.6,17049021
2026-03-10 00:00:00+05:30,39.0,39.95,38.85,39.8,11252243
2026-03-11 00:00:00+05:30,40.24,40.48,39.2,39.43,10337853
2026-03-12 00:00:00+05:30,39.0,39.48,38.16,38.99,11151885
2026-03-13 00:00:00+05:30,38.64,38.73,37.85,38.01,11635731
2026-03-16 00:00:00+05:30,37.25,38.28,36.27,36.86,22627255
2026-03-17 00:00:00+05:30,37.4,37.49,36.56,36.96,12020856
2026-03-18 00:00:00+05:30,37.01,37.77,36.95,37.17,13260012
2026-03-19 00:00:00+05:30,36.75,36.98,35.8,35.96,15933063
2026-03-20 00:00:00+05:30,36.2,36.6,35.7,36.01,19063663
2026-03-23 00:00:00+05:30,35.61,35.98,33.38,33.6,24936614
2026-03-24 00:00:00+05:30,34.65,35.78,34.23,34.74,22426070
2026-03-25 00:00:00+05:30,35.35,37.35,35.34,36.99,25574757
2026-03-27 00:00:00+05:30,36.5,36.68,35.71,35.81,14059436
2026-03-30 00:00:00+05:30,34.61,35.34,34.0,34.22,24928905
2026-04-01 00:00:00+05:30,35.88,37.2,35.3,36.36,21315930
2026-04-02 00:00:00+05:30,36.25,36.98,35.21,36.74,18759192
2026-04-06 00:00:00+05:30,37.1,38.07,35.92,37.25,23482613
2026-04-07 00:00:00+05:30,36.85,37.25,36.52,36.95,10722518
2026-04-08 00:00:00+05:30,38.5,38.77,37.91,38.33,18100892
2026-04-09 00:00:00+05:30,38.33,39.15,37.9,38.16,17019364
2026-04-10 00:00:00+05:30,38.37,38.9,38.32,38.76,10665034
2026-04-13 00:00:00+05:30,37.67,38.58,37.19,38.34,13720891
2026-04-15 00:00:00+05:30,39.0,39.32,38.6,38.71,11964709
2026-04-16 00:00:00+05:30,38.76,39.16,38.36,38.75,13919851
2026-04-17 00:00:00+05:30,38.78,39.04,38.55,38.93,11508430
2026-04-20 00:00:00+05:30,39.0,39.78,38.07,39.29,21189706
2026-04-21 00:00:00+05:30,39.55,39.79,39.4,39.53,8166135
2026-04-22 00:00:00+05:30,39.55,40.2,39.43,39.85,11977853
2026-04-23 00:00:00+05:30,39.71,39.75,39.06,39.15,8261139
2026-04-24 00:00:00+05:30,39.19,39.45,38.38,38.63,7254221
2026-04-27 00:00:00+05:30,39.2,40.47,39.04,39.91,16869125
2026-04-28 00:00:00+05:30,39.91,40.2,39.3,39.54,15804049
2026-04-29 00:00:00+05:30,39.9,40.51,39.65,39.89,15184507
2026-04-30 00:00:00+05:30,39.89,39.9,39.12,39.46,11979882
2026-05-04 00:00:00+05:30,39.34,41.49,39.31,41.06,26577668
2026-05-05 00:00:00+05:30,41.08,41.38,40.6,40.95,13368043
2026-05-06 00:00:00+05:30,41.4,42.89,40.46,42.54,42055755
2026-05-07 00:00:00+05:30,43.01,43.38,41.7,41.76,20167121
2026-05-08 00:00:00+05:30,42.1,42.1,40.81,40.91,14362817
2026-05-11 00:00:00+05:30,40.77,41.65,39.8,40.02,16612856
2026-05-12 00:00:00+05:30,40.01,40.22,38.0,38.21,14416012
2026-05-13 00:00:00+05:30,39.0,39.34,38.35,38.48,13597762
2026-05-14 00:00:00+05:30,39.07,39.07,38.05,38.49,11421408
2026-05-15 00:00:00+05:30,38.99,39.22,38.54,38.83,8092133
2026-05-18 00:00:00+05:30,38.1,38.38,37.78,38.25,8617463
2026-05-19 00:00:00+05:30,38.73,39.05,38.43,38.75,6583227
2026-05-20 00:00:00+05:30,38.11,41.9,38.11,41.4,54680020
2026-05-21 00:00:00+05:30,41.4,41.49,40.55,41.01,12360645
2026-05-22 00:00:00+05:30,40.5,40.89,40.24,40.72,8659086
2026-05-25 00:00:00+05:30,40.8,41.36,40.8,41.0,7360002
2026-05-26 00:00:00+05:30,40.7,41.12,40.66,40.74,6338301
2026-05-27 00:00:00+05:30,40.33,41.4,40.33,41.15,10269552
2026-05-29 00:00:00+05:30,41.15,42.45,41.1,41.42,17701587
2026-06-01 00:00:00+05:30,41.42,41.85,40.6,41.06,10439366
2026-06-02 00:00:00+05:30,40.9,42.29,40.72,42.08,18833837
2026-06-03 00:00:00+05:30,42.28,44.3,42.0,43.6,32825203
2026-06-04 00:00:00+05:30,43.61,44.87,43.25,44.61,26453430
2026-06-05 00:00:00+05:30,44.57,44.97,43.69,44.0,15745980
2026-06-08 00:00:00+05:30,43.2,45.49,43.01,43.79,28341145
2026-06-09 00:00:00+05:30,44.03,46.19,44.01,45.74,32575452
2026-06-10 00:00:00+05:30,45.6,46.19,44.8,45.13,15930905
2026-06-11 00:00:00+05:30,44.9,45.75,44.86,45.32,13705352
2026-06-12 00:00:00+05:30,45.5,47.5,45.5,46.66,35993222
2026-06-15 00:00:00+05:30,47.2,48.55,46.54,46.92,26102262
2026-06-16 00:00:00+05:30,47.1,47.77,46.8,47.2,13747133
2026-06-17 00:00:00+05:30,47.2,48.8,47.2,48.45,25436146
2026-06-18 00:00:00+05:30,48.5,49.79,48.04,48.49,20768658
2026-06-19 00:00:00+05:30,48.5,49.15,48.05,48.46,14135084
2026-06-22 00:00:00+05:30,48.7,48.74,46.21,46.68,18373269
2026-06-23 00:00:00+05:30,46.68,47.0,45.65,45.82,13276313
2026-06-24 00:00:00+05:30,45.8,45.97,44.91,45.7,10525410
2026-06-25 00:00:00+05:30,46.0,46.7,45.1,45.41,12191719
2026-06-29 00:00:00+05:30,45.41,46.6,44.91,45.84,16488721
2026-06-30 00:00:00+05:30,45.8,46.33,45.5,45.63,13306565
2026-07-01 00:00:00+05:30,45.8,46.44,45.35,45.46,9020753
2026-07-02 00:00:00+05:30,46.36,47.49,44.64,45.54,26554391
2026-07-03 00:00:00+05:30,45.95,46.7,45.33,46.1,16497948
2026-07-06 00:00:00+05:30,46.05,47.49,46.05,46.86,14421692
2026-07-07 00:00:00+05:30,46.78,49.9,46.6,47.67,42310199
2026-07-08 00:00:00+05:30,47.55,47.55,43.01,43.7,72099008
2026-07-09 00:00:00+05:30,44.17,44.5,43.82,44.22,16615687
2026-07-10 00:00:00+05:30,44.5,46.28,44.5,45.81,21345407
2026-07-13 00:00:00+05:30,45.75,46.2,44.82,45.88,10629738
2026-07-14 00:00:00+05:30,45.8,46.22,45.2,45.33,11111427
2026-07-15 00:00:00+05:30,45.79,46.22,44.99,45.52,11975201
2026-07-16 00:00:00+05:30,45.74,46.59,43.94,45.39,35495538
2026-07-17 00:00:00+05:30,45.53,45.75,44.11,44.6,16100153
2026-07-20 00:00:00+05:30,44.6,46.5,44.1,46.18,25625417
2026-07-21 00:00:00+05:30,46.0,47.55,45.6,47.28,34232233
2026-07-22 00:00:00+05:30,47.38,48.39,47.1,48.0,24456012
2026-07-23 00:00:00+05:30,48.0,48.1,46.75,47.5,19258708
2026-07-24 00:00:00+05:30,47.5,47.5,45.9,46.52,11314533
2026-07-27 00:00:00+05:30,47.0,48.26,46.8,47.9,15756388
2026-07-28 00:00:00+05:30,48.0,48.04,47.02,47.13,7738124
2026-07-29 00:00:00+05:30,47.21,47.47,46.36,46.49,9021635
2026-07-30 00:00:00+05:30,46.6,47.1,46.28,46.89,5193772
2026-07-31 00:00:00+05:30,47.0,47.47,46.55,46.7,7682155
2026-08-03 00:00:00+05:30,47.0,47.87,46.93,47.07,8220206
2026-08-04 00:00:00+05:30,47.07,47.25,46.76,46.86,4904547
2026-08-05 00:00:00+05:30,47.18,47.4,46.8,46.92,4470613
2026-08-06 00:00:00+05:30,46.97,47.76,46.93,47.43,10025026
2026-08-07 00:00:00+05:30,47.5,47.52,47.07,47.17,3899463
2026-08-10 00:00:00+05:30,47.17,47.23,45.83,46.0,10928785
2026-08-11 00:00:00+05:30,46.0,46.04,45.37,45.81,6729091
2026-08-12 00:00:00+05:30,45.81,46.56,45.6,46.22,6627720
2026-08-13 00:00:00+05:30,46.0,46.16,45.41,45.66,7199181
2026-08-14 00:00:00+05:30,45.63,46.0,45.55,45.74,3369025
2026-08-17 00:00:00+05:30,46.0,46.09,45.1,45.22,5696877
2026-08-18 00:00:00+05:30,45.21,45.5,44.9,45.09,5224750
2026-08-19 00:00:00+05:30,45.09,45.45,44.81,45.0,4428294
2026-08-20 00:00:00+05:30,45.15,46.16,45.01,45.16,9571667
2026-08-21 00:00:00+05:30,45.35,45.4,44.91,44.97,4130558
2026-08-24 00:00:00+05:30,45.08,45.38,44.26,45.16,8487952
2026-08-25 00:00:00+05:30,45.29,46.24,45.14,45.35,6449392
2026-08-26 00:00:00+05:30,45.68,46.45,45.4,46.32,8354307
2026-08-27 00:00:00+05:30,46.3,47.04,45.65,45.73,8299347
2026-08-28 00:00:00+05:30,45.75,46.22,45.3,45.37,3557940
2026-08-31 00:00:00+05:30,45.7,46.15,45.07,45.66,12044453
2026-09-01 00:00:00+05:30,45.9,46.25,45.3,45.91,12765987
2026-09-02 00:00:00+05:30,45.75,45.95,45.39,45.74,5752468
2026-09-03 00:00:00+05:30,45.88,48.3,45.83,47.7,29134346
2026-09-04 00:00:00+05:30,47.95,48.44,47.14,47.29,8819050
2026-09-07 00:00:00+05:30,47.3,47.67,46.5,46.54,4949017
2026-09-08 00:00:00+05:30,46.6,46.99,46.4,46.82,4494492
2026-09-09 00:00:00+05:30,46.51,46.96,46.14,46.41,8187411
2026-09-10 00:00:00+05:30,46.48,46.48,45.76,46.08,5591541
2026-09-11 00:00:00+05:30,45.6,46.47,45.18,46.18,5755589
2026-09-15 00:00:00+05:30,46.38,47.89,44.88,45.0,12742655
2026-09-16 00:00:00+05:30,45.22,45.89,44.54,45.19,9001848
2026-09-17 00:00:00+05:30,45.2,46.4,45.2,45.88,9755681
2026-09-18 00:00:00+05:30,46.0,46.54,45.78,46.07,8637328
2026-09-21 00:00:00+05:30,45.83,45.84,44.86,45.52,12134977
2026-09-22 00:00:00+05:30,45.89,45.95,45.11,45.23,4437444
2026-09-23 00:00:00+05:30,45.26,47.2,45.26,47.08,14551891
2026-09-24 00:00:00+05:30,47.0,50.17,46.72,49.9,57683718
2026-09-25 00:00:00+05:30,50.05,50.68,49.01,49.95,28889000
