Date,Open,High,Low,Close,Volume
2009-01-30 00:00:00+05:30,4.17,4.74,1.92,3.09,2650380
2009-02-02 00:00:00+05:30,2.68,3.21,2.48,2.48,576694
2009-02-03 00:00:00+05:30,2.09,2.09,1.98,1.98,228256
2009-02-04 00:00:00+05:30,1.59,1.59,1.59,1.59,88336
2009-02-05 00:00:00+05:30,1.27,1.28,1.27,1.27,38642
2009-02-06 00:00:00+05:30,1.02,1.02,1.02,1.02,368302
2009-02-09 00:00:00+05:30,0.92,0.92,0.92,0.92,128245
2009-02-10 00:00:00+05:30,0.83,0.92,0.83,0.83,128256
2009-02-11 00:00:00+05:30,0.75,0.92,0.75,0.75,2206016
2009-02-12 00:00:00+05:30,0.69,0.81,0.68,0.71,970878
2009-02-13 00:00:00+05:30,0.71,0.78,0.67,0.78,684694
2009-02-16 00:00:00+05:30,0.8,0.82,0.75,0.78,697983
2009-02-17 00:00:00+05:30,0.76,0.81,0.76,0.78,223474
2009-02-18 00:00:00+05:30,0.76,0.78,0.74,0.75,226335
2009-02-19 00:00:00+05:30,0.75,0.76,0.71,0.72,57831
2009-02-20 00:00:00+05:30,0.69,0.72,0.69,0.69,112972
2009-02-24 00:00:00+05:30,0.67,0.7,0.66,0.66,131750
2009-02-25 00:00:00+05:30,0.63,0.68,0.63,0.63,149440
2009-02-26 00:00:00+05:30,0.63,0.64,0.6,0.61,28499
2009-02-27 00:00:00+05:30,0.61,0.64,0.58,0.61,85697
2009-03-02 00:00:00+05:30,0.58,0.62,0.58,0.58,20994
2009-03-03 00:00:00+05:30,0.57,0.57,0.55,0.55,152068
2009-03-04 00:00:00+05:30,0.55,0.56,0.53,0.53,25522
2009-03-05 00:00:00+05:30,0.5,0.52,0.5,0.5,17679
2009-03-06 00:00:00+05:30,0.48,0.48,0.48,0.48,25332
2009-03-09 00:00:00+05:30,0.45,0.45,0.45,0.45,15832
2009-03-12 00:00:00+05:30,0.44,0.44,0.44,0.44,21247
2009-03-13 00:00:00+05:30,0.43,0.43,0.42,0.43,48817
2009-03-16 00:00:00+05:30,0.41,0.43,0.41,0.41,48553
2009-03-17 00:00:00+05:30,0.41,0.43,0.39,0.41,103683
2009-03-18 00:00:00+05:30,0.43,0.43,0.41,0.43,48078
2009-03-19 00:00:00+05:30,0.45,0.45,0.45,0.45,15389
2009-03-20 00:00:00+05:30,0.47,0.48,0.47,0.48,63774
2009-03-23 00:00:00+05:30,0.45,0.5,0.45,0.5,46643
2009-03-24 00:00:00+05:30,0.48,0.51,0.47,0.48,221068
2009-03-25 00:00:00+05:30,0.48,0.51,0.46,0.48,47213
2009-03-26 00:00:00+05:30,0.5,0.5,0.45,0.49,63774
2009-03-27 00:00:00+05:30,0.47,0.5,0.47,0.5,7684
2009-03-30 00:00:00+05:30,0.47,0.5,0.47,0.47,4169
2009-03-31 00:00:00+05:30,0.45,0.49,0.45,0.47,30990
2009-04-01 00:00:00+05:30,0.46,0.49,0.45,0.48,31686
2009-04-02 00:00:00+05:30,0.47,0.5,0.47,0.48,77063
2009-04-06 00:00:00+05:30,0.48,0.5,0.48,0.5,30124
2009-04-08 00:00:00+05:30,0.49,0.53,0.47,0.48,131370
2009-04-09 00:00:00+05:30,0.47,0.51,0.47,0.48,41260
2009-04-13 00:00:00+05:30,0.47,0.5,0.47,0.5,83829
2009-04-15 00:00:00+05:30,0.49,0.53,0.49,0.53,52754
2009-04-16 00:00:00+05:30,0.54,0.55,0.5,0.52,167690
2009-04-17 00:00:00+05:30,0.5,0.55,0.5,0.52,47456
2009-04-20 00:00:00+05:30,0.52,0.55,0.52,0.54,15991
2009-04-21 00:00:00+05:30,0.51,0.51,0.51,0.51,18165
2009-04-22 00:00:00+05:30,0.51,0.51,0.49,0.49,37956
2009-04-23 00:00:00+05:30,0.49,0.51,0.48,0.51,16941
2009-04-24 00:00:00+05:30,0.52,0.52,0.49,0.5,25490
2009-04-27 00:00:00+05:30,0.52,0.53,0.48,0.51,90626
2009-04-28 00:00:00+05:30,0.49,0.54,0.49,0.49,87914
2009-04-29 00:00:00+05:30,0.47,0.52,0.47,0.49,21057
2009-05-04 00:00:00+05:30,0.47,0.52,0.47,0.5,102860
2009-05-05 00:00:00+05:30,0.51,0.53,0.48,0.52,156491
2009-05-06 00:00:00+05:30,0.55,0.55,0.5,0.53,242938
2009-05-07 00:00:00+05:30,0.54,0.54,0.51,0.54,62845
2009-05-08 00:00:00+05:30,0.54,0.54,0.49,0.54,16466
2009-05-11 00:00:00+05:30,0.52,0.55,0.49,0.52,78214
2009-05-12 00:00:00+05:30,0.48,0.54,0.47,0.53,454496
2009-05-13 00:00:00+05:30,0.54,0.54,0.49,0.52,288114
2009-05-14 00:00:00+05:30,0.51,0.53,0.5,0.5,46622
2009-05-15 00:00:00+05:30,0.49,0.52,0.48,0.49,70909
2009-05-19 00:00:00+05:30,0.48,0.54,0.46,0.49,568355
2009-05-20 00:00:00+05:30,0.49,0.49,0.46,0.48,546844
2009-05-21 00:00:00+05:30,0.5,0.51,0.47,0.51,426820
2009-05-22 00:00:00+05:30,0.52,0.54,0.49,0.53,749335
2009-05-25 00:00:00+05:30,0.55,0.58,0.53,0.58,388748
2009-05-26 00:00:00+05:30,0.64,0.64,0.64,0.64,155689
2009-05-27 00:00:00+05:30,0.68,0.68,0.68,0.68,54813
2009-05-28 00:00:00+05:30,0.72,0.72,0.72,0.72,41861
2009-05-29 00:00:00+05:30,0.75,0.75,0.75,0.75,19643
2009-06-01 00:00:00+05:30,0.79,0.79,0.79,0.79,106839
2009-06-02 00:00:00+05:30,0.83,0.83,0.75,0.83,662233
2009-06-03 00:00:00+05:30,0.87,0.87,0.83,0.87,370477
2009-06-04 00:00:00+05:30,0.92,0.92,0.87,0.92,417088
2009-06-05 00:00:00+05:30,0.97,0.97,0.95,0.97,297688
2009-06-08 00:00:00+05:30,1.02,1.02,0.92,0.92,444025
2009-06-09 00:00:00+05:30,0.88,0.91,0.88,0.88,238442
2009-06-10 00:00:00+05:30,0.91,0.91,0.84,0.85,314344
2009-06-11 00:00:00+05:30,0.87,0.9,0.81,0.86,185834
2009-06-12 00:00:00+05:30,0.82,0.85,0.82,0.84,78435
2009-06-15 00:00:00+05:30,0.81,0.81,0.8,0.8,12814
2009-06-16 00:00:00+05:30,0.76,0.76,0.76,0.76,80800
2009-06-17 00:00:00+05:30,0.76,0.8,0.72,0.75,317827
2009-06-18 00:00:00+05:30,0.72,0.78,0.71,0.71,60059
2009-06-19 00:00:00+05:30,0.68,0.73,0.68,0.72,13204
2009-06-22 00:00:00+05:30,0.73,0.73,0.69,0.72,60702
2009-06-23 00:00:00+05:30,0.7,0.73,0.69,0.69,84979
2009-06-24 00:00:00+05:30,0.67,0.72,0.66,0.66,66635
2009-06-25 00:00:00+05:30,0.66,0.69,0.64,0.68,22514
2009-06-26 00:00:00+05:30,0.65,0.67,0.64,0.64,71025
2009-06-29 00:00:00+05:30,0.63,0.68,0.63,0.67,60249
2009-06-30 00:00:00+05:30,0.69,0.7,0.65,0.65,85233
2009-07-01 00:00:00+05:30,0.62,0.66,0.62,0.66,8708
2009-07-02 00:00:00+05:30,0.66,0.66,0.63,0.66,19843
2009-07-03 00:00:00+05:30,0.67,0.69,0.63,0.66,50696
2009-07-06 00:00:00+05:30,0.66,0.68,0.63,0.66,38895
2009-07-07 00:00:00+05:30,0.63,0.66,0.63,0.66,34832
2009-07-08 00:00:00+05:30,0.64,0.64,0.63,0.63,14460
2009-07-09 00:00:00+05:30,0.65,0.65,0.6,0.6,13721
2009-07-10 00:00:00+05:30,0.57,0.62,0.57,0.6,102438
2009-07-13 00:00:00+05:30,0.57,0.6,0.57,0.59,32879
2009-07-14 00:00:00+05:30,0.61,0.61,0.56,0.6,67489
2009-07-15 00:00:00+05:30,0.63,0.63,0.57,0.62,75955
2009-07-16 00:00:00+05:30,0.6,0.64,0.59,0.62,54285
2009-07-17 00:00:00+05:30,0.6,0.64,0.59,0.63,73453
2009-07-20 00:00:00+05:30,0.61,0.64,0.61,0.62,106354
2009-07-21 00:00:00+05:30,0.62,0.65,0.59,0.64,73886
2009-07-22 00:00:00+05:30,0.62,0.66,0.62,0.64,30092
2009-07-23 00:00:00+05:30,0.61,0.65,0.61,0.62,34040
2009-07-24 00:00:00+05:30,0.61,0.65,0.6,0.63,31180
2009-07-27 00:00:00+05:30,0.62,0.64,0.61,0.62,68693
2009-07-28 00:00:00+05:30,0.62,0.64,0.6,0.62,190521
2009-07-29 00:00:00+05:30,0.63,0.63,0.6,0.63,34325
2009-07-30 00:00:00+05:30,0.6,0.63,0.6,0.61,47519
2009-07-31 00:00:00+05:30,0.62,0.63,0.61,0.62,25079
2009-08-03 00:00:00+05:30,0.61,0.63,0.61,0.63,7388
2009-08-05 00:00:00+05:30,0.65,0.65,0.61,0.64,16888
2009-08-06 00:00:00+05:30,0.62,0.66,0.62,0.63,59742
2009-08-07 00:00:00+05:30,0.62,0.66,0.61,0.61,170730
2009-08-10 00:00:00+05:30,0.63,0.63,0.6,0.6,21543
2009-08-11 00:00:00+05:30,0.59,0.63,0.57,0.63,19252
2009-08-12 00:00:00+05:30,0.63,0.63,0.6,0.61,7916
2009-08-13 00:00:00+05:30,0.59,0.63,0.58,0.62,27760
2009-08-14 00:00:00+05:30,0.64,0.64,0.59,0.63,47498
2009-08-17 00:00:00+05:30,0.63,0.64,0.61,0.61,13721
2009-08-18 00:00:00+05:30,0.63,0.63,0.61,0.63,35887
2009-08-19 00:00:00+05:30,0.6,0.64,0.6,0.61,36594
2009-08-20 00:00:00+05:30,0.61,0.63,0.61,0.63,31750
2009-08-21 00:00:00+05:30,0.67,0.67,0.61,0.64,54369
2009-08-24 00:00:00+05:30,0.67,0.68,0.65,0.68,122313
2009-08-25 00:00:00+05:30,0.67,0.7,0.65,0.65,39940
2009-08-26 00:00:00+05:30,0.68,0.69,0.66,0.69,35476
2009-08-27 00:00:00+05:30,0.69,0.72,0.65,0.71,322714
2009-08-28 00:00:00+05:30,0.74,0.75,0.7,0.75,305773
2009-08-31 00:00:00+05:30,0.78,0.79,0.75,0.79,204865
2009-09-01 00:00:00+05:30,0.81,0.83,0.77,0.81,209921
2009-09-02 00:00:00+05:30,0.85,0.85,0.78,0.85,325860
2009-09-03 00:00:00+05:30,0.89,0.89,0.89,0.89,64196
2009-09-04 00:00:00+05:30,0.93,0.94,0.93,0.94,157758
2009-09-07 00:00:00+05:30,0.99,0.99,0.99,0.99,103483
2009-09-08 00:00:00+05:30,1.04,1.04,1.04,1.04,54105
2009-09-09 00:00:00+05:30,1.09,1.09,0.99,0.99,809900
2009-09-10 00:00:00+05:30,0.97,0.99,0.94,0.94,435138
2009-09-11 00:00:00+05:30,0.9,0.92,0.89,0.89,99894
2009-09-14 00:00:00+05:30,0.85,0.85,0.85,0.85,112307
2009-09-15 00:00:00+05:30,0.85,0.9,0.81,0.9,133196
2009-09-16 00:00:00+05:30,0.94,0.94,0.89,0.94,29290
2009-09-17 00:00:00+05:30,0.99,0.99,0.95,0.97,439318
2009-09-18 00:00:00+05:30,0.95,0.96,0.92,0.94,122070
2009-09-22 00:00:00+05:30,0.94,0.94,0.9,0.93,39423
2009-09-23 00:00:00+05:30,0.94,0.96,0.89,0.89,121268
2009-09-24 00:00:00+05:30,0.87,0.9,0.85,0.87,121384
2009-09-25 00:00:00+05:30,0.83,0.91,0.83,0.88,136805
2009-09-29 00:00:00+05:30,0.86,0.92,0.85,0.92,106491
2009-09-30 00:00:00+05:30,0.89,0.97,0.89,0.97,334758
2009-10-01 00:00:00+05:30,0.93,1.02,0.93,1.0,324551
2009-10-05 00:00:00+05:30,0.98,1.01,0.95,0.97,50664
2009-10-06 00:00:00+05:30,0.95,1.01,0.92,0.96,100327
2009-10-07 00:00:00+05:30,0.91,0.95,0.91,0.91,61135
2009-10-08 00:00:00+05:30,0.94,0.94,0.89,0.9,54707
2009-10-09 00:00:00+05:30,0.89,0.91,0.88,0.89,61652
2009-10-12 00:00:00+05:30,0.93,0.93,0.88,0.91,62307
2009-10-14 00:00:00+05:30,0.93,0.95,0.92,0.92,44331
2009-10-15 00:00:00+05:30,0.95,0.97,0.91,0.97,167036
2009-10-16 00:00:00+05:30,1.01,1.02,1.01,1.02,84399
2009-10-17 00:00:00+05:30,1.08,1.08,1.08,1.08,53725
2009-10-20 00:00:00+05:30,1.13,1.13,1.13,1.13,166350
2009-10-21 00:00:00+05:30,1.19,1.19,1.19,1.19,37724
2009-10-22 00:00:00+05:30,1.25,1.25,1.25,1.25,68682
2009-10-23 00:00:00+05:30,1.32,1.32,1.32,1.32,88737
2009-10-26 00:00:00+05:30,1.38,1.38,1.38,1.38,94849
2009-10-27 00:00:00+05:30,1.45,1.45,1.32,1.37,1186341
2009-10-28 00:00:00+05:30,1.34,1.44,1.34,1.44,157536
2009-10-29 00:00:00+05:30,1.45,1.48,1.37,1.46,342463
2009-10-30 00:00:00+05:30,1.39,1.44,1.39,1.39,276377
2009-11-03 00:00:00+05:30,1.46,1.46,1.33,1.41,179786
2009-11-04 00:00:00+05:30,1.41,1.48,1.34,1.35,915917
2009-11-05 00:00:00+05:30,1.34,1.42,1.34,1.42,46601
2009-11-06 00:00:00+05:30,1.46,1.49,1.39,1.39,398691
2009-11-09 00:00:00+05:30,1.45,1.45,1.35,1.39,32182
2009-11-10 00:00:00+05:30,1.46,1.46,1.35,1.38,122662
2009-11-11 00:00:00+05:30,1.36,1.44,1.35,1.42,61800
2009-11-12 00:00:00+05:30,1.42,1.42,1.36,1.37,40035
2009-11-13 00:00:00+05:30,1.39,1.44,1.38,1.4,23949
2009-11-16 00:00:00+05:30,1.41,1.44,1.37,1.38,53219
2009-11-17 00:00:00+05:30,1.35,1.41,1.35,1.41,42220
2009-11-18 00:00:00+05:30,1.43,1.43,1.37,1.41,27549
2009-11-19 00:00:00+05:30,1.4,1.4,1.36,1.36,67321
2009-11-20 00:00:00+05:30,1.36,1.44,1.36,1.44,71733
2009-11-23 00:00:00+05:30,1.45,1.51,1.45,1.51,128995
2009-11-24 00:00:00+05:30,1.59,1.59,1.52,1.59,63552
2009-11-25 00:00:00+05:30,1.62,1.67,1.62,1.67,43730
2009-11-26 00:00:00+05:30,1.75,1.75,1.7,1.75,105404
2009-11-27 00:00:00+05:30,1.77,1.84,1.7,1.84,188178
2009-11-30 00:00:00+05:30,1.94,1.94,1.89,1.94,408370
2009-12-01 00:00:00+05:30,2.03,2.04,1.99,2.04,333470
2009-12-02 00:00:00+05:30,2.14,2.14,2.08,2.14,283882
2009-12-03 00:00:00+05:30,2.25,2.25,2.04,2.24,1032298
2009-12-04 00:00:00+05:30,2.29,2.3,2.13,2.15,389107
2009-12-07 00:00:00+05:30,2.06,2.11,2.05,2.05,357958
2009-12-08 00:00:00+05:30,1.95,1.97,1.95,1.95,353557
2009-12-09 00:00:00+05:30,1.85,1.89,1.85,1.85,193487
2009-12-10 00:00:00+05:30,1.76,1.77,1.76,1.76,89497
2009-12-11 00:00:00+05:30,1.71,1.75,1.68,1.7,99282
2009-12-14 00:00:00+05:30,1.73,1.73,1.62,1.62,22830
2009-12-15 00:00:00+05:30,1.61,1.61,1.53,1.53,64861
2009-12-16 00:00:00+05:30,1.47,1.56,1.46,1.46,138727
2009-12-17 00:00:00+05:30,1.4,1.53,1.39,1.39,564281
2009-12-18 00:00:00+05:30,1.35,1.44,1.33,1.33,866402
2009-12-21 00:00:00+05:30,1.39,1.39,1.35,1.39,256195
2009-12-22 00:00:00+05:30,1.46,1.46,1.45,1.46,140363
2009-12-23 00:00:00+05:30,1.54,1.54,1.54,1.54,184811
2009-12-24 00:00:00+05:30,1.62,1.62,1.62,1.62,82056
2009-12-29 00:00:00+05:30,1.71,1.71,1.71,1.71,81496
2009-12-30 00:00:00+05:30,1.79,1.79,1.79,1.79,71004
2009-12-31 00:00:00+05:30,1.88,1.88,1.88,1.88,37808
2010-01-04 00:00:00+05:30,1.98,1.98,1.98,1.98,178572
2010-01-05 00:00:00+05:30,2.07,2.07,1.88,2.07,1217384
2010-01-06 00:00:00+05:30,2.18,2.18,2.04,2.12,511874
2010-01-07 00:00:00+05:30,2.13,2.23,2.13,2.23,252469
2010-01-08 00:00:00+05:30,2.34,2.34,2.34,2.34,202047
2010-01-11 00:00:00+05:30,2.46,2.46,2.33,2.44,914998
2010-01-12 00:00:00+05:30,2.4,2.4,2.33,2.33,579037
2010-01-13 00:00:00+05:30,2.22,2.26,2.22,2.23,163046
2010-01-14 00:00:00+05:30,2.13,2.34,2.13,2.3,91724
2010-01-15 00:00:00+05:30,2.27,2.32,2.19,2.23,84526
2010-01-18 00:00:00+05:30,2.23,2.25,2.16,2.21,51023
2010-01-19 00:00:00+05:30,2.27,2.27,2.13,2.16,117131
2010-01-20 00:00:00+05:30,2.1,2.17,2.06,2.08,62349
2010-01-21 00:00:00+05:30,2.08,2.08,1.98,1.98,76103
2010-01-22 00:00:00+05:30,1.88,2.04,1.88,2.04,73485
2010-01-25 00:00:00+05:30,1.94,2.06,1.94,2.06,31422
2010-01-27 00:00:00+05:30,1.97,2.08,1.96,1.96,33248
2010-01-28 00:00:00+05:30,1.87,1.94,1.87,1.87,47340
2010-01-29 00:00:00+05:30,1.78,1.86,1.78,1.83,63552
2010-02-01 00:00:00+05:30,1.76,1.93,1.74,1.93,85180
2010-02-02 00:00:00+05:30,1.94,1.97,1.88,1.88,70118
2010-02-03 00:00:00+05:30,1.81,1.89,1.81,1.83,23474
2010-02-04 00:00:00+05:30,1.8,1.89,1.74,1.87,36995
2010-02-05 00:00:00+05:30,1.78,1.84,1.78,1.78,46179
2010-02-06 00:00:00+05:30,1.71,1.83,1.71,1.81,13289
2010-02-08 00:00:00+05:30,1.73,1.8,1.72,1.72,11557
2010-02-09 00:00:00+05:30,1.71,1.8,1.71,1.8,12507
2010-02-10 00:00:00+05:30,1.71,1.79,1.71,1.79,4855
2010-02-11 00:00:00+05:30,1.76,1.8,1.71,1.72,7863
2010-02-15 00:00:00+05:30,1.8,1.81,1.8,1.81,34304
2010-02-16 00:00:00+05:30,1.9,1.9,1.9,1.9,4222
2010-02-17 00:00:00+05:30,2.0,2.0,2.0,2.0,6037
2010-02-18 00:00:00+05:30,1.96,1.99,1.95,1.99,19316
2010-02-19 00:00:00+05:30,1.9,1.98,1.89,1.89,42252
2010-02-22 00:00:00+05:30,1.94,1.94,1.8,1.8,30293
2010-02-23 00:00:00+05:30,1.72,1.89,1.71,1.88,118144
2010-02-24 00:00:00+05:30,1.96,1.97,1.91,1.92,64914
2010-02-25 00:00:00+05:30,1.86,1.9,1.83,1.83,17194
2010-02-26 00:00:00+05:30,1.75,1.93,1.75,1.84,73538
2010-03-02 00:00:00+05:30,1.83,1.94,1.83,1.93,60259
2010-03-03 00:00:00+05:30,1.84,1.99,1.84,1.95,28667
2010-03-04 00:00:00+05:30,2.03,2.03,1.91,1.94,37914
2010-03-05 00:00:00+05:30,2.0,2.0,1.88,1.89,29290
2010-03-08 00:00:00+05:30,1.75,1.97,1.75,1.86,44458
2010-03-09 00:00:00+05:30,1.86,1.92,1.8,1.82,6881
2010-03-10 00:00:00+05:30,1.89,1.89,1.77,1.77,27443
2010-03-11 00:00:00+05:30,1.81,1.81,1.73,1.73,15896
2010-03-12 00:00:00+05:30,1.66,1.86,1.66,1.79,107420
2010-03-15 00:00:00+05:30,1.73,1.83,1.73,1.76,12476
2010-03-16 00:00:00+05:30,1.8,1.8,1.75,1.75,15727
2010-03-17 00:00:00+05:30,1.71,1.84,1.71,1.81,12930
2010-03-18 00:00:00+05:30,1.86,1.86,1.72,1.74,19791
2010-03-19 00:00:00+05:30,1.73,1.76,1.71,1.74,7124
2010-03-22 00:00:00+05:30,1.71,1.71,1.67,1.69,27443
2010-03-23 00:00:00+05:30,1.71,1.71,1.63,1.67,15389
2010-03-25 00:00:00+05:30,1.67,1.71,1.67,1.68,5562
2010-03-26 00:00:00+05:30,1.71,1.71,1.67,1.69,13795
2010-03-29 00:00:00+05:30,1.76,1.76,1.59,1.62,46179
2010-03-30 00:00:00+05:30,1.68,1.69,1.6,1.62,57641
2010-03-31 00:00:00+05:30,1.59,1.63,1.59,1.63,10734
2010-04-01 00:00:00+05:30,1.75,1.75,1.67,1.67,5805
2010-04-05 00:00:00+05:30,1.67,1.8,1.67,1.77,8644
2010-04-06 00:00:00+05:30,1.82,1.88,1.76,1.84,56227
2010-04-07 00:00:00+05:30,1.82,1.99,1.82,1.97,48416
2010-04-08 00:00:00+05:30,1.97,2.01,1.87,1.95,225205
2010-04-09 00:00:00+05:30,1.79,1.98,1.77,1.86,22165
2010-04-12 00:00:00+05:30,1.8,1.85,1.75,1.84,3588
2010-04-13 00:00:00+05:30,1.8,1.94,1.8,1.85,3071
2010-04-15 00:00:00+05:30,1.83,1.84,1.83,1.84,6544
2010-04-16 00:00:00+05:30,1.72,1.73,1.66,1.66,77802
2010-04-19 00:00:00+05:30,1.54,1.74,1.52,1.65,88853
2010-04-20 00:00:00+05:30,1.63,1.73,1.63,1.67,32710
2010-04-21 00:00:00+05:30,1.71,1.73,1.68,1.72,30335
2010-04-22 00:00:00+05:30,1.78,1.8,1.75,1.8,28393
2010-04-23 00:00:00+05:30,1.8,1.89,1.78,1.8,64956
2010-04-26 00:00:00+05:30,1.78,1.82,1.73,1.74,10449
2010-04-27 00:00:00+05:30,1.75,1.79,1.75,1.79,12138
2010-04-28 00:00:00+05:30,1.71,1.71,1.71,1.71,9510
2010-04-29 00:00:00+05:30,1.75,1.75,1.69,1.71,61726
2010-04-30 00:00:00+05:30,1.71,1.8,1.56,1.71,84441
2010-05-03 00:00:00+05:30,1.73,1.82,1.73,1.78,151963
2010-05-04 00:00:00+05:30,1.78,1.78,1.76,1.76,21427
2010-05-05 00:00:00+05:30,1.75,1.78,1.75,1.78,7916
2010-05-06 00:00:00+05:30,1.71,1.77,1.71,1.72,13827
2010-05-07 00:00:00+05:30,1.68,1.71,1.39,1.53,167321
2010-05-10 00:00:00+05:30,1.58,1.83,1.58,1.79,190679
2010-05-11 00:00:00+05:30,1.85,1.87,1.61,1.62,105594
2010-05-12 00:00:00+05:30,1.73,1.73,1.61,1.62,16624
2010-05-13 00:00:00+05:30,1.59,1.64,1.59,1.64,3272
2010-05-14 00:00:00+05:30,1.56,1.68,1.56,1.59,13700
2010-05-17 00:00:00+05:30,1.57,1.71,1.57,1.67,31718
2010-05-18 00:00:00+05:30,1.58,1.65,1.58,1.63,2385
2010-05-19 00:00:00+05:30,1.48,1.64,1.48,1.55,137
2010-05-20 00:00:00+05:30,1.61,1.61,1.52,1.52,7124
2010-05-21 00:00:00+05:30,1.42,1.56,1.41,1.53,79354
2010-05-24 00:00:00+05:30,1.6,1.61,1.6,1.6,13985
2010-05-25 00:00:00+05:30,1.54,1.6,1.42,1.44,36626
2010-05-26 00:00:00+05:30,1.25,1.5,1.25,1.43,41956
2010-05-28 00:00:00+05:30,1.43,1.51,1.43,1.49,7061
2010-05-31 00:00:00+05:30,1.47,1.52,1.47,1.52,1646
2010-06-01 00:00:00+05:30,1.42,1.58,1.42,1.56,46654
2010-06-02 00:00:00+05:30,1.61,1.61,1.61,1.61,527
2010-06-03 00:00:00+05:30,1.61,1.61,1.52,1.52,633
2010-06-04 00:00:00+05:30,1.56,1.66,1.56,1.66,4222
2010-06-07 00:00:00+05:30,1.65,1.65,1.55,1.64,8275
2010-06-08 00:00:00+05:30,1.65,1.93,1.65,1.87,1338895
2010-06-09 00:00:00+05:30,1.88,2.13,1.88,2.01,1763658
2010-06-10 00:00:00+05:30,2.02,2.06,1.89,1.97,341070
2010-06-11 00:00:00+05:30,1.99,2.25,1.96,2.16,1691144
2010-06-14 00:00:00+05:30,2.18,2.22,2.12,2.14,478615
2010-06-15 00:00:00+05:30,2.04,2.18,1.92,1.95,607145
2010-06-16 00:00:00+05:30,1.95,2.02,1.83,1.85,291914
2010-06-17 00:00:00+05:30,1.89,1.93,1.85,1.89,228636
2010-06-18 00:00:00+05:30,1.93,2.08,1.8,1.83,175448
2010-06-21 00:00:00+05:30,1.84,1.94,1.84,1.89,108971
2010-06-22 00:00:00+05:30,1.88,1.89,1.82,1.84,75195
2010-06-23 00:00:00+05:30,1.85,1.86,1.8,1.86,40595
2010-06-24 00:00:00+05:30,1.54,1.89,1.54,1.89,143888
2010-06-25 00:00:00+05:30,1.92,1.93,1.84,1.86,49535
2010-06-28 00:00:00+05:30,1.88,1.9,1.77,1.84,141196
2010-06-29 00:00:00+05:30,1.87,1.87,1.8,1.81,100559
2010-06-30 00:00:00+05:30,1.8,1.85,1.8,1.81,17964
2010-07-01 00:00:00+05:30,1.84,1.89,1.84,1.85,41175
2010-07-02 00:00:00+05:30,1.94,2.08,1.87,1.97,340479
2010-07-05 00:00:00+05:30,2.08,2.08,1.9,2.02,80842
2010-07-06 00:00:00+05:30,1.99,2.08,1.95,2.05,262866
2010-07-07 00:00:00+05:30,2.07,2.28,2.04,2.19,1078351
2010-07-08 00:00:00+05:30,2.12,2.63,2.12,2.59,4515378
2010-07-09 00:00:00+05:30,2.63,2.65,2.37,2.46,609309
2010-07-12 00:00:00+05:30,2.53,2.59,2.35,2.38,215146
2010-07-13 00:00:00+05:30,2.42,2.46,2.27,2.33,144542
2010-07-14 00:00:00+05:30,2.44,2.51,2.31,2.31,71775
2010-07-15 00:00:00+05:30,2.35,2.41,2.31,2.37,96685
2010-07-16 00:00:00+05:30,2.33,2.51,2.33,2.38,244711
2010-07-19 00:00:00+05:30,2.5,2.5,2.33,2.43,219791
2010-07-20 00:00:00+05:30,2.2,2.89,2.2,2.8,2881992
2010-07-21 00:00:00+05:30,2.84,3.07,2.84,3.01,2769780
2010-07-22 00:00:00+05:30,3.02,3.02,2.86,2.92,728287
2010-07-23 00:00:00+05:30,3.02,3.02,2.75,2.77,137217
2010-07-26 00:00:00+05:30,2.59,2.78,2.59,2.67,128256
2010-07-27 00:00:00+05:30,2.61,2.64,2.55,2.59,150137
2010-07-28 00:00:00+05:30,2.65,2.68,2.55,2.55,91101
2010-07-29 00:00:00+05:30,2.56,2.62,2.52,2.57,43255
2010-07-30 00:00:00+05:30,2.52,2.6,2.52,2.54,50369
2010-08-02 00:00:00+05:30,2.42,2.6,2.42,2.55,105182
2010-08-03 00:00:00+05:30,2.56,2.65,2.56,2.57,62835
2010-08-04 00:00:00+05:30,2.56,2.67,2.54,2.57,228921
2010-08-05 00:00:00+05:30,2.57,2.61,2.57,2.59,164819
2010-08-06 00:00:00+05:30,2.65,2.82,2.52,2.54,485887
2010-08-09 00:00:00+05:30,2.58,2.61,2.55,2.59,25501
2010-08-10 00:00:00+05:30,2.58,2.61,2.56,2.57,76599
2010-08-11 00:00:00+05:30,2.63,2.63,2.51,2.53,108613
2010-08-12 00:00:00+05:30,2.5,2.59,2.5,2.52,30895
2010-08-13 00:00:00+05:30,2.51,2.55,2.47,2.5,12560
2010-08-16 00:00:00+05:30,2.46,2.55,2.41,2.49,65611
2010-08-17 00:00:00+05:30,2.42,2.56,2.42,2.48,26388
2010-08-18 00:00:00+05:30,2.51,2.51,2.44,2.5,31961
2010-08-19 00:00:00+05:30,2.51,2.75,2.46,2.64,504496
2010-08-20 00:00:00+05:30,2.72,2.75,2.56,2.6,115706
2010-08-23 00:00:00+05:30,2.68,2.68,2.56,2.6,34884
2010-08-24 00:00:00+05:30,2.74,2.75,2.54,2.55,37175
2010-08-25 00:00:00+05:30,2.65,2.65,2.47,2.51,81454
2010-08-26 00:00:00+05:30,2.46,2.52,2.4,2.46,27918
2010-08-27 00:00:00+05:30,2.37,2.4,2.27,2.28,195936
2010-08-30 00:00:00+05:30,2.32,2.35,2.25,2.26,41123
2010-08-31 00:00:00+05:30,2.23,2.34,2.19,2.21,41735
2010-09-01 00:00:00+05:30,2.18,2.41,2.18,2.24,96400
2010-09-02 00:00:00+05:30,2.32,2.42,2.2,2.37,82942
2010-09-03 00:00:00+05:30,2.41,2.44,2.29,2.33,30842
2010-09-06 00:00:00+05:30,2.4,2.44,2.37,2.37,111378
2010-09-07 00:00:00+05:30,2.32,2.45,2.32,2.42,58444
2010-09-08 00:00:00+05:30,2.39,2.46,2.39,2.45,20519
2010-09-09 00:00:00+05:30,2.38,2.39,2.27,2.36,81486
2010-09-13 00:00:00+05:30,2.33,2.42,2.27,2.38,52322
2010-09-14 00:00:00+05:30,2.28,2.35,2.28,2.31,36436
2010-09-15 00:00:00+05:30,2.3,2.3,2.26,2.3,30156
2010-09-16 00:00:00+05:30,2.23,2.3,2.23,2.25,22567
2010-09-17 00:00:00+05:30,2.25,2.32,2.22,2.23,31855
2010-09-20 00:00:00+05:30,2.19,2.27,2.18,2.27,11579
2010-09-21 00:00:00+05:30,2.27,2.31,2.23,2.3,57483
2010-09-22 00:00:00+05:30,2.27,2.3,2.24,2.24,12159
2010-09-23 00:00:00+05:30,2.25,2.27,2.23,2.27,35877
2010-09-24 00:00:00+05:30,2.2,2.43,2.2,2.34,132858
2010-09-27 00:00:00+05:30,2.43,2.53,2.37,2.44,119210
2010-09-28 00:00:00+05:30,2.55,2.65,2.47,2.48,275480
2010-09-29 00:00:00+05:30,2.53,2.53,2.39,2.42,120044
2010-09-30 00:00:00+05:30,2.51,2.51,2.37,2.49,36320
2010-10-01 00:00:00+05:30,2.61,2.61,2.29,2.32,118387
2010-10-04 00:00:00+05:30,2.32,2.37,2.27,2.29,51435
2010-10-05 00:00:00+05:30,2.44,2.44,2.28,2.29,33533
2010-10-06 00:00:00+05:30,2.27,2.31,2.22,2.25,153430
2010-10-07 00:00:00+05:30,2.19,2.27,2.19,2.24,81581
2010-10-08 00:00:00+05:30,2.19,2.21,2.19,2.21,8306
2010-10-11 00:00:00+05:30,2.16,2.21,2.16,2.19,59943
2010-10-12 00:00:00+05:30,2.18,2.27,2.18,2.2,20740
2010-10-13 00:00:00+05:30,2.36,2.36,2.27,2.32,60629
2010-10-14 00:00:00+05:30,2.37,2.41,2.29,2.39,190595
2010-10-15 00:00:00+05:30,2.33,2.33,2.19,2.23,55467
2010-10-18 00:00:00+05:30,2.39,2.39,2.17,2.24,26451
2010-10-19 00:00:00+05:30,2.18,2.27,2.18,2.21,51614
2010-10-20 00:00:00+05:30,2.2,2.3,2.2,2.23,28889
2010-10-21 00:00:00+05:30,2.35,2.35,2.18,2.2,202037
2010-10-22 00:00:00+05:30,2.19,2.21,2.13,2.14,94173
2010-10-25 00:00:00+05:30,2.14,2.17,2.08,2.12,77200
2010-10-26 00:00:00+05:30,2.16,2.16,2.05,2.07,74720
2010-10-27 00:00:00+05:30,2.08,2.14,1.97,2.02,309520
2010-10-28 00:00:00+05:30,2.05,2.05,1.89,1.95,521595
2010-10-29 00:00:00+05:30,2.04,2.04,1.93,1.96,4211
2010-11-01 00:00:00+05:30,2.08,2.27,2.04,2.23,265431
2010-11-02 00:00:00+05:30,2.31,2.58,2.01,2.54,735961
2010-11-03 00:00:00+05:30,2.56,3.06,2.56,3.06,2358222
2010-11-04 00:00:00+05:30,3.17,3.17,2.75,2.76,789772
2010-11-05 00:00:00+05:30,2.82,2.98,2.72,2.93,173010
2010-11-08 00:00:00+05:30,3.02,3.08,2.67,2.96,463331
2010-11-09 00:00:00+05:30,3.0,3.25,2.88,3.2,590067
2010-11-10 00:00:00+05:30,3.39,3.52,3.24,3.52,710607
2010-11-11 00:00:00+05:30,3.7,3.88,3.6,3.88,718862
2010-11-12 00:00:00+05:30,4.06,4.07,3.69,3.69,193255
2010-11-15 00:00:00+05:30,3.55,3.55,3.5,3.5,54116
2010-11-16 00:00:00+05:30,3.33,3.4,3.33,3.33,222345
2010-11-18 00:00:00+05:30,3.16,3.29,3.16,3.16,163890
2010-11-19 00:00:00+05:30,3.01,3.22,3.0,3.0,139339
2010-11-22 00:00:00+05:30,2.86,3.02,2.86,2.86,131475
2010-11-23 00:00:00+05:30,2.86,2.97,2.72,2.72,81538
2010-11-24 00:00:00+05:30,2.63,2.83,2.59,2.71,453462
2010-11-25 00:00:00+05:30,2.59,2.84,2.58,2.58,139550
2010-11-26 00:00:00+05:30,2.47,2.47,2.45,2.45,46727
2010-11-29 00:00:00+05:30,2.34,2.55,2.34,2.39,69316
2010-11-30 00:00:00+05:30,2.51,2.51,2.45,2.51,45165
2010-12-01 00:00:00+05:30,2.63,2.64,2.63,2.64,6417
2010-12-02 00:00:00+05:30,2.7,2.77,2.7,2.77,89877
2010-12-03 00:00:00+05:30,2.91,2.91,2.79,2.79,152955
2010-12-06 00:00:00+05:30,2.67,2.93,2.67,2.7,96136
2010-12-07 00:00:00+05:30,2.59,2.69,2.57,2.57,46189
2010-12-08 00:00:00+05:30,2.47,2.67,2.44,2.49,35381
2010-12-09 00:00:00+05:30,2.46,2.46,2.37,2.42,135623
2010-12-10 00:00:00+05:30,2.3,2.3,2.3,2.3,81908
2010-12-13 00:00:00+05:30,2.27,2.37,2.18,2.18,127327
2010-12-14 00:00:00+05:30,2.18,2.29,2.07,2.29,82087
2010-12-15 00:00:00+05:30,2.23,2.23,2.18,2.18,86774
2010-12-16 00:00:00+05:30,2.13,2.2,2.1,2.13,16487
2010-12-20 00:00:00+05:30,2.21,2.24,2.21,2.24,5805
2010-12-21 00:00:00+05:30,2.35,2.35,2.35,2.35,15178
2010-12-22 00:00:00+05:30,2.47,2.47,2.37,2.47,118608
2010-12-23 00:00:00+05:30,2.48,2.55,2.35,2.35,39159
2010-12-24 00:00:00+05:30,2.41,2.42,2.24,2.42,23115
2010-12-27 00:00:00+05:30,2.31,2.42,2.3,2.34,2501
2010-12-28 00:00:00+05:30,2.25,2.41,2.25,2.31,5340
2010-12-29 00:00:00+05:30,2.37,2.4,2.37,2.39,12571
2010-12-30 00:00:00+05:30,2.48,2.48,2.32,2.32,33512
2010-12-31 00:00:00+05:30,2.32,2.41,2.27,2.4,23844
2011-01-03 00:00:00+05:30,2.37,2.52,2.37,2.52,22809
2011-01-04 00:00:00+05:30,2.56,2.65,2.56,2.63,37671
2011-01-05 00:00:00+05:30,2.65,2.69,2.53,2.56,16487
2011-01-06 00:00:00+05:30,2.46,2.58,2.46,2.48,5678
2011-01-07 00:00:00+05:30,2.41,2.55,2.4,2.47,17268
2011-01-10 00:00:00+05:30,2.36,2.46,2.35,2.35,13151
2011-01-11 00:00:00+05:30,2.24,2.4,2.24,2.37,5045
2011-01-12 00:00:00+05:30,2.27,2.28,2.27,2.28,2227
2011-01-13 00:00:00+05:30,2.23,2.39,2.23,2.28,7525
2011-01-14 00:00:00+05:30,2.37,2.39,2.27,2.28,33512
2011-01-17 00:00:00+05:30,2.2,2.27,2.17,2.18,7494
2011-01-18 00:00:00+05:30,2.26,2.26,2.18,2.25,2659
2011-01-19 00:00:00+05:30,2.27,2.27,2.15,2.15,24920
2011-01-20 00:00:00+05:30,2.13,2.13,2.13,2.13,1319
2011-01-21 00:00:00+05:30,2.08,2.13,2.08,2.08,27443
2011-01-24 00:00:00+05:30,2.08,2.14,2.08,2.12,7261
2011-01-25 00:00:00+05:30,2.14,2.14,2.06,2.08,6860
2011-01-27 00:00:00+05:30,2.08,2.17,2.05,2.11,23263
2011-01-28 00:00:00+05:30,2.01,2.07,2.01,2.02,7114
2011-01-31 00:00:00+05:30,1.95,2.05,1.92,1.98,13194
2011-02-01 00:00:00+05:30,1.89,2.04,1.89,1.89,14355
2011-02-02 00:00:00+05:30,1.8,1.89,1.8,1.83,6976
2011-02-03 00:00:00+05:30,1.75,1.89,1.75,1.89,31211
2011-02-04 00:00:00+05:30,1.89,1.89,1.82,1.86,15832
2011-02-07 00:00:00+05:30,1.77,1.77,1.77,1.77,6333
2011-02-08 00:00:00+05:30,1.75,1.75,1.68,1.68,6333
2011-02-09 00:00:00+05:30,1.7,1.74,1.65,1.71,15410
2011-02-10 00:00:00+05:30,1.7,1.7,1.62,1.7,7736
2011-02-11 00:00:00+05:30,1.62,1.66,1.62,1.65,15600
2011-02-14 00:00:00+05:30,1.73,1.73,1.72,1.72,6343
2011-02-15 00:00:00+05:30,1.72,1.81,1.71,1.78,12201
2011-02-16 00:00:00+05:30,1.71,1.71,1.71,1.71,147
2011-02-17 00:00:00+05:30,1.73,1.76,1.73,1.76,2828
2011-02-18 00:00:00+05:30,1.71,1.85,1.71,1.73,15305
2011-02-21 00:00:00+05:30,1.82,1.82,1.74,1.81,4749
2011-02-22 00:00:00+05:30,1.73,1.73,1.72,1.72,2100
2011-02-23 00:00:00+05:30,1.71,1.78,1.71,1.71,35359
2011-02-24 00:00:00+05:30,1.65,1.79,1.62,1.79,46442
2011-02-25 00:00:00+05:30,1.7,1.75,1.7,1.7,6860
2011-02-28 00:00:00+05:30,1.62,1.62,1.62,1.62,6333
2011-03-01 00:00:00+05:30,1.53,1.65,1.53,1.65,3177
2011-03-03 00:00:00+05:30,1.61,1.61,1.61,1.61,263
2011-03-04 00:00:00+05:30,1.69,1.69,1.57,1.64,23284
2011-03-07 00:00:00+05:30,1.56,1.71,1.56,1.71,41629
2011-03-08 00:00:00+05:30,1.77,1.81,1.76,1.81,3704
2011-03-09 00:00:00+05:30,1.89,1.89,1.75,1.88,18334
2011-03-10 00:00:00+05:30,1.8,1.97,1.8,1.89,65685
2011-03-11 00:00:00+05:30,1.75,1.88,1.73,1.77,21332
2011-03-14 00:00:00+05:30,1.62,1.89,1.62,1.83,6079
2011-03-15 00:00:00+05:30,1.77,1.84,1.77,1.84,5288
2011-03-17 00:00:00+05:30,1.69,1.72,1.66,1.68,9921
2011-03-18 00:00:00+05:30,1.62,1.68,1.58,1.62,11040
2011-03-21 00:00:00+05:30,1.61,1.75,1.48,1.53,54760
2011-03-22 00:00:00+05:30,1.52,1.59,1.52,1.54,14302
2011-03-23 00:00:00+05:30,1.69,1.69,1.54,1.62,12666
2011-03-24 00:00:00+05:30,1.7,1.75,1.58,1.61,31528
2011-03-25 00:00:00+05:30,1.56,1.65,1.56,1.6,23221
2011-03-28 00:00:00+05:30,1.47,1.7,1.47,1.6,27337
2011-03-29 00:00:00+05:30,1.73,1.73,1.45,1.49,65252
2011-03-30 00:00:00+05:30,1.55,1.61,1.52,1.6,8243
2011-03-31 00:00:00+05:30,1.53,1.53,1.52,1.52,10544
2011-04-01 00:00:00+05:30,1.52,1.66,1.52,1.53,68302
2011-04-04 00:00:00+05:30,1.53,1.65,1.53,1.65,19009
2011-04-05 00:00:00+05:30,1.64,1.69,1.56,1.56,12814
2011-04-06 00:00:00+05:30,1.53,1.69,1.53,1.67,62655
2011-04-07 00:00:00+05:30,1.71,1.84,1.71,1.82,84431
2011-04-08 00:00:00+05:30,1.89,1.95,1.77,1.8,35676
2011-04-11 00:00:00+05:30,1.84,1.84,1.84,1.84,5277
2011-04-13 00:00:00+05:30,1.76,2.02,1.76,1.77,13742
2011-04-15 00:00:00+05:30,1.72,1.84,1.71,1.79,48237
2011-04-18 00:00:00+05:30,1.73,1.86,1.71,1.71,60724
2011-04-19 00:00:00+05:30,1.79,1.79,1.71,1.71,5277
2011-04-20 00:00:00+05:30,1.67,1.79,1.67,1.79,20709
2011-04-21 00:00:00+05:30,1.75,1.83,1.71,1.8,4718
2011-04-25 00:00:00+05:30,1.76,1.76,1.73,1.74,4929
2011-04-26 00:00:00+05:30,1.73,1.73,1.57,1.57,152396
2011-04-27 00:00:00+05:30,1.61,1.69,1.57,1.66,22429
2011-04-28 00:00:00+05:30,1.61,1.68,1.61,1.61,29976
2011-04-29 00:00:00+05:30,1.72,1.72,1.57,1.62,54760
2011-05-02 00:00:00+05:30,1.71,1.71,1.57,1.57,23759
2011-05-03 00:00:00+05:30,1.7,1.7,1.44,1.65,76060
2011-05-04 00:00:00+05:30,1.52,1.67,1.52,1.53,133080
2011-05-05 00:00:00+05:30,1.51,1.59,1.5,1.54,14724
2011-05-06 00:00:00+05:30,1.52,1.62,1.52,1.62,8264
2011-05-09 00:00:00+05:30,1.6,1.66,1.53,1.57,35771
2011-05-10 00:00:00+05:30,1.52,1.7,1.48,1.52,102733
2011-05-11 00:00:00+05:30,1.46,1.57,1.46,1.57,2955
2011-05-12 00:00:00+05:30,1.5,1.52,1.5,1.52,12602
2011-05-13 00:00:00+05:30,1.43,1.62,1.43,1.58,1614
2011-05-16 00:00:00+05:30,1.52,1.59,1.52,1.59,865
2011-05-17 00:00:00+05:30,1.61,1.61,1.37,1.41,28942
2011-05-18 00:00:00+05:30,1.56,1.56,1.42,1.5,92621
2011-05-19 00:00:00+05:30,1.48,1.52,1.41,1.42,27580
2011-05-20 00:00:00+05:30,1.42,1.54,1.35,1.4,8824
2011-05-23 00:00:00+05:30,1.38,1.52,1.33,1.42,62275
2011-05-24 00:00:00+05:30,1.34,1.51,1.34,1.36,8581
2011-05-25 00:00:00+05:30,1.36,1.36,1.34,1.34,474
2011-05-26 00:00:00+05:30,1.46,1.51,1.26,1.35,13120
2011-05-27 00:00:00+05:30,1.38,1.44,1.31,1.44,6628
2011-05-30 00:00:00+05:30,1.33,1.41,1.33,1.4,2100
2011-05-31 00:00:00+05:30,1.33,1.51,1.33,1.44,32985
2011-06-01 00:00:00+05:30,1.43,1.5,1.42,1.5,21975
2011-06-02 00:00:00+05:30,1.42,1.51,1.42,1.51,4264
2011-06-03 00:00:00+05:30,1.42,1.51,1.42,1.49,25965
2011-06-06 00:00:00+05:30,1.42,1.46,1.33,1.4,69052
2011-06-07 00:00:00+05:30,1.38,1.45,1.33,1.37,33322
2011-06-08 00:00:00+05:30,1.4,1.43,1.37,1.38,14576
2011-06-09 00:00:00+05:30,1.34,1.39,1.33,1.36,9077
2011-06-10 00:00:00+05:30,1.29,1.44,1.29,1.42,844
2011-06-13 00:00:00+05:30,1.33,1.37,1.33,1.37,569
2011-06-14 00:00:00+05:30,1.36,1.36,1.32,1.32,2691
2011-06-15 00:00:00+05:30,1.37,1.37,1.33,1.33,26282
2011-06-16 00:00:00+05:30,1.28,1.33,1.28,1.33,17120
2011-06-17 00:00:00+05:30,1.27,1.33,1.27,1.33,70192
2011-06-20 00:00:00+05:30,1.28,1.28,1.06,1.13,454770
2011-06-21 00:00:00+05:30,1.12,1.16,1.12,1.12,37872
2011-06-22 00:00:00+05:30,1.13,1.13,1.05,1.05,31412
2011-06-23 00:00:00+05:30,1.04,1.13,1.04,1.06,56470
2011-06-24 00:00:00+05:30,1.14,1.14,1.08,1.12,49704
2011-06-27 00:00:00+05:30,1.13,1.13,1.09,1.09,27105
2011-06-28 00:00:00+05:30,1.12,1.12,1.02,1.06,20582
2011-06-29 00:00:00+05:30,1.08,1.14,1.08,1.13,16350
2011-06-30 00:00:00+05:30,1.04,1.17,1.04,1.16,31781
2011-07-01 00:00:00+05:30,1.16,1.22,1.16,1.22,527
2011-07-04 00:00:00+05:30,1.16,1.18,1.08,1.15,13837
2011-07-05 00:00:00+05:30,1.14,1.21,1.08,1.11,11790
2011-07-06 00:00:00+05:30,1.1,1.14,1.1,1.1,9499
2011-07-07 00:00:00+05:30,1.16,1.16,1.13,1.13,16233
2011-07-08 00:00:00+05:30,1.13,1.14,1.1,1.13,10576
2011-07-11 00:00:00+05:30,1.04,1.3,1.04,1.16,8095
2011-07-12 00:00:00+05:30,1.16,1.17,1.08,1.17,30293
2011-07-13 00:00:00+05:30,1.13,1.13,1.11,1.11,4222
2011-07-14 00:00:00+05:30,1.11,1.11,1.11,1.11,31
2011-07-15 00:00:00+05:30,1.07,1.11,1.06,1.11,4148
2011-07-18 00:00:00+05:30,1.07,1.15,1.07,1.11,4327
2011-07-19 00:00:00+05:30,1.14,1.18,1.14,1.14,8106
2011-07-20 00:00:00+05:30,1.18,1.35,1.18,1.32,73485
2011-07-21 00:00:00+05:30,1.33,1.42,1.26,1.37,26535
2011-07-22 00:00:00+05:30,1.44,1.44,1.25,1.29,41059
2011-07-25 00:00:00+05:30,1.43,1.43,1.26,1.33,8169
2011-07-26 00:00:00+05:30,1.44,1.44,1.33,1.35,19442
2011-07-27 00:00:00+05:30,1.33,1.33,1.33,1.33,791
2011-07-28 00:00:00+05:30,1.31,1.35,1.31,1.31,1161
2011-07-29 00:00:00+05:30,1.26,1.26,1.26,1.26,1055
2011-08-01 00:00:00+05:30,1.23,1.49,1.23,1.36,18735
2011-08-02 00:00:00+05:30,1.39,1.39,1.25,1.37,4274
2011-08-04 00:00:00+05:30,1.33,1.33,1.28,1.28,17152
2011-08-05 00:00:00+05:30,1.23,1.32,1.23,1.3,3535
2011-08-08 00:00:00+05:30,1.14,1.16,1.04,1.11,261642
2011-08-09 00:00:00+05:30,1.04,1.13,1.04,1.12,19094
2011-08-10 00:00:00+05:30,1.32,1.32,1.07,1.25,18492
2011-08-11 00:00:00+05:30,1.14,1.28,1.08,1.28,116
2011-08-12 00:00:00+05:30,1.16,1.3,1.12,1.25,23137
2011-08-16 00:00:00+05:30,1.32,1.32,1.06,1.06,11093
2011-08-17 00:00:00+05:30,1.14,1.26,1.06,1.14,14059
2011-08-18 00:00:00+05:30,1.23,1.23,1.05,1.07,12909
2011-08-19 00:00:00+05:30,1.06,1.14,1.01,1.13,327
2011-08-22 00:00:00+05:30,1.04,1.14,1.0,1.04,27728
2011-08-23 00:00:00+05:30,1.12,1.23,1.09,1.09,20941
2011-08-24 00:00:00+05:30,1.0,1.22,1.0,1.11,24730
2011-08-25 00:00:00+05:30,1.07,1.07,1.07,1.07,316
2011-08-26 00:00:00+05:30,1.01,1.21,0.99,1.02,21173
2011-08-29 00:00:00+05:30,1.14,1.14,1.1,1.1,7399
2011-08-30 00:00:00+05:30,1.15,1.16,1.13,1.13,23432
2011-09-02 00:00:00+05:30,1.12,1.12,1.12,1.12,3799
2011-09-05 00:00:00+05:30,1.09,1.11,1.09,1.11,13827
2011-09-06 00:00:00+05:30,1.08,1.11,1.08,1.09,84
2011-09-07 00:00:00+05:30,1.06,1.1,1.05,1.1,16993
2011-09-08 00:00:00+05:30,1.15,1.16,1.09,1.09,13890
2011-09-09 00:00:00+05:30,1.06,1.19,1.06,1.19,42
2011-09-12 00:00:00+05:30,1.1,1.14,1.06,1.09,1087
2011-09-13 00:00:00+05:30,1.08,1.09,1.05,1.06,15442
2011-09-14 00:00:00+05:30,1.05,1.21,1.05,1.08,35402
2011-09-15 00:00:00+05:30,1.08,1.1,1.08,1.08,1002
2011-09-16 00:00:00+05:30,1.15,1.15,1.08,1.08,11188
2011-09-19 00:00:00+05:30,1.13,1.13,1.13,1.13,105
2011-09-20 00:00:00+05:30,1.07,1.14,1.07,1.08,20709
2011-09-21 00:00:00+05:30,1.14,1.18,1.09,1.09,26936
2011-09-22 00:00:00+05:30,1.06,1.28,1.06,1.16,9573
2011-09-26 00:00:00+05:30,1.07,1.2,1.07,1.09,2659
2011-09-27 00:00:00+05:30,1.18,1.18,1.08,1.14,14597
2011-09-28 00:00:00+05:30,1.18,1.23,1.12,1.12,9594
2011-09-29 00:00:00+05:30,1.18,1.18,0.97,1.09,11294
2011-09-30 00:00:00+05:30,1.07,1.12,1.07,1.12,17278
2011-10-03 00:00:00+05:30,1.09,1.21,1.04,1.21,14576
2011-10-05 00:00:00+05:30,1.37,1.37,1.09,1.1,2269
2011-10-07 00:00:00+05:30,1.14,1.14,1.07,1.07,1498
2011-10-10 00:00:00+05:30,1.09,1.09,1.09,1.09,1055
2011-10-11 00:00:00+05:30,1.09,1.14,1.09,1.14,4222
2011-10-12 00:00:00+05:30,1.07,1.09,1.07,1.09,2860
2011-10-13 00:00:00+05:30,1.23,1.31,1.12,1.22,55499
2011-10-14 00:00:00+05:30,1.27,1.27,1.27,1.27,10
2011-10-17 00:00:00+05:30,1.23,1.29,1.15,1.22,25226
2011-10-18 00:00:00+05:30,1.35,1.35,1.24,1.24,19147
2011-10-19 00:00:00+05:30,1.23,1.23,1.23,1.23,527
2011-10-20 00:00:00+05:30,1.42,1.46,1.07,1.3,136162
2011-10-21 00:00:00+05:30,1.28,1.28,1.28,1.28,4243
2011-10-25 00:00:00+05:30,1.33,1.33,1.33,1.33,527
2011-10-26 00:00:00+05:30,1.24,1.35,1.24,1.35,5277
2011-10-28 00:00:00+05:30,1.31,1.34,1.25,1.33,10914
2011-10-31 00:00:00+05:30,1.28,1.28,1.25,1.25,3208
2011-11-01 00:00:00+05:30,1.25,1.25,1.25,1.25,2807
2011-11-02 00:00:00+05:30,1.24,1.24,1.23,1.23,9563
2011-11-03 00:00:00+05:30,1.24,1.24,1.24,1.24,2111
2011-11-04 00:00:00+05:30,1.23,1.28,1.23,1.26,28583
2011-11-08 00:00:00+05:30,1.24,1.34,1.24,1.34,10143
2011-11-11 00:00:00+05:30,1.39,1.39,1.26,1.26,1076
2011-11-14 00:00:00+05:30,1.24,1.24,1.24,1.24,10
2011-11-15 00:00:00+05:30,1.34,1.34,1.16,1.16,2491
2011-11-16 00:00:00+05:30,1.14,1.14,1.1,1.11,1424
2011-11-17 00:00:00+05:30,1.14,1.14,1.13,1.13,2902
2011-11-18 00:00:00+05:30,1.03,1.22,1.03,1.22,15621
2011-11-21 00:00:00+05:30,1.1,1.22,1.1,1.22,6343
2011-11-22 00:00:00+05:30,1.3,1.3,1.1,1.1,9499
2011-11-23 00:00:00+05:30,1.09,1.09,1.09,1.09,11346
2011-11-24 00:00:00+05:30,1.02,1.12,1.02,1.08,80082
2011-11-25 00:00:00+05:30,1.03,1.16,1.03,1.15,17943
2011-11-28 00:00:00+05:30,1.07,1.17,1.07,1.07,13109
2011-11-29 00:00:00+05:30,1.11,1.11,1.01,1.1,379
2011-11-30 00:00:00+05:30,1.0,1.11,1.0,1.11,5172
2011-12-01 00:00:00+05:30,1.01,1.07,1.01,1.02,12887
2011-12-02 00:00:00+05:30,0.97,1.05,0.97,1.04,9710
2011-12-05 00:00:00+05:30,0.98,1.02,0.98,1.0,31496
2011-12-08 00:00:00+05:30,0.98,0.98,0.94,0.94,14355
2011-12-09 00:00:00+05:30,1.02,1.02,1.02,1.02,116
2011-12-12 00:00:00+05:30,0.95,1.06,0.93,1.01,1055
2011-12-13 00:00:00+05:30,0.94,0.95,0.94,0.95,9668
2011-12-14 00:00:00+05:30,0.96,1.02,0.9,0.99,28551
2011-12-15 00:00:00+05:30,0.9,0.94,0.9,0.9,43054
2011-12-16 00:00:00+05:30,0.9,0.9,0.82,0.84,22049
2011-12-19 00:00:00+05:30,0.78,0.79,0.78,0.78,2142
2011-12-20 00:00:00+05:30,0.79,0.81,0.78,0.79,19126
2011-12-21 00:00:00+05:30,0.82,0.82,0.82,0.82,2111
2011-12-22 00:00:00+05:30,0.86,0.86,0.85,0.85,3683
2011-12-29 00:00:00+05:30,0.81,0.81,0.81,0.81,5541
2011-12-30 00:00:00+05:30,0.84,0.84,0.83,0.83,11346
2012-01-02 00:00:00+05:30,0.81,0.81,0.8,0.8,527
2012-01-03 00:00:00+05:30,0.8,0.8,0.76,0.78,3219
2012-01-04 00:00:00+05:30,0.76,0.81,0.76,0.81,802
2012-01-05 00:00:00+05:30,0.78,0.82,0.77,0.81,23115
2012-01-06 00:00:00+05:30,0.75,0.76,0.73,0.75,19696
2012-01-07 00:00:00+05:30,0.81,0.81,0.81,0.81,263
2012-01-12 00:00:00+05:30,0.76,0.9,0.76,0.89,45693
2012-01-13 00:00:00+05:30,0.98,0.98,0.95,0.98,24118
2012-01-16 00:00:00+05:30,1.07,1.07,1.06,1.07,9045
2012-01-17 00:00:00+05:30,1.12,1.12,1.07,1.07,26588
2012-01-18 00:00:00+05:30,1.06,1.06,1.06,1.06,3757
2012-01-19 00:00:00+05:30,1.11,1.11,1.06,1.06,4496
2012-01-20 00:00:00+05:30,1.04,1.04,1.03,1.03,5488
2012-01-23 00:00:00+05:30,1.08,1.08,1.08,1.08,11378
2012-01-24 00:00:00+05:30,1.12,1.12,1.12,1.12,527
2012-02-02 00:00:00+05:30,1.12,1.12,1.12,1.12,316
2012-02-03 00:00:00+05:30,1.17,1.17,1.07,1.11,16202
2012-02-06 00:00:00+05:30,1.06,1.15,1.06,1.15,14534
2012-02-07 00:00:00+05:30,1.15,1.15,1.14,1.15,1066
2012-02-09 00:00:00+05:30,1.13,1.13,1.12,1.12,5298
2012-02-17 00:00:00+05:30,1.08,1.09,1.08,1.09,21638
2012-02-21 00:00:00+05:30,1.04,1.04,1.04,1.04,738
2012-02-22 00:00:00+05:30,0.99,1.04,0.99,1.04,274
2012-02-23 00:00:00+05:30,0.99,0.99,0.99,0.99,538
2012-02-24 00:00:00+05:30,0.94,1.04,0.94,1.04,633
2012-02-27 00:00:00+05:30,1.08,1.08,1.08,1.08,15843
2012-02-28 00:00:00+05:30,1.11,1.11,1.03,1.03,263
2012-02-29 00:00:00+05:30,1.03,1.03,0.99,0.99,2638
2012-03-01 00:00:00+05:30,0.95,1.01,0.94,1.01,6786
2012-03-05 00:00:00+05:30,0.97,1.01,0.97,1.01,5815
2012-03-06 00:00:00+05:30,1.01,1.01,0.91,0.91,10808
2012-03-07 00:00:00+05:30,1.0,1.0,0.86,0.97,10270
2012-03-09 00:00:00+05:30,0.88,1.0,0.88,0.9,432
2012-03-12 00:00:00+05:30,0.98,0.98,0.81,0.97,16561
2012-03-13 00:00:00+05:30,0.99,1.0,0.95,0.95,1847
2012-03-14 00:00:00+05:30,0.99,0.99,0.87,0.96,9098
2012-03-15 00:00:00+05:30,0.89,0.99,0.88,0.92,22144
2012-03-16 00:00:00+05:30,0.89,0.89,0.89,0.89,263
2012-03-20 00:00:00+05:30,0.82,0.82,0.81,0.82,6069
2012-03-21 00:00:00+05:30,0.82,0.85,0.82,0.84,19231
2012-03-22 00:00:00+05:30,0.77,0.85,0.76,0.77,27401
2012-03-23 00:00:00+05:30,0.8,0.8,0.76,0.76,73
2012-03-26 00:00:00+05:30,0.72,0.82,0.72,0.76,485
2012-03-27 00:00:00+05:30,0.68,0.79,0.68,0.79,443
2012-03-28 00:00:00+05:30,0.75,0.75,0.75,0.75,4485
2012-03-29 00:00:00+05:30,0.75,0.77,0.72,0.75,23506
2012-03-30 00:00:00+05:30,0.79,0.79,0.72,0.76,25828
2012-04-02 00:00:00+05:30,0.73,0.79,0.72,0.79,2744
2012-04-03 00:00:00+05:30,0.76,0.76,0.76,0.76,10
2012-04-04 00:00:00+05:30,0.8,0.8,0.8,0.8,30493
2012-04-09 00:00:00+05:30,0.8,0.83,0.8,0.83,263
2012-04-10 00:00:00+05:30,0.83,0.87,0.83,0.84,13690
2012-04-11 00:00:00+05:30,0.81,0.88,0.81,0.88,559
2012-04-13 00:00:00+05:30,0.89,0.92,0.89,0.9,31602
2012-04-16 00:00:00+05:30,0.9,0.92,0.9,0.92,7800
2012-04-17 00:00:00+05:30,0.94,0.96,0.94,0.96,16888
2012-04-18 00:00:00+05:30,0.96,0.96,0.95,0.96,1435
2012-04-23 00:00:00+05:30,0.92,0.95,0.91,0.95,7916
2012-04-24 00:00:00+05:30,0.91,0.91,0.91,0.91,8845
2012-04-25 00:00:00+05:30,0.87,0.93,0.87,0.92,1435
2012-04-30 00:00:00+05:30,0.87,0.87,0.87,0.87,17901
2012-05-02 00:00:00+05:30,0.85,0.85,0.85,0.85,538
2012-05-03 00:00:00+05:30,0.81,0.85,0.81,0.85,23168
2012-05-04 00:00:00+05:30,0.81,0.81,0.81,0.81,7040
2012-05-07 00:00:00+05:30,0.78,0.78,0.78,0.78,1055
2012-05-09 00:00:00+05:30,0.77,0.78,0.77,0.78,548
2012-05-14 00:00:00+05:30,0.76,0.81,0.76,0.81,21
2012-05-18 00:00:00+05:30,0.78,0.81,0.78,0.81,791
2012-05-23 00:00:00+05:30,0.77,0.77,0.77,0.77,13014
2012-05-24 00:00:00+05:30,0.77,0.77,0.77,0.77,10
2012-05-28 00:00:00+05:30,0.73,0.73,0.73,0.73,52
2012-06-05 00:00:00+05:30,0.72,0.72,0.7,0.7,34832
2012-06-06 00:00:00+05:30,0.68,0.68,0.68,0.68,13721
2012-06-08 00:00:00+05:30,0.71,0.71,0.67,0.67,802
2012-06-12 00:00:00+05:30,0.68,0.68,0.68,0.68,2111
2012-06-13 00:00:00+05:30,0.66,0.68,0.66,0.68,19009
2012-06-15 00:00:00+05:30,0.68,0.68,0.68,0.68,10565
2012-06-18 00:00:00+05:30,0.7,0.7,0.68,0.69,21
2012-06-19 00:00:00+05:30,0.72,0.72,0.72,0.72,791
2012-06-29 00:00:00+05:30,0.69,0.69,0.69,0.69,2111
2012-07-03 00:00:00+05:30,0.66,0.66,0.66,0.66,263
2012-07-04 00:00:00+05:30,0.7,0.7,0.7,0.7,5288
2012-07-09 00:00:00+05:30,0.69,0.69,0.69,0.69,5815
2012-07-10 00:00:00+05:30,0.71,0.71,0.71,0.71,4749
2012-07-19 00:00:00+05:30,0.68,0.74,0.68,0.68,24593
2012-07-20 00:00:00+05:30,0.68,0.72,0.68,0.72,4422
2012-07-24 00:00:00+05:30,0.69,0.75,0.69,0.75,52
2012-08-07 00:00:00+05:30,0.72,0.74,0.72,0.74,2438
2012-08-22 00:00:00+05:30,0.64,0.68,0.63,0.63,8444
2012-08-23 00:00:00+05:30,0.63,0.66,0.63,0.66,19411
2012-08-27 00:00:00+05:30,0.69,0.7,0.68,0.7,2195
2012-08-28 00:00:00+05:30,0.66,0.73,0.66,0.66,23633
2012-08-29 00:00:00+05:30,0.64,0.64,0.64,0.64,1055
2012-08-31 00:00:00+05:30,0.64,0.67,0.64,0.67,15431
2012-09-03 00:00:00+05:30,0.7,0.7,0.67,0.67,6174
2012-09-04 00:00:00+05:30,0.71,0.71,0.64,0.65,3989
2012-09-06 00:00:00+05:30,0.67,0.68,0.67,0.68,16888
2012-09-07 00:00:00+05:30,0.71,0.71,0.71,0.71,15400
2012-09-08 00:00:00+05:30,0.74,0.74,0.74,0.74,4327
2012-09-10 00:00:00+05:30,0.78,0.78,0.73,0.73,7304
2012-09-11 00:00:00+05:30,0.73,0.74,0.73,0.74,6100
2012-09-12 00:00:00+05:30,0.75,0.75,0.75,0.75,781
2012-09-13 00:00:00+05:30,0.73,0.73,0.73,0.73,2849
2012-09-17 00:00:00+05:30,0.72,0.77,0.72,0.73,17057
2012-09-18 00:00:00+05:30,0.76,0.76,0.74,0.74,20846
2012-09-20 00:00:00+05:30,0.72,0.72,0.72,0.72,5277
2012-09-24 00:00:00+05:30,0.76,0.76,0.72,0.72,18893
2012-09-25 00:00:00+05:30,0.72,0.75,0.72,0.75,19294
2012-09-26 00:00:00+05:30,0.72,0.75,0.72,0.75,10565
2012-09-27 00:00:00+05:30,0.76,0.76,0.75,0.75,42
2012-10-03 00:00:00+05:30,0.76,0.76,0.72,0.72,8845
2012-10-04 00:00:00+05:30,0.71,0.71,0.71,0.71,158
2012-10-05 00:00:00+05:30,0.71,0.71,0.71,0.71,3166
2012-10-08 00:00:00+05:30,0.69,0.69,0.69,0.69,52
2012-10-10 00:00:00+05:30,0.67,0.68,0.67,0.68,3388
2012-10-15 00:00:00+05:30,0.71,0.71,0.71,0.71,7779
2012-10-16 00:00:00+05:30,0.74,0.74,0.68,0.74,20487
2012-10-17 00:00:00+05:30,0.77,0.77,0.73,0.76,4485
2012-10-18 00:00:00+05:30,0.76,0.76,0.76,0.76,31
2012-10-19 00:00:00+05:30,0.73,0.77,0.73,0.74,2491
2012-10-22 00:00:00+05:30,0.72,0.77,0.72,0.75,24044
2012-10-23 00:00:00+05:30,0.72,0.72,0.72,0.72,2111
2012-10-25 00:00:00+05:30,0.72,0.75,0.72,0.75,4317
2012-10-30 00:00:00+05:30,0.77,0.77,0.77,0.77,1055
2012-11-06 00:00:00+05:30,0.74,0.74,0.73,0.73,527
2012-11-07 00:00:00+05:30,0.72,0.72,0.72,0.72,6860
2012-11-08 00:00:00+05:30,0.72,0.75,0.69,0.75,21912
2012-11-13 00:00:00+05:30,0.77,0.77,0.77,0.77,2111
2012-11-16 00:00:00+05:30,0.73,0.73,0.73,0.73,5847
2012-11-19 00:00:00+05:30,0.72,0.72,0.72,0.72,2111
2012-11-20 00:00:00+05:30,0.69,0.74,0.69,0.69,31053
2012-11-26 00:00:00+05:30,0.72,0.72,0.72,0.72,105
2012-11-27 00:00:00+05:30,0.75,0.75,0.75,0.75,3525
2012-11-29 00:00:00+05:30,0.76,0.77,0.72,0.76,6090
2012-11-30 00:00:00+05:30,0.76,0.76,0.72,0.72,9858
2012-12-03 00:00:00+05:30,0.69,0.71,0.69,0.69,34589
2012-12-04 00:00:00+05:30,0.67,0.7,0.65,0.7,26905
2012-12-06 00:00:00+05:30,0.67,0.67,0.67,0.67,10
2012-12-07 00:00:00+05:30,0.64,0.64,0.64,0.64,21110
2012-12-10 00:00:00+05:30,0.64,0.67,0.63,0.66,60766
2012-12-11 00:00:00+05:30,0.64,0.67,0.64,0.67,11885
2012-12-12 00:00:00+05:30,0.67,0.67,0.64,0.64,15632
2012-12-13 00:00:00+05:30,0.63,0.66,0.63,0.64,11431
2012-12-14 00:00:00+05:30,0.63,0.66,0.62,0.66,770
2012-12-17 00:00:00+05:30,0.67,0.67,0.66,0.66,7177
2012-12-19 00:00:00+05:30,0.63,0.66,0.63,0.66,33787
2012-12-20 00:00:00+05:30,0.63,0.66,0.63,0.66,21279
2012-12-21 00:00:00+05:30,0.63,0.63,0.63,0.63,1857
2012-12-24 00:00:00+05:30,0.63,0.66,0.6,0.65,3208
2012-12-27 00:00:00+05:30,0.63,0.63,0.63,0.63,4010
2012-12-28 00:00:00+05:30,0.6,0.6,0.6,0.6,54887
2012-12-31 00:00:00+05:30,0.57,0.62,0.57,0.6,26884
2013-01-01 00:00:00+05:30,0.6,0.6,0.57,0.57,2564
2013-01-02 00:00:00+05:30,0.54,0.59,0.54,0.59,548
2013-01-03 00:00:00+05:30,0.61,0.61,0.56,0.6,6987
2013-01-04 00:00:00+05:30,0.58,0.58,0.57,0.57,10819
2013-01-07 00:00:00+05:30,0.57,0.58,0.55,0.55,30356
2013-01-08 00:00:00+05:30,0.53,0.55,0.5,0.5,81338
2013-01-09 00:00:00+05:30,0.5,0.54,0.48,0.53,76166
2013-01-10 00:00:00+05:30,0.57,0.57,0.51,0.52,18302
2013-01-11 00:00:00+05:30,0.5,0.54,0.5,0.52,1403
2013-01-14 00:00:00+05:30,0.52,0.57,0.5,0.54,150411
2013-01-15 00:00:00+05:30,0.51,0.56,0.51,0.53,117479
2013-01-16 00:00:00+05:30,0.56,0.57,0.54,0.54,33554
2013-01-17 00:00:00+05:30,0.53,0.56,0.53,0.53,10819
2013-01-18 00:00:00+05:30,0.53,0.54,0.53,0.54,13289
2013-01-21 00:00:00+05:30,0.54,0.56,0.53,0.55,3884
2013-01-22 00:00:00+05:30,0.53,0.53,0.53,0.53,3272
2013-01-23 00:00:00+05:30,0.52,0.54,0.5,0.54,171110
2013-01-24 00:00:00+05:30,0.51,0.52,0.5,0.5,142442
2013-01-25 00:00:00+05:30,0.47,0.53,0.47,0.52,66086
2013-01-28 00:00:00+05:30,0.5,0.5,0.5,0.5,263
2013-01-29 00:00:00+05:30,0.51,0.54,0.51,0.54,18682
2013-01-30 00:00:00+05:30,0.5,0.51,0.49,0.5,4644
2013-01-31 00:00:00+05:30,0.48,0.54,0.48,0.49,32953
2013-02-01 00:00:00+05:30,0.5,0.5,0.48,0.49,12645
2013-02-04 00:00:00+05:30,0.46,0.49,0.46,0.49,3947
2013-02-05 00:00:00+05:30,0.46,0.49,0.46,0.49,4327
2013-02-06 00:00:00+05:30,0.51,0.51,0.5,0.5,3937
2013-02-07 00:00:00+05:30,0.47,0.52,0.47,0.52,527
2013-02-08 00:00:00+05:30,0.48,0.52,0.47,0.5,12560
2013-02-11 00:00:00+05:30,0.51,0.51,0.48,0.48,538
2013-02-12 00:00:00+05:30,0.46,0.52,0.46,0.52,1108
2013-02-13 00:00:00+05:30,0.48,0.49,0.47,0.49,39729
2013-02-14 00:00:00+05:30,0.47,0.48,0.45,0.45,26388
2013-02-15 00:00:00+05:30,0.47,0.47,0.46,0.47,8401
2013-02-18 00:00:00+05:30,0.45,0.47,0.45,0.47,1847
2013-02-19 00:00:00+05:30,0.47,0.47,0.45,0.45,2638
2013-02-20 00:00:00+05:30,0.47,0.48,0.47,0.48,1066
2013-02-21 00:00:00+05:30,0.49,0.49,0.49,0.49,105
2013-02-22 00:00:00+05:30,0.47,0.47,0.47,0.47,263
2013-02-26 00:00:00+05:30,0.43,0.47,0.43,0.46,20751
2013-02-27 00:00:00+05:30,0.42,0.45,0.42,0.45,548
2013-02-28 00:00:00+05:30,0.44,0.45,0.44,0.45,16096
2013-03-01 00:00:00+05:30,0.45,0.45,0.45,0.45,21
2013-03-04 00:00:00+05:30,0.41,0.46,0.41,0.45,2385
2013-03-05 00:00:00+05:30,0.41,0.42,0.41,0.41,5055
2013-03-06 00:00:00+05:30,0.42,0.43,0.38,0.43,9499
2013-03-07 00:00:00+05:30,0.4,0.49,0.38,0.38,3198
2013-03-08 00:00:00+05:30,0.45,0.46,0.45,0.46,759
2013-03-11 00:00:00+05:30,0.51,0.51,0.43,0.43,7124
2013-03-12 00:00:00+05:30,0.43,0.43,0.43,0.43,21110
2013-03-13 00:00:00+05:30,0.45,0.47,0.45,0.46,158
2013-03-14 00:00:00+05:30,0.46,0.49,0.46,0.47,158
2013-03-15 00:00:00+05:30,0.39,0.45,0.39,0.44,6554
2013-03-19 00:00:00+05:30,0.45,0.47,0.45,0.46,833
2013-03-21 00:00:00+05:30,0.44,0.45,0.4,0.43,17785
2013-03-22 00:00:00+05:30,0.38,0.42,0.38,0.42,1076
2013-03-25 00:00:00+05:30,0.36,0.46,0.35,0.39,65378
2013-03-26 00:00:00+05:30,0.32,0.41,0.32,0.37,5045
2013-03-28 00:00:00+05:30,0.42,0.44,0.36,0.42,10143
2013-04-01 00:00:00+05:30,0.42,0.49,0.42,0.48,2322
2013-04-02 00:00:00+05:30,0.41,0.44,0.4,0.42,37787
2013-04-03 00:00:00+05:30,0.37,0.44,0.37,0.4,9404
2013-04-04 00:00:00+05:30,0.38,0.41,0.38,0.38,26831
2013-04-05 00:00:00+05:30,0.4,0.41,0.4,0.4,1446
2013-07-01 00:00:00+05:30,0.41,0.41,0.41,0.41,1055
2013-07-10 00:00:00+05:30,0.39,0.39,0.39,0.39,263
2013-07-11 00:00:00+05:30,0.38,0.41,0.38,0.41,759
2013-07-26 00:00:00+05:30,0.39,0.43,0.39,0.43,5098
2013-09-11 00:00:00+05:30,0.41,0.45,0.41,0.45,2121
2013-09-16 00:00:00+05:30,0.43,0.43,0.43,0.43,527
2013-09-17 00:00:00+05:30,0.41,0.41,0.41,0.41,527
2013-09-18 00:00:00+05:30,0.39,0.43,0.39,0.43,538
2013-09-19 00:00:00+05:30,0.41,0.45,0.41,0.45,538
2014-03-31 00:00:00+05:30,0.43,0.43,0.43,0.43,3166
2014-04-01 00:00:00+05:30,0.41,0.41,0.41,0.41,4749
2014-04-02 00:00:00+05:30,0.39,0.39,0.39,0.39,3166
2014-04-03 00:00:00+05:30,0.37,0.37,0.37,0.37,1055
2014-04-04 00:00:00+05:30,0.36,0.36,0.36,0.36,5277
2014-04-07 00:00:00+05:30,0.34,0.34,0.34,0.34,16624
2014-04-09 00:00:00+05:30,0.33,0.33,0.33,0.33,23221
2014-04-10 00:00:00+05:30,0.34,0.34,0.34,0.34,26388
2014-04-11 00:00:00+05:30,0.36,0.36,0.36,0.36,11082
2014-04-15 00:00:00+05:30,0.37,0.37,0.37,0.37,4749
2014-04-16 00:00:00+05:30,0.38,0.38,0.38,0.38,10555
2014-04-25 00:00:00+05:30,0.37,0.37,0.37,0.37,105
2014-04-29 00:00:00+05:30,0.36,0.36,0.36,0.36,5298
2014-05-02 00:00:00+05:30,0.37,0.37,0.37,0.37,211
2014-05-14 00:00:00+05:30,0.36,0.36,0.36,0.36,21
2014-05-15 00:00:00+05:30,0.34,0.34,0.34,0.34,31
2014-05-16 00:00:00+05:30,0.33,0.33,0.33,0.33,1066
2014-05-19 00:00:00+05:30,0.31,0.31,0.31,0.31,25343
2014-05-20 00:00:00+05:30,0.3,0.33,0.3,0.3,7240
2014-05-21 00:00:00+05:30,0.32,0.32,0.31,0.31,10660
2014-05-22 00:00:00+05:30,0.32,0.32,0.32,0.32,10555
2014-05-23 00:00:00+05:30,0.34,0.34,0.34,0.34,28182
2014-05-26 00:00:00+05:30,0.33,0.33,0.33,0.33,10
2014-05-27 00:00:00+05:30,0.33,0.33,0.32,0.32,10565
2014-05-28 00:00:00+05:30,0.34,0.34,0.34,0.34,474
2014-05-30 00:00:00+05:30,0.33,0.33,0.33,0.33,2111
2014-06-02 00:00:00+05:30,0.34,0.34,0.33,0.33,633
2014-06-03 00:00:00+05:30,0.34,0.34,0.34,0.34,5330
2014-06-04 00:00:00+05:30,0.35,0.35,0.33,0.33,1804
2014-06-05 00:00:00+05:30,0.35,0.35,0.32,0.32,9552
2014-06-06 00:00:00+05:30,0.34,0.34,0.34,0.34,105
2014-06-09 00:00:00+05:30,0.35,0.35,0.35,0.35,263
2014-06-10 00:00:00+05:30,0.36,0.36,0.36,0.36,189
2014-06-11 00:00:00+05:30,0.38,0.38,0.38,0.38,18904
2014-06-12 00:00:00+05:30,0.4,0.4,0.4,0.4,1055
2014-06-13 00:00:00+05:30,0.42,0.42,0.42,0.42,1055
2014-06-16 00:00:00+05:30,0.44,0.44,0.44,0.44,5794
2015-12-28 00:00:00+05:30,0.63,0.63,0.63,0.63,11220
2015-12-31 00:00:00+05:30,0.63,0.65,0.63,0.65,11610
2016-01-01 00:00:00+05:30,0.64,0.64,0.64,0.64,29058
2016-01-12 00:00:00+05:30,0.62,0.62,0.62,0.62,1055
2016-01-13 00:00:00+05:30,0.62,0.62,0.62,0.62,263
2016-02-01 00:00:00+05:30,0.62,0.62,0.62,0.62,2111
2016-03-11 00:00:00+05:30,0.59,0.59,0.59,0.59,1055
2016-03-14 00:00:00+05:30,0.62,0.62,0.62,0.62,8908
2016-03-16 00:00:00+05:30,0.59,0.59,0.59,0.59,369
2016-03-17 00:00:00+05:30,0.56,0.56,0.56,0.56,527
2016-03-18 00:00:00+05:30,0.54,0.54,0.54,0.54,42220
2016-03-31 00:00:00+05:30,0.51,0.54,0.51,0.53,137
2016-04-01 00:00:00+05:30,0.5,0.5,0.5,0.5,527
2016-04-04 00:00:00+05:30,0.48,0.49,0.48,0.49,791
2016-04-06 00:00:00+05:30,0.47,0.47,0.47,0.47,527
2016-04-07 00:00:00+05:30,0.45,0.47,0.45,0.47,1055
2016-04-08 00:00:00+05:30,0.45,0.45,0.45,0.45,527
2016-04-11 00:00:00+05:30,0.43,0.43,0.43,0.43,527
2016-05-02 00:00:00+05:30,0.45,0.45,0.45,0.45,527
2016-05-03 00:00:00+05:30,0.47,0.47,0.47,0.47,10
2016-05-04 00:00:00+05:30,0.49,0.49,0.49,0.49,527
2016-05-17 00:00:00+05:30,0.51,0.51,0.51,0.51,527
2016-05-23 00:00:00+05:30,0.53,0.53,0.53,0.53,527
2016-05-26 00:00:00+05:30,0.53,0.53,0.53,0.53,6333
2016-05-27 00:00:00+05:30,0.51,0.51,0.51,0.51,15727
2016-06-16 00:00:00+05:30,0.53,0.53,0.53,0.53,1055
2016-06-27 00:00:00+05:30,0.51,0.51,0.51,0.51,7810
2016-07-20 00:00:00+05:30,0.49,0.49,0.49,0.49,5277
2016-07-21 00:00:00+05:30,0.46,0.46,0.46,0.46,8444
2016-07-29 00:00:00+05:30,0.45,0.45,0.45,0.45,263
2016-08-03 00:00:00+05:30,0.45,0.45,0.43,0.43,464
2016-08-23 00:00:00+05:30,0.41,0.41,0.41,0.41,3166
2016-08-25 00:00:00+05:30,0.39,0.39,0.39,0.39,52776
2016-08-26 00:00:00+05:30,0.38,0.41,0.38,0.41,4749
2016-08-29 00:00:00+05:30,0.43,0.43,0.43,0.43,10
2016-09-01 00:00:00+05:30,0.41,0.41,0.41,0.41,527
2016-09-06 00:00:00+05:30,0.39,0.39,0.39,0.39,3166
2016-09-09 00:00:00+05:30,0.37,0.37,0.37,0.37,10555
2016-09-14 00:00:00+05:30,0.36,0.36,0.36,0.36,5277
2016-10-04 00:00:00+05:30,0.34,0.34,0.34,0.34,10
2016-10-18 00:00:00+05:30,0.33,0.33,0.33,0.33,1055
2017-01-04 00:00:00+05:30,0.32,0.32,0.32,0.32,16824
2017-01-05 00:00:00+05:30,0.31,0.31,0.31,0.31,26388
2017-01-17 00:00:00+05:30,0.33,0.33,0.33,0.33,5277
2017-01-23 00:00:00+05:30,0.34,0.34,0.33,0.33,26388
2017-01-25 00:00:00+05:30,0.34,0.34,0.34,0.34,2638
2017-01-27 00:00:00+05:30,0.33,0.33,0.33,0.33,4222
2017-02-01 00:00:00+05:30,0.35,0.35,0.35,0.35,263
2017-02-03 00:00:00+05:30,0.36,0.36,0.36,0.36,1847
2017-02-07 00:00:00+05:30,0.37,0.37,0.37,0.37,52
2017-02-08 00:00:00+05:30,0.39,0.39,0.39,0.39,52
2017-02-09 00:00:00+05:30,0.41,0.41,0.41,0.41,527
2017-02-10 00:00:00+05:30,0.43,0.43,0.43,0.43,52
2017-02-13 00:00:00+05:30,0.45,0.45,0.45,0.45,52
2017-02-23 00:00:00+05:30,0.43,0.43,0.43,0.43,11769
2017-03-09 00:00:00+05:30,0.43,0.45,0.43,0.45,211
2017-03-22 00:00:00+05:30,0.43,0.43,0.43,0.43,10
2017-03-24 00:00:00+05:30,0.43,0.43,0.43,0.43,10555
2017-03-28 00:00:00+05:30,0.45,0.45,0.45,0.45,1097
2017-03-30 00:00:00+05:30,0.45,0.45,0.45,0.45,8116
2017-03-31 00:00:00+05:30,0.45,0.46,0.45,0.46,4222
2017-04-03 00:00:00+05:30,0.46,0.46,0.46,0.46,2111
2017-04-05 00:00:00+05:30,0.47,0.47,0.47,0.47,105
2017-04-06 00:00:00+05:30,0.45,0.45,0.45,0.45,4222
2017-04-07 00:00:00+05:30,0.43,0.43,0.43,0.43,5277
2017-04-10 00:00:00+05:30,0.41,0.41,0.41,0.41,5277
2017-04-11 00:00:00+05:30,0.39,0.39,0.39,0.39,5277
2017-04-12 00:00:00+05:30,0.37,0.37,0.37,0.37,5277
2017-04-24 00:00:00+05:30,0.36,0.36,0.36,0.36,5150
2017-04-25 00:00:00+05:30,0.37,0.37,0.37,0.37,1583
2017-04-26 00:00:00+05:30,0.36,0.36,0.36,0.36,5277
2017-04-27 00:00:00+05:30,0.35,0.35,0.35,0.35,10
2017-05-03 00:00:00+05:30,0.33,0.33,0.33,0.33,10681
2017-05-08 00:00:00+05:30,0.35,0.35,0.35,0.35,1055
2017-05-11 00:00:00+05:30,0.35,0.35,0.35,0.35,1055
2017-05-31 00:00:00+05:30,0.35,0.35,0.35,0.35,10
2017-06-06 00:00:00+05:30,0.35,0.35,0.35,0.35,84
2017-06-07 00:00:00+05:30,0.35,0.35,0.35,0.35,738
2017-06-08 00:00:00+05:30,0.35,0.35,0.35,0.35,2343
2017-06-09 00:00:00+05:30,0.34,0.34,0.34,0.34,3377
2017-06-16 00:00:00+05:30,0.33,0.33,0.33,0.33,10555
2017-06-21 00:00:00+05:30,0.31,0.31,0.31,0.31,1055
2017-06-22 00:00:00+05:30,0.31,0.31,0.3,0.3,1372
2017-06-23 00:00:00+05:30,0.29,0.29,0.29,0.29,2111
2017-06-27 00:00:00+05:30,0.3,0.3,0.3,0.3,84
2017-06-29 00:00:00+05:30,0.32,0.32,0.32,0.32,10555
2017-06-30 00:00:00+05:30,0.33,0.33,0.33,0.33,1963
2017-07-03 00:00:00+05:30,0.33,0.33,0.33,0.33,1055
2017-07-06 00:00:00+05:30,0.35,0.35,0.35,0.35,2638
2017-07-11 00:00:00+05:30,0.36,0.36,0.36,0.36,8444
2017-07-12 00:00:00+05:30,0.37,0.37,0.35,0.37,5805
2017-07-14 00:00:00+05:30,0.39,0.39,0.39,0.39,3694
2017-07-17 00:00:00+05:30,0.41,0.41,0.41,0.41,9499
2017-07-18 00:00:00+05:30,0.39,0.39,0.39,0.39,13721
2017-07-19 00:00:00+05:30,0.37,0.37,0.37,0.37,5277
2017-07-20 00:00:00+05:30,0.36,0.36,0.36,0.36,1583
2017-07-21 00:00:00+05:30,0.34,0.34,0.34,0.34,7230
2017-07-24 00:00:00+05:30,0.33,0.33,0.33,0.33,3799
2017-07-25 00:00:00+05:30,0.33,0.33,0.33,0.33,4348
2017-07-26 00:00:00+05:30,0.34,0.34,0.34,0.34,21120
2017-07-27 00:00:00+05:30,0.34,0.34,0.34,0.34,3166
2017-07-28 00:00:00+05:30,0.34,0.34,0.34,0.34,749
2017-08-01 00:00:00+05:30,0.34,0.34,0.34,0.34,1319
2017-08-02 00:00:00+05:30,0.33,0.36,0.33,0.36,6333
2017-08-03 00:00:00+05:30,0.37,0.37,0.37,0.37,2111
2017-08-07 00:00:00+05:30,0.38,0.38,0.38,0.38,36162
2017-08-09 00:00:00+05:30,0.37,0.37,0.37,0.37,21110
2017-08-11 00:00:00+05:30,0.37,0.37,0.36,0.36,31665
2017-08-14 00:00:00+05:30,0.35,0.35,0.35,0.35,527
2017-08-16 00:00:00+05:30,0.33,0.33,0.33,0.33,10555
2017-08-24 00:00:00+05:30,0.35,0.35,0.35,0.35,1361
2017-08-28 00:00:00+05:30,0.33,0.33,0.33,0.33,5277
2017-08-29 00:00:00+05:30,0.32,0.32,0.32,0.32,2111
2017-08-30 00:00:00+05:30,0.32,0.33,0.3,0.33,13827
2017-08-31 00:00:00+05:30,0.32,0.35,0.32,0.35,2237
2017-09-01 00:00:00+05:30,0.33,0.33,0.33,0.33,5362
2017-09-04 00:00:00+05:30,0.32,0.32,0.32,0.32,52
2017-09-07 00:00:00+05:30,0.3,0.33,0.3,0.33,84
2017-09-08 00:00:00+05:30,0.35,0.35,0.35,0.35,10027
2017-09-11 00:00:00+05:30,0.33,0.33,0.33,0.33,4749
2017-09-20 00:00:00+05:30,0.32,0.35,0.32,0.35,1129
2017-09-21 00:00:00+05:30,0.36,0.36,0.36,0.36,5794
2017-09-28 00:00:00+05:30,0.35,0.35,0.35,0.35,10555
2017-09-29 00:00:00+05:30,0.34,0.34,0.34,0.34,2111
2017-10-03 00:00:00+05:30,0.35,0.35,0.35,0.35,1055
2017-10-05 00:00:00+05:30,0.36,0.36,0.36,0.36,2111
2017-10-06 00:00:00+05:30,0.38,0.38,0.38,0.38,5277
2017-10-09 00:00:00+05:30,0.4,0.4,0.4,0.4,1055
2017-10-10 00:00:00+05:30,0.41,0.41,0.41,0.41,10555
2017-10-11 00:00:00+05:30,0.41,0.43,0.39,0.4,67553
2017-10-12 00:00:00+05:30,0.4,0.4,0.38,0.4,21279
2017-10-13 00:00:00+05:30,0.38,0.42,0.38,0.42,15041
2017-10-17 00:00:00+05:30,0.43,0.43,0.42,0.42,3166
2017-10-30 00:00:00+05:30,0.41,0.41,0.41,0.41,5277
2017-10-31 00:00:00+05:30,0.4,0.4,0.4,0.4,10555
2017-11-03 00:00:00+05:30,0.38,0.38,0.38,0.38,5277
2017-11-09 00:00:00+05:30,0.39,0.39,0.39,0.39,1055
2017-11-29 00:00:00+05:30,0.41,0.41,0.41,0.41,3166
2017-12-01 00:00:00+05:30,0.43,0.43,0.43,0.43,5277
2017-12-29 00:00:00+05:30,0.41,0.41,0.41,0.41,2111
2018-01-24 00:00:00+05:30,0.43,0.43,0.43,0.43,5277
2018-02-14 00:00:00+05:30,0.45,0.45,0.45,0.45,2322
2018-02-15 00:00:00+05:30,0.44,0.44,0.44,0.44,3958
2018-05-04 00:00:00+05:30,0.45,0.45,0.44,0.44,21
2018-05-07 00:00:00+05:30,0.43,0.43,0.42,0.42,1720
2018-05-29 00:00:00+05:30,0.4,0.4,0.4,0.4,52
2018-05-30 00:00:00+05:30,0.38,0.42,0.38,0.42,105
2018-07-23 00:00:00+05:30,0.42,0.42,0.42,0.42,949
2018-08-03 00:00:00+05:30,0.42,0.42,0.42,0.42,105
2018-10-10 00:00:00+05:30,0.42,0.42,0.42,0.42,211
2018-12-07 00:00:00+05:30,0.42,0.42,0.4,0.4,3694
2018-12-28 00:00:00+05:30,0.4,0.4,0.4,0.4,221
2019-02-13 00:00:00+05:30,0.38,0.38,0.38,0.38,1055
2019-03-22 00:00:00+05:30,0.36,0.36,0.36,0.36,15864
2019-04-18 00:00:00+05:30,0.35,0.35,0.35,0.35,63
2019-04-23 00:00:00+05:30,0.35,0.35,0.35,0.35,2111
2019-07-15 00:00:00+05:30,0.35,0.35,0.35,0.35,52
2019-09-03 00:00:00+05:30,0.35,0.35,0.35,0.35,21
2019-10-14 00:00:00+05:30,0.35,0.35,0.35,0.35,316
2019-10-22 00:00:00+05:30,0.35,0.35,0.34,0.34,1108
2019-10-23 00:00:00+05:30,0.33,0.33,0.33,0.33,1055
2019-10-29 00:00:00+05:30,0.33,0.33,0.33,0.33,211
2019-10-30 00:00:00+05:30,0.33,0.33,0.33,0.33,2005
2019-11-13 00:00:00+05:30,0.32,0.32,0.32,0.32,1161
2019-11-29 00:00:00+05:30,0.34,0.34,0.34,0.34,728
2019-12-02 00:00:00+05:30,0.34,0.34,0.34,0.34,105
2019-12-06 00:00:00+05:30,0.32,0.35,0.32,0.32,56470
2019-12-13 00:00:00+05:30,0.31,0.31,0.31,0.31,105
2019-12-18 00:00:00+05:30,0.29,0.29,0.29,0.29,327
2019-12-26 00:00:00+05:30,0.28,0.28,0.28,0.28,1066
2019-12-30 00:00:00+05:30,0.27,0.27,0.27,0.27,10
2019-12-31 00:00:00+05:30,0.27,0.27,0.27,0.27,5277
2020-01-01 00:00:00+05:30,0.27,0.27,0.26,0.26,12845
2020-01-02 00:00:00+05:30,0.25,0.25,0.25,0.25,10
2020-01-03 00:00:00+05:30,0.25,0.25,0.24,0.24,104380
2020-01-06 00:00:00+05:30,0.24,0.25,0.23,0.24,131887
2020-01-07 00:00:00+05:30,0.23,0.25,0.23,0.25,155858
2020-01-08 00:00:00+05:30,0.24,0.24,0.24,0.24,3757
2020-01-09 00:00:00+05:30,0.24,0.25,0.23,0.23,145461
2020-01-10 00:00:00+05:30,0.23,0.23,0.22,0.23,8855
2020-01-22 00:00:00+05:30,0.22,0.22,0.22,0.22,21
2020-01-23 00:00:00+05:30,0.22,0.22,0.22,0.22,15864
2020-02-04 00:00:00+05:30,0.21,0.21,0.21,0.21,2111
2020-02-06 00:00:00+05:30,0.21,0.21,0.21,0.21,4749
2020-03-19 00:00:00+05:30,0.19,0.19,0.19,0.19,3166
2020-03-24 00:00:00+05:30,0.19,0.19,0.19,0.19,47498
2020-04-07 00:00:00+05:30,0.19,0.19,0.19,0.19,105
2020-04-09 00:00:00+05:30,0.19,0.19,0.19,0.19,137
2020-04-13 00:00:00+05:30,0.18,0.18,0.18,0.18,18366
2020-04-15 00:00:00+05:30,0.18,0.18,0.18,0.18,10291
2020-04-17 00:00:00+05:30,0.18,0.18,0.18,0.18,2111
2020-04-20 00:00:00+05:30,0.17,0.17,0.17,0.17,18049
2020-04-21 00:00:00+05:30,0.17,0.17,0.17,0.17,2111
2020-04-22 00:00:00+05:30,0.17,0.17,0.17,0.17,20065
2020-04-23 00:00:00+05:30,0.17,0.17,0.17,0.17,1066
2020-04-24 00:00:00+05:30,0.17,0.17,0.17,0.17,2290
2020-05-07 00:00:00+05:30,0.17,0.17,0.17,0.17,211
2020-05-15 00:00:00+05:30,0.17,0.17,0.17,0.17,5277
2020-05-18 00:00:00+05:30,0.17,0.17,0.17,0.17,3694
2020-05-19 00:00:00+05:30,0.17,0.17,0.17,0.17,4222
2020-05-21 00:00:00+05:30,0.17,0.17,0.17,0.17,5277
2020-05-22 00:00:00+05:30,0.16,0.16,0.16,0.16,10576
2020-05-27 00:00:00+05:30,0.16,0.16,0.16,0.16,5277
2020-05-29 00:00:00+05:30,0.16,0.16,0.16,0.16,580
2020-06-03 00:00:00+05:30,0.16,0.16,0.16,0.16,210439
2020-06-04 00:00:00+05:30,0.16,0.16,0.16,0.16,3799
2020-06-11 00:00:00+05:30,0.16,0.16,0.16,0.16,1055
2020-06-12 00:00:00+05:30,0.17,0.17,0.17,0.17,2649
2020-06-16 00:00:00+05:30,0.16,0.16,0.16,0.16,73886
2020-06-17 00:00:00+05:30,0.16,0.16,0.16,0.16,1055
2020-06-18 00:00:00+05:30,0.16,0.16,0.15,0.16,43170
2020-06-19 00:00:00+05:30,0.17,0.17,0.17,0.17,113278
2020-06-22 00:00:00+05:30,0.17,0.17,0.17,0.17,61747
2020-06-24 00:00:00+05:30,0.18,0.18,0.18,0.18,62803
2020-07-01 00:00:00+05:30,0.18,0.18,0.18,0.18,3082
2020-07-02 00:00:00+05:30,0.18,0.18,0.18,0.18,1097
2020-07-03 00:00:00+05:30,0.19,0.19,0.19,0.19,10449
2020-07-06 00:00:00+05:30,0.19,0.2,0.19,0.2,22155
2020-07-09 00:00:00+05:30,0.19,0.2,0.19,0.2,2163
2020-07-13 00:00:00+05:30,0.19,0.2,0.19,0.2,10766
2020-07-24 00:00:00+05:30,0.21,0.21,0.21,0.21,29818
2020-09-17 00:00:00+05:30,0.2,0.2,0.2,0.2,2638
2020-10-27 00:00:00+05:30,0.2,0.2,0.2,0.2,1055
2020-11-10 00:00:00+05:30,0.2,0.2,0.2,0.2,295
2020-11-24 00:00:00+05:30,0.19,0.19,0.19,0.19,3377
2020-11-25 00:00:00+05:30,0.18,0.18,0.18,0.18,36309
2020-11-26 00:00:00+05:30,0.18,0.18,0.18,0.18,21110
2020-11-27 00:00:00+05:30,0.17,0.17,0.17,0.17,21110
2020-12-02 00:00:00+05:30,0.17,0.17,0.17,0.17,3377
2020-12-03 00:00:00+05:30,0.16,0.17,0.16,0.16,25258
2020-12-04 00:00:00+05:30,0.16,0.16,0.16,0.16,527
2020-12-07 00:00:00+05:30,0.16,0.17,0.16,0.17,422524
2020-12-08 00:00:00+05:30,0.17,0.17,0.17,0.17,1583
2020-12-09 00:00:00+05:30,0.18,0.18,0.18,0.18,22102
2020-12-10 00:00:00+05:30,0.18,0.18,0.18,0.18,5277
2020-12-11 00:00:00+05:30,0.18,0.18,0.18,0.18,455984
2020-12-14 00:00:00+05:30,0.19,0.19,0.19,0.19,191671
2020-12-16 00:00:00+05:30,0.2,0.2,0.2,0.2,5805
2020-12-17 00:00:00+05:30,0.2,0.21,0.2,0.21,4739
2020-12-21 00:00:00+05:30,0.22,0.22,0.22,0.22,5393
2020-12-22 00:00:00+05:30,0.23,0.23,0.23,0.23,10565
2020-12-23 00:00:00+05:30,0.24,0.24,0.23,0.24,13215
2020-12-24 00:00:00+05:30,0.25,0.25,0.24,0.25,35222
2020-12-28 00:00:00+05:30,0.26,0.26,0.26,0.26,92590
2020-12-29 00:00:00+05:30,0.27,0.27,0.26,0.27,36309
2020-12-30 00:00:00+05:30,0.27,0.27,0.27,0.27,164312
2020-12-31 00:00:00+05:30,0.28,0.28,0.27,0.27,31940
2021-01-01 00:00:00+05:30,0.28,0.28,0.27,0.28,9921
2021-01-04 00:00:00+05:30,0.28,0.29,0.28,0.28,3926
2021-01-05 00:00:00+05:30,0.3,0.3,0.3,0.3,18313
2021-01-06 00:00:00+05:30,0.31,0.31,0.28,0.3,32573
2021-01-07 00:00:00+05:30,0.31,0.31,0.29,0.3,2923
2021-01-08 00:00:00+05:30,0.31,0.31,0.3,0.3,9278
2021-01-11 00:00:00+05:30,0.31,0.31,0.29,0.29,28340
2021-01-12 00:00:00+05:30,0.3,0.31,0.28,0.3,48902
2021-01-13 00:00:00+05:30,0.3,0.3,0.28,0.28,5319
2021-01-14 00:00:00+05:30,0.27,0.28,0.27,0.28,10259
2021-01-15 00:00:00+05:30,0.28,0.28,0.28,0.28,15896
2021-01-18 00:00:00+05:30,0.29,0.29,0.27,0.27,770
2021-01-19 00:00:00+05:30,0.26,0.26,0.26,0.26,1192
2021-01-20 00:00:00+05:30,0.26,0.27,0.26,0.26,3240
2021-01-21 00:00:00+05:30,0.25,0.25,0.25,0.25,3008
2021-01-22 00:00:00+05:30,0.25,0.25,0.24,0.25,11758
2021-01-25 00:00:00+05:30,0.25,0.26,0.25,0.26,3219
2021-01-27 00:00:00+05:30,0.26,0.26,0.26,0.26,10
2021-01-28 00:00:00+05:30,0.26,0.26,0.26,0.26,316
2021-01-29 00:00:00+05:30,0.25,0.25,0.25,0.25,10
2021-02-01 00:00:00+05:30,0.24,0.24,0.24,0.24,36784
2021-02-03 00:00:00+05:30,0.25,0.25,0.25,0.25,8739
2021-02-05 00:00:00+05:30,0.24,0.26,0.24,0.25,10607
2021-02-08 00:00:00+05:30,0.24,0.24,0.24,0.24,1857
2021-02-09 00:00:00+05:30,0.23,0.24,0.23,0.24,2533
2021-02-10 00:00:00+05:30,0.24,0.24,0.23,0.23,98121
2021-02-11 00:00:00+05:30,0.22,0.24,0.22,0.22,29417
2021-02-12 00:00:00+05:30,0.21,0.23,0.21,0.21,37418
2021-02-15 00:00:00+05:30,0.21,0.22,0.2,0.22,98659
2021-02-16 00:00:00+05:30,0.22,0.23,0.21,0.23,72957
2021-02-17 00:00:00+05:30,0.22,0.23,0.22,0.22,32995
2021-02-18 00:00:00+05:30,0.23,0.23,0.21,0.21,19611
2021-02-19 00:00:00+05:30,0.21,0.22,0.2,0.21,23527
2021-02-22 00:00:00+05:30,0.2,0.22,0.2,0.22,23400
2021-02-23 00:00:00+05:30,0.21,0.23,0.21,0.21,33502
2021-02-24 00:00:00+05:30,0.21,0.21,0.21,0.21,580
2021-02-25 00:00:00+05:30,0.2,0.22,0.2,0.2,76187
2021-02-26 00:00:00+05:30,0.19,0.21,0.19,0.21,44363
2021-03-01 00:00:00+05:30,0.21,0.21,0.21,0.21,2089
2021-03-02 00:00:00+05:30,0.22,0.22,0.22,0.22,18059
2021-03-03 00:00:00+05:30,0.22,0.23,0.21,0.23,115347
2021-03-04 00:00:00+05:30,0.23,0.24,0.22,0.23,13141
2021-03-05 00:00:00+05:30,0.24,0.24,0.24,0.24,40521
2021-03-08 00:00:00+05:30,0.24,0.25,0.24,0.24,19622
2021-03-09 00:00:00+05:30,0.24,0.24,0.24,0.24,14545
2021-03-10 00:00:00+05:30,0.23,0.25,0.23,0.25,36573
2021-03-12 00:00:00+05:30,0.25,0.25,0.25,0.25,37724
2021-03-15 00:00:00+05:30,0.26,0.26,0.26,0.26,48448
2021-03-16 00:00:00+05:30,0.27,0.27,0.26,0.27,88547
2021-03-17 00:00:00+05:30,0.28,0.28,0.28,0.28,88389
2021-03-18 00:00:00+05:30,0.28,0.29,0.28,0.29,118313
2021-03-19 00:00:00+05:30,0.3,0.3,0.29,0.3,33153
2021-03-22 00:00:00+05:30,0.32,0.32,0.29,0.29,144257
2021-03-23 00:00:00+05:30,0.27,0.3,0.27,0.3,44395
2021-03-24 00:00:00+05:30,0.3,0.3,0.29,0.29,23844
2021-03-25 00:00:00+05:30,0.27,0.27,0.27,0.27,32066
2021-03-26 00:00:00+05:30,0.27,0.27,0.27,0.27,14787
2021-03-30 00:00:00+05:30,0.26,0.26,0.26,0.26,23559
2021-03-31 00:00:00+05:30,0.25,0.25,0.25,0.25,14977
2021-04-05 00:00:00+05:30,0.26,0.26,0.26,0.26,10
2021-04-06 00:00:00+05:30,0.26,0.27,0.25,0.25,230895
2021-04-07 00:00:00+05:30,0.25,0.25,0.24,0.25,13996
2021-04-08 00:00:00+05:30,0.24,0.24,0.24,0.24,37650
2021-04-09 00:00:00+05:30,0.24,0.24,0.23,0.23,5277
2021-04-12 00:00:00+05:30,0.23,0.23,0.22,0.22,1055
2021-04-13 00:00:00+05:30,0.23,0.23,0.23,0.23,4485
2021-04-15 00:00:00+05:30,0.23,0.23,0.22,0.22,6913
2021-04-16 00:00:00+05:30,0.23,0.23,0.21,0.21,12845
2021-04-19 00:00:00+05:30,0.22,0.22,0.2,0.2,16898
2021-04-20 00:00:00+05:30,0.2,0.2,0.19,0.19,7304
2021-04-22 00:00:00+05:30,0.2,0.2,0.2,0.2,126
2021-04-23 00:00:00+05:30,0.19,0.19,0.19,0.19,5235
2021-04-26 00:00:00+05:30,0.18,0.18,0.18,0.18,1583
2021-04-27 00:00:00+05:30,0.18,0.18,0.18,0.18,3166
2021-04-28 00:00:00+05:30,0.19,0.19,0.19,0.19,6174
2021-04-29 00:00:00+05:30,0.19,0.19,0.19,0.19,1013
2021-05-04 00:00:00+05:30,0.2,0.2,0.2,0.2,211
2021-05-05 00:00:00+05:30,0.21,0.21,0.21,0.21,2111
2021-05-06 00:00:00+05:30,0.22,0.22,0.21,0.22,23232
2021-05-10 00:00:00+05:30,0.22,0.22,0.22,0.22,45429
2021-05-11 00:00:00+05:30,0.22,0.22,0.22,0.22,5288
2021-05-12 00:00:00+05:30,0.22,0.22,0.22,0.22,612
2021-05-17 00:00:00+05:30,0.23,0.23,0.23,0.23,443
2021-05-19 00:00:00+05:30,0.23,0.24,0.23,0.24,21469
2021-05-20 00:00:00+05:30,0.25,0.25,0.25,0.25,527
2021-05-21 00:00:00+05:30,0.26,0.26,0.24,0.24,38790
2021-05-24 00:00:00+05:30,0.24,0.25,0.23,0.23,22577
2021-05-26 00:00:00+05:30,0.24,0.24,0.24,0.24,2638
2021-05-27 00:00:00+05:30,0.25,0.25,0.23,0.25,11716
2021-05-28 00:00:00+05:30,0.25,0.26,0.25,0.26,32710
2021-05-31 00:00:00+05:30,0.26,0.26,0.26,0.26,527
2021-06-01 00:00:00+05:30,0.27,0.27,0.27,0.27,280135
2021-06-02 00:00:00+05:30,0.27,0.27,0.27,0.27,88442
2021-06-03 00:00:00+05:30,0.28,0.28,0.28,0.28,42759
2021-06-04 00:00:00+05:30,0.3,0.3,0.3,0.3,13753
2021-06-07 00:00:00+05:30,0.31,0.31,0.31,0.31,7715
2021-06-08 00:00:00+05:30,0.33,0.33,0.33,0.33,15030
2021-06-14 00:00:00+05:30,0.33,0.33,0.33,0.33,5277
2021-08-25 00:00:00+05:30,0.33,0.34,0.32,0.32,129955
2021-08-26 00:00:00+05:30,0.32,0.34,0.31,0.31,10903
2021-08-27 00:00:00+05:30,0.31,0.31,0.3,0.3,19273
2021-08-30 00:00:00+05:30,0.3,0.31,0.29,0.3,38653
2021-08-31 00:00:00+05:30,0.32,0.32,0.3,0.31,11346
2021-09-01 00:00:00+05:30,0.31,0.33,0.31,0.31,18862
2021-09-02 00:00:00+05:30,0.31,0.31,0.31,0.31,2628
2021-09-03 00:00:00+05:30,0.31,0.31,0.29,0.29,9330
2021-09-06 00:00:00+05:30,0.31,0.31,0.31,0.31,2902
2021-09-07 00:00:00+05:30,0.31,0.31,0.31,0.31,158
2021-09-08 00:00:00+05:30,0.31,0.31,0.29,0.29,992
2021-09-09 00:00:00+05:30,0.3,0.3,0.28,0.28,580
2021-09-13 00:00:00+05:30,0.28,0.28,0.27,0.27,6206
2021-09-14 00:00:00+05:30,0.27,0.27,0.26,0.26,5488
2021-09-15 00:00:00+05:30,0.25,0.25,0.25,0.25,32721
2021-09-16 00:00:00+05:30,0.25,0.25,0.24,0.25,17563
2021-09-17 00:00:00+05:30,0.26,0.26,0.24,0.26,37639
2021-09-20 00:00:00+05:30,0.27,0.27,0.26,0.27,424519
2021-09-21 00:00:00+05:30,0.27,0.27,0.26,0.27,169263
2021-09-22 00:00:00+05:30,0.27,0.27,0.26,0.27,68007
2021-09-23 00:00:00+05:30,0.28,0.28,0.27,0.27,52712
2021-09-24 00:00:00+05:30,0.28,0.28,0.26,0.26,121669
2021-09-27 00:00:00+05:30,0.27,0.27,0.25,0.26,181940
2021-09-28 00:00:00+05:30,0.26,0.26,0.25,0.25,49430
2021-09-29 00:00:00+05:30,0.25,0.25,0.25,0.25,411
2021-09-30 00:00:00+05:30,0.26,0.26,0.26,0.26,4475
2021-10-01 00:00:00+05:30,0.27,0.27,0.27,0.27,34272
2021-10-04 00:00:00+05:30,0.28,0.28,0.28,0.28,216919
2021-10-05 00:00:00+05:30,0.29,0.29,0.29,0.29,376366
2021-10-06 00:00:00+05:30,0.3,0.3,0.3,0.3,18925
2021-10-07 00:00:00+05:30,0.32,0.32,0.32,0.32,13827
2021-10-08 00:00:00+05:30,0.33,0.33,0.33,0.33,68746
2021-10-11 00:00:00+05:30,0.35,0.35,0.35,0.35,2132
2021-10-12 00:00:00+05:30,0.36,0.36,0.36,0.36,10840
2021-10-13 00:00:00+05:30,0.37,0.37,0.35,0.37,64091
2021-12-16 00:00:00+05:30,0.36,0.37,0.36,0.36,148300
2021-12-17 00:00:00+05:30,0.35,0.37,0.35,0.35,94680
2021-12-20 00:00:00+05:30,0.33,0.34,0.33,0.33,57061
2021-12-21 00:00:00+05:30,0.33,0.33,0.32,0.32,37259
2021-12-22 00:00:00+05:30,0.33,0.33,0.33,0.33,12666
2021-12-23 00:00:00+05:30,0.35,0.35,0.35,0.35,10671
2021-12-24 00:00:00+05:30,0.36,0.36,0.34,0.34,43856
2021-12-28 00:00:00+05:30,0.36,0.36,0.36,0.36,2111
2022-01-03 00:00:00+05:30,0.36,0.36,0.36,0.36,24287
2022-01-10 00:00:00+05:30,0.36,0.36,0.36,0.36,15273
2022-01-17 00:00:00+05:30,0.36,0.36,0.36,0.36,121363
2022-01-24 00:00:00+05:30,0.36,0.36,0.36,0.36,2111
2022-01-31 00:00:00+05:30,0.35,0.36,0.35,0.36,10555
2022-02-07 00:00:00+05:30,0.36,0.36,0.36,0.36,5277
2022-02-14 00:00:00+05:30,0.34,0.34,0.34,0.34,52
2022-03-07 00:00:00+05:30,0.36,0.36,0.36,0.36,79153
2022-03-14 00:00:00+05:30,0.36,0.36,0.36,0.36,14956
2022-03-21 00:00:00+05:30,0.36,0.36,0.36,0.36,32087
2022-03-28 00:00:00+05:30,0.36,0.36,0.36,0.36,527
2022-04-11 00:00:00+05:30,0.37,0.37,0.37,0.37,22693
2022-04-18 00:00:00+05:30,0.37,0.37,0.37,0.37,21110
2022-05-02 00:00:00+05:30,0.37,0.37,0.37,0.37,1013
2022-05-09 00:00:00+05:30,0.38,0.38,0.38,0.38,5552
2022-05-23 00:00:00+05:30,0.38,0.38,0.38,0.38,42
2022-05-30 00:00:00+05:30,0.38,0.38,0.38,0.38,116
2022-06-06 00:00:00+05:30,0.38,0.38,0.38,0.38,6343
2022-06-13 00:00:00+05:30,0.4,0.4,0.4,0.4,2005
2022-06-20 00:00:00+05:30,0.4,0.4,0.4,0.4,23221
2022-06-27 00:00:00+05:30,0.4,0.4,0.4,0.4,1213
2022-07-11 00:00:00+05:30,0.42,0.42,0.42,0.42,1055
2022-07-18 00:00:00+05:30,0.42,0.42,0.42,0.42,1646
2022-07-25 00:00:00+05:30,0.42,0.42,0.42,0.42,348
2022-08-01 00:00:00+05:30,0.42,0.42,0.42,0.42,1055
2022-08-08 00:00:00+05:30,0.44,0.44,0.44,0.44,14122
2022-08-16 00:00:00+05:30,0.46,0.46,0.46,0.46,10555
2022-08-22 00:00:00+05:30,0.48,0.48,0.48,0.48,32731
2022-08-29 00:00:00+05:30,0.48,0.48,0.48,0.48,21849
2022-09-05 00:00:00+05:30,0.48,0.48,0.48,0.48,32721
2022-09-12 00:00:00+05:30,0.48,0.48,0.48,0.48,432
2022-09-19 00:00:00+05:30,0.48,0.48,0.48,0.48,1003
2022-09-26 00:00:00+05:30,0.48,0.48,0.48,0.48,5805
2022-10-17 00:00:00+05:30,0.48,0.48,0.48,0.48,2638
2022-10-31 00:00:00+05:30,0.48,0.48,0.48,0.48,1688
2022-11-14 00:00:00+05:30,0.5,0.5,0.5,0.5,1214
2022-11-28 00:00:00+05:30,0.5,0.5,0.5,0.5,10249
2022-12-05 00:00:00+05:30,0.5,0.5,0.5,0.5,1055
2022-12-12 00:00:00+05:30,0.5,0.5,0.5,0.5,16149
2022-12-26 00:00:00+05:30,0.5,0.5,0.5,0.5,1973
2023-01-02 00:00:00+05:30,0.5,0.5,0.5,0.5,3431
2023-01-23 00:00:00+05:30,0.5,0.5,0.5,0.5,2121
2023-02-20 00:00:00+05:30,0.5,0.5,0.5,0.5,105
2023-03-06 00:00:00+05:30,0.5,0.5,0.5,0.5,3166
2023-03-13 00:00:00+05:30,0.5,0.5,0.5,0.5,21110
2023-03-15 00:00:00+05:30,0.53,0.53,0.53,0.53,2006
2023-03-16 00:00:00+05:30,0.55,0.55,0.55,0.55,1372
2023-03-20 00:00:00+05:30,0.57,0.57,0.57,0.57,5858
2023-03-22 00:00:00+05:30,0.6,0.6,0.6,0.6,1584
2023-03-24 00:00:00+05:30,0.63,0.63,0.63,0.63,9500
2023-03-27 00:00:00+05:30,0.66,0.66,0.66,0.66,4749
2023-03-28 00:00:00+05:30,0.69,0.69,0.69,0.69,3167
2023-03-29 00:00:00+05:30,0.72,0.72,0.72,0.72,105
2023-03-31 00:00:00+05:30,0.75,0.75,0.75,0.75,10
2023-04-03 00:00:00+05:30,0.79,0.79,0.79,0.79,539
2023-04-05 00:00:00+05:30,0.82,0.82,0.82,0.82,242
2023-04-06 00:00:00+05:30,0.86,0.86,0.86,0.86,31570
2023-04-10 00:00:00+05:30,0.9,0.9,0.9,0.9,105
2023-04-11 00:00:00+05:30,0.95,0.95,0.95,0.95,106069
2023-04-12 00:00:00+05:30,0.99,0.99,0.99,0.99,865
2023-04-13 00:00:00+05:30,1.04,1.04,1.04,1.04,53
2023-04-17 00:00:00+05:30,1.09,1.09,1.09,1.09,1868
2023-04-18 00:00:00+05:30,1.12,1.12,1.12,1.12,30850
2023-04-19 00:00:00+05:30,1.17,1.17,1.17,1.17,5310
2023-04-20 00:00:00+05:30,1.23,1.23,1.23,1.23,5249
2023-04-21 00:00:00+05:30,1.29,1.29,1.29,1.29,2610
2023-04-24 00:00:00+05:30,1.35,1.35,1.35,1.35,5009
2023-04-25 00:00:00+05:30,1.41,1.41,1.41,1.41,31660
2023-04-26 00:00:00+05:30,1.48,1.48,1.48,1.48,1999
2023-04-27 00:00:00+05:30,1.55,1.55,1.55,1.55,1139
2023-04-28 00:00:00+05:30,1.63,1.63,1.63,1.63,32329
2023-05-02 00:00:00+05:30,1.71,1.71,1.71,1.71,17339
2023-05-03 00:00:00+05:30,1.79,1.79,1.79,1.79,146539
2023-05-04 00:00:00+05:30,1.88,1.88,1.88,1.88,4779
2023-05-05 00:00:00+05:30,1.97,1.97,1.97,1.97,41679
2023-05-08 00:00:00+05:30,2.06,2.06,2.06,2.06,11969
2023-05-09 00:00:00+05:30,2.16,2.16,2.16,2.16,20160
2023-05-10 00:00:00+05:30,2.27,2.27,2.27,2.27,57900
2023-05-11 00:00:00+05:30,2.38,2.38,2.38,2.38,24910
2023-05-12 00:00:00+05:30,2.49,2.49,2.49,2.49,24339
2023-05-15 00:00:00+05:30,2.61,2.61,2.61,2.61,70459
2023-05-16 00:00:00+05:30,2.74,2.74,2.74,2.74,22279
2023-05-17 00:00:00+05:30,2.88,2.88,2.88,2.88,18009
2023-05-18 00:00:00+05:30,3.02,3.02,3.02,3.02,98959
2023-05-19 00:00:00+05:30,3.17,3.17,2.87,3.16,14641040
2023-05-22 00:00:00+05:30,3.23,3.32,3.01,3.01,2992329
2023-05-23 00:00:00+05:30,2.86,2.86,2.86,2.86,197670
2023-05-24 00:00:00+05:30,2.72,2.72,2.72,2.72,4598289
2023-05-25 00:00:00+05:30,2.58,2.58,2.58,2.58,93629
2023-05-26 00:00:00+05:30,2.46,2.46,2.46,2.46,87580
2023-05-29 00:00:00+05:30,2.34,2.34,2.34,2.34,111280
2023-05-30 00:00:00+05:30,2.22,2.22,2.22,2.22,282659
2023-05-31 00:00:00+05:30,2.11,2.11,2.11,2.11,76999
2023-06-01 00:00:00+05:30,2.01,2.01,2.01,2.01,115109
2023-06-02 00:00:00+05:30,1.91,1.91,1.91,1.91,82970
2023-06-05 00:00:00+05:30,1.81,1.81,1.81,1.81,87499
2023-06-06 00:00:00+05:30,1.72,1.72,1.72,1.72,390719
2023-06-07 00:00:00+05:30,1.64,1.64,1.64,1.64,411659
2023-06-08 00:00:00+05:30,1.56,1.56,1.56,1.56,245330
2023-06-09 00:00:00+05:30,1.48,1.48,1.48,1.48,271939
2023-06-12 00:00:00+05:30,1.41,1.41,1.41,1.41,379449
2023-06-13 00:00:00+05:30,1.34,1.34,1.34,1.34,907739
2023-06-14 00:00:00+05:30,1.28,1.41,1.28,1.41,67036330
2023-06-15 00:00:00+05:30,1.34,1.4,1.34,1.34,6422319
2023-06-16 00:00:00+05:30,1.27,1.27,1.27,1.27,1123420
2023-06-19 00:00:00+05:30,1.21,1.21,1.21,1.21,758479
2023-06-20 00:00:00+05:30,1.15,1.27,1.15,1.15,27670029
2023-06-21 00:00:00+05:30,1.18,1.21,1.12,1.14,7299139
2023-06-22 00:00:00+05:30,1.14,1.17,1.09,1.09,3582200
2023-06-23 00:00:00+05:30,1.03,1.04,1.03,1.03,1548149
2023-06-26 00:00:00+05:30,0.99,1.08,0.98,1.08,5395559
2023-06-27 00:00:00+05:30,1.11,1.13,1.1,1.13,10387389
2023-06-28 00:00:00+05:30,1.17,1.18,1.09,1.15,4161490
2023-06-30 00:00:00+05:30,1.13,1.17,1.09,1.09,6216800
2023-07-03 00:00:00+05:30,1.06,1.11,1.04,1.04,3841379
2023-07-04 00:00:00+05:30,1.05,1.08,1.01,1.03,1351179
2023-07-05 00:00:00+05:30,1.07,1.08,1.03,1.04,2012789
2023-07-06 00:00:00+05:30,1.03,1.05,1.0,1.01,1928630
2023-07-07 00:00:00+05:30,1.03,1.03,0.96,0.97,1447890
2023-07-10 00:00:00+05:30,0.99,1.02,0.97,1.02,547680
2023-07-11 00:00:00+05:30,1.07,1.07,1.06,1.07,442759
2023-07-12 00:00:00+05:30,1.12,1.12,1.12,1.12,963429
2023-07-13 00:00:00+05:30,1.17,1.17,1.09,1.14,4569240
2023-07-14 00:00:00+05:30,1.13,1.13,1.09,1.1,3219540
2023-07-24 00:00:00+05:30,1.08,1.08,1.08,1.08,100309
2023-07-25 00:00:00+05:30,1.06,1.06,1.06,1.06,35259
2023-07-26 00:00:00+05:30,1.04,1.04,1.04,1.04,20890
2023-07-27 00:00:00+05:30,1.02,1.02,1.02,1.02,32110
2023-07-28 00:00:00+05:30,1.0,1.0,1.0,1.0,43889
2023-07-31 00:00:00+05:30,0.98,0.98,0.98,0.98,176759
2023-08-01 00:00:00+05:30,0.96,0.96,0.96,0.96,152809
2023-08-02 00:00:00+05:30,0.94,0.94,0.94,0.94,77599
2023-08-03 00:00:00+05:30,0.92,0.92,0.92,0.92,161300
2023-08-04 00:00:00+05:30,0.91,0.91,0.91,0.91,112280
2023-08-07 00:00:00+05:30,0.92,0.92,0.92,0.92,1853959
2023-08-08 00:00:00+05:30,0.94,0.94,0.92,0.94,12995489
2023-08-09 00:00:00+05:30,0.94,0.95,0.94,0.95,10966010
2023-08-10 00:00:00+05:30,0.97,0.97,0.97,0.97,7272280
2023-08-11 00:00:00+05:30,0.98,0.98,0.98,0.98,2208650
2023-08-14 00:00:00+05:30,1.0,1.0,1.0,1.0,600550
2023-08-16 00:00:00+05:30,1.01,1.01,1.01,1.01,5970
2023-08-17 00:00:00+05:30,1.03,1.03,1.03,1.03,348590
2023-08-18 00:00:00+05:30,1.05,1.05,1.05,1.05,4538730
2023-08-21 00:00:00+05:30,1.1,1.1,1.1,1.1,15847649
2023-08-22 00:00:00+05:30,1.16,1.16,1.16,1.16,29467639
2023-08-23 00:00:00+05:30,1.21,1.21,1.18,1.19,43415129
2023-08-24 00:00:00+05:30,1.22,1.24,1.17,1.2,41302659
2023-08-25 00:00:00+05:30,1.21,1.24,1.19,1.2,21945199
2023-08-28 00:00:00+05:30,1.22,1.22,1.15,1.19,15206479
2023-08-29 00:00:00+05:30,1.19,1.2,1.16,1.19,10145580
2023-08-30 00:00:00+05:30,1.19,1.2,1.16,1.18,7045040
2023-08-31 00:00:00+05:30,1.19,1.19,1.17,1.18,5176849
2023-09-01 00:00:00+05:30,1.19,1.19,1.15,1.17,7759769
2023-09-04 00:00:00+05:30,1.16,1.17,1.15,1.15,7697159
2023-09-05 00:00:00+05:30,1.15,1.16,1.14,1.15,6000109
2023-09-06 00:00:00+05:30,1.15,1.16,1.13,1.14,4748029
2023-09-07 00:00:00+05:30,1.15,1.15,1.13,1.14,2474079
2023-09-08 00:00:00+05:30,1.15,1.15,1.13,1.14,3030179
2023-09-11 00:00:00+05:30,1.15,1.15,1.1,1.11,3761659
2023-09-12 00:00:00+05:30,1.11,1.16,1.06,1.16,8207789
2023-09-13 00:00:00+05:30,1.16,1.19,1.15,1.16,3691839
2023-09-14 00:00:00+05:30,1.19,1.22,1.18,1.22,7156009
2023-09-15 00:00:00+05:30,1.28,1.28,1.16,1.22,29812549
2023-09-18 00:00:00+05:30,1.22,1.28,1.22,1.25,21764479
2023-09-20 00:00:00+05:30,1.27,1.3,1.23,1.25,9929789
2023-09-21 00:00:00+05:30,1.25,1.28,1.21,1.23,3562399
2023-09-22 00:00:00+05:30,1.25,1.27,1.2,1.24,5511689
2023-09-25 00:00:00+05:30,1.26,1.26,1.2,1.21,1939799
2023-09-26 00:00:00+05:30,1.22,1.23,1.17,1.18,2873869
2023-09-27 00:00:00+05:30,1.2,1.22,1.16,1.2,1584069
2023-09-28 00:00:00+05:30,1.22,1.23,1.16,1.21,2733569
2023-09-29 00:00:00+05:30,1.24,1.24,1.19,1.19,1836069
2023-10-03 00:00:00+05:30,1.22,1.22,1.15,1.18,1386339
2023-10-04 00:00:00+05:30,1.18,1.2,1.14,1.16,1554609
2023-10-05 00:00:00+05:30,1.16,1.18,1.13,1.14,1415709
2023-10-06 00:00:00+05:30,1.17,1.18,1.14,1.18,1354689
2023-10-09 00:00:00+05:30,1.19,1.2,1.14,1.15,1615499
2023-10-10 00:00:00+05:30,1.19,1.21,1.18,1.21,5065669
2023-10-11 00:00:00+05:30,1.26,1.27,1.23,1.26,8839319
2023-10-12 00:00:00+05:30,1.27,1.29,1.21,1.22,2896339
2023-10-13 00:00:00+05:30,1.23,1.26,1.2,1.21,3083559
2023-10-16 00:00:00+05:30,1.23,1.26,1.18,1.23,2051639
2023-10-17 00:00:00+05:30,1.25,1.25,1.19,1.21,2570639
2023-10-18 00:00:00+05:30,1.24,1.24,1.18,1.19,1620419
2023-10-19 00:00:00+05:30,1.19,1.21,1.16,1.19,1644799
2023-10-20 00:00:00+05:30,1.19,1.21,1.17,1.18,692099
2023-10-23 00:00:00+05:30,1.18,1.21,1.14,1.16,2729519
2023-10-25 00:00:00+05:30,1.16,1.18,1.12,1.15,1515529
2023-10-26 00:00:00+05:30,1.15,1.15,1.1,1.11,1999549
2023-10-27 00:00:00+05:30,1.11,1.15,1.1,1.15,1192889
2023-10-30 00:00:00+05:30,1.17,1.19,1.13,1.16,2966109
2023-10-31 00:00:00+05:30,1.18,1.18,1.13,1.16,1737219
2023-11-01 00:00:00+05:30,1.16,1.16,1.12,1.13,1300899
2023-11-02 00:00:00+05:30,1.13,1.15,1.1,1.11,1367139
2023-11-03 00:00:00+05:30,1.14,1.14,1.11,1.11,923649
2023-11-06 00:00:00+05:30,1.13,1.14,1.11,1.12,1308579
2023-11-07 00:00:00+05:30,1.13,1.13,1.1,1.1,2678149
2023-11-08 00:00:00+05:30,1.13,1.13,1.1,1.11,1031159
2023-11-09 00:00:00+05:30,1.12,1.12,1.09,1.1,1384749
2023-11-10 00:00:00+05:30,1.12,1.12,1.09,1.1,1277229
2023-11-12 00:00:00+05:30,1.1,1.1,1.05,1.05,3664039
2023-11-13 00:00:00+05:30,1.0,1.06,1.0,1.0,4456799
2023-11-15 00:00:00+05:30,1.05,1.05,1.0,1.05,12215129
2023-11-16 00:00:00+05:30,1.09,1.1,1.05,1.1,3460299
2023-11-17 00:00:00+05:30,1.14,1.14,1.1,1.12,2167549
2023-11-20 00:00:00+05:30,1.12,1.16,1.1,1.1,1379339
2023-11-21 00:00:00+05:30,1.1,1.12,1.08,1.09,804679
2023-11-22 00:00:00+05:30,1.1,1.1,1.05,1.08,1113659
2023-11-23 00:00:00+05:30,1.11,1.11,1.05,1.06,982169
2023-11-24 00:00:00+05:30,1.07,1.1,1.07,1.08,753609
2023-11-28 00:00:00+05:30,1.1,1.11,1.06,1.08,2739959
2023-11-29 00:00:00+05:30,1.08,1.11,1.06,1.07,828659
2023-11-30 00:00:00+05:30,1.08,1.1,1.06,1.07,1226159
2023-12-01 00:00:00+05:30,1.12,1.12,1.09,1.1,10894799
2023-12-04 00:00:00+05:30,1.14,1.15,1.12,1.15,15513129
2023-12-05 00:00:00+05:30,1.18,1.18,1.11,1.14,4648649
2023-12-06 00:00:00+05:30,1.15,1.17,1.13,1.15,4502249
2023-12-07 00:00:00+05:30,1.18,1.19,1.1,1.12,7085009
2023-12-08 00:00:00+05:30,1.13,1.13,1.1,1.12,4946959
2023-12-11 00:00:00+05:30,1.16,1.16,1.12,1.14,7010439
2023-12-12 00:00:00+05:30,1.17,1.2,1.15,1.17,11302699
2023-12-13 00:00:00+05:30,1.2,1.22,1.14,1.15,25399169
2023-12-14 00:00:00+05:30,1.15,1.2,1.15,1.2,12678480
2024-02-05 00:00:00+05:30,1.2,1.2,1.2,1.2,4046284
2024-02-06 00:00:00+05:30,1.2,1.2,1.2,1.2,2655646
2024-02-07 00:00:00+05:30,1.2,1.25,1.2,1.2,6795145
2024-02-08 00:00:00+05:30,1.25,1.25,1.2,1.25,2261765
2024-02-09 00:00:00+05:30,1.2,1.25,1.2,1.2,2024731
2024-02-12 00:00:00+05:30,1.25,1.25,1.2,1.25,6646410
2024-02-13 00:00:00+05:30,1.3,1.3,1.25,1.3,7501916
2024-02-14 00:00:00+05:30,1.35,1.35,1.3,1.35,6890370
2024-02-15 00:00:00+05:30,1.4,1.4,1.4,1.4,1150762
2024-02-16 00:00:00+05:30,1.45,1.45,1.45,1.45,820114
2024-02-19 00:00:00+05:30,1.5,1.5,1.45,1.5,19379078
2024-02-20 00:00:00+05:30,1.55,1.55,1.5,1.55,16868197
2024-02-21 00:00:00+05:30,1.5,1.5,1.5,1.5,5017080
2024-02-22 00:00:00+05:30,1.45,1.45,1.45,1.45,3067564
2024-02-23 00:00:00+05:30,1.4,1.4,1.4,1.4,3750991
2024-02-26 00:00:00+05:30,1.4,1.4,1.35,1.35,2558132
2024-02-27 00:00:00+05:30,1.35,1.4,1.35,1.4,2862323
2024-02-28 00:00:00+05:30,1.4,1.4,1.4,1.4,2182878
2024-02-29 00:00:00+05:30,1.4,1.4,1.35,1.35,842378
2024-03-01 00:00:00+05:30,1.35,1.35,1.35,1.35,1257261
2024-03-02 00:00:00+05:30,1.35,1.35,1.35,1.35,40189
2024-03-04 00:00:00+05:30,1.35,1.35,1.3,1.3,1162195
2024-03-05 00:00:00+05:30,1.3,1.3,1.25,1.25,884642
2024-03-06 00:00:00+05:30,1.2,1.2,1.2,1.2,921578
2024-03-07 00:00:00+05:30,1.2,1.25,1.2,1.25,1018013
2024-03-11 00:00:00+05:30,1.25,1.25,1.2,1.2,945361
2024-03-12 00:00:00+05:30,1.15,1.2,1.15,1.2,994034
2024-03-13 00:00:00+05:30,1.15,1.15,1.15,1.15,547385
2024-03-14 00:00:00+05:30,1.1,1.15,1.1,1.15,1703447
2024-03-15 00:00:00+05:30,1.15,1.15,1.1,1.1,1100631
2024-03-18 00:00:00+05:30,1.1,1.1,1.05,1.1,1070956
2024-03-19 00:00:00+05:30,1.1,1.15,1.1,1.15,606771
2024-03-20 00:00:00+05:30,1.15,1.15,1.1,1.15,681656
2024-03-21 00:00:00+05:30,1.15,1.2,1.15,1.15,803938
2024-03-22 00:00:00+05:30,1.15,1.15,1.15,1.15,1385481
2024-03-26 00:00:00+05:30,1.2,1.2,1.2,1.2,1428020
2024-03-27 00:00:00+05:30,1.25,1.25,1.25,1.25,1620237
2024-03-28 00:00:00+05:30,1.3,1.3,1.25,1.3,1877535
2024-04-01 00:00:00+05:30,1.3,1.35,1.3,1.35,3345218
2024-04-02 00:00:00+05:30,1.35,1.35,1.3,1.3,2954322
2024-04-03 00:00:00+05:30,1.35,1.35,1.25,1.3,2629009
2024-04-04 00:00:00+05:30,1.3,1.3,1.25,1.25,2599354
2024-04-05 00:00:00+05:30,1.2,1.25,1.2,1.25,2812461
2024-04-08 00:00:00+05:30,1.25,1.3,1.2,1.2,2637894
2024-04-09 00:00:00+05:30,1.25,1.25,1.2,1.2,2895342
2024-04-10 00:00:00+05:30,1.2,1.25,1.15,1.2,1739016
2024-04-12 00:00:00+05:30,1.25,1.25,1.25,1.25,1692139
2024-04-15 00:00:00+05:30,1.3,1.3,1.3,1.3,6482867
2024-04-16 00:00:00+05:30,1.35,1.35,1.35,1.35,3649039
2024-04-18 00:00:00+05:30,1.4,1.4,1.35,1.4,14896296
2024-04-19 00:00:00+05:30,1.35,1.4,1.35,1.35,4494226
2024-04-22 00:00:00+05:30,1.3,1.3,1.3,1.3,1590154
2024-04-23 00:00:00+05:30,1.3,1.3,1.25,1.3,1152032
2024-04-24 00:00:00+05:30,1.3,1.3,1.25,1.25,1896390
2024-04-25 00:00:00+05:30,1.25,1.25,1.2,1.2,1574211
2024-04-26 00:00:00+05:30,1.25,1.25,1.2,1.2,1994022
2024-04-29 00:00:00+05:30,1.2,1.25,1.2,1.25,571835
2024-04-30 00:00:00+05:30,1.25,1.25,1.2,1.2,950388
2024-05-02 00:00:00+05:30,1.2,1.2,1.2,1.2,956099
2024-05-03 00:00:00+05:30,1.15,1.2,1.15,1.2,1107280
2024-05-06 00:00:00+05:30,1.2,1.2,1.15,1.15,2123948
2024-05-07 00:00:00+05:30,1.15,1.15,1.1,1.1,808933
2024-05-08 00:00:00+05:30,1.1,1.15,1.1,1.15,715641
2024-05-09 00:00:00+05:30,1.2,1.2,1.15,1.15,1282426
2024-05-10 00:00:00+05:30,1.15,1.15,1.1,1.15,448774
2024-05-13 00:00:00+05:30,1.15,1.15,1.1,1.1,515009
2024-05-14 00:00:00+05:30,1.15,1.15,1.1,1.15,955297
2024-05-15 00:00:00+05:30,1.15,1.2,1.15,1.15,312764
2024-05-16 00:00:00+05:30,1.15,1.2,1.15,1.15,527254
2024-05-17 00:00:00+05:30,1.15,1.2,1.15,1.2,666110
2024-05-18 00:00:00+05:30,1.2,1.2,1.2,1.2,99820
2024-05-21 00:00:00+05:30,1.2,1.2,1.15,1.2,1838412
2024-05-22 00:00:00+05:30,1.15,1.15,1.15,1.15,1510352
2024-05-23 00:00:00+05:30,1.1,1.15,1.1,1.15,1065630
2024-05-24 00:00:00+05:30,1.2,1.2,1.15,1.2,1190923
2024-05-27 00:00:00+05:30,1.25,1.25,1.15,1.2,3244141
2024-05-28 00:00:00+05:30,1.15,1.2,1.15,1.15,3023024
2024-05-29 00:00:00+05:30,1.15,1.15,1.1,1.15,1485636
2024-05-30 00:00:00+05:30,1.15,1.15,1.1,1.1,1713563
2024-05-31 00:00:00+05:30,1.1,1.15,1.1,1.15,1196221
2024-06-03 00:00:00+05:30,1.15,1.2,1.1,1.15,3710119
2024-06-04 00:00:00+05:30,1.15,1.15,1.1,1.1,2729401
2024-06-05 00:00:00+05:30,1.1,1.1,1.05,1.05,2670888
2024-06-06 00:00:00+05:30,1.05,1.1,1.05,1.1,1568563
2024-06-07 00:00:00+05:30,1.1,1.15,1.05,1.1,3134960
2024-06-10 00:00:00+05:30,1.14,1.15,1.12,1.15,3175740
2024-06-11 00:00:00+05:30,1.19,1.2,1.09,1.12,10866247
2024-06-12 00:00:00+05:30,1.13,1.16,1.11,1.13,3608872
2024-06-13 00:00:00+05:30,1.14,1.18,1.14,1.18,5032326
2024-06-14 00:00:00+05:30,1.19,1.2,1.14,1.16,5714888
2024-06-18 00:00:00+05:30,1.18,1.21,1.16,1.19,11696162
2024-06-19 00:00:00+05:30,1.19,1.2,1.14,1.17,6407380
2024-06-20 00:00:00+05:30,1.18,1.22,1.16,1.2,4663581
2024-06-21 00:00:00+05:30,1.22,1.26,1.22,1.26,4219316
2024-06-24 00:00:00+05:30,1.3,1.32,1.3,1.32,3042955
2024-06-25 00:00:00+05:30,1.38,1.38,1.38,1.38,995204
2024-06-26 00:00:00+05:30,1.44,1.44,1.38,1.44,18226455
2024-06-27 00:00:00+05:30,1.47,1.51,1.47,1.51,7824290
2024-06-28 00:00:00+05:30,1.58,1.58,1.43,1.5,50667333
2024-07-01 00:00:00+05:30,1.5,1.5,1.42,1.42,11256408
2024-07-02 00:00:00+05:30,1.36,1.4,1.34,1.34,15190392
2024-07-03 00:00:00+05:30,1.31,1.4,1.3,1.39,18673231
2024-07-04 00:00:00+05:30,1.45,1.45,1.43,1.45,5759061
2024-07-05 00:00:00+05:30,1.5,1.52,1.48,1.52,7028112
2024-07-08 00:00:00+05:30,1.57,1.59,1.57,1.59,3936275
2024-07-09 00:00:00+05:30,1.66,1.66,1.66,1.66,3008753
2024-07-10 00:00:00+05:30,1.74,1.74,1.57,1.7,40211007
2024-07-11 00:00:00+05:30,1.73,1.78,1.68,1.78,15498727
2024-07-12 00:00:00+05:30,1.86,1.86,1.86,1.86,2632755
2024-07-15 00:00:00+05:30,1.8,1.86,1.76,1.79,24522255
2024-07-16 00:00:00+05:30,1.78,1.8,1.7,1.7,6034038
2024-07-18 00:00:00+05:30,1.64,1.78,1.61,1.61,7413984
2024-07-19 00:00:00+05:30,1.59,1.59,1.52,1.52,2323155
2024-07-22 00:00:00+05:30,1.44,1.59,1.44,1.56,6860433
2024-07-23 00:00:00+05:30,1.59,1.63,1.48,1.62,4401089
2024-07-24 00:00:00+05:30,1.69,1.7,1.63,1.69,6106506
2024-07-25 00:00:00+05:30,1.72,1.75,1.6,1.65,2968636
2024-07-26 00:00:00+05:30,1.6,1.7,1.58,1.67,4039431
2024-07-29 00:00:00+05:30,1.7,1.7,1.61,1.64,2857315
2024-07-30 00:00:00+05:30,1.65,1.67,1.58,1.64,2792755
2024-07-31 00:00:00+05:30,1.67,1.67,1.59,1.61,1563501
2024-08-01 00:00:00+05:30,1.64,1.64,1.57,1.58,1728257
2024-08-02 00:00:00+05:30,1.52,1.59,1.51,1.54,1958427
2024-08-05 00:00:00+05:30,1.5,1.5,1.46,1.46,2715268
2024-08-06 00:00:00+05:30,1.46,1.47,1.38,1.39,1971833
2024-08-07 00:00:00+05:30,1.35,1.45,1.35,1.44,1765595
2024-08-08 00:00:00+05:30,1.45,1.51,1.4,1.5,2432727
2024-08-09 00:00:00+05:30,1.55,1.55,1.45,1.51,2753464
2024-08-12 00:00:00+05:30,1.56,1.56,1.46,1.53,3578258
2024-08-13 00:00:00+05:30,1.56,1.56,1.45,1.46,3825424
2024-08-14 00:00:00+05:30,1.47,1.48,1.38,1.41,2313966
2024-08-16 00:00:00+05:30,1.44,1.47,1.38,1.39,1977409
2024-08-19 00:00:00+05:30,1.42,1.45,1.4,1.44,2564149
2024-08-20 00:00:00+05:30,1.49,1.49,1.4,1.41,2613999
2024-08-21 00:00:00+05:30,1.44,1.48,1.43,1.48,2122606
2024-08-22 00:00:00+05:30,1.55,1.55,1.55,1.55,1703300
2024-08-23 00:00:00+05:30,1.62,1.62,1.52,1.55,16915066
2024-08-26 00:00:00+05:30,1.59,1.62,1.52,1.55,7646201
2024-08-27 00:00:00+05:30,1.58,1.61,1.56,1.58,3734574
2024-08-28 00:00:00+05:30,1.62,1.64,1.57,1.62,3253284
2024-08-29 00:00:00+05:30,1.65,1.67,1.6,1.62,3501784
2024-08-30 00:00:00+05:30,1.65,1.66,1.57,1.58,2652773
2024-09-02 00:00:00+05:30,1.58,1.6,1.5,1.52,3316209
2024-09-03 00:00:00+05:30,1.55,1.55,1.44,1.47,4063790
2024-09-04 00:00:00+05:30,1.45,1.54,1.41,1.54,1920723
2024-09-05 00:00:00+05:30,1.57,1.59,1.53,1.56,2444848
2024-09-06 00:00:00+05:30,1.58,1.58,1.49,1.52,2202332
2024-09-09 00:00:00+05:30,1.5,1.51,1.44,1.45,2638243
2024-09-10 00:00:00+05:30,1.39,1.46,1.39,1.43,2361938
2024-09-11 00:00:00+05:30,1.44,1.5,1.41,1.49,2035460
2024-09-12 00:00:00+05:30,1.53,1.53,1.46,1.5,2698416
2024-09-13 00:00:00+05:30,1.53,1.53,1.48,1.51,2001934
2024-09-16 00:00:00+05:30,1.54,1.56,1.48,1.5,2509111
2024-09-17 00:00:00+05:30,1.5,1.51,1.47,1.48,1019033
2024-09-18 00:00:00+05:30,1.51,1.51,1.42,1.43,1793328
2024-09-19 00:00:00+05:30,1.46,1.49,1.4,1.43,1993867
2024-09-20 00:00:00+05:30,1.47,1.49,1.43,1.46,1673894
2024-09-23 00:00:00+05:30,1.49,1.49,1.44,1.45,2521260
2024-09-24 00:00:00+05:30,1.43,1.47,1.43,1.44,1923155
2024-09-25 00:00:00+05:30,1.45,1.46,1.42,1.43,2042979
2024-09-26 00:00:00+05:30,1.45,1.45,1.41,1.41,1464080
2024-09-27 00:00:00+05:30,1.4,1.43,1.33,1.35,5126688
2024-09-30 00:00:00+05:30,1.35,1.35,1.31,1.32,1825526
2024-10-01 00:00:00+05:30,1.32,1.38,1.3,1.38,1702425
2024-10-03 00:00:00+05:30,1.38,1.4,1.34,1.35,1889827
2024-10-04 00:00:00+05:30,1.35,1.37,1.29,1.32,2876632
2024-10-07 00:00:00+05:30,1.32,1.36,1.26,1.3,3685733
2024-10-08 00:00:00+05:30,1.27,1.35,1.25,1.34,1119629
2024-10-09 00:00:00+05:30,1.35,1.36,1.31,1.32,1098745
2024-10-10 00:00:00+05:30,1.34,1.34,1.3,1.31,862245
2024-10-11 00:00:00+05:30,1.32,1.32,1.29,1.29,1102715
2024-10-14 00:00:00+05:30,1.31,1.35,1.26,1.35,2223336
2024-10-15 00:00:00+05:30,1.4,1.41,1.39,1.41,1675724
2024-10-16 00:00:00+05:30,1.48,1.48,1.34,1.36,5109397
2024-10-17 00:00:00+05:30,1.38,1.4,1.34,1.36,4206555
2024-10-18 00:00:00+05:30,1.4,1.4,1.34,1.35,2963100
2024-10-21 00:00:00+05:30,1.38,1.41,1.31,1.39,3709729
2024-10-22 00:00:00+05:30,1.4,1.4,1.32,1.32,2326465
2024-10-23 00:00:00+05:30,1.3,1.31,1.27,1.28,2229459
2024-10-24 00:00:00+05:30,1.29,1.3,1.26,1.27,1649177
2024-10-25 00:00:00+05:30,1.27,1.28,1.2,1.24,2826052
2024-10-28 00:00:00+05:30,1.25,1.3,1.24,1.25,2188987
2024-10-29 00:00:00+05:30,1.27,1.28,1.23,1.25,1547009
2024-10-30 00:00:00+05:30,1.27,1.31,1.26,1.31,1218246
2024-10-31 00:00:00+05:30,1.35,1.36,1.28,1.31,3426725
2024-11-01 00:00:00+05:30,1.35,1.37,1.34,1.37,1077082
2024-11-04 00:00:00+05:30,1.41,1.42,1.36,1.4,3901155
2024-11-05 00:00:00+05:30,1.41,1.47,1.4,1.42,5383480
2024-11-06 00:00:00+05:30,1.44,1.46,1.41,1.45,2947505
2024-11-07 00:00:00+05:30,1.47,1.52,1.45,1.51,6976150
2024-11-08 00:00:00+05:30,1.54,1.56,1.43,1.43,4768674
2024-11-11 00:00:00+05:30,1.45,1.47,1.36,1.37,3802697
2024-11-12 00:00:00+05:30,1.39,1.43,1.38,1.4,3616597
2024-11-13 00:00:00+05:30,1.43,1.44,1.35,1.35,3424074
2024-11-14 00:00:00+05:30,1.36,1.4,1.34,1.38,2249064
2024-11-18 00:00:00+05:30,1.4,1.41,1.33,1.36,2464362
2024-11-19 00:00:00+05:30,1.36,1.4,1.36,1.36,1132278
2024-11-21 00:00:00+05:30,1.36,1.38,1.32,1.32,3075844
2024-11-22 00:00:00+05:30,1.34,1.34,1.31,1.32,1646662
2024-11-25 00:00:00+05:30,1.34,1.35,1.31,1.31,1665118
2024-11-26 00:00:00+05:30,1.32,1.34,1.31,1.32,1468819
2024-11-27 00:00:00+05:30,1.35,1.37,1.31,1.32,1974617
2024-11-28 00:00:00+05:30,1.34,1.34,1.31,1.32,1215367
2024-11-29 00:00:00+05:30,1.34,1.34,1.3,1.31,1700731
2024-12-02 00:00:00+05:30,1.31,1.34,1.28,1.32,3081453
2024-12-03 00:00:00+05:30,1.33,1.38,1.32,1.38,4203287
2024-12-04 00:00:00+05:30,1.42,1.43,1.37,1.41,4491186
2024-12-05 00:00:00+05:30,1.45,1.48,1.42,1.48,3514110
2024-12-06 00:00:00+05:30,1.62,1.62,1.52,1.62,21336512
2024-12-09 00:00:00+05:30,1.78,1.78,1.72,1.78,9491854
2024-12-10 00:00:00+05:30,1.89,1.95,1.86,1.95,42970550
2024-12-11 00:00:00+05:30,2.04,2.04,2.04,2.04,2167887
2024-12-12 00:00:00+05:30,2.14,2.14,2.14,2.14,3380966
2024-12-13 00:00:00+05:30,2.24,2.24,2.03,2.24,32584688
2024-12-16 00:00:00+05:30,2.24,2.35,2.15,2.35,43073651
2024-12-17 00:00:00+05:30,2.37,2.46,2.37,2.45,37029082
2024-12-18 00:00:00+05:30,2.51,2.57,2.5,2.56,13744686
2024-12-19 00:00:00+05:30,2.6,2.68,2.6,2.67,20780014
2024-12-20 00:00:00+05:30,2.7,2.79,2.58,2.61,31775520
2024-12-23 00:00:00+05:30,2.7,2.71,2.47,2.47,11987511
2024-12-24 00:00:00+05:30,2.34,2.34,2.34,2.34,885874
2024-12-26 00:00:00+05:30,2.22,2.22,2.22,2.22,682845
2024-12-27 00:00:00+05:30,2.1,2.33,2.1,2.32,39211290
2024-12-30 00:00:00+05:30,2.37,2.43,2.37,2.43,5742378
2024-12-31 00:00:00+05:30,2.55,2.55,2.52,2.54,11752155
2025-01-01 00:00:00+05:30,2.61,2.66,2.6,2.65,10205775
2025-01-02 00:00:00+05:30,2.65,2.69,2.51,2.56,8947162
2025-01-03 00:00:00+05:30,2.45,2.56,2.43,2.52,4226295
2025-01-06 00:00:00+05:30,2.46,2.46,2.46,2.46,467134
2025-01-07 00:00:00+05:30,2.41,2.41,2.41,2.41,372214
2025-01-08 00:00:00+05:30,2.36,2.36,2.36,2.36,369227
2025-01-09 00:00:00+05:30,2.31,2.31,2.31,2.31,237142
2025-01-10 00:00:00+05:30,2.26,2.26,2.26,2.26,376291
2025-01-13 00:00:00+05:30,2.21,2.21,2.21,2.21,192603
2025-01-14 00:00:00+05:30,2.16,2.16,2.16,2.16,173867
2025-01-15 00:00:00+05:30,2.11,2.11,2.11,2.11,765777
2025-01-16 00:00:00+05:30,2.06,2.08,2.06,2.06,4393200
2025-01-17 00:00:00+05:30,2.01,2.01,2.01,2.01,831937
2025-01-20 00:00:00+05:30,1.98,2.05,1.96,2.05,4486412
2025-01-21 00:00:00+05:30,2.03,2.03,2.0,2.0,1149915
2025-01-22 00:00:00+05:30,1.96,1.96,1.96,1.96,322379
2025-01-23 00:00:00+05:30,1.92,1.92,1.92,1.92,314949
2025-01-24 00:00:00+05:30,1.88,1.88,1.88,1.88,342009
2025-01-27 00:00:00+05:30,1.84,1.84,1.84,1.84,169297
2025-01-28 00:00:00+05:30,1.8,1.8,1.8,1.8,130838
2025-01-29 00:00:00+05:30,1.76,1.76,1.76,1.76,398686
2025-01-30 00:00:00+05:30,1.74,1.74,1.72,1.72,764037
2025-01-31 00:00:00+05:30,1.68,1.68,1.68,1.68,417910
2025-02-01 00:00:00+05:30,1.64,1.64,1.64,1.64,353560
2025-02-03 00:00:00+05:30,1.6,1.6,1.6,1.6,390725
2025-02-04 00:00:00+05:30,1.63,1.63,1.63,1.63,3369896
2025-02-05 00:00:00+05:30,1.66,1.66,1.66,1.66,892779
2025-02-06 00:00:00+05:30,1.69,1.69,1.69,1.69,743806
2025-02-07 00:00:00+05:30,1.72,1.72,1.72,1.72,427114
2025-02-10 00:00:00+05:30,1.72,1.8,1.63,1.75,3982602
2025-02-11 00:00:00+05:30,1.74,1.74,1.66,1.66,2053036
2025-02-12 00:00:00+05:30,1.63,1.71,1.57,1.62,2935980
2025-02-13 00:00:00+05:30,1.6,1.65,1.54,1.56,959807
2025-02-14 00:00:00+05:30,1.56,1.56,1.48,1.48,1606336
2025-02-17 00:00:00+05:30,1.43,1.43,1.4,1.4,1483077
2025-02-18 00:00:00+05:30,1.35,1.38,1.33,1.33,1587698
2025-02-19 00:00:00+05:30,1.32,1.39,1.27,1.39,1744877
2025-02-20 00:00:00+05:30,1.43,1.45,1.43,1.45,625898
2025-02-21 00:00:00+05:30,1.52,1.52,1.44,1.46,2260245
2025-02-24 00:00:00+05:30,1.47,1.47,1.38,1.38,1470396
2025-02-25 00:00:00+05:30,1.41,1.44,1.38,1.44,793501
2025-02-27 00:00:00+05:30,1.44,1.51,1.4,1.49,1961359
2025-02-28 00:00:00+05:30,1.49,1.56,1.41,1.5,2461493
2025-03-03 00:00:00+05:30,1.5,1.54,1.42,1.43,3186503
2025-03-04 00:00:00+05:30,1.41,1.48,1.35,1.36,2691762
2025-03-05 00:00:00+05:30,1.35,1.42,1.31,1.41,1729993
2025-03-06 00:00:00+05:30,1.45,1.48,1.4,1.46,1702630
2025-03-07 00:00:00+05:30,1.48,1.48,1.41,1.45,892941
2025-03-10 00:00:00+05:30,1.47,1.48,1.39,1.41,914007
2025-03-11 00:00:00+05:30,1.39,1.41,1.33,1.33,1844903
2025-03-12 00:00:00+05:30,1.3,1.37,1.3,1.34,573754
2025-03-13 00:00:00+05:30,1.38,1.38,1.31,1.33,623278
2025-03-17 00:00:00+05:30,1.34,1.39,1.26,1.3,1698519
2025-03-18 00:00:00+05:30,1.29,1.34,1.26,1.28,1910405
2025-03-19 00:00:00+05:30,1.28,1.31,1.26,1.28,1421453
2025-03-20 00:00:00+05:30,1.28,1.32,1.27,1.29,1368560
2025-03-21 00:00:00+05:30,1.29,1.32,1.26,1.29,715751
2025-03-24 00:00:00+05:30,1.31,1.31,1.28,1.28,3708557
2025-03-25 00:00:00+05:30,1.3,1.31,1.22,1.24,1616452
2025-03-26 00:00:00+05:30,1.24,1.27,1.2,1.21,1587529
2025-03-27 00:00:00+05:30,1.22,1.25,1.14,1.16,2594624
2025-03-28 00:00:00+05:30,1.15,1.17,1.1,1.11,2468213
2025-04-01 00:00:00+05:30,1.12,1.16,1.11,1.16,655089
2025-04-02 00:00:00+05:30,1.21,1.21,1.21,1.21,214522
2025-04-03 00:00:00+05:30,1.27,1.27,1.27,1.27,239386
2025-04-04 00:00:00+05:30,1.33,1.33,1.2,1.21,2829675
2025-04-07 00:00:00+05:30,1.14,1.27,1.14,1.27,2464238
2025-04-08 00:00:00+05:30,1.29,1.33,1.25,1.33,1583633
2025-04-09 00:00:00+05:30,1.33,1.35,1.29,1.33,598930
2025-04-11 00:00:00+05:30,1.35,1.38,1.32,1.35,687497
2025-04-15 00:00:00+05:30,1.35,1.38,1.32,1.34,1556900
2025-04-16 00:00:00+05:30,1.35,1.36,1.31,1.31,1633950
2025-04-17 00:00:00+05:30,1.33,1.33,1.29,1.3,869868
2025-04-21 00:00:00+05:30,1.27,1.3,1.23,1.23,4337156
2025-04-22 00:00:00+05:30,1.21,1.23,1.16,1.16,6007885
2025-04-23 00:00:00+05:30,1.18,1.21,1.1,1.1,13057893
2025-04-24 00:00:00+05:30,1.11,1.13,1.04,1.04,18783361
2025-04-25 00:00:00+05:30,1.01,1.01,0.98,0.98,6574793
2025-04-28 00:00:00+05:30,0.94,0.98,0.93,0.93,10433837
2025-04-29 00:00:00+05:30,0.91,0.97,0.88,0.88,17337014
2025-04-30 00:00:00+05:30,0.88,0.9,0.83,0.83,10066399
2025-05-02 00:00:00+05:30,0.83,0.83,0.78,0.78,10568560
2025-05-05 00:00:00+05:30,0.76,0.77,0.74,0.74,10589161
2025-05-06 00:00:00+05:30,0.71,0.73,0.7,0.7,11064718
2025-05-07 00:00:00+05:30,0.68,0.71,0.66,0.66,9768819
2025-05-08 00:00:00+05:30,0.63,0.69,0.62,0.65,12261092
2025-05-09 00:00:00+05:30,0.68,0.68,0.63,0.67,16650837
2025-05-12 00:00:00+05:30,0.66,0.7,0.66,0.69,4520007
2025-05-13 00:00:00+05:30,0.72,0.72,0.7,0.71,5298110
2025-05-14 00:00:00+05:30,0.72,0.74,0.72,0.73,9443946
2025-05-15 00:00:00+05:30,0.75,0.76,0.74,0.75,8177299
2025-05-16 00:00:00+05:30,0.78,0.78,0.77,0.77,8837256
2025-05-19 00:00:00+05:30,0.8,0.8,0.78,0.8,4155343
2025-05-20 00:00:00+05:30,0.84,0.84,0.82,0.84,1068990
2025-05-21 00:00:00+05:30,0.82,0.82,0.82,0.82,2029895
2025-05-22 00:00:00+05:30,0.8,0.8,0.8,0.8,744286
2025-05-23 00:00:00+05:30,0.78,0.78,0.78,0.78,787097
2025-05-26 00:00:00+05:30,0.77,0.77,0.76,0.76,2204348
2025-05-27 00:00:00+05:30,0.74,0.74,0.74,0.74,1441362
2025-05-28 00:00:00+05:30,0.72,0.72,0.72,0.72,1102181
2025-05-29 00:00:00+05:30,0.7,0.7,0.7,0.7,2067188
2025-05-30 00:00:00+05:30,0.7,0.71,0.7,0.71,870928
2025-06-02 00:00:00+05:30,0.71,0.72,0.71,0.72,1094443
2025-06-03 00:00:00+05:30,0.73,0.73,0.73,0.73,525886
2025-06-04 00:00:00+05:30,0.74,0.74,0.74,0.74,1636121
2025-06-05 00:00:00+05:30,0.75,0.75,0.73,0.73,1266227
2025-06-06 00:00:00+05:30,0.73,0.73,0.72,0.72,935582
2025-06-09 00:00:00+05:30,0.71,0.71,0.71,0.71,1274343
2025-06-10 00:00:00+05:30,0.71,0.71,0.71,0.71,809844
2025-06-11 00:00:00+05:30,0.71,0.72,0.71,0.72,1146931
2025-06-12 00:00:00+05:30,0.73,0.73,0.73,0.73,488259
2025-06-13 00:00:00+05:30,0.72,0.74,0.72,0.74,1015382
2025-06-16 00:00:00+05:30,0.74,0.75,0.73,0.75,947826
2025-06-17 00:00:00+05:30,0.76,0.76,0.76,0.76,810153
2025-06-18 00:00:00+05:30,0.77,0.77,0.77,0.77,1214620
2025-06-19 00:00:00+05:30,0.77,0.78,0.75,0.75,1128719
2025-06-20 00:00:00+05:30,0.75,0.75,0.75,0.75,482761
2025-06-23 00:00:00+05:30,0.75,0.75,0.73,0.75,602791
2025-06-24 00:00:00+05:30,0.75,0.76,0.75,0.76,824414
2025-06-25 00:00:00+05:30,0.76,0.77,0.75,0.75,2818648
2025-06-26 00:00:00+05:30,0.75,0.76,0.75,0.76,1026351
2025-06-27 00:00:00+05:30,0.75,0.76,0.75,0.76,1024836
2025-06-30 00:00:00+05:30,0.76,0.77,0.74,0.75,1683069
2025-07-01 00:00:00+05:30,0.75,0.75,0.72,0.73,1552594
2025-07-02 00:00:00+05:30,0.74,0.75,0.72,0.73,1521733
2025-07-03 00:00:00+05:30,0.73,0.75,0.73,0.74,1063701
2025-07-04 00:00:00+05:30,0.73,0.77,0.72,0.76,5044171
2025-07-07 00:00:00+05:30,0.79,0.79,0.78,0.79,5680502
2025-07-08 00:00:00+05:30,0.8,0.82,0.77,0.81,4861320
2025-07-09 00:00:00+05:30,0.85,0.85,0.82,0.85,2152994
2025-07-10 00:00:00+05:30,0.89,0.89,0.89,0.89,562335
2025-07-11 00:00:00+05:30,0.9,0.9,0.9,0.9,4068603
2025-07-14 00:00:00+05:30,0.91,0.91,0.91,0.91,555812
2025-07-15 00:00:00+05:30,0.92,0.92,0.92,0.92,771478
2025-07-16 00:00:00+05:30,0.93,0.93,0.93,0.93,4411586
2025-07-17 00:00:00+05:30,0.91,0.91,0.91,0.91,1133578
2025-07-18 00:00:00+05:30,0.89,0.89,0.89,0.89,560425
2025-07-21 00:00:00+05:30,0.87,0.87,0.87,0.87,281151
2025-07-22 00:00:00+05:30,0.85,0.85,0.85,0.85,862621
2025-07-23 00:00:00+05:30,0.83,0.83,0.83,0.83,446231
2025-07-24 00:00:00+05:30,0.81,0.81,0.81,0.81,386997
2025-07-25 00:00:00+05:30,0.81,0.81,0.8,0.8,587579
2025-07-28 00:00:00+05:30,0.8,0.8,0.78,0.78,1770454
2025-07-29 00:00:00+05:30,0.76,0.76,0.76,0.76,470418
2025-07-30 00:00:00+05:30,0.76,0.76,0.74,0.75,402730
2025-07-31 00:00:00+05:30,0.74,0.75,0.74,0.75,363134
2025-08-01 00:00:00+05:30,0.75,0.76,0.75,0.76,372066
2025-08-04 00:00:00+05:30,0.77,0.77,0.77,0.77,772785
2025-08-05 00:00:00+05:30,0.77,0.77,0.76,0.76,352827
2025-08-06 00:00:00+05:30,0.76,0.76,0.76,0.76,360147
2025-08-07 00:00:00+05:30,0.76,0.76,0.75,0.75,320056
2025-08-08 00:00:00+05:30,0.74,0.75,0.74,0.75,324634
2025-08-11 00:00:00+05:30,0.73,0.73,0.73,0.73,617427
2025-08-12 00:00:00+05:30,0.73,0.74,0.73,0.74,329563
2025-08-13 00:00:00+05:30,0.73,0.74,0.73,0.74,320792
2025-08-14 00:00:00+05:30,0.75,0.75,0.75,0.75,572300
2025-08-18 00:00:00+05:30,0.78,0.78,0.75,0.77,4098353
2025-08-19 00:00:00+05:30,0.77,0.78,0.75,0.75,1465719
2025-08-20 00:00:00+05:30,0.75,0.76,0.71,0.72,3513635
2025-08-21 00:00:00+05:30,0.72,0.72,0.68,0.7,2396360
2025-08-22 00:00:00+05:30,0.69,0.72,0.67,0.71,1934383
2025-08-25 00:00:00+05:30,0.71,0.72,0.68,0.69,1707163
2025-08-26 00:00:00+05:30,0.7,0.72,0.66,0.71,1954333
2025-08-28 00:00:00+05:30,0.71,0.73,0.7,0.71,1410973
2025-08-29 00:00:00+05:30,0.71,0.74,0.71,0.73,1847417
2025-09-01 00:00:00+05:30,0.74,0.75,0.72,0.72,1652597
2025-09-02 00:00:00+05:30,0.72,0.75,0.72,0.74,2949463
2025-09-03 00:00:00+05:30,0.74,0.76,0.73,0.74,1005657
2025-09-04 00:00:00+05:30,0.74,0.76,0.73,0.74,1419974
2025-09-05 00:00:00+05:30,0.73,0.75,0.72,0.73,1242359
2025-09-08 00:00:00+05:30,0.74,0.76,0.73,0.74,3147309
2025-09-09 00:00:00+05:30,0.74,0.76,0.72,0.73,2900697
2025-09-10 00:00:00+05:30,0.73,0.75,0.72,0.74,2928829
2025-09-11 00:00:00+05:30,0.74,0.75,0.73,0.73,1237128
2025-09-12 00:00:00+05:30,0.73,0.75,0.69,0.71,10196338
2025-09-15 00:00:00+05:30,0.71,0.74,0.7,0.71,2570568
2025-09-16 00:00:00+05:30,0.72,0.73,0.7,0.72,3399736
2025-09-17 00:00:00+05:30,0.73,0.73,0.71,0.72,947912
2025-09-18 00:00:00+05:30,0.72,0.74,0.72,0.73,1681913
2025-09-19 00:00:00+05:30,0.73,0.74,0.72,0.72,1262465
2025-09-22 00:00:00+05:30,0.73,0.74,0.71,0.73,1252601
2025-09-23 00:00:00+05:30,0.73,0.74,0.72,0.72,961126
2025-09-24 00:00:00+05:30,0.72,0.74,0.72,0.72,1062421
2025-09-25 00:00:00+05:30,0.72,0.73,0.69,0.7,2949532
2025-09-26 00:00:00+05:30,0.7,0.72,0.69,0.7,1548899
2025-09-29 00:00:00+05:30,0.69,0.71,0.66,0.66,7573728
2025-09-30 00:00:00+05:30,0.66,0.67,0.65,0.66,1780341
2025-10-01 00:00:00+05:30,0.66,0.67,0.64,0.66,1839589
2025-10-03 00:00:00+05:30,0.66,0.69,0.65,0.67,5397570
2025-10-06 00:00:00+05:30,0.68,0.7,0.67,0.7,985509
2025-10-07 00:00:00+05:30,0.73,0.73,0.7,0.72,3158475
2025-10-08 00:00:00+05:30,0.72,0.72,0.64,0.68,9069134
2025-10-09 00:00:00+05:30,0.68,0.71,0.62,0.64,7747625
2025-10-10 00:00:00+05:30,0.65,0.68,0.64,0.66,3160727
2025-10-13 00:00:00+05:30,0.66,0.68,0.65,0.67,2690459
2025-10-14 00:00:00+05:30,0.67,0.69,0.67,0.68,1285364
2025-10-15 00:00:00+05:30,0.68,0.69,0.66,0.67,1597134
2025-10-16 00:00:00+05:30,0.67,0.68,0.66,0.67,2298328
2025-10-17 00:00:00+05:30,0.67,0.68,0.66,0.66,2002079
2025-10-20 00:00:00+05:30,0.66,0.68,0.66,0.66,1523911
2025-10-21 00:00:00+05:30,0.67,0.68,0.65,0.66,1170038
2025-10-23 00:00:00+05:30,0.67,0.67,0.65,0.66,1356624
2025-10-24 00:00:00+05:30,0.66,0.67,0.65,0.66,1640588
2025-10-27 00:00:00+05:30,0.67,0.67,0.65,0.65,1625037
2025-10-28 00:00:00+05:30,0.66,0.67,0.65,0.66,1472695
2025-10-29 00:00:00+05:30,0.67,0.67,0.66,0.67,1208032
2025-10-30 00:00:00+05:30,0.66,0.67,0.66,0.66,1071339
2025-10-31 00:00:00+05:30,0.67,0.69,0.66,0.66,1716924
2025-11-03 00:00:00+05:30,0.67,0.68,0.66,0.68,1731771
2025-11-04 00:00:00+05:30,0.67,0.67,0.65,0.66,880602
2025-11-06 00:00:00+05:30,0.66,0.67,0.66,0.67,1950154
2025-11-07 00:00:00+05:30,0.66,0.67,0.66,0.66,985191
2025-11-10 00:00:00+05:30,0.67,0.67,0.63,0.64,2873740
2025-11-11 00:00:00+05:30,0.63,0.64,0.61,0.63,3006351
2025-11-12 00:00:00+05:30,0.63,0.68,0.62,0.64,4251321
2025-11-13 00:00:00+05:30,0.64,0.64,0.57,0.58,18385072
2025-11-14 00:00:00+05:30,0.57,0.59,0.56,0.58,2928576
2025-11-17 00:00:00+05:30,0.58,0.6,0.52,0.54,9064731
2025-11-18 00:00:00+05:30,0.54,0.58,0.53,0.57,3180351
2025-11-19 00:00:00+05:30,0.58,0.59,0.54,0.57,3136734
2025-11-20 00:00:00+05:30,0.58,0.59,0.54,0.56,4219811
2025-11-21 00:00:00+05:30,0.54,0.56,0.54,0.54,1887516
2025-11-24 00:00:00+05:30,0.55,0.56,0.53,0.54,2194937
2025-11-25 00:00:00+05:30,0.54,0.56,0.54,0.56,1172385
2025-11-26 00:00:00+05:30,0.55,0.56,0.54,0.54,907462
2025-11-27 00:00:00+05:30,0.54,0.56,0.54,0.55,1291919
2025-11-28 00:00:00+05:30,0.55,0.56,0.53,0.54,2227324
2025-12-01 00:00:00+05:30,0.54,0.55,0.54,0.55,1028826
2025-12-02 00:00:00+05:30,0.54,0.56,0.54,0.55,1819114
2025-12-03 00:00:00+05:30,0.55,0.56,0.54,0.55,924465
2025-12-04 00:00:00+05:30,0.54,0.55,0.53,0.54,1436586
2025-12-05 00:00:00+05:30,0.55,0.58,0.54,0.55,2314516
2025-12-08 00:00:00+05:30,0.55,0.56,0.54,0.54,1158694
2025-12-09 00:00:00+05:30,0.54,0.55,0.54,0.55,571077
2025-12-10 00:00:00+05:30,0.55,0.56,0.54,0.54,974990
2025-12-11 00:00:00+05:30,0.54,0.56,0.54,0.55,614330
2025-12-12 00:00:00+05:30,0.54,0.56,0.54,0.56,1157096
2025-12-15 00:00:00+05:30,0.55,0.57,0.54,0.54,2123570
2025-12-16 00:00:00+05:30,0.54,0.56,0.54,0.54,2104173
2025-12-17 00:00:00+05:30,0.54,0.55,0.54,0.54,696816
2025-12-18 00:00:00+05:30,0.55,0.55,0.54,0.55,955749
2025-12-19 00:00:00+05:30,0.54,0.55,0.52,0.55,1152700
2025-12-22 00:00:00+05:30,0.55,0.63,0.54,0.62,5967948
2025-12-23 00:00:00+05:30,0.66,0.73,0.61,0.72,16289875
2025-12-24 00:00:00+05:30,0.75,0.86,0.75,0.85,35515272
2025-12-26 00:00:00+05:30,0.84,0.84,0.77,0.77,5657895
2025-12-29 00:00:00+05:30,0.71,0.71,0.7,0.7,3269459
2025-12-30 00:00:00+05:30,0.64,0.75,0.63,0.66,18751609
2025-12-31 00:00:00+05:30,0.66,0.66,0.63,0.63,5997697
2026-01-01 00:00:00+05:30,0.62,0.65,0.6,0.63,10490230
2026-01-02 00:00:00+05:30,0.61,0.64,0.61,0.64,3196389
2026-01-05 00:00:00+05:30,0.67,0.67,0.62,0.67,6222485
2026-01-06 00:00:00+05:30,0.68,0.7,0.68,0.7,3327968
2026-01-07 00:00:00+05:30,0.73,0.73,0.67,0.68,9234473
2026-01-08 00:00:00+05:30,0.69,0.69,0.66,0.66,2042730
2026-01-09 00:00:00+05:30,0.66,0.67,0.64,0.64,2343588
2026-01-12 00:00:00+05:30,0.64,0.65,0.62,0.63,2405486
2026-01-13 00:00:00+05:30,0.64,0.65,0.62,0.63,1616719
2026-01-14 00:00:00+05:30,0.64,0.64,0.62,0.62,1797680
2026-01-16 00:00:00+05:30,0.63,0.65,0.63,0.65,1577435
2026-01-19 00:00:00+05:30,0.67,0.68,0.65,0.68,5261414
2026-01-20 00:00:00+05:30,0.71,0.71,0.71,0.71,6553337
2026-01-21 00:00:00+05:30,0.71,0.72,0.68,0.68,5717490
2026-01-22 00:00:00+05:30,0.66,0.7,0.65,0.65,4704279
2026-01-23 00:00:00+05:30,0.66,0.68,0.63,0.63,4525014
2026-01-27 00:00:00+05:30,0.63,0.64,0.6,0.6,4689914
2026-01-28 00:00:00+05:30,0.6,0.62,0.57,0.61,5144268
2026-01-29 00:00:00+05:30,0.61,0.62,0.59,0.6,2904119
2026-01-30 00:00:00+05:30,0.6,0.61,0.59,0.59,1558072
2026-02-01 00:00:00+05:30,0.6,0.61,0.6,0.61,1134556
2026-02-02 00:00:00+05:30,0.62,0.63,0.6,0.6,1976863
2026-02-03 00:00:00+05:30,0.6,0.63,0.6,0.62,2054872
2026-02-04 00:00:00+05:30,0.63,0.64,0.61,0.62,1338562
2026-02-05 00:00:00+05:30,0.64,0.64,0.61,0.62,1107337
2026-02-06 00:00:00+05:30,0.63,0.63,0.61,0.61,763326
2026-02-09 00:00:00+05:30,0.62,0.63,0.6,0.61,2088340
2026-02-10 00:00:00+05:30,0.62,0.62,0.6,0.61,1119220
2026-02-11 00:00:00+05:30,0.61,0.62,0.61,0.61,684510
2026-02-12 00:00:00+05:30,0.62,0.62,0.61,0.61,926089
2026-02-13 00:00:00+05:30,0.61,0.62,0.6,0.6,1445579
2026-02-16 00:00:00+05:30,0.61,0.61,0.59,0.59,933489
2026-02-17 00:00:00+05:30,0.59,0.61,0.59,0.6,1099550
2026-02-18 00:00:00+05:30,0.6,0.6,0.59,0.59,866122
2026-02-19 00:00:00+05:30,0.59,0.6,0.58,0.58,1018724
2026-02-20 00:00:00+05:30,0.58,0.6,0.58,0.59,1144264
2026-02-23 00:00:00+05:30,0.59,0.6,0.57,0.57,1481296
2026-02-24 00:00:00+05:30,0.57,0.59,0.56,0.57,2219549
2026-02-25 00:00:00+05:30,0.57,0.59,0.57,0.58,1872917
2026-02-26 00:00:00+05:30,0.59,0.6,0.58,0.58,1136452
2026-02-27 00:00:00+05:30,0.59,0.6,0.58,0.58,1317642
2026-03-02 00:00:00+05:30,0.57,0.58,0.56,0.56,1081983
2026-03-04 00:00:00+05:30,0.56,0.56,0.54,0.54,1256773
2026-03-05 00:00:00+05:30,0.54,0.56,0.53,0.54,2102167
2026-03-06 00:00:00+05:30,0.54,0.56,0.53,0.55,1262834
2026-03-09 00:00:00+05:30,0.56,0.56,0.53,0.55,1333429
2026-03-10 00:00:00+05:30,0.55,0.56,0.53,0.53,2343587
2026-03-11 00:00:00+05:30,0.53,0.55,0.53,0.53,1322243
2026-03-12 00:00:00+05:30,0.54,0.55,0.52,0.53,2051457
2026-03-13 00:00:00+05:30,0.53,0.54,0.52,0.52,1025186
2026-03-16 00:00:00+05:30,0.52,0.53,0.51,0.51,1990061
2026-03-17 00:00:00+05:30,0.51,0.52,0.5,0.51,946869
2026-03-18 00:00:00+05:30,0.52,0.53,0.5,0.5,2063457
2026-03-19 00:00:00+05:30,0.5,0.51,0.48,0.48,2835228
2026-03-20 00:00:00+05:30,0.49,0.5,0.48,0.49,1767029
2026-03-23 00:00:00+05:30,0.49,0.51,0.47,0.47,3219526
2026-03-24 00:00:00+05:30,0.47,0.48,0.46,0.46,2018131
2026-03-25 00:00:00+05:30,0.47,0.48,0.46,0.48,655527
2026-03-27 00:00:00+05:30,0.49,0.5,0.46,0.46,3714045
2026-03-30 00:00:00+05:30,0.46,0.46,0.44,0.44,2639571
2026-04-01 00:00:00+05:30,0.45,0.46,0.45,0.46,466930
2026-04-02 00:00:00+05:30,0.47,0.48,0.45,0.48,755589
2026-04-06 00:00:00+05:30,0.49,0.5,0.49,0.5,743676
2026-04-07 00:00:00+05:30,0.52,0.52,0.51,0.52,1508145
2026-04-08 00:00:00+05:30,0.54,0.57,0.54,0.56,2015966
2026-04-09 00:00:00+05:30,0.6,0.61,0.57,0.6,2785988
2026-04-10 00:00:00+05:30,0.65,0.65,0.59,0.6,1621322
2026-04-13 00:00:00+05:30,0.61,0.61,0.54,0.56,2577063
2026-04-15 00:00:00+05:30,0.57,0.6,0.57,0.58,1527642
2026-04-16 00:00:00+05:30,0.6,0.61,0.58,0.58,1133015
2026-04-17 00:00:00+05:30,0.59,0.6,0.58,0.58,1438304
2026-04-20 00:00:00+05:30,0.6,0.6,0.58,0.58,1197514
2026-04-21 00:00:00+05:30,0.58,0.59,0.57,0.57,808824
2026-04-22 00:00:00+05:30,0.57,0.59,0.57,0.57,1246770
2026-04-23 00:00:00+05:30,0.59,0.59,0.57,0.58,1224574
2026-04-24 00:00:00+05:30,0.58,0.59,0.57,0.57,579933
2026-04-27 00:00:00+05:30,0.57,0.58,0.57,0.57,441995
2026-04-28 00:00:00+05:30,0.57,0.59,0.57,0.57,1521243
2026-04-29 00:00:00+05:30,0.58,0.58,0.56,0.57,739707
2026-04-30 00:00:00+05:30,0.57,0.57,0.56,0.56,386947
2026-05-04 00:00:00+05:30,0.56,0.61,0.55,0.59,1367487
2026-05-05 00:00:00+05:30,0.58,0.6,0.57,0.57,1033685
2026-05-06 00:00:00+05:30,0.57,0.59,0.57,0.57,582818
2026-05-07 00:00:00+05:30,0.58,0.59,0.57,0.58,1112644
2026-05-08 00:00:00+05:30,0.58,0.59,0.57,0.57,974040
2026-05-11 00:00:00+05:30,0.58,0.58,0.57,0.57,778833
2026-05-12 00:00:00+05:30,0.58,0.58,0.56,0.56,1041583
2026-05-13 00:00:00+05:30,0.56,0.57,0.53,0.54,2107279
2026-05-14 00:00:00+05:30,0.54,0.55,0.52,0.53,1282082
2026-05-15 00:00:00+05:30,0.54,0.57,0.53,0.53,2602572
2026-05-18 00:00:00+05:30,0.53,0.54,0.5,0.5,1427806
2026-05-19 00:00:00+05:30,0.51,0.54,0.49,0.51,3034700
2026-05-20 00:00:00+05:30,0.51,0.53,0.49,0.51,2497147
2026-05-21 00:00:00+05:30,0.52,0.53,0.51,0.51,1040874
2026-05-22 00:00:00+05:30,0.52,0.53,0.52,0.52,600793
2026-05-25 00:00:00+05:30,0.52,0.55,0.52,0.53,1494520
2026-05-26 00:00:00+05:30,0.54,0.54,0.51,0.51,1780734
2026-05-27 00:00:00+05:30,0.51,0.53,0.51,0.52,1147200
2026-05-29 00:00:00+05:30,0.52,0.53,0.51,0.52,1979590
2026-06-01 00:00:00+05:30,0.52,0.52,0.49,0.5,2585638
2026-06-02 00:00:00+05:30,0.51,0.51,0.49,0.5,1660993
2026-06-03 00:00:00+05:30,0.51,0.51,0.49,0.5,638636
2026-06-04 00:00:00+05:30,0.5,0.51,0.49,0.5,869142
2026-06-05 00:00:00+05:30,0.51,0.51,0.5,0.5,809658
2026-06-08 00:00:00+05:30,0.5,0.51,0.49,0.5,1082886
2026-06-09 00:00:00+05:30,0.5,0.51,0.49,0.49,1007504
2026-06-10 00:00:00+05:30,0.5,0.51,0.5,0.5,494785
2026-06-11 00:00:00+05:30,0.51,0.51,0.48,0.49,1173230
2026-06-12 00:00:00+05:30,0.49,0.5,0.48,0.48,1236053
2026-06-15 00:00:00+05:30,0.5,0.5,0.47,0.48,3443126
2026-06-16 00:00:00+05:30,0.48,0.5,0.48,0.49,760821
2026-06-17 00:00:00+05:30,0.49,0.5,0.49,0.49,575244
2026-06-18 00:00:00+05:30,0.5,0.5,0.49,0.49,453824
2026-06-19 00:00:00+05:30,0.49,0.5,0.48,0.49,1277412
2026-06-22 00:00:00+05:30,0.49,0.54,0.48,0.49,1596638
2026-06-23 00:00:00+05:30,0.49,0.51,0.49,0.49,1103148
2026-06-24 00:00:00+05:30,0.5,0.5,0.48,0.49,1039432
2026-06-25 00:00:00+05:30,0.49,0.5,0.48,0.48,862484
2026-06-29 00:00:00+05:30,0.49,0.49,0.48,0.48,530046
2026-06-30 00:00:00+05:30,0.48,0.49,0.48,0.48,783036
2026-07-01 00:00:00+05:30,0.48,0.51,0.48,0.49,2035989
2026-07-02 00:00:00+05:30,0.49,0.5,0.49,0.49,624336
2026-07-03 00:00:00+05:30,0.5,0.5,0.49,0.49,625838
2026-07-06 00:00:00+05:30,0.5,0.5,0.48,0.49,1065108
2026-07-07 00:00:00+05:30,0.5,0.5,0.48,0.48,636839
2026-07-08 00:00:00+05:30,0.49,0.49,0.45,0.46,5107458
2026-07-09 00:00:00+05:30,0.46,0.46,0.45,0.45,1039044
2026-07-10 00:00:00+05:30,0.45,0.46,0.42,0.45,3762568
2026-07-13 00:00:00+05:30,0.45,0.47,0.44,0.45,2119899
2026-07-14 00:00:00+05:30,0.45,0.46,0.44,0.44,766665
2026-07-15 00:00:00+05:30,0.45,0.46,0.44,0.45,1287207
2026-07-16 00:00:00+05:30,0.46,0.46,0.43,0.44,1399694
2026-07-17 00:00:00+05:30,0.44,0.45,0.41,0.42,6052095
2026-07-20 00:00:00+05:30,0.44,0.44,0.42,0.43,935654
2026-07-21 00:00:00+05:30,0.43,0.44,0.42,0.42,1734211
2026-07-22 00:00:00+05:30,0.43,0.43,0.4,0.41,2571185
2026-07-23 00:00:00+05:30,0.42,0.42,0.4,0.41,1534408
2026-07-24 00:00:00+05:30,0.42,0.42,0.4,0.4,697835
2026-07-27 00:00:00+05:30,0.42,0.45,0.41,0.43,1496986
2026-07-28 00:00:00+05:30,0.44,0.45,0.41,0.41,1682534
2026-07-29 00:00:00+05:30,0.43,0.43,0.41,0.41,603816
2026-07-30 00:00:00+05:30,0.42,0.43,0.41,0.42,2313459
2026-07-31 00:00:00+05:30,0.42,0.43,0.41,0.42,618074
2026-08-03 00:00:00+05:30,0.42,0.44,0.42,0.42,1122867
2026-08-04 00:00:00+05:30,0.42,0.43,0.42,0.43,749854
2026-08-05 00:00:00+05:30,0.42,0.43,0.41,0.42,1307551
2026-08-06 00:00:00+05:30,0.43,0.43,0.41,0.42,773717
2026-08-07 00:00:00+05:30,0.42,0.43,0.41,0.41,1507946
2026-08-10 00:00:00+05:30,0.42,0.42,0.41,0.41,1064773
2026-08-11 00:00:00+05:30,0.41,0.42,0.41,0.41,635541
2026-08-12 00:00:00+05:30,0.42,0.42,0.41,0.41,1050624
2026-08-13 00:00:00+05:30,0.41,0.42,0.41,0.41,525963
2026-08-14 00:00:00+05:30,0.42,0.49,0.42,0.49,8857331
2026-08-17 00:00:00+05:30,0.56,0.58,0.54,0.58,5686531
2026-08-18 00:00:00+05:30,0.61,0.63,0.54,0.63,33421785
2026-08-19 00:00:00+05:30,0.65,0.69,0.61,0.69,23488941
2026-08-20 00:00:00+05:30,0.7,0.72,0.67,0.68,10965405
2026-08-21 00:00:00+05:30,0.7,0.7,0.62,0.62,12201971
2026-08-24 00:00:00+05:30,0.62,0.62,0.59,0.59,845203
2026-08-25 00:00:00+05:30,0.57,0.57,0.57,0.57,422628
2026-08-26 00:00:00+05:30,0.55,0.56,0.55,0.55,815145
2026-08-27 00:00:00+05:30,0.53,0.56,0.53,0.54,2511793
2026-08-28 00:00:00+05:30,0.54,0.55,0.52,0.53,1139630
2026-08-31 00:00:00+05:30,0.53,0.55,0.51,0.55,1040886
2026-09-01 00:00:00+05:30,0.56,0.57,0.56,0.57,521780
2026-09-02 00:00:00+05:30,0.59,0.59,0.57,0.57,1294758
2026-09-03 00:00:00+05:30,0.57,0.58,0.55,0.55,1120838
2026-09-04 00:00:00+05:30,0.55,0.56,0.53,0.55,1307895
2026-09-07 00:00:00+05:30,0.55,0.57,0.53,0.53,819959
2026-09-08 00:00:00+05:30,0.53,0.54,0.51,0.51,1238088
2026-09-09 00:00:00+05:30,0.51,0.52,0.49,0.5,1636776
2026-09-10 00:00:00+05:30,0.51,0.51,0.5,0.5,804671
2026-09-11 00:00:00+05:30,0.51,0.51,0.5,0.5,724108
2026-09-15 00:00:00+05:30,0.5,0.52,0.5,0.52,1023050
2026-09-16 00:00:00+05:30,0.52,0.53,0.51,0.52,734097
2026-09-17 00:00:00+05:30,0.52,0.54,0.52,0.53,745748
2026-09-18 00:00:00+05:30,0.55,0.55,0.53,0.55,926974
2026-09-21 00:00:00+05:30,0.55,0.56,0.54,0.55,720985
2026-09-22 00:00:00+05:30,0.54,0.56,0.53,0.53,1127715
2026-09-23 00:00:00+05:30,0.54,0.54,0.51,0.52,1868199
2026-09-24 00:00:00+05:30,0.52,0.53,0.5,0.51,1834710
2026-09-25 00:00:00+05:30,0.51,0.52,0.51,0.51,559741
